t,missing,delta_l1,delta_l1_wrist,delta_angles,delta_base_l1,delta_base_l1_wrist,x0,y0,z0,x1,y1,z1,x2,y2,z2,x3,y3,z3,x4,y4,z4,x5,y5,z5,x6,y6,z6,x7,y7,z7,x8,y8,z8,x9,y9,z9,x10,y10,z10,x11,y11,z11,x12,y12,z12,x13,y13,z13,x14,y14,z14,x15,y15,z15,x16,y16,z16,x17,y17,z17,x18,y18,z18,x19,y19,z19,x20,y20,z20
51,0,,,,0.000000,0.000000,0.165180,0.825848,0.000000,0.238270,0.816239,-0.033813,0.305235,0.767064,-0.046312,0.349072,0.707057,-0.055872,0.386915,0.660109,-0.064361,0.274539,0.619380,-0.018923,0.308452,0.535156,-0.035725,0.323339,0.479947,-0.050975,0.334177,0.431010,-0.062448,0.236312,0.592672,-0.015880,0.262764,0.493989,-0.030128,0.275669,0.431117,-0.045099,0.283545,0.378714,-0.056246,0.197491,0.588682,-0.017314,0.213585,0.495263,-0.032693,0.224463,0.438918,-0.044936,0.233584,0.389787,-0.053307,0.155300,0.601784,-0.022223,0.160680,0.528295,-0.037847,0.165562,0.480592,-0.045472,0.171654,0.435496,-0.049716
85,0,0.039413,0.025640,0.046440,0.039413,0.025640,0.165638,0.824982,0.000000,0.238696,0.815536,-0.033793,0.305337,0.767636,-0.046401,0.349554,0.707728,-0.056026,0.387764,0.660858,-0.064509,0.275376,0.618764,-0.018889,0.309372,0.534662,-0.035447,0.323955,0.479641,-0.050572,0.334405,0.430619,-0.061992,0.237400,0.591883,-0.015813,0.264093,0.493391,-0.029784,0.276625,0.430447,-0.044700,0.284127,0.378444,-0.055839,0.198526,0.587551,-0.017199,0.214723,0.494222,-0.032371,0.225577,0.438209,-0.044653,0.234443,0.389601,-0.053043,0.156459,0.600187,-0.022047,0.161569,0.526341,-0.037452,0.166311,0.478784,-0.044979,0.172339,0.434094,-0.049174
122,0,0.036061,0.047146,0.038616,0.067437,0.067311,0.164978,0.824786,0.000000,0.239310,0.815859,-0.033297,0.306432,0.767085,-0.045352,0.350247,0.707005,-0.054562,0.388185,0.660469,-0.062676,0.275853,0.618374,-0.017838,0.309928,0.534726,-0.034253,0.324715,0.479992,-0.049386,0.335353,0.431245,-0.060811,0.237719,0.591443,-0.014935,0.264713,0.493263,-0.028820,0.277356,0.430426,-0.043696,0.284625,0.378501,-0.054795,0.198777,0.587147,-0.016532,0.214847,0.493862,-0.031595,0.225492,0.437891,-0.043743,0.234183,0.389674,-0.051997,0.156466,0.599737,-0.021568,0.161953,0.526210,-0.036888,0.166866,0.478686,-0.044326,0.172992,0.433997,-0.048453
161,0,0.049798,0.045404,0.057077,0.049446,0.042928,0.165461,0.825666,0.000000,0.238683,0.816038,-0.034284,0.305846,0.768335,-0.046942,0.349881,0.708615,-0.056610,0.388216,0.661689,-0.065111,0.275656,0.618939,-0.018975,0.310489,0.535602,-0.035849,0.325627,0.480951,-0.051192,0.336451,0.432193,-0.062683,0.237635,0.591991,-0.015787,0.264876,0.493745,-0.030057,0.277531,0.431084,-0.045003,0.284998,0.379612,-0.056190,0.198726,0.587709,-0.017200,0.214949,0.494481,-0.032719,0.225667,0.438410,-0.045050,0.234344,0.390276,-0.053434,0.156542,0.600842,-0.022140,0.161938,0.526815,-0.037880,0.166533,0.478751,-0.045611,0.172411,0.433796,-0.049884
196,0,0.044172,0.043551,0.067325,0.079283,0.073982,0.165393,0.825368,0.000000,0.238955,0.816444,-0.033020,0.305878,0.767882,-0.045078,0.350396,0.708049,-0.054356,0.388678,0.661809,-0.062441,0.276170,0.618812,-0.017830,0.310868,0.535081,-0.034025,0.325679,0.480433,-0.048888,0.336298,0.431871,-0.060151,0.238252,0.591915,-0.015038,0.265533,0.493638,-0.028744,0.278064,0.430788,-0.043466,0.285280,0.379127,-0.054496,0.199424,0.587440,-0.016697,0.215497,0.494341,-0.031641,0.226129,0.438539,-0.043770,0.234601,0.390611,-0.052112,0.157066,0.599806,-0.021768,0.162159,0.526077,-0.036993,0.166851,0.478301,-0.044494,0.172708,0.433774,-0.048701
228,0,0.023858,0.027212,0.031721,0.066911,0.071255,0.165013,0.825326,0.000000,0.238890,0.816464,-0.033621,0.305977,0.768202,-0.045755,0.350463,0.708216,-0.055037,0.388673,0.661799,-0.063220,0.275934,0.619155,-0.018178,0.310643,0.536284,-0.034790,0.325835,0.481484,-0.050034,0.336738,0.432491,-0.061631,0.238267,0.591955,-0.015186,0.265515,0.494235,-0.029342,0.277919,0.431351,-0.044399,0.285091,0.379268,-0.055739,0.199432,0.587290,-0.016717,0.215236,0.494357,-0.032242,0.225750,0.438423,-0.044680,0.234277,0.390251,-0.053214,0.157099,0.599720,-0.021732,0.162061,0.526006,-0.037479,0.166816,0.478190,-0.045311,0.172660,0.433592,-0.049753
261,0,0.038346,0.041705,0.056827,0.052365,0.053017,0.165104,0.825551,0.000000,0.238337,0.816120,-0.033302,0.305373,0.767186,-0.045493,0.349772,0.707742,-0.054834,0.387784,0.661131,-0.063148,0.275450,0.618603,-0.018776,0.310466,0.535179,-0.035427,0.325490,0.480676,-0.050537,0.336417,0.431857,-0.062027,0.237353,0.591921,-0.016009,0.264545,0.493855,-0.030243,0.277266,0.431322,-0.045096,0.284810,0.379872,-0.056282,0.198668,0.587874,-0.017714,0.214619,0.494458,-0.033349,0.225372,0.438064,-0.045843,0.234465,0.389391,-0.054414,0.156603,0.600971,-0.022840,0.161914,0.527067,-0.038930,0.166572,0.478794,-0.047034,0.172566,0.433450,-0.051658
296,0,0.038950,0.044280,0.043524,0.061641,0.069146,0.164515,0.824095,0.000000,0.237766,0.815101,-0.033516,0.305232,0.766948,-0.045637,0.349486,0.707041,-0.054886,0.387499,0.660713,-0.063014,0.275435,0.618035,-0.018521,0.310186,0.534832,-0.035010,0.325189,0.480216,-0.050028,0.335998,0.431678,-0.061332,0.237750,0.591005,-0.015543,0.264879,0.492919,-0.029475,0.277579,0.430195,-0.044166,0.285054,0.378863,-0.055166,0.198946,0.586491,-0.017061,0.215009,0.493646,-0.032254,0.225589,0.437625,-0.044493,0.234259,0.389182,-0.052924,0.156821,0.599144,-0.022048,0.162174,0.525800,-0.037486,0.166638,0.478345,-0.045147,0.172254,0.433917,-0.049468
332,0,0.020971,0.030368,0.052776,0.063959,0.063086,0.164878,0.824476,0.000000,0.238920,0.815109,-0.033326,0.305736,0.766944,-0.045446,0.349388,0.706870,-0.054788,0.387630,0.660619,-0.063008,0.275367,0.617847,-0.017959,0.310291,0.534808,-0.034493,0.325273,0.480495,-0.049697,0.336077,0.431603,-0.061233,0.237591,0.590672,-0.015098,0.264716,0.493432,-0.029262,0.277151,0.430840,-0.044279,0.284524,0.378962,-0.055535,0.198691,0.586265,-0.016768,0.214356,0.493328,-0.032345,0.224902,0.437135,-0.044886,0.233763,0.388219,-0.053433,0.156601,0.598895,-0.021859,0.161681,0.525281,-0.037786,0.166372,0.477455,-0.045750,0.172342,0.432742,-0.050257
367,0,0.037752,0.052585,0.066609,0.053082,0.068638,0.165044,0.823445,0.000000,0.238612,0.814387,-0.033431,0.305386,0.766472,-0.045772,0.349378,0.706561,-0.055291,0.387456,0.660174,-0.063736,0.275902,0.618821,-0.018873,0.310152,0.535468,-0.035764,0.325116,0.480681,-0.050951,0.336081,0.431852,-0.062476,0.237818,0.591702,-0.016097,0.264608,0.493544,-0.030538,0.277310,0.430563,-0.045516,0.285093,0.378478,-0.056690,0.198809,0.587408,-0.017777,0.214460,0.494205,-0.033408,0.224929,0.437745,-0.045749,0.233953,0.388901,-0.054171,0.156602,0.600334,-0.022898,0.161614,0.526850,-0.038773,0.166367,0.478946,-0.046612,0.172521,0.433779,-0.051045
401,0,0.035442,0.046885,0.065986,0.066630,0.045691,0.165396,0.823819,0.000000,0.238465,0.815012,-0.034432,0.305108,0.766717,-0.046987,0.349180,0.707054,-0.056543,0.387338,0.659770,-0.065005,0.275798,0.617495,-0.019262,0.309818,0.534186,-0.036223,0.324507,0.479338,-0.051614,0.335418,0.430212,-0.063285,0.237668,0.590560,-0.016123,0.264296,0.492460,-0.030620,0.276941,0.429864,-0.045825,0.284832,0.378044,-0.057194,0.198688,0.586447,-0.017588,0.214338,0.493305,-0.033433,0.224914,0.436650,-0.046220,0.234144,0.387212,-0.054915,0.156413,0.599660,-0.022575,0.161462,0.525933,-0.038827,0.166122,0.477879,-0.047034,0.172375,0.432677,-0.051707
433,0,0.046259,0.060532,0.067387,0.062920,0.067848,0.164894,0.823277,0.000000,0.239241,0.814593,-0.033623,0.305945,0.766617,-0.045794,0.349770,0.705976,-0.055075,0.388126,0.659536,-0.063282,0.275661,0.618252,-0.018315,0.310106,0.535053,-0.034929,0.324885,0.480199,-0.050085,0.335563,0.431135,-0.061557,0.237910,0.591168,-0.015273,0.264968,0.493443,-0.029566,0.277393,0.430677,-0.044629,0.284888,0.378363,-0.055867,0.198897,0.586483,-0.016742,0.214689,0.493647,-0.032364,0.225190,0.437465,-0.044838,0.233899,0.388480,-0.053349,0.156701,0.599013,-0.021650,0.161852,0.525456,-0.037540,0.166578,0.477793,-0.045445,0.172638,0.432825,-0.049898
467,0,0.039639,0.056489,0.058374,0.066252,0.050362,0.165948,0.824051,0.000000,0.238785,0.815085,-0.033522,0.305468,0.766765,-0.045921,0.349293,0.706913,-0.055412,0.387083,0.659812,-0.063880,0.275792,0.618550,-0.019145,0.310361,0.535063,-0.036058,0.325333,0.480341,-0.051318,0.336193,0.431369,-0.062856,0.237699,0.591416,-0.016377,0.264677,0.493234,-0.030800,0.277330,0.430602,-0.045828,0.285046,0.378811,-0.057041,0.198755,0.587117,-0.018075,0.214749,0.493895,-0.033708,0.225556,0.437012,-0.046316,0.234901,0.387715,-0.054994,0.156514,0.600154,-0.023205,0.161822,0.526097,-0.039245,0.166680,0.477911,-0.047317,0.172938,0.432683,-0.051923
500,0,0.059029,0.063141,0.026095,0.085421,0.073619,0.165256,0.822974,0.000000,0.238534,0.814049,-0.033359,0.305462,0.765796,-0.045395,0.349461,0.706200,-0.054520,0.387367,0.659782,-0.062528,0.275518,0.617783,-0.017844,0.310082,0.534799,-0.034174,0.325104,0.479973,-0.049166,0.335893,0.431395,-0.060480,0.237853,0.590641,-0.014887,0.264924,0.492467,-0.028703,0.277448,0.429669,-0.043439,0.284738,0.377836,-0.054473,0.198955,0.585864,-0.016435,0.215000,0.492932,-0.031520,0.225555,0.436895,-0.043765,0.234132,0.388154,-0.052146,0.156763,0.598204,-0.021452,0.162034,0.525091,-0.036805,0.166637,0.477679,-0.044417,0.172644,0.432992,-0.048700
534,0,0.024136,0.025606,0.033875,0.075560,0.065754,0.164764,0.823299,0.000000,0.238357,0.814476,-0.033306,0.305148,0.765517,-0.045277,0.348974,0.705270,-0.054407,0.386706,0.659061,-0.062372,0.275500,0.617195,-0.017969,0.310136,0.534462,-0.034424,0.325077,0.479979,-0.049469,0.335910,0.431266,-0.060928,0.237703,0.589942,-0.015069,0.264792,0.492781,-0.029137,0.277201,0.430492,-0.043996,0.284318,0.378701,-0.055059,0.198822,0.585397,-0.016664,0.214374,0.492928,-0.032071,0.224858,0.436674,-0.044438,0.233782,0.387851,-0.052916,0.156613,0.598403,-0.021718,0.161559,0.524973,-0.037475,0.166092,0.477224,-0.045370,0.172031,0.432432,-0.049842
568,0,0.033401,0.041597,0.040880,0.061255,0.044069,0.165305,0.823347,0.000000,0.238235,0.813726,-0.033627,0.304569,0.765352,-0.046001,0.348596,0.705616,-0.055462,0.386753,0.659192,-0.063758,0.275186,0.617714,-0.018841,0.309788,0.534694,-0.035608,0.324861,0.480358,-0.050755,0.335745,0.431532,-0.062267,0.237456,0.590687,-0.015963,0.264353,0.492705,-0.030318,0.276816,0.430296,-0.045255,0.284105,0.378513,-0.056394,0.198555,0.586119,-0.017571,0.214397,0.493318,-0.033137,0.224933,0.436948,-0.045581,0.233857,0.387659,-0.054111,0.156514,0.599004,-0.022651,0.161681,0.525432,-0.038451,0.166300,0.477698,-0.046281,0.172314,0.432701,-0.050708
601,0,0.034166,0.038988,0.052951,0.068489,0.066518,0.164225,0.822050,0.000000,0.237626,0.812896,-0.033405,0.304330,0.764615,-0.045766,0.348882,0.705595,-0.055311,0.386836,0.659249,-0.063738,0.275113,0.617301,-0.018425,0.309685,0.534123,-0.035058,0.324756,0.479861,-0.050189,0.335597,0.431303,-0.061689,0.237203,0.589934,-0.015608,0.263928,0.492207,-0.029727,0.276150,0.430089,-0.044626,0.282923,0.378542,-0.055776,0.198311,0.585084,-0.017273,0.214005,0.492578,-0.032521,0.224257,0.436682,-0.044742,0.232857,0.388050,-0.053122,0.156048,0.597527,-0.022394,0.160789,0.524301,-0.037828,0.165305,0.476820,-0.045394,0.171222,0.432068,-0.049677
636,0,0.036065,0.027244,0.071218,0.072100,0.069137,0.164068,0.822996,0.000000,0.237922,0.813793,-0.033248,0.304421,0.764994,-0.045408,0.348681,0.704795,-0.054778,0.387317,0.659083,-0.063056,0.275290,0.617788,-0.018101,0.309951,0.535058,-0.034806,0.325081,0.480889,-0.050035,0.336020,0.432206,-0.061661,0.237085,0.590581,-0.015404,0.263771,0.493369,-0.029761,0.275752,0.431360,-0.044874,0.282548,0.379449,-0.056173,0.197811,0.585857,-0.017205,0.212794,0.493835,-0.032876,0.222627,0.437506,-0.045362,0.230948,0.388408,-0.053895,0.155239,0.598459,-0.022437,0.160046,0.525016,-0.038387,0.164323,0.477170,-0.046338,0.170183,0.431954,-0.050872
670,0,0.042867,0.075777,0.084030,0.083086,0.079277,0.165836,0.823314,0.000000,0.238280,0.813297,-0.033300,0.304727,0.764489,-0.045918,0.348809,0.705731,-0.055771,0.387137,0.659868,-0.064508,0.275393,0.617927,-0.019438,0.309658,0.534807,-0.036460,0.324821,0.480478,-0.051681,0.335740,0.431816,-0.063207,0.237142,0.590937,-0.016847,0.263432,0.493349,-0.031371,0.275554,0.431354,-0.046313,0.282531,0.379852,-0.057490,0.197829,0.586419,-0.018695,0.212014,0.493789,-0.034322,0.221855,0.437395,-0.046638,0.230322,0.388306,-0.055074,0.155363,0.599297,-0.023981,0.159384,0.525242,-0.039876,0.163360,0.477043,-0.047730,0.168930,0.431693,-0.052146
704,0,0.058213,0.080987,0.065295,0.074379,0.087105,0.164137,0.822540,0.000000,0.238171,0.813159,-0.033348,0.305038,0.765044,-0.045547,0.348828,0.705362,-0.054916,0.387060,0.659314,-0.063218,0.274710,0.617972,-0.018089,0.309200,0.535096,-0.034647,0.324340,0.481119,-0.049767,0.335310,0.432755,-0.061224,0.236482,0.591105,-0.015202,0.262783,0.493802,-0.029383,0.274761,0.431952,-0.044410,0.281289,0.380309,-0.055611,0.197393,0.586491,-0.016790,0.211258,0.494487,-0.032212,0.220857,0.438174,-0.044573,0.228939,0.389274,-0.053014,0.155130,0.599197,-0.021857,0.159027,0.525661,-0.037523,0.162895,0.477631,-0.045292,0.168189,0.432753,-0.049675
738,0,0.057693,0.073099,0.061726,0.067230,0.069029,0.164819,0.823957,0.000000,0.238065,0.814442,-0.033705,0.304355,0.766196,-0.046275,0.348371,0.707023,-0.056021,0.386572,0.660007,-0.064632,0.274329,0.618184,-0.019410,0.308479,0.534945,-0.036344,0.323440,0.480532,-0.051622,0.334209,0.431683,-0.063197,0.235998,0.591484,-0.016644,0.262321,0.493926,-0.031020,0.274049,0.431988,-0.046020,0.280529,0.380436,-0.057224,0.196850,0.587509,-0.018357,0.211121,0.494917,-0.033936,0.220641,0.438381,-0.046321,0.228588,0.388789,-0.054817,0.154582,0.600870,-0.023543,0.159081,0.526777,-0.039469,0.163246,0.478688,-0.047386,0.168798,0.433318,-0.051854
770,0,0.042401,0.054324,0.029222,0.077584,0.077737,0.163230,0.822816,0.000000,0.237264,0.813398,-0.033419,0.303847,0.765094,-0.045711,0.348112,0.705875,-0.055196,0.385785,0.659500,-0.063638,0.273647,0.617484,-0.018808,0.307977,0.534510,-0.035553,0.322829,0.480371,-0.050743,0.333540,0.431755,-0.062293,0.235352,0.590817,-0.015979,0.261432,0.493603,-0.030265,0.273141,0.432033,-0.045224,0.279815,0.380903,-0.056449,0.196226,0.586847,-0.017626,0.210453,0.494619,-0.033187,0.220168,0.438909,-0.045479,0.228315,0.390261,-0.053898,0.153930,0.600200,-0.022728,0.158411,0.526781,-0.038591,0.162745,0.479013,-0.046407,0.168368,0.434322,-0.050836
816,0,0.027262,0.056854,0.066732,0.082019,0.053753,0.163864,0.824205,0.000000,0.236890,0.814794,-0.034120,0.303388,0.765631,-0.046697,0.347897,0.706624,-0.056287,0.385670,0.659697,-0.064811,0.273454,0.617131,-0.019457,0.307591,0.534018,-0.036274,0.322343,0.479990,-0.051562,0.332829,0.431280,-0.063190,0.235141,0.590766,-0.016353,0.261175,0.493630,-0.030645,0.273071,0.431871,-0.045655,0.279894,0.380502,-0.056982,0.195906,0.587064,-0.017813,0.210276,0.494717,-0.033355,0.219940,0.438459,-0.045863,0.228098,0.388971,-0.054527,0.153629,0.600535,-0.022781,0.158598,0.527134,-0.038799,0.162711,0.479226,-0.046906,0.168410,0.433930,-0.051562
850,0,0.035411,0.022705,0.057833,0.102591,0.059922,0.163234,0.824456,0.000000,0.236500,0.814012,-0.033087,0.302796,0.764511,-0.045346,0.347221,0.705672,-0.054889,0.385171,0.659337,-0.063433,0.272591,0.617295,-0.018830,0.306968,0.534430,-0.035641,0.321869,0.480464,-0.050895,0.332522,0.431866,-0.062505,0.234114,0.591023,-0.016299,0.260413,0.493808,-0.030602,0.272413,0.432117,-0.045555,0.278869,0.380978,-0.056793,0.194882,0.587294,-0.018227,0.209238,0.494829,-0.033690,0.218840,0.438246,-0.045973,0.226960,0.388995,-0.054471,0.152572,0.601170,-0.023579,0.157576,0.527338,-0.039356,0.161930,0.479325,-0.047134,0.167646,0.434428,-0.051592
886,0,0.037155,0.027879,0.060152,0.120372,0.062494,0.162226,0.823642,0.000000,0.236143,0.812958,-0.033041,0.302696,0.764332,-0.045232,0.346825,0.705049,-0.054705,0.384439,0.658469,-0.063157,0.271879,0.616956,-0.018285,0.306144,0.534005,-0.035038,0.320808,0.480017,-0.050340,0.331531,0.431468,-0.061950,0.233559,0.590669,-0.015673,0.259613,0.493753,-0.029883,0.271279,0.432322,-0.044930,0.277817,0.381195,-0.056238,0.194377,0.586850,-0.017519,0.208552,0.494531,-0.032902,0.217964,0.438289,-0.045185,0.225961,0.389200,-0.053683,0.152061,0.600387,-0.022813,0.156714,0.526831,-0.038498,0.160947,0.478989,-0.046207,0.166476,0.434222,-0.050572
919,0,0.032994,0.024173,0.043104,0.128860,0.058248,0.161480,0.823399,0.000000,0.235315,0.813452,-0.034120,0.301855,0.765159,-0.046776,0.346204,0.705596,-0.056511,0.383862,0.658172,-0.065134,0.270968,0.617253,-0.018996,0.305133,0.534239,-0.035928,0.320027,0.479943,-0.051366,0.330949,0.431153,-0.063048,0.232827,0.590685,-0.015820,0.258904,0.493959,-0.030180,0.270520,0.432160,-0.045362,0.277189,0.380523,-0.056790,0.193858,0.586803,-0.017234,0.207929,0.494544,-0.032868,0.217392,0.438085,-0.045362,0.225319,0.388593,-0.053962,0.151861,0.600310,-0.022171,0.156524,0.526822,-0.038176,0.160633,0.478744,-0.046243,0.166088,0.433558,-0.050809
954,0,0.030278,0.037455,0.046190,0.138898,0.058841,0.161541,0.824461,0.000000,0.234727,0.813839,-0.033734,0.301329,0.765289,-0.046353,0.345928,0.705982,-0.056123,0.383623,0.658459,-0.064829,0.270817,0.617678,-0.019240,0.304821,0.534268,-0.036304,0.319615,0.479878,-0.051771,0.330194,0.430741,-0.063486,0.232537,0.591215,-0.016416,0.258584,0.493737,-0.030863,0.270379,0.432003,-0.046029,0.277035,0.380520,-0.057374,0.193226,0.587518,-0.018083,0.207164,0.494858,-0.033688,0.216699,0.438288,-0.046075,0.224668,0.388767,-0.054595,0.150825,0.601371,-0.023234,0.155904,0.527758,-0.039175,0.160224,0.479631,-0.047024,0.165876,0.434173,-0.051493
987,0,0.022500,0.030368,0.043695,0.153745,0.083467,0.161920,0.823984,0.000000,0.235406,0.812691,-0.033575,0.301432,0.763815,-0.046206,0.345474,0.704935,-0.056051,0.383553,0.657989,-0.064875,0.270843,0.616934,-0.018738,0.304426,0.534257,-0.035874,0.319143,0.480190,-0.051454,0.329699,0.431224,-0.063342,0.232341,0.590723,-0.016114,0.257971,0.493785,-0.030835,0.269831,0.432348,-0.046183,0.276629,0.380983,-0.057677,0.192911,0.587163,-0.018030,0.206853,0.494704,-0.034016,0.216319,0.438379,-0.046601,0.224646,0.388824,-0.055262,0.150750,0.601183,-0.023417,0.155436,0.527632,-0.039682,0.159759,0.479831,-0.047739,0.165606,0.434375,-0.052383
1021,0,0.034542,0.030438,0.051111,0.152646,0.066179,0.161822,0.823674,0.000000,0.234994,0.812942,-0.034085,0.301011,0.764103,-0.046775,0.344977,0.704671,-0.056547,0.383184,0.657677,-0.065207,0.270752,0.616974,-0.019185,0.304488,0.533559,-0.035984,0.319191,0.479128,-0.051221,0.329672,0.430073,-0.062752,0.232219,0.590721,-0.016070,0.257607,0.493329,-0.030288,0.269172,0.431408,-0.045223,0.275956,0.379793,-0.056454,0.193002,0.586953,-0.017517,0.206768,0.494513,-0.032928,0.216174,0.438032,-0.045270,0.224317,0.388764,-0.053768,0.150937,0.600212,-0.022484,0.155238,0.526511,-0.038253,0.159231,0.478492,-0.046150,0.164784,0.433466,-0.050619
1055,0,0.016303,0.015661,0.035595,0.164341,0.068419,0.161609,0.823728,0.000000,0.234923,0.813130,-0.034201,0.301235,0.764496,-0.047029,0.344897,0.705131,-0.056870,0.382689,0.657503,-0.065530,0.270825,0.617011,-0.019370,0.304324,0.533474,-0.036215,0.318943,0.478889,-0.051452,0.329309,0.429768,-0.063076,0.232305,0.590728,-0.016244,0.257656,0.493099,-0.030612,0.269357,0.431355,-0.045732,0.275914,0.380036,-0.057102,0.192896,0.587036,-0.017668,0.206542,0.494091,-0.033298,0.215865,0.437452,-0.045825,0.224035,0.387659,-0.054462,0.150713,0.600625,-0.022600,0.155023,0.526488,-0.038577,0.159037,0.478474,-0.046589,0.164655,0.433049,-0.051127
1089,0,0.019677,0.023311,0.035420,0.161812,0.053934,0.161138,0.823639,0.000000,0.234952,0.813375,-0.034238,0.301106,0.764643,-0.046964,0.344982,0.704918,-0.056700,0.382916,0.657116,-0.065323,0.270797,0.616949,-0.018811,0.304020,0.533589,-0.035536,0.318511,0.479075,-0.050859,0.329098,0.429901,-0.062542,0.232372,0.590209,-0.015635,0.257531,0.492988,-0.029903,0.268970,0.431227,-0.045110,0.275487,0.379650,-0.056515,0.193117,0.586342,-0.017061,0.206555,0.493792,-0.032639,0.215826,0.437471,-0.045226,0.223827,0.387836,-0.053919,0.150989,0.599513,-0.022010,0.155007,0.525958,-0.037970,0.159024,0.478301,-0.046037,0.164508,0.433164,-0.050673
1123,0,0.027955,0.035169,0.047322,0.162242,0.080175,0.162134,0.823935,0.000000,0.235569,0.813213,-0.034696,0.301289,0.764346,-0.047777,0.344738,0.704417,-0.057796,0.382987,0.657037,-0.066656,0.270901,0.616961,-0.019691,0.304473,0.533550,-0.036714,0.318981,0.478792,-0.052137,0.329655,0.429625,-0.063872,0.232386,0.590460,-0.016270,0.257720,0.493264,-0.030730,0.269432,0.431490,-0.045875,0.276246,0.379753,-0.057239,0.193198,0.586734,-0.017452,0.206682,0.494542,-0.033073,0.216080,0.438129,-0.045550,0.224110,0.388675,-0.054132,0.151050,0.600230,-0.022207,0.155329,0.526725,-0.038152,0.159222,0.478942,-0.046200,0.164702,0.433539,-0.050792
1159,0,0.024514,0.028127,0.062996,0.160822,0.082265,0.162099,0.823232,0.000000,0.235034,0.812265,-0.034013,0.300834,0.764058,-0.046825,0.345008,0.704876,-0.056719,0.382991,0.657481,-0.065523,0.270824,0.617284,-0.019323,0.304472,0.533967,-0.036260,0.319179,0.479396,-0.051575,0.329830,0.430194,-0.063299,0.232696,0.590658,-0.016346,0.257902,0.493107,-0.030746,0.269355,0.430880,-0.045899,0.275658,0.379139,-0.057321,0.193646,0.586823,-0.017910,0.207033,0.494346,-0.033457,0.216136,0.437672,-0.045991,0.224093,0.387851,-0.054680,0.151565,0.600134,-0.022984,0.155493,0.526419,-0.038832,0.159403,0.478551,-0.046802,0.164907,0.433051,-0.051390
1194,0,0.020892,0.018927,0.054501,0.176125,0.084368,0.161524,0.822658,0.000000,0.234693,0.812569,-0.034412,0.300744,0.763936,-0.047279,0.344613,0.704141,-0.057161,0.382707,0.656762,-0.065909,0.270451,0.616663,-0.019486,0.304155,0.533313,-0.036495,0.318851,0.478695,-0.051838,0.329457,0.429515,-0.063548,0.232037,0.590140,-0.016280,0.257363,0.492981,-0.030756,0.269094,0.431386,-0.045868,0.275924,0.379911,-0.057254,0.192849,0.586269,-0.017669,0.206415,0.493952,-0.033371,0.215844,0.437713,-0.045914,0.224062,0.387964,-0.054615,0.150676,0.599772,-0.022610,0.155166,0.526385,-0.038647,0.159308,0.478663,-0.046793,0.164983,0.433496,-0.051468
1230,0,0.023404,0.022762,0.023939,0.173814,0.073737,0.161784,0.822545,0.000000,0.235257,0.812234,-0.034351,0.300954,0.763487,-0.047157,0.344765,0.703746,-0.056959,0.382810,0.656410,-0.065604,0.270479,0.616492,-0.019499,0.304246,0.532861,-0.036316,0.318809,0.478134,-0.051550,0.329150,0.428764,-0.063154,0.232104,0.590009,-0.016135,0.257363,0.492511,-0.030375,0.268964,0.430815,-0.045331,0.275627,0.379366,-0.056543,0.193015,0.585971,-0.017349,0.206609,0.493571,-0.032779,0.215882,0.437316,-0.045100,0.223942,0.388076,-0.053584,0.151004,0.599105,-0.022088,0.155317,0.525283,-0.037842,0.159312,0.477538,-0.045747,0.164723,0.432709,-0.050209
1267,0,0.047387,0.046970,0.045401,0.214280,0.108863,0.161253,0.821997,0.000000,0.234237,0.811721,-0.034625,0.300096,0.763372,-0.047832,0.344322,0.704204,-0.057963,0.382193,0.656274,-0.066984,0.270096,0.616452,-0.020609,0.303821,0.532727,-0.037933,0.318487,0.478024,-0.053384,0.328934,0.428686,-0.065041,0.231736,0.589822,-0.017370,0.257266,0.492202,-0.032081,0.269185,0.430331,-0.047208,0.275936,0.378963,-0.058565,0.192564,0.586016,-0.018689,0.206290,0.493437,-0.034533,0.215611,0.436863,-0.047069,0.223751,0.387219,-0.055697,0.150370,0.599762,-0.023535,0.154767,0.525967,-0.039714,0.158921,0.478082,-0.047879,0.164471,0.432672,-0.052551
1301,0,0.038790,0.038083,0.069842,0.201958,0.091143,0.161091,0.821651,0.000000,0.234244,0.812028,-0.035179,0.300538,0.763591,-0.048201,0.344175,0.703508,-0.058054,0.382208,0.655286,-0.066704,0.269818,0.616349,-0.020076,0.303219,0.532463,-0.037053,0.317750,0.477896,-0.052411,0.328220,0.428671,-0.064021,0.231487,0.589648,-0.016306,0.257063,0.492261,-0.030646,0.268717,0.430446,-0.045703,0.275371,0.379062,-0.057036,0.192377,0.585586,-0.017185,0.206007,0.493142,-0.032751,0.215274,0.436952,-0.045287,0.223136,0.387357,-0.053891,0.150339,0.598705,-0.021660,0.155031,0.525253,-0.037585,0.159054,0.477704,-0.045634,0.164538,0.432671,-0.050236
1336,0,0.023712,0.038203,0.059965,0.195683,0.086358,0.161785,0.822205,0.000000,0.234855,0.812572,-0.034401,0.300475,0.762991,-0.047108,0.344383,0.702931,-0.056742,0.381868,0.655330,-0.065244,0.270176,0.616146,-0.019719,0.303721,0.532238,-0.036526,0.318421,0.477621,-0.051659,0.329008,0.428523,-0.063165,0.231634,0.589774,-0.016357,0.256870,0.491898,-0.030612,0.268530,0.430058,-0.045467,0.275141,0.378821,-0.056603,0.192374,0.585835,-0.017559,0.206007,0.492868,-0.033015,0.215176,0.436481,-0.045375,0.223045,0.387378,-0.053877,0.150328,0.599132,-0.022306,0.154707,0.525171,-0.038144,0.158570,0.477378,-0.046161,0.163917,0.432538,-0.050689
1370,0,0.023778,0.029477,0.052242,0.210489,0.093994,0.161182,0.822046,0.000000,0.234178,0.811994,-0.034673,0.300346,0.763234,-0.047557,0.344259,0.703600,-0.057411,0.381666,0.655771,-0.066109,0.269691,0.616170,-0.020124,0.303745,0.532383,-0.037195,0.318487,0.477617,-0.052508,0.329126,0.428396,-0.064119,0.231284,0.589652,-0.016758,0.256847,0.491843,-0.031273,0.268418,0.429693,-0.046378,0.274962,0.378182,-0.057689,0.192161,0.585778,-0.017973,0.205870,0.493228,-0.033656,0.215095,0.437156,-0.046147,0.223012,0.387942,-0.054728,0.150155,0.599101,-0.022738,0.154374,0.525472,-0.038721,0.158392,0.477754,-0.046748,0.163767,0.432911,-0.051305
1405,0,0.025215,0.021876,0.040074,0.214673,0.087702,0.160827,0.822022,0.000000,0.234645,0.811672,-0.034322,0.300625,0.762860,-0.047050,0.344407,0.702944,-0.056794,0.382214,0.655128,-0.065449,0.269505,0.615543,-0.019475,0.302949,0.532023,-0.036543,0.317644,0.477621,-0.051934,0.328422,0.428652,-0.063598,0.230993,0.589304,-0.016281,0.256424,0.491782,-0.030804,0.268063,0.430152,-0.045963,0.274787,0.378747,-0.057303,0.191660,0.585463,-0.017670,0.205088,0.493105,-0.033442,0.214187,0.436595,-0.045986,0.222108,0.387021,-0.054572,0.149586,0.599337,-0.022588,0.154022,0.525751,-0.038719,0.158081,0.477796,-0.046842,0.163675,0.432391,-0.051471
1439,0,0.012690,0.014578,0.033414,0.216725,0.089099,0.160823,0.821764,0.000000,0.234526,0.811739,-0.034438,0.300219,0.762741,-0.047213,0.343982,0.702802,-0.056979,0.381719,0.655148,-0.065635,0.269795,0.615632,-0.019811,0.303407,0.531986,-0.036798,0.318033,0.477227,-0.052073,0.328441,0.427844,-0.063691,0.231275,0.589414,-0.016478,0.256539,0.491802,-0.030989,0.267970,0.429742,-0.046032,0.274282,0.378062,-0.057257,0.191940,0.585593,-0.017693,0.205397,0.493045,-0.033419,0.214286,0.436638,-0.045824,0.221890,0.387000,-0.054295,0.149789,0.599233,-0.022449,0.154147,0.525827,-0.038488,0.158191,0.477869,-0.046518,0.163522,0.432751,-0.051055
1475,0,0.024978,0.023071,0.039783,0.231384,0.084517,0.159960,0.822314,0.000000,0.233884,0.812204,-0.034926,0.299998,0.763197,-0.047832,0.343608,0.703078,-0.057639,0.381347,0.654673,-0.066382,0.269130,0.615718,-0.019915,0.302792,0.532395,-0.037030,0.317407,0.477982,-0.052504,0.328048,0.428641,-0.064347,0.230456,0.589079,-0.016468,0.256126,0.491745,-0.031063,0.267530,0.430118,-0.046305,0.273916,0.378486,-0.057731,0.191094,0.585338,-0.017659,0.204625,0.493064,-0.033538,0.213651,0.436533,-0.046167,0.221410,0.386672,-0.054863,0.148835,0.599221,-0.022424,0.153687,0.525657,-0.038650,0.157882,0.477997,-0.046861,0.163551,0.433071,-0.051579
1510,0,0.016895,0.029908,0.039113,0.221708,0.105266,0.160844,0.822115,0.000000,0.234129,0.811891,-0.034564,0.299974,0.762919,-0.047453,0.343259,0.702833,-0.057305,0.381215,0.654795,-0.066068,0.269053,0.615841,-0.019867,0.302877,0.532370,-0.036882,0.317630,0.477894,-0.052159,0.328180,0.428705,-0.063842,0.230630,0.589592,-0.016540,0.255969,0.492044,-0.031017,0.267390,0.430175,-0.046108,0.273717,0.378557,-0.057444,0.191533,0.586294,-0.017792,0.204902,0.493723,-0.033497,0.213857,0.437238,-0.046016,0.221575,0.387348,-0.054662,0.149574,0.600039,-0.022590,0.153869,0.526443,-0.038713,0.157758,0.478300,-0.046873,0.162990,0.432821,-0.051556
1554,0,0.021689,0.051232,0.045502,0.220423,0.096393,0.159833,0.820881,0.000000,0.233384,0.811993,-0.034978,0.299508,0.763241,-0.047762,0.343281,0.702932,-0.057426,0.380990,0.655086,-0.065887,0.269482,0.615762,-0.019870,0.303255,0.532302,-0.036619,0.317981,0.477563,-0.051692,0.328357,0.428657,-0.063205,0.230955,0.589194,-0.016229,0.256103,0.491649,-0.030585,0.267244,0.429837,-0.045635,0.273348,0.378706,-0.056963,0.191604,0.585624,-0.017212,0.205043,0.493412,-0.032874,0.214008,0.437128,-0.045543,0.221804,0.387773,-0.054282,0.149430,0.599059,-0.021777,0.153798,0.525983,-0.037914,0.157670,0.478217,-0.046283,0.162954,0.433140,-0.051137
1590,0,0.025820,0.069604,0.054186,0.227091,0.092713,0.160451,0.823106,0.000000,0.233865,0.812356,-0.034583,0.299364,0.762997,-0.047404,0.342914,0.702886,-0.057199,0.380286,0.654287,-0.065839,0.269182,0.615584,-0.019463,0.302216,0.532296,-0.036477,0.316615,0.478250,-0.051932,0.327027,0.429247,-0.063714,0.230533,0.589103,-0.016171,0.255634,0.491771,-0.030540,0.266794,0.430683,-0.045602,0.273101,0.379441,-0.056922,0.191118,0.585487,-0.017523,0.204351,0.493287,-0.033197,0.213259,0.436819,-0.045649,0.220852,0.387097,-0.054242,0.148885,0.599532,-0.022432,0.153656,0.526118,-0.038464,0.157738,0.478390,-0.046527,0.163398,0.433038,-0.051147
1622,0,0.031613,0.032191,0.054734,0.233761,0.104135,0.160696,0.822555,0.000000,0.233953,0.811114,-0.033705,0.299668,0.760930,-0.046278,0.343380,0.700909,-0.056044,0.380684,0.653437,-0.064674,0.269393,0.615741,-0.019323,0.302617,0.531839,-0.036118,0.316882,0.477386,-0.051219,0.326901,0.428425,-0.062679,0.230548,0.589682,-0.016412,0.255244,0.491730,-0.030713,0.265992,0.429911,-0.045582,0.271528,0.378831,-0.056740,0.191197,0.586224,-0.018013,0.204204,0.493456,-0.033497,0.212885,0.436818,-0.045791,0.220121,0.387519,-0.054281,0.149164,0.599907,-0.023093,0.153388,0.525877,-0.038878,0.157183,0.478126,-0.046789,0.162398,0.433072,-0.051312
1655,0,0.025316,0.029895,0.061090,0.239894,0.129424,0.161268,0.822184,0.000000,0.234566,0.809675,-0.033491,0.299889,0.759526,-0.046267,0.343314,0.700419,-0.056288,0.380457,0.652395,-0.065176,0.269521,0.614922,-0.018956,0.301754,0.531784,-0.035805,0.315385,0.477976,-0.051011,0.325242,0.429685,-0.062630,0.230860,0.589137,-0.016248,0.254899,0.491499,-0.030551,0.265629,0.430454,-0.045480,0.271346,0.380010,-0.056705,0.191463,0.585570,-0.018065,0.204303,0.493133,-0.033537,0.212749,0.436923,-0.045827,0.220192,0.387634,-0.054344,0.149404,0.599543,-0.023342,0.153607,0.525867,-0.038930,0.157572,0.478523,-0.046637,0.163032,0.434128,-0.051104
1689,0,0.069644,0.097020,0.102079,0.279238,0.217453,0.162769,0.822317,0.000000,0.234706,0.806840,-0.032997,0.300121,0.756746,-0.045914,0.343164,0.698349,-0.056197,0.379408,0.649675,-0.065533,0.269113,0.613480,-0.018578,0.299799,0.529647,-0.035747,0.312556,0.476323,-0.051576,0.322243,0.427827,-0.063499,0.230086,0.589118,-0.016325,0.252565,0.491894,-0.030756,0.262607,0.431243,-0.046145,0.268322,0.380592,-0.057768,0.190469,0.586576,-0.018590,0.202653,0.494836,-0.034014,0.211137,0.438769,-0.046238,0.218466,0.389632,-0.054764,0.148388,0.601004,-0.024309,0.153132,0.527369,-0.039768,0.157337,0.479836,-0.047185,0.162572,0.435205,-0.051483
1723,0,0.126562,0.175193,0.133718,0.386124,0.389244,0.165262,0.822108,0.000000,0.234808,0.803800,-0.031797,0.298751,0.753063,-0.044180,0.340325,0.694599,-0.054174,0.372758,0.643561,-0.063409,0.267936,0.612194,-0.017851,0.295450,0.529084,-0.035381,0.306741,0.476335,-0.051509,0.315241,0.428231,-0.063501,0.228381,0.589347,-0.016427,0.248269,0.491916,-0.031130,0.257620,0.432357,-0.046661,0.263573,0.382707,-0.058401,0.188757,0.588163,-0.019459,0.199690,0.496991,-0.034875,0.207881,0.440826,-0.046914,0.215802,0.391470,-0.055414,0.146861,0.604326,-0.025892,0.151044,0.530680,-0.041239,0.155465,0.483282,-0.048338,0.161248,0.438494,-0.052428
1757,0,0.243436,0.279697,0.213757,0.552827,0.611641,0.166917,0.821433,0.000000,0.234844,0.799444,-0.029660,0.296674,0.747936,-0.040631,0.335460,0.688785,-0.049713,0.362924,0.634610,-0.057999,0.266613,0.611112,-0.012838,0.290783,0.529629,-0.029341,0.299496,0.479768,-0.045229,0.305863,0.434445,-0.056906,0.227807,0.590306,-0.011950,0.246226,0.497080,-0.025631,0.253967,0.438972,-0.041041,0.258369,0.390091,-0.052764,0.188675,0.590259,-0.015683,0.198089,0.501495,-0.030411,0.205319,0.446346,-0.042566,0.212186,0.397541,-0.051125,0.147345,0.606525,-0.022694,0.151152,0.534048,-0.037331,0.155059,0.487511,-0.044410,0.160303,0.442876,-0.048666
1791,0,0.295081,0.393314,0.292628,0.823579,0.999380,0.171702,0.819436,0.000000,0.235629,0.795436,-0.028054,0.291299,0.739584,-0.037799,0.324662,0.678721,-0.045938,0.341356,0.621203,-0.053297,0.264526,0.610321,-0.009857,0.284294,0.534056,-0.025980,0.290869,0.488781,-0.041947,0.295312,0.448046,-0.053520,0.226396,0.590864,-0.009177,0.241588,0.502301,-0.022356,0.248331,0.448514,-0.037308,0.252771,0.402722,-0.048748,0.188099,0.591747,-0.013291,0.195924,0.506331,-0.027563,0.202464,0.453862,-0.039427,0.209156,0.407025,-0.047856,0.147901,0.608703,-0.020605,0.152552,0.537336,-0.034766,0.156809,0.491659,-0.041947,0.162341,0.448008,-0.046474
1824,0,0.520081,0.532769,0.425400,1.289282,1.521312,0.174673,0.820107,0.000000,0.235084,0.788969,-0.023681,0.286058,0.732783,-0.031416,0.313800,0.674060,-0.038719,0.320155,0.614766,-0.045244,0.261797,0.610145,0.000481,0.276941,0.541679,-0.013590,0.282919,0.503553,-0.029817,0.289134,0.469215,-0.041743,0.225684,0.593669,-0.000072,0.237497,0.515028,-0.010058,0.244621,0.469838,-0.023961,0.252061,0.431087,-0.035218,0.189356,0.595911,-0.005796,0.197197,0.518646,-0.017307,0.203609,0.471013,-0.027764,0.211919,0.426920,-0.035780,0.150742,0.613449,-0.014682,0.155665,0.547521,-0.026813,0.161137,0.504327,-0.033166,0.169233,0.461110,-0.037573
1858,0,0.385177,0.405183,2.977230,1.571820,1.825342,0.175061,0.817460,0.000000,0.233535,0.787085,-0.023120,0.282598,0.722966,-0.031082,0.306930,0.664062,-0.039664,0.304562,0.605695,-0.047150,0.258604,0.606300,0.005765,0.269520,0.539517,-0.014455,0.277379,0.513750,-0.035818,0.282884,0.510277,-0.048143,0.223600,0.592369,0.004901,0.233291,0.515857,-0.011333,0.242559,0.488175,-0.029779,0.249888,0.489415,-0.040926,0.188864,0.595344,-0.001828,0.196698,0.520288,-0.015810,0.206560,0.482790,-0.027773,0.218467,0.467720,-0.034701,0.151992,0.614242,-0.011777,0.157510,0.549867,-0.023493,0.164788,0.506145,-0.030482,0.176202,0.473341,-0.034370
1894,0,0.654837,0.693911,4.981684,1.586410,1.941766,0.180583,0.808905,0.000000,0.234582,0.780070,-0.017892,0.280571,0.712984,-0.028863,0.305643,0.655816,-0.041382,0.290576,0.602133,-0.052353,0.254256,0.597517,-0.002151,0.266302,0.513169,-0.030288,0.284241,0.514938,-0.054185,0.288882,0.550604,-0.064240,0.221266,0.589497,-0.006330,0.229012,0.492606,-0.030512,0.250070,0.496862,-0.049910,0.258181,0.532800,-0.057564,0.188569,0.596798,-0.015175,0.195850,0.510043,-0.032385,0.218070,0.500996,-0.041890,0.232928,0.516765,-0.044577,0.154666,0.618833,-0.026522,0.159339,0.551331,-0.037372,0.173553,0.510189,-0.043112,0.188198,0.481887,-0.045391
1926,0,0.318066,0.315641,3.313209,1.771161,2.058123,0.178595,0.810612,-0.000000,0.231278,0.779323,-0.012590,0.275311,0.709865,-0.021448,0.303585,0.648659,-0.033131,0.281850,0.603122,-0.043043,0.249314,0.601466,-0.000519,0.264464,0.516176,-0.026382,0.283921,0.530325,-0.046818,0.287300,0.569878,-0.055506,0.220814,0.593187,-0.006775,0.229668,0.493346,-0.028618,0.254716,0.511786,-0.044877,0.262648,0.549343,-0.052006,0.190166,0.598475,-0.016966,0.198191,0.505965,-0.033257,0.225998,0.517909,-0.040238,0.240455,0.548194,-0.042199,0.157176,0.616154,-0.029398,0.160611,0.550867,-0.040491,0.178508,0.512155,-0.047746,0.195865,0.484398,-0.052301
1957,0,0.318711,0.318027,1.534172,2.002232,2.252845,0.178996,0.810527,-0.000000,0.232545,0.775983,-0.008544,0.274556,0.705669,-0.017448,0.301528,0.644915,-0.030550,0.277017,0.605214,-0.042402,0.242827,0.595059,0.001004,0.255309,0.511531,-0.024805,0.279863,0.535173,-0.044310,0.287484,0.575941,-0.052790,0.217347,0.591285,-0.008576,0.228844,0.497696,-0.033158,0.258344,0.529778,-0.049356,0.268047,0.569212,-0.055885,0.189651,0.598892,-0.021731,0.201657,0.512769,-0.041214,0.234695,0.537478,-0.047914,0.251473,0.572259,-0.048889,0.160104,0.617446,-0.036826,0.162380,0.548890,-0.049356,0.183576,0.509874,-0.056606,0.204011,0.481248,-0.061270
1989,0,0.227556,0.234933,0.383529,2.067396,2.280535,0.177920,0.811072,-0.000000,0.231759,0.775026,-0.007962,0.274804,0.705582,-0.016049,0.300506,0.643394,-0.028668,0.275841,0.603674,-0.039834,0.242206,0.597993,0.004924,0.258080,0.514982,-0.021036,0.281828,0.537929,-0.040336,0.288578,0.577949,-0.047926,0.217617,0.594022,-0.004355,0.233401,0.503655,-0.029337,0.261818,0.536845,-0.044831,0.270233,0.577566,-0.049808,0.191277,0.600866,-0.017481,0.207450,0.518498,-0.036927,0.238905,0.545303,-0.041569,0.254099,0.580251,-0.039897,0.163145,0.617963,-0.032641,0.168054,0.548952,-0.043702,0.191461,0.511701,-0.048386,0.214360,0.486017,-0.050310
2023,0,0.210495,0.220356,0.285894,2.176917,2.394864,0.178825,0.809695,-0.000000,0.230484,0.774570,-0.006617,0.274042,0.704840,-0.013451,0.302202,0.644808,-0.025102,0.280317,0.606623,-0.035358,0.241457,0.600871,0.006896,0.257580,0.517304,-0.017400,0.283893,0.539494,-0.035110,0.292395,0.577862,-0.041437,0.218234,0.596761,-0.002779,0.235905,0.506977,-0.026632,0.266251,0.542105,-0.040713,0.274991,0.583638,-0.044208,0.193000,0.602893,-0.016221,0.212044,0.527178,-0.035069,0.244586,0.557754,-0.038708,0.260012,0.594017,-0.035730,0.166067,0.617553,-0.031657,0.172523,0.548093,-0.041334,0.198504,0.512598,-0.044373,0.223494,0.489949,-0.044870
2056,0,0.165329,0.130067,0.636149,2.197068,2.431973,0.181769,0.808295,-0.000000,0.231870,0.772383,-0.006420,0.275998,0.703291,-0.013115,0.306120,0.646636,-0.024984,0.286202,0.611742,-0.035497,0.240675,0.600362,0.009073,0.258063,0.518711,-0.015921,0.286063,0.541192,-0.035129,0.295946,0.579425,-0.042702,0.219500,0.596271,-0.001023,0.241096,0.512236,-0.026536,0.271916,0.547843,-0.042335,0.281649,0.589794,-0.046948,0.195748,0.601020,-0.015166,0.218636,0.526738,-0.034374,0.251846,0.555238,-0.039416,0.268505,0.591751,-0.037456,0.169992,0.615156,-0.031475,0.178636,0.547314,-0.041355,0.205679,0.514584,-0.045111,0.232220,0.496938,-0.046090
2090,0,0.271967,0.268635,0.720723,2.350580,2.557878,0.182183,0.807864,-0.000000,0.232485,0.769932,-0.003395,0.276085,0.702850,-0.008123,0.307737,0.650453,-0.018709,0.297280,0.612746,-0.027903,0.239167,0.600983,0.015484,0.259897,0.523201,-0.007742,0.289562,0.544641,-0.026040,0.301370,0.580665,-0.033071,0.220215,0.596432,0.004029,0.247118,0.517254,-0.021073,0.278952,0.553249,-0.037498,0.290194,0.594714,-0.042065,0.198610,0.600180,-0.011448,0.227375,0.532826,-0.031649,0.261581,0.563595,-0.037598,0.279460,0.600298,-0.035335,0.174918,0.612755,-0.028645,0.186219,0.546587,-0.038820,0.214475,0.514899,-0.042065,0.242396,0.497769,-0.042065
2125,0,0.186618,0.176141,1.062299,2.460454,2.682206,0.183024,0.807227,0.000000,0.232293,0.767635,-0.000663,0.275543,0.699734,-0.004823,0.309044,0.649233,-0.015750,0.303230,0.608834,-0.025560,0.234816,0.598066,0.021917,0.259740,0.529213,0.000969,0.289361,0.546427,-0.017017,0.300645,0.579532,-0.024610,0.216860,0.593584,0.008415,0.247988,0.520621,-0.015156,0.280186,0.551852,-0.032252,0.291970,0.593104,-0.037717,0.196761,0.597453,-0.009098,0.230074,0.531956,-0.028134,0.265495,0.559000,-0.034331,0.283259,0.595203,-0.032648,0.175396,0.611340,-0.028233,0.192449,0.545720,-0.038727,0.222653,0.515882,-0.042092,0.251042,0.502052,-0.042092
2159,0,0.328114,0.284045,1.305317,2.530396,2.790543,0.180247,0.801144,0.000000,0.233864,0.760361,0.003094,0.275400,0.693407,-0.000261,0.307989,0.645209,-0.011177,0.305734,0.607670,-0.020930,0.226186,0.593574,0.026451,0.252975,0.531167,0.005974,0.285414,0.548749,-0.013255,0.298765,0.582249,-0.022120,0.208573,0.587965,0.011197,0.240706,0.514297,-0.011889,0.279470,0.541132,-0.029962,0.295641,0.584266,-0.036340,0.190725,0.591134,-0.007832,0.222825,0.515247,-0.026646,0.265811,0.537140,-0.034643,0.288089,0.575519,-0.034292,0.174638,0.605002,-0.028031,0.200301,0.539218,-0.040339,0.235462,0.521674,-0.044670,0.263316,0.523006,-0.044709
2193,0,0.275738,0.257931,0.864757,2.592867,2.858571,0.179104,0.798652,0.000000,0.232927,0.757342,0.005372,0.275598,0.689168,0.003423,0.309170,0.641857,-0.005614,0.310960,0.609671,-0.012838,0.219661,0.589102,0.026995,0.252042,0.530916,0.009008,0.286627,0.552266,-0.009430,0.301134,0.585140,-0.018908,0.200186,0.582950,0.011704,0.236203,0.507980,-0.008349,0.278839,0.530407,-0.025095,0.298216,0.571165,-0.031766,0.184010,0.586998,-0.006817,0.219110,0.504749,-0.023524,0.265504,0.519834,-0.031320,0.290964,0.555653,-0.031901,0.173575,0.601828,-0.026219,0.207720,0.538011,-0.039213,0.246539,0.527757,-0.043944,0.275400,0.536312,-0.044255
2226,0,0.280924,0.272763,1.190441,2.703092,2.937186,0.176759,0.796678,0.000000,0.233428,0.748201,0.010031,0.274378,0.683405,0.007816,0.309129,0.639665,-0.002236,0.316650,0.605741,-0.010480,0.204051,0.582646,0.026034,0.244385,0.522613,0.008367,0.282919,0.541419,-0.009363,0.301866,0.572952,-0.018598,0.185170,0.578692,0.008343,0.233342,0.501265,-0.010197,0.280466,0.521137,-0.024980,0.303531,0.561658,-0.030854,0.174406,0.585298,-0.011807,0.222051,0.504413,-0.027458,0.271355,0.517791,-0.033723,0.298175,0.552443,-0.033586,0.173474,0.602945,-0.032317,0.216280,0.538488,-0.043871,0.256671,0.533094,-0.046251,0.284902,0.546656,-0.044768
2260,0,0.407303,0.405626,0.724755,2.750087,2.945451,0.175324,0.792331,0.000000,0.233268,0.740350,0.010915,0.276288,0.677364,0.006413,0.311513,0.635156,-0.006403,0.315304,0.598449,-0.017578,0.196281,0.572607,0.019440,0.237860,0.500448,-0.001820,0.280557,0.521890,-0.021027,0.300773,0.555974,-0.030590,0.178529,0.573255,-0.000222,0.235160,0.491334,-0.020459,0.284458,0.519210,-0.035783,0.304245,0.562138,-0.042093,0.171314,0.584699,-0.021772,0.227315,0.505404,-0.038311,0.278320,0.526557,-0.042995,0.301854,0.564781,-0.041545,0.175361,0.607502,-0.043543,0.220193,0.540818,-0.054713,0.262089,0.539904,-0.055066,0.289137,0.557485,-0.051931
2293,0,0.240968,0.202923,0.725158,2.686815,2.901252,0.173274,0.787960,0.000000,0.233898,0.732876,0.007030,0.278166,0.671241,-0.000817,0.313906,0.628699,-0.015946,0.314495,0.588030,-0.029053,0.191328,0.566690,0.012541,0.236173,0.497792,-0.010207,0.277748,0.517083,-0.030364,0.298763,0.548953,-0.040591,0.174212,0.569430,-0.005104,0.234931,0.491967,-0.027147,0.282025,0.518814,-0.042974,0.303047,0.559841,-0.049567,0.169161,0.582244,-0.024525,0.226324,0.504611,-0.041584,0.274944,0.522035,-0.046429,0.300321,0.557167,-0.045198,0.176904,0.606355,-0.044404,0.222755,0.542593,-0.055326,0.263196,0.537920,-0.055961,0.291314,0.551647,-0.053062
2329,0,0.261020,0.231149,0.646068,2.643569,2.884196,0.171612,0.780056,0.000000,0.231456,0.726794,0.002166,0.278612,0.664804,-0.007900,0.315560,0.622271,-0.023339,0.314770,0.583665,-0.036275,0.184733,0.560643,0.004698,0.232620,0.492856,-0.018868,0.276461,0.509748,-0.040249,0.303351,0.539725,-0.051666,0.169818,0.564647,-0.010150,0.236110,0.486152,-0.033684,0.283405,0.511970,-0.051783,0.306604,0.552802,-0.059848,0.167581,0.577878,-0.026320,0.226174,0.504287,-0.042977,0.274935,0.518180,-0.049406,0.302369,0.552497,-0.049484,0.178862,0.602025,-0.043327,0.224246,0.541474,-0.052406,0.263504,0.536266,-0.053263,0.292440,0.549846,-0.050925
2363,0,0.170447,0.133436,0.556686,2.711975,2.967439,0.173727,0.774951,0.000000,0.234764,0.718432,0.004723,0.278682,0.658428,-0.004778,0.313966,0.617728,-0.020501,0.316923,0.579944,-0.033834,0.183536,0.554409,0.007664,0.235619,0.490388,-0.015896,0.278662,0.508640,-0.036782,0.303125,0.539667,-0.047552,0.169203,0.558848,-0.008430,0.237380,0.484983,-0.030924,0.283333,0.510995,-0.046704,0.305763,0.551207,-0.053255,0.168616,0.573310,-0.025992,0.230130,0.500191,-0.042812,0.277379,0.516353,-0.047090,0.303799,0.549869,-0.045548,0.181773,0.598289,-0.044161,0.230499,0.538505,-0.053872,0.268757,0.533847,-0.053448,0.296425,0.546003,-0.049864
2396,0,0.143566,0.101676,0.222062,2.737978,3.017931,0.173620,0.768621,0.000000,0.235221,0.711542,0.004804,0.278160,0.652693,-0.005237,0.312594,0.612331,-0.021479,0.317007,0.575149,-0.035502,0.181831,0.549727,0.005412,0.235282,0.485777,-0.018177,0.279336,0.503142,-0.038700,0.304923,0.532947,-0.049392,0.168416,0.555339,-0.010796,0.237923,0.481231,-0.032853,0.283956,0.506491,-0.047462,0.306435,0.544399,-0.053594,0.169464,0.570994,-0.028367,0.232435,0.497591,-0.045040,0.279387,0.513154,-0.047954,0.305229,0.545541,-0.045683,0.184010,0.597024,-0.046478,0.233728,0.537306,-0.056205,0.271004,0.531801,-0.054956,0.296980,0.542870,-0.050944
2430,0,0.132308,0.109482,0.332807,2.810905,3.093655,0.173868,0.763949,0.000000,0.235796,0.706837,0.006375,0.277435,0.646799,-0.002337,0.311435,0.607329,-0.017397,0.317164,0.571916,-0.030166,0.180367,0.544328,0.006413,0.236266,0.482820,-0.016366,0.280181,0.501899,-0.036105,0.305351,0.532101,-0.046392,0.167938,0.549931,-0.010268,0.240315,0.479088,-0.031365,0.285732,0.506621,-0.044743,0.306884,0.544552,-0.050139,0.170700,0.566363,-0.028180,0.235638,0.494980,-0.044406,0.281703,0.512911,-0.046392,0.306410,0.545198,-0.043581,0.187089,0.592846,-0.046542,0.237369,0.533651,-0.055610,0.273673,0.529487,-0.053437,0.298698,0.540345,-0.048790
2464,0,0.134815,0.121193,0.196844,2.854907,3.155701,0.175502,0.759614,0.000000,0.238892,0.699907,0.007767,0.278066,0.640634,0.000014,0.311166,0.602999,-0.014570,0.317683,0.566474,-0.026803,0.179845,0.542827,0.009951,0.235863,0.482144,-0.012446,0.279973,0.500190,-0.032182,0.305443,0.529968,-0.042440,0.168146,0.548261,-0.007378,0.239380,0.477649,-0.028287,0.284527,0.504383,-0.041623,0.306032,0.541355,-0.046928,0.171394,0.564190,-0.026117,0.235844,0.491959,-0.042514,0.281493,0.509661,-0.044443,0.305561,0.541680,-0.041475,0.188866,0.589679,-0.045185,0.238482,0.529903,-0.054385,0.273827,0.526420,-0.051899,0.297446,0.537552,-0.047003
2497,0,0.083855,0.082825,0.177332,2.864905,3.178522,0.177505,0.755615,0.000000,0.239994,0.696501,0.006750,0.279165,0.637482,-0.001348,0.311784,0.599290,-0.015981,0.315835,0.562603,-0.028117,0.178831,0.541515,0.009066,0.236015,0.480534,-0.013628,0.279800,0.498402,-0.033572,0.305153,0.527776,-0.043933,0.167437,0.546709,-0.007656,0.239796,0.475573,-0.028575,0.284553,0.502162,-0.041846,0.306043,0.538530,-0.047191,0.171336,0.562058,-0.025865,0.236520,0.489424,-0.042176,0.281823,0.506934,-0.044043,0.305572,0.538388,-0.041077,0.189463,0.586967,-0.044482,0.239641,0.527452,-0.053525,0.274862,0.524492,-0.050852,0.298495,0.535794,-0.045873
2530,0,0.085844,0.113876,0.335136,2.899558,3.220711,0.180165,0.751581,0.000000,0.241135,0.696112,0.007060,0.279074,0.637251,-0.000394,0.310813,0.599259,-0.014436,0.317347,0.562623,-0.026034,0.183000,0.539124,0.009347,0.238378,0.478707,-0.013135,0.281309,0.496779,-0.032145,0.305157,0.527148,-0.041438,0.170760,0.544106,-0.007096,0.240449,0.474427,-0.027300,0.285162,0.501667,-0.038798,0.306417,0.538198,-0.042776,0.173543,0.559551,-0.025185,0.238283,0.487050,-0.042125,0.282995,0.506570,-0.042993,0.306672,0.538956,-0.039015,0.190494,0.583961,-0.043535,0.240568,0.524292,-0.053334,0.275599,0.522408,-0.050225,0.298647,0.533983,-0.044620
2564,0,0.086943,0.059908,0.079448,2.929341,3.243988,0.181310,0.749505,0.000000,0.242337,0.694489,0.007329,0.279743,0.636040,0.000147,0.311526,0.598371,-0.013798,0.318307,0.561316,-0.025248,0.184663,0.538183,0.011217,0.240402,0.478683,-0.011002,0.283023,0.496944,-0.030050,0.306353,0.527321,-0.039386,0.172502,0.542451,-0.005300,0.241987,0.473709,-0.025051,0.286345,0.500912,-0.036698,0.307548,0.537361,-0.040820,0.175203,0.557161,-0.023564,0.239781,0.485293,-0.040139,0.284167,0.505151,-0.041178,0.307331,0.537831,-0.037343,0.192040,0.580971,-0.042110,0.242168,0.521899,-0.051714,0.277254,0.520791,-0.048632,0.300320,0.533278,-0.043006
2598,0,0.068409,0.077595,0.058872,2.917708,3.237838,0.181850,0.747774,0.000000,0.243252,0.693542,0.006917,0.281133,0.635780,-0.000640,0.312897,0.598558,-0.014833,0.319998,0.562428,-0.026579,0.186002,0.538186,0.010050,0.242015,0.478706,-0.012531,0.284777,0.497540,-0.031862,0.307944,0.528214,-0.041341,0.173983,0.542071,-0.006359,0.243946,0.473591,-0.026561,0.288297,0.501194,-0.038663,0.309561,0.538049,-0.043019,0.176745,0.556580,-0.024455,0.241254,0.484836,-0.041162,0.285869,0.504654,-0.042590,0.309089,0.537460,-0.038985,0.193565,0.580220,-0.042804,0.243302,0.521170,-0.052515,0.278480,0.520070,-0.049623,0.301660,0.532912,-0.044197
2633,0,0.061486,0.043103,0.066885,2.903625,3.235044,0.184375,0.747499,0.000000,0.245191,0.694294,0.006399,0.283043,0.636769,-0.001352,0.315062,0.599941,-0.015598,0.322063,0.564027,-0.027409,0.188841,0.538393,0.009776,0.244766,0.479752,-0.012860,0.287032,0.498541,-0.032120,0.309747,0.529577,-0.041416,0.176635,0.542481,-0.006266,0.245567,0.474412,-0.026520,0.290060,0.501921,-0.038608,0.311308,0.539079,-0.042909,0.178756,0.557122,-0.024032,0.242604,0.485294,-0.040989,0.287166,0.505061,-0.042518,0.310607,0.538194,-0.038856,0.195065,0.580956,-0.042056,0.244713,0.521482,-0.051903,0.279514,0.520363,-0.049059,0.302301,0.532732,-0.043549
2666,0,0.073900,0.035045,0.108917,2.917510,3.252535,0.185783,0.748476,0.000000,0.246575,0.694866,0.007299,0.284179,0.638173,-0.000261,0.316290,0.601028,-0.014678,0.323484,0.564944,-0.026824,0.191006,0.539251,0.011447,0.246036,0.481015,-0.010632,0.287891,0.498833,-0.029692,0.311185,0.529118,-0.039094,0.178728,0.543025,-0.005281,0.247632,0.475969,-0.025372,0.291606,0.503081,-0.037678,0.313221,0.539926,-0.042140,0.180725,0.557462,-0.023726,0.244911,0.486951,-0.040475,0.289418,0.506939,-0.042033,0.312758,0.539490,-0.038421,0.196633,0.581366,-0.042423,0.246212,0.522725,-0.052055,0.281098,0.521300,-0.049222,0.304016,0.533310,-0.043804
2699,0,0.032818,0.027728,0.110926,2.919083,3.253694,0.186449,0.749180,0.000000,0.246695,0.695994,0.007302,0.284681,0.639260,-0.000117,0.316879,0.601580,-0.014322,0.322817,0.564853,-0.026202,0.191014,0.540340,0.011102,0.246633,0.481557,-0.010686,0.288849,0.499597,-0.029511,0.312019,0.529695,-0.038746,0.178729,0.543887,-0.005409,0.248127,0.476226,-0.024787,0.292313,0.503417,-0.036623,0.313322,0.539622,-0.040975,0.181008,0.557861,-0.023601,0.245713,0.487324,-0.039560,0.289882,0.506965,-0.040834,0.313091,0.539327,-0.037295,0.197042,0.581383,-0.042072,0.247233,0.523067,-0.051272,0.282199,0.521244,-0.048441,0.305513,0.533367,-0.043134
2735,0,0.053435,0.054633,0.137951,2.915677,3.253429,0.187585,0.750469,0.000000,0.246489,0.698805,0.006987,0.284084,0.641256,-0.000219,0.316633,0.603226,-0.014053,0.324039,0.565794,-0.025522,0.191649,0.541371,0.011336,0.247233,0.482422,-0.009823,0.289408,0.500404,-0.028142,0.311998,0.530568,-0.037062,0.179590,0.544673,-0.004761,0.247809,0.477265,-0.023292,0.292193,0.503628,-0.034761,0.313543,0.539729,-0.039009,0.181914,0.558792,-0.022566,0.245873,0.488061,-0.038018,0.290227,0.507324,-0.039257,0.313316,0.539737,-0.035805,0.198026,0.582389,-0.040637,0.247824,0.523043,-0.049451,0.282581,0.521498,-0.046478,0.305495,0.533974,-0.041133
2768,0,0.058201,0.064801,0.118497,2.896796,3.231844,0.186769,0.751529,0.000000,0.245847,0.699672,0.007490,0.283824,0.641977,0.000110,0.316103,0.603850,-0.013891,0.323920,0.566967,-0.025622,0.192417,0.541193,0.009748,0.247703,0.481773,-0.011598,0.289588,0.499812,-0.029801,0.312238,0.530080,-0.038672,0.179805,0.545156,-0.006742,0.248394,0.477061,-0.025481,0.292621,0.503777,-0.036618,0.313586,0.540004,-0.040691,0.181595,0.559750,-0.024737,0.245688,0.488200,-0.040372,0.289984,0.507657,-0.041222,0.313130,0.539871,-0.037575,0.197204,0.584242,-0.042957,0.246822,0.524889,-0.052271,0.282152,0.522924,-0.049332,0.305542,0.535023,-0.043914
2803,0,0.046008,0.061465,0.230581,2.894270,3.224709,0.185040,0.752005,0.000000,0.245328,0.698808,0.007139,0.283744,0.641079,0.000070,0.316432,0.602690,-0.013459,0.322906,0.566287,-0.024654,0.191143,0.541094,0.010936,0.246443,0.483022,-0.010134,0.288496,0.500350,-0.028771,0.312263,0.529931,-0.038184,0.178994,0.544798,-0.005285,0.248178,0.477493,-0.024440,0.291975,0.503747,-0.036686,0.313575,0.540239,-0.041392,0.181288,0.559337,-0.023031,0.244825,0.488699,-0.038540,0.289052,0.506420,-0.040572,0.313081,0.537971,-0.037684,0.197321,0.583515,-0.041071,0.246345,0.525475,-0.050163,0.281334,0.522774,-0.047881,0.305262,0.534397,-0.043032
2837,0,0.046344,0.039075,0.121408,2.919215,3.253615,0.184786,0.752437,0.000000,0.244982,0.699638,0.007707,0.283048,0.641514,0.001044,0.315748,0.603169,-0.012378,0.322858,0.566585,-0.023524,0.190628,0.542097,0.012075,0.245731,0.484069,-0.008842,0.288237,0.501158,-0.027293,0.312142,0.530835,-0.036528,0.178666,0.545704,-0.004459,0.247039,0.478706,-0.023256,0.291711,0.504895,-0.035117,0.313637,0.541170,-0.039582,0.181235,0.559826,-0.022595,0.244996,0.489573,-0.038046,0.289692,0.508139,-0.039761,0.313625,0.540103,-0.036689,0.197751,0.583410,-0.041047,0.246901,0.524747,-0.049906,0.281870,0.523397,-0.047263,0.305344,0.536010,-0.042190
2871,0,0.028127,0.045532,0.135312,2.912880,3.256869,0.185644,0.751933,0.000000,0.246209,0.698333,0.007360,0.284273,0.641268,0.000196,0.316872,0.603474,-0.013723,0.322806,0.566562,-0.025308,0.191068,0.542208,0.011817,0.245761,0.483872,-0.009350,0.288040,0.501347,-0.027908,0.311202,0.531093,-0.037152,0.178800,0.545818,-0.004640,0.247068,0.478827,-0.023456,0.291277,0.505077,-0.035193,0.312236,0.541103,-0.039574,0.181140,0.560055,-0.022779,0.244923,0.489970,-0.038220,0.289268,0.508617,-0.039538,0.312457,0.540490,-0.036154,0.197276,0.583874,-0.041212,0.246840,0.525648,-0.050117,0.281707,0.524284,-0.047161,0.304890,0.537006,-0.041818
2905,0,0.092758,0.071977,0.258082,2.869611,3.221822,0.185337,0.753880,0.000000,0.245834,0.700398,0.006907,0.284120,0.642992,-0.000528,0.316454,0.604380,-0.014399,0.322925,0.568003,-0.025977,0.190445,0.543681,0.010025,0.246321,0.485330,-0.011764,0.288508,0.502781,-0.030643,0.312374,0.532556,-0.040030,0.178462,0.547347,-0.006255,0.248060,0.480284,-0.026367,0.292198,0.506313,-0.038894,0.314125,0.542806,-0.043508,0.180623,0.561977,-0.024096,0.245068,0.492332,-0.040456,0.289535,0.510325,-0.042549,0.313652,0.541607,-0.039427,0.196226,0.586379,-0.042195,0.245525,0.528666,-0.051776,0.280448,0.524814,-0.049682,0.304003,0.534759,-0.044856
2936,0,0.030149,0.033100,0.144220,2.872059,3.226891,0.185534,0.753389,0.000000,0.246086,0.700365,0.006596,0.284498,0.642829,-0.001277,0.316854,0.604428,-0.015565,0.322187,0.568936,-0.027523,0.189943,0.543519,0.009213,0.246194,0.484858,-0.012580,0.288572,0.502732,-0.031449,0.312263,0.532525,-0.040938,0.177838,0.547512,-0.007027,0.248383,0.479637,-0.026723,0.292039,0.506119,-0.038770,0.313334,0.542351,-0.043283,0.180469,0.562297,-0.024804,0.245510,0.491702,-0.040689,0.289830,0.510126,-0.042146,0.313324,0.541745,-0.038876,0.196790,0.586542,-0.042928,0.246339,0.528379,-0.052025,0.281216,0.525846,-0.049360,0.304607,0.537297,-0.044278
2971,0,0.064145,0.055153,0.174466,2.894624,3.236790,0.185868,0.754710,0.000000,0.245970,0.701989,0.007478,0.283932,0.644590,-0.000043,0.316371,0.606780,-0.014334,0.323824,0.569848,-0.026343,0.191694,0.543271,0.011299,0.247376,0.485401,-0.010500,0.289328,0.503476,-0.029290,0.312210,0.534191,-0.038521,0.179381,0.547036,-0.005436,0.248757,0.480503,-0.024763,0.292589,0.507453,-0.036533,0.313764,0.543835,-0.040793,0.181258,0.561518,-0.023840,0.246145,0.492111,-0.039976,0.290401,0.511772,-0.041112,0.313767,0.543986,-0.037420,0.196853,0.585821,-0.042497,0.246853,0.528000,-0.051870,0.281824,0.526317,-0.048852,0.305010,0.537929,-0.043349
3006,0,0.047840,0.042674,0.263078,2.885830,3.233447,0.184597,0.754864,0.000000,0.245311,0.700378,0.007129,0.283965,0.643107,-0.000318,0.316736,0.605154,-0.014312,0.322597,0.568343,-0.025987,0.188990,0.544063,0.010748,0.245204,0.486040,-0.010721,0.287662,0.503060,-0.029676,0.312042,0.532407,-0.039283,0.177179,0.547862,-0.005721,0.247751,0.480651,-0.025256,0.291822,0.506757,-0.037750,0.313563,0.543017,-0.042563,0.180011,0.562394,-0.023723,0.245072,0.492737,-0.039461,0.289600,0.510921,-0.041280,0.313100,0.542572,-0.038178,0.196555,0.586312,-0.042028,0.246156,0.528610,-0.051011,0.281148,0.526197,-0.048373,0.304821,0.538067,-0.043276
3034,0,0.039505,0.038306,0.225910,2.903684,3.253620,0.185195,0.754663,0.000000,0.246269,0.700119,0.007913,0.283723,0.643311,0.000681,0.315851,0.606571,-0.013308,0.323403,0.571243,-0.024944,0.189631,0.543723,0.011253,0.246318,0.485982,-0.010533,0.288446,0.503741,-0.029356,0.311780,0.533807,-0.038644,0.177632,0.547760,-0.005475,0.248391,0.481055,-0.025015,0.292162,0.507568,-0.036865,0.313788,0.543917,-0.041170,0.180293,0.562405,-0.023788,0.246224,0.493275,-0.039747,0.290205,0.512644,-0.041028,0.313571,0.544532,-0.037505,0.196677,0.586168,-0.042309,0.247116,0.529391,-0.051205,0.281366,0.527512,-0.048216,0.304350,0.538606,-0.042843
3083,0,0.062400,0.060277,0.076267,2.893166,3.243046,0.184696,0.755104,0.000000,0.245916,0.700612,0.007848,0.283684,0.643584,0.000273,0.315708,0.607049,-0.014073,0.323894,0.571627,-0.026123,0.189189,0.544082,0.010320,0.246713,0.486383,-0.012219,0.288997,0.505248,-0.031553,0.312306,0.535966,-0.041137,0.177453,0.548267,-0.006651,0.249570,0.481287,-0.027134,0.293387,0.509038,-0.039539,0.314777,0.546335,-0.044047,0.180234,0.563019,-0.025182,0.246628,0.493809,-0.041775,0.290976,0.513664,-0.043408,0.314314,0.545896,-0.039965,0.196607,0.587459,-0.043870,0.246867,0.530158,-0.053240,0.281253,0.528082,-0.050507,0.304183,0.538969,-0.045289
3116,0,0.030197,0.037303,0.112997,2.902750,3.247446,0.184417,0.754324,0.000000,0.245689,0.700832,0.007738,0.283690,0.643522,0.000276,0.315802,0.607023,-0.013974,0.324727,0.571406,-0.025941,0.190579,0.543322,0.010741,0.247462,0.486025,-0.011727,0.289659,0.505172,-0.031111,0.313183,0.536129,-0.040724,0.178366,0.547346,-0.006201,0.250099,0.480786,-0.026616,0.294278,0.509121,-0.039054,0.315869,0.546509,-0.043638,0.180675,0.562136,-0.024733,0.247009,0.492561,-0.041577,0.291850,0.513292,-0.043318,0.315184,0.546379,-0.039906,0.196687,0.586353,-0.043460,0.247541,0.529094,-0.053055,0.282331,0.528151,-0.050283,0.305060,0.539873,-0.045024
3145,0,0.039277,0.046456,0.122189,2.904353,3.255360,0.185049,0.753825,0.000000,0.246140,0.699383,0.007541,0.284089,0.643302,-0.000026,0.316011,0.607243,-0.014468,0.324009,0.570929,-0.026551,0.190306,0.543826,0.011487,0.247264,0.486586,-0.010926,0.289286,0.505141,-0.030341,0.312203,0.535792,-0.040004,0.178275,0.547421,-0.005347,0.249594,0.481373,-0.025554,0.293207,0.509158,-0.037975,0.314147,0.546078,-0.042602,0.180606,0.561496,-0.023881,0.246763,0.492368,-0.040431,0.290741,0.512552,-0.041926,0.313908,0.545172,-0.038438,0.196835,0.585302,-0.042709,0.247874,0.528490,-0.052105,0.282263,0.527614,-0.049222,0.304956,0.539437,-0.043848
3177,0,0.045253,0.048471,0.143165,2.903965,3.251891,0.184781,0.754859,0.000000,0.245887,0.699997,0.008521,0.283744,0.643364,0.001223,0.316028,0.607125,-0.013077,0.324770,0.572143,-0.025217,0.190316,0.543555,0.011325,0.247645,0.486230,-0.010989,0.289519,0.505458,-0.030242,0.312877,0.535923,-0.039851,0.178144,0.547518,-0.006123,0.250061,0.481330,-0.026455,0.293883,0.509263,-0.038931,0.315075,0.546132,-0.043496,0.180302,0.562411,-0.025093,0.247084,0.493798,-0.041727,0.291467,0.514164,-0.043319,0.314625,0.546296,-0.039851,0.195982,0.587199,-0.044240,0.246629,0.529908,-0.053654,0.281487,0.527883,-0.050893,0.304536,0.538571,-0.045620
3211,0,0.060485,0.075183,0.186620,2.903148,3.260355,0.185908,0.754041,0.000000,0.245968,0.700575,0.007326,0.283342,0.643767,-0.000063,0.315779,0.606809,-0.014181,0.323884,0.570647,-0.025963,0.190508,0.544004,0.010911,0.246864,0.486238,-0.010876,0.289226,0.504528,-0.029606,0.312204,0.535011,-0.038846,0.178279,0.547817,-0.005584,0.248495,0.481190,-0.025021,0.292698,0.508531,-0.036750,0.313720,0.545133,-0.040979,0.180543,0.562318,-0.023724,0.246279,0.492776,-0.039842,0.290483,0.512533,-0.041086,0.313718,0.544981,-0.037531,0.196600,0.586311,-0.042152,0.247382,0.528541,-0.051286,0.281838,0.527778,-0.048229,0.304544,0.540068,-0.042827
3240,0,0.025465,0.036346,0.109963,2.892008,3.243972,0.185046,0.754796,0.000000,0.245517,0.701931,0.007613,0.283472,0.644719,0.000246,0.315593,0.607648,-0.013916,0.324401,0.571695,-0.025797,0.191100,0.544338,0.011271,0.246944,0.486651,-0.010793,0.289098,0.504660,-0.029796,0.312127,0.535120,-0.039139,0.178600,0.548098,-0.005485,0.248771,0.481603,-0.025178,0.292804,0.508760,-0.037086,0.313911,0.545177,-0.041368,0.180470,0.562533,-0.023940,0.245931,0.492728,-0.040377,0.290161,0.512628,-0.041686,0.313449,0.544740,-0.038112,0.196013,0.586759,-0.042642,0.246647,0.529103,-0.052232,0.281391,0.527435,-0.049472,0.304730,0.539155,-0.044093
3274,0,0.029401,0.043243,0.166364,2.887653,3.230785,0.183760,0.755252,0.000000,0.244630,0.702206,0.007206,0.283496,0.644553,-0.000335,0.315940,0.607219,-0.014509,0.323175,0.571875,-0.026407,0.189444,0.543978,0.010922,0.245816,0.486345,-0.010930,0.288358,0.504536,-0.030279,0.312654,0.534851,-0.040064,0.177334,0.547765,-0.005705,0.248815,0.481268,-0.025413,0.292959,0.508362,-0.038146,0.314162,0.545120,-0.043047,0.179810,0.562254,-0.023885,0.245569,0.493020,-0.039815,0.290057,0.512223,-0.041662,0.313697,0.544374,-0.038536,0.196064,0.586555,-0.042372,0.246303,0.529226,-0.051465,0.281635,0.527741,-0.048694,0.305224,0.540038,-0.043438
3308,0,0.066328,0.063567,0.202835,2.901185,3.242646,0.184296,0.755665,0.000000,0.244355,0.703442,0.007481,0.283142,0.646260,0.000281,0.315702,0.609143,-0.013742,0.323411,0.572321,-0.025435,0.191919,0.544482,0.012272,0.247345,0.486898,-0.009173,0.289210,0.505346,-0.027857,0.311742,0.535814,-0.037012,0.179423,0.547823,-0.004317,0.248641,0.481546,-0.023066,0.292221,0.508770,-0.034626,0.312784,0.545366,-0.038794,0.181210,0.561918,-0.022656,0.246168,0.492551,-0.038330,0.289993,0.512624,-0.039435,0.313010,0.545208,-0.035783,0.196699,0.585867,-0.041323,0.246879,0.528106,-0.050335,0.281987,0.527563,-0.047165,0.305196,0.540684,-0.041572
3336,0,0.034377,0.045255,0.175549,2.879937,3.228020,0.183467,0.755796,0.000000,0.244467,0.703847,0.006633,0.283698,0.647261,-0.001006,0.316643,0.609817,-0.015169,0.323270,0.572211,-0.026960,0.192653,0.544546,0.011424,0.248018,0.488083,-0.009609,0.289438,0.505923,-0.028193,0.312284,0.535873,-0.037543,0.180089,0.548044,-0.004688,0.249357,0.482728,-0.023456,0.292435,0.509398,-0.035327,0.313491,0.545776,-0.039760,0.181553,0.562368,-0.022508,0.246224,0.493748,-0.037865,0.289938,0.512630,-0.039152,0.313025,0.544561,-0.035791,0.196583,0.586914,-0.040726,0.246684,0.530205,-0.049736,0.281343,0.528594,-0.046911,0.304764,0.540992,-0.041584
3371,0,0.077999,0.074058,0.256905,2.840184,3.196200,0.182979,0.756222,0.000000,0.243142,0.705990,0.004836,0.284217,0.649335,-0.003626,0.318308,0.611115,-0.018094,0.324047,0.573625,-0.030098,0.192715,0.545128,0.009190,0.248079,0.489403,-0.012209,0.289794,0.507283,-0.031205,0.314011,0.536880,-0.040904,0.180024,0.548467,-0.006051,0.250255,0.484071,-0.025525,0.293221,0.510488,-0.038189,0.314919,0.547093,-0.043083,0.181158,0.562948,-0.022935,0.246017,0.496107,-0.038439,0.290018,0.513990,-0.040368,0.314005,0.545568,-0.037403,0.195660,0.587809,-0.040368,0.246109,0.532384,-0.049406,0.281549,0.530137,-0.047084,0.306005,0.542054,-0.042047
3403,0,0.110734,0.099284,0.322033,2.874178,3.228247,0.183397,0.756954,0.000000,0.242579,0.708864,0.006757,0.282968,0.652179,-0.000712,0.317498,0.613712,-0.014707,0.324888,0.575736,-0.026457,0.196111,0.546747,0.012177,0.249383,0.490878,-0.008084,0.290846,0.508086,-0.026368,0.314489,0.538443,-0.035561,0.182878,0.549274,-0.003759,0.250424,0.484649,-0.021789,0.294489,0.510382,-0.033958,0.315835,0.547419,-0.038661,0.182959,0.562805,-0.021291,0.246520,0.495730,-0.035846,0.291285,0.514929,-0.037379,0.314922,0.547871,-0.034279,0.196355,0.586885,-0.039196,0.247004,0.531308,-0.047712,0.282810,0.530248,-0.045004,0.306722,0.543730,-0.039802
3450,0,0.066290,0.056383,0.112495,2.872821,3.225399,0.183678,0.758000,0.000000,0.242228,0.710510,0.006887,0.283363,0.653728,-0.000307,0.318281,0.615598,-0.014078,0.326601,0.577431,-0.025595,0.198483,0.547863,0.013299,0.250942,0.493039,-0.006224,0.291976,0.510548,-0.024270,0.315178,0.540923,-0.033458,0.184583,0.549817,-0.002604,0.251032,0.486468,-0.020347,0.294927,0.512761,-0.032777,0.316425,0.550278,-0.037685,0.183490,0.562631,-0.020078,0.246205,0.495675,-0.034425,0.290996,0.515111,-0.036252,0.314839,0.548864,-0.033351,0.195552,0.586008,-0.037972,0.246534,0.530231,-0.046533,0.282768,0.529891,-0.044061,0.306873,0.544542,-0.038975
3484,0,0.132519,0.135876,0.399103,2.764213,3.132147,0.183205,0.757494,0.000000,0.240866,0.711851,0.003232,0.284186,0.655303,-0.005457,0.320965,0.616255,-0.019572,0.326549,0.577779,-0.031301,0.199060,0.549250,0.007624,0.251099,0.492401,-0.012947,0.292368,0.509765,-0.031713,0.316763,0.539675,-0.041401,0.184914,0.551499,-0.006276,0.251562,0.486456,-0.025607,0.295313,0.511551,-0.039467,0.317484,0.549484,-0.045161,0.183168,0.564277,-0.021650,0.245017,0.498452,-0.036423,0.289735,0.515327,-0.039646,0.314539,0.547698,-0.037712,0.194396,0.587605,-0.037676,0.243760,0.532648,-0.046522,0.279930,0.529806,-0.045448,0.305246,0.542323,-0.041401
3524,0,0.082509,0.065608,0.204653,2.808002,3.172931,0.183781,0.758252,0.000000,0.241361,0.713289,0.004592,0.283749,0.656375,-0.003321,0.320209,0.617402,-0.017080,0.326859,0.578552,-0.028485,0.199701,0.550430,0.009892,0.252056,0.493783,-0.010223,0.293593,0.511579,-0.028592,0.317175,0.542071,-0.037956,0.185789,0.552138,-0.004664,0.251638,0.487193,-0.022988,0.295858,0.512744,-0.036237,0.317889,0.550661,-0.041715,0.184241,0.564301,-0.020750,0.246114,0.497813,-0.035091,0.291190,0.516217,-0.037956,0.315395,0.549486,-0.035879,0.195513,0.586939,-0.037383,0.245659,0.531574,-0.046120,0.282369,0.530519,-0.044723,0.307029,0.544549,-0.040498
3570,0,0.024698,0.033739,0.149646,2.793949,3.163436,0.182987,0.758339,0.000000,0.240785,0.713194,0.004895,0.283612,0.656676,-0.003034,0.320602,0.617946,-0.016910,0.327269,0.580771,-0.028572,0.200098,0.551551,0.010264,0.252107,0.494831,-0.009727,0.293436,0.511814,-0.028268,0.317451,0.542249,-0.037762,0.186180,0.553073,-0.004478,0.252295,0.487344,-0.023001,0.296416,0.511946,-0.036759,0.318394,0.550398,-0.042527,0.184396,0.564770,-0.020654,0.246179,0.497931,-0.034842,0.291049,0.515531,-0.038013,0.315216,0.549032,-0.036185,0.195429,0.586827,-0.037404,0.245345,0.531237,-0.045715,0.281859,0.529804,-0.044282,0.306165,0.544041,-0.040126
3603,0,0.059686,0.058751,0.174697,2.770632,3.142357,0.182639,0.757829,0.000000,0.240698,0.713466,0.003129,0.284772,0.656378,-0.005440,0.322102,0.616709,-0.019337,0.326262,0.578602,-0.030845,0.199678,0.551295,0.008227,0.251808,0.494034,-0.011850,0.293166,0.510400,-0.030630,0.318000,0.540583,-0.040361,0.186060,0.552852,-0.005485,0.253182,0.486749,-0.024184,0.296826,0.511059,-0.038565,0.318182,0.549640,-0.044706,0.184311,0.564870,-0.020575,0.246133,0.499091,-0.034221,0.290696,0.515938,-0.037704,0.314527,0.548827,-0.036267,0.195469,0.587253,-0.036375,0.244993,0.532456,-0.044023,0.280912,0.531197,-0.042587,0.305192,0.545710,-0.038530
3631,0,0.054866,0.057799,0.253811,2.764550,3.127545,0.182172,0.758847,0.000000,0.240570,0.713931,0.003479,0.283565,0.657407,-0.005324,0.320018,0.618473,-0.019821,0.327001,0.579574,-0.032095,0.200576,0.551451,0.009196,0.252807,0.494064,-0.011753,0.293690,0.511707,-0.031142,0.317567,0.542976,-0.041080,0.186375,0.552803,-0.005090,0.253824,0.487368,-0.024709,0.297093,0.513279,-0.039535,0.318176,0.552833,-0.045752,0.184159,0.564650,-0.020917,0.246112,0.498293,-0.035707,0.291007,0.516468,-0.039678,0.315031,0.550354,-0.038241,0.194728,0.587191,-0.037378,0.243803,0.531315,-0.046184,0.280780,0.530475,-0.045213,0.306204,0.545561,-0.041260
3658,0,0.037666,0.035856,0.162055,2.763575,3.133101,0.182068,0.758656,0.000000,0.240375,0.713657,0.003993,0.283734,0.656937,-0.004509,0.320683,0.618140,-0.018875,0.327092,0.580657,-0.031062,0.201034,0.552397,0.009735,0.252394,0.494794,-0.010835,0.292572,0.511645,-0.029656,0.316197,0.542547,-0.039229,0.186557,0.553488,-0.004786,0.252891,0.487279,-0.024392,0.295992,0.512938,-0.038688,0.316760,0.552747,-0.044457,0.183948,0.565183,-0.020858,0.245145,0.497264,-0.035696,0.289884,0.515788,-0.039121,0.313620,0.550085,-0.037246,0.194136,0.587385,-0.037570,0.243477,0.531349,-0.046296,0.280016,0.530260,-0.045142,0.304327,0.545034,-0.041140
3684,0,0.052176,0.053397,0.172424,2.773177,3.129041,0.182385,0.759108,0.000000,0.240674,0.713327,0.004453,0.284092,0.657331,-0.003932,0.320630,0.618752,-0.018452,0.326255,0.578919,-0.030792,0.202479,0.552181,0.011286,0.254135,0.495185,-0.009645,0.293754,0.514104,-0.028791,0.315913,0.546051,-0.038436,0.187216,0.552569,-0.003714,0.253161,0.487112,-0.023635,0.296307,0.513809,-0.038256,0.316990,0.554439,-0.044061,0.183461,0.563567,-0.020408,0.245078,0.496440,-0.035786,0.289982,0.516168,-0.039445,0.313641,0.551294,-0.037462,0.192367,0.585251,-0.037715,0.241909,0.529194,-0.047161,0.278899,0.528534,-0.046296,0.303765,0.543408,-0.042186
3710,0,0.098769,0.101789,0.369131,2.803781,3.144756,0.182437,0.759544,0.000000,0.240092,0.714307,0.005621,0.283101,0.658203,-0.001741,0.319571,0.618801,-0.015680,0.325309,0.577334,-0.027565,0.203741,0.554492,0.014325,0.254024,0.495942,-0.005658,0.293636,0.514357,-0.024329,0.315151,0.545764,-0.033710,0.188138,0.553597,-0.001118,0.252080,0.486081,-0.019847,0.295785,0.512648,-0.034289,0.315570,0.553051,-0.040272,0.183728,0.563030,-0.018346,0.244279,0.493279,-0.033240,0.289702,0.514247,-0.037018,0.312203,0.550199,-0.035283,0.191884,0.583192,-0.036078,0.241704,0.524611,-0.045441,0.279398,0.526372,-0.044393,0.303170,0.544032,-0.040272
3742,0,0.044665,0.045259,0.169213,2.775341,3.117795,0.182310,0.759969,0.000000,0.240315,0.714212,0.004503,0.283816,0.658358,-0.003386,0.320700,0.618494,-0.017547,0.324826,0.575575,-0.029528,0.203818,0.555078,0.013290,0.253157,0.496237,-0.006813,0.292405,0.514236,-0.025507,0.313973,0.545070,-0.034967,0.188233,0.554075,-0.001577,0.251628,0.485395,-0.020686,0.294846,0.511618,-0.035513,0.314850,0.551977,-0.041626,0.183646,0.563375,-0.018239,0.243231,0.493789,-0.033039,0.288465,0.513632,-0.037096,0.311466,0.549238,-0.035622,0.191659,0.583717,-0.035513,0.240488,0.525927,-0.044682,0.278129,0.526547,-0.043955,0.302838,0.543621,-0.040134
3769,0,0.053577,0.061124,0.104103,2.775140,3.112801,0.182741,0.760752,0.000000,0.240290,0.715770,0.004677,0.283451,0.659392,-0.002686,0.320286,0.619554,-0.016507,0.324286,0.575197,-0.028264,0.205423,0.555721,0.015027,0.253477,0.497215,-0.004860,0.292181,0.515141,-0.023605,0.313107,0.546241,-0.033050,0.189566,0.554051,0.000042,0.250803,0.485769,-0.018818,0.293988,0.511218,-0.034128,0.314302,0.551173,-0.040559,0.184142,0.563165,-0.016854,0.242713,0.494213,-0.031625,0.288031,0.513577,-0.036467,0.311132,0.548590,-0.035480,0.190880,0.583664,-0.034348,0.238804,0.525460,-0.043629,0.276507,0.525664,-0.043336,0.301345,0.541914,-0.039865
3799,0,0.140055,0.158886,0.554545,2.767039,3.110725,0.184378,0.763204,0.000000,0.239551,0.720454,0.004622,0.282226,0.663526,-0.002131,0.318164,0.622796,-0.015649,0.323816,0.576759,-0.027141,0.211295,0.562029,0.018075,0.254261,0.501366,-0.000825,0.292494,0.517662,-0.018955,0.311991,0.548074,-0.027946,0.194200,0.558431,0.003148,0.248710,0.486818,-0.014852,0.292592,0.510467,-0.029906,0.313337,0.549437,-0.036261,0.186264,0.564981,-0.014037,0.241045,0.492608,-0.029027,0.286883,0.512033,-0.034246,0.309906,0.547433,-0.033477,0.189324,0.582612,-0.031792,0.236465,0.523076,-0.041572,0.274689,0.524339,-0.041572,0.298892,0.541830,-0.038312
3851,0,0.229966,0.220370,0.840382,2.753466,3.138159,0.184262,0.764582,0.000000,0.239053,0.724580,0.006564,0.280711,0.668322,0.002541,0.316100,0.627676,-0.009029,0.323680,0.584228,-0.018851,0.221942,0.570867,0.024408,0.257828,0.510043,0.007145,0.293322,0.525044,-0.010330,0.310824,0.553461,-0.019220,0.204509,0.565060,0.008779,0.248573,0.490407,-0.009315,0.291756,0.511601,-0.024907,0.311719,0.550395,-0.031535,0.192584,0.568216,-0.009462,0.238565,0.491239,-0.025646,0.284510,0.509881,-0.032662,0.307478,0.545992,-0.032883,0.188803,0.581880,-0.028101,0.232863,0.521136,-0.039438,0.271460,0.521926,-0.041505,0.295774,0.539530,-0.039844
3885,0,0.328302,0.345600,1.661697,2.744259,3.144679,0.189512,0.761893,-0.000000,0.241998,0.728603,0.003625,0.283608,0.673034,0.002338,0.318204,0.628898,-0.005955,0.323706,0.589652,-0.012365,0.245868,0.579444,0.028273,0.268103,0.515620,0.012291,0.299129,0.531426,-0.004689,0.313621,0.559048,-0.013617,0.230173,0.570466,0.015296,0.254490,0.493128,-0.003221,0.293127,0.513937,-0.019405,0.310668,0.550953,-0.026307,0.213605,0.568358,-0.001226,0.238179,0.488670,-0.018979,0.281125,0.505198,-0.028273,0.303675,0.540311,-0.029683,0.198646,0.574562,-0.018487,0.230578,0.514228,-0.032652,0.267462,0.517095,-0.037883,0.291726,0.537663,-0.038366
3913,0,0.502321,0.498911,0.884917,2.381574,2.786700,0.191822,0.760935,0.000000,0.242300,0.733241,-0.005689,0.285576,0.675967,-0.011128,0.320410,0.628919,-0.021150,0.323122,0.583941,-0.029436,0.256406,0.581250,0.011691,0.283738,0.512367,-0.009892,0.310808,0.535724,-0.029104,0.319442,0.571250,-0.038387,0.236960,0.572243,0.002551,0.262071,0.488438,-0.020411,0.298114,0.514050,-0.038128,0.313131,0.554778,-0.045584,0.215738,0.571567,-0.010390,0.236154,0.481562,-0.031115,0.277236,0.500243,-0.041561,0.299762,0.538578,-0.043702,0.194153,0.580086,-0.024656,0.220028,0.514581,-0.042299,0.255898,0.512785,-0.050087,0.281195,0.532360,-0.052450
3945,0,0.337394,0.369643,0.969685,2.094076,2.448745,0.190661,0.764288,0.000000,0.243793,0.737972,-0.013611,0.290556,0.683294,-0.022267,0.327620,0.635286,-0.033476,0.336461,0.582518,-0.042839,0.262152,0.583110,0.003933,0.289104,0.518140,-0.019555,0.312196,0.532697,-0.039599,0.318421,0.565892,-0.048830,0.240181,0.570211,-0.000807,0.264180,0.487446,-0.024453,0.295088,0.505837,-0.042990,0.309069,0.544697,-0.050940,0.215721,0.568234,-0.009702,0.233582,0.481505,-0.030349,0.270389,0.494815,-0.041370,0.292646,0.529773,-0.044120,0.188657,0.577130,-0.020402,0.207952,0.512950,-0.037941,0.240456,0.506708,-0.045703,0.266346,0.522794,-0.047813
3979,0,0.274762,0.291610,1.071103,1.864936,2.186182,0.189743,0.768165,0.000000,0.245405,0.743938,-0.017409,0.295929,0.690023,-0.027539,0.333131,0.642002,-0.038965,0.349020,0.588972,-0.048356,0.266656,0.582024,-0.001720,0.291725,0.511870,-0.027155,0.312811,0.523355,-0.048471,0.319394,0.559585,-0.057766,0.242195,0.569007,-0.004316,0.266150,0.488479,-0.028768,0.293514,0.503854,-0.047165,0.306336,0.543612,-0.054271,0.215143,0.569182,-0.011302,0.231446,0.487602,-0.031322,0.264807,0.492717,-0.041788,0.287631,0.522302,-0.044093,0.184848,0.580522,-0.020376,0.197449,0.516477,-0.036603,0.225348,0.502317,-0.043440,0.250564,0.511869,-0.044554
4013,0,0.400977,0.422531,3.035135,1.620494,1.929781,0.182392,0.779291,0.000000,0.242692,0.756569,-0.020827,0.300007,0.699685,-0.029859,0.340657,0.648878,-0.039727,0.361515,0.595986,-0.048272,0.267213,0.594442,0.000216,0.290763,0.522385,-0.024136,0.311976,0.518094,-0.045858,0.323238,0.545933,-0.055785,0.239970,0.577581,-0.000681,0.263298,0.501369,-0.023474,0.288423,0.499269,-0.042705,0.304053,0.530571,-0.050764,0.210187,0.574320,-0.006574,0.228402,0.497465,-0.025557,0.256198,0.483765,-0.037002,0.278666,0.501198,-0.040214,0.176192,0.582992,-0.015017,0.186994,0.518679,-0.030734,0.211734,0.494559,-0.037547,0.237240,0.496513,-0.038404
4043,0,0.773975,0.768836,5.444958,1.610366,1.876588,0.173320,0.788698,0.000000,0.239880,0.766740,-0.024389,0.300287,0.714564,-0.032031,0.341764,0.660384,-0.039888,0.371564,0.610576,-0.046828,0.271726,0.603255,0.012828,0.293028,0.547683,-0.000786,0.306946,0.522011,-0.018852,0.317397,0.507484,-0.031329,0.241336,0.583466,0.014076,0.262688,0.517945,0.001272,0.279167,0.491264,-0.017575,0.293563,0.483471,-0.030296,0.207932,0.576034,0.009543,0.226649,0.508989,-0.004045,0.244020,0.479201,-0.017039,0.261772,0.469024,-0.024818,0.169005,0.580389,0.001911,0.178810,0.522512,-0.010333,0.194461,0.492202,-0.017127,0.213953,0.475966,-0.020646
4074,0,0.572601,0.549848,2.660731,1.088331,1.396444,0.170986,0.788184,0.000000,0.239038,0.778235,-0.027759,0.304858,0.729404,-0.036078,0.348251,0.676336,-0.041900,0.380534,0.630601,-0.046698,0.275218,0.603155,-0.002882,0.296643,0.536731,-0.011732,0.304871,0.498166,-0.024316,0.311151,0.461790,-0.034472,0.240877,0.581396,0.000460,0.260603,0.509090,-0.004952,0.272435,0.465796,-0.017352,0.281959,0.429442,-0.027701,0.204457,0.574841,-0.000907,0.220601,0.504751,-0.008130,0.232649,0.463660,-0.017894,0.244560,0.426642,-0.025767,0.164360,0.580558,-0.005513,0.173350,0.519960,-0.013696,0.181541,0.484353,-0.018184,0.191995,0.450086,-0.021337
4109,0,0.800977,0.837403,0.526016,0.407824,0.755616,0.170483,0.795844,0.000000,0.241166,0.790395,-0.032789,0.306965,0.747360,-0.045532,0.352280,0.697276,-0.055059,0.389851,0.655144,-0.063753,0.275175,0.610412,-0.018429,0.295120,0.532444,-0.033385,0.302436,0.482447,-0.047954,0.307378,0.436125,-0.059188,0.238281,0.585205,-0.014787,0.256541,0.497465,-0.027113,0.266933,0.444591,-0.041324,0.274051,0.398847,-0.052003,0.199787,0.578569,-0.015432,0.213334,0.495225,-0.028859,0.221117,0.444674,-0.040768,0.227968,0.398488,-0.048906,0.159538,0.586873,-0.019402,0.166520,0.517223,-0.033107,0.171024,0.473613,-0.040471,0.176751,0.432143,-0.044579
4138,0,0.491175,0.563701,0.378029,0.503889,0.680350,0.169327,0.805438,0.000000,0.240656,0.801817,-0.034607,0.305065,0.759173,-0.049038,0.353575,0.712530,-0.060065,0.394976,0.676919,-0.070424,0.270115,0.608375,-0.025751,0.291724,0.524502,-0.042856,0.300701,0.470322,-0.057935,0.306949,0.421361,-0.069422,0.231168,0.582999,-0.022117,0.250511,0.488669,-0.036925,0.262428,0.430852,-0.050960,0.270466,0.381327,-0.061277,0.190731,0.579117,-0.022556,0.201528,0.488177,-0.038366,0.208921,0.434826,-0.050249,0.215232,0.387456,-0.057977,0.150132,0.592445,-0.026440,0.153840,0.519159,-0.042606,0.156734,0.472427,-0.050792,0.161208,0.429336,-0.055137
4176,0,0.290742,0.310330,0.353415,0.681313,0.581508,0.164002,0.813694,0.000001,0.237475,0.804780,-0.032908,0.301597,0.762819,-0.047392,0.350395,0.720528,-0.059164,0.392487,0.689230,-0.070366,0.261197,0.607368,-0.025490,0.290482,0.521924,-0.042863,0.303668,0.468490,-0.057807,0.313271,0.420836,-0.069097,0.221167,0.582226,-0.023127,0.243281,0.482993,-0.037896,0.256484,0.423681,-0.051768,0.264913,0.374887,-0.061877,0.180689,0.579810,-0.024637,0.189732,0.484974,-0.040237,0.196598,0.427959,-0.052775,0.203401,0.378297,-0.061002,0.140603,0.597150,-0.029407,0.140630,0.523320,-0.045773,0.141514,0.475268,-0.054131,0.144982,0.430513,-0.058507
4224,0,0.222811,0.166734,0.154487,0.846618,0.599463,0.156177,0.818928,0.000001,0.230495,0.808159,-0.033893,0.295247,0.763657,-0.049080,0.345848,0.718726,-0.061520,0.389292,0.688773,-0.073507,0.251374,0.609647,-0.026538,0.282045,0.522852,-0.045357,0.296902,0.468303,-0.061339,0.308255,0.418517,-0.073234,0.211374,0.583501,-0.023882,0.235139,0.483383,-0.039341,0.249551,0.422707,-0.053166,0.259493,0.372440,-0.063200,0.171087,0.580939,-0.025289,0.180093,0.485230,-0.041067,0.187399,0.427800,-0.052939,0.194524,0.378977,-0.060658,0.131074,0.597920,-0.030215,0.130312,0.523579,-0.045766,0.131370,0.475403,-0.053166,0.134877,0.431189,-0.056980
4257,0,0.184555,0.123270,0.152004,0.987966,0.656926,0.150116,0.822687,0.000001,0.224329,0.809039,-0.033760,0.288308,0.764647,-0.049720,0.339766,0.720266,-0.062966,0.383664,0.689348,-0.075615,0.243086,0.609959,-0.026677,0.274931,0.521762,-0.045443,0.290875,0.466957,-0.061495,0.303072,0.417456,-0.073269,0.202870,0.583721,-0.023871,0.228638,0.482215,-0.039095,0.244095,0.419785,-0.052894,0.255071,0.368938,-0.062829,0.162307,0.581445,-0.025044,0.171731,0.484294,-0.040245,0.180385,0.426377,-0.051928,0.189011,0.378236,-0.059471,0.122152,0.598713,-0.029689,0.121950,0.523621,-0.044385,0.123521,0.475250,-0.051100,0.127839,0.432173,-0.054458
4290,0,0.187093,0.103107,0.144706,1.099879,0.702674,0.145096,0.824988,0.000001,0.218650,0.808875,-0.033752,0.283093,0.764189,-0.049755,0.335427,0.720033,-0.063079,0.379520,0.691665,-0.075891,0.234307,0.611507,-0.025553,0.269420,0.523684,-0.044724,0.287695,0.468331,-0.061449,0.301786,0.419083,-0.073468,0.194080,0.585582,-0.022781,0.221112,0.481848,-0.037945,0.237846,0.417468,-0.052131,0.249919,0.365436,-0.062241,0.153843,0.583113,-0.024039,0.162264,0.484563,-0.039017,0.171767,0.425997,-0.050547,0.181203,0.377369,-0.057861,0.114059,0.600341,-0.028791,0.113219,0.524850,-0.042721,0.115094,0.476608,-0.048544,0.119819,0.433665,-0.051199
4324,0,0.162595,0.064874,0.090772,1.250567,0.696236,0.137950,0.823733,0.000001,0.212428,0.809627,-0.034391,0.277888,0.764382,-0.050581,0.330805,0.719642,-0.064057,0.376061,0.692153,-0.076971,0.228539,0.611236,-0.025525,0.265567,0.525123,-0.044802,0.285304,0.469567,-0.061764,0.300235,0.420614,-0.073930,0.187785,0.584639,-0.022647,0.214883,0.479898,-0.037877,0.231515,0.414684,-0.052219,0.243057,0.361876,-0.062326,0.147441,0.582035,-0.023934,0.155272,0.483170,-0.039421,0.164321,0.424457,-0.051143,0.173185,0.375522,-0.058489,0.107408,0.599447,-0.028776,0.105270,0.524022,-0.043165,0.106310,0.475694,-0.049177,0.110446,0.432252,-0.051938
4356,0,0.183968,0.107830,0.037189,1.362822,0.690318,0.131482,0.823934,0.000001,0.206230,0.810342,-0.034795,0.272954,0.764959,-0.051055,0.326910,0.720127,-0.064475,0.372451,0.692704,-0.077145,0.223774,0.609634,-0.024894,0.262382,0.522726,-0.043382,0.282304,0.466909,-0.059736,0.296946,0.418244,-0.071467,0.182211,0.582768,-0.021609,0.210133,0.477215,-0.036062,0.226838,0.411636,-0.049882,0.238221,0.359231,-0.059548,0.141391,0.580132,-0.022489,0.149637,0.480410,-0.037024,0.158813,0.421542,-0.048239,0.167680,0.372864,-0.055278,0.101305,0.597764,-0.027006,0.099002,0.522134,-0.040520,0.099886,0.473539,-0.045916,0.104020,0.430554,-0.048145
4390,0,0.137995,0.140168,0.114672,1.468397,0.784537,0.129551,0.826305,0.000001,0.203507,0.809756,-0.034227,0.269922,0.764638,-0.050357,0.323363,0.720415,-0.063763,0.368938,0.693571,-0.076364,0.217901,0.608495,-0.024077,0.256855,0.521879,-0.042493,0.277253,0.466302,-0.059026,0.292265,0.417383,-0.070916,0.176874,0.581550,-0.020974,0.205062,0.475431,-0.035032,0.221899,0.410068,-0.048746,0.233389,0.357742,-0.058410,0.136255,0.578955,-0.022028,0.144420,0.478592,-0.036216,0.154060,0.419505,-0.047325,0.163075,0.370591,-0.054289,0.096185,0.596768,-0.026671,0.094315,0.520522,-0.039840,0.095563,0.471774,-0.044956,0.099798,0.428173,-0.047088
4422,0,0.146031,0.056686,0.091932,1.596456,0.810804,0.125601,0.824657,0.000001,0.199937,0.809201,-0.035752,0.267094,0.764663,-0.052554,0.320329,0.719419,-0.066396,0.366698,0.692820,-0.079379,0.214029,0.607075,-0.023711,0.252178,0.520054,-0.042267,0.272202,0.463817,-0.059236,0.286763,0.414393,-0.071599,0.172702,0.580466,-0.020048,0.199120,0.474554,-0.034511,0.215315,0.408958,-0.049069,0.226517,0.355766,-0.059523,0.131974,0.577877,-0.020752,0.139804,0.478039,-0.035513,0.149169,0.418984,-0.047184,0.158338,0.369658,-0.054558,0.092008,0.594519,-0.025227,0.089884,0.518133,-0.038687,0.090770,0.469145,-0.044057,0.094820,0.425700,-0.046444
4455,0,0.198332,0.174045,0.116264,1.767920,0.954803,0.124111,0.825558,0.000001,0.197641,0.809522,-0.037205,0.263423,0.764314,-0.055534,0.316984,0.719622,-0.070701,0.363553,0.691140,-0.085012,0.210880,0.607920,-0.028195,0.249165,0.519650,-0.048354,0.268865,0.462387,-0.065946,0.283460,0.411822,-0.078641,0.169010,0.580983,-0.024332,0.195564,0.474097,-0.040152,0.211526,0.407122,-0.054915,0.222351,0.352552,-0.065471,0.128255,0.578571,-0.024771,0.135443,0.478075,-0.040462,0.144320,0.418254,-0.052110,0.152840,0.368169,-0.059432,0.088364,0.596398,-0.029051,0.085312,0.519360,-0.043362,0.085781,0.469793,-0.048972,0.089296,0.425498,-0.051445
4489,0,0.093718,0.079102,0.058574,1.812070,0.981153,0.122712,0.826093,0.000001,0.197324,0.809732,-0.036500,0.262971,0.764366,-0.054334,0.316126,0.719403,-0.069238,0.361823,0.690578,-0.083286,0.209155,0.607092,-0.026667,0.246241,0.518367,-0.046572,0.265602,0.460973,-0.064143,0.279887,0.410462,-0.076762,0.167183,0.580591,-0.023155,0.192034,0.472657,-0.038786,0.207569,0.405592,-0.053715,0.218222,0.351027,-0.064286,0.126275,0.578337,-0.023952,0.132485,0.477536,-0.039524,0.141116,0.417052,-0.051191,0.149489,0.366225,-0.058572,0.086586,0.596193,-0.028524,0.082219,0.519281,-0.042667,0.082052,0.469560,-0.048167,0.085165,0.424925,-0.050572
4521,0,0.079628,0.063736,0.045250,1.882813,1.034007,0.121956,0.826010,0.000001,0.195959,0.809415,-0.038246,0.261341,0.763907,-0.056903,0.315227,0.718362,-0.072335,0.361634,0.689240,-0.086859,0.207587,0.606349,-0.028141,0.244538,0.517365,-0.048255,0.263673,0.459646,-0.066124,0.277732,0.408855,-0.079023,0.165522,0.580192,-0.023817,0.189705,0.471841,-0.039631,0.204477,0.404585,-0.054848,0.214705,0.349843,-0.065789,0.124472,0.578111,-0.023936,0.130528,0.477394,-0.039583,0.138704,0.416771,-0.051552,0.146775,0.365986,-0.059244,0.084548,0.596152,-0.027974,0.080051,0.519450,-0.042235,0.079390,0.469861,-0.047992,0.082050,0.425263,-0.050692
4554,0,0.061528,0.083290,0.104914,1.916149,1.101820,0.123241,0.827015,0.000001,0.195955,0.809912,-0.038504,0.260672,0.763342,-0.057697,0.314859,0.718389,-0.073615,0.361691,0.687840,-0.088577,0.207141,0.607404,-0.029733,0.243392,0.517579,-0.050383,0.262592,0.459896,-0.068357,0.276592,0.409130,-0.081263,0.165431,0.580629,-0.025550,0.189355,0.472105,-0.041850,0.204320,0.404859,-0.056980,0.214805,0.350065,-0.067831,0.124650,0.578927,-0.025741,0.129873,0.477972,-0.041659,0.138079,0.417557,-0.053442,0.146124,0.366640,-0.060995,0.084775,0.597251,-0.029876,0.079422,0.520570,-0.044288,0.078384,0.471112,-0.049857,0.080743,0.426325,-0.052486
4590,0,0.046714,0.055489,0.052778,1.896517,1.070048,0.123177,0.826324,0.000001,0.195239,0.809126,-0.038260,0.259665,0.763953,-0.057534,0.314671,0.719595,-0.073603,0.361542,0.689243,-0.088716,0.207090,0.606772,-0.028313,0.244043,0.517751,-0.048280,0.263044,0.460931,-0.065856,0.276785,0.410741,-0.078673,0.165689,0.580352,-0.024259,0.190089,0.472503,-0.040197,0.204771,0.405418,-0.055334,0.214745,0.350742,-0.066238,0.124617,0.578772,-0.024678,0.129228,0.477916,-0.040508,0.136837,0.417938,-0.052369,0.144593,0.366916,-0.060021,0.084268,0.597126,-0.028982,0.078586,0.520710,-0.043330,0.077526,0.471531,-0.048949,0.079870,0.426670,-0.051604
4626,0,0.092683,0.089831,0.061906,1.948067,1.126001,0.123247,0.826513,0.000001,0.195463,0.809566,-0.039440,0.259194,0.764412,-0.059602,0.314416,0.720337,-0.076447,0.361982,0.689327,-0.092385,0.207554,0.608123,-0.030970,0.244500,0.518521,-0.052062,0.263355,0.460972,-0.070148,0.276606,0.410232,-0.083223,0.166156,0.581448,-0.026795,0.190742,0.473086,-0.043950,0.205280,0.405386,-0.059554,0.214829,0.349868,-0.070720,0.125141,0.580002,-0.027105,0.130054,0.479028,-0.043997,0.137379,0.418361,-0.056309,0.144861,0.366531,-0.064231,0.084758,0.598843,-0.031352,0.078867,0.522913,-0.046741,0.077589,0.473129,-0.052921,0.079647,0.427537,-0.055927
4658,0,0.025247,0.027216,0.038104,1.929346,1.124517,0.123734,0.826837,0.000001,0.195282,0.809564,-0.039229,0.259454,0.764397,-0.059285,0.315415,0.720368,-0.075978,0.363029,0.689571,-0.091718,0.207949,0.608521,-0.030740,0.244456,0.519126,-0.051606,0.263269,0.461736,-0.069683,0.276649,0.410978,-0.082751,0.166338,0.581593,-0.026566,0.190315,0.473745,-0.043355,0.205116,0.406385,-0.058808,0.214929,0.351032,-0.069921,0.125311,0.580176,-0.026876,0.129941,0.479527,-0.043355,0.137422,0.418823,-0.055469,0.144890,0.366904,-0.063339,0.085239,0.598737,-0.031169,0.079082,0.522678,-0.046169,0.077476,0.472773,-0.052179,0.079268,0.427094,-0.055136
4690,0,0.038028,0.038769,0.043940,1.907172,1.088947,0.123512,0.826098,0.000001,0.195738,0.809394,-0.038425,0.260486,0.763578,-0.057852,0.316009,0.719421,-0.074041,0.363176,0.688688,-0.089372,0.207939,0.608177,-0.029569,0.244697,0.519202,-0.050090,0.263528,0.462118,-0.067803,0.276831,0.411420,-0.080707,0.166369,0.581375,-0.025736,0.191036,0.473306,-0.042377,0.205591,0.405985,-0.057661,0.215057,0.350464,-0.068565,0.125333,0.579597,-0.026331,0.130545,0.478705,-0.042829,0.137799,0.418042,-0.054947,0.144771,0.365957,-0.062804,0.085052,0.598110,-0.030830,0.079081,0.522065,-0.045805,0.077575,0.472713,-0.051805,0.079297,0.427207,-0.054661
4723,0,0.044894,0.039944,0.059038,1.890299,1.059962,0.123356,0.825379,0.000001,0.195533,0.809230,-0.038950,0.260559,0.763208,-0.058091,0.316648,0.718082,-0.073947,0.363665,0.686765,-0.088756,0.208613,0.608027,-0.029307,0.244961,0.518546,-0.049473,0.263567,0.461407,-0.067043,0.276767,0.410789,-0.079804,0.166927,0.581085,-0.024951,0.191136,0.472878,-0.041045,0.205479,0.405493,-0.056187,0.214822,0.350191,-0.067043,0.125667,0.578727,-0.025117,0.130418,0.478492,-0.041045,0.137415,0.417946,-0.053092,0.144363,0.366369,-0.060900,0.085321,0.596511,-0.029260,0.078964,0.520506,-0.043687,0.077190,0.471671,-0.049473,0.078897,0.426563,-0.052282
4756,0,0.029770,0.037523,0.053565,1.904761,1.086883,0.123518,0.826017,0.000001,0.195999,0.809515,-0.039263,0.261052,0.763414,-0.058585,0.316502,0.717528,-0.074528,0.363400,0.685785,-0.089425,0.208627,0.607309,-0.029554,0.244960,0.517771,-0.049828,0.263650,0.460316,-0.067628,0.276806,0.409105,-0.080525,0.166490,0.580609,-0.025105,0.190526,0.472637,-0.041310,0.205002,0.404820,-0.056586,0.214621,0.348955,-0.067580,0.125225,0.579070,-0.025224,0.130009,0.478618,-0.041310,0.136976,0.417550,-0.053636,0.143904,0.365249,-0.061631,0.084998,0.597519,-0.029340,0.079239,0.521640,-0.044117,0.077497,0.472157,-0.050304,0.079020,0.426664,-0.053303
4789,0,0.034298,0.048661,0.049554,1.913553,1.086649,0.124255,0.824748,0.000001,0.196442,0.808178,-0.038898,0.261260,0.762046,-0.058109,0.316537,0.716616,-0.074079,0.363214,0.685788,-0.089095,0.208267,0.606326,-0.029078,0.244501,0.516915,-0.049386,0.263016,0.459575,-0.067119,0.276449,0.408659,-0.079990,0.166252,0.580073,-0.024812,0.189597,0.471670,-0.040853,0.204179,0.403967,-0.055917,0.213937,0.348209,-0.066738,0.125028,0.578970,-0.025122,0.129110,0.478189,-0.040972,0.135762,0.417040,-0.053009,0.142230,0.364723,-0.060779,0.085045,0.597931,-0.029412,0.078928,0.521908,-0.043928,0.077126,0.472375,-0.049767,0.078384,0.426754,-0.052580
4822,0,0.033529,0.033767,0.051581,1.919905,1.092025,0.124339,0.824524,0.000001,0.196384,0.807996,-0.038977,0.261481,0.760924,-0.058073,0.316843,0.714960,-0.073816,0.363604,0.684012,-0.088655,0.208494,0.607055,-0.029702,0.244487,0.517674,-0.050130,0.263227,0.460394,-0.067965,0.276508,0.409215,-0.080902,0.166589,0.580525,-0.025422,0.189956,0.472367,-0.041688,0.204142,0.404584,-0.056931,0.213286,0.348507,-0.067918,0.125448,0.578838,-0.025636,0.129289,0.478506,-0.041759,0.135403,0.417461,-0.054030,0.141512,0.365277,-0.061973,0.085429,0.597313,-0.029869,0.078953,0.521256,-0.044589,0.076838,0.471801,-0.050653,0.077937,0.426276,-0.053602
4855,0,0.030094,0.047790,0.028291,1.943675,1.131540,0.125081,0.824926,0.000001,0.196694,0.808520,-0.038938,0.261199,0.761968,-0.058419,0.315912,0.716055,-0.074554,0.362684,0.684898,-0.089692,0.208312,0.606985,-0.030420,0.244126,0.517403,-0.051016,0.262608,0.460203,-0.068764,0.275784,0.409124,-0.081625,0.166390,0.580362,-0.026172,0.189483,0.471967,-0.042640,0.203733,0.404370,-0.057802,0.213074,0.348535,-0.068669,0.125306,0.578774,-0.026386,0.128872,0.478335,-0.042663,0.135240,0.417291,-0.054860,0.141278,0.365092,-0.062785,0.085463,0.597352,-0.030562,0.078921,0.521180,-0.045416,0.076729,0.471365,-0.051585,0.077759,0.425798,-0.054670
4887,0,0.042251,0.050362,0.058360,1.941555,1.092475,0.123815,0.824284,0.000001,0.196326,0.807621,-0.038576,0.260278,0.761255,-0.057864,0.314726,0.715690,-0.073921,0.361614,0.684848,-0.089076,0.207666,0.606368,-0.029193,0.244203,0.517591,-0.049645,0.262918,0.460335,-0.067318,0.275963,0.409646,-0.080192,0.165991,0.579518,-0.025060,0.189900,0.471846,-0.041569,0.204137,0.404463,-0.056676,0.213342,0.348943,-0.067413,0.125109,0.577676,-0.025440,0.128933,0.476894,-0.041949,0.135141,0.416180,-0.054111,0.141385,0.364217,-0.061855,0.085254,0.595922,-0.029740,0.078437,0.519937,-0.044776,0.076451,0.470419,-0.050880,0.077760,0.424836,-0.053778
4919,0,0.056718,0.063138,0.079776,1.983867,1.149117,0.124007,0.824928,0.000001,0.195758,0.808009,-0.039315,0.259195,0.761382,-0.059103,0.314751,0.716016,-0.075589,0.361657,0.684167,-0.091030,0.207789,0.606613,-0.030668,0.243461,0.516636,-0.051454,0.261641,0.459153,-0.069365,0.274461,0.408101,-0.082288,0.165685,0.579775,-0.026392,0.188720,0.471224,-0.043163,0.202786,0.403483,-0.058485,0.212024,0.347967,-0.069413,0.124441,0.577997,-0.026606,0.128446,0.477185,-0.043068,0.134756,0.416161,-0.055350,0.141022,0.364185,-0.063236,0.084532,0.596849,-0.030787,0.078110,0.520867,-0.045800,0.075841,0.471195,-0.051976,0.076750,0.426068,-0.054922
4951,0,0.047896,0.060698,0.048409,2.007710,1.201558,0.124862,0.825779,0.000001,0.196142,0.808360,-0.039164,0.259250,0.761689,-0.059376,0.314465,0.716311,-0.076327,0.361736,0.684105,-0.092326,0.207840,0.606916,-0.031331,0.242994,0.517104,-0.052662,0.261552,0.459463,-0.070851,0.275162,0.408626,-0.084041,0.165734,0.580227,-0.027379,0.188069,0.471605,-0.044568,0.201966,0.403957,-0.059995,0.211218,0.348527,-0.071042,0.124360,0.578803,-0.027926,0.127823,0.477859,-0.044758,0.134067,0.416379,-0.057043,0.140320,0.363770,-0.065042,0.084221,0.598002,-0.032426,0.077362,0.522006,-0.047734,0.075125,0.471861,-0.054043,0.076150,0.425863,-0.057186
4995,0,0.035578,0.034358,0.068010,2.001261,1.177470,0.124268,0.825348,0.000001,0.195928,0.807613,-0.038853,0.259393,0.761120,-0.058613,0.314376,0.715790,-0.075230,0.361725,0.683970,-0.090942,0.206988,0.606544,-0.030235,0.243202,0.517560,-0.051232,0.261703,0.459850,-0.069135,0.274816,0.408936,-0.082181,0.165118,0.580016,-0.026449,0.188219,0.471817,-0.043638,0.202188,0.404076,-0.059041,0.211178,0.348049,-0.070040,0.123741,0.578855,-0.027211,0.127243,0.477389,-0.044376,0.133101,0.415927,-0.056851,0.139052,0.363036,-0.064850,0.083638,0.598506,-0.031854,0.076657,0.522602,-0.047685,0.074206,0.472671,-0.054232,0.074970,0.426326,-0.057518
5029,0,0.038522,0.040120,0.040861,2.028319,1.183871,0.123929,0.824578,0.000001,0.195290,0.807194,-0.039475,0.258245,0.761437,-0.059736,0.313820,0.715927,-0.076715,0.361374,0.684418,-0.092696,0.206467,0.607229,-0.031366,0.242615,0.517497,-0.052602,0.261085,0.459847,-0.070723,0.274096,0.408546,-0.083849,0.164560,0.580301,-0.027228,0.187618,0.472217,-0.044422,0.201413,0.404503,-0.059926,0.210129,0.348198,-0.071008,0.123445,0.578802,-0.027585,0.126677,0.477997,-0.044588,0.132371,0.416557,-0.056930,0.137976,0.363831,-0.064920,0.083492,0.597849,-0.031913,0.076136,0.521918,-0.047418,0.073532,0.471999,-0.053743,0.074145,0.426079,-0.056835
5062,0,0.054019,0.064686,0.063147,2.054425,1.233292,0.125054,0.825087,0.000001,0.195976,0.808964,-0.039438,0.258419,0.762453,-0.060058,0.312928,0.716841,-0.077407,0.360032,0.685360,-0.093760,0.206826,0.607914,-0.032636,0.242423,0.518357,-0.054322,0.260909,0.460510,-0.072524,0.273655,0.408899,-0.085702,0.164949,0.580822,-0.028725,0.188230,0.472362,-0.046477,0.201829,0.403999,-0.061906,0.210174,0.347208,-0.072903,0.123643,0.579424,-0.029270,0.126685,0.478275,-0.046690,0.132108,0.416754,-0.059015,0.137178,0.363632,-0.066978,0.083604,0.598745,-0.033726,0.076057,0.522582,-0.049487,0.073537,0.472434,-0.055886,0.074149,0.426251,-0.059062
5094,0,0.036353,0.049023,0.038310,2.047034,1.193630,0.124000,0.824108,0.000001,0.195944,0.807895,-0.039529,0.258881,0.762026,-0.059851,0.313571,0.716178,-0.076830,0.360535,0.684816,-0.092907,0.206962,0.607542,-0.032012,0.242858,0.518118,-0.053544,0.261452,0.460326,-0.071755,0.274126,0.409059,-0.084939,0.165195,0.580318,-0.027934,0.188627,0.471610,-0.045600,0.201937,0.403631,-0.061132,0.209812,0.347609,-0.072182,0.123815,0.578511,-0.028337,0.127054,0.477033,-0.045813,0.132386,0.415791,-0.058239,0.137376,0.363053,-0.066206,0.083439,0.597535,-0.032676,0.075765,0.521617,-0.048469,0.073169,0.471898,-0.054871,0.073679,0.425907,-0.058096
5126,0,0.034632,0.028300,0.064678,2.075775,1.204917,0.123359,0.823661,0.000001,0.195356,0.807674,-0.040030,0.258053,0.761791,-0.060603,0.313386,0.716125,-0.077735,0.361241,0.684776,-0.093918,0.206600,0.607659,-0.032746,0.241798,0.517315,-0.054339,0.260022,0.459137,-0.072515,0.272896,0.407516,-0.085660,0.164620,0.580130,-0.028474,0.186867,0.471024,-0.045939,0.200051,0.403286,-0.061267,0.208270,0.347056,-0.072277,0.123450,0.578418,-0.028712,0.126500,0.477512,-0.045915,0.132012,0.416235,-0.058135,0.137102,0.363662,-0.066013,0.083243,0.597166,-0.032959,0.075967,0.521127,-0.048644,0.073149,0.470994,-0.055050,0.073276,0.424994,-0.058230
5161,0,0.030365,0.043522,0.043914,2.059730,1.220701,0.124373,0.824558,0.000001,0.195823,0.808122,-0.039486,0.258814,0.761626,-0.059763,0.313499,0.716287,-0.076696,0.360800,0.684654,-0.092681,0.207045,0.606718,-0.031874,0.242353,0.517119,-0.053218,0.260439,0.459155,-0.071289,0.273303,0.407879,-0.084475,0.164976,0.579922,-0.027961,0.187279,0.471111,-0.045463,0.200605,0.402939,-0.060949,0.208855,0.346852,-0.072095,0.123762,0.578537,-0.028530,0.126974,0.477297,-0.045890,0.132444,0.415722,-0.058435,0.137831,0.362641,-0.066546,0.083569,0.598042,-0.033060,0.076255,0.521790,-0.048996,0.073446,0.471460,-0.055637,0.073720,0.424893,-0.059004
5194,0,0.050866,0.056696,0.038357,2.082374,1.223799,0.124306,0.823456,0.000001,0.195816,0.806558,-0.039266,0.258616,0.760394,-0.059719,0.313464,0.715135,-0.076823,0.360997,0.683450,-0.093166,0.207592,0.607625,-0.032758,0.243062,0.517998,-0.054731,0.261259,0.460018,-0.073069,0.274019,0.408283,-0.086419,0.165646,0.580296,-0.029099,0.188389,0.471199,-0.047272,0.201435,0.403230,-0.062997,0.209566,0.346655,-0.074209,0.124131,0.578674,-0.029883,0.127400,0.476746,-0.047889,0.132685,0.414938,-0.060479,0.137802,0.361396,-0.068556,0.083529,0.598122,-0.034539,0.076124,0.521638,-0.050930,0.073360,0.471310,-0.057629,0.073839,0.424360,-0.061002
5226,0,0.028256,0.033277,0.049358,2.087271,1.226309,0.123767,0.823870,0.000001,0.195989,0.807302,-0.039821,0.258660,0.760759,-0.060348,0.313392,0.715069,-0.077461,0.360935,0.683757,-0.093721,0.207035,0.607191,-0.033137,0.242123,0.518000,-0.054991,0.260636,0.460309,-0.073479,0.273606,0.408474,-0.086895,0.165392,0.579898,-0.029131,0.187999,0.471244,-0.047074,0.200869,0.403073,-0.062860,0.208698,0.345899,-0.074190,0.124156,0.577863,-0.029581,0.127680,0.476770,-0.047287,0.132811,0.415434,-0.059873,0.137614,0.362199,-0.067932,0.083790,0.596662,-0.033966,0.076454,0.520229,-0.050013,0.073916,0.470214,-0.056650,0.074294,0.424013,-0.059968
5259,0,0.022984,0.024848,0.062608,2.077819,1.225636,0.124262,0.823775,0.000001,0.195764,0.807411,-0.039557,0.259109,0.760218,-0.059893,0.314151,0.715009,-0.076883,0.361169,0.683516,-0.092972,0.207690,0.607119,-0.032865,0.243189,0.517752,-0.054530,0.261358,0.459578,-0.072707,0.274201,0.407748,-0.085948,0.165500,0.580017,-0.028974,0.187887,0.471167,-0.046818,0.200673,0.402786,-0.062408,0.208346,0.345755,-0.073609,0.124149,0.578340,-0.029496,0.127463,0.476847,-0.047079,0.132402,0.414959,-0.059608,0.137139,0.361327,-0.067676,0.083625,0.597718,-0.033981,0.076686,0.521308,-0.050022,0.073982,0.470968,-0.056761,0.074338,0.424079,-0.060178
5291,0,0.038633,0.034748,0.058409,2.062730,1.207652,0.124556,0.823201,0.000001,0.196583,0.806077,-0.039511,0.259789,0.760034,-0.059622,0.314462,0.714667,-0.076508,0.361789,0.682812,-0.092492,0.207621,0.606287,-0.031590,0.242834,0.517063,-0.052982,0.260938,0.458891,-0.070958,0.273674,0.407365,-0.084097,0.165725,0.579362,-0.027653,0.187712,0.471279,-0.045298,0.200409,0.403014,-0.060855,0.208190,0.345950,-0.072049,0.124362,0.577952,-0.028246,0.127579,0.476511,-0.045962,0.132588,0.414794,-0.058626,0.137107,0.361237,-0.066737,0.083982,0.596794,-0.032799,0.076867,0.520614,-0.049140,0.074152,0.470110,-0.056112,0.074334,0.423102,-0.059622
5328,0,0.030367,0.045355,0.055023,2.077525,1.201415,0.123558,0.823058,0.000001,0.195582,0.807604,-0.040345,0.258686,0.761201,-0.060861,0.313936,0.715270,-0.077993,0.361500,0.683132,-0.094084,0.207777,0.606994,-0.032773,0.242959,0.517340,-0.054283,0.261020,0.459082,-0.072314,0.273583,0.407415,-0.085518,0.165732,0.579690,-0.028443,0.187966,0.471524,-0.046214,0.200644,0.403102,-0.061808,0.208250,0.345964,-0.073024,0.124529,0.577936,-0.028679,0.127823,0.476764,-0.046427,0.132669,0.414938,-0.059110,0.137293,0.361541,-0.067250,0.084285,0.596584,-0.032962,0.077099,0.520363,-0.049314,0.074285,0.469952,-0.056365,0.074494,0.423170,-0.059962
5361,0,0.036327,0.057681,0.041136,2.045948,1.210089,0.124628,0.824395,0.000001,0.196348,0.808171,-0.039661,0.259152,0.761709,-0.059823,0.314099,0.715655,-0.076577,0.361001,0.683236,-0.092385,0.208041,0.606991,-0.031734,0.242906,0.517392,-0.052866,0.260762,0.459337,-0.070709,0.273513,0.408067,-0.083724,0.166016,0.579927,-0.027687,0.188124,0.471117,-0.045080,0.200957,0.402850,-0.060533,0.208907,0.346213,-0.071608,0.124715,0.578420,-0.028184,0.127744,0.477038,-0.045577,0.132784,0.414908,-0.058309,0.137545,0.361305,-0.066544,0.084502,0.597812,-0.032657,0.077303,0.521410,-0.048796,0.074503,0.470905,-0.055895,0.074743,0.423856,-0.059539
5395,0,0.018236,0.027419,0.029829,2.040693,1.195294,0.124595,0.823719,0.000001,0.196310,0.807265,-0.039792,0.259476,0.761100,-0.060008,0.314607,0.715354,-0.076827,0.361753,0.683157,-0.092649,0.208178,0.606972,-0.031810,0.243566,0.517841,-0.053024,0.261615,0.460065,-0.070841,0.274174,0.408702,-0.083859,0.166395,0.579849,-0.027676,0.188785,0.471281,-0.045089,0.201471,0.403098,-0.060436,0.209040,0.346336,-0.071411,0.124961,0.578435,-0.028127,0.127820,0.477126,-0.045612,0.132690,0.415259,-0.058203,0.137184,0.361809,-0.066327,0.084296,0.597658,-0.032570,0.076914,0.521477,-0.048700,0.073864,0.470993,-0.055589,0.073829,0.424254,-0.059105
5428,0,0.025427,0.029972,0.034305,2.034002,1.184811,0.123925,0.824091,0.000001,0.196219,0.808509,-0.040153,0.259645,0.761870,-0.060288,0.314902,0.715580,-0.076985,0.362095,0.683185,-0.092591,0.207958,0.607610,-0.032041,0.242735,0.518305,-0.053268,0.260793,0.460141,-0.071245,0.273340,0.408461,-0.084337,0.166142,0.580358,-0.027606,0.188499,0.472189,-0.044920,0.201202,0.403717,-0.060288,0.208942,0.346580,-0.071340,0.124850,0.578427,-0.027796,0.127842,0.477491,-0.045086,0.132793,0.415840,-0.057585,0.137335,0.362689,-0.065601,0.084584,0.597193,-0.032018,0.077083,0.520826,-0.047908,0.074199,0.470439,-0.054644,0.074335,0.423703,-0.058106
5460,0,0.028642,0.038776,0.032286,2.026615,1.205107,0.125042,0.824611,0.000001,0.196471,0.808612,-0.039706,0.260202,0.761495,-0.059606,0.315190,0.715345,-0.076142,0.361730,0.683349,-0.091636,0.208782,0.606793,-0.031817,0.243428,0.517412,-0.052878,0.261261,0.459376,-0.070646,0.273986,0.408136,-0.083581,0.166663,0.579929,-0.027647,0.188459,0.471719,-0.044989,0.201258,0.403463,-0.060269,0.209044,0.346709,-0.071215,0.125131,0.578603,-0.028050,0.128231,0.477348,-0.045392,0.133196,0.415439,-0.057948,0.137886,0.362067,-0.066050,0.084769,0.597805,-0.032433,0.077679,0.521787,-0.048566,0.074780,0.471203,-0.055579,0.074926,0.424078,-0.059180
5493,0,0.017595,0.017315,0.060858,2.019636,1.198623,0.124895,0.824732,0.000001,0.196759,0.808029,-0.039890,0.260319,0.761289,-0.059895,0.315419,0.715656,-0.076553,0.361976,0.683166,-0.092168,0.208619,0.606890,-0.031086,0.243354,0.517272,-0.052111,0.260977,0.459442,-0.069909,0.273554,0.408149,-0.082913,0.166533,0.580052,-0.026886,0.188160,0.471792,-0.044304,0.200892,0.403600,-0.059847,0.208976,0.346800,-0.071001,0.125259,0.578836,-0.027337,0.128145,0.477838,-0.044897,0.133232,0.415893,-0.057854,0.137919,0.362454,-0.066160,0.085070,0.598130,-0.031798,0.077966,0.522093,-0.048172,0.074873,0.471221,-0.055481,0.074659,0.423948,-0.059278
5525,0,0.023602,0.025671,0.054066,2.018636,1.203488,0.125313,0.824613,0.000001,0.196965,0.808298,-0.040223,0.260470,0.761987,-0.060417,0.315427,0.715504,-0.077076,0.362360,0.682737,-0.092785,0.208340,0.607618,-0.032012,0.243207,0.517428,-0.053108,0.261230,0.459206,-0.070906,0.274040,0.407572,-0.083863,0.166297,0.580559,-0.027503,0.188435,0.472253,-0.044660,0.201206,0.403969,-0.060085,0.209081,0.346686,-0.071238,0.125241,0.578973,-0.027574,0.128123,0.478173,-0.044708,0.133212,0.416330,-0.057380,0.138212,0.362986,-0.065638,0.085149,0.597653,-0.031704,0.077881,0.521346,-0.047650,0.074992,0.470738,-0.054674,0.075053,0.423755,-0.058281