t,missing,delta_l1,delta_l1_wrist,delta_angles,delta_base_l1,delta_base_l1_wrist,x0,y0,z0,x1,y1,z1,x2,y2,z2,x3,y3,z3,x4,y4,z4,x5,y5,z5,x6,y6,z6,x7,y7,z7,x8,y8,z8,x9,y9,z9,x10,y10,z10,x11,y11,z11,x12,y12,z12,x13,y13,z13,x14,y14,z14,x15,y15,z15,x16,y16,z16,x17,y17,z17,x18,y18,z18,x19,y19,z19,x20,y20,z20
50,0,,,,0.000000,0.000000,0.133376,0.791347,0.000000,0.194306,0.784029,-0.029369,0.249961,0.747385,-0.043082,0.293567,0.707406,-0.054581,0.330589,0.680999,-0.065614,0.218136,0.623329,-0.025542,0.251917,0.557649,-0.042888,0.269753,0.515219,-0.056679,0.281859,0.476375,-0.066935,0.185053,0.598589,-0.024532,0.209438,0.515873,-0.039469,0.221597,0.463660,-0.051706,0.227639,0.418416,-0.060564,0.150031,0.595649,-0.027077,0.153348,0.514595,-0.043354,0.154377,0.463457,-0.055513,0.155066,0.417969,-0.063594,0.113788,0.611858,-0.032399,0.098670,0.551534,-0.048870,0.089930,0.510847,-0.057145,0.084415,0.471184,-0.061884
85,0,0.023097,0.026853,0.051680,0.023097,0.026853,0.134214,0.791962,0.000000,0.194880,0.784329,-0.029088,0.250007,0.747498,-0.042921,0.293645,0.708090,-0.054673,0.330936,0.682208,-0.065880,0.218579,0.623905,-0.025819,0.252444,0.558189,-0.043310,0.270424,0.515679,-0.057047,0.282571,0.477051,-0.067242,0.185378,0.598938,-0.025021,0.209603,0.515638,-0.040081,0.221779,0.463328,-0.052144,0.227791,0.418538,-0.060821,0.150304,0.595856,-0.027726,0.153250,0.514764,-0.043972,0.154372,0.463622,-0.055879,0.155565,0.418522,-0.063818,0.114156,0.612221,-0.033193,0.098708,0.551879,-0.049536,0.089867,0.511004,-0.057669,0.084547,0.471310,-0.062339
119,0,0.038860,0.037527,0.054019,0.040430,0.029969,0.134288,0.791867,0.000000,0.194704,0.785254,-0.028967,0.250194,0.748394,-0.042526,0.293572,0.708360,-0.053926,0.330321,0.682081,-0.064782,0.218973,0.623986,-0.025251,0.252850,0.558388,-0.042371,0.270651,0.516034,-0.055833,0.282568,0.477822,-0.065832,0.185987,0.599136,-0.024356,0.210347,0.515377,-0.039122,0.222681,0.462896,-0.050969,0.228956,0.418135,-0.059451,0.151153,0.595808,-0.027002,0.154287,0.514201,-0.043110,0.155709,0.462917,-0.055016,0.157101,0.417618,-0.062914,0.114904,0.611916,-0.032371,0.099282,0.551471,-0.048596,0.090392,0.510672,-0.056689,0.085042,0.471221,-0.061280
153,0,0.022333,0.031719,0.052160,0.036825,0.024021,0.134310,0.791224,0.000000,0.194874,0.784666,-0.029437,0.250229,0.748751,-0.043252,0.293709,0.708826,-0.054794,0.330657,0.682139,-0.065753,0.219045,0.624168,-0.025745,0.253182,0.558876,-0.043058,0.270846,0.516548,-0.056737,0.282920,0.478208,-0.066841,0.185977,0.598914,-0.024657,0.210808,0.515861,-0.039560,0.223274,0.463504,-0.051491,0.229668,0.418344,-0.060118,0.150993,0.595671,-0.027125,0.154500,0.514604,-0.043330,0.155947,0.463333,-0.055299,0.157253,0.417904,-0.063266,0.114700,0.611734,-0.032352,0.099516,0.551583,-0.048654,0.090927,0.510874,-0.056815,0.085721,0.471104,-0.061478
187,0,0.017973,0.017786,0.062487,0.042029,0.022502,0.134398,0.791537,0.000000,0.195205,0.785142,-0.029208,0.250521,0.748531,-0.042985,0.293983,0.708794,-0.054567,0.330905,0.682290,-0.065605,0.219380,0.624431,-0.026040,0.253372,0.558366,-0.043491,0.271357,0.515928,-0.057094,0.283259,0.477324,-0.067160,0.186002,0.599344,-0.025107,0.210727,0.515876,-0.040109,0.223101,0.463467,-0.052041,0.229198,0.418504,-0.060592,0.151015,0.596072,-0.027692,0.154486,0.514785,-0.043879,0.155936,0.463586,-0.055656,0.157220,0.418309,-0.063468,0.114827,0.612164,-0.033016,0.099637,0.551624,-0.049282,0.091007,0.510874,-0.057288,0.085835,0.471280,-0.061835
221,0,0.010589,0.011012,0.055230,0.038846,0.028258,0.134093,0.791289,0.000000,0.194642,0.784056,-0.028992,0.250145,0.747864,-0.042739,0.293787,0.708541,-0.054289,0.330842,0.682613,-0.065372,0.219227,0.624320,-0.025997,0.253324,0.558437,-0.043439,0.271092,0.515864,-0.057128,0.283305,0.477121,-0.067239,0.185949,0.599265,-0.025161,0.210585,0.515697,-0.040095,0.222837,0.463281,-0.052033,0.228956,0.418254,-0.060628,0.151016,0.596194,-0.027806,0.154428,0.514647,-0.043906,0.155749,0.463439,-0.055767,0.156903,0.418156,-0.063661,0.114921,0.612343,-0.033172,0.099673,0.551733,-0.049389,0.090986,0.510929,-0.057400,0.085658,0.471408,-0.061950
255,0,0.017349,0.015946,0.033459,0.027157,0.019064,0.134005,0.791298,0.000000,0.194354,0.783799,-0.029020,0.249851,0.747784,-0.042812,0.293503,0.708610,-0.054427,0.330599,0.682646,-0.065577,0.219108,0.623921,-0.025718,0.252998,0.557708,-0.043084,0.270829,0.515146,-0.056758,0.282915,0.476125,-0.066937,0.185856,0.598964,-0.024883,0.210616,0.515912,-0.039723,0.222929,0.463580,-0.051825,0.228903,0.418384,-0.060604,0.150688,0.595850,-0.027505,0.154082,0.514862,-0.043550,0.155378,0.463575,-0.055476,0.156478,0.418284,-0.063440,0.114373,0.611777,-0.032886,0.099285,0.551221,-0.049066,0.090723,0.510465,-0.057108,0.085513,0.471000,-0.061692
288,0,0.014725,0.012935,0.053988,0.030983,0.020838,0.134101,0.790952,0.000000,0.194795,0.784213,-0.028988,0.249847,0.747859,-0.042734,0.293318,0.708319,-0.054322,0.330342,0.682592,-0.065365,0.218789,0.623656,-0.025703,0.252849,0.557606,-0.043084,0.270897,0.515095,-0.056693,0.282878,0.476333,-0.066803,0.185647,0.598625,-0.024828,0.210333,0.515094,-0.039818,0.222521,0.462563,-0.051833,0.228550,0.417491,-0.060465,0.150646,0.595302,-0.027452,0.153949,0.513867,-0.043667,0.155281,0.462744,-0.055566,0.156537,0.417681,-0.063459,0.114471,0.611196,-0.032799,0.099177,0.550888,-0.049150,0.090576,0.510107,-0.057238,0.085288,0.470769,-0.061826
321,0,0.022879,0.025211,0.029927,0.032978,0.032475,0.133121,0.790848,0.000000,0.193765,0.783962,-0.028697,0.249049,0.747296,-0.042162,0.292627,0.707943,-0.053509,0.329505,0.682451,-0.064390,0.218505,0.623224,-0.025239,0.252567,0.557189,-0.042434,0.270501,0.514816,-0.056035,0.282611,0.476319,-0.066099,0.185191,0.598391,-0.024501,0.209977,0.514966,-0.039287,0.222295,0.462630,-0.051216,0.228501,0.417648,-0.059843,0.150166,0.595313,-0.027240,0.153905,0.513839,-0.043328,0.155206,0.462591,-0.055219,0.156323,0.417341,-0.063068,0.113834,0.611542,-0.032700,0.098843,0.551142,-0.048962,0.090291,0.510282,-0.056967,0.085095,0.470700,-0.061475
355,0,0.019153,0.030246,0.049790,0.024838,0.027250,0.133398,0.791566,0.000000,0.193786,0.784167,-0.028866,0.249074,0.747804,-0.042561,0.292681,0.708706,-0.054123,0.329227,0.682723,-0.065219,0.218348,0.623352,-0.025568,0.252171,0.557401,-0.042872,0.270246,0.514942,-0.056606,0.282307,0.476057,-0.066771,0.185148,0.598411,-0.024811,0.209667,0.515367,-0.039632,0.221864,0.463054,-0.051679,0.227971,0.417939,-0.060369,0.149910,0.595224,-0.027508,0.153294,0.513977,-0.043492,0.154583,0.462836,-0.055326,0.155600,0.417471,-0.063202,0.113553,0.611421,-0.032959,0.098488,0.550752,-0.049040,0.089992,0.509890,-0.056994,0.085020,0.470405,-0.061456
388,0,0.018868,0.018579,0.057935,0.023299,0.020287,0.132827,0.791233,0.000000,0.193398,0.784253,-0.028952,0.248860,0.747955,-0.042660,0.292182,0.708592,-0.054249,0.328846,0.682948,-0.065332,0.217948,0.623482,-0.025647,0.251814,0.557634,-0.043049,0.269514,0.515107,-0.056815,0.281642,0.476497,-0.067004,0.184719,0.598704,-0.024849,0.209062,0.515346,-0.039782,0.221236,0.462986,-0.051799,0.227295,0.417988,-0.060510,0.149667,0.595643,-0.027552,0.152948,0.514248,-0.043710,0.154171,0.463195,-0.055610,0.155233,0.418067,-0.063465,0.113313,0.611903,-0.032977,0.098101,0.551198,-0.049271,0.089546,0.510496,-0.057282,0.084393,0.470916,-0.061793
422,0,0.010052,0.008857,0.044851,0.027075,0.021269,0.132692,0.791535,0.000000,0.193117,0.784688,-0.029127,0.248777,0.747961,-0.042826,0.292223,0.708444,-0.054329,0.329183,0.682888,-0.065288,0.217694,0.623984,-0.025960,0.251693,0.558128,-0.043292,0.269540,0.515372,-0.056894,0.281557,0.476477,-0.066998,0.184412,0.599065,-0.025047,0.209010,0.515370,-0.039834,0.221383,0.463138,-0.051726,0.227377,0.418209,-0.060275,0.149272,0.595842,-0.027631,0.152850,0.514412,-0.043681,0.154181,0.463319,-0.055495,0.155160,0.418323,-0.063306,0.113031,0.612037,-0.032975,0.097934,0.551326,-0.049161,0.089337,0.510568,-0.057166,0.084154,0.471125,-0.061713
454,0,0.013184,0.011575,0.048096,0.029574,0.021151,0.132467,0.791670,0.000000,0.192994,0.784424,-0.028904,0.248559,0.747919,-0.042530,0.292138,0.708753,-0.054037,0.328857,0.683022,-0.065039,0.217528,0.623843,-0.025619,0.251604,0.557973,-0.042880,0.269615,0.515446,-0.056409,0.281776,0.476869,-0.066478,0.184375,0.598862,-0.024764,0.208746,0.515726,-0.039556,0.221124,0.463303,-0.051472,0.227362,0.418308,-0.060063,0.149220,0.595686,-0.027388,0.152533,0.514478,-0.043424,0.153665,0.463463,-0.055320,0.154674,0.418216,-0.063212,0.112862,0.611881,-0.032772,0.097728,0.551353,-0.048906,0.089170,0.510805,-0.056992,0.083955,0.471356,-0.061579
488,0,0.017270,0.028952,0.050315,0.036591,0.035399,0.132963,0.792120,0.000000,0.193485,0.784163,-0.028658,0.248793,0.747853,-0.042297,0.292339,0.708987,-0.053893,0.329377,0.683211,-0.064982,0.217582,0.623375,-0.024884,0.251476,0.557350,-0.042102,0.269240,0.514836,-0.055760,0.281467,0.476074,-0.065916,0.184277,0.598821,-0.024261,0.208696,0.515622,-0.039106,0.220826,0.463200,-0.051169,0.226743,0.417957,-0.059885,0.149122,0.595992,-0.027160,0.152304,0.514809,-0.043231,0.153496,0.463593,-0.055177,0.154562,0.418149,-0.063076,0.112726,0.612181,-0.032764,0.097480,0.551532,-0.048990,0.088795,0.510701,-0.057006,0.083730,0.470930,-0.061558
521,0,0.018441,0.017858,0.044239,0.037285,0.029435,0.132503,0.791785,0.000000,0.193096,0.783836,-0.028826,0.248260,0.747478,-0.042499,0.291726,0.708317,-0.054029,0.328591,0.682766,-0.065014,0.217193,0.623330,-0.025242,0.251132,0.557675,-0.042460,0.269011,0.515125,-0.056093,0.281060,0.476484,-0.066183,0.184177,0.598431,-0.024424,0.208584,0.515114,-0.039129,0.221045,0.462712,-0.050952,0.227353,0.417863,-0.059444,0.149176,0.595548,-0.027131,0.152255,0.514159,-0.043122,0.153611,0.463128,-0.054964,0.154839,0.417955,-0.062794,0.113113,0.611767,-0.032565,0.097668,0.551326,-0.048692,0.088856,0.510686,-0.056678,0.083513,0.471185,-0.061157
553,0,0.029137,0.038172,0.054845,0.043379,0.037191,0.133002,0.791756,0.000000,0.193312,0.784314,-0.029366,0.248339,0.748235,-0.043398,0.291799,0.709019,-0.055160,0.328554,0.682768,-0.066417,0.217075,0.623841,-0.026280,0.250817,0.557717,-0.043825,0.268678,0.515442,-0.057606,0.280809,0.476736,-0.067776,0.183904,0.598612,-0.025270,0.208441,0.515342,-0.040293,0.220727,0.462967,-0.052288,0.226945,0.417829,-0.060905,0.148797,0.595529,-0.027755,0.152194,0.514179,-0.043942,0.153369,0.463295,-0.055781,0.154504,0.418382,-0.063584,0.112517,0.611790,-0.033015,0.097421,0.551263,-0.049260,0.088804,0.510613,-0.057256,0.083540,0.471236,-0.061720
586,0,0.015404,0.015038,0.038027,0.037732,0.028326,0.132723,0.791595,0.000000,0.193121,0.784160,-0.029230,0.248656,0.747623,-0.043107,0.291919,0.708571,-0.054807,0.328277,0.682427,-0.065962,0.217102,0.623146,-0.025732,0.250855,0.557529,-0.043262,0.268559,0.515250,-0.057061,0.280475,0.476812,-0.067206,0.183837,0.598445,-0.024857,0.208368,0.515032,-0.039881,0.220871,0.462605,-0.051891,0.227280,0.417617,-0.060482,0.148673,0.595562,-0.027559,0.152042,0.514195,-0.043768,0.153605,0.463148,-0.055623,0.155071,0.417867,-0.063436,0.112364,0.611688,-0.033001,0.097125,0.551379,-0.049209,0.088523,0.510626,-0.057100,0.083500,0.471054,-0.061531
619,0,0.015156,0.016905,0.034258,0.032336,0.019000,0.132607,0.791266,0.000000,0.193297,0.783665,-0.029192,0.248708,0.747058,-0.042971,0.292067,0.708024,-0.054570,0.328415,0.682218,-0.065547,0.217494,0.622839,-0.025514,0.250919,0.557332,-0.042854,0.268411,0.515069,-0.056555,0.280294,0.476911,-0.066675,0.184282,0.598261,-0.024619,0.208723,0.515032,-0.039507,0.221133,0.462654,-0.051456,0.227423,0.417754,-0.060058,0.149190,0.595372,-0.027285,0.152438,0.514156,-0.043477,0.153816,0.462929,-0.055466,0.155168,0.417690,-0.063328,0.112892,0.611672,-0.032715,0.097688,0.551256,-0.048965,0.088894,0.510505,-0.057022,0.083566,0.470886,-0.061576
652,0,0.014495,0.012737,0.046720,0.028983,0.017851,0.132690,0.791517,0.000000,0.193512,0.783975,-0.029227,0.248858,0.748011,-0.042985,0.292155,0.708671,-0.054567,0.328840,0.682886,-0.065605,0.217423,0.623170,-0.025690,0.251300,0.557729,-0.043063,0.269203,0.515418,-0.056782,0.281324,0.476831,-0.066926,0.184212,0.598407,-0.024777,0.208850,0.515423,-0.039681,0.221081,0.462860,-0.051730,0.227221,0.417576,-0.060436,0.149138,0.595503,-0.027400,0.152290,0.514622,-0.043568,0.153555,0.463443,-0.055577,0.154638,0.418264,-0.063506,0.112806,0.611753,-0.032783,0.097561,0.551238,-0.049009,0.088894,0.510504,-0.057132,0.083627,0.470890,-0.061757
686,0,0.018085,0.015856,0.034182,0.029276,0.023219,0.132977,0.791155,0.000000,0.193564,0.783716,-0.029036,0.249197,0.747736,-0.042931,0.292633,0.708860,-0.054686,0.329501,0.683412,-0.065895,0.217682,0.623493,-0.025825,0.251367,0.557641,-0.043359,0.269263,0.515243,-0.057099,0.281351,0.476660,-0.067219,0.184404,0.598740,-0.025046,0.209098,0.515289,-0.040129,0.221636,0.462879,-0.052117,0.227910,0.417907,-0.060680,0.149478,0.595625,-0.027791,0.152657,0.514309,-0.044021,0.153979,0.463188,-0.055931,0.155380,0.418111,-0.063716,0.113307,0.611694,-0.033279,0.097876,0.551055,-0.049470,0.089164,0.510272,-0.057449,0.084018,0.470508,-0.061964
718,0,0.018332,0.025265,0.036961,0.026049,0.028005,0.132590,0.791561,0.000000,0.193344,0.783868,-0.028976,0.248752,0.748103,-0.042714,0.291991,0.709267,-0.054327,0.328645,0.683870,-0.065395,0.217839,0.623055,-0.025468,0.251683,0.557368,-0.042869,0.269586,0.515092,-0.056705,0.281969,0.476509,-0.066915,0.184609,0.598445,-0.024669,0.209024,0.515270,-0.039518,0.221526,0.463119,-0.051521,0.228060,0.418249,-0.060212,0.149597,0.595444,-0.027397,0.152863,0.514397,-0.043493,0.154177,0.463367,-0.055458,0.155351,0.418198,-0.063408,0.113370,0.611493,-0.032873,0.098207,0.551057,-0.049066,0.089467,0.510369,-0.057133,0.084121,0.470619,-0.061693
750,0,0.022794,0.038885,0.059491,0.035303,0.034455,0.133252,0.791181,0.000000,0.193305,0.784149,-0.029311,0.248450,0.748240,-0.043316,0.291981,0.709306,-0.055088,0.328733,0.683478,-0.066354,0.217616,0.623380,-0.026320,0.251741,0.557963,-0.043860,0.269702,0.515719,-0.057729,0.281900,0.477104,-0.067947,0.184575,0.598592,-0.025407,0.209141,0.515443,-0.040442,0.221544,0.463070,-0.052524,0.227753,0.417823,-0.061265,0.149563,0.595436,-0.027991,0.152840,0.514599,-0.044210,0.154185,0.463445,-0.056175,0.155359,0.418210,-0.064101,0.113338,0.611636,-0.033332,0.098252,0.551133,-0.049610,0.089711,0.510420,-0.057691,0.084450,0.470780,-0.062275
783,0,0.013962,0.012106,0.027554,0.040118,0.039514,0.133284,0.790793,0.000000,0.193521,0.783948,-0.029397,0.248975,0.748027,-0.043466,0.292224,0.709384,-0.055302,0.328823,0.683556,-0.066634,0.217907,0.623140,-0.026409,0.251855,0.557466,-0.044048,0.269721,0.515021,-0.057786,0.281777,0.476463,-0.067954,0.184640,0.598275,-0.025497,0.209223,0.515047,-0.040632,0.221763,0.462547,-0.052663,0.228178,0.417524,-0.061279,0.149497,0.595397,-0.028117,0.152946,0.514117,-0.044475,0.154262,0.463067,-0.056466,0.155584,0.417830,-0.064383,0.113280,0.611548,-0.033492,0.098056,0.551367,-0.049908,0.089394,0.510556,-0.058096,0.084127,0.470856,-0.062715
815,0,0.024473,0.022315,0.040060,0.026782,0.022974,0.133373,0.790749,0.000000,0.193838,0.783999,-0.029217,0.249259,0.747635,-0.042999,0.292413,0.708689,-0.054624,0.329048,0.683000,-0.065704,0.218662,0.622723,-0.025854,0.252426,0.557001,-0.043155,0.270046,0.514616,-0.056801,0.282142,0.475999,-0.066949,0.185262,0.598097,-0.024960,0.209609,0.514939,-0.039850,0.221995,0.462610,-0.051864,0.228304,0.417532,-0.060534,0.150057,0.595184,-0.027604,0.153147,0.514272,-0.043777,0.154372,0.463074,-0.055868,0.155463,0.417722,-0.063877,0.113608,0.611434,-0.033008,0.098326,0.551104,-0.049337,0.089683,0.510396,-0.057579,0.084442,0.470804,-0.062283
846,0,0.014738,0.013517,0.033536,0.029446,0.025930,0.133629,0.790973,0.000000,0.194533,0.784336,-0.029347,0.249475,0.748293,-0.043262,0.292519,0.709266,-0.054962,0.329525,0.683538,-0.066118,0.218476,0.622940,-0.026024,0.252300,0.557684,-0.043418,0.270271,0.515418,-0.057139,0.282476,0.476781,-0.067323,0.185343,0.597926,-0.025013,0.209794,0.515198,-0.039997,0.222182,0.462875,-0.051969,0.228383,0.417642,-0.060598,0.150152,0.594867,-0.027559,0.153154,0.514027,-0.043807,0.154340,0.462944,-0.055779,0.155515,0.417684,-0.063708,0.113864,0.611231,-0.032884,0.098509,0.550921,-0.049210,0.089862,0.510313,-0.057411,0.084656,0.470680,-0.062076
880,0,0.017800,0.018926,0.036180,0.034573,0.032653,0.134195,0.790710,0.000000,0.194459,0.784300,-0.029021,0.249671,0.747902,-0.042724,0.292575,0.709061,-0.054309,0.329185,0.683582,-0.065350,0.218854,0.623155,-0.025891,0.252710,0.557330,-0.043268,0.270638,0.514930,-0.056758,0.282678,0.476644,-0.066710,0.185476,0.598485,-0.025055,0.210057,0.514743,-0.040081,0.222408,0.462222,-0.051938,0.228582,0.417295,-0.060374,0.150435,0.595424,-0.027757,0.153674,0.514211,-0.044007,0.154939,0.463018,-0.055981,0.156203,0.417650,-0.063834,0.114253,0.611579,-0.033180,0.098829,0.550963,-0.049488,0.090016,0.510501,-0.057613,0.084748,0.470877,-0.062201
912,0,0.015021,0.017975,0.046085,0.043776,0.035335,0.133955,0.790794,0.000000,0.194588,0.784553,-0.029072,0.249839,0.748575,-0.042929,0.292143,0.709677,-0.054573,0.328446,0.684084,-0.065713,0.219407,0.623025,-0.025792,0.252966,0.557520,-0.043240,0.270586,0.515131,-0.056902,0.282562,0.476969,-0.066955,0.185991,0.598218,-0.024997,0.210322,0.514679,-0.040096,0.222854,0.462340,-0.052128,0.229415,0.417374,-0.060706,0.150611,0.595187,-0.027714,0.153952,0.513998,-0.044171,0.155205,0.462806,-0.056359,0.156438,0.417508,-0.064355,0.114102,0.611343,-0.033148,0.099014,0.551009,-0.049644,0.090233,0.510465,-0.057911,0.084889,0.470880,-0.062608
943,0,0.019225,0.028449,0.035825,0.043265,0.039479,0.133452,0.790639,0.000000,0.194581,0.784625,-0.029483,0.249634,0.748851,-0.043421,0.292676,0.709662,-0.055129,0.329411,0.683773,-0.066255,0.219400,0.623030,-0.025956,0.253102,0.557770,-0.043382,0.270841,0.515442,-0.057029,0.282995,0.477075,-0.067147,0.185946,0.597662,-0.024870,0.210469,0.514867,-0.039932,0.222901,0.462539,-0.051872,0.229294,0.417254,-0.060401,0.150573,0.594614,-0.027351,0.154010,0.514004,-0.043615,0.155245,0.462978,-0.055555,0.156626,0.417662,-0.063425,0.114253,0.610838,-0.032604,0.099151,0.550754,-0.048926,0.090594,0.510088,-0.057106,0.085585,0.470454,-0.061681
976,0,0.025771,0.040932,0.071035,0.048154,0.045348,0.133837,0.791750,0.000000,0.194220,0.784415,-0.029089,0.249561,0.748425,-0.042983,0.292652,0.709749,-0.054759,0.329396,0.684385,-0.065952,0.219302,0.623341,-0.026214,0.253135,0.557820,-0.043683,0.271018,0.515369,-0.057441,0.283083,0.476678,-0.067662,0.185844,0.598168,-0.025495,0.210612,0.515620,-0.040574,0.222873,0.463323,-0.052621,0.228920,0.418127,-0.061288,0.150623,0.595111,-0.028254,0.154188,0.513946,-0.044538,0.155202,0.462995,-0.056469,0.156213,0.417788,-0.064397,0.114374,0.611525,-0.033773,0.099215,0.551002,-0.050134,0.090480,0.510092,-0.058296,0.085112,0.470667,-0.062881
1009,0,0.015911,0.026772,0.053010,0.051084,0.047291,0.133579,0.790737,0.000000,0.194357,0.783691,-0.029264,0.249579,0.748196,-0.043274,0.292497,0.709347,-0.055112,0.329160,0.683670,-0.066367,0.218876,0.623384,-0.026139,0.253054,0.558059,-0.043740,0.270766,0.515650,-0.057557,0.282722,0.476871,-0.067803,0.185708,0.598223,-0.025324,0.210529,0.514937,-0.040519,0.223214,0.462408,-0.052550,0.229566,0.417061,-0.061128,0.150728,0.595100,-0.028041,0.154209,0.513929,-0.044478,0.155666,0.462802,-0.056470,0.157094,0.417568,-0.064349,0.114503,0.611469,-0.033494,0.099244,0.551136,-0.049950,0.090575,0.510413,-0.058100,0.085242,0.470787,-0.062641
1040,0,0.018741,0.022444,0.055639,0.068488,0.056206,0.134173,0.790823,0.000000,0.194676,0.783872,-0.029451,0.249131,0.748559,-0.043740,0.292317,0.710002,-0.055799,0.329122,0.684003,-0.067238,0.218848,0.623659,-0.026756,0.253277,0.558408,-0.044554,0.271116,0.515863,-0.058397,0.283388,0.477194,-0.068596,0.185683,0.598198,-0.025806,0.210797,0.514970,-0.041181,0.223474,0.462396,-0.053124,0.230053,0.417052,-0.061616,0.150741,0.594961,-0.028384,0.154137,0.513760,-0.044903,0.155666,0.462761,-0.056691,0.157273,0.417708,-0.064408,0.114633,0.611253,-0.033697,0.099342,0.551021,-0.050177,0.090858,0.510179,-0.058165,0.085980,0.470403,-0.062663
1072,0,0.034930,0.043611,0.067233,0.094058,0.091812,0.133952,0.790022,0.000000,0.194495,0.784228,-0.030038,0.249252,0.748894,-0.044506,0.291767,0.710081,-0.056552,0.328181,0.683960,-0.068056,0.219469,0.623641,-0.028024,0.253360,0.557955,-0.046171,0.271139,0.515052,-0.060154,0.283347,0.476129,-0.070419,0.186074,0.598114,-0.026862,0.210682,0.514732,-0.042492,0.223211,0.462071,-0.054577,0.229691,0.416587,-0.063176,0.150928,0.594951,-0.029206,0.154355,0.513779,-0.045978,0.155775,0.462673,-0.057985,0.157193,0.417371,-0.065887,0.114633,0.611457,-0.034338,0.099424,0.550963,-0.051091,0.090728,0.510337,-0.059380,0.085389,0.470461,-0.064067
1105,0,0.025111,0.034024,0.042197,0.088674,0.078501,0.133983,0.790783,0.000000,0.194284,0.784626,-0.029763,0.249271,0.749103,-0.044210,0.292469,0.710406,-0.056277,0.329292,0.684225,-0.067687,0.219830,0.623557,-0.027539,0.253738,0.557932,-0.045486,0.271615,0.515369,-0.059372,0.283725,0.476473,-0.069583,0.186351,0.597721,-0.026495,0.211248,0.514631,-0.041928,0.223920,0.462288,-0.053879,0.230474,0.416780,-0.062427,0.150993,0.594360,-0.028932,0.154371,0.513679,-0.045486,0.155966,0.462735,-0.057322,0.157653,0.417643,-0.065096,0.114601,0.610900,-0.034153,0.099243,0.550188,-0.050630,0.090558,0.509659,-0.058675,0.085456,0.470016,-0.063201
1138,0,0.042458,0.045662,0.053469,0.064466,0.048514,0.134411,0.790927,0.000000,0.194538,0.784460,-0.029384,0.248991,0.748684,-0.043493,0.291743,0.710154,-0.055348,0.328605,0.684281,-0.066620,0.219408,0.623285,-0.026255,0.253513,0.558048,-0.043843,0.271350,0.515651,-0.057641,0.283626,0.477058,-0.067824,0.186177,0.597736,-0.025186,0.211101,0.514898,-0.040151,0.223777,0.462890,-0.051889,0.230456,0.417697,-0.060284,0.151197,0.594306,-0.027654,0.154701,0.513653,-0.043765,0.156056,0.462790,-0.055387,0.157687,0.417632,-0.063005,0.115040,0.610450,-0.032921,0.099815,0.550277,-0.048974,0.091302,0.509671,-0.056786,0.086128,0.470178,-0.061178
1183,0,0.035469,0.043554,0.076659,0.084499,0.072916,0.134284,0.790138,0.000000,0.194548,0.784723,-0.029806,0.248996,0.749128,-0.044168,0.292173,0.710507,-0.056136,0.328881,0.683995,-0.067487,0.219814,0.623597,-0.027412,0.253985,0.557802,-0.045210,0.272022,0.514935,-0.058839,0.284187,0.476227,-0.068838,0.186424,0.598068,-0.026196,0.211118,0.514515,-0.041542,0.223589,0.462190,-0.053241,0.230238,0.417205,-0.061541,0.151161,0.594773,-0.028531,0.154933,0.513671,-0.044901,0.156531,0.462635,-0.056600,0.158188,0.417151,-0.064321,0.114903,0.610984,-0.033628,0.099888,0.550730,-0.049959,0.091340,0.510102,-0.057951,0.086328,0.470493,-0.062429
1215,0,0.029332,0.040511,0.068593,0.082186,0.063757,0.134251,0.790719,0.000000,0.194809,0.784640,-0.029563,0.249576,0.748956,-0.043765,0.292549,0.710104,-0.055605,0.329337,0.684045,-0.066827,0.220401,0.623176,-0.026758,0.254346,0.557349,-0.044306,0.271985,0.514643,-0.057927,0.284024,0.475955,-0.067988,0.187132,0.597462,-0.025616,0.211854,0.514420,-0.040785,0.224589,0.462259,-0.052510,0.231320,0.416997,-0.060829,0.151757,0.594120,-0.027996,0.155037,0.513189,-0.044306,0.156479,0.462242,-0.056070,0.158058,0.416995,-0.063770,0.115483,0.610223,-0.033123,0.100346,0.549791,-0.049414,0.091661,0.509432,-0.057424,0.086384,0.469872,-0.061874
1249,0,0.013949,0.019799,0.024212,0.077494,0.060895,0.134101,0.790397,0.000000,0.195149,0.784360,-0.029605,0.250018,0.748815,-0.043681,0.293132,0.709908,-0.055453,0.330224,0.684057,-0.066606,0.220281,0.623184,-0.026449,0.254437,0.557623,-0.044030,0.272162,0.514939,-0.057622,0.284275,0.476258,-0.067690,0.186988,0.597505,-0.025268,0.211986,0.514533,-0.040428,0.224862,0.462217,-0.052162,0.231560,0.416884,-0.060488,0.151709,0.594111,-0.027649,0.155202,0.513342,-0.043991,0.156732,0.462362,-0.055763,0.158368,0.417163,-0.063469,0.115539,0.610019,-0.032819,0.100524,0.549863,-0.049180,0.091944,0.509293,-0.057235,0.086847,0.469745,-0.061727
1283,0,0.024219,0.028257,0.034613,0.093715,0.077194,0.134178,0.789953,0.000000,0.194395,0.783511,-0.029321,0.249604,0.748087,-0.043478,0.292912,0.709748,-0.055385,0.329629,0.684556,-0.066671,0.220264,0.623291,-0.026917,0.254673,0.557568,-0.044719,0.272431,0.514914,-0.058449,0.284587,0.476186,-0.068494,0.187050,0.597593,-0.025967,0.212182,0.514364,-0.041306,0.225111,0.461980,-0.053135,0.231804,0.416738,-0.061474,0.151950,0.594270,-0.028507,0.155500,0.513379,-0.044874,0.157064,0.462321,-0.056548,0.158643,0.417363,-0.064189,0.115947,0.610279,-0.033782,0.100830,0.549954,-0.049994,0.092378,0.509369,-0.057906,0.087413,0.469812,-0.062289
1318,0,0.021751,0.023918,0.045304,0.107518,0.095122,0.134452,0.789654,0.000000,0.194999,0.783541,-0.029892,0.249703,0.748778,-0.044345,0.292520,0.710201,-0.056418,0.329432,0.684191,-0.067872,0.220280,0.623224,-0.027339,0.254850,0.557970,-0.045313,0.272643,0.515285,-0.059204,0.284888,0.476354,-0.069459,0.187090,0.597327,-0.026139,0.212418,0.514595,-0.041598,0.225358,0.462349,-0.053555,0.232356,0.417144,-0.062029,0.152030,0.594118,-0.028480,0.155823,0.513689,-0.044964,0.157677,0.462788,-0.056728,0.159585,0.417820,-0.064428,0.115895,0.610292,-0.033627,0.101192,0.550075,-0.050034,0.092951,0.509475,-0.058082,0.087971,0.469973,-0.062532
1351,0,0.017934,0.014943,0.051221,0.113982,0.091649,0.134793,0.789497,0.000000,0.195064,0.783612,-0.029898,0.249655,0.748555,-0.044287,0.292177,0.710488,-0.056324,0.328678,0.684535,-0.067666,0.220999,0.622949,-0.027255,0.255142,0.557355,-0.045175,0.272884,0.514616,-0.059024,0.284867,0.475514,-0.069170,0.187612,0.597225,-0.026040,0.212756,0.514337,-0.041471,0.225557,0.461940,-0.053276,0.232303,0.416591,-0.061609,0.152381,0.594123,-0.028374,0.156332,0.513527,-0.044750,0.158104,0.462412,-0.056362,0.160072,0.417192,-0.063885,0.116212,0.610403,-0.033524,0.101484,0.550212,-0.049804,0.093157,0.509537,-0.057597,0.088357,0.469913,-0.061879
1383,0,0.020002,0.022004,0.062031,0.126569,0.091644,0.135651,0.789815,0.000000,0.195244,0.784120,-0.029792,0.249658,0.749540,-0.044226,0.292120,0.711628,-0.056274,0.328230,0.685103,-0.067629,0.221759,0.623054,-0.027367,0.255655,0.557550,-0.045227,0.273398,0.514936,-0.058968,0.285325,0.476173,-0.069014,0.188241,0.597218,-0.026251,0.213145,0.514078,-0.041609,0.225966,0.461820,-0.053464,0.232790,0.416873,-0.061855,0.152819,0.594104,-0.028637,0.156533,0.513370,-0.044996,0.158095,0.462335,-0.056851,0.159827,0.417259,-0.064588,0.116399,0.610481,-0.033795,0.102177,0.550083,-0.050077,0.093864,0.509640,-0.058044,0.088910,0.470347,-0.062509
1416,0,0.026898,0.035248,0.059398,0.128147,0.107235,0.135316,0.789439,0.000000,0.195339,0.784479,-0.030271,0.249096,0.750118,-0.044790,0.291522,0.712068,-0.056844,0.327698,0.685121,-0.068167,0.221590,0.622886,-0.027363,0.255939,0.557693,-0.045213,0.273415,0.514816,-0.059078,0.285607,0.475805,-0.069284,0.188172,0.597031,-0.025842,0.213136,0.514565,-0.041170,0.225905,0.462166,-0.053070,0.232728,0.416944,-0.061504,0.152884,0.593915,-0.027883,0.156809,0.513818,-0.044174,0.158596,0.463076,-0.055843,0.160461,0.417720,-0.063507,0.116628,0.610305,-0.032793,0.102940,0.550228,-0.048988,0.095065,0.509861,-0.056883,0.090595,0.470480,-0.061273
1448,0,0.033744,0.039959,0.048755,0.150544,0.145307,0.135175,0.789158,0.000000,0.194957,0.784317,-0.030376,0.248561,0.750486,-0.045190,0.290822,0.713099,-0.057563,0.326959,0.686310,-0.069206,0.222176,0.623193,-0.028032,0.256045,0.558163,-0.046150,0.273779,0.515544,-0.060061,0.285794,0.476461,-0.070282,0.188685,0.597035,-0.026553,0.213648,0.514610,-0.042077,0.226448,0.462440,-0.053913,0.233347,0.417261,-0.062213,0.153365,0.593773,-0.028647,0.157404,0.513864,-0.044998,0.159151,0.463183,-0.056602,0.161196,0.417990,-0.064172,0.116963,0.610276,-0.033585,0.103427,0.550659,-0.049724,0.095804,0.510447,-0.057525,0.091521,0.471199,-0.061867
1481,0,0.038038,0.046839,0.069195,0.181183,0.188665,0.134614,0.788664,0.000000,0.194068,0.784025,-0.030358,0.247245,0.750606,-0.045306,0.288993,0.712982,-0.057795,0.325094,0.686881,-0.069630,0.222953,0.622924,-0.028436,0.256450,0.557451,-0.046881,0.273711,0.514364,-0.061023,0.285657,0.475165,-0.071398,0.189352,0.596803,-0.027072,0.214422,0.514265,-0.042923,0.226996,0.462230,-0.055028,0.233875,0.417266,-0.063559,0.153956,0.593624,-0.029205,0.158263,0.514259,-0.045690,0.160097,0.463454,-0.057372,0.162122,0.418445,-0.065019,0.117408,0.610205,-0.034162,0.104372,0.550648,-0.050301,0.096804,0.510693,-0.058064,0.092673,0.471601,-0.062444
1514,0,0.067227,0.079010,0.125873,0.221360,0.259545,0.133893,0.787726,0.000000,0.192122,0.783382,-0.029870,0.243668,0.749844,-0.044728,0.283384,0.712463,-0.057316,0.318838,0.686969,-0.069287,0.222827,0.622381,-0.027715,0.255681,0.556418,-0.046461,0.272850,0.513865,-0.060895,0.284851,0.474536,-0.071481,0.189497,0.596639,-0.026656,0.214895,0.515003,-0.042958,0.227380,0.463590,-0.055545,0.234663,0.418686,-0.064398,0.154343,0.593917,-0.029081,0.159178,0.515716,-0.045806,0.161469,0.465272,-0.057700,0.164323,0.420143,-0.065553,0.117772,0.610549,-0.034335,0.107205,0.551852,-0.050425,0.100815,0.512590,-0.058239,0.097499,0.474569,-0.062666
1546,0,0.155752,0.165864,0.237356,0.292080,0.340124,0.131872,0.787150,0.000000,0.187142,0.781168,-0.030749,0.236770,0.747547,-0.045654,0.272385,0.706865,-0.058199,0.306158,0.679474,-0.069670,0.223808,0.621998,-0.026606,0.254604,0.555346,-0.045385,0.269946,0.511776,-0.060079,0.280850,0.471582,-0.070859,0.191063,0.596223,-0.025110,0.215196,0.516008,-0.041587,0.227079,0.464533,-0.054593,0.234381,0.419132,-0.063608,0.156610,0.593494,-0.027277,0.161854,0.517727,-0.044311,0.164282,0.468734,-0.056166,0.167130,0.424543,-0.063800,0.120556,0.609465,-0.032456,0.113779,0.552346,-0.048723,0.108082,0.515344,-0.056396,0.104086,0.479947,-0.060539
1580,0,0.339540,0.342728,0.589538,0.565917,0.583348,0.133168,0.784828,0.000000,0.184633,0.776226,-0.032516,0.229436,0.740784,-0.046331,0.252755,0.694997,-0.057521,0.281499,0.667362,-0.067408,0.226457,0.619263,-0.023204,0.253313,0.553102,-0.040429,0.266494,0.509051,-0.054608,0.276458,0.468424,-0.065223,0.194249,0.594878,-0.020272,0.215120,0.516107,-0.034777,0.225515,0.464893,-0.047557,0.232327,0.419513,-0.056486,0.160142,0.594099,-0.021383,0.164594,0.521333,-0.037593,0.166422,0.474873,-0.049665,0.168401,0.432136,-0.057521,0.124162,0.610550,-0.025733,0.121220,0.560244,-0.041464,0.117516,0.532056,-0.048707,0.113712,0.505231,-0.052577
1616,0,0.364072,0.401396,3.105702,0.888419,0.957622,0.131198,0.781342,0.000000,0.179348,0.775598,-0.035594,0.220287,0.739830,-0.048469,0.236317,0.691954,-0.057420,0.250076,0.650172,-0.065498,0.224366,0.619569,-0.024405,0.246761,0.551561,-0.039671,0.258208,0.507541,-0.053400,0.267714,0.465390,-0.063754,0.193137,0.596869,-0.019703,0.214167,0.518518,-0.031820,0.225026,0.468234,-0.045056,0.233388,0.423115,-0.054765,0.159483,0.596430,-0.019105,0.166434,0.523799,-0.036864,0.170812,0.481120,-0.051959,0.175112,0.444315,-0.061706,0.124659,0.611213,-0.021675,0.129106,0.563095,-0.041264,0.131783,0.567843,-0.048014,0.133691,0.578150,-0.050821
1649,0,0.382413,0.385091,1.960885,1.242375,1.308779,0.130417,0.781006,0.000000,0.173228,0.772820,-0.034147,0.206487,0.730132,-0.046300,0.201116,0.673870,-0.054240,0.189237,0.625882,-0.061547,0.222317,0.621210,-0.022162,0.241434,0.550141,-0.035414,0.249343,0.505645,-0.048164,0.254931,0.462182,-0.058080,0.194223,0.600240,-0.017959,0.217528,0.521931,-0.029916,0.227740,0.472629,-0.043877,0.236037,0.425090,-0.053830,0.163582,0.598180,-0.017465,0.173598,0.526112,-0.036514,0.177506,0.483723,-0.052413,0.181258,0.445612,-0.062329,0.130430,0.610329,-0.019664,0.140636,0.561810,-0.040111,0.138848,0.581182,-0.044510,0.135068,0.605985,-0.045293
1682,0,0.331979,0.322903,0.577447,1.538240,1.613145,0.128440,0.781992,0.000000,0.170068,0.771675,-0.031925,0.197480,0.722440,-0.041725,0.183835,0.662114,-0.046923,0.165571,0.614293,-0.051192,0.221683,0.622697,-0.018273,0.237002,0.550648,-0.029382,0.240376,0.503813,-0.040129,0.241176,0.457179,-0.048816,0.194647,0.602992,-0.014552,0.216592,0.525688,-0.025689,0.225369,0.475540,-0.037178,0.231869,0.426967,-0.044621,0.164883,0.602265,-0.014543,0.175118,0.531538,-0.034449,0.178967,0.488517,-0.048148,0.182098,0.447497,-0.055646,0.134581,0.617349,-0.016974,0.146072,0.569546,-0.037605,0.142244,0.593793,-0.039535,0.135876,0.622916,-0.038125
1715,0,0.258391,0.283010,0.583462,1.733725,1.780161,0.131546,0.783505,0.000000,0.171222,0.768162,-0.029153,0.196060,0.710531,-0.037501,0.174273,0.649878,-0.041279,0.150578,0.601670,-0.044191,0.223453,0.623648,-0.014291,0.233905,0.549188,-0.025062,0.234656,0.501227,-0.035714,0.232586,0.453403,-0.044264,0.196464,0.604199,-0.011997,0.215727,0.525954,-0.021303,0.221834,0.476032,-0.031918,0.226675,0.425967,-0.038847,0.166349,0.601482,-0.013462,0.176426,0.533633,-0.033355,0.182210,0.491234,-0.047618,0.186809,0.447428,-0.055727,0.135747,0.613393,-0.017074,0.146220,0.577472,-0.039878,0.145190,0.611789,-0.042348,0.140837,0.645821,-0.040910
1748,0,0.126633,0.117539,0.487960,1.770912,1.814017,0.131189,0.782715,0.000000,0.169324,0.766756,-0.030047,0.194450,0.708860,-0.038032,0.172332,0.649314,-0.041152,0.147573,0.602690,-0.043502,0.222525,0.622206,-0.013739,0.230505,0.546871,-0.024486,0.230034,0.498542,-0.035829,0.226598,0.450811,-0.045044,0.195335,0.603282,-0.011454,0.212631,0.522858,-0.019383,0.217763,0.472077,-0.030525,0.221943,0.422113,-0.038216,0.165219,0.601628,-0.013161,0.176725,0.534516,-0.032837,0.184927,0.490701,-0.049522,0.191279,0.445159,-0.059765,0.135049,0.614755,-0.017015,0.144921,0.584229,-0.041923,0.144955,0.618764,-0.046732,0.140773,0.651600,-0.046843
1780,0,0.113054,0.095346,0.192899,1.801372,1.848482,0.129900,0.781676,0.000000,0.167642,0.766241,-0.030823,0.193887,0.708202,-0.037995,0.172253,0.647396,-0.039907,0.145767,0.601068,-0.041084,0.222203,0.621347,-0.013214,0.228566,0.544584,-0.023944,0.227067,0.496391,-0.035310,0.223253,0.448452,-0.044542,0.196144,0.600911,-0.010492,0.210724,0.519504,-0.017922,0.214444,0.469531,-0.029039,0.217869,0.420371,-0.036707,0.166743,0.598365,-0.011945,0.179422,0.531592,-0.031834,0.188211,0.488194,-0.048845,0.195308,0.441527,-0.059218,0.137031,0.611476,-0.015558,0.146342,0.580351,-0.040827,0.145851,0.614192,-0.045682,0.140919,0.646219,-0.045756
1818,0,0.116008,0.121073,0.222270,1.748591,1.785825,0.129169,0.782392,0.000000,0.167756,0.766648,-0.031806,0.193191,0.709483,-0.039721,0.172042,0.649759,-0.042495,0.145485,0.603898,-0.044603,0.221705,0.621956,-0.013453,0.228191,0.547891,-0.024298,0.226877,0.500899,-0.035948,0.224214,0.454338,-0.045749,0.195808,0.600649,-0.010291,0.206294,0.519364,-0.019509,0.208701,0.469104,-0.032268,0.212035,0.419192,-0.041089,0.167377,0.597564,-0.011336,0.179702,0.529112,-0.032620,0.187822,0.486230,-0.050631,0.194582,0.439897,-0.061430,0.138943,0.610498,-0.014562,0.148307,0.576007,-0.040867,0.148194,0.606917,-0.047228,0.144426,0.637001,-0.048375
1852,0,0.079354,0.073184,0.199047,1.727687,1.769528,0.129501,0.780999,0.000000,0.167490,0.767244,-0.033224,0.193282,0.710006,-0.041944,0.172466,0.648369,-0.045255,0.146306,0.600020,-0.047831,0.222119,0.622007,-0.014892,0.228082,0.548832,-0.025902,0.226436,0.502432,-0.037584,0.223818,0.456878,-0.047463,0.196591,0.599842,-0.011010,0.205591,0.518512,-0.020935,0.207521,0.469572,-0.033942,0.211228,0.420802,-0.042864,0.168519,0.596150,-0.011397,0.180543,0.526464,-0.033114,0.188830,0.483750,-0.051253,0.196268,0.437669,-0.062180,0.140479,0.608605,-0.014037,0.150574,0.574801,-0.040914,0.149896,0.604851,-0.048199,0.145793,0.633159,-0.049965
1905,0,0.147549,0.143717,0.234095,1.668545,1.717552,0.129952,0.781790,0.000000,0.167715,0.769284,-0.033319,0.192210,0.713271,-0.042680,0.170101,0.653529,-0.046636,0.143994,0.605802,-0.050080,0.221933,0.623855,-0.016531,0.227888,0.551587,-0.028319,0.225974,0.505447,-0.040445,0.222986,0.459724,-0.050593,0.195692,0.601573,-0.012960,0.204436,0.519803,-0.023886,0.206432,0.470596,-0.037404,0.210853,0.421218,-0.046380,0.166809,0.597809,-0.013518,0.178424,0.526881,-0.036378,0.187072,0.482999,-0.055429,0.194754,0.435760,-0.066675,0.138221,0.610684,-0.016211,0.148270,0.580156,-0.044475,0.146607,0.613147,-0.052131,0.141697,0.643615,-0.053853
1938,0,0.093212,0.092213,0.235603,1.650280,1.688783,0.130533,0.783701,0.000000,0.168589,0.769893,-0.031768,0.192407,0.714764,-0.041580,0.169396,0.657420,-0.046540,0.142980,0.611373,-0.051172,0.221005,0.623554,-0.016541,0.226599,0.551557,-0.028358,0.224323,0.505359,-0.040485,0.220824,0.460005,-0.050662,0.193736,0.602288,-0.013878,0.202376,0.520668,-0.025404,0.204396,0.471312,-0.039245,0.208529,0.421873,-0.048327,0.164237,0.600036,-0.014981,0.175210,0.528980,-0.037294,0.183902,0.484454,-0.055367,0.191827,0.437079,-0.066090,0.135004,0.614276,-0.018136,0.145752,0.583169,-0.045191,0.144301,0.615888,-0.051610,0.140284,0.646397,-0.052522
1983,0,0.046959,0.037166,0.087725,1.647275,1.675939,0.130143,0.784969,0.000000,0.167602,0.771764,-0.032118,0.191744,0.716784,-0.042252,0.168546,0.658114,-0.047539,0.142862,0.610092,-0.052533,0.220382,0.624379,-0.017198,0.226263,0.550661,-0.029128,0.224849,0.504433,-0.041122,0.222011,0.458942,-0.051075,0.192687,0.603134,-0.014291,0.201566,0.521327,-0.025866,0.203701,0.472003,-0.039628,0.207805,0.422586,-0.048596,0.163333,0.601490,-0.015120,0.174004,0.530276,-0.037440,0.182492,0.484871,-0.055413,0.190157,0.437054,-0.066058,0.134087,0.615915,-0.017982,0.144685,0.584572,-0.045242,0.143653,0.616957,-0.051804,0.140185,0.647117,-0.052679
2031,0,0.069632,0.056720,0.122507,1.633584,1.651107,0.130205,0.787209,0.000000,0.168521,0.773976,-0.032329,0.192232,0.718944,-0.042461,0.168189,0.662139,-0.047572,0.142345,0.614873,-0.052355,0.220114,0.625581,-0.017725,0.225596,0.552290,-0.029847,0.223550,0.505948,-0.042059,0.220361,0.459925,-0.052245,0.192374,0.604652,-0.014978,0.201034,0.522681,-0.026688,0.202901,0.473278,-0.040745,0.206876,0.423384,-0.049982,0.163015,0.602664,-0.016009,0.173288,0.531160,-0.039065,0.180988,0.486087,-0.057612,0.188106,0.437897,-0.068528,0.134028,0.617249,-0.019021,0.144893,0.584471,-0.046659,0.144028,0.618160,-0.053121,0.140611,0.649567,-0.053998
2064,0,0.053034,0.046590,0.110317,1.624019,1.635171,0.130456,0.788534,0.000000,0.168597,0.774928,-0.032579,0.192396,0.719783,-0.042951,0.167586,0.662318,-0.048292,0.141090,0.616025,-0.053304,0.219519,0.626092,-0.018228,0.224995,0.552752,-0.030622,0.223012,0.506458,-0.042914,0.219949,0.461045,-0.053085,0.191395,0.605286,-0.015384,0.199872,0.523305,-0.027292,0.201850,0.473780,-0.041304,0.205766,0.424247,-0.050524,0.161560,0.603893,-0.016317,0.172047,0.532099,-0.039109,0.179891,0.487228,-0.057438,0.187075,0.439799,-0.068377,0.132191,0.618615,-0.019317,0.142533,0.586984,-0.046829,0.141749,0.619700,-0.053487,0.138513,0.650558,-0.054548
2112,0,0.029266,0.037666,0.098216,1.624043,1.639504,0.129678,0.787516,0.000000,0.168290,0.774471,-0.033046,0.192171,0.719982,-0.043695,0.167868,0.661286,-0.049257,0.141371,0.613605,-0.054454,0.219552,0.625619,-0.018270,0.225011,0.552311,-0.030557,0.223346,0.506066,-0.042780,0.220752,0.460289,-0.052990,0.191416,0.604369,-0.015178,0.199936,0.522795,-0.027538,0.202066,0.473698,-0.041572,0.206149,0.424150,-0.050684,0.161864,0.602828,-0.015891,0.172124,0.532414,-0.039194,0.180003,0.487212,-0.057418,0.187727,0.439432,-0.068104,0.132432,0.617982,-0.018664,0.142147,0.586311,-0.046256,0.140798,0.619085,-0.052661,0.137497,0.649655,-0.053539
2159,0,0.039277,0.038331,0.056372,1.635803,1.650051,0.130766,0.787976,0.000000,0.168777,0.774844,-0.032462,0.192961,0.719586,-0.042831,0.168566,0.661029,-0.048172,0.142240,0.613311,-0.053219,0.220328,0.625921,-0.017493,0.225733,0.552639,-0.029389,0.224016,0.506766,-0.041441,0.221156,0.461223,-0.051573,0.192249,0.604606,-0.014548,0.200373,0.522685,-0.026372,0.202167,0.473724,-0.040381,0.206237,0.424139,-0.049598,0.162622,0.603123,-0.015362,0.172486,0.532227,-0.038259,0.180474,0.486973,-0.056621,0.188000,0.438946,-0.067557,0.133131,0.617694,-0.018169,0.143395,0.586026,-0.045648,0.142485,0.618957,-0.052268,0.139626,0.649320,-0.053365
2192,0,0.040054,0.054848,0.111761,1.609300,1.628780,0.131230,0.787023,0.000000,0.169169,0.774751,-0.032688,0.193299,0.720079,-0.043596,0.168838,0.661407,-0.049453,0.142472,0.613936,-0.054980,0.220040,0.625447,-0.018925,0.225493,0.552366,-0.031151,0.223807,0.506528,-0.043193,0.221082,0.461088,-0.053296,0.191701,0.604418,-0.015996,0.200162,0.522179,-0.028405,0.202328,0.473364,-0.042278,0.206770,0.423918,-0.051283,0.161951,0.603304,-0.016719,0.172328,0.532017,-0.039716,0.180853,0.486816,-0.057396,0.188945,0.439120,-0.067828,0.132472,0.618321,-0.019474,0.142682,0.586250,-0.046598,0.141758,0.618652,-0.052601,0.139054,0.649112,-0.053333
2235,0,0.027506,0.029403,0.070187,1.608602,1.625455,0.131346,0.787571,0.000000,0.169453,0.774603,-0.032701,0.193675,0.720460,-0.043638,0.169291,0.662200,-0.049554,0.142726,0.614934,-0.055178,0.221015,0.625289,-0.018989,0.226716,0.551626,-0.031241,0.225359,0.505255,-0.043273,0.222766,0.459507,-0.053352,0.192510,0.604206,-0.016095,0.200786,0.522178,-0.028557,0.202964,0.473318,-0.042397,0.207517,0.423880,-0.051270,0.162614,0.603140,-0.016834,0.173050,0.532156,-0.039913,0.181265,0.486672,-0.057551,0.189644,0.438809,-0.067886,0.132946,0.618451,-0.019592,0.142678,0.587043,-0.046961,0.141517,0.620019,-0.052804,0.138892,0.651259,-0.053279
2268,0,0.064448,0.061010,0.129754,1.619482,1.642097,0.130706,0.786291,0.000000,0.169586,0.774168,-0.033571,0.194390,0.719539,-0.043932,0.169795,0.660704,-0.048948,0.142960,0.613724,-0.053524,0.221543,0.624810,-0.018378,0.227131,0.550296,-0.030716,0.225597,0.503466,-0.042944,0.222962,0.457600,-0.053048,0.193523,0.603192,-0.015010,0.202380,0.521737,-0.026725,0.204452,0.472633,-0.040454,0.208735,0.423838,-0.049424,0.163952,0.601225,-0.015596,0.174407,0.530176,-0.038770,0.181900,0.485558,-0.057185,0.189421,0.438212,-0.068021,0.134787,0.615804,-0.018287,0.144232,0.583952,-0.046165,0.142805,0.617576,-0.052828,0.139478,0.648847,-0.053853
2315,0,0.046150,0.045487,0.221622,1.618190,1.634967,0.130693,0.787456,0.000000,0.169150,0.774830,-0.034148,0.193234,0.720124,-0.044956,0.169474,0.659774,-0.050489,0.143643,0.611247,-0.055581,0.221191,0.625557,-0.018429,0.227566,0.550849,-0.031015,0.226107,0.504044,-0.043784,0.223577,0.458815,-0.054226,0.193382,0.604095,-0.014665,0.203032,0.522627,-0.026050,0.205423,0.472957,-0.040376,0.209158,0.424254,-0.050012,0.163924,0.602484,-0.014940,0.174761,0.530554,-0.037848,0.181999,0.485888,-0.057120,0.188179,0.439441,-0.068771,0.134313,0.616823,-0.017330,0.144735,0.584492,-0.045542,0.143903,0.616413,-0.053310,0.139879,0.645999,-0.055178
2367,0,0.077823,0.061969,0.131758,1.622338,1.643415,0.130785,0.786614,0.000000,0.169518,0.773319,-0.034485,0.193161,0.717475,-0.045135,0.168969,0.657179,-0.050387,0.142793,0.609996,-0.055125,0.221014,0.624318,-0.018464,0.227802,0.549545,-0.030812,0.226333,0.502140,-0.043483,0.223381,0.456753,-0.053876,0.193544,0.603122,-0.014139,0.202670,0.522022,-0.024753,0.204670,0.472104,-0.038892,0.207709,0.424040,-0.048624,0.164426,0.601125,-0.013901,0.173829,0.528147,-0.035734,0.180043,0.483609,-0.054941,0.184865,0.437862,-0.066767,0.135378,0.614900,-0.015893,0.145143,0.581726,-0.043042,0.144882,0.611810,-0.051085,0.141077,0.640905,-0.053325
2400,0,0.045452,0.039517,0.080199,1.612549,1.644072,0.131232,0.784614,0.000000,0.170636,0.771444,-0.034391,0.193920,0.715837,-0.044841,0.170029,0.655987,-0.049790,0.143840,0.609031,-0.054153,0.222055,0.624074,-0.018772,0.228665,0.549499,-0.030926,0.226928,0.502182,-0.043337,0.224106,0.456867,-0.053567,0.194307,0.602722,-0.014437,0.202875,0.521424,-0.024913,0.204528,0.471811,-0.038901,0.207636,0.423962,-0.048580,0.165067,0.600113,-0.014171,0.173436,0.526801,-0.036261,0.179283,0.481859,-0.055840,0.183927,0.435913,-0.067902,0.136316,0.613163,-0.016068,0.145677,0.579287,-0.043337,0.145911,0.610143,-0.051477,0.142500,0.639946,-0.053897
2445,0,0.036139,0.031612,0.091288,1.616957,1.652308,0.132334,0.784069,0.000000,0.171357,0.770772,-0.033837,0.194524,0.715506,-0.044010,0.170112,0.655425,-0.048787,0.144201,0.608334,-0.052980,0.222289,0.623912,-0.018186,0.228840,0.549249,-0.030246,0.227422,0.501482,-0.042661,0.224580,0.455915,-0.052871,0.194626,0.602554,-0.014111,0.203312,0.521493,-0.024339,0.205093,0.471610,-0.038359,0.207954,0.423783,-0.048094,0.165775,0.600231,-0.014075,0.174275,0.526622,-0.036007,0.180133,0.481626,-0.055678,0.184408,0.435634,-0.067784,0.137136,0.613351,-0.016135,0.146558,0.578338,-0.043281,0.147269,0.607684,-0.051522,0.144050,0.636106,-0.054001
2477,0,0.031914,0.027993,0.149378,1.626253,1.664692,0.132170,0.783419,0.000000,0.171139,0.769705,-0.033916,0.194293,0.713941,-0.044204,0.170464,0.653366,-0.049075,0.144245,0.606197,-0.053401,0.222858,0.623710,-0.018112,0.229242,0.548757,-0.030245,0.227472,0.501080,-0.042677,0.224443,0.455529,-0.052783,0.195274,0.602401,-0.013996,0.203609,0.520788,-0.024210,0.205153,0.470983,-0.038024,0.208169,0.423208,-0.047512,0.165872,0.599821,-0.013932,0.174055,0.526331,-0.035970,0.179985,0.481230,-0.055509,0.184570,0.435205,-0.067433,0.136771,0.612495,-0.015968,0.146327,0.579757,-0.043586,0.146463,0.610491,-0.051911,0.142819,0.639553,-0.054310
2525,0,0.041230,0.046726,0.131220,1.629475,1.670852,0.131950,0.782731,0.000000,0.171311,0.769466,-0.033684,0.195209,0.713805,-0.043433,0.171341,0.653734,-0.047725,0.145447,0.606981,-0.051399,0.222767,0.623188,-0.017706,0.229235,0.548790,-0.029355,0.227752,0.501484,-0.041396,0.225132,0.456293,-0.051326,0.195195,0.601823,-0.013605,0.203529,0.520359,-0.023481,0.205316,0.470740,-0.037231,0.208436,0.423164,-0.046743,0.166204,0.599312,-0.013532,0.174771,0.525895,-0.035394,0.180563,0.480952,-0.055073,0.185143,0.435071,-0.067077,0.137673,0.612547,-0.015532,0.147009,0.577570,-0.042669,0.147385,0.607690,-0.050853,0.143791,0.637020,-0.053218
2576,0,0.018666,0.027159,0.080511,1.626672,1.672026,0.132448,0.782153,0.000000,0.171393,0.769766,-0.033714,0.195137,0.714068,-0.043438,0.171368,0.653985,-0.047727,0.145655,0.606924,-0.051434,0.222737,0.623030,-0.017666,0.229355,0.548908,-0.029370,0.227837,0.501913,-0.041402,0.225334,0.456956,-0.051325,0.195368,0.601541,-0.013613,0.203756,0.520297,-0.023591,0.205483,0.471068,-0.037258,0.208993,0.423700,-0.046709,0.166297,0.598896,-0.013631,0.175112,0.525480,-0.035768,0.181065,0.480650,-0.055506,0.185958,0.434460,-0.067574,0.137565,0.612267,-0.015721,0.147210,0.578025,-0.043219,0.147091,0.609037,-0.051471,0.143205,0.638690,-0.053906
2609,0,0.047761,0.062788,0.138568,1.629222,1.670601,0.133459,0.782929,0.000000,0.172512,0.770261,-0.033137,0.195812,0.714077,-0.042768,0.170879,0.654829,-0.046939,0.144748,0.608354,-0.050639,0.223542,0.623014,-0.017611,0.229368,0.548771,-0.029328,0.227845,0.502083,-0.041244,0.225386,0.456945,-0.051038,0.195732,0.601509,-0.014074,0.203938,0.520207,-0.024123,0.205570,0.471145,-0.037544,0.209066,0.423345,-0.046649,0.166303,0.599020,-0.014528,0.174791,0.525602,-0.037127,0.180962,0.481119,-0.056842,0.186420,0.434302,-0.068740,0.137184,0.612653,-0.016967,0.146642,0.580608,-0.045343,0.146095,0.614685,-0.053469,0.141976,0.646164,-0.055572
2653,0,0.036293,0.036263,0.070685,1.623345,1.663250,0.132932,0.783080,0.000000,0.171384,0.770747,-0.034354,0.194910,0.714561,-0.044364,0.170440,0.653987,-0.048652,0.144571,0.606571,-0.052394,0.223183,0.622833,-0.018458,0.229390,0.548679,-0.030339,0.227873,0.501711,-0.042402,0.225538,0.456713,-0.052322,0.195335,0.601219,-0.014161,0.203637,0.519985,-0.024271,0.205302,0.470892,-0.037824,0.208859,0.423360,-0.047053,0.165898,0.598804,-0.013961,0.174725,0.525596,-0.036480,0.180843,0.480644,-0.056318,0.186017,0.433991,-0.068381,0.136682,0.612610,-0.015833,0.146233,0.580573,-0.044074,0.145588,0.613193,-0.052503,0.141411,0.643442,-0.054829
2686,0,0.046772,0.047175,0.103993,1.631562,1.673404,0.132846,0.782821,0.000000,0.171975,0.769820,-0.033265,0.195132,0.713971,-0.042983,0.170938,0.653493,-0.047314,0.145180,0.605923,-0.051063,0.223578,0.623198,-0.017088,0.229691,0.548853,-0.028679,0.228017,0.501881,-0.040653,0.225417,0.456818,-0.050589,0.195839,0.601472,-0.013257,0.203902,0.520459,-0.023384,0.205229,0.471156,-0.037087,0.208475,0.423348,-0.046513,0.166557,0.598837,-0.013457,0.175033,0.525450,-0.035867,0.180795,0.480366,-0.055648,0.185668,0.433785,-0.067695,0.137644,0.612028,-0.015632,0.147176,0.578202,-0.043492,0.147129,0.609535,-0.051827,0.143500,0.638982,-0.054265
2733,0,0.030880,0.041102,0.090564,1.632657,1.678448,0.132985,0.782017,0.000000,0.171972,0.769226,-0.033522,0.195378,0.713363,-0.043219,0.170844,0.653848,-0.047395,0.144958,0.606850,-0.051027,0.223359,0.622846,-0.017696,0.229513,0.548566,-0.029345,0.227985,0.501753,-0.041330,0.225522,0.456493,-0.051245,0.195762,0.601337,-0.013901,0.203831,0.520208,-0.023843,0.205176,0.471093,-0.037553,0.208611,0.423337,-0.046996,0.166346,0.598736,-0.014137,0.175171,0.525625,-0.036681,0.181237,0.480599,-0.056729,0.186440,0.433658,-0.069005,0.137349,0.611995,-0.016352,0.147209,0.579474,-0.044671,0.146918,0.612199,-0.053097,0.143055,0.642673,-0.055567
2784,0,0.022804,0.036624,0.074446,1.636606,1.674815,0.133194,0.783311,0.000000,0.171975,0.769771,-0.033647,0.195412,0.713738,-0.043269,0.170539,0.653617,-0.047436,0.144436,0.606744,-0.051060,0.223392,0.622434,-0.017250,0.229412,0.548593,-0.028973,0.227923,0.501744,-0.041058,0.225476,0.456515,-0.051096,0.195541,0.601134,-0.013381,0.203672,0.520245,-0.023319,0.205359,0.470950,-0.037036,0.209123,0.423390,-0.046422,0.165781,0.598981,-0.013617,0.174769,0.525813,-0.036257,0.180993,0.481085,-0.056387,0.186176,0.434590,-0.068636,0.136548,0.612720,-0.015845,0.146487,0.580677,-0.044392,0.146052,0.613404,-0.053017,0.142047,0.643542,-0.055481
2818,0,0.054923,0.048539,0.166701,1.627906,1.668923,0.132859,0.782556,0.000000,0.171844,0.769067,-0.034307,0.194926,0.713193,-0.044457,0.170989,0.652986,-0.049004,0.145031,0.605564,-0.053006,0.223354,0.622116,-0.018081,0.229799,0.548051,-0.029814,0.228039,0.500825,-0.042092,0.225356,0.455509,-0.052242,0.195868,0.600794,-0.013688,0.204044,0.519928,-0.023811,0.205573,0.470633,-0.037690,0.208681,0.422702,-0.047331,0.166496,0.598502,-0.013379,0.175143,0.525118,-0.035616,0.180858,0.480387,-0.055262,0.185471,0.434031,-0.067267,0.137561,0.611889,-0.015152,0.147043,0.577710,-0.042674,0.146877,0.609106,-0.050714,0.143032,0.638904,-0.052970
2863,0,0.029487,0.025567,0.093556,1.624457,1.668190,0.133091,0.781466,0.000000,0.172207,0.767961,-0.033673,0.195597,0.712678,-0.043673,0.171393,0.653398,-0.048255,0.145537,0.606801,-0.052364,0.223669,0.621575,-0.017682,0.229817,0.547744,-0.029200,0.228109,0.500879,-0.041346,0.225571,0.455637,-0.051491,0.196071,0.600296,-0.013646,0.204228,0.519323,-0.023746,0.205630,0.470209,-0.037819,0.208846,0.422150,-0.047637,0.167031,0.597663,-0.013600,0.175637,0.524518,-0.035782,0.181286,0.480131,-0.055564,0.185914,0.433901,-0.067673,0.138165,0.610918,-0.015564,0.147497,0.576132,-0.042946,0.147165,0.607652,-0.050946,0.143322,0.637825,-0.053273
2896,0,0.027590,0.027749,0.088445,1.634355,1.678536,0.133142,0.781636,0.000000,0.172307,0.768304,-0.033394,0.195400,0.712626,-0.043158,0.171299,0.652711,-0.047586,0.145695,0.605724,-0.051397,0.223579,0.621609,-0.017260,0.230002,0.547365,-0.028802,0.228507,0.500509,-0.040835,0.226028,0.455343,-0.050780,0.195797,0.600318,-0.013358,0.204184,0.519090,-0.023249,0.205667,0.469999,-0.036951,0.208990,0.422240,-0.046352,0.166454,0.597915,-0.013457,0.175081,0.525063,-0.035427,0.181108,0.480550,-0.054918,0.185857,0.434205,-0.066824,0.137476,0.611505,-0.015590,0.147059,0.577974,-0.042976,0.146696,0.609782,-0.050853,0.142664,0.639619,-0.052922
2942,0,0.025335,0.024051,0.036831,1.635191,1.680625,0.133341,0.781555,0.000000,0.172331,0.768295,-0.033838,0.195257,0.712751,-0.043834,0.171053,0.651998,-0.048377,0.145318,0.604336,-0.052339,0.223682,0.621926,-0.017601,0.230129,0.547142,-0.029295,0.228648,0.499947,-0.041435,0.226029,0.454522,-0.051466,0.196029,0.600480,-0.013375,0.204337,0.519323,-0.023298,0.205858,0.469811,-0.037073,0.208853,0.421951,-0.046596,0.166642,0.598168,-0.013185,0.175355,0.524976,-0.035074,0.181229,0.480248,-0.054520,0.185747,0.433900,-0.066368,0.137904,0.611513,-0.015066,0.147637,0.577345,-0.042307,0.147362,0.608017,-0.050267,0.143414,0.637073,-0.052448
2991,0,0.025928,0.025976,0.032231,1.636365,1.681059,0.133134,0.781904,0.000000,0.172177,0.768065,-0.033091,0.195200,0.712323,-0.042802,0.170952,0.651903,-0.047231,0.145528,0.604268,-0.051116,0.223434,0.622188,-0.017235,0.229907,0.547497,-0.028843,0.228449,0.500356,-0.040842,0.225804,0.455123,-0.050753,0.195928,0.600811,-0.013460,0.204363,0.519476,-0.023343,0.206083,0.469879,-0.037048,0.209182,0.421832,-0.046505,0.166577,0.598478,-0.013650,0.175356,0.524892,-0.035705,0.181293,0.480082,-0.055218,0.185950,0.433442,-0.067162,0.137557,0.611933,-0.015819,0.147449,0.577739,-0.043419,0.147494,0.609611,-0.051406,0.143656,0.639389,-0.053512
3025,0,0.060340,0.054927,0.148473,1.646199,1.692493,0.133157,0.781370,0.000000,0.172544,0.766695,-0.031818,0.196958,0.710725,-0.040704,0.173965,0.651020,-0.044484,0.148397,0.604781,-0.047827,0.224444,0.622059,-0.015873,0.231051,0.547356,-0.026821,0.229439,0.499544,-0.038523,0.226594,0.454129,-0.048263,0.196550,0.600586,-0.012747,0.205228,0.519299,-0.021788,0.207089,0.469299,-0.035107,0.210292,0.421685,-0.044411,0.166852,0.598037,-0.013501,0.175440,0.523551,-0.035035,0.181496,0.478415,-0.054551,0.186153,0.432143,-0.066580,0.137171,0.611441,-0.016145,0.147023,0.576662,-0.043357,0.147274,0.609047,-0.051098,0.143658,0.640373,-0.053170
3074,0,0.182556,0.194646,0.745577,1.513535,1.571922,0.133333,0.779214,0.000000,0.175293,0.766368,-0.029170,0.203454,0.712107,-0.038130,0.182574,0.651933,-0.043037,0.157754,0.607466,-0.047726,0.225836,0.620671,-0.016057,0.233744,0.547010,-0.027280,0.232578,0.499452,-0.038820,0.229976,0.455190,-0.048162,0.196562,0.599832,-0.014276,0.209528,0.519593,-0.023390,0.214144,0.468837,-0.035713,0.218251,0.423471,-0.044491,0.165332,0.598882,-0.016021,0.173342,0.521334,-0.035404,0.178017,0.474739,-0.052233,0.181525,0.432127,-0.062774,0.133593,0.613414,-0.019701,0.143828,0.568206,-0.042782,0.143596,0.592283,-0.048271,0.139877,0.619985,-0.049471
3119,0,0.666323,0.665582,2.556878,0.926763,0.979829,0.134703,0.777819,0.000000,0.175687,0.767206,-0.033744,0.208601,0.726654,-0.047526,0.226651,0.683651,-0.057562,0.241353,0.643497,-0.066907,0.223808,0.617651,-0.027963,0.241189,0.545657,-0.044144,0.247943,0.500334,-0.058253,0.252126,0.457496,-0.068798,0.193269,0.597432,-0.024327,0.211488,0.517370,-0.037999,0.220410,0.468530,-0.051926,0.227001,0.423662,-0.061853,0.160380,0.597736,-0.024236,0.164631,0.520270,-0.042690,0.167524,0.474199,-0.057526,0.170155,0.434240,-0.067125,0.126887,0.612279,-0.026981,0.134264,0.560558,-0.046108,0.135721,0.564759,-0.051526,0.134977,0.576156,-0.053417
3150,0,0.514596,0.536597,3.643782,0.497065,0.530479,0.134536,0.780245,0.000000,0.183460,0.765360,-0.026697,0.227671,0.724510,-0.039752,0.264407,0.688473,-0.051199,0.300614,0.672591,-0.062207,0.224785,0.617248,-0.023478,0.250831,0.549343,-0.041252,0.263094,0.504541,-0.055149,0.272538,0.463623,-0.065461,0.192726,0.594300,-0.023460,0.211736,0.514413,-0.038838,0.222219,0.464555,-0.050870,0.228759,0.421588,-0.058842,0.158766,0.594110,-0.026697,0.160057,0.518297,-0.042751,0.160253,0.470149,-0.053393,0.161232,0.426981,-0.060086,0.124665,0.611744,-0.032694,0.122049,0.559725,-0.047176,0.118634,0.529066,-0.052918,0.115846,0.499798,-0.055843
3196,0,0.447636,0.458204,0.410840,0.267865,0.257786,0.137941,0.785433,0.000000,0.194297,0.777061,-0.027127,0.244924,0.741227,-0.041323,0.287491,0.707892,-0.053881,0.326040,0.694397,-0.066140,0.225243,0.621291,-0.027499,0.256470,0.554535,-0.045534,0.273569,0.510852,-0.059060,0.286200,0.470590,-0.069270,0.192525,0.595926,-0.027872,0.215000,0.513988,-0.044006,0.227682,0.461828,-0.055967,0.234374,0.416630,-0.064053,0.158234,0.593694,-0.031300,0.157195,0.513930,-0.047956,0.156367,0.463068,-0.059917,0.156547,0.418571,-0.067593,0.124090,0.611251,-0.037336,0.110783,0.553200,-0.053024,0.102656,0.515211,-0.060774,0.097663,0.479179,-0.065171
3228,0,0.237838,0.242119,0.311588,0.300363,0.243236,0.139664,0.789260,0.000001,0.198759,0.784050,-0.026874,0.252742,0.749708,-0.041259,0.297754,0.716579,-0.053861,0.335296,0.698153,-0.066273,0.225268,0.625144,-0.029493,0.261838,0.559571,-0.048016,0.282067,0.517536,-0.061149,0.296338,0.479773,-0.070638,0.191517,0.597527,-0.030024,0.217518,0.513360,-0.046232,0.233440,0.461148,-0.057125,0.242551,0.416982,-0.064261,0.155887,0.593984,-0.033573,0.154799,0.510056,-0.050749,0.155088,0.457304,-0.062326,0.156061,0.411524,-0.069499,0.120485,0.611792,-0.039437,0.102974,0.550577,-0.056063,0.093271,0.510683,-0.063692,0.087386,0.472445,-0.067677
3281,0,0.125962,0.127521,0.198755,0.379125,0.292274,0.139023,0.793138,0.000001,0.198412,0.787247,-0.028257,0.253765,0.753222,-0.043478,0.298824,0.719507,-0.056789,0.337076,0.698741,-0.069745,0.225058,0.627344,-0.029517,0.265016,0.564971,-0.049031,0.287921,0.523941,-0.063247,0.304955,0.486649,-0.073447,0.191477,0.599185,-0.029536,0.219760,0.516383,-0.046431,0.238233,0.464666,-0.057892,0.250050,0.420017,-0.065689,0.155854,0.594916,-0.032923,0.155949,0.512040,-0.050921,0.157254,0.458773,-0.062932,0.159429,0.412560,-0.070454,0.120553,0.612297,-0.038831,0.102692,0.550140,-0.056080,0.093248,0.508780,-0.064232,0.087557,0.468907,-0.068682
3327,0,0.116105,0.126968,0.120780,0.374743,0.272859,0.137964,0.794366,0.000001,0.197671,0.788269,-0.028244,0.253533,0.753894,-0.042813,0.299048,0.719677,-0.055494,0.338105,0.700002,-0.067618,0.224673,0.628734,-0.027329,0.266689,0.566951,-0.045874,0.289881,0.526196,-0.059469,0.306777,0.489579,-0.069248,0.191930,0.600539,-0.026991,0.222632,0.518376,-0.043170,0.242218,0.466631,-0.054142,0.255248,0.422421,-0.061576,0.156593,0.595471,-0.030192,0.157724,0.512880,-0.047782,0.159807,0.459225,-0.059787,0.163031,0.412728,-0.067260,0.120765,0.611310,-0.035995,0.103599,0.549555,-0.052949,0.094157,0.507681,-0.061059,0.088667,0.467207,-0.065471
3359,0,0.038399,0.041825,0.082858,0.389839,0.274065,0.138745,0.793937,0.000001,0.198336,0.788075,-0.027705,0.254320,0.754648,-0.042134,0.299810,0.720827,-0.054735,0.338898,0.701910,-0.066938,0.224201,0.629228,-0.026910,0.266723,0.567983,-0.045394,0.290623,0.527812,-0.058869,0.308181,0.491787,-0.068409,0.191669,0.601044,-0.026732,0.223052,0.519136,-0.042611,0.243528,0.467539,-0.053384,0.257194,0.423660,-0.060618,0.156440,0.595798,-0.030051,0.157708,0.512670,-0.047381,0.160153,0.458965,-0.059267,0.163915,0.413085,-0.066660,0.121021,0.611849,-0.035914,0.103726,0.549826,-0.052787,0.094476,0.507632,-0.060817,0.089302,0.467129,-0.065149
3392,0,0.026352,0.035705,0.056672,0.401125,0.294781,0.138173,0.793428,0.000001,0.198248,0.787323,-0.028173,0.254393,0.753870,-0.042916,0.300359,0.720808,-0.055748,0.339621,0.702015,-0.068180,0.224063,0.629061,-0.027754,0.266889,0.567772,-0.046423,0.291150,0.527656,-0.060011,0.308874,0.491461,-0.069694,0.191759,0.600510,-0.027356,0.223489,0.519020,-0.043315,0.243925,0.467753,-0.054074,0.257594,0.424149,-0.061366,0.156393,0.595113,-0.030444,0.157854,0.512387,-0.047778,0.160272,0.458890,-0.059653,0.163978,0.412472,-0.067104,0.120917,0.611067,-0.036122,0.103627,0.549694,-0.052839,0.094238,0.508026,-0.060808,0.088971,0.467677,-0.065152
3426,0,0.027604,0.056009,0.035140,0.412996,0.330008,0.137270,0.791886,0.000001,0.197458,0.785990,-0.028494,0.254194,0.753567,-0.043431,0.300281,0.721087,-0.056508,0.339645,0.702737,-0.069146,0.224004,0.628482,-0.027894,0.266971,0.567818,-0.046790,0.291316,0.528075,-0.060667,0.309112,0.492155,-0.070545,0.191617,0.599832,-0.027414,0.223713,0.518582,-0.043591,0.244368,0.467688,-0.054669,0.258280,0.424214,-0.062227,0.156333,0.594524,-0.030494,0.158249,0.512167,-0.047990,0.160850,0.458869,-0.060147,0.164726,0.412682,-0.067786,0.120926,0.610485,-0.036172,0.103920,0.548898,-0.053069,0.094671,0.507064,-0.061147,0.089495,0.466545,-0.065586
3463,0,0.027983,0.037083,0.060489,0.409246,0.315048,0.137854,0.792331,0.000001,0.197277,0.786151,-0.027988,0.253854,0.753629,-0.042762,0.300350,0.721801,-0.055815,0.339805,0.703936,-0.068387,0.224325,0.628350,-0.026926,0.267193,0.568131,-0.045525,0.291434,0.528753,-0.059218,0.309144,0.492986,-0.069068,0.191831,0.599638,-0.026706,0.223514,0.518688,-0.042762,0.244566,0.467979,-0.053893,0.258677,0.424696,-0.061460,0.156487,0.594171,-0.030030,0.157766,0.511564,-0.047527,0.160470,0.458325,-0.059739,0.164511,0.412357,-0.067426,0.121106,0.610279,-0.035915,0.103651,0.548641,-0.052812,0.094181,0.506462,-0.061020,0.088929,0.466077,-0.065545
3500,0,0.032807,0.032114,0.052329,0.417611,0.332894,0.137549,0.791980,0.000001,0.197059,0.785518,-0.028357,0.254132,0.752924,-0.043238,0.300581,0.720988,-0.056233,0.339969,0.703232,-0.068828,0.224528,0.628445,-0.028037,0.267270,0.568085,-0.047008,0.291497,0.528368,-0.060926,0.309432,0.492419,-0.070833,0.191829,0.599610,-0.027716,0.223524,0.518275,-0.043880,0.244340,0.467401,-0.055030,0.258552,0.423799,-0.062611,0.156214,0.594013,-0.030924,0.157718,0.511659,-0.048452,0.160290,0.458315,-0.060646,0.164123,0.412108,-0.068306,0.120573,0.610189,-0.036720,0.102764,0.548623,-0.053666,0.093243,0.506634,-0.061849,0.087909,0.465852,-0.066381
3540,0,0.018267,0.021596,0.042317,0.416744,0.336074,0.137286,0.792289,0.000001,0.197026,0.785606,-0.028918,0.253670,0.752688,-0.044021,0.300369,0.720767,-0.057151,0.339997,0.702901,-0.069878,0.224387,0.628266,-0.028515,0.267386,0.567409,-0.047445,0.291737,0.527764,-0.061300,0.309547,0.491681,-0.071167,0.191558,0.599370,-0.027951,0.223316,0.518057,-0.044182,0.243976,0.467236,-0.055339,0.257934,0.423897,-0.062951,0.156075,0.594143,-0.030932,0.157232,0.511750,-0.048572,0.159742,0.458292,-0.060856,0.163627,0.412066,-0.068589,0.120424,0.610174,-0.036570,0.102604,0.548457,-0.053687,0.092998,0.506203,-0.061984,0.087669,0.465396,-0.066616
3575,0,0.034105,0.052030,0.061499,0.437870,0.351828,0.138151,0.792036,0.000001,0.197173,0.785336,-0.029028,0.253453,0.752596,-0.044448,0.300170,0.720500,-0.057814,0.340212,0.703024,-0.070778,0.224289,0.628681,-0.029612,0.267447,0.568105,-0.048876,0.291605,0.528097,-0.062766,0.309442,0.491857,-0.072630,0.191343,0.599752,-0.029068,0.223063,0.518452,-0.045776,0.243888,0.467459,-0.056848,0.257845,0.423585,-0.064377,0.155871,0.594548,-0.032027,0.156760,0.512062,-0.050004,0.159345,0.458301,-0.062203,0.163328,0.411690,-0.069852,0.120553,0.610937,-0.037624,0.102526,0.548971,-0.054956,0.092942,0.506387,-0.063249,0.087587,0.465407,-0.067879
3608,0,0.035982,0.043509,0.062698,0.424115,0.332532,0.137852,0.792198,0.000001,0.197687,0.785956,-0.028773,0.254261,0.752818,-0.043771,0.300246,0.720228,-0.056782,0.339920,0.702229,-0.069392,0.224538,0.628449,-0.028773,0.267596,0.567299,-0.047747,0.291816,0.527182,-0.061481,0.309506,0.490746,-0.071319,0.191891,0.599631,-0.028231,0.223532,0.518113,-0.044534,0.244218,0.467162,-0.055578,0.258082,0.423362,-0.063087,0.156340,0.594253,-0.031202,0.157511,0.511734,-0.048992,0.159992,0.458154,-0.061240,0.163657,0.411574,-0.068950,0.120909,0.610352,-0.036824,0.103250,0.548595,-0.054092,0.093533,0.506380,-0.062485,0.088012,0.465354,-0.067143
3642,0,0.025454,0.028738,0.045657,0.417529,0.319729,0.138288,0.792233,0.000001,0.198016,0.785944,-0.028526,0.254451,0.752725,-0.043340,0.300598,0.719958,-0.056210,0.340113,0.701762,-0.068638,0.224511,0.628252,-0.028105,0.267234,0.567572,-0.046948,0.291491,0.527811,-0.060620,0.309196,0.491771,-0.070362,0.192004,0.599304,-0.027604,0.223438,0.518067,-0.043901,0.243960,0.467350,-0.054887,0.257912,0.423776,-0.062304,0.156573,0.593582,-0.030651,0.157542,0.511341,-0.048392,0.160041,0.457880,-0.060580,0.163961,0.411457,-0.068237,0.121150,0.609463,-0.036284,0.103212,0.548007,-0.053443,0.093760,0.505869,-0.061742,0.088401,0.465260,-0.066353
3678,0,0.033865,0.038806,0.062805,0.436862,0.339970,0.138085,0.791962,0.000001,0.197818,0.786145,-0.029287,0.254259,0.752672,-0.044442,0.300640,0.719810,-0.057529,0.340501,0.701244,-0.070176,0.224860,0.628567,-0.029126,0.267725,0.567387,-0.048175,0.291977,0.527323,-0.061905,0.309743,0.490768,-0.071781,0.192175,0.599481,-0.028303,0.223751,0.518520,-0.044924,0.244383,0.467479,-0.056044,0.258376,0.423394,-0.063551,0.156759,0.594103,-0.031073,0.157678,0.511808,-0.049179,0.160068,0.458267,-0.061584,0.164131,0.411427,-0.069332,0.121322,0.610136,-0.036493,0.103848,0.548427,-0.054037,0.094296,0.506267,-0.062628,0.088921,0.465113,-0.067405
3713,0,0.020283,0.019922,0.062924,0.427514,0.334470,0.138084,0.791616,0.000001,0.197549,0.785661,-0.029220,0.253713,0.752416,-0.044341,0.300363,0.719817,-0.057319,0.340128,0.700726,-0.069896,0.224618,0.627851,-0.028960,0.266890,0.567413,-0.047986,0.291105,0.527877,-0.061845,0.309032,0.492093,-0.071738,0.192041,0.598832,-0.028179,0.223452,0.517866,-0.044621,0.244130,0.467201,-0.055797,0.258143,0.423525,-0.063447,0.156629,0.593614,-0.030962,0.158147,0.511154,-0.048907,0.160729,0.458047,-0.061284,0.164653,0.411751,-0.069055,0.121377,0.609880,-0.036410,0.103721,0.548393,-0.053834,0.094034,0.506512,-0.062326,0.088587,0.465873,-0.067092
3748,0,0.019240,0.022736,0.097962,0.429836,0.323667,0.138461,0.792305,0.000001,0.198436,0.786160,-0.028874,0.254752,0.752954,-0.043781,0.300788,0.719288,-0.056708,0.340599,0.700734,-0.069194,0.224779,0.628352,-0.028774,0.267561,0.567648,-0.047823,0.291562,0.527658,-0.061630,0.309570,0.491391,-0.071515,0.192124,0.599204,-0.028134,0.223417,0.518247,-0.044582,0.243923,0.467445,-0.055587,0.257835,0.423440,-0.063071,0.156783,0.593901,-0.031035,0.158208,0.511512,-0.048904,0.160728,0.458446,-0.061030,0.164523,0.411963,-0.068593,0.121342,0.610102,-0.036558,0.103902,0.548477,-0.053866,0.094507,0.506454,-0.062150,0.089125,0.465733,-0.066673
3784,0,0.021612,0.019706,0.061315,0.443121,0.330291,0.138899,0.792210,0.000001,0.198552,0.786474,-0.029109,0.255044,0.753235,-0.044053,0.301167,0.719884,-0.056937,0.340701,0.701100,-0.069421,0.225567,0.628724,-0.029009,0.268124,0.567849,-0.047974,0.292079,0.527719,-0.061779,0.309831,0.491127,-0.071702,0.192661,0.599933,-0.028309,0.223653,0.519002,-0.044733,0.244045,0.467772,-0.055777,0.257974,0.423416,-0.063299,0.157034,0.594771,-0.031209,0.158491,0.512294,-0.049175,0.161159,0.458892,-0.061499,0.165299,0.411889,-0.069181,0.121670,0.610910,-0.036751,0.104331,0.548897,-0.054336,0.094676,0.506628,-0.062859,0.089081,0.465490,-0.067580
3819,0,0.020471,0.020975,0.056150,0.440294,0.332216,0.138570,0.792369,0.000001,0.198108,0.786343,-0.029001,0.254342,0.753433,-0.044112,0.300623,0.719868,-0.057121,0.340383,0.700539,-0.069730,0.225107,0.629015,-0.029001,0.267605,0.568323,-0.048115,0.291559,0.528476,-0.062005,0.309498,0.492435,-0.071972,0.192440,0.599868,-0.028280,0.223624,0.518284,-0.044712,0.244082,0.467624,-0.055840,0.258064,0.423824,-0.063406,0.157181,0.594255,-0.031082,0.158878,0.511807,-0.048955,0.161749,0.458911,-0.061084,0.165897,0.412598,-0.068690,0.121779,0.610310,-0.036506,0.104280,0.548834,-0.053879,0.094666,0.507062,-0.062165,0.089216,0.466303,-0.066728
3854,0,0.020684,0.029586,0.056915,0.436548,0.329728,0.138799,0.791837,0.000001,0.198496,0.786356,-0.028847,0.254965,0.753342,-0.043870,0.300739,0.719464,-0.056815,0.340431,0.700193,-0.069321,0.225226,0.628835,-0.029027,0.267545,0.568220,-0.048225,0.291275,0.528181,-0.062129,0.309214,0.492137,-0.072078,0.192300,0.599922,-0.028488,0.223168,0.518545,-0.045109,0.243313,0.467571,-0.056216,0.257079,0.423620,-0.063767,0.156852,0.594717,-0.031464,0.158618,0.512264,-0.049584,0.161546,0.459308,-0.061650,0.165821,0.413144,-0.069121,0.121346,0.610820,-0.037058,0.103587,0.549108,-0.054618,0.094035,0.507059,-0.062888,0.088713,0.466244,-0.067403
3889,0,0.018742,0.021729,0.055731,0.423824,0.321393,0.138628,0.792224,0.000001,0.198518,0.785946,-0.029113,0.254280,0.752732,-0.044210,0.300415,0.718673,-0.057145,0.339794,0.698740,-0.069639,0.224910,0.628987,-0.029213,0.267322,0.568013,-0.048415,0.291073,0.527849,-0.062271,0.309002,0.491777,-0.072122,0.191885,0.600055,-0.028492,0.222609,0.518008,-0.045131,0.242669,0.467207,-0.056184,0.256380,0.423796,-0.063753,0.156563,0.594629,-0.031336,0.158176,0.512305,-0.049336,0.160949,0.459164,-0.061550,0.164985,0.413148,-0.069119,0.121274,0.610782,-0.036782,0.103425,0.548954,-0.054262,0.093652,0.506923,-0.062631,0.087970,0.466410,-0.067237
3925,0,0.021395,0.025195,0.058786,0.407556,0.303347,0.138762,0.792366,0.000001,0.199017,0.786204,-0.029042,0.254968,0.752722,-0.044012,0.300544,0.718217,-0.056884,0.339828,0.698229,-0.069356,0.224834,0.628203,-0.028622,0.266688,0.567218,-0.047730,0.290540,0.527351,-0.061681,0.308196,0.491022,-0.071675,0.191904,0.599617,-0.027962,0.222094,0.518003,-0.044572,0.241791,0.467206,-0.055845,0.255284,0.423361,-0.063520,0.156428,0.594540,-0.030881,0.157647,0.512398,-0.049049,0.160250,0.459204,-0.061361,0.164265,0.413100,-0.069037,0.120937,0.610784,-0.036437,0.103085,0.548947,-0.054086,0.093380,0.506883,-0.062561,0.087851,0.466006,-0.067238
3961,0,0.021142,0.024795,0.059596,0.409998,0.315064,0.138594,0.791923,0.000001,0.198026,0.786242,-0.029469,0.254455,0.752809,-0.044694,0.300168,0.718581,-0.057738,0.339501,0.698303,-0.070302,0.224737,0.628399,-0.029349,0.266892,0.567418,-0.048575,0.290463,0.527326,-0.062499,0.308032,0.491072,-0.072462,0.191611,0.599821,-0.028529,0.221578,0.517985,-0.045094,0.241234,0.467004,-0.056257,0.254505,0.423180,-0.063940,0.155974,0.594781,-0.031310,0.157392,0.512358,-0.049375,0.160032,0.459167,-0.061579,0.163759,0.412809,-0.069261,0.120521,0.610981,-0.036751,0.102763,0.548878,-0.054337,0.093101,0.506861,-0.062779,0.087442,0.465933,-0.067421
3999,0,0.016690,0.021075,0.029660,0.398680,0.302422,0.138847,0.792118,0.000001,0.198753,0.786329,-0.029180,0.254734,0.752676,-0.044150,0.300086,0.717902,-0.056999,0.339290,0.697199,-0.069407,0.224506,0.628663,-0.029220,0.266381,0.567343,-0.048513,0.290041,0.527010,-0.062522,0.307719,0.490433,-0.072489,0.191377,0.600055,-0.028479,0.221351,0.517826,-0.045071,0.240911,0.466777,-0.056318,0.254257,0.422744,-0.064003,0.155847,0.595053,-0.031301,0.156963,0.512800,-0.049394,0.159523,0.459451,-0.061642,0.163102,0.413177,-0.069287,0.120256,0.611179,-0.036745,0.102391,0.548982,-0.054357,0.092725,0.506755,-0.062803,0.086971,0.465937,-0.067446
4035,0,0.022671,0.015779,0.045333,0.379548,0.298025,0.138134,0.792080,0.000001,0.197919,0.786390,-0.029270,0.253722,0.752860,-0.044296,0.299795,0.717965,-0.057180,0.339423,0.697361,-0.069585,0.224231,0.628396,-0.029010,0.265965,0.566941,-0.048057,0.289270,0.526493,-0.061902,0.306820,0.490023,-0.071786,0.191098,0.599761,-0.028230,0.220921,0.517827,-0.044736,0.240368,0.466722,-0.055900,0.253519,0.422514,-0.063583,0.155450,0.594833,-0.031011,0.156393,0.512603,-0.049057,0.158653,0.459442,-0.061262,0.162156,0.413091,-0.068905,0.119784,0.611027,-0.036433,0.101810,0.549107,-0.053979,0.092178,0.506989,-0.062422,0.086610,0.465976,-0.067064
4071,0,0.024723,0.032367,0.052838,0.384809,0.305114,0.138577,0.791750,0.000001,0.197505,0.785743,-0.029477,0.253449,0.752319,-0.044766,0.299606,0.717661,-0.057832,0.339090,0.697019,-0.070416,0.224053,0.628276,-0.029777,0.266026,0.567063,-0.048934,0.289388,0.526779,-0.062681,0.306695,0.490501,-0.072500,0.190748,0.599600,-0.028916,0.220675,0.517402,-0.045528,0.239995,0.466153,-0.056629,0.252919,0.422074,-0.064244,0.155247,0.594843,-0.031601,0.156324,0.512486,-0.049656,0.158456,0.459048,-0.061879,0.161754,0.412674,-0.069614,0.119695,0.611240,-0.036911,0.101792,0.549171,-0.054425,0.091943,0.507189,-0.062921,0.086177,0.466516,-0.067611
4106,0,0.049448,0.051025,0.055585,0.338217,0.265905,0.137868,0.792096,0.000001,0.197468,0.785815,-0.029258,0.253527,0.751952,-0.044117,0.299290,0.716835,-0.056836,0.338675,0.695858,-0.069035,0.223867,0.627618,-0.028338,0.265538,0.565921,-0.047037,0.288730,0.525590,-0.060676,0.305979,0.488971,-0.070475,0.190617,0.599401,-0.027438,0.219948,0.517247,-0.043677,0.239094,0.465915,-0.054796,0.252044,0.421673,-0.062476,0.154977,0.594568,-0.030118,0.155875,0.512590,-0.047957,0.157893,0.459547,-0.060316,0.161305,0.413286,-0.068036,0.119515,0.610747,-0.035478,0.101534,0.549119,-0.052917,0.091576,0.507275,-0.061516,0.085697,0.466715,-0.066236
4139,0,0.023577,0.027544,0.053340,0.345260,0.281820,0.137484,0.791444,0.000001,0.197565,0.785954,-0.029758,0.253312,0.752474,-0.044848,0.299190,0.717191,-0.057678,0.338868,0.696299,-0.069989,0.224095,0.627339,-0.028959,0.265552,0.565841,-0.047805,0.288643,0.525164,-0.061595,0.305745,0.488340,-0.071508,0.190672,0.598926,-0.027860,0.219831,0.516951,-0.044168,0.238545,0.465549,-0.055320,0.251164,0.421315,-0.063034,0.154854,0.594255,-0.030418,0.155719,0.512434,-0.048365,0.157940,0.459491,-0.060716,0.161357,0.413510,-0.068470,0.119225,0.610422,-0.035654,0.101025,0.548984,-0.053321,0.091186,0.506980,-0.061995,0.085361,0.466240,-0.066792
4172,0,0.016812,0.024213,0.068808,0.352884,0.285565,0.137645,0.792465,0.000001,0.197074,0.786796,-0.029685,0.252764,0.752577,-0.044778,0.298966,0.717988,-0.057606,0.338629,0.697846,-0.069953,0.224063,0.627833,-0.029144,0.265550,0.566214,-0.047985,0.288783,0.525598,-0.061775,0.305761,0.488699,-0.071677,0.190567,0.599354,-0.028182,0.219813,0.516985,-0.044417,0.238563,0.465534,-0.055521,0.250943,0.421124,-0.063218,0.154851,0.594796,-0.030827,0.155630,0.512780,-0.048666,0.158008,0.459613,-0.060973,0.161569,0.413433,-0.068710,0.119109,0.611238,-0.036199,0.101035,0.549193,-0.053717,0.091208,0.506994,-0.062376,0.085570,0.465980,-0.067187
4206,0,0.013396,0.014710,0.074168,0.353745,0.281506,0.137647,0.792363,0.000001,0.197379,0.786691,-0.029561,0.253506,0.753323,-0.044623,0.299415,0.718337,-0.057481,0.338922,0.698407,-0.069898,0.224352,0.627727,-0.028941,0.265367,0.566228,-0.047747,0.288466,0.525731,-0.061566,0.305606,0.488927,-0.071580,0.190787,0.599537,-0.028059,0.219865,0.517140,-0.044302,0.238411,0.465531,-0.055478,0.250737,0.420997,-0.063209,0.155136,0.594934,-0.030803,0.155605,0.513080,-0.048628,0.157744,0.459967,-0.060966,0.160838,0.413713,-0.068736,0.119495,0.611315,-0.036251,0.101611,0.549334,-0.053715,0.091837,0.507259,-0.062287,0.086026,0.466426,-0.067054
4239,0,0.031753,0.024911,0.054345,0.368720,0.297693,0.137690,0.792805,0.000001,0.197169,0.786785,-0.029626,0.252962,0.752996,-0.044909,0.298943,0.719043,-0.058009,0.338633,0.699653,-0.070629,0.224360,0.628409,-0.029285,0.265305,0.567107,-0.048515,0.288465,0.526664,-0.062616,0.305705,0.489740,-0.072752,0.190756,0.599909,-0.028544,0.219672,0.517616,-0.045189,0.238250,0.466208,-0.056567,0.250773,0.421720,-0.064379,0.155062,0.595374,-0.031388,0.155529,0.513451,-0.049516,0.157581,0.460436,-0.061895,0.160981,0.414304,-0.069627,0.119468,0.611886,-0.036957,0.101281,0.550021,-0.054524,0.091462,0.508045,-0.063097,0.085904,0.467471,-0.067824
4272,0,0.018356,0.025585,0.080788,0.369212,0.297126,0.137328,0.792648,0.000001,0.197066,0.787478,-0.029706,0.253292,0.753919,-0.044720,0.299127,0.719362,-0.057531,0.338410,0.700321,-0.069902,0.224518,0.628990,-0.029326,0.265507,0.567384,-0.048243,0.288661,0.526874,-0.062095,0.305594,0.490004,-0.072104,0.191047,0.600587,-0.028445,0.219768,0.517891,-0.044840,0.238243,0.466286,-0.056050,0.250305,0.421919,-0.063737,0.155255,0.596015,-0.031168,0.155755,0.513445,-0.049164,0.157646,0.460484,-0.061535,0.160887,0.414400,-0.069262,0.119494,0.612257,-0.036593,0.101659,0.549893,-0.054168,0.091773,0.507920,-0.062776,0.086010,0.467096,-0.067620
4306,0,0.019291,0.020510,0.073949,0.359630,0.294203,0.136782,0.793020,0.000001,0.196770,0.787617,-0.029831,0.253411,0.754539,-0.044917,0.299268,0.719828,-0.057779,0.338737,0.699801,-0.070120,0.224258,0.628885,-0.029150,0.265398,0.567450,-0.048082,0.288488,0.526945,-0.062026,0.305645,0.489921,-0.072123,0.190824,0.600389,-0.028168,0.219317,0.517900,-0.044516,0.237630,0.466737,-0.055855,0.249884,0.422378,-0.063709,0.154975,0.595728,-0.030793,0.155823,0.513474,-0.048723,0.157972,0.460784,-0.061064,0.161251,0.414704,-0.068838,0.119077,0.611896,-0.036122,0.101060,0.550067,-0.053692,0.091251,0.508502,-0.062226,0.085445,0.468054,-0.066995
4339,0,0.031008,0.028601,0.059911,0.374483,0.311165,0.136775,0.793355,0.000001,0.196378,0.787695,-0.029896,0.252518,0.754198,-0.045236,0.298708,0.719860,-0.058345,0.338283,0.699968,-0.071011,0.224076,0.629359,-0.029675,0.264736,0.568150,-0.049056,0.288128,0.527811,-0.063331,0.305369,0.490677,-0.073584,0.190542,0.600724,-0.028790,0.219050,0.518457,-0.045518,0.237392,0.467375,-0.056977,0.249764,0.422713,-0.064899,0.154735,0.595906,-0.031504,0.155382,0.513783,-0.049699,0.157383,0.461088,-0.061883,0.160823,0.414911,-0.069563,0.118941,0.612213,-0.036953,0.100840,0.550114,-0.054565,0.091129,0.508262,-0.063049,0.085509,0.467756,-0.067754
4373,0,0.021894,0.022666,0.055102,0.365041,0.298997,0.136813,0.793236,0.000001,0.196336,0.787849,-0.029644,0.252823,0.754540,-0.044757,0.298940,0.720008,-0.057643,0.338334,0.700391,-0.070126,0.223974,0.629628,-0.029323,0.265084,0.567826,-0.048330,0.288219,0.527147,-0.062259,0.305434,0.489882,-0.072334,0.190494,0.601491,-0.028460,0.219238,0.518949,-0.044958,0.237365,0.467397,-0.056278,0.249317,0.422564,-0.064105,0.154743,0.596753,-0.031210,0.155222,0.514548,-0.049213,0.157223,0.461239,-0.061536,0.160336,0.414631,-0.069324,0.119000,0.612722,-0.036649,0.101072,0.550507,-0.054231,0.091196,0.508494,-0.062781,0.085436,0.467467,-0.067598
4406,0,0.014631,0.015938,0.033734,0.357990,0.295355,0.136908,0.793080,0.000001,0.196641,0.787502,-0.029722,0.252812,0.754460,-0.044913,0.298662,0.720022,-0.057878,0.338155,0.700133,-0.070441,0.223612,0.629124,-0.029380,0.264952,0.567656,-0.048445,0.288043,0.527248,-0.062373,0.305189,0.490326,-0.072447,0.190200,0.600790,-0.028437,0.218617,0.518648,-0.044913,0.236804,0.467502,-0.056192,0.248875,0.423329,-0.063979,0.154530,0.596233,-0.031086,0.155061,0.514037,-0.049128,0.157028,0.460975,-0.061410,0.160200,0.414756,-0.069156,0.118808,0.612541,-0.036444,0.100710,0.550570,-0.054065,0.090937,0.508771,-0.062654,0.085173,0.468092,-0.067430
4438,0,0.034665,0.040753,0.042768,0.386342,0.313150,0.137259,0.793849,0.000001,0.196924,0.787635,-0.030331,0.252902,0.754685,-0.046019,0.298559,0.720385,-0.059379,0.338274,0.700295,-0.072258,0.223982,0.629447,-0.030191,0.264871,0.567866,-0.049630,0.287877,0.527295,-0.063913,0.305258,0.490115,-0.074224,0.190440,0.601048,-0.029128,0.218767,0.518878,-0.046059,0.237109,0.467635,-0.057574,0.249358,0.422889,-0.065518,0.154533,0.596525,-0.031736,0.154775,0.514681,-0.050151,0.156778,0.461532,-0.062589,0.160191,0.415039,-0.070412,0.118866,0.612980,-0.037112,0.101062,0.550783,-0.054966,0.091387,0.508592,-0.063672,0.085889,0.467405,-0.068567
4472,0,0.025771,0.033222,0.057097,0.409263,0.327678,0.137998,0.793435,0.000001,0.196993,0.787558,-0.030410,0.252724,0.754867,-0.046285,0.298678,0.720933,-0.059858,0.338046,0.700673,-0.072951,0.224152,0.629811,-0.031030,0.265284,0.568283,-0.050529,0.288281,0.527423,-0.064703,0.305383,0.489999,-0.074953,0.190687,0.601387,-0.029949,0.219181,0.519120,-0.046886,0.237412,0.467481,-0.058297,0.249316,0.422758,-0.066264,0.154893,0.596795,-0.032492,0.155255,0.514318,-0.050890,0.157185,0.461274,-0.063342,0.160291,0.414748,-0.071189,0.119365,0.613138,-0.037777,0.101652,0.550629,-0.055694,0.091884,0.508517,-0.064463,0.086283,0.467396,-0.069388
4506,0,0.040831,0.052745,0.067323,0.378841,0.302286,0.137236,0.793217,0.000001,0.197125,0.788070,-0.030364,0.252970,0.755420,-0.045856,0.298662,0.720992,-0.059049,0.338229,0.700632,-0.071763,0.224354,0.629378,-0.029724,0.265104,0.567729,-0.048894,0.287970,0.527037,-0.063047,0.304954,0.489790,-0.073282,0.190947,0.600913,-0.028525,0.219292,0.518704,-0.045096,0.237384,0.467260,-0.056610,0.249288,0.422796,-0.064606,0.155245,0.596251,-0.030984,0.155695,0.514175,-0.049214,0.157487,0.461445,-0.061688,0.160461,0.415221,-0.069564,0.119596,0.612371,-0.036201,0.101964,0.550245,-0.054012,0.092246,0.508628,-0.062727,0.086497,0.467712,-0.067605
4539,0,0.023253,0.021162,0.034933,0.370475,0.290826,0.137358,0.793494,0.000001,0.197120,0.788003,-0.030019,0.253081,0.755025,-0.045238,0.299040,0.720627,-0.058238,0.338478,0.700452,-0.070717,0.224130,0.629890,-0.029279,0.264983,0.568256,-0.048238,0.288064,0.527648,-0.062158,0.304939,0.490558,-0.072237,0.190745,0.601464,-0.028219,0.219159,0.519101,-0.044678,0.237348,0.467797,-0.055958,0.249162,0.423486,-0.063757,0.155121,0.596734,-0.030779,0.155581,0.514442,-0.048838,0.157731,0.461762,-0.061118,0.160869,0.415700,-0.068797,0.119577,0.612858,-0.036059,0.101692,0.550479,-0.053758,0.091977,0.508674,-0.062357,0.086259,0.467981,-0.067077
4573,0,0.033038,0.034417,0.071725,0.398320,0.309231,0.137802,0.793666,0.000001,0.197176,0.787804,-0.030128,0.253249,0.755421,-0.045713,0.298958,0.720914,-0.059014,0.338334,0.700026,-0.071834,0.224440,0.629941,-0.030308,0.265245,0.568285,-0.049639,0.288078,0.527443,-0.063741,0.304939,0.490259,-0.073917,0.190968,0.601535,-0.029307,0.219262,0.518761,-0.046113,0.237332,0.467657,-0.057531,0.249343,0.423410,-0.065464,0.155282,0.596869,-0.031891,0.155889,0.514563,-0.050160,0.158006,0.461714,-0.062459,0.161382,0.415531,-0.070232,0.119697,0.613090,-0.037199,0.102073,0.550828,-0.054967,0.092461,0.508874,-0.063581,0.086957,0.467898,-0.068389
4606,0,0.055956,0.071191,0.075242,0.362706,0.279232,0.137116,0.793003,0.000001,0.197364,0.788276,-0.030019,0.253603,0.755655,-0.045089,0.299020,0.720696,-0.057840,0.338193,0.700096,-0.070111,0.224869,0.629501,-0.028760,0.265631,0.567964,-0.047407,0.288344,0.527250,-0.061158,0.305079,0.490276,-0.071111,0.191487,0.601068,-0.027521,0.219817,0.518706,-0.043770,0.237811,0.467602,-0.055042,0.249416,0.423631,-0.062836,0.155802,0.596264,-0.029919,0.156555,0.514265,-0.047807,0.158442,0.461631,-0.060118,0.161429,0.415746,-0.067833,0.120003,0.612179,-0.035036,0.102454,0.549964,-0.052524,0.092996,0.508216,-0.061078,0.087533,0.467564,-0.065794
4639,0,0.024199,0.027543,0.068353,0.374522,0.289912,0.137340,0.793339,0.000001,0.197148,0.788220,-0.029792,0.252864,0.755013,-0.044939,0.298864,0.720288,-0.057784,0.338290,0.699750,-0.070149,0.224433,0.629322,-0.029272,0.265475,0.568076,-0.048140,0.288664,0.527754,-0.061946,0.305562,0.491151,-0.071910,0.191206,0.600895,-0.028192,0.219924,0.518674,-0.044579,0.238090,0.467718,-0.055783,0.249819,0.423838,-0.063506,0.155538,0.596099,-0.030733,0.156361,0.513995,-0.048700,0.158486,0.461562,-0.060825,0.161815,0.415879,-0.068428,0.119902,0.612547,-0.035955,0.102303,0.550250,-0.053582,0.092850,0.508426,-0.062106,0.087451,0.467772,-0.066828
4672,0,0.016473,0.020003,0.049921,0.383048,0.285115,0.138060,0.793422,0.000001,0.197894,0.788411,-0.029720,0.253554,0.755385,-0.044740,0.299407,0.720299,-0.057483,0.338744,0.699414,-0.069787,0.224623,0.629637,-0.029281,0.265681,0.568227,-0.047976,0.288461,0.527722,-0.061718,0.305303,0.490769,-0.071665,0.191289,0.601229,-0.028262,0.219977,0.518951,-0.044581,0.238159,0.467723,-0.055766,0.250068,0.423615,-0.063515,0.155622,0.596804,-0.030839,0.156318,0.514361,-0.048895,0.158646,0.461652,-0.061278,0.162102,0.415533,-0.069068,0.120147,0.613266,-0.036112,0.102681,0.550602,-0.053888,0.093082,0.508526,-0.062677,0.087654,0.467656,-0.067590
4706,0,0.023222,0.028313,0.053641,0.375695,0.289306,0.137458,0.792724,0.000001,0.197524,0.787958,-0.030127,0.253231,0.755147,-0.045321,0.298890,0.720198,-0.058218,0.338115,0.699312,-0.070677,0.224622,0.629337,-0.029349,0.265470,0.567936,-0.048316,0.288427,0.527312,-0.062251,0.305674,0.490462,-0.072394,0.191324,0.600765,-0.028071,0.219592,0.518657,-0.044482,0.237605,0.467991,-0.055823,0.249551,0.424289,-0.063689,0.155677,0.595956,-0.030447,0.156487,0.513884,-0.048515,0.158478,0.461445,-0.060774,0.161656,0.415431,-0.068480,0.120062,0.612284,-0.035538,0.102661,0.550189,-0.053307,0.093339,0.508542,-0.061932,0.088038,0.467642,-0.066724
4740,0,0.013980,0.021472,0.055657,0.373551,0.283055,0.138047,0.792649,0.000001,0.197725,0.788047,-0.029686,0.253438,0.754820,-0.044649,0.299266,0.719840,-0.057377,0.338482,0.699353,-0.069666,0.224924,0.629139,-0.029167,0.265461,0.567775,-0.047960,0.288486,0.527471,-0.061766,0.305553,0.490785,-0.071781,0.191414,0.600595,-0.028110,0.219520,0.518688,-0.044449,0.237511,0.467802,-0.055701,0.249493,0.424062,-0.063522,0.155718,0.595905,-0.030664,0.156342,0.514036,-0.048639,0.158522,0.461569,-0.060968,0.161823,0.415687,-0.068748,0.119987,0.612336,-0.035890,0.102573,0.550257,-0.053666,0.093213,0.508497,-0.062404,0.088107,0.467628,-0.067352
4774,0,0.025837,0.031177,0.053082,0.361614,0.263300,0.138157,0.793110,0.000001,0.198199,0.788068,-0.029469,0.254118,0.754715,-0.044163,0.299333,0.719603,-0.056661,0.338488,0.699102,-0.068641,0.225107,0.628773,-0.028590,0.265730,0.567481,-0.047078,0.288636,0.527214,-0.060694,0.305372,0.490392,-0.070557,0.191701,0.600622,-0.027552,0.220048,0.518562,-0.043644,0.237916,0.467646,-0.054825,0.249699,0.423725,-0.062571,0.156207,0.596191,-0.030088,0.156528,0.514198,-0.047917,0.158546,0.461842,-0.060215,0.161627,0.415852,-0.067962,0.120696,0.612519,-0.035319,0.102996,0.550213,-0.052908,0.093460,0.508240,-0.061613,0.087974,0.467400,-0.066444
4807,0,0.014848,0.012327,0.064105,0.363502,0.260354,0.138310,0.793177,0.000001,0.198498,0.788298,-0.029482,0.254100,0.754908,-0.044213,0.299584,0.719680,-0.056731,0.338625,0.698478,-0.068771,0.225265,0.628832,-0.028366,0.266128,0.567621,-0.046844,0.288794,0.527231,-0.060479,0.305732,0.490676,-0.070366,0.191966,0.600547,-0.027309,0.220340,0.518474,-0.043336,0.238338,0.467630,-0.054419,0.250083,0.423904,-0.062113,0.156292,0.595983,-0.029861,0.156967,0.513921,-0.047642,0.158947,0.461351,-0.059921,0.162061,0.415356,-0.067695,0.120667,0.612363,-0.035103,0.103313,0.550296,-0.052665,0.093820,0.508573,-0.061356,0.088251,0.467924,-0.066180
4841,0,0.026840,0.036459,0.060281,0.384213,0.278790,0.138723,0.792824,0.000001,0.198416,0.787705,-0.029892,0.253823,0.754961,-0.045038,0.299442,0.720181,-0.057911,0.338517,0.698825,-0.070267,0.225070,0.629138,-0.029095,0.265802,0.567884,-0.047987,0.288961,0.527667,-0.061817,0.305917,0.491043,-0.071821,0.191825,0.600702,-0.027959,0.220237,0.518493,-0.044320,0.238490,0.467704,-0.055560,0.250459,0.424151,-0.063292,0.156160,0.596139,-0.030450,0.156955,0.514161,-0.048465,0.159122,0.461427,-0.060781,0.162473,0.415565,-0.068473,0.120665,0.612575,-0.035651,0.103361,0.550367,-0.053368,0.093916,0.508497,-0.062016,0.088513,0.467760,-0.066799
4874,0,0.024398,0.029319,0.034257,0.369118,0.263789,0.138510,0.793111,0.000001,0.198143,0.787792,-0.029588,0.253678,0.755006,-0.044522,0.299386,0.720378,-0.057225,0.338582,0.699186,-0.069411,0.225529,0.628892,-0.028513,0.265989,0.567490,-0.047150,0.288859,0.526949,-0.060929,0.305558,0.489940,-0.070924,0.192183,0.600374,-0.027458,0.220323,0.518455,-0.043646,0.238202,0.467607,-0.054876,0.250037,0.423712,-0.062601,0.156465,0.595718,-0.030006,0.157102,0.513806,-0.047827,0.159075,0.461428,-0.060053,0.162238,0.415454,-0.067739,0.121076,0.612103,-0.035243,0.103697,0.550384,-0.052765,0.094298,0.508641,-0.061327,0.088986,0.467857,-0.066066
4908,0,0.016530,0.017898,0.050523,0.357874,0.261342,0.138131,0.792862,0.000001,0.197725,0.787751,-0.029564,0.253605,0.754983,-0.044445,0.299475,0.720064,-0.057018,0.338248,0.698623,-0.069114,0.224989,0.629054,-0.028748,0.266071,0.567388,-0.047270,0.289043,0.526799,-0.060878,0.305970,0.490236,-0.070666,0.191681,0.600607,-0.027574,0.220253,0.518277,-0.043570,0.238356,0.467513,-0.054631,0.250101,0.423793,-0.062231,0.156047,0.595674,-0.029981,0.157122,0.513795,-0.047509,0.159150,0.461625,-0.059485,0.162098,0.416275,-0.067045,0.120537,0.611864,-0.035075,0.103171,0.550078,-0.052323,0.093770,0.508655,-0.060679,0.088286,0.468304,-0.065295
4943,0,0.016676,0.026715,0.075662,0.352044,0.253972,0.137999,0.793526,0.000001,0.197861,0.788462,-0.029419,0.253733,0.755174,-0.044158,0.299093,0.719486,-0.056723,0.338156,0.698271,-0.068690,0.225017,0.628550,-0.028242,0.265992,0.566986,-0.046711,0.288954,0.526535,-0.060273,0.305640,0.489919,-0.070086,0.191699,0.600250,-0.027145,0.219969,0.518071,-0.043200,0.238072,0.467338,-0.054290,0.249886,0.423847,-0.061908,0.156124,0.595744,-0.029658,0.156799,0.513637,-0.047389,0.158854,0.461257,-0.059515,0.162281,0.415577,-0.067094,0.120599,0.612194,-0.034843,0.103235,0.550094,-0.052335,0.093736,0.508348,-0.060911,0.088283,0.467736,-0.065578
4977,0,0.015665,0.022236,0.065790,0.353372,0.254364,0.138331,0.793446,0.000001,0.197913,0.788285,-0.029241,0.253473,0.754599,-0.043921,0.299082,0.719526,-0.056453,0.337942,0.698651,-0.068428,0.224801,0.628713,-0.028525,0.265757,0.567338,-0.047024,0.288640,0.526974,-0.060631,0.305547,0.490402,-0.070457,0.191439,0.600456,-0.027511,0.219878,0.518432,-0.043444,0.238074,0.467720,-0.054464,0.249847,0.424294,-0.062023,0.155763,0.595714,-0.030017,0.156934,0.513369,-0.047542,0.158863,0.460986,-0.059636,0.161902,0.415244,-0.067195,0.120414,0.612369,-0.035209,0.102962,0.550577,-0.052515,0.093468,0.508949,-0.060949,0.087966,0.468608,-0.065564
5012,0,0.020797,0.015237,0.061311,0.352643,0.252945,0.138013,0.794134,0.000001,0.197809,0.788823,-0.029514,0.253750,0.755130,-0.044271,0.298695,0.719936,-0.056801,0.337643,0.699326,-0.068814,0.224644,0.629337,-0.028460,0.265317,0.567728,-0.046976,0.288114,0.527189,-0.060659,0.304992,0.490309,-0.070564,0.191260,0.601078,-0.027346,0.219559,0.519158,-0.043476,0.237548,0.468155,-0.054613,0.249256,0.424028,-0.062250,0.155742,0.596398,-0.029833,0.156332,0.514421,-0.047613,0.158245,0.462099,-0.059864,0.161234,0.416113,-0.067461,0.120457,0.612675,-0.035003,0.102940,0.550655,-0.052465,0.093387,0.508919,-0.061017,0.087931,0.468322,-0.065711
5046,0,0.014744,0.021773,0.058886,0.349628,0.251136,0.138109,0.793794,0.000001,0.197857,0.788572,-0.029488,0.253209,0.755067,-0.044312,0.298947,0.720008,-0.056989,0.338160,0.699432,-0.069190,0.224184,0.629503,-0.028455,0.264870,0.568006,-0.047094,0.287896,0.527733,-0.060844,0.304788,0.490909,-0.070780,0.190853,0.601222,-0.027382,0.219073,0.519355,-0.043477,0.237086,0.468421,-0.054605,0.248775,0.424509,-0.062275,0.155325,0.596655,-0.029886,0.156143,0.514652,-0.047610,0.157999,0.462240,-0.059732,0.160859,0.416397,-0.067362,0.120013,0.613025,-0.035092,0.102739,0.551125,-0.052499,0.093407,0.509502,-0.060964,0.087988,0.468933,-0.065653
5087,0,0.022438,0.023129,0.036505,0.365254,0.261341,0.137960,0.794365,0.000001,0.197871,0.789011,-0.029395,0.253690,0.755541,-0.044271,0.299123,0.720348,-0.057000,0.338051,0.699672,-0.069251,0.224627,0.629698,-0.028679,0.265032,0.568279,-0.047454,0.288052,0.527739,-0.061375,0.305177,0.490790,-0.071479,0.191217,0.601496,-0.027784,0.219273,0.519628,-0.044112,0.237160,0.468296,-0.055449,0.248871,0.423991,-0.063364,0.155486,0.597136,-0.030449,0.156160,0.515058,-0.048368,0.157926,0.462594,-0.060620,0.160730,0.416623,-0.068336,0.120008,0.613731,-0.035759,0.102714,0.551701,-0.053340,0.093300,0.510070,-0.061892,0.087835,0.469135,-0.066626
5123,0,0.021696,0.018901,0.048520,0.373385,0.269959,0.137991,0.794582,0.000001,0.197412,0.789506,-0.029846,0.253119,0.756069,-0.044958,0.298386,0.721031,-0.057780,0.337666,0.699511,-0.070125,0.224249,0.630525,-0.029149,0.264981,0.569075,-0.048104,0.287843,0.528529,-0.062041,0.304797,0.491557,-0.072076,0.190900,0.602018,-0.028034,0.219190,0.519996,-0.044440,0.237127,0.468906,-0.055709,0.248891,0.424751,-0.063475,0.155183,0.597373,-0.030523,0.155851,0.515305,-0.048542,0.157817,0.462929,-0.060647,0.160972,0.416956,-0.068213,0.119515,0.613806,-0.035719,0.102395,0.551866,-0.053320,0.093214,0.510059,-0.061762,0.087956,0.469308,-0.066381
5163,0,0.019572,0.031251,0.054343,0.383156,0.283697,0.137172,0.794586,0.000001,0.197183,0.789361,-0.030219,0.253002,0.755966,-0.045408,0.298768,0.720639,-0.058251,0.338155,0.699340,-0.070577,0.224328,0.631012,-0.029543,0.264846,0.569344,-0.048589,0.287950,0.528607,-0.062624,0.304965,0.491175,-0.072803,0.191037,0.602465,-0.028290,0.219060,0.520442,-0.044851,0.236832,0.469169,-0.056302,0.248383,0.424577,-0.064255,0.155412,0.597749,-0.030696,0.156019,0.515643,-0.048867,0.157721,0.463063,-0.061153,0.160641,0.416794,-0.068867,0.119907,0.613920,-0.035805,0.102674,0.552083,-0.053559,0.093334,0.510299,-0.062187,0.087868,0.469721,-0.066919
5210,0,0.035973,0.037628,0.075417,0.359932,0.262700,0.137242,0.793841,0.000001,0.197349,0.789156,-0.029976,0.253642,0.756351,-0.044944,0.299109,0.720401,-0.057603,0.338164,0.698278,-0.069745,0.224072,0.630045,-0.028921,0.265162,0.568416,-0.047691,0.288432,0.528081,-0.061385,0.305715,0.491516,-0.071218,0.190871,0.601699,-0.027627,0.219392,0.519676,-0.043869,0.237259,0.468683,-0.055175,0.249034,0.424680,-0.063017,0.155211,0.597189,-0.029936,0.156176,0.515690,-0.047810,0.158177,0.463441,-0.060071,0.161201,0.417622,-0.067834,0.119565,0.613594,-0.034972,0.102506,0.552193,-0.052547,0.093128,0.510880,-0.061186,0.087817,0.470363,-0.066003
5247,0,0.021934,0.036768,0.047576,0.354838,0.250975,0.137942,0.794305,0.000001,0.197645,0.789235,-0.029338,0.253493,0.756017,-0.044046,0.298702,0.720870,-0.056603,0.337509,0.699583,-0.068641,0.224557,0.630035,-0.028182,0.265129,0.568528,-0.046757,0.288094,0.528125,-0.060389,0.305285,0.491711,-0.070235,0.191112,0.601826,-0.027245,0.219162,0.519608,-0.043488,0.237084,0.468648,-0.054769,0.248785,0.424680,-0.062542,0.155519,0.597452,-0.029896,0.156068,0.515503,-0.047754,0.157886,0.463121,-0.059991,0.160974,0.417295,-0.067684,0.119892,0.613800,-0.035237,0.102420,0.552017,-0.052776,0.093067,0.510353,-0.061346,0.087847,0.469508,-0.066090
5280,0,0.022965,0.025489,0.039092,0.373499,0.263529,0.138010,0.794918,0.000001,0.197868,0.789737,-0.029243,0.253664,0.756019,-0.043994,0.299307,0.720656,-0.056575,0.337975,0.699399,-0.068718,0.224794,0.630642,-0.028606,0.265299,0.569107,-0.047298,0.287930,0.528462,-0.061073,0.304870,0.491586,-0.071106,0.191416,0.602282,-0.027770,0.219323,0.520271,-0.044232,0.237034,0.469081,-0.055619,0.248560,0.424861,-0.063502,0.155827,0.597677,-0.030497,0.156117,0.515606,-0.048532,0.157741,0.463061,-0.060835,0.160552,0.416919,-0.068558,0.120160,0.614088,-0.035852,0.102705,0.551971,-0.053469,0.093256,0.510206,-0.062109,0.087787,0.469530,-0.066886
5312,0,0.025485,0.026437,0.073164,0.388792,0.279199,0.137710,0.794873,0.000001,0.197743,0.789452,-0.029681,0.253699,0.756524,-0.044770,0.298909,0.721098,-0.057647,0.337781,0.699390,-0.070086,0.224533,0.630758,-0.029242,0.265022,0.569138,-0.048358,0.288216,0.528631,-0.062312,0.305163,0.491889,-0.072358,0.191132,0.602312,-0.028305,0.219261,0.520290,-0.045010,0.237180,0.469037,-0.056451,0.248961,0.425014,-0.064345,0.155528,0.598029,-0.030957,0.155885,0.515848,-0.049196,0.157836,0.463195,-0.061514,0.160785,0.417135,-0.069249,0.119920,0.614471,-0.036279,0.102520,0.552625,-0.054099,0.093091,0.510790,-0.062750,0.087707,0.470081,-0.067494
5353,0,0.015491,0.016954,0.065781,0.394392,0.286199,0.137823,0.794808,0.000001,0.197526,0.790379,-0.030108,0.253287,0.757079,-0.045362,0.298507,0.721556,-0.058265,0.337719,0.699535,-0.070731,0.224400,0.631168,-0.029770,0.265315,0.569496,-0.048946,0.288305,0.528765,-0.062885,0.305313,0.491831,-0.072881,0.190923,0.602672,-0.028615,0.219111,0.520054,-0.045282,0.237027,0.468864,-0.056632,0.248657,0.424951,-0.064438,0.155283,0.598154,-0.031064,0.155875,0.515799,-0.049304,0.157677,0.463301,-0.061491,0.160592,0.417449,-0.069138,0.119587,0.614498,-0.036222,0.102315,0.552388,-0.054044,0.093133,0.510522,-0.062646,0.087872,0.469723,-0.067385
5397,0,0.018059,0.015537,0.029844,0.392895,0.276985,0.138064,0.795098,0.000001,0.197717,0.790191,-0.029742,0.253430,0.756805,-0.044792,0.298797,0.721493,-0.057612,0.337843,0.699888,-0.069995,0.224713,0.630938,-0.029244,0.264856,0.569769,-0.048295,0.287711,0.529328,-0.062390,0.304747,0.492137,-0.072662,0.191338,0.602567,-0.028328,0.219140,0.520501,-0.044832,0.236793,0.469552,-0.056298,0.248371,0.425175,-0.064301,0.155539,0.598211,-0.031016,0.156126,0.516097,-0.049132,0.157877,0.463610,-0.061395,0.160741,0.417308,-0.069158,0.119943,0.614830,-0.036391,0.102557,0.552737,-0.054108,0.093173,0.510997,-0.062708,0.087755,0.470159,-0.067486
5450,0,0.015804,0.016766,0.039930,0.386774,0.273358,0.138001,0.794977,0.000001,0.197518,0.790011,-0.029753,0.253693,0.756874,-0.044739,0.299330,0.721533,-0.057477,0.338230,0.700411,-0.069736,0.224492,0.631340,-0.029116,0.265116,0.569891,-0.048003,0.287964,0.529461,-0.061855,0.304667,0.492479,-0.071846,0.191007,0.602917,-0.028121,0.219009,0.520615,-0.044620,0.236725,0.469443,-0.056004,0.248288,0.425117,-0.063845,0.155262,0.598403,-0.030728,0.155730,0.516252,-0.048839,0.157600,0.463840,-0.061139,0.160559,0.417690,-0.068821,0.119602,0.614799,-0.036002,0.102175,0.552882,-0.053695,0.092749,0.511313,-0.062333,0.087438,0.470357,-0.067109
5500,0,0.022938,0.037411,0.047830,0.377691,0.285553,0.136768,0.794001,0.000001,0.197058,0.788888,-0.029917,0.253233,0.756225,-0.045055,0.298594,0.721239,-0.057917,0.337574,0.700170,-0.070339,0.224348,0.630517,-0.029318,0.264995,0.569138,-0.048490,0.287881,0.528627,-0.062510,0.305058,0.491901,-0.072576,0.190972,0.602144,-0.028200,0.219182,0.519970,-0.044856,0.236942,0.469062,-0.056359,0.248662,0.425051,-0.064268,0.155220,0.597705,-0.030696,0.155829,0.516084,-0.048890,0.157635,0.463647,-0.061192,0.160732,0.417773,-0.068861,0.119324,0.614129,-0.035869,0.102061,0.552320,-0.053643,0.092642,0.510643,-0.062231,0.087321,0.469928,-0.066984
5540,0,0.026833,0.051701,0.067502,0.376172,0.277579,0.138270,0.794047,0.000001,0.197809,0.788810,-0.029260,0.253368,0.755620,-0.044270,0.298562,0.720400,-0.057084,0.337392,0.698705,-0.069499,0.224309,0.630502,-0.029480,0.265018,0.569077,-0.048701,0.288147,0.528747,-0.062553,0.305433,0.492538,-0.072453,0.190742,0.602158,-0.028761,0.218968,0.519005,-0.045388,0.236841,0.467951,-0.056565,0.248524,0.424124,-0.064189,0.154946,0.597673,-0.031556,0.155778,0.515071,-0.049579,0.157863,0.462764,-0.061475,0.161035,0.417128,-0.068900,0.119244,0.614219,-0.036985,0.101573,0.551875,-0.054569,0.092084,0.510513,-0.062832,0.086745,0.470185,-0.067343
5574,0,0.045286,0.050201,0.059608,0.342880,0.245737,0.137787,0.794318,0.000001,0.197587,0.788413,-0.029295,0.253455,0.755134,-0.044111,0.298908,0.720136,-0.056794,0.337783,0.698941,-0.068999,0.224208,0.629670,-0.028417,0.264624,0.567839,-0.047143,0.287340,0.527455,-0.060982,0.304169,0.490596,-0.070953,0.190772,0.601633,-0.027520,0.218874,0.519526,-0.043713,0.236559,0.468383,-0.054920,0.247934,0.424231,-0.062657,0.155064,0.597344,-0.030192,0.155545,0.515145,-0.047860,0.157371,0.462757,-0.059865,0.160382,0.416859,-0.067364,0.119421,0.613788,-0.035556,0.102073,0.551792,-0.052766,0.092797,0.510145,-0.061022,0.087452,0.469541,-0.065529
5607,0,0.035571,0.057632,0.057586,0.358365,0.272604,0.137828,0.792246,0.000001,0.197787,0.787296,-0.030138,0.253970,0.755036,-0.045486,0.298969,0.719919,-0.058522,0.338077,0.698026,-0.071159,0.224061,0.629146,-0.029440,0.264896,0.567616,-0.048635,0.287720,0.527064,-0.062668,0.304894,0.490140,-0.072754,0.190841,0.600947,-0.028145,0.218826,0.519201,-0.044689,0.236426,0.468143,-0.056090,0.247994,0.424017,-0.064023,0.155035,0.596519,-0.030497,0.155562,0.515057,-0.048556,0.157432,0.462778,-0.060675,0.160545,0.416748,-0.068329,0.119389,0.612875,-0.035580,0.102173,0.551435,-0.053220,0.093015,0.509816,-0.061711,0.087888,0.469120,-0.066375
5641,0,0.018049,0.019760,0.035850,0.361630,0.277704,0.137756,0.792363,0.000001,0.197751,0.787582,-0.029913,0.253773,0.755348,-0.045148,0.298700,0.719905,-0.058070,0.337532,0.698312,-0.070514,0.224382,0.629116,-0.029434,0.265096,0.567554,-0.048578,0.287995,0.527049,-0.062537,0.304931,0.490276,-0.072548,0.190953,0.600689,-0.028317,0.219098,0.518448,-0.044949,0.236811,0.467337,-0.056315,0.248325,0.423204,-0.064133,0.155257,0.596217,-0.030790,0.155841,0.514499,-0.048937,0.157774,0.462281,-0.061022,0.160827,0.416717,-0.068560,0.119643,0.612697,-0.035955,0.102085,0.550781,-0.053643,0.092825,0.509216,-0.062138,0.087643,0.468426,-0.066765
5675,0,0.029968,0.026248,0.040140,0.337073,0.258334,0.137637,0.792234,0.000001,0.197501,0.787099,-0.029341,0.253504,0.754180,-0.044201,0.298469,0.718793,-0.056887,0.337282,0.697410,-0.069094,0.223981,0.628674,-0.028703,0.264754,0.567156,-0.047632,0.287646,0.526833,-0.061475,0.304570,0.490235,-0.071408,0.190523,0.600351,-0.027785,0.218949,0.517873,-0.044161,0.236827,0.466836,-0.055411,0.248345,0.422829,-0.063110,0.154942,0.595887,-0.030438,0.155682,0.513833,-0.048350,0.157754,0.461745,-0.060358,0.160844,0.416176,-0.067817,0.119351,0.612161,-0.035744,0.102078,0.550326,-0.053217,0.092744,0.508867,-0.061554,0.087443,0.468349,-0.066062
5709,0,0.016225,0.020640,0.055051,0.328441,0.254050,0.137221,0.792753,0.000001,0.197038,0.787140,-0.029318,0.252958,0.753814,-0.044147,0.298397,0.719051,-0.056885,0.337391,0.698478,-0.069106,0.224147,0.628542,-0.028263,0.264451,0.567078,-0.047172,0.287274,0.526617,-0.061224,0.304409,0.489930,-0.071255,0.190595,0.600315,-0.027427,0.218501,0.518131,-0.043788,0.236139,0.467092,-0.055094,0.247715,0.423086,-0.062816,0.154964,0.595902,-0.030174,0.155451,0.513962,-0.048087,0.157339,0.461840,-0.059990,0.160394,0.416200,-0.067354,0.119192,0.612283,-0.035628,0.101827,0.550251,-0.053024,0.092596,0.508619,-0.061184,0.087346,0.468073,-0.065603
5743,0,0.025568,0.035465,0.059639,0.329413,0.260652,0.137642,0.792021,0.000001,0.197114,0.786707,-0.029404,0.252607,0.753565,-0.044455,0.297935,0.718757,-0.057293,0.336816,0.697067,-0.069653,0.223368,0.628629,-0.029026,0.264282,0.567046,-0.048163,0.287467,0.526627,-0.062078,0.304642,0.490090,-0.071966,0.190093,0.600224,-0.028108,0.218354,0.517353,-0.044575,0.236147,0.466125,-0.055778,0.247613,0.422301,-0.063433,0.154577,0.595603,-0.030740,0.155315,0.513596,-0.048602,0.157170,0.461337,-0.060443,0.160355,0.415933,-0.067819,0.119035,0.612247,-0.036063,0.101473,0.550297,-0.053386,0.092025,0.508802,-0.061560,0.086681,0.468465,-0.065945
5776,0,0.039878,0.044746,0.062598,0.297464,0.233307,0.137015,0.792379,0.000001,0.196920,0.786604,-0.028871,0.252662,0.753398,-0.043495,0.297774,0.718358,-0.056070,0.336756,0.697487,-0.068208,0.223165,0.627878,-0.027975,0.263653,0.566085,-0.046520,0.286340,0.525712,-0.060169,0.303086,0.489093,-0.069998,0.189684,0.599846,-0.027199,0.217899,0.517285,-0.043217,0.235685,0.466236,-0.054319,0.246968,0.422421,-0.061960,0.154263,0.595308,-0.029965,0.155026,0.513253,-0.047435,0.156728,0.460923,-0.059453,0.159545,0.415307,-0.066934,0.118896,0.611995,-0.035357,0.101585,0.550137,-0.052489,0.092106,0.508654,-0.060766,0.086609,0.468241,-0.065263
5808,0,0.036562,0.037544,0.057512,0.310717,0.262806,0.136269,0.792122,0.000001,0.196040,0.787084,-0.029847,0.251720,0.753953,-0.044949,0.297544,0.719181,-0.057825,0.336765,0.698319,-0.070225,0.222748,0.628440,-0.028853,0.263084,0.566691,-0.047890,0.286081,0.526184,-0.061919,0.303145,0.489423,-0.072014,0.189453,0.599948,-0.027740,0.217538,0.517452,-0.044114,0.235296,0.466559,-0.055441,0.246830,0.422390,-0.063230,0.153841,0.595278,-0.030264,0.154465,0.513430,-0.048168,0.156137,0.461328,-0.060170,0.158988,0.415693,-0.067642,0.118276,0.611804,-0.035490,0.100948,0.549988,-0.052897,0.091510,0.508742,-0.061164,0.086077,0.468220,-0.065655
5841,0,0.035826,0.051247,0.056938,0.289167,0.231936,0.136786,0.792931,0.000001,0.196811,0.787072,-0.028676,0.252385,0.753519,-0.043154,0.297460,0.718513,-0.055557,0.336260,0.697994,-0.067482,0.223050,0.628048,-0.027679,0.263284,0.566244,-0.046225,0.286398,0.525937,-0.059865,0.303504,0.489523,-0.069636,0.189486,0.600100,-0.027001,0.217478,0.517420,-0.043034,0.235309,0.466368,-0.054161,0.246754,0.422473,-0.061739,0.153909,0.595689,-0.029853,0.154387,0.513374,-0.047421,0.156392,0.461376,-0.059346,0.159519,0.416032,-0.066764,0.118579,0.612132,-0.035336,0.100602,0.550007,-0.052526,0.091117,0.508512,-0.060782,0.085828,0.467852,-0.065249
5874,0,0.024992,0.030010,0.047605,0.285964,0.236183,0.136674,0.792274,0.000001,0.196471,0.786748,-0.029198,0.251979,0.753686,-0.043927,0.297078,0.718906,-0.056563,0.335842,0.698041,-0.068721,0.222760,0.627756,-0.028182,0.263033,0.565900,-0.046757,0.285735,0.525538,-0.060509,0.302554,0.488698,-0.070435,0.189179,0.599836,-0.027245,0.217099,0.517874,-0.043369,0.234773,0.466760,-0.054650,0.246358,0.422830,-0.062423,0.153565,0.595770,-0.029876,0.153956,0.513936,-0.047515,0.155802,0.461498,-0.059632,0.158810,0.415625,-0.067246,0.118063,0.612265,-0.035197,0.100455,0.550534,-0.052457,0.091064,0.508851,-0.060868,0.085781,0.468300,-0.065492
5908,0,0.021071,0.028354,0.053689,0.287332,0.249967,0.135545,0.792719,0.000001,0.195865,0.787462,-0.029422,0.251534,0.754528,-0.044312,0.296656,0.719446,-0.057052,0.335799,0.698979,-0.069354,0.222488,0.628129,-0.028506,0.262736,0.566166,-0.047298,0.285704,0.525719,-0.061193,0.302490,0.488915,-0.071186,0.188907,0.599885,-0.027491,0.216975,0.517747,-0.043755,0.234545,0.466923,-0.055022,0.245830,0.423041,-0.062745,0.153141,0.595566,-0.030039,0.153668,0.513730,-0.047776,0.155310,0.461535,-0.059799,0.158092,0.415975,-0.067284,0.117523,0.612162,-0.035274,0.100036,0.550574,-0.052553,0.090658,0.509136,-0.060874,0.085369,0.468637,-0.065373
5942,0,0.028864,0.034304,0.059964,0.297816,0.252585,0.136031,0.793238,0.000001,0.195834,0.787655,-0.029068,0.251400,0.754125,-0.043861,0.296754,0.719100,-0.056581,0.335683,0.698118,-0.068822,0.222045,0.628834,-0.028729,0.262324,0.566896,-0.047649,0.285439,0.526605,-0.061565,0.302659,0.489805,-0.071534,0.188657,0.600784,-0.027972,0.216566,0.518449,-0.044380,0.234229,0.467055,-0.055744,0.245660,0.422755,-0.063559,0.153045,0.596524,-0.030723,0.153325,0.514487,-0.048566,0.155167,0.462142,-0.060688,0.158150,0.416371,-0.068264,0.117556,0.613053,-0.036126,0.099995,0.550959,-0.053471,0.090564,0.509312,-0.061844,0.085223,0.468629,-0.066430
5975,0,0.037633,0.033125,0.035003,0.262837,0.224707,0.135728,0.793172,0.000001,0.195564,0.787330,-0.028716,0.251114,0.753976,-0.043333,0.296503,0.719024,-0.055879,0.335234,0.698175,-0.067947,0.221665,0.628570,-0.027760,0.262111,0.566505,-0.046280,0.285033,0.526294,-0.059981,0.302009,0.489843,-0.069779,0.188275,0.600574,-0.026944,0.216228,0.517984,-0.042895,0.234007,0.466970,-0.054047,0.245570,0.423117,-0.061694,0.152779,0.596194,-0.029652,0.153213,0.514268,-0.046997,0.155035,0.461954,-0.058946,0.157831,0.416379,-0.066473,0.117426,0.612736,-0.034969,0.099772,0.551027,-0.051896,0.090285,0.509509,-0.060101,0.084737,0.469221,-0.064561
6009,0,0.037623,0.040451,0.054685,0.285073,0.242934,0.136080,0.793849,0.000001,0.195618,0.787463,-0.029122,0.251040,0.754394,-0.044071,0.296066,0.719617,-0.056930,0.335054,0.698703,-0.069352,0.221499,0.629224,-0.028366,0.261527,0.567510,-0.047336,0.284464,0.527138,-0.061389,0.301310,0.490090,-0.071501,0.188034,0.601050,-0.027609,0.216012,0.518689,-0.043952,0.233616,0.467702,-0.055298,0.245101,0.423559,-0.063141,0.152596,0.596542,-0.030416,0.152990,0.514651,-0.048132,0.154666,0.462298,-0.060115,0.157626,0.416560,-0.067679,0.117027,0.612990,-0.035890,0.099350,0.551321,-0.053069,0.090011,0.509729,-0.061270,0.084774,0.469263,-0.065768