t,missing,delta_l1,delta_l1_wrist,delta_angles,delta_base_l1,delta_base_l1_wrist,x0,y0,z0,x1,y1,z1,x2,y2,z2,x3,y3,z3,x4,y4,z4,x5,y5,z5,x6,y6,z6,x7,y7,z7,x8,y8,z8,x9,y9,z9,x10,y10,z10,x11,y11,z11,x12,y12,z12,x13,y13,z13,x14,y14,z14,x15,y15,z15,x16,y16,z16,x17,y17,z17,x18,y18,z18,x19,y19,z19,x20,y20,z20
33,0,,,,0.000000,0.000000,0.141146,0.792665,0.000000,0.200895,0.783891,-0.027538,0.255247,0.746659,-0.039826,0.296442,0.704041,-0.049955,0.332519,0.671826,-0.059319,0.232856,0.625663,-0.021136,0.259694,0.557371,-0.036750,0.270718,0.513318,-0.049649,0.277350,0.471856,-0.059587,0.200699,0.601383,-0.020047,0.221835,0.521254,-0.034017,0.230869,0.470437,-0.046286,0.233905,0.425645,-0.055344,0.166126,0.597497,-0.022455,0.169029,0.518873,-0.037476,0.169914,0.469525,-0.048502,0.170279,0.423951,-0.055917,0.130026,0.609903,-0.027596,0.123640,0.546960,-0.042731,0.119825,0.505420,-0.050452,0.118605,0.464266,-0.054885
70,0,0.020169,0.022830,0.048362,0.020169,0.022830,0.140948,0.793048,0.000000,0.200987,0.784764,-0.027735,0.255470,0.747540,-0.039932,0.296376,0.704617,-0.049972,0.332818,0.672443,-0.059248,0.232790,0.625686,-0.020863,0.259461,0.557779,-0.036381,0.270295,0.513931,-0.049323,0.276807,0.472423,-0.059325,0.200464,0.601303,-0.019622,0.221841,0.521222,-0.033461,0.231002,0.470509,-0.045734,0.233967,0.425546,-0.054744,0.165784,0.597341,-0.021932,0.168991,0.518525,-0.036916,0.169856,0.468888,-0.047987,0.170312,0.423265,-0.055393,0.129646,0.609708,-0.026971,0.123655,0.546754,-0.042031,0.119957,0.505245,-0.049666,0.118747,0.464253,-0.054057
103,0,0.025315,0.034889,0.055474,0.019861,0.027399,0.141593,0.793198,0.000000,0.200730,0.784613,-0.028088,0.255278,0.747253,-0.040611,0.296625,0.704606,-0.050898,0.332926,0.672051,-0.060420,0.232550,0.625801,-0.021720,0.259329,0.557806,-0.037495,0.270444,0.513770,-0.050515,0.277025,0.472322,-0.060496,0.200377,0.601546,-0.020382,0.221730,0.521301,-0.034435,0.230732,0.470502,-0.046653,0.233495,0.425584,-0.055640,0.165908,0.597600,-0.022600,0.168854,0.518884,-0.037590,0.169747,0.469375,-0.048565,0.170066,0.423793,-0.055907,0.129878,0.609950,-0.027609,0.123734,0.547198,-0.042561,0.119838,0.505711,-0.050171,0.118388,0.464889,-0.054531
139,0,0.024790,0.044462,0.044346,0.019231,0.038662,0.141251,0.794209,0.000000,0.201053,0.785010,-0.027543,0.255520,0.747079,-0.039729,0.296641,0.704394,-0.049814,0.332886,0.672244,-0.059097,0.232974,0.625831,-0.020801,0.259350,0.557843,-0.036348,0.270201,0.513727,-0.049318,0.276530,0.472221,-0.059288,0.200691,0.601570,-0.019674,0.221786,0.521650,-0.033483,0.230754,0.470840,-0.045650,0.233758,0.425990,-0.054589,0.166067,0.597547,-0.022099,0.169032,0.518869,-0.037017,0.169881,0.469470,-0.047942,0.170336,0.424089,-0.055201,0.130048,0.609874,-0.027295,0.123748,0.546889,-0.042289,0.119715,0.505285,-0.049891,0.118287,0.464243,-0.054207
175,0,0.022817,0.036918,0.040983,0.021904,0.029657,0.141703,0.793540,0.000000,0.201570,0.784413,-0.028021,0.256054,0.747127,-0.040528,0.296758,0.704634,-0.050871,0.333020,0.672066,-0.060409,0.232922,0.625621,-0.021317,0.259331,0.557970,-0.037157,0.270184,0.514063,-0.050334,0.276593,0.472461,-0.060486,0.200653,0.601421,-0.020034,0.221832,0.521640,-0.034150,0.230717,0.470877,-0.046580,0.233344,0.425660,-0.055736,0.166005,0.597508,-0.022333,0.169134,0.519352,-0.037444,0.170125,0.470033,-0.048496,0.170546,0.424647,-0.055850,0.129821,0.609923,-0.027446,0.123561,0.547081,-0.042558,0.119759,0.505629,-0.050181,0.118511,0.464717,-0.054548
210,0,0.022195,0.034903,0.071929,0.019764,0.050686,0.142354,0.794395,0.000000,0.201722,0.785308,-0.027505,0.256056,0.746950,-0.039729,0.296951,0.704139,-0.049814,0.332971,0.671864,-0.059135,0.233397,0.625640,-0.021106,0.259772,0.557652,-0.036654,0.270623,0.513536,-0.049508,0.277041,0.472169,-0.059441,0.200908,0.601618,-0.020036,0.222142,0.521247,-0.033903,0.231063,0.470588,-0.045918,0.233735,0.425951,-0.054742,0.166189,0.597897,-0.022519,0.169427,0.519195,-0.037399,0.170138,0.469808,-0.048248,0.170490,0.424547,-0.055506,0.129964,0.610463,-0.027734,0.123927,0.547271,-0.042632,0.120119,0.505793,-0.050158,0.118756,0.464965,-0.054475
243,0,0.022192,0.029047,0.038198,0.038269,0.042884,0.142220,0.794109,0.000000,0.202335,0.785032,-0.027235,0.256249,0.747078,-0.039367,0.297307,0.704361,-0.049448,0.333500,0.672238,-0.058686,0.233448,0.625946,-0.020718,0.259851,0.557668,-0.036128,0.270986,0.513903,-0.048949,0.277750,0.472691,-0.058801,0.201106,0.601813,-0.019664,0.222067,0.521524,-0.033329,0.231044,0.471002,-0.045308,0.233963,0.426350,-0.054124,0.166466,0.597997,-0.022137,0.169326,0.519616,-0.036798,0.170343,0.470383,-0.047531,0.170920,0.425152,-0.054738,0.130403,0.610380,-0.027350,0.124100,0.547485,-0.042088,0.120239,0.506096,-0.049524,0.118880,0.465197,-0.053779
278,0,0.025183,0.046446,0.062197,0.035197,0.033419,0.141081,0.793266,0.000000,0.201243,0.784858,-0.028048,0.255822,0.747547,-0.040485,0.297040,0.704607,-0.050702,0.333652,0.672198,-0.060077,0.232986,0.625473,-0.021046,0.259827,0.557601,-0.036620,0.270969,0.513740,-0.049630,0.277653,0.472273,-0.059656,0.200977,0.601385,-0.019611,0.222317,0.521804,-0.033406,0.231296,0.471265,-0.045651,0.233976,0.426476,-0.054643,0.166499,0.597144,-0.021773,0.169925,0.519312,-0.036562,0.170814,0.470481,-0.047411,0.171166,0.425507,-0.054681,0.130246,0.609245,-0.026747,0.123993,0.546737,-0.041556,0.120283,0.505437,-0.049056,0.118976,0.464936,-0.053380
312,0,0.029582,0.035822,0.048255,0.022096,0.023805,0.141644,0.793017,0.000000,0.201399,0.784216,-0.028129,0.255735,0.746866,-0.040626,0.296978,0.703905,-0.050830,0.333523,0.671573,-0.060194,0.233325,0.625349,-0.021612,0.259559,0.557283,-0.037148,0.270240,0.513556,-0.049951,0.276385,0.472406,-0.059812,0.200766,0.601150,-0.020218,0.222025,0.520719,-0.033995,0.231147,0.470182,-0.046015,0.234117,0.425647,-0.054882,0.166001,0.597306,-0.022396,0.169360,0.518468,-0.037282,0.170425,0.469053,-0.048308,0.170975,0.423775,-0.055684,0.129817,0.609659,-0.027364,0.123960,0.546693,-0.042384,0.120341,0.505349,-0.050104,0.119213,0.464524,-0.054576
348,0,0.026036,0.028045,0.047800,0.026269,0.038414,0.141319,0.793331,0.000000,0.201007,0.784136,-0.027493,0.255295,0.746449,-0.039833,0.296448,0.704093,-0.050050,0.332844,0.671827,-0.059463,0.233037,0.624857,-0.020969,0.259548,0.556820,-0.036524,0.270020,0.512845,-0.049438,0.275983,0.471398,-0.059310,0.200526,0.600716,-0.019802,0.221859,0.520414,-0.033405,0.231131,0.470107,-0.045344,0.234309,0.425692,-0.054144,0.165642,0.596841,-0.022213,0.168785,0.518254,-0.036811,0.169768,0.468989,-0.047639,0.170440,0.423885,-0.054910,0.129546,0.609102,-0.027378,0.123821,0.546098,-0.042015,0.120242,0.504819,-0.049400,0.119112,0.464196,-0.053647
381,0,0.020208,0.021453,0.033108,0.028543,0.026547,0.141032,0.792605,0.000000,0.201072,0.783418,-0.027593,0.255581,0.745986,-0.039885,0.296515,0.703494,-0.050048,0.332690,0.671122,-0.059444,0.232568,0.624358,-0.021055,0.259096,0.556490,-0.036721,0.269595,0.512687,-0.049741,0.275552,0.471503,-0.059674,0.200028,0.600429,-0.019885,0.221195,0.520364,-0.033653,0.230853,0.469890,-0.045791,0.234259,0.425383,-0.054688,0.165014,0.596752,-0.022282,0.167952,0.518436,-0.037028,0.169166,0.469032,-0.048015,0.170073,0.423801,-0.055417,0.129075,0.609225,-0.027459,0.123138,0.546541,-0.042263,0.119618,0.505054,-0.049818,0.118609,0.464254,-0.054228
415,0,0.032980,0.047410,0.057058,0.056086,0.069057,0.141509,0.793010,0.000000,0.200700,0.783425,-0.027440,0.254588,0.745803,-0.039659,0.295888,0.703496,-0.049718,0.332221,0.671159,-0.058935,0.232205,0.623814,-0.020556,0.258450,0.555838,-0.035759,0.269149,0.512198,-0.048456,0.275434,0.471236,-0.058208,0.199745,0.599978,-0.019352,0.220910,0.519817,-0.032699,0.230359,0.469564,-0.044440,0.233766,0.425504,-0.053083,0.165099,0.596315,-0.021723,0.168068,0.517548,-0.036198,0.169007,0.468231,-0.047002,0.169722,0.423030,-0.054269,0.129266,0.608781,-0.026867,0.123355,0.545944,-0.041495,0.119769,0.504544,-0.049029,0.118847,0.463738,-0.053389
449,0,0.018211,0.030213,0.065595,0.061951,0.057880,0.140507,0.792958,0.000000,0.200442,0.783267,-0.027279,0.255170,0.745653,-0.039348,0.296038,0.703128,-0.049347,0.332248,0.670602,-0.058504,0.232007,0.623862,-0.020363,0.258615,0.555718,-0.035708,0.269211,0.511691,-0.048505,0.275284,0.470318,-0.058313,0.199704,0.600057,-0.019214,0.220850,0.519926,-0.032624,0.229892,0.469310,-0.044520,0.232796,0.424884,-0.053255,0.165074,0.596354,-0.021609,0.168178,0.518037,-0.035957,0.169219,0.468885,-0.046627,0.169805,0.423812,-0.053830,0.129210,0.608757,-0.026781,0.123101,0.546432,-0.041263,0.119441,0.505048,-0.048581,0.118133,0.464417,-0.052757
482,0,0.036782,0.030435,0.068706,0.084253,0.069500,0.141375,0.791809,0.000000,0.201072,0.782385,-0.027901,0.255433,0.744481,-0.040193,0.296122,0.701828,-0.050318,0.332738,0.669677,-0.059561,0.232232,0.622439,-0.020729,0.258504,0.554422,-0.035859,0.269143,0.510521,-0.048439,0.275262,0.469608,-0.058142,0.199473,0.598775,-0.019234,0.220377,0.518564,-0.032657,0.229626,0.468044,-0.044488,0.232644,0.423860,-0.053194,0.164749,0.595466,-0.021343,0.167792,0.516692,-0.035974,0.168710,0.467311,-0.046981,0.169389,0.422317,-0.054307,0.129107,0.608307,-0.026233,0.123085,0.545595,-0.041152,0.119489,0.504079,-0.048976,0.118414,0.463429,-0.053501
515,0,0.022691,0.034551,0.060731,0.083000,0.042715,0.140339,0.791386,0.000000,0.199942,0.782209,-0.027897,0.254310,0.744763,-0.040400,0.295509,0.701907,-0.050701,0.332057,0.669048,-0.060159,0.232146,0.622725,-0.021061,0.258378,0.554416,-0.036513,0.268819,0.510419,-0.049322,0.274899,0.468989,-0.059163,0.199672,0.598675,-0.019702,0.220509,0.518601,-0.033315,0.229530,0.468006,-0.045186,0.232589,0.423474,-0.053955,0.165058,0.594993,-0.021980,0.167863,0.516742,-0.036589,0.168798,0.467478,-0.047369,0.169529,0.422338,-0.054645,0.129171,0.607562,-0.027035,0.122988,0.545241,-0.041740,0.119271,0.504032,-0.049245,0.118121,0.463515,-0.053534
551,0,0.031714,0.039205,0.048952,0.113092,0.036783,0.139718,0.789056,0.000000,0.199850,0.780751,-0.028387,0.254327,0.743431,-0.040838,0.295342,0.700737,-0.051066,0.331776,0.668422,-0.060452,0.231570,0.621452,-0.021108,0.258073,0.553843,-0.036566,0.268526,0.509888,-0.049381,0.274329,0.468479,-0.059264,0.199197,0.597569,-0.019490,0.220352,0.517770,-0.033157,0.229603,0.467476,-0.045167,0.232890,0.423072,-0.053978,0.164497,0.593826,-0.021511,0.167715,0.515725,-0.036394,0.168780,0.466539,-0.047312,0.169521,0.421779,-0.054591,0.128588,0.606238,-0.026395,0.122609,0.543916,-0.041489,0.119132,0.502652,-0.049227,0.118107,0.462045,-0.053671
585,0,0.028877,0.050394,0.060442,0.131034,0.050561,0.140380,0.789569,0.000000,0.199260,0.780590,-0.027855,0.253565,0.742897,-0.040180,0.294874,0.700202,-0.050292,0.331054,0.667876,-0.059564,0.231316,0.621229,-0.020968,0.257980,0.553174,-0.036326,0.268604,0.509058,-0.049032,0.274654,0.467674,-0.058801,0.198736,0.597280,-0.019594,0.219970,0.516637,-0.033140,0.229249,0.466289,-0.044988,0.232528,0.421935,-0.053611,0.164182,0.593421,-0.021826,0.167339,0.514639,-0.036421,0.168622,0.465278,-0.047201,0.169485,0.420185,-0.054374,0.128294,0.605949,-0.026844,0.122548,0.543189,-0.041630,0.118994,0.501799,-0.049109,0.118002,0.461318,-0.053382
630,0,0.031886,0.028667,0.051766,0.151841,0.063996,0.140233,0.789276,0.000000,0.199700,0.779533,-0.027590,0.254332,0.741689,-0.039748,0.295121,0.698891,-0.049780,0.331191,0.666224,-0.058970,0.231354,0.620041,-0.020391,0.257617,0.551771,-0.035555,0.268014,0.507828,-0.048325,0.274135,0.466573,-0.058128,0.198972,0.596599,-0.019089,0.219798,0.516330,-0.032338,0.229039,0.465833,-0.044228,0.232385,0.421551,-0.053035,0.164387,0.593151,-0.021386,0.167197,0.515002,-0.035689,0.168601,0.465854,-0.046564,0.169560,0.421145,-0.053877,0.128588,0.605646,-0.026498,0.122414,0.543060,-0.041011,0.118831,0.501687,-0.048517,0.117720,0.461318,-0.052844
666,0,0.031808,0.021518,0.063019,0.178164,0.062510,0.139422,0.788617,0.000000,0.198823,0.779637,-0.028087,0.252715,0.741809,-0.040512,0.294408,0.698848,-0.050775,0.331006,0.666338,-0.060118,0.230554,0.619986,-0.020658,0.257058,0.552036,-0.035937,0.267428,0.507897,-0.048592,0.273176,0.466692,-0.058318,0.198061,0.596066,-0.019117,0.219166,0.515593,-0.032509,0.228590,0.465099,-0.044227,0.231897,0.420648,-0.052766,0.163527,0.592412,-0.021233,0.166662,0.513878,-0.035688,0.167883,0.464609,-0.046371,0.168826,0.419871,-0.053531,0.128037,0.604671,-0.026191,0.122157,0.542384,-0.040780,0.118724,0.501068,-0.048286,0.117763,0.460761,-0.052536
700,0,0.024361,0.028226,0.037391,0.187729,0.073819,0.139754,0.788588,0.000000,0.198941,0.779112,-0.027509,0.253183,0.741086,-0.039654,0.294307,0.698305,-0.049692,0.330378,0.665829,-0.058849,0.230784,0.619071,-0.020402,0.257056,0.550593,-0.035612,0.267225,0.506670,-0.048313,0.272976,0.465442,-0.058082,0.198245,0.595653,-0.019128,0.219022,0.514947,-0.032508,0.228178,0.464452,-0.044405,0.231358,0.420391,-0.053102,0.163599,0.592299,-0.021436,0.166461,0.513748,-0.035842,0.167617,0.464237,-0.046665,0.168414,0.419306,-0.053983,0.127948,0.605019,-0.026512,0.121932,0.542269,-0.041071,0.118337,0.501019,-0.048542,0.117366,0.460508,-0.052833
733,0,0.021956,0.028189,0.046896,0.204811,0.095982,0.139619,0.789009,0.000000,0.199142,0.778472,-0.027061,0.253302,0.740573,-0.039048,0.294321,0.697946,-0.048982,0.330437,0.665194,-0.058111,0.230457,0.618863,-0.019524,0.256620,0.550394,-0.034617,0.266648,0.506698,-0.047371,0.272370,0.465773,-0.057191,0.198123,0.595470,-0.018479,0.219061,0.515110,-0.031606,0.228272,0.464596,-0.043497,0.231361,0.420591,-0.052281,0.163705,0.592169,-0.021058,0.166578,0.513582,-0.035346,0.167711,0.464301,-0.046297,0.168401,0.419467,-0.053700,0.127964,0.604776,-0.026390,0.121799,0.541937,-0.040927,0.118124,0.500283,-0.048522,0.116926,0.459634,-0.052895
768,0,0.033424,0.027074,0.071984,0.188521,0.075095,0.139123,0.789234,0.000000,0.198446,0.779879,-0.027649,0.252505,0.741438,-0.039975,0.293952,0.698225,-0.050190,0.330270,0.664781,-0.059560,0.230044,0.619717,-0.020372,0.256231,0.550983,-0.035905,0.266398,0.507135,-0.048884,0.271961,0.465729,-0.058792,0.197815,0.596251,-0.019085,0.218764,0.515620,-0.032641,0.227923,0.465113,-0.044660,0.231111,0.420636,-0.053492,0.163289,0.592778,-0.021428,0.166059,0.514250,-0.035943,0.167453,0.464809,-0.046695,0.168271,0.419833,-0.053915,0.127610,0.605144,-0.026573,0.121607,0.542184,-0.041127,0.118021,0.500733,-0.048500,0.116905,0.460101,-0.052724
802,0,0.020413,0.032364,0.089876,0.187189,0.092478,0.140326,0.788974,0.000000,0.199400,0.779644,-0.027728,0.253345,0.740928,-0.039836,0.294192,0.697316,-0.049776,0.330574,0.664710,-0.058910,0.230836,0.619101,-0.020551,0.256260,0.550186,-0.035845,0.266139,0.506201,-0.048548,0.271889,0.465261,-0.058296,0.198178,0.595838,-0.019151,0.218562,0.515297,-0.032621,0.227945,0.464752,-0.044518,0.231450,0.420762,-0.053230,0.163536,0.592738,-0.021377,0.166118,0.513925,-0.036056,0.167304,0.464543,-0.047013,0.168273,0.419734,-0.054382,0.127948,0.605590,-0.026404,0.121704,0.542648,-0.041256,0.118006,0.501119,-0.049047,0.116889,0.460477,-0.053537
836,0,0.017857,0.019259,0.070072,0.194489,0.093532,0.140021,0.788950,0.000000,0.199461,0.778839,-0.027344,0.253740,0.740530,-0.039369,0.294704,0.697296,-0.049365,0.330710,0.664251,-0.058518,0.230564,0.619135,-0.019934,0.256071,0.550236,-0.035118,0.265930,0.506191,-0.047833,0.271658,0.464846,-0.057675,0.198324,0.596013,-0.018708,0.218533,0.515422,-0.032150,0.227600,0.464863,-0.044309,0.230791,0.420556,-0.053233,0.163837,0.592840,-0.021063,0.166195,0.514391,-0.035674,0.167133,0.464893,-0.046837,0.167960,0.420098,-0.054343,0.128464,0.605591,-0.026157,0.122005,0.542823,-0.040978,0.118051,0.501345,-0.048752,0.116629,0.460887,-0.053271
869,0,0.016857,0.019828,0.035656,0.179942,0.090546,0.140647,0.788727,0.000000,0.200102,0.778823,-0.027630,0.253907,0.740760,-0.039788,0.294680,0.697699,-0.049821,0.330795,0.664630,-0.059050,0.230950,0.618927,-0.020200,0.256658,0.550335,-0.035480,0.266419,0.506492,-0.048290,0.271931,0.465273,-0.058131,0.198324,0.595811,-0.018812,0.218870,0.515571,-0.032340,0.228102,0.465260,-0.044422,0.231288,0.421269,-0.053306,0.163913,0.592732,-0.021062,0.166151,0.514323,-0.035748,0.167299,0.464893,-0.046911,0.168237,0.420028,-0.054378,0.128537,0.605723,-0.026060,0.122222,0.543300,-0.040975,0.118576,0.501935,-0.048826,0.117564,0.461478,-0.053344
903,0,0.020621,0.037982,0.063389,0.180788,0.124173,0.141477,0.789669,0.000000,0.200609,0.779783,-0.027451,0.254425,0.740961,-0.039495,0.294901,0.697381,-0.049359,0.331063,0.664493,-0.058344,0.231548,0.619237,-0.020130,0.256698,0.550104,-0.035251,0.266436,0.505990,-0.047906,0.271756,0.464678,-0.057617,0.199015,0.595987,-0.018801,0.219211,0.515369,-0.032058,0.228338,0.465026,-0.043815,0.231623,0.421291,-0.052456,0.164312,0.592867,-0.021105,0.166688,0.514395,-0.035538,0.167723,0.465041,-0.046453,0.168398,0.420334,-0.053756,0.128728,0.605644,-0.026190,0.122477,0.542925,-0.040795,0.118687,0.501610,-0.048441,0.117471,0.461161,-0.052876
938,0,0.036177,0.032689,0.068048,0.148133,0.096764,0.141547,0.789848,0.000000,0.201032,0.779469,-0.027415,0.255056,0.740760,-0.039684,0.295325,0.697662,-0.049845,0.331112,0.664149,-0.059200,0.231240,0.619502,-0.020590,0.256587,0.550929,-0.036099,0.266761,0.507186,-0.049078,0.272577,0.466042,-0.058970,0.199112,0.596249,-0.019468,0.219855,0.516208,-0.033013,0.228832,0.465915,-0.045014,0.231841,0.421807,-0.053833,0.164736,0.593130,-0.021932,0.167317,0.514974,-0.036464,0.168523,0.465886,-0.047353,0.169197,0.421186,-0.054676,0.129124,0.605925,-0.027166,0.122517,0.543293,-0.041793,0.118686,0.501905,-0.049308,0.117233,0.461618,-0.053679
972,0,0.015296,0.016510,0.043933,0.157990,0.096264,0.141307,0.789507,0.000000,0.200749,0.779521,-0.027710,0.254718,0.740869,-0.040023,0.294995,0.697679,-0.050210,0.331201,0.664457,-0.059517,0.231358,0.619257,-0.020605,0.256665,0.550403,-0.036040,0.266425,0.506316,-0.048947,0.271696,0.464838,-0.058790,0.198996,0.596051,-0.019293,0.219500,0.515982,-0.032784,0.228498,0.465672,-0.044695,0.231612,0.421714,-0.053428,0.164454,0.593168,-0.021620,0.167249,0.514858,-0.036193,0.168507,0.465674,-0.047070,0.169574,0.421055,-0.054308,0.129061,0.606213,-0.026752,0.122563,0.543346,-0.041517,0.118742,0.502003,-0.049100,0.117342,0.461609,-0.053466
1007,0,0.016904,0.012638,0.036256,0.151822,0.097502,0.141459,0.789731,0.000000,0.200649,0.779723,-0.027445,0.254529,0.741483,-0.039579,0.294960,0.697929,-0.049645,0.330948,0.664662,-0.058832,0.231339,0.619753,-0.020325,0.256580,0.550918,-0.035636,0.266169,0.506674,-0.048459,0.271611,0.465215,-0.058296,0.199084,0.596721,-0.019119,0.219468,0.516458,-0.032555,0.228689,0.466026,-0.044440,0.232011,0.421970,-0.053205,0.164724,0.593694,-0.021550,0.167407,0.515160,-0.036114,0.168800,0.466143,-0.046966,0.169906,0.421553,-0.054239,0.129387,0.606523,-0.026737,0.122835,0.543621,-0.041531,0.119043,0.502114,-0.049148,0.117829,0.461470,-0.053511
1040,0,0.024550,0.025911,0.033710,0.171678,0.089716,0.140626,0.789070,0.000000,0.200092,0.779288,-0.027892,0.254150,0.741244,-0.040184,0.294775,0.697882,-0.050316,0.330960,0.664795,-0.059569,0.230796,0.619515,-0.020283,0.256256,0.550894,-0.035577,0.265871,0.506629,-0.048481,0.271162,0.464870,-0.058383,0.198517,0.596279,-0.018782,0.219150,0.516604,-0.032231,0.228263,0.466172,-0.044237,0.231585,0.421766,-0.053145,0.164130,0.593025,-0.020952,0.166922,0.515157,-0.035558,0.168191,0.466210,-0.046531,0.169128,0.421836,-0.053834,0.128760,0.605608,-0.025942,0.122416,0.543047,-0.040757,0.118697,0.501615,-0.048443,0.117395,0.461136,-0.052878
1074,0,0.028201,0.035842,0.047939,0.172916,0.100454,0.141119,0.789126,0.000000,0.200477,0.779158,-0.027749,0.254366,0.740898,-0.040230,0.294580,0.697323,-0.050535,0.330572,0.664116,-0.059963,0.231373,0.618863,-0.020821,0.256260,0.549909,-0.036298,0.265563,0.505637,-0.049161,0.270455,0.463718,-0.059085,0.198820,0.595910,-0.019485,0.219085,0.516181,-0.033111,0.228099,0.465950,-0.045077,0.231221,0.421619,-0.053818,0.164064,0.592687,-0.021756,0.166789,0.514687,-0.036413,0.167881,0.465780,-0.047138,0.168656,0.421362,-0.054314,0.128372,0.605484,-0.026833,0.121897,0.542709,-0.041566,0.118246,0.501338,-0.049085,0.117120,0.460986,-0.053360
1108,0,0.019665,0.029864,0.050115,0.165439,0.105801,0.141713,0.789236,0.000000,0.200863,0.778965,-0.027364,0.254268,0.740279,-0.039796,0.294523,0.697135,-0.050146,0.330663,0.664075,-0.059694,0.231375,0.618935,-0.020929,0.255983,0.549592,-0.036569,0.265218,0.505267,-0.049611,0.270293,0.463354,-0.059617,0.198764,0.596065,-0.019860,0.219069,0.516138,-0.033571,0.228118,0.465910,-0.045601,0.231385,0.421704,-0.054500,0.163937,0.593092,-0.022342,0.166694,0.514947,-0.037008,0.167887,0.465842,-0.047854,0.168771,0.421229,-0.055072,0.128153,0.606304,-0.027594,0.121593,0.542996,-0.042355,0.117748,0.501368,-0.049878,0.116442,0.460934,-0.054194
1140,0,0.024104,0.020657,0.064545,0.162925,0.108845,0.141501,0.789614,0.000000,0.200413,0.779652,-0.027523,0.253590,0.741016,-0.040006,0.294247,0.697627,-0.050389,0.330138,0.663976,-0.059894,0.230724,0.619515,-0.020862,0.255847,0.550292,-0.036666,0.265109,0.506288,-0.049816,0.269789,0.464839,-0.059742,0.198630,0.596246,-0.019659,0.219468,0.516315,-0.033364,0.228392,0.465991,-0.045312,0.231360,0.421917,-0.054092,0.164174,0.593120,-0.022064,0.167092,0.515029,-0.036570,0.168439,0.466274,-0.047221,0.169218,0.422041,-0.054359,0.128423,0.606144,-0.027237,0.121617,0.543566,-0.041800,0.117609,0.502129,-0.049168,0.116131,0.461691,-0.053367
1173,0,0.015624,0.013230,0.041660,0.150614,0.111029,0.141925,0.789981,0.000000,0.200935,0.780002,-0.027569,0.254429,0.741422,-0.039996,0.294699,0.697718,-0.050282,0.330332,0.664192,-0.059689,0.231069,0.619475,-0.021088,0.256007,0.550015,-0.036899,0.265263,0.506014,-0.049938,0.270133,0.464768,-0.059842,0.198945,0.596531,-0.019864,0.219659,0.516558,-0.033611,0.228574,0.466225,-0.045464,0.231445,0.422418,-0.054182,0.164545,0.593461,-0.022254,0.167354,0.515178,-0.036823,0.168839,0.466327,-0.047491,0.169710,0.422156,-0.054680,0.128938,0.606265,-0.027454,0.121894,0.543460,-0.042138,0.117834,0.502105,-0.049670,0.116251,0.461721,-0.053991
1205,0,0.014879,0.015010,0.042622,0.144873,0.105591,0.142057,0.789840,0.000000,0.201039,0.779435,-0.027474,0.254738,0.740918,-0.039997,0.295028,0.697897,-0.050398,0.330596,0.664484,-0.059919,0.231555,0.619479,-0.021279,0.256292,0.550082,-0.037091,0.265680,0.505980,-0.050168,0.270798,0.464258,-0.060148,0.199189,0.596448,-0.020151,0.219832,0.516966,-0.033955,0.228740,0.466547,-0.045847,0.231709,0.422320,-0.054566,0.164786,0.593414,-0.022637,0.167344,0.515370,-0.037225,0.168641,0.466608,-0.047797,0.169531,0.422284,-0.054910,0.129141,0.606408,-0.027914,0.121912,0.543883,-0.042559,0.117815,0.502350,-0.049939,0.116196,0.461785,-0.054145
1238,0,0.019312,0.035642,0.049897,0.137584,0.081423,0.141204,0.789525,0.000000,0.200367,0.780079,-0.027580,0.253783,0.741592,-0.040120,0.294498,0.698075,-0.050503,0.330626,0.664564,-0.060008,0.231225,0.620050,-0.021282,0.256573,0.550600,-0.037047,0.266326,0.506330,-0.049969,0.271586,0.464748,-0.059856,0.199139,0.596765,-0.020022,0.220001,0.516846,-0.033821,0.229121,0.466799,-0.045655,0.232148,0.423015,-0.054320,0.164844,0.593530,-0.022331,0.167399,0.515410,-0.036971,0.168511,0.466611,-0.047602,0.169281,0.422455,-0.054702,0.129428,0.606717,-0.027427,0.122370,0.544165,-0.042143,0.118318,0.502696,-0.049663,0.116636,0.462318,-0.053939
1270,0,0.015295,0.019063,0.056924,0.143670,0.089442,0.141638,0.789550,0.000000,0.200726,0.779401,-0.027895,0.254137,0.741169,-0.040467,0.294630,0.697678,-0.050822,0.330941,0.664415,-0.060375,0.231178,0.619715,-0.021246,0.256377,0.550660,-0.036951,0.265947,0.506388,-0.050020,0.271214,0.464532,-0.060031,0.199137,0.596671,-0.019909,0.220096,0.516862,-0.033684,0.229264,0.466562,-0.045702,0.232521,0.422205,-0.054567,0.164682,0.593619,-0.022220,0.167309,0.515469,-0.036970,0.168568,0.466417,-0.047880,0.169421,0.421722,-0.055178,0.129014,0.606634,-0.027341,0.122371,0.543693,-0.042224,0.118383,0.502089,-0.049905,0.116958,0.461174,-0.054376
1302,0,0.016710,0.025383,0.029334,0.145190,0.107787,0.142295,0.789692,0.000000,0.200784,0.779354,-0.027728,0.254485,0.740429,-0.040294,0.294762,0.697088,-0.050682,0.330882,0.663988,-0.060269,0.231631,0.619167,-0.021407,0.256378,0.550068,-0.037143,0.265995,0.505687,-0.050224,0.271317,0.463738,-0.060269,0.199436,0.596211,-0.020185,0.219988,0.516593,-0.033973,0.229007,0.466354,-0.045946,0.232167,0.421968,-0.054769,0.165105,0.593369,-0.022534,0.167383,0.515337,-0.037238,0.168523,0.466305,-0.048009,0.169450,0.421462,-0.055227,0.129600,0.606591,-0.027690,0.122547,0.543921,-0.042509,0.118482,0.502719,-0.050033,0.116867,0.462132,-0.054349
1334,0,0.014512,0.016688,0.037354,0.147432,0.101716,0.141921,0.789633,0.000000,0.200958,0.779378,-0.027902,0.254171,0.740733,-0.040640,0.294585,0.697361,-0.051220,0.330593,0.663397,-0.060960,0.231060,0.619550,-0.021619,0.256276,0.550507,-0.037546,0.266118,0.505906,-0.050647,0.271647,0.463830,-0.060692,0.199133,0.596533,-0.020301,0.220018,0.516925,-0.034261,0.229181,0.466695,-0.046255,0.232429,0.422129,-0.055039,0.164772,0.593456,-0.022593,0.167271,0.515442,-0.037393,0.168513,0.466600,-0.048011,0.169412,0.421963,-0.055116,0.129497,0.606570,-0.027692,0.122368,0.543953,-0.042550,0.118251,0.502431,-0.049998,0.116596,0.461697,-0.054237
1366,0,0.025374,0.028169,0.043666,0.160466,0.115706,0.142425,0.788990,0.000000,0.201025,0.779272,-0.028115,0.254225,0.740692,-0.040731,0.294773,0.696923,-0.051114,0.330684,0.663310,-0.060582,0.231319,0.619106,-0.021549,0.256416,0.549698,-0.037143,0.266000,0.505161,-0.049931,0.271227,0.463294,-0.059742,0.199375,0.596227,-0.019946,0.219989,0.516348,-0.033612,0.229056,0.466094,-0.045350,0.232209,0.421933,-0.053939,0.165148,0.593185,-0.021950,0.167500,0.514945,-0.036551,0.168400,0.466025,-0.047183,0.169160,0.421505,-0.054283,0.129819,0.606051,-0.026779,0.122632,0.543767,-0.041533,0.118388,0.502537,-0.049129,0.116605,0.462097,-0.053443
1399,0,0.018475,0.032098,0.049508,0.151282,0.107267,0.141989,0.789598,0.000000,0.200926,0.779344,-0.028027,0.254452,0.740267,-0.040686,0.294883,0.696654,-0.051096,0.330916,0.663312,-0.060629,0.231724,0.618960,-0.021640,0.256412,0.549421,-0.037426,0.265981,0.504847,-0.050486,0.271495,0.462839,-0.060515,0.199462,0.595959,-0.020210,0.219982,0.516660,-0.034109,0.229009,0.466451,-0.046063,0.232314,0.422169,-0.054833,0.165112,0.593048,-0.022402,0.167550,0.515315,-0.037159,0.168692,0.466417,-0.047855,0.169492,0.421719,-0.054986,0.129581,0.606330,-0.027436,0.122681,0.543941,-0.042250,0.118575,0.502671,-0.049762,0.116985,0.462217,-0.054032
1434,0,0.011514,0.019574,0.028933,0.151318,0.110479,0.142357,0.789234,0.000000,0.201088,0.779302,-0.028245,0.254443,0.740484,-0.041020,0.294734,0.696937,-0.051562,0.331013,0.663183,-0.061225,0.231588,0.618947,-0.021713,0.256442,0.549723,-0.037640,0.266072,0.505177,-0.050760,0.271362,0.463221,-0.060767,0.199489,0.596095,-0.020166,0.220275,0.516782,-0.034031,0.229460,0.466727,-0.045986,0.232904,0.422594,-0.054732,0.165155,0.593300,-0.022286,0.167713,0.515445,-0.036991,0.168930,0.466471,-0.047666,0.169890,0.421839,-0.054847,0.129750,0.606267,-0.027251,0.122614,0.543938,-0.042052,0.118564,0.502589,-0.049614,0.116975,0.462035,-0.053930
1467,0,0.017870,0.034416,0.049831,0.148426,0.124037,0.143038,0.789738,0.000000,0.201186,0.779108,-0.027740,0.254186,0.740133,-0.040381,0.294636,0.696552,-0.050867,0.330819,0.662786,-0.060514,0.231806,0.619142,-0.021697,0.256525,0.549623,-0.037578,0.266159,0.504906,-0.050638,0.271397,0.462571,-0.060628,0.199736,0.596388,-0.020476,0.220450,0.517016,-0.034432,0.229680,0.466649,-0.046329,0.232823,0.422098,-0.055061,0.165275,0.593390,-0.022841,0.167770,0.515145,-0.037597,0.168956,0.466174,-0.048160,0.169822,0.421326,-0.055214,0.129738,0.606643,-0.028007,0.122685,0.543977,-0.042783,0.118643,0.502553,-0.050142,0.117218,0.461827,-0.054337
1501,0,0.027990,0.021063,0.045840,0.167351,0.129383,0.142896,0.789103,0.000000,0.201383,0.778749,-0.027952,0.254513,0.739652,-0.040688,0.294808,0.696036,-0.051137,0.330728,0.662708,-0.060708,0.232048,0.618000,-0.021545,0.256386,0.548607,-0.037256,0.265659,0.504237,-0.050184,0.270631,0.462405,-0.060098,0.199804,0.595331,-0.020134,0.220067,0.516253,-0.033958,0.229102,0.466068,-0.045722,0.232393,0.421946,-0.054340,0.165333,0.592488,-0.022365,0.167652,0.514591,-0.037104,0.168736,0.465974,-0.047629,0.169602,0.421618,-0.054607,0.129602,0.605785,-0.027399,0.122014,0.543300,-0.042214,0.117764,0.502013,-0.049688,0.116145,0.461593,-0.053959
1537,0,0.011795,0.011009,0.043480,0.175113,0.136897,0.143043,0.788970,0.000000,0.201422,0.778620,-0.027913,0.254121,0.739339,-0.040688,0.294261,0.695495,-0.051251,0.330381,0.662477,-0.060860,0.231866,0.618087,-0.021450,0.256562,0.548540,-0.037218,0.265816,0.503893,-0.050145,0.270722,0.461931,-0.060059,0.199795,0.595293,-0.020096,0.220309,0.515996,-0.033900,0.229283,0.465686,-0.045645,0.232396,0.421371,-0.054263,0.165212,0.592354,-0.022384,0.167691,0.514520,-0.037046,0.168805,0.465905,-0.047590,0.169743,0.421838,-0.054606,0.129587,0.605672,-0.027513,0.121595,0.543120,-0.042251,0.116974,0.501619,-0.049763,0.114880,0.461109,-0.054034
1578,0,0.025065,0.031759,0.045473,0.166184,0.147715,0.143759,0.789139,0.000000,0.202050,0.778629,-0.027681,0.254971,0.739360,-0.040292,0.294822,0.695459,-0.050708,0.330389,0.662426,-0.060247,0.232321,0.618106,-0.021729,0.256584,0.548450,-0.037506,0.265712,0.504066,-0.050441,0.270493,0.462374,-0.060361,0.199894,0.595532,-0.020527,0.219918,0.516280,-0.034511,0.228965,0.465986,-0.046320,0.232358,0.421896,-0.055019,0.165199,0.592950,-0.022931,0.167609,0.515067,-0.037812,0.168838,0.466331,-0.048457,0.169872,0.422221,-0.055630,0.129475,0.606635,-0.028120,0.121523,0.543939,-0.043191,0.116850,0.502240,-0.050861,0.114549,0.461620,-0.055286
1627,0,0.016492,0.022314,0.056440,0.164315,0.144253,0.143376,0.789427,0.000000,0.201402,0.778631,-0.027793,0.254656,0.739157,-0.040471,0.294679,0.695720,-0.050979,0.330361,0.662575,-0.060535,0.232667,0.617864,-0.021568,0.256482,0.548136,-0.037406,0.265371,0.503750,-0.050446,0.270244,0.461886,-0.060421,0.200276,0.594965,-0.020369,0.220203,0.516220,-0.034303,0.229292,0.466267,-0.046105,0.233114,0.422194,-0.054786,0.165468,0.592266,-0.022805,0.167912,0.514661,-0.037596,0.169023,0.466463,-0.048199,0.170199,0.422488,-0.055281,0.129628,0.605956,-0.028059,0.121725,0.543700,-0.043022,0.116986,0.502473,-0.050598,0.114819,0.462070,-0.054938
1676,0,0.025285,0.037858,0.070559,0.175627,0.153378,0.144010,0.788851,0.000000,0.201802,0.779112,-0.028559,0.254490,0.739707,-0.041627,0.294516,0.696065,-0.052349,0.330258,0.662416,-0.062040,0.232250,0.618336,-0.022435,0.256456,0.548823,-0.038384,0.265237,0.504256,-0.051357,0.269671,0.462383,-0.061277,0.200068,0.595378,-0.020833,0.220374,0.516450,-0.034798,0.229526,0.466213,-0.046435,0.233048,0.422107,-0.055020,0.165575,0.592563,-0.022950,0.168131,0.514588,-0.037831,0.169533,0.466122,-0.048419,0.170879,0.422267,-0.055478,0.129830,0.605897,-0.027930,0.121686,0.542931,-0.043001,0.116916,0.501536,-0.050708,0.114822,0.460854,-0.055134
1722,0,0.035280,0.029661,0.064841,0.196225,0.165101,0.143617,0.788785,0.000000,0.201688,0.778043,-0.028161,0.254019,0.738845,-0.041224,0.294034,0.695294,-0.052063,0.329622,0.661452,-0.061912,0.232438,0.617208,-0.021905,0.255851,0.547012,-0.037763,0.264042,0.502317,-0.050808,0.268201,0.460218,-0.060809,0.200149,0.594555,-0.020460,0.220085,0.515741,-0.034284,0.228997,0.465932,-0.045978,0.232525,0.421978,-0.054573,0.165537,0.591778,-0.022685,0.167852,0.514200,-0.037402,0.168907,0.465769,-0.047955,0.169825,0.421800,-0.055067,0.129783,0.605312,-0.027781,0.121199,0.542772,-0.042707,0.116062,0.501386,-0.050351,0.113494,0.460821,-0.054725
1765,0,0.070122,0.100284,0.109313,0.247107,0.209870,0.143821,0.786935,0.000000,0.201221,0.777249,-0.029119,0.252896,0.739034,-0.042840,0.291822,0.695167,-0.054159,0.327345,0.661923,-0.064526,0.232076,0.617447,-0.023383,0.255164,0.547776,-0.040019,0.262877,0.503062,-0.053550,0.266477,0.460731,-0.063916,0.200124,0.594711,-0.021725,0.219988,0.516878,-0.036475,0.228767,0.466782,-0.048709,0.232484,0.422283,-0.057704,0.165755,0.591680,-0.023802,0.168181,0.514297,-0.039448,0.169085,0.465567,-0.050462,0.169777,0.421096,-0.057818,0.129909,0.605177,-0.028757,0.120216,0.542400,-0.044517,0.114284,0.500828,-0.052635,0.110926,0.460083,-0.057285
1799,0,0.132354,0.141769,0.316055,0.318769,0.299145,0.144573,0.784354,0.000000,0.197821,0.774753,-0.028448,0.248224,0.736287,-0.041653,0.282022,0.691641,-0.052746,0.311400,0.655740,-0.062706,0.233152,0.614892,-0.021789,0.251630,0.547080,-0.038899,0.255971,0.503657,-0.053199,0.256998,0.462206,-0.064027,0.201287,0.592331,-0.020563,0.218788,0.518634,-0.035749,0.225989,0.471269,-0.048331,0.229794,0.428342,-0.057462,0.167113,0.589329,-0.023204,0.169812,0.513868,-0.039201,0.170107,0.466143,-0.049992,0.171107,0.422166,-0.057009,0.131228,0.603434,-0.028731,0.120382,0.541419,-0.044747,0.113082,0.500674,-0.052633,0.108518,0.460337,-0.057009
1833,0,0.188039,0.205623,0.348091,0.385187,0.403019,0.143897,0.782426,0.000000,0.196175,0.772144,-0.027083,0.244686,0.733956,-0.039113,0.271783,0.687075,-0.049457,0.295487,0.648095,-0.058874,0.233206,0.615903,-0.018305,0.247922,0.550663,-0.035035,0.249353,0.508408,-0.049309,0.247436,0.468797,-0.060172,0.201989,0.593462,-0.017657,0.216858,0.523022,-0.032366,0.220999,0.478550,-0.044897,0.222475,0.438704,-0.054054,0.168458,0.590231,-0.021003,0.171057,0.515974,-0.037278,0.170483,0.467624,-0.048456,0.170461,0.422976,-0.055871,0.132262,0.603979,-0.027157,0.120993,0.542089,-0.044118,0.112929,0.500818,-0.052831,0.107003,0.460517,-0.057762
1867,0,0.250582,0.254037,0.421155,0.542011,0.631271,0.144851,0.782420,0.000000,0.194034,0.769224,-0.028046,0.238114,0.731774,-0.041064,0.258455,0.684324,-0.052470,0.278441,0.642032,-0.062754,0.233629,0.618324,-0.015707,0.246231,0.557874,-0.032862,0.245556,0.517834,-0.047944,0.241748,0.480993,-0.059387,0.202730,0.595478,-0.014466,0.214129,0.530846,-0.029965,0.214742,0.495120,-0.043454,0.212771,0.463650,-0.052941,0.169740,0.591388,-0.017553,0.172358,0.520709,-0.034437,0.170964,0.473325,-0.045844,0.169539,0.428852,-0.053376,0.133794,0.604401,-0.023501,0.122490,0.543733,-0.040991,0.114862,0.502846,-0.050080,0.109133,0.462510,-0.055222
1901,0,0.267360,0.276350,0.499641,0.775065,0.884805,0.145507,0.781620,0.000000,0.193061,0.766426,-0.026314,0.234572,0.728732,-0.038586,0.252150,0.681375,-0.049511,0.266543,0.635638,-0.059385,0.233124,0.619047,-0.010338,0.244576,0.565670,-0.027417,0.242050,0.531610,-0.043348,0.234880,0.501109,-0.054763,0.202488,0.597856,-0.009585,0.211112,0.536092,-0.025386,0.208200,0.507892,-0.039602,0.202651,0.484211,-0.048951,0.169134,0.592642,-0.013428,0.173555,0.524153,-0.029763,0.172099,0.477812,-0.041423,0.170233,0.434319,-0.048846,0.132983,0.602876,-0.019976,0.122367,0.542013,-0.035925,0.115401,0.501985,-0.044224,0.110567,0.461936,-0.048986
1938,0,0.233571,0.241706,2.207283,0.964247,1.101220,0.146531,0.781687,0.000000,0.193700,0.764508,-0.022280,0.233928,0.724262,-0.034126,0.252214,0.677938,-0.045819,0.259876,0.630105,-0.055964,0.230126,0.620310,-0.004342,0.242101,0.563231,-0.025105,0.238416,0.538435,-0.042926,0.228583,0.529498,-0.053104,0.201112,0.601007,-0.005255,0.210360,0.534540,-0.025310,0.206926,0.523264,-0.038773,0.200268,0.525301,-0.043981,0.169399,0.594840,-0.011370,0.173757,0.522503,-0.028152,0.172012,0.476437,-0.037649,0.170596,0.440627,-0.041871,0.134846,0.603775,-0.020067,0.123696,0.541377,-0.033479,0.116699,0.500020,-0.039420,0.112481,0.462415,-0.041939
1970,0,0.214084,0.218509,2.056058,1.149448,1.271211,0.146733,0.782550,0.000000,0.193984,0.762815,-0.021405,0.233598,0.721666,-0.033797,0.248528,0.673311,-0.047111,0.248203,0.624731,-0.058411,0.230208,0.618782,0.000823,0.244477,0.561741,-0.021695,0.237424,0.547715,-0.039601,0.224587,0.558539,-0.048067,0.200775,0.600052,-0.000706,0.212763,0.533450,-0.020671,0.205404,0.525860,-0.032278,0.196959,0.533870,-0.034685,0.169515,0.593538,-0.008129,0.174799,0.523785,-0.023709,0.171820,0.480450,-0.030366,0.169122,0.449761,-0.031629,0.134392,0.602066,-0.018469,0.123742,0.541307,-0.030144,0.116283,0.499717,-0.034155,0.111282,0.463226,-0.034582
2004,0,0.159624,0.165470,2.346752,1.239593,1.374600,0.147796,0.782290,-0.000000,0.193755,0.764192,-0.020838,0.231662,0.722475,-0.032595,0.243628,0.674438,-0.045336,0.237257,0.630462,-0.055349,0.229115,0.616309,0.000721,0.245333,0.555624,-0.022115,0.235446,0.557670,-0.039190,0.224808,0.583736,-0.046717,0.199446,0.598973,-0.000564,0.214240,0.530714,-0.022340,0.203655,0.532706,-0.033406,0.196452,0.548068,-0.034131,0.168376,0.593102,-0.007795,0.175908,0.526062,-0.023445,0.172146,0.485295,-0.030782,0.170675,0.456368,-0.031956,0.134819,0.601927,-0.017868,0.126706,0.543073,-0.027916,0.118625,0.501836,-0.031852,0.113616,0.465243,-0.032405
2038,0,0.305350,0.323008,1.879934,1.412618,1.566098,0.147885,0.780235,-0.000000,0.193969,0.759606,-0.019390,0.229403,0.716409,-0.029835,0.237759,0.663505,-0.041152,0.233019,0.613849,-0.049626,0.228501,0.623023,0.000436,0.246294,0.562954,-0.023366,0.235005,0.574116,-0.041326,0.222428,0.603245,-0.049103,0.200347,0.605770,-0.001346,0.218448,0.537901,-0.026539,0.205018,0.548617,-0.039896,0.193166,0.570157,-0.041466,0.169946,0.598521,-0.008705,0.181010,0.534415,-0.025423,0.177865,0.501398,-0.033741,0.175209,0.478414,-0.035293,0.136456,0.603396,-0.018605,0.129890,0.542951,-0.027725,0.123011,0.502079,-0.031404,0.118190,0.463202,-0.032154
2083,0,0.382562,0.387056,1.717778,1.733612,1.844361,0.148237,0.778047,-0.000000,0.194974,0.758405,-0.018035,0.231899,0.709107,-0.026161,0.235140,0.651742,-0.034728,0.224548,0.603686,-0.040321,0.236315,0.623759,0.003436,0.246706,0.567572,-0.016472,0.238111,0.585946,-0.031685,0.231883,0.615908,-0.038587,0.206967,0.607543,0.001925,0.220294,0.546678,-0.024121,0.207179,0.574978,-0.036479,0.197613,0.607840,-0.036037,0.175463,0.600021,-0.004870,0.183983,0.538766,-0.022132,0.182812,0.512338,-0.029356,0.183407,0.493269,-0.029390,0.141400,0.601759,-0.013888,0.135113,0.539438,-0.022217,0.129498,0.500150,-0.024801,0.126781,0.461166,-0.024682
2141,0,0.336550,0.293868,1.044717,1.924935,2.042582,0.151086,0.777459,-0.000000,0.198687,0.756567,-0.014955,0.233969,0.706568,-0.021266,0.234225,0.648426,-0.028895,0.220977,0.601982,-0.034019,0.237892,0.631144,0.008030,0.254483,0.575811,-0.009667,0.246554,0.585398,-0.023132,0.237169,0.614548,-0.028567,0.209324,0.612664,0.006123,0.223513,0.552932,-0.013809,0.215396,0.568402,-0.023951,0.208424,0.594575,-0.023721,0.179420,0.603054,-0.000995,0.188296,0.542672,-0.014783,0.190884,0.516497,-0.020758,0.193622,0.501567,-0.020758,0.146673,0.602003,-0.010265,0.142288,0.539932,-0.017582,0.138775,0.498701,-0.020153,0.138241,0.461532,-0.020153
2176,0,0.224272,0.195233,1.143952,2.009308,2.115295,0.152679,0.776477,-0.000000,0.200554,0.755489,-0.015869,0.238537,0.703493,-0.021722,0.237397,0.640606,-0.028511,0.220783,0.594477,-0.032663,0.240926,0.635146,0.007874,0.259667,0.580622,-0.008801,0.248529,0.590922,-0.021307,0.237968,0.618033,-0.026338,0.213086,0.614500,0.006716,0.229642,0.554670,-0.008968,0.222447,0.559620,-0.017218,0.217573,0.575848,-0.017106,0.183842,0.603830,0.000224,0.193824,0.544666,-0.012107,0.197488,0.514998,-0.017649,0.201705,0.496167,-0.017809,0.151213,0.602030,-0.008417,0.148808,0.540153,-0.015972,0.146155,0.498036,-0.018416,0.145925,0.460395,-0.018320
2208,0,0.228223,0.173406,1.449606,1.990986,2.116140,0.154958,0.772328,-0.000000,0.203261,0.754330,-0.016581,0.245023,0.701754,-0.022907,0.244783,0.637989,-0.029775,0.223441,0.594111,-0.034216,0.243143,0.632621,0.009385,0.261816,0.581212,-0.007592,0.253169,0.585948,-0.020415,0.242899,0.608968,-0.025766,0.215783,0.612016,0.007803,0.232732,0.549083,-0.011525,0.226178,0.562540,-0.021022,0.220614,0.587338,-0.019840,0.187404,0.601103,0.000693,0.199371,0.537731,-0.013817,0.205017,0.501777,-0.020479,0.209918,0.476002,-0.020590,0.155219,0.599690,-0.008530,0.155982,0.538427,-0.016389,0.155118,0.497886,-0.018753,0.155760,0.460032,-0.018673
2240,0,0.303364,0.306189,1.249291,2.041490,2.173159,0.155188,0.771066,-0.000000,0.206312,0.755054,-0.019110,0.248953,0.700571,-0.027925,0.250180,0.635882,-0.036707,0.224059,0.591240,-0.042691,0.246642,0.634856,0.008051,0.264405,0.582524,-0.010641,0.249584,0.595235,-0.025994,0.236666,0.619265,-0.033716,0.218928,0.614260,0.006857,0.236422,0.547559,-0.018241,0.224552,0.573075,-0.031769,0.216353,0.607107,-0.031882,0.190467,0.601941,0.000111,0.205471,0.535701,-0.016536,0.211242,0.496544,-0.026123,0.216679,0.465793,-0.028053,0.160465,0.599364,-0.008759,0.168750,0.539489,-0.014863,0.171682,0.501402,-0.016713,0.174491,0.464541,-0.017212
2287,0,0.231812,0.240073,0.902270,2.070665,2.205360,0.154428,0.771269,-0.000000,0.206272,0.758304,-0.020618,0.251731,0.702957,-0.030595,0.258159,0.637735,-0.039938,0.228944,0.597622,-0.046330,0.246610,0.637035,0.005962,0.265280,0.589274,-0.013197,0.248867,0.607908,-0.029281,0.235481,0.631277,-0.038154,0.219899,0.615322,0.004591,0.239536,0.549644,-0.023781,0.225204,0.586842,-0.038446,0.216137,0.628516,-0.038446,0.192217,0.601738,-0.002188,0.207986,0.534813,-0.020634,0.214379,0.497343,-0.030838,0.221256,0.465038,-0.032801,0.163279,0.598128,-0.011063,0.176435,0.539869,-0.016254,0.182064,0.504839,-0.017033,0.187197,0.468420,-0.017325
2338,0,0.159240,0.171684,0.418916,2.088550,2.234782,0.154403,0.770421,-0.000000,0.208390,0.760707,-0.020401,0.255925,0.706108,-0.030260,0.264731,0.641306,-0.039501,0.233586,0.606999,-0.046008,0.248218,0.639071,0.006085,0.265496,0.595480,-0.012934,0.248863,0.617232,-0.029479,0.234977,0.641532,-0.038980,0.222619,0.617073,0.004234,0.242090,0.551376,-0.024159,0.229372,0.587877,-0.039728,0.220843,0.629448,-0.040639,0.195591,0.603248,-0.002896,0.210749,0.534461,-0.021719,0.217956,0.495163,-0.033156,0.225120,0.461892,-0.036052,0.167050,0.599763,-0.012071,0.181240,0.541728,-0.017277,0.188374,0.507398,-0.018709,0.194907,0.471101,-0.019815
2368,0,0.160150,0.183705,0.222792,2.143491,2.305067,0.155655,0.768001,-0.000000,0.208801,0.761678,-0.019770,0.258673,0.708724,-0.029306,0.271384,0.645328,-0.038339,0.241319,0.613940,-0.044826,0.249609,0.641028,0.006812,0.267903,0.604014,-0.012131,0.250732,0.626120,-0.028592,0.235129,0.650123,-0.038177,0.224716,0.618601,0.004152,0.246113,0.554713,-0.024895,0.233302,0.591906,-0.040415,0.224468,0.635334,-0.041161,0.198266,0.603961,-0.003815,0.213820,0.536383,-0.023078,0.221262,0.497409,-0.034512,0.228587,0.464629,-0.037431,0.169816,0.599982,-0.013874,0.184475,0.543300,-0.019072,0.191967,0.509606,-0.020597,0.199136,0.473398,-0.022024
2417,0,0.174538,0.167145,0.594552,2.275433,2.432699,0.156849,0.766545,-0.000000,0.210495,0.762716,-0.018283,0.263332,0.706757,-0.026673,0.276916,0.645475,-0.034710,0.244727,0.617216,-0.039833,0.251454,0.639028,0.008109,0.269639,0.605679,-0.010214,0.250308,0.636310,-0.025696,0.232946,0.663748,-0.034486,0.226805,0.616851,0.004931,0.248896,0.556985,-0.025552,0.235128,0.603641,-0.040313,0.225776,0.652987,-0.039321,0.200011,0.602387,-0.003428,0.215799,0.535855,-0.022670,0.226053,0.499075,-0.033109,0.236880,0.465986,-0.034838,0.171580,0.598949,-0.013745,0.187207,0.543380,-0.017467,0.194912,0.510521,-0.017515,0.202500,0.474026,-0.017867
2450,0,0.110769,0.102997,0.327162,2.229375,2.414388,0.158213,0.763976,-0.000000,0.210466,0.762222,-0.017827,0.263750,0.706984,-0.026923,0.282221,0.647764,-0.035844,0.250893,0.619521,-0.041908,0.250258,0.633377,0.007675,0.267234,0.599283,-0.011017,0.250290,0.633563,-0.026716,0.235073,0.662892,-0.035495,0.226614,0.612510,0.004054,0.248638,0.554659,-0.027796,0.235826,0.606937,-0.042416,0.226783,0.660124,-0.040638,0.200681,0.599323,-0.004663,0.215593,0.533134,-0.023986,0.227822,0.495875,-0.033749,0.240711,0.461805,-0.034796,0.172995,0.597778,-0.015366,0.188684,0.542948,-0.018255,0.196785,0.510393,-0.017351,0.204744,0.473803,-0.017049
2495,0,0.093813,0.128442,0.133040,2.273134,2.480472,0.157933,0.760411,-0.000000,0.210110,0.759960,-0.017893,0.264560,0.706061,-0.027195,0.284316,0.648441,-0.036355,0.252562,0.620790,-0.042641,0.251944,0.631789,0.008473,0.270383,0.600511,-0.009784,0.252925,0.634312,-0.025664,0.236715,0.661718,-0.034650,0.228252,0.610323,0.004837,0.251037,0.554358,-0.026358,0.237968,0.607132,-0.040935,0.228277,0.660269,-0.039167,0.202581,0.596867,-0.003911,0.218593,0.532135,-0.022600,0.231014,0.495374,-0.032091,0.243497,0.461342,-0.033102,0.175231,0.595446,-0.014672,0.191909,0.541487,-0.017041,0.200296,0.509191,-0.015611,0.208097,0.472722,-0.015019
2549,0,0.075648,0.062475,0.209972,2.238972,2.456085,0.159123,0.758999,-0.000000,0.210085,0.758596,-0.017317,0.263799,0.704694,-0.027069,0.285113,0.647890,-0.037025,0.254975,0.618505,-0.044228,0.250964,0.628777,0.009673,0.267662,0.596640,-0.008847,0.251899,0.630829,-0.025024,0.237268,0.658833,-0.034319,0.228010,0.608110,0.005253,0.250092,0.551948,-0.026848,0.238045,0.605741,-0.041901,0.229498,0.659929,-0.040296,0.202802,0.594747,-0.004353,0.217976,0.529783,-0.023467,0.231348,0.493353,-0.032998,0.245070,0.459712,-0.034005,0.175776,0.593812,-0.016035,0.191439,0.540673,-0.018434,0.199527,0.508136,-0.017081,0.207544,0.471338,-0.016625
2581,0,0.076042,0.072132,0.107164,2.216847,2.445058,0.159948,0.756973,-0.000000,0.210995,0.756517,-0.017870,0.264955,0.701949,-0.027567,0.284662,0.644575,-0.037184,0.253980,0.615494,-0.043993,0.251637,0.626766,0.007884,0.268550,0.595515,-0.011312,0.250938,0.631373,-0.027535,0.235177,0.660111,-0.036682,0.228099,0.606487,0.003805,0.250506,0.549901,-0.028633,0.237862,0.603930,-0.043586,0.228832,0.658549,-0.041954,0.202448,0.593901,-0.005464,0.218019,0.528607,-0.025213,0.230728,0.491891,-0.035113,0.243826,0.457924,-0.036337,0.175430,0.593539,-0.016709,0.191272,0.540233,-0.019847,0.199531,0.507579,-0.018969,0.207412,0.470616,-0.018765
2627,0,0.073797,0.053738,0.111860,2.175858,2.417929,0.160552,0.755083,-0.000000,0.211267,0.754508,-0.017616,0.264628,0.700692,-0.027334,0.284972,0.643624,-0.037082,0.255480,0.613813,-0.044041,0.250827,0.625067,0.008244,0.267723,0.592588,-0.010791,0.251249,0.626974,-0.026957,0.236089,0.655382,-0.036142,0.227576,0.605001,0.003946,0.249950,0.547855,-0.028666,0.237656,0.600642,-0.043978,0.229092,0.654257,-0.042693,0.202250,0.592329,-0.005556,0.216793,0.527126,-0.025437,0.228945,0.489087,-0.036016,0.241559,0.454159,-0.037866,0.175502,0.591804,-0.017021,0.190531,0.539197,-0.020296,0.197964,0.506883,-0.019936,0.205278,0.469935,-0.020312
2654,0,0.064986,0.042065,0.156303,2.173160,2.427986,0.160446,0.752947,-0.000000,0.211264,0.752446,-0.017570,0.264826,0.699578,-0.027339,0.284380,0.641965,-0.037109,0.253246,0.613403,-0.044205,0.250220,0.624045,0.008160,0.266811,0.590183,-0.010403,0.252295,0.623058,-0.026276,0.238580,0.651288,-0.035358,0.227227,0.603841,0.003980,0.249234,0.546476,-0.027996,0.237225,0.599225,-0.042861,0.228682,0.652563,-0.041392,0.202251,0.590914,-0.005330,0.216495,0.525648,-0.024572,0.228279,0.487951,-0.034608,0.240314,0.453330,-0.036202,0.175606,0.590023,-0.016647,0.190188,0.536995,-0.019461,0.197499,0.504590,-0.018757,0.204402,0.467897,-0.018914
2703,0,0.045068,0.037574,0.149204,2.148252,2.425888,0.159911,0.751713,-0.000000,0.210620,0.752331,-0.017662,0.263483,0.699386,-0.027885,0.283946,0.642045,-0.038311,0.252777,0.613236,-0.046061,0.248797,0.622596,0.008753,0.265245,0.589143,-0.010270,0.251410,0.622983,-0.026625,0.238019,0.652223,-0.035977,0.226013,0.602509,0.004380,0.247740,0.545714,-0.028088,0.236124,0.599139,-0.043260,0.228164,0.652700,-0.041859,0.201419,0.589800,-0.005256,0.214965,0.524602,-0.024742,0.226768,0.486504,-0.034795,0.238767,0.451582,-0.036382,0.174945,0.589526,-0.016977,0.189003,0.537126,-0.019716,0.196058,0.504675,-0.019031,0.202660,0.468068,-0.019280
2755,0,0.039110,0.025579,0.058529,2.137840,2.418301,0.159614,0.750987,-0.000000,0.210003,0.751529,-0.017678,0.263494,0.698248,-0.027500,0.283336,0.640767,-0.037307,0.252617,0.612901,-0.044465,0.248721,0.622424,0.008382,0.265601,0.589970,-0.010520,0.251732,0.622656,-0.026540,0.238102,0.650919,-0.035665,0.225610,0.601814,0.004040,0.247274,0.545161,-0.028259,0.235546,0.598150,-0.043102,0.227527,0.651617,-0.041490,0.200706,0.588855,-0.005585,0.214298,0.523657,-0.025254,0.225879,0.485236,-0.035479,0.237824,0.450141,-0.037152,0.174177,0.588603,-0.017244,0.188271,0.536258,-0.020327,0.195136,0.504021,-0.019831,0.201639,0.467421,-0.020172
2782,0,0.046978,0.039102,0.079852,2.118637,2.400324,0.159279,0.750844,-0.000000,0.209457,0.750930,-0.017689,0.262621,0.698249,-0.027996,0.282765,0.641091,-0.038442,0.252069,0.612502,-0.046180,0.247988,0.620636,0.008225,0.264380,0.587690,-0.011266,0.249979,0.621597,-0.027609,0.235936,0.651334,-0.036709,0.224679,0.600809,0.003780,0.246457,0.544637,-0.029048,0.234574,0.598504,-0.043951,0.226241,0.652415,-0.042218,0.199631,0.588513,-0.005978,0.213139,0.523493,-0.025845,0.224951,0.485311,-0.035687,0.236834,0.450334,-0.036894,0.172895,0.588548,-0.017766,0.186769,0.535643,-0.020892,0.193854,0.503165,-0.020134,0.200618,0.466363,-0.020072
2833,0,0.042462,0.033789,0.129953,2.123165,2.410698,0.159531,0.749327,-0.000000,0.209414,0.749660,-0.017676,0.262184,0.695787,-0.027891,0.282583,0.639322,-0.038323,0.252243,0.611692,-0.046124,0.247867,0.618532,0.008838,0.264035,0.585849,-0.010703,0.249734,0.620293,-0.027489,0.235594,0.649661,-0.036899,0.224373,0.598840,0.004311,0.245834,0.543356,-0.028680,0.234285,0.597693,-0.043895,0.226372,0.652111,-0.042223,0.199026,0.587036,-0.005568,0.211987,0.522937,-0.025120,0.224010,0.484269,-0.035073,0.236415,0.448652,-0.036435,0.172223,0.587713,-0.017567,0.186066,0.535471,-0.020106,0.193214,0.502947,-0.019084,0.200080,0.466225,-0.018991
2863,0,0.058147,0.050177,0.122810,2.089367,2.375531,0.159536,0.748844,-0.000000,0.208646,0.748677,-0.017387,0.261846,0.695402,-0.027754,0.283628,0.640419,-0.038383,0.254011,0.611665,-0.046374,0.245752,0.616248,0.008308,0.262613,0.583930,-0.011709,0.248718,0.619141,-0.028695,0.234437,0.649191,-0.038044,0.222518,0.596974,0.003556,0.244731,0.541259,-0.029574,0.234071,0.595842,-0.044554,0.226644,0.650332,-0.042641,0.197503,0.585756,-0.006518,0.211139,0.521150,-0.026149,0.223490,0.482923,-0.035544,0.236210,0.447794,-0.036470,0.171033,0.587100,-0.018698,0.185260,0.534811,-0.021367,0.192546,0.501956,-0.020055,0.199823,0.464912,-0.019608
2914,0,0.092678,0.097100,0.200904,2.121896,2.413046,0.160785,0.745963,-0.000000,0.211017,0.744545,-0.016356,0.263593,0.689711,-0.025625,0.286061,0.636415,-0.035312,0.257371,0.608482,-0.042337,0.243576,0.611394,0.008209,0.261002,0.580500,-0.012093,0.247862,0.619862,-0.028952,0.234706,0.651658,-0.038005,0.220691,0.594265,0.003385,0.242746,0.538698,-0.030066,0.234108,0.596059,-0.044628,0.228328,0.652820,-0.042275,0.195965,0.584534,-0.006623,0.210714,0.519317,-0.026600,0.223963,0.484039,-0.035126,0.237734,0.451038,-0.035064,0.169771,0.587012,-0.018646,0.184677,0.534453,-0.021648,0.192486,0.500806,-0.020132,0.199992,0.463536,-0.019234
2958,0,0.176745,0.168061,0.372775,2.140120,2.470580,0.161805,0.742068,-0.000000,0.211302,0.736150,-0.014618,0.262752,0.680283,-0.023428,0.285741,0.629045,-0.033219,0.258835,0.601787,-0.039992,0.236285,0.599344,0.010649,0.256577,0.567209,-0.011339,0.243998,0.615138,-0.029527,0.230284,0.652504,-0.038889,0.214962,0.586820,0.004631,0.239484,0.533114,-0.029358,0.234285,0.593200,-0.044344,0.230406,0.650519,-0.042352,0.191758,0.581550,-0.006834,0.210349,0.518188,-0.027336,0.226305,0.484399,-0.036161,0.241586,0.450912,-0.036315,0.167427,0.588352,-0.020211,0.184313,0.537397,-0.023627,0.193531,0.503812,-0.022233,0.201308,0.466031,-0.021482
2991,0,0.202228,0.199313,0.781067,2.146209,2.509548,0.163818,0.739977,-0.000000,0.211476,0.725864,-0.012729,0.258756,0.671606,-0.022805,0.284831,0.626292,-0.034603,0.264938,0.597981,-0.043536,0.229604,0.590575,0.012073,0.250856,0.554621,-0.010800,0.244778,0.605132,-0.030457,0.234355,0.644549,-0.040701,0.210042,0.581924,0.004687,0.237062,0.532609,-0.029558,0.235578,0.595366,-0.045426,0.233628,0.648541,-0.044725,0.188446,0.580758,-0.008011,0.213522,0.518668,-0.028750,0.231482,0.487928,-0.036981,0.247320,0.453676,-0.037256,0.165109,0.589975,-0.022408,0.184044,0.542019,-0.026448,0.196229,0.509971,-0.024375,0.206698,0.472298,-0.023262
3043,0,0.275031,0.272492,0.960960,2.252636,2.632778,0.166685,0.735510,-0.000000,0.211162,0.716448,-0.008161,0.255318,0.660666,-0.016503,0.282816,0.622562,-0.027465,0.271037,0.599190,-0.035717,0.222063,0.580602,0.014681,0.246669,0.546372,-0.007649,0.246388,0.598226,-0.027149,0.241046,0.639447,-0.037283,0.203955,0.575317,0.004845,0.237598,0.535307,-0.028504,0.242733,0.594807,-0.044631,0.243608,0.642711,-0.044450,0.184901,0.578919,-0.009946,0.215741,0.520209,-0.031079,0.238873,0.490660,-0.039843,0.258145,0.456274,-0.040475,0.164729,0.592698,-0.025884,0.185823,0.546434,-0.031471,0.201843,0.515735,-0.029604,0.216084,0.480869,-0.028098
3073,0,0.989174,1.047340,5.220003,2.692499,2.945553,0.157910,0.729064,-0.000000,0.212113,0.696927,0.001571,0.251492,0.648482,-0.005316,0.280751,0.615422,-0.016716,0.275758,0.597159,-0.026427,0.188638,0.544538,0.006313,0.239605,0.523682,-0.009167,0.252833,0.553533,-0.019408,0.253349,0.571113,-0.024720,0.173835,0.546657,-0.006349,0.240733,0.538228,-0.031401,0.249264,0.598221,-0.040406,0.244790,0.640032,-0.040082,0.166402,0.562371,-0.020718,0.230227,0.547269,-0.041171,0.241837,0.586969,-0.041583,0.240420,0.613216,-0.036051,0.164620,0.588071,-0.035374,0.202548,0.546652,-0.044791,0.226333,0.517164,-0.044997,0.246275,0.489758,-0.043673
3120,0,0.379388,0.502379,1.200891,2.811254,3.127112,0.147170,0.723833,-0.000000,0.208343,0.690471,0.000844,0.243275,0.644384,-0.005992,0.275204,0.613712,-0.017484,0.278876,0.591546,-0.026005,0.175105,0.538770,0.004196,0.240491,0.529701,-0.015974,0.252940,0.576667,-0.030351,0.251361,0.609260,-0.037476,0.162110,0.544572,-0.007431,0.239474,0.531607,-0.031520,0.248252,0.577557,-0.041380,0.246923,0.605778,-0.043005,0.160061,0.561505,-0.020961,0.239879,0.550690,-0.041551,0.247460,0.598513,-0.038644,0.243216,0.630146,-0.030209,0.166119,0.587595,-0.035282,0.212066,0.548235,-0.046767,0.238903,0.517891,-0.046054,0.263736,0.490137,-0.042349
3166,0,0.454250,0.636261,1.802498,2.863677,3.296893,0.137563,0.714219,0.000000,0.200895,0.679866,0.004330,0.234508,0.639279,-0.001762,0.265017,0.614723,-0.012452,0.279382,0.599875,-0.022158,0.169091,0.533310,0.001694,0.238629,0.521525,-0.011448,0.265226,0.535141,-0.021201,0.283898,0.542464,-0.028414,0.159839,0.542012,-0.011051,0.241695,0.534949,-0.035654,0.250613,0.584167,-0.044944,0.251151,0.615782,-0.045982,0.160807,0.562295,-0.023811,0.239600,0.555863,-0.044015,0.246128,0.599010,-0.040108,0.242241,0.627249,-0.031611,0.170086,0.592055,-0.036720,0.221146,0.560456,-0.047922,0.248067,0.539141,-0.045763,0.270955,0.516697,-0.041337
3205,0,0.382630,0.406891,1.546291,2.950700,3.460155,0.135651,0.708685,0.000000,0.197100,0.672879,0.003235,0.229351,0.633005,-0.004126,0.256841,0.610591,-0.015801,0.277298,0.596123,-0.025951,0.166712,0.534408,-0.003908,0.242841,0.526021,-0.017193,0.266952,0.550399,-0.026626,0.281522,0.559820,-0.034386,0.160474,0.542561,-0.016940,0.250825,0.534093,-0.039025,0.253612,0.577601,-0.047517,0.245296,0.598047,-0.050244,0.164667,0.562723,-0.029831,0.249850,0.554496,-0.048079,0.249092,0.593414,-0.044592,0.237231,0.614279,-0.038576,0.175052,0.593178,-0.042905,0.233713,0.568257,-0.054546,0.267728,0.550112,-0.053955,0.296815,0.530560,-0.051706
3250,0,0.518736,0.650902,1.663618,3.188971,3.809006,0.124818,0.704823,-0.000000,0.182325,0.673849,-0.001102,0.217626,0.635997,-0.010686,0.249717,0.614559,-0.022620,0.271671,0.598357,-0.031374,0.162906,0.532294,-0.009131,0.242370,0.537479,-0.023825,0.247213,0.582419,-0.033950,0.239476,0.605986,-0.040937,0.160546,0.546326,-0.018688,0.249148,0.546334,-0.037923,0.250815,0.590925,-0.045541,0.243819,0.615432,-0.048144,0.168595,0.571138,-0.028305,0.252469,0.565060,-0.041431,0.261028,0.592180,-0.038471,0.257789,0.609304,-0.034498,0.181142,0.603404,-0.038334,0.239017,0.580928,-0.045404,0.270577,0.565321,-0.043349,0.297155,0.548345,-0.040828
3296,0,0.525060,0.635843,1.125257,3.450729,4.208762,0.110477,0.700602,-0.000000,0.163449,0.673964,-0.002472,0.206601,0.632166,-0.009379,0.248407,0.606259,-0.017657,0.266004,0.588320,-0.022755,0.167725,0.531541,-0.010419,0.247388,0.552345,-0.023720,0.243472,0.595800,-0.032841,0.228495,0.615740,-0.039746,0.165834,0.548903,-0.017698,0.246459,0.569517,-0.034091,0.240164,0.609246,-0.040833,0.229166,0.626410,-0.045129,0.172489,0.578792,-0.025011,0.247969,0.591663,-0.037571,0.246668,0.620026,-0.034010,0.236980,0.634099,-0.030775,0.182768,0.614417,-0.032759,0.243675,0.598696,-0.041758,0.277753,0.588942,-0.040670,0.306568,0.576764,-0.039039
3328,0,0.957591,1.017994,5.250387,3.963394,5.005488,0.102296,0.696164,0.000000,0.132447,0.647095,0.000073,0.175952,0.597607,-0.004988,0.219728,0.574688,-0.011053,0.247218,0.572089,-0.015358,0.171736,0.536394,-0.006749,0.246069,0.557228,-0.019782,0.269402,0.588705,-0.027940,0.280756,0.603416,-0.033027,0.172423,0.557432,-0.014682,0.250599,0.576986,-0.024911,0.282271,0.596881,-0.027940,0.308715,0.606686,-0.030519,0.176230,0.589546,-0.023798,0.251682,0.603031,-0.034633,0.292611,0.612113,-0.037423,0.324773,0.614487,-0.038888,0.183202,0.628166,-0.032942,0.242094,0.627282,-0.039001,0.273495,0.628997,-0.039113,0.301158,0.625164,-0.039170
3374,0,0.647102,0.592819,0.785870,4.188407,5.354775,0.096585,0.700106,0.000000,0.125929,0.651050,-0.002636,0.172635,0.607153,-0.009837,0.216043,0.591645,-0.017993,0.245688,0.596191,-0.024395,0.181136,0.546065,-0.009596,0.251114,0.576611,-0.023810,0.272087,0.611551,-0.032244,0.282633,0.628469,-0.037447,0.177497,0.569428,-0.016896,0.254256,0.602919,-0.030256,0.284623,0.630770,-0.034115,0.309800,0.648035,-0.036395,0.176350,0.603305,-0.025549,0.250161,0.630872,-0.038470,0.289447,0.648611,-0.041189,0.320699,0.658596,-0.041920,0.178683,0.644055,-0.034524,0.236709,0.656228,-0.041510,0.268889,0.663124,-0.041861,0.298664,0.664145,-0.041715
3407,0,1.133250,1.435659,1.222153,4.230796,5.688982,0.105662,0.687802,0.000000,0.139807,0.653479,-0.004861,0.191152,0.624972,-0.017036,0.236830,0.627980,-0.029585,0.264475,0.650502,-0.039836,0.189245,0.554925,-0.027464,0.258604,0.597575,-0.047422,0.271018,0.641496,-0.057048,0.275492,0.665992,-0.062160,0.176985,0.579115,-0.035648,0.252839,0.623589,-0.055634,0.273973,0.660862,-0.059006,0.288997,0.687624,-0.059604,0.170152,0.614207,-0.044594,0.241645,0.654291,-0.060094,0.275809,0.681017,-0.060964,0.301370,0.699132,-0.059767,0.169488,0.656201,-0.053976,0.227089,0.679647,-0.060039,0.255927,0.692931,-0.058897,0.280811,0.699374,-0.058027
3454,0,0.605763,0.296159,0.980407,4.234404,5.542865,0.099520,0.709159,0.000000,0.138409,0.669177,-0.005225,0.192764,0.646665,-0.018201,0.239254,0.653013,-0.032156,0.270047,0.672957,-0.044522,0.186252,0.571396,-0.025292,0.249876,0.612536,-0.046498,0.268164,0.651050,-0.058063,0.277872,0.675395,-0.064686,0.170508,0.596208,-0.034560,0.242244,0.637510,-0.057368,0.264075,0.669844,-0.064686,0.279373,0.693131,-0.068051,0.159776,0.631610,-0.044575,0.226330,0.673543,-0.063297,0.259801,0.699377,-0.066716,0.285977,0.716935,-0.066876,0.154163,0.673563,-0.054965,0.211128,0.700096,-0.063725,0.241969,0.714231,-0.064259,0.269260,0.721721,-0.064312
3505,0,0.859358,0.891879,5.163942,3.850155,4.790106,0.110226,0.729326,0.000000,0.169094,0.711146,-0.010539,0.214599,0.697571,-0.025936,0.249583,0.697976,-0.041700,0.275910,0.703613,-0.055083,0.194079,0.581500,-0.024945,0.253476,0.634738,-0.045394,0.249650,0.669399,-0.057652,0.239303,0.677212,-0.066003,0.168905,0.598582,-0.032359,0.238054,0.656201,-0.055243,0.239259,0.683529,-0.063701,0.234694,0.688069,-0.068626,0.149825,0.630492,-0.040871,0.213568,0.688033,-0.060061,0.231199,0.712503,-0.061935,0.241880,0.718419,-0.061828,0.136317,0.668132,-0.050238,0.186980,0.709532,-0.060704,0.209488,0.727249,-0.060436,0.227774,0.732317,-0.059740
3533,0,0.633862,1.047634,6.282632,3.835861,4.507427,0.130940,0.741999,0.000000,0.178617,0.727060,-0.021704,0.212875,0.715934,-0.043190,0.240386,0.716923,-0.063433,0.262681,0.723515,-0.079907,0.193089,0.589053,-0.032973,0.244587,0.642071,-0.057974,0.236959,0.679778,-0.072998,0.220895,0.683190,-0.083337,0.167630,0.600521,-0.036234,0.225157,0.660691,-0.060582,0.221678,0.690799,-0.067877,0.211012,0.688031,-0.073047,0.145370,0.628583,-0.042224,0.200421,0.689349,-0.063240,0.206182,0.713465,-0.063819,0.204002,0.709190,-0.063385,0.127846,0.665755,-0.050389,0.176642,0.711742,-0.064109,0.188004,0.727898,-0.065510,0.190092,0.725999,-0.065897
3586,0,0.727696,1.146634,7.776560,3.525603,4.445936,0.155467,0.742948,0.000000,0.189952,0.739861,-0.022887,0.217118,0.729339,-0.043523,0.237150,0.730069,-0.062471,0.234284,0.727656,-0.078674,0.202365,0.593330,-0.029503,0.227711,0.629337,-0.057385,0.227651,0.674472,-0.076424,0.220915,0.696339,-0.087361,0.168661,0.597205,-0.031956,0.195089,0.634861,-0.057205,0.199644,0.680498,-0.066882,0.196286,0.699815,-0.071248,0.139499,0.620654,-0.037357,0.167317,0.659394,-0.058421,0.174755,0.689979,-0.059186,0.172803,0.697410,-0.057070,0.118393,0.656699,-0.045121,0.148436,0.684767,-0.056620,0.163271,0.703411,-0.055090,0.170297,0.705186,-0.052164
3615,0,1.116717,1.212163,9.707697,3.038328,4.082401,0.162333,0.755829,-0.000000,0.197211,0.764015,-0.030667,0.232553,0.746178,-0.050254,0.227330,0.725511,-0.065958,0.201285,0.717044,-0.078216,0.224721,0.616849,-0.029467,0.224729,0.638921,-0.055096,0.214057,0.687047,-0.070015,0.208894,0.707338,-0.077649,0.187199,0.614571,-0.027133,0.187371,0.619110,-0.056928,0.185956,0.678020,-0.065434,0.187412,0.708712,-0.064344,0.152024,0.628682,-0.028791,0.147732,0.619642,-0.052871,0.146329,0.636199,-0.053962,0.144983,0.635579,-0.049032,0.122332,0.654680,-0.032695,0.113672,0.631795,-0.045193,0.109543,0.621844,-0.043667,0.104268,0.603422,-0.039348
3664,0,0.775739,0.907920,5.243127,2.682950,3.497169,0.159284,0.766877,-0.000000,0.193469,0.778155,-0.032849,0.227519,0.755612,-0.051752,0.215936,0.722810,-0.066456,0.181772,0.702991,-0.078315,0.236612,0.634142,-0.030572,0.226311,0.638249,-0.059104,0.209264,0.677868,-0.075991,0.204163,0.696930,-0.084909,0.201385,0.616682,-0.028200,0.196468,0.605261,-0.060812,0.180963,0.652999,-0.071105,0.177769,0.677798,-0.070488,0.164738,0.618249,-0.030904,0.149927,0.591471,-0.059151,0.134665,0.580181,-0.066077,0.127351,0.556398,-0.064939,0.128889,0.633214,-0.035742,0.113818,0.595404,-0.053554,0.106915,0.574675,-0.057444,0.103196,0.544155,-0.056922
3715,0,0.754248,1.002044,4.862506,2.264919,2.633372,0.148387,0.774865,-0.000000,0.180805,0.782378,-0.032275,0.213713,0.750932,-0.048738,0.204277,0.706195,-0.060701,0.180246,0.673497,-0.068503,0.238621,0.662294,-0.026736,0.242073,0.636609,-0.055084,0.220155,0.669505,-0.071468,0.210876,0.693761,-0.079843,0.210065,0.632633,-0.023628,0.219100,0.585322,-0.058621,0.190546,0.634198,-0.069544,0.181950,0.669733,-0.067879,0.177968,0.619343,-0.025955,0.183354,0.560843,-0.056748,0.163554,0.545690,-0.065799,0.155832,0.526957,-0.065383,0.143010,0.620990,-0.030117,0.141488,0.569480,-0.050454,0.129615,0.540371,-0.057476,0.121534,0.509693,-0.059297
3754,0,0.918667,0.795260,2.600727,1.979712,2.307496,0.145330,0.765204,-0.000000,0.179581,0.767951,-0.024031,0.209001,0.728112,-0.035301,0.210000,0.678336,-0.043974,0.196380,0.638027,-0.050410,0.240401,0.664680,-0.013749,0.241914,0.629106,-0.034748,0.214488,0.641126,-0.049720,0.199300,0.664225,-0.059001,0.216213,0.630452,-0.014281,0.228581,0.573240,-0.043698,0.199539,0.599642,-0.058061,0.183726,0.630451,-0.060492,0.186575,0.611636,-0.019363,0.200148,0.543069,-0.045383,0.186756,0.504102,-0.061763,0.177651,0.472861,-0.068447,0.153734,0.606849,-0.025357,0.155328,0.549202,-0.043974,0.151178,0.513570,-0.054471,0.148566,0.475726,-0.060603
3803,0,0.673644,0.695336,1.065847,1.918260,2.112508,0.148489,0.769837,-0.000000,0.186977,0.766438,-0.022101,0.220962,0.720577,-0.032041,0.225063,0.664076,-0.039993,0.211311,0.619606,-0.045460,0.246902,0.657490,-0.006519,0.254685,0.620820,-0.026340,0.232579,0.625320,-0.041396,0.217859,0.641379,-0.050108,0.223055,0.626415,-0.007429,0.238635,0.564705,-0.034146,0.214358,0.581063,-0.047448,0.198828,0.605986,-0.048529,0.194181,0.608477,-0.013112,0.205924,0.540392,-0.035374,0.199305,0.493716,-0.049202,0.195589,0.455818,-0.053733,0.163521,0.603830,-0.020099,0.169774,0.540038,-0.033211,0.169900,0.499654,-0.039554,0.170889,0.460237,-0.042741
3838,0,0.301814,0.253438,0.633593,1.980736,2.126730,0.150954,0.770001,-0.000000,0.191560,0.761968,-0.020862,0.228228,0.712217,-0.030967,0.234693,0.651309,-0.039337,0.215781,0.604695,-0.045320,0.253647,0.653455,-0.003654,0.258017,0.613659,-0.022908,0.234906,0.620385,-0.038686,0.221004,0.634708,-0.048141,0.229660,0.623246,-0.004971,0.245172,0.560996,-0.030565,0.222777,0.578144,-0.044793,0.208586,0.602035,-0.046963,0.201512,0.605616,-0.010888,0.211346,0.535262,-0.032610,0.205940,0.485487,-0.047521,0.203210,0.444005,-0.053038,0.171837,0.601077,-0.017964,0.178947,0.535931,-0.029929,0.179087,0.495667,-0.035865,0.179119,0.456189,-0.039089
3873,0,0.258867,0.198727,0.679385,2.070673,2.192665,0.155518,0.771848,-0.000000,0.197103,0.760337,-0.021199,0.234339,0.705859,-0.030972,0.240454,0.641689,-0.038774,0.218482,0.593983,-0.043669,0.257301,0.649026,-0.001166,0.263351,0.607697,-0.017909,0.241595,0.618712,-0.032052,0.229897,0.634548,-0.040967,0.233361,0.620492,-0.001784,0.250506,0.556561,-0.025791,0.228696,0.576719,-0.039219,0.214773,0.603624,-0.040840,0.205324,0.604403,-0.006992,0.214331,0.534654,-0.026904,0.209897,0.485586,-0.040967,0.207347,0.443931,-0.046211,0.176134,0.600413,-0.013531,0.183570,0.537513,-0.023948,0.183663,0.499317,-0.029383,0.183998,0.461021,-0.032577
3920,0,0.144016,0.127003,0.477945,2.094849,2.177538,0.156299,0.772702,-0.000000,0.199191,0.760849,-0.020673,0.237103,0.707741,-0.029829,0.243513,0.643524,-0.037436,0.222779,0.594517,-0.042356,0.258844,0.652579,0.000985,0.270469,0.615470,-0.015370,0.251139,0.620981,-0.029861,0.238407,0.630879,-0.039359,0.235902,0.622996,-0.000219,0.255210,0.558833,-0.024290,0.235591,0.575906,-0.038707,0.222388,0.600408,-0.041476,0.207950,0.605526,-0.006125,0.217765,0.534983,-0.026359,0.213381,0.485239,-0.041248,0.210137,0.443810,-0.047309,0.178425,0.600631,-0.013383,0.186010,0.537327,-0.024371,0.186437,0.498351,-0.030659,0.186914,0.460012,-0.034732
3949,0,0.065515,0.059897,0.608203,2.118639,2.187146,0.156809,0.772294,-0.000000,0.200954,0.761999,-0.021265,0.239199,0.707284,-0.030462,0.245084,0.641763,-0.037938,0.221811,0.594413,-0.042496,0.258791,0.650829,0.000842,0.271646,0.613741,-0.014952,0.252395,0.622770,-0.028560,0.239855,0.633706,-0.037545,0.235622,0.621613,-0.000266,0.255988,0.558164,-0.024642,0.235165,0.579784,-0.038627,0.220641,0.607215,-0.040693,0.207989,0.604131,-0.006169,0.218468,0.533870,-0.026511,0.215015,0.485589,-0.041381,0.212033,0.444626,-0.047218,0.178452,0.598412,-0.013485,0.186352,0.535148,-0.024150,0.187508,0.496568,-0.030413,0.188494,0.458428,-0.034528
4002,0,0.066999,0.074551,0.237026,2.091199,2.162886,0.157325,0.772570,-0.000000,0.200972,0.762348,-0.021178,0.238408,0.707278,-0.030494,0.243451,0.642985,-0.038315,0.220177,0.596397,-0.043310,0.256645,0.649155,0.001400,0.269123,0.613218,-0.015929,0.251344,0.625535,-0.030527,0.240334,0.641098,-0.039695,0.234196,0.620291,-0.000004,0.255632,0.556084,-0.025795,0.234943,0.579551,-0.040319,0.221056,0.609377,-0.042127,0.206665,0.603285,-0.006387,0.217079,0.532199,-0.027405,0.213976,0.484862,-0.042357,0.211927,0.445532,-0.047844,0.177052,0.598545,-0.014228,0.184204,0.535369,-0.024694,0.185554,0.496904,-0.030774,0.187304,0.458899,-0.034602
4030,0,0.073367,0.051418,0.288689,2.092639,2.171634,0.155718,0.772962,-0.000000,0.199367,0.761876,-0.020629,0.237218,0.707790,-0.029935,0.242248,0.644413,-0.037754,0.218943,0.598929,-0.042878,0.257719,0.649149,0.000880,0.266033,0.613065,-0.015604,0.246374,0.626683,-0.029836,0.235158,0.641776,-0.039142,0.234548,0.620293,-0.000804,0.253780,0.556595,-0.026051,0.231750,0.582206,-0.040233,0.217772,0.611830,-0.042184,0.206339,0.602900,-0.007240,0.215711,0.532710,-0.028051,0.211482,0.486357,-0.042812,0.208928,0.446277,-0.048498,0.175818,0.597382,-0.015017,0.182783,0.534216,-0.025406,0.183504,0.496743,-0.031026,0.184595,0.458412,-0.034745
4081,0,0.087877,0.068572,0.135981,2.048442,2.125461,0.155002,0.773809,-0.000000,0.197901,0.763334,-0.022030,0.235402,0.710245,-0.032195,0.240751,0.646381,-0.040627,0.216914,0.599968,-0.046205,0.255769,0.649597,-0.000544,0.265005,0.612925,-0.017327,0.245027,0.627217,-0.031617,0.233653,0.642243,-0.040957,0.232397,0.620381,-0.001786,0.252154,0.556947,-0.027475,0.229389,0.583560,-0.041947,0.214523,0.613509,-0.043993,0.204133,0.603089,-0.007880,0.213478,0.533492,-0.029026,0.209152,0.487073,-0.044323,0.206218,0.446641,-0.050297,0.173904,0.598020,-0.015404,0.181004,0.534741,-0.026040,0.181555,0.496747,-0.032129,0.182146,0.457934,-0.036205
4125,0,0.075954,0.058586,0.103540,2.074513,2.157277,0.153562,0.774686,-0.000000,0.197996,0.763397,-0.021211,0.235532,0.708879,-0.030744,0.239675,0.644852,-0.038694,0.215513,0.599500,-0.043741,0.254702,0.649887,0.000696,0.263588,0.612715,-0.015958,0.243668,0.628917,-0.030200,0.232118,0.645692,-0.039354,0.231172,0.620896,-0.000647,0.250481,0.556596,-0.025862,0.228437,0.583283,-0.040113,0.214310,0.613700,-0.041993,0.202818,0.603696,-0.006824,0.211994,0.533501,-0.027495,0.207451,0.487637,-0.042422,0.204519,0.448148,-0.048129,0.172393,0.598386,-0.014399,0.179604,0.535593,-0.024526,0.180207,0.497928,-0.030200,0.180608,0.459655,-0.033911
4159,0,0.070844,0.056229,0.151177,2.035106,2.120399,0.153104,0.775433,-0.000000,0.196832,0.765050,-0.021282,0.234497,0.711379,-0.031178,0.239543,0.647421,-0.039551,0.216132,0.601291,-0.045112,0.252565,0.651990,0.000032,0.263369,0.614006,-0.017161,0.243795,0.629438,-0.031575,0.231616,0.646417,-0.040743,0.229634,0.623332,-0.001531,0.250049,0.558047,-0.027338,0.228228,0.583214,-0.041934,0.213933,0.613454,-0.044053,0.201542,0.605875,-0.007935,0.210937,0.535097,-0.028927,0.206509,0.487571,-0.044086,0.203458,0.447421,-0.050043,0.171193,0.600188,-0.015746,0.178645,0.537032,-0.025998,0.179169,0.498653,-0.031873,0.179563,0.460155,-0.035878
4210,0,0.056454,0.053368,0.126847,2.023050,2.101703,0.153439,0.776887,-0.000000,0.196587,0.766309,-0.022195,0.234196,0.712398,-0.032681,0.239940,0.648445,-0.041516,0.216207,0.601547,-0.047461,0.252710,0.652416,-0.000690,0.262428,0.614434,-0.018446,0.241982,0.630750,-0.033325,0.229562,0.648825,-0.042738,0.229426,0.623576,-0.001915,0.249243,0.558479,-0.028189,0.226803,0.585573,-0.042936,0.212559,0.617124,-0.045017,0.201186,0.606086,-0.008092,0.210378,0.535544,-0.029395,0.205727,0.488679,-0.044621,0.202700,0.448701,-0.050500,0.170833,0.600623,-0.015738,0.177980,0.537928,-0.026010,0.178288,0.500174,-0.031806,0.178657,0.461541,-0.035769
4254,0,0.044758,0.033352,0.136862,2.026925,2.098469,0.153850,0.778062,-0.000000,0.197725,0.767095,-0.021642,0.235372,0.712752,-0.031703,0.239276,0.649239,-0.040211,0.215330,0.602728,-0.045927,0.253655,0.653483,-0.000428,0.262897,0.616497,-0.017859,0.242405,0.632218,-0.032496,0.230363,0.649822,-0.041863,0.230159,0.624448,-0.001877,0.249250,0.559466,-0.027754,0.227725,0.585436,-0.042458,0.214159,0.616574,-0.044737,0.201411,0.607007,-0.008194,0.210430,0.536005,-0.029357,0.205457,0.489595,-0.044473,0.202085,0.450430,-0.050387,0.170638,0.601813,-0.015942,0.177417,0.539148,-0.026581,0.177712,0.501025,-0.032677,0.178256,0.462275,-0.036808
4288,0,0.045976,0.046736,0.172000,2.003179,2.079067,0.153493,0.777882,-0.000000,0.197349,0.767983,-0.022405,0.235299,0.713633,-0.032872,0.240175,0.650315,-0.041706,0.215714,0.603653,-0.047616,0.253132,0.652309,-0.000778,0.262800,0.615041,-0.019070,0.242608,0.632685,-0.034210,0.230682,0.651555,-0.043753,0.229433,0.623229,-0.002032,0.249401,0.558890,-0.028728,0.227292,0.587012,-0.043753,0.213513,0.619290,-0.046031,0.200860,0.606237,-0.008330,0.210385,0.535873,-0.030082,0.205619,0.490148,-0.045536,0.202800,0.451472,-0.051513,0.170109,0.601522,-0.016122,0.176892,0.539215,-0.027028,0.177416,0.501466,-0.033434,0.178113,0.462603,-0.037710
4333,0,0.057750,0.058853,0.192430,2.033663,2.114289,0.152999,0.777922,-0.000000,0.197979,0.766938,-0.021761,0.235866,0.713216,-0.031912,0.239662,0.649411,-0.040673,0.214972,0.603264,-0.046602,0.252262,0.653179,0.001024,0.263074,0.616827,-0.016528,0.243462,0.633464,-0.031465,0.231498,0.651052,-0.040971,0.229160,0.624655,-0.000539,0.248621,0.560202,-0.026563,0.227645,0.586297,-0.041865,0.214075,0.617696,-0.044548,0.200854,0.607466,-0.007150,0.209877,0.536912,-0.028418,0.205204,0.490292,-0.044084,0.201863,0.451264,-0.050411,0.170343,0.602212,-0.015252,0.177145,0.540026,-0.025752,0.177482,0.501769,-0.032078,0.177728,0.462924,-0.036467
4367,0,0.038584,0.041117,0.103230,2.031369,2.103179,0.152734,0.779172,-0.000000,0.197776,0.767734,-0.020987,0.235116,0.714055,-0.030723,0.239222,0.650375,-0.039174,0.215198,0.604322,-0.044775,0.251333,0.653498,0.001559,0.262618,0.616582,-0.015880,0.244398,0.632348,-0.030542,0.233139,0.649379,-0.039800,0.228361,0.624909,-0.000291,0.248607,0.560324,-0.026374,0.227977,0.586780,-0.041184,0.214139,0.618400,-0.043292,0.200321,0.608031,-0.007141,0.209357,0.537241,-0.028516,0.204836,0.490897,-0.043688,0.201380,0.452075,-0.049387,0.169726,0.602896,-0.015411,0.176349,0.540261,-0.026127,0.176929,0.501973,-0.032272,0.177202,0.463413,-0.036275
4421,0,0.039921,0.028808,0.075046,2.025747,2.110174,0.151951,0.778623,-0.000000,0.197512,0.767089,-0.020872,0.235210,0.713564,-0.030555,0.239059,0.650058,-0.039030,0.214752,0.604678,-0.044724,0.250884,0.652282,0.001680,0.261590,0.615029,-0.016014,0.242946,0.631839,-0.031069,0.231069,0.650339,-0.040487,0.227708,0.623931,-0.000118,0.247299,0.559317,-0.026037,0.227038,0.585859,-0.041083,0.213683,0.617421,-0.043400,0.199695,0.607228,-0.006890,0.208442,0.537363,-0.027907,0.203699,0.491343,-0.043003,0.200176,0.452635,-0.048763,0.169109,0.602462,-0.015137,0.175787,0.540415,-0.025391,0.176059,0.502490,-0.031251,0.175978,0.464510,-0.035091
4463,0,0.038548,0.029599,0.113849,2.033342,2.115748,0.151267,0.779174,-0.000000,0.197092,0.767860,-0.020227,0.234661,0.713542,-0.029463,0.238385,0.650270,-0.037640,0.214132,0.605287,-0.042970,0.249742,0.652928,0.002038,0.261326,0.615936,-0.015361,0.243393,0.633370,-0.029894,0.232576,0.651784,-0.039031,0.226916,0.624892,-0.000066,0.247204,0.560382,-0.026103,0.226742,0.587089,-0.040884,0.213245,0.618695,-0.042970,0.199047,0.608156,-0.007097,0.208163,0.537773,-0.028255,0.203529,0.491518,-0.043467,0.200264,0.452789,-0.049260,0.168546,0.602966,-0.015510,0.175007,0.540565,-0.025805,0.175185,0.502562,-0.031814,0.175244,0.464541,-0.035786
4495,0,0.029921,0.029494,0.132623,2.012618,2.092648,0.151016,0.779427,-0.000000,0.196780,0.767722,-0.020757,0.233945,0.714740,-0.030407,0.237843,0.651115,-0.038898,0.214171,0.604950,-0.044526,0.248843,0.652953,0.001494,0.261720,0.615908,-0.016379,0.244077,0.632751,-0.031085,0.233379,0.651438,-0.040156,0.226164,0.624877,-0.000326,0.246684,0.559894,-0.026550,0.226543,0.586206,-0.041282,0.213192,0.617771,-0.043268,0.198353,0.608022,-0.007142,0.207731,0.537363,-0.028437,0.202953,0.491403,-0.043301,0.199399,0.453519,-0.048730,0.167912,0.603223,-0.015385,0.174286,0.540746,-0.025921,0.174784,0.502347,-0.031930,0.174918,0.464560,-0.035687
4544,0,0.024831,0.021846,0.091707,2.021410,2.105731,0.150508,0.779461,-0.000000,0.196616,0.767399,-0.020663,0.234035,0.713403,-0.030249,0.238100,0.649944,-0.038706,0.213805,0.604458,-0.044378,0.249074,0.652355,0.001956,0.260921,0.615539,-0.015904,0.242536,0.633033,-0.030763,0.231405,0.651742,-0.040000,0.226118,0.624392,0.000009,0.246392,0.559608,-0.026235,0.225738,0.586442,-0.041094,0.212375,0.618573,-0.043084,0.198234,0.607854,-0.006936,0.207386,0.537325,-0.028142,0.202428,0.491364,-0.042985,0.199074,0.453286,-0.048391,0.167606,0.603450,-0.015332,0.173888,0.540897,-0.025655,0.174242,0.502738,-0.031443,0.174468,0.464975,-0.035124
4574,0,0.020845,0.022784,0.080277,2.011882,2.095895,0.150818,0.779527,-0.000000,0.196364,0.767328,-0.020895,0.234498,0.712657,-0.030396,0.238533,0.648834,-0.038701,0.213528,0.603936,-0.044149,0.248700,0.651914,0.001971,0.261142,0.614510,-0.015887,0.242937,0.631513,-0.030728,0.231941,0.650381,-0.039930,0.225718,0.624168,0.000136,0.246253,0.558776,-0.026210,0.226030,0.585362,-0.041193,0.212987,0.617507,-0.043219,0.197932,0.607812,-0.006727,0.207191,0.537193,-0.027855,0.202462,0.491046,-0.042854,0.199416,0.452621,-0.048401,0.167529,0.603561,-0.015098,0.173818,0.541358,-0.025363,0.174134,0.503062,-0.031343,0.174463,0.464609,-0.035246
4620,0,0.015916,0.017953,0.090237,2.009262,2.097146,0.150760,0.778936,-0.000000,0.196884,0.766866,-0.020969,0.234594,0.712428,-0.030572,0.238573,0.648608,-0.039042,0.214232,0.603539,-0.044701,0.248304,0.652069,0.002047,0.261279,0.614730,-0.015993,0.243283,0.632044,-0.031071,0.231691,0.651312,-0.040374,0.225555,0.624417,0.000240,0.246001,0.559033,-0.026112,0.226271,0.584655,-0.041306,0.213530,0.616789,-0.043602,0.197826,0.607860,-0.006649,0.207218,0.537034,-0.027842,0.202537,0.490609,-0.042970,0.199284,0.452506,-0.048662,0.167489,0.603253,-0.015053,0.173880,0.540998,-0.025363,0.174255,0.502465,-0.031437,0.174428,0.464349,-0.035448
4674,0,0.035243,0.031101,0.082912,1.986450,2.079895,0.150707,0.778351,-0.000000,0.196801,0.766169,-0.021694,0.234386,0.712615,-0.031744,0.238647,0.648545,-0.040568,0.214629,0.602404,-0.046538,0.248446,0.650753,0.001276,0.260765,0.613343,-0.016967,0.242818,0.631075,-0.032225,0.232011,0.650241,-0.041762,0.225510,0.623239,-0.000250,0.245665,0.558710,-0.026586,0.225918,0.584327,-0.041928,0.213004,0.615664,-0.044482,0.197720,0.607044,-0.006895,0.206979,0.536834,-0.028245,0.202014,0.491017,-0.043420,0.198310,0.453028,-0.049126,0.167408,0.602831,-0.015118,0.173662,0.540647,-0.025807,0.173929,0.502288,-0.032093,0.174007,0.464188,-0.036123
4703,0,0.060460,0.062859,0.235633,1.970509,2.064730,0.150284,0.778795,-0.000000,0.197133,0.765590,-0.021526,0.235316,0.712666,-0.031445,0.239148,0.648385,-0.040271,0.215204,0.601929,-0.046265,0.247819,0.650791,0.002490,0.261723,0.613149,-0.015631,0.246097,0.629310,-0.031064,0.235838,0.646886,-0.040668,0.224834,0.623481,0.000939,0.244661,0.559495,-0.024672,0.227554,0.582114,-0.040304,0.216133,0.610964,-0.043483,0.197282,0.607711,-0.005820,0.206041,0.537410,-0.027024,0.201057,0.490853,-0.042357,0.196846,0.452608,-0.048252,0.167313,0.603985,-0.014207,0.173583,0.541966,-0.025235,0.173683,0.502887,-0.031842,0.173423,0.464423,-0.036032
4753,0,0.049879,0.069110,0.239305,1.965520,2.066717,0.150848,0.777737,-0.000000,0.197428,0.766037,-0.021699,0.235331,0.713414,-0.031525,0.239719,0.649012,-0.040062,0.215006,0.603570,-0.045809,0.247201,0.651733,0.001662,0.262148,0.614959,-0.016084,0.246550,0.628568,-0.030749,0.237126,0.643443,-0.040029,0.224444,0.623876,0.000185,0.244663,0.559462,-0.025960,0.226054,0.585062,-0.040855,0.213944,0.616729,-0.043101,0.197062,0.607969,-0.006449,0.205499,0.536985,-0.027991,0.200334,0.491114,-0.042705,0.196478,0.453482,-0.048055,0.166782,0.603815,-0.014697,0.172283,0.541537,-0.026042,0.172248,0.502488,-0.032681,0.172033,0.464205,-0.036859
4785,0,0.118068,0.131246,0.244309,1.920436,2.020567,0.151655,0.778226,-0.000000,0.198432,0.764544,-0.022068,0.236150,0.711994,-0.032289,0.240096,0.647601,-0.041047,0.214966,0.602675,-0.046864,0.247225,0.648358,-0.000073,0.260855,0.609046,-0.018371,0.242344,0.624713,-0.032716,0.231912,0.642280,-0.041573,0.223687,0.621440,-0.001393,0.243871,0.556256,-0.028378,0.222528,0.584323,-0.042559,0.209143,0.618183,-0.043840,0.195478,0.606852,-0.007846,0.202539,0.537792,-0.029413,0.196190,0.494579,-0.043216,0.192133,0.458817,-0.047751,0.164576,0.604117,-0.015997,0.168670,0.542014,-0.027031,0.167700,0.503725,-0.033209,0.166672,0.465554,-0.036972
4831,0,0.211063,0.205079,0.543766,1.928575,2.065099,0.150423,0.775689,-0.000000,0.199773,0.763999,-0.024136,0.239371,0.711606,-0.035375,0.245742,0.645926,-0.044791,0.221364,0.600209,-0.050659,0.246116,0.642413,-0.001807,0.260779,0.597644,-0.019909,0.237878,0.619223,-0.033270,0.225417,0.641389,-0.041442,0.220905,0.618761,-0.001256,0.240163,0.554843,-0.029358,0.215092,0.592743,-0.042901,0.200094,0.631758,-0.043199,0.192321,0.605129,-0.006022,0.199789,0.538689,-0.026854,0.192901,0.498256,-0.039685,0.188857,0.462729,-0.043730,0.162170,0.602999,-0.012656,0.165450,0.543752,-0.021600,0.164318,0.508121,-0.026656,0.163019,0.470692,-0.030037
4882,0,0.228547,0.163818,0.599503,1.785192,1.948166,0.146901,0.773323,-0.000000,0.197823,0.764478,-0.024220,0.243135,0.717803,-0.035509,0.257029,0.654928,-0.044994,0.233864,0.609561,-0.051393,0.245946,0.638201,-0.003274,0.255816,0.586967,-0.022513,0.231488,0.607493,-0.037216,0.218699,0.634492,-0.045716,0.218064,0.615520,-0.002326,0.236032,0.549048,-0.031473,0.210556,0.587607,-0.046110,0.196335,0.627836,-0.046733,0.187852,0.602899,-0.006416,0.195444,0.537422,-0.026845,0.188927,0.496170,-0.039973,0.186142,0.460770,-0.044108,0.157775,0.601661,-0.012405,0.161187,0.540021,-0.020200,0.159879,0.504335,-0.024417,0.159563,0.467401,-0.027108
4911,0,0.264335,0.254786,0.651858,1.579993,1.786753,0.145952,0.770042,-0.000000,0.197148,0.765445,-0.024707,0.248745,0.727772,-0.036820,0.273655,0.675149,-0.047823,0.258109,0.629684,-0.055512,0.248962,0.634529,-0.004830,0.257981,0.580309,-0.028518,0.231127,0.599285,-0.045901,0.212044,0.628176,-0.054518,0.218535,0.612258,-0.003556,0.231731,0.548847,-0.033440,0.210479,0.584419,-0.047558,0.199953,0.621218,-0.048221,0.186675,0.599411,-0.007933,0.193724,0.536158,-0.028419,0.186176,0.497652,-0.039140,0.182649,0.464214,-0.041592,0.154921,0.598885,-0.014781,0.156503,0.538655,-0.023083,0.153492,0.502989,-0.027110,0.152387,0.466134,-0.028999
4962,0,0.338835,0.380714,0.768817,1.473086,1.612407,0.152205,0.774035,-0.000000,0.201778,0.769679,-0.021090,0.257398,0.731530,-0.030376,0.291842,0.683711,-0.039127,0.282394,0.635650,-0.044842,0.244931,0.634200,0.000063,0.260076,0.577935,-0.022113,0.242272,0.591259,-0.038575,0.227316,0.618182,-0.046401,0.217166,0.612405,-0.000447,0.233914,0.542958,-0.027633,0.219165,0.568910,-0.040751,0.210345,0.603673,-0.041108,0.186917,0.599639,-0.006506,0.193567,0.531140,-0.025132,0.188210,0.492163,-0.033770,0.186057,0.461944,-0.034971,0.154106,0.599751,-0.014977,0.153038,0.539707,-0.023119,0.148941,0.502097,-0.026220,0.147477,0.464869,-0.027162
4990,0,0.492529,0.505123,4.295513,1.105063,1.250639,0.150531,0.773610,-0.000000,0.205808,0.771247,-0.020837,0.261935,0.739746,-0.029112,0.297357,0.696457,-0.036836,0.304431,0.647697,-0.043242,0.246029,0.631972,-0.006239,0.262083,0.572682,-0.026292,0.253035,0.556649,-0.044076,0.237632,0.553354,-0.053785,0.217542,0.607323,-0.005476,0.226169,0.542702,-0.020236,0.219094,0.517577,-0.033733,0.209240,0.500238,-0.041941,0.187154,0.594891,-0.009251,0.192180,0.528979,-0.021971,0.190401,0.486232,-0.030830,0.187978,0.448682,-0.036168,0.154136,0.595283,-0.015423,0.151595,0.536550,-0.025341,0.148265,0.497945,-0.029462,0.146825,0.461263,-0.031364
5040,0,0.601222,0.541199,2.133369,0.644441,0.789646,0.153583,0.769890,0.000000,0.209048,0.774048,-0.027531,0.265295,0.744016,-0.037561,0.302746,0.702595,-0.044817,0.321713,0.657824,-0.051088,0.247860,0.624556,-0.018124,0.263383,0.560071,-0.034212,0.262734,0.520298,-0.048889,0.257244,0.485947,-0.058968,0.218097,0.599003,-0.014824,0.226650,0.525799,-0.027465,0.227221,0.482447,-0.040253,0.225354,0.444781,-0.049611,0.186120,0.588267,-0.015374,0.192233,0.514890,-0.028187,0.193281,0.470368,-0.038809,0.193620,0.429638,-0.045934,0.152231,0.591612,-0.018682,0.150395,0.529375,-0.031503,0.148091,0.490875,-0.038612,0.147136,0.454787,-0.042486
5098,0,0.506907,0.542733,0.952310,0.568776,0.329565,0.154776,0.772471,0.000000,0.213050,0.775383,-0.029864,0.267422,0.743179,-0.042306,0.307342,0.703113,-0.051616,0.339676,0.670020,-0.060242,0.249815,0.616935,-0.024969,0.270461,0.548186,-0.040868,0.277734,0.503786,-0.054115,0.281614,0.463431,-0.064041,0.217891,0.590141,-0.021940,0.233044,0.510360,-0.035871,0.240289,0.462498,-0.047919,0.243867,0.421650,-0.056442,0.183500,0.582653,-0.022317,0.188342,0.502826,-0.037548,0.189778,0.455686,-0.048638,0.191401,0.414000,-0.055518,0.147832,0.592001,-0.025414,0.143620,0.526839,-0.041142,0.140675,0.487293,-0.049049,0.139944,0.450154,-0.053019
5131,0,0.215255,0.263137,0.609072,0.621210,0.215269,0.151460,0.777132,0.000000,0.210790,0.775035,-0.027753,0.265219,0.741745,-0.040331,0.310073,0.706802,-0.050681,0.347119,0.682944,-0.060515,0.246632,0.615182,-0.023757,0.274663,0.545925,-0.039337,0.286877,0.500881,-0.051933,0.294628,0.459640,-0.061436,0.214281,0.587988,-0.022320,0.236249,0.504519,-0.035709,0.247474,0.453040,-0.046924,0.252945,0.409764,-0.054770,0.179736,0.581816,-0.024125,0.183971,0.500267,-0.038416,0.186044,0.450003,-0.048950,0.187689,0.406503,-0.055727,0.144207,0.593603,-0.028674,0.139489,0.529714,-0.043131,0.136249,0.488624,-0.050239,0.135275,0.450342,-0.053922
5174,0,0.131224,0.163121,0.240494,0.629057,0.224456,0.150494,0.779223,0.000000,0.210744,0.772510,-0.027064,0.265694,0.739849,-0.039777,0.311424,0.705610,-0.050734,0.350187,0.682349,-0.061112,0.242821,0.611389,-0.021084,0.275450,0.543436,-0.036343,0.291338,0.499720,-0.048843,0.302472,0.459644,-0.058180,0.209943,0.585274,-0.020081,0.234380,0.501913,-0.032986,0.248097,0.450207,-0.044021,0.255660,0.406672,-0.051814,0.175429,0.580389,-0.022512,0.179628,0.498390,-0.036382,0.182757,0.448348,-0.046914,0.185655,0.405391,-0.053704,0.140898,0.593556,-0.027740,0.135886,0.530755,-0.041629,0.133336,0.489485,-0.048650,0.133682,0.450862,-0.052431
5205,0,0.109115,0.118252,0.113556,0.630480,0.254811,0.150245,0.779953,0.000000,0.210295,0.771782,-0.028058,0.264966,0.737476,-0.041335,0.311136,0.702599,-0.052597,0.350256,0.678985,-0.063077,0.238777,0.609726,-0.021645,0.271234,0.541547,-0.037365,0.288217,0.498113,-0.050446,0.300444,0.458181,-0.060105,0.206069,0.583392,-0.019973,0.231265,0.499420,-0.032751,0.245831,0.447681,-0.043720,0.254523,0.404743,-0.051541,0.171706,0.578375,-0.021860,0.177052,0.496737,-0.035254,0.181279,0.446839,-0.045597,0.184959,0.404321,-0.052284,0.137557,0.591737,-0.026650,0.133434,0.528876,-0.039790,0.130967,0.487367,-0.046301,0.131079,0.449101,-0.049820
5254,0,0.101608,0.072445,0.061597,0.600909,0.277747,0.148776,0.780059,0.000000,0.208981,0.771508,-0.028328,0.263019,0.736760,-0.041991,0.309162,0.702262,-0.053628,0.347643,0.678384,-0.064441,0.236030,0.607403,-0.021310,0.268318,0.538793,-0.037155,0.285453,0.495017,-0.050483,0.297882,0.455381,-0.060273,0.202971,0.581382,-0.019511,0.227572,0.496943,-0.032338,0.241835,0.445393,-0.043485,0.250292,0.403172,-0.051348,0.168659,0.577375,-0.021310,0.173123,0.495870,-0.034658,0.177027,0.446089,-0.044782,0.180458,0.403526,-0.051309,0.134860,0.591616,-0.026107,0.130391,0.529069,-0.038963,0.127782,0.487801,-0.045097,0.127699,0.449453,-0.048321
5287,0,0.059071,0.049495,0.107856,0.559939,0.266243,0.147969,0.779803,0.000000,0.208751,0.772187,-0.028299,0.263147,0.737671,-0.042182,0.308518,0.702636,-0.054031,0.347478,0.678984,-0.065050,0.234540,0.607698,-0.021723,0.267224,0.538864,-0.037975,0.284072,0.494898,-0.051463,0.296048,0.455349,-0.061377,0.201411,0.581921,-0.020173,0.225821,0.495859,-0.033730,0.240043,0.444388,-0.045183,0.248351,0.402031,-0.053122,0.167395,0.578179,-0.022177,0.171134,0.496609,-0.036336,0.174960,0.446635,-0.046408,0.178770,0.403486,-0.052767,0.134068,0.592757,-0.027075,0.129044,0.530035,-0.040523,0.126489,0.488674,-0.046447,0.126897,0.449502,-0.049489
5321,0,0.020708,0.016836,0.059541,0.554092,0.275506,0.148084,0.780722,0.000001,0.209244,0.772681,-0.028351,0.263306,0.738132,-0.042388,0.308809,0.703329,-0.054487,0.348152,0.680062,-0.065756,0.234244,0.608216,-0.021550,0.267258,0.539579,-0.037939,0.284037,0.495504,-0.051521,0.295634,0.455534,-0.061525,0.201426,0.582545,-0.020087,0.226641,0.496765,-0.033728,0.240560,0.444990,-0.045155,0.248362,0.402165,-0.053024,0.167334,0.578544,-0.022202,0.171270,0.497044,-0.036397,0.175149,0.447435,-0.046262,0.178952,0.404440,-0.052431,0.133685,0.592924,-0.027263,0.128708,0.530237,-0.040648,0.126305,0.488955,-0.046342,0.126726,0.450142,-0.049109
5355,0,0.032482,0.036091,0.048330,0.565192,0.291928,0.148475,0.781057,0.000001,0.209247,0.772999,-0.028263,0.263323,0.738278,-0.042039,0.309259,0.703716,-0.053796,0.348483,0.680801,-0.064721,0.234091,0.608130,-0.021178,0.267491,0.539193,-0.037170,0.284390,0.494927,-0.050510,0.296063,0.454942,-0.060287,0.201276,0.582729,-0.019525,0.226444,0.496633,-0.032638,0.240047,0.444729,-0.043662,0.247721,0.402114,-0.051341,0.167378,0.578924,-0.021475,0.171487,0.497281,-0.035151,0.175443,0.447586,-0.044691,0.179103,0.404851,-0.050668,0.133800,0.593086,-0.026383,0.128551,0.530254,-0.039367,0.126073,0.488745,-0.044731,0.126396,0.450046,-0.047343
5388,0,0.043083,0.045836,0.068060,0.546186,0.282937,0.149905,0.782253,0.000000,0.210334,0.773750,-0.028240,0.264082,0.738283,-0.042142,0.309743,0.704293,-0.054103,0.349127,0.681469,-0.065153,0.234774,0.609216,-0.021150,0.267524,0.540932,-0.037329,0.284377,0.496864,-0.050815,0.295796,0.456906,-0.060796,0.202084,0.583684,-0.019803,0.226966,0.497748,-0.033329,0.240546,0.445893,-0.044558,0.248087,0.402846,-0.052320,0.168125,0.579651,-0.022061,0.171958,0.497729,-0.036319,0.175545,0.448408,-0.045944,0.179068,0.405258,-0.051885,0.134281,0.594012,-0.027269,0.128740,0.530923,-0.040676,0.125935,0.489474,-0.046181,0.126131,0.450377,-0.048875
5420,0,0.030542,0.047520,0.081979,0.545853,0.270370,0.149355,0.781775,0.000001,0.210283,0.773202,-0.027654,0.264667,0.738916,-0.041382,0.310313,0.705121,-0.053291,0.349209,0.682447,-0.064368,0.235004,0.609479,-0.020592,0.268482,0.541370,-0.036635,0.285396,0.497897,-0.050046,0.297177,0.458519,-0.059858,0.202307,0.584014,-0.019386,0.227585,0.498367,-0.032896,0.241233,0.446522,-0.044310,0.248901,0.403433,-0.052262,0.168416,0.580032,-0.021740,0.172248,0.498134,-0.036022,0.175739,0.449062,-0.046011,0.179125,0.406394,-0.052143,0.134787,0.594103,-0.026962,0.129063,0.530773,-0.040492,0.125942,0.489303,-0.046248,0.125886,0.450191,-0.049018
5461,0,0.034196,0.026995,0.087145,0.563167,0.278746,0.149854,0.782162,0.000000,0.210721,0.774104,-0.027629,0.265401,0.738998,-0.040998,0.311151,0.704569,-0.052453,0.350087,0.682253,-0.063078,0.235426,0.609602,-0.020697,0.268883,0.541925,-0.036476,0.285798,0.498310,-0.049648,0.297332,0.458625,-0.059365,0.202977,0.584127,-0.019374,0.228501,0.498238,-0.032368,0.242043,0.446793,-0.043210,0.249173,0.404024,-0.050754,0.169322,0.579771,-0.021585,0.173408,0.497983,-0.035350,0.176883,0.448906,-0.044790,0.179802,0.406285,-0.050596,0.135597,0.593859,-0.026681,0.129630,0.530860,-0.039735,0.126604,0.489562,-0.045027,0.126345,0.450687,-0.047516
5494,0,0.048789,0.064362,0.066680,0.550564,0.261566,0.151136,0.781851,0.000000,0.211752,0.773260,-0.027215,0.265646,0.738017,-0.040655,0.311291,0.704329,-0.052332,0.350234,0.682302,-0.063298,0.235664,0.609225,-0.021079,0.268828,0.540865,-0.037270,0.285999,0.496903,-0.050630,0.297972,0.457151,-0.060527,0.203063,0.583992,-0.020179,0.227827,0.498054,-0.033727,0.241480,0.446263,-0.044930,0.248996,0.403577,-0.052768,0.169236,0.580459,-0.022742,0.172837,0.498417,-0.037013,0.176250,0.448561,-0.046870,0.179622,0.405249,-0.053045,0.135821,0.595109,-0.028145,0.129773,0.532283,-0.041723,0.126780,0.490545,-0.047543,0.126750,0.450790,-0.050472
5530,0,0.024064,0.035881,0.089193,0.555010,0.251455,0.150602,0.781025,0.000000,0.211531,0.771823,-0.027795,0.265760,0.737614,-0.041426,0.311470,0.704170,-0.053183,0.350042,0.682340,-0.064270,0.235826,0.609278,-0.021265,0.269115,0.541664,-0.037481,0.286200,0.497966,-0.051092,0.297874,0.457945,-0.061153,0.203333,0.583950,-0.020072,0.228051,0.498304,-0.033555,0.241275,0.446507,-0.044977,0.248375,0.403545,-0.052986,0.169611,0.580204,-0.022390,0.173223,0.498258,-0.036731,0.176069,0.448664,-0.046831,0.178530,0.405500,-0.053144,0.135992,0.594564,-0.027598,0.130129,0.531698,-0.041308,0.126619,0.489799,-0.047226,0.125648,0.450184,-0.050185
5568,0,0.013317,0.016338,0.035466,0.554589,0.252729,0.150315,0.781028,0.000000,0.211592,0.772205,-0.027793,0.265794,0.737773,-0.041374,0.311730,0.704149,-0.053066,0.350641,0.682484,-0.064088,0.235950,0.610093,-0.021533,0.269221,0.541885,-0.037792,0.286223,0.497858,-0.051334,0.298046,0.457570,-0.061372,0.203454,0.584281,-0.020352,0.228040,0.498799,-0.033875,0.241120,0.447054,-0.045311,0.248274,0.403736,-0.053341,0.169630,0.579993,-0.022655,0.173173,0.498403,-0.036926,0.176048,0.448669,-0.046925,0.178295,0.405155,-0.053223,0.135902,0.593986,-0.027852,0.129649,0.531054,-0.041374,0.126357,0.489406,-0.047200,0.125689,0.449928,-0.050153
5603,0,0.027900,0.038714,0.058605,0.555428,0.261210,0.150901,0.781101,0.000000,0.211570,0.772607,-0.027644,0.265841,0.737733,-0.041053,0.311649,0.703892,-0.052614,0.350842,0.682360,-0.063467,0.236051,0.609063,-0.020959,0.269077,0.540884,-0.036924,0.286060,0.496835,-0.050176,0.298084,0.457147,-0.060045,0.203399,0.583569,-0.019828,0.227788,0.498103,-0.033208,0.241029,0.446230,-0.044513,0.248376,0.403085,-0.052417,0.169566,0.579843,-0.022217,0.172852,0.497969,-0.036511,0.175468,0.447676,-0.046754,0.177915,0.403826,-0.053243,0.135864,0.594595,-0.027486,0.129608,0.531995,-0.041249,0.125996,0.490178,-0.047462,0.125163,0.450439,-0.050687
5645,0,0.026402,0.026292,0.066355,0.549865,0.258886,0.150449,0.781026,0.000000,0.211154,0.772123,-0.027813,0.264981,0.737744,-0.041611,0.311297,0.704381,-0.053539,0.350497,0.682409,-0.064798,0.236199,0.608965,-0.021416,0.269118,0.541082,-0.037773,0.286086,0.497381,-0.051413,0.297999,0.457491,-0.061570,0.203502,0.583342,-0.020333,0.227710,0.498208,-0.034013,0.240968,0.446463,-0.045548,0.248164,0.403222,-0.053657,0.169542,0.579620,-0.022793,0.172562,0.498005,-0.037261,0.175167,0.447990,-0.047516,0.177475,0.403996,-0.054011,0.135663,0.594337,-0.028128,0.129109,0.531679,-0.041886,0.125371,0.490213,-0.047949,0.124466,0.450650,-0.051019
5699,0,0.036651,0.040647,0.055942,0.527409,0.268010,0.150810,0.780987,0.000000,0.211621,0.772018,-0.027577,0.266056,0.737402,-0.041060,0.311868,0.703410,-0.052712,0.350689,0.681210,-0.063735,0.235612,0.608802,-0.021494,0.268301,0.540508,-0.037635,0.285273,0.496740,-0.050941,0.296998,0.456941,-0.060861,0.202844,0.583518,-0.020392,0.226539,0.498138,-0.033974,0.239680,0.446332,-0.045429,0.246685,0.403202,-0.053539,0.168850,0.579814,-0.022813,0.171466,0.497924,-0.037182,0.173574,0.447710,-0.047595,0.175365,0.403782,-0.054248,0.135131,0.594666,-0.028029,0.127720,0.532208,-0.041808,0.123238,0.490853,-0.048146,0.121466,0.451357,-0.051492
5747,0,0.020298,0.016369,0.043685,0.526768,0.270402,0.150359,0.780914,0.000000,0.211232,0.771595,-0.027496,0.265339,0.737311,-0.041048,0.311135,0.703144,-0.052753,0.349965,0.680957,-0.063830,0.235506,0.609061,-0.021290,0.268096,0.540614,-0.037454,0.284716,0.496752,-0.050868,0.296259,0.456870,-0.060806,0.202825,0.583620,-0.020190,0.226644,0.498152,-0.033702,0.239525,0.446357,-0.045133,0.246503,0.403087,-0.053185,0.168662,0.579551,-0.022547,0.171068,0.497721,-0.036864,0.173043,0.447738,-0.047175,0.174753,0.403949,-0.053657,0.134620,0.593881,-0.027712,0.127150,0.531362,-0.041323,0.122874,0.489961,-0.047411,0.121471,0.450291,-0.050514
5788,0,0.048526,0.031953,0.064154,0.498602,0.271526,0.149380,0.781654,0.000000,0.210455,0.772959,-0.027354,0.264708,0.738147,-0.040599,0.310356,0.703997,-0.052154,0.349140,0.681338,-0.062962,0.234868,0.609083,-0.020241,0.267722,0.540763,-0.036040,0.284335,0.496795,-0.049245,0.295818,0.456951,-0.059110,0.202206,0.584051,-0.019278,0.225713,0.498916,-0.032660,0.238536,0.447235,-0.044097,0.245362,0.403850,-0.052154,0.168141,0.580454,-0.021852,0.170495,0.498845,-0.036197,0.172488,0.448626,-0.046494,0.174134,0.404124,-0.053018,0.134398,0.595381,-0.027236,0.126234,0.533307,-0.041071,0.121635,0.491855,-0.047320,0.119890,0.451959,-0.050542
5839,0,0.035485,0.027677,0.050256,0.480279,0.265909,0.149078,0.782007,0.000000,0.210251,0.773148,-0.028022,0.265025,0.738699,-0.041581,0.310763,0.704504,-0.053333,0.349664,0.681625,-0.064337,0.234440,0.610006,-0.021066,0.267194,0.541494,-0.037081,0.283912,0.497411,-0.050464,0.295321,0.457086,-0.060486,0.201856,0.584736,-0.019818,0.225319,0.499760,-0.033407,0.238063,0.447681,-0.045158,0.244734,0.403629,-0.053529,0.168032,0.581171,-0.022107,0.170295,0.499825,-0.036590,0.172046,0.449282,-0.047319,0.173420,0.404533,-0.054197,0.134386,0.596072,-0.027236,0.126529,0.533906,-0.041228,0.121573,0.492243,-0.047791,0.119368,0.452271,-0.051289
5872,0,0.018021,0.020980,0.043831,0.471873,0.269655,0.149121,0.782527,0.000000,0.210313,0.773790,-0.027720,0.264744,0.738957,-0.041080,0.310314,0.704270,-0.052655,0.348967,0.681189,-0.063523,0.234312,0.610298,-0.020913,0.267086,0.541771,-0.036960,0.283839,0.497617,-0.050261,0.295322,0.457584,-0.060149,0.201441,0.584871,-0.019775,0.225065,0.499957,-0.033409,0.238026,0.448169,-0.044964,0.244909,0.404429,-0.053125,0.167396,0.581327,-0.022168,0.169982,0.499548,-0.036705,0.172033,0.449048,-0.047122,0.173602,0.404462,-0.053675,0.133800,0.596175,-0.027387,0.126113,0.533635,-0.041433,0.121786,0.491795,-0.047868,0.120102,0.451775,-0.051203
5906,0,0.021309,0.024881,0.032860,0.461175,0.275669,0.149651,0.782924,0.000000,0.210416,0.774059,-0.027815,0.265028,0.739082,-0.041339,0.310647,0.704763,-0.053038,0.349459,0.681772,-0.064030,0.234424,0.610383,-0.021219,0.267005,0.541831,-0.037237,0.283498,0.497680,-0.050526,0.294750,0.457596,-0.060419,0.201546,0.585300,-0.020061,0.225018,0.500077,-0.033703,0.237858,0.448203,-0.045304,0.244393,0.404824,-0.053431,0.167516,0.581745,-0.022397,0.169624,0.499952,-0.036942,0.171294,0.449380,-0.047463,0.172712,0.404919,-0.054098,0.133735,0.597007,-0.027579,0.125831,0.534437,-0.041614,0.121060,0.492607,-0.048091,0.119159,0.452515,-0.051428
5939,0,0.023038,0.020606,0.055064,0.451853,0.274827,0.149550,0.783019,0.000000,0.210417,0.773994,-0.028109,0.265026,0.739566,-0.041811,0.310576,0.705085,-0.053667,0.349191,0.681527,-0.064777,0.233970,0.610704,-0.021592,0.266448,0.542408,-0.037924,0.282735,0.498142,-0.051429,0.293970,0.457781,-0.061479,0.201203,0.585637,-0.020375,0.224741,0.500443,-0.034135,0.237241,0.448409,-0.045776,0.243676,0.404557,-0.053981,0.167208,0.582045,-0.022692,0.169583,0.500628,-0.037276,0.171325,0.450399,-0.047660,0.172751,0.406068,-0.054216,0.133423,0.597055,-0.027893,0.125689,0.534654,-0.041889,0.120970,0.493084,-0.048210,0.118930,0.452969,-0.051468
5973,0,0.024664,0.017201,0.035863,0.459639,0.273807,0.149689,0.782161,0.000000,0.210276,0.773305,-0.027803,0.264675,0.738770,-0.041450,0.310142,0.704252,-0.053254,0.348608,0.680972,-0.064352,0.233729,0.610372,-0.021666,0.266352,0.541683,-0.037901,0.282761,0.497259,-0.051176,0.293744,0.457183,-0.060979,0.201017,0.585229,-0.020431,0.224652,0.499832,-0.034176,0.237306,0.448028,-0.045607,0.243643,0.404900,-0.053607,0.167141,0.581382,-0.022686,0.169286,0.499624,-0.037176,0.171022,0.449290,-0.047489,0.172401,0.405271,-0.053960,0.133416,0.595902,-0.027784,0.125177,0.533544,-0.041607,0.120602,0.492112,-0.047842,0.118898,0.452400,-0.051019
6006,0,0.020139,0.020073,0.030040,0.454638,0.274500,0.149662,0.782290,0.000000,0.210377,0.773086,-0.028008,0.264328,0.738332,-0.041757,0.309587,0.704251,-0.053586,0.347947,0.681091,-0.064672,0.234132,0.609992,-0.021838,0.266134,0.541787,-0.038114,0.282302,0.497566,-0.051628,0.293139,0.457382,-0.061695,0.201240,0.584661,-0.020604,0.224526,0.499737,-0.034412,0.236902,0.447779,-0.046066,0.243040,0.404262,-0.054252,0.167154,0.581290,-0.022896,0.169103,0.499564,-0.037467,0.170630,0.449385,-0.047867,0.172009,0.405255,-0.054487,0.133075,0.596368,-0.028047,0.124949,0.533991,-0.041992,0.120164,0.492529,-0.048337,0.118247,0.452780,-0.051589
6040,0,0.036512,0.038491,0.050045,0.452168,0.282799,0.149394,0.782660,0.000000,0.210196,0.772814,-0.027514,0.264868,0.738050,-0.040918,0.309738,0.703605,-0.052480,0.347935,0.680194,-0.063336,0.233720,0.609851,-0.020890,0.266175,0.541117,-0.036861,0.282136,0.496772,-0.050089,0.292622,0.456486,-0.059926,0.200695,0.584952,-0.019793,0.223999,0.499629,-0.033275,0.236246,0.447753,-0.044759,0.242236,0.404358,-0.052832,0.166633,0.581394,-0.022183,0.168697,0.499837,-0.036391,0.170527,0.449587,-0.046679,0.171788,0.405456,-0.053224,0.132731,0.596193,-0.027396,0.124646,0.533960,-0.041153,0.119801,0.492258,-0.047424,0.117809,0.452086,-0.050638
6075,0,0.029313,0.033757,0.052685,0.451515,0.273535,0.149005,0.781908,0.000000,0.209847,0.772960,-0.028153,0.264094,0.738171,-0.041866,0.309008,0.703419,-0.053637,0.347689,0.680111,-0.064741,0.233255,0.609441,-0.021757,0.265407,0.540968,-0.038021,0.281305,0.496613,-0.051479,0.291983,0.456367,-0.061485,0.200597,0.584448,-0.020364,0.223962,0.499399,-0.034136,0.236089,0.447672,-0.045790,0.241897,0.404196,-0.053990,0.166611,0.581025,-0.022502,0.168641,0.499586,-0.037020,0.170222,0.449455,-0.047438,0.171284,0.405295,-0.054030,0.132852,0.595822,-0.027486,0.124410,0.533772,-0.041434,0.119596,0.492433,-0.047830,0.117521,0.452565,-0.051126
6109,0,0.033478,0.033957,0.072817,0.449181,0.267149,0.148485,0.781448,0.000000,0.209237,0.772289,-0.028356,0.264028,0.737581,-0.042290,0.309286,0.703676,-0.054283,0.347568,0.679950,-0.065570,0.233158,0.609337,-0.022203,0.264778,0.540738,-0.038664,0.280698,0.496551,-0.052245,0.291420,0.456377,-0.062396,0.200251,0.584493,-0.020949,0.223311,0.499586,-0.034980,0.235781,0.447373,-0.046954,0.242048,0.403443,-0.055419,0.166341,0.581362,-0.023222,0.168127,0.499851,-0.038057,0.169624,0.449353,-0.048835,0.170834,0.404665,-0.055733,0.132473,0.596532,-0.028376,0.124447,0.534328,-0.042642,0.119425,0.492540,-0.049344,0.117214,0.452442,-0.052911
6144,0,0.020546,0.023344,0.050168,0.446124,0.270904,0.148534,0.781614,0.000000,0.209370,0.772416,-0.028097,0.263462,0.738369,-0.042038,0.308463,0.703521,-0.054122,0.346914,0.679188,-0.065502,0.233546,0.609381,-0.021860,0.264911,0.540714,-0.038226,0.280523,0.496509,-0.051737,0.291060,0.456347,-0.061787,0.200448,0.584159,-0.020726,0.223099,0.499450,-0.034726,0.235125,0.447326,-0.046614,0.240966,0.403368,-0.054982,0.166267,0.580754,-0.023131,0.168006,0.499162,-0.037893,0.169634,0.448625,-0.048530,0.170945,0.403963,-0.055334,0.132287,0.595880,-0.028371,0.123863,0.533535,-0.042625,0.119208,0.491781,-0.049273,0.117454,0.451592,-0.052792
6178,0,0.046603,0.058340,0.065617,0.467777,0.280971,0.148241,0.780551,0.000000,0.208621,0.772179,-0.028837,0.263064,0.737912,-0.043275,0.308435,0.703740,-0.055678,0.346907,0.679394,-0.067377,0.233198,0.609592,-0.023359,0.264421,0.540988,-0.040340,0.280105,0.496523,-0.054191,0.290593,0.456046,-0.064482,0.200081,0.584356,-0.022029,0.222670,0.499386,-0.036564,0.234745,0.447077,-0.048674,0.240770,0.402915,-0.057204,0.165839,0.581107,-0.024220,0.167739,0.499368,-0.039343,0.169251,0.448747,-0.050005,0.170605,0.403903,-0.056852,0.131798,0.596398,-0.029326,0.123327,0.534176,-0.043783,0.118652,0.492213,-0.050513,0.116839,0.451973,-0.054074
6214,0,0.034059,0.055618,0.035655,0.458679,0.285155,0.148892,0.781360,0.000000,0.209301,0.771839,-0.027804,0.263452,0.737380,-0.041765,0.308798,0.703110,-0.053853,0.346852,0.679130,-0.065318,0.233578,0.608943,-0.022345,0.264630,0.540212,-0.038937,0.279997,0.496131,-0.052489,0.290180,0.456014,-0.062549,0.200284,0.583920,-0.021467,0.222516,0.498746,-0.035681,0.234551,0.446874,-0.047458,0.240537,0.403147,-0.055725,0.165959,0.580864,-0.024080,0.167333,0.498752,-0.038996,0.168944,0.448148,-0.049486,0.170408,0.403485,-0.056154,0.132121,0.596611,-0.029481,0.123237,0.533799,-0.043870,0.118394,0.491854,-0.050422,0.116461,0.451661,-0.053853