t,missing,delta_l1,delta_l1_wrist,delta_angles,delta_base_l1,delta_base_l1_wrist,x0,y0,z0,x1,y1,z1,x2,y2,z2,x3,y3,z3,x4,y4,z4,x5,y5,z5,x6,y6,z6,x7,y7,z7,x8,y8,z8,x9,y9,z9,x10,y10,z10,x11,y11,z11,x12,y12,z12,x13,y13,z13,x14,y14,z14,x15,y15,z15,x16,y16,z16,x17,y17,z17,x18,y18,z18,x19,y19,z19,x20,y20,z20
34,0,,,,0.000000,0.000000,0.160051,0.786559,0.000000,0.214070,0.772889,-0.023296,0.267125,0.733174,-0.030285,0.297199,0.680562,-0.035917,0.297463,0.628505,-0.040124,0.252520,0.623242,-0.000217,0.269393,0.564524,-0.013630,0.268164,0.533911,-0.029016,0.259682,0.513717,-0.038595,0.221875,0.602726,0.003110,0.234027,0.538513,-0.005285,0.232435,0.505394,-0.018515,0.224694,0.485897,-0.027764,0.189862,0.596877,0.002074,0.197282,0.536463,-0.005202,0.196805,0.505085,-0.013769,0.192790,0.484357,-0.019732,0.154799,0.604176,-0.001908,0.157386,0.555334,-0.008636,0.157375,0.529544,-0.012474,0.156087,0.510318,-0.014325
71,0,0.055983,0.053660,0.302425,0.055983,0.053660,0.159843,0.787217,0.000000,0.213900,0.773589,-0.023259,0.266644,0.733991,-0.030024,0.297052,0.682967,-0.035360,0.301398,0.632151,-0.039230,0.251641,0.622398,-0.000628,0.268716,0.564102,-0.012955,0.267865,0.533182,-0.027548,0.260091,0.511057,-0.036859,0.221328,0.602373,0.002665,0.233860,0.538706,-0.004721,0.232194,0.504430,-0.017131,0.224470,0.481437,-0.025962,0.189321,0.597013,0.001675,0.196864,0.537185,-0.004647,0.196292,0.505453,-0.012536,0.192586,0.481464,-0.018308,0.153976,0.604666,-0.002317,0.156640,0.556263,-0.008334,0.156629,0.530429,-0.011534,0.155499,0.509311,-0.013077
107,0,0.096166,0.091238,0.182595,0.133557,0.130456,0.158226,0.785398,0.000000,0.213887,0.772989,-0.022971,0.266999,0.733231,-0.029190,0.298258,0.682667,-0.033924,0.304090,0.631904,-0.037139,0.250907,0.620958,0.000243,0.268659,0.562465,-0.011136,0.268384,0.530187,-0.025120,0.261467,0.505615,-0.034221,0.220956,0.600724,0.003581,0.233878,0.536560,-0.003040,0.232580,0.501135,-0.014945,0.225132,0.475591,-0.023461,0.188904,0.595085,0.002705,0.196787,0.534601,-0.003057,0.196249,0.502738,-0.010403,0.192650,0.477048,-0.015809,0.153453,0.602444,-0.001167,0.155871,0.554538,-0.006642,0.155677,0.528927,-0.009206,0.154211,0.507457,-0.010280
142,0,0.100501,0.092189,0.264362,0.188036,0.182398,0.159224,0.785481,0.000000,0.216102,0.774126,-0.023435,0.270486,0.735890,-0.029487,0.303093,0.684844,-0.033890,0.309555,0.632975,-0.036942,0.251798,0.621731,-0.000727,0.269699,0.561373,-0.011411,0.269666,0.526611,-0.024909,0.263756,0.497810,-0.034048,0.221349,0.601813,0.002710,0.234431,0.535712,-0.003578,0.233583,0.497571,-0.015700,0.227278,0.467046,-0.024786,0.188963,0.596518,0.002051,0.197317,0.534114,-0.003739,0.197283,0.499352,-0.011823,0.194484,0.469405,-0.018033,0.152980,0.603844,-0.001588,0.156037,0.554340,-0.007328,0.155796,0.527190,-0.010279,0.154284,0.503380,-0.011849
177,0,0.502571,0.498550,0.874226,0.611219,0.606834,0.159845,0.785991,0.000000,0.220078,0.778787,-0.027445,0.275087,0.741685,-0.035673,0.309987,0.692506,-0.041317,0.326401,0.643124,-0.045642,0.254199,0.622426,-0.010496,0.274135,0.557705,-0.021977,0.279644,0.516692,-0.034478,0.281484,0.478807,-0.043779,0.222806,0.600676,-0.006514,0.237523,0.528078,-0.014725,0.241510,0.482840,-0.026566,0.241768,0.444157,-0.035709,0.189334,0.595473,-0.006391,0.198257,0.527512,-0.015472,0.200295,0.484716,-0.024984,0.200477,0.446976,-0.031788,0.153061,0.604233,-0.009266,0.154778,0.549367,-0.019199,0.154663,0.514663,-0.024421,0.154335,0.483291,-0.027094
215,0,0.431907,0.454749,0.578368,1.037535,1.052033,0.161484,0.789178,0.000000,0.222554,0.782270,-0.028501,0.277266,0.745211,-0.039139,0.313105,0.697613,-0.047236,0.340205,0.656082,-0.054243,0.256333,0.623787,-0.016556,0.280860,0.555960,-0.030553,0.290908,0.512336,-0.043532,0.297139,0.471998,-0.053226,0.223715,0.599711,-0.013770,0.242808,0.521308,-0.025215,0.250643,0.472236,-0.037505,0.254059,0.430046,-0.046510,0.189107,0.594020,-0.014750,0.197445,0.519002,-0.027394,0.199959,0.472380,-0.038123,0.201855,0.431262,-0.045239,0.152547,0.604012,-0.018607,0.151442,0.544518,-0.031860,0.149565,0.506373,-0.038631,0.149006,0.471081,-0.042044
254,0,0.291952,0.313061,0.379437,1.323922,1.359115,0.161808,0.791275,0.000000,0.223042,0.784227,-0.028330,0.277627,0.746768,-0.040682,0.316628,0.702881,-0.050806,0.350519,0.667957,-0.060098,0.255928,0.622741,-0.020436,0.285392,0.555903,-0.036660,0.299982,0.511814,-0.050730,0.310263,0.470725,-0.061307,0.223061,0.597937,-0.019066,0.245376,0.518034,-0.032693,0.256410,0.467159,-0.045404,0.262446,0.422535,-0.054697,0.188207,0.592948,-0.021323,0.195377,0.514816,-0.035847,0.199279,0.466676,-0.046462,0.203190,0.423657,-0.053450,0.151173,0.605189,-0.026461,0.146160,0.542935,-0.041136,0.143547,0.502219,-0.048086,0.143443,0.463697,-0.051675
287,0,0.149353,0.153678,0.190739,1.441049,1.487759,0.162806,0.793066,0.000000,0.224652,0.785514,-0.026606,0.279910,0.748377,-0.038703,0.321179,0.706267,-0.048929,0.356132,0.675410,-0.058421,0.255557,0.623838,-0.020606,0.288256,0.557459,-0.037237,0.304688,0.514011,-0.050974,0.316616,0.474523,-0.061122,0.222959,0.597800,-0.020336,0.248473,0.516190,-0.034864,0.262301,0.464977,-0.047231,0.270846,0.420144,-0.055913,0.188104,0.592512,-0.023558,0.194793,0.511757,-0.039031,0.199670,0.462043,-0.049855,0.204786,0.417842,-0.056762,0.151320,0.605293,-0.029404,0.144366,0.541627,-0.044684,0.141072,0.499953,-0.051707,0.140841,0.460034,-0.055334
320,0,0.077473,0.072156,0.143102,1.501234,1.552658,0.163335,0.793869,0.000000,0.225458,0.786827,-0.027480,0.280877,0.749600,-0.040191,0.323686,0.707520,-0.050807,0.360795,0.679292,-0.060757,0.255507,0.624235,-0.021917,0.289563,0.558074,-0.038781,0.307307,0.515340,-0.052452,0.320049,0.476429,-0.062559,0.222774,0.598202,-0.021310,0.249110,0.515059,-0.036058,0.263646,0.463925,-0.048104,0.273124,0.419391,-0.056565,0.187795,0.593200,-0.024267,0.194112,0.511942,-0.040034,0.199193,0.461063,-0.051159,0.204772,0.415533,-0.058367,0.151161,0.606477,-0.029928,0.143039,0.542895,-0.045440,0.138995,0.500970,-0.052726,0.138287,0.460541,-0.056722
355,0,0.045355,0.060451,0.093140,1.538325,1.605031,0.164431,0.796071,0.000000,0.226793,0.788516,-0.027077,0.281757,0.751065,-0.039907,0.324901,0.709480,-0.050765,0.361942,0.681458,-0.060973,0.256032,0.624692,-0.022091,0.291432,0.558297,-0.039020,0.309692,0.515129,-0.052618,0.322924,0.476747,-0.062589,0.223049,0.598558,-0.021737,0.249970,0.514586,-0.036261,0.265457,0.463619,-0.047967,0.275264,0.419989,-0.056125,0.187700,0.593314,-0.024890,0.194581,0.511059,-0.040281,0.200114,0.460077,-0.051041,0.206114,0.415081,-0.058057,0.150959,0.607132,-0.030664,0.142076,0.542768,-0.045838,0.138193,0.500616,-0.052736,0.137809,0.460387,-0.056401
388,0,0.051375,0.041017,0.074037,1.530437,1.592333,0.165162,0.796245,0.000000,0.227677,0.788860,-0.027150,0.283250,0.751810,-0.039842,0.326508,0.711076,-0.050646,0.363466,0.683953,-0.060696,0.255945,0.624809,-0.021112,0.291710,0.559412,-0.037796,0.310633,0.517590,-0.051282,0.324309,0.480442,-0.061133,0.223221,0.598851,-0.020755,0.250093,0.514798,-0.035095,0.266008,0.464328,-0.046674,0.276907,0.421398,-0.054857,0.188248,0.593972,-0.024012,0.195383,0.511755,-0.039564,0.201551,0.460440,-0.050686,0.208228,0.415611,-0.057876,0.151617,0.607753,-0.029951,0.142792,0.543463,-0.045403,0.138419,0.500743,-0.052553,0.137372,0.460173,-0.056446
421,0,0.058581,0.070556,0.069411,1.572736,1.621193,0.166373,0.795576,0.000000,0.228401,0.788842,-0.027993,0.282984,0.752628,-0.041384,0.326295,0.712969,-0.052732,0.363436,0.685703,-0.063405,0.256214,0.625559,-0.023073,0.292152,0.560287,-0.040372,0.311318,0.518172,-0.054160,0.325488,0.480872,-0.064159,0.223495,0.599220,-0.022319,0.250863,0.515536,-0.037000,0.266912,0.465109,-0.048645,0.277824,0.422249,-0.056898,0.188338,0.593821,-0.025176,0.196019,0.511511,-0.040908,0.202235,0.460592,-0.051938,0.208832,0.415708,-0.059041,0.151447,0.607003,-0.030750,0.142647,0.542536,-0.046304,0.138589,0.499912,-0.053367,0.137797,0.459391,-0.057216
455,0,0.034817,0.059669,0.038120,1.550366,1.590450,0.165469,0.794522,0.000000,0.228339,0.788100,-0.027931,0.283240,0.752142,-0.041215,0.326210,0.712447,-0.052506,0.363361,0.685082,-0.063007,0.256400,0.625234,-0.022344,0.292661,0.560466,-0.039438,0.312093,0.518628,-0.053177,0.326077,0.481438,-0.063086,0.223576,0.598927,-0.021594,0.250805,0.515107,-0.036103,0.266756,0.464377,-0.047689,0.277774,0.421148,-0.055822,0.188345,0.593624,-0.024476,0.196297,0.511621,-0.040050,0.202631,0.461267,-0.050769,0.209411,0.417213,-0.057598,0.151446,0.606817,-0.030082,0.143324,0.542437,-0.045400,0.139436,0.500017,-0.052190,0.138746,0.459641,-0.055703
490,0,0.028262,0.042430,0.050432,1.550767,1.604137,0.164570,0.794910,0.000000,0.227374,0.787986,-0.028153,0.282305,0.752149,-0.041589,0.325708,0.712117,-0.052913,0.362946,0.684382,-0.063449,0.256371,0.624419,-0.022314,0.292363,0.559353,-0.039478,0.311549,0.517476,-0.053426,0.325310,0.480037,-0.063527,0.223499,0.598052,-0.021406,0.251201,0.514921,-0.035848,0.266979,0.464498,-0.047626,0.277714,0.421304,-0.055951,0.188268,0.592561,-0.024168,0.196811,0.511118,-0.039596,0.203139,0.460884,-0.050427,0.209667,0.416746,-0.057451,0.151152,0.605478,-0.029653,0.143472,0.541458,-0.044864,0.139774,0.499179,-0.051769,0.139132,0.458723,-0.055399
523,0,0.026836,0.041780,0.082098,1.563945,1.626171,0.164660,0.795834,0.000000,0.227371,0.788914,-0.027907,0.281840,0.751996,-0.041237,0.325354,0.711520,-0.052527,0.362932,0.684249,-0.063024,0.256242,0.624868,-0.022758,0.291896,0.558979,-0.039890,0.310818,0.516595,-0.053715,0.324473,0.478931,-0.063698,0.223294,0.598281,-0.021985,0.250965,0.514574,-0.036424,0.266906,0.464010,-0.048011,0.277674,0.420998,-0.056171,0.187889,0.592800,-0.024837,0.196322,0.510721,-0.040207,0.202823,0.460156,-0.050863,0.209465,0.415868,-0.057795,0.150553,0.605793,-0.030383,0.142784,0.541211,-0.045515,0.139155,0.498753,-0.052289,0.138555,0.458481,-0.055894
558,0,0.035309,0.034637,0.059794,1.534751,1.604996,0.164442,0.796229,0.000000,0.226756,0.788713,-0.027504,0.281793,0.751702,-0.040560,0.325311,0.711071,-0.051589,0.362904,0.683713,-0.061843,0.255818,0.624255,-0.021562,0.291721,0.558884,-0.038215,0.310466,0.516753,-0.051748,0.324149,0.479585,-0.061605,0.222840,0.598156,-0.020946,0.250268,0.514529,-0.035095,0.266097,0.464345,-0.046581,0.276907,0.421705,-0.054689,0.187587,0.592771,-0.023946,0.195835,0.510919,-0.039228,0.202359,0.460222,-0.049999,0.209181,0.415808,-0.056994,0.150558,0.605992,-0.029650,0.142578,0.541573,-0.044793,0.138675,0.499083,-0.051708,0.137921,0.458648,-0.055405
592,0,0.013176,0.028211,0.060372,1.532832,1.601258,0.163845,0.795692,0.000000,0.226866,0.787984,-0.027717,0.282155,0.751671,-0.040801,0.325013,0.711108,-0.051935,0.362392,0.683339,-0.062275,0.255643,0.623886,-0.021494,0.291762,0.558718,-0.038315,0.310659,0.516713,-0.051935,0.324264,0.479562,-0.061877,0.222768,0.597777,-0.020778,0.250236,0.514841,-0.035134,0.266131,0.464567,-0.046845,0.277029,0.421816,-0.055077,0.187558,0.592715,-0.023741,0.195744,0.511014,-0.039250,0.202375,0.460553,-0.050265,0.209244,0.416157,-0.057383,0.150532,0.606054,-0.029388,0.142852,0.541844,-0.044777,0.139147,0.499122,-0.051896,0.138549,0.458604,-0.055673
626,0,0.026667,0.031992,0.030255,1.542557,1.605208,0.163826,0.795097,0.000000,0.226432,0.787881,-0.028009,0.281488,0.751757,-0.041369,0.324429,0.711302,-0.052723,0.361865,0.683594,-0.063284,0.255588,0.624187,-0.022372,0.291441,0.558726,-0.039523,0.310252,0.516516,-0.053358,0.323838,0.478891,-0.063403,0.222718,0.597906,-0.021478,0.250120,0.515108,-0.036088,0.266143,0.464911,-0.047880,0.277229,0.421968,-0.056177,0.187509,0.592469,-0.024238,0.195798,0.511256,-0.039840,0.202385,0.461003,-0.050698,0.209428,0.416933,-0.057686,0.150675,0.605522,-0.029716,0.143164,0.541194,-0.045101,0.139469,0.498651,-0.052167,0.138989,0.458386,-0.055899
663,0,0.026949,0.035261,0.034234,1.528406,1.597702,0.163309,0.795328,0.000000,0.225958,0.787968,-0.027614,0.281314,0.751519,-0.040699,0.324591,0.710735,-0.051824,0.361944,0.683156,-0.062118,0.255513,0.624050,-0.021894,0.291342,0.558286,-0.038700,0.309993,0.515779,-0.052339,0.323406,0.477916,-0.062276,0.222590,0.597890,-0.021141,0.250004,0.514827,-0.035414,0.265716,0.464445,-0.047113,0.276406,0.421147,-0.055348,0.187531,0.592264,-0.023972,0.196002,0.510818,-0.039215,0.202702,0.460856,-0.049884,0.209383,0.416806,-0.056773,0.150554,0.605103,-0.029495,0.143219,0.540820,-0.044539,0.139743,0.498485,-0.051389,0.139343,0.458175,-0.054991
703,0,0.015250,0.020852,0.031126,1.517474,1.587841,0.162815,0.795206,0.000000,0.225734,0.788063,-0.027458,0.281269,0.751683,-0.040453,0.324705,0.710926,-0.051425,0.362093,0.682788,-0.061662,0.255462,0.624329,-0.021526,0.291188,0.558545,-0.038251,0.309898,0.516149,-0.051861,0.323375,0.478316,-0.061821,0.222740,0.598149,-0.020812,0.250012,0.515159,-0.035017,0.265411,0.464751,-0.046742,0.275896,0.421454,-0.055035,0.187776,0.592322,-0.023689,0.196059,0.510903,-0.038866,0.202426,0.460890,-0.049560,0.208954,0.416632,-0.056504,0.150745,0.604932,-0.029264,0.143326,0.540578,-0.044243,0.139742,0.498232,-0.051067,0.139130,0.458048,-0.054678
737,0,0.026254,0.037146,0.032850,1.532983,1.596758,0.163550,0.795025,0.000000,0.225636,0.787793,-0.027979,0.280788,0.751492,-0.041244,0.324242,0.710407,-0.052428,0.361796,0.682184,-0.062818,0.255542,0.624502,-0.022486,0.291273,0.558672,-0.039480,0.309947,0.516043,-0.053261,0.323659,0.477916,-0.063374,0.222805,0.598085,-0.021594,0.250024,0.514947,-0.036089,0.265411,0.464746,-0.047907,0.275653,0.421417,-0.056275,0.187782,0.592375,-0.024291,0.196205,0.510983,-0.039678,0.202494,0.460905,-0.050366,0.209043,0.416644,-0.057306,0.150965,0.604896,-0.029724,0.143602,0.540815,-0.044893,0.139979,0.498375,-0.051754,0.139438,0.458177,-0.055402
770,0,0.046663,0.032386,0.062099,1.515653,1.572029,0.164703,0.795433,0.000000,0.226890,0.787279,-0.027195,0.282211,0.750564,-0.040109,0.325172,0.709497,-0.051062,0.362180,0.681621,-0.061282,0.256521,0.624687,-0.021332,0.291348,0.558750,-0.038029,0.309764,0.516469,-0.051617,0.322953,0.478738,-0.061599,0.223983,0.598588,-0.020837,0.250660,0.515439,-0.035177,0.266033,0.465205,-0.046982,0.276707,0.422272,-0.055419,0.188984,0.593055,-0.023946,0.197104,0.511494,-0.039336,0.203650,0.461021,-0.050309,0.210566,0.416500,-0.057559,0.152008,0.605615,-0.029710,0.144573,0.541330,-0.044843,0.141013,0.499051,-0.051933,0.140586,0.458841,-0.055816
803,0,0.027106,0.037035,0.044437,1.516647,1.564311,0.164697,0.794846,0.000000,0.226859,0.787455,-0.027817,0.282352,0.750908,-0.040954,0.325313,0.709731,-0.051994,0.362471,0.681260,-0.062282,0.256760,0.625391,-0.022100,0.291570,0.559905,-0.038956,0.309941,0.517749,-0.052588,0.322929,0.479776,-0.062638,0.224354,0.599009,-0.021308,0.251071,0.516173,-0.035791,0.266168,0.465945,-0.047562,0.276502,0.422791,-0.055991,0.189490,0.593170,-0.024118,0.197387,0.511948,-0.039569,0.203761,0.461625,-0.050491,0.210342,0.416884,-0.057692,0.152534,0.605339,-0.029677,0.145139,0.541690,-0.044872,0.141525,0.499427,-0.051994,0.141039,0.459229,-0.055912
835,0,0.014653,0.017279,0.059474,1.520952,1.570056,0.165013,0.795166,0.000000,0.226756,0.788009,-0.027981,0.282134,0.751135,-0.040975,0.325504,0.709836,-0.051860,0.362720,0.681352,-0.061956,0.256738,0.625021,-0.022085,0.291962,0.559760,-0.038885,0.310335,0.517172,-0.052609,0.323516,0.479008,-0.062745,0.224143,0.598888,-0.021237,0.250956,0.516255,-0.035691,0.266067,0.465683,-0.047680,0.276249,0.421772,-0.056238,0.189221,0.593502,-0.023998,0.197554,0.512348,-0.039496,0.203690,0.461659,-0.050598,0.209970,0.416239,-0.057894,0.152440,0.606024,-0.029519,0.145409,0.542081,-0.044880,0.141810,0.499688,-0.052097,0.141253,0.459151,-0.056040
868,0,0.020127,0.026980,0.050845,1.525066,1.564704,0.165196,0.794320,0.000000,0.227078,0.787675,-0.028316,0.282259,0.750842,-0.041409,0.325514,0.709331,-0.052294,0.362743,0.681260,-0.062390,0.256681,0.624761,-0.022637,0.292170,0.559207,-0.039437,0.310241,0.516247,-0.053083,0.323388,0.477786,-0.063179,0.224014,0.598788,-0.021552,0.250578,0.515649,-0.035987,0.265550,0.465003,-0.047837,0.275410,0.421252,-0.056277,0.189077,0.593572,-0.024076,0.197118,0.512159,-0.039575,0.203183,0.461660,-0.050519,0.209384,0.416506,-0.057657,0.152167,0.606367,-0.029341,0.145172,0.542211,-0.044761,0.141525,0.500055,-0.051939,0.140857,0.459521,-0.055843
903,0,0.027210,0.034866,0.054197,1.503353,1.548331,0.164160,0.793902,0.000000,0.226031,0.786923,-0.028328,0.281576,0.750376,-0.041340,0.325212,0.709164,-0.052206,0.362699,0.680936,-0.062325,0.256049,0.624364,-0.021871,0.291645,0.559183,-0.038544,0.310090,0.516694,-0.052324,0.323461,0.478339,-0.062482,0.223593,0.598360,-0.020788,0.250342,0.515847,-0.035021,0.265249,0.465356,-0.046970,0.275163,0.421401,-0.055592,0.188878,0.593080,-0.023387,0.197134,0.512300,-0.038761,0.203010,0.461975,-0.049805,0.208813,0.416780,-0.057049,0.151895,0.605435,-0.028761,0.145195,0.541737,-0.044096,0.141599,0.499684,-0.051222,0.140697,0.459279,-0.055159
939,0,0.034071,0.045555,0.059798,1.521608,1.570401,0.164486,0.794226,0.000000,0.225761,0.787234,-0.028588,0.281101,0.750102,-0.041789,0.324642,0.708844,-0.052729,0.362048,0.680376,-0.062881,0.255839,0.624346,-0.022902,0.291225,0.558809,-0.039802,0.309826,0.516279,-0.053673,0.322925,0.477444,-0.063983,0.223309,0.598289,-0.021721,0.249989,0.515980,-0.036162,0.264726,0.465242,-0.048203,0.274361,0.420871,-0.056978,0.188511,0.592778,-0.024161,0.196868,0.512019,-0.039605,0.202715,0.461842,-0.050604,0.208290,0.416509,-0.057923,0.151631,0.605009,-0.029394,0.144808,0.540966,-0.044780,0.141176,0.499198,-0.051981,0.140318,0.458591,-0.055955
971,0,0.024673,0.027826,0.056909,1.515218,1.561949,0.163547,0.793499,0.000000,0.225580,0.786588,-0.028395,0.280807,0.749895,-0.041530,0.324137,0.708555,-0.052502,0.361660,0.680006,-0.062610,0.255746,0.624147,-0.022417,0.291124,0.558563,-0.039229,0.309129,0.515615,-0.053014,0.322090,0.476724,-0.063239,0.223172,0.597770,-0.021375,0.249888,0.515164,-0.035788,0.264539,0.464509,-0.047823,0.274241,0.420270,-0.056435,0.188189,0.592188,-0.023911,0.196832,0.511367,-0.039347,0.202647,0.461169,-0.050221,0.208697,0.415990,-0.057379,0.151043,0.604818,-0.029260,0.144323,0.541384,-0.044598,0.140764,0.499413,-0.051677,0.140156,0.458682,-0.055531
1004,0,0.023619,0.026402,0.052518,1.503059,1.555929,0.163466,0.793964,0.000000,0.225355,0.786584,-0.027970,0.280542,0.749326,-0.040812,0.324151,0.708057,-0.051606,0.361797,0.679870,-0.061573,0.255775,0.623664,-0.021805,0.290901,0.558264,-0.038390,0.309261,0.515728,-0.052118,0.322392,0.476860,-0.062361,0.223288,0.597771,-0.020918,0.249658,0.515729,-0.035100,0.264246,0.465114,-0.047076,0.273900,0.420740,-0.055782,0.188356,0.592537,-0.023656,0.196431,0.511876,-0.038941,0.202215,0.461505,-0.050031,0.208005,0.415956,-0.057358,0.151265,0.604843,-0.029152,0.144134,0.540905,-0.044476,0.140274,0.498771,-0.051764,0.139258,0.458021,-0.055861
1037,0,0.023804,0.027046,0.052388,1.493778,1.540553,0.164213,0.793793,0.000000,0.225952,0.786371,-0.027797,0.281347,0.749277,-0.040475,0.324239,0.707657,-0.051066,0.361307,0.679551,-0.060830,0.256030,0.623357,-0.021359,0.291127,0.557629,-0.037620,0.309226,0.515071,-0.051066,0.322260,0.476538,-0.061066,0.223469,0.597781,-0.020434,0.249652,0.515507,-0.034510,0.264123,0.464861,-0.046420,0.273860,0.420694,-0.055042,0.188675,0.592604,-0.023131,0.196620,0.511551,-0.038368,0.202340,0.460990,-0.049491,0.208391,0.415519,-0.056853,0.151718,0.604958,-0.028584,0.144543,0.541020,-0.043900,0.140565,0.498657,-0.051302,0.139662,0.457807,-0.055436
1069,0,0.036843,0.041620,0.042038,1.508174,1.539354,0.163943,0.791977,0.000000,0.226084,0.784957,-0.028257,0.281475,0.748133,-0.041177,0.324368,0.706834,-0.051953,0.361335,0.678619,-0.061903,0.255706,0.622696,-0.022083,0.291206,0.557226,-0.038621,0.309289,0.514337,-0.052228,0.322578,0.475537,-0.062375,0.223175,0.597116,-0.020962,0.249550,0.514871,-0.035297,0.264133,0.463902,-0.047351,0.273800,0.419631,-0.056043,0.188434,0.591548,-0.023459,0.196664,0.510810,-0.038857,0.202736,0.460538,-0.049868,0.208844,0.415456,-0.057105,0.151525,0.603654,-0.028729,0.145026,0.540074,-0.044087,0.141639,0.497781,-0.051324,0.141069,0.457390,-0.055296
1121,0,0.023149,0.033196,0.035657,1.509900,1.535974,0.164862,0.791904,0.000000,0.226764,0.784313,-0.027751,0.281789,0.747620,-0.040569,0.324506,0.705973,-0.051309,0.361251,0.677505,-0.061304,0.255535,0.622313,-0.021754,0.290869,0.556712,-0.038335,0.308998,0.513855,-0.052014,0.322345,0.475063,-0.062245,0.223195,0.596584,-0.020912,0.249411,0.514397,-0.035258,0.263854,0.463275,-0.047389,0.273158,0.418689,-0.056130,0.188647,0.591168,-0.023616,0.196872,0.510129,-0.038962,0.202784,0.459836,-0.049937,0.208657,0.414496,-0.057149,0.152028,0.603426,-0.029084,0.145281,0.539665,-0.044332,0.141953,0.497318,-0.051544,0.141314,0.456811,-0.055464
1154,0,0.021039,0.026991,0.043545,1.508312,1.533747,0.164137,0.791657,0.000000,0.226224,0.784064,-0.027579,0.281608,0.746885,-0.040351,0.324529,0.705320,-0.051124,0.361540,0.676974,-0.061074,0.256098,0.622025,-0.021684,0.291112,0.556173,-0.038235,0.309291,0.513241,-0.051868,0.322266,0.474082,-0.062015,0.223404,0.596076,-0.020900,0.249555,0.513537,-0.035140,0.264058,0.462669,-0.047089,0.273477,0.418298,-0.055668,0.188550,0.590601,-0.023662,0.196537,0.509976,-0.038784,0.202424,0.459866,-0.049479,0.208317,0.415080,-0.056491,0.151659,0.602962,-0.029147,0.145461,0.539203,-0.044072,0.142186,0.497220,-0.050928,0.141651,0.456897,-0.054650
1189,0,0.030042,0.018423,0.064526,1.518559,1.528927,0.164478,0.790538,0.000000,0.226453,0.783167,-0.028026,0.281609,0.746309,-0.040958,0.323996,0.704991,-0.051767,0.361059,0.676529,-0.061751,0.256297,0.621098,-0.021756,0.291340,0.555083,-0.038265,0.309189,0.512191,-0.051846,0.322220,0.473457,-0.061987,0.223734,0.595270,-0.020695,0.249876,0.513133,-0.035042,0.263976,0.462111,-0.047168,0.273190,0.418113,-0.055855,0.189134,0.589722,-0.023211,0.197187,0.508912,-0.038580,0.202896,0.458640,-0.049605,0.208730,0.413695,-0.056838,0.152515,0.601745,-0.028517,0.145904,0.538282,-0.043788,0.142455,0.496318,-0.051020,0.141926,0.456135,-0.054951
1221,0,0.027042,0.022293,0.072622,1.512994,1.519464,0.164982,0.790597,0.000000,0.226686,0.782856,-0.027316,0.281926,0.745507,-0.039964,0.324797,0.704261,-0.050632,0.361559,0.675766,-0.060476,0.256565,0.620646,-0.021374,0.291771,0.554561,-0.037748,0.309392,0.511574,-0.051181,0.322388,0.473015,-0.061143,0.224107,0.595222,-0.020649,0.250023,0.512635,-0.034827,0.264279,0.461647,-0.046749,0.273309,0.417472,-0.055299,0.189538,0.589813,-0.023433,0.197658,0.509035,-0.038494,0.203633,0.458930,-0.049220,0.209499,0.414013,-0.056319,0.152832,0.601870,-0.028944,0.146534,0.538330,-0.043886,0.143277,0.496366,-0.050828,0.142719,0.456427,-0.054593
1255,0,0.030381,0.028897,0.076809,1.506903,1.502581,0.164968,0.789648,0.000000,0.226734,0.781798,-0.027955,0.282276,0.745191,-0.040794,0.324597,0.703885,-0.051552,0.361284,0.674706,-0.061447,0.256471,0.619886,-0.021163,0.291165,0.553944,-0.037516,0.308694,0.511113,-0.051120,0.321437,0.472363,-0.061250,0.224070,0.594551,-0.020103,0.249960,0.512202,-0.034218,0.263905,0.461162,-0.046448,0.273056,0.416870,-0.055243,0.189574,0.589255,-0.022635,0.197998,0.508938,-0.037751,0.204051,0.458831,-0.048765,0.209858,0.413932,-0.056068,0.153050,0.601139,-0.027936,0.147510,0.538170,-0.042993,0.144433,0.496105,-0.050139,0.143827,0.455935,-0.054026
1288,0,0.063687,0.043665,0.059323,1.491743,1.470096,0.164713,0.787845,0.000000,0.226610,0.780169,-0.027908,0.282725,0.743289,-0.040295,0.324946,0.701328,-0.050643,0.361253,0.672401,-0.060089,0.256305,0.617798,-0.020716,0.291383,0.551493,-0.036610,0.308456,0.508412,-0.049937,0.320909,0.469761,-0.059815,0.223775,0.593106,-0.019393,0.249368,0.510937,-0.033102,0.263260,0.459695,-0.045155,0.271966,0.415601,-0.053857,0.189407,0.588019,-0.021637,0.197842,0.507841,-0.036395,0.204036,0.458258,-0.047154,0.209957,0.414401,-0.054249,0.153151,0.599618,-0.026693,0.147641,0.536751,-0.041471,0.144871,0.494913,-0.048487,0.144473,0.455279,-0.052211
1321,0,0.064867,0.065733,0.112926,1.481815,1.448331,0.165156,0.786789,0.000000,0.226415,0.778182,-0.027631,0.281822,0.740740,-0.040205,0.323832,0.698472,-0.050725,0.360262,0.669022,-0.060424,0.255505,0.617306,-0.020963,0.288405,0.550189,-0.037330,0.305047,0.506360,-0.050960,0.317517,0.467279,-0.061050,0.223127,0.592860,-0.019956,0.247638,0.509952,-0.033810,0.261060,0.458581,-0.045758,0.269983,0.415208,-0.054402,0.189070,0.587884,-0.022527,0.198292,0.507592,-0.037291,0.205540,0.458247,-0.047636,0.212485,0.415142,-0.054480,0.153026,0.599863,-0.027905,0.148326,0.536832,-0.042590,0.146235,0.494723,-0.049317,0.146040,0.455458,-0.052915
1354,0,0.102346,0.087506,0.127168,1.434139,1.383988,0.164486,0.784776,0.000000,0.225042,0.774133,-0.027622,0.280841,0.735801,-0.040244,0.322671,0.693856,-0.050841,0.358812,0.662646,-0.060659,0.254517,0.614099,-0.020609,0.284292,0.545897,-0.036952,0.299160,0.501918,-0.050841,0.310700,0.462239,-0.061165,0.222056,0.590791,-0.019616,0.244544,0.508959,-0.033271,0.257031,0.457772,-0.045543,0.265553,0.414306,-0.054620,0.188224,0.587014,-0.022207,0.197506,0.507901,-0.036602,0.205164,0.460201,-0.046751,0.212384,0.418362,-0.053607,0.152526,0.599090,-0.027680,0.149035,0.536745,-0.041998,0.147711,0.495126,-0.048621,0.148254,0.455774,-0.052283
1388,0,0.139897,0.139364,0.201946,1.339618,1.260594,0.163701,0.782717,0.000000,0.224426,0.771254,-0.027558,0.279675,0.731578,-0.039586,0.319399,0.686751,-0.049546,0.354591,0.654257,-0.058674,0.254573,0.611658,-0.018875,0.281597,0.542204,-0.034229,0.293282,0.497419,-0.047418,0.301831,0.456819,-0.057475,0.221940,0.589831,-0.017453,0.243334,0.509874,-0.030865,0.254136,0.459186,-0.043164,0.261161,0.416565,-0.052292,0.188276,0.586846,-0.019706,0.197347,0.508801,-0.034171,0.204372,0.461330,-0.044556,0.210947,0.420202,-0.051480,0.152855,0.598930,-0.024792,0.150455,0.536958,-0.039412,0.149894,0.495372,-0.046568,0.151029,0.456121,-0.050590
1420,0,0.214740,0.247327,0.207322,1.207213,1.086103,0.166120,0.781004,0.000000,0.225419,0.766511,-0.027278,0.279305,0.725743,-0.038515,0.315302,0.679413,-0.047627,0.347133,0.643163,-0.056011,0.253291,0.606417,-0.016654,0.276340,0.537631,-0.031241,0.285903,0.494129,-0.044487,0.293439,0.454196,-0.054518,0.220161,0.587563,-0.014931,0.238313,0.509737,-0.027393,0.247163,0.460811,-0.039663,0.253252,0.419556,-0.048890,0.186815,0.586604,-0.016960,0.195573,0.511755,-0.030513,0.202379,0.465595,-0.040544,0.209418,0.425125,-0.047359,0.151798,0.600093,-0.021880,0.151788,0.539515,-0.035682,0.152600,0.499695,-0.042267,0.155107,0.461687,-0.045980
1453,0,0.308993,0.345505,0.319529,1.017050,0.849976,0.167468,0.778046,0.000000,0.225622,0.758093,-0.025047,0.278647,0.715945,-0.035096,0.311745,0.668660,-0.043432,0.340127,0.627056,-0.051148,0.250588,0.601685,-0.011357,0.270395,0.535964,-0.025160,0.277914,0.494761,-0.038728,0.284103,0.456406,-0.048890,0.217933,0.585615,-0.010247,0.233726,0.511841,-0.021453,0.241684,0.466393,-0.033590,0.247525,0.427002,-0.042830,0.185268,0.586723,-0.013003,0.192690,0.516087,-0.024991,0.199720,0.473433,-0.033590,0.207314,0.434674,-0.039669,0.151001,0.601109,-0.018592,0.153492,0.544121,-0.030335,0.157243,0.507535,-0.035096,0.162540,0.472077,-0.037730
1487,0,0.501624,0.511095,0.405414,0.770980,0.549251,0.166840,0.775885,0.000000,0.224871,0.752372,-0.020886,0.275995,0.703962,-0.027176,0.308172,0.656489,-0.032567,0.334197,0.615222,-0.037188,0.246592,0.597046,0.000859,0.263552,0.537995,-0.008866,0.270392,0.503201,-0.020776,0.277057,0.472312,-0.029890,0.215587,0.583923,0.001436,0.229116,0.516755,-0.005804,0.237801,0.476941,-0.016384,0.245998,0.443127,-0.024627,0.184885,0.586400,-0.002267,0.192343,0.520492,-0.011818,0.199586,0.483730,-0.019034,0.208727,0.450115,-0.024113,0.152916,0.600570,-0.008651,0.157923,0.546123,-0.018337,0.164210,0.513392,-0.021931,0.173086,0.481230,-0.023967
1519,0,0.367736,0.381132,2.339642,0.730924,0.559843,0.171234,0.776756,0.000000,0.224682,0.750018,-0.016776,0.271922,0.695676,-0.021543,0.303131,0.650642,-0.027058,0.325514,0.606193,-0.031701,0.243083,0.595137,0.009562,0.254665,0.542169,-0.002793,0.264143,0.518190,-0.016900,0.274830,0.504408,-0.026240,0.215382,0.583959,0.007952,0.224825,0.520205,-0.002875,0.236128,0.493373,-0.015032,0.249684,0.482923,-0.022682,0.187020,0.586933,0.001423,0.192436,0.522445,-0.010950,0.203675,0.492612,-0.018999,0.220068,0.476804,-0.023127,0.157230,0.600976,-0.007596,0.162448,0.546998,-0.018910,0.173442,0.516249,-0.024087,0.190052,0.494036,-0.026489
1553,0,0.601112,0.635461,6.206882,1.066006,0.923100,0.179281,0.766831,0.000000,0.227627,0.744503,-0.016860,0.271173,0.688622,-0.024598,0.300792,0.645493,-0.033442,0.311578,0.597072,-0.040875,0.239392,0.582957,0.000092,0.249611,0.518905,-0.021587,0.266045,0.511931,-0.039865,0.274594,0.536381,-0.047073,0.213290,0.574817,-0.001640,0.219467,0.497042,-0.019828,0.240368,0.488415,-0.034208,0.253317,0.517015,-0.039065,0.188026,0.581642,-0.007786,0.189887,0.508383,-0.024041,0.211274,0.492647,-0.032554,0.229108,0.508257,-0.033546,0.161728,0.600948,-0.015981,0.165395,0.541499,-0.030099,0.183376,0.513313,-0.036175,0.203280,0.508473,-0.036244
1585,0,0.516304,0.551140,4.846131,1.447849,1.365654,0.178513,0.762921,0.000000,0.226638,0.737759,-0.011457,0.268146,0.685843,-0.020703,0.298670,0.645526,-0.032026,0.305726,0.598888,-0.041587,0.233362,0.583555,-0.007840,0.242096,0.506847,-0.030875,0.267454,0.517092,-0.046942,0.277994,0.552215,-0.052585,0.211740,0.578147,-0.013461,0.215328,0.486127,-0.034973,0.247234,0.497461,-0.048236,0.261195,0.535899,-0.051938,0.189405,0.585132,-0.021943,0.188911,0.499288,-0.039070,0.223499,0.503679,-0.044534,0.243886,0.533462,-0.043384,0.166067,0.602839,-0.032044,0.167818,0.539812,-0.047984,0.196284,0.526445,-0.053807,0.219880,0.535963,-0.053556
1616,0,0.290063,0.305066,2.042635,1.665343,1.609553,0.178035,0.759996,-0.000000,0.227728,0.731924,-0.006468,0.269265,0.680270,-0.015247,0.299894,0.639427,-0.027448,0.296529,0.595485,-0.038089,0.231856,0.580370,-0.007376,0.238275,0.501248,-0.031723,0.266882,0.525321,-0.049759,0.277796,0.564294,-0.057538,0.212197,0.578845,-0.016449,0.215141,0.483618,-0.038970,0.249928,0.507595,-0.053575,0.263498,0.547910,-0.059483,0.190932,0.586145,-0.027852,0.191037,0.497894,-0.044511,0.228224,0.512659,-0.050382,0.247289,0.547340,-0.050859,0.169373,0.602372,-0.040695,0.175305,0.539204,-0.055520,0.206222,0.531320,-0.061648,0.229159,0.544054,-0.063226
1648,0,0.184711,0.184927,1.038281,1.753990,1.694339,0.178168,0.759525,-0.000000,0.226482,0.727055,-0.004337,0.267534,0.677966,-0.013069,0.298738,0.639435,-0.026266,0.294234,0.597953,-0.037916,0.231193,0.578421,-0.002304,0.238103,0.500151,-0.027347,0.267129,0.528905,-0.046635,0.278176,0.566457,-0.055574,0.212656,0.578006,-0.013152,0.218673,0.483964,-0.036817,0.254748,0.515082,-0.052570,0.268323,0.555254,-0.059164,0.192604,0.584980,-0.026541,0.197275,0.499352,-0.044474,0.236544,0.521226,-0.050921,0.256379,0.557051,-0.051361,0.172855,0.600598,-0.041286,0.182704,0.538142,-0.055354,0.215800,0.536994,-0.060556,0.239608,0.553682,-0.061582
1679,0,0.259559,0.260884,0.400174,1.800361,1.714341,0.176317,0.762257,-0.000000,0.224206,0.728708,-0.002517,0.265358,0.678359,-0.010250,0.296067,0.640302,-0.023177,0.293782,0.605153,-0.034490,0.232959,0.579299,0.003738,0.243993,0.505874,-0.021636,0.272869,0.537408,-0.042576,0.283312,0.577409,-0.052697,0.215345,0.577712,-0.008036,0.226295,0.490701,-0.032748,0.262167,0.524919,-0.049947,0.275280,0.567435,-0.057171,0.195894,0.583253,-0.022663,0.204698,0.501166,-0.041659,0.244177,0.525949,-0.049287,0.264131,0.563673,-0.050204,0.175938,0.597823,-0.038542,0.189700,0.539360,-0.052807,0.222941,0.540249,-0.058418,0.246754,0.557647,-0.059738
1712,0,0.196626,0.225494,0.379648,1.834821,1.749767,0.174535,0.762366,-0.000000,0.224043,0.728128,-0.000168,0.264362,0.678130,-0.006894,0.295898,0.640389,-0.019371,0.294933,0.608112,-0.030373,0.232483,0.580471,0.007557,0.245022,0.508386,-0.015872,0.274202,0.536506,-0.035709,0.286249,0.573264,-0.045833,0.215513,0.579126,-0.005135,0.230960,0.496144,-0.028874,0.266054,0.530209,-0.045468,0.278755,0.570776,-0.052814,0.197150,0.584387,-0.020614,0.210710,0.504585,-0.039985,0.249911,0.531280,-0.047697,0.269336,0.569349,-0.048831,0.179359,0.598448,-0.037153,0.198378,0.544023,-0.052449,0.231631,0.548237,-0.058662,0.254418,0.566344,-0.060526
1744,0,0.146858,0.156411,0.500979,1.886294,1.819925,0.174451,0.760851,0.000000,0.224800,0.726431,0.000181,0.264797,0.677262,-0.006101,0.296612,0.639820,-0.018234,0.294399,0.605434,-0.028997,0.230766,0.582055,0.007991,0.243743,0.507318,-0.014824,0.274243,0.531371,-0.033936,0.288619,0.564313,-0.043885,0.214498,0.581866,-0.004606,0.232865,0.498159,-0.028274,0.268509,0.530540,-0.045224,0.282026,0.568939,-0.053002,0.197405,0.586987,-0.019898,0.216336,0.511558,-0.040014,0.255777,0.538845,-0.048697,0.274982,0.576124,-0.050325,0.181430,0.600608,-0.036070,0.205278,0.548559,-0.051881,0.239217,0.554005,-0.058610,0.261848,0.572189,-0.060853
1786,0,0.222980,0.230337,0.752490,1.931995,1.870552,0.173697,0.760997,0.000000,0.225756,0.723662,0.003310,0.265464,0.676296,-0.002694,0.297368,0.639703,-0.015293,0.296511,0.606167,-0.026465,0.224086,0.577931,0.011951,0.242866,0.509136,-0.008972,0.274383,0.531914,-0.026465,0.288870,0.563384,-0.035388,0.207468,0.577849,-0.002096,0.235325,0.500065,-0.022720,0.271111,0.533163,-0.036911,0.283767,0.570127,-0.043039,0.193106,0.584252,-0.018670,0.222352,0.514682,-0.036875,0.262023,0.543265,-0.043218,0.279611,0.580120,-0.043361,0.182353,0.600711,-0.035925,0.214656,0.551670,-0.050027,0.249633,0.559550,-0.054434,0.271273,0.578870,-0.054936
1820,0,0.234097,0.261061,1.017875,2.075624,2.015057,0.171277,0.760938,-0.000000,0.225508,0.721019,0.010225,0.264502,0.674405,0.006166,0.296240,0.641226,-0.005871,0.300640,0.610485,-0.016895,0.216864,0.574142,0.015716,0.243995,0.508607,-0.003351,0.277613,0.532171,-0.019378,0.291482,0.562925,-0.027397,0.200812,0.574874,-0.002134,0.240262,0.502165,-0.020074,0.278020,0.537495,-0.031969,0.288107,0.575779,-0.036934,0.189460,0.583159,-0.021807,0.230092,0.517292,-0.037255,0.270797,0.547640,-0.040327,0.286097,0.585162,-0.038827,0.183110,0.602399,-0.041649,0.220393,0.551123,-0.053222,0.255307,0.560978,-0.054115,0.274014,0.582357,-0.052257
1866,0,0.099595,0.111230,0.973089,2.134094,2.063373,0.170255,0.762006,0.000000,0.225270,0.719416,0.010677,0.265016,0.671676,0.006167,0.297586,0.638949,-0.006305,0.303329,0.610112,-0.017664,0.209344,0.569630,0.015632,0.242645,0.509385,-0.003485,0.277326,0.531975,-0.019536,0.291850,0.562613,-0.027521,0.193642,0.570585,-0.002422,0.241532,0.504848,-0.020569,0.280010,0.540406,-0.032031,0.290438,0.579490,-0.036415,0.184869,0.580449,-0.022156,0.232721,0.519843,-0.037467,0.274071,0.549396,-0.039927,0.290240,0.586287,-0.037824,0.182714,0.601781,-0.042030,0.222820,0.552590,-0.052653,0.257539,0.561635,-0.052547,0.276852,0.582474,-0.049730
1918,0,0.139387,0.157160,0.849253,2.181908,2.139354,0.169808,0.758965,0.000000,0.224513,0.717448,0.010321,0.264269,0.669344,0.004539,0.297430,0.638949,-0.008729,0.304086,0.612999,-0.020713,0.202395,0.563616,0.011821,0.240572,0.505814,-0.008336,0.275962,0.529456,-0.024964,0.290195,0.562171,-0.033027,0.186650,0.566474,-0.006179,0.241671,0.505309,-0.025264,0.280287,0.541791,-0.036556,0.290709,0.582474,-0.040402,0.179614,0.578879,-0.025511,0.232651,0.522291,-0.040790,0.273965,0.550543,-0.042413,0.290381,0.586678,-0.039520,0.180657,0.602977,-0.044954,0.222721,0.556488,-0.055151,0.257163,0.563089,-0.054234,0.277373,0.581008,-0.050635
1947,0,0.091893,0.092531,0.466602,2.152149,2.118223,0.168720,0.757106,0.000000,0.223957,0.715487,0.008640,0.265030,0.667185,0.001293,0.299756,0.634407,-0.013186,0.301949,0.608034,-0.026303,0.199539,0.562759,0.010630,0.238970,0.507475,-0.008946,0.275234,0.529536,-0.025561,0.290293,0.561803,-0.033833,0.184273,0.565991,-0.006610,0.239488,0.507864,-0.024853,0.278432,0.542149,-0.035958,0.289825,0.582089,-0.039930,0.178217,0.578593,-0.025163,0.230825,0.523124,-0.039412,0.272231,0.549520,-0.040552,0.289372,0.584387,-0.037581,0.181276,0.602629,-0.044040,0.223270,0.556275,-0.052883,0.257578,0.562229,-0.051052,0.277948,0.580423,-0.046976
1997,0,0.035569,0.054737,0.183044,2.152148,2.128633,0.168709,0.754887,0.000000,0.224032,0.713710,0.008481,0.264656,0.665976,0.000964,0.299167,0.634284,-0.013621,0.302595,0.607286,-0.026767,0.198154,0.562734,0.010754,0.238474,0.507800,-0.009075,0.274678,0.529936,-0.025953,0.289988,0.562419,-0.034248,0.183219,0.565620,-0.006412,0.239404,0.507227,-0.024494,0.278292,0.540319,-0.035588,0.289880,0.579762,-0.039455,0.177661,0.578108,-0.024935,0.230908,0.523014,-0.038912,0.271902,0.548873,-0.039795,0.288651,0.583495,-0.036606,0.181505,0.602244,-0.043832,0.224201,0.556901,-0.052449,0.257967,0.563162,-0.050311,0.277894,0.581540,-0.045969
2028,0,0.058763,0.064676,0.219157,2.188645,2.170025,0.169239,0.754220,0.000000,0.223930,0.712694,0.009114,0.263574,0.666153,0.001438,0.296692,0.635475,-0.013545,0.303245,0.608487,-0.027225,0.197814,0.562387,0.010821,0.238951,0.507703,-0.009568,0.275567,0.530774,-0.026855,0.290568,0.563963,-0.035313,0.183033,0.565220,-0.006928,0.240498,0.507373,-0.025627,0.279784,0.541711,-0.037297,0.291098,0.582115,-0.041569,0.177564,0.577785,-0.025997,0.231810,0.523179,-0.040761,0.273101,0.550901,-0.042073,0.289379,0.586753,-0.039046,0.181252,0.601790,-0.045302,0.223729,0.556281,-0.054450,0.257819,0.562904,-0.052465,0.277695,0.581700,-0.048093
2075,0,0.055083,0.064591,0.210403,2.188573,2.178567,0.169304,0.753482,0.000000,0.223922,0.713249,0.008211,0.264698,0.667149,0.000318,0.297756,0.636694,-0.014554,0.302400,0.607917,-0.028052,0.198767,0.562361,0.008792,0.239451,0.507328,-0.011882,0.276087,0.530363,-0.029124,0.290961,0.563002,-0.037481,0.183418,0.565182,-0.008290,0.240701,0.509102,-0.027181,0.279832,0.544461,-0.038653,0.290849,0.584276,-0.042807,0.177260,0.577758,-0.026679,0.231681,0.524835,-0.041769,0.272621,0.552992,-0.043041,0.288978,0.588448,-0.039960,0.180265,0.601669,-0.045286,0.222953,0.557157,-0.054832,0.257400,0.564320,-0.052922,0.277547,0.583383,-0.048501
2123,0,0.039233,0.034884,0.141706,2.206972,2.201763,0.169817,0.753390,0.000000,0.224598,0.713197,0.008522,0.265111,0.667607,0.000734,0.298110,0.637628,-0.014096,0.302771,0.609228,-0.027608,0.199392,0.562288,0.008802,0.240255,0.507856,-0.012184,0.276473,0.531623,-0.029629,0.291646,0.564572,-0.038047,0.183855,0.565159,-0.008455,0.241766,0.510246,-0.027809,0.280531,0.546611,-0.039417,0.291394,0.586920,-0.043592,0.177560,0.577947,-0.027007,0.232448,0.525573,-0.042523,0.273150,0.554637,-0.043859,0.289383,0.590192,-0.040686,0.180275,0.602052,-0.045730,0.223035,0.557820,-0.055584,0.257387,0.564935,-0.053780,0.277931,0.583372,-0.049404
2156,0,0.058310,0.052508,0.108116,2.198130,2.194226,0.170137,0.753555,0.000000,0.224648,0.713694,0.009006,0.265371,0.668239,0.001851,0.297974,0.639410,-0.012406,0.303687,0.611097,-0.025328,0.199919,0.562791,0.010289,0.241008,0.509520,-0.010206,0.277042,0.533197,-0.027461,0.291778,0.565854,-0.035826,0.184550,0.565397,-0.007015,0.242074,0.510832,-0.025761,0.280833,0.546246,-0.037425,0.292119,0.586380,-0.041724,0.178085,0.577844,-0.025628,0.233161,0.525472,-0.040925,0.273683,0.554290,-0.042558,0.290101,0.589787,-0.039558,0.180720,0.601592,-0.044357,0.223910,0.557382,-0.054155,0.258215,0.565327,-0.052355,0.278736,0.584716,-0.047923
2210,0,0.025406,0.024002,0.112671,2.192963,2.189795,0.169977,0.753928,0.000000,0.224667,0.713627,0.008580,0.265783,0.668599,0.000904,0.298514,0.639617,-0.013910,0.303214,0.611015,-0.027405,0.200037,0.563946,0.010611,0.241183,0.510231,-0.010072,0.277407,0.534097,-0.027654,0.292165,0.567366,-0.036209,0.184847,0.566513,-0.006694,0.242186,0.510961,-0.025631,0.281011,0.546354,-0.037833,0.292362,0.586632,-0.042475,0.178433,0.578457,-0.025382,0.232862,0.525576,-0.040585,0.273660,0.554444,-0.042575,0.290113,0.590263,-0.039856,0.181017,0.602093,-0.044266,0.224059,0.558227,-0.053882,0.258625,0.566013,-0.052290,0.279012,0.585360,-0.048112
2263,0,0.035271,0.027794,0.092621,2.207839,2.207267,0.169692,0.754566,0.000000,0.224498,0.714243,0.009042,0.265613,0.669395,0.001315,0.298647,0.640324,-0.013716,0.303591,0.612206,-0.027481,0.199849,0.564277,0.010923,0.241492,0.511393,-0.009713,0.277528,0.535541,-0.027216,0.292407,0.568904,-0.035736,0.184656,0.566774,-0.006767,0.242742,0.511741,-0.025642,0.281546,0.547600,-0.037658,0.292778,0.588060,-0.042134,0.178411,0.578861,-0.025807,0.233542,0.526906,-0.040973,0.274336,0.556251,-0.042730,0.290680,0.592276,-0.039813,0.181132,0.602678,-0.045051,0.224696,0.559087,-0.054499,0.259234,0.567029,-0.052675,0.279671,0.586482,-0.048333
2296,0,0.066237,0.071595,0.109872,2.180722,2.182239,0.170596,0.755113,0.000000,0.225238,0.714888,0.008987,0.266028,0.669816,0.001861,0.299030,0.640821,-0.012429,0.304180,0.612924,-0.025322,0.199922,0.564420,0.011908,0.241073,0.512007,-0.007886,0.277028,0.535157,-0.024859,0.291944,0.567644,-0.033134,0.184960,0.566933,-0.005304,0.241928,0.513145,-0.023204,0.280797,0.547448,-0.034723,0.292501,0.586948,-0.039026,0.179020,0.579188,-0.023899,0.233258,0.528365,-0.038364,0.274000,0.556288,-0.039920,0.290377,0.591436,-0.036974,0.182064,0.602744,-0.042700,0.225418,0.559945,-0.051836,0.259572,0.567997,-0.049916,0.279653,0.587390,-0.045481
2332,0,0.033532,0.035081,0.239419,2.187255,2.185536,0.170107,0.755717,0.000000,0.224267,0.716647,0.009157,0.264871,0.670880,0.001961,0.298187,0.641126,-0.012476,0.304704,0.613496,-0.025646,0.200100,0.565635,0.011576,0.241510,0.512048,-0.008133,0.277817,0.535705,-0.025002,0.292546,0.568561,-0.033242,0.185310,0.567965,-0.005879,0.242614,0.512792,-0.023697,0.281618,0.547947,-0.035142,0.292745,0.587751,-0.039435,0.179355,0.579791,-0.024655,0.233606,0.527821,-0.039138,0.274432,0.556880,-0.040525,0.290405,0.592488,-0.037520,0.182247,0.603383,-0.043597,0.225466,0.559310,-0.052778,0.259940,0.567774,-0.050731,0.279779,0.587534,-0.046206
2362,0,0.023536,0.027982,0.128817,2.185688,2.175665,0.170871,0.755958,0.000000,0.225092,0.716233,0.008591,0.265650,0.670518,0.000969,0.298845,0.640546,-0.013823,0.304458,0.612672,-0.027216,0.199959,0.565842,0.011510,0.241571,0.512316,-0.008566,0.278101,0.535673,-0.025706,0.292959,0.568819,-0.034032,0.185109,0.567926,-0.005705,0.242598,0.512772,-0.023915,0.281891,0.547716,-0.035392,0.293127,0.587532,-0.039538,0.179195,0.579633,-0.024346,0.234012,0.527883,-0.039041,0.274846,0.556667,-0.040334,0.290954,0.592446,-0.037117,0.182364,0.602840,-0.043253,0.226054,0.559074,-0.052408,0.260322,0.567791,-0.050152,0.280040,0.587914,-0.045442
2413,0,0.036417,0.046253,0.183080,2.202981,2.196184,0.170667,0.755471,0.000000,0.224907,0.716254,0.008993,0.265639,0.670639,0.001688,0.298975,0.641063,-0.012865,0.304458,0.612922,-0.026128,0.200995,0.566315,0.011186,0.242288,0.511974,-0.009059,0.278871,0.535945,-0.026243,0.293418,0.569094,-0.034550,0.186084,0.568512,-0.006296,0.243197,0.512544,-0.024738,0.282688,0.548206,-0.036469,0.293619,0.588463,-0.040805,0.179929,0.580196,-0.025135,0.234287,0.527631,-0.040209,0.275272,0.557273,-0.041764,0.291043,0.593459,-0.038720,0.182658,0.603518,-0.044147,0.225864,0.558863,-0.053678,0.260493,0.567596,-0.051693,0.280008,0.588022,-0.047159
2457,0,0.023239,0.023716,0.075338,2.208550,2.199675,0.170500,0.755842,0.000000,0.225014,0.716012,0.008989,0.265818,0.670718,0.001424,0.299252,0.641009,-0.013491,0.304735,0.612694,-0.027165,0.200727,0.566811,0.011733,0.242349,0.512954,-0.008615,0.278803,0.536825,-0.026020,0.293600,0.570148,-0.034495,0.186098,0.568753,-0.005871,0.243718,0.513186,-0.024578,0.282970,0.549229,-0.036684,0.294082,0.589774,-0.041228,0.180076,0.580285,-0.024860,0.234913,0.528099,-0.039802,0.275926,0.558021,-0.041527,0.291718,0.594366,-0.038641,0.183001,0.603464,-0.044047,0.226187,0.559002,-0.053235,0.260652,0.567842,-0.051245,0.280327,0.588155,-0.046833
2492,0,0.025534,0.024097,0.087743,2.201219,2.190137,0.171144,0.755781,0.000000,0.225551,0.716379,0.008673,0.266280,0.671508,0.001146,0.299879,0.641935,-0.013589,0.304991,0.613191,-0.026962,0.201605,0.566621,0.011379,0.242945,0.513168,-0.008739,0.279219,0.536880,-0.025787,0.293556,0.569943,-0.033996,0.186675,0.568627,-0.005892,0.243983,0.513488,-0.024181,0.282948,0.549193,-0.035717,0.293629,0.589179,-0.039888,0.180538,0.580251,-0.024579,0.235368,0.528676,-0.039491,0.276068,0.558555,-0.040881,0.291606,0.594671,-0.037670,0.183427,0.603528,-0.043497,0.226940,0.559701,-0.052831,0.261133,0.568391,-0.050746,0.280439,0.588634,-0.046112
2538,0,0.028461,0.022261,0.116052,2.208379,2.200489,0.171349,0.756215,0.000000,0.225978,0.716041,0.008671,0.267073,0.671283,0.000915,0.300405,0.641840,-0.014077,0.304560,0.614104,-0.027807,0.201605,0.566531,0.011390,0.243177,0.513464,-0.008878,0.279280,0.537401,-0.026220,0.294011,0.570634,-0.034651,0.186875,0.568854,-0.006038,0.244370,0.514378,-0.024616,0.283163,0.550294,-0.036701,0.294230,0.590582,-0.041198,0.180931,0.580782,-0.024847,0.235544,0.529655,-0.039743,0.276109,0.559331,-0.041528,0.292068,0.595333,-0.038652,0.183674,0.604433,-0.043876,0.226500,0.560539,-0.052968,0.260682,0.568930,-0.050984,0.280533,0.588814,-0.046521
2572,0,0.029924,0.030108,0.089553,2.200120,2.192583,0.171280,0.756317,0.000000,0.225745,0.716931,0.008708,0.266618,0.672384,0.001055,0.299936,0.643198,-0.013935,0.305010,0.614750,-0.027655,0.201904,0.567021,0.012157,0.243358,0.514177,-0.007919,0.279510,0.537838,-0.025191,0.294030,0.571188,-0.033593,0.187194,0.569068,-0.005190,0.244487,0.514654,-0.023587,0.283227,0.550281,-0.035694,0.294279,0.590867,-0.040226,0.181170,0.580706,-0.023967,0.235699,0.529521,-0.038837,0.276394,0.559220,-0.040755,0.292116,0.595621,-0.037944,0.184050,0.604106,-0.042972,0.227325,0.560110,-0.052036,0.261498,0.568777,-0.050150,0.280994,0.589173,-0.045784
2618,0,0.033269,0.036171,0.130758,2.204654,2.197581,0.171128,0.756120,0.000000,0.225769,0.717303,0.008307,0.267008,0.672745,0.000451,0.300624,0.642920,-0.014607,0.304279,0.614280,-0.028372,0.202249,0.567683,0.011180,0.244244,0.514303,-0.009075,0.280329,0.538771,-0.026357,0.294300,0.572467,-0.034714,0.187439,0.569797,-0.006007,0.245083,0.514449,-0.024442,0.283820,0.551031,-0.036431,0.293949,0.591307,-0.040956,0.181101,0.581201,-0.024640,0.235951,0.529346,-0.039470,0.276588,0.559580,-0.041386,0.291793,0.595907,-0.038644,0.183497,0.604641,-0.043499,0.226951,0.560326,-0.052715,0.261382,0.569015,-0.050997,0.280702,0.589430,-0.046802
2669,0,0.030470,0.031934,0.093852,2.197409,2.192843,0.170726,0.756446,0.000000,0.225573,0.717861,0.008210,0.266504,0.673385,0.000302,0.300195,0.643689,-0.014817,0.304797,0.614787,-0.028594,0.201878,0.567878,0.011761,0.244264,0.515270,-0.008474,0.280301,0.539889,-0.025918,0.294380,0.573967,-0.034358,0.187165,0.569951,-0.005311,0.245249,0.515019,-0.023605,0.283639,0.551292,-0.035614,0.294070,0.591972,-0.040140,0.181009,0.581369,-0.023886,0.236255,0.529203,-0.038521,0.276861,0.559328,-0.040338,0.291973,0.595865,-0.037563,0.183799,0.604619,-0.042717,0.227930,0.560144,-0.051670,0.262112,0.569217,-0.049688,0.281048,0.589938,-0.045360
2697,0,0.016993,0.024085,0.120755,2.192625,2.179259,0.171356,0.756673,0.000000,0.226269,0.717610,0.008063,0.267533,0.673256,0.000232,0.301473,0.643370,-0.014779,0.304194,0.614284,-0.028436,0.202723,0.568360,0.011923,0.244232,0.515235,-0.008290,0.280388,0.539492,-0.025695,0.294466,0.573297,-0.034117,0.187727,0.570079,-0.005070,0.245126,0.514826,-0.023366,0.283716,0.550894,-0.035339,0.294143,0.591296,-0.039797,0.181369,0.581308,-0.023614,0.236188,0.529432,-0.038278,0.276683,0.559302,-0.040028,0.291793,0.595567,-0.037221,0.183828,0.604499,-0.042439,0.227648,0.560176,-0.051555,0.261813,0.569289,-0.049672,0.280833,0.590047,-0.045346
2747,0,0.032481,0.035461,0.145217,2.175502,2.172241,0.171546,0.756252,0.000000,0.226154,0.718482,0.008100,0.267392,0.674621,0.000515,0.300868,0.645312,-0.014216,0.304646,0.616242,-0.027639,0.203737,0.568879,0.012001,0.244287,0.515929,-0.007889,0.279942,0.539241,-0.025109,0.294087,0.572654,-0.033474,0.188908,0.570923,-0.004798,0.245078,0.515501,-0.022927,0.283319,0.550234,-0.035011,0.293978,0.590709,-0.039673,0.182337,0.582130,-0.023093,0.236072,0.529688,-0.037755,0.276519,0.558411,-0.039838,0.292074,0.594781,-0.037259,0.184490,0.605287,-0.041656,0.228028,0.560841,-0.050748,0.261972,0.569330,-0.049062,0.281045,0.589820,-0.044929
2778,0,0.055748,0.050293,0.228228,2.179518,2.178373,0.171119,0.757706,0.000000,0.225562,0.719667,0.009093,0.266182,0.675326,0.002003,0.299713,0.646557,-0.012406,0.305505,0.618095,-0.025571,0.203014,0.568634,0.013173,0.244551,0.516652,-0.006075,0.279954,0.539530,-0.022900,0.294328,0.572791,-0.031111,0.188199,0.570670,-0.004068,0.245596,0.516849,-0.021565,0.283772,0.551759,-0.033287,0.294421,0.591991,-0.037755,0.181763,0.582102,-0.022719,0.236522,0.531051,-0.036931,0.276707,0.560088,-0.038546,0.292053,0.596233,-0.035711,0.183861,0.605516,-0.041580,0.227957,0.561547,-0.050384,0.261869,0.570361,-0.048274,0.280692,0.590821,-0.043822
2826,0,0.065961,0.066829,0.309474,2.179456,2.168460,0.172296,0.758321,0.000000,0.226567,0.720030,0.007875,0.267983,0.676242,0.000082,0.301368,0.646173,-0.014860,0.303275,0.617541,-0.028450,0.204556,0.570762,0.011957,0.244940,0.517406,-0.008308,0.280530,0.541024,-0.025646,0.294731,0.574619,-0.033909,0.189260,0.572343,-0.004886,0.245492,0.517223,-0.023486,0.283764,0.552987,-0.035360,0.294256,0.593570,-0.039583,0.182174,0.583112,-0.023321,0.236595,0.531068,-0.038461,0.276744,0.561069,-0.040143,0.291910,0.597683,-0.036944,0.183756,0.605853,-0.042089,0.227559,0.561652,-0.051556,0.261669,0.570790,-0.049709,0.280843,0.591378,-0.045190
2878,0,0.053728,0.055519,0.212569,2.167363,2.171893,0.171543,0.758864,0.000000,0.225265,0.721588,0.008782,0.266171,0.677408,0.001762,0.299443,0.648301,-0.012517,0.304421,0.620805,-0.025528,0.204641,0.570903,0.012863,0.245129,0.518406,-0.006543,0.280481,0.541250,-0.023335,0.294510,0.574517,-0.031465,0.189527,0.572809,-0.004201,0.245785,0.518243,-0.021950,0.283732,0.553071,-0.033510,0.294040,0.593466,-0.037765,0.182521,0.583879,-0.022758,0.236594,0.531894,-0.037402,0.276701,0.561295,-0.038952,0.291681,0.597720,-0.035951,0.183781,0.606698,-0.041525,0.227463,0.562461,-0.050826,0.261392,0.571262,-0.048913,0.280361,0.591801,-0.044526
2907,0,0.040545,0.038252,0.120309,2.159407,2.160388,0.172021,0.759355,0.000000,0.226139,0.722020,0.009035,0.266824,0.678670,0.002283,0.300047,0.649955,-0.011824,0.304264,0.621032,-0.024638,0.204768,0.572315,0.013862,0.244977,0.519623,-0.005380,0.279918,0.542752,-0.022261,0.293796,0.576032,-0.030447,0.189665,0.573802,-0.003278,0.245292,0.518688,-0.020875,0.283006,0.553595,-0.032757,0.293317,0.594153,-0.037295,0.182418,0.584494,-0.021931,0.236367,0.532044,-0.036404,0.276151,0.561659,-0.038186,0.290935,0.598387,-0.035381,0.183708,0.606942,-0.040793,0.227592,0.562646,-0.050068,0.261481,0.571910,-0.048252,0.280026,0.592718,-0.043929
2954,0,0.027537,0.025450,0.141336,2.144259,2.154637,0.171540,0.759661,0.000000,0.225510,0.723326,0.008629,0.267142,0.679813,0.001729,0.300541,0.650505,-0.012428,0.303088,0.622716,-0.025318,0.205722,0.572653,0.013788,0.245384,0.520667,-0.005464,0.280043,0.543314,-0.022367,0.293952,0.576649,-0.030559,0.190431,0.574148,-0.003154,0.245384,0.519672,-0.020851,0.282953,0.553956,-0.032735,0.293521,0.594611,-0.037185,0.182779,0.584912,-0.021675,0.236166,0.533121,-0.036295,0.275898,0.562133,-0.038076,0.291180,0.598570,-0.035240,0.183439,0.607627,-0.040416,0.226920,0.563756,-0.049745,0.260742,0.572321,-0.048064,0.279900,0.592447,-0.043845
2986,0,0.038760,0.040040,0.184128,2.147044,2.154914,0.171245,0.760569,0.000000,0.225086,0.724213,0.009188,0.266147,0.680157,0.002583,0.299760,0.650955,-0.011405,0.304169,0.623397,-0.024178,0.206282,0.573198,0.014726,0.245828,0.520871,-0.004194,0.280561,0.543813,-0.021030,0.294030,0.577398,-0.029287,0.191072,0.574680,-0.002534,0.246163,0.519801,-0.019777,0.283612,0.554528,-0.031528,0.293741,0.594978,-0.035995,0.183488,0.585097,-0.021376,0.236949,0.533303,-0.035467,0.276489,0.562763,-0.037016,0.291102,0.599424,-0.034149,0.183794,0.607775,-0.040444,0.227196,0.563765,-0.049542,0.260822,0.572971,-0.047663,0.279352,0.593922,-0.043378
3034,0,0.042179,0.041485,0.089308,2.165984,2.178711,0.170822,0.760881,0.000000,0.224812,0.724712,0.009188,0.265988,0.680695,0.002316,0.299485,0.651668,-0.012014,0.304207,0.624460,-0.025154,0.205993,0.573450,0.014193,0.246259,0.520795,-0.005141,0.281039,0.544431,-0.022155,0.294390,0.578590,-0.030457,0.190798,0.574834,-0.003231,0.246672,0.520023,-0.021045,0.284199,0.555832,-0.032959,0.293724,0.596917,-0.037417,0.183213,0.585406,-0.022205,0.237328,0.533660,-0.036721,0.276966,0.564331,-0.038345,0.291244,0.601548,-0.035395,0.183639,0.608114,-0.041394,0.227484,0.564228,-0.050673,0.261337,0.573927,-0.048817,0.279797,0.594846,-0.044509
3086,0,0.017991,0.015093,0.051739,2.164366,2.180554,0.170490,0.761212,0.000000,0.225275,0.724637,0.009607,0.265737,0.681017,0.002852,0.299057,0.652228,-0.011482,0.304192,0.625358,-0.024707,0.206036,0.573757,0.014170,0.246448,0.521524,-0.005040,0.281033,0.545332,-0.021936,0.294200,0.579230,-0.030166,0.190627,0.574939,-0.003439,0.246703,0.520287,-0.021057,0.283836,0.556104,-0.032821,0.293151,0.597072,-0.037235,0.182918,0.585494,-0.022517,0.237039,0.533725,-0.036870,0.276411,0.564281,-0.038396,0.290697,0.601427,-0.035443,0.183312,0.608373,-0.041781,0.227054,0.564299,-0.051007,0.260875,0.573752,-0.049115,0.279483,0.594465,-0.044768
3115,0,0.028978,0.025999,0.072676,2.160824,2.172599,0.170726,0.762238,0.000000,0.225096,0.725324,0.009599,0.266012,0.681236,0.003089,0.299435,0.652054,-0.010927,0.303917,0.625455,-0.023731,0.205572,0.574921,0.014531,0.245870,0.522520,-0.004604,0.280496,0.546121,-0.021423,0.293646,0.580068,-0.029610,0.190254,0.576103,-0.002981,0.246038,0.521121,-0.020609,0.283502,0.556952,-0.032367,0.292790,0.597968,-0.036768,0.182773,0.586420,-0.022004,0.236614,0.534181,-0.036469,0.276534,0.564794,-0.038130,0.290818,0.601853,-0.035306,0.183337,0.608641,-0.041185,0.227187,0.564317,-0.050452,0.261082,0.574272,-0.048658,0.279533,0.595428,-0.044440
3169,0,0.026970,0.027657,0.192800,2.151996,2.171027,0.169953,0.762765,0.000000,0.223747,0.726372,0.009399,0.264490,0.682109,0.002829,0.297793,0.652777,-0.011249,0.303935,0.625970,-0.024073,0.205761,0.575912,0.014658,0.246332,0.523016,-0.004558,0.280864,0.547529,-0.021552,0.293408,0.581801,-0.029864,0.190704,0.576939,-0.002808,0.245915,0.521067,-0.020407,0.283401,0.557083,-0.032452,0.292577,0.598105,-0.037164,0.183052,0.587242,-0.021817,0.236257,0.533819,-0.036400,0.276109,0.564308,-0.038358,0.290230,0.601630,-0.035737,0.183262,0.609351,-0.041013,0.226969,0.564557,-0.050469,0.260949,0.574483,-0.048843,0.279098,0.595735,-0.044795
3215,0,0.036559,0.033086,0.261531,2.152651,2.174158,0.169745,0.762835,0.000000,0.224053,0.726578,0.009519,0.264595,0.681828,0.003044,0.298517,0.652207,-0.010944,0.302716,0.626890,-0.023672,0.204699,0.574722,0.015020,0.245807,0.522744,-0.004197,0.280334,0.547027,-0.021255,0.292657,0.582161,-0.029573,0.189407,0.575987,-0.002401,0.245647,0.521412,-0.020054,0.282879,0.557964,-0.031923,0.291600,0.599517,-0.036441,0.181883,0.586160,-0.021388,0.235865,0.534118,-0.035908,0.275507,0.565143,-0.037741,0.289501,0.602517,-0.035041,0.182080,0.608260,-0.040575,0.226554,0.564948,-0.050011,0.260617,0.575434,-0.048444,0.278739,0.596845,-0.044410
3247,0,0.058411,0.067391,0.231395,2.104730,2.126644,0.170567,0.762547,0.000000,0.223382,0.727029,0.007919,0.264379,0.683024,0.000722,0.297631,0.652766,-0.013636,0.301797,0.626362,-0.026641,0.207055,0.574931,0.013628,0.245922,0.522445,-0.005821,0.279686,0.546693,-0.022985,0.291761,0.581501,-0.031327,0.191308,0.576105,-0.002944,0.245091,0.521268,-0.020591,0.281757,0.556597,-0.032491,0.290522,0.597606,-0.037061,0.182607,0.586064,-0.021240,0.234995,0.533951,-0.035732,0.274241,0.563789,-0.037626,0.288414,0.600899,-0.035000,0.181149,0.607722,-0.039886,0.224537,0.565363,-0.049426,0.258115,0.574645,-0.048229,0.276794,0.595324,-0.044407
3300,0,0.059661,0.057108,0.326670,2.079702,2.105521,0.170369,0.762619,0.000000,0.222167,0.728465,0.007594,0.263652,0.682590,0.001001,0.297483,0.650856,-0.012679,0.299811,0.626506,-0.025010,0.208575,0.575952,0.014740,0.244966,0.521499,-0.004441,0.279093,0.545575,-0.021354,0.291219,0.580390,-0.029530,0.192649,0.576660,-0.001580,0.243894,0.519686,-0.019343,0.280904,0.555450,-0.031241,0.289901,0.596482,-0.035562,0.183040,0.585636,-0.019758,0.233775,0.533724,-0.034764,0.273358,0.564300,-0.037057,0.287571,0.601436,-0.034432,0.180003,0.606097,-0.038287,0.223038,0.564293,-0.048424,0.256899,0.574662,-0.047659,0.275141,0.595577,-0.044037
3333,0,0.094337,0.094065,0.376765,2.066101,2.092757,0.170559,0.762489,0.000000,0.221993,0.728233,0.006263,0.263828,0.681612,-0.000635,0.297477,0.648620,-0.014302,0.297333,0.626253,-0.026628,0.210391,0.577047,0.012409,0.245875,0.520694,-0.007800,0.279871,0.546229,-0.025288,0.291390,0.581518,-0.033795,0.193914,0.577452,-0.003416,0.243279,0.518065,-0.022206,0.280730,0.554694,-0.034666,0.289774,0.595648,-0.039389,0.183337,0.586035,-0.021168,0.232077,0.532304,-0.036709,0.272008,0.562399,-0.039724,0.286480,0.599239,-0.037781,0.178893,0.606039,-0.039422,0.220322,0.563385,-0.050006,0.254055,0.573341,-0.050040,0.272198,0.593624,-0.047260
3378,0,0.096225,0.109649,0.822747,2.018341,2.043158,0.171988,0.762073,0.000000,0.222290,0.728305,0.005420,0.263388,0.682376,-0.001319,0.296234,0.648782,-0.014717,0.297163,0.624155,-0.026955,0.216115,0.579898,0.010806,0.245604,0.519327,-0.009525,0.278718,0.543542,-0.026551,0.290320,0.577625,-0.034727,0.199633,0.580161,-0.004417,0.242697,0.515702,-0.023584,0.279303,0.552162,-0.035907,0.288110,0.592295,-0.040593,0.187402,0.587882,-0.021611,0.230229,0.530822,-0.037592,0.269167,0.561412,-0.040627,0.283560,0.598361,-0.038705,0.179723,0.606496,-0.039346,0.217464,0.562681,-0.050640,0.250945,0.572073,-0.051314,0.269361,0.592304,-0.049022
3427,0,0.094831,0.086923,0.748872,2.013659,2.020490,0.173117,0.763107,-0.000000,0.222224,0.730642,0.004192,0.262737,0.683550,-0.002135,0.295367,0.649536,-0.015039,0.297515,0.624872,-0.026789,0.221223,0.583771,0.010472,0.248554,0.520752,-0.010830,0.280982,0.546743,-0.028288,0.292625,0.581413,-0.036570,0.204951,0.583024,-0.004213,0.244143,0.514150,-0.024625,0.280197,0.553062,-0.037457,0.288451,0.593610,-0.042228,0.191400,0.588995,-0.021182,0.230860,0.528225,-0.038888,0.269079,0.561953,-0.042739,0.282396,0.600813,-0.040865,0.180877,0.605339,-0.038718,0.217171,0.558836,-0.051635,0.250929,0.570189,-0.053305,0.269024,0.591671,-0.051533
3461,0,0.055149,0.094806,0.267427,1.992368,1.979801,0.173575,0.765501,-0.000000,0.222604,0.730696,0.003279,0.262614,0.684166,-0.002970,0.294368,0.649835,-0.015649,0.295813,0.621922,-0.027099,0.222498,0.584508,0.010300,0.248287,0.521077,-0.011458,0.280100,0.547625,-0.029346,0.292044,0.581393,-0.037987,0.206074,0.583436,-0.003727,0.242833,0.514150,-0.024714,0.278245,0.552184,-0.038367,0.286867,0.592312,-0.043725,0.191778,0.589428,-0.020151,0.229085,0.527756,-0.038644,0.267342,0.560793,-0.043552,0.281835,0.599940,-0.042238,0.180084,0.606128,-0.037192,0.215374,0.559890,-0.050983,0.249332,0.569679,-0.053748,0.268803,0.590253,-0.052608
3504,0,0.159626,0.157829,0.535095,1.978988,1.942301,0.175388,0.765908,-0.000000,0.223004,0.731893,0.000333,0.263491,0.684856,-0.006695,0.295382,0.649693,-0.019541,0.296119,0.618140,-0.031112,0.228532,0.589708,0.008065,0.253143,0.524203,-0.015321,0.284208,0.551746,-0.034436,0.295694,0.586668,-0.043571,0.212101,0.587414,-0.004481,0.244454,0.512813,-0.027162,0.279232,0.550125,-0.042701,0.288821,0.590391,-0.049104,0.195697,0.591854,-0.019697,0.227594,0.524747,-0.039743,0.265405,0.557391,-0.046633,0.280771,0.596787,-0.046390,0.180792,0.606258,-0.035636,0.212900,0.558021,-0.050601,0.246701,0.567501,-0.054812,0.266637,0.588210,-0.054707
3536,0,0.182550,0.195064,0.459604,1.897909,1.818895,0.178594,0.765662,0.000000,0.224817,0.731735,-0.003757,0.265750,0.683417,-0.011500,0.297385,0.646747,-0.024002,0.301726,0.604509,-0.035028,0.234007,0.591477,0.005781,0.254802,0.523910,-0.017716,0.284668,0.546285,-0.036591,0.297301,0.577534,-0.045651,0.217103,0.588657,-0.004315,0.243617,0.509830,-0.027900,0.276804,0.542605,-0.044457,0.288028,0.580640,-0.051374,0.198711,0.592438,-0.017374,0.224401,0.522635,-0.038452,0.261285,0.551644,-0.046704,0.278661,0.588686,-0.047301,0.180794,0.605723,-0.031341,0.209312,0.556553,-0.047863,0.242887,0.564440,-0.053517,0.264444,0.583593,-0.054184
3587,0,0.140014,0.137759,0.545331,1.900518,1.766824,0.180647,0.766267,0.000000,0.226967,0.731181,-0.004853,0.267559,0.681336,-0.012953,0.299130,0.644310,-0.025729,0.312730,0.599081,-0.037059,0.237644,0.593412,0.004950,0.257091,0.522378,-0.019094,0.286815,0.543591,-0.038541,0.300020,0.574254,-0.048000,0.220835,0.590676,-0.004804,0.244054,0.508243,-0.029171,0.277878,0.538725,-0.046977,0.290052,0.576829,-0.054953,0.201634,0.594071,-0.017621,0.222833,0.518226,-0.038930,0.260389,0.545604,-0.047647,0.278382,0.583449,-0.048777,0.181851,0.605550,-0.031465,0.207110,0.552129,-0.048671,0.241159,0.558865,-0.054706,0.263378,0.578902,-0.055694
3637,0,0.231268,0.226072,0.637061,1.840218,1.672362,0.181002,0.765904,0.000000,0.228871,0.732390,-0.007367,0.270710,0.679975,-0.016278,0.303104,0.641945,-0.028918,0.324040,0.598965,-0.040296,0.239852,0.591200,0.000378,0.257923,0.515403,-0.023787,0.287112,0.533220,-0.043598,0.302030,0.563155,-0.053646,0.221846,0.589459,-0.007975,0.241579,0.505311,-0.032397,0.276237,0.530406,-0.050557,0.291730,0.565638,-0.059255,0.201507,0.594848,-0.019278,0.217532,0.513950,-0.039586,0.256052,0.534591,-0.048107,0.277706,0.568832,-0.049882,0.179943,0.607182,-0.031847,0.199932,0.549573,-0.048285,0.232910,0.552302,-0.053930,0.255941,0.569529,-0.054959
3669,0,0.326224,0.351304,1.300245,1.593560,1.431213,0.181327,0.768076,0.000000,0.229649,0.737229,-0.011713,0.274348,0.683236,-0.020428,0.307699,0.641158,-0.031133,0.329129,0.596902,-0.040821,0.241174,0.592395,-0.004240,0.257712,0.520650,-0.024942,0.285148,0.526000,-0.041962,0.303613,0.546946,-0.050812,0.219901,0.588296,-0.009304,0.235781,0.505929,-0.030419,0.269187,0.518026,-0.045816,0.288595,0.547322,-0.053060,0.196849,0.593981,-0.017163,0.208029,0.513351,-0.035932,0.243752,0.523690,-0.043532,0.267474,0.551887,-0.044960,0.172575,0.608083,-0.026494,0.187126,0.548585,-0.042355,0.217078,0.545091,-0.047279,0.240512,0.558995,-0.047636
3713,0,0.878675,0.905424,5.914995,0.931697,0.655703,0.174825,0.771402,0.000000,0.229748,0.741235,-0.016551,0.277787,0.692963,-0.022822,0.311626,0.646843,-0.029634,0.332329,0.601227,-0.035949,0.247903,0.602273,0.002946,0.272691,0.551429,-0.011188,0.291658,0.529310,-0.025988,0.309606,0.511932,-0.035949,0.222861,0.588753,0.001108,0.244215,0.528544,-0.010406,0.263495,0.506070,-0.021843,0.284912,0.492387,-0.029688,0.195621,0.587657,-0.005029,0.210347,0.525230,-0.018179,0.229521,0.498294,-0.025223,0.253096,0.483384,-0.028976,0.164888,0.596752,-0.013474,0.171962,0.541822,-0.025098,0.187398,0.515194,-0.028318,0.207282,0.501478,-0.029207
3746,0,0.566238,0.540248,2.412257,1.120768,0.633491,0.169112,0.761459,0.000000,0.227832,0.746947,-0.020796,0.282512,0.707169,-0.028645,0.320684,0.664854,-0.035237,0.345755,0.624989,-0.041183,0.257070,0.605888,-0.005624,0.286595,0.551361,-0.017415,0.303417,0.519147,-0.029970,0.317820,0.489101,-0.038907,0.227523,0.585078,-0.005292,0.252765,0.521465,-0.013600,0.271178,0.483234,-0.024092,0.287052,0.451113,-0.031924,0.195404,0.579660,-0.008669,0.210356,0.513976,-0.017788,0.224698,0.476753,-0.025145,0.240222,0.445082,-0.030208,0.160610,0.586975,-0.014475,0.166341,0.532174,-0.023089,0.173389,0.499208,-0.025791,0.183579,0.469179,-0.026997
3790,0,0.543618,0.602489,0.703896,1.500774,1.139823,0.164460,0.761084,0.000000,0.223603,0.756506,-0.024330,0.280365,0.721727,-0.034228,0.322290,0.681998,-0.041842,0.354988,0.648096,-0.048695,0.264768,0.613637,-0.015133,0.297911,0.555582,-0.028154,0.315296,0.518872,-0.039835,0.328314,0.485788,-0.048245,0.235261,0.586210,-0.013584,0.265001,0.516587,-0.023759,0.283473,0.473732,-0.033709,0.297168,0.438626,-0.040873,0.201439,0.575295,-0.015548,0.219263,0.502138,-0.026926,0.230516,0.459110,-0.036340,0.241817,0.423548,-0.042638,0.164765,0.578692,-0.019866,0.167965,0.519147,-0.031633,0.170873,0.482390,-0.037274,0.176582,0.448675,-0.040250
3842,0,0.402821,0.452372,0.189564,1.808406,1.577076,0.161018,0.762624,0.000000,0.218865,0.763160,-0.025492,0.274692,0.733175,-0.037180,0.320179,0.699226,-0.046789,0.357810,0.674103,-0.055724,0.266811,0.617433,-0.019894,0.304637,0.558967,-0.035502,0.324434,0.520897,-0.048357,0.339773,0.486588,-0.057730,0.239141,0.587248,-0.019237,0.273281,0.516007,-0.032530,0.293624,0.471070,-0.044018,0.308657,0.432952,-0.052114,0.206499,0.575423,-0.021954,0.225455,0.499714,-0.036323,0.237676,0.453841,-0.047446,0.249361,0.415463,-0.054739,0.170151,0.579508,-0.027096,0.171106,0.517131,-0.041939,0.173271,0.476360,-0.049634,0.178382,0.438790,-0.053864
3875,0,0.148592,0.201799,0.215128,1.915592,1.759220,0.158072,0.764548,0.000000,0.215967,0.767320,-0.025902,0.272292,0.739171,-0.038372,0.319568,0.709226,-0.048974,0.359948,0.690847,-0.058747,0.267771,0.617830,-0.019978,0.308383,0.560772,-0.035920,0.329777,0.523256,-0.048937,0.346823,0.489770,-0.058596,0.240629,0.586158,-0.019563,0.277246,0.514825,-0.033354,0.299531,0.470324,-0.044862,0.316474,0.432062,-0.052936,0.207997,0.573562,-0.022620,0.226745,0.497504,-0.037561,0.239930,0.451635,-0.048597,0.252969,0.412972,-0.055728,0.171346,0.578027,-0.028166,0.172202,0.515438,-0.043202,0.174795,0.474329,-0.050710,0.180556,0.436507,-0.054785
3907,0,0.091082,0.113532,0.072498,1.881714,1.760067,0.157074,0.766987,0.000000,0.215272,0.770210,-0.026110,0.272366,0.741764,-0.038033,0.319940,0.711825,-0.048079,0.360644,0.694083,-0.057176,0.267575,0.616521,-0.018097,0.309547,0.561100,-0.033330,0.331668,0.524407,-0.046027,0.348625,0.491888,-0.055434,0.240040,0.584873,-0.017517,0.277612,0.512949,-0.030465,0.300713,0.469479,-0.041459,0.318290,0.432512,-0.049201,0.207321,0.573052,-0.020614,0.226783,0.496777,-0.035130,0.240519,0.451167,-0.045795,0.254097,0.412140,-0.052647,0.170389,0.578358,-0.026265,0.171506,0.516030,-0.040995,0.173953,0.475050,-0.048040,0.179804,0.437093,-0.051834
3939,0,0.068580,0.106654,0.135896,1.879386,1.780729,0.156770,0.770046,0.000000,0.215245,0.772292,-0.026910,0.272612,0.743308,-0.039274,0.319659,0.712364,-0.049535,0.360894,0.695951,-0.058891,0.266233,0.616205,-0.019470,0.308886,0.560198,-0.035166,0.331569,0.523167,-0.048080,0.349012,0.491095,-0.057555,0.237705,0.584555,-0.018546,0.275662,0.511508,-0.031686,0.298647,0.467735,-0.042537,0.316014,0.431023,-0.050085,0.204503,0.573292,-0.021288,0.224434,0.496104,-0.035736,0.238584,0.450996,-0.045879,0.252497,0.412488,-0.052365,0.167427,0.579724,-0.026713,0.169298,0.516087,-0.041240,0.172508,0.475009,-0.047844,0.179111,0.437302,-0.051264
3972,0,0.072910,0.074446,0.100400,1.829155,1.749873,0.156057,0.771214,0.000000,0.215156,0.772493,-0.026690,0.272663,0.743057,-0.038964,0.320391,0.712415,-0.049335,0.361275,0.695250,-0.058813,0.264509,0.616236,-0.018977,0.306928,0.559618,-0.034681,0.329598,0.522341,-0.047749,0.346963,0.489733,-0.057306,0.235641,0.584901,-0.018173,0.272514,0.510173,-0.031191,0.295286,0.466003,-0.042117,0.312603,0.428839,-0.049850,0.202255,0.573781,-0.021059,0.220547,0.496429,-0.035316,0.234267,0.450742,-0.045488,0.248002,0.411351,-0.052111,0.165207,0.580604,-0.026650,0.166496,0.517386,-0.040888,0.169196,0.476295,-0.047273,0.175266,0.438245,-0.050683
4017,0,0.079467,0.077689,0.047321,1.833063,1.746729,0.156071,0.770990,0.000000,0.215271,0.771537,-0.027507,0.272500,0.742391,-0.040357,0.320054,0.711865,-0.051161,0.361038,0.694483,-0.061131,0.263320,0.615769,-0.020318,0.305502,0.558999,-0.036584,0.328072,0.521772,-0.050009,0.345552,0.488847,-0.059860,0.234363,0.584681,-0.019265,0.270847,0.510221,-0.032889,0.293314,0.465773,-0.044250,0.310368,0.428068,-0.052313,0.200720,0.574252,-0.021966,0.218043,0.496593,-0.036842,0.231088,0.450178,-0.047428,0.244302,0.410155,-0.054299,0.163725,0.581399,-0.027428,0.164299,0.517855,-0.042184,0.166506,0.476308,-0.049016,0.172171,0.437619,-0.052750
4050,0,0.046817,0.043109,0.067729,1.794686,1.716504,0.155890,0.771397,0.000000,0.215453,0.772635,-0.026671,0.272737,0.742661,-0.039047,0.319848,0.711972,-0.049545,0.360208,0.694408,-0.059233,0.262830,0.616244,-0.019494,0.305051,0.558767,-0.035429,0.327665,0.521370,-0.048477,0.344638,0.488337,-0.058007,0.233510,0.585322,-0.018752,0.269696,0.509893,-0.032147,0.291981,0.465069,-0.043218,0.308771,0.426999,-0.050969,0.199870,0.574799,-0.021688,0.217061,0.496826,-0.036239,0.230114,0.450447,-0.046540,0.243227,0.410418,-0.053222,0.162752,0.582013,-0.027303,0.163173,0.518313,-0.041795,0.165101,0.476705,-0.048398,0.170377,0.437825,-0.051878
4083,0,0.024799,0.028748,0.078586,1.795290,1.727110,0.155536,0.772060,0.000000,0.214879,0.772907,-0.027263,0.272413,0.743342,-0.039896,0.319299,0.712163,-0.050532,0.359683,0.694300,-0.060338,0.262845,0.615874,-0.019661,0.304927,0.558616,-0.035625,0.326958,0.520951,-0.048832,0.343860,0.487854,-0.058559,0.233411,0.584835,-0.018742,0.269154,0.509253,-0.032106,0.291076,0.464630,-0.043336,0.307660,0.426791,-0.051283,0.199640,0.574356,-0.021549,0.216885,0.496487,-0.036140,0.229587,0.449968,-0.046697,0.242346,0.409495,-0.053577,0.162367,0.581775,-0.027065,0.162810,0.518388,-0.041636,0.164697,0.477004,-0.048357,0.169891,0.438106,-0.051955
4117,0,0.019176,0.026922,0.049794,1.788075,1.715076,0.155645,0.771521,0.000000,0.215395,0.772818,-0.027354,0.272748,0.743191,-0.039930,0.319665,0.711370,-0.050542,0.360229,0.693235,-0.060301,0.262845,0.615755,-0.019588,0.304704,0.558976,-0.035586,0.326712,0.521297,-0.048836,0.343609,0.488137,-0.058635,0.233285,0.584660,-0.018636,0.268593,0.509571,-0.032154,0.290407,0.464754,-0.043520,0.306664,0.426551,-0.051613,0.199440,0.574432,-0.021423,0.216485,0.496718,-0.036280,0.228951,0.450235,-0.047011,0.241419,0.409966,-0.053954,0.162222,0.581871,-0.026957,0.162422,0.518715,-0.041854,0.164057,0.477024,-0.048876,0.168769,0.438223,-0.052684
4150,0,0.023409,0.035797,0.049284,1.785465,1.698713,0.156492,0.771923,0.000000,0.215801,0.772657,-0.026990,0.272953,0.742377,-0.039517,0.319744,0.710522,-0.050107,0.360112,0.691840,-0.059828,0.262759,0.616177,-0.019936,0.304756,0.558874,-0.035960,0.326858,0.520895,-0.049040,0.343588,0.487401,-0.058643,0.233138,0.585276,-0.019146,0.268669,0.509589,-0.032759,0.290545,0.464574,-0.043982,0.306826,0.426295,-0.051925,0.199424,0.575097,-0.022031,0.216121,0.497287,-0.036849,0.228594,0.450836,-0.047420,0.241131,0.410427,-0.054257,0.162635,0.582535,-0.027602,0.162611,0.519273,-0.042402,0.163957,0.477538,-0.049317,0.168493,0.438387,-0.053032
4182,0,0.027357,0.022763,0.057945,1.803077,1.707437,0.156703,0.771462,0.000000,0.216175,0.772728,-0.027369,0.273279,0.742553,-0.040026,0.320048,0.710119,-0.050709,0.360508,0.690745,-0.060503,0.263380,0.616088,-0.020299,0.304860,0.558531,-0.036413,0.326809,0.520431,-0.049524,0.343658,0.486939,-0.059240,0.233787,0.585103,-0.019431,0.268737,0.509215,-0.033174,0.290325,0.464004,-0.044430,0.306551,0.425761,-0.052368,0.199896,0.574839,-0.022274,0.216029,0.496575,-0.037341,0.228196,0.449686,-0.047945,0.240449,0.408836,-0.054856,0.162764,0.582413,-0.027823,0.162301,0.518649,-0.042890,0.163439,0.476890,-0.049880,0.167945,0.437627,-0.053711
4218,0,0.033084,0.028253,0.051502,1.794610,1.685245,0.156827,0.770937,0.000000,0.216290,0.771675,-0.027334,0.273428,0.741732,-0.039926,0.319959,0.709475,-0.050445,0.360376,0.690411,-0.060077,0.263596,0.614757,-0.019776,0.304943,0.557599,-0.035624,0.326838,0.519897,-0.048709,0.343278,0.486231,-0.058419,0.233900,0.584118,-0.018769,0.268870,0.508696,-0.032189,0.290137,0.463868,-0.043419,0.306246,0.425469,-0.051432,0.200098,0.573959,-0.021493,0.216473,0.496633,-0.036176,0.228579,0.450183,-0.046814,0.240788,0.409696,-0.053800,0.162921,0.581160,-0.026940,0.162506,0.518327,-0.041683,0.163443,0.476766,-0.048630,0.167694,0.437482,-0.052458
4252,0,0.021926,0.028053,0.042017,1.803111,1.684246,0.157359,0.771101,0.000000,0.216602,0.771595,-0.027137,0.273840,0.741281,-0.039709,0.320002,0.709092,-0.050287,0.360466,0.689826,-0.059997,0.263652,0.615285,-0.019983,0.305091,0.557401,-0.035979,0.327081,0.519376,-0.048984,0.343715,0.485852,-0.058537,0.233822,0.584604,-0.019124,0.268589,0.508449,-0.032781,0.290068,0.463004,-0.044011,0.305927,0.424419,-0.051905,0.199964,0.574262,-0.021946,0.216073,0.496375,-0.036788,0.228298,0.449541,-0.047366,0.240569,0.408816,-0.054195,0.162952,0.581824,-0.027492,0.162619,0.518510,-0.042274,0.163758,0.476736,-0.049142,0.168323,0.437317,-0.052892
4298,0,0.022407,0.022747,0.052832,1.794186,1.681110,0.157125,0.771083,0.000000,0.216765,0.772070,-0.027180,0.273787,0.741868,-0.039627,0.320104,0.708945,-0.050061,0.360408,0.689091,-0.059608,0.263773,0.615325,-0.019537,0.304901,0.557395,-0.035287,0.326681,0.519609,-0.048246,0.343019,0.485883,-0.057832,0.234194,0.584407,-0.018610,0.268679,0.508092,-0.031993,0.289853,0.462737,-0.043078,0.305643,0.424082,-0.050929,0.200286,0.573961,-0.021421,0.215888,0.496193,-0.036155,0.227871,0.449336,-0.046747,0.239865,0.408355,-0.053611,0.163261,0.581420,-0.026944,0.162913,0.518226,-0.041737,0.163975,0.476284,-0.048720,0.168232,0.436896,-0.052546
4344,0,0.025562,0.020503,0.026634,1.798807,1.680579,0.156926,0.770703,0.000000,0.216567,0.771443,-0.027464,0.273868,0.741095,-0.039990,0.320169,0.707968,-0.050462,0.360642,0.688075,-0.059985,0.263522,0.614270,-0.019916,0.304994,0.556698,-0.035683,0.326916,0.518851,-0.048684,0.343379,0.485051,-0.058286,0.233831,0.583490,-0.018780,0.268880,0.508396,-0.032166,0.290008,0.463104,-0.043349,0.305744,0.424468,-0.051292,0.199984,0.573366,-0.021398,0.215471,0.495881,-0.036078,0.227365,0.449125,-0.046668,0.239336,0.408412,-0.053583,0.162931,0.580937,-0.026752,0.162266,0.517306,-0.041492,0.163123,0.475468,-0.048486,0.167177,0.436200,-0.052279
4391,0,0.020049,0.029729,0.051621,1.794455,1.672099,0.156954,0.770108,0.000000,0.216859,0.770947,-0.027649,0.273809,0.741084,-0.040300,0.319730,0.707866,-0.050878,0.360191,0.687750,-0.060588,0.263535,0.614215,-0.019992,0.304808,0.557131,-0.035820,0.326371,0.519257,-0.048865,0.342677,0.485677,-0.058536,0.233725,0.583460,-0.018838,0.268178,0.508415,-0.032406,0.289300,0.463279,-0.043694,0.304808,0.424677,-0.051707,0.199731,0.573495,-0.021453,0.214984,0.495979,-0.036432,0.226629,0.449312,-0.047128,0.238482,0.408387,-0.054115,0.162620,0.581065,-0.026821,0.161807,0.517656,-0.041879,0.162723,0.475756,-0.049063,0.166896,0.436270,-0.052970
4430,0,0.048245,0.034000,0.065404,1.774595,1.663034,0.156231,0.770108,0.000000,0.216180,0.770407,-0.027557,0.273418,0.740266,-0.040067,0.319103,0.706740,-0.050472,0.359156,0.686707,-0.060071,0.262587,0.614676,-0.020456,0.303113,0.556577,-0.036349,0.324804,0.518408,-0.049410,0.341065,0.484276,-0.059087,0.232891,0.584000,-0.019296,0.266994,0.508843,-0.032868,0.287405,0.463385,-0.044060,0.302424,0.424634,-0.052006,0.198917,0.573585,-0.021853,0.213495,0.495850,-0.036762,0.224676,0.448346,-0.047364,0.236001,0.406711,-0.054288,0.161707,0.580936,-0.027183,0.160498,0.517037,-0.042132,0.160813,0.475204,-0.049174,0.164427,0.435820,-0.052990
4465,0,0.026078,0.044638,0.071109,1.757579,1.645190,0.156805,0.771071,0.000000,0.215962,0.770897,-0.027103,0.272760,0.740220,-0.039605,0.318848,0.706960,-0.050124,0.358779,0.686381,-0.059741,0.262082,0.614989,-0.020175,0.302697,0.556965,-0.036052,0.324346,0.518887,-0.049025,0.340295,0.484819,-0.058563,0.232395,0.584519,-0.019312,0.266629,0.508726,-0.032912,0.287374,0.463172,-0.044001,0.302458,0.424292,-0.051851,0.198328,0.574183,-0.022157,0.212910,0.495877,-0.037053,0.223915,0.448173,-0.047651,0.235172,0.406406,-0.054559,0.161029,0.581573,-0.027692,0.159558,0.517612,-0.042627,0.159720,0.475563,-0.049614,0.163174,0.435959,-0.053460
4499,0,0.026601,0.023693,0.043923,1.744327,1.640956,0.156440,0.771340,0.000000,0.216530,0.771609,-0.027191,0.273541,0.740963,-0.039589,0.319617,0.706926,-0.049982,0.359357,0.686232,-0.059491,0.261857,0.614713,-0.020020,0.302407,0.556769,-0.035836,0.324031,0.518748,-0.048842,0.340032,0.484651,-0.058430,0.231983,0.584126,-0.019077,0.265938,0.508375,-0.032476,0.286536,0.462725,-0.043577,0.301548,0.423701,-0.051514,0.197884,0.573963,-0.021847,0.212373,0.496049,-0.036622,0.223439,0.449178,-0.047231,0.234539,0.408160,-0.054147,0.160646,0.581576,-0.027329,0.158929,0.517830,-0.042202,0.159076,0.476084,-0.049196,0.162473,0.436899,-0.053007
4532,0,0.016935,0.015257,0.034859,1.731988,1.636830,0.156187,0.771692,0.000000,0.216233,0.771766,-0.027064,0.273495,0.741140,-0.039337,0.319244,0.707113,-0.049644,0.359288,0.686333,-0.059085,0.261273,0.614679,-0.019619,0.301857,0.556822,-0.035305,0.323434,0.518792,-0.048306,0.339667,0.484713,-0.057983,0.231444,0.584195,-0.018754,0.265296,0.508443,-0.032139,0.286009,0.462710,-0.043350,0.301152,0.423585,-0.051375,0.197407,0.574165,-0.021596,0.211879,0.496365,-0.036446,0.223199,0.449060,-0.047244,0.234529,0.407688,-0.054285,0.160356,0.582018,-0.027143,0.158846,0.518405,-0.042130,0.159176,0.476586,-0.049250,0.162815,0.437365,-0.053184
4566,0,0.028495,0.030470,0.029646,1.724611,1.633493,0.156467,0.772429,0.000000,0.216633,0.772031,-0.027103,0.273381,0.741665,-0.039553,0.319133,0.707355,-0.050076,0.359201,0.686310,-0.059752,0.261280,0.615483,-0.019747,0.301495,0.557119,-0.035659,0.323038,0.518951,-0.048778,0.339214,0.484825,-0.058494,0.231341,0.585235,-0.018980,0.264794,0.508996,-0.032610,0.285089,0.463338,-0.043900,0.299875,0.424531,-0.051924,0.197227,0.575454,-0.021950,0.211478,0.496782,-0.037016,0.222668,0.449216,-0.047794,0.233938,0.407437,-0.054796,0.160080,0.583336,-0.027634,0.158478,0.519166,-0.042798,0.158802,0.477012,-0.049958,0.162326,0.437553,-0.053852
4600,0,0.024914,0.019999,0.049249,1.712394,1.630020,0.156034,0.772269,0.000000,0.216122,0.772132,-0.027171,0.272996,0.741853,-0.039764,0.318982,0.708109,-0.050373,0.358923,0.687159,-0.060157,0.260553,0.615676,-0.020088,0.300762,0.557756,-0.036051,0.322211,0.519664,-0.049234,0.338362,0.485473,-0.058939,0.230735,0.585223,-0.019185,0.264281,0.509542,-0.032790,0.284705,0.463755,-0.044047,0.299518,0.424405,-0.052023,0.196769,0.575223,-0.021984,0.211132,0.497147,-0.036915,0.221978,0.449602,-0.047583,0.233021,0.407916,-0.054499,0.159732,0.583019,-0.027505,0.158220,0.519419,-0.042397,0.158439,0.477459,-0.049391,0.161742,0.438293,-0.053202
4634,0,0.024356,0.027447,0.056765,1.691841,1.623078,0.155636,0.772895,0.000000,0.215930,0.772574,-0.027247,0.273020,0.741434,-0.039695,0.319109,0.707887,-0.050143,0.359010,0.686804,-0.059709,0.260148,0.615831,-0.019798,0.300198,0.557408,-0.035598,0.321892,0.519322,-0.048731,0.338081,0.484973,-0.058454,0.230493,0.585551,-0.018779,0.263769,0.509705,-0.032167,0.283905,0.463845,-0.043321,0.298607,0.424718,-0.051201,0.196598,0.575600,-0.021484,0.210792,0.497234,-0.036225,0.221482,0.449707,-0.046693,0.232481,0.408105,-0.053475,0.159427,0.583250,-0.026934,0.158009,0.519499,-0.041714,0.158098,0.477553,-0.048575,0.161435,0.438324,-0.052221
4667,0,0.038443,0.028945,0.067093,1.670582,1.599665,0.155304,0.772428,0.000000,0.215454,0.771574,-0.027023,0.272488,0.740693,-0.039268,0.318688,0.706962,-0.049531,0.358617,0.686604,-0.058873,0.260094,0.615496,-0.019212,0.299918,0.556621,-0.034656,0.321003,0.517942,-0.047530,0.336989,0.483395,-0.057146,0.230177,0.585397,-0.018182,0.263099,0.509375,-0.031320,0.282977,0.463452,-0.042310,0.297495,0.424423,-0.050120,0.196134,0.575355,-0.020880,0.210114,0.497117,-0.035363,0.220675,0.449531,-0.045803,0.231436,0.407797,-0.052593,0.159091,0.582946,-0.026316,0.157556,0.519231,-0.040897,0.157526,0.477533,-0.047765,0.160812,0.438221,-0.051533
4700,0,0.033640,0.032667,0.049397,1.673231,1.622784,0.153974,0.772001,0.000000,0.214167,0.771292,-0.027561,0.271939,0.740691,-0.039989,0.318448,0.706911,-0.050339,0.358243,0.686166,-0.059748,0.259515,0.615914,-0.019857,0.298889,0.556829,-0.035559,0.319974,0.518216,-0.048692,0.335862,0.483271,-0.058493,0.229658,0.585442,-0.018642,0.262309,0.509528,-0.031971,0.281832,0.463513,-0.043282,0.296131,0.424047,-0.051397,0.195609,0.575148,-0.021171,0.209671,0.497239,-0.035774,0.220139,0.449637,-0.046340,0.231002,0.407741,-0.053279,0.158441,0.582384,-0.026502,0.156998,0.518965,-0.041087,0.156938,0.477274,-0.047987,0.160134,0.437930,-0.051789
4729,0,0.025008,0.028379,0.066063,1.653128,1.607738,0.153947,0.772515,0.000000,0.213681,0.771566,-0.027154,0.271132,0.740348,-0.039321,0.317819,0.706791,-0.049411,0.357900,0.686518,-0.058619,0.259014,0.615758,-0.019494,0.298606,0.557376,-0.034932,0.319873,0.518870,-0.047961,0.335650,0.483977,-0.057679,0.229121,0.585518,-0.018416,0.261917,0.509584,-0.031484,0.281325,0.463427,-0.042632,0.295108,0.423645,-0.050626,0.195184,0.575200,-0.021022,0.209399,0.497506,-0.035324,0.219983,0.449855,-0.045767,0.230578,0.407742,-0.052624,0.158166,0.582459,-0.026390,0.156893,0.518610,-0.040751,0.156724,0.477114,-0.047491,0.159695,0.437721,-0.051135
4757,0,0.026511,0.041469,0.039341,1.668177,1.614437,0.154463,0.773042,0.000000,0.214227,0.771786,-0.027209,0.271500,0.740551,-0.039578,0.317555,0.706712,-0.049909,0.357540,0.686369,-0.059357,0.259307,0.615594,-0.019965,0.298762,0.556605,-0.035481,0.319709,0.517809,-0.048419,0.335174,0.482656,-0.058103,0.229260,0.585263,-0.018985,0.261685,0.509188,-0.032207,0.281081,0.462986,-0.043283,0.294793,0.423375,-0.051242,0.195215,0.575261,-0.021681,0.209284,0.496930,-0.036147,0.219867,0.449580,-0.046498,0.230478,0.407770,-0.053319,0.157917,0.582701,-0.027130,0.156239,0.518664,-0.041636,0.156066,0.477038,-0.048458,0.158975,0.437836,-0.052143
4783,0,0.027371,0.032259,0.052656,1.687222,1.622510,0.154530,0.772101,0.000000,0.214672,0.771541,-0.027337,0.272144,0.740153,-0.039779,0.318260,0.706507,-0.050160,0.358174,0.686096,-0.059698,0.259086,0.615321,-0.020292,0.298195,0.556290,-0.036090,0.319119,0.517203,-0.049179,0.334786,0.481948,-0.058952,0.229094,0.585034,-0.019320,0.261399,0.508944,-0.032871,0.280861,0.462529,-0.044195,0.294850,0.422599,-0.052358,0.195154,0.575117,-0.021999,0.208965,0.496779,-0.036875,0.219772,0.449190,-0.047570,0.230671,0.407373,-0.054596,0.158116,0.582757,-0.027455,0.156317,0.518697,-0.042428,0.156205,0.476771,-0.049611,0.159181,0.437443,-0.053575
4809,0,0.033452,0.032163,0.046671,1.673320,1.593614,0.154874,0.771741,0.000000,0.214636,0.770683,-0.027359,0.272398,0.739731,-0.039648,0.318515,0.705909,-0.049903,0.358323,0.685577,-0.059218,0.259152,0.614482,-0.019766,0.298229,0.555490,-0.035245,0.318988,0.516816,-0.048220,0.334533,0.481889,-0.057927,0.229134,0.584557,-0.018611,0.261651,0.508709,-0.031801,0.280772,0.462122,-0.043015,0.294609,0.422268,-0.051038,0.195181,0.574570,-0.021135,0.209147,0.496391,-0.035637,0.219679,0.449228,-0.046146,0.230192,0.407743,-0.052995,0.158083,0.581864,-0.026458,0.156368,0.517834,-0.041018,0.156040,0.476240,-0.047907,0.158850,0.437091,-0.051664
4843,0,0.021031,0.029022,0.043311,1.674080,1.598011,0.155220,0.772518,0.000000,0.215175,0.771069,-0.027050,0.272632,0.739806,-0.039352,0.318887,0.706024,-0.049601,0.358639,0.685586,-0.058989,0.259067,0.614961,-0.019676,0.298023,0.555887,-0.035167,0.318765,0.517027,-0.048193,0.334273,0.482000,-0.057933,0.229075,0.584995,-0.018757,0.261294,0.508416,-0.031979,0.280415,0.461579,-0.043186,0.294002,0.421438,-0.051205,0.195184,0.574968,-0.021495,0.209300,0.496429,-0.036027,0.219624,0.448510,-0.046589,0.229938,0.406265,-0.053591,0.158111,0.582740,-0.026991,0.156570,0.518762,-0.041621,0.156181,0.476820,-0.048623,0.158936,0.437125,-0.052457
4872,0,0.034378,0.035820,0.054553,1.651108,1.581650,0.154485,0.772148,0.000000,0.214868,0.770690,-0.027311,0.272675,0.739751,-0.039496,0.319093,0.706031,-0.049606,0.358865,0.685398,-0.058774,0.258582,0.614596,-0.019053,0.297631,0.555571,-0.034305,0.318231,0.516784,-0.047294,0.333656,0.481709,-0.057050,0.228753,0.584711,-0.017848,0.261007,0.508552,-0.030739,0.279935,0.461855,-0.041926,0.293601,0.421934,-0.049997,0.194952,0.574735,-0.020375,0.208847,0.496529,-0.034638,0.219263,0.449093,-0.045178,0.229602,0.407189,-0.052113,0.158012,0.582227,-0.025704,0.156201,0.518631,-0.040163,0.155598,0.476915,-0.047059,0.158260,0.437517,-0.050820
4905,0,0.021834,0.032500,0.060508,1.650513,1.576825,0.155158,0.772780,0.000000,0.215290,0.771360,-0.027021,0.272916,0.739721,-0.039083,0.318986,0.705707,-0.049108,0.358715,0.685360,-0.058272,0.258719,0.614726,-0.019326,0.297574,0.555849,-0.034599,0.318424,0.517381,-0.047503,0.333874,0.482449,-0.057215,0.228731,0.584977,-0.018288,0.260715,0.508875,-0.031270,0.279548,0.462333,-0.042373,0.293029,0.422394,-0.050362,0.195018,0.575123,-0.020932,0.208827,0.496848,-0.035284,0.219022,0.449161,-0.045819,0.229269,0.407009,-0.052711,0.158136,0.582718,-0.026336,0.156340,0.518699,-0.040963,0.155817,0.476818,-0.047934,0.158442,0.437184,-0.051771
4939,0,0.023165,0.020449,0.043464,1.652574,1.580656,0.155005,0.772823,0.000000,0.214947,0.771344,-0.027656,0.272168,0.739989,-0.040135,0.318353,0.705750,-0.050462,0.358366,0.684905,-0.059889,0.258638,0.615029,-0.019842,0.297423,0.555919,-0.035284,0.317988,0.516994,-0.048389,0.333643,0.481872,-0.058207,0.228762,0.585049,-0.018532,0.260398,0.508990,-0.031588,0.279195,0.462394,-0.042716,0.292431,0.422305,-0.050736,0.194781,0.575023,-0.020948,0.208430,0.496460,-0.035304,0.218618,0.449071,-0.045650,0.228824,0.406983,-0.052418,0.157634,0.582594,-0.026189,0.155740,0.518549,-0.040643,0.155296,0.477061,-0.047411,0.158119,0.437691,-0.051088
4968,0,0.022311,0.026170,0.049494,1.654621,1.584626,0.154730,0.772402,0.000000,0.214964,0.771579,-0.027504,0.272285,0.739993,-0.039878,0.318459,0.705810,-0.050160,0.358239,0.684853,-0.059582,0.258363,0.615525,-0.020115,0.297049,0.556028,-0.035714,0.317679,0.516994,-0.048792,0.332899,0.481591,-0.058566,0.228296,0.585381,-0.018913,0.260235,0.509026,-0.032254,0.278991,0.462246,-0.043514,0.292282,0.422080,-0.051567,0.194449,0.575412,-0.021385,0.207736,0.496816,-0.035968,0.217888,0.449236,-0.046446,0.228078,0.407253,-0.053288,0.157599,0.582957,-0.026663,0.155456,0.518938,-0.041324,0.154982,0.477060,-0.048283,0.157597,0.437744,-0.052076
5002,0,0.023373,0.033024,0.060732,1.640316,1.553482,0.155441,0.772302,0.000000,0.215608,0.771578,-0.027317,0.273011,0.739826,-0.039443,0.318445,0.705433,-0.049479,0.357920,0.684554,-0.058657,0.258454,0.614553,-0.019712,0.297136,0.555930,-0.035049,0.317471,0.517037,-0.047995,0.332780,0.482222,-0.057680,0.228271,0.584835,-0.018482,0.259906,0.508755,-0.031574,0.278654,0.462130,-0.042723,0.291798,0.422099,-0.050729,0.194184,0.575186,-0.020913,0.207808,0.496708,-0.035342,0.217822,0.449266,-0.045769,0.227760,0.407338,-0.052604,0.157030,0.582800,-0.026126,0.155338,0.518937,-0.040693,0.154954,0.477330,-0.047527,0.157771,0.437994,-0.051276
5034,0,0.019395,0.018237,0.061262,1.639506,1.548495,0.155241,0.771562,0.000000,0.215299,0.770773,-0.027466,0.272348,0.739696,-0.039728,0.318402,0.705053,-0.049864,0.358119,0.683636,-0.059104,0.257745,0.615050,-0.019562,0.296634,0.555664,-0.034854,0.317112,0.516548,-0.047759,0.332148,0.481232,-0.057428,0.228003,0.585020,-0.018246,0.259727,0.508404,-0.031307,0.278450,0.461578,-0.042418,0.291586,0.421785,-0.050410,0.194277,0.575122,-0.020644,0.207673,0.496384,-0.035108,0.217784,0.448883,-0.045615,0.227842,0.406887,-0.052476,0.157559,0.582482,-0.025809,0.155385,0.518770,-0.040507,0.154835,0.477051,-0.047486,0.157375,0.437683,-0.051268
5065,0,0.020952,0.030058,0.055582,1.655478,1.570948,0.154702,0.771332,0.000000,0.215367,0.770396,-0.027377,0.273168,0.739648,-0.039625,0.318992,0.704988,-0.049809,0.358192,0.683517,-0.059077,0.258402,0.614877,-0.019920,0.297047,0.555261,-0.035497,0.317520,0.516307,-0.048524,0.332832,0.481144,-0.058299,0.228282,0.584877,-0.018712,0.259837,0.508632,-0.032090,0.278486,0.461821,-0.043461,0.291537,0.421688,-0.051561,0.194159,0.574980,-0.021166,0.207577,0.496505,-0.035809,0.217735,0.449079,-0.046343,0.227913,0.407302,-0.053158,0.157247,0.582469,-0.026384,0.155323,0.518568,-0.041086,0.154993,0.476824,-0.048017,0.157744,0.437622,-0.051756
5102,0,0.040264,0.047620,0.057190,1.633607,1.549668,0.155404,0.772359,0.000000,0.215750,0.771209,-0.026774,0.273238,0.739779,-0.038788,0.319188,0.705416,-0.048836,0.358628,0.684501,-0.057988,0.258816,0.614834,-0.018839,0.297450,0.555683,-0.034173,0.318065,0.516861,-0.047200,0.333505,0.481797,-0.056897,0.228578,0.584855,-0.017827,0.260080,0.508579,-0.030785,0.278621,0.461879,-0.041982,0.291707,0.421752,-0.049965,0.194659,0.574668,-0.020446,0.208077,0.496642,-0.034582,0.218070,0.449418,-0.044747,0.227982,0.407693,-0.051367,0.157551,0.581987,-0.025820,0.155856,0.518259,-0.039918,0.155616,0.476846,-0.046382,0.158505,0.437847,-0.049848
5145,0,0.025927,0.026573,0.043201,1.656538,1.571896,0.155320,0.772074,0.000000,0.216011,0.771092,-0.026834,0.273731,0.740151,-0.038953,0.319773,0.705890,-0.049062,0.359173,0.684843,-0.058274,0.258977,0.614719,-0.019252,0.297780,0.555216,-0.034660,0.318562,0.516267,-0.047657,0.334140,0.481189,-0.057337,0.228962,0.584938,-0.018247,0.260508,0.508089,-0.031303,0.279155,0.461331,-0.042466,0.292410,0.421417,-0.050428,0.195103,0.574860,-0.020862,0.208517,0.496363,-0.035167,0.218655,0.448983,-0.045393,0.228805,0.407638,-0.052029,0.158384,0.582353,-0.026229,0.156366,0.518229,-0.040553,0.155935,0.476500,-0.047150,0.158477,0.437428,-0.050663
5180,0,0.017391,0.019035,0.055562,1.650970,1.570714,0.155111,0.772077,0.000000,0.215567,0.771493,-0.027192,0.273473,0.740004,-0.039155,0.319631,0.705285,-0.049027,0.359265,0.684078,-0.057980,0.259220,0.614455,-0.019226,0.298115,0.555314,-0.034366,0.318554,0.516150,-0.047229,0.333993,0.480997,-0.056886,0.229168,0.584642,-0.018004,0.260828,0.508467,-0.030828,0.279201,0.461697,-0.041912,0.292030,0.421718,-0.049927,0.195217,0.574548,-0.020448,0.208838,0.496350,-0.034601,0.218938,0.449004,-0.044922,0.228874,0.407399,-0.051725,0.158029,0.581807,-0.025687,0.156326,0.517872,-0.040035,0.155936,0.476218,-0.046799,0.158633,0.437131,-0.050474
5210,0,0.023107,0.024193,0.042523,1.655019,1.571052,0.155740,0.772676,0.000000,0.215874,0.771613,-0.027192,0.273376,0.739934,-0.039331,0.319576,0.705315,-0.049379,0.359294,0.684046,-0.058528,0.259378,0.614806,-0.019578,0.298344,0.555749,-0.034913,0.319111,0.516639,-0.047855,0.334651,0.481372,-0.057551,0.229192,0.584997,-0.018405,0.260783,0.508586,-0.031453,0.279242,0.461782,-0.042616,0.292318,0.421689,-0.050630,0.195136,0.575124,-0.020878,0.208852,0.496956,-0.035148,0.219289,0.449642,-0.045391,0.229584,0.407994,-0.052116,0.158153,0.582834,-0.026136,0.156530,0.518708,-0.040543,0.156250,0.476907,-0.047268,0.159229,0.437236,-0.050943
5243,0,0.028332,0.035489,0.050160,1.680746,1.589257,0.155617,0.771985,0.000000,0.216417,0.770711,-0.027172,0.274037,0.739640,-0.039449,0.319903,0.705373,-0.049692,0.359606,0.684500,-0.059076,0.259678,0.614583,-0.019832,0.298650,0.554885,-0.035363,0.319334,0.515595,-0.048402,0.335111,0.480110,-0.058176,0.229518,0.585007,-0.018796,0.261221,0.508669,-0.032099,0.279906,0.461931,-0.043437,0.293331,0.421673,-0.051608,0.195603,0.575239,-0.021406,0.209035,0.497148,-0.035969,0.219424,0.449559,-0.046486,0.229827,0.407642,-0.053367,0.158759,0.582842,-0.026801,0.156672,0.518717,-0.041482,0.156275,0.476730,-0.048441,0.158971,0.437114,-0.052234
5272,0,0.017810,0.037787,0.051911,1.681595,1.599034,0.154914,0.771258,0.000000,0.215872,0.770485,-0.027357,0.273967,0.740089,-0.039600,0.320126,0.705532,-0.049793,0.359469,0.684445,-0.059088,0.260029,0.614719,-0.019800,0.298978,0.555375,-0.035402,0.319543,0.516089,-0.048544,0.335136,0.480723,-0.058385,0.229835,0.584700,-0.018629,0.261686,0.508774,-0.031985,0.280249,0.462110,-0.043428,0.293353,0.421994,-0.051668,0.195709,0.574741,-0.021109,0.209654,0.496824,-0.035695,0.219734,0.449405,-0.046122,0.229752,0.407799,-0.052918,0.158544,0.582265,-0.026361,0.156939,0.518395,-0.040967,0.156672,0.476640,-0.047724,0.159546,0.437123,-0.051395
5306,0,0.033866,0.066697,0.068255,1.657509,1.560761,0.156600,0.772630,0.000000,0.216463,0.771603,-0.026850,0.274069,0.740501,-0.038781,0.319962,0.706036,-0.048662,0.359309,0.684846,-0.057683,0.259980,0.614823,-0.019107,0.298606,0.555946,-0.034270,0.319468,0.517295,-0.047217,0.334928,0.482128,-0.056941,0.229976,0.585135,-0.018092,0.261716,0.508947,-0.031009,0.280043,0.462203,-0.042257,0.292908,0.421886,-0.050380,0.196170,0.575258,-0.020699,0.210064,0.497147,-0.034993,0.220131,0.449732,-0.045459,0.229947,0.407823,-0.052333,0.159187,0.582612,-0.026049,0.157571,0.518489,-0.040460,0.157178,0.476679,-0.047295,0.159856,0.437281,-0.051083
5341,0,0.024186,0.025126,0.056661,1.672558,1.571427,0.156683,0.772463,0.000000,0.217193,0.771407,-0.027261,0.274752,0.740369,-0.039446,0.320908,0.706000,-0.049562,0.360452,0.685443,-0.058818,0.260247,0.615140,-0.019499,0.298840,0.555643,-0.034916,0.319723,0.516551,-0.047961,0.335367,0.481398,-0.057725,0.230066,0.585369,-0.018356,0.261625,0.509034,-0.031538,0.280180,0.462267,-0.042883,0.293547,0.422162,-0.051046,0.196018,0.575681,-0.020875,0.209949,0.497092,-0.035404,0.220152,0.449995,-0.045891,0.230450,0.408715,-0.052686,0.159049,0.582973,-0.026167,0.157192,0.518698,-0.040774,0.156906,0.476833,-0.047687,0.159818,0.437601,-0.051398
5371,0,0.014724,0.021961,0.048497,1.667196,1.573955,0.156221,0.772286,0.000000,0.216436,0.771529,-0.027406,0.274396,0.740915,-0.039637,0.320643,0.706353,-0.049780,0.360114,0.685275,-0.058987,0.260294,0.615072,-0.019418,0.299330,0.556005,-0.034760,0.319911,0.517048,-0.047790,0.335314,0.481873,-0.057543,0.230169,0.585293,-0.018209,0.261972,0.509241,-0.031307,0.280431,0.462473,-0.042563,0.293564,0.422348,-0.050677,0.196225,0.575422,-0.020716,0.210024,0.497381,-0.035131,0.220252,0.450350,-0.045527,0.230408,0.408827,-0.052316,0.159065,0.582873,-0.026021,0.157197,0.519000,-0.040534,0.156829,0.477290,-0.047361,0.159546,0.437949,-0.051067
5402,0,0.020146,0.029401,0.059453,1.658680,1.568799,0.156602,0.773087,0.000000,0.216861,0.772232,-0.026992,0.274624,0.740513,-0.038956,0.320707,0.706133,-0.048871,0.359975,0.685214,-0.057927,0.260264,0.615259,-0.019312,0.298857,0.556464,-0.034585,0.319520,0.517654,-0.047544,0.334773,0.482446,-0.057264,0.230192,0.585698,-0.018346,0.261767,0.509435,-0.031384,0.280166,0.462495,-0.042626,0.293277,0.422030,-0.050745,0.196246,0.576039,-0.021040,0.210034,0.497860,-0.035482,0.220086,0.450540,-0.045944,0.230003,0.408506,-0.052853,0.159046,0.583324,-0.026504,0.157345,0.519221,-0.041064,0.157029,0.477446,-0.047934,0.159739,0.438017,-0.051721
5435,0,0.013930,0.015667,0.042388,1.661025,1.580979,0.156348,0.773435,0.000000,0.216748,0.772415,-0.027418,0.274458,0.741191,-0.039642,0.320710,0.706762,-0.049758,0.359952,0.685672,-0.059014,0.260255,0.615865,-0.019518,0.298684,0.556656,-0.034877,0.319300,0.517667,-0.047961,0.334702,0.482534,-0.057764,0.230164,0.585889,-0.018376,0.261642,0.509309,-0.031421,0.280085,0.462273,-0.042689,0.293230,0.422147,-0.050851,0.196294,0.576067,-0.020934,0.209861,0.497564,-0.035346,0.219812,0.450177,-0.045852,0.229881,0.408535,-0.052726,0.159259,0.583437,-0.026304,0.157408,0.519491,-0.040814,0.156943,0.477656,-0.047688,0.159620,0.438233,-0.051476
5465,0,0.028678,0.032874,0.047634,1.647774,1.585372,0.155934,0.774427,0.000000,0.216554,0.773208,-0.026974,0.274389,0.742025,-0.038965,0.320808,0.707466,-0.048941,0.360577,0.686718,-0.058057,0.260342,0.615946,-0.018788,0.298999,0.556779,-0.034016,0.319626,0.517905,-0.047024,0.335057,0.482812,-0.056844,0.230279,0.586097,-0.017810,0.261924,0.510039,-0.030789,0.280463,0.463253,-0.042056,0.293556,0.423003,-0.050193,0.196303,0.576352,-0.020539,0.210067,0.498190,-0.034897,0.220247,0.450672,-0.045342,0.230460,0.408755,-0.052228,0.159251,0.583900,-0.026036,0.157282,0.520099,-0.040569,0.156795,0.478341,-0.047416,0.159626,0.438748,-0.051132
5516,0,0.050819,0.054682,0.043232,1.660427,1.587864,0.157033,0.774982,0.000000,0.217236,0.773448,-0.027172,0.274663,0.742253,-0.039542,0.320813,0.707964,-0.049913,0.360686,0.687223,-0.059480,0.260760,0.617448,-0.019801,0.299217,0.557964,-0.035465,0.319978,0.518883,-0.048698,0.335558,0.483511,-0.058618,0.230535,0.587787,-0.018879,0.261865,0.511286,-0.032348,0.280178,0.464111,-0.043875,0.293434,0.423530,-0.052266,0.196379,0.577895,-0.021624,0.210012,0.499420,-0.036308,0.220361,0.451888,-0.046894,0.230768,0.409896,-0.053873,0.159188,0.585185,-0.027133,0.157270,0.520865,-0.041836,0.156986,0.478756,-0.048855,0.159909,0.439119,-0.052697
5546,0,0.032530,0.037665,0.033397,1.649255,1.577517,0.157007,0.774737,0.000000,0.217484,0.773778,-0.026817,0.274922,0.743143,-0.038956,0.321479,0.708582,-0.049144,0.360961,0.688247,-0.058434,0.260926,0.618049,-0.019371,0.299617,0.558127,-0.034740,0.320302,0.518933,-0.047661,0.335778,0.483595,-0.057380,0.230899,0.588324,-0.018463,0.262295,0.511553,-0.031676,0.280830,0.464616,-0.042977,0.294145,0.424403,-0.051135,0.196937,0.578439,-0.021176,0.210490,0.499604,-0.035638,0.220765,0.452104,-0.046099,0.230962,0.410486,-0.052969,0.159872,0.585591,-0.026602,0.157743,0.521114,-0.041142,0.157384,0.479195,-0.048051,0.160053,0.439794,-0.051877
5578,0,0.047100,0.045517,0.052474,1.616630,1.557495,0.156794,0.775492,0.000000,0.217696,0.774429,-0.027016,0.275092,0.743671,-0.038934,0.321228,0.709212,-0.048805,0.360868,0.688808,-0.057778,0.260992,0.618032,-0.018424,0.299996,0.559028,-0.033278,0.320641,0.520335,-0.046113,0.335847,0.485310,-0.055749,0.230903,0.588230,-0.017205,0.262896,0.512133,-0.029806,0.281144,0.465307,-0.040924,0.293934,0.425015,-0.049000,0.196939,0.577943,-0.019672,0.210818,0.500048,-0.033668,0.220864,0.452839,-0.044084,0.230762,0.411284,-0.050950,0.159705,0.584958,-0.024909,0.157980,0.521222,-0.039110,0.157580,0.479392,-0.045879,0.160253,0.440135,-0.049546
5613,0,0.049418,0.062394,0.059221,1.640902,1.574470,0.157914,0.776819,0.000000,0.218288,0.775217,-0.026803,0.275471,0.743720,-0.038845,0.321571,0.709429,-0.048953,0.361066,0.688779,-0.058219,0.261189,0.618708,-0.019051,0.299744,0.559363,-0.034329,0.320412,0.520562,-0.047350,0.335940,0.485379,-0.057164,0.231236,0.589030,-0.018250,0.262864,0.512639,-0.031338,0.281455,0.465925,-0.042736,0.294779,0.425624,-0.050986,0.197182,0.579129,-0.021094,0.211221,0.500604,-0.035561,0.221578,0.452843,-0.046255,0.231849,0.410602,-0.053332,0.159861,0.586573,-0.026666,0.158102,0.522324,-0.041328,0.157849,0.480146,-0.048366,0.160681,0.440357,-0.052315
5641,0,0.031649,0.047367,0.048411,1.658079,1.594104,0.157357,0.775824,0.000000,0.218044,0.774731,-0.027741,0.275401,0.744139,-0.040312,0.321572,0.709645,-0.050830,0.361535,0.688703,-0.060448,0.260799,0.619023,-0.020215,0.299483,0.559464,-0.035894,0.320347,0.520289,-0.049070,0.336059,0.484845,-0.058962,0.230780,0.589059,-0.019012,0.262462,0.512508,-0.032433,0.281018,0.465580,-0.043831,0.294482,0.425445,-0.052081,0.196910,0.579206,-0.021524,0.210884,0.500580,-0.036245,0.221136,0.453190,-0.046802,0.231496,0.411250,-0.053723,0.159856,0.586351,-0.026822,0.158036,0.522272,-0.041641,0.157705,0.480361,-0.048679,0.160360,0.440737,-0.052550
5673,0,0.040196,0.048334,0.060496,1.637015,1.578095,0.156904,0.775654,0.000000,0.217899,0.775153,-0.027289,0.275779,0.744167,-0.039325,0.321833,0.709511,-0.049312,0.361703,0.688947,-0.058363,0.261267,0.618510,-0.019009,0.300135,0.558967,-0.034097,0.320746,0.520039,-0.046893,0.336118,0.485031,-0.056530,0.231275,0.588769,-0.017809,0.262915,0.512603,-0.030781,0.281359,0.465635,-0.042056,0.294398,0.425486,-0.050170,0.197338,0.578852,-0.020306,0.211373,0.500387,-0.034799,0.221474,0.453067,-0.045450,0.231662,0.411557,-0.052355,0.160341,0.586183,-0.025592,0.158187,0.522259,-0.040378,0.157690,0.480245,-0.047479,0.160327,0.440829,-0.051380
5707,0,0.028215,0.019623,0.078559,1.634118,1.581617,0.157334,0.776871,0.000000,0.218204,0.775488,-0.026812,0.275601,0.744368,-0.038920,0.321933,0.710422,-0.049055,0.361702,0.689933,-0.058312,0.261622,0.619301,-0.018913,0.300301,0.559999,-0.034116,0.320797,0.521149,-0.047141,0.336122,0.485971,-0.056945,0.231645,0.589479,-0.018054,0.263318,0.513422,-0.031011,0.281644,0.466582,-0.042377,0.294527,0.426200,-0.050657,0.197647,0.579479,-0.020837,0.211695,0.501379,-0.035151,0.221979,0.454071,-0.045696,0.232029,0.412271,-0.052648,0.160523,0.586727,-0.026363,0.158654,0.522756,-0.040814,0.158194,0.480799,-0.047688,0.160867,0.441278,-0.051438
5736,0,0.026152,0.017954,0.041188,1.636307,1.570077,0.158367,0.777382,0.000000,0.219193,0.775788,-0.026530,0.276837,0.744667,-0.038475,0.323180,0.710583,-0.048563,0.362732,0.690575,-0.057751,0.262352,0.619627,-0.018719,0.300944,0.560323,-0.033822,0.321445,0.521312,-0.046686,0.336656,0.486282,-0.056383,0.232137,0.589905,-0.017957,0.263591,0.513390,-0.030928,0.281962,0.466611,-0.042228,0.295053,0.426613,-0.050361,0.198029,0.580114,-0.020801,0.212066,0.501377,-0.035093,0.222356,0.454219,-0.045513,0.232468,0.412803,-0.052394,0.160763,0.587371,-0.026393,0.159318,0.523315,-0.040782,0.158973,0.481430,-0.047585,0.161656,0.441898,-0.051339
5769,0,0.036855,0.030124,0.073961,1.655851,1.584682,0.158688,0.777382,0.000000,0.219931,0.776975,-0.027155,0.277607,0.746073,-0.039296,0.323711,0.711498,-0.049462,0.363511,0.690593,-0.058729,0.263309,0.619913,-0.018749,0.301987,0.560610,-0.033920,0.322591,0.521746,-0.046803,0.337944,0.486811,-0.056500,0.232974,0.590087,-0.017654,0.264462,0.514347,-0.030831,0.283256,0.467587,-0.042307,0.296794,0.427255,-0.050596,0.198852,0.580060,-0.020254,0.213034,0.501874,-0.034878,0.223437,0.454832,-0.045591,0.233706,0.413458,-0.052590,0.161719,0.587173,-0.025630,0.160015,0.523231,-0.040430,0.159743,0.481279,-0.047624,0.162617,0.441746,-0.051574
5803,0,0.044316,0.029280,0.044452,1.641908,1.574780,0.159045,0.778167,0.000000,0.220077,0.777961,-0.026661,0.277972,0.746786,-0.038411,0.324323,0.711893,-0.048248,0.363772,0.691341,-0.057148,0.263514,0.620977,-0.018229,0.302346,0.561430,-0.033063,0.323104,0.522506,-0.045749,0.338580,0.487553,-0.055352,0.233527,0.591220,-0.017244,0.265172,0.515006,-0.029960,0.283835,0.468252,-0.041182,0.297233,0.427892,-0.049302,0.199546,0.580908,-0.019918,0.213972,0.502398,-0.034058,0.224347,0.455105,-0.044539,0.234603,0.413396,-0.051488,0.162465,0.587467,-0.025295,0.160873,0.523585,-0.039660,0.160710,0.481702,-0.046530,0.163511,0.442316,-0.050316