t,missing,delta_l1,delta_l1_wrist,delta_angles,delta_base_l1,delta_base_l1_wrist,x0,y0,z0,x1,y1,z1,x2,y2,z2,x3,y3,z3,x4,y4,z4,x5,y5,z5,x6,y6,z6,x7,y7,z7,x8,y8,z8,x9,y9,z9,x10,y10,z10,x11,y11,z11,x12,y12,z12,x13,y13,z13,x14,y14,z14,x15,y15,z15,x16,y16,z16,x17,y17,z17,x18,y18,z18,x19,y19,z19,x20,y20,z20
35,0,,,,0.000000,0.000000,0.116723,0.830101,0.000000,0.187357,0.819800,-0.032916,0.253398,0.775577,-0.045745,0.298775,0.722415,-0.055868,0.336680,0.677991,-0.064886,0.223865,0.628157,-0.017078,0.255920,0.547848,-0.033300,0.269386,0.496013,-0.048608,0.279080,0.449153,-0.059971,0.186736,0.603459,-0.014170,0.211501,0.508594,-0.027212,0.222156,0.449325,-0.041416,0.227876,0.401164,-0.052035,0.148413,0.599812,-0.015782,0.162798,0.511000,-0.029647,0.171493,0.457415,-0.040514,0.178604,0.411291,-0.047977,0.107341,0.611744,-0.020945,0.114348,0.541749,-0.034562,0.119711,0.496938,-0.040514,0.125682,0.455394,-0.043716
73,0,0.033381,0.032958,0.054323,0.033381,0.032958,0.116541,0.829331,0.000000,0.187811,0.819065,-0.032838,0.254301,0.775189,-0.045553,0.299653,0.721777,-0.055604,0.337747,0.677471,-0.064547,0.224127,0.628075,-0.016464,0.256670,0.547635,-0.032499,0.270002,0.495841,-0.047744,0.279649,0.448778,-0.059127,0.187264,0.603257,-0.013506,0.212364,0.508617,-0.026537,0.223082,0.449194,-0.040901,0.228374,0.400528,-0.051674,0.148846,0.599307,-0.015098,0.163216,0.510365,-0.029112,0.171926,0.456820,-0.040201,0.178847,0.410947,-0.047789,0.107705,0.610972,-0.020225,0.114965,0.540625,-0.033877,0.120250,0.495717,-0.039952,0.126105,0.454474,-0.043205
108,0,0.027142,0.034252,0.040983,0.037751,0.036134,0.116991,0.828079,0.000000,0.187847,0.817975,-0.033065,0.254293,0.774408,-0.045840,0.299285,0.721832,-0.055974,0.336843,0.677812,-0.064957,0.224372,0.626900,-0.016883,0.256547,0.546563,-0.033111,0.269789,0.494635,-0.048526,0.279229,0.447250,-0.059992,0.187172,0.602283,-0.013869,0.212162,0.508043,-0.026926,0.222673,0.448919,-0.041258,0.228479,0.400628,-0.052002,0.148944,0.598634,-0.015415,0.163669,0.510510,-0.029206,0.172345,0.457148,-0.040107,0.179561,0.411329,-0.047623,0.107815,0.610502,-0.020550,0.115502,0.540782,-0.034036,0.120672,0.496211,-0.039882,0.126392,0.455090,-0.042996
144,0,0.045981,0.027137,0.047925,0.072381,0.043939,0.117834,0.827469,0.000000,0.188594,0.816888,-0.032502,0.254672,0.773224,-0.045241,0.300119,0.720642,-0.055415,0.338052,0.676962,-0.064508,0.225284,0.627166,-0.016814,0.257519,0.546702,-0.033064,0.270585,0.494637,-0.048392,0.280103,0.447349,-0.059872,0.188269,0.602342,-0.014158,0.213321,0.508029,-0.027460,0.223921,0.448944,-0.041955,0.229339,0.400283,-0.052804,0.150065,0.598534,-0.015981,0.164470,0.509689,-0.030183,0.173303,0.456176,-0.041325,0.180395,0.410127,-0.048978,0.108910,0.609953,-0.021304,0.116272,0.539868,-0.035113,0.121753,0.495204,-0.041212,0.127795,0.454194,-0.044521
177,0,0.037942,0.023912,0.060499,0.089632,0.043757,0.117540,0.826219,0.000000,0.188388,0.816362,-0.032779,0.255084,0.772462,-0.045548,0.300452,0.720428,-0.055710,0.337827,0.676787,-0.064748,0.225723,0.625305,-0.017131,0.257091,0.545109,-0.033476,0.270388,0.493130,-0.048921,0.280182,0.446252,-0.060341,0.188283,0.600528,-0.014299,0.212612,0.506126,-0.027428,0.223212,0.447405,-0.041726,0.229240,0.399590,-0.052428,0.149809,0.596639,-0.015985,0.164175,0.508469,-0.029856,0.173050,0.455650,-0.040670,0.180390,0.410091,-0.048111,0.108647,0.608528,-0.021234,0.116371,0.538483,-0.034690,0.121909,0.493673,-0.040535,0.128135,0.452590,-0.043592
211,0,0.037145,0.021169,0.035930,0.116212,0.056663,0.117364,0.824616,0.000000,0.188162,0.814748,-0.033040,0.255110,0.771376,-0.045801,0.300503,0.719510,-0.055906,0.337776,0.676391,-0.064909,0.225597,0.623699,-0.017105,0.257312,0.543599,-0.033400,0.270382,0.491943,-0.048929,0.279978,0.444785,-0.060453,0.188131,0.598855,-0.014112,0.212506,0.504980,-0.027098,0.222965,0.446308,-0.041412,0.228966,0.398151,-0.052125,0.149938,0.594894,-0.015665,0.164356,0.507677,-0.029236,0.173216,0.454986,-0.039859,0.180535,0.409561,-0.047174,0.108780,0.606576,-0.020852,0.116320,0.536954,-0.034007,0.121599,0.492771,-0.039567,0.127610,0.451927,-0.042425
244,0,0.036658,0.027163,0.061646,0.140113,0.057635,0.117952,0.823866,0.000000,0.188296,0.814249,-0.032283,0.255011,0.770030,-0.044872,0.300954,0.718372,-0.054899,0.338991,0.675773,-0.063937,0.226011,0.623586,-0.016838,0.257317,0.543367,-0.033047,0.270605,0.491587,-0.048380,0.280204,0.444488,-0.059800,0.188594,0.598750,-0.014264,0.213140,0.504464,-0.027270,0.223793,0.445763,-0.041455,0.229585,0.397852,-0.052066,0.150125,0.594799,-0.016142,0.164967,0.506881,-0.029855,0.173709,0.453662,-0.040624,0.180826,0.407966,-0.048020,0.109142,0.606521,-0.021559,0.117185,0.536426,-0.034913,0.122508,0.491691,-0.040669,0.128449,0.450644,-0.043726
279,0,0.039837,0.017235,0.057632,0.160059,0.061668,0.117664,0.822618,0.000000,0.188327,0.812376,-0.032198,0.255156,0.768685,-0.044645,0.301073,0.717055,-0.054599,0.338655,0.674859,-0.063541,0.226229,0.622146,-0.016616,0.257140,0.542174,-0.032737,0.270127,0.490361,-0.048218,0.279589,0.443213,-0.059812,0.188512,0.597350,-0.014032,0.211948,0.503119,-0.027007,0.222539,0.444627,-0.041387,0.228648,0.396717,-0.052172,0.150120,0.593225,-0.015897,0.164180,0.505332,-0.029501,0.173153,0.452382,-0.040286,0.180587,0.406685,-0.047768,0.109104,0.605117,-0.021300,0.116774,0.535477,-0.034489,0.122047,0.491157,-0.040129,0.127939,0.450524,-0.043095
312,0,0.033338,0.024687,0.042141,0.184985,0.067123,0.117650,0.821943,0.000000,0.188373,0.811902,-0.032565,0.254636,0.768066,-0.045177,0.300660,0.716218,-0.055209,0.338992,0.673727,-0.064142,0.225931,0.621474,-0.016417,0.257275,0.541870,-0.032452,0.270397,0.490301,-0.047893,0.279947,0.443045,-0.059518,0.188393,0.596294,-0.013544,0.212170,0.502788,-0.026415,0.222641,0.444392,-0.040734,0.228579,0.396221,-0.051484,0.150106,0.591936,-0.015171,0.164436,0.504494,-0.028727,0.173258,0.451720,-0.039454,0.180545,0.405673,-0.046905,0.109371,0.603472,-0.020378,0.117039,0.534101,-0.033530,0.122289,0.490017,-0.039185,0.128399,0.449339,-0.042170
347,0,0.032934,0.035877,0.026136,0.184220,0.069237,0.117650,0.820861,0.000000,0.188346,0.811139,-0.032749,0.255063,0.767521,-0.045490,0.301016,0.715626,-0.055629,0.339081,0.672770,-0.064691,0.225920,0.621077,-0.017137,0.257345,0.540937,-0.033445,0.270555,0.488934,-0.048900,0.280190,0.441763,-0.060384,0.188455,0.596222,-0.014300,0.212437,0.502273,-0.027478,0.222935,0.443628,-0.041834,0.228798,0.395560,-0.052578,0.150072,0.592279,-0.015971,0.164560,0.504584,-0.029878,0.173198,0.451748,-0.040667,0.180516,0.405964,-0.048092,0.109048,0.603900,-0.021209,0.116960,0.534314,-0.034723,0.122281,0.489892,-0.040533,0.128341,0.449013,-0.043606
382,0,0.030983,0.026779,0.033097,0.203962,0.081982,0.117528,0.820542,0.000000,0.188663,0.810876,-0.033271,0.254740,0.767946,-0.046423,0.300766,0.716046,-0.056908,0.339071,0.672629,-0.066363,0.225622,0.621276,-0.017633,0.257044,0.541054,-0.034347,0.270450,0.488703,-0.050097,0.280410,0.441247,-0.061882,0.188216,0.595933,-0.014619,0.211901,0.501926,-0.028230,0.222494,0.443286,-0.042883,0.228660,0.395012,-0.053817,0.149807,0.591652,-0.016132,0.164322,0.503842,-0.030403,0.173163,0.450649,-0.041382,0.180618,0.404673,-0.048888,0.109079,0.603311,-0.021251,0.116812,0.533675,-0.035064,0.122234,0.488928,-0.041068,0.128399,0.447935,-0.044205
416,0,0.027427,0.042611,0.038037,0.205808,0.054227,0.118560,0.820881,0.000000,0.188993,0.810788,-0.033320,0.254996,0.767401,-0.046443,0.300767,0.715166,-0.056833,0.339709,0.672545,-0.066104,0.225865,0.620232,-0.017242,0.257177,0.540203,-0.033612,0.270383,0.488398,-0.049219,0.280288,0.441047,-0.060908,0.188486,0.595359,-0.014130,0.212192,0.501634,-0.027319,0.222753,0.443018,-0.041830,0.228993,0.394458,-0.052757,0.150172,0.591362,-0.015585,0.164395,0.503864,-0.029514,0.173282,0.450944,-0.040374,0.181033,0.404961,-0.047876,0.109208,0.602897,-0.020669,0.116915,0.533505,-0.034194,0.122455,0.489067,-0.040083,0.128908,0.447852,-0.043196
449,0,0.031504,0.035768,0.057782,0.201650,0.069154,0.118568,0.820637,0.000000,0.189051,0.810883,-0.032762,0.255453,0.767288,-0.045624,0.301517,0.715161,-0.055888,0.340203,0.672581,-0.065075,0.226256,0.620949,-0.016851,0.257662,0.540862,-0.032963,0.270508,0.488939,-0.048313,0.279880,0.441599,-0.059832,0.189202,0.596375,-0.013994,0.213505,0.502331,-0.027070,0.223599,0.443361,-0.041524,0.228833,0.394835,-0.052392,0.151220,0.592447,-0.015630,0.165607,0.504656,-0.029535,0.174154,0.451560,-0.040582,0.181112,0.405457,-0.048224,0.110121,0.603784,-0.020807,0.117730,0.533973,-0.034353,0.123094,0.489463,-0.040336,0.129132,0.448238,-0.043563
481,0,0.024725,0.027052,0.075882,0.203326,0.065602,0.118137,0.820973,0.000000,0.189364,0.811351,-0.033232,0.255658,0.768560,-0.046220,0.300968,0.715861,-0.056566,0.339561,0.672422,-0.065792,0.226156,0.621153,-0.016997,0.257482,0.541132,-0.033344,0.270754,0.489153,-0.048907,0.280272,0.441578,-0.060596,0.188894,0.595917,-0.013873,0.212596,0.501771,-0.027163,0.223007,0.443168,-0.041719,0.228921,0.394678,-0.052624,0.150635,0.591733,-0.015283,0.164798,0.503986,-0.029402,0.173619,0.450816,-0.040375,0.180982,0.404609,-0.047877,0.109856,0.603156,-0.020277,0.117453,0.533903,-0.033926,0.123057,0.489289,-0.039860,0.129273,0.448352,-0.042995
515,0,0.026367,0.022759,0.053985,0.197427,0.075267,0.118278,0.821220,0.000000,0.189245,0.811726,-0.033131,0.255499,0.768734,-0.046029,0.301070,0.716237,-0.056302,0.339596,0.673045,-0.065454,0.226013,0.621177,-0.016532,0.257808,0.541045,-0.032660,0.270834,0.489245,-0.048003,0.280338,0.442097,-0.059532,0.188827,0.596431,-0.013414,0.213263,0.502734,-0.026536,0.223665,0.444024,-0.040937,0.229190,0.395649,-0.051726,0.150634,0.592345,-0.014883,0.165252,0.504916,-0.028891,0.173952,0.452001,-0.039883,0.181034,0.406075,-0.047375,0.109867,0.604072,-0.019941,0.117511,0.534733,-0.033602,0.123039,0.490002,-0.039658,0.129171,0.448739,-0.042889
549,0,0.035280,0.026453,0.052090,0.169049,0.062719,0.118767,0.822080,0.000000,0.189650,0.812521,-0.032624,0.255543,0.769356,-0.045463,0.300863,0.717394,-0.055748,0.339377,0.674033,-0.064979,0.225812,0.622092,-0.016850,0.257449,0.541764,-0.033207,0.270881,0.490055,-0.048533,0.280798,0.442998,-0.059960,0.188840,0.597312,-0.014038,0.213042,0.503190,-0.027291,0.223529,0.444608,-0.041542,0.229179,0.396267,-0.052163,0.150762,0.593523,-0.015696,0.164897,0.505522,-0.029666,0.173555,0.452656,-0.040310,0.180865,0.406922,-0.047592,0.110254,0.605606,-0.020905,0.117773,0.536084,-0.034439,0.123201,0.491359,-0.040198,0.129180,0.450273,-0.043200
601,0,0.040105,0.059584,0.050727,0.197543,0.062547,0.119105,0.823268,0.000000,0.189823,0.812980,-0.032492,0.255886,0.769323,-0.045085,0.301227,0.716861,-0.055124,0.339553,0.673725,-0.063997,0.226076,0.622044,-0.015674,0.257701,0.541684,-0.031506,0.270777,0.489780,-0.046788,0.280401,0.442363,-0.058261,0.189001,0.597557,-0.012761,0.213054,0.503778,-0.025523,0.223304,0.445085,-0.039819,0.228924,0.396547,-0.050553,0.150761,0.593389,-0.014386,0.165210,0.505812,-0.028010,0.173857,0.452650,-0.038811,0.180954,0.406816,-0.046205,0.109913,0.604776,-0.019573,0.117692,0.535236,-0.032805,0.122984,0.490666,-0.038542,0.128965,0.449809,-0.041522
634,0,0.033018,0.038268,0.027501,0.169902,0.058621,0.118726,0.822806,0.000000,0.189945,0.813319,-0.032777,0.255639,0.769995,-0.045520,0.301244,0.717274,-0.055638,0.339469,0.674121,-0.064702,0.226445,0.622569,-0.016736,0.257940,0.541996,-0.032777,0.270657,0.489833,-0.048055,0.279818,0.442529,-0.059407,0.188934,0.597793,-0.013741,0.213118,0.503358,-0.026675,0.223285,0.444468,-0.040898,0.228698,0.396204,-0.051510,0.150397,0.594040,-0.015267,0.164735,0.506129,-0.028963,0.173308,0.452784,-0.039777,0.180344,0.406781,-0.047203,0.109335,0.605695,-0.020326,0.117100,0.535905,-0.033652,0.122559,0.491198,-0.039485,0.128639,0.449954,-0.042536
668,0,0.028829,0.021210,0.028993,0.145195,0.055452,0.118218,0.823101,0.000000,0.189341,0.813412,-0.032703,0.255395,0.769643,-0.045385,0.300564,0.716969,-0.055485,0.338911,0.673959,-0.064553,0.225677,0.622782,-0.016767,0.257268,0.542657,-0.033017,0.270250,0.490599,-0.048392,0.279716,0.443210,-0.059929,0.188284,0.598084,-0.013927,0.212274,0.504087,-0.027159,0.222616,0.445125,-0.041591,0.228203,0.396685,-0.052388,0.150002,0.594314,-0.015577,0.164238,0.506449,-0.029628,0.172944,0.453116,-0.040604,0.180206,0.406768,-0.048078,0.109234,0.606200,-0.020751,0.116936,0.536901,-0.034364,0.122505,0.492196,-0.040290,0.128641,0.451349,-0.043432
703,0,0.034645,0.035833,0.025902,0.158879,0.075797,0.118551,0.823040,0.000000,0.189573,0.813737,-0.033612,0.255385,0.770340,-0.046923,0.300776,0.717690,-0.057500,0.339736,0.674491,-0.067001,0.225574,0.623495,-0.017994,0.257189,0.543126,-0.034666,0.270369,0.490866,-0.050194,0.279939,0.443108,-0.061802,0.188475,0.598590,-0.014767,0.212628,0.504453,-0.028391,0.222793,0.445505,-0.042822,0.228386,0.396539,-0.053556,0.150179,0.594607,-0.016089,0.164408,0.506701,-0.030430,0.173075,0.453449,-0.041254,0.180465,0.407159,-0.048581,0.109276,0.606181,-0.021030,0.116980,0.536601,-0.034890,0.122321,0.491854,-0.040873,0.128343,0.450606,-0.043987
736,0,0.026119,0.027269,0.031239,0.151254,0.058349,0.118729,0.823307,0.000000,0.189782,0.813643,-0.033396,0.255627,0.769925,-0.046468,0.300695,0.717173,-0.056809,0.339078,0.673713,-0.066031,0.226071,0.622974,-0.017504,0.257450,0.542787,-0.033754,0.270684,0.490832,-0.049199,0.280472,0.443361,-0.060748,0.188634,0.598310,-0.014325,0.212293,0.504222,-0.027375,0.222411,0.445426,-0.041700,0.228038,0.396850,-0.052511,0.150192,0.594443,-0.015668,0.164655,0.506779,-0.029524,0.173249,0.453760,-0.040380,0.180623,0.407519,-0.047856,0.109280,0.606190,-0.020615,0.116954,0.536473,-0.034135,0.122425,0.492061,-0.040044,0.128631,0.450969,-0.043155
769,0,0.025212,0.026102,0.026969,0.149386,0.074077,0.118513,0.822935,0.000000,0.189601,0.813190,-0.032990,0.255722,0.769526,-0.046002,0.300672,0.717046,-0.056394,0.339260,0.673846,-0.065756,0.225628,0.622900,-0.017592,0.256978,0.542633,-0.034110,0.270160,0.490722,-0.049630,0.279925,0.443213,-0.061276,0.188079,0.598011,-0.014681,0.211904,0.504169,-0.028040,0.222388,0.445551,-0.042508,0.228253,0.397090,-0.053348,0.149688,0.594433,-0.016260,0.163732,0.506907,-0.030347,0.172403,0.454010,-0.041254,0.179726,0.407823,-0.048734,0.108836,0.606482,-0.021389,0.116539,0.536753,-0.035095,0.122164,0.491995,-0.041075,0.128349,0.450872,-0.044255
802,0,0.047800,0.043685,0.054329,0.156530,0.065026,0.118122,0.822882,0.000000,0.189215,0.812256,-0.032484,0.254961,0.768384,-0.045214,0.300552,0.716510,-0.055393,0.339155,0.673971,-0.064432,0.225428,0.622336,-0.016354,0.256879,0.542430,-0.032328,0.270132,0.490628,-0.047742,0.279816,0.443243,-0.059286,0.187840,0.597710,-0.013535,0.211347,0.503608,-0.026377,0.221739,0.445124,-0.040740,0.227499,0.396882,-0.051545,0.149336,0.593698,-0.015179,0.163473,0.506142,-0.028838,0.172010,0.453038,-0.039733,0.179096,0.406992,-0.047205,0.108462,0.605549,-0.020359,0.116535,0.535716,-0.033648,0.121860,0.491063,-0.039464,0.127814,0.450077,-0.042507
835,0,0.021689,0.026646,0.025228,0.158046,0.059781,0.118183,0.823082,0.000000,0.188958,0.812221,-0.032386,0.254778,0.768301,-0.044951,0.300475,0.716193,-0.054918,0.338538,0.673485,-0.063832,0.225212,0.622090,-0.016406,0.256302,0.541872,-0.032297,0.269167,0.490304,-0.047661,0.278326,0.443085,-0.059173,0.187527,0.597613,-0.013629,0.210775,0.502830,-0.026451,0.220991,0.444383,-0.040807,0.226701,0.396264,-0.051603,0.149112,0.593670,-0.015308,0.162924,0.505617,-0.028982,0.171526,0.452279,-0.039956,0.178620,0.406180,-0.047527,0.108192,0.605534,-0.020504,0.115822,0.535577,-0.033820,0.121098,0.491050,-0.039665,0.127058,0.450018,-0.042756
869,0,0.049655,0.042011,0.030483,0.154211,0.072056,0.117629,0.822524,0.000000,0.187890,0.811921,-0.032779,0.253773,0.768158,-0.045680,0.299618,0.716326,-0.056000,0.337620,0.673609,-0.065244,0.224444,0.622076,-0.017264,0.255366,0.542407,-0.033587,0.267798,0.490402,-0.049180,0.276658,0.442837,-0.060891,0.186554,0.596989,-0.014404,0.209596,0.502754,-0.027664,0.219386,0.444292,-0.042180,0.224601,0.395939,-0.053128,0.148176,0.592799,-0.015986,0.162098,0.505304,-0.029862,0.170273,0.452480,-0.040744,0.177005,0.406737,-0.048282,0.107338,0.604878,-0.021135,0.114965,0.535455,-0.034439,0.120065,0.491188,-0.040183,0.125669,0.450523,-0.043257
902,0,0.036333,0.031819,0.033632,0.172277,0.080894,0.117304,0.822095,0.000000,0.188191,0.811787,-0.032327,0.254246,0.767755,-0.044864,0.300030,0.715574,-0.054893,0.338157,0.673006,-0.063848,0.223989,0.621621,-0.016432,0.254902,0.541524,-0.032305,0.267579,0.489999,-0.047595,0.276537,0.442928,-0.059057,0.186248,0.597356,-0.013645,0.209388,0.502390,-0.026462,0.219319,0.443753,-0.040812,0.224723,0.395640,-0.051625,0.147893,0.593444,-0.015290,0.161622,0.505255,-0.028969,0.170088,0.451806,-0.039983,0.176853,0.405794,-0.047550,0.107138,0.605169,-0.020439,0.114621,0.535240,-0.033760,0.119562,0.490594,-0.039603,0.125209,0.449652,-0.042715
934,0,0.023997,0.019609,0.026420,0.176697,0.080821,0.117113,0.821741,0.000000,0.187985,0.811102,-0.032304,0.253717,0.767791,-0.044974,0.299804,0.715820,-0.055160,0.337753,0.672980,-0.064294,0.223759,0.621518,-0.016600,0.254411,0.541493,-0.032595,0.267022,0.489825,-0.048041,0.275938,0.442517,-0.059682,0.185884,0.596704,-0.013868,0.208532,0.502079,-0.026841,0.218452,0.443633,-0.041348,0.223891,0.395529,-0.052295,0.147477,0.592917,-0.015559,0.160876,0.504527,-0.029371,0.169327,0.451268,-0.040452,0.176341,0.405075,-0.048131,0.106847,0.604660,-0.020741,0.114206,0.535058,-0.034162,0.119511,0.490605,-0.040049,0.125453,0.449819,-0.043228
969,0,0.027923,0.021700,0.036253,0.181027,0.078427,0.116615,0.822043,0.000000,0.187666,0.811467,-0.032380,0.253404,0.767764,-0.045216,0.299402,0.715787,-0.055592,0.337432,0.673442,-0.064940,0.223292,0.621440,-0.016906,0.254060,0.541784,-0.033297,0.266805,0.490052,-0.049018,0.275946,0.442417,-0.060870,0.185571,0.596776,-0.014278,0.207881,0.502503,-0.027729,0.217801,0.443932,-0.042488,0.223419,0.395167,-0.053535,0.147181,0.592619,-0.016045,0.160466,0.504910,-0.030211,0.168763,0.451535,-0.041258,0.175740,0.404869,-0.048884,0.106549,0.604580,-0.021311,0.113792,0.535221,-0.034952,0.118937,0.490948,-0.040833,0.124842,0.450198,-0.043964
1004,0,0.027558,0.032957,0.048956,0.190217,0.075585,0.116751,0.822284,0.000000,0.187587,0.810809,-0.032295,0.253428,0.767221,-0.045034,0.299881,0.715755,-0.055293,0.337950,0.673268,-0.064501,0.223035,0.621001,-0.016550,0.253720,0.541149,-0.032563,0.266626,0.489435,-0.048141,0.275928,0.441814,-0.059897,0.185471,0.596415,-0.013834,0.207651,0.502127,-0.026752,0.217415,0.443606,-0.041302,0.222794,0.395149,-0.052298,0.147126,0.592675,-0.015511,0.160471,0.504843,-0.029099,0.168799,0.451412,-0.040028,0.175378,0.405068,-0.047605,0.106569,0.604442,-0.020729,0.113995,0.534808,-0.033837,0.119078,0.490525,-0.039492,0.124732,0.449866,-0.042464
1038,0,0.026884,0.038801,0.024306,0.189050,0.083065,0.116550,0.821511,0.000000,0.186858,0.810728,-0.032222,0.252991,0.767467,-0.045021,0.298931,0.716364,-0.055314,0.336391,0.673599,-0.064622,0.223147,0.620999,-0.017073,0.253925,0.540859,-0.033318,0.266733,0.489134,-0.048869,0.275967,0.441430,-0.060594,0.185553,0.596317,-0.014533,0.207868,0.501999,-0.027702,0.217680,0.443453,-0.042335,0.223145,0.394908,-0.053345,0.147157,0.592686,-0.016346,0.160450,0.504960,-0.030141,0.168540,0.451457,-0.041194,0.175237,0.404935,-0.048869,0.106517,0.604762,-0.021671,0.114035,0.535134,-0.035019,0.119105,0.490607,-0.040836,0.124941,0.449603,-0.043947
1073,0,0.023214,0.025430,0.027319,0.203304,0.096030,0.116897,0.821456,0.000000,0.187098,0.810079,-0.032809,0.252730,0.767231,-0.045995,0.298451,0.716201,-0.056633,0.336114,0.673090,-0.066199,0.223450,0.620556,-0.017533,0.253841,0.540751,-0.033993,0.266575,0.489147,-0.049794,0.275732,0.441546,-0.061684,0.185630,0.595803,-0.014829,0.207916,0.501777,-0.028227,0.217538,0.443277,-0.043067,0.222960,0.394736,-0.054264,0.147418,0.592116,-0.016550,0.160548,0.504570,-0.030574,0.168705,0.451247,-0.041771,0.175540,0.404628,-0.049571,0.106826,0.604462,-0.021835,0.113953,0.534862,-0.035379,0.119115,0.490619,-0.041346,0.124959,0.449648,-0.044565
1106,0,0.031307,0.037964,0.031078,0.203657,0.101482,0.117553,0.821159,0.000000,0.187612,0.809558,-0.032296,0.252910,0.765996,-0.045215,0.298097,0.714398,-0.055653,0.335602,0.671557,-0.065085,0.223530,0.619626,-0.016919,0.253694,0.539679,-0.033280,0.266180,0.488148,-0.048948,0.275302,0.440951,-0.060704,0.185700,0.595378,-0.014394,0.207665,0.500978,-0.027737,0.217454,0.442688,-0.042466,0.223027,0.394455,-0.053507,0.147450,0.592373,-0.016260,0.160475,0.504795,-0.030263,0.168596,0.451365,-0.041371,0.175695,0.404699,-0.049037,0.107211,0.605202,-0.021646,0.114399,0.535870,-0.035202,0.119365,0.491328,-0.041080,0.124962,0.450232,-0.044232
1140,0,0.030616,0.038448,0.027883,0.213465,0.117911,0.117873,0.820262,0.000000,0.187584,0.809419,-0.032389,0.252543,0.765855,-0.045197,0.297611,0.714059,-0.055524,0.335071,0.670876,-0.064778,0.222917,0.619243,-0.016642,0.253025,0.539231,-0.032725,0.265494,0.487803,-0.048103,0.274555,0.440899,-0.059682,0.185532,0.595018,-0.013915,0.207326,0.500338,-0.027002,0.216685,0.441944,-0.041509,0.221929,0.393875,-0.052395,0.147512,0.591896,-0.015591,0.160328,0.504254,-0.029394,0.168372,0.451120,-0.040369,0.175305,0.404596,-0.047969,0.107487,0.604795,-0.020810,0.114587,0.535673,-0.034155,0.119524,0.491355,-0.039989,0.125100,0.450480,-0.043119
1174,0,0.029537,0.027433,0.043880,0.219739,0.131907,0.117852,0.820415,0.000000,0.187194,0.809684,-0.032337,0.251875,0.766369,-0.045437,0.297057,0.714680,-0.056060,0.334499,0.671114,-0.065701,0.223008,0.619551,-0.017206,0.253001,0.539412,-0.033765,0.265081,0.487977,-0.049499,0.274111,0.440949,-0.061282,0.185622,0.595041,-0.014573,0.207185,0.500632,-0.028097,0.216492,0.442643,-0.042714,0.221577,0.394389,-0.053650,0.147580,0.591777,-0.016314,0.159793,0.504202,-0.030351,0.167691,0.451309,-0.041175,0.174570,0.404753,-0.048651,0.107639,0.604762,-0.021592,0.114384,0.536013,-0.035037,0.119313,0.491789,-0.040795,0.124950,0.451037,-0.043853
1209,0,0.044018,0.053267,0.028845,0.235480,0.135016,0.118222,0.820781,0.000000,0.187768,0.809813,-0.031783,0.252269,0.766061,-0.044318,0.297549,0.714074,-0.054422,0.334557,0.670937,-0.063522,0.223012,0.619272,-0.016360,0.252802,0.538874,-0.032341,0.264677,0.487667,-0.047642,0.273212,0.440806,-0.059151,0.185415,0.595035,-0.013728,0.206970,0.500267,-0.026676,0.215947,0.441924,-0.040950,0.220644,0.393996,-0.051612,0.147528,0.591826,-0.015423,0.159550,0.503986,-0.028951,0.167171,0.450559,-0.039679,0.173505,0.403833,-0.047106,0.107924,0.604749,-0.020598,0.114793,0.535692,-0.033590,0.119426,0.491739,-0.039144,0.124833,0.451294,-0.042088
1243,0,0.018709,0.019005,0.050601,0.241168,0.120141,0.117352,0.820886,0.000000,0.187222,0.809751,-0.032135,0.252623,0.766172,-0.044663,0.298098,0.714071,-0.054667,0.334890,0.670228,-0.063689,0.222792,0.619434,-0.016280,0.252425,0.538810,-0.032224,0.264032,0.487507,-0.047611,0.272332,0.440481,-0.059178,0.185011,0.595080,-0.013488,0.206312,0.500281,-0.026463,0.215319,0.441812,-0.040956,0.220225,0.393772,-0.051809,0.147071,0.592028,-0.015107,0.158897,0.504031,-0.028763,0.166585,0.450401,-0.039817,0.173106,0.403646,-0.047477,0.107238,0.604817,-0.020232,0.114335,0.535648,-0.033408,0.119108,0.491341,-0.039236,0.124532,0.450471,-0.042363
1277,0,0.016271,0.019902,0.066968,0.242890,0.113493,0.117451,0.821105,0.000000,0.187592,0.809501,-0.032262,0.252736,0.766337,-0.044997,0.297540,0.713936,-0.055274,0.334753,0.670168,-0.064568,0.223044,0.619354,-0.016064,0.252343,0.538932,-0.032172,0.263951,0.487485,-0.047812,0.272692,0.440345,-0.059608,0.185107,0.594962,-0.013327,0.205779,0.500361,-0.026565,0.215009,0.442057,-0.041377,0.220252,0.393730,-0.052414,0.146890,0.591633,-0.015036,0.158442,0.503595,-0.029000,0.166266,0.449878,-0.040216,0.173254,0.402915,-0.047901,0.107038,0.604715,-0.020253,0.113943,0.535358,-0.033669,0.118672,0.490974,-0.039568,0.124376,0.450211,-0.042673
1310,0,0.026006,0.035066,0.093701,0.248933,0.139878,0.117564,0.820508,0.000000,0.186807,0.809606,-0.031597,0.251842,0.765546,-0.043990,0.297066,0.713589,-0.053994,0.333861,0.670013,-0.063060,0.222446,0.619489,-0.015966,0.251921,0.538798,-0.031887,0.263624,0.487437,-0.047251,0.272014,0.440346,-0.058728,0.184779,0.595295,-0.013454,0.206338,0.500625,-0.026461,0.215451,0.442092,-0.040998,0.220211,0.393747,-0.051851,0.146923,0.592401,-0.015274,0.159107,0.504155,-0.028873,0.166789,0.450299,-0.039882,0.173399,0.403474,-0.047474,0.107340,0.605237,-0.020555,0.114386,0.535805,-0.033629,0.119086,0.491440,-0.039346,0.124192,0.450793,-0.042360
1342,0,0.016361,0.015937,0.048629,0.256282,0.131434,0.117259,0.820507,0.000000,0.187258,0.809222,-0.031746,0.252322,0.765678,-0.044163,0.297767,0.713738,-0.054217,0.334535,0.670029,-0.063224,0.222860,0.619038,-0.015940,0.252065,0.538561,-0.031790,0.263647,0.487028,-0.047172,0.272055,0.439831,-0.058765,0.184662,0.594803,-0.013398,0.205561,0.500161,-0.026351,0.214632,0.441719,-0.040863,0.219786,0.393576,-0.051720,0.146471,0.591729,-0.015215,0.158410,0.503724,-0.028870,0.166238,0.450358,-0.039816,0.173002,0.403501,-0.047351,0.106906,0.604752,-0.020510,0.114041,0.535501,-0.033685,0.118845,0.491277,-0.039348,0.124242,0.450661,-0.042335
1374,0,0.035941,0.048936,0.038194,0.245219,0.141140,0.117331,0.819477,0.000000,0.186735,0.808288,-0.032432,0.252004,0.765251,-0.045324,0.297435,0.713484,-0.055719,0.334026,0.669450,-0.065087,0.222594,0.618941,-0.017030,0.251863,0.538860,-0.033280,0.263518,0.487641,-0.048893,0.271786,0.440440,-0.060626,0.184755,0.594464,-0.014309,0.205640,0.499958,-0.027592,0.214598,0.441929,-0.042336,0.219505,0.393619,-0.053354,0.146676,0.591439,-0.015959,0.158805,0.503889,-0.029778,0.166599,0.450674,-0.040796,0.173300,0.404060,-0.048447,0.106900,0.604552,-0.021134,0.114203,0.535551,-0.034373,0.118916,0.491658,-0.040083,0.124394,0.451059,-0.043116
1407,0,0.024227,0.020385,0.035558,0.242934,0.138537,0.117723,0.819445,0.000000,0.187506,0.808661,-0.032336,0.252348,0.764818,-0.045110,0.297559,0.712734,-0.055325,0.334051,0.668002,-0.064494,0.222875,0.619080,-0.016836,0.252035,0.538549,-0.032870,0.263520,0.487054,-0.048248,0.271673,0.439899,-0.059821,0.185032,0.594959,-0.014043,0.205970,0.500096,-0.027151,0.214928,0.441788,-0.041616,0.219806,0.393770,-0.052432,0.147042,0.591891,-0.015634,0.159106,0.503885,-0.029354,0.167058,0.450362,-0.040281,0.173964,0.403758,-0.047803,0.107477,0.604993,-0.020753,0.114660,0.535663,-0.034028,0.119491,0.491313,-0.039836,0.125041,0.450637,-0.042907
1439,0,0.020491,0.024178,0.045036,0.251514,0.152549,0.118306,0.819107,0.000000,0.187872,0.807430,-0.032273,0.252707,0.764052,-0.045196,0.297793,0.712361,-0.055650,0.334008,0.667520,-0.065081,0.223297,0.618812,-0.017026,0.252004,0.538293,-0.033208,0.263358,0.486759,-0.048755,0.271567,0.439457,-0.060410,0.185347,0.594622,-0.014357,0.205785,0.499954,-0.027603,0.214507,0.441960,-0.042193,0.219284,0.393811,-0.053114,0.147115,0.591402,-0.016048,0.159078,0.503800,-0.029782,0.166794,0.450589,-0.040614,0.173731,0.403925,-0.048088,0.107547,0.604063,-0.021275,0.114934,0.534882,-0.034409,0.119727,0.490945,-0.039969,0.125172,0.450645,-0.042883
1471,0,0.054852,0.065629,0.057505,0.283756,0.199083,0.119072,0.818459,0.000000,0.189681,0.804832,-0.031799,0.254336,0.760964,-0.044501,0.298126,0.709039,-0.054805,0.333439,0.663764,-0.064132,0.223263,0.617028,-0.016188,0.250954,0.536924,-0.032332,0.261726,0.485585,-0.047966,0.269521,0.438462,-0.059691,0.185131,0.593661,-0.013735,0.205178,0.500402,-0.026936,0.213894,0.442730,-0.041681,0.218923,0.394617,-0.052718,0.146796,0.591054,-0.015633,0.158474,0.504094,-0.029423,0.166138,0.451375,-0.040260,0.173190,0.405178,-0.047699,0.106698,0.604267,-0.021018,0.113632,0.535601,-0.034264,0.118669,0.491481,-0.039838,0.124308,0.451167,-0.042703
1505,0,0.110305,0.127165,0.112058,0.364524,0.300402,0.120081,0.817535,0.000000,0.190581,0.801978,-0.032685,0.254845,0.757490,-0.045878,0.297419,0.704054,-0.056442,0.330115,0.656107,-0.066033,0.221953,0.615986,-0.018365,0.248021,0.534835,-0.035160,0.258000,0.483384,-0.050829,0.265193,0.436640,-0.062365,0.183487,0.593400,-0.015459,0.202811,0.499707,-0.029282,0.211454,0.442564,-0.043934,0.216573,0.395118,-0.054762,0.145012,0.591125,-0.016906,0.156138,0.504428,-0.031005,0.164174,0.451837,-0.041591,0.171419,0.405934,-0.048796,0.104689,0.605132,-0.021856,0.111263,0.536116,-0.035226,0.116472,0.492172,-0.040663,0.122217,0.451765,-0.043359
1537,0,0.158516,0.226660,0.225847,0.451672,0.496159,0.124098,0.816545,0.000000,0.193614,0.796808,-0.030893,0.256190,0.752583,-0.043272,0.296476,0.699906,-0.053342,0.323233,0.648111,-0.062577,0.219677,0.611919,-0.016205,0.243791,0.531211,-0.032893,0.252977,0.481235,-0.048637,0.259876,0.435511,-0.060114,0.180948,0.591991,-0.014182,0.198970,0.499500,-0.028034,0.207919,0.443569,-0.042986,0.213708,0.396470,-0.054089,0.142374,0.591851,-0.016491,0.151783,0.506191,-0.030783,0.160112,0.453963,-0.041820,0.167921,0.407703,-0.049384,0.102352,0.607659,-0.022153,0.107801,0.539067,-0.035950,0.113087,0.495530,-0.041820,0.119304,0.455289,-0.044877
1571,0,0.183735,0.219293,0.166255,0.569611,0.692448,0.125851,0.815155,0.000000,0.193850,0.792330,-0.028790,0.255357,0.745721,-0.039937,0.293466,0.694025,-0.049193,0.314466,0.642493,-0.057711,0.218174,0.607564,-0.013678,0.239488,0.528125,-0.029855,0.247712,0.479340,-0.045673,0.254252,0.434783,-0.057146,0.178823,0.590226,-0.012635,0.194551,0.499976,-0.025748,0.202800,0.445416,-0.040589,0.208915,0.399093,-0.051757,0.139931,0.592128,-0.015873,0.148263,0.508280,-0.029420,0.156062,0.457730,-0.040132,0.164235,0.412551,-0.047629,0.099809,0.610137,-0.022380,0.104799,0.542600,-0.035613,0.110044,0.500487,-0.041088,0.116433,0.461057,-0.044000
1604,0,0.155549,0.176325,0.168082,0.687872,0.863907,0.126490,0.813660,0.000000,0.192687,0.788577,-0.027484,0.252658,0.739670,-0.037912,0.289467,0.688717,-0.046601,0.305980,0.635794,-0.054711,0.215188,0.604368,-0.012348,0.235453,0.526321,-0.027935,0.243637,0.479827,-0.043662,0.250724,0.437286,-0.055054,0.176378,0.589459,-0.011940,0.191307,0.501239,-0.024223,0.199478,0.447624,-0.038963,0.205846,0.402082,-0.050248,0.138373,0.593935,-0.015748,0.146364,0.512356,-0.028514,0.154639,0.463690,-0.039199,0.163386,0.419648,-0.046901,0.099060,0.614004,-0.022743,0.103590,0.547674,-0.035444,0.109383,0.506309,-0.040787,0.116581,0.466893,-0.043855
1637,0,0.173736,0.207432,0.346839,0.790082,1.027037,0.126546,0.810431,0.000000,0.191263,0.785288,-0.026150,0.250680,0.734933,-0.035876,0.286562,0.683340,-0.044035,0.289279,0.631705,-0.051791,0.212697,0.603263,-0.011793,0.230608,0.527930,-0.027824,0.238766,0.483513,-0.043992,0.246633,0.442852,-0.055732,0.174937,0.589824,-0.012111,0.189080,0.506157,-0.024793,0.198101,0.455474,-0.039648,0.206778,0.411268,-0.051325,0.137626,0.594903,-0.016635,0.146268,0.517320,-0.029667,0.155549,0.471090,-0.040432,0.166214,0.428731,-0.048443,0.099033,0.615530,-0.024285,0.104036,0.551402,-0.036894,0.110380,0.511824,-0.042488,0.119005,0.473740,-0.046196
1670,0,0.340694,0.378624,0.416344,0.989147,1.289323,0.125896,0.807379,0.000000,0.188219,0.780817,-0.022709,0.244287,0.729343,-0.030567,0.278709,0.679149,-0.037704,0.273494,0.632421,-0.044552,0.208835,0.603115,-0.004803,0.225320,0.532163,-0.019038,0.234041,0.492102,-0.034548,0.243333,0.456861,-0.045872,0.173971,0.590850,-0.006007,0.188039,0.512870,-0.016903,0.197699,0.465558,-0.031228,0.208076,0.424872,-0.042778,0.138975,0.596353,-0.011509,0.148581,0.522287,-0.023060,0.158799,0.479240,-0.033496,0.171333,0.440609,-0.041540,0.101216,0.616002,-0.019976,0.107071,0.554954,-0.031454,0.116059,0.517387,-0.037188,0.128461,0.481183,-0.041375
1704,0,0.436780,0.439919,0.835412,1.322764,1.600352,0.124146,0.807174,0.000000,0.184245,0.780379,-0.018293,0.237366,0.726524,-0.024024,0.270398,0.676346,-0.030105,0.261240,0.630577,-0.035926,0.205152,0.604246,0.003773,0.219970,0.539423,-0.008431,0.230254,0.507011,-0.022844,0.242203,0.481420,-0.033426,0.172918,0.593048,0.001171,0.185489,0.521614,-0.007491,0.198581,0.485072,-0.019633,0.214440,0.455797,-0.029485,0.139938,0.598132,-0.006051,0.149650,0.527509,-0.016783,0.163399,0.490430,-0.025824,0.180995,0.459981,-0.032646,0.104572,0.616700,-0.016043,0.111608,0.557302,-0.027265,0.124285,0.523179,-0.032886,0.142268,0.492797,-0.036906
1736,0,0.522613,0.515228,4.257052,1.250134,1.554721,0.128511,0.803211,0.000000,0.181623,0.784468,-0.019732,0.232698,0.726733,-0.027461,0.263207,0.678058,-0.035774,0.251331,0.631552,-0.043581,0.205363,0.598603,-0.002658,0.217012,0.527431,-0.023092,0.232202,0.503934,-0.042144,0.247096,0.507024,-0.052514,0.174215,0.588743,-0.004676,0.186334,0.509354,-0.022082,0.205088,0.486195,-0.039211,0.225088,0.493638,-0.049135,0.142648,0.595880,-0.011196,0.153158,0.517824,-0.027714,0.173321,0.490822,-0.041211,0.197144,0.491860,-0.048358,0.108835,0.616662,-0.020140,0.117301,0.552506,-0.035327,0.133383,0.517843,-0.044668,0.156071,0.504107,-0.049368
1769,0,0.413050,0.438099,2.819393,1.498801,1.819896,0.131466,0.796023,0.000000,0.184132,0.778930,-0.016385,0.233204,0.717403,-0.025899,0.264118,0.670045,-0.036981,0.244841,0.627150,-0.047825,0.202129,0.586156,-0.006082,0.209691,0.506152,-0.032155,0.229876,0.498498,-0.055372,0.243195,0.528599,-0.066177,0.172442,0.580883,-0.010516,0.179087,0.490469,-0.032214,0.202956,0.482913,-0.051638,0.219152,0.514387,-0.060973,0.142383,0.592579,-0.018888,0.146914,0.509466,-0.036703,0.171803,0.491718,-0.050129,0.192174,0.508218,-0.055928,0.110125,0.618072,-0.029275,0.117513,0.552291,-0.044886,0.137200,0.519481,-0.054538,0.159452,0.509008,-0.058709
1801,0,0.369845,0.373838,3.308886,1.773632,2.050685,0.130244,0.795027,0.000000,0.185500,0.772746,-0.012944,0.230982,0.712600,-0.023748,0.261273,0.663390,-0.036958,0.242484,0.619903,-0.049617,0.196583,0.591148,-0.010763,0.205108,0.504072,-0.038242,0.232136,0.508536,-0.060217,0.246311,0.545941,-0.069635,0.169624,0.585630,-0.017042,0.173810,0.483404,-0.041748,0.206921,0.491940,-0.058913,0.223718,0.535280,-0.065028,0.142005,0.595336,-0.026297,0.142692,0.501427,-0.044847,0.177954,0.499565,-0.053735,0.200109,0.530557,-0.055162,0.112952,0.617305,-0.037427,0.117329,0.546766,-0.054469,0.146471,0.525727,-0.062745,0.172765,0.531195,-0.064620
1835,0,0.272508,0.287524,1.369522,1.985819,2.267226,0.128951,0.793277,0.000000,0.182779,0.768180,-0.011419,0.227730,0.705831,-0.023396,0.258613,0.655650,-0.038166,0.239734,0.612821,-0.052294,0.193711,0.594847,-0.014325,0.202857,0.501778,-0.043068,0.231811,0.515421,-0.065327,0.243117,0.556412,-0.075173,0.169159,0.591075,-0.022341,0.174822,0.481889,-0.047909,0.209316,0.500143,-0.065327,0.222086,0.545637,-0.072525,0.142544,0.600264,-0.032932,0.145990,0.501984,-0.050888,0.183021,0.509805,-0.058997,0.201504,0.545397,-0.060983,0.113584,0.620315,-0.045385,0.119647,0.548422,-0.061603,0.150786,0.529838,-0.070002,0.175203,0.535750,-0.073353
1866,0,0.267896,0.269047,1.559036,2.088385,2.309119,0.126622,0.793694,0.000000,0.181430,0.762302,-0.008112,0.226363,0.699981,-0.019817,0.257445,0.645912,-0.035326,0.233746,0.606606,-0.049945,0.189680,0.588966,-0.008899,0.198107,0.499984,-0.035533,0.227380,0.520972,-0.055495,0.237669,0.560824,-0.064440,0.166093,0.588280,-0.018864,0.172753,0.482033,-0.042491,0.208611,0.509195,-0.057193,0.221803,0.550991,-0.063115,0.141426,0.597817,-0.031495,0.146213,0.500961,-0.048910,0.185992,0.516715,-0.055495,0.204875,0.552667,-0.056779,0.115168,0.617393,-0.045845,0.125746,0.545813,-0.060382,0.160477,0.536007,-0.066966,0.185162,0.547687,-0.069700
1901,0,0.259062,0.285181,0.528863,2.115241,2.278558,0.124272,0.797420,-0.000000,0.177186,0.764059,-0.006906,0.223328,0.696937,-0.016551,0.256927,0.639396,-0.030384,0.235516,0.604077,-0.042393,0.186373,0.588840,-0.002095,0.197298,0.503222,-0.027315,0.227870,0.529443,-0.046333,0.236211,0.570688,-0.054505,0.163910,0.587337,-0.012320,0.172201,0.482721,-0.034843,0.209088,0.513852,-0.048158,0.221319,0.556251,-0.052597,0.140400,0.594795,-0.025718,0.146874,0.498876,-0.043513,0.188621,0.518335,-0.049237,0.207832,0.555821,-0.049154,0.116292,0.611734,-0.040879,0.132056,0.542217,-0.055625,0.168332,0.537500,-0.061681,0.192719,0.552457,-0.063547
1937,0,0.174925,0.186816,0.592781,2.240116,2.378706,0.121260,0.797291,-0.000000,0.176617,0.759441,-0.003865,0.221021,0.692425,-0.011558,0.253683,0.636962,-0.024249,0.237302,0.603567,-0.035177,0.180058,0.587057,0.004020,0.191712,0.499963,-0.021291,0.224483,0.527247,-0.042498,0.236164,0.567183,-0.053112,0.159644,0.586643,-0.007924,0.171260,0.484398,-0.032073,0.210210,0.515609,-0.049043,0.224525,0.557724,-0.056678,0.137620,0.593995,-0.023137,0.147726,0.498257,-0.042960,0.191027,0.518195,-0.052231,0.212057,0.556294,-0.054790,0.115775,0.609900,-0.039771,0.136542,0.542676,-0.056133,0.173533,0.541104,-0.064314,0.198379,0.557595,-0.068048
1971,0,0.183823,0.165895,0.372755,2.292505,2.404508,0.119546,0.794680,0.000000,0.176198,0.752043,-0.001953,0.219747,0.686803,-0.009087,0.253354,0.632303,-0.021916,0.239043,0.601964,-0.033042,0.175673,0.582380,0.009970,0.186723,0.497444,-0.014095,0.220357,0.523016,-0.035531,0.234611,0.561233,-0.046802,0.156131,0.582301,-0.002889,0.169843,0.485005,-0.026685,0.208762,0.515592,-0.044042,0.224459,0.556479,-0.052156,0.135164,0.589290,-0.019166,0.148221,0.497107,-0.038709,0.191375,0.518047,-0.047974,0.213517,0.556061,-0.050609,0.115540,0.604793,-0.036890,0.137797,0.540010,-0.052574,0.174446,0.539931,-0.060019,0.199563,0.557055,-0.063365
2004,0,0.193102,0.171369,0.721568,2.350332,2.463803,0.118772,0.793137,0.000000,0.175180,0.748351,-0.000282,0.218208,0.681696,-0.006262,0.251677,0.627899,-0.018450,0.241207,0.593861,-0.029069,0.169068,0.581414,0.012908,0.179743,0.493256,-0.009899,0.215295,0.513561,-0.030519,0.232863,0.549044,-0.041438,0.150453,0.582070,-0.000625,0.166873,0.484241,-0.023682,0.207947,0.510406,-0.041666,0.225390,0.550568,-0.050347,0.131446,0.588955,-0.017466,0.149484,0.498333,-0.036507,0.194595,0.516844,-0.045872,0.217751,0.553855,-0.048648,0.115043,0.604437,-0.035616,0.141484,0.538514,-0.050513,0.179012,0.537837,-0.057267,0.203926,0.554344,-0.060085
2037,0,0.206405,0.177247,0.594124,2.482107,2.580925,0.118144,0.790599,0.000000,0.174653,0.743612,0.004866,0.215615,0.675580,0.001543,0.248641,0.624455,-0.009392,0.247888,0.591931,-0.019197,0.164156,0.577392,0.017268,0.176959,0.489782,-0.005124,0.215217,0.509372,-0.025499,0.235415,0.544235,-0.036310,0.146288,0.578888,0.000990,0.166374,0.481378,-0.022900,0.211696,0.507710,-0.041756,0.231165,0.549201,-0.050504,0.129450,0.586946,-0.018176,0.152017,0.497104,-0.038724,0.200191,0.518813,-0.048729,0.224840,0.558100,-0.050958,0.116129,0.603846,-0.038105,0.143626,0.535797,-0.053928,0.183271,0.534570,-0.060695,0.209981,0.552143,-0.062923
2090,0,0.178084,0.175504,0.784615,2.610952,2.679303,0.116344,0.787803,0.000000,0.173965,0.738994,0.008243,0.214345,0.671719,0.004591,0.248022,0.623241,-0.007505,0.250465,0.589277,-0.018241,0.153601,0.570828,0.019294,0.173975,0.485676,-0.003417,0.215743,0.506457,-0.023331,0.237129,0.542926,-0.033365,0.135721,0.572976,0.001025,0.166450,0.477780,-0.022546,0.215459,0.506568,-0.040055,0.235341,0.550195,-0.047364,0.122293,0.581922,-0.019852,0.155584,0.495578,-0.040096,0.206739,0.518435,-0.048231,0.231001,0.558461,-0.048644,0.115199,0.600626,-0.041170,0.150263,0.534937,-0.056407,0.191345,0.534965,-0.061403,0.217001,0.552768,-0.061775
2135,0,0.170575,0.134298,0.694362,2.670163,2.702205,0.114949,0.785218,0.000000,0.173963,0.733081,0.010508,0.215685,0.668032,0.006954,0.249734,0.621761,-0.005205,0.253215,0.585555,-0.015829,0.145421,0.565353,0.019022,0.172780,0.483271,-0.003394,0.216383,0.504058,-0.022959,0.237725,0.538640,-0.032650,0.127634,0.567291,-0.000459,0.167532,0.475441,-0.022504,0.217583,0.502663,-0.038292,0.237103,0.545111,-0.044801,0.116783,0.577526,-0.022194,0.159093,0.492488,-0.040916,0.210863,0.514314,-0.047033,0.234442,0.553368,-0.046455,0.114389,0.598273,-0.044181,0.153574,0.530479,-0.057572,0.194896,0.530608,-0.060052,0.220066,0.548955,-0.058688
2169,0,0.157575,0.143628,0.661559,2.709145,2.737800,0.113767,0.780987,0.000000,0.173881,0.728519,0.009649,0.217065,0.664164,0.004655,0.252700,0.617783,-0.008574,0.255931,0.581310,-0.019947,0.138368,0.559236,0.016396,0.171394,0.480626,-0.006006,0.215349,0.499777,-0.025072,0.236661,0.533170,-0.034232,0.120862,0.561919,-0.002506,0.168546,0.473762,-0.024496,0.218930,0.501613,-0.038967,0.238835,0.544186,-0.044175,0.113077,0.573515,-0.023467,0.162297,0.492066,-0.041972,0.214283,0.513759,-0.046357,0.238560,0.552265,-0.044298,0.115827,0.595709,-0.044710,0.158461,0.529703,-0.057267,0.199861,0.529681,-0.058090,0.225398,0.547351,-0.055167
2213,0,0.151555,0.141065,0.475648,2.732246,2.762968,0.113650,0.776945,0.000000,0.175194,0.723344,0.009726,0.219967,0.659742,0.003292,0.256880,0.614822,-0.011327,0.256223,0.576354,-0.024118,0.135703,0.556861,0.015526,0.174918,0.480309,-0.007087,0.219012,0.500440,-0.026803,0.240036,0.535283,-0.036381,0.118791,0.559017,-0.003711,0.173763,0.473961,-0.025196,0.223690,0.503761,-0.040143,0.243141,0.547694,-0.045959,0.112556,0.570350,-0.024728,0.165795,0.489157,-0.041627,0.216966,0.511406,-0.045267,0.240421,0.550263,-0.043193,0.118499,0.592369,-0.046081,0.162767,0.525425,-0.056737,0.204068,0.526043,-0.056127,0.229697,0.545080,-0.052507
2247,0,0.155878,0.154899,0.725400,2.735526,2.789732,0.114698,0.770642,0.000000,0.177010,0.716777,0.008508,0.221246,0.654898,0.001214,0.257956,0.612912,-0.013710,0.260580,0.575922,-0.026798,0.133480,0.549930,0.012287,0.177557,0.478281,-0.010733,0.220983,0.499057,-0.030867,0.242589,0.533668,-0.040808,0.117047,0.553324,-0.006233,0.177339,0.473644,-0.028301,0.226234,0.502991,-0.043975,0.246494,0.546419,-0.050269,0.112470,0.566215,-0.026277,0.169308,0.489736,-0.043213,0.219037,0.510233,-0.047623,0.243363,0.547759,-0.046019,0.120476,0.589847,-0.046701,0.165568,0.525626,-0.056963,0.205345,0.523050,-0.056722,0.231635,0.538271,-0.053355
2297,0,0.150392,0.143115,0.598733,2.796621,2.861623,0.116624,0.765842,0.000000,0.179107,0.709708,0.009193,0.223603,0.650442,0.000980,0.260213,0.610734,-0.015036,0.262329,0.575868,-0.029231,0.132372,0.544899,0.011588,0.182220,0.477170,-0.012059,0.225573,0.499649,-0.032620,0.246774,0.535206,-0.042788,0.116604,0.548388,-0.007636,0.181684,0.473467,-0.029720,0.229739,0.503680,-0.045021,0.250249,0.546901,-0.051251,0.113508,0.561969,-0.028310,0.175039,0.488563,-0.045217,0.224311,0.510132,-0.048979,0.249485,0.547369,-0.046941,0.123691,0.586503,-0.049331,0.171624,0.525213,-0.059127,0.211210,0.522436,-0.058304,0.237948,0.536993,-0.054504
2344,0,0.199048,0.187915,0.415924,2.812685,2.909361,0.118337,0.760767,0.000000,0.181317,0.704315,0.007311,0.226591,0.646746,-0.002363,0.263107,0.607328,-0.019083,0.264830,0.573732,-0.033859,0.131158,0.540877,0.005840,0.184939,0.473847,-0.019198,0.229284,0.496499,-0.040031,0.252406,0.531234,-0.050298,0.115825,0.545729,-0.012305,0.185837,0.471409,-0.035416,0.232886,0.502664,-0.049798,0.253442,0.544553,-0.055297,0.114244,0.561277,-0.031782,0.179686,0.487987,-0.049567,0.227859,0.509754,-0.052144,0.252687,0.545682,-0.049144,0.126290,0.587519,-0.051644,0.177018,0.527302,-0.061988,0.215335,0.524525,-0.060565,0.241235,0.537671,-0.056181
2376,0,0.151389,0.109413,0.177018,2.805225,2.899084,0.123018,0.756080,0.000000,0.185012,0.700913,0.005957,0.229910,0.643350,-0.003898,0.265754,0.603348,-0.020302,0.266626,0.570193,-0.034558,0.134408,0.536816,0.004670,0.188076,0.471393,-0.019828,0.231777,0.493409,-0.040036,0.253951,0.527713,-0.049780,0.118735,0.541871,-0.012217,0.188202,0.470262,-0.034444,0.234413,0.501032,-0.047656,0.254377,0.541466,-0.052471,0.117090,0.557549,-0.030520,0.182187,0.486230,-0.048111,0.229288,0.507786,-0.050007,0.253644,0.542593,-0.046519,0.129230,0.583525,-0.049211,0.180687,0.524233,-0.059561,0.218429,0.521937,-0.057590,0.243730,0.534590,-0.052623
2421,0,0.141677,0.097711,0.287866,2.802067,2.897154,0.125040,0.751098,0.000000,0.185524,0.698466,0.004057,0.231538,0.640833,-0.006308,0.268179,0.600461,-0.022508,0.268535,0.567492,-0.036318,0.134516,0.534284,0.003082,0.189466,0.470541,-0.021201,0.233140,0.491437,-0.041693,0.256912,0.524886,-0.051734,0.119961,0.538998,-0.012467,0.191729,0.468933,-0.034265,0.236750,0.498740,-0.047964,0.257202,0.538740,-0.053264,0.119539,0.553971,-0.029357,0.185696,0.484739,-0.046172,0.231757,0.505143,-0.048412,0.256248,0.539224,-0.045500,0.132649,0.578730,-0.046844,0.184275,0.520741,-0.056250,0.221414,0.518588,-0.054197,0.246663,0.531164,-0.049382
2453,0,0.132719,0.087186,0.226112,2.839827,2.936080,0.127185,0.747428,0.000000,0.188128,0.694201,0.005063,0.232451,0.638053,-0.004819,0.268424,0.599123,-0.020932,0.271243,0.566280,-0.034783,0.135488,0.532270,0.005026,0.191300,0.469692,-0.018357,0.235361,0.489835,-0.038186,0.259379,0.522013,-0.047972,0.121629,0.536847,-0.011027,0.193518,0.467152,-0.031766,0.238941,0.496381,-0.044771,0.259713,0.535351,-0.049848,0.121974,0.551598,-0.028437,0.188923,0.482595,-0.044808,0.234993,0.503810,-0.046574,0.259026,0.538028,-0.043373,0.136164,0.576056,-0.046390,0.188007,0.518082,-0.055513,0.224730,0.516973,-0.052938,0.249553,0.530618,-0.047788
2500,0,0.103810,0.059297,0.202083,2.866972,2.960069,0.128742,0.745345,0.000000,0.190497,0.691948,0.005658,0.234931,0.635421,-0.003635,0.270773,0.596644,-0.019147,0.273753,0.566373,-0.032435,0.137645,0.529607,0.005987,0.193490,0.469146,-0.017139,0.237253,0.488491,-0.037035,0.262556,0.519834,-0.047019,0.124372,0.534352,-0.010377,0.197201,0.466279,-0.031395,0.242225,0.495259,-0.044719,0.263160,0.533999,-0.049867,0.125102,0.549449,-0.028036,0.192571,0.482870,-0.044719,0.238335,0.503738,-0.046691,0.262492,0.537437,-0.043442,0.139596,0.574435,-0.046143,0.191152,0.517475,-0.055087,0.227472,0.516074,-0.052239,0.251891,0.528428,-0.046910
2554,0,0.098689,0.063369,0.314287,2.865900,2.964408,0.130576,0.742658,0.000000,0.192843,0.689344,0.004534,0.237496,0.633675,-0.004946,0.273476,0.595013,-0.020256,0.274748,0.564691,-0.033226,0.137493,0.528091,0.005219,0.194487,0.468444,-0.017533,0.238748,0.486769,-0.037707,0.265454,0.516572,-0.048272,0.125388,0.532844,-0.010392,0.199722,0.465918,-0.031332,0.244142,0.494035,-0.045540,0.265285,0.531962,-0.051551,0.127666,0.548061,-0.027178,0.195132,0.483362,-0.043281,0.240447,0.502612,-0.046050,0.264600,0.535387,-0.043536,0.143390,0.572505,-0.044520,0.194221,0.516634,-0.052754,0.230006,0.514970,-0.050130,0.255008,0.527686,-0.045103
2588,0,0.135190,0.147682,0.282936,2.878837,2.996242,0.131190,0.740925,0.000000,0.193581,0.688669,0.003212,0.240595,0.633237,-0.007074,0.277690,0.593792,-0.022633,0.276559,0.566721,-0.035690,0.137283,0.527532,0.003564,0.195695,0.468251,-0.020487,0.239936,0.487500,-0.042814,0.268801,0.518501,-0.055078,0.127171,0.533519,-0.011768,0.204671,0.464742,-0.035095,0.248078,0.495545,-0.052445,0.269396,0.535884,-0.060416,0.130058,0.548716,-0.028062,0.198473,0.484219,-0.044870,0.243297,0.504229,-0.049415,0.268030,0.538365,-0.048224,0.146751,0.572958,-0.045050,0.196529,0.516719,-0.052336,0.232067,0.514848,-0.050136,0.257560,0.527735,-0.045988
2631,0,0.064343,0.036828,0.172292,2.888878,3.015141,0.133748,0.740724,0.000000,0.195629,0.688311,0.003385,0.241921,0.632925,-0.006815,0.279160,0.594062,-0.022320,0.278827,0.566679,-0.035444,0.140216,0.526987,0.003522,0.197921,0.468756,-0.020463,0.242068,0.487385,-0.042548,0.271031,0.518423,-0.054663,0.129624,0.533212,-0.011917,0.206333,0.465777,-0.035697,0.249949,0.496718,-0.053040,0.271561,0.536727,-0.060865,0.132105,0.548580,-0.028323,0.199714,0.485206,-0.045793,0.244902,0.504597,-0.050589,0.270181,0.537967,-0.049399,0.148237,0.573550,-0.045360,0.198223,0.518447,-0.053365,0.233866,0.515594,-0.051670,0.259525,0.527115,-0.047704
2682,0,0.060955,0.066896,0.171715,2.868805,3.003327,0.133809,0.740233,0.000000,0.195842,0.688934,0.002595,0.243731,0.633453,-0.007815,0.281237,0.594126,-0.023077,0.279975,0.566726,-0.035782,0.141762,0.526865,0.003033,0.199634,0.469165,-0.020403,0.243352,0.487370,-0.042600,0.272882,0.518389,-0.055126,0.132026,0.533215,-0.011808,0.209495,0.465264,-0.035405,0.251889,0.496494,-0.053511,0.273188,0.536763,-0.062088,0.134388,0.548664,-0.027455,0.202117,0.486144,-0.044108,0.246410,0.504651,-0.049384,0.271585,0.537846,-0.048953,0.150685,0.573503,-0.043821,0.200189,0.519694,-0.050783,0.235203,0.516218,-0.049204,0.261204,0.527204,-0.045759
2715,0,0.051244,0.042172,0.169859,2.873818,3.009924,0.134453,0.741287,0.000000,0.195941,0.689625,0.003032,0.243373,0.633809,-0.006853,0.281008,0.594509,-0.021677,0.281407,0.566812,-0.033995,0.142681,0.526687,0.003934,0.201196,0.470376,-0.019225,0.244715,0.488698,-0.041263,0.274305,0.519796,-0.053634,0.132717,0.532890,-0.010992,0.210451,0.466936,-0.034662,0.253198,0.498331,-0.052732,0.274884,0.538578,-0.061137,0.135045,0.548612,-0.026727,0.202830,0.486399,-0.043787,0.247387,0.504886,-0.049053,0.273040,0.538097,-0.048404,0.151049,0.574178,-0.043102,0.201124,0.520238,-0.050677,0.236468,0.516310,-0.049270,0.262722,0.526597,-0.045735
2758,0,0.043919,0.057413,0.157056,2.857343,3.003410,0.135565,0.740501,0.000000,0.197059,0.689912,0.003287,0.243953,0.634855,-0.006223,0.281064,0.596272,-0.020571,0.281935,0.568483,-0.032378,0.144204,0.527423,0.003861,0.202166,0.470803,-0.018772,0.245591,0.488813,-0.040171,0.274186,0.520014,-0.052085,0.133801,0.532985,-0.010871,0.210595,0.467675,-0.033530,0.253366,0.497811,-0.050754,0.274534,0.537526,-0.058781,0.135658,0.548519,-0.026421,0.203097,0.487094,-0.042655,0.247334,0.504345,-0.047694,0.272925,0.536893,-0.047154,0.151506,0.573736,-0.042547,0.201267,0.520708,-0.049926,0.236310,0.516812,-0.048558,0.262390,0.527250,-0.045066
2792,0,0.040401,0.040716,0.085845,2.843672,2.989938,0.135418,0.740316,0.000000,0.196326,0.690301,0.002924,0.243866,0.635247,-0.006751,0.281682,0.596272,-0.021082,0.281859,0.568327,-0.032821,0.143872,0.527063,0.003890,0.202186,0.470910,-0.018129,0.245485,0.488350,-0.039264,0.274611,0.519222,-0.051111,0.133756,0.532905,-0.010398,0.211027,0.467497,-0.032159,0.253447,0.497145,-0.049071,0.274731,0.536481,-0.057053,0.135949,0.548354,-0.025430,0.203689,0.486657,-0.040732,0.247450,0.503644,-0.045277,0.272671,0.536152,-0.044597,0.151825,0.573427,-0.041161,0.201754,0.520844,-0.047890,0.236942,0.516965,-0.046136,0.263105,0.527492,-0.042450
2841,0,0.056122,0.059099,0.112360,2.861861,3.000597,0.135354,0.740743,0.000000,0.197001,0.689867,0.004064,0.243440,0.634526,-0.004842,0.280601,0.595570,-0.018778,0.281486,0.567015,-0.030145,0.143244,0.527280,0.006265,0.202061,0.471481,-0.015431,0.245131,0.489271,-0.036518,0.273787,0.520481,-0.048297,0.133238,0.532809,-0.008516,0.210336,0.467610,-0.029948,0.252868,0.497004,-0.046829,0.274362,0.536833,-0.054777,0.135769,0.547964,-0.024095,0.203450,0.486010,-0.039203,0.247326,0.503200,-0.043786,0.272535,0.535894,-0.043105,0.151752,0.572755,-0.040277,0.201955,0.519905,-0.046972,0.237152,0.516518,-0.045182,0.263197,0.527683,-0.041423
2891,0,0.035427,0.030413,0.094996,2.845531,2.990682,0.135000,0.740557,0.000000,0.196441,0.690067,0.003959,0.243009,0.634863,-0.005004,0.280098,0.596382,-0.018996,0.281387,0.567364,-0.030509,0.143501,0.528106,0.005604,0.201874,0.472395,-0.016141,0.244874,0.489733,-0.036990,0.273138,0.520844,-0.048485,0.132935,0.533055,-0.009100,0.209227,0.468487,-0.030169,0.251944,0.496823,-0.046623,0.273749,0.536281,-0.054321,0.135266,0.548201,-0.024636,0.202267,0.485538,-0.039747,0.246187,0.502273,-0.044223,0.271466,0.534580,-0.043472,0.151071,0.572939,-0.040750,0.200954,0.519445,-0.047804,0.236152,0.515629,-0.046157,0.262340,0.526250,-0.042433
2924,0,0.056210,0.064405,0.180886,2.830020,2.974305,0.135184,0.740985,0.000000,0.196103,0.689835,0.003577,0.242657,0.634887,-0.005704,0.279871,0.596135,-0.019945,0.280036,0.566907,-0.031666,0.141861,0.529437,0.006244,0.199272,0.472619,-0.015459,0.243027,0.488740,-0.036929,0.272311,0.519634,-0.048954,0.132127,0.534515,-0.008247,0.207060,0.468435,-0.029383,0.250523,0.495666,-0.046920,0.273139,0.534715,-0.055483,0.134672,0.548851,-0.023531,0.200226,0.485721,-0.038178,0.244555,0.501086,-0.043280,0.270406,0.533317,-0.043209,0.150978,0.572917,-0.039498,0.199581,0.519056,-0.045921,0.234887,0.514691,-0.044458,0.261315,0.525766,-0.041033
2969,0,0.027167,0.025309,0.123136,2.822530,2.969489,0.134351,0.741715,0.000000,0.195268,0.690617,0.003478,0.242270,0.634954,-0.005770,0.279916,0.595261,-0.019820,0.279233,0.567275,-0.031299,0.140751,0.529844,0.006002,0.198362,0.473118,-0.015444,0.242279,0.488637,-0.036824,0.272392,0.518755,-0.048944,0.131283,0.535014,-0.008333,0.207031,0.468556,-0.029445,0.250263,0.495634,-0.047055,0.272619,0.534421,-0.055682,0.134020,0.549616,-0.023367,0.200072,0.486959,-0.037858,0.244103,0.501717,-0.042956,0.270338,0.533356,-0.042884,0.150445,0.573497,-0.039070,0.199157,0.519660,-0.045094,0.234292,0.514949,-0.043383,0.260756,0.525294,-0.039925
3001,0,0.048892,0.060650,0.072709,2.819613,2.970448,0.135193,0.741836,0.000000,0.195892,0.690613,0.002979,0.242416,0.634818,-0.006739,0.279681,0.595334,-0.021238,0.278764,0.567288,-0.033242,0.141120,0.530268,0.004684,0.198619,0.473252,-0.017407,0.242405,0.489098,-0.039012,0.272130,0.519884,-0.051122,0.131289,0.535299,-0.009601,0.206964,0.468831,-0.031384,0.250179,0.496261,-0.049015,0.272589,0.535432,-0.057517,0.133691,0.549932,-0.024632,0.199649,0.486665,-0.039726,0.243777,0.501597,-0.044906,0.269845,0.533603,-0.044763,0.149927,0.574318,-0.040369,0.198508,0.520352,-0.047085,0.233833,0.515164,-0.045692,0.260470,0.525373,-0.042298
3048,0,0.047354,0.051023,0.098702,2.826803,2.971950,0.134715,0.742266,0.000000,0.195969,0.690725,0.003936,0.242266,0.635038,-0.005207,0.279052,0.595689,-0.019351,0.278933,0.566952,-0.031004,0.140565,0.530110,0.006121,0.198606,0.473727,-0.015386,0.241893,0.489830,-0.036528,0.270985,0.520179,-0.048359,0.130779,0.535199,-0.008575,0.206682,0.468802,-0.029525,0.249445,0.495857,-0.046542,0.271730,0.534922,-0.054702,0.133576,0.549776,-0.024019,0.200025,0.486033,-0.038559,0.243767,0.501677,-0.043156,0.269216,0.533572,-0.042657,0.149870,0.573984,-0.040127,0.198911,0.519797,-0.046470,0.233900,0.514826,-0.044653,0.260057,0.524821,-0.040982
3096,0,0.028191,0.039928,0.112533,2.829566,2.983447,0.134421,0.741475,0.000000,0.195459,0.690484,0.003646,0.242200,0.635021,-0.005743,0.279748,0.595463,-0.020010,0.278728,0.568051,-0.031720,0.140117,0.530312,0.005904,0.197591,0.473404,-0.015726,0.241180,0.489251,-0.037343,0.271001,0.519664,-0.049625,0.130655,0.535403,-0.008689,0.206942,0.468922,-0.030167,0.249663,0.496657,-0.047875,0.271750,0.536111,-0.056515,0.133338,0.549856,-0.023973,0.199700,0.486946,-0.038557,0.243515,0.502183,-0.043484,0.269458,0.534298,-0.043270,0.149996,0.573809,-0.039950,0.199028,0.520006,-0.045876,0.233969,0.515349,-0.044019,0.260058,0.525985,-0.040485
3128,0,0.022163,0.026978,0.084022,2.820509,2.973451,0.133747,0.741601,0.000000,0.194944,0.690498,0.003481,0.242120,0.635233,-0.005912,0.279558,0.595669,-0.020177,0.278546,0.567434,-0.031903,0.140621,0.530352,0.006463,0.197586,0.474114,-0.015053,0.241142,0.489476,-0.036618,0.271086,0.519653,-0.048931,0.131187,0.535423,-0.008025,0.206450,0.468895,-0.029430,0.249138,0.496258,-0.047330,0.271598,0.535289,-0.056084,0.133743,0.549528,-0.023273,0.199225,0.486554,-0.037935,0.243008,0.501611,-0.043095,0.269086,0.533483,-0.043059,0.150113,0.573414,-0.039216,0.198662,0.520114,-0.045373,0.233606,0.515488,-0.043807,0.259948,0.525797,-0.040462
3177,0,0.034870,0.046901,0.116688,2.814501,2.953530,0.134158,0.742029,0.000000,0.195278,0.690773,0.003285,0.241555,0.635195,-0.006083,0.278428,0.596034,-0.020404,0.278034,0.566631,-0.032204,0.140783,0.530005,0.006650,0.198372,0.473404,-0.014870,0.241868,0.489108,-0.036150,0.271051,0.519533,-0.048021,0.130718,0.534994,-0.007690,0.205352,0.468556,-0.028652,0.248710,0.495075,-0.045950,0.271477,0.533855,-0.054305,0.133087,0.549170,-0.022939,0.198917,0.485593,-0.037488,0.242986,0.500689,-0.042451,0.268738,0.532778,-0.042201,0.149146,0.572690,-0.038881,0.197703,0.519102,-0.045343,0.232788,0.514361,-0.043808,0.259157,0.524972,-0.040273
3209,0,0.045380,0.063163,0.179815,2.819161,2.968851,0.132463,0.741851,0.000000,0.193568,0.690742,0.003331,0.241285,0.635402,-0.006089,0.279191,0.595949,-0.020211,0.278231,0.568198,-0.031630,0.138524,0.530020,0.006965,0.196189,0.473584,-0.014118,0.239903,0.488707,-0.035973,0.270831,0.518507,-0.048714,0.130183,0.535229,-0.007398,0.206245,0.468218,-0.028789,0.248835,0.495391,-0.047499,0.271544,0.534669,-0.057006,0.132951,0.549403,-0.022391,0.199070,0.487300,-0.036509,0.242669,0.501661,-0.041995,0.269026,0.533761,-0.042388,0.149916,0.573296,-0.038171,0.198553,0.520545,-0.043425,0.233313,0.515413,-0.041745,0.259634,0.525554,-0.038564
3257,0,0.060769,0.070979,0.180369,2.815607,2.953988,0.133515,0.741672,0.000000,0.194408,0.690570,0.003545,0.240749,0.635123,-0.005540,0.278224,0.595385,-0.019563,0.277607,0.566183,-0.030993,0.139649,0.530119,0.007318,0.197343,0.473805,-0.013481,0.240876,0.488975,-0.034343,0.270155,0.518912,-0.046077,0.130006,0.534664,-0.006929,0.204923,0.468793,-0.027070,0.247970,0.494815,-0.043963,0.270578,0.533437,-0.052204,0.132724,0.548587,-0.022018,0.198462,0.485275,-0.035794,0.242225,0.499988,-0.040345,0.268060,0.531898,-0.039986,0.149178,0.571895,-0.037836,0.197809,0.518141,-0.043569,0.232675,0.513553,-0.041599,0.258905,0.524673,-0.037836
3303,0,0.029982,0.028968,0.176732,2.812462,2.945051,0.133394,0.742099,0.000000,0.194332,0.690761,0.003724,0.240999,0.635519,-0.005469,0.278799,0.595828,-0.019718,0.277369,0.566319,-0.031395,0.139010,0.531072,0.007942,0.196398,0.473662,-0.013121,0.240015,0.488868,-0.034533,0.269516,0.519948,-0.046495,0.129549,0.535670,-0.006525,0.204032,0.468461,-0.026742,0.247329,0.494623,-0.044249,0.270229,0.533941,-0.052913,0.132201,0.549200,-0.021839,0.197903,0.484610,-0.035335,0.241634,0.499511,-0.040077,0.267030,0.532127,-0.039934,0.148906,0.571959,-0.037902,0.197171,0.516712,-0.043250,0.231961,0.512174,-0.041147,0.257885,0.523793,-0.037403
3335,0,0.104310,0.116500,0.419813,2.832021,2.950760,0.134577,0.742212,0.000000,0.195418,0.691481,0.005028,0.239661,0.635381,-0.003400,0.276316,0.596710,-0.017763,0.277790,0.565149,-0.029864,0.141967,0.532126,0.010422,0.197865,0.474724,-0.011074,0.240683,0.490728,-0.031811,0.267561,0.523002,-0.042617,0.130205,0.535411,-0.004827,0.201503,0.469668,-0.024756,0.245502,0.495266,-0.040545,0.268523,0.534731,-0.047618,0.131971,0.548201,-0.021380,0.195605,0.481142,-0.036080,0.240480,0.497283,-0.040331,0.265763,0.530636,-0.039152,0.147035,0.570195,-0.038509,0.195161,0.513153,-0.046118,0.230813,0.509546,-0.044475,0.256814,0.522469,-0.040259
3381,0,0.050436,0.070930,0.226425,2.813076,2.929689,0.136045,0.742017,0.000000,0.196463,0.690200,0.004148,0.240702,0.635183,-0.004891,0.276937,0.596018,-0.019706,0.276097,0.563547,-0.032137,0.141976,0.532982,0.010004,0.197470,0.474984,-0.011605,0.240459,0.490854,-0.032546,0.267023,0.523103,-0.043537,0.129925,0.535969,-0.004869,0.200288,0.469345,-0.024863,0.244573,0.494157,-0.040941,0.267302,0.533725,-0.048268,0.131236,0.548100,-0.021111,0.194765,0.480471,-0.035694,0.239347,0.496327,-0.039874,0.264326,0.530260,-0.038664,0.145910,0.569676,-0.038060,0.194349,0.512194,-0.045529,0.229612,0.507490,-0.043858,0.254942,0.520020,-0.039696
3413,0,0.040482,0.053972,0.178397,2.804042,2.920380,0.136958,0.742116,0.000000,0.196521,0.691653,0.004356,0.239563,0.636145,-0.004573,0.275562,0.596692,-0.019340,0.276230,0.562484,-0.031801,0.142975,0.534398,0.009803,0.197888,0.475727,-0.011655,0.240538,0.491335,-0.032156,0.266846,0.523376,-0.042721,0.130302,0.536975,-0.005110,0.199499,0.469031,-0.024870,0.243968,0.493219,-0.040275,0.266968,0.532299,-0.047082,0.131141,0.548604,-0.021431,0.194196,0.479599,-0.036056,0.239004,0.495306,-0.039956,0.263740,0.528595,-0.038502,0.145153,0.569294,-0.038396,0.193262,0.510939,-0.046266,0.228715,0.506297,-0.044671,0.254068,0.518239,-0.040452
3464,0,0.047813,0.047438,0.249644,2.801462,2.918946,0.137068,0.741931,0.000000,0.197091,0.690249,0.003481,0.241276,0.635086,-0.005906,0.277413,0.594838,-0.020876,0.275506,0.561133,-0.033398,0.141767,0.533788,0.009702,0.197259,0.475726,-0.011405,0.239400,0.490866,-0.032050,0.265574,0.522663,-0.042923,0.129889,0.536552,-0.004753,0.200109,0.469437,-0.024317,0.243532,0.493623,-0.040369,0.266417,0.532630,-0.047747,0.131099,0.548174,-0.020557,0.194502,0.480801,-0.034516,0.238571,0.495734,-0.038631,0.263402,0.528781,-0.037566,0.145743,0.569099,-0.037141,0.193629,0.511104,-0.043987,0.228400,0.505715,-0.042214,0.253684,0.517554,-0.038063
3512,0,0.067294,0.097927,0.330946,2.832054,2.951283,0.139358,0.740767,0.000000,0.198125,0.690181,0.004582,0.240744,0.635320,-0.004325,0.276181,0.595338,-0.019370,0.275726,0.559902,-0.032094,0.144669,0.534512,0.011019,0.198299,0.475654,-0.010224,0.240698,0.491704,-0.030185,0.265521,0.523441,-0.040224,0.131130,0.536484,-0.004047,0.198401,0.469164,-0.023187,0.242988,0.493135,-0.037608,0.265903,0.531575,-0.043758,0.130889,0.547505,-0.020730,0.193710,0.478225,-0.035540,0.238946,0.494781,-0.038810,0.263575,0.528184,-0.036830,0.144061,0.567571,-0.038068,0.193173,0.509169,-0.046444,0.229086,0.505679,-0.044677,0.253889,0.518710,-0.040118
3546,0,0.035678,0.030828,0.196043,2.816988,2.945064,0.138291,0.741233,0.000000,0.197511,0.689732,0.004515,0.239988,0.635049,-0.004385,0.275734,0.595370,-0.019344,0.275794,0.560685,-0.032041,0.143293,0.534421,0.011395,0.197636,0.476824,-0.009690,0.239668,0.491977,-0.029790,0.264752,0.523325,-0.040060,0.130288,0.536784,-0.003590,0.197693,0.469915,-0.023037,0.241940,0.492779,-0.037950,0.265602,0.530495,-0.044316,0.130565,0.548183,-0.020171,0.193311,0.479563,-0.035136,0.237934,0.494754,-0.038794,0.263043,0.527152,-0.036965,0.144007,0.568473,-0.037387,0.192703,0.510218,-0.045723,0.227825,0.505100,-0.044140,0.252868,0.516181,-0.039708
3591,0,0.048860,0.045550,0.280781,2.837981,2.958303,0.137731,0.740476,0.000000,0.196443,0.690646,0.005158,0.238378,0.635505,-0.003350,0.273704,0.596241,-0.018172,0.275607,0.561803,-0.030703,0.143192,0.534096,0.012214,0.197895,0.476329,-0.008954,0.240024,0.492749,-0.028805,0.264178,0.525064,-0.038629,0.129972,0.536590,-0.003119,0.197047,0.468861,-0.022232,0.241594,0.492534,-0.036309,0.264542,0.531050,-0.042109,0.130000,0.547542,-0.020158,0.192972,0.477581,-0.035290,0.237807,0.494191,-0.038418,0.262671,0.527977,-0.036063,0.143281,0.567101,-0.037785,0.192086,0.507326,-0.046291,0.227665,0.503311,-0.044323,0.252036,0.515811,-0.039507
3624,0,0.037408,0.034961,0.196050,2.830113,2.946344,0.136377,0.740950,0.000000,0.195226,0.690556,0.004942,0.237514,0.635402,-0.003457,0.273599,0.595368,-0.018007,0.275541,0.560729,-0.030294,0.141856,0.534410,0.012049,0.196379,0.476972,-0.008815,0.238418,0.492306,-0.028692,0.263449,0.523484,-0.038796,0.128816,0.535972,-0.003056,0.196892,0.469589,-0.022320,0.241130,0.492651,-0.037071,0.264512,0.530805,-0.043338,0.129054,0.546783,-0.019768,0.191788,0.478354,-0.034783,0.236652,0.494028,-0.038620,0.261942,0.526699,-0.036860,0.142335,0.566399,-0.037071,0.190980,0.508140,-0.045626,0.226723,0.503734,-0.044253,0.252235,0.515808,-0.039923
3669,0,0.042355,0.041524,0.115765,2.808484,2.926307,0.135599,0.740498,0.000000,0.194579,0.690249,0.004284,0.237353,0.635196,-0.004596,0.273234,0.595266,-0.019280,0.274547,0.561128,-0.031612,0.140966,0.534111,0.010423,0.196069,0.476197,-0.010740,0.238183,0.491900,-0.030908,0.263852,0.523683,-0.041235,0.128168,0.536089,-0.004378,0.196696,0.468515,-0.024048,0.241106,0.491641,-0.039159,0.264447,0.530568,-0.045668,0.128622,0.547035,-0.020670,0.191495,0.478319,-0.035500,0.236192,0.493626,-0.039370,0.261436,0.526626,-0.037681,0.142104,0.566957,-0.037611,0.190554,0.508689,-0.045738,0.225814,0.503623,-0.044260,0.250837,0.515307,-0.039933
3721,0,0.032066,0.024349,0.067918,2.817401,2.931672,0.135718,0.740012,0.000000,0.194866,0.689396,0.004581,0.237551,0.634257,-0.004168,0.273092,0.594281,-0.018852,0.273747,0.559933,-0.031285,0.141555,0.533258,0.010493,0.196150,0.475279,-0.010334,0.238021,0.491075,-0.030068,0.262818,0.522242,-0.040173,0.128276,0.535395,-0.004418,0.196454,0.468042,-0.023649,0.240509,0.491286,-0.038268,0.263419,0.529597,-0.044546,0.128393,0.546681,-0.020827,0.191347,0.477861,-0.035394,0.235804,0.493112,-0.039009,0.260638,0.526085,-0.037281,0.141562,0.566828,-0.037845,0.190158,0.508163,-0.045922,0.225389,0.502823,-0.044440,0.250464,0.514410,-0.040173
3754,0,0.070614,0.076191,0.239590,2.791961,2.907022,0.135067,0.739855,0.000000,0.194332,0.688945,0.003574,0.238143,0.633171,-0.005692,0.274357,0.592575,-0.020352,0.273705,0.560381,-0.032750,0.139896,0.532073,0.008770,0.194843,0.474242,-0.012028,0.237246,0.488374,-0.032574,0.264516,0.519160,-0.043597,0.127991,0.535211,-0.005701,0.197869,0.467509,-0.025308,0.241576,0.490326,-0.041551,0.265159,0.528621,-0.049170,0.128905,0.546921,-0.021357,0.191785,0.479320,-0.035184,0.235986,0.493087,-0.039470,0.261256,0.525449,-0.038659,0.142990,0.567792,-0.037777,0.190600,0.510075,-0.044584,0.225255,0.504011,-0.042962,0.250431,0.514999,-0.039046
3797,0,0.066376,0.070342,0.153677,2.829485,2.937463,0.136000,0.739642,0.000000,0.195305,0.688772,0.004805,0.238238,0.633331,-0.003721,0.274106,0.592907,-0.018124,0.274136,0.558979,-0.030330,0.141203,0.532585,0.011464,0.195173,0.474809,-0.008744,0.237281,0.488607,-0.028882,0.263653,0.519376,-0.039569,0.128808,0.534966,-0.003559,0.197524,0.467642,-0.022381,0.241378,0.489976,-0.038191,0.264504,0.528394,-0.045504,0.129247,0.546110,-0.019855,0.191736,0.478393,-0.033475,0.236222,0.492413,-0.037626,0.261274,0.525036,-0.036637,0.142981,0.566452,-0.036813,0.191179,0.508419,-0.043773,0.226255,0.503457,-0.042077,0.251141,0.515579,-0.037944
3850,0,0.044345,0.047966,0.146339,2.834246,2.934886,0.136588,0.739742,0.000000,0.195333,0.688898,0.005429,0.237611,0.633510,-0.002840,0.273417,0.593557,-0.017261,0.274533,0.558431,-0.029566,0.142464,0.533235,0.012454,0.196777,0.475317,-0.007969,0.238624,0.489816,-0.028031,0.264090,0.521301,-0.038492,0.129393,0.534746,-0.003025,0.197289,0.466867,-0.021945,0.241547,0.489111,-0.037363,0.264672,0.527906,-0.044278,0.129383,0.545739,-0.019934,0.191597,0.476101,-0.033941,0.236156,0.490655,-0.037963,0.261194,0.523360,-0.036763,0.142429,0.565913,-0.037433,0.190963,0.506993,-0.045019,0.226440,0.501988,-0.043431,0.251299,0.514068,-0.039268
3884,0,0.054899,0.064974,0.193243,2.819194,2.921833,0.135685,0.739894,0.000000,0.194987,0.688891,0.004638,0.237982,0.632708,-0.003981,0.273921,0.592483,-0.018445,0.274182,0.559231,-0.030713,0.141281,0.531779,0.010807,0.196270,0.474578,-0.010037,0.238150,0.489453,-0.030500,0.264372,0.520886,-0.041316,0.128858,0.534021,-0.004246,0.198615,0.466942,-0.023827,0.242021,0.490378,-0.039900,0.265219,0.529470,-0.047193,0.129423,0.545637,-0.020605,0.192257,0.478041,-0.034766,0.236394,0.492385,-0.039192,0.261510,0.525216,-0.038271,0.142977,0.566626,-0.037599,0.190920,0.508459,-0.044927,0.226051,0.502564,-0.043582,0.251318,0.513932,-0.039688
3928,0,0.035933,0.038495,0.280406,2.819974,2.924572,0.135877,0.739707,0.000000,0.194990,0.689469,0.005182,0.237328,0.633403,-0.003012,0.272694,0.593586,-0.017247,0.274136,0.559516,-0.029338,0.143133,0.533217,0.011002,0.196770,0.474682,-0.009894,0.238654,0.489553,-0.029940,0.264155,0.520814,-0.040286,0.130124,0.535136,-0.004301,0.197654,0.466942,-0.023740,0.242060,0.489748,-0.039153,0.264744,0.528507,-0.045956,0.129981,0.546331,-0.020976,0.191709,0.477108,-0.035556,0.236662,0.492337,-0.039720,0.261282,0.525138,-0.038409,0.142585,0.566502,-0.038231,0.190316,0.507547,-0.046204,0.225839,0.502504,-0.044822,0.250655,0.514129,-0.040783
3960,0,0.060751,0.064913,0.129631,2.836015,2.927464,0.136684,0.740113,0.000000,0.194665,0.690055,0.005634,0.237355,0.634281,-0.002144,0.272978,0.594717,-0.016024,0.274826,0.560904,-0.027718,0.144307,0.532767,0.013326,0.196846,0.474502,-0.007062,0.238490,0.489324,-0.027256,0.264549,0.520394,-0.037832,0.131263,0.534270,-0.002188,0.198110,0.466599,-0.021649,0.242353,0.489389,-0.037903,0.265560,0.528550,-0.045107,0.130259,0.544742,-0.019093,0.191886,0.477490,-0.033591,0.236721,0.493149,-0.038400,0.261898,0.526360,-0.037406,0.141747,0.564173,-0.036554,0.189533,0.507225,-0.044327,0.225148,0.503251,-0.043049,0.250177,0.515566,-0.038968
4008,0,0.252345,0.272104,0.915630,2.885410,2.962059,0.139518,0.742302,0.000000,0.196589,0.693401,0.009665,0.237046,0.636646,0.004472,0.271202,0.596127,-0.008530,0.277312,0.554071,-0.019775,0.155241,0.540235,0.021929,0.202614,0.480601,0.003068,0.242898,0.495855,-0.015281,0.264675,0.526082,-0.024386,0.139372,0.537531,0.004089,0.197324,0.466889,-0.014169,0.243045,0.489016,-0.028782,0.265384,0.528194,-0.034656,0.133192,0.544801,-0.015753,0.190662,0.471890,-0.031612,0.237818,0.490190,-0.036026,0.262161,0.525376,-0.034264,0.138402,0.561401,-0.035759,0.185531,0.500405,-0.046137,0.223446,0.498391,-0.045603,0.247886,0.512916,-0.041651
4058,0,0.313645,0.301775,0.950120,2.859873,2.906183,0.140499,0.745531,0.000000,0.196484,0.697572,0.007668,0.239370,0.641017,0.003730,0.274105,0.598961,-0.008373,0.282535,0.549279,-0.018898,0.172803,0.549245,0.029387,0.210182,0.488259,0.012370,0.246960,0.501341,-0.005814,0.267247,0.529527,-0.015001,0.154823,0.542404,0.012659,0.201559,0.472807,-0.005140,0.244976,0.492504,-0.021972,0.267468,0.530458,-0.029495,0.141951,0.544461,-0.006967,0.190234,0.471192,-0.023238,0.235763,0.488307,-0.030888,0.260595,0.523993,-0.031213,0.137429,0.555483,-0.027036,0.179135,0.490570,-0.038121,0.217812,0.489183,-0.039532,0.244571,0.507930,-0.037036
4091,0,0.366549,0.378427,1.524722,2.679930,2.751555,0.142537,0.742800,0.000000,0.196686,0.704767,-0.002070,0.242076,0.649206,-0.007916,0.278835,0.606262,-0.020432,0.293486,0.553989,-0.030913,0.196949,0.555884,0.027255,0.224691,0.495689,0.008030,0.257732,0.511235,-0.011697,0.274045,0.540635,-0.021785,0.180535,0.547498,0.015493,0.210209,0.474545,-0.005597,0.250602,0.493931,-0.024950,0.271656,0.531988,-0.033583,0.162486,0.545006,-0.000749,0.189663,0.469355,-0.019755,0.233771,0.484860,-0.029523,0.259117,0.520685,-0.030821,0.145605,0.550208,-0.018392,0.174841,0.488964,-0.032413,0.212084,0.488300,-0.036693,0.238347,0.507774,-0.036163
4135,0,0.330154,0.322521,1.083883,2.372572,2.473081,0.140069,0.748913,0.000000,0.197656,0.713118,-0.006909,0.245779,0.659417,-0.013809,0.283090,0.616794,-0.025513,0.307354,0.565932,-0.035888,0.204208,0.562914,0.020455,0.233760,0.504924,0.002825,0.263080,0.513569,-0.015646,0.278807,0.538191,-0.026012,0.184955,0.552696,0.011021,0.213579,0.477465,-0.010430,0.251416,0.490021,-0.031734,0.273748,0.526521,-0.042091,0.163814,0.551590,-0.002571,0.185738,0.470632,-0.021913,0.228219,0.478119,-0.035187,0.257347,0.509151,-0.039765,0.142982,0.560842,-0.017667,0.167867,0.497339,-0.033802,0.204131,0.490316,-0.041500,0.234040,0.505997,-0.043789
4168,0,0.516213,0.491990,0.846048,2.022550,2.105299,0.139040,0.757710,0.000000,0.198060,0.726913,-0.015664,0.250149,0.676812,-0.025333,0.289368,0.632235,-0.037152,0.314974,0.582115,-0.047953,0.211347,0.573057,0.004811,0.241867,0.512493,-0.015852,0.268374,0.515717,-0.035135,0.285275,0.535547,-0.046068,0.189835,0.559590,-0.000241,0.220972,0.485318,-0.024617,0.255975,0.493851,-0.045955,0.279226,0.524508,-0.056397,0.165114,0.557934,-0.009566,0.189430,0.478194,-0.031761,0.228733,0.480069,-0.045992,0.259857,0.503336,-0.051270,0.137218,0.567935,-0.020772,0.155643,0.503456,-0.039282,0.188845,0.489560,-0.048405,0.221018,0.497782,-0.051647
4217,0,0.594265,0.563773,2.678870,1.561100,1.703858,0.131212,0.772258,0.000000,0.194840,0.749040,-0.023248,0.252283,0.700884,-0.032505,0.293129,0.651737,-0.041897,0.319060,0.599082,-0.050406,0.217659,0.592655,0.002518,0.246264,0.533613,-0.016550,0.268917,0.519561,-0.035783,0.289121,0.520638,-0.047685,0.191542,0.573676,0.002065,0.221843,0.502444,-0.016847,0.249174,0.487843,-0.036262,0.274199,0.493882,-0.047877,0.162168,0.568422,-0.003658,0.187784,0.495748,-0.022884,0.217303,0.474626,-0.037891,0.246222,0.474574,-0.045653,0.127879,0.575274,-0.011998,0.142267,0.512524,-0.029286,0.166728,0.487369,-0.038524,0.194415,0.482004,-0.042817
4262,0,0.813319,0.773720,3.668156,1.476171,1.696923,0.122088,0.779201,0.000000,0.193680,0.764620,-0.023128,0.257625,0.723467,-0.029021,0.300498,0.674806,-0.033890,0.323449,0.624064,-0.037484,0.228240,0.603591,0.008289,0.253500,0.549652,-0.001069,0.267666,0.523337,-0.015032,0.281363,0.499437,-0.025775,0.195960,0.580750,0.009912,0.219332,0.517244,0.003625,0.236460,0.485594,-0.009463,0.254109,0.460989,-0.020094,0.160794,0.572185,0.006386,0.181167,0.506697,-0.002978,0.198598,0.474054,-0.012704,0.218800,0.448520,-0.019882,0.121856,0.575992,-0.000069,0.133426,0.520326,-0.009888,0.147521,0.491837,-0.014182,0.166817,0.468837,-0.016771
4293,0,0.517752,0.540895,1.227320,1.069881,1.432704,0.119653,0.783193,0.000000,0.189679,0.781770,-0.029168,0.257745,0.746938,-0.037444,0.303001,0.700715,-0.042777,0.328617,0.653606,-0.046638,0.233656,0.616138,-0.005973,0.262121,0.556339,-0.015884,0.274222,0.519363,-0.028843,0.283286,0.483553,-0.038954,0.200457,0.587965,-0.001506,0.225642,0.517588,-0.007971,0.239331,0.475288,-0.020337,0.249381,0.437217,-0.030391,0.163697,0.576203,-0.001595,0.181223,0.506916,-0.009834,0.193352,0.465855,-0.019821,0.204907,0.427785,-0.027409,0.123486,0.578371,-0.004979,0.133733,0.519730,-0.013877,0.142059,0.485524,-0.018445,0.152490,0.453179,-0.021236
4344,0,0.409517,0.449650,0.523815,0.734701,1.153284,0.117624,0.792216,0.000000,0.189190,0.795830,-0.031828,0.256921,0.762770,-0.042174,0.304072,0.718255,-0.049374,0.338063,0.676258,-0.055157,0.236199,0.626868,-0.013337,0.265499,0.558515,-0.025631,0.278002,0.514479,-0.038791,0.287195,0.472498,-0.049138,0.202362,0.595759,-0.008518,0.227113,0.516913,-0.018009,0.239451,0.467757,-0.030903,0.247276,0.424567,-0.040798,0.165252,0.583164,-0.008080,0.182102,0.506325,-0.019258,0.191459,0.459469,-0.030077,0.199277,0.417331,-0.037611,0.125190,0.586248,-0.011035,0.133733,0.523413,-0.022956,0.139104,0.482819,-0.029270,0.145474,0.445178,-0.032693
4379,0,0.273294,0.314916,0.312042,0.545273,0.892823,0.117556,0.798359,0.000000,0.187400,0.803196,-0.033046,0.255161,0.769000,-0.044550,0.303974,0.725700,-0.052776,0.341653,0.689228,-0.059821,0.235854,0.629675,-0.018671,0.267660,0.557660,-0.032904,0.281814,0.510134,-0.046546,0.292051,0.465697,-0.057215,0.201428,0.597672,-0.014243,0.226771,0.513188,-0.026042,0.239433,0.461484,-0.039297,0.247668,0.416797,-0.049234,0.164170,0.585592,-0.014039,0.180377,0.504059,-0.027304,0.189273,0.454757,-0.038585,0.196631,0.410696,-0.046261,0.124877,0.590233,-0.017287,0.131948,0.524929,-0.031234,0.135596,0.482106,-0.038422,0.140567,0.442121,-0.042189
4411,0,0.151660,0.174501,0.121727,0.502980,0.785559,0.116752,0.801199,0.000000,0.186278,0.804890,-0.033409,0.253045,0.771617,-0.046065,0.302250,0.728975,-0.055646,0.341946,0.694948,-0.064098,0.234933,0.628467,-0.020219,0.267515,0.555416,-0.035668,0.281930,0.507010,-0.050040,0.292567,0.461699,-0.061211,0.200635,0.596196,-0.016255,0.226006,0.509696,-0.029246,0.238747,0.456537,-0.042844,0.247091,0.410828,-0.053011,0.163422,0.584908,-0.016568,0.178488,0.501292,-0.030857,0.187135,0.450887,-0.042342,0.194535,0.406312,-0.050082,0.123798,0.590880,-0.020365,0.129030,0.524251,-0.035103,0.131932,0.480483,-0.042593,0.136528,0.439432,-0.046609
4442,0,0.144702,0.211094,0.134130,0.483777,0.654381,0.116975,0.804854,0.000000,0.185835,0.806777,-0.033703,0.251125,0.771979,-0.047009,0.300213,0.728931,-0.057186,0.341522,0.696335,-0.066256,0.232169,0.626213,-0.021652,0.264956,0.551570,-0.037578,0.279268,0.502215,-0.052077,0.289862,0.456549,-0.063361,0.197882,0.594398,-0.017873,0.223438,0.505676,-0.031297,0.236571,0.451293,-0.044795,0.245282,0.404909,-0.054887,0.160716,0.583724,-0.018342,0.175857,0.498308,-0.033043,0.184359,0.447562,-0.044710,0.191631,0.402763,-0.052545,0.121265,0.590891,-0.022291,0.125825,0.523409,-0.037493,0.127989,0.479090,-0.045306,0.131642,0.437743,-0.049564
4476,0,0.200808,0.131537,0.089457,0.485304,0.590753,0.114312,0.804003,0.000000,0.183667,0.805965,-0.035252,0.248529,0.771071,-0.049686,0.297586,0.727070,-0.060809,0.340486,0.694825,-0.070677,0.228672,0.620883,-0.023133,0.261343,0.544882,-0.039818,0.275696,0.494572,-0.054749,0.286068,0.448055,-0.066305,0.193201,0.589366,-0.018903,0.219172,0.499339,-0.032936,0.232536,0.443968,-0.046743,0.241706,0.396929,-0.056913,0.155528,0.580265,-0.019000,0.170856,0.494296,-0.033975,0.179768,0.443121,-0.045487,0.187893,0.397957,-0.053235,0.115769,0.589289,-0.022722,0.120346,0.520837,-0.037870,0.122700,0.476454,-0.045444,0.126998,0.435087,-0.049513
4508,0,0.193736,0.158594,0.145031,0.530521,0.470019,0.112929,0.803667,0.000000,0.182409,0.802725,-0.033631,0.247242,0.766082,-0.047937,0.296272,0.723090,-0.059286,0.339284,0.692809,-0.069584,0.225329,0.615006,-0.022742,0.258049,0.537739,-0.039524,0.272682,0.486983,-0.054554,0.283490,0.440575,-0.066210,0.189142,0.584834,-0.019521,0.214709,0.493189,-0.033718,0.228714,0.437416,-0.047674,0.238253,0.390633,-0.058059,0.151076,0.576820,-0.020430,0.165671,0.489359,-0.035471,0.175162,0.437684,-0.047236,0.183901,0.392616,-0.055167,0.111447,0.587201,-0.024801,0.115134,0.517970,-0.040006,0.117571,0.473405,-0.047631,0.122142,0.432560,-0.051706
4543,0,0.181395,0.099064,0.126842,0.602205,0.394038,0.111050,0.801394,0.000000,0.179748,0.799176,-0.033466,0.243546,0.760407,-0.047708,0.293130,0.717056,-0.059180,0.335947,0.686580,-0.069679,0.220583,0.609986,-0.022636,0.253509,0.532280,-0.039801,0.268552,0.481970,-0.055061,0.280086,0.436240,-0.066711,0.184150,0.580085,-0.019557,0.209928,0.487619,-0.033865,0.224144,0.431245,-0.047796,0.234050,0.384802,-0.058073,0.146756,0.573207,-0.020653,0.161073,0.485634,-0.035615,0.170303,0.432700,-0.047176,0.178766,0.387228,-0.054972,0.107767,0.585397,-0.025227,0.110715,0.516368,-0.040089,0.112975,0.471580,-0.047265,0.117143,0.431134,-0.051074
4575,0,0.157772,0.105691,0.085559,0.715817,0.324851,0.109697,0.799914,0.000000,0.177911,0.796338,-0.034086,0.240051,0.756208,-0.048860,0.289818,0.711559,-0.060830,0.333865,0.680132,-0.071688,0.215105,0.605436,-0.022383,0.247973,0.526683,-0.039849,0.263194,0.475644,-0.055446,0.275144,0.429199,-0.067327,0.179446,0.576928,-0.019112,0.205385,0.484015,-0.033530,0.219937,0.426638,-0.047570,0.230489,0.379249,-0.058027,0.142758,0.571334,-0.020125,0.157443,0.483528,-0.035043,0.167727,0.430460,-0.046235,0.177463,0.384559,-0.053844,0.104783,0.584334,-0.024764,0.108195,0.515786,-0.039337,0.110993,0.471235,-0.045968,0.115828,0.430823,-0.049572
4614,0,0.146444,0.080256,0.121755,0.818545,0.306331,0.108209,0.796753,0.000000,0.175593,0.792501,-0.034326,0.237724,0.751372,-0.049139,0.286951,0.706005,-0.061168,0.330166,0.671684,-0.071994,0.211411,0.601056,-0.021540,0.242754,0.521961,-0.039026,0.257597,0.471197,-0.054619,0.269386,0.425619,-0.066336,0.175920,0.573435,-0.018110,0.202228,0.480525,-0.032589,0.217287,0.423271,-0.046600,0.228382,0.376471,-0.056891,0.139486,0.568629,-0.019123,0.155168,0.480835,-0.034282,0.165638,0.428721,-0.045286,0.175473,0.384408,-0.052525,0.101653,0.582246,-0.023723,0.106963,0.513558,-0.038202,0.110789,0.469858,-0.044439,0.116110,0.430935,-0.047625
4649,0,0.155089,0.096768,0.063983,0.946185,0.287364,0.108109,0.793987,0.000000,0.175069,0.788177,-0.035144,0.236261,0.746325,-0.050091,0.285355,0.700269,-0.062147,0.328110,0.665712,-0.072868,0.208925,0.596522,-0.020786,0.238556,0.517351,-0.038369,0.252324,0.465993,-0.054273,0.263190,0.420020,-0.066195,0.173652,0.569685,-0.017027,0.198436,0.476340,-0.031741,0.212996,0.418949,-0.045954,0.224334,0.371952,-0.056275,0.137496,0.565570,-0.017928,0.152426,0.477677,-0.033409,0.162895,0.425529,-0.044419,0.173009,0.380990,-0.051604,0.099943,0.579374,-0.022554,0.105003,0.510893,-0.037101,0.109118,0.467566,-0.043396,0.115059,0.428531,-0.046666
4682,0,0.106076,0.112976,0.054183,1.048114,0.281056,0.108820,0.793712,0.000000,0.175495,0.786690,-0.034718,0.235401,0.743427,-0.049756,0.283767,0.697299,-0.061973,0.326074,0.662234,-0.072901,0.207316,0.593642,-0.021135,0.236666,0.513337,-0.038938,0.250498,0.461412,-0.055042,0.261537,0.415247,-0.067081,0.171888,0.567274,-0.017581,0.196103,0.473427,-0.032341,0.210351,0.415500,-0.046646,0.221125,0.368685,-0.057041,0.135692,0.563962,-0.018570,0.150357,0.475448,-0.033918,0.160703,0.422896,-0.044936,0.170134,0.378529,-0.052066,0.098644,0.578356,-0.023234,0.103245,0.509184,-0.037739,0.107079,0.465109,-0.044003,0.112556,0.425783,-0.047179
4714,0,0.118758,0.053392,0.094588,1.113495,0.265189,0.107508,0.789956,0.000000,0.173558,0.783546,-0.033602,0.233485,0.740269,-0.048264,0.282470,0.694704,-0.060207,0.324939,0.661298,-0.070992,0.207211,0.590477,-0.020032,0.235795,0.509967,-0.037145,0.248730,0.458143,-0.052765,0.258751,0.412266,-0.064485,0.171827,0.564215,-0.016879,0.195883,0.469613,-0.030928,0.209981,0.411565,-0.044788,0.220509,0.364979,-0.054948,0.135501,0.561069,-0.018194,0.149508,0.471752,-0.032844,0.159016,0.419107,-0.043718,0.168137,0.375317,-0.050938,0.098184,0.575322,-0.023129,0.102096,0.505909,-0.036944,0.105241,0.461940,-0.043050,0.110091,0.422699,-0.046258
4747,0,0.120941,0.080421,0.062312,1.234436,0.331068,0.106904,0.788172,0.000000,0.172471,0.780862,-0.034793,0.232303,0.737484,-0.050214,0.281781,0.692830,-0.062756,0.324503,0.659794,-0.074227,0.206384,0.588196,-0.022474,0.235248,0.507531,-0.040774,0.248227,0.455618,-0.056999,0.258438,0.409524,-0.069095,0.170752,0.562182,-0.019137,0.194975,0.467468,-0.034391,0.208944,0.409529,-0.048652,0.219774,0.362888,-0.059052,0.134395,0.559696,-0.020320,0.147940,0.470075,-0.036065,0.157784,0.417355,-0.047179,0.167160,0.373076,-0.054454,0.096845,0.574979,-0.025196,0.100885,0.505361,-0.040060,0.104437,0.460823,-0.046599,0.109470,0.420934,-0.050080
4780,0,0.064014,0.071537,0.054707,1.295835,0.357082,0.107385,0.788174,0.000000,0.172947,0.780223,-0.035327,0.231833,0.736571,-0.051361,0.280778,0.691277,-0.064447,0.324153,0.657825,-0.076461,0.205791,0.587770,-0.023604,0.235213,0.506704,-0.042295,0.248260,0.454185,-0.058685,0.258630,0.407743,-0.070923,0.169691,0.561650,-0.020243,0.194013,0.465911,-0.035841,0.208413,0.407654,-0.050155,0.219299,0.361018,-0.060561,0.133174,0.559211,-0.021404,0.146585,0.468891,-0.037426,0.156524,0.415998,-0.048502,0.166143,0.371621,-0.055693,0.095844,0.574939,-0.026261,0.099848,0.504699,-0.041290,0.103824,0.459973,-0.047788,0.109593,0.419641,-0.051272
4812,0,0.060968,0.045935,0.064848,1.342051,0.365759,0.107340,0.787499,0.000000,0.172905,0.779143,-0.035233,0.231551,0.735076,-0.051574,0.280607,0.690283,-0.064959,0.324625,0.656842,-0.077181,0.205001,0.586063,-0.023996,0.234814,0.503668,-0.042486,0.247557,0.450876,-0.058468,0.257260,0.404520,-0.070287,0.168867,0.560604,-0.020482,0.193809,0.464544,-0.035882,0.207712,0.406008,-0.049783,0.218015,0.359697,-0.059766,0.132164,0.558328,-0.021478,0.145299,0.467776,-0.037091,0.154898,0.414735,-0.047903,0.164080,0.370770,-0.054931,0.094596,0.573779,-0.026145,0.099083,0.502769,-0.040583,0.102515,0.457758,-0.046783,0.107453,0.417992,-0.050007
4845,0,0.062185,0.071306,0.057921,1.397120,0.427724,0.107924,0.786318,0.000001,0.173741,0.777996,-0.035519,0.232192,0.735025,-0.052516,0.281332,0.690314,-0.066553,0.325249,0.656697,-0.079514,0.204844,0.586046,-0.025361,0.234176,0.502994,-0.044578,0.246909,0.450517,-0.060902,0.256892,0.404639,-0.072876,0.168650,0.560428,-0.021908,0.193454,0.463920,-0.037896,0.207318,0.405165,-0.052067,0.217695,0.358971,-0.062248,0.131790,0.558150,-0.022917,0.144569,0.466928,-0.038994,0.153982,0.413730,-0.050094,0.162914,0.369986,-0.057314,0.094181,0.573457,-0.027581,0.097952,0.502274,-0.042336,0.101219,0.457162,-0.048749,0.106063,0.417113,-0.052157
4879,0,0.031580,0.029472,0.061337,1.417005,0.440680,0.107447,0.785840,0.000001,0.173002,0.778073,-0.035533,0.231602,0.735196,-0.052684,0.280802,0.691581,-0.066862,0.324795,0.658021,-0.079966,0.204025,0.586129,-0.025738,0.233905,0.503589,-0.045238,0.247286,0.451088,-0.061763,0.257719,0.404869,-0.073838,0.168024,0.560182,-0.022395,0.192836,0.463373,-0.038641,0.207148,0.404722,-0.052818,0.217739,0.358479,-0.062971,0.131311,0.557871,-0.023502,0.143774,0.466607,-0.039759,0.153280,0.413227,-0.050716,0.162450,0.368829,-0.057827,0.094240,0.573476,-0.028288,0.097715,0.502409,-0.043225,0.100925,0.457229,-0.049554,0.105801,0.416523,-0.052908
4912,0,0.045159,0.074054,0.050273,1.380873,0.413813,0.108081,0.787532,0.000000,0.174565,0.778559,-0.034952,0.232884,0.735518,-0.051477,0.281313,0.691302,-0.065118,0.324759,0.657456,-0.077730,0.204137,0.586119,-0.024397,0.233942,0.503742,-0.043449,0.247173,0.451168,-0.059751,0.257323,0.404811,-0.071647,0.167845,0.560663,-0.021188,0.192726,0.463482,-0.037031,0.206776,0.404602,-0.051074,0.217097,0.358177,-0.061137,0.131131,0.558372,-0.022440,0.143651,0.467346,-0.038462,0.153326,0.413847,-0.049509,0.162408,0.369712,-0.056665,0.093931,0.573932,-0.027281,0.097465,0.502292,-0.041996,0.101096,0.456916,-0.048257,0.106380,0.416617,-0.051566
4945,0,0.034111,0.032419,0.064846,1.358903,0.423864,0.108748,0.787608,0.000000,0.174549,0.778477,-0.034219,0.232892,0.736465,-0.050846,0.281588,0.692878,-0.064802,0.324567,0.659165,-0.077817,0.204504,0.587728,-0.024076,0.234808,0.505404,-0.043441,0.248183,0.453011,-0.060045,0.258422,0.407152,-0.072117,0.168440,0.561880,-0.021294,0.193652,0.464496,-0.037270,0.207083,0.405110,-0.051564,0.216729,0.358051,-0.061796,0.131785,0.559150,-0.022887,0.144534,0.467793,-0.038729,0.153796,0.414241,-0.049634,0.162395,0.369935,-0.056769,0.094230,0.573895,-0.028048,0.097766,0.502538,-0.042409,0.101044,0.457307,-0.048377,0.105781,0.416847,-0.051474
4977,0,0.035984,0.032871,0.031194,1.323598,0.403226,0.108657,0.788945,0.000000,0.174415,0.779565,-0.033717,0.232989,0.737073,-0.050015,0.281976,0.693420,-0.063717,0.324885,0.659841,-0.076344,0.204924,0.588091,-0.023463,0.235138,0.505749,-0.042605,0.248450,0.453761,-0.058970,0.258935,0.408842,-0.070747,0.168681,0.562727,-0.020877,0.194153,0.464697,-0.036649,0.207759,0.405437,-0.050776,0.217286,0.358991,-0.060806,0.132013,0.560312,-0.022634,0.144680,0.468509,-0.038351,0.154059,0.414730,-0.049299,0.162832,0.370510,-0.056373,0.094115,0.575383,-0.027873,0.097911,0.503684,-0.042202,0.101246,0.458167,-0.048179,0.106169,0.417477,-0.051269
5016,0,0.041528,0.033307,0.051903,1.325057,0.424993,0.109175,0.789358,0.000000,0.175332,0.780115,-0.034252,0.233904,0.737423,-0.050794,0.282261,0.693468,-0.064639,0.325319,0.660008,-0.077585,0.205708,0.588962,-0.023981,0.236103,0.506954,-0.043445,0.249564,0.454606,-0.060099,0.259983,0.408947,-0.072146,0.169346,0.563439,-0.021352,0.194456,0.465414,-0.037669,0.207874,0.405905,-0.052233,0.217567,0.358978,-0.062616,0.132403,0.560890,-0.023127,0.144650,0.469095,-0.039422,0.154067,0.415302,-0.050749,0.162939,0.370834,-0.058076,0.094527,0.575842,-0.028431,0.097852,0.504215,-0.043198,0.101260,0.458739,-0.049536,0.106374,0.417964,-0.052907
5049,0,0.034960,0.038564,0.065425,1.303488,0.414927,0.109141,0.789097,0.000001,0.175096,0.779889,-0.034753,0.233609,0.738536,-0.051635,0.282216,0.694828,-0.065734,0.325398,0.660924,-0.078845,0.205129,0.588976,-0.023954,0.235774,0.507413,-0.043239,0.249800,0.455404,-0.059987,0.260697,0.409828,-0.072154,0.169283,0.563449,-0.020991,0.194377,0.466355,-0.036908,0.207936,0.407087,-0.051411,0.217397,0.360050,-0.061872,0.132751,0.560623,-0.022484,0.145497,0.469570,-0.038322,0.154895,0.416031,-0.049435,0.163521,0.371495,-0.056709,0.095177,0.575638,-0.027591,0.098368,0.504211,-0.042071,0.101488,0.458840,-0.048178,0.106174,0.418101,-0.051366
5082,0,0.050960,0.049267,0.069989,1.317096,0.441637,0.108788,0.789495,0.000000,0.174327,0.781035,-0.034905,0.233708,0.738711,-0.051775,0.282471,0.695100,-0.065827,0.325606,0.660952,-0.078894,0.205581,0.590387,-0.025127,0.235915,0.508183,-0.044817,0.250041,0.455810,-0.061531,0.261182,0.409913,-0.073748,0.169450,0.564749,-0.022241,0.194253,0.467066,-0.038753,0.207950,0.407883,-0.053431,0.217832,0.361019,-0.063947,0.132857,0.562047,-0.023762,0.144900,0.470369,-0.040185,0.154144,0.416341,-0.051507,0.163072,0.371301,-0.058891,0.095177,0.577305,-0.028908,0.098388,0.505726,-0.043989,0.101510,0.459903,-0.050478,0.106443,0.418616,-0.053968
5115,0,0.052422,0.075204,0.059409,1.298032,0.408750,0.109162,0.790655,0.000001,0.176123,0.781265,-0.034928,0.234636,0.738437,-0.051520,0.282957,0.693854,-0.065295,0.326279,0.659627,-0.078086,0.205619,0.590158,-0.024217,0.235759,0.508168,-0.043269,0.249332,0.455761,-0.059749,0.259756,0.409229,-0.071914,0.169329,0.564187,-0.021143,0.193725,0.466563,-0.037097,0.207747,0.407564,-0.051431,0.217818,0.360654,-0.061762,0.132400,0.561494,-0.022518,0.144525,0.469634,-0.038551,0.154438,0.415020,-0.049776,0.163819,0.369501,-0.057111,0.095045,0.576893,-0.027504,0.098344,0.505099,-0.042375,0.102053,0.459131,-0.048837,0.107574,0.417918,-0.052281
5149,0,0.036820,0.043381,0.041436,1.311460,0.423428,0.109294,0.789660,0.000001,0.175245,0.780812,-0.035699,0.233764,0.738635,-0.052909,0.282147,0.694409,-0.067179,0.325751,0.659889,-0.080418,0.205481,0.589316,-0.024816,0.236257,0.507045,-0.044158,0.250048,0.454649,-0.060762,0.260875,0.408660,-0.072879,0.169369,0.563710,-0.021395,0.194258,0.466576,-0.037427,0.207799,0.407235,-0.051877,0.217754,0.360520,-0.062243,0.132671,0.561038,-0.022505,0.144951,0.469825,-0.038414,0.154386,0.416035,-0.049453,0.163582,0.370989,-0.056678,0.094856,0.575954,-0.027329,0.097954,0.504742,-0.041914,0.101365,0.459343,-0.048152,0.106429,0.418817,-0.051428
5184,0,0.026466,0.027160,0.051454,1.316466,0.433685,0.109547,0.789539,0.000001,0.175683,0.780076,-0.035059,0.234175,0.737649,-0.051940,0.282946,0.693975,-0.065999,0.326312,0.660083,-0.079029,0.205109,0.589049,-0.024716,0.235877,0.506790,-0.044104,0.249916,0.454645,-0.060716,0.260995,0.408893,-0.072805,0.169032,0.563669,-0.021593,0.194027,0.466220,-0.037701,0.207755,0.406812,-0.052164,0.217390,0.360208,-0.062552,0.132454,0.561418,-0.022925,0.144867,0.469873,-0.038977,0.154191,0.415447,-0.050283,0.162945,0.370399,-0.057716,0.095027,0.576845,-0.027895,0.098479,0.505352,-0.042671,0.101601,0.459713,-0.049119,0.106470,0.418577,-0.052612
5217,0,0.028912,0.026981,0.051935,1.332607,0.445421,0.109702,0.789369,0.000001,0.176126,0.780207,-0.035128,0.234799,0.737686,-0.052076,0.283526,0.693645,-0.066136,0.326869,0.659407,-0.079256,0.205904,0.589631,-0.025277,0.236045,0.507238,-0.044867,0.249750,0.454729,-0.061524,0.260265,0.408405,-0.073659,0.169648,0.563719,-0.022232,0.193847,0.466093,-0.038598,0.207289,0.406656,-0.053061,0.216933,0.359610,-0.063405,0.132756,0.561054,-0.023620,0.144704,0.469330,-0.039852,0.154157,0.415086,-0.050956,0.163157,0.369862,-0.058210,0.095189,0.576135,-0.028635,0.098150,0.504465,-0.043501,0.101628,0.458827,-0.049837,0.106880,0.417897,-0.053240
5251,0,0.040662,0.054646,0.067607,1.304369,0.439137,0.110722,0.790025,0.000001,0.177014,0.779831,-0.034682,0.235736,0.737543,-0.051284,0.284253,0.693570,-0.065023,0.327223,0.659914,-0.077822,0.206077,0.588952,-0.024456,0.236460,0.506357,-0.043565,0.250017,0.453707,-0.060055,0.260508,0.407293,-0.072093,0.169515,0.563761,-0.021391,0.193991,0.465919,-0.037210,0.207617,0.406296,-0.051508,0.217165,0.359426,-0.061801,0.132687,0.561391,-0.022722,0.145043,0.469469,-0.038463,0.154610,0.414688,-0.049673,0.163425,0.369393,-0.057012,0.095149,0.576753,-0.027656,0.098551,0.504875,-0.042245,0.101964,0.458999,-0.048599,0.107075,0.417803,-0.051956
5283,0,0.039629,0.032021,0.076788,1.271367,0.419368,0.111004,0.790321,0.000000,0.176631,0.780408,-0.033805,0.235209,0.737542,-0.050226,0.283910,0.694058,-0.064026,0.326935,0.660464,-0.076885,0.206838,0.589820,-0.023411,0.237150,0.507406,-0.042722,0.251108,0.454981,-0.059411,0.261980,0.409007,-0.071419,0.170567,0.564334,-0.020980,0.194984,0.466349,-0.036875,0.208045,0.407008,-0.051167,0.217308,0.360222,-0.061428,0.133692,0.561688,-0.022940,0.145908,0.470098,-0.038532,0.155018,0.415886,-0.049241,0.163653,0.370882,-0.056275,0.095926,0.576674,-0.028451,0.099152,0.504563,-0.042542,0.102396,0.459239,-0.048210,0.107411,0.418404,-0.051078
5318,0,0.032891,0.037949,0.041319,1.289237,0.441872,0.110928,0.789634,0.000000,0.176619,0.780074,-0.034831,0.235531,0.737994,-0.051463,0.284390,0.694753,-0.065315,0.327270,0.661247,-0.078180,0.206934,0.589115,-0.024476,0.237060,0.506809,-0.043842,0.250622,0.454266,-0.060518,0.261173,0.407799,-0.072711,0.170577,0.563958,-0.021518,0.194890,0.466466,-0.037588,0.208054,0.406923,-0.052135,0.217267,0.359763,-0.062625,0.133816,0.561779,-0.022974,0.145951,0.470440,-0.038956,0.155170,0.415915,-0.050252,0.163615,0.370472,-0.057694,0.096158,0.577057,-0.028085,0.099325,0.505402,-0.042721,0.102691,0.459860,-0.049042,0.107612,0.418722,-0.052494
5351,0,0.022914,0.032041,0.028735,1.287931,0.432764,0.110620,0.788836,0.000001,0.176613,0.780023,-0.035223,0.235604,0.738623,-0.052107,0.284441,0.695380,-0.066062,0.327255,0.662019,-0.079033,0.206815,0.589234,-0.024734,0.237132,0.507048,-0.043989,0.250467,0.454425,-0.060561,0.260609,0.407975,-0.072727,0.170660,0.563716,-0.021492,0.195106,0.466124,-0.037459,0.208429,0.406800,-0.051929,0.217788,0.359871,-0.062395,0.134081,0.561123,-0.022677,0.146321,0.469829,-0.038533,0.155520,0.415621,-0.049782,0.164075,0.370538,-0.057251,0.096725,0.576010,-0.027530,0.099951,0.504522,-0.042133,0.103149,0.458990,-0.048529,0.107981,0.418100,-0.052018
5383,0,0.026496,0.037967,0.049228,1.266647,0.431601,0.111411,0.789789,0.000000,0.177542,0.780092,-0.034263,0.236550,0.738518,-0.050691,0.285500,0.695307,-0.064369,0.327993,0.662357,-0.077064,0.207231,0.589498,-0.024206,0.237266,0.506857,-0.043360,0.250682,0.454406,-0.059765,0.261027,0.408177,-0.071745,0.170835,0.563906,-0.021378,0.195120,0.466090,-0.037348,0.208539,0.406942,-0.051585,0.218065,0.360367,-0.061777,0.134050,0.561468,-0.022909,0.146040,0.469656,-0.038733,0.155508,0.415491,-0.049752,0.164313,0.370443,-0.056994,0.096721,0.576628,-0.028027,0.100032,0.505162,-0.042511,0.103576,0.459588,-0.048679,0.109061,0.418611,-0.051987
5416,0,0.037437,0.023167,0.066029,1.234126,0.417038,0.111412,0.790764,0.000000,0.177568,0.781456,-0.034412,0.236640,0.739113,-0.050645,0.285806,0.695676,-0.064168,0.328315,0.662247,-0.076751,0.208140,0.590649,-0.023531,0.238086,0.508362,-0.042786,0.251491,0.455808,-0.059376,0.261889,0.409325,-0.071556,0.171782,0.565106,-0.020766,0.195919,0.467651,-0.036942,0.209011,0.408349,-0.051540,0.218220,0.361194,-0.061974,0.134840,0.562629,-0.022468,0.146727,0.471079,-0.038689,0.155744,0.416727,-0.049973,0.164247,0.371062,-0.057361,0.097090,0.577835,-0.027763,0.100311,0.506291,-0.042696,0.103782,0.460651,-0.049167,0.109089,0.418935,-0.052660
5450,0,0.034146,0.034450,0.065183,1.226617,0.408406,0.110954,0.791110,0.000001,0.177336,0.781964,-0.035040,0.236471,0.740832,-0.051643,0.285332,0.697137,-0.065471,0.328139,0.663300,-0.078225,0.207762,0.591273,-0.024031,0.237748,0.508507,-0.043073,0.251100,0.455856,-0.059608,0.261181,0.409032,-0.071691,0.171390,0.565433,-0.020798,0.195665,0.467893,-0.036561,0.208731,0.408497,-0.050971,0.217833,0.361349,-0.061354,0.134530,0.562527,-0.022017,0.147176,0.470709,-0.037680,0.156579,0.416339,-0.048823,0.164859,0.371077,-0.056162,0.096979,0.577174,-0.026895,0.100673,0.505795,-0.041327,0.104066,0.460288,-0.047570,0.109197,0.419287,-0.050837
5482,0,0.038982,0.034808,0.076377,1.204905,0.429114,0.112385,0.791970,0.000000,0.178439,0.783084,-0.034634,0.237512,0.740688,-0.050999,0.286314,0.697354,-0.064477,0.328689,0.664108,-0.077014,0.207962,0.591420,-0.024313,0.238026,0.509048,-0.043410,0.251488,0.456622,-0.059820,0.261649,0.410112,-0.071775,0.171933,0.565922,-0.021268,0.196386,0.468407,-0.037186,0.209636,0.408961,-0.051358,0.218733,0.361881,-0.061522,0.135408,0.563371,-0.022645,0.147183,0.471474,-0.038507,0.156633,0.416989,-0.049522,0.165164,0.371414,-0.056731,0.098003,0.578495,-0.027627,0.101164,0.506604,-0.042179,0.104689,0.460928,-0.048358,0.110136,0.419646,-0.051671
5515,0,0.029707,0.029333,0.048227,1.216644,0.444313,0.112174,0.792031,0.000000,0.178467,0.782806,-0.034569,0.237584,0.740903,-0.051003,0.286439,0.697530,-0.064706,0.329051,0.663752,-0.077468,0.208529,0.591748,-0.024427,0.238440,0.509647,-0.043839,0.251742,0.456942,-0.060497,0.261926,0.410153,-0.072677,0.172040,0.566129,-0.021628,0.196058,0.468615,-0.037973,0.209318,0.409291,-0.052526,0.218606,0.361869,-0.062959,0.135232,0.563707,-0.023240,0.147048,0.471915,-0.039585,0.156353,0.417090,-0.050914,0.165119,0.371042,-0.058347,0.097836,0.579277,-0.028457,0.101001,0.507701,-0.043592,0.104528,0.461881,-0.050153,0.109840,0.420166,-0.053690
5548,0,0.029471,0.029009,0.029225,1.201620,0.432882,0.112214,0.792213,0.000000,0.178116,0.783421,-0.035041,0.237270,0.741719,-0.051600,0.286266,0.698159,-0.065339,0.328958,0.664349,-0.078004,0.208311,0.592076,-0.024457,0.238084,0.509380,-0.043634,0.251578,0.456901,-0.060148,0.261993,0.410144,-0.072276,0.171886,0.566363,-0.021258,0.195785,0.468849,-0.037212,0.209112,0.409689,-0.051600,0.218414,0.362547,-0.061938,0.135153,0.563653,-0.022511,0.147030,0.471706,-0.038376,0.156484,0.417276,-0.049497,0.165176,0.371819,-0.056791,0.097851,0.578743,-0.027433,0.101183,0.507039,-0.042068,0.104852,0.461289,-0.048378,0.110287,0.420251,-0.051734
5581,0,0.028907,0.037483,0.045897,1.199273,0.406178,0.110998,0.791790,0.000000,0.177569,0.783661,-0.035224,0.237024,0.741672,-0.051706,0.286279,0.698019,-0.065259,0.328971,0.663990,-0.077828,0.208382,0.591741,-0.023952,0.238162,0.509293,-0.042895,0.251522,0.456580,-0.059355,0.261603,0.409795,-0.071431,0.171688,0.565962,-0.020620,0.195364,0.468403,-0.036409,0.208346,0.409217,-0.050812,0.217399,0.362293,-0.061189,0.134655,0.563353,-0.021794,0.146627,0.471928,-0.037550,0.155986,0.417694,-0.048709,0.164638,0.372251,-0.056045,0.097018,0.578714,-0.026636,0.100716,0.507451,-0.041240,0.104367,0.461933,-0.047591,0.109835,0.420943,-0.050946
5614,0,0.036923,0.062081,0.052508,1.189289,0.409350,0.111848,0.792776,0.000000,0.178511,0.783495,-0.035126,0.237762,0.741277,-0.051312,0.286489,0.697366,-0.064700,0.329046,0.663663,-0.077013,0.207982,0.591154,-0.023193,0.237460,0.508512,-0.041753,0.250793,0.456225,-0.058163,0.261237,0.409442,-0.070297,0.171343,0.565684,-0.019824,0.194124,0.468569,-0.035260,0.206751,0.409424,-0.049790,0.215580,0.361851,-0.060401,0.134454,0.563291,-0.020966,0.146214,0.472381,-0.036492,0.155488,0.418207,-0.047864,0.163933,0.372583,-0.055387,0.097253,0.578656,-0.025813,0.100948,0.507607,-0.040230,0.104656,0.462003,-0.046700,0.110164,0.420945,-0.050237
5647,0,0.045801,0.059419,0.066491,1.213925,0.424136,0.111230,0.791832,0.000000,0.177692,0.783399,-0.034933,0.237180,0.742022,-0.051382,0.286063,0.698219,-0.064988,0.328397,0.664069,-0.077565,0.207943,0.592569,-0.024348,0.237407,0.509475,-0.043460,0.250647,0.456770,-0.059931,0.260691,0.409740,-0.072015,0.171406,0.566607,-0.021137,0.194771,0.468837,-0.037037,0.207485,0.409593,-0.051516,0.216242,0.362253,-0.061989,0.134807,0.563536,-0.022356,0.146289,0.472061,-0.038134,0.155681,0.417823,-0.049323,0.164066,0.372435,-0.056708,0.097552,0.578205,-0.027235,0.100842,0.506754,-0.041804,0.104270,0.461129,-0.048159,0.109411,0.420176,-0.051561
5681,0,0.048147,0.061564,0.052471,1.182087,0.395212,0.111294,0.792837,0.000000,0.177704,0.783793,-0.035117,0.237082,0.742095,-0.051336,0.285969,0.698128,-0.064650,0.328713,0.664359,-0.076847,0.208104,0.591791,-0.022942,0.237103,0.509313,-0.041417,0.250285,0.456776,-0.057769,0.260540,0.409917,-0.069877,0.171344,0.565964,-0.019513,0.193838,0.468342,-0.034804,0.206527,0.409274,-0.049102,0.215671,0.362026,-0.059556,0.134495,0.563231,-0.020619,0.146086,0.472068,-0.036011,0.155458,0.417878,-0.047046,0.164222,0.372018,-0.054329,0.097307,0.578396,-0.025444,0.100825,0.507248,-0.039764,0.104488,0.461947,-0.045974,0.109985,0.420787,-0.049280
5714,0,0.020029,0.019458,0.027815,1.186820,0.400730,0.111275,0.793398,0.000000,0.177854,0.784057,-0.035106,0.237306,0.742000,-0.051303,0.286453,0.698018,-0.064655,0.328923,0.664029,-0.076977,0.207793,0.592348,-0.023210,0.236956,0.509647,-0.041938,0.250165,0.457062,-0.058382,0.260453,0.410183,-0.070480,0.171187,0.566548,-0.019849,0.193878,0.468930,-0.035307,0.206578,0.409797,-0.049735,0.215530,0.362222,-0.060175,0.134411,0.563842,-0.021014,0.145961,0.472437,-0.036562,0.155163,0.418324,-0.047718,0.163701,0.372836,-0.055067,0.097077,0.578352,-0.025876,0.100693,0.506905,-0.040236,0.104349,0.461704,-0.046464,0.109805,0.420829,-0.049824
5751,0,0.019786,0.028517,0.031734,1.188940,0.421230,0.111693,0.793355,0.000000,0.177399,0.784337,-0.035017,0.236459,0.742444,-0.051528,0.285752,0.698898,-0.065283,0.328520,0.664812,-0.077919,0.207674,0.592608,-0.023367,0.236836,0.509694,-0.042186,0.250172,0.457068,-0.058652,0.260432,0.410177,-0.070795,0.171052,0.566846,-0.020129,0.193770,0.469448,-0.035599,0.206410,0.410389,-0.049960,0.215284,0.362984,-0.060400,0.134052,0.563871,-0.021395,0.145719,0.472941,-0.036742,0.155048,0.418792,-0.047719,0.163423,0.373230,-0.055023,0.096997,0.578552,-0.026369,0.100472,0.507459,-0.040505,0.103966,0.462189,-0.046599,0.109164,0.421601,-0.049825
5783,0,0.024343,0.027787,0.048990,1.207766,0.426333,0.111238,0.793300,0.000000,0.177281,0.783886,-0.035007,0.236662,0.742117,-0.051505,0.285851,0.698119,-0.065141,0.328405,0.664125,-0.077705,0.207851,0.592422,-0.023808,0.236907,0.509642,-0.042876,0.250078,0.457171,-0.059463,0.260239,0.410253,-0.071669,0.171033,0.566547,-0.020633,0.193811,0.469224,-0.036438,0.206639,0.410105,-0.050834,0.215698,0.362764,-0.061252,0.134011,0.564078,-0.021963,0.145516,0.472519,-0.037645,0.154829,0.418005,-0.048644,0.163551,0.371920,-0.055842,0.096567,0.579034,-0.026982,0.100027,0.507544,-0.041401,0.103600,0.462244,-0.047481,0.109047,0.421283,-0.050700
5817,0,0.022113,0.030849,0.041071,1.200172,0.443817,0.112179,0.793915,0.000000,0.178602,0.783628,-0.035023,0.237486,0.742108,-0.051426,0.286173,0.698323,-0.065032,0.328834,0.664431,-0.077609,0.207550,0.592718,-0.023632,0.236691,0.510304,-0.042609,0.250155,0.457704,-0.059214,0.260596,0.410655,-0.071477,0.170826,0.566940,-0.020443,0.193488,0.469637,-0.036209,0.206009,0.410393,-0.050799,0.214932,0.362765,-0.061362,0.134038,0.564478,-0.021752,0.145357,0.473088,-0.037551,0.154437,0.418685,-0.048830,0.162776,0.372655,-0.056305,0.096931,0.579522,-0.026765,0.099908,0.508279,-0.041400,0.103212,0.462568,-0.047845,0.108249,0.421142,-0.051337
5850,0,0.025355,0.038489,0.070633,1.187376,0.424838,0.111539,0.793370,0.000000,0.177679,0.784884,-0.035033,0.236981,0.743229,-0.051375,0.285729,0.699027,-0.064834,0.328235,0.664630,-0.077219,0.207695,0.593248,-0.023720,0.237139,0.510809,-0.042522,0.250182,0.458176,-0.058932,0.259938,0.411075,-0.071004,0.171116,0.567509,-0.020411,0.194605,0.470325,-0.036039,0.207222,0.410713,-0.050436,0.215812,0.362860,-0.060899,0.134227,0.564691,-0.021585,0.146190,0.473204,-0.037246,0.155099,0.418420,-0.048603,0.162965,0.372148,-0.056070,0.096871,0.579661,-0.026425,0.100354,0.507852,-0.040979,0.103438,0.462159,-0.047441,0.108295,0.420944,-0.050928
5884,0,0.036988,0.039012,0.056856,1.185471,0.405900,0.110771,0.793164,0.000000,0.177295,0.784216,-0.034835,0.236911,0.742377,-0.050867,0.286243,0.699242,-0.064087,0.328393,0.665821,-0.076279,0.207540,0.591951,-0.023111,0.236654,0.509529,-0.041712,0.249764,0.457091,-0.058102,0.259882,0.410102,-0.070250,0.170844,0.566418,-0.019851,0.193345,0.469680,-0.035281,0.205831,0.410561,-0.049706,0.214470,0.362861,-0.060201,0.133953,0.564085,-0.021079,0.145589,0.473265,-0.036576,0.154665,0.418889,-0.047697,0.162917,0.372623,-0.055110,0.096514,0.579515,-0.025992,0.100128,0.508538,-0.040484,0.103437,0.463138,-0.046803,0.108592,0.421865,-0.050197
5918,0,0.023040,0.028911,0.049181,1.179339,0.410513,0.111282,0.793978,0.000000,0.177680,0.784681,-0.035255,0.237146,0.743242,-0.051475,0.286385,0.699703,-0.064791,0.328426,0.665868,-0.076989,0.207662,0.593146,-0.023392,0.236843,0.510924,-0.041958,0.249938,0.458242,-0.058401,0.259764,0.410876,-0.070644,0.170855,0.566853,-0.019918,0.193621,0.470178,-0.035255,0.205781,0.410860,-0.049732,0.214202,0.363069,-0.060322,0.133910,0.564016,-0.020945,0.145797,0.473238,-0.036350,0.154713,0.419146,-0.047632,0.162538,0.373551,-0.055139,0.096445,0.578770,-0.025693,0.100312,0.507438,-0.040014,0.103562,0.462167,-0.046337,0.108422,0.421325,-0.049732
5952,0,0.039864,0.044940,0.047245,1.198285,0.440552,0.111413,0.793392,0.000000,0.178176,0.784796,-0.035724,0.237487,0.743450,-0.052401,0.286022,0.699786,-0.066127,0.328695,0.665478,-0.078736,0.207912,0.593511,-0.024479,0.237019,0.510760,-0.043414,0.250089,0.458237,-0.059912,0.259899,0.411046,-0.072119,0.171022,0.567351,-0.020925,0.193909,0.469870,-0.036663,0.206346,0.410660,-0.051149,0.214835,0.363293,-0.061656,0.134048,0.564661,-0.021886,0.146198,0.473190,-0.037669,0.155092,0.418670,-0.049137,0.163049,0.372720,-0.056693,0.096729,0.579641,-0.026581,0.100252,0.508364,-0.041268,0.103497,0.462694,-0.047841,0.108334,0.421839,-0.051417
5985,0,0.024240,0.036403,0.038513,1.187959,0.444355,0.112352,0.793601,0.000000,0.178609,0.784132,-0.034876,0.237673,0.742826,-0.051164,0.286239,0.699306,-0.064658,0.328568,0.665352,-0.077081,0.208139,0.593018,-0.023705,0.237111,0.510681,-0.042562,0.250183,0.457888,-0.059028,0.259991,0.410415,-0.071227,0.171478,0.567271,-0.020577,0.194034,0.469889,-0.036284,0.206300,0.410526,-0.050761,0.214726,0.362540,-0.061262,0.134616,0.564737,-0.021895,0.145883,0.473679,-0.037624,0.154761,0.418969,-0.048840,0.162849,0.372797,-0.056258,0.097384,0.579861,-0.026878,0.100417,0.508556,-0.041556,0.103637,0.462676,-0.047946,0.108721,0.421140,-0.051387
6019,0,0.025470,0.053957,0.062947,1.182668,0.417378,0.111398,0.792499,0.000000,0.178388,0.784337,-0.035484,0.237898,0.743474,-0.051853,0.286651,0.699714,-0.065296,0.328654,0.665286,-0.077713,0.208157,0.593331,-0.023716,0.237452,0.511166,-0.042429,0.250365,0.458431,-0.058865,0.260028,0.411029,-0.071103,0.171779,0.567103,-0.020221,0.195066,0.470542,-0.035842,0.207094,0.410912,-0.050513,0.215130,0.362785,-0.061187,0.134891,0.564306,-0.021237,0.146650,0.473386,-0.037070,0.155343,0.418844,-0.048682,0.162814,0.372826,-0.056364,0.097185,0.578726,-0.025949,0.100426,0.507423,-0.040732,0.103504,0.461944,-0.047476,0.108273,0.420912,-0.051138
6052,0,0.035270,0.033280,0.034801,1.187651,0.438161,0.111290,0.792608,0.000000,0.177596,0.784471,-0.035847,0.237569,0.744092,-0.052311,0.286607,0.700402,-0.065723,0.328759,0.666309,-0.078066,0.207951,0.594206,-0.024574,0.237216,0.511919,-0.043578,0.250367,0.459020,-0.060198,0.260344,0.411050,-0.072585,0.171396,0.568070,-0.020976,0.194130,0.470855,-0.036850,0.206317,0.411513,-0.051687,0.214735,0.363137,-0.062515,0.134697,0.565145,-0.021845,0.146603,0.474186,-0.037808,0.155347,0.419643,-0.049415,0.163129,0.373031,-0.057034,0.097483,0.579581,-0.026467,0.100978,0.508204,-0.041350,0.104276,0.462442,-0.048034,0.109218,0.420923,-0.051687
6084,0,0.039409,0.048326,0.047342,1.166257,0.407638,0.111569,0.793310,0.000000,0.178362,0.784688,-0.035475,0.238400,0.743258,-0.051556,0.287411,0.699477,-0.064679,0.329182,0.665500,-0.076778,0.208636,0.593307,-0.023776,0.237597,0.511036,-0.042504,0.250844,0.458383,-0.059029,0.260872,0.410829,-0.071262,0.171648,0.567366,-0.020218,0.194042,0.470367,-0.035765,0.206400,0.411016,-0.050355,0.215164,0.363097,-0.060942,0.134694,0.564483,-0.021174,0.146363,0.473971,-0.036810,0.155441,0.419385,-0.048131,0.163703,0.373293,-0.055560,0.097260,0.579354,-0.025867,0.101077,0.508051,-0.040458,0.104461,0.462609,-0.046841,0.109802,0.421357,-0.050222