t,missing,delta_l1,delta_l1_wrist,delta_angles,delta_base_l1,delta_base_l1_wrist,x0,y0,z0,x1,y1,z1,x2,y2,z2,x3,y3,z3,x4,y4,z4,x5,y5,z5,x6,y6,z6,x7,y7,z7,x8,y8,z8,x9,y9,z9,x10,y10,z10,x11,y11,z11,x12,y12,z12,x13,y13,z13,x14,y14,z14,x15,y15,z15,x16,y16,z16,x17,y17,z17,x18,y18,z18,x19,y19,z19,x20,y20,z20
36,0,,,,0.000000,0.000000,0.167477,0.759875,0.000000,0.225938,0.758358,-0.029941,0.281820,0.724589,-0.042086,0.321610,0.682845,-0.051622,0.356269,0.648951,-0.060144,0.265843,0.601279,-0.019860,0.292975,0.536823,-0.034540,0.305285,0.494415,-0.047567,0.314148,0.454708,-0.057704,0.236164,0.575171,-0.017232,0.258445,0.499367,-0.029697,0.268440,0.450283,-0.042011,0.273926,0.408121,-0.051434,0.203628,0.568316,-0.018471,0.216180,0.493673,-0.032475,0.222162,0.447717,-0.043475,0.227000,0.406555,-0.051059,0.168194,0.576560,-0.022732,0.167752,0.515773,-0.037449,0.167293,0.475976,-0.045239,0.168439,0.438338,-0.049820
70,0,0.012882,0.017783,0.069649,0.012882,0.017783,0.167308,0.759546,0.000000,0.225695,0.757848,-0.030071,0.281466,0.724958,-0.042374,0.321344,0.682829,-0.052028,0.356419,0.649138,-0.060706,0.265458,0.601675,-0.019910,0.292968,0.537418,-0.034654,0.305269,0.494891,-0.047746,0.314042,0.454929,-0.057964,0.235896,0.575536,-0.017205,0.258594,0.499790,-0.029752,0.268518,0.450372,-0.042186,0.273843,0.407780,-0.051728,0.203548,0.568523,-0.018351,0.216352,0.494028,-0.032400,0.222236,0.447818,-0.043464,0.226981,0.406407,-0.051089,0.168156,0.576694,-0.022521,0.167756,0.516123,-0.037228,0.167202,0.476267,-0.044966,0.168202,0.438532,-0.049512
105,0,0.020837,0.021596,0.057933,0.022236,0.032038,0.167539,0.759128,0.000000,0.225719,0.757795,-0.030395,0.281527,0.724750,-0.042827,0.321690,0.683319,-0.052502,0.356407,0.649874,-0.061165,0.265748,0.601013,-0.020532,0.293097,0.537330,-0.035420,0.305462,0.495106,-0.048565,0.314249,0.455582,-0.058765,0.236149,0.574806,-0.017710,0.258651,0.499076,-0.030283,0.268781,0.450328,-0.042602,0.274006,0.408494,-0.052015,0.203646,0.567976,-0.018751,0.216645,0.493554,-0.032870,0.222553,0.447789,-0.043840,0.227024,0.406882,-0.051415,0.168253,0.576587,-0.022839,0.168007,0.516012,-0.037633,0.167483,0.476223,-0.045377,0.168295,0.438588,-0.049915
138,0,0.049351,0.052251,0.038716,0.043516,0.045518,0.167428,0.759555,0.000000,0.226394,0.757965,-0.029362,0.282219,0.724856,-0.041388,0.322332,0.683512,-0.050844,0.357055,0.650020,-0.059249,0.266266,0.601704,-0.019400,0.293764,0.537892,-0.033827,0.306090,0.495705,-0.046679,0.314649,0.456365,-0.056660,0.236747,0.575220,-0.016904,0.259657,0.499358,-0.029081,0.269825,0.450431,-0.041126,0.275034,0.408928,-0.050281,0.204439,0.567840,-0.018208,0.217144,0.493006,-0.031857,0.223249,0.447353,-0.042589,0.227891,0.406993,-0.049981,0.169138,0.575840,-0.022458,0.168596,0.515050,-0.036792,0.168054,0.475417,-0.044278,0.169064,0.438083,-0.048593
173,0,0.037157,0.027146,0.041706,0.046221,0.040302,0.167730,0.759904,0.000000,0.226426,0.758705,-0.029422,0.282399,0.725388,-0.041649,0.322265,0.684009,-0.051394,0.357185,0.650622,-0.060123,0.266626,0.602248,-0.019715,0.294237,0.538130,-0.034576,0.306648,0.495755,-0.047669,0.315436,0.456143,-0.057828,0.237109,0.575887,-0.017326,0.259994,0.500092,-0.030042,0.270181,0.451161,-0.042477,0.275591,0.409074,-0.051883,0.204898,0.568597,-0.018699,0.217545,0.494133,-0.032695,0.223596,0.448247,-0.043418,0.228486,0.407519,-0.050792,0.169799,0.576640,-0.023044,0.169121,0.516184,-0.037492,0.168810,0.476336,-0.044923,0.170047,0.438981,-0.049212
207,0,0.019231,0.021138,0.040858,0.051130,0.048311,0.167333,0.760139,0.000000,0.225856,0.758962,-0.030271,0.281795,0.725771,-0.042654,0.322085,0.684079,-0.052312,0.357263,0.650788,-0.060955,0.266045,0.602316,-0.020181,0.294006,0.538177,-0.035062,0.306764,0.495731,-0.048140,0.315925,0.456327,-0.058287,0.236585,0.575940,-0.017296,0.259836,0.500128,-0.029895,0.270324,0.451273,-0.042165,0.276100,0.409426,-0.051447,0.204363,0.568749,-0.018283,0.217549,0.494181,-0.032300,0.223822,0.448217,-0.043105,0.228985,0.407618,-0.050470,0.169298,0.576727,-0.022304,0.169267,0.516382,-0.036960,0.168993,0.476400,-0.044533,0.170101,0.438981,-0.048892
240,0,0.014686,0.012293,0.046424,0.049463,0.050125,0.167130,0.760145,0.000000,0.226147,0.759524,-0.030080,0.281691,0.725915,-0.042402,0.321830,0.683821,-0.052109,0.357179,0.650725,-0.060762,0.265865,0.602559,-0.020147,0.293800,0.538301,-0.034971,0.306291,0.496071,-0.048008,0.315158,0.456603,-0.058128,0.236455,0.576271,-0.017335,0.259772,0.500409,-0.029948,0.270228,0.451481,-0.042251,0.275879,0.409468,-0.051620,0.204297,0.569196,-0.018360,0.217430,0.494522,-0.032356,0.223535,0.448494,-0.043267,0.228535,0.407480,-0.050792,0.168929,0.577237,-0.022405,0.168842,0.517002,-0.037059,0.168586,0.477012,-0.044772,0.169771,0.439261,-0.049287
277,0,0.022671,0.020018,0.065207,0.035243,0.038986,0.167160,0.759949,0.000000,0.225716,0.758771,-0.029780,0.281899,0.725709,-0.041963,0.321459,0.683841,-0.051551,0.356548,0.650818,-0.060125,0.266251,0.601899,-0.019778,0.293692,0.537359,-0.034386,0.305944,0.495170,-0.047302,0.314707,0.455739,-0.057380,0.236610,0.575936,-0.017080,0.259444,0.500149,-0.029517,0.269751,0.451049,-0.041775,0.275502,0.409251,-0.051063,0.204368,0.569099,-0.018227,0.216971,0.494268,-0.032130,0.223061,0.448061,-0.043129,0.228069,0.406792,-0.050724,0.169121,0.577152,-0.022354,0.168607,0.516624,-0.036981,0.168064,0.476617,-0.044746,0.169120,0.438961,-0.049295
312,0,0.022802,0.017678,0.058247,0.032010,0.041452,0.166970,0.759603,0.000000,0.225490,0.758831,-0.030233,0.281014,0.725394,-0.042578,0.320784,0.683728,-0.052236,0.356137,0.650755,-0.060841,0.265485,0.601501,-0.020011,0.293098,0.537309,-0.034686,0.305524,0.495085,-0.047689,0.314569,0.455686,-0.057798,0.235821,0.575313,-0.017061,0.259051,0.499665,-0.029406,0.269533,0.450890,-0.041526,0.275245,0.409263,-0.050695,0.203548,0.568239,-0.018019,0.216712,0.493827,-0.031905,0.222899,0.447795,-0.042803,0.227920,0.406912,-0.050282,0.168425,0.576332,-0.022022,0.168421,0.515989,-0.036621,0.167787,0.476290,-0.044306,0.168589,0.438832,-0.048778
348,0,0.031735,0.021489,0.067267,0.030937,0.037854,0.166245,0.759976,0.000000,0.224554,0.759092,-0.029786,0.280194,0.725486,-0.042132,0.320536,0.683885,-0.051904,0.355683,0.650280,-0.060624,0.264811,0.602027,-0.020051,0.292870,0.537750,-0.034897,0.305273,0.495524,-0.047920,0.314060,0.456070,-0.058030,0.235384,0.575861,-0.017477,0.258703,0.499933,-0.030067,0.268818,0.450949,-0.042395,0.274174,0.408818,-0.051754,0.203139,0.568823,-0.018736,0.216340,0.494330,-0.032698,0.222357,0.448331,-0.043598,0.227063,0.407198,-0.051115,0.167823,0.576968,-0.022983,0.167791,0.516547,-0.037566,0.167302,0.476669,-0.045176,0.168256,0.439025,-0.049649
374,0,0.013451,0.009358,0.039460,0.039688,0.040836,0.165716,0.760122,0.000000,0.224305,0.759163,-0.029911,0.280049,0.725654,-0.042215,0.320276,0.683960,-0.051846,0.355396,0.650689,-0.060538,0.264547,0.602024,-0.020167,0.292454,0.537743,-0.035010,0.304981,0.495359,-0.048084,0.313778,0.455668,-0.058205,0.235015,0.576046,-0.017486,0.258297,0.500522,-0.030062,0.268678,0.451369,-0.042328,0.274231,0.409206,-0.051696,0.202691,0.569067,-0.018652,0.215682,0.494667,-0.032677,0.221794,0.448561,-0.043607,0.226561,0.407396,-0.051094,0.167379,0.577351,-0.022819,0.167375,0.516650,-0.037493,0.166939,0.476729,-0.045187,0.168054,0.438940,-0.049702
400,0,0.021499,0.024082,0.046835,0.054783,0.039124,0.165856,0.760361,0.000000,0.223948,0.759548,-0.030479,0.279439,0.726006,-0.042993,0.319546,0.683982,-0.052802,0.354975,0.650656,-0.061521,0.264585,0.602503,-0.020444,0.292241,0.537971,-0.035439,0.304651,0.495650,-0.048630,0.313657,0.455875,-0.058853,0.235001,0.576084,-0.017475,0.257991,0.500458,-0.030122,0.268102,0.451444,-0.042505,0.273438,0.409262,-0.051938,0.202560,0.568781,-0.018396,0.215806,0.494629,-0.032414,0.221622,0.448724,-0.043294,0.226332,0.407827,-0.050810,0.166908,0.576575,-0.022380,0.166894,0.516265,-0.036961,0.166379,0.476674,-0.044572,0.167250,0.439107,-0.048969
430,0,0.031092,0.041594,0.062225,0.046786,0.026211,0.166203,0.760740,0.000000,0.224516,0.758889,-0.029578,0.280189,0.725388,-0.041680,0.319821,0.683713,-0.051150,0.354464,0.650170,-0.059569,0.264721,0.601760,-0.019675,0.292201,0.537818,-0.034182,0.304594,0.495401,-0.047016,0.313315,0.455892,-0.057013,0.234947,0.575464,-0.017072,0.257807,0.499578,-0.029277,0.267919,0.450758,-0.041341,0.273330,0.408961,-0.050512,0.202495,0.568580,-0.018265,0.215397,0.494040,-0.031927,0.221353,0.448339,-0.042657,0.226073,0.407647,-0.050098,0.167172,0.576659,-0.022437,0.166827,0.516165,-0.036794,0.166325,0.476431,-0.044310,0.167426,0.438862,-0.048670
465,0,0.018497,0.026982,0.055784,0.038937,0.027019,0.165711,0.760554,0.000000,0.224294,0.759163,-0.029721,0.280455,0.725544,-0.041877,0.320234,0.683096,-0.051413,0.355034,0.649551,-0.059894,0.264662,0.602074,-0.019808,0.292181,0.538441,-0.034489,0.304477,0.496191,-0.047455,0.313126,0.456806,-0.057594,0.234935,0.575653,-0.017216,0.257999,0.499851,-0.029796,0.267934,0.450976,-0.042103,0.273190,0.408775,-0.051488,0.202529,0.568499,-0.018441,0.215343,0.493742,-0.032491,0.221468,0.448163,-0.043347,0.226209,0.407327,-0.050810,0.167182,0.576654,-0.022616,0.166862,0.515951,-0.037259,0.166450,0.476428,-0.044817,0.167598,0.438853,-0.049227
494,0,0.020269,0.023331,0.046975,0.037039,0.038565,0.165484,0.759823,0.000000,0.224171,0.759145,-0.030227,0.279986,0.725506,-0.042589,0.319606,0.683251,-0.052275,0.354762,0.649877,-0.060906,0.264850,0.601832,-0.020220,0.292379,0.537689,-0.035070,0.304627,0.495213,-0.048167,0.313382,0.455514,-0.058343,0.235197,0.575272,-0.017403,0.258032,0.499656,-0.030076,0.268016,0.450690,-0.042438,0.273358,0.408590,-0.051822,0.202652,0.568034,-0.018421,0.215664,0.493706,-0.032582,0.221616,0.447871,-0.043455,0.226494,0.406990,-0.050918,0.167233,0.576163,-0.022463,0.167022,0.515428,-0.037218,0.166500,0.475942,-0.044850,0.167479,0.438374,-0.049260
527,0,0.015355,0.014752,0.028405,0.028951,0.032782,0.165860,0.759863,0.000000,0.224265,0.758945,-0.030002,0.279993,0.725167,-0.042236,0.319457,0.682995,-0.051760,0.354331,0.649960,-0.060229,0.265297,0.601648,-0.020102,0.292740,0.537561,-0.034782,0.305001,0.495047,-0.047694,0.313819,0.455508,-0.057820,0.235316,0.575053,-0.017363,0.258047,0.499270,-0.029870,0.268116,0.450480,-0.042085,0.273665,0.408528,-0.051346,0.202826,0.568037,-0.018436,0.215634,0.493781,-0.032392,0.221667,0.448100,-0.043177,0.226832,0.407150,-0.050593,0.167426,0.576355,-0.022511,0.167315,0.515836,-0.037098,0.166894,0.476396,-0.044683,0.168236,0.438881,-0.049049
562,0,0.013591,0.016487,0.038451,0.018664,0.030247,0.165744,0.759929,0.000000,0.224075,0.758828,-0.030076,0.280126,0.724786,-0.042261,0.319784,0.682662,-0.051753,0.354539,0.649110,-0.060228,0.265454,0.601150,-0.020019,0.292900,0.537190,-0.034709,0.305230,0.494701,-0.047685,0.313960,0.454905,-0.057817,0.235587,0.574884,-0.017317,0.258306,0.499229,-0.029869,0.268277,0.450175,-0.042186,0.273813,0.408116,-0.051527,0.203016,0.568067,-0.018456,0.215916,0.493672,-0.032562,0.222095,0.447812,-0.043467,0.227085,0.406825,-0.050924,0.167549,0.576599,-0.022618,0.167483,0.515938,-0.037402,0.167184,0.476045,-0.045124,0.168489,0.438505,-0.049568
594,0,0.012843,0.024863,0.048154,0.023864,0.031815,0.166315,0.760463,0.000000,0.224715,0.758750,-0.030071,0.280427,0.725201,-0.042344,0.319687,0.682955,-0.051922,0.354569,0.649289,-0.060481,0.265276,0.601183,-0.019871,0.292710,0.537131,-0.034615,0.305179,0.494764,-0.047736,0.314039,0.455087,-0.057917,0.235512,0.574906,-0.017119,0.258386,0.499429,-0.029637,0.268527,0.450414,-0.041967,0.274168,0.408177,-0.051356,0.202913,0.568021,-0.018241,0.215794,0.493857,-0.032182,0.222000,0.448030,-0.043023,0.227281,0.407084,-0.050489,0.167454,0.576354,-0.022379,0.167505,0.515663,-0.036915,0.167246,0.475907,-0.044456,0.168643,0.438546,-0.048830
641,0,0.029639,0.031669,0.050881,0.036923,0.040576,0.166472,0.759992,0.000000,0.224872,0.758596,-0.029604,0.280677,0.724804,-0.041484,0.320480,0.682573,-0.050799,0.354858,0.648947,-0.059095,0.265421,0.600946,-0.019130,0.292989,0.536770,-0.033508,0.305268,0.494383,-0.046349,0.314002,0.454926,-0.056418,0.235550,0.575230,-0.016509,0.258244,0.499297,-0.028775,0.268196,0.450205,-0.041107,0.273606,0.408103,-0.050535,0.203135,0.568714,-0.017715,0.215785,0.494307,-0.031452,0.222246,0.448361,-0.042351,0.227505,0.407373,-0.049856,0.167704,0.576932,-0.021930,0.167627,0.516485,-0.036355,0.167538,0.476762,-0.043897,0.169007,0.439171,-0.048310
674,0,0.047213,0.057499,0.037396,0.033851,0.048156,0.166601,0.759142,0.000000,0.224684,0.758431,-0.030137,0.280211,0.725373,-0.042580,0.319935,0.683432,-0.052330,0.354347,0.649066,-0.061065,0.264788,0.601481,-0.020405,0.292485,0.537180,-0.035389,0.304814,0.494817,-0.048603,0.313818,0.455159,-0.058806,0.235266,0.575397,-0.017723,0.258324,0.499495,-0.030514,0.268473,0.450435,-0.042994,0.274026,0.408129,-0.052519,0.202968,0.568689,-0.018890,0.215945,0.494076,-0.033149,0.222148,0.447931,-0.044198,0.227172,0.406662,-0.051766,0.167642,0.577043,-0.023059,0.167954,0.516199,-0.037968,0.167854,0.476149,-0.045704,0.169200,0.438337,-0.050222
703,0,0.014242,0.013937,0.035708,0.030638,0.038242,0.166438,0.759176,0.000000,0.224436,0.758150,-0.030112,0.280090,0.725033,-0.042588,0.319938,0.683212,-0.052381,0.354439,0.649087,-0.061124,0.264631,0.600989,-0.020468,0.292485,0.536532,-0.035458,0.305056,0.494234,-0.048629,0.314046,0.454632,-0.058797,0.235092,0.574936,-0.017757,0.258159,0.498989,-0.030449,0.268179,0.449943,-0.042850,0.273674,0.407847,-0.052268,0.202899,0.568266,-0.018864,0.215759,0.493680,-0.032869,0.222088,0.447616,-0.043751,0.227165,0.406268,-0.051218,0.167533,0.576682,-0.022982,0.167611,0.516075,-0.037616,0.167499,0.476159,-0.045214,0.168991,0.438223,-0.049604
736,0,0.013477,0.019422,0.036182,0.027179,0.026564,0.166847,0.759595,0.000000,0.225159,0.758277,-0.030012,0.280454,0.724739,-0.042435,0.320338,0.682795,-0.052207,0.355033,0.648853,-0.061002,0.265196,0.601081,-0.020541,0.292887,0.536906,-0.035462,0.305260,0.494303,-0.048524,0.314020,0.454477,-0.058709,0.235426,0.575093,-0.017910,0.258259,0.499200,-0.030689,0.268260,0.450058,-0.043074,0.273505,0.407773,-0.052470,0.202958,0.568310,-0.019084,0.215837,0.493796,-0.033226,0.221901,0.447571,-0.044088,0.227008,0.406362,-0.051568,0.167484,0.576930,-0.023266,0.167517,0.516041,-0.038018,0.167322,0.476021,-0.045667,0.168734,0.438161,-0.050102
769,0,0.016521,0.018867,0.033230,0.025514,0.026256,0.166685,0.759990,0.000000,0.224890,0.758864,-0.030295,0.280156,0.725238,-0.042812,0.320004,0.683228,-0.052622,0.354993,0.649088,-0.061418,0.264842,0.601097,-0.020260,0.292637,0.537164,-0.035182,0.305053,0.494684,-0.048337,0.313993,0.454986,-0.058524,0.235371,0.575014,-0.017497,0.258352,0.499227,-0.030183,0.268416,0.450139,-0.042511,0.273946,0.408061,-0.051871,0.203058,0.568212,-0.018634,0.215977,0.493746,-0.032851,0.222081,0.447654,-0.043789,0.226936,0.406291,-0.051269,0.167536,0.576674,-0.022816,0.167891,0.515855,-0.037644,0.167768,0.475906,-0.045368,0.169092,0.438007,-0.049841
799,0,0.026502,0.033040,0.057433,0.023947,0.033060,0.166535,0.759313,0.000000,0.225161,0.757997,-0.030102,0.280828,0.724845,-0.042395,0.320510,0.682589,-0.052071,0.355380,0.648794,-0.060731,0.265055,0.600794,-0.019748,0.292976,0.536802,-0.034432,0.305662,0.494600,-0.047440,0.314706,0.455260,-0.057568,0.235468,0.574833,-0.016971,0.258400,0.499043,-0.029481,0.268405,0.450007,-0.041830,0.273695,0.408105,-0.051243,0.203097,0.568045,-0.018054,0.216113,0.493516,-0.032116,0.222421,0.447485,-0.043035,0.227507,0.406839,-0.050528,0.167790,0.576191,-0.022139,0.168063,0.515773,-0.036879,0.168083,0.475864,-0.044541,0.169553,0.438367,-0.048984
832,0,0.016992,0.015347,0.029363,0.019450,0.033197,0.166771,0.759257,0.000000,0.225222,0.758072,-0.029765,0.280996,0.724866,-0.042044,0.320658,0.682939,-0.051746,0.355498,0.649448,-0.060433,0.265696,0.601411,-0.019856,0.293333,0.537159,-0.034654,0.305764,0.494833,-0.047685,0.314525,0.455426,-0.057801,0.235927,0.575018,-0.017299,0.258711,0.499037,-0.029972,0.268692,0.450022,-0.042345,0.273936,0.408151,-0.051709,0.203501,0.568055,-0.018568,0.216323,0.493441,-0.032661,0.222444,0.447486,-0.043510,0.227416,0.406689,-0.050919,0.168165,0.576212,-0.022827,0.168448,0.515614,-0.037475,0.168491,0.475897,-0.045015,0.170033,0.438450,-0.049377
866,0,0.018930,0.022192,0.054765,0.030635,0.049881,0.166368,0.759487,0.000000,0.224603,0.758328,-0.030083,0.280323,0.724855,-0.042568,0.320534,0.683196,-0.052382,0.355376,0.649234,-0.061219,0.265817,0.601585,-0.020118,0.293558,0.537418,-0.035047,0.305870,0.494915,-0.048170,0.314642,0.455320,-0.058399,0.236253,0.575396,-0.017476,0.259106,0.499629,-0.030196,0.269005,0.450717,-0.042643,0.274482,0.408435,-0.052156,0.204002,0.568268,-0.018689,0.216728,0.494269,-0.032772,0.222845,0.448190,-0.043620,0.227858,0.407123,-0.051066,0.168494,0.576391,-0.022938,0.168661,0.515833,-0.037547,0.168555,0.475972,-0.045087,0.169944,0.438207,-0.049449
894,0,0.032059,0.048028,0.072487,0.033722,0.039506,0.166938,0.760384,0.000000,0.225211,0.758488,-0.029362,0.281070,0.724608,-0.041344,0.320524,0.682721,-0.050825,0.355431,0.649809,-0.059289,0.265672,0.601037,-0.019356,0.293100,0.536638,-0.034008,0.305665,0.494262,-0.047063,0.314812,0.454777,-0.057182,0.235961,0.575236,-0.016891,0.258963,0.499856,-0.029250,0.269109,0.450767,-0.041495,0.274672,0.408641,-0.050825,0.203662,0.568418,-0.018217,0.216692,0.494319,-0.032015,0.222935,0.448328,-0.042736,0.228136,0.407489,-0.050072,0.168323,0.576844,-0.022534,0.168960,0.516085,-0.036943,0.168933,0.475991,-0.044354,0.170392,0.438361,-0.048643
927,0,0.017857,0.020091,0.039652,0.027690,0.030962,0.166828,0.760094,0.000000,0.225025,0.758271,-0.029724,0.280953,0.724681,-0.041829,0.320851,0.682810,-0.051317,0.355603,0.649531,-0.059825,0.266046,0.601605,-0.019710,0.293408,0.537248,-0.034468,0.305748,0.494717,-0.047552,0.314443,0.455039,-0.057679,0.236064,0.575643,-0.017093,0.258830,0.499551,-0.029630,0.268767,0.450540,-0.042017,0.274141,0.408580,-0.051392,0.203649,0.568921,-0.018298,0.216496,0.494424,-0.032209,0.222652,0.448266,-0.042996,0.227795,0.407274,-0.050413,0.168061,0.577339,-0.022496,0.168741,0.516602,-0.036953,0.168815,0.476695,-0.044389,0.170391,0.438880,-0.048643
961,0,0.024348,0.021953,0.047267,0.038539,0.037963,0.166623,0.760098,0.000000,0.224605,0.758018,-0.029628,0.280393,0.724523,-0.041938,0.319954,0.683253,-0.051688,0.354891,0.649838,-0.060497,0.265352,0.601104,-0.019369,0.292169,0.536217,-0.034258,0.304446,0.494172,-0.047509,0.313556,0.454753,-0.057712,0.235648,0.575523,-0.016828,0.258215,0.499818,-0.029345,0.268375,0.450927,-0.041750,0.274078,0.409104,-0.051161,0.203360,0.568736,-0.018164,0.216113,0.494658,-0.032018,0.222161,0.448743,-0.042728,0.227319,0.407992,-0.050069,0.168132,0.577078,-0.022512,0.169281,0.516209,-0.036780,0.169394,0.476808,-0.044008,0.170896,0.439433,-0.048225
1008,0,0.053787,0.056633,0.075298,0.082828,0.080902,0.167257,0.760312,0.000000,0.225252,0.757795,-0.029260,0.280580,0.723630,-0.041156,0.319371,0.681886,-0.050590,0.352649,0.646844,-0.059009,0.265595,0.600237,-0.018154,0.291734,0.535379,-0.032662,0.303283,0.493293,-0.045854,0.311675,0.453837,-0.055927,0.236007,0.575206,-0.015570,0.258261,0.499993,-0.027738,0.268305,0.451226,-0.040141,0.273801,0.409454,-0.049538,0.203759,0.568875,-0.016885,0.216326,0.495025,-0.030425,0.222404,0.449241,-0.041119,0.227439,0.408685,-0.048410,0.168548,0.577081,-0.021198,0.169764,0.516595,-0.035218,0.170088,0.477081,-0.042396,0.171639,0.440013,-0.046493
1041,0,0.090657,0.085639,0.154883,0.170063,0.161066,0.166666,0.761134,0.000000,0.224169,0.756669,-0.028874,0.279148,0.722176,-0.040551,0.316305,0.679313,-0.049900,0.348398,0.642738,-0.058160,0.265353,0.600120,-0.016577,0.290837,0.535080,-0.031314,0.301072,0.492629,-0.044719,0.308291,0.453536,-0.054781,0.235362,0.575518,-0.014071,0.256997,0.499647,-0.026264,0.266492,0.450961,-0.038749,0.272050,0.409497,-0.048060,0.203402,0.569680,-0.015526,0.215092,0.496283,-0.028836,0.221329,0.450882,-0.038936,0.226724,0.410922,-0.045732,0.168405,0.578304,-0.020013,0.171365,0.518419,-0.033379,0.173158,0.479092,-0.039837,0.175860,0.442169,-0.043442
1074,0,0.146882,0.179379,0.197262,0.311052,0.327134,0.169390,0.761666,0.000000,0.224873,0.753564,-0.027960,0.278459,0.717955,-0.038986,0.312781,0.673389,-0.047942,0.341063,0.633401,-0.055807,0.266691,0.599013,-0.014545,0.290382,0.534024,-0.029428,0.298607,0.492185,-0.043238,0.303999,0.453569,-0.053324,0.236031,0.575950,-0.012277,0.255913,0.501400,-0.024291,0.263986,0.453529,-0.036860,0.268682,0.412110,-0.046211,0.203511,0.571048,-0.014055,0.213748,0.499918,-0.026681,0.219903,0.455344,-0.036220,0.225567,0.415652,-0.042749,0.168276,0.580140,-0.018910,0.172192,0.521845,-0.031140,0.175159,0.484479,-0.036672,0.178984,0.449126,-0.039739
1104,0,0.264422,0.316124,0.349948,0.559131,0.614718,0.172582,0.759995,0.000000,0.228518,0.748991,-0.026382,0.280214,0.713336,-0.035778,0.311478,0.666179,-0.043238,0.332160,0.621158,-0.049676,0.267596,0.598129,-0.010382,0.289303,0.534348,-0.023759,0.294979,0.494151,-0.037043,0.298154,0.457539,-0.046550,0.236386,0.577333,-0.007912,0.254461,0.505366,-0.018093,0.260732,0.459552,-0.030177,0.263989,0.419815,-0.039368,0.203657,0.573387,-0.009526,0.213614,0.505154,-0.020317,0.218902,0.463117,-0.029247,0.223909,0.425840,-0.035591,0.168578,0.582041,-0.014168,0.173567,0.525594,-0.024670,0.177232,0.490360,-0.029433,0.181657,0.457032,-0.032187
1137,0,0.263105,0.296872,0.207249,0.808830,0.903347,0.175909,0.759498,0.000000,0.231365,0.746328,-0.025021,0.281568,0.708980,-0.032860,0.308320,0.660405,-0.038816,0.323191,0.614239,-0.043668,0.266999,0.597368,-0.006640,0.286517,0.537042,-0.018811,0.290829,0.500018,-0.031846,0.292266,0.466391,-0.041097,0.236380,0.578534,-0.003949,0.252356,0.510499,-0.012836,0.257647,0.468195,-0.024459,0.259996,0.431640,-0.033367,0.204658,0.575073,-0.005422,0.214112,0.510953,-0.015000,0.219667,0.472235,-0.023409,0.224536,0.437614,-0.029402,0.170167,0.583369,-0.009867,0.175624,0.528690,-0.019354,0.180126,0.495462,-0.023717,0.185584,0.463692,-0.026215
1166,0,0.351819,0.375812,0.396647,1.153258,1.278534,0.178979,0.759179,0.000000,0.233976,0.741672,-0.021732,0.281235,0.703676,-0.028027,0.306925,0.656438,-0.033372,0.317240,0.608640,-0.037698,0.266231,0.596600,0.001231,0.283367,0.542545,-0.009679,0.287492,0.510775,-0.023033,0.289214,0.482082,-0.032598,0.236545,0.579982,0.002978,0.249800,0.518805,-0.004677,0.255399,0.483066,-0.016123,0.259037,0.452730,-0.024932,0.205708,0.577658,0.000330,0.214233,0.518401,-0.008281,0.220340,0.483710,-0.015605,0.226669,0.452365,-0.020871,0.172812,0.586115,-0.005169,0.179007,0.535169,-0.013750,0.185211,0.503831,-0.017354,0.192802,0.473496,-0.019411
1200,0,0.310687,0.333384,1.164426,1.444422,1.604618,0.183967,0.759370,0.000000,0.236435,0.740791,-0.018751,0.281996,0.697162,-0.022971,0.306263,0.650925,-0.027004,0.311752,0.604479,-0.029958,0.266065,0.597935,0.005612,0.279621,0.545173,-0.006321,0.285708,0.519648,-0.020034,0.290024,0.504246,-0.028861,0.236933,0.583243,0.006485,0.247053,0.524405,-0.002342,0.254729,0.498702,-0.013958,0.261698,0.486724,-0.022009,0.207607,0.581788,0.002787,0.215052,0.525011,-0.006971,0.223194,0.496437,-0.014692,0.233122,0.478636,-0.019443,0.176338,0.590985,-0.003492,0.182663,0.541255,-0.012937,0.190512,0.511411,-0.017671,0.201870,0.487058,-0.020135
1236,0,0.320021,0.312660,4.293767,1.411618,1.584655,0.187988,0.758072,0.000000,0.235461,0.740333,-0.018848,0.279733,0.694401,-0.024457,0.304536,0.650946,-0.030098,0.308735,0.604841,-0.034370,0.264333,0.595248,0.003283,0.278279,0.541974,-0.012400,0.287987,0.520208,-0.027832,0.293415,0.519782,-0.035870,0.236567,0.580283,0.003538,0.246280,0.513961,-0.010353,0.259133,0.494808,-0.024017,0.269281,0.503263,-0.030848,0.208936,0.579969,-0.000715,0.215798,0.514124,-0.014601,0.230589,0.494899,-0.024278,0.246528,0.500270,-0.027946,0.179924,0.591528,-0.007292,0.188826,0.539266,-0.019354,0.200821,0.510029,-0.025876,0.215904,0.497951,-0.028109
1271,0,0.456275,0.449769,3.151315,1.360201,1.545570,0.191104,0.752427,0.000000,0.237207,0.738740,-0.018374,0.279714,0.691272,-0.025737,0.303690,0.648777,-0.033250,0.304246,0.602580,-0.039492,0.265639,0.588599,-0.005167,0.278674,0.526351,-0.025753,0.293192,0.517330,-0.042939,0.299939,0.536143,-0.050068,0.238716,0.576151,-0.005468,0.249473,0.501192,-0.023645,0.267471,0.496488,-0.037885,0.277244,0.525337,-0.043140,0.212173,0.579128,-0.009639,0.219820,0.510397,-0.025854,0.240008,0.500304,-0.035409,0.255949,0.519338,-0.037517,0.184359,0.593207,-0.015897,0.195149,0.536549,-0.030171,0.214724,0.513505,-0.037417,0.234616,0.513474,-0.038789
1309,0,0.367126,0.377825,4.043798,1.516274,1.666553,0.192829,0.749339,0.000000,0.238293,0.735772,-0.012925,0.278736,0.689116,-0.020181,0.304759,0.649271,-0.028855,0.303953,0.605602,-0.036206,0.263147,0.587091,-0.007201,0.278473,0.517301,-0.028322,0.297792,0.522430,-0.044450,0.304514,0.552762,-0.050736,0.239307,0.577551,-0.010211,0.250040,0.494723,-0.030263,0.275424,0.505881,-0.043694,0.285050,0.543500,-0.048126,0.214822,0.580504,-0.016033,0.222177,0.502263,-0.033286,0.251593,0.509859,-0.040981,0.267635,0.541652,-0.041496,0.188576,0.593214,-0.023359,0.201689,0.536082,-0.039435,0.227863,0.527868,-0.046442,0.247880,0.540214,-0.047404
1346,0,0.181979,0.165650,1.418537,1.657459,1.763301,0.193624,0.749853,0.000000,0.238365,0.732908,-0.010454,0.279274,0.687289,-0.017750,0.307423,0.646792,-0.027050,0.305124,0.602626,-0.034944,0.262297,0.586763,-0.004520,0.279869,0.517610,-0.024933,0.300019,0.529497,-0.040566,0.306445,0.561646,-0.046812,0.240908,0.578529,-0.008875,0.253731,0.495232,-0.027587,0.279870,0.511146,-0.040184,0.289610,0.547593,-0.044799,0.218258,0.581346,-0.015971,0.226852,0.501819,-0.032064,0.256754,0.514367,-0.039212,0.272240,0.546681,-0.040253,0.194293,0.592824,-0.024430,0.209784,0.536845,-0.039074,0.237035,0.534067,-0.045250,0.256610,0.549772,-0.046395
1382,0,0.215338,0.202234,1.238166,1.836179,1.898065,0.193851,0.750727,0.000000,0.239955,0.730081,-0.006254,0.280412,0.684419,-0.012483,0.310080,0.643728,-0.021844,0.306252,0.602791,-0.029724,0.262066,0.588361,0.001014,0.279669,0.519634,-0.018950,0.301875,0.539045,-0.034850,0.308647,0.571126,-0.041876,0.242696,0.580988,-0.005819,0.256215,0.496589,-0.024337,0.283976,0.518276,-0.037099,0.294358,0.552779,-0.042469,0.221714,0.582814,-0.015350,0.232188,0.502938,-0.031102,0.264130,0.519872,-0.038075,0.280253,0.552140,-0.039435,0.200672,0.592546,-0.026081,0.218071,0.537366,-0.039505,0.247546,0.537525,-0.045223,0.268398,0.553250,-0.046932
1414,0,0.188801,0.186894,0.530824,1.971800,1.996469,0.193675,0.751084,0.000000,0.240679,0.730219,-0.004916,0.281266,0.684332,-0.010434,0.312020,0.643450,-0.019558,0.309234,0.602567,-0.026927,0.261515,0.591121,0.004339,0.279966,0.521550,-0.015420,0.304253,0.544424,-0.031992,0.312599,0.576028,-0.040024,0.243747,0.584218,-0.003235,0.259007,0.499590,-0.021793,0.288316,0.524567,-0.035362,0.299364,0.558839,-0.041701,0.224409,0.584813,-0.013656,0.237330,0.505371,-0.030245,0.270270,0.525667,-0.038173,0.286743,0.558576,-0.040409,0.205723,0.593091,-0.025199,0.227161,0.541348,-0.039291,0.257890,0.544855,-0.045892,0.278885,0.561722,-0.048581
1445,0,0.198835,0.185822,0.318763,2.122682,2.090645,0.194120,0.752089,-0.000000,0.241248,0.729359,-0.001036,0.282202,0.680945,-0.004503,0.314056,0.642845,-0.012439,0.316815,0.609792,-0.018619,0.260449,0.591130,0.008166,0.280785,0.520807,-0.011022,0.306895,0.547573,-0.027711,0.315355,0.580397,-0.036125,0.244794,0.584988,-0.001459,0.264439,0.502626,-0.019888,0.295279,0.530804,-0.033935,0.305121,0.566605,-0.040750,0.227088,0.585261,-0.013716,0.244848,0.507166,-0.029606,0.279061,0.530116,-0.037342,0.294296,0.565127,-0.039498,0.210015,0.592587,-0.026946,0.233886,0.540783,-0.040541,0.264625,0.545408,-0.046973,0.284029,0.563787,-0.049616
1471,0,0.270764,0.270475,0.996268,2.239790,2.224353,0.194590,0.752150,0.000000,0.244835,0.724063,0.000194,0.285027,0.676768,-0.003210,0.318257,0.639351,-0.011865,0.323033,0.602959,-0.018799,0.256424,0.586630,0.015410,0.273757,0.515953,-0.002151,0.300588,0.532977,-0.018485,0.312543,0.561387,-0.027075,0.240885,0.582747,0.005100,0.261965,0.504468,-0.013476,0.292793,0.528937,-0.028817,0.304669,0.563558,-0.036239,0.224358,0.584104,-0.008128,0.246230,0.511544,-0.024339,0.281125,0.532912,-0.033051,0.297578,0.567113,-0.035681,0.209675,0.592869,-0.022283,0.238478,0.545851,-0.035612,0.269832,0.551521,-0.042128,0.290469,0.569537,-0.044706
1502,0,0.148317,0.151840,0.635759,2.343239,2.339134,0.194453,0.751583,0.000000,0.245754,0.721157,0.002393,0.286052,0.673476,-0.000788,0.319026,0.637098,-0.009924,0.322850,0.603429,-0.017324,0.250774,0.582415,0.017574,0.270423,0.514973,-0.000234,0.299729,0.534411,-0.017074,0.313527,0.564609,-0.025999,0.235148,0.579031,0.005630,0.262087,0.505122,-0.012802,0.296086,0.531854,-0.028119,0.309323,0.567101,-0.035458,0.220505,0.581917,-0.009140,0.249914,0.514846,-0.025431,0.286903,0.538808,-0.033546,0.303503,0.573346,-0.035493,0.209262,0.593817,-0.024707,0.243461,0.549113,-0.037285,0.275655,0.555870,-0.042591,0.295090,0.573631,-0.044211
1563,0,0.151684,0.155362,0.712597,2.423990,2.437907,0.194888,0.748818,0.000000,0.246801,0.715314,0.004595,0.286935,0.669422,0.000997,0.319579,0.635087,-0.008848,0.322898,0.601018,-0.016907,0.242738,0.576880,0.015844,0.268849,0.512578,-0.002458,0.300814,0.534479,-0.018742,0.315195,0.564869,-0.026904,0.227301,0.573996,0.002664,0.263806,0.504287,-0.014892,0.299346,0.533393,-0.027641,0.312003,0.568579,-0.033094,0.215513,0.578962,-0.013006,0.254790,0.515963,-0.028533,0.292276,0.541750,-0.033523,0.307391,0.576293,-0.033180,0.209024,0.593556,-0.029253,0.247707,0.548429,-0.040776,0.280139,0.557319,-0.043211,0.298268,0.576864,-0.042320
1592,0,0.117324,0.131886,0.942998,2.488561,2.512497,0.193022,0.747700,0.000000,0.246028,0.712596,0.007108,0.286166,0.667396,0.003297,0.319021,0.634363,-0.007256,0.323539,0.600447,-0.016024,0.234127,0.571747,0.016202,0.267717,0.512780,-0.002431,0.300559,0.535110,-0.018699,0.313798,0.565984,-0.026444,0.219163,0.569612,0.001416,0.265090,0.505446,-0.016253,0.301690,0.535647,-0.028176,0.313131,0.572938,-0.032609,0.210405,0.576037,-0.015549,0.258366,0.516459,-0.030638,0.296884,0.542529,-0.034239,0.311817,0.577425,-0.032660,0.208502,0.592893,-0.032880,0.250884,0.547114,-0.043240,0.283582,0.556226,-0.043852,0.301434,0.576560,-0.041440
1637,0,0.109144,0.120261,0.615572,2.494480,2.535788,0.191819,0.744552,0.000000,0.246016,0.709341,0.006084,0.287087,0.664015,0.000889,0.320199,0.632276,-0.010564,0.323880,0.597722,-0.020053,0.227639,0.565814,0.013226,0.266309,0.511322,-0.005526,0.299729,0.534146,-0.021918,0.313147,0.565431,-0.029660,0.212891,0.564616,-0.000964,0.265027,0.504813,-0.018424,0.301928,0.536225,-0.030130,0.313229,0.574679,-0.034312,0.206296,0.573022,-0.017013,0.258649,0.515329,-0.031407,0.296937,0.541419,-0.034212,0.312078,0.576407,-0.032062,0.208204,0.592300,-0.033439,0.253046,0.547442,-0.042794,0.285197,0.555999,-0.042256,0.302766,0.575559,-0.038931
1676,0,0.112758,0.138511,0.419819,2.482719,2.543920,0.190293,0.739730,0.000000,0.245176,0.705162,0.005185,0.287784,0.661738,-0.001447,0.321554,0.631739,-0.014223,0.324129,0.597098,-0.025072,0.225213,0.560600,0.012015,0.267913,0.509033,-0.007405,0.301353,0.534390,-0.024857,0.314446,0.567499,-0.033259,0.211053,0.559615,-0.002091,0.266652,0.503871,-0.019184,0.303358,0.537145,-0.031770,0.314857,0.575902,-0.036880,0.205683,0.568685,-0.017961,0.259735,0.512440,-0.031539,0.298008,0.538629,-0.034631,0.313387,0.573986,-0.032994,0.209809,0.588977,-0.034334,0.254407,0.544295,-0.042934,0.286623,0.553469,-0.042140,0.304718,0.574559,-0.038733
1718,0,0.095619,0.117993,0.333271,2.520061,2.586658,0.192550,0.738948,0.000000,0.245915,0.706808,0.006728,0.286718,0.662732,0.001443,0.319572,0.633374,-0.010239,0.324845,0.600789,-0.020119,0.227820,0.562089,0.014175,0.269187,0.510365,-0.003795,0.302644,0.534598,-0.020136,0.315396,0.567225,-0.027893,0.213170,0.560561,-0.000358,0.266928,0.504048,-0.016167,0.303909,0.536303,-0.027827,0.315279,0.574692,-0.032400,0.206898,0.568877,-0.016576,0.259971,0.511923,-0.029591,0.298436,0.538439,-0.032204,0.313290,0.573670,-0.030261,0.209687,0.588325,-0.033119,0.254773,0.543112,-0.041643,0.287068,0.553361,-0.040435,0.304401,0.575162,-0.036679
1762,0,0.071639,0.086040,0.276848,2.467281,2.537777,0.193890,0.738805,0.000000,0.245337,0.708712,0.004222,0.286620,0.665038,-0.002192,0.319925,0.634155,-0.014461,0.323273,0.600053,-0.024797,0.230812,0.563925,0.011952,0.270169,0.510669,-0.006642,0.302862,0.534343,-0.023254,0.315119,0.566825,-0.031049,0.215749,0.562155,-0.001377,0.267374,0.504544,-0.017911,0.303844,0.536537,-0.029717,0.314951,0.574661,-0.034199,0.208218,0.569847,-0.016612,0.259994,0.512693,-0.030285,0.297957,0.538842,-0.033046,0.312564,0.573550,-0.031049,0.209048,0.588739,-0.032348,0.253463,0.543674,-0.041474,0.285684,0.553039,-0.040629,0.303028,0.573893,-0.037057
1805,0,0.090544,0.120696,0.209918,2.539113,2.606703,0.192239,0.738236,0.000000,0.245681,0.707575,0.007022,0.286634,0.664043,0.001920,0.319550,0.634600,-0.009698,0.324466,0.603158,-0.019607,0.229405,0.562977,0.015002,0.270432,0.511164,-0.002619,0.303476,0.535764,-0.018894,0.315828,0.568996,-0.026711,0.214765,0.561260,0.000261,0.268278,0.505297,-0.015350,0.304850,0.538066,-0.027068,0.315662,0.576411,-0.031771,0.207970,0.569319,-0.016202,0.261167,0.512577,-0.029192,0.299355,0.539689,-0.031982,0.313731,0.575099,-0.030279,0.209978,0.588654,-0.032971,0.255295,0.544069,-0.041745,0.287399,0.554657,-0.040869,0.304262,0.576463,-0.037431
1847,0,0.029300,0.029367,0.175863,2.540738,2.606988,0.192329,0.738371,0.000000,0.246023,0.707343,0.006360,0.287045,0.664439,0.000858,0.320266,0.635052,-0.011011,0.324394,0.602625,-0.021099,0.228471,0.562674,0.014484,0.270172,0.511927,-0.003340,0.303308,0.536498,-0.019690,0.315771,0.569408,-0.027446,0.213759,0.560832,0.000154,0.268037,0.505350,-0.015496,0.304563,0.538076,-0.027187,0.315817,0.576589,-0.031753,0.207331,0.569069,-0.015917,0.261082,0.513595,-0.028790,0.299242,0.540685,-0.031510,0.313576,0.576030,-0.029632,0.209871,0.588539,-0.032352,0.255292,0.544342,-0.040805,0.287304,0.555138,-0.039671,0.304321,0.577376,-0.035980
1913,0,0.048636,0.051925,0.120366,2.530203,2.590027,0.191345,0.739369,0.000000,0.244956,0.708730,0.006384,0.286680,0.664884,0.001076,0.320077,0.635305,-0.010547,0.323103,0.603379,-0.020430,0.228822,0.562797,0.014385,0.271078,0.512633,-0.003916,0.303911,0.538126,-0.020576,0.315989,0.571835,-0.028447,0.214162,0.560839,-0.000070,0.268549,0.506424,-0.016406,0.305136,0.539960,-0.028480,0.316299,0.578915,-0.033167,0.207267,0.569142,-0.016293,0.261051,0.513742,-0.030048,0.299440,0.541682,-0.033167,0.314019,0.577110,-0.031373,0.209046,0.588763,-0.032844,0.254192,0.544473,-0.042089,0.286190,0.555054,-0.041410,0.303396,0.576396,-0.037919
1957,0,0.024177,0.031590,0.118851,2.529580,2.595039,0.191271,0.738619,0.000000,0.244932,0.708403,0.006461,0.286470,0.665301,0.000924,0.319892,0.636358,-0.010976,0.323999,0.604164,-0.021175,0.228994,0.562804,0.014016,0.271010,0.511798,-0.004143,0.304085,0.537104,-0.020705,0.315862,0.570456,-0.028584,0.214346,0.561111,-0.000533,0.268843,0.506188,-0.016513,0.305206,0.539637,-0.028487,0.315791,0.578462,-0.033270,0.207378,0.569363,-0.016797,0.261245,0.514423,-0.029962,0.299367,0.542118,-0.032832,0.313382,0.577578,-0.031097,0.209206,0.589387,-0.033400,0.254479,0.545248,-0.042122,0.286630,0.556106,-0.041117,0.303616,0.577950,-0.037550
2000,0,0.032022,0.031017,0.081197,2.528551,2.585520,0.192545,0.739336,0.000000,0.245717,0.708376,0.006215,0.286713,0.665883,0.000615,0.319607,0.636528,-0.011338,0.323514,0.604739,-0.021590,0.230669,0.564002,0.014067,0.272053,0.512884,-0.004211,0.304755,0.538070,-0.020861,0.316452,0.571430,-0.028765,0.215652,0.562018,-0.000335,0.269575,0.507331,-0.016585,0.305870,0.540605,-0.028668,0.316404,0.579156,-0.033462,0.208306,0.569861,-0.016537,0.261841,0.514935,-0.030012,0.299906,0.542467,-0.033155,0.314057,0.577857,-0.031535,0.209151,0.589070,-0.033106,0.254225,0.545361,-0.042176,0.286194,0.555728,-0.041528,0.303360,0.577392,-0.038192
2040,0,0.053096,0.059536,0.153886,2.562842,2.617850,0.191895,0.739564,0.000000,0.245470,0.708827,0.006683,0.286366,0.665879,0.001507,0.319508,0.637384,-0.010069,0.325032,0.604672,-0.019912,0.229533,0.563386,0.015273,0.271559,0.513283,-0.002333,0.304242,0.538026,-0.018667,0.316330,0.571288,-0.026441,0.214975,0.561367,0.000822,0.269572,0.507302,-0.014635,0.305838,0.540117,-0.026522,0.316745,0.578695,-0.031306,0.208233,0.569480,-0.015378,0.262341,0.515150,-0.028203,0.300215,0.542617,-0.031112,0.314345,0.577803,-0.029431,0.210250,0.589228,-0.031904,0.255545,0.545714,-0.040502,0.287365,0.556618,-0.039468,0.304145,0.578437,-0.035880
2082,0,0.065926,0.059814,0.204145,2.534243,2.593953,0.192260,0.738926,0.000000,0.245810,0.707222,0.006151,0.287620,0.664671,0.000529,0.321094,0.635473,-0.011355,0.324214,0.603224,-0.021430,0.228937,0.562214,0.013985,0.270667,0.511347,-0.004281,0.303762,0.536603,-0.020912,0.315665,0.569987,-0.028811,0.214297,0.560614,-0.000400,0.268780,0.506089,-0.016510,0.305100,0.539051,-0.028390,0.315803,0.577895,-0.033020,0.207410,0.568991,-0.016575,0.261751,0.514712,-0.029734,0.299654,0.541749,-0.032421,0.313826,0.576972,-0.030446,0.209199,0.588987,-0.033149,0.254823,0.545574,-0.041825,0.286794,0.555783,-0.040789,0.303650,0.577347,-0.037131
2121,0,0.065719,0.085316,0.147886,2.541332,2.601248,0.192587,0.739678,0.000000,0.245778,0.706841,0.006158,0.287628,0.662276,0.000673,0.321033,0.631797,-0.011152,0.323162,0.599206,-0.021156,0.227530,0.562134,0.015511,0.268814,0.511681,-0.002673,0.302368,0.535667,-0.019458,0.315274,0.569097,-0.027415,0.212947,0.560282,0.000986,0.267453,0.505459,-0.015212,0.304182,0.537790,-0.027254,0.315922,0.576689,-0.031799,0.206087,0.568158,-0.015446,0.260500,0.514014,-0.028677,0.298618,0.540790,-0.031427,0.313293,0.575911,-0.029389,0.207642,0.587614,-0.032332,0.253324,0.544259,-0.040985,0.285415,0.554283,-0.039886,0.302608,0.575566,-0.036133
2163,0,0.119845,0.144010,0.240962,2.473913,2.553992,0.194120,0.739293,0.000000,0.245923,0.706635,0.004192,0.287146,0.661243,-0.001701,0.320181,0.629145,-0.013467,0.321236,0.594086,-0.023260,0.226966,0.563592,0.013839,0.266356,0.511068,-0.004819,0.299220,0.533693,-0.021738,0.312150,0.566141,-0.029653,0.212185,0.561683,0.000585,0.263961,0.504229,-0.016211,0.300599,0.534422,-0.028520,0.312843,0.572319,-0.033150,0.204634,0.569096,-0.014754,0.257208,0.512801,-0.028601,0.294925,0.537774,-0.031709,0.309726,0.572041,-0.029783,0.205349,0.587604,-0.030641,0.250555,0.543104,-0.039721,0.282531,0.551105,-0.039106,0.299833,0.570526,-0.035642
2204,0,0.139773,0.136493,0.181579,2.432963,2.543100,0.195525,0.737463,0.000000,0.245759,0.703655,0.003526,0.285849,0.657235,-0.002362,0.318189,0.623991,-0.013903,0.319375,0.589612,-0.023375,0.224152,0.562216,0.012992,0.260960,0.508879,-0.005385,0.294441,0.529948,-0.021877,0.308501,0.560448,-0.029738,0.209594,0.560950,0.000289,0.258515,0.501018,-0.016424,0.295747,0.528543,-0.028417,0.309419,0.565222,-0.032992,0.202068,0.568470,-0.014547,0.252669,0.510267,-0.028804,0.290920,0.533409,-0.031945,0.307149,0.566849,-0.030060,0.202919,0.586716,-0.029931,0.247738,0.541806,-0.039372,0.279717,0.548530,-0.038953,0.297336,0.566957,-0.035666
2248,0,0.238485,0.280904,0.533766,2.443200,2.580960,0.197871,0.737401,0.000000,0.245535,0.703534,0.004407,0.283391,0.653771,0.000320,0.314514,0.617922,-0.009702,0.315885,0.586904,-0.017595,0.224608,0.565703,0.017307,0.256548,0.509480,0.000675,0.290102,0.527557,-0.014794,0.304908,0.557746,-0.022078,0.209756,0.563306,0.004615,0.252210,0.499285,-0.011079,0.290611,0.523098,-0.022671,0.305660,0.558556,-0.026945,0.201052,0.568231,-0.010447,0.246841,0.506125,-0.024592,0.286302,0.527357,-0.028498,0.303416,0.560533,-0.027057,0.200088,0.582250,-0.026001,0.242578,0.534887,-0.035575,0.275376,0.541970,-0.035767,0.293442,0.561263,-0.032949
2293,0,0.790609,0.854337,1.469172,2.406146,2.728059,0.200910,0.738480,0.000000,0.244924,0.697422,0.007350,0.272160,0.638139,0.010146,0.295670,0.597667,0.005880,0.306570,0.568609,0.002838,0.225477,0.570947,0.031828,0.243936,0.517439,0.018598,0.274826,0.528709,0.003697,0.292615,0.552420,-0.004234,0.211428,0.566534,0.018566,0.230516,0.499679,0.002357,0.269360,0.511776,-0.012575,0.291566,0.542131,-0.019109,0.197373,0.567466,0.002067,0.216488,0.494995,-0.014588,0.258177,0.504881,-0.024286,0.283691,0.535008,-0.026236,0.185397,0.574717,-0.014708,0.210795,0.517920,-0.028840,0.245337,0.515303,-0.034959,0.270996,0.530371,-0.036270
2336,0,0.521011,0.484496,0.713699,2.386175,2.854219,0.202697,0.733860,0.000000,0.241834,0.693270,0.002299,0.266045,0.628468,0.003618,0.286992,0.581642,-0.001010,0.288453,0.551290,-0.004195,0.216085,0.566620,0.027103,0.228728,0.513001,0.013719,0.259489,0.520067,-0.001157,0.279017,0.541226,-0.009061,0.201006,0.563189,0.016396,0.211175,0.496437,-0.000826,0.249621,0.502019,-0.016428,0.275423,0.529612,-0.022996,0.186101,0.565250,0.002301,0.195756,0.491874,-0.014175,0.237545,0.493170,-0.024961,0.267268,0.518730,-0.027646,0.174261,0.574214,-0.012553,0.194127,0.514956,-0.026000,0.228307,0.506524,-0.032632,0.256889,0.518961,-0.034390
2380,0,0.501884,0.450594,0.542464,2.494702,3.098954,0.201915,0.730469,0.000000,0.237359,0.686622,0.001045,0.256857,0.618193,0.002167,0.273893,0.567504,-0.002266,0.272570,0.535643,-0.005466,0.204647,0.563433,0.026216,0.212237,0.510342,0.014121,0.240718,0.511200,0.000285,0.259919,0.526810,-0.007235,0.188723,0.561817,0.016464,0.191928,0.495561,0.000592,0.227882,0.493723,-0.014573,0.254536,0.515014,-0.021230,0.173562,0.565728,0.003346,0.176510,0.493801,-0.012309,0.216381,0.488518,-0.023129,0.247683,0.508512,-0.026074,0.162004,0.575520,-0.010575,0.175187,0.514090,-0.023288,0.207372,0.499888,-0.029683,0.236730,0.507486,-0.031488
2421,0,0.772042,0.557607,1.024187,2.904516,3.527555,0.194231,0.725473,0.000000,0.228447,0.678123,0.002843,0.241445,0.606097,0.006308,0.254044,0.552219,0.003996,0.245418,0.518832,0.002654,0.186406,0.561431,0.032745,0.193357,0.512489,0.023965,0.218491,0.506067,0.011217,0.234885,0.516534,0.004046,0.170373,0.559492,0.022637,0.169503,0.495279,0.010459,0.202442,0.487108,-0.004117,0.227877,0.503966,-0.010967,0.155431,0.563835,0.009038,0.151755,0.491968,-0.003310,0.186964,0.480670,-0.013818,0.215935,0.495162,-0.017497,0.144105,0.573308,-0.005370,0.148880,0.510593,-0.015287,0.176770,0.493069,-0.020622,0.204350,0.497433,-0.022481
2460,0,0.264343,0.269332,0.399504,2.871524,3.511647,0.194786,0.724622,0.000000,0.227631,0.673432,0.001572,0.238433,0.600457,0.003468,0.247882,0.545144,-0.000271,0.237630,0.512172,-0.002933,0.182785,0.559701,0.028783,0.185887,0.505052,0.017279,0.212443,0.498416,0.003366,0.231004,0.510180,-0.004151,0.167102,0.560156,0.018927,0.163745,0.492564,0.003039,0.197950,0.485068,-0.013042,0.225231,0.504153,-0.020104,0.151816,0.566235,0.005658,0.146004,0.491499,-0.010099,0.182955,0.479621,-0.021391,0.213489,0.495013,-0.024718,0.140180,0.577793,-0.008286,0.146340,0.513093,-0.021093,0.175778,0.493041,-0.027668,0.204055,0.494828,-0.029771
2505,0,0.167680,0.135457,0.511176,2.949835,3.570715,0.192481,0.727638,0.000000,0.225884,0.672514,0.002383,0.235982,0.599785,0.004892,0.245637,0.544059,0.001334,0.234212,0.510851,-0.001381,0.180042,0.563372,0.032816,0.184237,0.509702,0.022273,0.208321,0.499417,0.008275,0.225206,0.507890,0.000518,0.164096,0.562912,0.022636,0.161412,0.495549,0.006963,0.194867,0.485487,-0.010125,0.223110,0.502851,-0.017815,0.148605,0.568816,0.008907,0.143204,0.493973,-0.006438,0.179184,0.479833,-0.018621,0.210314,0.493425,-0.022604,0.136781,0.579839,-0.005473,0.141717,0.514608,-0.017783,0.170097,0.492937,-0.024628,0.198683,0.493328,-0.027046
2547,0,0.101810,0.104276,0.646214,3.005873,3.645588,0.192600,0.727435,0.000000,0.225644,0.671706,0.001311,0.235661,0.598493,0.003829,0.245163,0.541547,0.000292,0.230257,0.509618,-0.002452,0.178175,0.564268,0.034914,0.182500,0.511694,0.025004,0.206182,0.500510,0.010710,0.223190,0.506101,0.002366,0.162203,0.564051,0.025226,0.160090,0.497769,0.009569,0.192169,0.486358,-0.008443,0.220755,0.500464,-0.016823,0.146468,0.570010,0.011749,0.141713,0.495098,-0.003813,0.177024,0.479498,-0.016759,0.208827,0.490530,-0.021215,0.134559,0.580622,-0.002569,0.140995,0.515594,-0.014777,0.168942,0.492958,-0.022008,0.197912,0.491254,-0.024846
2588,0,0.047593,0.048782,0.459357,2.997951,3.622134,0.192387,0.727617,0.000000,0.225335,0.672955,0.001255,0.235747,0.599927,0.003495,0.245643,0.542513,-0.000229,0.230890,0.510564,-0.003108,0.178989,0.563752,0.033973,0.181912,0.509775,0.024040,0.205432,0.499433,0.009877,0.222125,0.507225,0.001769,0.163424,0.563097,0.024388,0.160505,0.496320,0.009308,0.192593,0.485488,-0.008383,0.219646,0.501791,-0.016686,0.147810,0.568857,0.011127,0.142633,0.494486,-0.003521,0.177789,0.479431,-0.015887,0.208255,0.492232,-0.020197,0.135755,0.579691,-0.002987,0.141159,0.514453,-0.014480,0.168607,0.492229,-0.021194,0.196422,0.492002,-0.023772
2624,0,0.071097,0.082522,0.289140,2.962031,3.559653,0.191474,0.728850,0.000000,0.224873,0.673017,0.001558,0.235462,0.600787,0.003612,0.245659,0.544513,-0.000412,0.232814,0.510940,-0.003593,0.179019,0.563362,0.033412,0.183788,0.509359,0.022549,0.208056,0.500575,0.007906,0.225303,0.509704,-0.000352,0.162944,0.563167,0.023499,0.161417,0.496018,0.007589,0.193884,0.485892,-0.010317,0.221881,0.502176,-0.018606,0.147203,0.569533,0.009921,0.142991,0.494900,-0.005526,0.178423,0.480364,-0.018020,0.209625,0.492997,-0.022217,0.135172,0.581530,-0.004462,0.141488,0.516901,-0.016738,0.169254,0.493818,-0.023864,0.197664,0.491918,-0.026540
2652,0,0.068045,0.058613,0.266658,2.987863,3.582614,0.191101,0.727965,0.000000,0.225164,0.673296,0.001264,0.235928,0.600809,0.003376,0.245951,0.543273,-0.000464,0.231426,0.509972,-0.003439,0.179212,0.563292,0.033905,0.182588,0.509472,0.023978,0.205893,0.499093,0.009769,0.222046,0.506336,0.001548,0.163313,0.562915,0.024231,0.160325,0.495223,0.009134,0.192181,0.484292,-0.008548,0.219168,0.500556,-0.016905,0.147477,0.568908,0.010879,0.141999,0.494067,-0.003887,0.177383,0.478853,-0.016255,0.208036,0.491626,-0.020584,0.135461,0.580113,-0.003316,0.141724,0.514708,-0.015041,0.169498,0.492256,-0.021932,0.197105,0.491663,-0.024612
2679,0,0.029477,0.031977,0.107351,2.976015,3.575429,0.191096,0.726967,0.000000,0.225353,0.672482,0.001173,0.236407,0.600298,0.003179,0.246207,0.542790,-0.000782,0.231239,0.509835,-0.003968,0.180229,0.563135,0.033821,0.184105,0.509359,0.023716,0.207222,0.499600,0.009352,0.223369,0.507632,0.001039,0.163961,0.562358,0.024224,0.161463,0.494961,0.008915,0.193334,0.484641,-0.008995,0.220420,0.501305,-0.017498,0.147879,0.568187,0.010938,0.142505,0.493054,-0.004008,0.177699,0.478398,-0.016466,0.208276,0.491093,-0.020877,0.135548,0.579545,-0.003181,0.141954,0.514318,-0.014999,0.169547,0.491687,-0.021939,0.197372,0.490639,-0.024747
2721,0,0.070149,0.082591,0.241779,2.951556,3.521971,0.190477,0.727538,0.000000,0.225194,0.673221,0.002548,0.236107,0.600724,0.005132,0.247090,0.544277,0.001529,0.234933,0.512402,-0.001322,0.180423,0.562038,0.033668,0.184924,0.508477,0.023539,0.209168,0.499927,0.009542,0.225735,0.509578,0.001591,0.164413,0.561366,0.023269,0.162230,0.493847,0.008021,0.194375,0.484071,-0.009416,0.221337,0.501872,-0.017531,0.148709,0.567531,0.009344,0.143778,0.492234,-0.005726,0.179259,0.478147,-0.018213,0.209722,0.492004,-0.022572,0.136710,0.579112,-0.005255,0.143054,0.513507,-0.017309,0.170946,0.491271,-0.024427,0.198763,0.491087,-0.027264
2750,0,0.057000,0.057446,0.170450,2.959270,3.522396,0.190284,0.727149,0.000000,0.225625,0.673137,0.002390,0.236982,0.600910,0.005262,0.247717,0.543829,0.001951,0.234320,0.511687,-0.000585,0.181635,0.562531,0.034527,0.185454,0.509057,0.025069,0.208906,0.499557,0.011414,0.224930,0.507532,0.003463,0.165863,0.561416,0.024338,0.163251,0.494222,0.009252,0.195323,0.484658,-0.008234,0.222152,0.501797,-0.016421,0.149961,0.566715,0.010571,0.144975,0.491732,-0.004523,0.180624,0.477835,-0.017121,0.211137,0.491306,-0.021588,0.137670,0.577100,-0.003893,0.144652,0.512062,-0.016000,0.172939,0.490392,-0.023193,0.200935,0.490567,-0.026166
2804,0,0.053651,0.053022,0.101520,2.925644,3.477131,0.190328,0.728076,0.000000,0.225875,0.674755,0.002265,0.237778,0.601740,0.005078,0.249008,0.545057,0.001774,0.236410,0.513324,-0.000741,0.182144,0.561939,0.033930,0.186598,0.508431,0.023868,0.210350,0.499655,0.009800,0.226634,0.508872,0.001769,0.166289,0.561168,0.023725,0.164323,0.493759,0.008276,0.196321,0.484731,-0.009323,0.223175,0.502333,-0.017457,0.150468,0.566877,0.009927,0.146637,0.491816,-0.005423,0.182205,0.478253,-0.018187,0.212927,0.491931,-0.022630,0.138227,0.577851,-0.004570,0.145999,0.512557,-0.016806,0.174365,0.490961,-0.024138,0.202829,0.490878,-0.027090
2833,0,0.085572,0.064599,0.281913,2.882878,3.437327,0.191337,0.728202,0.000000,0.226560,0.675445,0.002620,0.239049,0.603145,0.005034,0.250827,0.547330,0.001321,0.239159,0.515534,-0.001490,0.183399,0.561719,0.032676,0.188767,0.507423,0.021916,0.213611,0.500863,0.007843,0.230216,0.512458,0.000069,0.167624,0.560823,0.022266,0.166011,0.492721,0.006611,0.198738,0.485506,-0.010418,0.224983,0.504969,-0.018102,0.151960,0.566391,0.008336,0.148226,0.490825,-0.007056,0.184305,0.478875,-0.019183,0.214538,0.494407,-0.023124,0.139763,0.577280,-0.006238,0.147274,0.512069,-0.018563,0.175913,0.490991,-0.025651,0.203897,0.491770,-0.028337
2881,0,0.081417,0.070343,0.265015,2.842327,3.392565,0.191784,0.729031,0.000000,0.227205,0.676520,0.003129,0.240909,0.605137,0.005731,0.253000,0.550100,0.002339,0.243686,0.518376,0.000040,0.185781,0.561909,0.031985,0.190694,0.508279,0.021616,0.215910,0.501458,0.008192,0.233495,0.512512,0.000815,0.169987,0.561209,0.021504,0.166814,0.492450,0.006265,0.200025,0.484845,-0.009675,0.226770,0.503272,-0.016606,0.154590,0.566922,0.007641,0.149745,0.490827,-0.007829,0.186132,0.478536,-0.019382,0.216607,0.493244,-0.022892,0.142722,0.577697,-0.006780,0.150496,0.512809,-0.019382,0.179690,0.492367,-0.026226,0.207614,0.493588,-0.028635
2927,0,0.116658,0.108808,0.240719,2.800201,3.328671,0.192031,0.729914,0.000000,0.228096,0.678650,0.003874,0.243141,0.607081,0.006502,0.256213,0.552989,0.003109,0.246549,0.521884,0.000937,0.186991,0.561719,0.031343,0.192837,0.507920,0.020656,0.219131,0.502648,0.007269,0.236966,0.515252,0.000143,0.171624,0.560857,0.020608,0.170986,0.492374,0.005715,0.205650,0.486820,-0.009321,0.232130,0.506827,-0.015672,0.156642,0.566133,0.006578,0.154537,0.490380,-0.008179,0.191796,0.480072,-0.018643,0.221469,0.496709,-0.021518,0.145620,0.576301,-0.007992,0.154145,0.511226,-0.019857,0.183945,0.492272,-0.025832,0.211409,0.495169,-0.027637
2960,0,0.252868,0.252702,0.563820,2.717918,3.191205,0.191575,0.732058,0.000000,0.228896,0.681731,0.007713,0.245731,0.612881,0.011014,0.260936,0.562209,0.007393,0.258093,0.530211,0.004892,0.190109,0.562690,0.032898,0.196464,0.508260,0.023195,0.224772,0.503263,0.011030,0.243480,0.515674,0.004560,0.175379,0.561720,0.019886,0.177197,0.492100,0.005119,0.215033,0.489610,-0.008808,0.241576,0.511939,-0.014243,0.161318,0.566270,0.004006,0.163213,0.489587,-0.010910,0.204022,0.483416,-0.020221,0.233249,0.503094,-0.022108,0.151325,0.576162,-0.012045,0.162362,0.510774,-0.024394,0.194293,0.494633,-0.029829,0.221421,0.499564,-0.030916
3012,0,0.176852,0.144043,0.180739,2.654713,3.102099,0.192246,0.733711,0.000000,0.230954,0.684685,0.007431,0.249725,0.616395,0.010587,0.266466,0.565969,0.006785,0.263451,0.534191,0.004151,0.194543,0.564854,0.033141,0.202200,0.510303,0.023099,0.230783,0.506173,0.010603,0.249580,0.518870,0.003920,0.180190,0.562997,0.020276,0.184417,0.493020,0.005217,0.222720,0.492079,-0.008847,0.248634,0.515442,-0.014325,0.166136,0.566471,0.004435,0.170686,0.488989,-0.010724,0.212092,0.484765,-0.020100,0.240907,0.505983,-0.021945,0.155856,0.574828,-0.011606,0.169651,0.509722,-0.024110,0.202923,0.496108,-0.029628,0.230283,0.503084,-0.030719
3041,0,0.426477,0.436605,0.809949,2.458866,2.828911,0.191140,0.735341,-0.000000,0.231346,0.688862,0.005872,0.255904,0.626125,0.006295,0.276992,0.578736,-0.000616,0.275734,0.546308,-0.006315,0.201750,0.564725,0.030640,0.212815,0.507413,0.017285,0.244497,0.511713,0.002249,0.263897,0.531228,-0.005666,0.187481,0.562101,0.017205,0.197351,0.493755,0.000183,0.237458,0.500033,-0.015070,0.262375,0.527277,-0.021409,0.173403,0.565114,0.000515,0.182975,0.489625,-0.015739,0.225524,0.490902,-0.024857,0.253526,0.516377,-0.026323,0.162757,0.574185,-0.016705,0.178769,0.509209,-0.029367,0.212924,0.498700,-0.034152,0.240022,0.509929,-0.034571
3092,0,0.463643,0.486346,0.682292,2.317362,2.587897,0.190050,0.734942,0.000000,0.232134,0.694380,0.003771,0.261932,0.637528,0.001856,0.287009,0.596091,-0.007068,0.292682,0.562243,-0.014450,0.211482,0.564179,0.027066,0.226947,0.506352,0.011684,0.260036,0.517883,-0.004805,0.279274,0.541602,-0.013421,0.197091,0.560460,0.014120,0.213278,0.492859,-0.003685,0.253392,0.505501,-0.019218,0.276472,0.535666,-0.025796,0.182928,0.562637,-0.002177,0.200113,0.488683,-0.018704,0.242916,0.496969,-0.027050,0.269074,0.526607,-0.027870,0.172095,0.571416,-0.019250,0.194076,0.510051,-0.031907,0.228682,0.505600,-0.035831,0.254338,0.521116,-0.035349
3134,0,0.544779,0.522241,0.828386,2.349979,2.567547,0.189957,0.737527,0.000000,0.234948,0.701665,0.006536,0.269152,0.646546,0.004286,0.296788,0.607901,-0.004980,0.300668,0.578826,-0.012475,0.213857,0.560641,0.022611,0.233188,0.500165,0.005822,0.269745,0.516201,-0.010644,0.288662,0.543906,-0.019144,0.199331,0.559444,0.008012,0.226874,0.492813,-0.009903,0.269366,0.515346,-0.023821,0.288225,0.549526,-0.029514,0.188002,0.563441,-0.009233,0.220109,0.496454,-0.026014,0.264414,0.515123,-0.032240,0.286421,0.548153,-0.031869,0.182640,0.575731,-0.026918,0.217034,0.523520,-0.039578,0.253337,0.528098,-0.041997,0.275290,0.547342,-0.040546
3168,0,0.463924,0.332492,0.858367,2.318160,2.471340,0.192189,0.741749,0.000000,0.240419,0.704251,0.003700,0.279120,0.655240,-0.001645,0.308461,0.618860,-0.013140,0.308115,0.585129,-0.022602,0.221113,0.564441,0.016048,0.247493,0.505433,-0.003020,0.281407,0.521521,-0.020059,0.297437,0.550201,-0.028322,0.205421,0.564222,0.003123,0.241805,0.499443,-0.015506,0.279793,0.524268,-0.028970,0.295084,0.558558,-0.034155,0.194885,0.570216,-0.012330,0.233281,0.506614,-0.029132,0.272985,0.526900,-0.033960,0.292356,0.558972,-0.032615,0.191212,0.585233,-0.028306,0.230152,0.539296,-0.040182,0.263333,0.544632,-0.041673,0.283218,0.562336,-0.039372
3221,0,0.245231,0.101421,0.283756,2.355557,2.476674,0.196261,0.744965,0.000000,0.243508,0.710391,0.002738,0.282260,0.662315,-0.003072,0.312845,0.625854,-0.014561,0.312724,0.589346,-0.024076,0.224178,0.571203,0.013595,0.252349,0.512104,-0.004567,0.286451,0.527971,-0.020620,0.302710,0.556261,-0.028245,0.208377,0.570278,0.001358,0.247939,0.503519,-0.016207,0.286692,0.527588,-0.028748,0.302371,0.562897,-0.033486,0.198383,0.576194,-0.013198,0.240287,0.512703,-0.028602,0.280802,0.533131,-0.032853,0.299633,0.565699,-0.031539,0.195644,0.591669,-0.028326,0.235336,0.543592,-0.039099,0.268501,0.549293,-0.039943,0.288157,0.568054,-0.037477
3250,0,0.198414,0.114633,0.172869,2.367163,2.451298,0.197779,0.747508,0.000000,0.245248,0.714165,0.003376,0.283705,0.665690,-0.002658,0.314611,0.629899,-0.014644,0.316998,0.594155,-0.024857,0.228280,0.573597,0.012995,0.257506,0.514122,-0.005709,0.291395,0.530503,-0.022091,0.307424,0.559657,-0.029887,0.212309,0.572896,0.000023,0.253753,0.506244,-0.018178,0.292523,0.532048,-0.031083,0.307342,0.568665,-0.036000,0.202051,0.578958,-0.015170,0.245604,0.515931,-0.031164,0.286198,0.538381,-0.035547,0.303953,0.572078,-0.034221,0.198927,0.594896,-0.030841,0.239443,0.546708,-0.041951,0.273047,0.553476,-0.042792,0.292219,0.573078,-0.040302
3301,0,0.086423,0.085774,0.124670,2.412825,2.489667,0.197751,0.747615,0.000000,0.245964,0.714715,0.003420,0.284452,0.666803,-0.001890,0.315885,0.630592,-0.013118,0.318181,0.594352,-0.022514,0.228819,0.574520,0.014768,0.258619,0.515120,-0.002725,0.291946,0.531070,-0.018547,0.307343,0.559591,-0.026204,0.213151,0.572788,0.002093,0.255600,0.506939,-0.015020,0.293303,0.532271,-0.027488,0.307563,0.568571,-0.032267,0.203301,0.578440,-0.012874,0.248285,0.516919,-0.027894,0.287454,0.538858,-0.032055,0.304716,0.572157,-0.030788,0.200510,0.593914,-0.028398,0.241722,0.547148,-0.038883,0.274314,0.554033,-0.039565,0.293053,0.573598,-0.037062
3348,0,0.041462,0.047769,0.154627,2.409510,2.485439,0.198428,0.747564,0.000000,0.246737,0.714802,0.002056,0.285916,0.665909,-0.003241,0.317643,0.628876,-0.014055,0.317607,0.592636,-0.022858,0.228587,0.573719,0.014388,0.258664,0.514856,-0.003245,0.291825,0.530952,-0.019184,0.307003,0.559322,-0.026874,0.213182,0.572450,0.002626,0.255144,0.506832,-0.014681,0.292377,0.531747,-0.027313,0.306611,0.567648,-0.032141,0.203467,0.578461,-0.011584,0.247688,0.516592,-0.026858,0.286418,0.537990,-0.031231,0.303567,0.570898,-0.030028,0.200688,0.594068,-0.026435,0.242039,0.547650,-0.037295,0.274384,0.553812,-0.038401,0.293160,0.572173,-0.036157
3382,0,0.074825,0.075938,0.154699,2.381641,2.453218,0.199120,0.747790,0.000000,0.246862,0.714116,0.001399,0.286609,0.665155,-0.004858,0.318410,0.627299,-0.016501,0.317158,0.591357,-0.026135,0.228997,0.572399,0.012321,0.259540,0.513256,-0.006290,0.292754,0.530912,-0.022807,0.307237,0.560815,-0.030745,0.213276,0.571465,0.000573,0.255787,0.506352,-0.017239,0.293025,0.532493,-0.029901,0.306905,0.568856,-0.034803,0.203124,0.578156,-0.013644,0.248046,0.516374,-0.029235,0.286816,0.538442,-0.033407,0.303723,0.571539,-0.032157,0.199806,0.594635,-0.028554,0.241513,0.548233,-0.039706,0.274233,0.554361,-0.040874,0.292938,0.572680,-0.038667
3432,0,0.030374,0.029587,0.159546,2.368252,2.444013,0.199650,0.747707,0.000000,0.246983,0.715242,0.001086,0.286212,0.666680,-0.005403,0.318082,0.628969,-0.017286,0.317592,0.592139,-0.027173,0.229921,0.573913,0.012278,0.259944,0.513411,-0.006139,0.293041,0.530115,-0.022457,0.307504,0.559517,-0.030247,0.214205,0.572680,0.000695,0.256296,0.506125,-0.017107,0.293192,0.531956,-0.029726,0.306912,0.568507,-0.034507,0.203918,0.578735,-0.013383,0.248572,0.516360,-0.028881,0.286972,0.538237,-0.032979,0.303505,0.571460,-0.031613,0.200414,0.594530,-0.028181,0.241782,0.547844,-0.039158,0.274263,0.553830,-0.040166,0.292535,0.572237,-0.037890
3471,0,0.023015,0.020838,0.143579,2.359595,2.432451,0.199715,0.747829,0.000000,0.246960,0.715793,0.001013,0.286678,0.667410,-0.005544,0.318481,0.629772,-0.017437,0.317405,0.593483,-0.027320,0.231098,0.574208,0.011902,0.260596,0.513658,-0.006452,0.293560,0.530800,-0.022696,0.307857,0.560290,-0.030479,0.215250,0.573020,0.000315,0.256666,0.506158,-0.017470,0.293652,0.532075,-0.030039,0.307304,0.568598,-0.034842,0.204533,0.578828,-0.013742,0.248606,0.516179,-0.029356,0.287305,0.538317,-0.033507,0.304091,0.571572,-0.032302,0.200374,0.594386,-0.028509,0.241815,0.547824,-0.039629,0.274281,0.554386,-0.040769,0.292642,0.572782,-0.038652
3509,0,0.049965,0.053547,0.065583,2.391483,2.458272,0.199465,0.748179,0.000000,0.247353,0.715750,0.001937,0.286878,0.667561,-0.004033,0.318935,0.630151,-0.015642,0.318408,0.594411,-0.025315,0.231308,0.574311,0.013832,0.261006,0.514599,-0.003915,0.293682,0.531472,-0.019867,0.307995,0.560752,-0.027566,0.215438,0.572973,0.001810,0.257044,0.506616,-0.015536,0.293912,0.532354,-0.028055,0.307644,0.568691,-0.032851,0.205009,0.578469,-0.012674,0.249332,0.516652,-0.027990,0.288011,0.538913,-0.032214,0.304770,0.572265,-0.031007,0.200982,0.593914,-0.027827,0.242443,0.547462,-0.038690,0.274740,0.554165,-0.039734,0.293128,0.572920,-0.037548
3540,0,0.040363,0.023618,0.110174,2.389748,2.451062,0.199810,0.748915,0.000000,0.247533,0.716363,0.001356,0.287185,0.668607,-0.004994,0.319155,0.631290,-0.016877,0.319055,0.594319,-0.026751,0.231492,0.575254,0.013416,0.261872,0.515876,-0.004774,0.294496,0.533192,-0.021071,0.308284,0.562899,-0.028906,0.215746,0.573582,0.001668,0.257930,0.507869,-0.015938,0.294531,0.533901,-0.028612,0.307981,0.570152,-0.033557,0.205192,0.579013,-0.012641,0.249931,0.517268,-0.028057,0.288367,0.539691,-0.032284,0.304751,0.572950,-0.031158,0.201135,0.594311,-0.027665,0.243003,0.548635,-0.038617,0.275419,0.555376,-0.039727,0.293720,0.573661,-0.037638
3569,0,0.039534,0.049746,0.252867,2.372742,2.437373,0.200902,0.748659,0.000000,0.247865,0.717402,0.000994,0.287395,0.668847,-0.005315,0.319299,0.631426,-0.016960,0.318916,0.595037,-0.026588,0.232857,0.576198,0.012032,0.261892,0.514711,-0.006346,0.294687,0.531860,-0.022532,0.308764,0.561691,-0.030221,0.217112,0.574821,0.000533,0.258090,0.507449,-0.017253,0.294937,0.533587,-0.029716,0.308136,0.570135,-0.034474,0.206360,0.580356,-0.013490,0.250084,0.517114,-0.029081,0.288526,0.539888,-0.033089,0.304665,0.573309,-0.031753,0.201699,0.595520,-0.028234,0.242733,0.548772,-0.039426,0.275197,0.555485,-0.040502,0.293214,0.574232,-0.038319
3600,0,0.023572,0.024853,0.102341,2.372252,2.432874,0.200699,0.748454,0.000000,0.248295,0.717175,0.000921,0.287891,0.669295,-0.005648,0.319959,0.631286,-0.017636,0.318383,0.594930,-0.027661,0.232868,0.575578,0.012249,0.262817,0.514870,-0.006239,0.295419,0.532820,-0.022608,0.308777,0.563020,-0.030399,0.217028,0.573985,0.000684,0.258671,0.506964,-0.017050,0.295349,0.533509,-0.029666,0.308506,0.569849,-0.034556,0.206377,0.579363,-0.013423,0.250640,0.516604,-0.028981,0.289053,0.539532,-0.033235,0.305234,0.573048,-0.032111,0.201978,0.594711,-0.028280,0.243336,0.548131,-0.039478,0.275671,0.555225,-0.040750,0.293761,0.574067,-0.038761
3631,0,0.041411,0.041242,0.101008,2.363240,2.419401,0.200622,0.748553,0.000000,0.247938,0.716917,0.001122,0.287710,0.669287,-0.005695,0.319788,0.631933,-0.017962,0.318396,0.595961,-0.028283,0.233857,0.575842,0.011651,0.263586,0.515000,-0.007095,0.296147,0.532860,-0.023531,0.310161,0.562966,-0.031385,0.217872,0.574349,-0.000159,0.259630,0.507251,-0.018354,0.296463,0.533902,-0.031026,0.309607,0.570460,-0.035860,0.206977,0.579826,-0.014452,0.250930,0.517063,-0.030308,0.289724,0.539992,-0.034553,0.306134,0.573486,-0.033377,0.202146,0.595122,-0.029458,0.243538,0.549192,-0.040856,0.276294,0.555838,-0.042261,0.294904,0.573980,-0.040334
3684,0,0.058376,0.059331,0.137430,2.372518,2.426283,0.200755,0.748973,0.000000,0.248088,0.717700,0.001070,0.287670,0.670009,-0.004962,0.319422,0.632238,-0.016472,0.318824,0.596465,-0.026013,0.235308,0.576855,0.013309,0.263736,0.515899,-0.005032,0.296421,0.532429,-0.021189,0.310916,0.561834,-0.028874,0.219578,0.574697,0.001738,0.259180,0.507136,-0.016350,0.295992,0.532488,-0.029021,0.309775,0.568522,-0.033681,0.208064,0.579546,-0.012467,0.250698,0.517215,-0.028596,0.289405,0.539686,-0.033158,0.306133,0.572901,-0.031931,0.202289,0.593947,-0.027402,0.243202,0.548624,-0.039142,0.275712,0.555958,-0.040744,0.294309,0.574731,-0.038782
3714,0,0.048441,0.050973,0.345386,2.341119,2.394586,0.201336,0.748922,0.000000,0.247756,0.718489,0.000344,0.287556,0.670839,-0.005857,0.319639,0.632088,-0.017537,0.319026,0.594997,-0.027298,0.238617,0.578386,0.012804,0.264940,0.514945,-0.005869,0.297111,0.530740,-0.021933,0.311580,0.560047,-0.029414,0.222660,0.575825,0.001564,0.259399,0.505878,-0.016741,0.295994,0.531219,-0.029414,0.309714,0.567029,-0.033991,0.209960,0.580023,-0.012427,0.250244,0.516184,-0.028971,0.288668,0.539491,-0.033729,0.305372,0.573363,-0.032547,0.202268,0.593318,-0.027232,0.242244,0.547828,-0.039503,0.274861,0.556067,-0.041505,0.293192,0.575826,-0.039798
3747,0,0.110545,0.112780,0.554247,2.287823,2.339169,0.204138,0.748535,0.000000,0.249567,0.717476,-0.002045,0.288562,0.669776,-0.008484,0.319279,0.631333,-0.020091,0.318938,0.590768,-0.029773,0.245220,0.579993,0.012334,0.268534,0.514958,-0.007770,0.299569,0.531383,-0.025279,0.313637,0.560365,-0.033640,0.229517,0.576960,0.002262,0.261515,0.505334,-0.017464,0.296910,0.531201,-0.032285,0.310799,0.565722,-0.038431,0.215076,0.579939,-0.010921,0.249691,0.514637,-0.028782,0.287112,0.538108,-0.035788,0.304239,0.571655,-0.036085,0.203658,0.591910,-0.025064,0.240662,0.546327,-0.038464,0.273014,0.555043,-0.042099,0.291674,0.575065,-0.041636
3777,0,0.207026,0.209334,1.049490,2.175640,2.212098,0.206449,0.748694,0.000000,0.249493,0.718115,-0.005028,0.288165,0.668467,-0.011962,0.318274,0.629652,-0.023326,0.321877,0.587180,-0.032793,0.255833,0.583729,0.008646,0.275611,0.514431,-0.013537,0.305535,0.533436,-0.032097,0.318446,0.564035,-0.040784,0.240001,0.580343,0.000165,0.264697,0.504284,-0.021768,0.298025,0.531563,-0.038098,0.310432,0.566933,-0.045028,0.222291,0.582225,-0.011671,0.246273,0.511602,-0.031715,0.282414,0.536029,-0.040054,0.299649,0.570964,-0.040850,0.205093,0.591460,-0.024570,0.235150,0.542961,-0.040552,0.267436,0.552066,-0.045857,0.286600,0.572799,-0.046288
3807,0,0.229684,0.238136,0.620336,2.089130,2.084427,0.205543,0.747901,0.000000,0.249164,0.717432,-0.007450,0.288395,0.668268,-0.015251,0.319193,0.630327,-0.026867,0.325108,0.587024,-0.036951,0.260281,0.587408,0.003402,0.282457,0.516865,-0.020268,0.311292,0.538105,-0.039798,0.322714,0.568885,-0.049145,0.243549,0.583439,-0.004271,0.268224,0.504757,-0.028274,0.300720,0.534382,-0.045962,0.311778,0.570356,-0.053868,0.223981,0.584828,-0.015234,0.244726,0.509197,-0.035979,0.280722,0.534585,-0.045091,0.297291,0.570725,-0.046565,0.203182,0.592436,-0.027453,0.227133,0.537004,-0.044086,0.259037,0.544985,-0.050183,0.278791,0.566724,-0.051356
3840,0,0.279321,0.281212,0.764713,1.887916,1.971745,0.206376,0.746861,0.000000,0.250598,0.718667,-0.011224,0.290336,0.669762,-0.020063,0.320431,0.630579,-0.031220,0.330954,0.585539,-0.041336,0.260276,0.584392,-0.004869,0.278466,0.513687,-0.027490,0.306623,0.527231,-0.045906,0.322306,0.553542,-0.055316,0.241602,0.580998,-0.010267,0.260931,0.502362,-0.033388,0.293809,0.524271,-0.049872,0.309583,0.557065,-0.057635,0.220586,0.584898,-0.018567,0.236505,0.509372,-0.037807,0.272239,0.527645,-0.045772,0.292106,0.559255,-0.047485,0.197971,0.595792,-0.028431,0.215708,0.540343,-0.044327,0.245520,0.542717,-0.049838,0.266175,0.560557,-0.050947
3873,0,0.178333,0.183987,0.660717,1.748840,1.858168,0.205882,0.748568,0.000000,0.250942,0.723194,-0.012760,0.291313,0.673288,-0.021433,0.320815,0.632314,-0.031742,0.336143,0.588089,-0.041166,0.260905,0.583059,-0.005830,0.277782,0.516791,-0.026521,0.304463,0.524886,-0.043634,0.322269,0.546652,-0.052675,0.240687,0.579018,-0.009991,0.256876,0.502880,-0.031641,0.289253,0.518140,-0.047371,0.308283,0.547760,-0.054776,0.218708,0.584370,-0.016955,0.229915,0.509764,-0.035761,0.265363,0.522036,-0.044001,0.288478,0.549641,-0.046036,0.194799,0.597279,-0.025453,0.207114,0.540537,-0.041399,0.235647,0.539863,-0.046837,0.258011,0.555800,-0.047804
3903,0,0.230273,0.268166,1.951290,1.632544,1.681319,0.204287,0.751939,0.000000,0.251360,0.726363,-0.014078,0.293524,0.675690,-0.022088,0.324659,0.632933,-0.031341,0.340823,0.587657,-0.040043,0.263540,0.587443,-0.004847,0.281928,0.525427,-0.023422,0.306765,0.522997,-0.039609,0.325475,0.538536,-0.048311,0.242492,0.580048,-0.008114,0.258111,0.507285,-0.026790,0.288380,0.509642,-0.041976,0.309226,0.533631,-0.049578,0.219423,0.583566,-0.014253,0.230119,0.511069,-0.031524,0.262178,0.511721,-0.040843,0.286084,0.533731,-0.044010,0.194062,0.595540,-0.021988,0.203446,0.536428,-0.037375,0.229944,0.529148,-0.043010,0.253128,0.543371,-0.044044
3939,0,0.196469,0.233463,1.356351,1.580066,1.557768,0.203984,0.754312,0.000000,0.253382,0.728465,-0.015873,0.297944,0.676361,-0.023576,0.328724,0.632154,-0.031979,0.347689,0.588015,-0.039882,0.268267,0.584750,-0.004139,0.287250,0.523549,-0.022009,0.309354,0.514273,-0.037981,0.327523,0.522659,-0.046885,0.245153,0.577076,-0.006432,0.263220,0.507498,-0.024209,0.288906,0.503129,-0.039215,0.309547,0.521400,-0.047018,0.220346,0.581496,-0.012013,0.232864,0.512837,-0.028694,0.259695,0.508328,-0.037981,0.283197,0.526248,-0.041349,0.193062,0.595029,-0.019474,0.200490,0.536226,-0.034413,0.224439,0.521670,-0.040649,0.249281,0.529583,-0.042250
3966,0,0.365857,0.394108,3.214481,1.544726,1.439758,0.200754,0.762482,0.000000,0.252617,0.734059,-0.018251,0.299850,0.682202,-0.025097,0.332069,0.635765,-0.032045,0.354248,0.592425,-0.038536,0.267682,0.595815,-0.000325,0.289521,0.545669,-0.015311,0.309070,0.524260,-0.030537,0.327430,0.511823,-0.040603,0.244107,0.583438,-0.001404,0.264375,0.522035,-0.015014,0.286183,0.502625,-0.028283,0.309311,0.498458,-0.037044,0.218861,0.583544,-0.006609,0.233914,0.519670,-0.022030,0.256640,0.499733,-0.031808,0.282335,0.498677,-0.037010,0.189751,0.593859,-0.014014,0.195433,0.538964,-0.028842,0.213668,0.516857,-0.035282,0.236234,0.514121,-0.038095
4001,0,0.345531,0.335693,1.944110,1.522176,1.401636,0.201015,0.761219,0.000000,0.256514,0.736535,-0.019352,0.305302,0.687400,-0.026137,0.337852,0.642288,-0.032687,0.363570,0.600345,-0.038605,0.272387,0.595187,0.002554,0.294575,0.542887,-0.009360,0.310484,0.518153,-0.022786,0.326450,0.497781,-0.032437,0.246030,0.580909,0.002444,0.266436,0.523498,-0.006630,0.284322,0.496181,-0.018336,0.304558,0.476241,-0.027337,0.218191,0.579600,-0.002099,0.233268,0.522420,-0.013293,0.251175,0.495935,-0.021836,0.272643,0.479222,-0.027520,0.187303,0.588486,-0.009184,0.191239,0.536045,-0.020553,0.207171,0.512593,-0.025503,0.228496,0.500604,-0.028087
4033,0,0.281230,0.275589,1.304401,1.330138,1.200895,0.200285,0.758924,0.000000,0.258411,0.740273,-0.020195,0.310893,0.695247,-0.027147,0.345450,0.651278,-0.033205,0.370153,0.610044,-0.038933,0.277313,0.597042,-0.001914,0.300669,0.541644,-0.012274,0.313945,0.510265,-0.024250,0.326511,0.482591,-0.033189,0.247794,0.582022,-0.001844,0.266371,0.520309,-0.009592,0.281966,0.485052,-0.021287,0.298235,0.456878,-0.030590,0.217210,0.580533,-0.005620,0.229788,0.520006,-0.015146,0.245379,0.486982,-0.024267,0.263938,0.461250,-0.031020,0.184661,0.590383,-0.011794,0.187643,0.537774,-0.021767,0.198636,0.509470,-0.026518,0.215261,0.487639,-0.029481
4091,0,0.268007,0.290362,0.829416,1.157124,0.930104,0.198150,0.759220,0.000000,0.257464,0.746856,-0.023487,0.311946,0.706482,-0.031521,0.348528,0.663634,-0.037559,0.374851,0.625185,-0.042816,0.281906,0.599677,-0.007261,0.306812,0.541061,-0.017449,0.319440,0.505496,-0.028793,0.329386,0.473540,-0.037260,0.250775,0.581740,-0.005339,0.270784,0.515318,-0.012525,0.284838,0.475762,-0.023071,0.296958,0.442895,-0.031238,0.218549,0.578222,-0.007140,0.231274,0.514013,-0.015835,0.244056,0.477465,-0.024169,0.258095,0.446282,-0.030274,0.184427,0.587076,-0.011544,0.187398,0.534152,-0.020742,0.194039,0.504145,-0.024718,0.204464,0.476876,-0.026930
4127,0,0.261418,0.309235,0.439837,1.010999,0.641240,0.195382,0.762914,0.000000,0.256658,0.752791,-0.023905,0.312455,0.714486,-0.032555,0.350715,0.672318,-0.039265,0.379139,0.636089,-0.045202,0.284310,0.604741,-0.010914,0.311552,0.545314,-0.022859,0.325089,0.507822,-0.034751,0.335257,0.474051,-0.043555,0.253043,0.583587,-0.009430,0.275258,0.513736,-0.018603,0.288126,0.470995,-0.029483,0.297226,0.434088,-0.037583,0.220314,0.578692,-0.011464,0.232533,0.510592,-0.021675,0.242157,0.469587,-0.030289,0.251593,0.432741,-0.036313,0.185491,0.587825,-0.016097,0.188356,0.533497,-0.026565,0.192864,0.499458,-0.031045,0.199829,0.467286,-0.033396
4161,0,0.232425,0.288333,0.293079,0.849725,0.377494,0.191303,0.764634,0.000000,0.253470,0.759526,-0.025890,0.310501,0.722070,-0.035583,0.350414,0.679449,-0.043167,0.382381,0.645242,-0.049901,0.286436,0.609111,-0.014823,0.314258,0.547091,-0.028034,0.328033,0.506847,-0.040155,0.338110,0.470723,-0.049228,0.255124,0.585304,-0.012954,0.277428,0.512160,-0.023745,0.289778,0.466057,-0.035157,0.298121,0.426533,-0.043557,0.221856,0.578836,-0.014628,0.234011,0.507216,-0.026545,0.242104,0.463918,-0.035955,0.249854,0.425451,-0.042281,0.186479,0.587143,-0.018996,0.187739,0.530306,-0.031135,0.189838,0.493421,-0.036788,0.193953,0.458697,-0.039800
4195,0,0.155114,0.197839,0.102008,0.788467,0.243268,0.188053,0.766804,0.000000,0.249693,0.764541,-0.025749,0.307041,0.729277,-0.035578,0.348285,0.687948,-0.043375,0.381949,0.656173,-0.050302,0.286905,0.611517,-0.016184,0.316863,0.548322,-0.029557,0.331713,0.506934,-0.041453,0.342480,0.469706,-0.050447,0.255436,0.585600,-0.014634,0.279194,0.510341,-0.025768,0.292090,0.463315,-0.037010,0.300597,0.423430,-0.045334,0.222031,0.577852,-0.016538,0.234227,0.503917,-0.029032,0.241646,0.459208,-0.038987,0.248527,0.420254,-0.045696,0.186663,0.585852,-0.021053,0.186715,0.526782,-0.034145,0.187296,0.488326,-0.040691,0.190241,0.452594,-0.044209
4229,0,0.161762,0.199499,0.128270,0.741713,0.165653,0.185386,0.769408,0.000000,0.246031,0.768734,-0.026735,0.303164,0.734481,-0.037737,0.345815,0.694912,-0.046717,0.381746,0.665363,-0.054880,0.286579,0.613887,-0.018303,0.317831,0.550328,-0.033154,0.333726,0.508354,-0.045900,0.345308,0.470393,-0.055548,0.256072,0.586610,-0.017022,0.280829,0.510697,-0.029722,0.294220,0.462338,-0.041707,0.302958,0.420999,-0.050464,0.222855,0.578081,-0.019240,0.235290,0.503095,-0.033062,0.242646,0.457324,-0.043488,0.249455,0.417214,-0.050427,0.187359,0.586109,-0.024175,0.186102,0.526026,-0.038368,0.185954,0.486198,-0.045418,0.188080,0.449321,-0.049240
4264,0,0.068504,0.096696,0.111613,0.746337,0.194212,0.183239,0.772411,0.000000,0.243567,0.772075,-0.027367,0.300491,0.738128,-0.038601,0.343734,0.698797,-0.047761,0.381565,0.671846,-0.056054,0.284829,0.614781,-0.018942,0.317038,0.550853,-0.033757,0.333613,0.508685,-0.046593,0.345979,0.470295,-0.056469,0.254623,0.587682,-0.017548,0.280108,0.511065,-0.030232,0.294241,0.462288,-0.042220,0.303524,0.420654,-0.051154,0.221881,0.579511,-0.019753,0.234517,0.503358,-0.033757,0.242704,0.457236,-0.044369,0.250382,0.416568,-0.051493,0.186851,0.587900,-0.024748,0.185256,0.525953,-0.039317,0.185025,0.485480,-0.046668,0.187349,0.447518,-0.050777
4297,0,0.077090,0.066441,0.067607,0.718708,0.221941,0.181555,0.774686,0.000000,0.241687,0.774106,-0.027768,0.298804,0.740205,-0.039451,0.341860,0.701437,-0.049018,0.380535,0.675214,-0.057633,0.283079,0.615193,-0.019535,0.316075,0.551217,-0.034496,0.332886,0.508798,-0.047341,0.345442,0.470200,-0.057214,0.252594,0.587648,-0.018106,0.278260,0.509737,-0.030970,0.292438,0.460704,-0.042767,0.301913,0.419080,-0.051458,0.219640,0.580044,-0.020316,0.232309,0.502966,-0.034534,0.240593,0.455966,-0.045131,0.248713,0.414635,-0.052182,0.184481,0.589261,-0.025367,0.183138,0.526812,-0.040213,0.182687,0.485918,-0.047646,0.184872,0.447601,-0.051801
4331,0,0.084346,0.068613,0.064222,0.648868,0.245920,0.179489,0.776002,0.000000,0.239820,0.775319,-0.028222,0.296718,0.740833,-0.040262,0.340427,0.701714,-0.050163,0.379656,0.675608,-0.059140,0.279981,0.614832,-0.020131,0.314001,0.550555,-0.035253,0.331468,0.507910,-0.048083,0.344539,0.469456,-0.057946,0.249310,0.586896,-0.018493,0.275413,0.508297,-0.031381,0.289497,0.458979,-0.042997,0.298849,0.417228,-0.051589,0.216575,0.578997,-0.020516,0.229380,0.501426,-0.034714,0.237491,0.453919,-0.045193,0.245162,0.412214,-0.052167,0.181802,0.588562,-0.025448,0.180184,0.526042,-0.040185,0.179466,0.485042,-0.047505,0.181370,0.446769,-0.051512
4365,0,0.095096,0.061057,0.046277,0.598278,0.265729,0.177936,0.775852,0.000000,0.238455,0.775237,-0.028865,0.294237,0.742189,-0.041551,0.337698,0.704228,-0.051948,0.376981,0.678844,-0.061415,0.277174,0.614455,-0.020834,0.311617,0.550270,-0.036372,0.329572,0.507741,-0.049504,0.343025,0.469422,-0.059514,0.246670,0.586261,-0.018981,0.272858,0.507105,-0.032201,0.287324,0.457240,-0.044034,0.296825,0.415397,-0.052763,0.214033,0.578494,-0.020834,0.226506,0.500346,-0.035363,0.234640,0.452541,-0.046168,0.242073,0.410657,-0.053345,0.179432,0.588120,-0.025606,0.176674,0.525339,-0.040581,0.175667,0.483918,-0.048185,0.177378,0.445427,-0.052375
4399,0,0.071414,0.068079,0.077634,0.586131,0.297660,0.177692,0.776209,0.000000,0.237618,0.775680,-0.028357,0.293400,0.741754,-0.040943,0.336660,0.704957,-0.051432,0.375024,0.679909,-0.061066,0.276287,0.613724,-0.021074,0.310481,0.549719,-0.037001,0.328425,0.507555,-0.050500,0.342022,0.469649,-0.060755,0.245537,0.585939,-0.019705,0.270990,0.505841,-0.033446,0.285424,0.455550,-0.045838,0.295084,0.413301,-0.054967,0.212650,0.578554,-0.021948,0.224713,0.500188,-0.036884,0.232706,0.451576,-0.048169,0.240334,0.408824,-0.055705,0.177782,0.588899,-0.027056,0.174735,0.526102,-0.042342,0.173389,0.484381,-0.050111,0.174947,0.445492,-0.054540
4432,0,0.037693,0.023930,0.043469,0.549499,0.300038,0.176491,0.776319,0.000000,0.236859,0.775474,-0.028584,0.292912,0.741580,-0.041174,0.336013,0.704482,-0.051604,0.374320,0.679048,-0.061177,0.275625,0.612868,-0.020704,0.309734,0.549109,-0.036582,0.327557,0.506932,-0.050125,0.341021,0.469133,-0.060438,0.244735,0.585156,-0.019225,0.269953,0.505503,-0.032885,0.284305,0.455362,-0.045338,0.294022,0.413020,-0.054561,0.211643,0.578348,-0.021424,0.223394,0.499956,-0.036426,0.231270,0.451258,-0.047790,0.238726,0.408285,-0.055418,0.176709,0.589171,-0.026522,0.173397,0.526139,-0.041952,0.171785,0.484318,-0.049853,0.172927,0.445199,-0.054328
4465,0,0.028454,0.020547,0.043150,0.531031,0.302379,0.176256,0.775945,0.000000,0.237065,0.775737,-0.029197,0.292668,0.741840,-0.041905,0.335742,0.704271,-0.052352,0.374009,0.678381,-0.061942,0.275128,0.612534,-0.021167,0.308933,0.548628,-0.037071,0.326580,0.506249,-0.050598,0.340055,0.468473,-0.060928,0.244091,0.585050,-0.019315,0.269275,0.505211,-0.033037,0.283533,0.455001,-0.045569,0.293147,0.412599,-0.054847,0.211002,0.578054,-0.021206,0.222753,0.499691,-0.036311,0.230610,0.451068,-0.047830,0.238156,0.408252,-0.055471,0.176059,0.588717,-0.026020,0.172435,0.525546,-0.041554,0.170730,0.483953,-0.049585,0.171950,0.444993,-0.054145
4498,0,0.020303,0.034942,0.039832,0.526493,0.299523,0.176855,0.776478,0.000000,0.236704,0.775917,-0.028601,0.291977,0.741778,-0.041120,0.335008,0.703996,-0.051478,0.372920,0.678046,-0.060979,0.275066,0.613159,-0.020755,0.308406,0.548652,-0.036739,0.326004,0.506202,-0.050310,0.339468,0.468285,-0.060629,0.244133,0.585481,-0.019295,0.268953,0.505152,-0.033099,0.283043,0.454814,-0.045637,0.292737,0.412023,-0.054905,0.210958,0.578501,-0.021495,0.222586,0.499822,-0.036467,0.230477,0.450933,-0.047818,0.238034,0.407550,-0.055372,0.175843,0.589092,-0.026596,0.172470,0.525843,-0.041899,0.170987,0.484109,-0.049726,0.172483,0.444847,-0.054126
4532,0,0.022095,0.022507,0.072883,0.537670,0.300299,0.176772,0.776572,0.000000,0.236956,0.775566,-0.028857,0.292258,0.741599,-0.041591,0.335135,0.703755,-0.052106,0.372916,0.677027,-0.061763,0.274819,0.612387,-0.021010,0.308387,0.548523,-0.037229,0.325876,0.506355,-0.051093,0.339237,0.468370,-0.061647,0.244033,0.585000,-0.019423,0.269262,0.505496,-0.033471,0.283028,0.455611,-0.046342,0.292440,0.412848,-0.055844,0.211007,0.578473,-0.021516,0.222931,0.500240,-0.036723,0.230946,0.451750,-0.048094,0.238529,0.408695,-0.055688,0.175865,0.589385,-0.026501,0.172657,0.526362,-0.042019,0.171556,0.484212,-0.049886,0.173110,0.444676,-0.054325
4564,0,0.046761,0.039836,0.040925,0.535633,0.275339,0.177267,0.776298,0.000000,0.238127,0.775624,-0.028721,0.293291,0.741868,-0.041241,0.335632,0.703818,-0.051562,0.373389,0.677029,-0.061025,0.275452,0.612317,-0.020270,0.309359,0.548833,-0.036140,0.326895,0.506783,-0.049731,0.339976,0.469078,-0.060051,0.244474,0.585057,-0.018557,0.270140,0.506018,-0.032343,0.284032,0.456403,-0.045019,0.293245,0.414074,-0.054365,0.211383,0.578361,-0.020523,0.223627,0.500172,-0.035478,0.231828,0.452182,-0.046577,0.239522,0.409854,-0.053976,0.176074,0.588666,-0.025372,0.173258,0.525933,-0.040657,0.172398,0.483776,-0.048368,0.174140,0.444380,-0.052613
4597,0,0.022475,0.016209,0.050792,0.555592,0.270538,0.177923,0.776496,0.000000,0.238232,0.775570,-0.028556,0.293646,0.741743,-0.041055,0.336034,0.703481,-0.051397,0.373683,0.676906,-0.060845,0.276217,0.612986,-0.020314,0.309691,0.549191,-0.036196,0.327040,0.506928,-0.049764,0.340249,0.469291,-0.060106,0.245246,0.585904,-0.018749,0.270380,0.506135,-0.032522,0.284259,0.456239,-0.045138,0.293537,0.413799,-0.054507,0.211988,0.579060,-0.020839,0.224065,0.500716,-0.035729,0.232459,0.452658,-0.046848,0.240458,0.410323,-0.054274,0.176511,0.589185,-0.025815,0.173828,0.526442,-0.040978,0.173041,0.484577,-0.048637,0.175124,0.445092,-0.052952
4631,0,0.031325,0.028048,0.033415,0.578460,0.276597,0.178874,0.776148,0.000000,0.238817,0.775507,-0.028947,0.294014,0.741676,-0.041653,0.336531,0.703228,-0.052066,0.374351,0.676302,-0.061625,0.276698,0.613107,-0.021001,0.310283,0.549272,-0.037126,0.327726,0.506922,-0.050901,0.340856,0.468893,-0.061353,0.245719,0.585754,-0.019311,0.270886,0.506605,-0.033299,0.284785,0.456473,-0.046121,0.294019,0.413561,-0.055602,0.212435,0.578991,-0.021293,0.224711,0.500791,-0.036349,0.233132,0.452854,-0.047520,0.241092,0.410415,-0.054980,0.177191,0.589177,-0.026189,0.174471,0.526208,-0.041536,0.173789,0.484217,-0.049230,0.175809,0.444873,-0.053582
4663,0,0.031424,0.053474,0.059405,0.594027,0.280175,0.178424,0.774909,0.000000,0.239067,0.775033,-0.029742,0.294367,0.741734,-0.042755,0.336615,0.702698,-0.053327,0.374319,0.675600,-0.063048,0.276548,0.612688,-0.022113,0.310028,0.549036,-0.038495,0.327455,0.506846,-0.052320,0.340644,0.468826,-0.062854,0.245627,0.585517,-0.020041,0.270909,0.506400,-0.034467,0.284765,0.456538,-0.047479,0.294213,0.413622,-0.057084,0.212554,0.578946,-0.021687,0.224824,0.500891,-0.037275,0.233079,0.452867,-0.048719,0.240799,0.410179,-0.056309,0.177448,0.589572,-0.026257,0.174795,0.526557,-0.042174,0.173875,0.484415,-0.050306,0.175703,0.444570,-0.054915
4696,0,0.038968,0.055901,0.067447,0.569284,0.274207,0.179322,0.775268,0.000000,0.239153,0.774951,-0.028843,0.294197,0.740438,-0.041458,0.336861,0.701440,-0.051774,0.374844,0.674623,-0.061241,0.276860,0.612692,-0.021328,0.309913,0.548659,-0.037459,0.327133,0.506380,-0.051079,0.340141,0.468531,-0.061395,0.246154,0.585253,-0.019763,0.270854,0.505230,-0.033750,0.284589,0.455128,-0.046288,0.293802,0.412595,-0.055522,0.213180,0.578501,-0.021850,0.224952,0.499681,-0.037015,0.232929,0.451457,-0.048104,0.240354,0.408552,-0.055522,0.178289,0.589187,-0.026815,0.174856,0.526211,-0.042308,0.173636,0.484243,-0.050074,0.175318,0.444691,-0.054440
4729,0,0.023895,0.018273,0.047984,0.551201,0.269050,0.178690,0.774645,0.000000,0.238803,0.774109,-0.028887,0.294028,0.739671,-0.041577,0.336548,0.700803,-0.052001,0.374566,0.673724,-0.061610,0.276629,0.611857,-0.021196,0.309214,0.547415,-0.037373,0.326176,0.505085,-0.051032,0.339257,0.467061,-0.061455,0.245873,0.584559,-0.019578,0.270269,0.505004,-0.033711,0.283913,0.455061,-0.046498,0.293215,0.412246,-0.055992,0.213009,0.578090,-0.021641,0.224444,0.499804,-0.036986,0.232398,0.451549,-0.048320,0.240175,0.408770,-0.055876,0.177935,0.588904,-0.026582,0.174600,0.525942,-0.042197,0.173599,0.484074,-0.050141,0.175516,0.444799,-0.054636
4762,0,0.043467,0.030459,0.036860,0.507931,0.250187,0.178237,0.774135,0.000000,0.238500,0.773550,-0.029124,0.293825,0.739019,-0.041606,0.336628,0.699576,-0.051747,0.374585,0.672052,-0.061036,0.276212,0.611016,-0.020687,0.308647,0.546971,-0.036498,0.325547,0.504669,-0.050044,0.338426,0.466659,-0.060455,0.245537,0.583659,-0.018820,0.269983,0.504417,-0.032511,0.283556,0.454576,-0.045167,0.292600,0.411956,-0.054572,0.212722,0.577101,-0.020668,0.224386,0.499011,-0.035665,0.232080,0.450990,-0.046947,0.239476,0.408367,-0.054533,0.177667,0.587429,-0.025448,0.174387,0.524680,-0.040832,0.173293,0.483119,-0.048728,0.175051,0.443937,-0.053256
4794,0,0.031424,0.039105,0.026366,0.524163,0.269436,0.178575,0.774498,0.000000,0.238206,0.773837,-0.028908,0.293333,0.739128,-0.041514,0.336208,0.699503,-0.051853,0.374289,0.671655,-0.061341,0.276245,0.611046,-0.021009,0.308518,0.546665,-0.037138,0.325284,0.504337,-0.050885,0.338191,0.466228,-0.061380,0.245383,0.583759,-0.019498,0.269720,0.504395,-0.033517,0.283292,0.454522,-0.046316,0.292443,0.411578,-0.055803,0.212387,0.577653,-0.021686,0.223988,0.499295,-0.036963,0.231844,0.451168,-0.048252,0.239373,0.408147,-0.055842,0.177265,0.588515,-0.026779,0.174083,0.525618,-0.042366,0.172980,0.483850,-0.050304,0.174730,0.444276,-0.054835
4828,0,0.023529,0.026554,0.026664,0.523951,0.270685,0.178431,0.773821,0.000000,0.238070,0.773273,-0.029356,0.293234,0.738766,-0.042175,0.335857,0.699402,-0.052671,0.373820,0.671538,-0.062275,0.275841,0.611118,-0.021707,0.308020,0.546814,-0.038089,0.324850,0.504333,-0.051896,0.337805,0.466163,-0.062430,0.245130,0.583734,-0.019964,0.269389,0.504331,-0.034275,0.282783,0.454176,-0.047171,0.291844,0.411153,-0.056698,0.212277,0.577322,-0.021940,0.223695,0.499278,-0.037431,0.231377,0.450894,-0.048836,0.238829,0.407763,-0.056466,0.177232,0.588186,-0.026819,0.173901,0.525483,-0.042601,0.172809,0.483787,-0.050618,0.174575,0.444274,-0.055227
4861,0,0.044655,0.040776,0.046121,0.488150,0.246202,0.178201,0.773455,0.000000,0.238365,0.772646,-0.028556,0.293421,0.738260,-0.040998,0.336072,0.698721,-0.051277,0.373910,0.671099,-0.060706,0.275844,0.610523,-0.020577,0.308081,0.545723,-0.036362,0.324700,0.503503,-0.049809,0.337229,0.465439,-0.060087,0.245107,0.583473,-0.019031,0.269289,0.504049,-0.032729,0.282484,0.454169,-0.045326,0.291340,0.411439,-0.054716,0.212108,0.576907,-0.021137,0.223812,0.499041,-0.036033,0.231419,0.450995,-0.047220,0.238660,0.408562,-0.054716,0.176966,0.587428,-0.026102,0.173559,0.524792,-0.041385,0.172377,0.483118,-0.049152,0.173886,0.444070,-0.053596
4895,0,0.029110,0.025417,0.040085,0.492907,0.263609,0.178001,0.773474,0.000000,0.237835,0.772900,-0.028768,0.293022,0.738292,-0.041461,0.335649,0.698960,-0.051933,0.373614,0.671092,-0.061554,0.275542,0.610534,-0.021272,0.307439,0.545714,-0.037404,0.324143,0.503369,-0.050967,0.336785,0.465468,-0.061322,0.244768,0.583224,-0.019716,0.268840,0.503543,-0.033752,0.282046,0.453757,-0.046485,0.290951,0.411370,-0.055874,0.211833,0.576834,-0.021813,0.223367,0.498474,-0.036979,0.231037,0.450365,-0.048185,0.238311,0.407943,-0.055720,0.176577,0.587605,-0.026759,0.173215,0.524781,-0.042195,0.172120,0.483142,-0.050039,0.173879,0.444056,-0.054483
4929,0,0.015620,0.020973,0.042264,0.491604,0.256268,0.177893,0.772820,0.000000,0.238023,0.772676,-0.029052,0.293140,0.738252,-0.041857,0.335563,0.698676,-0.052379,0.373379,0.670434,-0.062011,0.275597,0.610223,-0.021431,0.307263,0.545514,-0.037582,0.323624,0.503253,-0.051180,0.336252,0.465293,-0.061586,0.244714,0.583073,-0.019777,0.268593,0.503715,-0.033868,0.281638,0.453858,-0.046654,0.290392,0.411008,-0.056170,0.211683,0.576868,-0.021799,0.223235,0.498993,-0.037118,0.230797,0.451042,-0.048472,0.238100,0.408413,-0.056093,0.176672,0.587692,-0.026731,0.173371,0.524872,-0.042398,0.172185,0.482967,-0.050445,0.173581,0.443620,-0.055048
4965,0,0.019701,0.031416,0.034644,0.501859,0.256847,0.178938,0.773633,0.000000,0.238777,0.772796,-0.028835,0.293659,0.738133,-0.041468,0.335888,0.698310,-0.051884,0.373511,0.669779,-0.061412,0.275637,0.610374,-0.021332,0.306949,0.545694,-0.037399,0.323361,0.503435,-0.050997,0.335878,0.465166,-0.061412,0.244875,0.583611,-0.019808,0.268770,0.504522,-0.033811,0.281773,0.454610,-0.046560,0.290391,0.411571,-0.056050,0.211944,0.577361,-0.021949,0.223381,0.499805,-0.037148,0.231164,0.451852,-0.048412,0.238406,0.409212,-0.055973,0.176691,0.588243,-0.027003,0.173187,0.525417,-0.042549,0.172049,0.483629,-0.050495,0.173589,0.444099,-0.055086
4999,0,0.020590,0.015896,0.025344,0.517465,0.255466,0.179331,0.774025,0.000000,0.239415,0.773286,-0.028849,0.294174,0.738674,-0.041559,0.335999,0.699018,-0.051997,0.373383,0.670378,-0.061626,0.275818,0.611029,-0.021242,0.307012,0.546337,-0.037438,0.323320,0.504081,-0.051111,0.335840,0.465985,-0.061549,0.244923,0.584335,-0.019701,0.268536,0.505246,-0.033875,0.281424,0.454936,-0.046798,0.290038,0.411703,-0.056427,0.212015,0.578360,-0.021820,0.223241,0.500386,-0.037188,0.230933,0.452440,-0.048569,0.238083,0.409877,-0.056196,0.177135,0.589133,-0.026808,0.173457,0.526135,-0.042522,0.172237,0.484123,-0.050611,0.173763,0.444746,-0.055271
5032,0,0.019078,0.017949,0.038552,0.511681,0.242505,0.179368,0.774194,0.000000,0.239528,0.772782,-0.028843,0.294257,0.738609,-0.041506,0.335908,0.699133,-0.051998,0.373188,0.670506,-0.061606,0.276114,0.610896,-0.020830,0.306857,0.546095,-0.036856,0.322985,0.503841,-0.050499,0.335417,0.465520,-0.060914,0.245327,0.584520,-0.019302,0.268664,0.505653,-0.033205,0.281401,0.455292,-0.046041,0.290055,0.411884,-0.055649,0.212375,0.578533,-0.021464,0.223525,0.501082,-0.036606,0.230940,0.453092,-0.047924,0.238017,0.410688,-0.055495,0.177247,0.589119,-0.026537,0.173585,0.526300,-0.041967,0.172336,0.484382,-0.049922,0.173826,0.444907,-0.054457
5065,0,0.024507,0.025605,0.038200,0.506377,0.237951,0.179498,0.774783,0.000000,0.239624,0.773517,-0.028480,0.294577,0.738904,-0.040867,0.336139,0.699115,-0.051045,0.373487,0.670447,-0.060340,0.276121,0.611092,-0.020356,0.307037,0.546108,-0.036027,0.323182,0.503626,-0.049432,0.335376,0.465000,-0.059687,0.245335,0.584806,-0.018868,0.268817,0.505895,-0.032474,0.281504,0.455525,-0.045091,0.289825,0.412102,-0.054578,0.212359,0.578891,-0.021048,0.223823,0.501288,-0.035969,0.231136,0.453423,-0.047204,0.238180,0.410917,-0.054732,0.177185,0.589535,-0.026099,0.173444,0.526640,-0.041481,0.172088,0.484822,-0.049393,0.173412,0.445418,-0.053925
5098,0,0.011817,0.012369,0.032830,0.511020,0.240428,0.179487,0.775284,0.000000,0.239897,0.773677,-0.028147,0.294876,0.738921,-0.040414,0.336339,0.699306,-0.050565,0.373425,0.670543,-0.059909,0.276048,0.611224,-0.019957,0.306938,0.546474,-0.035684,0.323056,0.503913,-0.049181,0.335368,0.465582,-0.059525,0.245311,0.585036,-0.018678,0.268684,0.506137,-0.032319,0.281195,0.455690,-0.045028,0.289414,0.412387,-0.054526,0.212454,0.579097,-0.021053,0.223738,0.501313,-0.035953,0.231205,0.453593,-0.047066,0.238220,0.411392,-0.054526,0.177414,0.589740,-0.026282,0.173495,0.526893,-0.041567,0.172149,0.485065,-0.049373,0.173488,0.445648,-0.053872
5132,0,0.025719,0.021908,0.044186,0.509900,0.225873,0.179130,0.775568,0.000000,0.239247,0.774070,-0.028798,0.294360,0.739686,-0.041322,0.336038,0.699421,-0.051594,0.373185,0.670464,-0.060982,0.276014,0.611913,-0.020257,0.306945,0.546953,-0.035935,0.322974,0.504578,-0.049478,0.335053,0.466076,-0.059866,0.245352,0.585438,-0.018564,0.268598,0.506773,-0.032165,0.280825,0.456663,-0.044938,0.288715,0.413449,-0.054557,0.212415,0.579304,-0.020565,0.223840,0.501755,-0.035416,0.231159,0.454373,-0.046554,0.237779,0.412448,-0.054057,0.177189,0.589693,-0.025451,0.173518,0.526988,-0.040706,0.172100,0.485285,-0.048516,0.173314,0.445958,-0.052941
5168,0,0.028307,0.024967,0.051414,0.527565,0.240097,0.178834,0.776616,0.000000,0.239243,0.775154,-0.028511,0.294373,0.740235,-0.040912,0.336150,0.699980,-0.051140,0.373432,0.670863,-0.060522,0.275607,0.612428,-0.020398,0.306355,0.547248,-0.036163,0.322228,0.504810,-0.049717,0.334114,0.465937,-0.060176,0.245070,0.586089,-0.018956,0.268667,0.507687,-0.032645,0.280727,0.457581,-0.045449,0.288246,0.414138,-0.055062,0.212223,0.580071,-0.021148,0.223945,0.502529,-0.036048,0.231287,0.454981,-0.047141,0.237670,0.412819,-0.054639,0.176784,0.590568,-0.026243,0.173333,0.527593,-0.041489,0.172100,0.485798,-0.049256,0.173328,0.446464,-0.053716
5203,0,0.024501,0.021126,0.054668,0.540574,0.243229,0.179135,0.777314,0.000000,0.239377,0.774911,-0.028486,0.294443,0.740191,-0.040997,0.335916,0.700002,-0.051352,0.373392,0.671102,-0.060860,0.275650,0.613212,-0.020171,0.306289,0.548223,-0.035954,0.321879,0.505728,-0.049581,0.333618,0.466802,-0.060090,0.245010,0.587024,-0.018843,0.268364,0.508368,-0.032643,0.280519,0.458263,-0.045578,0.288060,0.414651,-0.055317,0.212234,0.581105,-0.021172,0.223536,0.503400,-0.036281,0.230772,0.455647,-0.047579,0.237131,0.413062,-0.055163,0.176984,0.591792,-0.026369,0.173216,0.528757,-0.041844,0.171789,0.486811,-0.049812,0.172772,0.447291,-0.054354
5246,0,0.029475,0.021633,0.047683,0.552159,0.254142,0.178768,0.777591,0.000000,0.239060,0.775515,-0.028993,0.294252,0.740869,-0.041721,0.335743,0.700350,-0.052181,0.373082,0.670825,-0.061794,0.275229,0.613626,-0.020976,0.305706,0.548432,-0.037011,0.321537,0.505871,-0.050796,0.333438,0.466738,-0.061371,0.244758,0.587446,-0.019496,0.268167,0.508753,-0.033358,0.280198,0.458460,-0.046297,0.287749,0.414696,-0.056064,0.211788,0.581455,-0.021726,0.223658,0.503865,-0.036896,0.230587,0.456084,-0.048258,0.236757,0.413539,-0.055949,0.176476,0.592125,-0.026879,0.172973,0.529009,-0.042452,0.171284,0.487155,-0.050412,0.171894,0.447650,-0.054988
5297,0,0.018722,0.020655,0.030058,0.541288,0.236817,0.178473,0.777188,0.000000,0.238660,0.775442,-0.028974,0.293980,0.741262,-0.041644,0.335535,0.700617,-0.052065,0.372818,0.670527,-0.061639,0.274714,0.613652,-0.020918,0.305322,0.548544,-0.036857,0.321165,0.505992,-0.050565,0.333078,0.466867,-0.061063,0.244251,0.587455,-0.019303,0.267690,0.509142,-0.033050,0.279873,0.458852,-0.045951,0.287425,0.415130,-0.055679,0.211558,0.581438,-0.021380,0.223235,0.504082,-0.036357,0.230237,0.456524,-0.047604,0.236394,0.414057,-0.055256,0.176348,0.591793,-0.026378,0.172923,0.528894,-0.041759,0.171358,0.487109,-0.049681,0.172200,0.447561,-0.054218
5341,0,0.028493,0.027976,0.065928,0.544505,0.242950,0.178272,0.776846,0.000000,0.238292,0.775104,-0.029679,0.293340,0.740584,-0.042640,0.335223,0.700331,-0.053262,0.372676,0.670317,-0.062925,0.275067,0.613740,-0.021377,0.305486,0.549110,-0.037521,0.321121,0.506755,-0.051383,0.332942,0.467520,-0.062043,0.244572,0.587180,-0.019566,0.267672,0.509095,-0.033590,0.279436,0.458884,-0.046590,0.286712,0.414852,-0.056406,0.211801,0.580893,-0.021550,0.222851,0.504284,-0.036888,0.229416,0.456505,-0.048315,0.235268,0.413433,-0.056022,0.176415,0.591227,-0.026535,0.172676,0.528843,-0.042180,0.170734,0.487297,-0.050271,0.171184,0.447615,-0.054910
5379,0,0.018943,0.018491,0.049611,0.550644,0.249336,0.178326,0.777024,0.000000,0.238096,0.775765,-0.029833,0.293181,0.740771,-0.042843,0.334901,0.699851,-0.053381,0.372286,0.669580,-0.062962,0.275008,0.614155,-0.021939,0.305341,0.549556,-0.038149,0.320899,0.507006,-0.051925,0.332585,0.467707,-0.062540,0.244322,0.587490,-0.020080,0.267694,0.508892,-0.034144,0.279518,0.458911,-0.046982,0.286666,0.415200,-0.056600,0.211371,0.581292,-0.022015,0.222861,0.504040,-0.037325,0.229314,0.456180,-0.048629,0.235182,0.413016,-0.056294,0.175877,0.591764,-0.026940,0.172396,0.529108,-0.042613,0.170557,0.487763,-0.050660,0.171100,0.447926,-0.055336
5416,0,0.018254,0.016257,0.038355,0.536569,0.242882,0.178060,0.777001,0.000000,0.238008,0.775699,-0.029771,0.292897,0.740422,-0.042662,0.334622,0.699376,-0.053097,0.371691,0.669157,-0.062574,0.274851,0.614052,-0.021638,0.305098,0.549469,-0.037694,0.320440,0.506994,-0.051409,0.331908,0.467780,-0.061998,0.244318,0.587188,-0.019739,0.267651,0.509553,-0.033704,0.279352,0.459348,-0.046614,0.286626,0.415496,-0.056358,0.211264,0.580826,-0.021600,0.222749,0.504048,-0.036907,0.229192,0.456412,-0.048378,0.234969,0.413336,-0.056205,0.175845,0.591081,-0.026434,0.172025,0.528733,-0.042202,0.170138,0.487161,-0.050450,0.170639,0.447277,-0.055284
5448,0,0.026247,0.031965,0.059909,0.552404,0.262318,0.178358,0.777696,0.000000,0.238089,0.776008,-0.030028,0.293228,0.740679,-0.043088,0.334510,0.699309,-0.053621,0.371688,0.668727,-0.063234,0.274826,0.614228,-0.022099,0.304497,0.549429,-0.038415,0.319969,0.507034,-0.052318,0.331762,0.467739,-0.063081,0.244088,0.587758,-0.020184,0.266969,0.509628,-0.034413,0.278809,0.459513,-0.047493,0.286306,0.415516,-0.057374,0.210988,0.581676,-0.022042,0.222261,0.504531,-0.037534,0.229068,0.456752,-0.049063,0.235121,0.413380,-0.056914,0.175409,0.592111,-0.026906,0.172218,0.529337,-0.042782,0.170513,0.487573,-0.051054,0.171139,0.447644,-0.055919
5480,0,0.027993,0.039520,0.033982,0.574407,0.275574,0.178938,0.777481,0.000000,0.238349,0.776060,-0.030336,0.293199,0.741085,-0.043781,0.334334,0.699683,-0.054621,0.371715,0.668931,-0.064580,0.274767,0.614694,-0.022963,0.304558,0.549754,-0.039644,0.320034,0.506994,-0.053740,0.331759,0.467572,-0.064503,0.243904,0.588135,-0.020933,0.266755,0.509458,-0.035469,0.278691,0.459063,-0.048646,0.286481,0.415053,-0.058566,0.210786,0.582194,-0.022657,0.222091,0.504769,-0.038380,0.228979,0.457170,-0.049833,0.235268,0.414343,-0.057532,0.175282,0.592634,-0.027387,0.172100,0.529607,-0.043398,0.170516,0.487987,-0.051633,0.171376,0.448077,-0.056421
5513,0,0.025820,0.038759,0.048896,0.551336,0.247306,0.178059,0.777079,0.000000,0.238252,0.775609,-0.030192,0.293054,0.740903,-0.043405,0.333977,0.699550,-0.054113,0.370955,0.668707,-0.063865,0.274520,0.614344,-0.022009,0.304451,0.549596,-0.038453,0.319864,0.507059,-0.052545,0.331618,0.467648,-0.063368,0.243920,0.587942,-0.019982,0.266676,0.509732,-0.034342,0.278531,0.459222,-0.047612,0.286377,0.414772,-0.057631,0.210894,0.581995,-0.021779,0.222013,0.505014,-0.037382,0.228834,0.457316,-0.048912,0.235095,0.414310,-0.056675,0.175411,0.592344,-0.026578,0.172044,0.529762,-0.042487,0.170472,0.487918,-0.050748,0.171129,0.448001,-0.055528
5546,0,0.017372,0.022757,0.031542,0.541663,0.246333,0.178057,0.777582,0.000000,0.238092,0.775749,-0.030000,0.292879,0.741028,-0.043070,0.334098,0.699556,-0.053656,0.371333,0.668560,-0.063248,0.274767,0.614718,-0.021726,0.304712,0.549727,-0.037834,0.319897,0.506904,-0.051592,0.331309,0.467474,-0.062216,0.243970,0.588270,-0.019739,0.266799,0.509774,-0.033821,0.278441,0.459397,-0.046853,0.285836,0.415271,-0.056675,0.210880,0.582019,-0.021554,0.222030,0.505179,-0.036974,0.228624,0.457211,-0.048535,0.234586,0.414075,-0.056369,0.175438,0.592322,-0.026369,0.171940,0.529515,-0.042153,0.170213,0.487845,-0.050446,0.170651,0.448080,-0.055261
5588,0,0.024039,0.021474,0.039735,0.554125,0.259240,0.177853,0.777599,0.000000,0.237994,0.776127,-0.030127,0.292652,0.741208,-0.043333,0.333614,0.699823,-0.053975,0.370806,0.669070,-0.063699,0.274510,0.614687,-0.022509,0.304400,0.549882,-0.038893,0.319695,0.507132,-0.052750,0.331211,0.467779,-0.063431,0.243713,0.588047,-0.020499,0.266640,0.509637,-0.034778,0.278443,0.459537,-0.047697,0.285818,0.415813,-0.057421,0.210516,0.581933,-0.022279,0.221900,0.504739,-0.037840,0.228426,0.456912,-0.049229,0.234457,0.413922,-0.056923,0.175183,0.592541,-0.027026,0.171738,0.529846,-0.042989,0.170008,0.488106,-0.051181,0.170558,0.448345,-0.055966
5620,0,0.037174,0.037193,0.039476,0.539893,0.231032,0.177823,0.777724,0.000000,0.238214,0.775962,-0.029665,0.293104,0.741104,-0.042516,0.334012,0.699799,-0.053011,0.371155,0.669136,-0.062510,0.274712,0.614607,-0.021143,0.304639,0.549951,-0.037230,0.319976,0.507376,-0.050981,0.331422,0.468137,-0.061590,0.243992,0.588054,-0.019276,0.266728,0.510018,-0.033304,0.278398,0.459806,-0.046308,0.285887,0.416045,-0.056113,0.210935,0.581894,-0.021181,0.222018,0.505383,-0.036502,0.228852,0.457730,-0.047916,0.234893,0.415000,-0.055654,0.175582,0.592180,-0.026084,0.172215,0.529888,-0.041788,0.170625,0.488230,-0.049946,0.171265,0.448698,-0.054696
5654,0,0.036511,0.028639,0.050428,0.574902,0.249271,0.178281,0.778520,0.000000,0.237880,0.777493,-0.029648,0.292884,0.742477,-0.042605,0.333975,0.700842,-0.053132,0.371080,0.670424,-0.062740,0.275255,0.615855,-0.021915,0.305347,0.551005,-0.038146,0.320583,0.508128,-0.051907,0.331874,0.468723,-0.062549,0.244365,0.589112,-0.020116,0.267227,0.510659,-0.034337,0.278728,0.460362,-0.047352,0.285947,0.416396,-0.057151,0.211224,0.582816,-0.022049,0.222439,0.505861,-0.037437,0.229130,0.458038,-0.048845,0.234965,0.414914,-0.056616,0.175658,0.592880,-0.026949,0.172359,0.530070,-0.042605,0.170657,0.488512,-0.050759,0.171396,0.448857,-0.055505
5687,0,0.015875,0.021915,0.049935,0.584012,0.246419,0.177873,0.778407,0.000000,0.238048,0.777014,-0.030009,0.293204,0.742430,-0.043127,0.334166,0.701225,-0.053736,0.371232,0.670217,-0.063426,0.275036,0.615748,-0.022100,0.305102,0.551018,-0.038416,0.320495,0.508483,-0.052281,0.332046,0.469125,-0.062966,0.244191,0.589199,-0.020165,0.267136,0.510927,-0.034432,0.278846,0.460819,-0.047570,0.286323,0.416897,-0.057451,0.211091,0.583109,-0.022004,0.222160,0.506192,-0.037535,0.228947,0.458488,-0.049063,0.234955,0.415265,-0.056877,0.175563,0.593387,-0.026811,0.172329,0.530759,-0.042744,0.170793,0.488917,-0.051055,0.171533,0.448875,-0.055919
5719,0,0.018169,0.015291,0.043958,0.585911,0.238594,0.177940,0.778594,0.000000,0.237864,0.777572,-0.029971,0.293034,0.743140,-0.042986,0.333964,0.701476,-0.053474,0.371049,0.670576,-0.063043,0.275100,0.616344,-0.021914,0.305288,0.551578,-0.038086,0.320482,0.509038,-0.051866,0.332080,0.469732,-0.062469,0.244362,0.589590,-0.019943,0.267510,0.511490,-0.034048,0.279334,0.461293,-0.047082,0.286971,0.417121,-0.056919,0.211233,0.583206,-0.021761,0.222510,0.506432,-0.037225,0.228999,0.458636,-0.048804,0.234951,0.415384,-0.056651,0.175765,0.593245,-0.026565,0.172288,0.530619,-0.042412,0.170431,0.489100,-0.050718,0.171008,0.449309,-0.055579
5753,0,0.024238,0.031507,0.047131,0.601465,0.249902,0.178378,0.778655,0.000000,0.238042,0.777192,-0.030165,0.292874,0.742994,-0.043497,0.333647,0.701840,-0.054285,0.370782,0.670850,-0.064155,0.274864,0.616328,-0.022494,0.304689,0.551569,-0.038906,0.320147,0.509137,-0.052831,0.331951,0.469715,-0.063504,0.244218,0.589775,-0.020543,0.267125,0.511751,-0.034832,0.278998,0.461522,-0.047896,0.286618,0.417494,-0.057766,0.211169,0.583576,-0.022360,0.222375,0.506789,-0.037892,0.228916,0.458954,-0.049426,0.234943,0.415586,-0.057269,0.175773,0.593789,-0.027200,0.172226,0.531126,-0.043076,0.170394,0.489629,-0.051339,0.170885,0.449791,-0.056197
5785,0,0.013272,0.012478,0.043964,0.605628,0.253558,0.178197,0.778685,0.000000,0.237956,0.777474,-0.030462,0.292587,0.743115,-0.043938,0.333395,0.702015,-0.054855,0.370259,0.670499,-0.064857,0.275073,0.616559,-0.022694,0.304620,0.551594,-0.039280,0.319859,0.509044,-0.053366,0.331348,0.469444,-0.064169,0.244260,0.589906,-0.020652,0.267035,0.511659,-0.035062,0.278847,0.461631,-0.048289,0.286410,0.417481,-0.058291,0.211210,0.583646,-0.022408,0.222318,0.507045,-0.038040,0.228866,0.459282,-0.049664,0.234802,0.415907,-0.057565,0.175636,0.593632,-0.027218,0.172218,0.531110,-0.043174,0.170343,0.489564,-0.051534,0.170734,0.449627,-0.056458
5818,0,0.017591,0.026446,0.059135,0.593322,0.258401,0.178281,0.779244,0.000000,0.237846,0.777671,-0.030554,0.292657,0.743132,-0.043960,0.333152,0.701681,-0.054769,0.370193,0.670672,-0.064622,0.274968,0.615894,-0.022457,0.304844,0.551472,-0.038842,0.319986,0.509014,-0.052821,0.331455,0.469642,-0.063591,0.244234,0.589372,-0.020300,0.266916,0.511728,-0.034565,0.278502,0.461783,-0.047665,0.285666,0.417787,-0.057595,0.210959,0.583253,-0.021999,0.222287,0.506710,-0.037525,0.228798,0.459232,-0.049116,0.234418,0.416151,-0.056946,0.175522,0.593445,-0.026735,0.171917,0.531073,-0.042700,0.169986,0.489431,-0.051102,0.170214,0.449517,-0.055991
5850,0,0.016255,0.019176,0.054892,0.596661,0.246190,0.178266,0.779018,0.000000,0.237794,0.777469,-0.030343,0.292595,0.743369,-0.043707,0.333371,0.702259,-0.054567,0.370157,0.670906,-0.064394,0.274789,0.616563,-0.022198,0.304478,0.551711,-0.038640,0.319640,0.509204,-0.052693,0.331134,0.469802,-0.063438,0.244002,0.590000,-0.020152,0.266671,0.511718,-0.034453,0.278547,0.461283,-0.047608,0.286344,0.417033,-0.057550,0.210887,0.583799,-0.021968,0.221982,0.507261,-0.037474,0.228816,0.459610,-0.049022,0.235127,0.416500,-0.056861,0.175538,0.593869,-0.026786,0.172209,0.531534,-0.042675,0.170499,0.489877,-0.051011,0.170954,0.449941,-0.055829
5883,0,0.019814,0.022422,0.052464,0.613140,0.259456,0.178502,0.779672,0.000000,0.238062,0.777529,-0.029888,0.292601,0.743388,-0.043237,0.333849,0.702499,-0.054199,0.370833,0.671360,-0.064245,0.275112,0.616846,-0.022249,0.304807,0.552099,-0.038883,0.319782,0.509443,-0.053054,0.331228,0.469882,-0.063901,0.244539,0.590202,-0.020530,0.267333,0.511738,-0.034911,0.279090,0.461378,-0.048088,0.286573,0.416978,-0.058057,0.211465,0.583973,-0.022574,0.222697,0.507239,-0.038024,0.229306,0.459584,-0.049463,0.235167,0.416325,-0.057179,0.175877,0.594002,-0.027615,0.172479,0.531665,-0.043276,0.170796,0.490053,-0.051335,0.171277,0.450345,-0.055995
5914,0,0.023173,0.025338,0.066255,0.607767,0.242589,0.179019,0.779058,0.000000,0.238535,0.777548,-0.030048,0.293136,0.743651,-0.043319,0.333801,0.702410,-0.054120,0.370744,0.671658,-0.063925,0.275598,0.616526,-0.022004,0.305351,0.551771,-0.038436,0.320393,0.509374,-0.052435,0.331810,0.469934,-0.063197,0.244788,0.589862,-0.020070,0.267582,0.511859,-0.034337,0.279042,0.461598,-0.047532,0.286474,0.417339,-0.057491,0.211789,0.583511,-0.021947,0.222988,0.507234,-0.037363,0.229668,0.459743,-0.048834,0.235624,0.416587,-0.056648,0.176319,0.593679,-0.026811,0.172773,0.531061,-0.042515,0.171000,0.489628,-0.050635,0.171611,0.449880,-0.055384
5981,0,0.014647,0.014184,0.031922,0.614472,0.235314,0.178982,0.779178,0.000000,0.238547,0.777400,-0.029754,0.293306,0.743398,-0.042931,0.334113,0.702231,-0.053664,0.370992,0.671387,-0.063480,0.275486,0.616648,-0.021790,0.305343,0.551824,-0.038176,0.320377,0.509385,-0.052136,0.331718,0.470119,-0.062831,0.244809,0.590300,-0.020033,0.267661,0.512053,-0.034261,0.279476,0.461910,-0.047438,0.286945,0.417547,-0.057407,0.211794,0.584287,-0.022039,0.223194,0.507840,-0.037393,0.229907,0.459891,-0.048890,0.235931,0.416555,-0.056758,0.176426,0.594455,-0.027004,0.172918,0.532049,-0.042664,0.171235,0.490438,-0.050800,0.171821,0.450435,-0.055574