t,missing,delta_l1,delta_l1_wrist,delta_angles,delta_base_l1,delta_base_l1_wrist,x0,y0,z0,x1,y1,z1,x2,y2,z2,x3,y3,z3,x4,y4,z4,x5,y5,z5,x6,y6,z6,x7,y7,z7,x8,y8,z8,x9,y9,z9,x10,y10,z10,x11,y11,z11,x12,y12,z12,x13,y13,z13,x14,y14,z14,x15,y15,z15,x16,y16,z16,x17,y17,z17,x18,y18,z18,x19,y19,z19,x20,y20,z20
46,0,,,,0.000000,0.000000,0.128360,0.816480,0.000000,0.197768,0.799321,-0.032876,0.262970,0.746178,-0.044480,0.305270,0.684901,-0.053475,0.327842,0.626242,-0.061165,0.230375,0.607199,-0.015640,0.251219,0.521941,-0.032269,0.255619,0.468602,-0.048482,0.255816,0.419952,-0.060491,0.190952,0.584448,-0.012930,0.203779,0.487095,-0.026715,0.205526,0.426122,-0.042951,0.202963,0.374692,-0.055139,0.151019,0.582499,-0.014830,0.158544,0.492160,-0.029346,0.160958,0.436010,-0.041804,0.161489,0.386706,-0.050461,0.109221,0.596807,-0.020283,0.110629,0.524530,-0.034495,0.110005,0.478033,-0.041377,0.109790,0.435619,-0.045177
78,0,0.028084,0.039688,0.064366,0.028084,0.039688,0.127478,0.816212,0.000000,0.197295,0.799289,-0.033640,0.263052,0.746445,-0.045401,0.305369,0.685193,-0.054418,0.327197,0.625970,-0.062198,0.229895,0.607974,-0.015808,0.250899,0.522796,-0.032516,0.255389,0.469190,-0.048931,0.256020,0.420133,-0.061164,0.190665,0.585089,-0.012817,0.203335,0.487859,-0.026849,0.205421,0.426841,-0.043512,0.203537,0.375224,-0.056127,0.150918,0.583005,-0.014526,0.157965,0.492834,-0.029345,0.160556,0.436663,-0.042253,0.161311,0.387156,-0.051315,0.109571,0.597309,-0.019845,0.110379,0.525343,-0.034450,0.109751,0.478633,-0.041825,0.109715,0.435894,-0.046053
110,0,0.021063,0.033273,0.059892,0.030036,0.027303,0.128310,0.816788,0.000000,0.197906,0.799037,-0.033176,0.262966,0.745948,-0.044907,0.304841,0.684827,-0.053969,0.327077,0.626012,-0.061820,0.230245,0.607987,-0.015724,0.250652,0.523347,-0.032368,0.255417,0.470056,-0.048765,0.256073,0.421058,-0.061057,0.190952,0.585222,-0.013021,0.203691,0.487994,-0.027074,0.205786,0.427253,-0.043651,0.203723,0.375374,-0.056212,0.151126,0.583025,-0.014973,0.158636,0.493006,-0.029856,0.161135,0.436856,-0.042731,0.161647,0.387276,-0.051681,0.109466,0.597278,-0.020480,0.110524,0.524890,-0.035127,0.109763,0.477946,-0.042440,0.109397,0.435079,-0.046612
142,0,0.027858,0.030845,0.033993,0.040468,0.043143,0.128643,0.816298,0.000000,0.197910,0.798855,-0.032932,0.263048,0.745908,-0.044672,0.304961,0.685033,-0.053831,0.327057,0.626067,-0.061778,0.230805,0.607610,-0.016275,0.250916,0.522562,-0.033223,0.255247,0.469166,-0.049700,0.255672,0.420487,-0.061867,0.191322,0.585374,-0.013727,0.203590,0.487700,-0.027948,0.205279,0.426680,-0.044537,0.202866,0.374975,-0.057019,0.151276,0.583479,-0.015770,0.158649,0.492996,-0.030664,0.161024,0.436701,-0.043415,0.161723,0.387034,-0.052304,0.109757,0.598007,-0.021337,0.110873,0.525478,-0.035917,0.110324,0.478668,-0.043078,0.110314,0.436002,-0.047096
174,0,0.019987,0.029818,0.053286,0.034561,0.050522,0.128289,0.815472,0.000000,0.197992,0.797980,-0.033274,0.263531,0.745806,-0.045135,0.305490,0.684878,-0.054306,0.326796,0.625613,-0.062288,0.230756,0.607296,-0.016211,0.251226,0.522328,-0.033027,0.255566,0.469090,-0.049508,0.256262,0.420176,-0.061750,0.191251,0.584788,-0.013476,0.203662,0.487491,-0.027579,0.205480,0.426790,-0.044194,0.203243,0.375209,-0.056772,0.151253,0.582842,-0.015348,0.158721,0.492901,-0.030113,0.161110,0.436765,-0.042893,0.161686,0.387180,-0.051839,0.109553,0.596986,-0.020808,0.110941,0.524856,-0.035247,0.110463,0.478526,-0.042355,0.110251,0.436202,-0.046369
207,0,0.045633,0.063647,0.062372,0.034924,0.025654,0.129357,0.816571,0.000000,0.198562,0.798661,-0.032629,0.263591,0.745251,-0.044072,0.305370,0.684197,-0.052985,0.327276,0.625328,-0.060554,0.230998,0.607607,-0.015049,0.251619,0.522619,-0.031419,0.256242,0.469256,-0.047610,0.256716,0.420361,-0.059659,0.191759,0.584910,-0.012451,0.204215,0.487520,-0.026089,0.206221,0.426541,-0.042437,0.203904,0.375041,-0.054777,0.151863,0.582682,-0.014444,0.159237,0.492559,-0.028777,0.161732,0.436409,-0.041340,0.162331,0.387066,-0.050163,0.110328,0.596765,-0.019976,0.111503,0.524773,-0.034039,0.110825,0.478366,-0.040937,0.110610,0.436060,-0.044833
240,0,0.034400,0.038429,0.051962,0.039789,0.031279,0.129518,0.815997,0.000000,0.198906,0.798473,-0.032778,0.264428,0.746008,-0.044429,0.305954,0.685087,-0.053567,0.327762,0.625758,-0.061469,0.231344,0.607435,-0.015502,0.251811,0.522355,-0.032194,0.256054,0.469035,-0.048583,0.256497,0.420081,-0.060751,0.192151,0.585232,-0.012988,0.204439,0.487589,-0.026985,0.206217,0.426536,-0.043599,0.203817,0.374561,-0.056081,0.152098,0.583420,-0.015075,0.159600,0.492620,-0.029814,0.162278,0.436087,-0.042611,0.163017,0.386054,-0.051546,0.110373,0.597725,-0.020666,0.111907,0.525025,-0.035090,0.111658,0.478590,-0.042139,0.111634,0.436345,-0.046068
272,0,0.022780,0.035145,0.037384,0.042802,0.044688,0.129014,0.815505,0.000000,0.199114,0.798611,-0.033368,0.264703,0.746073,-0.045022,0.306403,0.684845,-0.054008,0.328099,0.625195,-0.061807,0.231588,0.607700,-0.015676,0.252206,0.522654,-0.032226,0.256604,0.469173,-0.048540,0.257041,0.420063,-0.060731,0.192416,0.585177,-0.012785,0.204843,0.487746,-0.026645,0.206717,0.426808,-0.043229,0.204516,0.375076,-0.055801,0.152673,0.582960,-0.014555,0.159842,0.492931,-0.029178,0.162313,0.436464,-0.042019,0.163059,0.386793,-0.051005,0.111048,0.596938,-0.019922,0.112029,0.524860,-0.034354,0.111453,0.478309,-0.041593,0.111261,0.435616,-0.045739
303,0,0.023928,0.045194,0.063658,0.052192,0.027969,0.130654,0.816487,0.000000,0.199750,0.798753,-0.032736,0.264774,0.745934,-0.044357,0.306398,0.684900,-0.053425,0.328415,0.626115,-0.061262,0.231783,0.607862,-0.015349,0.252651,0.523204,-0.031952,0.257302,0.470133,-0.048275,0.257956,0.421493,-0.060456,0.192594,0.585032,-0.012774,0.205189,0.487879,-0.026645,0.207422,0.427072,-0.043058,0.205291,0.375816,-0.055441,0.152658,0.582844,-0.014789,0.159938,0.492626,-0.029332,0.162652,0.436649,-0.041916,0.163565,0.387629,-0.050694,0.111001,0.597139,-0.020354,0.112300,0.524949,-0.034572,0.111947,0.478255,-0.041580,0.112066,0.435877,-0.045544
334,0,0.035998,0.054204,0.046150,0.064433,0.048621,0.129442,0.816062,0.000000,0.199137,0.798985,-0.032705,0.264573,0.746052,-0.044362,0.306304,0.684876,-0.053395,0.328473,0.626016,-0.061241,0.232038,0.607933,-0.016050,0.252520,0.522810,-0.032952,0.257087,0.469150,-0.049316,0.257633,0.420155,-0.061465,0.192697,0.585386,-0.013629,0.205041,0.487563,-0.027863,0.206901,0.426483,-0.044362,0.204396,0.374685,-0.056713,0.152801,0.583333,-0.015759,0.160413,0.492781,-0.030598,0.163155,0.436302,-0.043218,0.163946,0.386408,-0.052006,0.111162,0.597737,-0.021396,0.112778,0.525241,-0.035799,0.112687,0.478583,-0.042748,0.112828,0.436109,-0.046626
365,0,0.034220,0.035535,0.055965,0.063906,0.050149,0.129758,0.815156,0.000000,0.200037,0.797817,-0.033198,0.265299,0.745294,-0.044862,0.306724,0.683773,-0.053924,0.329048,0.624804,-0.061730,0.231792,0.607679,-0.015657,0.252622,0.522837,-0.032458,0.257335,0.469306,-0.048855,0.258366,0.420173,-0.061102,0.192698,0.584758,-0.012842,0.205447,0.487724,-0.027074,0.207791,0.426782,-0.043786,0.205945,0.374789,-0.056392,0.153008,0.582583,-0.014648,0.160524,0.492752,-0.029676,0.163084,0.436515,-0.042529,0.163821,0.387338,-0.051457,0.111574,0.596497,-0.020009,0.112526,0.524648,-0.034678,0.112149,0.478084,-0.041924,0.112180,0.435810,-0.046029
396,0,0.015430,0.019344,0.061687,0.060243,0.039313,0.129865,0.815780,0.000000,0.199435,0.798535,-0.033130,0.264304,0.745560,-0.044852,0.306198,0.684049,-0.053912,0.328409,0.625204,-0.061697,0.231954,0.607944,-0.015961,0.252617,0.522875,-0.032526,0.257588,0.469436,-0.048767,0.258413,0.420459,-0.060847,0.192946,0.585147,-0.013187,0.205674,0.487999,-0.027157,0.207713,0.426997,-0.043622,0.205239,0.375061,-0.056059,0.153193,0.582550,-0.015010,0.160793,0.492840,-0.029573,0.163295,0.436751,-0.042190,0.163952,0.387283,-0.051048,0.111432,0.596472,-0.020401,0.112937,0.524513,-0.034629,0.112385,0.478010,-0.041631,0.112294,0.435605,-0.045613
443,0,0.027191,0.030647,0.056472,0.075713,0.047985,0.130408,0.815805,0.000000,0.199887,0.798049,-0.032697,0.264998,0.745507,-0.044454,0.306420,0.684689,-0.053658,0.328655,0.625779,-0.061631,0.232292,0.607782,-0.016113,0.252794,0.522731,-0.033033,0.257318,0.469212,-0.049403,0.258144,0.420180,-0.061586,0.193191,0.585139,-0.013672,0.205714,0.487571,-0.027927,0.207547,0.426703,-0.044499,0.205339,0.374842,-0.056973,0.153244,0.583077,-0.015766,0.160684,0.492775,-0.030659,0.163189,0.436624,-0.043379,0.163896,0.386921,-0.052225,0.111790,0.597393,-0.021354,0.112943,0.524975,-0.035877,0.112592,0.478520,-0.042976,0.112802,0.435809,-0.046940
476,0,0.038328,0.038854,0.044224,0.072371,0.041187,0.130416,0.815564,0.000000,0.200627,0.798406,-0.033323,0.265816,0.745333,-0.045088,0.307292,0.684029,-0.054231,0.329571,0.624675,-0.062119,0.232571,0.607210,-0.015429,0.253020,0.522486,-0.031911,0.257518,0.469347,-0.048225,0.258236,0.420461,-0.060461,0.193552,0.584701,-0.012561,0.205768,0.487760,-0.026421,0.207713,0.426736,-0.043116,0.205467,0.374756,-0.055755,0.153712,0.582789,-0.014353,0.160899,0.492950,-0.028998,0.163498,0.436734,-0.041884,0.164231,0.387244,-0.050959,0.112297,0.597023,-0.019720,0.113601,0.525080,-0.034107,0.113077,0.478742,-0.041368,0.112868,0.436229,-0.045536
512,0,0.023029,0.021700,0.040955,0.079206,0.041782,0.130841,0.815530,0.000000,0.200618,0.798766,-0.033171,0.265523,0.745762,-0.044787,0.307172,0.684083,-0.053718,0.329713,0.625160,-0.061418,0.232702,0.608048,-0.015645,0.253461,0.523178,-0.032186,0.258385,0.469888,-0.048436,0.259210,0.420883,-0.060567,0.193672,0.585238,-0.012803,0.206492,0.488282,-0.026680,0.208507,0.427336,-0.043109,0.206385,0.375749,-0.055509,0.153982,0.582886,-0.014605,0.161502,0.492880,-0.029299,0.164114,0.436916,-0.042012,0.164746,0.387510,-0.050943,0.112332,0.596882,-0.019976,0.113686,0.524604,-0.034469,0.113183,0.477896,-0.041676,0.113008,0.435222,-0.045795
545,0,0.016331,0.029063,0.061680,0.080007,0.063775,0.130147,0.814942,0.000000,0.199841,0.798141,-0.032755,0.265358,0.745899,-0.044292,0.307689,0.684831,-0.053257,0.329693,0.625509,-0.061083,0.232878,0.608135,-0.015282,0.253492,0.523095,-0.031771,0.258228,0.469882,-0.048026,0.259056,0.420840,-0.060144,0.193746,0.585315,-0.012711,0.206424,0.488208,-0.026606,0.208326,0.427081,-0.043196,0.206282,0.375194,-0.055762,0.153964,0.582930,-0.014745,0.161535,0.492658,-0.029379,0.164219,0.436395,-0.042235,0.165012,0.386929,-0.051245,0.112330,0.596520,-0.020301,0.113902,0.524240,-0.034700,0.113496,0.477437,-0.041877,0.113453,0.435088,-0.045969
578,0,0.037961,0.051790,0.061963,0.101778,0.054816,0.130775,0.815828,0.000000,0.200642,0.798365,-0.032750,0.265797,0.745127,-0.043987,0.307784,0.684123,-0.052721,0.329940,0.625175,-0.060183,0.232318,0.607307,-0.014264,0.253398,0.522967,-0.030427,0.258462,0.469898,-0.046600,0.259447,0.420992,-0.058753,0.193789,0.584694,-0.011550,0.206667,0.488289,-0.025177,0.208878,0.427472,-0.041663,0.206870,0.375638,-0.054196,0.154267,0.582361,-0.013538,0.161966,0.492929,-0.028215,0.164355,0.436887,-0.041083,0.164772,0.387289,-0.050085,0.112835,0.595977,-0.019045,0.114105,0.523890,-0.033621,0.113422,0.477101,-0.040993,0.113036,0.434128,-0.045215
611,0,0.047318,0.058861,0.052810,0.085134,0.029055,0.131615,0.815999,0.000000,0.200675,0.798351,-0.033039,0.265900,0.744999,-0.044791,0.307827,0.684221,-0.053902,0.330092,0.624940,-0.061781,0.233204,0.607466,-0.015994,0.253878,0.522551,-0.032614,0.258589,0.469271,-0.048798,0.259424,0.420595,-0.060886,0.194098,0.584904,-0.013308,0.206650,0.487426,-0.027242,0.208629,0.426381,-0.043605,0.206185,0.374661,-0.055916,0.154218,0.582736,-0.015233,0.161880,0.492417,-0.029861,0.164426,0.435930,-0.042486,0.165167,0.386495,-0.051305,0.112663,0.597055,-0.020694,0.113792,0.524490,-0.035076,0.113174,0.477745,-0.042127,0.113023,0.435101,-0.046112
643,0,0.019578,0.029063,0.061829,0.090498,0.039296,0.131194,0.815547,0.000000,0.201156,0.798044,-0.033234,0.266843,0.745012,-0.044828,0.308738,0.683991,-0.053775,0.330348,0.624448,-0.061534,0.233438,0.607136,-0.015507,0.254033,0.522426,-0.032090,0.258632,0.469125,-0.048438,0.259481,0.420000,-0.060682,0.194171,0.584837,-0.012749,0.206473,0.487502,-0.026753,0.208505,0.426316,-0.043482,0.206517,0.374170,-0.056152,0.154166,0.582972,-0.014644,0.161765,0.492710,-0.029489,0.164534,0.436065,-0.042428,0.165495,0.385976,-0.051488,0.112660,0.597089,-0.020115,0.114285,0.524899,-0.034759,0.114189,0.478369,-0.042092,0.114397,0.435454,-0.046285
674,0,0.043220,0.031433,0.069964,0.115835,0.046194,0.131964,0.816091,0.000000,0.202210,0.798257,-0.033370,0.267032,0.745531,-0.045061,0.308411,0.683652,-0.054198,0.331090,0.624139,-0.062081,0.233680,0.607739,-0.014692,0.254769,0.523181,-0.031108,0.259514,0.469879,-0.047390,0.260295,0.420934,-0.059573,0.194702,0.585191,-0.011825,0.207573,0.488413,-0.025733,0.209723,0.427405,-0.042395,0.207628,0.375610,-0.055004,0.155072,0.583112,-0.013717,0.162692,0.493113,-0.028600,0.165433,0.436577,-0.041500,0.166144,0.386782,-0.050480,0.113452,0.596969,-0.019171,0.114727,0.524826,-0.033863,0.114523,0.478044,-0.041164,0.114716,0.435331,-0.045307
707,0,0.026177,0.031877,0.073131,0.112182,0.030781,0.132666,0.816193,0.000000,0.202088,0.798264,-0.032526,0.267291,0.744859,-0.043897,0.309243,0.683868,-0.052739,0.331382,0.624926,-0.060395,0.234300,0.607640,-0.015188,0.255071,0.522772,-0.031541,0.259893,0.469552,-0.047636,0.260682,0.420965,-0.059634,0.194949,0.585400,-0.012715,0.207643,0.487796,-0.026459,0.209704,0.426903,-0.042823,0.207481,0.375406,-0.055157,0.155017,0.583443,-0.014819,0.162873,0.492822,-0.029302,0.165603,0.436129,-0.041972,0.166531,0.386489,-0.050814,0.113382,0.597549,-0.020426,0.114797,0.524934,-0.034697,0.114411,0.478108,-0.041726,0.114608,0.435237,-0.045710
741,0,0.034005,0.043204,0.044094,0.115318,0.050872,0.132021,0.815633,0.000000,0.201975,0.798527,-0.033373,0.267512,0.745848,-0.045185,0.309147,0.684526,-0.054284,0.330827,0.624645,-0.062218,0.234063,0.607034,-0.016048,0.254622,0.522359,-0.032768,0.259448,0.469305,-0.049174,0.260392,0.420362,-0.061456,0.194810,0.584768,-0.013302,0.207530,0.487496,-0.027321,0.209714,0.426833,-0.043952,0.207747,0.375141,-0.056481,0.154776,0.583104,-0.015196,0.162664,0.492839,-0.029989,0.165525,0.436379,-0.042809,0.166740,0.386448,-0.051774,0.113149,0.597774,-0.020676,0.114784,0.525229,-0.035188,0.114809,0.478790,-0.042338,0.115340,0.436063,-0.046395
774,0,0.037110,0.038434,0.038963,0.114502,0.048984,0.131926,0.815749,0.000000,0.202370,0.798284,-0.033346,0.267992,0.745820,-0.044887,0.309561,0.684147,-0.053739,0.330538,0.623945,-0.061359,0.233994,0.608154,-0.015239,0.255070,0.523330,-0.031733,0.259930,0.469963,-0.047957,0.260802,0.421053,-0.060059,0.194936,0.585228,-0.012281,0.207828,0.488010,-0.026152,0.210060,0.427027,-0.042736,0.208051,0.375269,-0.055218,0.155109,0.582720,-0.013995,0.162704,0.492472,-0.028730,0.165640,0.436118,-0.041593,0.166711,0.386490,-0.050512,0.113611,0.596717,-0.019295,0.114956,0.524593,-0.033817,0.114728,0.477995,-0.041033,0.115152,0.435388,-0.045134
808,0,0.016648,0.017487,0.046333,0.099652,0.034089,0.131904,0.815901,0.000000,0.202089,0.798888,-0.033101,0.267662,0.745747,-0.044634,0.308741,0.683937,-0.053436,0.330213,0.624442,-0.061005,0.233865,0.607495,-0.015520,0.255029,0.522770,-0.032115,0.259925,0.469538,-0.048330,0.260829,0.420751,-0.060378,0.194626,0.584793,-0.012676,0.207591,0.487240,-0.026516,0.209844,0.426480,-0.042843,0.207849,0.374931,-0.055093,0.154728,0.582560,-0.014490,0.162694,0.492520,-0.029092,0.165536,0.436232,-0.041656,0.166372,0.386595,-0.050435,0.113140,0.596819,-0.019865,0.114822,0.524665,-0.034198,0.114650,0.478096,-0.041185,0.114855,0.435384,-0.045127
842,0,0.033021,0.043639,0.049779,0.117820,0.063799,0.131908,0.814842,0.000000,0.201826,0.797385,-0.033201,0.267437,0.745139,-0.044919,0.309000,0.683508,-0.054011,0.330525,0.623451,-0.061912,0.233689,0.607038,-0.015950,0.254614,0.522591,-0.032774,0.259384,0.469399,-0.049207,0.260211,0.420494,-0.061419,0.194540,0.584709,-0.013278,0.207410,0.487315,-0.027454,0.209704,0.426472,-0.044133,0.207939,0.374760,-0.056704,0.154899,0.582966,-0.015231,0.162367,0.492918,-0.030193,0.165308,0.436375,-0.043011,0.166678,0.386615,-0.051945,0.113506,0.597512,-0.020742,0.114871,0.525084,-0.035423,0.114856,0.478113,-0.042652,0.115226,0.435007,-0.046782
876,0,0.021180,0.021877,0.048641,0.111763,0.053837,0.131870,0.814986,0.000000,0.202301,0.797249,-0.033088,0.267566,0.744795,-0.044743,0.308456,0.683355,-0.053781,0.330548,0.623624,-0.061611,0.233455,0.607629,-0.015526,0.254718,0.522855,-0.032260,0.259753,0.469560,-0.048546,0.261013,0.420509,-0.060672,0.194424,0.584890,-0.012797,0.207522,0.487736,-0.026980,0.210121,0.426724,-0.043602,0.208373,0.374761,-0.056063,0.154886,0.582666,-0.014709,0.162509,0.492579,-0.029754,0.165490,0.436234,-0.042596,0.166582,0.386692,-0.051455,0.113586,0.596672,-0.020146,0.114810,0.524394,-0.034922,0.114502,0.477418,-0.042171,0.114524,0.434473,-0.046220
908,0,0.028764,0.041843,0.039501,0.119238,0.040797,0.132914,0.816070,0.000000,0.202631,0.797975,-0.032399,0.267408,0.744892,-0.043713,0.308744,0.683906,-0.052500,0.331095,0.625355,-0.060192,0.234094,0.607612,-0.015137,0.254952,0.523097,-0.031572,0.259785,0.469941,-0.047760,0.260712,0.420962,-0.059834,0.195112,0.585330,-0.012790,0.207687,0.487777,-0.026697,0.209705,0.426620,-0.043132,0.207465,0.374756,-0.055497,0.155361,0.583419,-0.015003,0.162784,0.492886,-0.029805,0.165637,0.436414,-0.042550,0.166763,0.386719,-0.051338,0.113720,0.597665,-0.020694,0.115021,0.525067,-0.035306,0.114950,0.478037,-0.042439,0.115394,0.434922,-0.046463
939,0,0.027579,0.065070,0.063749,0.119028,0.072160,0.131413,0.815093,0.000000,0.201727,0.798139,-0.033243,0.267745,0.745699,-0.044825,0.309430,0.684019,-0.053763,0.331023,0.624331,-0.061469,0.234006,0.607882,-0.015804,0.255105,0.523319,-0.032504,0.259844,0.469954,-0.048835,0.260656,0.420880,-0.060976,0.194863,0.585299,-0.013026,0.207718,0.487955,-0.027173,0.209947,0.427053,-0.043817,0.208009,0.375210,-0.056361,0.154997,0.583128,-0.014863,0.162976,0.492971,-0.029816,0.165774,0.436113,-0.042697,0.166698,0.386075,-0.051657,0.113595,0.597105,-0.020251,0.115435,0.525121,-0.034946,0.115422,0.478494,-0.042137,0.115499,0.435983,-0.046191
971,0,0.055658,0.065361,0.051982,0.146186,0.061799,0.133206,0.815338,0.000000,0.203478,0.797102,-0.032722,0.268633,0.744908,-0.044174,0.309715,0.683721,-0.053098,0.330876,0.623775,-0.060792,0.234478,0.607730,-0.014348,0.255646,0.523323,-0.030620,0.260755,0.470428,-0.046836,0.262101,0.421663,-0.059003,0.195431,0.585126,-0.011653,0.208293,0.488406,-0.025341,0.210749,0.427556,-0.041960,0.209231,0.375931,-0.054530,0.155775,0.582603,-0.013621,0.163508,0.492694,-0.028204,0.166331,0.436513,-0.040998,0.167426,0.387011,-0.049967,0.114305,0.596297,-0.019101,0.115465,0.524300,-0.033483,0.115144,0.477657,-0.040573,0.115391,0.434968,-0.044599
1004,0,0.041648,0.056977,0.059280,0.128251,0.068130,0.132302,0.814652,0.000000,0.202124,0.797718,-0.033131,0.267790,0.745053,-0.044674,0.309649,0.683768,-0.053537,0.331214,0.624310,-0.061262,0.234769,0.607494,-0.015751,0.255910,0.523065,-0.032194,0.260892,0.470197,-0.048313,0.261714,0.421378,-0.060414,0.195591,0.585048,-0.013027,0.208391,0.487804,-0.026925,0.210415,0.426889,-0.043424,0.208095,0.375111,-0.055859,0.155995,0.582897,-0.014914,0.163980,0.492631,-0.029671,0.166737,0.436236,-0.042441,0.167537,0.386392,-0.051349,0.114356,0.596998,-0.020328,0.115922,0.524492,-0.034918,0.115743,0.477924,-0.042084,0.115883,0.435165,-0.046125
1035,0,0.022356,0.024566,0.062674,0.131041,0.063247,0.132406,0.814867,0.000000,0.202499,0.796987,-0.033223,0.268211,0.744743,-0.044908,0.310093,0.683834,-0.053935,0.331005,0.623635,-0.061844,0.234323,0.606830,-0.015271,0.255221,0.522799,-0.031927,0.260450,0.470026,-0.048528,0.261947,0.421292,-0.060906,0.195315,0.584261,-0.012568,0.208282,0.487709,-0.026498,0.210943,0.427237,-0.043300,0.209444,0.375578,-0.056035,0.155417,0.582220,-0.014534,0.163479,0.492786,-0.029291,0.166424,0.436732,-0.042160,0.167293,0.386971,-0.051209,0.113709,0.596380,-0.020064,0.115811,0.524327,-0.034608,0.115884,0.477935,-0.041780,0.116242,0.435147,-0.045891
1067,0,0.045116,0.049949,0.046850,0.150965,0.065355,0.132873,0.815260,0.000000,0.203235,0.797129,-0.032668,0.268843,0.744496,-0.044004,0.310039,0.683053,-0.052725,0.331275,0.623141,-0.060238,0.234787,0.606788,-0.014288,0.255551,0.522223,-0.030343,0.260627,0.469382,-0.046419,0.261661,0.420648,-0.058494,0.195815,0.584474,-0.011638,0.208604,0.487421,-0.025110,0.211028,0.426553,-0.041590,0.209374,0.374862,-0.054066,0.156248,0.582418,-0.013617,0.163832,0.492559,-0.027972,0.166712,0.436089,-0.040673,0.167617,0.386172,-0.049594,0.114699,0.596272,-0.019118,0.116069,0.524099,-0.033316,0.115736,0.477538,-0.040293,0.115765,0.434615,-0.044250
1101,0,0.032262,0.031369,0.026815,0.137792,0.051163,0.133204,0.814771,0.000000,0.203317,0.796854,-0.032901,0.268674,0.744376,-0.044481,0.310166,0.683155,-0.053440,0.331396,0.623327,-0.061234,0.235169,0.606518,-0.015107,0.256198,0.522129,-0.031625,0.261340,0.469022,-0.048020,0.262409,0.420118,-0.060204,0.196135,0.584156,-0.012442,0.208910,0.487123,-0.026250,0.211272,0.426424,-0.042801,0.209439,0.374760,-0.055321,0.156503,0.582086,-0.014390,0.164247,0.492146,-0.029027,0.167040,0.435941,-0.041614,0.168123,0.386433,-0.050438,0.114833,0.596131,-0.019889,0.116183,0.524230,-0.034245,0.116260,0.477791,-0.041121,0.116666,0.435388,-0.044974
1133,0,0.020568,0.022108,0.043906,0.143939,0.057735,0.133241,0.814545,0.000000,0.203352,0.797081,-0.033241,0.268779,0.744293,-0.044903,0.310257,0.683117,-0.053902,0.331753,0.623462,-0.061692,0.235766,0.606524,-0.015680,0.256478,0.522236,-0.032390,0.261491,0.469094,-0.048798,0.262591,0.420128,-0.061110,0.196406,0.583786,-0.012961,0.209004,0.486925,-0.026996,0.211348,0.426350,-0.043582,0.209633,0.374871,-0.056095,0.156427,0.581932,-0.014897,0.163862,0.492092,-0.029727,0.166821,0.435896,-0.042441,0.168145,0.386125,-0.051305,0.114814,0.596383,-0.020403,0.116107,0.524490,-0.034987,0.116190,0.478077,-0.042105,0.116953,0.435261,-0.046112
1177,0,0.045355,0.069880,0.049490,0.159934,0.054947,0.134048,0.815924,0.000000,0.203798,0.797166,-0.032791,0.268731,0.744218,-0.044251,0.309774,0.682666,-0.053137,0.331421,0.622691,-0.060747,0.235593,0.607301,-0.014426,0.256529,0.522514,-0.030754,0.261320,0.469250,-0.046959,0.262439,0.420379,-0.059046,0.196390,0.584569,-0.011684,0.209124,0.487555,-0.025248,0.211597,0.426720,-0.041610,0.209953,0.375152,-0.053943,0.156516,0.582293,-0.013598,0.164030,0.492471,-0.027911,0.167065,0.436195,-0.040379,0.168358,0.386697,-0.049108,0.115177,0.596207,-0.019070,0.116551,0.524533,-0.033127,0.116541,0.478057,-0.039976,0.116907,0.435436,-0.043803
1208,0,0.036335,0.047133,0.062875,0.144413,0.047907,0.133323,0.815733,0.000000,0.203106,0.798084,-0.032479,0.268456,0.744860,-0.043799,0.310338,0.683635,-0.052630,0.332165,0.624223,-0.060296,0.235543,0.607777,-0.014917,0.256522,0.523098,-0.031381,0.261266,0.469701,-0.047609,0.261920,0.420621,-0.059713,0.196327,0.585359,-0.012496,0.209192,0.487955,-0.026248,0.211180,0.426795,-0.042700,0.208886,0.374543,-0.055096,0.156572,0.583251,-0.014659,0.164239,0.493087,-0.029117,0.167310,0.436326,-0.041669,0.168554,0.386210,-0.050433,0.115145,0.597235,-0.020364,0.116632,0.524830,-0.034519,0.116670,0.477995,-0.041333,0.117067,0.435410,-0.045166
1241,0,0.028387,0.035648,0.074373,0.154111,0.071139,0.133481,0.814751,0.000000,0.203739,0.796996,-0.033057,0.269033,0.744967,-0.044658,0.310571,0.683803,-0.053661,0.331089,0.623428,-0.061500,0.235450,0.607181,-0.014815,0.256358,0.522937,-0.031332,0.261466,0.470108,-0.047749,0.262705,0.421273,-0.060067,0.196485,0.584588,-0.012060,0.209283,0.487756,-0.025890,0.211666,0.427152,-0.042598,0.210141,0.375620,-0.055229,0.156721,0.582398,-0.013953,0.164165,0.492698,-0.028488,0.167294,0.436542,-0.041142,0.168574,0.387014,-0.050033,0.115127,0.596633,-0.019418,0.116666,0.524802,-0.033662,0.116778,0.478365,-0.040604,0.117333,0.435819,-0.044546
1275,0,0.017166,0.029508,0.050921,0.159419,0.060642,0.134053,0.815605,0.000000,0.204255,0.797532,-0.032938,0.269066,0.744638,-0.044357,0.310343,0.683121,-0.053184,0.331034,0.623192,-0.060782,0.235259,0.608232,-0.014860,0.256270,0.523640,-0.031285,0.261540,0.470303,-0.047553,0.262827,0.421399,-0.059709,0.196297,0.585444,-0.012067,0.209082,0.488226,-0.025899,0.211659,0.427042,-0.042458,0.210237,0.375268,-0.054883,0.156487,0.583193,-0.013899,0.163930,0.493090,-0.028447,0.166959,0.436301,-0.041050,0.168361,0.386437,-0.049832,0.115036,0.597217,-0.019285,0.116755,0.525435,-0.033609,0.116882,0.478499,-0.040603,0.117402,0.435623,-0.044514
1308,0,0.019882,0.030424,0.057932,0.158124,0.074868,0.133222,0.814953,0.000000,0.203322,0.797286,-0.032722,0.268697,0.744790,-0.044032,0.310605,0.683435,-0.052749,0.331121,0.623383,-0.060304,0.235541,0.607429,-0.014696,0.256658,0.523084,-0.030867,0.261672,0.470065,-0.046938,0.262580,0.421435,-0.058918,0.196637,0.584909,-0.012036,0.209453,0.487554,-0.025592,0.211565,0.426814,-0.042021,0.209438,0.375376,-0.054448,0.156678,0.582802,-0.014003,0.164439,0.492724,-0.028364,0.167385,0.436152,-0.041037,0.168455,0.386382,-0.049888,0.115039,0.596739,-0.019479,0.116644,0.524574,-0.033661,0.116667,0.478050,-0.040613,0.117260,0.435261,-0.044569
1339,0,0.020768,0.027160,0.049028,0.158637,0.076783,0.133581,0.814480,0.000000,0.203920,0.796564,-0.032946,0.269248,0.744741,-0.044360,0.311536,0.683459,-0.053134,0.331493,0.623267,-0.060744,0.235338,0.607293,-0.015007,0.256726,0.522936,-0.031446,0.261774,0.470087,-0.047807,0.263085,0.421288,-0.060027,0.196248,0.584724,-0.012209,0.209366,0.487878,-0.025940,0.212021,0.427208,-0.042615,0.210464,0.375550,-0.055238,0.156597,0.582676,-0.014022,0.164035,0.492988,-0.028514,0.167111,0.436810,-0.041294,0.168330,0.387251,-0.050269,0.115327,0.596747,-0.019405,0.116855,0.525114,-0.033662,0.116817,0.478394,-0.040712,0.117234,0.435777,-0.044763
1373,0,0.020734,0.038730,0.082170,0.168133,0.056720,0.134521,0.815514,0.000000,0.204438,0.798098,-0.032993,0.269615,0.744609,-0.044378,0.310861,0.682933,-0.053083,0.331761,0.623178,-0.060584,0.236277,0.607623,-0.015202,0.257131,0.522853,-0.031475,0.262155,0.469768,-0.047592,0.263202,0.421116,-0.059646,0.197025,0.584947,-0.012311,0.209738,0.487818,-0.025872,0.212150,0.427143,-0.042190,0.210574,0.375871,-0.054512,0.157122,0.582675,-0.014019,0.164770,0.492792,-0.028305,0.167662,0.436417,-0.040784,0.168799,0.386895,-0.049556,0.115539,0.596841,-0.019298,0.117129,0.524888,-0.033417,0.117012,0.478504,-0.040292,0.117455,0.435852,-0.044177
1405,0,0.030115,0.042190,0.052974,0.169333,0.070542,0.133724,0.815285,0.000000,0.203679,0.797983,-0.032153,0.268993,0.745027,-0.043296,0.310623,0.683887,-0.052000,0.332549,0.624459,-0.059518,0.236072,0.607966,-0.014633,0.257409,0.523624,-0.030945,0.262358,0.470400,-0.047078,0.263193,0.421564,-0.059116,0.197009,0.585305,-0.012273,0.209861,0.488042,-0.026000,0.212046,0.427150,-0.042424,0.209869,0.375409,-0.054775,0.157278,0.583275,-0.014454,0.164895,0.492800,-0.028976,0.168020,0.436237,-0.041573,0.169043,0.386170,-0.050344,0.115903,0.597125,-0.020093,0.117647,0.525130,-0.034391,0.117754,0.478378,-0.041327,0.118263,0.435690,-0.045198
1437,0,0.023921,0.024258,0.063420,0.164792,0.066496,0.133674,0.815423,0.000000,0.203974,0.797517,-0.032749,0.269366,0.745366,-0.044269,0.311363,0.683983,-0.053239,0.332482,0.624003,-0.061023,0.235977,0.607837,-0.015054,0.257404,0.523347,-0.031541,0.262500,0.470350,-0.047915,0.263701,0.421422,-0.060128,0.196959,0.585102,-0.012426,0.209936,0.488242,-0.026194,0.212431,0.427628,-0.042815,0.210850,0.376088,-0.055431,0.157197,0.582988,-0.014395,0.164814,0.493237,-0.028901,0.167730,0.437114,-0.041540,0.168873,0.387850,-0.050420,0.115816,0.596984,-0.019897,0.117225,0.524720,-0.034158,0.117187,0.478027,-0.041115,0.117537,0.435399,-0.045052
1470,0,0.019246,0.040277,0.031584,0.179324,0.057163,0.134637,0.816066,0.000000,0.204763,0.797612,-0.032593,0.269966,0.744916,-0.044002,0.311250,0.683767,-0.052838,0.332344,0.623768,-0.060488,0.236231,0.607878,-0.014596,0.257168,0.523348,-0.030915,0.262424,0.470232,-0.047201,0.263738,0.421368,-0.059325,0.197151,0.585352,-0.012001,0.209951,0.488412,-0.025636,0.212494,0.427526,-0.042123,0.210890,0.375986,-0.054583,0.157252,0.583203,-0.014026,0.165014,0.493331,-0.028432,0.168089,0.437092,-0.040982,0.169285,0.387557,-0.049751,0.115742,0.597166,-0.019585,0.117370,0.524820,-0.033779,0.117362,0.477946,-0.040691,0.117792,0.434959,-0.044561
1502,0,0.020788,0.040541,0.052933,0.161231,0.070616,0.133465,0.815246,0.000000,0.203551,0.797974,-0.032736,0.269389,0.745245,-0.044103,0.311322,0.684035,-0.052852,0.332107,0.624244,-0.060460,0.236075,0.607819,-0.015003,0.257119,0.523331,-0.031349,0.262162,0.470258,-0.047572,0.263167,0.421307,-0.059700,0.197003,0.585177,-0.012419,0.209778,0.488083,-0.026113,0.212214,0.427320,-0.042649,0.210291,0.375710,-0.055180,0.157050,0.582857,-0.014444,0.164628,0.492978,-0.028843,0.167637,0.436770,-0.041373,0.168950,0.387257,-0.050212,0.115494,0.596842,-0.020004,0.117083,0.524777,-0.034168,0.117261,0.478269,-0.041015,0.117893,0.435645,-0.044931
1534,0,0.023766,0.031751,0.075103,0.165442,0.060214,0.134190,0.815365,0.000000,0.204433,0.796685,-0.032882,0.270022,0.745096,-0.044536,0.311317,0.684207,-0.053640,0.331768,0.623490,-0.061514,0.235711,0.607848,-0.015099,0.256954,0.523674,-0.031853,0.262215,0.470750,-0.048406,0.263764,0.421780,-0.060753,0.196842,0.585139,-0.012515,0.209826,0.488474,-0.026596,0.212307,0.428043,-0.043395,0.210698,0.376167,-0.056101,0.157132,0.582804,-0.014562,0.164568,0.493354,-0.029348,0.167493,0.437324,-0.042008,0.168715,0.387885,-0.050822,0.115609,0.596689,-0.020154,0.117145,0.524674,-0.034537,0.117203,0.478015,-0.041494,0.117762,0.435277,-0.045408
1584,0,0.024215,0.024789,0.055594,0.165666,0.061005,0.134060,0.815463,0.000000,0.203972,0.797502,-0.032791,0.269483,0.744854,-0.044317,0.311138,0.683695,-0.053342,0.331780,0.623557,-0.061160,0.235917,0.607586,-0.014720,0.256928,0.523039,-0.031094,0.262201,0.469954,-0.047400,0.263573,0.421043,-0.059551,0.196887,0.585090,-0.012129,0.209875,0.488254,-0.025889,0.212260,0.427446,-0.042597,0.210468,0.375654,-0.055218,0.157041,0.583124,-0.014162,0.164882,0.493302,-0.028569,0.167835,0.437042,-0.041279,0.168929,0.387485,-0.050170,0.115359,0.597120,-0.019735,0.117137,0.525038,-0.033886,0.117027,0.478445,-0.040855,0.117232,0.435665,-0.044809
1624,0,0.021561,0.026701,0.059705,0.178375,0.079672,0.134235,0.814898,0.000000,0.204233,0.796992,-0.032446,0.269378,0.744940,-0.043672,0.311333,0.684072,-0.052370,0.331178,0.623672,-0.059928,0.236360,0.607331,-0.014345,0.257310,0.522649,-0.030478,0.262252,0.469738,-0.046646,0.263530,0.421223,-0.058721,0.197202,0.585127,-0.011818,0.209775,0.487757,-0.025224,0.212283,0.427131,-0.041793,0.210689,0.375772,-0.054338,0.157315,0.583117,-0.013886,0.164497,0.493054,-0.028019,0.167572,0.436982,-0.040653,0.168964,0.387506,-0.049553,0.115898,0.597038,-0.019477,0.117084,0.524973,-0.033452,0.117070,0.478363,-0.040340,0.117703,0.435736,-0.044231
1657,0,0.026954,0.031238,0.045597,0.171864,0.056268,0.134850,0.815366,0.000000,0.204656,0.797130,-0.032872,0.269920,0.744893,-0.044358,0.311702,0.683841,-0.053275,0.331925,0.623477,-0.061007,0.236268,0.607506,-0.014883,0.257255,0.523102,-0.031352,0.262441,0.470124,-0.047777,0.263767,0.421130,-0.060023,0.197212,0.585055,-0.012257,0.210010,0.488444,-0.026012,0.212481,0.427707,-0.042727,0.211049,0.376021,-0.055420,0.157487,0.583028,-0.014268,0.164622,0.493575,-0.028738,0.167627,0.437479,-0.041453,0.168860,0.387727,-0.050414,0.116030,0.597031,-0.019844,0.117319,0.525227,-0.034123,0.117343,0.478435,-0.041185,0.117858,0.435347,-0.045207
1689,0,0.023829,0.029253,0.058962,0.178953,0.074043,0.134243,0.815231,0.000000,0.203772,0.797799,-0.032999,0.269465,0.745187,-0.044519,0.311184,0.683444,-0.053405,0.331535,0.622985,-0.061130,0.236724,0.607905,-0.015149,0.257454,0.523472,-0.031592,0.262168,0.470563,-0.047958,0.262987,0.421833,-0.060193,0.197556,0.585426,-0.012425,0.210204,0.488904,-0.026100,0.212267,0.428502,-0.042822,0.210080,0.376874,-0.055504,0.157776,0.583356,-0.014300,0.164871,0.494259,-0.028600,0.167616,0.438556,-0.041170,0.168474,0.389135,-0.050056,0.116178,0.597244,-0.019781,0.117696,0.525306,-0.033825,0.117623,0.478980,-0.040724,0.117985,0.436319,-0.044676
1722,0,0.066654,0.075883,0.114866,0.221182,0.135259,0.134005,0.814055,0.000000,0.203949,0.795746,-0.032234,0.269877,0.744531,-0.043544,0.311357,0.683742,-0.052422,0.331366,0.623404,-0.060051,0.236939,0.607321,-0.013797,0.257446,0.524058,-0.030271,0.261424,0.472480,-0.046756,0.261199,0.425003,-0.058891,0.197986,0.584807,-0.011226,0.210504,0.489827,-0.024672,0.211815,0.430920,-0.041045,0.208633,0.380949,-0.053448,0.158300,0.582255,-0.013317,0.165072,0.494161,-0.027371,0.167044,0.439955,-0.039417,0.166920,0.392121,-0.047871,0.116679,0.595812,-0.018950,0.118005,0.524105,-0.032502,0.117982,0.478355,-0.038926,0.118277,0.436626,-0.042473
1757,0,0.102295,0.108624,0.135922,0.298747,0.229394,0.134610,0.813308,0.000000,0.204442,0.794754,-0.031399,0.269845,0.743178,-0.042317,0.311288,0.682927,-0.051037,0.330840,0.622743,-0.058493,0.237835,0.606894,-0.011628,0.258096,0.524995,-0.027627,0.261056,0.474545,-0.044136,0.259458,0.428372,-0.056274,0.199052,0.584647,-0.009120,0.210550,0.492442,-0.022124,0.210286,0.435705,-0.038544,0.205369,0.387853,-0.051037,0.159185,0.581699,-0.011339,0.165828,0.495342,-0.024831,0.166316,0.443440,-0.036680,0.164725,0.397777,-0.045068,0.117394,0.594587,-0.017086,0.118458,0.523838,-0.030179,0.117538,0.479020,-0.036569,0.117089,0.437884,-0.040164
1789,0,0.110082,0.118813,0.188601,0.381737,0.342154,0.134434,0.812576,0.000000,0.203133,0.793413,-0.030420,0.267806,0.742101,-0.041226,0.309354,0.682213,-0.050078,0.328659,0.622225,-0.057590,0.238915,0.607185,-0.010334,0.258844,0.526647,-0.026642,0.260675,0.477217,-0.043511,0.257160,0.432786,-0.055657,0.200833,0.585167,-0.007995,0.212593,0.495852,-0.020899,0.210732,0.440927,-0.037251,0.203465,0.394886,-0.049551,0.161427,0.581939,-0.010389,0.168210,0.497911,-0.023238,0.167921,0.448002,-0.034505,0.164624,0.404385,-0.042478,0.119644,0.594353,-0.016297,0.120500,0.524962,-0.028443,0.119408,0.481265,-0.034264,0.118282,0.441363,-0.037471
1822,0,0.206529,0.211145,0.229476,0.567307,0.546830,0.134296,0.812264,0.000000,0.201939,0.792808,-0.028798,0.266203,0.740809,-0.038571,0.307941,0.681924,-0.046712,0.327326,0.622636,-0.053503,0.239743,0.607806,-0.006122,0.258531,0.529826,-0.021810,0.258240,0.482832,-0.038984,0.252095,0.441939,-0.051021,0.202586,0.586611,-0.003983,0.214623,0.500078,-0.015835,0.211808,0.447958,-0.032258,0.203379,0.404662,-0.044470,0.164031,0.583257,-0.006704,0.171428,0.502266,-0.018197,0.170515,0.454844,-0.029429,0.166515,0.413285,-0.037439,0.122492,0.594507,-0.012908,0.123540,0.527346,-0.023661,0.122631,0.485719,-0.029146,0.121549,0.447197,-0.032302
1855,0,0.184182,0.222872,0.308892,0.747905,0.766095,0.134654,0.809439,0.000000,0.201609,0.790367,-0.027257,0.265996,0.738898,-0.036091,0.308405,0.680394,-0.043718,0.327201,0.622111,-0.049945,0.239753,0.608932,-0.002502,0.258839,0.532726,-0.017755,0.257676,0.488479,-0.035035,0.249730,0.452251,-0.046670,0.202955,0.588043,-0.000387,0.216664,0.503140,-0.012540,0.212887,0.455280,-0.029368,0.202179,0.418338,-0.041025,0.164747,0.583870,-0.003140,0.173402,0.504750,-0.013704,0.171675,0.460890,-0.024499,0.166240,0.424245,-0.031846,0.123403,0.594276,-0.009341,0.124930,0.529145,-0.018692,0.123647,0.489900,-0.023594,0.121906,0.454576,-0.026179
1890,0,0.254672,0.258544,0.480156,0.989355,1.006979,0.135217,0.809123,0.000000,0.201452,0.789009,-0.025785,0.265606,0.735530,-0.033346,0.306956,0.675851,-0.040015,0.324663,0.617360,-0.045070,0.241548,0.609039,0.001728,0.258047,0.534165,-0.013710,0.255098,0.496981,-0.031965,0.245197,0.472132,-0.043626,0.204381,0.588959,0.004091,0.216511,0.507336,-0.007816,0.212654,0.465522,-0.025848,0.201697,0.440282,-0.038167,0.166101,0.585149,0.001399,0.173744,0.509867,-0.008326,0.171977,0.470787,-0.020337,0.166871,0.443793,-0.028588,0.124963,0.595655,-0.004606,0.127155,0.534034,-0.012733,0.125679,0.498258,-0.018085,0.123899,0.468401,-0.021197
1921,0,0.353487,0.405013,3.827494,1.100688,1.147707,0.138400,0.808753,0.000000,0.200427,0.789552,-0.027865,0.262436,0.731128,-0.035925,0.302566,0.668265,-0.043546,0.320365,0.610605,-0.049366,0.240347,0.609516,0.003235,0.253321,0.534563,-0.019952,0.250478,0.510143,-0.044174,0.239782,0.514467,-0.056903,0.203178,0.588646,0.006945,0.213547,0.505423,-0.010337,0.211620,0.473563,-0.033392,0.201388,0.476888,-0.047859,0.166557,0.584781,0.004603,0.172018,0.509647,-0.010311,0.170684,0.479579,-0.027698,0.164580,0.480002,-0.038082,0.126980,0.596128,-0.001008,0.128744,0.535787,-0.013148,0.127231,0.504454,-0.022966,0.123794,0.489888,-0.028451
1952,0,0.269916,0.270281,4.246278,1.198932,1.233484,0.140954,0.808355,0.000000,0.201724,0.789856,-0.030003,0.262918,0.727878,-0.037759,0.302259,0.661118,-0.045036,0.311120,0.598189,-0.050081,0.240593,0.608021,0.002937,0.253304,0.530857,-0.022414,0.251605,0.513080,-0.048163,0.241681,0.533652,-0.060631,0.203338,0.587528,0.007725,0.214247,0.499625,-0.012228,0.213492,0.479189,-0.037488,0.205671,0.504240,-0.052500,0.166990,0.583622,0.006073,0.171673,0.505425,-0.012020,0.172305,0.485635,-0.033506,0.168300,0.510905,-0.045286,0.128007,0.593259,0.001172,0.130749,0.528208,-0.014272,0.132362,0.503960,-0.027835,0.132582,0.509444,-0.035111
1982,0,0.332539,0.342566,4.480269,1.382986,1.466701,0.141788,0.805072,0.000000,0.201991,0.790381,-0.030184,0.262177,0.726585,-0.039209,0.300657,0.657631,-0.048446,0.301035,0.592106,-0.055252,0.241318,0.605113,0.001116,0.253901,0.525948,-0.026210,0.249922,0.519652,-0.049165,0.240125,0.556564,-0.058127,0.202904,0.586540,0.005173,0.213658,0.492131,-0.017427,0.207672,0.499301,-0.036694,0.203031,0.541954,-0.043838,0.166640,0.582601,0.002814,0.172717,0.500867,-0.017068,0.170842,0.501837,-0.029275,0.168698,0.540361,-0.031790,0.128001,0.590393,-0.002957,0.131916,0.521659,-0.016741,0.135320,0.509877,-0.022490,0.138119,0.529291,-0.022278
2014,0,0.364546,0.372027,6.745734,1.642976,1.683887,0.141072,0.804863,-0.000000,0.203329,0.784727,-0.028933,0.260839,0.721980,-0.039118,0.294300,0.651258,-0.050350,0.282878,0.583978,-0.059617,0.241629,0.612490,0.004473,0.255558,0.529268,-0.025111,0.248015,0.537711,-0.051546,0.235327,0.580402,-0.063461,0.205655,0.593554,0.006705,0.221234,0.496933,-0.020189,0.211875,0.519861,-0.044798,0.203650,0.568925,-0.055475,0.169813,0.586391,0.002709,0.180646,0.498664,-0.018630,0.177693,0.513545,-0.033737,0.173162,0.559421,-0.038649,0.131024,0.590015,-0.004545,0.136083,0.521388,-0.017595,0.139041,0.524848,-0.023339,0.139671,0.555799,-0.024321
2045,0,0.473704,0.432577,5.465656,1.987654,2.056120,0.139179,0.806728,-0.000000,0.203016,0.783364,-0.024919,0.256820,0.721066,-0.035005,0.285757,0.644861,-0.047199,0.264178,0.584233,-0.056604,0.241983,0.612083,0.005799,0.253877,0.526680,-0.021695,0.239260,0.555759,-0.042304,0.229484,0.601066,-0.050731,0.204457,0.596701,0.006804,0.217240,0.505106,-0.020024,0.201988,0.551913,-0.034941,0.198231,0.600145,-0.037133,0.168409,0.591761,0.001842,0.177400,0.505739,-0.019460,0.170248,0.543061,-0.021141,0.167315,0.589586,-0.015215,0.131885,0.595008,-0.006464,0.135138,0.526063,-0.017694,0.136357,0.543044,-0.015268,0.138026,0.575207,-0.009065
2077,0,0.376505,0.349239,1.070335,2.173293,2.261302,0.137403,0.806654,-0.000000,0.196639,0.784450,-0.024525,0.250568,0.719152,-0.035163,0.271506,0.638377,-0.047509,0.239996,0.588060,-0.055795,0.241235,0.612475,0.002433,0.253506,0.530294,-0.026503,0.236120,0.573345,-0.044219,0.226064,0.616086,-0.050673,0.203254,0.596310,0.002492,0.215886,0.516646,-0.027044,0.198667,0.582931,-0.036350,0.194189,0.624954,-0.033352,0.167419,0.591188,-0.003469,0.174549,0.513827,-0.029376,0.166650,0.570315,-0.024004,0.163710,0.612047,-0.011659,0.130578,0.592441,-0.012543,0.132989,0.528622,-0.026253,0.133945,0.560784,-0.018987,0.135464,0.593454,-0.008057
2110,0,0.232440,0.229094,0.734740,2.302387,2.393625,0.134245,0.806922,-0.000000,0.194078,0.782477,-0.024838,0.245147,0.715985,-0.035032,0.254102,0.632426,-0.046256,0.222546,0.578758,-0.053053,0.242435,0.618724,0.000819,0.252952,0.538347,-0.028359,0.235530,0.581173,-0.045762,0.228284,0.623097,-0.052229,0.203779,0.599803,0.001376,0.213988,0.521734,-0.030275,0.196895,0.589967,-0.039975,0.192767,0.634237,-0.036742,0.167026,0.592855,-0.003874,0.172617,0.517127,-0.033755,0.164466,0.580700,-0.028380,0.162451,0.625980,-0.014695,0.128830,0.593109,-0.011801,0.131566,0.531235,-0.029060,0.132550,0.567139,-0.022160,0.134136,0.600711,-0.010488
2143,0,0.223817,0.193809,0.402199,2.464376,2.548582,0.133498,0.808521,-0.000000,0.193242,0.779117,-0.025346,0.236811,0.706174,-0.034917,0.238613,0.626030,-0.045015,0.205671,0.576453,-0.049152,0.240852,0.622829,-0.000126,0.251819,0.546751,-0.029239,0.231159,0.600746,-0.044528,0.225224,0.635942,-0.049841,0.203551,0.604271,0.000598,0.212792,0.526569,-0.031369,0.195539,0.597674,-0.038972,0.192245,0.633908,-0.034512,0.166424,0.596855,-0.004699,0.170313,0.521027,-0.036864,0.162675,0.591144,-0.030659,0.160776,0.634127,-0.015897,0.128859,0.594879,-0.012440,0.129630,0.533133,-0.030517,0.131076,0.573019,-0.023359,0.132618,0.607635,-0.011517
2175,0,0.247850,0.253473,0.655034,2.582973,2.683739,0.133431,0.807881,-0.000000,0.190051,0.779725,-0.025136,0.232924,0.700822,-0.034018,0.226367,0.617326,-0.042562,0.187408,0.576593,-0.044867,0.237398,0.629944,-0.001557,0.249731,0.554207,-0.027481,0.229418,0.608559,-0.041251,0.224379,0.640770,-0.047013,0.199437,0.611323,-0.001278,0.208300,0.533066,-0.028454,0.192509,0.599000,-0.033899,0.190539,0.628436,-0.029965,0.162393,0.603363,-0.006706,0.166948,0.525805,-0.035091,0.159807,0.591857,-0.026765,0.157258,0.628598,-0.012697,0.124382,0.600599,-0.014784,0.127828,0.539926,-0.031495,0.127632,0.582796,-0.022553,0.126552,0.616522,-0.010621
2207,0,0.241714,0.228870,0.466899,2.723096,2.821551,0.134304,0.809280,-0.000000,0.189117,0.775970,-0.022986,0.226912,0.700293,-0.032173,0.218504,0.620807,-0.041765,0.181432,0.576757,-0.045973,0.234658,0.635503,0.000926,0.246637,0.567855,-0.024511,0.232541,0.618654,-0.039430,0.229159,0.650804,-0.046359,0.197836,0.616942,0.000099,0.205063,0.547313,-0.025901,0.193701,0.609182,-0.032443,0.192868,0.635460,-0.030398,0.160712,0.609598,-0.006364,0.164159,0.535140,-0.034914,0.159338,0.599715,-0.026943,0.157826,0.633543,-0.013742,0.121816,0.608236,-0.015237,0.123934,0.551973,-0.032791,0.124533,0.594322,-0.023932,0.123881,0.625235,-0.012294
2239,0,0.274380,0.260096,1.386705,2.907184,3.005589,0.134552,0.810254,-0.000000,0.187265,0.777288,-0.023196,0.224348,0.700440,-0.032106,0.212743,0.623342,-0.040721,0.176883,0.580150,-0.043041,0.237203,0.635837,0.000398,0.241246,0.577515,-0.025865,0.227063,0.632210,-0.038696,0.227869,0.658323,-0.044330,0.198812,0.618319,-0.000727,0.201972,0.558783,-0.028958,0.190476,0.626260,-0.033008,0.192177,0.644304,-0.028498,0.159724,0.613289,-0.007760,0.159072,0.550109,-0.039801,0.155649,0.619294,-0.030099,0.158324,0.642906,-0.014976,0.119157,0.614605,-0.016900,0.119655,0.568796,-0.036635,0.121562,0.613972,-0.027062,0.123556,0.636147,-0.014405
2271,0,0.196569,0.199098,1.177277,3.027397,3.129564,0.134377,0.809949,-0.000000,0.185288,0.778659,-0.023472,0.224967,0.702788,-0.032252,0.212581,0.627170,-0.040147,0.174468,0.589249,-0.041634,0.236304,0.635681,-0.000070,0.237845,0.585710,-0.025898,0.222892,0.640023,-0.038306,0.224025,0.661598,-0.044042,0.197082,0.618978,-0.001365,0.197685,0.568108,-0.030093,0.186488,0.634803,-0.034164,0.188426,0.647413,-0.029633,0.157502,0.616152,-0.008408,0.154530,0.562628,-0.041139,0.152158,0.631166,-0.031226,0.156145,0.647996,-0.016055,0.115690,0.620270,-0.017436,0.116619,0.582363,-0.037209,0.120106,0.627411,-0.026995,0.123933,0.643979,-0.013914
2316,0,0.288024,0.265044,0.709646,3.136525,3.247469,0.134483,0.811096,-0.000000,0.186873,0.784173,-0.023312,0.230250,0.710133,-0.031657,0.215340,0.634487,-0.038671,0.173136,0.605128,-0.039798,0.235806,0.644087,-0.002028,0.239269,0.595769,-0.026247,0.220413,0.645789,-0.037647,0.218806,0.666355,-0.043450,0.194816,0.627563,-0.003646,0.197715,0.575562,-0.032118,0.183575,0.640817,-0.036794,0.183679,0.655544,-0.032459,0.154661,0.625723,-0.010350,0.152524,0.575196,-0.043142,0.148475,0.642456,-0.034593,0.151084,0.658989,-0.020223,0.112239,0.632102,-0.018755,0.114740,0.598835,-0.038740,0.117923,0.642650,-0.028961,0.121143,0.656995,-0.016366
2348,0,0.208249,0.226592,0.757762,3.210295,3.372887,0.136611,0.811563,-0.000000,0.189788,0.782875,-0.022460,0.234018,0.714390,-0.030853,0.213554,0.645203,-0.037986,0.169242,0.624738,-0.039479,0.235169,0.648053,-0.003446,0.241615,0.600555,-0.026507,0.219112,0.646667,-0.037887,0.213730,0.667495,-0.044057,0.194418,0.630494,-0.005457,0.196581,0.584312,-0.032081,0.180700,0.644627,-0.037157,0.180518,0.660033,-0.033773,0.154453,0.628920,-0.012167,0.148507,0.587816,-0.041237,0.144885,0.651122,-0.033325,0.149462,0.668290,-0.020403,0.112467,0.637153,-0.020668,0.110628,0.611849,-0.036692,0.114366,0.652253,-0.026507,0.120421,0.665031,-0.014473
2380,0,0.311738,0.290762,5.133203,3.187447,3.338923,0.138707,0.814424,-0.000000,0.190658,0.787269,-0.027580,0.236451,0.718408,-0.038263,0.208556,0.652653,-0.046255,0.159262,0.635186,-0.047462,0.237268,0.637328,-0.006773,0.241309,0.600650,-0.034185,0.219848,0.655736,-0.047038,0.213891,0.673225,-0.053692,0.196251,0.617543,-0.007315,0.194378,0.587444,-0.037219,0.181960,0.656301,-0.041394,0.184761,0.663400,-0.036860,0.155523,0.615999,-0.013961,0.145044,0.598961,-0.045341,0.144650,0.664493,-0.037708,0.152924,0.668096,-0.025182,0.114275,0.625086,-0.023013,0.109318,0.621440,-0.039209,0.113840,0.666750,-0.029896,0.121731,0.670130,-0.018805
2411,0,0.294494,0.308941,7.986121,3.209872,3.352104,0.138084,0.812714,-0.000000,0.191021,0.790879,-0.031950,0.238150,0.723561,-0.043882,0.207712,0.657920,-0.052163,0.156754,0.638269,-0.053271,0.241603,0.627289,-0.008607,0.239891,0.606755,-0.039448,0.216276,0.662331,-0.054608,0.209152,0.677860,-0.062400,0.199943,0.602105,-0.007209,0.190080,0.597152,-0.039415,0.177880,0.664500,-0.044958,0.181697,0.666383,-0.041078,0.157961,0.600117,-0.012894,0.141731,0.612294,-0.046131,0.142451,0.674389,-0.041665,0.152039,0.669760,-0.031347,0.116720,0.609158,-0.021582,0.107933,0.631740,-0.039676,0.112870,0.677508,-0.034493,0.122245,0.673963,-0.026163
2444,0,0.359578,0.415494,3.700094,3.394072,3.602841,0.140589,0.811266,-0.000000,0.191981,0.792006,-0.034019,0.237196,0.729596,-0.048152,0.204595,0.667040,-0.057890,0.153298,0.645494,-0.060482,0.243999,0.621724,-0.013334,0.234019,0.611429,-0.047235,0.210343,0.667505,-0.065193,0.200134,0.686167,-0.073919,0.200397,0.593108,-0.010813,0.176964,0.610058,-0.042935,0.169863,0.675896,-0.050144,0.175614,0.674908,-0.047962,0.156942,0.592924,-0.015413,0.132115,0.625701,-0.047930,0.136596,0.685682,-0.045053,0.147842,0.678045,-0.036485,0.115648,0.605821,-0.023301,0.101618,0.642934,-0.041670,0.109368,0.689546,-0.037750,0.121454,0.685268,-0.030036
2475,0,0.444548,0.477353,1.945749,3.692397,3.938979,0.141361,0.808994,-0.000000,0.191970,0.796540,-0.038822,0.235672,0.739173,-0.056775,0.201196,0.678977,-0.069017,0.150700,0.652552,-0.073817,0.247257,0.619889,-0.024636,0.225555,0.622390,-0.062031,0.201368,0.678371,-0.081411,0.190402,0.694320,-0.090585,0.203052,0.587768,-0.019973,0.167587,0.622683,-0.053343,0.164226,0.686945,-0.060147,0.171887,0.684848,-0.058476,0.159501,0.587429,-0.022388,0.125249,0.635288,-0.054953,0.132195,0.694354,-0.051155,0.144143,0.687768,-0.042832,0.118706,0.601922,-0.028722,0.098050,0.650398,-0.048087,0.108137,0.697468,-0.045232,0.122344,0.693545,-0.038275
2507,0,0.170216,0.182407,1.409505,3.772095,4.065466,0.142562,0.808879,-0.000000,0.191614,0.798587,-0.038244,0.235214,0.745382,-0.056116,0.204124,0.688263,-0.068463,0.154763,0.664931,-0.073772,0.249876,0.616682,-0.024910,0.223701,0.627332,-0.061518,0.198905,0.682889,-0.080130,0.188860,0.700726,-0.088649,0.204880,0.584870,-0.020588,0.165896,0.628734,-0.053183,0.161265,0.691441,-0.060098,0.169365,0.690534,-0.058740,0.160523,0.584451,-0.023042,0.123471,0.641737,-0.055622,0.129405,0.700148,-0.052937,0.142041,0.695650,-0.045312,0.118827,0.598960,-0.029385,0.096074,0.653311,-0.049942,0.106220,0.702315,-0.047936,0.121460,0.701982,-0.041176
2539,0,0.175915,0.205971,0.792370,3.914580,4.248678,0.142588,0.807292,-0.000000,0.192456,0.798626,-0.038277,0.236328,0.749161,-0.056649,0.201495,0.694687,-0.069429,0.150178,0.673890,-0.074616,0.249506,0.623487,-0.027450,0.226588,0.630857,-0.065680,0.197615,0.688835,-0.084302,0.182300,0.708826,-0.092426,0.204240,0.588798,-0.023825,0.165267,0.632066,-0.057243,0.160325,0.696249,-0.063711,0.168093,0.694954,-0.062149,0.159870,0.585859,-0.027106,0.122662,0.644892,-0.059868,0.128404,0.703993,-0.056431,0.140949,0.697294,-0.048525,0.118213,0.598744,-0.034340,0.095172,0.656770,-0.054212,0.104677,0.706374,-0.051275,0.119137,0.703802,-0.044182
2571,0,0.187197,0.201576,1.437367,3.963003,4.343885,0.143188,0.806878,-0.000000,0.190831,0.800430,-0.035872,0.234737,0.753138,-0.053946,0.201438,0.700067,-0.066921,0.152381,0.675977,-0.073332,0.246581,0.619285,-0.025904,0.221441,0.640566,-0.062127,0.197021,0.695101,-0.081147,0.185548,0.710932,-0.090306,0.200867,0.585609,-0.022867,0.162867,0.641723,-0.054098,0.159374,0.701455,-0.061456,0.166348,0.699502,-0.061456,0.156162,0.584918,-0.026087,0.120578,0.655305,-0.056266,0.127126,0.709789,-0.053671,0.138884,0.703341,-0.047290,0.114390,0.600309,-0.033063,0.092562,0.664591,-0.052083,0.102043,0.711235,-0.050068,0.116375,0.707811,-0.043962
2603,0,0.208903,0.185737,0.425495,4.150209,4.516364,0.143226,0.808120,-0.000000,0.191825,0.801584,-0.037773,0.233285,0.755725,-0.057043,0.196416,0.706477,-0.070522,0.146187,0.680664,-0.077262,0.247984,0.621152,-0.030987,0.220963,0.643821,-0.069480,0.192493,0.700966,-0.089455,0.177437,0.717601,-0.099135,0.200983,0.587306,-0.027449,0.162284,0.642564,-0.060290,0.157360,0.704001,-0.067642,0.163682,0.702609,-0.067642,0.155168,0.586289,-0.030283,0.119260,0.655828,-0.061607,0.125044,0.712014,-0.058482,0.136213,0.705457,-0.051804,0.112774,0.602221,-0.037007,0.090896,0.667141,-0.056920,0.100766,0.715015,-0.054684,0.114759,0.711491,-0.048434
2636,0,0.090156,0.073369,0.701203,4.225216,4.578217,0.142297,0.808336,-0.000000,0.191396,0.802452,-0.038015,0.232781,0.756163,-0.057221,0.194500,0.707168,-0.070219,0.143654,0.682069,-0.076275,0.247720,0.621352,-0.032541,0.217176,0.649297,-0.070525,0.189969,0.706218,-0.090098,0.176503,0.719678,-0.099763,0.200496,0.587181,-0.028932,0.158907,0.647952,-0.061258,0.155436,0.708341,-0.068323,0.162879,0.704733,-0.068507,0.154552,0.585708,-0.031562,0.116244,0.660015,-0.062115,0.122867,0.715861,-0.058751,0.134809,0.707216,-0.052328,0.112122,0.601495,-0.038260,0.088942,0.668842,-0.057283,0.099179,0.716027,-0.054836,0.113144,0.711419,-0.048750
2666,0,0.047283,0.049433,0.318833,4.213848,4.569024,0.143183,0.809158,-0.000000,0.191822,0.802833,-0.037363,0.232380,0.756349,-0.056306,0.194875,0.708084,-0.069210,0.145339,0.681938,-0.075340,0.247140,0.618990,-0.031570,0.214637,0.650606,-0.069026,0.189128,0.706949,-0.088642,0.178550,0.718077,-0.098634,0.199586,0.586011,-0.028260,0.158479,0.648941,-0.060627,0.155698,0.708864,-0.067800,0.163598,0.705202,-0.068106,0.153582,0.585406,-0.031080,0.116232,0.660895,-0.061731,0.123364,0.715912,-0.058696,0.135715,0.707460,-0.052413,0.111201,0.602031,-0.037854,0.088684,0.669723,-0.057378,0.099698,0.716886,-0.055386,0.114572,0.712174,-0.049470
2716,0,0.059442,0.070588,0.352807,4.229874,4.586016,0.142274,0.808286,-0.000000,0.191281,0.802319,-0.038279,0.232811,0.756623,-0.057649,0.195339,0.707828,-0.070768,0.144800,0.682012,-0.076988,0.247111,0.620972,-0.033197,0.219565,0.647740,-0.071384,0.191642,0.704421,-0.090969,0.176732,0.717759,-0.100639,0.199541,0.587077,-0.029502,0.159185,0.648507,-0.062237,0.155491,0.709180,-0.069290,0.162453,0.705762,-0.069536,0.153738,0.586051,-0.032089,0.116406,0.659767,-0.062946,0.123374,0.715275,-0.059466,0.135013,0.706809,-0.053060,0.111487,0.602434,-0.038710,0.088676,0.669036,-0.058326,0.099831,0.716202,-0.056017,0.114254,0.711830,-0.049981
2749,0,0.050793,0.075445,0.257466,4.223275,4.627739,0.143290,0.807220,-0.000000,0.191055,0.800795,-0.037122,0.232033,0.756391,-0.056250,0.195964,0.708890,-0.069471,0.146885,0.682889,-0.075959,0.245690,0.619135,-0.032287,0.216651,0.647910,-0.070144,0.189632,0.704590,-0.089914,0.176290,0.717323,-0.099952,0.198223,0.586414,-0.029211,0.158443,0.647916,-0.061452,0.154798,0.708637,-0.068675,0.161779,0.704780,-0.069103,0.152321,0.585963,-0.032195,0.115707,0.660375,-0.062615,0.122447,0.715823,-0.059218,0.133987,0.706665,-0.052944,0.110107,0.602837,-0.039142,0.087802,0.669980,-0.058300,0.098569,0.717094,-0.055791,0.112970,0.712369,-0.049701
2780,0,0.124170,0.138070,0.365131,4.114245,4.501284,0.142073,0.806767,-0.000000,0.190064,0.800927,-0.036113,0.232281,0.755872,-0.054763,0.196113,0.707138,-0.067967,0.146008,0.681089,-0.074538,0.246807,0.619977,-0.029572,0.221445,0.643011,-0.066993,0.194371,0.698777,-0.086647,0.180169,0.713369,-0.096382,0.198895,0.586285,-0.026682,0.160702,0.645979,-0.058414,0.157300,0.705819,-0.065715,0.163953,0.702025,-0.066080,0.152683,0.586079,-0.029922,0.117542,0.658998,-0.059843,0.124658,0.713260,-0.056527,0.135758,0.704652,-0.050260,0.109981,0.602882,-0.036995,0.089234,0.668992,-0.055858,0.100468,0.715540,-0.053302,0.114730,0.711417,-0.047126
2815,0,0.072465,0.049190,0.829307,4.079171,4.503580,0.142819,0.805024,-0.000000,0.191066,0.799141,-0.036678,0.233531,0.753985,-0.055428,0.198430,0.704239,-0.068660,0.149365,0.679730,-0.075368,0.246461,0.618481,-0.029711,0.219691,0.640062,-0.066526,0.194794,0.696965,-0.085429,0.184041,0.713372,-0.094759,0.199274,0.585472,-0.026647,0.160865,0.642113,-0.058508,0.157507,0.702577,-0.065611,0.164939,0.701166,-0.065611,0.153538,0.585509,-0.029742,0.118383,0.656984,-0.060489,0.125438,0.711522,-0.057806,0.137566,0.704622,-0.051556,0.111093,0.601780,-0.036617,0.090137,0.667902,-0.056495,0.101307,0.714875,-0.054727,0.116420,0.711896,-0.048812
2848,0,0.054266,0.048081,0.777134,4.084233,4.536055,0.143469,0.803794,-0.000000,0.192097,0.798700,-0.037334,0.234699,0.753854,-0.056123,0.198779,0.703250,-0.068901,0.149010,0.677669,-0.074972,0.247632,0.617505,-0.031415,0.219155,0.642826,-0.068051,0.195046,0.698714,-0.086627,0.184972,0.711233,-0.095733,0.200320,0.584706,-0.028016,0.160795,0.643818,-0.059522,0.157936,0.703949,-0.066230,0.165251,0.700154,-0.066230,0.154703,0.584360,-0.030702,0.118444,0.657416,-0.061009,0.125691,0.712197,-0.057883,0.137578,0.703297,-0.051570,0.112552,0.600668,-0.037273,0.090772,0.666887,-0.056396,0.101672,0.713647,-0.054150,0.115815,0.709402,-0.048079
2881,0,0.077806,0.051013,0.567864,4.026652,4.500013,0.144678,0.803112,-0.000000,0.192638,0.797094,-0.037443,0.235374,0.751411,-0.056058,0.200323,0.700376,-0.068882,0.150291,0.676780,-0.074825,0.247976,0.619097,-0.030424,0.225285,0.637311,-0.067670,0.199454,0.694454,-0.086224,0.186028,0.711224,-0.094956,0.201339,0.584895,-0.026937,0.162511,0.641269,-0.058908,0.159213,0.702822,-0.065547,0.166330,0.699791,-0.065184,0.155874,0.584001,-0.029803,0.120054,0.654758,-0.060515,0.126780,0.710556,-0.057210,0.138449,0.702156,-0.050570,0.113768,0.599998,-0.036563,0.091801,0.665335,-0.055906,0.102562,0.712349,-0.053511,0.116789,0.708210,-0.047235
2913,0,0.055707,0.047428,0.593043,3.994817,4.469719,0.144951,0.802805,-0.000000,0.193194,0.796206,-0.037145,0.235773,0.749878,-0.055688,0.201101,0.698896,-0.068493,0.151559,0.675818,-0.074714,0.248030,0.616847,-0.029837,0.222376,0.636398,-0.066318,0.197576,0.692948,-0.084680,0.186467,0.709649,-0.093498,0.201704,0.583811,-0.026410,0.162701,0.638167,-0.058074,0.159002,0.699140,-0.064808,0.166150,0.697793,-0.064385,0.156649,0.583589,-0.029158,0.120694,0.652844,-0.059916,0.127094,0.708412,-0.056956,0.139049,0.701847,-0.050343,0.114734,0.599818,-0.035726,0.092698,0.664551,-0.055537,0.103056,0.712163,-0.053544,0.117625,0.709600,-0.047353
2946,0,0.073014,0.080202,0.891825,4.023093,4.519780,0.145190,0.801930,-0.000000,0.193408,0.795175,-0.037755,0.236141,0.750042,-0.056602,0.201208,0.698591,-0.069389,0.151974,0.674068,-0.074965,0.247888,0.617559,-0.030937,0.226101,0.636349,-0.068601,0.201532,0.694348,-0.087146,0.189110,0.710911,-0.095872,0.201430,0.583926,-0.027498,0.162725,0.640070,-0.060026,0.160108,0.701900,-0.066965,0.167135,0.698409,-0.066602,0.156231,0.583338,-0.030437,0.120770,0.656437,-0.061632,0.127824,0.711102,-0.058542,0.139213,0.700639,-0.051997,0.114366,0.599749,-0.037270,0.092775,0.666741,-0.057026,0.103398,0.713365,-0.054815,0.117215,0.707644,-0.048633
2978,0,0.054081,0.068293,0.183787,3.991554,4.482573,0.145819,0.802615,-0.000000,0.193854,0.795567,-0.038742,0.236112,0.749115,-0.057676,0.200642,0.697391,-0.070308,0.151351,0.673353,-0.075735,0.248458,0.615875,-0.031265,0.225019,0.635123,-0.068801,0.201501,0.691925,-0.087373,0.190438,0.706716,-0.096297,0.201804,0.582438,-0.027421,0.163518,0.637355,-0.060178,0.160546,0.698949,-0.067052,0.167658,0.695386,-0.066510,0.156336,0.582241,-0.030074,0.121229,0.654266,-0.061625,0.127899,0.708998,-0.058671,0.139337,0.698898,-0.052038,0.114542,0.598841,-0.036692,0.093163,0.665008,-0.056530,0.103441,0.711491,-0.054510,0.116885,0.705359,-0.048480
3010,0,0.063999,0.082119,0.941175,4.023983,4.540583,0.145734,0.800758,-0.000000,0.195067,0.793779,-0.037579,0.237125,0.748134,-0.056886,0.201559,0.697071,-0.070537,0.151361,0.673502,-0.077226,0.248903,0.616764,-0.031012,0.225509,0.634891,-0.069443,0.199005,0.692699,-0.088841,0.184369,0.711660,-0.098023,0.202232,0.583025,-0.027652,0.163103,0.637072,-0.061112,0.160650,0.697981,-0.068348,0.167834,0.696970,-0.068044,0.156975,0.582433,-0.030678,0.120816,0.652883,-0.062572,0.128234,0.707719,-0.059440,0.140054,0.700915,-0.052599,0.115271,0.598381,-0.037579,0.093272,0.664097,-0.058285,0.103816,0.711050,-0.056582,0.118207,0.707388,-0.050562
3043,0,0.084269,0.087125,0.963736,3.956797,4.465654,0.145578,0.801065,-0.000000,0.193841,0.794004,-0.037332,0.236624,0.748205,-0.055892,0.202939,0.696267,-0.068637,0.154088,0.671874,-0.074543,0.248698,0.616084,-0.030130,0.225606,0.635429,-0.067191,0.199917,0.690024,-0.086052,0.187175,0.705613,-0.095152,0.202489,0.582712,-0.026620,0.164099,0.638014,-0.058453,0.160616,0.697309,-0.065443,0.167178,0.693912,-0.065323,0.157388,0.582276,-0.029422,0.121554,0.653850,-0.059929,0.128090,0.707589,-0.056977,0.139275,0.698494,-0.050679,0.115490,0.598561,-0.036096,0.093592,0.664692,-0.055380,0.103266,0.710649,-0.053391,0.116695,0.705371,-0.047546
3082,0,0.057986,0.055261,1.024362,3.950171,4.451738,0.145667,0.800944,-0.000000,0.194071,0.793628,-0.037668,0.237224,0.746998,-0.056622,0.203626,0.694242,-0.069833,0.154364,0.670681,-0.076121,0.248995,0.616027,-0.030231,0.226241,0.630814,-0.067778,0.199590,0.687898,-0.086460,0.185623,0.707074,-0.095106,0.202869,0.582456,-0.026543,0.164223,0.634835,-0.059283,0.161203,0.696219,-0.066206,0.167930,0.694946,-0.065722,0.158105,0.582066,-0.029248,0.122311,0.651192,-0.060825,0.129421,0.706363,-0.057862,0.140848,0.699543,-0.051060,0.116474,0.598147,-0.035793,0.094757,0.663382,-0.056199,0.105157,0.710814,-0.054506,0.119330,0.707518,-0.048400
3116,0,0.045184,0.065490,0.329878,3.969238,4.486465,0.145324,0.799512,-0.000000,0.194180,0.792774,-0.038011,0.237708,0.748253,-0.057017,0.203948,0.696083,-0.070212,0.154699,0.672252,-0.076447,0.249692,0.617864,-0.031263,0.227786,0.632357,-0.068760,0.200810,0.689470,-0.086978,0.186238,0.709183,-0.095210,0.204059,0.583833,-0.027147,0.164470,0.636182,-0.059771,0.160906,0.697404,-0.066460,0.167658,0.696841,-0.065794,0.159604,0.582404,-0.029356,0.122524,0.650819,-0.060951,0.128977,0.706332,-0.057925,0.140500,0.700393,-0.051085,0.118113,0.597263,-0.035409,0.094871,0.661829,-0.055958,0.104673,0.709624,-0.054263,0.118716,0.707661,-0.048120
3150,0,0.075304,0.103763,0.542361,3.988816,4.516789,0.146508,0.800221,-0.000000,0.195371,0.793435,-0.038860,0.237939,0.747043,-0.058215,0.202909,0.694001,-0.071418,0.153590,0.670979,-0.077960,0.249569,0.615172,-0.032048,0.222266,0.632449,-0.069678,0.196281,0.689143,-0.088462,0.183721,0.707303,-0.097225,0.203580,0.582605,-0.027877,0.163768,0.632308,-0.060855,0.160247,0.693789,-0.067817,0.167674,0.694396,-0.067037,0.158760,0.582397,-0.030053,0.122137,0.649049,-0.062296,0.128229,0.705259,-0.059775,0.140111,0.700313,-0.052903,0.117300,0.598540,-0.036099,0.094634,0.661980,-0.056984,0.104254,0.710115,-0.055574,0.118242,0.707877,-0.049543
3182,0,0.098819,0.101915,0.534593,3.928726,4.441074,0.146183,0.800446,-0.000000,0.194690,0.792833,-0.036902,0.237395,0.747889,-0.055474,0.203797,0.695795,-0.068499,0.154916,0.672140,-0.075011,0.249847,0.618380,-0.029697,0.229508,0.631897,-0.066690,0.200575,0.686558,-0.085442,0.184368,0.706742,-0.094186,0.204363,0.584191,-0.026004,0.166310,0.634276,-0.057946,0.161127,0.694471,-0.064820,0.167209,0.695514,-0.064398,0.159953,0.582843,-0.028536,0.123871,0.649361,-0.059786,0.129293,0.704584,-0.057012,0.140514,0.700734,-0.050319,0.118429,0.597962,-0.034792,0.095526,0.661173,-0.055504,0.104932,0.709160,-0.053876,0.119134,0.708678,-0.047726
3213,0,0.058849,0.057836,0.445320,3.934966,4.465719,0.146970,0.799854,-0.000000,0.195064,0.793484,-0.038188,0.237835,0.747220,-0.057057,0.204354,0.694632,-0.070066,0.156061,0.671745,-0.076376,0.249818,0.614669,-0.030106,0.221701,0.631427,-0.066701,0.195992,0.687855,-0.084789,0.184406,0.706435,-0.093021,0.204470,0.582027,-0.025839,0.163455,0.633001,-0.058048,0.159927,0.693799,-0.064778,0.167670,0.694380,-0.063817,0.160122,0.581643,-0.027852,0.122172,0.648385,-0.059671,0.128489,0.704107,-0.057267,0.140776,0.699840,-0.050387,0.118861,0.597312,-0.033681,0.095179,0.660228,-0.054593,0.104701,0.708379,-0.053361,0.119173,0.707667,-0.047262
3244,0,0.057572,0.060190,0.356976,3.927792,4.459860,0.146644,0.799804,-0.000000,0.195061,0.792206,-0.036361,0.238147,0.747135,-0.054752,0.204745,0.694961,-0.067768,0.155598,0.671182,-0.074231,0.249754,0.617478,-0.029641,0.228419,0.632154,-0.066379,0.200748,0.687790,-0.084982,0.185370,0.708126,-0.093680,0.203901,0.583231,-0.026244,0.165069,0.634913,-0.057923,0.161142,0.695170,-0.064869,0.167828,0.695560,-0.064567,0.159171,0.581927,-0.028977,0.122662,0.649846,-0.059765,0.128977,0.704683,-0.056957,0.140447,0.700414,-0.050524,0.117671,0.597303,-0.035394,0.094862,0.661083,-0.055689,0.104750,0.709297,-0.053937,0.119135,0.708651,-0.047867
3276,0,0.034535,0.029682,0.269326,3.930709,4.469320,0.146804,0.799172,-0.000000,0.195004,0.792252,-0.036968,0.238082,0.746769,-0.055557,0.204118,0.694729,-0.068591,0.155132,0.671497,-0.075017,0.250287,0.615809,-0.029911,0.225823,0.630970,-0.066669,0.198019,0.686409,-0.084987,0.183664,0.706124,-0.093576,0.204403,0.582085,-0.026217,0.164885,0.633957,-0.058050,0.161105,0.694365,-0.064747,0.167977,0.694326,-0.064206,0.159668,0.581284,-0.028725,0.122809,0.649483,-0.059852,0.129152,0.704756,-0.057149,0.141007,0.699654,-0.050572,0.118256,0.597000,-0.034956,0.095383,0.661278,-0.055437,0.105328,0.709444,-0.053905,0.119897,0.707859,-0.047899
3308,0,0.093421,0.094790,0.725287,3.934139,4.462095,0.146489,0.799675,-0.000000,0.194824,0.791711,-0.036589,0.238518,0.747490,-0.055531,0.205295,0.695368,-0.069263,0.156279,0.670943,-0.076370,0.249962,0.620943,-0.030897,0.233914,0.627692,-0.068841,0.205013,0.683038,-0.087572,0.187246,0.704145,-0.096064,0.204381,0.585608,-0.027434,0.166833,0.635460,-0.060319,0.162746,0.697279,-0.067215,0.168734,0.696805,-0.066673,0.159980,0.583455,-0.030174,0.124318,0.649853,-0.061554,0.130540,0.705245,-0.058060,0.141575,0.700272,-0.051134,0.118626,0.597736,-0.036649,0.096218,0.661349,-0.057036,0.105922,0.709553,-0.054868,0.120153,0.708620,-0.048454
3340,0,0.097905,0.129172,1.011336,3.973993,4.507631,0.148799,0.801759,-0.000000,0.196802,0.794680,-0.038925,0.238839,0.748235,-0.058358,0.203667,0.695543,-0.071601,0.154902,0.671843,-0.077909,0.251254,0.615793,-0.031574,0.224438,0.632166,-0.069517,0.199018,0.687507,-0.088801,0.186522,0.705787,-0.097729,0.204385,0.582869,-0.027349,0.164770,0.635145,-0.060203,0.162527,0.695624,-0.067613,0.170265,0.693815,-0.067375,0.159000,0.582850,-0.029551,0.123052,0.652032,-0.061482,0.130112,0.706604,-0.059221,0.142271,0.698875,-0.052763,0.117236,0.599715,-0.035681,0.095863,0.663604,-0.056215,0.106499,0.711288,-0.054727,0.120903,0.708217,-0.048775
3372,0,0.091375,0.124180,0.473420,3.923183,4.439856,0.146934,0.800166,-0.000000,0.195269,0.793170,-0.037899,0.238780,0.748328,-0.056848,0.206538,0.695894,-0.070115,0.158122,0.671526,-0.076402,0.251825,0.618102,-0.030343,0.230936,0.631083,-0.068121,0.203124,0.686348,-0.086979,0.187611,0.704193,-0.095804,0.206147,0.583810,-0.026384,0.166229,0.636368,-0.059447,0.163358,0.697391,-0.066187,0.170666,0.695370,-0.065522,0.161419,0.582250,-0.028892,0.124154,0.650698,-0.060535,0.131550,0.705900,-0.057029,0.143519,0.698693,-0.049927,0.119702,0.597161,-0.035330,0.096456,0.661695,-0.055639,0.106704,0.708667,-0.053675,0.121192,0.705112,-0.047449
3404,0,0.062411,0.080594,0.543096,3.898754,4.451367,0.148156,0.799522,-0.000000,0.195853,0.793210,-0.037529,0.239252,0.748139,-0.055992,0.205234,0.696078,-0.068672,0.156522,0.672722,-0.074455,0.251031,0.616609,-0.029487,0.227212,0.632843,-0.065901,0.202995,0.688753,-0.083672,0.192025,0.704773,-0.091864,0.205483,0.582895,-0.025812,0.166464,0.636104,-0.057799,0.163409,0.698082,-0.064335,0.170910,0.695290,-0.063492,0.160792,0.581932,-0.028493,0.124738,0.650397,-0.059606,0.131092,0.706152,-0.056474,0.142856,0.697823,-0.049607,0.119332,0.597461,-0.034969,0.096846,0.660851,-0.054486,0.106380,0.708182,-0.052197,0.120202,0.704199,-0.045842
3448,0,0.085391,0.077251,0.462350,3.928008,4.479056,0.148325,0.800807,-0.000000,0.195909,0.793565,-0.036861,0.238486,0.749172,-0.055427,0.203977,0.697544,-0.068315,0.155455,0.671818,-0.074564,0.250055,0.618948,-0.029952,0.232734,0.632710,-0.067294,0.205946,0.687446,-0.086340,0.190164,0.705652,-0.095413,0.203800,0.584637,-0.026602,0.168052,0.636205,-0.058281,0.163831,0.697509,-0.065431,0.169741,0.695766,-0.065431,0.158654,0.583788,-0.029546,0.124942,0.652473,-0.060324,0.130841,0.707543,-0.057470,0.141361,0.699867,-0.051191,0.116849,0.600150,-0.036230,0.096033,0.664236,-0.055878,0.105903,0.711421,-0.053625,0.119276,0.707877,-0.047496
3483,0,0.086064,0.079669,0.563889,3.927269,4.464548,0.147963,0.800201,-0.000000,0.195508,0.794445,-0.038664,0.238412,0.748836,-0.057487,0.204602,0.696965,-0.070216,0.156393,0.673023,-0.076072,0.251732,0.616679,-0.030955,0.225929,0.631857,-0.067587,0.202065,0.687496,-0.085395,0.192784,0.703920,-0.093761,0.205887,0.583169,-0.026727,0.166313,0.634157,-0.059370,0.162623,0.695221,-0.065973,0.170278,0.693185,-0.065137,0.160963,0.582186,-0.028878,0.124469,0.650079,-0.060983,0.130699,0.705584,-0.058324,0.142703,0.698312,-0.051542,0.119222,0.597344,-0.034899,0.096744,0.661632,-0.055814,0.106746,0.709324,-0.054529,0.121077,0.705869,-0.048643
3515,0,0.069628,0.081895,0.282116,3.974279,4.537281,0.148853,0.800203,-0.000000,0.196432,0.794408,-0.038321,0.238744,0.749536,-0.057301,0.204043,0.698360,-0.070255,0.154786,0.673982,-0.076341,0.250868,0.617331,-0.031452,0.227488,0.634827,-0.069110,0.201703,0.691991,-0.087789,0.188950,0.708989,-0.096465,0.205018,0.583671,-0.027581,0.166505,0.636319,-0.060072,0.162611,0.698696,-0.066760,0.169546,0.697055,-0.066158,0.160018,0.582789,-0.030081,0.124205,0.650484,-0.061669,0.130339,0.707130,-0.058506,0.141921,0.700248,-0.051577,0.118229,0.598442,-0.036453,0.095856,0.661819,-0.056397,0.105544,0.709392,-0.054047,0.119347,0.706351,-0.047570
3547,0,0.071095,0.065264,0.982423,3.960394,4.503445,0.148660,0.801306,-0.000000,0.195859,0.796015,-0.037904,0.238306,0.750655,-0.056481,0.203330,0.699851,-0.068976,0.154303,0.674226,-0.074489,0.251261,0.616899,-0.030338,0.228852,0.636426,-0.068017,0.204251,0.692683,-0.087073,0.192382,0.706408,-0.096302,0.204530,0.583545,-0.026952,0.167400,0.638259,-0.059208,0.164707,0.700569,-0.066099,0.171858,0.695991,-0.065740,0.159155,0.583597,-0.030053,0.124840,0.653528,-0.061155,0.131817,0.709482,-0.057739,0.143118,0.698610,-0.050938,0.117364,0.600732,-0.037035,0.096277,0.665474,-0.056271,0.107173,0.712033,-0.053425,0.120900,0.706133,-0.046863
3580,0,0.051660,0.048941,0.684338,3.956154,4.498090,0.147900,0.800507,-0.000000,0.195743,0.794148,-0.037924,0.239005,0.749595,-0.056765,0.205023,0.698598,-0.069708,0.155919,0.674211,-0.075727,0.250699,0.618370,-0.030821,0.231288,0.633522,-0.068684,0.204347,0.689682,-0.087526,0.189618,0.707205,-0.096314,0.204652,0.584121,-0.027134,0.167191,0.637171,-0.059595,0.163461,0.699088,-0.066397,0.170083,0.696520,-0.065915,0.159760,0.583295,-0.029873,0.124805,0.652545,-0.061220,0.130933,0.707845,-0.057879,0.141951,0.699190,-0.051077,0.118068,0.599136,-0.036479,0.096254,0.664017,-0.056404,0.106234,0.711062,-0.054026,0.119868,0.706384,-0.047676
3613,0,0.080208,0.074681,0.393386,3.932696,4.490399,0.147947,0.799821,-0.000000,0.195613,0.794729,-0.038612,0.238471,0.749433,-0.057019,0.204296,0.697501,-0.069130,0.156062,0.672628,-0.074407,0.250347,0.616719,-0.030488,0.225144,0.635621,-0.066732,0.199551,0.690967,-0.084719,0.188483,0.706000,-0.093233,0.204746,0.583731,-0.026201,0.165673,0.636456,-0.057679,0.161685,0.697567,-0.064274,0.169204,0.695104,-0.063674,0.159841,0.583224,-0.028270,0.123880,0.650676,-0.059298,0.129693,0.706214,-0.056629,0.141252,0.697957,-0.050094,0.118250,0.599312,-0.034176,0.095683,0.662806,-0.053841,0.105281,0.709567,-0.051863,0.118728,0.705227,-0.045777
3644,0,0.084959,0.093508,0.472427,3.969532,4.517441,0.148974,0.801247,-0.000000,0.196597,0.794243,-0.038120,0.238054,0.749415,-0.057165,0.202284,0.698260,-0.070072,0.153992,0.672701,-0.076001,0.250739,0.616714,-0.032071,0.229697,0.633942,-0.069353,0.202113,0.689200,-0.087679,0.186876,0.705719,-0.096423,0.204528,0.583190,-0.028268,0.167220,0.636704,-0.060399,0.163363,0.698076,-0.066957,0.170153,0.695262,-0.066538,0.159337,0.582808,-0.030784,0.124689,0.652308,-0.061747,0.130762,0.707227,-0.058423,0.141807,0.698188,-0.051835,0.117677,0.599517,-0.037192,0.096415,0.664655,-0.056896,0.106156,0.711022,-0.054620,0.119334,0.705742,-0.048541
3675,0,0.068364,0.082596,1.258686,3.958436,4.510134,0.147912,0.800035,-0.000000,0.195783,0.792681,-0.037135,0.238293,0.748977,-0.056018,0.204170,0.698887,-0.069330,0.155652,0.674849,-0.076016,0.249886,0.620841,-0.031292,0.235216,0.629855,-0.069330,0.205728,0.683808,-0.088184,0.187286,0.705082,-0.096857,0.204455,0.585582,-0.027588,0.168336,0.636399,-0.060235,0.162981,0.697268,-0.067162,0.168498,0.697286,-0.066921,0.159551,0.583705,-0.030223,0.125256,0.651882,-0.061801,0.130569,0.706480,-0.058910,0.141139,0.700572,-0.052464,0.117819,0.598735,-0.036562,0.096302,0.663276,-0.057404,0.105577,0.710475,-0.055838,0.119121,0.707610,-0.049995
3709,0,0.082990,0.096904,1.037998,3.974569,4.544588,0.149154,0.800480,-0.000000,0.196199,0.794838,-0.038885,0.238457,0.748757,-0.058000,0.204343,0.696685,-0.070813,0.156049,0.671861,-0.076640,0.250131,0.616395,-0.031453,0.223732,0.632806,-0.069148,0.199692,0.689278,-0.087936,0.189043,0.706634,-0.096736,0.204096,0.583354,-0.027231,0.164289,0.635630,-0.060051,0.162102,0.697381,-0.067126,0.170340,0.695059,-0.066651,0.159168,0.583141,-0.029476,0.122984,0.652455,-0.061419,0.129913,0.707584,-0.058832,0.141935,0.698871,-0.052233,0.117514,0.599390,-0.035644,0.095246,0.664158,-0.056246,0.105393,0.711269,-0.054760,0.119398,0.706767,-0.048844
3739,0,0.057343,0.071380,0.745360,3.950707,4.488338,0.148543,0.801115,-0.000000,0.195395,0.794660,-0.038059,0.238381,0.748971,-0.056819,0.205318,0.697102,-0.069466,0.156907,0.671372,-0.075040,0.251388,0.616665,-0.031227,0.227372,0.635205,-0.068387,0.202124,0.690721,-0.086907,0.189629,0.704914,-0.095778,0.205230,0.583181,-0.027421,0.165737,0.637968,-0.059546,0.163226,0.699015,-0.066229,0.170411,0.694528,-0.065810,0.160195,0.582763,-0.029908,0.123692,0.652782,-0.060745,0.130871,0.707944,-0.057269,0.142219,0.698092,-0.050496,0.118374,0.599038,-0.036291,0.095750,0.664056,-0.055710,0.106211,0.710456,-0.053283,0.119960,0.704986,-0.046990
3771,0,0.078042,0.082929,1.092777,3.960650,4.484648,0.148093,0.801281,-0.000000,0.195871,0.793968,-0.037768,0.239013,0.748550,-0.056833,0.205119,0.696449,-0.070167,0.155877,0.672116,-0.076562,0.251152,0.619983,-0.031524,0.233694,0.630579,-0.069805,0.204648,0.686091,-0.088930,0.186373,0.705738,-0.097738,0.205356,0.584857,-0.027753,0.167531,0.636403,-0.060694,0.163521,0.698396,-0.067572,0.169689,0.696858,-0.067210,0.160555,0.583478,-0.030377,0.125071,0.651349,-0.061901,0.131298,0.706651,-0.058522,0.142088,0.699816,-0.051705,0.118970,0.598984,-0.036863,0.096823,0.663304,-0.057436,0.106882,0.710737,-0.055445,0.120866,0.707636,-0.049261
3803,0,0.090319,0.085868,0.620456,3.952796,4.505817,0.148743,0.800072,-0.000000,0.196360,0.794819,-0.039497,0.239085,0.748400,-0.058375,0.205423,0.695412,-0.070830,0.157289,0.671068,-0.076172,0.251346,0.615217,-0.031363,0.222974,0.634162,-0.068429,0.198565,0.689858,-0.086857,0.188299,0.705146,-0.095501,0.205661,0.582387,-0.026831,0.164572,0.635478,-0.059245,0.162284,0.696316,-0.066088,0.170694,0.694035,-0.065368,0.160787,0.582164,-0.028797,0.123280,0.650801,-0.060746,0.130660,0.706292,-0.058315,0.143330,0.698599,-0.051652,0.119262,0.598328,-0.034755,0.096081,0.662543,-0.055434,0.106507,0.709977,-0.054083,0.120994,0.706453,-0.048170
3851,0,0.099470,0.105773,0.661212,3.995332,4.566285,0.149124,0.799545,-0.000000,0.196930,0.792876,-0.037897,0.239869,0.749083,-0.057343,0.205871,0.697568,-0.071091,0.156677,0.671674,-0.078086,0.251675,0.617662,-0.032561,0.231713,0.632898,-0.070790,0.203496,0.689711,-0.089783,0.186733,0.708276,-0.098647,0.205513,0.583656,-0.028837,0.167273,0.636570,-0.061926,0.163331,0.698851,-0.068800,0.169793,0.697740,-0.068438,0.160484,0.582775,-0.031385,0.124801,0.651161,-0.063192,0.131120,0.707056,-0.059574,0.142412,0.701031,-0.052580,0.118630,0.598487,-0.037746,0.096501,0.662904,-0.058579,0.106624,0.711061,-0.056378,0.121015,0.708728,-0.049987
3884,0,0.068131,0.069165,0.364347,3.944544,4.509562,0.148797,0.799766,-0.000000,0.196703,0.793966,-0.038088,0.239330,0.748952,-0.056803,0.205160,0.697348,-0.069479,0.155994,0.673080,-0.075399,0.251636,0.618094,-0.031451,0.230626,0.633147,-0.068702,0.202677,0.688541,-0.087178,0.187585,0.707280,-0.095728,0.205725,0.584139,-0.027400,0.167804,0.635781,-0.059314,0.163230,0.696546,-0.066011,0.169696,0.695612,-0.065533,0.160713,0.583064,-0.029687,0.125405,0.650498,-0.060749,0.131024,0.705622,-0.057939,0.142085,0.699044,-0.051452,0.119005,0.598796,-0.035816,0.096873,0.662714,-0.055936,0.106331,0.709928,-0.054112,0.119859,0.706991,-0.048133
3918,0,0.040338,0.047459,0.445637,3.944174,4.508316,0.149283,0.800385,-0.000000,0.197333,0.794299,-0.038714,0.239833,0.748805,-0.057608,0.204671,0.696656,-0.070254,0.155741,0.672279,-0.075934,0.251405,0.618041,-0.032108,0.230103,0.632473,-0.069716,0.204301,0.687642,-0.088251,0.190829,0.705095,-0.096741,0.205417,0.584098,-0.027818,0.166716,0.636889,-0.060209,0.163842,0.697990,-0.066906,0.171107,0.695298,-0.066427,0.160434,0.583124,-0.029985,0.124677,0.651490,-0.061225,0.131234,0.706476,-0.058206,0.142747,0.697983,-0.051599,0.118985,0.599102,-0.036054,0.096574,0.662862,-0.055874,0.106191,0.709700,-0.053811,0.119450,0.705596,-0.047683
3950,0,0.044969,0.046148,0.335927,3.928624,4.477654,0.149361,0.800531,-0.000000,0.196593,0.794229,-0.039060,0.238961,0.748378,-0.057947,0.205365,0.696479,-0.070518,0.157358,0.671447,-0.075906,0.252494,0.616530,-0.031757,0.228280,0.632971,-0.069021,0.204125,0.688277,-0.087279,0.193027,0.703298,-0.095840,0.206495,0.582960,-0.027477,0.166928,0.636136,-0.060192,0.164303,0.696927,-0.066806,0.171826,0.693219,-0.066088,0.161487,0.582186,-0.029692,0.125168,0.651184,-0.061359,0.132256,0.706199,-0.058306,0.144124,0.696981,-0.051482,0.119802,0.598085,-0.035858,0.097523,0.662442,-0.055971,0.107932,0.709145,-0.054116,0.121811,0.704154,-0.048070
3983,0,0.071013,0.074925,1.199346,3.948085,4.505744,0.149287,0.800057,-0.000000,0.196687,0.792749,-0.037382,0.239450,0.748398,-0.056345,0.206197,0.696590,-0.069760,0.157218,0.672179,-0.076332,0.251652,0.619177,-0.031293,0.233507,0.629920,-0.069157,0.205005,0.686697,-0.087668,0.188480,0.707267,-0.096049,0.206246,0.584729,-0.027720,0.168941,0.635026,-0.060656,0.164128,0.697183,-0.067349,0.170236,0.697009,-0.066625,0.161625,0.583393,-0.030433,0.126526,0.650377,-0.062284,0.131982,0.706171,-0.059058,0.143124,0.700370,-0.052154,0.120109,0.598087,-0.036930,0.097932,0.662328,-0.057913,0.107416,0.710361,-0.056134,0.121495,0.708457,-0.049984
4015,0,0.079482,0.074382,0.735036,3.966697,4.546776,0.148949,0.798642,-0.000000,0.197285,0.793582,-0.039206,0.239509,0.748325,-0.058198,0.205048,0.696115,-0.070769,0.156521,0.671622,-0.076442,0.252012,0.615986,-0.032458,0.225018,0.634099,-0.069335,0.199270,0.689750,-0.087490,0.187571,0.706680,-0.096030,0.206196,0.582777,-0.027919,0.165338,0.635628,-0.059929,0.162280,0.695762,-0.066708,0.170391,0.694041,-0.066230,0.161234,0.581889,-0.029711,0.123781,0.650803,-0.061154,0.130339,0.705610,-0.058944,0.142744,0.698664,-0.052644,0.119769,0.597652,-0.035414,0.096420,0.661948,-0.055928,0.106221,0.709250,-0.054704,0.120189,0.706602,-0.048971
4048,0,0.087547,0.098037,0.440124,3.909126,4.456687,0.148681,0.799981,-0.000000,0.196183,0.793650,-0.037190,0.239330,0.748413,-0.055784,0.205809,0.696802,-0.068810,0.156831,0.671906,-0.074978,0.252147,0.617867,-0.029913,0.232515,0.632726,-0.067253,0.205820,0.688638,-0.085937,0.191085,0.705359,-0.094681,0.206484,0.583572,-0.026455,0.168972,0.635391,-0.058809,0.164923,0.697671,-0.065456,0.171453,0.695844,-0.064737,0.161699,0.582660,-0.029359,0.126706,0.649743,-0.060725,0.132615,0.706297,-0.057192,0.143689,0.699487,-0.050035,0.120067,0.598413,-0.036022,0.098091,0.661819,-0.056054,0.107979,0.709709,-0.053509,0.121873,0.706735,-0.046891
4080,0,0.050072,0.050192,0.645773,3.893931,4.443619,0.148933,0.799942,-0.000000,0.196851,0.792517,-0.036532,0.239606,0.748071,-0.054858,0.206079,0.696167,-0.067836,0.157274,0.671834,-0.074025,0.251435,0.620326,-0.029562,0.234812,0.629179,-0.067055,0.205276,0.683598,-0.085801,0.186945,0.704459,-0.094273,0.206556,0.585221,-0.025927,0.168800,0.636385,-0.057922,0.164358,0.696817,-0.064832,0.170365,0.696239,-0.064411,0.162377,0.583285,-0.028585,0.126816,0.650853,-0.059514,0.132533,0.705381,-0.056600,0.143457,0.699310,-0.050051,0.121214,0.597750,-0.034970,0.098675,0.661654,-0.055188,0.107741,0.708954,-0.053356,0.121172,0.707134,-0.047197
4114,0,0.085470,0.081668,0.552975,3.891608,4.450955,0.149043,0.799562,-0.000000,0.197068,0.793584,-0.037459,0.239910,0.747539,-0.055652,0.206866,0.694554,-0.067999,0.159031,0.669656,-0.073487,0.251930,0.617287,-0.029735,0.225194,0.631280,-0.066448,0.197240,0.686366,-0.084879,0.182293,0.705549,-0.093290,0.206353,0.583599,-0.025679,0.165716,0.634137,-0.056904,0.162710,0.693628,-0.063764,0.170349,0.692540,-0.063346,0.161961,0.582420,-0.027930,0.124717,0.649588,-0.058455,0.131490,0.703623,-0.056278,0.143501,0.697106,-0.050104,0.120906,0.597707,-0.033999,0.098010,0.660744,-0.053952,0.107881,0.707899,-0.052610,0.121953,0.705667,-0.046794
4147,0,0.053950,0.067971,0.434776,3.859528,4.404154,0.149636,0.800780,-0.000000,0.197049,0.793073,-0.036220,0.239383,0.745796,-0.054345,0.206319,0.693255,-0.067168,0.157726,0.669447,-0.073219,0.251761,0.617802,-0.028416,0.230836,0.627660,-0.065190,0.200696,0.683671,-0.083525,0.181969,0.705513,-0.091794,0.206273,0.583532,-0.024911,0.167853,0.633282,-0.056293,0.164209,0.693628,-0.063033,0.170558,0.693213,-0.062554,0.161859,0.582633,-0.027682,0.126091,0.649362,-0.058030,0.132480,0.703749,-0.055274,0.143544,0.697754,-0.048863,0.120566,0.598126,-0.034183,0.098678,0.661610,-0.053986,0.108396,0.708779,-0.052398,0.122412,0.706147,-0.046466
4178,0,0.068439,0.083687,0.645684,3.849963,4.368670,0.148860,0.801060,-0.000000,0.197062,0.793272,-0.037237,0.239843,0.745994,-0.055736,0.206605,0.692077,-0.068820,0.157160,0.669088,-0.074715,0.252717,0.619786,-0.029402,0.234150,0.625541,-0.066714,0.204612,0.682100,-0.084822,0.186034,0.703688,-0.092823,0.207561,0.584811,-0.025537,0.168794,0.633897,-0.057781,0.165621,0.695168,-0.064308,0.172388,0.693256,-0.063466,0.163138,0.583233,-0.028123,0.127007,0.648205,-0.058984,0.133676,0.703046,-0.055736,0.144685,0.696088,-0.048908,0.121952,0.597969,-0.034560,0.099590,0.660324,-0.054442,0.109443,0.707422,-0.052638,0.123479,0.704388,-0.046592
4216,0,0.092297,0.096393,0.841536,3.872371,4.413689,0.149662,0.800477,-0.000000,0.198605,0.794395,-0.038527,0.241068,0.744723,-0.057054,0.206199,0.689855,-0.069535,0.157534,0.665899,-0.074828,0.252415,0.613130,-0.029850,0.219789,0.628800,-0.066588,0.197384,0.687200,-0.084633,0.189310,0.704807,-0.092814,0.206466,0.581764,-0.025835,0.165016,0.632220,-0.057836,0.164369,0.693346,-0.064482,0.173486,0.690941,-0.063460,0.162038,0.582437,-0.028271,0.124863,0.649037,-0.059520,0.132686,0.703866,-0.056843,0.145474,0.695765,-0.049956,0.120985,0.598801,-0.034677,0.098810,0.661295,-0.054257,0.109542,0.707850,-0.052452,0.123969,0.703043,-0.046196
4250,0,0.168066,0.189354,0.879654,3.743056,4.242501,0.149700,0.802253,-0.000000,0.198192,0.793236,-0.036474,0.241282,0.744531,-0.054212,0.207338,0.689697,-0.066713,0.158486,0.666264,-0.072040,0.252868,0.617584,-0.026380,0.235082,0.623149,-0.062354,0.208353,0.679886,-0.079547,0.192992,0.699668,-0.087236,0.207644,0.583815,-0.022989,0.171790,0.629008,-0.054757,0.167909,0.692648,-0.060962,0.174470,0.690869,-0.059539,0.163444,0.583091,-0.026062,0.129232,0.645007,-0.057420,0.135588,0.702050,-0.053940,0.146934,0.695164,-0.046493,0.122068,0.598150,-0.032781,0.100776,0.658197,-0.052668,0.110892,0.706891,-0.050126,0.124974,0.704345,-0.043376
4284,0,0.148412,0.180816,0.683736,3.649480,4.106940,0.151119,0.804991,-0.000000,0.199696,0.794176,-0.035422,0.242103,0.742562,-0.052996,0.206476,0.685333,-0.065510,0.156414,0.660826,-0.071086,0.251581,0.612032,-0.025165,0.232460,0.621362,-0.058723,0.213423,0.679657,-0.074722,0.205421,0.697355,-0.082297,0.206148,0.581259,-0.022453,0.173723,0.628554,-0.052178,0.172628,0.689618,-0.058329,0.179377,0.685774,-0.057450,0.161919,0.583466,-0.025831,0.131512,0.645121,-0.055299,0.139643,0.700115,-0.052148,0.150963,0.692458,-0.045482,0.120914,0.600903,-0.032816,0.103558,0.659474,-0.051330,0.114835,0.706094,-0.048693,0.128714,0.703004,-0.042209
4317,0,0.273828,0.318754,2.702703,3.487961,3.863389,0.148824,0.806276,-0.000000,0.196403,0.796611,-0.037136,0.241365,0.740757,-0.053733,0.210957,0.678273,-0.065403,0.162622,0.648294,-0.069345,0.250747,0.622281,-0.021539,0.244574,0.607382,-0.058475,0.217866,0.664346,-0.076119,0.204898,0.685645,-0.083940,0.207721,0.590282,-0.017921,0.181043,0.616709,-0.052224,0.174505,0.682326,-0.058567,0.181157,0.679946,-0.055827,0.164724,0.589402,-0.021663,0.136372,0.634923,-0.054903,0.141281,0.693683,-0.050715,0.152208,0.685201,-0.041724,0.123919,0.602298,-0.029130,0.106076,0.651506,-0.048467,0.115141,0.698138,-0.045203,0.127979,0.693166,-0.037752
4349,0,0.267957,0.324934,3.011321,3.400419,3.754888,0.151636,0.811110,-0.000000,0.197037,0.798650,-0.041963,0.245734,0.738356,-0.059558,0.221090,0.671230,-0.070018,0.174318,0.637367,-0.072255,0.251961,0.613275,-0.025818,0.236154,0.613597,-0.058137,0.219919,0.674639,-0.072497,0.214666,0.681510,-0.079874,0.207387,0.586997,-0.019575,0.179639,0.614539,-0.051304,0.179374,0.688575,-0.055839,0.187304,0.678088,-0.052786,0.163800,0.589753,-0.020271,0.135181,0.625128,-0.053421,0.143059,0.689750,-0.047072,0.153634,0.674665,-0.037186,0.121792,0.605573,-0.024806,0.104038,0.644207,-0.045107,0.114194,0.691639,-0.040451,0.125724,0.681583,-0.032379
4382,0,0.395687,0.413470,6.938165,3.270223,3.589130,0.148271,0.811348,-0.000000,0.191355,0.799914,-0.042830,0.244105,0.740523,-0.061914,0.237553,0.667146,-0.075223,0.193819,0.626864,-0.081152,0.247460,0.624734,-0.022481,0.238981,0.604957,-0.057313,0.221129,0.661139,-0.073371,0.214876,0.669973,-0.080473,0.204084,0.603707,-0.015332,0.184069,0.601486,-0.049778,0.178591,0.678955,-0.052094,0.185492,0.671254,-0.045795,0.162510,0.605245,-0.015780,0.139130,0.605938,-0.053175,0.142264,0.676771,-0.040700,0.152274,0.671194,-0.024179,0.120048,0.617105,-0.020010,0.104992,0.622595,-0.042552,0.112298,0.672211,-0.032733,0.123150,0.671062,-0.019454
4415,0,0.250832,0.260835,6.325349,3.181825,3.600484,0.150308,0.810506,-0.000000,0.194433,0.798978,-0.040826,0.246347,0.738718,-0.057835,0.245299,0.666958,-0.069266,0.206071,0.626918,-0.073703,0.243819,0.626958,-0.021815,0.232914,0.598138,-0.055986,0.213342,0.656322,-0.070868,0.210401,0.671414,-0.076784,0.199700,0.612404,-0.015052,0.186984,0.588577,-0.050132,0.177126,0.669663,-0.050840,0.185875,0.675257,-0.042459,0.157722,0.614336,-0.015676,0.141422,0.592802,-0.053829,0.140146,0.667619,-0.039193,0.151840,0.673970,-0.019997,0.115579,0.625163,-0.019797,0.105284,0.609827,-0.042675,0.108543,0.660244,-0.030966,0.118174,0.667958,-0.015737
4447,0,0.426554,0.431730,2.727598,3.280062,3.753691,0.150928,0.808389,-0.000000,0.196170,0.796144,-0.042058,0.244702,0.741012,-0.060440,0.253079,0.672671,-0.073345,0.222052,0.623992,-0.080463,0.242329,0.626569,-0.029679,0.221696,0.587951,-0.068208,0.202926,0.646232,-0.084796,0.204926,0.679954,-0.089500,0.197157,0.614136,-0.021555,0.183367,0.577812,-0.063876,0.170662,0.661344,-0.067899,0.180302,0.690604,-0.059295,0.155590,0.615359,-0.020286,0.138349,0.584714,-0.063690,0.134899,0.661173,-0.052301,0.148682,0.688978,-0.032557,0.115426,0.626995,-0.022205,0.103141,0.599875,-0.050909,0.105105,0.653264,-0.042893,0.116622,0.678078,-0.027884
4478,0,0.325670,0.356828,1.420905,3.370106,3.972252,0.153186,0.806405,-0.000000,0.199701,0.797072,-0.045242,0.245462,0.743058,-0.066863,0.257801,0.676897,-0.083547,0.228890,0.626029,-0.095107,0.237709,0.625270,-0.035587,0.221076,0.577967,-0.079610,0.200694,0.640036,-0.099107,0.198282,0.682625,-0.103606,0.192500,0.614824,-0.026167,0.181974,0.569642,-0.074111,0.167601,0.655120,-0.080735,0.174033,0.694716,-0.071987,0.150832,0.616039,-0.023824,0.137570,0.576392,-0.070612,0.132444,0.655544,-0.060520,0.143489,0.694358,-0.039868,0.111498,0.626980,-0.024808,0.100538,0.590589,-0.055302,0.102351,0.646543,-0.048022,0.113605,0.680676,-0.032588
4510,0,0.289254,0.280086,1.218695,3.215443,3.893068,0.150667,0.801593,-0.000000,0.200867,0.797632,-0.042175,0.250787,0.745060,-0.061457,0.266876,0.679532,-0.077124,0.238177,0.630510,-0.088700,0.231173,0.626439,-0.031128,0.224794,0.565519,-0.073927,0.200220,0.622940,-0.094071,0.192514,0.669093,-0.099187,0.187340,0.617494,-0.023182,0.181301,0.559469,-0.069770,0.161632,0.640801,-0.077956,0.165845,0.687924,-0.070282,0.147313,0.618642,-0.022287,0.138469,0.565795,-0.066637,0.127367,0.641863,-0.058419,0.136105,0.687721,-0.039266,0.111204,0.629359,-0.024717,0.101776,0.588487,-0.054486,0.099499,0.644355,-0.048634,0.110268,0.684175,-0.034565
4542,0,0.258614,0.254910,0.590373,3.098050,3.741371,0.147185,0.801015,-0.000000,0.200351,0.800318,-0.042036,0.251783,0.751067,-0.061094,0.274186,0.690829,-0.077298,0.255391,0.637902,-0.089915,0.231512,0.624403,-0.029219,0.227773,0.557328,-0.070391,0.199603,0.606034,-0.092306,0.185634,0.654829,-0.099278,0.186804,0.615135,-0.022130,0.180981,0.550673,-0.066971,0.158510,0.627200,-0.078095,0.158905,0.678493,-0.073180,0.146208,0.616348,-0.022047,0.138070,0.557206,-0.064514,0.124730,0.630629,-0.059733,0.129600,0.681072,-0.043463,0.109593,0.628140,-0.025467,0.098690,0.584734,-0.055483,0.096197,0.637462,-0.052129,0.105824,0.678781,-0.040077
4574,0,0.288244,0.276996,0.830215,2.889759,3.537022,0.146335,0.799881,-0.000000,0.202374,0.799842,-0.038418,0.255309,0.752463,-0.055658,0.279995,0.692101,-0.070894,0.262284,0.639924,-0.083953,0.230588,0.624813,-0.027017,0.229602,0.552330,-0.064226,0.202296,0.589677,-0.086925,0.186508,0.636946,-0.096046,0.185573,0.614135,-0.021576,0.181882,0.543967,-0.060288,0.157916,0.607841,-0.073105,0.155133,0.658854,-0.072276,0.144449,0.616058,-0.022232,0.139153,0.547410,-0.058906,0.122937,0.610650,-0.056245,0.123671,0.662435,-0.044119,0.107405,0.629736,-0.026257,0.096650,0.580763,-0.053481,0.092384,0.627809,-0.050752,0.099424,0.670398,-0.040802
4618,0,0.349886,0.309941,0.996460,2.620294,3.298908,0.144994,0.796980,-0.000000,0.201512,0.799096,-0.038883,0.254711,0.752387,-0.054668,0.282874,0.694782,-0.068731,0.272182,0.637912,-0.081141,0.229621,0.621406,-0.024346,0.233303,0.547182,-0.058711,0.206392,0.570884,-0.081633,0.187023,0.611451,-0.091477,0.185537,0.609150,-0.018404,0.183442,0.534540,-0.054211,0.156108,0.581995,-0.070805,0.146899,0.629667,-0.073547,0.145134,0.610529,-0.018317,0.140456,0.539129,-0.052664,0.120456,0.590549,-0.055407,0.116435,0.641816,-0.047778,0.109141,0.624890,-0.021533,0.096141,0.574776,-0.048481,0.088424,0.613809,-0.048938,0.092372,0.656314,-0.041590
4650,0,0.375349,0.415611,1.543394,2.366121,2.956094,0.142454,0.798955,-0.000000,0.202008,0.802077,-0.041182,0.256826,0.754622,-0.055897,0.289691,0.694417,-0.068291,0.283978,0.635974,-0.078935,0.229425,0.620692,-0.020966,0.234415,0.540117,-0.051647,0.206786,0.551029,-0.073434,0.188432,0.586489,-0.083221,0.185688,0.608779,-0.012519,0.178920,0.524777,-0.044539,0.150397,0.561423,-0.062148,0.144733,0.606251,-0.066434,0.145873,0.610206,-0.010179,0.138963,0.531080,-0.042110,0.117567,0.571051,-0.049075,0.116294,0.621293,-0.045182,0.110372,0.624812,-0.011385,0.094019,0.569116,-0.038646,0.082398,0.600108,-0.043289,0.086072,0.645327,-0.039289
4683,0,0.518115,0.550445,3.323024,2.106535,2.682244,0.144478,0.801685,-0.000000,0.202861,0.803110,-0.043318,0.257390,0.758654,-0.058794,0.290973,0.700692,-0.071347,0.294537,0.644184,-0.082289,0.230282,0.614973,-0.022109,0.237375,0.536646,-0.051075,0.213446,0.530435,-0.075619,0.191200,0.550583,-0.088585,0.187044,0.598962,-0.012741,0.184526,0.516089,-0.041145,0.162116,0.525773,-0.065839,0.149538,0.561389,-0.078392,0.146566,0.601046,-0.009214,0.138283,0.521279,-0.038072,0.117189,0.537888,-0.057183,0.106016,0.582980,-0.064752,0.109955,0.618671,-0.009228,0.092029,0.563181,-0.036742,0.079113,0.578704,-0.050738,0.074959,0.619372,-0.055534
4717,0,0.333009,0.354523,3.236333,1.929624,2.459881,0.144618,0.804018,0.000000,0.202502,0.803990,-0.043052,0.258904,0.762161,-0.059076,0.293363,0.702620,-0.071766,0.304053,0.645440,-0.082883,0.230110,0.617773,-0.024804,0.238225,0.541367,-0.051448,0.221774,0.519567,-0.075216,0.203131,0.521277,-0.088711,0.188396,0.596989,-0.015354,0.185678,0.515187,-0.042093,0.165088,0.505324,-0.067587,0.146476,0.526211,-0.082270,0.148997,0.597205,-0.011386,0.137939,0.519662,-0.037991,0.116221,0.521116,-0.060955,0.099214,0.554551,-0.072763,0.112197,0.614783,-0.010897,0.092185,0.559830,-0.036592,0.075875,0.561679,-0.053939,0.064395,0.588229,-0.062488
4750,0,0.349502,0.350927,1.866268,1.752901,2.266476,0.145040,0.804680,0.000000,0.204273,0.803256,-0.043589,0.260177,0.763847,-0.061531,0.295229,0.707118,-0.076320,0.311227,0.649692,-0.089514,0.230898,0.614838,-0.024714,0.239369,0.537338,-0.052152,0.221559,0.507364,-0.077527,0.199631,0.496717,-0.093017,0.190597,0.593897,-0.016044,0.191572,0.510353,-0.044368,0.170644,0.488071,-0.073090,0.148415,0.495910,-0.090526,0.151850,0.593636,-0.012882,0.141325,0.517537,-0.039133,0.119732,0.504773,-0.065695,0.100291,0.522958,-0.080718,0.115139,0.610090,-0.013388,0.096911,0.554861,-0.038394,0.080750,0.545431,-0.058457,0.067396,0.559246,-0.069860
4783,0,0.415232,0.422288,2.802279,1.355782,1.858856,0.143848,0.804346,0.000000,0.205638,0.800264,-0.040582,0.261465,0.761346,-0.056932,0.295767,0.703927,-0.069910,0.316156,0.649010,-0.081242,0.230607,0.611185,-0.022565,0.241272,0.538266,-0.043993,0.230369,0.502688,-0.064931,0.212479,0.476118,-0.079163,0.190568,0.588820,-0.014723,0.189569,0.511268,-0.035014,0.173890,0.475975,-0.057873,0.152558,0.458947,-0.073870,0.150776,0.588199,-0.012008,0.142695,0.516562,-0.032759,0.124947,0.492579,-0.053952,0.103751,0.486952,-0.067283,0.111994,0.604738,-0.012841,0.097435,0.550077,-0.033857,0.082956,0.534899,-0.049286,0.066215,0.534533,-0.058265
4818,0,0.275576,0.242777,1.417738,1.115850,1.657854,0.142285,0.800740,0.000000,0.204657,0.799037,-0.039347,0.260181,0.760241,-0.055519,0.294308,0.702902,-0.068238,0.318377,0.650959,-0.079279,0.231373,0.608876,-0.024073,0.242498,0.532013,-0.044595,0.234690,0.490459,-0.063985,0.218637,0.457275,-0.077485,0.191153,0.584793,-0.017206,0.190633,0.503493,-0.035680,0.176188,0.461916,-0.055714,0.153394,0.433270,-0.069799,0.151354,0.583971,-0.015148,0.144774,0.509997,-0.033573,0.127751,0.479121,-0.051071,0.104779,0.459173,-0.062308,0.111330,0.601119,-0.016660,0.097660,0.544656,-0.034685,0.083061,0.523074,-0.046702,0.064856,0.509789,-0.053451
4850,0,0.269021,0.308834,0.942631,0.870342,1.357366,0.142385,0.803048,0.000000,0.205318,0.797962,-0.037686,0.261808,0.757274,-0.053061,0.297501,0.702126,-0.065306,0.322722,0.652024,-0.075847,0.231217,0.606497,-0.023202,0.244490,0.527896,-0.043234,0.239121,0.482560,-0.061819,0.225440,0.444402,-0.074698,0.191905,0.582596,-0.017654,0.194547,0.496049,-0.034456,0.183581,0.447951,-0.052071,0.164368,0.411308,-0.064435,0.152310,0.582126,-0.016871,0.147738,0.503744,-0.033921,0.132612,0.465519,-0.049099,0.111829,0.435042,-0.058768,0.111633,0.599974,-0.019665,0.098415,0.541028,-0.036081,0.084789,0.514313,-0.045810,0.067833,0.492769,-0.051001
4881,0,0.243947,0.253099,0.668049,0.785637,1.236695,0.144067,0.805350,0.000000,0.207618,0.799133,-0.038795,0.263895,0.757686,-0.055340,0.298243,0.702859,-0.068641,0.325948,0.655388,-0.080177,0.232747,0.604198,-0.026274,0.248108,0.523818,-0.046965,0.244288,0.475985,-0.065480,0.233138,0.434311,-0.078534,0.193053,0.580241,-0.020763,0.197023,0.490247,-0.037420,0.188952,0.437008,-0.054108,0.174112,0.393456,-0.066506,0.153086,0.580727,-0.020044,0.148898,0.499301,-0.037174,0.135421,0.456399,-0.051522,0.117918,0.419636,-0.061210,0.112169,0.600246,-0.023072,0.099628,0.538671,-0.039760,0.085879,0.507385,-0.049099,0.069910,0.479770,-0.054313
4915,0,0.197815,0.241475,0.486422,0.624126,1.000245,0.143696,0.807603,0.000000,0.207842,0.800063,-0.036951,0.264778,0.755521,-0.052456,0.300468,0.700291,-0.064928,0.330698,0.655649,-0.075714,0.232651,0.602083,-0.024564,0.249870,0.518698,-0.044030,0.248007,0.469096,-0.061220,0.239890,0.425450,-0.073649,0.192194,0.578515,-0.020013,0.197245,0.484108,-0.035582,0.191640,0.427955,-0.051192,0.180548,0.381252,-0.062863,0.152124,0.579672,-0.020087,0.148277,0.494862,-0.036509,0.137224,0.447987,-0.049928,0.123479,0.406234,-0.058987,0.111721,0.600580,-0.023805,0.099678,0.535774,-0.040090,0.086594,0.500192,-0.048706,0.072817,0.466772,-0.053383
4947,0,0.198629,0.242756,0.354143,0.621062,0.906355,0.143395,0.809945,0.000000,0.207905,0.801521,-0.038003,0.264620,0.755497,-0.054389,0.302401,0.699830,-0.067619,0.335692,0.656831,-0.079422,0.233224,0.600789,-0.026633,0.251275,0.518649,-0.046650,0.251755,0.467543,-0.064204,0.246880,0.420510,-0.077477,0.192886,0.576319,-0.022439,0.199373,0.480476,-0.039322,0.196129,0.423317,-0.055340,0.188126,0.374110,-0.067316,0.152611,0.577999,-0.022871,0.148881,0.490683,-0.040900,0.139591,0.440113,-0.054692,0.128328,0.393966,-0.063901,0.112227,0.600000,-0.027043,0.099430,0.532799,-0.045094,0.086929,0.492991,-0.054476,0.074584,0.454780,-0.059621
4985,0,0.212681,0.261849,0.246935,0.649103,0.792491,0.141986,0.811124,0.000000,0.208592,0.800881,-0.038061,0.266446,0.753932,-0.054997,0.306224,0.698214,-0.068625,0.342426,0.656200,-0.081018,0.234038,0.599887,-0.028667,0.254721,0.515801,-0.048822,0.257521,0.462507,-0.066243,0.255192,0.412515,-0.079651,0.193393,0.575316,-0.024786,0.203153,0.476611,-0.042449,0.201885,0.417037,-0.058790,0.195140,0.365726,-0.070918,0.153104,0.576751,-0.025337,0.150100,0.486032,-0.044191,0.142165,0.431418,-0.058481,0.132379,0.382260,-0.067919,0.112784,0.598553,-0.029527,0.100813,0.528070,-0.048425,0.089176,0.484367,-0.058393,0.078162,0.442866,-0.063862
5017,0,0.176375,0.172443,0.209119,0.676275,0.747977,0.142454,0.811471,0.000000,0.209936,0.799956,-0.036000,0.268831,0.751762,-0.052123,0.309996,0.696891,-0.065209,0.347571,0.658013,-0.077262,0.236599,0.598285,-0.027725,0.259075,0.512918,-0.047580,0.263954,0.459083,-0.064490,0.263494,0.409626,-0.077397,0.194823,0.573594,-0.024892,0.207231,0.472190,-0.042296,0.207572,0.411135,-0.058284,0.202159,0.359651,-0.069976,0.153968,0.574909,-0.026264,0.152222,0.481675,-0.044725,0.145625,0.424760,-0.058868,0.137149,0.374206,-0.068178,0.113451,0.596790,-0.031076,0.102561,0.523539,-0.049424,0.091943,0.477838,-0.058913,0.082456,0.434793,-0.064085
5050,0,0.142410,0.134926,0.189760,0.762792,0.716495,0.142667,0.811312,0.000000,0.210890,0.798504,-0.034719,0.270748,0.750501,-0.050775,0.314230,0.696491,-0.064086,0.352938,0.658091,-0.076483,0.238898,0.597930,-0.027812,0.262790,0.512346,-0.047756,0.269895,0.458216,-0.064635,0.272020,0.408498,-0.077535,0.196750,0.572738,-0.025936,0.210709,0.470292,-0.043525,0.212818,0.408534,-0.059558,0.209007,0.356672,-0.071359,0.155178,0.573272,-0.028086,0.154580,0.479014,-0.046544,0.149438,0.421566,-0.060747,0.142683,0.371216,-0.070216,0.114305,0.594278,-0.033576,0.104327,0.520090,-0.051873,0.094767,0.472991,-0.061433,0.086477,0.429056,-0.066785
5083,0,0.161562,0.157497,0.108397,0.802982,0.693946,0.143215,0.811705,0.000000,0.212554,0.798049,-0.034216,0.273152,0.749029,-0.049940,0.317207,0.695406,-0.063082,0.356818,0.656835,-0.075256,0.241705,0.595843,-0.026400,0.267304,0.509414,-0.045836,0.275843,0.454333,-0.062344,0.279531,0.404141,-0.074979,0.199329,0.570826,-0.024693,0.214467,0.468308,-0.041870,0.217503,0.405687,-0.057733,0.214795,0.353766,-0.069400,0.157472,0.571372,-0.027068,0.158162,0.476454,-0.045052,0.154634,0.418114,-0.058840,0.149902,0.368238,-0.068016,0.115683,0.592141,-0.032786,0.106122,0.517282,-0.050632,0.097866,0.468931,-0.059762,0.091320,0.424174,-0.064788
5115,0,0.127774,0.123405,0.153349,0.817636,0.659976,0.143225,0.811459,0.000000,0.212222,0.797077,-0.033223,0.273783,0.747821,-0.048519,0.320381,0.695729,-0.061370,0.360838,0.657498,-0.073291,0.243308,0.595076,-0.024888,0.270550,0.508241,-0.043886,0.280318,0.453169,-0.060113,0.285165,0.403612,-0.072406,0.201140,0.570003,-0.023619,0.218150,0.467125,-0.040091,0.222609,0.403532,-0.055597,0.220650,0.351698,-0.067005,0.159201,0.570058,-0.026401,0.160772,0.474155,-0.043537,0.159391,0.415997,-0.056947,0.156512,0.366691,-0.065887,0.117163,0.590095,-0.032548,0.108230,0.515159,-0.049404,0.100932,0.466993,-0.057878,0.095818,0.423096,-0.062488
5148,0,0.087264,0.086337,0.093950,0.863667,0.687936,0.143412,0.811709,0.000000,0.213219,0.796839,-0.033343,0.275754,0.746790,-0.048597,0.322681,0.694741,-0.061391,0.363532,0.655816,-0.073341,0.243742,0.595532,-0.025611,0.271591,0.508814,-0.044848,0.282252,0.453396,-0.061063,0.288379,0.403568,-0.073247,0.202167,0.570156,-0.024416,0.220431,0.466609,-0.041099,0.226416,0.401986,-0.056470,0.226358,0.349710,-0.067718,0.160387,0.569947,-0.027321,0.162928,0.473191,-0.044801,0.162577,0.414420,-0.058392,0.161401,0.364759,-0.067389,0.118384,0.589215,-0.033531,0.110203,0.513858,-0.050753,0.103814,0.465175,-0.059470,0.099763,0.421095,-0.064250
5181,0,0.143506,0.169723,0.081261,0.856256,0.597227,0.142997,0.808308,0.000000,0.213005,0.793649,-0.032712,0.276711,0.744447,-0.047515,0.324652,0.693543,-0.060011,0.365406,0.654901,-0.071542,0.244402,0.593393,-0.023522,0.274896,0.507447,-0.042078,0.287399,0.452887,-0.057846,0.294928,0.404903,-0.069519,0.203050,0.568276,-0.022063,0.222915,0.466399,-0.037842,0.230104,0.402603,-0.052763,0.231201,0.351766,-0.063635,0.161184,0.567482,-0.024781,0.164572,0.471841,-0.041278,0.165762,0.414273,-0.054269,0.166170,0.366199,-0.062882,0.118992,0.586439,-0.030829,0.111626,0.512271,-0.047138,0.106200,0.464360,-0.055163,0.103514,0.421052,-0.059493
5216,0,0.127452,0.101762,0.071888,0.868707,0.538187,0.144478,0.807040,0.000000,0.213974,0.792243,-0.032401,0.278115,0.743341,-0.046822,0.326016,0.692322,-0.058996,0.367165,0.654062,-0.070093,0.247815,0.592748,-0.021585,0.278934,0.508965,-0.039542,0.292306,0.455523,-0.055157,0.300784,0.408824,-0.066675,0.206164,0.567448,-0.020169,0.226053,0.466308,-0.035491,0.234266,0.403338,-0.050381,0.236485,0.353261,-0.061150,0.163999,0.566403,-0.023037,0.167648,0.471800,-0.039331,0.169456,0.414675,-0.052301,0.170879,0.367086,-0.060916,0.121253,0.584937,-0.029217,0.114196,0.511425,-0.045301,0.109174,0.463962,-0.053284,0.107210,0.420635,-0.057545
5247,0,0.111216,0.132524,0.064549,0.898844,0.482923,0.144489,0.805100,0.000000,0.214752,0.790656,-0.031469,0.279893,0.742092,-0.045264,0.328067,0.691709,-0.057000,0.368716,0.653026,-0.067802,0.248805,0.594084,-0.020422,0.281052,0.510860,-0.038226,0.295234,0.457660,-0.053774,0.304792,0.411173,-0.065230,0.208084,0.568657,-0.019382,0.229134,0.468344,-0.034626,0.238743,0.406021,-0.049659,0.243018,0.356108,-0.060648,0.166507,0.566937,-0.022585,0.171063,0.472640,-0.038998,0.173696,0.415719,-0.052137,0.176330,0.368420,-0.060882,0.124368,0.584197,-0.028991,0.118042,0.511024,-0.045357,0.113633,0.463068,-0.053587,0.112271,0.419500,-0.058076
5279,0,0.084549,0.054827,0.036501,0.930392,0.456579,0.146115,0.805219,0.000000,0.215737,0.790296,-0.031923,0.280753,0.741471,-0.045667,0.329169,0.690861,-0.057160,0.370224,0.652057,-0.067607,0.250702,0.594056,-0.020245,0.283478,0.511113,-0.037820,0.298156,0.457728,-0.053213,0.308099,0.411207,-0.064543,0.210231,0.568576,-0.018759,0.232259,0.470040,-0.033757,0.242601,0.407678,-0.048616,0.247155,0.357731,-0.059435,0.168761,0.566874,-0.021580,0.173997,0.473002,-0.037774,0.177510,0.416481,-0.050752,0.180675,0.369284,-0.059342,0.126733,0.583891,-0.027674,0.120973,0.511020,-0.043949,0.117055,0.463105,-0.052099,0.116310,0.419483,-0.056463
5310,0,0.049933,0.037649,0.061360,0.954427,0.446190,0.147426,0.804348,0.000000,0.217229,0.790240,-0.031526,0.282559,0.741484,-0.045054,0.330618,0.691181,-0.056381,0.370582,0.651853,-0.066712,0.253114,0.593830,-0.020187,0.285015,0.511133,-0.037734,0.299697,0.458098,-0.053092,0.309694,0.411713,-0.064349,0.212308,0.568269,-0.018832,0.234084,0.469632,-0.033588,0.244403,0.407813,-0.048227,0.248926,0.358365,-0.058836,0.170745,0.566565,-0.021716,0.175606,0.473089,-0.037502,0.178849,0.416848,-0.050080,0.182147,0.370115,-0.058419,0.128353,0.583839,-0.027866,0.122449,0.510980,-0.043594,0.118605,0.463788,-0.051285,0.117882,0.420449,-0.055269
5350,0,0.060987,0.041164,0.034850,0.991964,0.463773,0.148711,0.804737,0.000000,0.218484,0.790667,-0.031620,0.283779,0.741874,-0.045278,0.332151,0.691372,-0.056759,0.372548,0.651230,-0.067269,0.253853,0.595072,-0.021146,0.286113,0.511837,-0.038889,0.300924,0.458590,-0.054213,0.310803,0.411633,-0.065463,0.213207,0.569695,-0.019815,0.235270,0.470393,-0.034931,0.245589,0.408363,-0.049722,0.249832,0.358378,-0.060417,0.171714,0.568153,-0.022685,0.176143,0.474173,-0.038866,0.179249,0.416975,-0.051713,0.182504,0.368817,-0.060231,0.129806,0.584969,-0.028773,0.124076,0.511647,-0.044977,0.120361,0.463803,-0.053009,0.119767,0.420050,-0.057269
5384,0,0.056637,0.036081,0.033863,1.018656,0.458618,0.149030,0.803379,0.000000,0.218719,0.789268,-0.032141,0.283920,0.740476,-0.046014,0.331939,0.689853,-0.057622,0.372654,0.649491,-0.068119,0.255121,0.592542,-0.021065,0.286719,0.510343,-0.038615,0.301282,0.457883,-0.053922,0.311328,0.411385,-0.065252,0.214195,0.566649,-0.019527,0.236068,0.468432,-0.034245,0.246089,0.407385,-0.048604,0.250374,0.358330,-0.059009,0.172470,0.565004,-0.022325,0.177250,0.471955,-0.038176,0.179878,0.415857,-0.050592,0.182925,0.368396,-0.058870,0.130460,0.582389,-0.028418,0.124860,0.510285,-0.044303,0.121110,0.463119,-0.052072,0.120670,0.419923,-0.056142
5417,0,0.025506,0.035322,0.045242,1.026871,0.464173,0.149725,0.803473,0.000000,0.219060,0.789606,-0.032188,0.283407,0.741134,-0.046139,0.331681,0.690106,-0.057888,0.372626,0.649350,-0.068594,0.255632,0.592250,-0.020590,0.286541,0.509504,-0.038190,0.300889,0.457437,-0.053577,0.310729,0.411246,-0.065025,0.214779,0.566303,-0.019211,0.235904,0.467674,-0.034135,0.245793,0.407249,-0.048665,0.249750,0.358324,-0.059185,0.172859,0.564959,-0.022247,0.176935,0.471734,-0.038352,0.179394,0.415194,-0.050982,0.182118,0.366707,-0.059371,0.130724,0.582940,-0.028596,0.124760,0.509614,-0.044725,0.121027,0.462119,-0.052650,0.120799,0.417646,-0.056961
5443,0,0.021017,0.023942,0.028801,1.022776,0.462601,0.149260,0.803411,0.000000,0.218800,0.789467,-0.032341,0.282788,0.741050,-0.046470,0.331064,0.689873,-0.058279,0.372344,0.648947,-0.069091,0.254616,0.592789,-0.020892,0.286308,0.510305,-0.038605,0.301061,0.458266,-0.054011,0.311359,0.411933,-0.065472,0.214210,0.566725,-0.019384,0.235863,0.468034,-0.034360,0.245700,0.407521,-0.048860,0.249636,0.358439,-0.059393,0.172674,0.565040,-0.022261,0.177161,0.472163,-0.038327,0.179867,0.415598,-0.050902,0.182822,0.367189,-0.059254,0.130665,0.582564,-0.028467,0.125313,0.509511,-0.044452,0.121734,0.462072,-0.052247,0.121355,0.417920,-0.056470
5475,0,0.017725,0.020699,0.038628,1.020867,0.465641,0.149716,0.803807,0.000000,0.218556,0.789964,-0.032346,0.282891,0.741343,-0.046444,0.331140,0.690194,-0.058293,0.371945,0.648642,-0.069052,0.254926,0.593048,-0.021066,0.286982,0.510378,-0.038909,0.301665,0.458021,-0.054305,0.311480,0.411159,-0.065713,0.214351,0.567115,-0.019593,0.235853,0.468409,-0.034642,0.245624,0.407583,-0.049111,0.249522,0.358088,-0.059592,0.172647,0.565547,-0.022515,0.176663,0.472699,-0.038538,0.179254,0.416004,-0.051012,0.182007,0.367205,-0.059313,0.130662,0.583061,-0.028799,0.125174,0.509980,-0.044752,0.121406,0.462683,-0.052543,0.120940,0.418301,-0.056670
5508,0,0.019489,0.023282,0.038604,1.024267,0.473943,0.149455,0.803846,0.000000,0.218696,0.790509,-0.032562,0.283009,0.742654,-0.046861,0.331224,0.691244,-0.058773,0.371957,0.649626,-0.069666,0.255520,0.593336,-0.021067,0.287564,0.510270,-0.038680,0.302063,0.457747,-0.053999,0.311904,0.411142,-0.065355,0.214570,0.567112,-0.019456,0.235906,0.467972,-0.034346,0.245763,0.407132,-0.048947,0.249827,0.357978,-0.059515,0.172798,0.565379,-0.022225,0.176752,0.472386,-0.038124,0.179377,0.415343,-0.050754,0.182235,0.366541,-0.059237,0.130856,0.582975,-0.028320,0.124935,0.509771,-0.044196,0.121094,0.462287,-0.052052,0.120593,0.418148,-0.056317
5538,0,0.036830,0.036757,0.044835,1.026698,0.479394,0.149769,0.803749,0.000000,0.219009,0.790581,-0.032869,0.283526,0.742892,-0.047075,0.331648,0.691441,-0.058913,0.371978,0.649631,-0.069730,0.255491,0.593881,-0.021425,0.287309,0.511846,-0.039368,0.302168,0.459618,-0.054921,0.312149,0.412883,-0.066527,0.214896,0.567856,-0.019777,0.236041,0.469054,-0.035074,0.245607,0.408572,-0.049907,0.249303,0.358798,-0.060770,0.173148,0.566218,-0.022574,0.177009,0.473578,-0.038974,0.179654,0.416826,-0.051857,0.182419,0.367539,-0.060492,0.130963,0.583615,-0.028737,0.125378,0.510156,-0.045102,0.121562,0.462547,-0.053250,0.120997,0.418046,-0.057753
5572,0,0.039066,0.038708,0.035056,1.045921,0.501634,0.149697,0.803882,0.000000,0.219509,0.790811,-0.032828,0.283665,0.742843,-0.047287,0.331378,0.691477,-0.059409,0.371753,0.649298,-0.070560,0.255121,0.593957,-0.022209,0.287089,0.511493,-0.040369,0.301731,0.459041,-0.055939,0.311724,0.411851,-0.067552,0.214453,0.567652,-0.020740,0.235743,0.468652,-0.036367,0.245357,0.407667,-0.051219,0.248872,0.357649,-0.062046,0.172743,0.566345,-0.023632,0.176630,0.472958,-0.040369,0.178963,0.415914,-0.053301,0.181498,0.366565,-0.061907,0.131001,0.584215,-0.029843,0.124994,0.510755,-0.046546,0.121202,0.463083,-0.054828,0.120856,0.418616,-0.059316
5602,0,0.045088,0.038610,0.057113,1.046384,0.491160,0.149953,0.803334,0.000000,0.219272,0.789784,-0.032032,0.283708,0.741725,-0.046161,0.331625,0.690496,-0.058043,0.371673,0.649269,-0.068929,0.255635,0.593527,-0.021888,0.286684,0.510466,-0.039884,0.300934,0.457960,-0.055263,0.310460,0.411012,-0.066705,0.214464,0.567093,-0.020695,0.235229,0.467088,-0.036016,0.244320,0.405891,-0.050585,0.247633,0.356267,-0.061100,0.172581,0.565203,-0.023764,0.176522,0.471580,-0.040000,0.178720,0.414648,-0.052577,0.181166,0.365858,-0.060961,0.130452,0.582813,-0.030110,0.124396,0.509317,-0.046138,0.120824,0.461958,-0.053920,0.120515,0.417914,-0.058089
5632,0,0.028066,0.025526,0.040415,1.032944,0.477041,0.149831,0.803020,0.000000,0.219779,0.789190,-0.031925,0.283907,0.741196,-0.046031,0.331537,0.689861,-0.058002,0.371169,0.647863,-0.069046,0.254823,0.592994,-0.021240,0.285480,0.509981,-0.039302,0.299410,0.457321,-0.054894,0.308665,0.410049,-0.066494,0.213927,0.566962,-0.020162,0.234270,0.466991,-0.035637,0.243444,0.405840,-0.050439,0.246880,0.355570,-0.061158,0.172197,0.565449,-0.023398,0.175693,0.471894,-0.039882,0.177851,0.414862,-0.052620,0.180316,0.365800,-0.061111,0.130288,0.583284,-0.029929,0.124376,0.509775,-0.046240,0.120534,0.462016,-0.054197,0.119844,0.417724,-0.058559
5666,0,0.022382,0.023373,0.024040,1.028665,0.477264,0.149794,0.803171,0.000000,0.218949,0.789271,-0.032197,0.283282,0.740948,-0.046397,0.330861,0.689198,-0.058372,0.370469,0.646790,-0.069398,0.254717,0.593406,-0.021600,0.285353,0.509889,-0.039795,0.299032,0.456676,-0.055407,0.307886,0.408878,-0.067036,0.213620,0.567204,-0.020419,0.233935,0.466783,-0.035973,0.242774,0.405383,-0.050682,0.245965,0.355209,-0.061337,0.171730,0.565482,-0.023557,0.175371,0.471582,-0.039957,0.177327,0.414474,-0.052443,0.179652,0.365138,-0.060781,0.129827,0.583148,-0.030020,0.124212,0.509759,-0.046258,0.120375,0.462122,-0.054064,0.119739,0.417752,-0.058280
5701,0,0.027855,0.028129,0.043236,1.023638,0.471229,0.149271,0.802239,0.000000,0.218667,0.789166,-0.032472,0.282892,0.741082,-0.046633,0.330782,0.689176,-0.058407,0.370323,0.646864,-0.069208,0.254659,0.592893,-0.021729,0.285186,0.509462,-0.039587,0.298444,0.456429,-0.054931,0.307219,0.409307,-0.066334,0.213617,0.566370,-0.020199,0.233749,0.466228,-0.035438,0.242677,0.404845,-0.050017,0.245670,0.355193,-0.060540,0.171699,0.564716,-0.023004,0.175448,0.470636,-0.039216,0.177441,0.413745,-0.051825,0.179569,0.364933,-0.060261,0.129612,0.581951,-0.029111,0.123788,0.508459,-0.045266,0.119733,0.461136,-0.053169,0.118903,0.417298,-0.057434
5748,0,0.028639,0.032141,0.058443,1.025538,0.476447,0.148965,0.802256,0.000000,0.218828,0.788850,-0.032937,0.283287,0.741547,-0.047367,0.330700,0.689579,-0.059389,0.370461,0.646888,-0.070507,0.254120,0.593352,-0.021750,0.285169,0.510483,-0.039932,0.298618,0.457788,-0.055636,0.307539,0.410545,-0.067264,0.213335,0.567201,-0.020140,0.233857,0.467083,-0.035647,0.242797,0.405612,-0.050633,0.245935,0.355287,-0.061520,0.171639,0.565273,-0.022942,0.175239,0.471941,-0.039423,0.177367,0.414470,-0.052347,0.179691,0.364795,-0.061010,0.129873,0.582292,-0.029115,0.124365,0.509114,-0.045468,0.120672,0.461725,-0.053552,0.120004,0.417103,-0.057999
5782,0,0.019372,0.020481,0.045901,1.024247,0.482822,0.148968,0.802005,0.000000,0.218342,0.788947,-0.032465,0.283107,0.741581,-0.046708,0.330704,0.690088,-0.058594,0.370152,0.647385,-0.069508,0.254379,0.593737,-0.021897,0.285628,0.510935,-0.040003,0.299146,0.458164,-0.055495,0.307862,0.410690,-0.067010,0.213562,0.566883,-0.020464,0.234038,0.466710,-0.035887,0.242983,0.405448,-0.050454,0.245963,0.355329,-0.060952,0.171748,0.565018,-0.023377,0.174633,0.471251,-0.039656,0.176749,0.414066,-0.052073,0.179271,0.364455,-0.060397,0.129988,0.582136,-0.029621,0.123887,0.509170,-0.045760,0.120167,0.461822,-0.053553,0.119862,0.417228,-0.057761
5809,0,0.025156,0.029380,0.033675,1.013684,0.472101,0.148447,0.801913,0.000000,0.218007,0.789030,-0.032435,0.283127,0.741882,-0.046594,0.330570,0.690116,-0.058393,0.370025,0.647640,-0.069174,0.254622,0.593546,-0.021469,0.285460,0.510289,-0.039306,0.298677,0.457651,-0.054645,0.307311,0.410629,-0.065981,0.213617,0.566727,-0.019942,0.233969,0.466212,-0.035073,0.242975,0.404933,-0.049555,0.246089,0.355046,-0.059966,0.171697,0.564540,-0.022742,0.174668,0.470728,-0.038728,0.176924,0.413771,-0.051128,0.179414,0.364416,-0.059411,0.129570,0.581646,-0.028896,0.123862,0.508585,-0.044697,0.120270,0.461461,-0.052378,0.120092,0.417097,-0.056496
5843,0,0.035496,0.048701,0.050053,1.023812,0.485295,0.149419,0.802149,0.000000,0.218632,0.788418,-0.032209,0.283399,0.741162,-0.046320,0.330922,0.689862,-0.058161,0.369870,0.647558,-0.069051,0.254276,0.593939,-0.021990,0.285182,0.511222,-0.040180,0.298557,0.458458,-0.055704,0.307245,0.411046,-0.067151,0.213297,0.567363,-0.020715,0.233894,0.466766,-0.036217,0.242879,0.405447,-0.050746,0.245965,0.355423,-0.061173,0.171401,0.565269,-0.023751,0.174246,0.471366,-0.040087,0.176210,0.414118,-0.052460,0.178618,0.364809,-0.060756,0.129693,0.582083,-0.030123,0.123992,0.508816,-0.046204,0.120286,0.461499,-0.053897,0.119872,0.417110,-0.058022
5878,0,0.017904,0.016642,0.035952,1.022474,0.484425,0.149167,0.801771,0.000000,0.218664,0.788593,-0.032675,0.283258,0.741416,-0.046989,0.330502,0.689652,-0.058922,0.369281,0.646749,-0.069883,0.254162,0.593571,-0.022096,0.285045,0.510979,-0.040376,0.298508,0.458075,-0.055962,0.307291,0.410642,-0.067570,0.213162,0.566758,-0.020627,0.233486,0.466522,-0.036213,0.242286,0.405416,-0.050874,0.245380,0.355168,-0.061465,0.171394,0.564822,-0.023506,0.174412,0.471177,-0.039936,0.176276,0.414006,-0.052354,0.178609,0.364224,-0.060679,0.129606,0.582241,-0.029761,0.123462,0.509320,-0.046041,0.119669,0.461979,-0.053881,0.119208,0.417128,-0.058089
5908,0,0.036884,0.034641,0.060136,1.002904,0.468889,0.148972,0.802264,0.000000,0.218296,0.789080,-0.033211,0.283152,0.742120,-0.047702,0.330824,0.690007,-0.059674,0.370032,0.646743,-0.070675,0.253827,0.593762,-0.021817,0.285249,0.511079,-0.039775,0.298651,0.458493,-0.055375,0.307121,0.411142,-0.066977,0.213089,0.567253,-0.019945,0.233810,0.467482,-0.035175,0.242433,0.406004,-0.050013,0.244993,0.355513,-0.060783,0.171258,0.565031,-0.022476,0.174682,0.471834,-0.038527,0.176683,0.414858,-0.051030,0.178822,0.365315,-0.059442,0.129364,0.581714,-0.028427,0.123775,0.508666,-0.044258,0.120232,0.461672,-0.051862,0.119776,0.417470,-0.055976
5938,0,0.031286,0.029503,0.043405,1.005763,0.477476,0.149184,0.802537,0.000000,0.218746,0.789498,-0.032777,0.283012,0.742289,-0.047121,0.330380,0.690068,-0.059040,0.369289,0.646691,-0.069942,0.253790,0.594267,-0.021990,0.284676,0.511794,-0.040099,0.297983,0.458984,-0.055713,0.306552,0.411290,-0.067355,0.213265,0.567657,-0.020419,0.233836,0.467873,-0.035895,0.242757,0.406475,-0.050632,0.245722,0.355688,-0.061349,0.171787,0.565389,-0.023202,0.174792,0.472038,-0.039545,0.176680,0.414933,-0.052110,0.178920,0.365048,-0.060518,0.130141,0.582385,-0.029358,0.123708,0.509589,-0.045596,0.119682,0.462380,-0.053496,0.118983,0.417662,-0.057792
5971,0,0.018416,0.017300,0.037614,0.997342,0.477051,0.149156,0.802691,0.000000,0.217988,0.789335,-0.032966,0.282779,0.742445,-0.047371,0.330025,0.690635,-0.059422,0.368745,0.646786,-0.070364,0.254115,0.594335,-0.021862,0.285513,0.511753,-0.040030,0.298657,0.459001,-0.055682,0.306987,0.411637,-0.067271,0.213339,0.567592,-0.020200,0.234088,0.468377,-0.035621,0.242987,0.407108,-0.050419,0.245794,0.356373,-0.061176,0.171505,0.565546,-0.022935,0.174420,0.472617,-0.039176,0.176643,0.415498,-0.051711,0.178941,0.365457,-0.060161,0.129603,0.582383,-0.029065,0.123133,0.509812,-0.045201,0.119237,0.462478,-0.053004,0.118735,0.417669,-0.057252
6004,0,0.032004,0.028708,0.061272,0.980180,0.461179,0.149612,0.803086,0.000000,0.218131,0.789618,-0.032763,0.282718,0.742265,-0.047114,0.329997,0.690313,-0.059019,0.368927,0.646821,-0.069817,0.254180,0.594485,-0.021238,0.285885,0.512533,-0.039062,0.299142,0.459975,-0.054589,0.307294,0.413285,-0.066079,0.213518,0.567999,-0.019542,0.234598,0.468798,-0.034655,0.243415,0.407313,-0.049467,0.245787,0.356494,-0.060219,0.171897,0.565827,-0.022242,0.175204,0.472720,-0.038116,0.177081,0.415773,-0.050667,0.179032,0.365900,-0.059204,0.129791,0.582321,-0.028310,0.123785,0.509592,-0.044022,0.119985,0.462537,-0.051682,0.119128,0.418204,-0.055881