t,missing,delta_l1,delta_l1_wrist,delta_angles,delta_base_l1,delta_base_l1_wrist,x0,y0,z0,x1,y1,z1,x2,y2,z2,x3,y3,z3,x4,y4,z4,x5,y5,z5,x6,y6,z6,x7,y7,z7,x8,y8,z8,x9,y9,z9,x10,y10,z10,x11,y11,z11,x12,y12,z12,x13,y13,z13,x14,y14,z14,x15,y15,z15,x16,y16,z16,x17,y17,z17,x18,y18,z18,x19,y19,z19,x20,y20,z20
37,0,,,,0.000000,0.000000,0.182704,0.648423,0.000000,0.242868,0.645077,-0.032844,0.297379,0.608312,-0.047637,0.334548,0.559197,-0.059376,0.368433,0.519042,-0.070230,0.275627,0.475471,-0.026572,0.306617,0.405610,-0.045828,0.321087,0.357630,-0.061185,0.330668,0.313853,-0.072602,0.242289,0.448169,-0.024040,0.265841,0.361695,-0.041607,0.276351,0.306203,-0.056602,0.281194,0.258379,-0.067376,0.207814,0.442837,-0.025326,0.216928,0.359099,-0.043336,0.222460,0.305818,-0.056080,0.227064,0.257865,-0.064481,0.171459,0.454627,-0.029668,0.171465,0.387804,-0.046914,0.172232,0.343791,-0.055718,0.174759,0.301748,-0.060823
68,0,0.026851,0.016883,0.039709,0.026851,0.016883,0.182993,0.648728,0.000000,0.242963,0.646017,-0.032743,0.297617,0.609699,-0.047477,0.335072,0.560554,-0.059175,0.368909,0.520558,-0.069949,0.275771,0.476252,-0.026854,0.307048,0.406362,-0.046029,0.321590,0.358143,-0.061265,0.331314,0.314351,-0.072602,0.242649,0.448697,-0.024241,0.266346,0.361746,-0.041648,0.276951,0.306398,-0.056401,0.281828,0.258917,-0.066934,0.208223,0.443206,-0.025387,0.217169,0.359562,-0.043135,0.222893,0.306107,-0.055637,0.227234,0.258105,-0.063878,0.172202,0.454808,-0.029587,0.172209,0.387984,-0.046512,0.172927,0.344130,-0.054994,0.175286,0.302182,-0.059939
99,0,0.036264,0.029608,0.024590,0.061228,0.042528,0.183339,0.648692,0.000000,0.243496,0.646093,-0.032236,0.298226,0.609779,-0.046684,0.335697,0.560770,-0.058194,0.369302,0.520786,-0.068859,0.276630,0.476838,-0.026018,0.307735,0.406767,-0.044953,0.322243,0.358745,-0.060045,0.331949,0.315071,-0.071274,0.243364,0.449161,-0.023604,0.267128,0.362133,-0.040848,0.277746,0.306812,-0.055538,0.282913,0.259333,-0.066082,0.208951,0.443476,-0.024972,0.217897,0.359906,-0.042579,0.223652,0.306397,-0.055055,0.228235,0.258555,-0.063265,0.172647,0.454932,-0.029298,0.172852,0.387940,-0.046080,0.173771,0.344135,-0.054451,0.176282,0.302399,-0.059321
129,0,0.025621,0.027485,0.035429,0.076120,0.058908,0.183188,0.648759,0.000000,0.243748,0.645918,-0.032015,0.298870,0.609679,-0.046374,0.336627,0.561152,-0.057837,0.369974,0.521527,-0.068455,0.276774,0.477193,-0.026123,0.308248,0.407048,-0.045087,0.322890,0.359041,-0.060169,0.332673,0.315515,-0.071391,0.243548,0.449546,-0.023830,0.267581,0.362900,-0.041145,0.278163,0.307291,-0.055946,0.283132,0.259971,-0.066524,0.209121,0.443874,-0.025238,0.218700,0.359890,-0.042915,0.224846,0.306490,-0.055383,0.229494,0.258856,-0.063628,0.172811,0.455164,-0.029602,0.173527,0.388219,-0.046495,0.174720,0.344351,-0.054981,0.177403,0.302876,-0.059848
161,0,0.042395,0.036703,0.042567,0.093185,0.045802,0.184078,0.649398,0.000000,0.243959,0.646049,-0.032139,0.298846,0.609900,-0.046802,0.336501,0.562029,-0.058573,0.370407,0.522663,-0.069501,0.277445,0.477917,-0.026575,0.308914,0.408273,-0.045878,0.323745,0.360434,-0.061225,0.333884,0.316964,-0.072594,0.244239,0.449969,-0.024506,0.268096,0.363147,-0.042142,0.278768,0.307637,-0.057007,0.284023,0.260176,-0.067612,0.209576,0.444218,-0.026153,0.218991,0.360008,-0.044111,0.224871,0.306493,-0.056645,0.229868,0.258520,-0.064921,0.173139,0.455852,-0.030793,0.173800,0.388888,-0.047847,0.175013,0.345042,-0.056324,0.178070,0.303326,-0.061225
211,0,0.025610,0.038154,0.047620,0.081579,0.064846,0.183220,0.648704,0.000000,0.243845,0.645598,-0.032439,0.299190,0.609554,-0.047112,0.336564,0.561432,-0.058849,0.370533,0.521642,-0.069703,0.277406,0.477256,-0.026309,0.309153,0.407690,-0.045423,0.323973,0.360089,-0.060618,0.333890,0.316662,-0.071873,0.244260,0.449439,-0.023978,0.268438,0.362927,-0.041444,0.279016,0.307437,-0.056357,0.283909,0.260003,-0.067009,0.209687,0.443835,-0.025405,0.219062,0.359776,-0.043333,0.224704,0.306309,-0.055995,0.229326,0.258402,-0.064316,0.173057,0.455276,-0.029827,0.173982,0.388467,-0.046830,0.175432,0.344755,-0.055352,0.178647,0.303216,-0.060296
242,0,0.014426,0.015674,0.056625,0.079996,0.068822,0.183419,0.648221,0.000000,0.244204,0.645625,-0.032596,0.299348,0.609391,-0.047134,0.336424,0.560490,-0.058676,0.370099,0.520667,-0.069293,0.277428,0.477240,-0.026583,0.309122,0.407676,-0.045726,0.324102,0.359859,-0.060848,0.334203,0.316485,-0.072109,0.244164,0.449416,-0.024050,0.268237,0.362777,-0.041624,0.279118,0.307564,-0.056424,0.284472,0.260198,-0.067001,0.209717,0.443621,-0.025296,0.219088,0.359394,-0.043394,0.224978,0.305864,-0.056022,0.230088,0.257943,-0.064307,0.173567,0.455287,-0.029539,0.174481,0.388480,-0.046812,0.175876,0.344627,-0.055539,0.179230,0.302980,-0.060607
275,0,0.009496,0.011177,0.034030,0.080681,0.074763,0.183380,0.647976,0.000000,0.243825,0.645203,-0.032562,0.298762,0.609300,-0.047216,0.336278,0.560557,-0.058820,0.370214,0.520588,-0.069540,0.277272,0.477268,-0.026639,0.309237,0.407993,-0.045771,0.324289,0.360309,-0.060867,0.334402,0.316840,-0.072109,0.244150,0.449202,-0.024170,0.268261,0.362754,-0.041716,0.279173,0.307386,-0.056531,0.284440,0.259831,-0.067090,0.209708,0.443603,-0.025475,0.219074,0.359350,-0.043482,0.225048,0.305971,-0.056089,0.229965,0.257756,-0.064400,0.173554,0.455055,-0.029731,0.174614,0.388457,-0.046895,0.176234,0.344999,-0.055447,0.179790,0.303359,-0.060466
304,0,0.019494,0.022126,0.064214,0.085066,0.091038,0.183065,0.647578,0.000000,0.243595,0.644889,-0.032684,0.299217,0.609417,-0.047270,0.336245,0.560447,-0.058746,0.370119,0.520668,-0.069420,0.277286,0.477190,-0.026283,0.309293,0.407803,-0.045344,0.324368,0.360071,-0.060472,0.334482,0.316630,-0.071748,0.244304,0.449196,-0.023655,0.268534,0.362869,-0.041090,0.279167,0.307100,-0.056058,0.284201,0.259441,-0.066772,0.209814,0.443367,-0.024819,0.219425,0.359296,-0.042776,0.225241,0.305579,-0.055616,0.229851,0.257498,-0.064083,0.173659,0.454421,-0.028972,0.174828,0.387544,-0.046106,0.176156,0.343946,-0.054774,0.179238,0.302528,-0.059830
339,0,0.014268,0.018336,0.048789,0.083151,0.081918,0.183048,0.648088,0.000000,0.243765,0.645399,-0.032383,0.298825,0.609463,-0.046880,0.336043,0.560359,-0.058390,0.370224,0.520876,-0.069057,0.277497,0.477202,-0.026227,0.309340,0.407632,-0.045276,0.324422,0.359846,-0.060395,0.334655,0.316393,-0.071664,0.244314,0.449116,-0.023821,0.268255,0.362675,-0.041266,0.278935,0.307220,-0.056144,0.284337,0.259665,-0.066812,0.209927,0.443373,-0.025205,0.219439,0.359418,-0.043151,0.225375,0.305757,-0.055904,0.230354,0.257779,-0.064325,0.173669,0.454588,-0.029536,0.174941,0.387915,-0.046760,0.176478,0.344224,-0.055462,0.179771,0.302910,-0.060555
369,0,0.012192,0.014017,0.043729,0.087968,0.091511,0.183020,0.647849,0.000000,0.243957,0.645189,-0.032638,0.298762,0.609346,-0.047160,0.336214,0.560430,-0.058609,0.370204,0.520729,-0.069214,0.277495,0.477323,-0.026352,0.309438,0.407843,-0.045272,0.324531,0.359968,-0.060296,0.334743,0.316516,-0.071423,0.244366,0.449274,-0.023701,0.268271,0.362832,-0.041074,0.279238,0.307254,-0.055837,0.284598,0.259734,-0.066402,0.209851,0.443316,-0.024845,0.219303,0.359372,-0.042741,0.225302,0.305843,-0.055475,0.230368,0.257926,-0.063831,0.173703,0.454478,-0.029003,0.174779,0.387592,-0.046116,0.176197,0.343952,-0.054873,0.179617,0.302363,-0.059934
400,0,0.016663,0.014980,0.043839,0.077691,0.083711,0.182856,0.647906,0.000000,0.243588,0.644867,-0.032521,0.298590,0.609256,-0.047187,0.335693,0.560619,-0.058823,0.369719,0.520842,-0.069617,0.277596,0.477268,-0.026342,0.309428,0.407836,-0.045462,0.324364,0.360123,-0.060709,0.334498,0.316585,-0.072064,0.244354,0.449306,-0.023914,0.268521,0.363121,-0.041449,0.279249,0.307564,-0.056456,0.284394,0.259971,-0.067209,0.209831,0.443475,-0.025299,0.219324,0.359637,-0.043335,0.225256,0.306029,-0.056095,0.230109,0.258039,-0.064521,0.173382,0.454767,-0.029672,0.174370,0.387701,-0.046906,0.175981,0.344020,-0.055573,0.179363,0.302449,-0.060589
433,0,0.017200,0.031726,0.071435,0.084261,0.075296,0.183705,0.647789,0.000000,0.244239,0.645464,-0.032340,0.298557,0.609529,-0.046865,0.335933,0.561077,-0.058501,0.369752,0.521213,-0.069335,0.277241,0.477091,-0.026362,0.308957,0.407794,-0.045501,0.324192,0.360156,-0.060668,0.334739,0.316755,-0.071983,0.244139,0.449151,-0.023994,0.267917,0.363116,-0.041609,0.278662,0.307653,-0.056535,0.284168,0.259925,-0.067288,0.209640,0.443655,-0.025419,0.219147,0.359988,-0.043535,0.225094,0.306469,-0.056294,0.230177,0.258316,-0.064761,0.173605,0.455321,-0.029792,0.174495,0.388731,-0.047266,0.175844,0.344886,-0.056134,0.178987,0.303075,-0.061310
468,0,0.015226,0.028868,0.067081,0.083512,0.077520,0.183069,0.648325,0.000000,0.243626,0.644864,-0.032194,0.298574,0.609090,-0.046741,0.335956,0.560268,-0.058386,0.369918,0.520645,-0.069230,0.277544,0.477106,-0.025991,0.309348,0.407450,-0.045180,0.324576,0.359864,-0.060507,0.334914,0.316411,-0.071912,0.244162,0.449390,-0.023830,0.268136,0.363015,-0.041458,0.278924,0.307426,-0.056585,0.284213,0.259700,-0.067350,0.209659,0.443976,-0.025431,0.219009,0.360046,-0.043499,0.224996,0.306514,-0.056225,0.230005,0.258355,-0.064588,0.173136,0.455746,-0.029993,0.174210,0.389050,-0.047221,0.175809,0.345383,-0.055785,0.179243,0.303840,-0.060747
496,0,0.017716,0.021569,0.046444,0.079753,0.087568,0.182756,0.647927,0.000000,0.243640,0.644818,-0.032661,0.298867,0.609196,-0.047175,0.336031,0.560132,-0.058658,0.369978,0.520413,-0.069378,0.277172,0.477069,-0.026077,0.308906,0.408064,-0.045208,0.324147,0.360488,-0.060465,0.334732,0.317088,-0.071867,0.244063,0.449454,-0.023608,0.268255,0.363230,-0.041273,0.279231,0.307511,-0.056409,0.284850,0.259523,-0.067290,0.209630,0.443762,-0.025013,0.219143,0.359919,-0.043281,0.225011,0.306266,-0.056329,0.230050,0.257908,-0.064881,0.173341,0.455050,-0.029389,0.174256,0.388133,-0.046934,0.175685,0.344165,-0.055888,0.178998,0.302179,-0.061147
529,0,0.024825,0.032256,0.048544,0.081176,0.085116,0.183212,0.647589,0.000000,0.243712,0.645180,-0.032844,0.298210,0.609321,-0.047602,0.335442,0.560236,-0.059313,0.369734,0.520455,-0.070221,0.276920,0.477049,-0.026809,0.308801,0.407877,-0.046199,0.324227,0.360376,-0.061478,0.334853,0.317049,-0.072908,0.243982,0.449078,-0.024282,0.268184,0.362782,-0.042189,0.279166,0.307308,-0.057348,0.284825,0.259427,-0.068175,0.209546,0.443476,-0.025586,0.218964,0.359458,-0.044073,0.225059,0.305788,-0.057107,0.230083,0.257272,-0.065649,0.173540,0.455187,-0.029877,0.174486,0.388505,-0.047643,0.175908,0.344558,-0.056706,0.179185,0.302673,-0.062040
577,0,0.032121,0.028681,0.055017,0.080672,0.086406,0.183280,0.647405,0.000000,0.243863,0.644799,-0.032207,0.298818,0.608668,-0.046737,0.335999,0.560051,-0.058321,0.369890,0.520166,-0.069103,0.277519,0.476910,-0.026315,0.309550,0.407450,-0.045414,0.324926,0.359669,-0.060646,0.335346,0.316173,-0.071989,0.244410,0.449032,-0.024030,0.268369,0.362292,-0.041526,0.279303,0.306943,-0.056477,0.284755,0.259338,-0.067179,0.210077,0.443267,-0.025473,0.219520,0.359382,-0.043330,0.225481,0.305713,-0.056036,0.230378,0.257660,-0.064454,0.173911,0.454458,-0.029902,0.175038,0.387813,-0.046937,0.176480,0.344138,-0.055515,0.179622,0.302799,-0.060566
610,0,0.023926,0.020483,0.066504,0.085796,0.079902,0.183553,0.647335,0.000000,0.244405,0.644310,-0.032783,0.299154,0.608518,-0.047589,0.336048,0.559558,-0.059387,0.370341,0.519725,-0.070301,0.277946,0.477018,-0.026503,0.309745,0.407557,-0.045704,0.325039,0.359950,-0.060951,0.335532,0.316523,-0.072347,0.244739,0.448927,-0.023935,0.268984,0.362785,-0.041571,0.279853,0.307125,-0.056658,0.285387,0.259107,-0.067492,0.210313,0.442809,-0.025179,0.220021,0.359475,-0.043336,0.226020,0.306006,-0.056297,0.230825,0.258090,-0.064804,0.173780,0.453527,-0.029432,0.175259,0.386566,-0.046707,0.176671,0.342783,-0.055494,0.179638,0.301358,-0.060671
641,0,0.022575,0.026771,0.071071,0.089047,0.076217,0.184292,0.647155,0.000000,0.244640,0.644648,-0.032526,0.298860,0.608646,-0.047216,0.336293,0.559701,-0.058839,0.370268,0.519947,-0.069661,0.278182,0.476633,-0.026834,0.309956,0.407257,-0.045973,0.325290,0.359550,-0.061124,0.335710,0.315951,-0.072427,0.245017,0.448563,-0.024409,0.269110,0.362077,-0.042005,0.280069,0.306627,-0.056915,0.285567,0.258782,-0.067617,0.210480,0.442916,-0.025712,0.219985,0.359006,-0.043728,0.226128,0.305586,-0.056474,0.231272,0.257542,-0.064971,0.174192,0.454284,-0.030001,0.175394,0.387423,-0.047216,0.177156,0.343698,-0.055993,0.180571,0.302013,-0.061164
671,0,0.037934,0.047210,0.064697,0.099949,0.111374,0.183478,0.645738,0.000000,0.243877,0.643365,-0.032847,0.299567,0.607594,-0.047566,0.336624,0.558491,-0.059156,0.370479,0.518732,-0.069904,0.278306,0.475991,-0.026490,0.310295,0.406641,-0.045520,0.325597,0.359066,-0.060680,0.335967,0.315700,-0.071950,0.245105,0.447882,-0.023763,0.269439,0.361666,-0.041229,0.280133,0.306151,-0.056228,0.285463,0.258452,-0.066937,0.210683,0.441900,-0.024826,0.220543,0.358387,-0.042793,0.226399,0.305001,-0.055587,0.231242,0.257078,-0.063969,0.174310,0.452817,-0.028876,0.175783,0.386332,-0.045961,0.177228,0.342823,-0.054624,0.180248,0.301394,-0.059637
703,0,0.020509,0.023642,0.035708,0.097802,0.111560,0.183244,0.645755,0.000000,0.243781,0.643298,-0.032867,0.299011,0.608119,-0.047628,0.336371,0.559097,-0.059324,0.370349,0.518929,-0.070180,0.278457,0.475569,-0.026518,0.310471,0.406616,-0.045745,0.325877,0.359171,-0.061007,0.336597,0.315940,-0.072383,0.245339,0.447511,-0.023934,0.269725,0.361420,-0.041499,0.280620,0.305846,-0.056601,0.286246,0.258057,-0.067456,0.211008,0.441607,-0.025176,0.220706,0.358334,-0.043262,0.226783,0.304764,-0.056200,0.231819,0.256641,-0.064732,0.174660,0.452947,-0.029422,0.175945,0.386447,-0.046746,0.177483,0.342748,-0.055559,0.180665,0.301095,-0.060726
738,0,0.033001,0.043415,0.072075,0.124669,0.099935,0.184697,0.645987,0.000000,0.245118,0.643939,-0.032299,0.299649,0.608000,-0.046823,0.336672,0.558730,-0.058338,0.370532,0.518454,-0.068971,0.278894,0.475897,-0.026561,0.310931,0.406469,-0.045459,0.326292,0.358999,-0.060344,0.336733,0.315986,-0.071378,0.245647,0.447635,-0.023973,0.269833,0.360886,-0.041206,0.280873,0.305554,-0.055690,0.286317,0.258528,-0.066042,0.211200,0.441404,-0.025117,0.220907,0.357571,-0.042731,0.227236,0.304301,-0.055048,0.232558,0.256787,-0.063193,0.175181,0.452707,-0.029209,0.176688,0.386170,-0.046021,0.178371,0.342818,-0.054406,0.181775,0.301938,-0.059221
768,0,0.025066,0.038407,0.058688,0.143545,0.132869,0.183947,0.645716,0.000000,0.244956,0.643438,-0.032484,0.300155,0.607834,-0.046910,0.337350,0.558637,-0.058267,0.371092,0.518648,-0.068740,0.278925,0.475657,-0.025903,0.311215,0.406636,-0.044743,0.326661,0.359296,-0.059711,0.337115,0.316313,-0.070827,0.245912,0.447359,-0.023275,0.270478,0.360838,-0.040530,0.281324,0.305542,-0.055257,0.286585,0.258262,-0.065731,0.211647,0.441197,-0.024458,0.221459,0.357753,-0.042215,0.227437,0.304654,-0.054816,0.232343,0.257176,-0.063002,0.175643,0.452072,-0.028612,0.177258,0.385395,-0.045466,0.179002,0.341997,-0.053893,0.182124,0.300856,-0.058748
800,0,0.014867,0.013180,0.043311,0.151754,0.129972,0.184196,0.646007,0.000000,0.245141,0.642992,-0.032435,0.300212,0.607185,-0.046824,0.337447,0.558070,-0.058238,0.371707,0.518262,-0.068769,0.279184,0.475737,-0.025783,0.311763,0.406638,-0.044613,0.327156,0.359369,-0.059565,0.337582,0.316267,-0.070658,0.246144,0.447449,-0.023231,0.270964,0.361077,-0.040433,0.281904,0.305870,-0.055103,0.287216,0.258649,-0.065553,0.211751,0.441322,-0.024497,0.221545,0.357780,-0.042242,0.227844,0.304409,-0.054702,0.233138,0.256805,-0.062901,0.175661,0.452312,-0.028758,0.177246,0.385916,-0.045578,0.179126,0.342430,-0.053978,0.182723,0.301225,-0.058801
830,0,0.024421,0.032594,0.063460,0.142486,0.108170,0.185191,0.646348,0.000000,0.245949,0.643530,-0.032051,0.301070,0.608423,-0.046408,0.337780,0.559138,-0.057869,0.371280,0.519035,-0.068446,0.279292,0.475973,-0.026059,0.311672,0.406517,-0.044960,0.327052,0.359208,-0.059840,0.337769,0.316432,-0.070859,0.246170,0.447854,-0.023667,0.270778,0.361121,-0.040959,0.281961,0.305929,-0.055537,0.287453,0.258930,-0.065912,0.211942,0.442044,-0.025014,0.221566,0.357997,-0.042789,0.227869,0.304512,-0.055296,0.233076,0.256651,-0.063500,0.176022,0.453362,-0.029297,0.177738,0.386645,-0.046207,0.179471,0.342874,-0.054692,0.182815,0.301509,-0.059599
867,0,0.024459,0.034254,0.053629,0.160842,0.140425,0.184680,0.646211,0.000000,0.245759,0.643945,-0.032179,0.300926,0.608630,-0.046562,0.338120,0.559544,-0.057971,0.372379,0.519783,-0.068497,0.279858,0.476206,-0.025551,0.312125,0.406891,-0.044232,0.327545,0.359658,-0.059056,0.338086,0.316854,-0.070023,0.246575,0.447736,-0.023100,0.271180,0.361122,-0.040214,0.282164,0.305832,-0.054797,0.287626,0.258792,-0.065162,0.212222,0.441716,-0.024406,0.221701,0.357981,-0.042102,0.227861,0.304732,-0.054556,0.232947,0.257110,-0.062752,0.176195,0.452978,-0.028684,0.177771,0.386383,-0.045477,0.179581,0.342970,-0.053833,0.183237,0.301889,-0.058694
895,0,0.021163,0.030673,0.033085,0.171853,0.139564,0.184675,0.647103,0.000000,0.245773,0.644136,-0.032414,0.301006,0.608742,-0.046730,0.338305,0.559430,-0.058031,0.372477,0.519904,-0.068407,0.279841,0.476233,-0.025175,0.312428,0.407085,-0.043754,0.327729,0.359637,-0.058594,0.338129,0.316586,-0.069573,0.246609,0.448029,-0.022541,0.271192,0.361465,-0.039431,0.282105,0.306302,-0.053849,0.287273,0.259486,-0.064144,0.212195,0.441908,-0.023747,0.221863,0.358248,-0.041181,0.228013,0.304856,-0.053487,0.233158,0.257235,-0.061570,0.175967,0.452848,-0.027990,0.177661,0.386480,-0.044559,0.179484,0.343127,-0.052763,0.182976,0.302213,-0.057468
962,0,0.028509,0.038931,0.038597,0.157470,0.141386,0.184771,0.646560,0.000000,0.245905,0.644571,-0.032247,0.301300,0.608710,-0.046528,0.338279,0.559436,-0.057767,0.372235,0.519653,-0.068120,0.279844,0.476870,-0.025983,0.312304,0.407484,-0.044715,0.327512,0.360168,-0.059418,0.337839,0.317185,-0.070295,0.246530,0.448672,-0.023405,0.271007,0.361696,-0.040505,0.281836,0.306580,-0.054907,0.287063,0.259823,-0.065139,0.212170,0.442665,-0.024553,0.221759,0.358463,-0.042177,0.227845,0.305050,-0.054464,0.233074,0.257406,-0.062520,0.176297,0.453726,-0.028682,0.177873,0.387209,-0.045440,0.179779,0.343846,-0.053779,0.183348,0.302732,-0.058573
997,0,0.022121,0.018966,0.039566,0.171586,0.150321,0.185093,0.646519,0.000000,0.246056,0.644653,-0.032618,0.301369,0.609764,-0.047039,0.338397,0.560384,-0.058367,0.372502,0.520148,-0.068771,0.280181,0.477174,-0.025930,0.312624,0.408045,-0.044589,0.327941,0.360577,-0.059412,0.338479,0.317565,-0.070378,0.246754,0.448858,-0.023118,0.271306,0.362015,-0.040110,0.282147,0.306693,-0.054591,0.287380,0.259734,-0.064915,0.212431,0.442576,-0.024102,0.222032,0.358788,-0.041616,0.228252,0.305683,-0.053949,0.233442,0.258420,-0.062063,0.176460,0.453245,-0.028099,0.178044,0.386885,-0.044750,0.179873,0.343581,-0.053105,0.183477,0.302590,-0.057925
1023,0,0.016788,0.012640,0.041049,0.168461,0.145673,0.184939,0.646953,0.000000,0.246036,0.644459,-0.032843,0.301387,0.609294,-0.047268,0.338189,0.559677,-0.058623,0.372441,0.519778,-0.069056,0.279786,0.477347,-0.025640,0.312260,0.408521,-0.044419,0.327535,0.361184,-0.059386,0.338112,0.318063,-0.070500,0.246801,0.449107,-0.022871,0.271275,0.362519,-0.040045,0.282104,0.307258,-0.054691,0.287512,0.260222,-0.065124,0.212465,0.442990,-0.023975,0.222175,0.359362,-0.041730,0.228151,0.306182,-0.054209,0.233411,0.258736,-0.062395,0.176249,0.453670,-0.028128,0.178008,0.387485,-0.045061,0.179775,0.344195,-0.053527,0.183358,0.302868,-0.058423
1049,0,0.026282,0.035436,0.039220,0.149688,0.113706,0.185343,0.647332,0.000000,0.246086,0.644653,-0.032682,0.301307,0.609054,-0.047067,0.338166,0.559290,-0.058422,0.371953,0.519131,-0.068895,0.280030,0.477461,-0.026061,0.312312,0.407969,-0.044940,0.327644,0.360479,-0.059867,0.338396,0.317271,-0.070941,0.246763,0.449234,-0.023393,0.270846,0.362610,-0.040747,0.281708,0.307273,-0.055453,0.287292,0.260148,-0.065926,0.212209,0.443356,-0.024557,0.221678,0.359215,-0.042493,0.227763,0.305721,-0.055132,0.233063,0.257737,-0.063438,0.176194,0.454700,-0.028730,0.177778,0.388224,-0.045943,0.179476,0.344519,-0.054651,0.183056,0.303002,-0.059706
1074,0,0.017876,0.016939,0.033037,0.152984,0.116509,0.185388,0.647134,0.000000,0.246013,0.644922,-0.032686,0.301130,0.609130,-0.047124,0.338100,0.559383,-0.058473,0.372069,0.519091,-0.068901,0.280135,0.477253,-0.026008,0.312151,0.407989,-0.044798,0.327560,0.360755,-0.059637,0.338232,0.317909,-0.070625,0.246924,0.448853,-0.023241,0.270909,0.361865,-0.040506,0.281765,0.306581,-0.055065,0.287157,0.259735,-0.065372,0.212475,0.442794,-0.024304,0.221522,0.358526,-0.042191,0.227271,0.305285,-0.054704,0.232433,0.257844,-0.062845,0.176435,0.454047,-0.028354,0.177866,0.387406,-0.045399,0.179477,0.343908,-0.053942,0.182951,0.302668,-0.058875
1104,0,0.034152,0.037414,0.048804,0.174585,0.152014,0.184924,0.646648,0.000000,0.245869,0.644217,-0.032680,0.301225,0.608845,-0.046921,0.338272,0.559035,-0.058129,0.372447,0.519144,-0.068373,0.279899,0.476919,-0.025409,0.312277,0.407533,-0.043868,0.327557,0.360320,-0.058571,0.338116,0.317420,-0.069457,0.246591,0.448611,-0.022476,0.270829,0.361783,-0.039308,0.281502,0.306662,-0.053750,0.286655,0.259685,-0.064034,0.212255,0.442433,-0.023360,0.221666,0.358770,-0.040795,0.227484,0.305747,-0.053027,0.232308,0.258490,-0.061062,0.176302,0.453210,-0.027257,0.177992,0.386594,-0.043868,0.179638,0.343406,-0.052063,0.183030,0.302415,-0.056763
1137,0,0.030700,0.038888,0.054399,0.163413,0.126957,0.185814,0.646557,0.000000,0.246389,0.644425,-0.032842,0.301142,0.608462,-0.047215,0.338220,0.558752,-0.058496,0.372282,0.518501,-0.068815,0.280224,0.477089,-0.026137,0.312302,0.407604,-0.044846,0.327750,0.360054,-0.059621,0.338214,0.316751,-0.070621,0.246966,0.448734,-0.023186,0.271064,0.362251,-0.040289,0.281672,0.307116,-0.054763,0.286898,0.260098,-0.065081,0.212557,0.442809,-0.024029,0.221883,0.359304,-0.041674,0.227923,0.306232,-0.054040,0.232870,0.258777,-0.062190,0.176731,0.453579,-0.027923,0.178214,0.387219,-0.044806,0.179897,0.343869,-0.053277,0.183187,0.302920,-0.058175
1166,0,0.020909,0.021744,0.034828,0.169449,0.145312,0.185551,0.645816,0.000000,0.246228,0.644370,-0.032812,0.301231,0.608576,-0.047126,0.338346,0.559004,-0.058336,0.372420,0.519032,-0.068626,0.280476,0.476917,-0.026065,0.312850,0.407617,-0.044723,0.328347,0.360433,-0.059457,0.338813,0.317277,-0.070428,0.247470,0.448510,-0.023122,0.271411,0.361482,-0.040219,0.282098,0.306212,-0.054773,0.287147,0.259081,-0.065143,0.213057,0.442118,-0.023963,0.221887,0.358452,-0.041640,0.227593,0.305292,-0.054092,0.232339,0.257804,-0.062220,0.176946,0.452943,-0.027847,0.178502,0.386321,-0.044643,0.180093,0.343084,-0.053051,0.183377,0.302190,-0.057896
1200,0,0.026444,0.033967,0.044248,0.188792,0.146096,0.185639,0.646387,0.000000,0.246332,0.644192,-0.032705,0.301287,0.608589,-0.046973,0.338251,0.558626,-0.058075,0.372322,0.518546,-0.068216,0.280693,0.476302,-0.025731,0.313069,0.407167,-0.044168,0.328402,0.359834,-0.058797,0.338752,0.316727,-0.069698,0.247422,0.447829,-0.022705,0.271557,0.361342,-0.039438,0.282281,0.306637,-0.053667,0.287308,0.260119,-0.063847,0.213132,0.441654,-0.023507,0.222347,0.358186,-0.040801,0.228323,0.305235,-0.052945,0.233173,0.257965,-0.060961,0.177181,0.452388,-0.027354,0.178715,0.386113,-0.043887,0.180358,0.342966,-0.052144,0.183770,0.302131,-0.056873
1234,0,0.038569,0.052551,0.041319,0.171148,0.117131,0.186764,0.646056,0.000000,0.247373,0.643906,-0.032478,0.302287,0.608358,-0.046840,0.338992,0.558949,-0.058128,0.372780,0.518690,-0.068572,0.281000,0.477098,-0.026332,0.312968,0.407498,-0.045152,0.328199,0.360166,-0.059855,0.338755,0.316981,-0.070822,0.247720,0.448736,-0.023601,0.271682,0.361748,-0.040794,0.282431,0.306568,-0.055235,0.287603,0.259679,-0.065519,0.213391,0.442502,-0.024645,0.222405,0.358588,-0.042340,0.228254,0.305193,-0.054753,0.233297,0.257394,-0.062908,0.177546,0.453287,-0.028682,0.178834,0.386598,-0.045514,0.180452,0.343189,-0.053950,0.183847,0.302092,-0.058851
1262,0,0.023880,0.037492,0.054208,0.187678,0.144690,0.185983,0.646136,0.000000,0.246807,0.643663,-0.032233,0.302110,0.607692,-0.046419,0.339332,0.558585,-0.057584,0.372859,0.518517,-0.067908,0.281550,0.476783,-0.025571,0.313491,0.407470,-0.044218,0.328593,0.360187,-0.058984,0.338904,0.317065,-0.069989,0.248272,0.448425,-0.022990,0.272323,0.361886,-0.040077,0.282901,0.306499,-0.054663,0.287941,0.259392,-0.065027,0.213877,0.442046,-0.024210,0.222807,0.358490,-0.041857,0.228452,0.305516,-0.054302,0.233137,0.258210,-0.062426,0.177670,0.452809,-0.028392,0.179164,0.386381,-0.045179,0.180630,0.343101,-0.053542,0.183787,0.302162,-0.058344
1295,0,0.025130,0.025562,0.068481,0.199121,0.149725,0.186433,0.645798,0.000000,0.247616,0.643637,-0.032823,0.302547,0.608462,-0.047159,0.339312,0.558585,-0.058347,0.373035,0.518138,-0.068572,0.281229,0.476660,-0.025845,0.313716,0.407567,-0.044512,0.328962,0.359876,-0.059189,0.339283,0.316624,-0.070136,0.248097,0.448160,-0.022817,0.272244,0.361618,-0.039780,0.282956,0.306763,-0.054096,0.288218,0.260144,-0.064322,0.213562,0.441763,-0.023639,0.222895,0.358273,-0.041143,0.228921,0.305387,-0.053294,0.234048,0.258318,-0.061274,0.177628,0.452259,-0.027509,0.179025,0.386009,-0.044231,0.180727,0.342843,-0.052532,0.184256,0.302028,-0.057304
1344,0,0.046383,0.053177,0.064675,0.165388,0.106846,0.187039,0.645919,0.000000,0.247362,0.643737,-0.032929,0.302233,0.608000,-0.047591,0.339136,0.558723,-0.059128,0.372941,0.518277,-0.069744,0.281278,0.477229,-0.027120,0.313394,0.407590,-0.046229,0.328864,0.359992,-0.061091,0.339596,0.316763,-0.072067,0.248316,0.448682,-0.024276,0.272168,0.361723,-0.041702,0.282977,0.306465,-0.056243,0.288353,0.259501,-0.066619,0.213916,0.442538,-0.025237,0.223029,0.358547,-0.043144,0.228926,0.305146,-0.055603,0.233994,0.257404,-0.063815,0.178067,0.453590,-0.029183,0.179243,0.386829,-0.046229,0.180792,0.343128,-0.054801,0.184003,0.301855,-0.059769
1376,0,0.035911,0.036163,0.075091,0.191985,0.136054,0.186868,0.645599,0.000000,0.247576,0.643190,-0.032753,0.302622,0.608282,-0.047179,0.339481,0.558831,-0.058463,0.372920,0.518388,-0.068868,0.281662,0.476459,-0.025990,0.313923,0.407349,-0.044618,0.329249,0.360009,-0.059384,0.339705,0.317055,-0.070348,0.248655,0.448164,-0.023129,0.272792,0.361297,-0.040216,0.283505,0.306156,-0.054862,0.288681,0.259246,-0.065306,0.214286,0.442092,-0.024090,0.223130,0.358266,-0.041817,0.228847,0.304845,-0.054502,0.233757,0.257459,-0.062825,0.178017,0.452935,-0.028031,0.179337,0.385997,-0.045018,0.180855,0.342720,-0.053621,0.184195,0.301586,-0.058583
1407,0,0.031634,0.032540,0.056664,0.206056,0.157892,0.186867,0.645376,0.000000,0.247578,0.643493,-0.032646,0.302411,0.608140,-0.046895,0.339193,0.558606,-0.058077,0.372953,0.518508,-0.068298,0.281563,0.475963,-0.025391,0.313727,0.406878,-0.043849,0.328786,0.359853,-0.058478,0.339101,0.317192,-0.069340,0.248273,0.447527,-0.022465,0.272538,0.361301,-0.039299,0.283303,0.306346,-0.053548,0.288624,0.259680,-0.063689,0.213809,0.441481,-0.023407,0.222921,0.358157,-0.040863,0.228863,0.305197,-0.053067,0.234112,0.257886,-0.061043,0.177831,0.452795,-0.027375,0.179121,0.387146,-0.044129,0.180677,0.343962,-0.052426,0.184172,0.302998,-0.057115
1438,0,0.033560,0.036244,0.053717,0.193818,0.153974,0.186979,0.645216,0.000000,0.247621,0.643120,-0.032551,0.302697,0.608192,-0.046885,0.339155,0.558290,-0.058056,0.372563,0.517982,-0.068305,0.281526,0.476925,-0.026185,0.314022,0.407529,-0.044763,0.329214,0.360174,-0.059297,0.339744,0.317420,-0.070067,0.248314,0.448323,-0.023262,0.272246,0.361656,-0.040078,0.282865,0.306799,-0.054172,0.288038,0.260322,-0.064221,0.213926,0.442249,-0.024103,0.222693,0.359072,-0.041440,0.228213,0.306250,-0.053531,0.232840,0.258862,-0.061459,0.178008,0.453679,-0.027947,0.178358,0.388009,-0.044643,0.179373,0.344981,-0.052891,0.182320,0.303972,-0.057575
1470,0,0.068410,0.072663,0.071056,0.204624,0.196766,0.186360,0.644273,0.000000,0.246985,0.642364,-0.033576,0.301874,0.607934,-0.048097,0.338033,0.557320,-0.059402,0.371373,0.516406,-0.069589,0.281159,0.476520,-0.026146,0.313942,0.407319,-0.044662,0.329219,0.360324,-0.059203,0.339585,0.317396,-0.070028,0.248054,0.447919,-0.022630,0.271942,0.362187,-0.039149,0.282361,0.307342,-0.053250,0.287449,0.260493,-0.063357,0.213985,0.441926,-0.022990,0.222019,0.360165,-0.040128,0.226526,0.308171,-0.052451,0.230405,0.261192,-0.060681,0.178272,0.453708,-0.026485,0.176440,0.391542,-0.043343,0.175151,0.349874,-0.051972,0.175644,0.309587,-0.056886
1505,0,0.124995,0.155227,0.176619,0.258300,0.322208,0.185578,0.641755,0.000000,0.245331,0.641249,-0.035512,0.300091,0.607211,-0.050254,0.335855,0.554714,-0.061394,0.368953,0.513069,-0.071342,0.281154,0.478476,-0.028051,0.314003,0.410082,-0.046633,0.329367,0.363267,-0.061036,0.339745,0.319878,-0.071939,0.248323,0.448766,-0.023476,0.271971,0.364199,-0.040048,0.281614,0.309764,-0.054033,0.285898,0.261637,-0.064100,0.214171,0.442505,-0.022899,0.221030,0.364025,-0.040346,0.223397,0.312813,-0.053118,0.225203,0.265067,-0.061753,0.178569,0.454075,-0.025604,0.175566,0.396738,-0.042733,0.171671,0.359584,-0.051527,0.168561,0.323435,-0.056580
1535,0,0.176379,0.184876,0.365897,0.373113,0.451172,0.185767,0.641280,0.000000,0.243406,0.641332,-0.036050,0.297439,0.604753,-0.049743,0.330870,0.549902,-0.059644,0.361823,0.506609,-0.068445,0.281759,0.479316,-0.028408,0.312741,0.410354,-0.045853,0.326958,0.364018,-0.059094,0.336106,0.320913,-0.069270,0.249082,0.450216,-0.023477,0.271527,0.366835,-0.038800,0.280294,0.312496,-0.052179,0.283239,0.264062,-0.061844,0.214742,0.445082,-0.022494,0.220935,0.367108,-0.040313,0.221237,0.317108,-0.054379,0.219879,0.270434,-0.063809,0.178637,0.457616,-0.024675,0.175059,0.405222,-0.043181,0.168636,0.378480,-0.052572,0.160751,0.353439,-0.057758
1566,0,0.294071,0.357551,1.011094,0.585011,0.748258,0.188658,0.640260,0.000000,0.242512,0.639298,-0.035874,0.293414,0.605237,-0.049012,0.320395,0.548349,-0.058379,0.347985,0.504937,-0.066929,0.281675,0.481077,-0.025477,0.307719,0.412881,-0.041549,0.318210,0.367148,-0.054142,0.325194,0.325305,-0.063898,0.249247,0.452744,-0.020464,0.267940,0.370822,-0.034883,0.275422,0.316262,-0.048390,0.278506,0.269422,-0.058223,0.215553,0.448226,-0.019492,0.217225,0.370584,-0.038964,0.214538,0.323445,-0.054881,0.212132,0.284121,-0.065336,0.180021,0.461168,-0.021455,0.170921,0.413613,-0.043181,0.164933,0.404715,-0.053714,0.159887,0.401484,-0.059117
1600,0,0.386928,0.456188,2.168331,0.823462,1.118819,0.193074,0.640183,0.000000,0.239670,0.640154,-0.036629,0.284366,0.610768,-0.051284,0.300305,0.558765,-0.061987,0.316254,0.514708,-0.072085,0.281074,0.483535,-0.025566,0.300884,0.419874,-0.042396,0.307126,0.376353,-0.056730,0.310103,0.336288,-0.067320,0.247643,0.455864,-0.021274,0.262680,0.376681,-0.035324,0.267032,0.324898,-0.048864,0.268282,0.278872,-0.058621,0.212777,0.452052,-0.021123,0.212433,0.376144,-0.041489,0.209312,0.333716,-0.055974,0.207206,0.297003,-0.065051,0.175118,0.465826,-0.023978,0.169853,0.417896,-0.046292,0.168561,0.427369,-0.053137,0.168467,0.441607,-0.055520
1634,0,0.513909,0.599794,1.854436,1.250964,1.636837,0.192975,0.635559,0.000000,0.233367,0.639910,-0.032940,0.276251,0.619059,-0.047230,0.277172,0.577884,-0.057340,0.264069,0.540558,-0.067523,0.279642,0.489322,-0.027338,0.300495,0.429008,-0.041390,0.306521,0.391768,-0.054274,0.309582,0.352675,-0.063946,0.245182,0.462971,-0.024856,0.260132,0.384345,-0.036992,0.262790,0.336212,-0.049967,0.263636,0.291552,-0.059165,0.211381,0.459325,-0.025239,0.210190,0.388612,-0.046062,0.203850,0.352252,-0.059749,0.200014,0.319681,-0.067742,0.176216,0.474266,-0.028013,0.177911,0.428469,-0.049712,0.170381,0.461535,-0.051208,0.165897,0.498264,-0.049529
1663,0,0.530233,0.562744,1.039317,1.713253,2.043988,0.188754,0.633978,0.000000,0.231174,0.637020,-0.026071,0.272300,0.614533,-0.037234,0.260889,0.574661,-0.045558,0.237349,0.539944,-0.054405,0.278842,0.495109,-0.019993,0.300678,0.440920,-0.032950,0.306406,0.408031,-0.044757,0.307610,0.372618,-0.053430,0.244070,0.468464,-0.020306,0.258902,0.397319,-0.030599,0.260885,0.355575,-0.043259,0.260324,0.315392,-0.052350,0.210866,0.466857,-0.023023,0.209038,0.412999,-0.042145,0.201265,0.385789,-0.055938,0.195217,0.358090,-0.064018,0.177840,0.483552,-0.027516,0.179413,0.455434,-0.047509,0.173365,0.490883,-0.049181,0.169289,0.525821,-0.047718
1717,0,0.411796,0.378048,1.357683,2.097596,2.405257,0.187410,0.634832,0.000000,0.229157,0.638896,-0.022408,0.269268,0.614102,-0.031378,0.250264,0.577885,-0.038338,0.220884,0.550542,-0.046544,0.276867,0.501835,-0.016138,0.298856,0.453728,-0.028222,0.305107,0.424457,-0.039235,0.306139,0.394678,-0.046810,0.243401,0.474767,-0.017874,0.258233,0.409228,-0.025913,0.257222,0.370201,-0.037774,0.254062,0.334296,-0.046112,0.210833,0.472970,-0.021744,0.208654,0.426883,-0.038936,0.198567,0.403405,-0.053421,0.191107,0.380466,-0.062292,0.177682,0.489267,-0.027043,0.175208,0.477561,-0.045614,0.169871,0.516629,-0.048438,0.168438,0.553588,-0.048172
1747,0,0.418315,0.349827,1.785755,2.449238,2.714157,0.186032,0.637392,0.000000,0.228017,0.641339,-0.019879,0.266674,0.615837,-0.028725,0.243831,0.580677,-0.036246,0.211447,0.552957,-0.045060,0.274212,0.506291,-0.014682,0.298242,0.462338,-0.028470,0.305558,0.438596,-0.039982,0.305989,0.420004,-0.046625,0.240115,0.481702,-0.017293,0.256614,0.421030,-0.026043,0.255863,0.387951,-0.037012,0.250086,0.364262,-0.043815,0.206491,0.483493,-0.022003,0.203867,0.444649,-0.040397,0.194271,0.432651,-0.053331,0.185376,0.422776,-0.059814,0.171676,0.503154,-0.027783,0.169205,0.502761,-0.047806,0.169507,0.542976,-0.050968,0.170793,0.580192,-0.049786
1777,0,0.441151,0.324692,2.938018,2.725300,2.877989,0.184192,0.641875,0.000000,0.226344,0.647773,-0.021367,0.262930,0.624344,-0.032189,0.236670,0.590414,-0.041378,0.200930,0.562053,-0.051337,0.271832,0.512996,-0.016095,0.294621,0.472025,-0.033484,0.302911,0.452238,-0.046681,0.303169,0.446703,-0.053187,0.237205,0.485793,-0.018161,0.252767,0.426701,-0.029569,0.254527,0.402255,-0.039929,0.248772,0.395465,-0.045078,0.202705,0.486594,-0.023032,0.198080,0.454075,-0.043998,0.192549,0.452400,-0.056948,0.186259,0.454622,-0.062930,0.167418,0.507354,-0.029122,0.164828,0.523224,-0.052570,0.168779,0.568758,-0.058613,0.172500,0.608588,-0.058922
1808,0,0.475275,0.511171,4.766416,3.057023,3.246003,0.183710,0.639376,0.000000,0.226401,0.645605,-0.019431,0.262076,0.628062,-0.031621,0.235600,0.601503,-0.042956,0.198409,0.577689,-0.054566,0.267542,0.520856,-0.018377,0.293008,0.476655,-0.041856,0.302115,0.463226,-0.056888,0.300218,0.473425,-0.062326,0.231934,0.491983,-0.021860,0.248363,0.431822,-0.037976,0.252141,0.416033,-0.047844,0.246386,0.422780,-0.050716,0.196396,0.493021,-0.028551,0.191966,0.469586,-0.052488,0.188395,0.479014,-0.063915,0.184926,0.489372,-0.067214,0.162630,0.515235,-0.036235,0.161304,0.548158,-0.060462,0.168826,0.593315,-0.066664,0.176265,0.627453,-0.066542
1838,0,0.668798,0.728121,3.813344,3.544013,3.757383,0.179338,0.633497,0.000000,0.220230,0.644217,-0.020018,0.257840,0.637752,-0.033927,0.239654,0.613086,-0.047821,0.204477,0.588489,-0.061744,0.263935,0.534862,-0.024351,0.288660,0.488359,-0.051169,0.299063,0.480390,-0.065856,0.301062,0.494995,-0.070086,0.229319,0.500539,-0.027009,0.243609,0.452192,-0.049436,0.246286,0.444729,-0.060569,0.243101,0.455467,-0.062449,0.194814,0.494699,-0.032282,0.185166,0.514580,-0.060510,0.179185,0.555330,-0.069910,0.177984,0.585216,-0.068265,0.162604,0.510406,-0.038597,0.154673,0.557409,-0.060334,0.161332,0.605907,-0.063682,0.172480,0.641984,-0.059893
1874,0,0.544527,0.700152,3.030227,3.877595,4.347348,0.182250,0.622498,0.000000,0.219557,0.637975,-0.020620,0.256501,0.640039,-0.036236,0.244701,0.628666,-0.051380,0.212177,0.609988,-0.067179,0.259723,0.540725,-0.031415,0.284607,0.495301,-0.058742,0.297282,0.495401,-0.074829,0.303213,0.516291,-0.081641,0.225612,0.507896,-0.035319,0.238435,0.463692,-0.057589,0.243539,0.463503,-0.069379,0.244049,0.479172,-0.073834,0.190826,0.504700,-0.041764,0.188163,0.517368,-0.069013,0.185759,0.542996,-0.080489,0.185815,0.561001,-0.083633,0.157899,0.523566,-0.049415,0.157292,0.574755,-0.073781,0.166699,0.619608,-0.080960,0.178424,0.652182,-0.081956
1907,0,0.476657,0.699313,4.096409,4.244455,4.932404,0.180884,0.607957,0.000000,0.217555,0.621918,-0.017697,0.251598,0.629072,-0.033869,0.249569,0.634109,-0.050040,0.226636,0.633122,-0.066859,0.261063,0.537271,-0.034469,0.286479,0.502103,-0.064133,0.299951,0.513656,-0.080721,0.308393,0.541859,-0.087374,0.226529,0.508840,-0.040222,0.237414,0.472662,-0.066397,0.242262,0.488332,-0.077533,0.244460,0.517657,-0.080212,0.189840,0.506169,-0.048238,0.187359,0.531695,-0.078364,0.187529,0.573554,-0.088345,0.190808,0.607905,-0.088391,0.157065,0.525547,-0.057156,0.156849,0.578879,-0.081229,0.165134,0.626216,-0.087143,0.176424,0.660263,-0.086358
1939,0,0.519731,0.446713,1.483122,4.694642,5.282339,0.181793,0.614555,0.000000,0.215976,0.626743,-0.019615,0.249784,0.631563,-0.037476,0.248116,0.638043,-0.054873,0.226864,0.641006,-0.072659,0.263071,0.536085,-0.041999,0.283203,0.511682,-0.074996,0.296890,0.533760,-0.094167,0.304697,0.563848,-0.103168,0.225323,0.508156,-0.048858,0.232183,0.487788,-0.080579,0.237354,0.507010,-0.092436,0.237145,0.532032,-0.095033,0.185452,0.507994,-0.057989,0.184559,0.546292,-0.092782,0.188533,0.604098,-0.098754,0.192743,0.648022,-0.094600,0.151773,0.531571,-0.068462,0.156218,0.590445,-0.095465,0.164775,0.641211,-0.098841,0.173698,0.673585,-0.095465
1971,0,0.623056,0.647420,2.961967,4.803784,5.146970,0.172886,0.620195,0.000000,0.207167,0.634256,-0.017359,0.241438,0.640257,-0.034588,0.245398,0.646903,-0.052356,0.227520,0.646721,-0.069822,0.258809,0.529878,-0.032975,0.285025,0.522167,-0.065477,0.301090,0.553371,-0.084492,0.309225,0.586743,-0.092322,0.222648,0.507487,-0.040095,0.235382,0.508905,-0.071414,0.240207,0.556365,-0.081739,0.238509,0.595209,-0.081352,0.183055,0.511590,-0.049517,0.186673,0.569562,-0.081997,0.190808,0.634606,-0.083804,0.192429,0.677166,-0.075200,0.149942,0.537093,-0.060272,0.158616,0.597151,-0.081137,0.169934,0.646317,-0.078727,0.177289,0.675063,-0.070209
2000,0,0.726817,0.962095,3.546415,5.343099,6.004577,0.181924,0.610594,0.000000,0.215232,0.624632,-0.024523,0.244301,0.638672,-0.049611,0.247808,0.649807,-0.074699,0.228756,0.652235,-0.100177,0.260130,0.515567,-0.048569,0.285254,0.540287,-0.090541,0.299073,0.581394,-0.116410,0.309361,0.618845,-0.127782,0.219056,0.502991,-0.055514,0.230885,0.526489,-0.094795,0.238570,0.573653,-0.108424,0.243307,0.611121,-0.110507,0.176831,0.513600,-0.065150,0.182119,0.574452,-0.104951,0.187872,0.639598,-0.107729,0.192880,0.681960,-0.099048,0.142925,0.542765,-0.076435,0.152763,0.593217,-0.100437,0.163751,0.641350,-0.096704,0.171943,0.671323,-0.087199
2035,0,0.544931,0.683743,1.981704,5.353164,5.687593,0.169289,0.615194,0.000000,0.210184,0.623553,-0.023008,0.241844,0.631740,-0.044505,0.254317,0.638910,-0.065821,0.249480,0.639431,-0.086980,0.257676,0.513585,-0.041369,0.284419,0.560605,-0.081701,0.300044,0.609556,-0.107371,0.312293,0.650564,-0.118469,0.216567,0.503379,-0.047144,0.229235,0.544336,-0.084453,0.237172,0.592829,-0.097446,0.241198,0.631752,-0.099160,0.174256,0.516871,-0.055671,0.179572,0.592316,-0.092754,0.186325,0.657145,-0.094829,0.191038,0.699930,-0.085491,0.140641,0.546751,-0.066047,0.152122,0.603721,-0.087611,0.163203,0.650390,-0.083055,0.170882,0.680550,-0.072588
2065,0,0.476209,0.636517,1.708754,5.749665,6.161558,0.164708,0.605067,0.000000,0.206488,0.606739,-0.021308,0.236344,0.614876,-0.044054,0.255044,0.638825,-0.067601,0.269531,0.665662,-0.091263,0.258054,0.512283,-0.041363,0.282608,0.579029,-0.082726,0.295670,0.635907,-0.109405,0.305107,0.682680,-0.121561,0.215308,0.508123,-0.048764,0.228620,0.572213,-0.088897,0.236114,0.625505,-0.102538,0.239330,0.665302,-0.104858,0.171842,0.524442,-0.058832,0.180011,0.607707,-0.098084,0.185305,0.672373,-0.099847,0.188149,0.714176,-0.090150,0.136559,0.553425,-0.070617,0.150597,0.617628,-0.092795,0.162034,0.661838,-0.087737,0.169903,0.689205,-0.077066
2121,0,0.499478,0.661477,0.635046,6.234751,6.688386,0.158194,0.595370,0.000000,0.202977,0.600201,-0.024410,0.234883,0.614366,-0.050496,0.254525,0.646829,-0.076698,0.264699,0.683093,-0.102760,0.253542,0.514330,-0.048355,0.278949,0.593273,-0.092661,0.289317,0.653721,-0.121003,0.296657,0.703214,-0.134407,0.210814,0.511135,-0.055615,0.228593,0.593214,-0.099502,0.235226,0.654077,-0.113743,0.238240,0.699347,-0.116163,0.168226,0.527519,-0.065714,0.178648,0.625180,-0.106576,0.182726,0.690193,-0.107507,0.185113,0.731898,-0.097361,0.133925,0.554945,-0.078001,0.147601,0.627604,-0.099130,0.156672,0.667221,-0.093638,0.163274,0.690155,-0.083306
2151,0,0.795540,1.957500,2.927684,6.414477,7.646265,0.127415,0.544994,0.000001,0.190795,0.555883,-0.010284,0.239939,0.581610,-0.027064,0.259897,0.625363,-0.043015,0.266155,0.667043,-0.059381,0.241469,0.508568,-0.051613,0.274476,0.595986,-0.075691,0.289195,0.659155,-0.090177,0.295939,0.710725,-0.099024,0.200104,0.508028,-0.060487,0.223394,0.618887,-0.086584,0.232420,0.686858,-0.094379,0.237072,0.733821,-0.099742,0.160174,0.527950,-0.068670,0.175133,0.644229,-0.092555,0.183783,0.711512,-0.095209,0.189349,0.753702,-0.094711,0.128412,0.559932,-0.077350,0.149067,0.637410,-0.089348,0.159001,0.672039,-0.086639,0.166777,0.694274,-0.084317
2178,0,1.110687,1.090064,0.695158,7.179689,8.480234,0.130026,0.546782,0.000001,0.182385,0.547333,-0.023404,0.228914,0.570947,-0.050856,0.250587,0.621225,-0.075784,0.260885,0.672889,-0.102986,0.241074,0.515310,-0.075420,0.273104,0.608752,-0.111355,0.288280,0.671563,-0.135100,0.299024,0.726299,-0.150839,0.199586,0.512878,-0.082561,0.231360,0.644923,-0.119907,0.243144,0.720443,-0.132280,0.252960,0.777014,-0.140286,0.158407,0.530119,-0.089612,0.186624,0.659529,-0.122182,0.202124,0.727098,-0.124456,0.213528,0.772971,-0.123364,0.123190,0.557624,-0.098255,0.146415,0.654191,-0.119088,0.161938,0.705619,-0.116632,0.173153,0.741977,-0.113266
2210,0,0.302896,0.476827,0.781607,7.445979,8.879574,0.123829,0.530370,0.000001,0.175976,0.534785,-0.025282,0.223955,0.564799,-0.053503,0.245084,0.621178,-0.078807,0.254409,0.675800,-0.106546,0.237523,0.518199,-0.077338,0.270641,0.613620,-0.112792,0.285206,0.680429,-0.136397,0.295380,0.737365,-0.152287,0.196626,0.516132,-0.083905,0.224116,0.650639,-0.120324,0.236407,0.731737,-0.133091,0.247782,0.790842,-0.142092,0.154467,0.532346,-0.090335,0.178051,0.665296,-0.122436,0.192641,0.736817,-0.123814,0.204282,0.783905,-0.122436,0.118122,0.557942,-0.098463,0.138646,0.654807,-0.118303,0.150532,0.704257,-0.113619,0.158713,0.736570,-0.109026
2241,0,0.886782,1.236891,1.482015,7.350248,9.012099,0.108790,0.509471,0.000001,0.167146,0.510517,-0.015599,0.222495,0.552030,-0.033591,0.244609,0.619498,-0.048829,0.249266,0.674947,-0.065895,0.231362,0.516852,-0.062085,0.266132,0.617290,-0.085560,0.281804,0.686059,-0.098739,0.290027,0.742135,-0.106667,0.190529,0.524285,-0.067439,0.215990,0.657310,-0.094312,0.223860,0.735729,-0.102034,0.228517,0.791178,-0.106770,0.150132,0.544132,-0.071609,0.165602,0.681912,-0.096629,0.174275,0.753380,-0.101314,0.178833,0.803103,-0.101211,0.115505,0.572481,-0.076243,0.139423,0.666199,-0.089010,0.149997,0.710041,-0.087156,0.157063,0.744639,-0.084891
2273,0,0.199843,0.251903,0.638344,7.473529,9.134759,0.108186,0.502938,0.000001,0.167009,0.506167,-0.011722,0.219968,0.554703,-0.028773,0.239760,0.625937,-0.042661,0.244920,0.677592,-0.057517,0.230456,0.520565,-0.064006,0.265047,0.618524,-0.087553,0.278914,0.685288,-0.099943,0.287630,0.738991,-0.106696,0.187641,0.529599,-0.069760,0.210153,0.652970,-0.096830,0.218049,0.731883,-0.104229,0.223033,0.788832,-0.109044,0.146531,0.550305,-0.073460,0.159262,0.680422,-0.096302,0.166190,0.753283,-0.100354,0.169924,0.802595,-0.100941,0.112370,0.578753,-0.077042,0.137338,0.668259,-0.087083,0.147572,0.707314,-0.084264,0.154917,0.737359,-0.082209
2306,0,0.180345,0.200022,0.260524,7.641565,9.305886,0.105037,0.499247,0.000001,0.164321,0.504506,-0.011781,0.217774,0.557148,-0.028882,0.236010,0.630539,-0.042046,0.240334,0.682491,-0.055453,0.226282,0.522603,-0.068526,0.261433,0.624337,-0.091875,0.275752,0.691567,-0.103063,0.284492,0.744614,-0.108900,0.181486,0.529710,-0.073573,0.205494,0.655858,-0.099537,0.214329,0.735597,-0.105678,0.219748,0.794415,-0.110299,0.139909,0.550932,-0.076431,0.157762,0.682879,-0.097104,0.165701,0.757709,-0.101117,0.168318,0.810104,-0.102820,0.106556,0.580181,-0.078985,0.135212,0.672375,-0.087558,0.146952,0.707147,-0.085491,0.153983,0.733983,-0.084822
2337,0,0.220024,0.360933,0.502981,7.833970,9.519371,0.104191,0.489655,0.000001,0.163548,0.497371,-0.012085,0.215300,0.557780,-0.029506,0.231615,0.635914,-0.042879,0.235153,0.687516,-0.056437,0.223425,0.526644,-0.069065,0.257064,0.629825,-0.091776,0.269982,0.698658,-0.102201,0.277636,0.751374,-0.107600,0.177196,0.535160,-0.074215,0.201283,0.662576,-0.098912,0.209817,0.743838,-0.104311,0.215791,0.803343,-0.108841,0.134731,0.555508,-0.077256,0.152578,0.686591,-0.097547,0.160568,0.762874,-0.101767,0.163607,0.816069,-0.103939,0.100195,0.583527,-0.079986,0.129727,0.675422,-0.088301,0.141854,0.706686,-0.086316,0.149221,0.729723,-0.086192
2367,0,0.233973,0.224521,0.500418,7.916376,9.595427,0.102074,0.485242,0.000001,0.162849,0.490677,-0.011836,0.212001,0.552415,-0.027866,0.224628,0.629938,-0.039663,0.225306,0.681975,-0.051603,0.222026,0.532960,-0.065560,0.251984,0.639952,-0.087841,0.264705,0.709014,-0.098213,0.272933,0.763716,-0.103783,0.175064,0.541144,-0.070682,0.195537,0.665813,-0.093603,0.205562,0.745131,-0.100133,0.212518,0.806610,-0.105703,0.132321,0.559245,-0.073820,0.147625,0.685550,-0.093347,0.157350,0.759801,-0.099813,0.162484,0.814302,-0.103783,0.097684,0.585703,-0.076573,0.126951,0.674132,-0.086304,0.142312,0.703679,-0.086304,0.152320,0.725762,-0.087329
2400,0,0.194135,0.201320,0.134217,8.105071,9.763630,0.098631,0.481787,0.000001,0.161566,0.489460,-0.010628,0.209753,0.552656,-0.026930,0.220434,0.632781,-0.039165,0.220442,0.686930,-0.051400,0.220564,0.535978,-0.066128,0.247935,0.646660,-0.088499,0.259370,0.716973,-0.098733,0.266451,0.772635,-0.104375,0.173321,0.542141,-0.071901,0.191997,0.667754,-0.095191,0.201392,0.749954,-0.102669,0.207242,0.813751,-0.109230,0.129888,0.558136,-0.075378,0.143119,0.689701,-0.095453,0.151570,0.766604,-0.103129,0.155270,0.821226,-0.108114,0.094856,0.584333,-0.078134,0.124096,0.675677,-0.088565,0.139558,0.705429,-0.089614,0.149559,0.726322,-0.091320
2430,0,0.150293,0.173609,0.137386,8.245683,9.818260,0.098385,0.479933,0.000001,0.161838,0.489010,-0.010100,0.208914,0.553696,-0.026181,0.217885,0.633720,-0.038224,0.216914,0.686630,-0.050284,0.218510,0.539100,-0.067035,0.245111,0.651950,-0.089915,0.255685,0.723539,-0.100368,0.261798,0.780142,-0.106063,0.170426,0.543626,-0.073098,0.188079,0.672116,-0.096951,0.196770,0.755444,-0.104321,0.201688,0.819811,-0.110619,0.126558,0.558053,-0.076850,0.138215,0.689646,-0.097085,0.147037,0.768368,-0.104455,0.151536,0.824978,-0.109078,0.091065,0.582128,-0.079798,0.119516,0.674792,-0.090116,0.135553,0.705621,-0.090653,0.145578,0.727418,-0.091993
2483,0,0.114161,0.106304,0.262234,8.320580,9.863635,0.098143,0.480202,0.000001,0.162235,0.489406,-0.009821,0.208538,0.554857,-0.025760,0.217878,0.634095,-0.037559,0.217632,0.687221,-0.049628,0.216779,0.542268,-0.066869,0.243661,0.656389,-0.088572,0.255442,0.726853,-0.097700,0.263290,0.782250,-0.102568,0.168756,0.549529,-0.072819,0.185036,0.679333,-0.096280,0.194414,0.762092,-0.103515,0.201391,0.825940,-0.109465,0.124737,0.564075,-0.076132,0.136605,0.694070,-0.096686,0.146546,0.773154,-0.104123,0.152789,0.829714,-0.108721,0.089367,0.586801,-0.078431,0.118168,0.677380,-0.089992,0.134774,0.708452,-0.090871,0.145646,0.730498,-0.092088
2512,0,0.162210,0.145009,0.211598,8.331139,9.913592,0.100042,0.480021,0.000001,0.163716,0.490818,-0.010090,0.209743,0.555607,-0.026133,0.219096,0.633154,-0.038347,0.218239,0.686581,-0.050971,0.218172,0.546372,-0.065470,0.244954,0.663382,-0.086793,0.256760,0.735199,-0.095527,0.264514,0.791916,-0.099826,0.170590,0.554285,-0.071372,0.188607,0.686006,-0.094094,0.197403,0.768083,-0.100372,0.203358,0.830637,-0.105421,0.126277,0.568532,-0.074784,0.138854,0.699023,-0.094435,0.148295,0.776657,-0.100918,0.154055,0.830667,-0.104739,0.090517,0.589643,-0.077309,0.119643,0.681752,-0.088704,0.135792,0.715223,-0.089113,0.146281,0.737625,-0.089727
2542,0,0.215330,0.193266,0.252969,8.337579,9.969526,0.103351,0.479998,0.000001,0.167410,0.492591,-0.010491,0.212599,0.560504,-0.025824,0.221255,0.639397,-0.036965,0.220596,0.691344,-0.048003,0.220027,0.550218,-0.064038,0.246844,0.668108,-0.084343,0.258875,0.741118,-0.091840,0.267354,0.797855,-0.095381,0.172217,0.559628,-0.069314,0.190655,0.690582,-0.092048,0.198372,0.773779,-0.098157,0.203764,0.837461,-0.102739,0.129322,0.574831,-0.072056,0.140007,0.705688,-0.091910,0.148647,0.785321,-0.098366,0.154523,0.841185,-0.101906,0.095353,0.596490,-0.074000,0.124165,0.688472,-0.084760,0.139574,0.719242,-0.084968,0.150044,0.740218,-0.085454
2579,0,0.284130,0.169764,0.319760,8.350197,10.039849,0.105249,0.484652,0.000001,0.171285,0.495355,-0.010674,0.216544,0.563532,-0.025287,0.226232,0.642595,-0.035182,0.227291,0.693872,-0.045146,0.221515,0.555435,-0.064024,0.249546,0.673123,-0.083077,0.262447,0.744626,-0.089241,0.272039,0.800234,-0.091833,0.173596,0.568654,-0.068542,0.195128,0.698609,-0.090152,0.204058,0.781345,-0.096176,0.209826,0.844201,-0.100519,0.131055,0.585919,-0.070328,0.144882,0.712896,-0.089591,0.155868,0.792471,-0.097017,0.163640,0.848940,-0.101149,0.098349,0.608822,-0.071134,0.129715,0.698122,-0.082236,0.146551,0.733818,-0.083567,0.157263,0.760453,-0.084688
2608,0,0.275721,0.158075,0.279737,8.267842,10.001217,0.107405,0.490232,0.000001,0.175129,0.500572,-0.010042,0.219759,0.569266,-0.024274,0.227422,0.648444,-0.033392,0.227611,0.699571,-0.042563,0.225843,0.560400,-0.062911,0.254102,0.679768,-0.080197,0.266741,0.750358,-0.085336,0.276018,0.803818,-0.087378,0.176878,0.574572,-0.066748,0.199222,0.706676,-0.086604,0.210236,0.788313,-0.092870,0.217553,0.849357,-0.097799,0.133929,0.592214,-0.067488,0.148886,0.720397,-0.085477,0.161371,0.798332,-0.093715,0.169577,0.853130,-0.098926,0.102319,0.615138,-0.066960,0.133536,0.700043,-0.077591,0.151229,0.726105,-0.078929,0.162135,0.744702,-0.080126
2640,0,0.229750,0.056243,0.121820,8.260126,10.032714,0.112039,0.494992,0.000001,0.180275,0.505172,-0.010377,0.224929,0.574107,-0.024403,0.231385,0.654209,-0.033498,0.230759,0.703939,-0.042611,0.229934,0.563971,-0.062190,0.259136,0.684049,-0.080025,0.271792,0.754629,-0.085507,0.281025,0.808430,-0.087785,0.181254,0.579311,-0.066248,0.204197,0.709452,-0.086646,0.215276,0.791220,-0.093623,0.222726,0.852485,-0.098963,0.138907,0.597758,-0.067388,0.153975,0.724578,-0.086290,0.166274,0.803518,-0.095617,0.174725,0.859443,-0.101455,0.108065,0.621638,-0.067316,0.138432,0.706736,-0.079028,0.156243,0.735067,-0.081449,0.167975,0.756509,-0.083442
2673,0,0.185690,0.081198,0.112104,8.262112,10.091150,0.114261,0.498332,0.000001,0.182632,0.507485,-0.009543,0.227751,0.576443,-0.023181,0.235350,0.657783,-0.031674,0.235870,0.708523,-0.040345,0.232693,0.568679,-0.063882,0.263282,0.687265,-0.081687,0.276342,0.757578,-0.087028,0.285661,0.810507,-0.089165,0.184305,0.583748,-0.067906,0.209169,0.714886,-0.088096,0.220834,0.795999,-0.094649,0.228310,0.856532,-0.099776,0.142182,0.602257,-0.068761,0.157732,0.730381,-0.087384,0.170050,0.808599,-0.096358,0.178606,0.862656,-0.102055,0.111059,0.625600,-0.068191,0.142837,0.710433,-0.079693,0.161251,0.737884,-0.081829,0.173011,0.758156,-0.083681
2703,0,0.184252,0.193169,0.310352,8.197835,10.079548,0.121630,0.497770,0.000001,0.190353,0.510890,-0.008787,0.233155,0.581422,-0.022334,0.238516,0.662713,-0.030453,0.237597,0.713348,-0.038716,0.236059,0.572346,-0.065388,0.267132,0.691212,-0.082236,0.280578,0.760802,-0.086395,0.289777,0.812703,-0.087542,0.187153,0.587019,-0.069152,0.212716,0.719035,-0.089048,0.224575,0.800321,-0.094353,0.232247,0.859039,-0.098368,0.145115,0.605019,-0.069331,0.160092,0.734176,-0.086753,0.172767,0.811291,-0.093780,0.181633,0.864027,-0.097938,0.114190,0.626924,-0.068005,0.145717,0.710672,-0.077074,0.163981,0.733913,-0.076572,0.175690,0.749258,-0.076572
2768,0,0.159355,0.227264,0.388727,8.117576,10.049183,0.118531,0.499554,0.000001,0.188806,0.510263,-0.008438,0.233189,0.582076,-0.020460,0.237256,0.665761,-0.027393,0.235132,0.719914,-0.034362,0.240418,0.575073,-0.059695,0.269155,0.691159,-0.075604,0.282288,0.759900,-0.080119,0.291581,0.811792,-0.082054,0.191344,0.587349,-0.063923,0.214624,0.717579,-0.081696,0.225709,0.798097,-0.088145,0.232697,0.857739,-0.093663,0.148180,0.604292,-0.065070,0.161815,0.732870,-0.082341,0.173030,0.809011,-0.092087,0.180801,0.861466,-0.098608,0.116115,0.626568,-0.064604,0.146291,0.709038,-0.075676,0.164579,0.728771,-0.077898,0.177772,0.741245,-0.079904
2833,0,0.184089,0.252953,0.319753,8.049239,10.129551,0.126714,0.493244,0.000001,0.196784,0.507854,-0.008668,0.239047,0.581354,-0.021917,0.241753,0.664922,-0.029774,0.238816,0.716551,-0.037739,0.243676,0.573787,-0.064264,0.272716,0.690553,-0.080993,0.286338,0.759306,-0.086000,0.296028,0.811073,-0.088032,0.193617,0.586469,-0.067966,0.219172,0.716751,-0.086799,0.230853,0.797538,-0.092314,0.237752,0.856576,-0.097104,0.150630,0.603250,-0.068183,0.165733,0.733293,-0.084912,0.178566,0.809010,-0.092024,0.186892,0.860600,-0.096741,0.119092,0.624584,-0.066950,0.150851,0.708813,-0.075114,0.168267,0.728836,-0.074207,0.179117,0.740996,-0.074280
2874,0,0.105203,0.122991,0.237841,8.020250,10.084780,0.126197,0.494172,0.000001,0.195860,0.507876,-0.009806,0.239041,0.580680,-0.022747,0.242152,0.664416,-0.030288,0.239839,0.718733,-0.037701,0.244544,0.572474,-0.061880,0.273057,0.689076,-0.078519,0.286545,0.757753,-0.083522,0.296440,0.809735,-0.085624,0.195032,0.584207,-0.065759,0.218061,0.714813,-0.083884,0.229575,0.795210,-0.090409,0.237010,0.854692,-0.095992,0.151867,0.600656,-0.066629,0.165477,0.729877,-0.084247,0.177118,0.806230,-0.094034,0.185568,0.859114,-0.100705,0.120126,0.622794,-0.066085,0.150314,0.705958,-0.077504,0.169785,0.726022,-0.080042,0.183835,0.739091,-0.082434
2907,0,0.074125,0.078229,0.135493,8.028749,10.092087,0.125657,0.495179,0.000001,0.195614,0.507129,-0.009209,0.239649,0.578995,-0.022257,0.243992,0.662639,-0.029863,0.241951,0.715663,-0.037577,0.244241,0.572692,-0.063484,0.273959,0.688988,-0.080068,0.287299,0.757850,-0.084693,0.297405,0.809412,-0.086572,0.195152,0.584978,-0.067097,0.219315,0.716863,-0.086138,0.230335,0.797979,-0.092208,0.237358,0.857369,-0.097195,0.152403,0.601394,-0.067314,0.165842,0.732068,-0.085054,0.177305,0.808815,-0.093581,0.185146,0.860667,-0.099073,0.120832,0.623044,-0.066013,0.152009,0.708133,-0.076166,0.170055,0.728498,-0.076888,0.181964,0.740914,-0.077828
2934,0,0.053186,0.077905,0.149399,8.012971,10.107329,0.124162,0.495740,0.000001,0.194331,0.507084,-0.009166,0.239066,0.578374,-0.022215,0.244745,0.662243,-0.029910,0.242984,0.716273,-0.037514,0.244783,0.571983,-0.063332,0.274764,0.689475,-0.080387,0.288284,0.758753,-0.085167,0.298245,0.810430,-0.086760,0.195727,0.584409,-0.067026,0.220709,0.717340,-0.086326,0.231638,0.798930,-0.091613,0.238239,0.858296,-0.095668,0.153130,0.601022,-0.067460,0.167250,0.731202,-0.084805,0.178877,0.807691,-0.091757,0.186753,0.859699,-0.095813,0.121018,0.622475,-0.066519,0.152213,0.708134,-0.075608,0.169872,0.731128,-0.074956,0.181737,0.745434,-0.074739
2965,0,0.075669,0.082873,0.199590,8.056191,10.139266,0.126066,0.496015,0.000001,0.196307,0.506849,-0.008888,0.240532,0.578406,-0.022145,0.244035,0.663479,-0.030299,0.239699,0.717372,-0.038453,0.244964,0.572210,-0.063517,0.275768,0.689907,-0.081211,0.288546,0.759918,-0.086319,0.297415,0.812660,-0.088143,0.196217,0.585402,-0.067822,0.222014,0.717260,-0.087778,0.231982,0.799051,-0.092740,0.237708,0.858937,-0.096461,0.153871,0.602422,-0.068990,0.168174,0.731398,-0.086830,0.179387,0.809429,-0.093470,0.187430,0.862851,-0.097264,0.122069,0.623701,-0.068880,0.153382,0.710302,-0.078147,0.170378,0.735792,-0.077344,0.181877,0.752004,-0.077125
2993,0,0.057761,0.087020,0.111355,8.074314,10.162666,0.124760,0.496774,0.000001,0.195232,0.506276,-0.009971,0.240416,0.577264,-0.023636,0.245039,0.662102,-0.032115,0.241428,0.716499,-0.040576,0.245905,0.572002,-0.064304,0.276116,0.689913,-0.082900,0.288582,0.760282,-0.088649,0.297625,0.813098,-0.090906,0.197008,0.585182,-0.068416,0.221998,0.717021,-0.089086,0.231747,0.798917,-0.094836,0.237732,0.858990,-0.099057,0.154537,0.602180,-0.069544,0.168332,0.730602,-0.088213,0.179153,0.808723,-0.095709,0.187090,0.861856,-0.099931,0.122385,0.624056,-0.069435,0.153732,0.710510,-0.079843,0.170524,0.736779,-0.079988,0.181842,0.753592,-0.080134
3031,0,0.063177,0.063478,0.065360,8.032424,10.108563,0.124918,0.496819,0.000001,0.195315,0.505615,-0.009843,0.240660,0.576262,-0.023082,0.245150,0.661024,-0.031317,0.241624,0.714203,-0.039407,0.246388,0.572251,-0.062927,0.276057,0.689582,-0.081516,0.288634,0.760142,-0.087871,0.297665,0.813364,-0.090719,0.197270,0.584363,-0.066944,0.221160,0.713430,-0.087652,0.230263,0.795357,-0.093568,0.235028,0.855832,-0.098170,0.154782,0.601341,-0.068149,0.168546,0.729519,-0.086629,0.179619,0.806465,-0.093714,0.187024,0.858771,-0.097878,0.123147,0.623244,-0.068295,0.153872,0.710501,-0.078156,0.169864,0.736163,-0.077864,0.180307,0.752587,-0.078083
3066,0,0.066647,0.063111,0.132461,8.002822,10.104032,0.124710,0.496011,0.000001,0.194636,0.505396,-0.009273,0.240019,0.574886,-0.022129,0.245326,0.658659,-0.030349,0.242138,0.711532,-0.038388,0.246079,0.571485,-0.060334,0.275933,0.688881,-0.078599,0.288678,0.759188,-0.084796,0.297976,0.812390,-0.087494,0.197515,0.584164,-0.064855,0.221015,0.712141,-0.085307,0.229921,0.793953,-0.091431,0.234980,0.854834,-0.096097,0.155403,0.601233,-0.066751,0.169269,0.727907,-0.085452,0.180211,0.805886,-0.093035,0.188226,0.859014,-0.097410,0.123896,0.623281,-0.067553,0.155097,0.710073,-0.077870,0.171335,0.738335,-0.078307,0.182403,0.757049,-0.078744
3106,0,0.089481,0.112790,0.096012,8.025857,10.105462,0.126729,0.495159,0.000001,0.196382,0.505012,-0.010441,0.241209,0.574472,-0.024403,0.246736,0.657505,-0.033394,0.244682,0.709886,-0.042239,0.246049,0.571486,-0.063797,0.275773,0.689398,-0.082801,0.288515,0.759525,-0.089294,0.297767,0.812485,-0.092212,0.197180,0.583419,-0.067809,0.220485,0.712475,-0.089221,0.229474,0.794216,-0.095422,0.234476,0.854640,-0.100163,0.155018,0.599839,-0.069049,0.168840,0.727359,-0.088053,0.179789,0.805381,-0.095276,0.187435,0.858510,-0.099507,0.123477,0.621460,-0.069268,0.154469,0.708867,-0.079518,0.170699,0.736705,-0.079664,0.181600,0.755222,-0.079956
3146,0,0.097674,0.124736,0.214794,7.982449,10.053849,0.124084,0.496040,0.000001,0.193896,0.503822,-0.010482,0.239648,0.573218,-0.023834,0.245821,0.657268,-0.032227,0.243752,0.710788,-0.040330,0.246155,0.570487,-0.061439,0.275521,0.687300,-0.079860,0.287942,0.757718,-0.086109,0.296825,0.810841,-0.089016,0.197630,0.582946,-0.065399,0.220237,0.711277,-0.085673,0.228693,0.793077,-0.091850,0.233608,0.853769,-0.096791,0.155810,0.599904,-0.066780,0.168328,0.726314,-0.085455,0.178100,0.803607,-0.093376,0.185068,0.856686,-0.098244,0.124169,0.622069,-0.067180,0.153571,0.707180,-0.078043,0.168898,0.732099,-0.078915,0.180017,0.747572,-0.079933
3185,0,0.095185,0.146586,0.215401,8.020904,10.107490,0.126482,0.493150,0.000001,0.195034,0.502802,-0.010523,0.240222,0.572399,-0.024445,0.246921,0.655559,-0.033623,0.245844,0.707744,-0.042746,0.245553,0.570178,-0.062011,0.274262,0.687143,-0.080768,0.287236,0.757010,-0.087310,0.296716,0.810201,-0.090436,0.197689,0.582467,-0.066410,0.219066,0.709630,-0.087674,0.227211,0.792004,-0.094289,0.231407,0.854281,-0.099378,0.156057,0.599160,-0.068300,0.169250,0.725824,-0.087892,0.179402,0.803739,-0.096543,0.186036,0.857726,-0.101777,0.124091,0.621387,-0.069172,0.153798,0.708154,-0.081131,0.170091,0.736301,-0.083385,0.181361,0.756093,-0.085347
3222,0,0.082053,0.088855,0.139691,8.025790,10.094090,0.127205,0.492838,0.000001,0.196244,0.503565,-0.010204,0.240345,0.574178,-0.023932,0.244598,0.657685,-0.032717,0.241559,0.709995,-0.041357,0.245056,0.569701,-0.063518,0.274428,0.686952,-0.082280,0.286843,0.757197,-0.088426,0.295850,0.810769,-0.091101,0.196507,0.581694,-0.067784,0.220129,0.710565,-0.088932,0.229052,0.792707,-0.095005,0.233662,0.854097,-0.099633,0.154293,0.597973,-0.069230,0.166745,0.725404,-0.088281,0.176993,0.803501,-0.095801,0.183865,0.857582,-0.100139,0.122686,0.619211,-0.069627,0.152335,0.706655,-0.079967,0.168272,0.733627,-0.080183,0.178650,0.751583,-0.080617
3263,0,0.059152,0.100377,0.127667,8.015974,10.078116,0.124946,0.494485,0.000001,0.194660,0.504048,-0.009404,0.239033,0.574373,-0.022580,0.243046,0.658128,-0.030901,0.238895,0.711541,-0.039096,0.245488,0.570019,-0.062236,0.274621,0.686279,-0.080719,0.286557,0.756698,-0.086784,0.295299,0.810310,-0.089311,0.197006,0.581649,-0.066604,0.220499,0.710952,-0.087289,0.229141,0.793138,-0.093138,0.233921,0.854480,-0.097542,0.154493,0.597876,-0.068157,0.166417,0.724621,-0.086856,0.176229,0.803827,-0.094004,0.183299,0.858719,-0.098119,0.122450,0.619093,-0.068554,0.152265,0.706243,-0.078337,0.167818,0.734053,-0.077976,0.178612,0.751998,-0.077903
3301,0,0.101864,0.093470,0.096662,8.019330,10.082877,0.125218,0.493898,0.000001,0.194615,0.503265,-0.010782,0.239799,0.572475,-0.024911,0.245943,0.655887,-0.033993,0.243926,0.708934,-0.042803,0.245023,0.569815,-0.063753,0.274121,0.686604,-0.082929,0.286912,0.756599,-0.089514,0.296014,0.809908,-0.092554,0.196595,0.580846,-0.067841,0.218814,0.708281,-0.089876,0.226705,0.790260,-0.096316,0.230625,0.851473,-0.100948,0.154680,0.596998,-0.069252,0.167785,0.724085,-0.088935,0.177992,0.802404,-0.096606,0.184822,0.856309,-0.100948,0.122902,0.618673,-0.069687,0.152987,0.706317,-0.080396,0.169143,0.733610,-0.080975,0.180017,0.751652,-0.081699
3337,0,0.036338,0.027680,0.054294,7.994824,10.075166,0.125806,0.492849,0.000001,0.194324,0.502346,-0.010750,0.239655,0.571916,-0.024810,0.245991,0.654963,-0.033942,0.244251,0.707842,-0.042821,0.245195,0.568822,-0.063218,0.274479,0.685435,-0.082169,0.287008,0.755350,-0.088534,0.296084,0.808804,-0.091428,0.197112,0.580273,-0.067413,0.219339,0.707725,-0.089041,0.227460,0.789181,-0.095189,0.231514,0.850311,-0.099818,0.155348,0.596444,-0.069005,0.167805,0.723334,-0.088317,0.177973,0.801434,-0.095912,0.184643,0.855728,-0.100324,0.123610,0.617858,-0.069620,0.152970,0.705407,-0.080288,0.168603,0.733879,-0.080939,0.179150,0.753289,-0.081807
3375,0,0.083131,0.095562,0.083910,7.935762,10.069300,0.124693,0.492005,0.000001,0.194304,0.500487,-0.010622,0.240111,0.570776,-0.024152,0.246303,0.655070,-0.032841,0.243904,0.708685,-0.041151,0.245956,0.567034,-0.060986,0.275165,0.682646,-0.079556,0.287649,0.752477,-0.085771,0.296833,0.806197,-0.088589,0.197920,0.578938,-0.065105,0.219945,0.706886,-0.086204,0.227991,0.788011,-0.092202,0.232276,0.849126,-0.096682,0.156108,0.595697,-0.066839,0.168700,0.723026,-0.085987,0.179084,0.800733,-0.093719,0.185954,0.854978,-0.098054,0.124229,0.618064,-0.067634,0.154589,0.705453,-0.078256,0.170369,0.733398,-0.079051,0.181103,0.752706,-0.079845
3410,0,0.091743,0.108560,0.104502,7.961073,10.085057,0.124491,0.493056,0.000001,0.193220,0.500317,-0.011051,0.240196,0.569284,-0.025123,0.248526,0.652029,-0.034365,0.248009,0.704775,-0.043373,0.245728,0.566534,-0.062726,0.275668,0.682167,-0.081970,0.288467,0.752463,-0.088481,0.297789,0.806506,-0.091520,0.198215,0.578306,-0.066994,0.219922,0.705659,-0.089060,0.227688,0.787739,-0.095499,0.232049,0.849324,-0.100129,0.156596,0.595171,-0.068839,0.169572,0.721709,-0.088915,0.179836,0.800141,-0.096946,0.186902,0.854615,-0.101432,0.124822,0.617461,-0.069779,0.155129,0.705509,-0.081319,0.170736,0.736266,-0.082838,0.181326,0.757812,-0.084068
3442,0,0.051516,0.053462,0.111508,7.931001,10.041503,0.124985,0.492576,0.000001,0.193414,0.500069,-0.011052,0.240215,0.568576,-0.025066,0.248143,0.651384,-0.034366,0.246819,0.704616,-0.043522,0.245125,0.565472,-0.061545,0.274684,0.680904,-0.080544,0.288079,0.750666,-0.087189,0.297879,0.804281,-0.090512,0.198044,0.578066,-0.065916,0.219488,0.705329,-0.087839,0.227205,0.787284,-0.094413,0.231242,0.849332,-0.099397,0.156595,0.594696,-0.067902,0.169741,0.721572,-0.088056,0.179337,0.798972,-0.096291,0.185551,0.852939,-0.101131,0.124798,0.616935,-0.069058,0.154468,0.703184,-0.080977,0.170030,0.731268,-0.082855,0.181176,0.750607,-0.084589
3479,0,0.042884,0.052945,0.110026,7.939618,10.028135,0.126124,0.493441,0.000001,0.193773,0.500788,-0.011261,0.240102,0.569417,-0.025463,0.248732,0.651484,-0.034769,0.248689,0.704198,-0.043861,0.246001,0.565513,-0.062617,0.275211,0.682241,-0.081625,0.287924,0.752003,-0.087937,0.297263,0.805672,-0.090877,0.198660,0.578102,-0.066849,0.219812,0.705764,-0.089299,0.227490,0.786726,-0.095468,0.231153,0.848209,-0.099771,0.157058,0.594719,-0.068750,0.169668,0.720779,-0.088941,0.179770,0.798265,-0.096472,0.186660,0.852944,-0.100704,0.124759,0.616663,-0.069718,0.153986,0.703781,-0.081481,0.170122,0.734294,-0.082916,0.181255,0.756156,-0.084207
3514,0,0.063241,0.106873,0.128721,7.911160,10.009180,0.128223,0.490499,0.000001,0.195267,0.499922,-0.010916,0.240617,0.569448,-0.024967,0.248594,0.651362,-0.034245,0.248013,0.703527,-0.043379,0.245373,0.565643,-0.062436,0.274728,0.681630,-0.081385,0.288054,0.751721,-0.087690,0.297571,0.805458,-0.090555,0.197946,0.576916,-0.066734,0.219075,0.704832,-0.088621,0.226803,0.786661,-0.094639,0.230422,0.848345,-0.098937,0.156193,0.592531,-0.068561,0.168908,0.719611,-0.088263,0.178760,0.797016,-0.095642,0.185203,0.850635,-0.099725,0.124062,0.613419,-0.069528,0.153286,0.700708,-0.080669,0.168935,0.729359,-0.081600,0.179556,0.748947,-0.082531
3548,0,0.067663,0.111375,0.199175,7.942096,9.995592,0.125491,0.494268,0.000001,0.193658,0.500960,-0.011451,0.240003,0.569993,-0.025224,0.247674,0.652432,-0.034031,0.246594,0.705027,-0.042624,0.245055,0.565837,-0.062203,0.274674,0.681079,-0.081032,0.287228,0.751065,-0.087249,0.296589,0.805095,-0.090107,0.197534,0.578317,-0.066097,0.218393,0.706220,-0.087249,0.226229,0.787409,-0.093323,0.230605,0.849205,-0.097896,0.156121,0.594783,-0.067634,0.168248,0.720243,-0.087249,0.178135,0.798356,-0.095538,0.185380,0.853308,-0.100397,0.124512,0.617088,-0.068277,0.153355,0.703999,-0.080174,0.169072,0.734115,-0.082104,0.180329,0.755841,-0.083747
3581,0,0.074648,0.075969,0.176532,7.956566,10.006431,0.126115,0.493122,0.000001,0.193121,0.501103,-0.011510,0.239151,0.569215,-0.025962,0.248597,0.650617,-0.035501,0.249239,0.703517,-0.044827,0.244216,0.565605,-0.064013,0.273843,0.681010,-0.083520,0.287157,0.750773,-0.090153,0.296702,0.804500,-0.093148,0.197020,0.577100,-0.068078,0.218326,0.704836,-0.090509,0.226323,0.786376,-0.096715,0.230400,0.848280,-0.101208,0.155474,0.592912,-0.069612,0.167846,0.719986,-0.089582,0.177644,0.797365,-0.096929,0.183969,0.851397,-0.100994,0.123598,0.614061,-0.070325,0.152884,0.701884,-0.081665,0.168258,0.733754,-0.082806,0.178857,0.756477,-0.083948
3621,0,0.060252,0.086144,0.080535,7.963299,10.009647,0.128166,0.492134,0.000001,0.195051,0.501174,-0.011304,0.239993,0.570227,-0.025685,0.247231,0.652214,-0.034899,0.246604,0.704101,-0.043864,0.245074,0.565071,-0.065530,0.274495,0.681447,-0.085025,0.287296,0.751355,-0.091642,0.296419,0.805197,-0.094702,0.197011,0.575537,-0.069443,0.218429,0.703550,-0.092496,0.225733,0.785209,-0.098971,0.229017,0.846556,-0.103453,0.155165,0.591291,-0.070617,0.168082,0.718616,-0.090717,0.177956,0.796619,-0.097975,0.184388,0.851143,-0.101959,0.123593,0.612854,-0.070866,0.152474,0.702282,-0.081539,0.167696,0.732736,-0.081966,0.177892,0.754038,-0.082677
3655,0,0.063914,0.116684,0.154951,7.947599,9.985795,0.125845,0.494024,0.000001,0.193079,0.500599,-0.012081,0.239016,0.568954,-0.026436,0.247708,0.650692,-0.035693,0.248024,0.702946,-0.044665,0.245485,0.565507,-0.064208,0.274399,0.681181,-0.083644,0.286976,0.750846,-0.090253,0.296101,0.804512,-0.093167,0.197442,0.576514,-0.067832,0.217674,0.702978,-0.090324,0.225234,0.784579,-0.096933,0.229503,0.846493,-0.101695,0.155708,0.592458,-0.069040,0.168089,0.717848,-0.089258,0.177826,0.795329,-0.097289,0.184790,0.849866,-0.101695,0.124269,0.614462,-0.069360,0.153264,0.702866,-0.080802,0.168679,0.735305,-0.082294,0.179404,0.758832,-0.083573
3689,0,0.056152,0.061825,0.130831,7.935495,10.006680,0.125708,0.492183,0.000001,0.192924,0.500637,-0.010938,0.238738,0.568467,-0.025419,0.247179,0.649582,-0.035298,0.246502,0.702648,-0.045141,0.245275,0.565540,-0.062585,0.273906,0.680362,-0.081952,0.286838,0.749601,-0.088787,0.296429,0.802807,-0.092063,0.198316,0.576460,-0.067214,0.218749,0.703319,-0.089713,0.226146,0.785240,-0.096263,0.229895,0.847174,-0.100963,0.156359,0.591503,-0.069421,0.167920,0.718619,-0.089499,0.176969,0.796225,-0.097118,0.182716,0.850038,-0.101390,0.123828,0.611727,-0.070738,0.152631,0.699925,-0.082094,0.168186,0.731734,-0.083376,0.178704,0.754577,-0.084658
3726,0,0.065227,0.056449,0.076671,7.896485,9.985564,0.126590,0.491106,0.000001,0.193842,0.499560,-0.010302,0.239267,0.568326,-0.024259,0.246494,0.650123,-0.033349,0.245262,0.702428,-0.042172,0.245680,0.564263,-0.062919,0.274539,0.679899,-0.082062,0.287289,0.749361,-0.088764,0.296555,0.802523,-0.091973,0.197867,0.574438,-0.067197,0.219084,0.701371,-0.089549,0.226342,0.783003,-0.096108,0.229769,0.844514,-0.100885,0.156072,0.589753,-0.068908,0.168381,0.716459,-0.088764,0.177750,0.794493,-0.096464,0.183791,0.848961,-0.100814,0.124312,0.611226,-0.069550,0.153182,0.698503,-0.080351,0.168290,0.726819,-0.081136,0.179029,0.746065,-0.082062
3759,0,0.089947,0.112752,0.117485,7.898474,10.014463,0.125179,0.491687,0.000001,0.192565,0.499351,-0.011077,0.238874,0.567730,-0.024972,0.247131,0.649828,-0.034354,0.246200,0.702666,-0.043486,0.245301,0.563692,-0.060645,0.274787,0.677943,-0.079838,0.287645,0.747216,-0.086616,0.297036,0.800946,-0.089969,0.198248,0.575426,-0.065247,0.219340,0.701124,-0.087972,0.226714,0.781792,-0.094964,0.230595,0.843252,-0.099887,0.156785,0.592045,-0.067638,0.169630,0.717847,-0.088257,0.179202,0.795618,-0.096605,0.185286,0.850351,-0.101242,0.125166,0.614455,-0.069171,0.154597,0.702389,-0.081122,0.170467,0.734168,-0.083120,0.181451,0.757440,-0.084761
3794,0,0.057597,0.071239,0.109029,7.852940,9.962406,0.125547,0.492799,0.000001,0.193083,0.500365,-0.010360,0.239047,0.568225,-0.024178,0.247353,0.649594,-0.033361,0.246693,0.702108,-0.042223,0.245913,0.563844,-0.061194,0.274998,0.678130,-0.080094,0.287648,0.747232,-0.086513,0.296751,0.800272,-0.089580,0.198787,0.574558,-0.065687,0.220217,0.700537,-0.087940,0.227477,0.781313,-0.094216,0.230944,0.842140,-0.098638,0.157641,0.590694,-0.067791,0.169999,0.716535,-0.087726,0.180049,0.794486,-0.095215,0.186680,0.848510,-0.099280,0.126068,0.612745,-0.068897,0.155049,0.700279,-0.079667,0.170243,0.730431,-0.080380,0.180913,0.751015,-0.081307
3827,0,0.117808,0.084144,0.082571,7.752784,9.927879,0.125167,0.490849,0.000001,0.192264,0.499121,-0.009889,0.238765,0.566830,-0.023474,0.247547,0.647486,-0.032875,0.246248,0.699751,-0.042008,0.246484,0.561593,-0.058392,0.275787,0.674548,-0.076838,0.288564,0.743257,-0.083377,0.297712,0.796280,-0.086433,0.200059,0.572360,-0.063297,0.221888,0.697737,-0.084656,0.229447,0.778809,-0.090840,0.233402,0.840077,-0.095318,0.158917,0.588411,-0.065998,0.171150,0.715161,-0.085225,0.180589,0.792400,-0.092475,0.186745,0.846242,-0.096527,0.127210,0.610215,-0.067846,0.155983,0.697504,-0.078046,0.169807,0.726304,-0.078472,0.179527,0.745803,-0.079183
3860,0,0.099947,0.064489,0.112683,7.673528,9.887912,0.127254,0.488683,0.000001,0.193977,0.497622,-0.009729,0.239920,0.565749,-0.023420,0.247895,0.645821,-0.032856,0.246261,0.697453,-0.042150,0.248649,0.559390,-0.058853,0.277031,0.670641,-0.077120,0.289743,0.738646,-0.083731,0.299125,0.791099,-0.087000,0.201901,0.569618,-0.063793,0.222941,0.694799,-0.084512,0.230496,0.775198,-0.090554,0.234605,0.836396,-0.095387,0.160266,0.585403,-0.066530,0.171698,0.712858,-0.085223,0.180876,0.788564,-0.092615,0.186649,0.841399,-0.097022,0.127792,0.606841,-0.068342,0.155933,0.693767,-0.078257,0.169539,0.719510,-0.078755,0.179205,0.737059,-0.079750
3894,0,0.126135,0.145492,0.180193,7.621070,9.831628,0.126677,0.489440,0.000001,0.193067,0.497013,-0.010116,0.239500,0.563074,-0.024237,0.248740,0.642162,-0.034115,0.248428,0.694207,-0.043781,0.248943,0.555464,-0.060080,0.277460,0.665930,-0.079308,0.289908,0.733557,-0.086434,0.298505,0.786143,-0.089891,0.202108,0.565214,-0.064949,0.223847,0.688702,-0.086152,0.231526,0.769396,-0.092502,0.235219,0.831216,-0.097582,0.160577,0.581298,-0.067630,0.172480,0.707314,-0.086787,0.181054,0.782962,-0.094337,0.185954,0.836003,-0.098923,0.128529,0.603783,-0.069429,0.156780,0.691066,-0.079801,0.170067,0.718666,-0.080789,0.179118,0.738181,-0.082059
3926,0,0.143829,0.165881,0.264768,7.547404,9.727620,0.126352,0.490803,0.000001,0.190720,0.497259,-0.009099,0.238404,0.560059,-0.022944,0.249870,0.636377,-0.033377,0.250638,0.688849,-0.043619,0.249745,0.553386,-0.057542,0.276863,0.662835,-0.078166,0.288734,0.730415,-0.087099,0.296736,0.783459,-0.091705,0.203606,0.561196,-0.063405,0.222491,0.683438,-0.084517,0.230995,0.764981,-0.091426,0.236087,0.828344,-0.097149,0.161913,0.575728,-0.067348,0.174493,0.700945,-0.086401,0.182995,0.774836,-0.094287,0.188256,0.826050,-0.099242,0.128375,0.597357,-0.070523,0.154570,0.685719,-0.082004,0.167882,0.717052,-0.084098,0.177286,0.739968,-0.085982
3959,0,0.150584,0.172689,0.308598,7.538022,9.717531,0.124800,0.491529,0.000001,0.189429,0.497328,-0.008509,0.237512,0.557589,-0.023139,0.248935,0.631357,-0.034639,0.249078,0.683526,-0.046277,0.248983,0.550140,-0.059239,0.275898,0.658294,-0.080658,0.288021,0.724509,-0.090354,0.296839,0.777349,-0.095649,0.203714,0.556265,-0.065943,0.221964,0.679617,-0.088085,0.231572,0.759736,-0.095924,0.238311,0.821890,-0.102387,0.161885,0.570722,-0.070482,0.174504,0.697984,-0.090216,0.183347,0.773122,-0.098399,0.189009,0.825733,-0.103556,0.127561,0.593151,-0.074126,0.154645,0.681858,-0.085541,0.167638,0.715905,-0.087397,0.176222,0.740908,-0.089254
3991,0,0.076161,0.130065,0.159300,7.517538,9.618299,0.126740,0.493722,0.000001,0.190046,0.500266,-0.008063,0.237684,0.559649,-0.022451,0.249509,0.633295,-0.033694,0.250008,0.684465,-0.044903,0.249206,0.548795,-0.059655,0.276572,0.656646,-0.081191,0.288330,0.722545,-0.091298,0.296637,0.775300,-0.096792,0.203768,0.554652,-0.066371,0.220997,0.676400,-0.088652,0.229763,0.756539,-0.096860,0.236051,0.819224,-0.103710,0.162190,0.569725,-0.070813,0.173567,0.696823,-0.090348,0.180433,0.770929,-0.098420,0.184116,0.823228,-0.103575,0.128823,0.593213,-0.074408,0.154544,0.680890,-0.084718,0.167348,0.713830,-0.085939,0.175657,0.738903,-0.087635
4025,0,0.101860,0.163818,0.273942,7.509656,9.578458,0.125685,0.498011,0.000001,0.188436,0.503027,-0.008792,0.236707,0.562008,-0.023945,0.248378,0.637343,-0.035701,0.248880,0.689448,-0.047356,0.249669,0.548670,-0.062017,0.277489,0.656610,-0.084025,0.289027,0.722498,-0.094244,0.297555,0.775106,-0.099855,0.205297,0.552719,-0.068329,0.222386,0.675138,-0.091372,0.230371,0.754990,-0.099655,0.236498,0.817659,-0.106601,0.164271,0.566984,-0.072270,0.174424,0.695287,-0.091973,0.180395,0.770504,-0.099655,0.183271,0.824533,-0.104664,0.130955,0.590670,-0.075409,0.156292,0.679920,-0.085227,0.168837,0.711103,-0.085895,0.177040,0.733430,-0.087298
4059,0,0.156970,0.174161,0.276385,7.595965,9.602798,0.126622,0.497830,0.000001,0.188256,0.507738,-0.010127,0.236214,0.568306,-0.026216,0.248480,0.644800,-0.038852,0.249076,0.697928,-0.051604,0.249773,0.551845,-0.064058,0.277561,0.658290,-0.087044,0.287932,0.725265,-0.097776,0.295357,0.778288,-0.103738,0.205406,0.553426,-0.070351,0.221637,0.675834,-0.094662,0.227649,0.754445,-0.101750,0.232322,0.817044,-0.107779,0.163848,0.566298,-0.074723,0.172733,0.693249,-0.095391,0.176539,0.768367,-0.101552,0.178168,0.824314,-0.105261,0.128977,0.588575,-0.078565,0.152350,0.678741,-0.088899,0.163300,0.714409,-0.089032,0.170505,0.742926,-0.090025
4091,0,0.306571,0.328407,0.218074,7.524771,9.355032,0.127809,0.498245,0.000001,0.189187,0.511670,-0.008943,0.237166,0.573930,-0.023361,0.249233,0.648272,-0.034941,0.248940,0.700597,-0.046422,0.247790,0.549405,-0.057904,0.272518,0.651483,-0.078842,0.280982,0.716064,-0.088133,0.286500,0.767971,-0.093508,0.203924,0.552570,-0.065370,0.216984,0.669674,-0.087801,0.219554,0.745282,-0.093442,0.221335,0.806083,-0.098685,0.161837,0.566095,-0.071276,0.167707,0.686807,-0.091916,0.168279,0.759329,-0.097092,0.167971,0.813745,-0.100278,0.125661,0.588491,-0.076851,0.145794,0.675875,-0.088067,0.155958,0.710827,-0.088597,0.163083,0.739344,-0.090124
4123,0,0.596605,1.031265,1.057433,7.493323,9.408810,0.151745,0.504800,0.000001,0.207738,0.520377,-0.015449,0.245115,0.587354,-0.033255,0.242690,0.659839,-0.044508,0.233865,0.705085,-0.055443,0.251534,0.542849,-0.079060,0.271719,0.640249,-0.101672,0.278112,0.705398,-0.111733,0.281738,0.759234,-0.117452,0.203940,0.539699,-0.081126,0.214698,0.656125,-0.106120,0.216269,0.729906,-0.114063,0.215933,0.785424,-0.120100,0.159261,0.551320,-0.079908,0.162005,0.675382,-0.101036,0.165822,0.755848,-0.108450,0.165906,0.811297,-0.112686,0.123007,0.577846,-0.077737,0.146036,0.673158,-0.087904,0.163145,0.701695,-0.087374,0.173578,0.718726,-0.088169
4155,0,0.475380,0.679883,0.993799,7.151651,8.859857,0.153770,0.516468,0.000001,0.207436,0.533166,-0.016596,0.246617,0.594301,-0.032848,0.246455,0.662803,-0.043207,0.241959,0.705396,-0.052704,0.250605,0.538123,-0.072487,0.267322,0.628189,-0.093795,0.273149,0.690342,-0.103834,0.276579,0.741323,-0.109247,0.203653,0.532697,-0.073865,0.210081,0.643146,-0.096206,0.211651,0.714627,-0.102160,0.213214,0.768727,-0.106786,0.159133,0.544180,-0.072782,0.160798,0.662048,-0.091531,0.164227,0.737461,-0.095763,0.166302,0.789405,-0.097781,0.121930,0.568273,-0.071502,0.140158,0.659855,-0.079622,0.153213,0.690951,-0.077063,0.162255,0.708703,-0.076079
4188,0,0.978324,1.485159,2.259299,7.354723,8.722601,0.165016,0.549220,0.000001,0.215768,0.572306,-0.022988,0.247470,0.612762,-0.050910,0.247596,0.671395,-0.076158,0.234503,0.720988,-0.101820,0.249419,0.527884,-0.076112,0.263250,0.602840,-0.108430,0.269409,0.663506,-0.129088,0.267022,0.716104,-0.142768,0.207675,0.518728,-0.083044,0.211361,0.630173,-0.120825,0.211438,0.707429,-0.131934,0.207790,0.760342,-0.138178,0.166472,0.532446,-0.089471,0.166774,0.652557,-0.122753,0.168312,0.727942,-0.123029,0.166752,0.773531,-0.119540,0.133023,0.560214,-0.097505,0.136737,0.653671,-0.117979,0.142914,0.705221,-0.114674,0.147345,0.739019,-0.110726
4221,0,1.083270,1.206356,1.670888,7.483358,8.973328,0.173784,0.553426,0.000001,0.219616,0.581252,-0.035891,0.249599,0.617558,-0.071292,0.258558,0.671156,-0.103754,0.256962,0.714490,-0.136527,0.255907,0.533130,-0.087812,0.266817,0.595016,-0.137774,0.266770,0.649661,-0.170815,0.264128,0.693286,-0.190942,0.213882,0.518025,-0.093868,0.208879,0.601023,-0.149263,0.207932,0.673191,-0.167431,0.204557,0.725170,-0.176248,0.171728,0.525371,-0.101883,0.165402,0.616209,-0.151222,0.165304,0.685424,-0.154161,0.164149,0.730188,-0.149797,0.137086,0.545865,-0.112927,0.132388,0.623830,-0.147303,0.132969,0.675972,-0.148817,0.133017,0.711668,-0.145611
4255,0,1.195271,1.627882,2.852305,6.562606,7.548494,0.173186,0.583464,0.000000,0.221481,0.617593,-0.029630,0.260653,0.641689,-0.054450,0.272145,0.677262,-0.077592,0.261755,0.712654,-0.100824,0.269365,0.540438,-0.064297,0.264497,0.569224,-0.109082,0.257652,0.617427,-0.135672,0.253820,0.658489,-0.149194,0.224246,0.514518,-0.070785,0.210217,0.565627,-0.120063,0.202511,0.631501,-0.133040,0.197162,0.679216,-0.135127,0.177288,0.513416,-0.080087,0.160787,0.587492,-0.129501,0.151442,0.659876,-0.132949,0.146552,0.708598,-0.124873,0.136509,0.530756,-0.091613,0.128166,0.592956,-0.125508,0.123361,0.646116,-0.126869,0.122156,0.684730,-0.121152
4282,0,1.179669,1.696523,5.105297,5.697155,6.247541,0.179660,0.616090,0.000000,0.208579,0.647398,-0.033069,0.240077,0.660730,-0.056543,0.263116,0.673832,-0.077628,0.280720,0.673438,-0.096956,0.255077,0.553737,-0.050911,0.267182,0.534133,-0.093442,0.259188,0.575471,-0.116870,0.248420,0.615532,-0.125340,0.218982,0.525994,-0.051091,0.213759,0.524748,-0.096505,0.199294,0.584709,-0.108039,0.186750,0.630677,-0.105426,0.180256,0.519387,-0.055326,0.163127,0.555739,-0.100470,0.147845,0.626204,-0.099028,0.138876,0.676135,-0.085512,0.146494,0.534041,-0.061949,0.132294,0.569499,-0.093351,0.121731,0.624189,-0.090243,0.116785,0.661851,-0.078574
4308,0,0.620196,0.971830,1.042394,5.246027,5.348535,0.182472,0.642771,-0.000000,0.215357,0.671302,-0.035341,0.250929,0.678929,-0.058588,0.277803,0.678703,-0.079228,0.300527,0.669477,-0.098954,0.258843,0.553838,-0.046924,0.271320,0.543688,-0.087022,0.258033,0.584313,-0.110726,0.244762,0.617840,-0.120078,0.222796,0.526502,-0.043699,0.224532,0.524017,-0.081324,0.205409,0.570380,-0.092504,0.188051,0.607572,-0.092289,0.185838,0.518824,-0.044882,0.167457,0.540158,-0.080572,0.148371,0.591516,-0.081701,0.136002,0.627921,-0.073477,0.153266,0.526913,-0.048859,0.132549,0.554807,-0.073799,0.121089,0.602684,-0.073208,0.117033,0.635091,-0.065844
4341,0,0.982590,1.074297,7.763886,4.672012,4.489419,0.182858,0.657256,0.000000,0.222517,0.686882,-0.034027,0.262726,0.691149,-0.054145,0.291859,0.683804,-0.071576,0.314359,0.664868,-0.089247,0.257374,0.583607,-0.043519,0.276596,0.544348,-0.074322,0.268591,0.546570,-0.096470,0.255219,0.567817,-0.107573,0.221324,0.555726,-0.040206,0.232345,0.513054,-0.066801,0.220169,0.520093,-0.081784,0.204915,0.548330,-0.089545,0.184218,0.546666,-0.040534,0.180917,0.513756,-0.065308,0.166075,0.526434,-0.075636,0.153136,0.555305,-0.080352,0.149192,0.554193,-0.043608,0.128374,0.538889,-0.065428,0.113321,0.562451,-0.072293,0.105758,0.594340,-0.074740
4390,0,0.536417,0.770139,3.734949,4.551917,3.874220,0.178944,0.676934,0.000000,0.225101,0.705697,-0.036576,0.271410,0.705672,-0.057111,0.304531,0.688514,-0.074650,0.330169,0.663481,-0.093244,0.255802,0.596050,-0.046418,0.274738,0.556794,-0.075194,0.270300,0.544322,-0.098352,0.257707,0.535981,-0.112587,0.219314,0.566188,-0.042331,0.229895,0.518772,-0.068656,0.219595,0.510234,-0.087863,0.202440,0.513142,-0.101008,0.182814,0.552899,-0.041309,0.182020,0.506536,-0.066817,0.166701,0.501044,-0.081393,0.148618,0.510361,-0.090656,0.147457,0.553876,-0.043046,0.135304,0.517112,-0.066578,0.117555,0.523708,-0.076420,0.100641,0.542546,-0.082006
4425,0,0.343004,0.432379,3.058912,4.329260,3.485064,0.178736,0.684654,0.000000,0.226121,0.712024,-0.036557,0.275150,0.712279,-0.056858,0.309891,0.693682,-0.074134,0.338231,0.669906,-0.092285,0.251650,0.597336,-0.046762,0.270750,0.558281,-0.072931,0.271432,0.539229,-0.093961,0.264353,0.516172,-0.107957,0.216430,0.565788,-0.041914,0.226682,0.520427,-0.064986,0.222203,0.500166,-0.082152,0.209847,0.480351,-0.095200,0.181576,0.551906,-0.039910,0.178631,0.506546,-0.062179,0.164967,0.488115,-0.075446,0.146283,0.473969,-0.084922,0.147828,0.552008,-0.040785,0.136303,0.515680,-0.060357,0.121038,0.509585,-0.068922,0.103254,0.508936,-0.074462
4460,0,0.313309,0.442289,1.569540,4.093917,3.043800,0.178592,0.694317,0.000000,0.227865,0.722199,-0.036344,0.278701,0.717460,-0.055406,0.315636,0.695917,-0.071352,0.346279,0.673794,-0.087892,0.255636,0.598809,-0.044465,0.273672,0.557531,-0.068348,0.276256,0.532423,-0.086928,0.272280,0.500872,-0.100131,0.220233,0.566620,-0.039718,0.228268,0.520681,-0.060820,0.222975,0.492334,-0.076767,0.210405,0.459715,-0.089376,0.184845,0.553629,-0.037697,0.182118,0.506906,-0.059077,0.169282,0.478626,-0.071871,0.152523,0.447698,-0.080772,0.149881,0.555064,-0.038532,0.138081,0.513043,-0.057260,0.123145,0.497015,-0.065196,0.105611,0.482575,-0.070128
4506,0,0.259709,0.406362,0.880433,3.987254,2.681362,0.178740,0.706644,0.000000,0.229541,0.732257,-0.037513,0.281144,0.725917,-0.057021,0.320158,0.703084,-0.073236,0.352791,0.680148,-0.089985,0.258090,0.602248,-0.046134,0.276168,0.557179,-0.069125,0.280451,0.526790,-0.086178,0.280091,0.489592,-0.098968,0.222416,0.568283,-0.041186,0.228886,0.514083,-0.061094,0.225027,0.479322,-0.075825,0.216491,0.439428,-0.087929,0.186225,0.555570,-0.039130,0.181142,0.501539,-0.059914,0.168898,0.465292,-0.072741,0.155241,0.425521,-0.082067,0.150876,0.558514,-0.040044,0.138588,0.511547,-0.058049,0.123930,0.487747,-0.066194,0.107473,0.463932,-0.071752
4552,0,0.229054,0.337832,0.492276,3.838310,2.357502,0.179660,0.715893,0.000000,0.232396,0.739673,-0.037595,0.284767,0.731253,-0.056803,0.324523,0.706406,-0.072731,0.359094,0.684904,-0.088933,0.258497,0.603288,-0.043530,0.277814,0.555099,-0.065041,0.283792,0.520593,-0.081281,0.284938,0.481277,-0.093930,0.223036,0.569206,-0.038708,0.229581,0.506315,-0.056920,0.227573,0.467890,-0.070428,0.221074,0.426942,-0.081984,0.186660,0.557490,-0.037029,0.180695,0.496589,-0.056530,0.170266,0.455990,-0.068945,0.158952,0.413513,-0.078314,0.151169,0.562646,-0.038552,0.137556,0.510744,-0.056218,0.123530,0.482591,-0.064572,0.108274,0.454450,-0.070467
4590,0,0.472872,0.959406,0.568326,3.672640,1.573692,0.174037,0.740481,0.000000,0.230868,0.755953,-0.037342,0.286224,0.739772,-0.057389,0.328669,0.709962,-0.074007,0.365121,0.685340,-0.090786,0.261835,0.606050,-0.043839,0.286042,0.548512,-0.066674,0.297332,0.507089,-0.083692,0.304937,0.463755,-0.097082,0.225895,0.570903,-0.040610,0.236489,0.493477,-0.061015,0.238546,0.446667,-0.075960,0.236743,0.399871,-0.087836,0.188555,0.560151,-0.040571,0.184616,0.485659,-0.061972,0.177293,0.436872,-0.075283,0.170316,0.387630,-0.084728,0.152089,0.568606,-0.043639,0.137217,0.506900,-0.063606,0.125451,0.470388,-0.072931,0.114710,0.432780,-0.078949
4628,0,0.247399,0.402636,0.199469,3.453691,1.184462,0.172198,0.747390,0.000000,0.231610,0.760143,-0.036303,0.287797,0.741060,-0.055358,0.329799,0.709091,-0.071375,0.366093,0.684378,-0.087391,0.263139,0.603524,-0.040533,0.291463,0.543938,-0.062668,0.305334,0.501723,-0.079177,0.314896,0.458710,-0.092155,0.227299,0.568435,-0.037741,0.242217,0.486705,-0.058192,0.247198,0.437420,-0.073223,0.247589,0.390031,-0.084680,0.189989,0.558369,-0.038233,0.188557,0.478315,-0.059999,0.183433,0.427171,-0.073551,0.178934,0.376757,-0.082791,0.153010,0.568065,-0.041765,0.138625,0.503561,-0.062545,0.127987,0.463583,-0.072319,0.119363,0.422642,-0.078315
4671,0,0.254831,0.383666,0.180005,3.221967,0.859807,0.168610,0.751037,0.000000,0.229824,0.761879,-0.035470,0.287042,0.741101,-0.053853,0.330443,0.707960,-0.069210,0.367816,0.682103,-0.084321,0.264107,0.601357,-0.038043,0.295304,0.539027,-0.059288,0.311540,0.495921,-0.075345,0.322318,0.452887,-0.087697,0.228627,0.565728,-0.035140,0.246451,0.480607,-0.054306,0.254476,0.430014,-0.068593,0.257032,0.383587,-0.079380,0.191270,0.554979,-0.035573,0.192616,0.472206,-0.055871,0.190660,0.419708,-0.069005,0.188590,0.369149,-0.077898,0.154111,0.564365,-0.039072,0.142390,0.498450,-0.058753,0.133263,0.457073,-0.068181,0.125899,0.415545,-0.073781
4718,0,0.154109,0.124944,0.129441,3.088918,0.801240,0.167792,0.748606,0.000000,0.229193,0.760740,-0.036094,0.286153,0.739952,-0.054602,0.329968,0.706792,-0.069927,0.368128,0.680261,-0.084965,0.265084,0.599599,-0.038374,0.298052,0.535483,-0.059533,0.315482,0.491712,-0.075310,0.327814,0.448570,-0.087594,0.230084,0.562994,-0.035292,0.250222,0.476912,-0.054438,0.259731,0.425391,-0.068736,0.263890,0.378281,-0.079541,0.192726,0.551649,-0.035662,0.195925,0.467635,-0.056040,0.195647,0.413972,-0.069516,0.195378,0.362231,-0.078679,0.155074,0.560648,-0.039134,0.145496,0.493434,-0.059081,0.137831,0.450744,-0.068941,0.132161,0.407892,-0.074899
4759,0,0.172015,0.144698,0.104448,2.970606,0.786228,0.165787,0.745608,0.000000,0.226763,0.759119,-0.037279,0.284886,0.738264,-0.056000,0.328863,0.704149,-0.071165,0.368047,0.677271,-0.085921,0.265648,0.596778,-0.039466,0.299523,0.530962,-0.060782,0.317775,0.486289,-0.076479,0.330255,0.442498,-0.088701,0.231464,0.559362,-0.035848,0.253420,0.473397,-0.055387,0.264149,0.420476,-0.069939,0.269403,0.372169,-0.080893,0.194225,0.547133,-0.035787,0.198696,0.461793,-0.056695,0.199427,0.406976,-0.070756,0.200189,0.354578,-0.080158,0.156325,0.555224,-0.038853,0.147642,0.486781,-0.059556,0.140467,0.443438,-0.070020,0.135630,0.399991,-0.076356
4795,0,0.421320,0.369077,0.114993,2.575835,0.720557,0.160963,0.739034,0.000000,0.224859,0.749874,-0.035253,0.284282,0.727324,-0.052308,0.329607,0.692448,-0.066059,0.367788,0.666128,-0.079238,0.265495,0.586619,-0.035987,0.302495,0.518587,-0.056511,0.321874,0.472095,-0.071526,0.335409,0.427747,-0.082992,0.231838,0.549387,-0.032968,0.256497,0.459339,-0.051982,0.268876,0.403335,-0.066385,0.276020,0.353006,-0.076749,0.194777,0.536052,-0.033417,0.201337,0.446374,-0.053818,0.203781,0.389794,-0.067691,0.205978,0.337113,-0.076667,0.156432,0.543143,-0.036865,0.150825,0.471934,-0.057001,0.145571,0.426452,-0.067201,0.142900,0.382046,-0.073036
4827,0,0.209003,0.150594,0.199973,2.392296,0.704456,0.158298,0.734349,0.000000,0.222912,0.746850,-0.036081,0.282203,0.724451,-0.052834,0.326889,0.687265,-0.066155,0.365915,0.659541,-0.078740,0.265789,0.579750,-0.034119,0.302797,0.510762,-0.053733,0.321687,0.463523,-0.068361,0.335357,0.419201,-0.079639,0.232348,0.542808,-0.030462,0.257181,0.452660,-0.048666,0.270122,0.396402,-0.062968,0.277824,0.346960,-0.073265,0.195747,0.529931,-0.030564,0.202271,0.440869,-0.050505,0.205506,0.384291,-0.064520,0.208513,0.332351,-0.073592,0.157934,0.537160,-0.033792,0.152733,0.465966,-0.053978,0.148342,0.419964,-0.064725,0.146693,0.375234,-0.070895
4862,0,0.160679,0.084529,0.077140,2.252066,0.747293,0.155526,0.729033,0.000000,0.219426,0.741367,-0.035920,0.280158,0.718560,-0.052376,0.326514,0.681548,-0.065338,0.365916,0.653956,-0.077487,0.265264,0.574677,-0.033908,0.302182,0.505372,-0.053351,0.320737,0.457268,-0.067695,0.333859,0.412501,-0.078828,0.232293,0.537229,-0.030312,0.257914,0.446670,-0.048313,0.271019,0.390037,-0.062372,0.278730,0.340737,-0.072408,0.195856,0.524189,-0.030434,0.203030,0.434200,-0.050223,0.206458,0.377142,-0.064160,0.209574,0.325154,-0.073099,0.157994,0.531506,-0.033685,0.154411,0.459827,-0.053676,0.150831,0.413817,-0.064282,0.149673,0.369116,-0.070377
4895,0,0.148537,0.103063,0.085614,2.122228,0.666751,0.155227,0.726985,0.000000,0.219802,0.738867,-0.035543,0.279689,0.715091,-0.051255,0.325530,0.676730,-0.063547,0.365054,0.648709,-0.074978,0.264894,0.569361,-0.031896,0.302115,0.499850,-0.050436,0.320161,0.452043,-0.064489,0.332883,0.407036,-0.075511,0.231892,0.532839,-0.028045,0.256885,0.442100,-0.045233,0.269645,0.385673,-0.059122,0.276925,0.336811,-0.069160,0.195726,0.520496,-0.027943,0.202670,0.431175,-0.046871,0.206170,0.374390,-0.060720,0.209237,0.322866,-0.069693,0.158394,0.527811,-0.030995,0.154890,0.456381,-0.050272,0.151345,0.410803,-0.060761,0.150219,0.366982,-0.066784
4928,0,0.093037,0.050720,0.053441,2.110732,0.673168,0.154309,0.725687,0.000000,0.219561,0.736541,-0.036184,0.278860,0.712778,-0.052504,0.323738,0.674282,-0.065321,0.363081,0.645793,-0.077273,0.263907,0.566090,-0.032290,0.300797,0.496909,-0.051350,0.318951,0.448932,-0.065981,0.331877,0.403895,-0.077355,0.230667,0.530075,-0.028313,0.255348,0.439560,-0.046075,0.267706,0.382935,-0.060376,0.274677,0.333727,-0.070637,0.194586,0.518177,-0.028148,0.201824,0.429329,-0.047559,0.205308,0.372431,-0.061324,0.208407,0.320945,-0.070225,0.157298,0.525979,-0.031218,0.154172,0.454656,-0.050856,0.150895,0.408581,-0.061241,0.149758,0.364440,-0.067176
4961,0,0.076646,0.044044,0.065618,2.122368,0.675592,0.153776,0.724271,0.000000,0.218028,0.735507,-0.036563,0.277144,0.711952,-0.053460,0.321629,0.674024,-0.066804,0.360910,0.645384,-0.079281,0.263321,0.564576,-0.033113,0.299422,0.494745,-0.052303,0.317451,0.446935,-0.066969,0.330279,0.402026,-0.078331,0.229940,0.528517,-0.029023,0.253846,0.437456,-0.046891,0.265981,0.380774,-0.061185,0.273036,0.331569,-0.071514,0.193552,0.516881,-0.028775,0.200032,0.427834,-0.048130,0.203480,0.370780,-0.062012,0.206508,0.318718,-0.071059,0.156315,0.525008,-0.031791,0.153236,0.453540,-0.051311,0.150210,0.407267,-0.061888,0.149282,0.362682,-0.068002
4994,0,0.063570,0.051494,0.071172,2.173973,0.694962,0.153209,0.724030,0.000000,0.217478,0.735143,-0.037660,0.276078,0.712719,-0.055116,0.320711,0.674236,-0.068834,0.359807,0.644410,-0.081642,0.262646,0.564352,-0.034499,0.298254,0.494748,-0.054331,0.316178,0.446662,-0.069536,0.329145,0.401257,-0.081353,0.229051,0.528033,-0.030017,0.252317,0.437533,-0.048465,0.264478,0.380983,-0.063256,0.271511,0.331683,-0.074040,0.192414,0.516300,-0.029459,0.198846,0.427867,-0.049250,0.202257,0.371118,-0.063462,0.205374,0.319248,-0.072717,0.155074,0.524023,-0.032227,0.152150,0.452720,-0.052142,0.149006,0.407000,-0.062925,0.147906,0.362725,-0.069247
5029,0,0.051438,0.053928,0.038524,2.196877,0.648720,0.153193,0.724575,0.000000,0.217076,0.735302,-0.036921,0.275727,0.712139,-0.054063,0.319881,0.673617,-0.067579,0.358699,0.644063,-0.080229,0.261662,0.564511,-0.033954,0.296831,0.494429,-0.053568,0.314392,0.446253,-0.068526,0.327131,0.400849,-0.080147,0.227801,0.528381,-0.029813,0.250447,0.437570,-0.048129,0.262161,0.380811,-0.062716,0.269099,0.331228,-0.073348,0.191180,0.516945,-0.029504,0.196925,0.428164,-0.049201,0.199942,0.371154,-0.063211,0.202938,0.319099,-0.072359,0.153892,0.524916,-0.032471,0.150509,0.453369,-0.052250,0.147121,0.407658,-0.062840,0.145829,0.363619,-0.068938
5063,0,0.062268,0.045264,0.041766,2.257075,0.665361,0.152374,0.724562,0.000000,0.215945,0.735708,-0.037326,0.274127,0.712683,-0.054950,0.318644,0.674475,-0.068853,0.357655,0.644321,-0.081891,0.260404,0.565007,-0.035146,0.295447,0.494745,-0.055197,0.312908,0.446426,-0.070415,0.325423,0.400913,-0.082179,0.226488,0.528702,-0.030910,0.249043,0.437943,-0.049645,0.260650,0.381423,-0.064452,0.267572,0.331994,-0.075187,0.189943,0.517070,-0.030498,0.195226,0.428402,-0.050467,0.198360,0.371558,-0.064534,0.201472,0.319345,-0.073706,0.152825,0.525206,-0.033357,0.149090,0.453431,-0.053305,0.145775,0.407449,-0.063917,0.144682,0.362805,-0.070128
5096,0,0.046842,0.035796,0.045948,2.299287,0.695547,0.151100,0.724631,0.000000,0.214901,0.735838,-0.037883,0.273394,0.713040,-0.055736,0.317823,0.674648,-0.069773,0.356596,0.643991,-0.082907,0.259733,0.565482,-0.036036,0.294313,0.494886,-0.056475,0.311675,0.446236,-0.072030,0.324164,0.400243,-0.084056,0.225959,0.529027,-0.031665,0.248577,0.438174,-0.050729,0.260262,0.381280,-0.065874,0.267033,0.331350,-0.076873,0.189182,0.517504,-0.031111,0.194629,0.428625,-0.051468,0.197387,0.371499,-0.065833,0.199953,0.319068,-0.075232,0.151744,0.525628,-0.033881,0.148332,0.453710,-0.054136,0.144904,0.407598,-0.065053,0.143459,0.362851,-0.071456
5128,0,0.046400,0.054330,0.051059,2.292510,0.647002,0.151447,0.725031,0.000000,0.215283,0.735438,-0.037505,0.273435,0.712632,-0.054964,0.317389,0.673820,-0.068685,0.355707,0.643344,-0.081501,0.258942,0.565150,-0.035102,0.293720,0.494846,-0.055129,0.311046,0.446405,-0.070369,0.323462,0.400280,-0.082200,0.225190,0.529016,-0.030768,0.247651,0.438280,-0.049542,0.259058,0.381471,-0.064495,0.265662,0.331254,-0.075422,0.188590,0.517589,-0.030255,0.193620,0.428961,-0.050363,0.196064,0.371945,-0.064659,0.198330,0.319551,-0.073984,0.151210,0.525586,-0.033007,0.147670,0.453930,-0.053075,0.143972,0.408061,-0.063919,0.142372,0.363652,-0.070246
5160,0,0.039316,0.040919,0.045355,2.323306,0.655370,0.150979,0.724081,0.000000,0.214423,0.735207,-0.037540,0.272607,0.712833,-0.055263,0.316415,0.674133,-0.069212,0.354584,0.643185,-0.082300,0.258479,0.565457,-0.035775,0.292964,0.494610,-0.056043,0.310074,0.445915,-0.071346,0.322320,0.399893,-0.083203,0.224586,0.529293,-0.031488,0.246662,0.438155,-0.050463,0.258078,0.381631,-0.065397,0.264570,0.331773,-0.076269,0.187860,0.517750,-0.030975,0.192716,0.428803,-0.051243,0.195065,0.371685,-0.065479,0.197438,0.319108,-0.074792,0.150689,0.525773,-0.033745,0.146959,0.453775,-0.053991,0.143203,0.407925,-0.064822,0.141553,0.363122,-0.071182
5195,0,0.036180,0.027682,0.030731,2.325270,0.650814,0.150927,0.723417,0.000000,0.214494,0.734122,-0.037349,0.272748,0.711347,-0.054909,0.316285,0.672575,-0.068687,0.354545,0.641363,-0.081607,0.257815,0.564897,-0.036163,0.292163,0.494300,-0.056544,0.309192,0.446047,-0.071958,0.321519,0.400060,-0.083815,0.224033,0.528539,-0.031931,0.246223,0.437225,-0.050902,0.257475,0.380687,-0.065907,0.263897,0.330937,-0.076864,0.187450,0.516945,-0.031441,0.192179,0.428158,-0.051638,0.194427,0.370928,-0.065989,0.196514,0.318493,-0.075433,0.149924,0.525309,-0.034160,0.146366,0.453396,-0.054296,0.142454,0.407535,-0.065130,0.140461,0.362993,-0.071468
5229,0,0.037326,0.045045,0.032273,2.342617,0.655688,0.151603,0.722859,0.000000,0.214967,0.733552,-0.037682,0.272477,0.710854,-0.055572,0.315759,0.672374,-0.069639,0.353605,0.641162,-0.082929,0.257868,0.564680,-0.036905,0.292009,0.494095,-0.057699,0.309055,0.445459,-0.073360,0.321344,0.399261,-0.085464,0.223828,0.528131,-0.032693,0.245705,0.437029,-0.052056,0.256954,0.380518,-0.067226,0.263403,0.330386,-0.078349,0.187098,0.516597,-0.032223,0.191693,0.428012,-0.052751,0.194197,0.370925,-0.067145,0.196494,0.318205,-0.076591,0.149820,0.524876,-0.035004,0.146107,0.452769,-0.055450,0.142330,0.406880,-0.066409,0.140594,0.361991,-0.072870
5264,0,0.040115,0.032959,0.043953,2.330915,0.678427,0.151607,0.721458,0.000000,0.214338,0.732605,-0.038095,0.272176,0.710428,-0.056337,0.315779,0.672600,-0.070646,0.353584,0.640801,-0.084058,0.258192,0.563944,-0.037789,0.292639,0.493619,-0.058783,0.309825,0.444883,-0.074519,0.322014,0.398525,-0.086585,0.224317,0.526851,-0.033427,0.246590,0.435833,-0.052791,0.258030,0.379124,-0.067752,0.264530,0.329268,-0.078636,0.187433,0.515018,-0.032816,0.191961,0.426450,-0.053362,0.194242,0.369604,-0.067507,0.196506,0.317425,-0.076802,0.150006,0.523484,-0.035506,0.146186,0.452090,-0.055889,0.142446,0.406483,-0.066692,0.140862,0.361746,-0.073051
5298,0,0.026852,0.030325,0.040556,2.315915,0.658765,0.151758,0.721717,0.000000,0.214882,0.732558,-0.038193,0.272473,0.709939,-0.056270,0.315962,0.672072,-0.070429,0.353516,0.640529,-0.083732,0.258069,0.563177,-0.037030,0.292164,0.493136,-0.057780,0.309230,0.444645,-0.073531,0.321435,0.398518,-0.085690,0.224059,0.526393,-0.032583,0.245776,0.435436,-0.051822,0.257047,0.379100,-0.067083,0.263564,0.329451,-0.078264,0.187392,0.514964,-0.031950,0.192100,0.426716,-0.052434,0.194498,0.369822,-0.066961,0.196754,0.317327,-0.076550,0.150263,0.523152,-0.034623,0.146408,0.451752,-0.055087,0.142641,0.405814,-0.066145,0.141028,0.360949,-0.072714
5335,0,0.020979,0.039140,0.038217,2.320270,0.660926,0.152511,0.720820,0.000000,0.215554,0.732086,-0.038568,0.273098,0.709989,-0.056934,0.316383,0.672235,-0.071340,0.354332,0.640836,-0.084809,0.258330,0.562875,-0.037568,0.292374,0.493138,-0.058403,0.309294,0.444641,-0.074156,0.321388,0.398453,-0.086359,0.224165,0.525998,-0.032997,0.245777,0.435398,-0.052363,0.257028,0.379081,-0.067586,0.263556,0.329044,-0.078768,0.187465,0.514339,-0.032222,0.191780,0.426520,-0.052893,0.194241,0.369841,-0.067382,0.196543,0.317249,-0.076932,0.150466,0.522770,-0.034793,0.146491,0.451608,-0.055464,0.142492,0.405989,-0.066606,0.140711,0.361083,-0.073218
5369,0,0.015196,0.014218,0.052380,2.316846,0.655634,0.152806,0.721173,0.000000,0.215865,0.731568,-0.038524,0.273267,0.709832,-0.057085,0.316958,0.672700,-0.071722,0.355055,0.641140,-0.085465,0.258807,0.562701,-0.037386,0.292652,0.492573,-0.058223,0.309273,0.444203,-0.073958,0.321091,0.398148,-0.086115,0.224587,0.525998,-0.032852,0.245949,0.435668,-0.052125,0.257199,0.379139,-0.067412,0.263800,0.329154,-0.078593,0.187770,0.514736,-0.032141,0.191790,0.426769,-0.052734,0.193993,0.369907,-0.067372,0.196218,0.317428,-0.077008,0.150752,0.523334,-0.034763,0.146778,0.451949,-0.055337,0.142710,0.406128,-0.066518,0.140735,0.361319,-0.073105
5402,0,0.020997,0.041268,0.056229,2.312833,0.680221,0.152295,0.720209,0.000000,0.215818,0.731693,-0.038748,0.273336,0.710421,-0.057207,0.317028,0.672514,-0.071641,0.355184,0.640799,-0.085140,0.258760,0.563213,-0.037670,0.292663,0.493318,-0.058386,0.309487,0.445181,-0.074080,0.321537,0.399282,-0.086278,0.224947,0.526201,-0.032974,0.246601,0.435484,-0.052247,0.257851,0.378954,-0.067616,0.264292,0.329008,-0.078919,0.188190,0.514396,-0.032100,0.192501,0.426429,-0.052816,0.194412,0.369566,-0.067819,0.196230,0.317009,-0.077699,0.151113,0.522761,-0.034519,0.147488,0.451416,-0.055174,0.143362,0.405943,-0.066599,0.141270,0.361445,-0.073430
5435,0,0.038187,0.047345,0.036737,2.292759,0.650987,0.152635,0.721376,0.000000,0.215851,0.732108,-0.038063,0.272997,0.710275,-0.056130,0.316924,0.672623,-0.070274,0.354995,0.641108,-0.083483,0.258999,0.563454,-0.036620,0.292956,0.493501,-0.056902,0.309817,0.445300,-0.072306,0.321719,0.399369,-0.084296,0.225093,0.526535,-0.032129,0.246501,0.436350,-0.051090,0.257539,0.380094,-0.066291,0.263941,0.330221,-0.077468,0.188408,0.514789,-0.031418,0.192699,0.426967,-0.051862,0.194582,0.369830,-0.066616,0.196552,0.317036,-0.076370,0.151244,0.522970,-0.033958,0.148043,0.451465,-0.054382,0.144150,0.405778,-0.065600,0.142288,0.361084,-0.072306
5468,0,0.024860,0.026827,0.042312,2.280228,0.641161,0.152546,0.721860,0.000000,0.215676,0.732679,-0.037297,0.273600,0.710801,-0.055000,0.317226,0.672830,-0.068943,0.355240,0.641175,-0.082032,0.259074,0.563851,-0.035854,0.293130,0.493536,-0.056016,0.309926,0.445191,-0.071260,0.321970,0.399367,-0.083089,0.225322,0.527204,-0.031728,0.246613,0.436387,-0.050569,0.257833,0.379698,-0.065610,0.264340,0.329641,-0.076626,0.188666,0.515432,-0.031341,0.192552,0.427037,-0.051585,0.194321,0.369884,-0.066057,0.196331,0.317077,-0.075569,0.151515,0.523358,-0.034167,0.148054,0.451775,-0.054309,0.144303,0.406059,-0.065244,0.142641,0.361367,-0.071707
5502,0,0.033210,0.060697,0.037595,2.302753,0.676586,0.152101,0.720544,0.000000,0.215661,0.732160,-0.038047,0.273588,0.710700,-0.056145,0.317158,0.673241,-0.070354,0.355334,0.641476,-0.083708,0.259065,0.563948,-0.036745,0.292979,0.493993,-0.057244,0.309809,0.445768,-0.072715,0.321819,0.399823,-0.084685,0.225311,0.527160,-0.032307,0.247167,0.436724,-0.051585,0.258510,0.380285,-0.067016,0.265097,0.330166,-0.078334,0.188673,0.515125,-0.031655,0.192802,0.427068,-0.052358,0.194623,0.369908,-0.067260,0.196418,0.317020,-0.077113,0.151394,0.523127,-0.034241,0.147908,0.451733,-0.054761,0.143863,0.406282,-0.066038,0.141852,0.361628,-0.072797
5536,0,0.019947,0.027385,0.047529,2.306152,0.664321,0.153161,0.720650,0.000000,0.216022,0.731961,-0.037910,0.273972,0.710655,-0.055973,0.317783,0.673770,-0.070179,0.355674,0.642358,-0.083452,0.259654,0.564172,-0.037139,0.293681,0.494044,-0.057596,0.310329,0.445767,-0.073020,0.322047,0.399651,-0.084994,0.225680,0.527336,-0.032756,0.247296,0.437164,-0.051873,0.258650,0.380663,-0.067216,0.265078,0.330467,-0.078459,0.188733,0.515543,-0.032086,0.192901,0.427394,-0.052482,0.194791,0.370419,-0.067216,0.196670,0.317627,-0.076998,0.151708,0.523578,-0.034643,0.148103,0.452296,-0.054917,0.143953,0.407145,-0.066039,0.142001,0.362923,-0.072614
5570,0,0.035730,0.043245,0.037397,2.279435,0.672559,0.152726,0.720508,0.000000,0.216260,0.732417,-0.037732,0.273884,0.711188,-0.055626,0.318059,0.674189,-0.069674,0.356113,0.642521,-0.082832,0.260189,0.564085,-0.036396,0.294161,0.494513,-0.056517,0.310833,0.446513,-0.071779,0.322710,0.400772,-0.083641,0.226318,0.527203,-0.032044,0.248151,0.436933,-0.050889,0.259464,0.380523,-0.065990,0.265982,0.330544,-0.077083,0.189551,0.515316,-0.031436,0.193583,0.427066,-0.051861,0.195398,0.369999,-0.066597,0.197389,0.317028,-0.076354,0.152240,0.523430,-0.034048,0.148796,0.452006,-0.054452,0.144881,0.406649,-0.065585,0.143104,0.362169,-0.072225
5603,0,0.048549,0.049683,0.041446,2.317441,0.701755,0.152848,0.720359,0.000000,0.216253,0.732659,-0.038311,0.274114,0.711852,-0.056453,0.318227,0.674499,-0.070616,0.356520,0.643067,-0.083928,0.260241,0.565267,-0.037621,0.294327,0.495799,-0.058279,0.311116,0.447816,-0.073863,0.322977,0.401591,-0.085957,0.226574,0.528098,-0.033076,0.248351,0.438008,-0.052394,0.259458,0.381699,-0.067735,0.265701,0.331486,-0.079017,0.189828,0.516113,-0.032244,0.194092,0.428529,-0.052922,0.195852,0.371796,-0.067613,0.197564,0.319127,-0.077313,0.152563,0.523867,-0.034699,0.149261,0.452701,-0.055113,0.145369,0.407469,-0.066233,0.143383,0.363167,-0.072808
5636,0,0.019494,0.013652,0.044789,2.305230,0.700322,0.153593,0.720255,0.000000,0.216518,0.732595,-0.038420,0.274451,0.712243,-0.056740,0.318489,0.675190,-0.071056,0.356895,0.643557,-0.084442,0.260549,0.565262,-0.037853,0.294960,0.495790,-0.058317,0.311654,0.447651,-0.073644,0.323489,0.401478,-0.085655,0.226851,0.527934,-0.033223,0.248867,0.437939,-0.052331,0.260145,0.381641,-0.067578,0.266595,0.331323,-0.078821,0.190260,0.515850,-0.032293,0.194420,0.427812,-0.052776,0.196325,0.371209,-0.067537,0.198265,0.318426,-0.077324,0.153279,0.523747,-0.034618,0.149741,0.452539,-0.054920,0.145846,0.407371,-0.066041,0.143960,0.363410,-0.072674