t,missing,delta_l1,delta_l1_wrist,delta_angles,delta_base_l1,delta_base_l1_wrist,x0,y0,z0,x1,y1,z1,x2,y2,z2,x3,y3,z3,x4,y4,z4,x5,y5,z5,x6,y6,z6,x7,y7,z7,x8,y8,z8,x9,y9,z9,x10,y10,z10,x11,y11,z11,x12,y12,z12,x13,y13,z13,x14,y14,z14,x15,y15,z15,x16,y16,z16,x17,y17,z17,x18,y18,z18,x19,y19,z19,x20,y20,z20
34,0,,,,0.000000,0.000000,0.154620,0.702909,0.000000,0.218297,0.690690,-0.028380,0.275122,0.648785,-0.039877,0.311442,0.599048,-0.049070,0.339964,0.556691,-0.057424,0.246384,0.528636,-0.020495,0.271514,0.457145,-0.036910,0.282383,0.410948,-0.050359,0.289656,0.368777,-0.060352,0.211548,0.505640,-0.019021,0.230369,0.422275,-0.033787,0.239924,0.369580,-0.046806,0.244977,0.324462,-0.056097,0.175551,0.502606,-0.021315,0.177751,0.421484,-0.037281,0.179849,0.370891,-0.048758,0.182793,0.326104,-0.056097,0.139090,0.515784,-0.026389,0.132884,0.451203,-0.042356,0.129867,0.408674,-0.050437,0.129829,0.367877,-0.054848
70,0,0.039965,0.039203,0.052554,0.039965,0.039203,0.154349,0.702553,0.000000,0.218704,0.689781,-0.027977,0.275508,0.648032,-0.039012,0.311556,0.597558,-0.047766,0.339575,0.554319,-0.055720,0.246213,0.528128,-0.019506,0.271111,0.456801,-0.035503,0.281948,0.410910,-0.048780,0.289095,0.368895,-0.058645,0.211512,0.505309,-0.018034,0.230237,0.422170,-0.032364,0.239653,0.369725,-0.045309,0.244574,0.324802,-0.054590,0.175630,0.502427,-0.020315,0.177868,0.421557,-0.036029,0.179969,0.370734,-0.047532,0.182585,0.325899,-0.054902,0.139268,0.515737,-0.025345,0.133158,0.450693,-0.041215,0.130235,0.408053,-0.049326,0.130149,0.367613,-0.053732
103,0,0.022289,0.018975,0.035501,0.036441,0.038181,0.154502,0.702776,0.000000,0.218044,0.690076,-0.028272,0.275041,0.647840,-0.039437,0.310935,0.597187,-0.048244,0.338656,0.553319,-0.056233,0.246379,0.528567,-0.019806,0.271615,0.457297,-0.035969,0.282168,0.411193,-0.049335,0.289031,0.368957,-0.059272,0.211838,0.505758,-0.018267,0.230710,0.422920,-0.032715,0.239780,0.370048,-0.045750,0.244189,0.324779,-0.055103,0.175981,0.502810,-0.020517,0.178257,0.422148,-0.036222,0.180434,0.371281,-0.047737,0.183049,0.326186,-0.055142,0.139394,0.515922,-0.025544,0.133265,0.451215,-0.041385,0.130285,0.408719,-0.049491,0.130218,0.367932,-0.053933
138,0,0.022751,0.045900,0.044049,0.054187,0.072977,0.154037,0.701602,0.000000,0.217682,0.689820,-0.028084,0.274975,0.647537,-0.039080,0.310965,0.596692,-0.047682,0.338602,0.553227,-0.055467,0.246755,0.528694,-0.019968,0.271980,0.457700,-0.036005,0.282796,0.412236,-0.049201,0.289853,0.370860,-0.058971,0.212043,0.505733,-0.018363,0.230621,0.422837,-0.032716,0.239868,0.370471,-0.045658,0.244476,0.325615,-0.055000,0.176159,0.502515,-0.020474,0.178668,0.421856,-0.036044,0.181028,0.371483,-0.047527,0.183845,0.327244,-0.054961,0.139649,0.515399,-0.025340,0.133574,0.450571,-0.041026,0.130648,0.408304,-0.049084,0.130653,0.368119,-0.053521
173,0,0.027100,0.032124,0.075010,0.076172,0.102661,0.153958,0.701346,0.000000,0.217746,0.689206,-0.028117,0.275203,0.647957,-0.038983,0.311185,0.597132,-0.047424,0.338161,0.553071,-0.055070,0.246931,0.528863,-0.019482,0.272529,0.458353,-0.035258,0.283456,0.412899,-0.048433,0.290617,0.371490,-0.058213,0.211993,0.505803,-0.017784,0.230971,0.423525,-0.031901,0.240344,0.371254,-0.044941,0.245032,0.326509,-0.054332,0.176139,0.502604,-0.019812,0.178740,0.422237,-0.035238,0.181121,0.371833,-0.046803,0.184091,0.327458,-0.054294,0.139631,0.515299,-0.024605,0.133726,0.450891,-0.040245,0.131214,0.408481,-0.048356,0.131570,0.368325,-0.052819
206,0,0.024339,0.029905,0.043391,0.076626,0.090586,0.154708,0.701537,0.000000,0.218111,0.689035,-0.027782,0.275108,0.647418,-0.038643,0.310410,0.597130,-0.047201,0.337547,0.553490,-0.054984,0.246870,0.529007,-0.019360,0.272128,0.458513,-0.035313,0.283118,0.413027,-0.048556,0.290232,0.371508,-0.058352,0.212214,0.506221,-0.017937,0.231109,0.424098,-0.032254,0.240669,0.371870,-0.045303,0.245410,0.327157,-0.054713,0.176351,0.503278,-0.020251,0.178951,0.422882,-0.035875,0.181236,0.372166,-0.047549,0.183849,0.327419,-0.055061,0.139776,0.516345,-0.025285,0.134254,0.451708,-0.041122,0.131707,0.408990,-0.049369,0.131857,0.368617,-0.053861
241,0,0.018297,0.016840,0.037150,0.077152,0.093018,0.154774,0.701359,0.000000,0.218378,0.689163,-0.028032,0.275061,0.647696,-0.038870,0.310488,0.597182,-0.047332,0.337141,0.552814,-0.054982,0.246988,0.528804,-0.019425,0.271954,0.458138,-0.035277,0.282719,0.412563,-0.048491,0.289809,0.370797,-0.058266,0.212283,0.506000,-0.017774,0.231077,0.423513,-0.031896,0.240537,0.371202,-0.044898,0.245401,0.326205,-0.054248,0.176306,0.502941,-0.019860,0.178706,0.422706,-0.035296,0.180979,0.372151,-0.046868,0.183869,0.327519,-0.054325,0.139771,0.515923,-0.024690,0.134267,0.451356,-0.040338,0.131794,0.408832,-0.048414,0.132065,0.368485,-0.052818
274,0,0.018347,0.013196,0.021467,0.079690,0.091871,0.154935,0.700876,0.000000,0.218609,0.688650,-0.027812,0.275441,0.646815,-0.038546,0.310808,0.596540,-0.046921,0.337346,0.552575,-0.054541,0.246997,0.527980,-0.019341,0.271934,0.457381,-0.035104,0.282681,0.411829,-0.048236,0.289566,0.370259,-0.058022,0.212364,0.505221,-0.017784,0.231098,0.423310,-0.031854,0.240491,0.371169,-0.044755,0.245102,0.326518,-0.054000,0.176461,0.502230,-0.019940,0.178806,0.422058,-0.035316,0.181119,0.371736,-0.046766,0.183776,0.327375,-0.054116,0.139934,0.515083,-0.024834,0.134034,0.450598,-0.040422,0.131299,0.408426,-0.048468,0.131472,0.368339,-0.052839
308,0,0.022516,0.030230,0.035319,0.071230,0.079745,0.155068,0.701798,0.000000,0.218640,0.689133,-0.027492,0.275241,0.646839,-0.038195,0.310394,0.596144,-0.046638,0.336456,0.551793,-0.054327,0.246830,0.528753,-0.019214,0.271664,0.457830,-0.035278,0.282319,0.412023,-0.048609,0.289395,0.370167,-0.058500,0.212149,0.505852,-0.017938,0.230893,0.423698,-0.032322,0.240420,0.371432,-0.045363,0.245084,0.326517,-0.054675,0.176169,0.502850,-0.020344,0.178588,0.422302,-0.035973,0.180930,0.371802,-0.047411,0.183894,0.327226,-0.054714,0.139529,0.515830,-0.025483,0.133794,0.451178,-0.041228,0.131340,0.408687,-0.049188,0.131804,0.368460,-0.053477
341,0,0.015282,0.015263,0.022847,0.074474,0.085803,0.154774,0.701785,0.000000,0.218421,0.689251,-0.027738,0.274825,0.647323,-0.038454,0.310195,0.596414,-0.046887,0.336387,0.552194,-0.054470,0.246492,0.528489,-0.019217,0.271630,0.457792,-0.035146,0.282371,0.412245,-0.048396,0.289419,0.370606,-0.058222,0.211839,0.505742,-0.017737,0.230445,0.423426,-0.031954,0.239950,0.371278,-0.044953,0.244624,0.326432,-0.054276,0.175971,0.502770,-0.019981,0.178535,0.422454,-0.035475,0.180918,0.371870,-0.046887,0.183891,0.327367,-0.054237,0.139543,0.516015,-0.024952,0.133744,0.451519,-0.040659,0.131262,0.409017,-0.048628,0.131647,0.368740,-0.052961
374,0,0.023868,0.024000,0.037839,0.087237,0.093737,0.154523,0.702150,0.000000,0.218641,0.689467,-0.027560,0.275161,0.647194,-0.038108,0.310038,0.596156,-0.046410,0.336237,0.551905,-0.053881,0.246197,0.528518,-0.018793,0.271178,0.457867,-0.034527,0.281780,0.412307,-0.047688,0.288803,0.370719,-0.057481,0.211637,0.505828,-0.017293,0.230310,0.423674,-0.031295,0.239560,0.371450,-0.044127,0.244321,0.326714,-0.053339,0.175793,0.502710,-0.019538,0.178347,0.422348,-0.034875,0.180748,0.372102,-0.046217,0.183463,0.327974,-0.053494,0.139323,0.515604,-0.024502,0.133499,0.450890,-0.040062,0.130836,0.408273,-0.047997,0.130964,0.368373,-0.052294
407,0,0.022132,0.018404,0.032021,0.074382,0.078289,0.154387,0.702576,0.000000,0.218306,0.689730,-0.027614,0.274755,0.647709,-0.038304,0.309912,0.596592,-0.046708,0.336205,0.551994,-0.054338,0.246360,0.529131,-0.019161,0.271311,0.458059,-0.035089,0.281858,0.412176,-0.048296,0.288780,0.370423,-0.058056,0.211543,0.506325,-0.017719,0.230132,0.423901,-0.032010,0.239395,0.371565,-0.045004,0.244214,0.326571,-0.054299,0.175724,0.503071,-0.020004,0.178094,0.422755,-0.035573,0.180366,0.372419,-0.046979,0.183254,0.328094,-0.054260,0.139237,0.515992,-0.025000,0.133332,0.451214,-0.040744,0.130506,0.408851,-0.048761,0.130610,0.368745,-0.053060
441,0,0.019474,0.012738,0.019508,0.077595,0.081940,0.153949,0.702131,0.000000,0.217795,0.689285,-0.027706,0.274299,0.647303,-0.038421,0.309184,0.596381,-0.046810,0.335195,0.551973,-0.054405,0.245937,0.528263,-0.019327,0.270667,0.457211,-0.035185,0.281041,0.411561,-0.048360,0.287739,0.369749,-0.058087,0.211209,0.505990,-0.017825,0.230018,0.423449,-0.032027,0.239341,0.371464,-0.044912,0.244145,0.327049,-0.054134,0.175350,0.503218,-0.020034,0.177585,0.422586,-0.035592,0.179773,0.372164,-0.047004,0.182390,0.327928,-0.054328,0.138745,0.516414,-0.024975,0.132921,0.451442,-0.040727,0.130165,0.408900,-0.048787,0.130281,0.368588,-0.053165
475,0,0.018844,0.013730,0.029872,0.078007,0.077033,0.153563,0.702069,0.000000,0.217541,0.688960,-0.027547,0.274095,0.647000,-0.038306,0.308975,0.596233,-0.046797,0.334975,0.551976,-0.054512,0.245472,0.528427,-0.019444,0.270018,0.457234,-0.035418,0.280348,0.411354,-0.048658,0.286861,0.369325,-0.058428,0.210781,0.505961,-0.018087,0.229708,0.423605,-0.032335,0.239197,0.371583,-0.045246,0.243896,0.326681,-0.054551,0.174950,0.503005,-0.020432,0.177316,0.422914,-0.035941,0.179551,0.372390,-0.047417,0.182120,0.327917,-0.054745,0.138480,0.516086,-0.025473,0.132510,0.450982,-0.041136,0.129714,0.408384,-0.049162,0.129733,0.367989,-0.053504
508,0,0.017015,0.029336,0.047372,0.080142,0.069350,0.154046,0.702822,0.000000,0.217295,0.689338,-0.027764,0.274041,0.647508,-0.038711,0.308941,0.596606,-0.047391,0.335426,0.552456,-0.055218,0.245141,0.529040,-0.019511,0.269453,0.457236,-0.035534,0.279679,0.411240,-0.048709,0.286389,0.369431,-0.058473,0.210511,0.506442,-0.018048,0.229115,0.423789,-0.032395,0.238660,0.371563,-0.045376,0.243523,0.326998,-0.054637,0.174906,0.503250,-0.020305,0.177165,0.422620,-0.035902,0.179254,0.372139,-0.047391,0.181700,0.328074,-0.054753,0.138619,0.516241,-0.025284,0.132367,0.451206,-0.040997,0.129290,0.408665,-0.049096,0.128980,0.368477,-0.053475
540,0,0.032573,0.033395,0.068436,0.067081,0.055127,0.154101,0.702993,0.000000,0.217245,0.689776,-0.028563,0.273526,0.647763,-0.039957,0.308663,0.597024,-0.048871,0.334852,0.552270,-0.056893,0.245112,0.529056,-0.020792,0.268731,0.457213,-0.037186,0.278422,0.411041,-0.050576,0.284591,0.369157,-0.060420,0.210531,0.506215,-0.018981,0.229185,0.423613,-0.033524,0.238796,0.371362,-0.046390,0.243845,0.326940,-0.055576,0.174518,0.503226,-0.020947,0.176923,0.422443,-0.036663,0.179130,0.372276,-0.048057,0.181995,0.328491,-0.055304,0.138043,0.516331,-0.025695,0.132003,0.451385,-0.041469,0.129163,0.408884,-0.049530,0.129158,0.368750,-0.053870
572,0,0.034018,0.035554,0.044640,0.092645,0.082280,0.153902,0.702677,0.000000,0.217568,0.689567,-0.028247,0.273639,0.647279,-0.039285,0.308577,0.596141,-0.047919,0.334517,0.551166,-0.055640,0.244841,0.529259,-0.019827,0.268090,0.457477,-0.035871,0.277120,0.411088,-0.049083,0.282815,0.369272,-0.058860,0.210196,0.506457,-0.018013,0.228971,0.423999,-0.032321,0.238721,0.371498,-0.045125,0.243957,0.326690,-0.054282,0.174344,0.503284,-0.020002,0.176853,0.422677,-0.035580,0.179402,0.372475,-0.047065,0.182362,0.328616,-0.054359,0.138091,0.516070,-0.024793,0.132208,0.451180,-0.040546,0.129378,0.408665,-0.048733,0.129388,0.368515,-0.053234
606,0,0.020994,0.032097,0.043272,0.101672,0.104624,0.154508,0.702425,0.000000,0.217599,0.689506,-0.028222,0.273326,0.647223,-0.039294,0.308432,0.596339,-0.047927,0.334373,0.551324,-0.055709,0.244006,0.529306,-0.019879,0.266738,0.457090,-0.035791,0.275579,0.410980,-0.048895,0.281248,0.368893,-0.058612,0.209863,0.506931,-0.018079,0.228896,0.424634,-0.032306,0.239099,0.372051,-0.045062,0.244773,0.327219,-0.054237,0.174393,0.504079,-0.020092,0.176780,0.423227,-0.035694,0.179544,0.372891,-0.047346,0.182716,0.328884,-0.054779,0.138404,0.517091,-0.024854,0.132123,0.451766,-0.040688,0.129139,0.409255,-0.049050,0.129034,0.368951,-0.053695
639,0,0.049652,0.057451,0.067610,0.101911,0.111781,0.154879,0.702050,0.000000,0.217685,0.688791,-0.028732,0.273248,0.647482,-0.040225,0.308505,0.596810,-0.049250,0.334510,0.551618,-0.057349,0.244118,0.528504,-0.020730,0.265299,0.456504,-0.036986,0.273051,0.410407,-0.050330,0.277768,0.367954,-0.060242,0.210097,0.506638,-0.018840,0.228843,0.424747,-0.033418,0.239148,0.372556,-0.046242,0.245090,0.327690,-0.055421,0.174389,0.504358,-0.020826,0.176096,0.423774,-0.036851,0.178466,0.373417,-0.048672,0.181584,0.329174,-0.056192,0.138404,0.518158,-0.025628,0.131632,0.452971,-0.041845,0.128383,0.410397,-0.050446,0.128169,0.369910,-0.055266
674,0,0.040900,0.045013,0.079290,0.127966,0.146852,0.155525,0.702522,0.000000,0.217722,0.688955,-0.028400,0.272983,0.647224,-0.039983,0.308214,0.597185,-0.049180,0.333475,0.551543,-0.057492,0.243650,0.528650,-0.020780,0.263870,0.456515,-0.037308,0.270954,0.411251,-0.050835,0.274690,0.369375,-0.060725,0.210029,0.507062,-0.019126,0.228961,0.425652,-0.033806,0.239678,0.373717,-0.046525,0.246082,0.328984,-0.055607,0.174425,0.505210,-0.021377,0.175869,0.424530,-0.037520,0.177662,0.374275,-0.049296,0.180207,0.330119,-0.056723,0.138443,0.519344,-0.026379,0.130880,0.453930,-0.042638,0.126910,0.411102,-0.051181,0.125855,0.370293,-0.055953
709,0,0.079770,0.106006,0.085879,0.197206,0.247540,0.156441,0.701372,0.000000,0.217304,0.688255,-0.029818,0.271806,0.647060,-0.042241,0.306538,0.595903,-0.051994,0.331151,0.548929,-0.060788,0.243902,0.530007,-0.022925,0.262221,0.457967,-0.039937,0.268142,0.412521,-0.053646,0.271180,0.369825,-0.063783,0.210607,0.507974,-0.020640,0.228827,0.427477,-0.035847,0.239067,0.376062,-0.048654,0.245540,0.330981,-0.057870,0.175102,0.505320,-0.022292,0.176279,0.425166,-0.038823,0.177641,0.375408,-0.050689,0.179950,0.331119,-0.058215,0.139120,0.518715,-0.026823,0.130588,0.453811,-0.043316,0.125896,0.411511,-0.051994,0.124292,0.370593,-0.056948
745,0,0.157927,0.173881,0.205848,0.251101,0.316429,0.156476,0.699796,0.000000,0.216589,0.684441,-0.028232,0.270090,0.642527,-0.039604,0.303422,0.591111,-0.048603,0.323595,0.541186,-0.056653,0.243202,0.530522,-0.019612,0.260442,0.460749,-0.036016,0.264877,0.416817,-0.049742,0.266227,0.375050,-0.059880,0.210977,0.509035,-0.017837,0.228013,0.430842,-0.032446,0.237414,0.380410,-0.045300,0.243065,0.335403,-0.054716,0.176114,0.505966,-0.020068,0.177464,0.427641,-0.036130,0.179005,0.378347,-0.047844,0.181223,0.333987,-0.055324,0.140627,0.518348,-0.025080,0.132255,0.453648,-0.041123,0.127719,0.411331,-0.049514,0.125724,0.370819,-0.054337
780,0,0.231248,0.236775,0.314383,0.459586,0.520270,0.157290,0.698986,0.000000,0.216959,0.682919,-0.026564,0.270288,0.638341,-0.036190,0.303761,0.585431,-0.043875,0.319198,0.533825,-0.050815,0.243313,0.534729,-0.015278,0.258015,0.468414,-0.030873,0.260790,0.426079,-0.044547,0.261091,0.386993,-0.054732,0.212513,0.512921,-0.013776,0.226843,0.437713,-0.027590,0.234645,0.389944,-0.040406,0.239949,0.347715,-0.049994,0.178769,0.508367,-0.016425,0.180595,0.430824,-0.032198,0.182107,0.381356,-0.043801,0.184266,0.337169,-0.051487,0.143764,0.518348,-0.021770,0.135591,0.453920,-0.037887,0.131099,0.410834,-0.046599,0.128957,0.370236,-0.051860
816,0,0.368979,0.380190,0.309487,0.804637,0.881099,0.157699,0.696007,0.000000,0.216581,0.679108,-0.022410,0.268805,0.632356,-0.029312,0.301048,0.577285,-0.035128,0.319340,0.527932,-0.040472,0.244825,0.539496,-0.007260,0.257043,0.478748,-0.020580,0.258436,0.439534,-0.033189,0.257395,0.403019,-0.042936,0.214722,0.517459,-0.006866,0.226357,0.448242,-0.018497,0.232098,0.406185,-0.030182,0.236311,0.368390,-0.039240,0.181779,0.509891,-0.010671,0.184349,0.435510,-0.025127,0.186063,0.387727,-0.035399,0.187885,0.344579,-0.042283,0.146535,0.515414,-0.016912,0.138858,0.450223,-0.031939,0.134566,0.408312,-0.039530,0.132470,0.368238,-0.044168
852,0,0.412424,0.437464,0.322463,1.212655,1.316175,0.158721,0.693516,0.000000,0.217061,0.677246,-0.018647,0.268732,0.627203,-0.023046,0.299198,0.570631,-0.026928,0.316802,0.521917,-0.030516,0.245963,0.546413,-0.000436,0.257015,0.494910,-0.011109,0.257565,0.463347,-0.022494,0.254881,0.433618,-0.031585,0.215732,0.523506,-0.000795,0.225658,0.463189,-0.010290,0.229955,0.430807,-0.021097,0.231888,0.402038,-0.029532,0.183120,0.512851,-0.005270,0.187686,0.441938,-0.018061,0.190692,0.395281,-0.027928,0.193522,0.352529,-0.034811,0.148081,0.514584,-0.011747,0.141816,0.450448,-0.024892,0.138180,0.410242,-0.031482,0.137065,0.371719,-0.035742
885,0,0.378156,0.405080,0.480980,1.581682,1.720788,0.160024,0.690193,0.000000,0.217380,0.673924,-0.015993,0.268663,0.623358,-0.019227,0.298484,0.565939,-0.022566,0.312708,0.513793,-0.025341,0.245743,0.548445,0.007093,0.257931,0.502324,-0.002288,0.259017,0.481689,-0.012832,0.255817,0.466028,-0.020211,0.216802,0.526530,0.006581,0.225986,0.471206,-0.000382,0.228696,0.447773,-0.009727,0.229819,0.428368,-0.016614,0.185424,0.514171,0.001608,0.192227,0.445792,-0.008452,0.195597,0.400637,-0.017453,0.198881,0.361433,-0.023711,0.151026,0.513434,-0.005146,0.145465,0.450309,-0.015017,0.141832,0.409629,-0.020179,0.140781,0.371859,-0.023534
920,0,0.349598,0.317672,4.217272,1.866431,1.989214,0.162227,0.690790,0.000000,0.219578,0.673196,-0.013734,0.268698,0.621740,-0.018109,0.298949,0.563470,-0.023910,0.310989,0.507937,-0.028582,0.247376,0.551452,0.013374,0.261729,0.503252,0.001679,0.261261,0.498242,-0.009039,0.256463,0.508842,-0.014165,0.218582,0.529936,0.011853,0.232123,0.473267,0.002348,0.234275,0.468994,-0.005311,0.236336,0.472925,-0.007565,0.188143,0.515366,0.005213,0.195515,0.447503,-0.003612,0.200611,0.407142,-0.008631,0.205961,0.377486,-0.010450,0.154726,0.512524,-0.003492,0.148963,0.449657,-0.009485,0.144712,0.407861,-0.011273,0.143459,0.370797,-0.011555
952,0,0.365017,0.324575,3.006239,2.162279,2.236177,0.164768,0.692201,0.000000,0.220396,0.674506,-0.013167,0.266286,0.622576,-0.017576,0.291683,0.564174,-0.024379,0.304342,0.509305,-0.029398,0.252743,0.552951,0.024050,0.270930,0.506253,0.011454,0.265666,0.504879,-0.001959,0.254168,0.521862,-0.008444,0.223593,0.531489,0.021517,0.240483,0.473075,0.006243,0.241477,0.480623,-0.006591,0.240352,0.503942,-0.009570,0.192579,0.515641,0.013339,0.200193,0.449660,0.003659,0.209459,0.418904,-0.002299,0.218181,0.401955,-0.003483,0.159246,0.512049,0.002684,0.156232,0.449889,-0.000289,0.155236,0.406823,-0.000811,0.157091,0.370108,-0.000490
985,0,0.177172,0.147495,1.367495,2.202002,2.256588,0.166006,0.692828,0.000000,0.221774,0.674920,-0.011838,0.268306,0.620889,-0.014795,0.289564,0.561632,-0.019859,0.293281,0.505483,-0.023423,0.254701,0.553757,0.020947,0.273612,0.507653,0.010205,0.269937,0.511551,-0.001514,0.261743,0.527785,-0.007453,0.225748,0.532505,0.017761,0.243983,0.473527,0.002183,0.244468,0.484778,-0.010686,0.241716,0.510998,-0.013415,0.194395,0.516580,0.009693,0.202203,0.451411,0.000012,0.212195,0.421068,-0.006775,0.221307,0.403859,-0.008573,0.160508,0.512786,-0.000412,0.158586,0.450867,-0.003188,0.158626,0.407976,-0.003732,0.160562,0.371563,-0.003606
1039,0,0.254817,0.258030,0.959857,2.430676,2.500359,0.165013,0.692595,0.000000,0.221652,0.674123,-0.011751,0.267479,0.617364,-0.013441,0.286404,0.554907,-0.017075,0.286630,0.498223,-0.019312,0.253884,0.555168,0.025549,0.271003,0.515852,0.020867,0.268875,0.518526,0.012917,0.264760,0.525932,0.007784,0.226083,0.534516,0.022534,0.242702,0.476429,0.008498,0.242331,0.492054,-0.003763,0.240670,0.518768,-0.005610,0.195339,0.517812,0.014980,0.203543,0.454311,0.006467,0.215351,0.425919,0.000068,0.226051,0.408432,-0.001249,0.161671,0.512628,0.005455,0.160250,0.450925,0.004090,0.161468,0.409860,0.004630,0.164562,0.374420,0.005344
1083,0,0.114820,0.133406,0.970425,2.504472,2.604431,0.164495,0.690558,-0.000000,0.220677,0.674235,-0.011698,0.266035,0.616570,-0.013351,0.284225,0.551021,-0.016939,0.280590,0.495358,-0.018851,0.252976,0.555523,0.024539,0.269913,0.514357,0.018490,0.263790,0.523847,0.009786,0.255692,0.539651,0.004815,0.225232,0.534176,0.022157,0.241104,0.479063,0.009574,0.239970,0.493162,-0.001650,0.238041,0.518134,-0.003420,0.195349,0.517228,0.015067,0.204094,0.455145,0.007071,0.216412,0.429528,0.001204,0.227532,0.414362,-0.000010,0.162960,0.511788,0.005998,0.162007,0.451196,0.004435,0.163488,0.410669,0.004807,0.167378,0.375166,0.005398
1132,0,0.165100,0.165373,0.694008,2.495182,2.599906,0.163982,0.690912,-0.000000,0.219140,0.677604,-0.013166,0.266704,0.615405,-0.015039,0.283401,0.546090,-0.018179,0.273196,0.492524,-0.019223,0.251579,0.555130,0.020651,0.268886,0.516765,0.012298,0.258139,0.536496,0.002679,0.246506,0.561367,-0.002192,0.224202,0.533016,0.018870,0.241371,0.477890,0.006199,0.239872,0.491458,-0.004003,0.237851,0.517498,-0.005063,0.194874,0.517079,0.012106,0.205083,0.454796,0.003218,0.216666,0.428342,-0.002418,0.227132,0.412474,-0.003218,0.163097,0.512875,0.003313,0.163402,0.452173,0.000676,0.164398,0.412227,0.000832,0.167750,0.376191,0.001410
1169,0,0.287367,0.281909,1.162975,2.569784,2.664321,0.163448,0.691854,-0.000000,0.218798,0.679353,-0.012009,0.267535,0.614046,-0.014238,0.283293,0.544866,-0.017766,0.268172,0.492506,-0.019391,0.252665,0.556373,0.019004,0.267872,0.522388,0.009912,0.252050,0.547508,0.000775,0.238187,0.570994,-0.004472,0.225275,0.535547,0.016033,0.239267,0.489029,-0.001676,0.230676,0.520245,-0.011816,0.226106,0.553155,-0.011166,0.195953,0.519486,0.008202,0.207600,0.456703,-0.004287,0.218125,0.424206,-0.009757,0.229505,0.397329,-0.009734,0.163917,0.513437,-0.001199,0.166123,0.451800,-0.005652,0.168061,0.414287,-0.004797,0.172789,0.376890,-0.003509
1202,0,0.305470,0.306276,0.589563,2.474342,2.580562,0.164750,0.690809,-0.000000,0.219141,0.680326,-0.014089,0.267382,0.614123,-0.018955,0.282927,0.544392,-0.024221,0.265525,0.492050,-0.027362,0.254491,0.555446,0.014728,0.268794,0.521532,0.002252,0.249757,0.551077,-0.008962,0.234173,0.576960,-0.015606,0.227092,0.535143,0.011148,0.242548,0.484511,-0.014443,0.228709,0.533308,-0.026731,0.220851,0.580221,-0.024991,0.197588,0.519599,0.002660,0.210648,0.453616,-0.014212,0.219441,0.415606,-0.021527,0.229813,0.381492,-0.021758,0.165357,0.514615,-0.007195,0.170639,0.452523,-0.011980,0.173129,0.417211,-0.010432,0.177446,0.379249,-0.008946
1226,0,0.165002,0.177079,0.427950,2.462740,2.571998,0.163403,0.691477,-0.000000,0.219602,0.685378,-0.015398,0.268857,0.615914,-0.019850,0.284996,0.543972,-0.024272,0.264441,0.494866,-0.026249,0.255066,0.558369,0.011583,0.270790,0.525283,-0.003293,0.251609,0.555156,-0.015748,0.234338,0.580816,-0.022684,0.227972,0.537739,0.008532,0.244367,0.486609,-0.018729,0.231624,0.535669,-0.030593,0.223155,0.582799,-0.027946,0.199219,0.522102,0.000322,0.212034,0.455928,-0.017904,0.220702,0.416769,-0.025019,0.230055,0.380695,-0.024490,0.168044,0.516187,-0.009443,0.176556,0.455685,-0.014892,0.180698,0.421062,-0.013490,0.185893,0.382820,-0.011832
1250,0,0.146815,0.127049,0.301169,2.521281,2.614963,0.163838,0.692227,-0.000000,0.220918,0.686665,-0.015617,0.271351,0.617104,-0.021185,0.287817,0.545506,-0.026939,0.263645,0.499355,-0.030072,0.256930,0.560492,0.011477,0.273645,0.526713,-0.004637,0.252511,0.558552,-0.018440,0.232557,0.585964,-0.026163,0.229343,0.540314,0.008142,0.246505,0.492757,-0.020751,0.231515,0.545429,-0.033344,0.220573,0.595513,-0.030754,0.200662,0.524628,-0.000433,0.212748,0.459922,-0.018735,0.220757,0.421679,-0.025264,0.229399,0.386261,-0.024225,0.170011,0.519306,-0.010740,0.178582,0.459709,-0.015416,0.182775,0.425668,-0.013268,0.188215,0.387173,-0.011159
1281,0,0.171461,0.185407,0.428242,2.521459,2.598024,0.164810,0.693396,-0.000000,0.220798,0.686447,-0.013769,0.271087,0.617727,-0.017232,0.287702,0.550071,-0.021223,0.265423,0.508084,-0.022400,0.256112,0.560420,0.013127,0.273510,0.531173,-0.002961,0.252409,0.564802,-0.015978,0.230132,0.594363,-0.022217,0.229143,0.539981,0.009426,0.246340,0.488739,-0.015313,0.235281,0.529187,-0.026131,0.226870,0.569261,-0.023333,0.200920,0.525053,0.000420,0.212384,0.458858,-0.016559,0.221096,0.419919,-0.023241,0.229941,0.384848,-0.022324,0.171621,0.520445,-0.010237,0.178228,0.458950,-0.015160,0.182589,0.423668,-0.013830,0.188523,0.386057,-0.011942
1315,0,0.174982,0.182454,0.475787,2.479124,2.569959,0.165391,0.693047,-0.000000,0.220779,0.687174,-0.015574,0.271258,0.617775,-0.020504,0.287663,0.551965,-0.025618,0.264649,0.513179,-0.027775,0.253692,0.556384,0.012562,0.270349,0.526492,-0.004005,0.251523,0.566368,-0.017623,0.234018,0.597737,-0.024786,0.227537,0.537408,0.008534,0.246363,0.488938,-0.021859,0.232606,0.544971,-0.034938,0.223169,0.597455,-0.031641,0.199134,0.523231,-0.000865,0.212156,0.458205,-0.020488,0.222573,0.418968,-0.028529,0.234178,0.382278,-0.027728,0.168944,0.519476,-0.011931,0.177066,0.459374,-0.016560,0.182120,0.424414,-0.014781,0.188652,0.385811,-0.012740
1348,0,0.166970,0.167957,0.585543,2.499873,2.589217,0.163648,0.693427,-0.000000,0.218186,0.686326,-0.016418,0.270375,0.617890,-0.023072,0.284222,0.550538,-0.029138,0.254546,0.514696,-0.032496,0.254479,0.553681,0.010484,0.269305,0.523813,-0.003778,0.250735,0.561944,-0.017254,0.235475,0.588962,-0.025269,0.227825,0.533889,0.007582,0.244545,0.485772,-0.021478,0.230151,0.546903,-0.034477,0.219923,0.603211,-0.031536,0.199470,0.519770,0.000002,0.213099,0.456900,-0.016975,0.227047,0.421922,-0.024001,0.241106,0.388632,-0.023211,0.168830,0.516444,-0.009199,0.175721,0.456125,-0.010840,0.180659,0.420818,-0.007370,0.187085,0.381779,-0.004809
1376,0,0.125942,0.119755,0.187071,2.532744,2.634290,0.163157,0.692893,-0.000000,0.217137,0.686053,-0.016214,0.269380,0.614073,-0.021979,0.281886,0.545787,-0.027571,0.251902,0.510332,-0.030344,0.251821,0.550341,0.013222,0.267233,0.518892,-0.000596,0.249550,0.557668,-0.013770,0.234856,0.585078,-0.021603,0.225492,0.532076,0.009955,0.242626,0.481676,-0.019096,0.230053,0.540809,-0.032709,0.221587,0.596815,-0.029937,0.198005,0.519507,0.001820,0.212817,0.456515,-0.015031,0.228499,0.422984,-0.022088,0.244690,0.391296,-0.021133,0.168575,0.517687,-0.008107,0.176054,0.457635,-0.009595,0.181102,0.422248,-0.006243,0.187611,0.383659,-0.003693
1430,0,0.124114,0.127296,0.461590,2.573088,2.667473,0.163762,0.693130,-0.000000,0.217587,0.682938,-0.016249,0.267436,0.610768,-0.022252,0.278984,0.540347,-0.028004,0.250213,0.498984,-0.031256,0.250443,0.550209,0.013373,0.265942,0.516214,0.001627,0.250562,0.551651,-0.010882,0.237149,0.576211,-0.018858,0.224605,0.531875,0.010898,0.242933,0.482463,-0.015793,0.230685,0.539255,-0.029685,0.220864,0.592138,-0.028224,0.197440,0.519573,0.003838,0.214882,0.457008,-0.011487,0.230517,0.422955,-0.019125,0.244830,0.391426,-0.019439,0.167874,0.516639,-0.004864,0.176669,0.455039,-0.006086,0.182443,0.419829,-0.002984,0.189599,0.381797,-0.000997
1459,0,0.111306,0.102318,0.288246,2.546232,2.636653,0.166782,0.692265,-0.000000,0.220784,0.681527,-0.015903,0.267376,0.610541,-0.021936,0.275948,0.541280,-0.027826,0.248498,0.500752,-0.031222,0.252639,0.551399,0.012279,0.266123,0.516999,-0.000381,0.251558,0.550068,-0.013258,0.239644,0.573749,-0.021399,0.227022,0.532638,0.009768,0.244484,0.483253,-0.017530,0.232928,0.537673,-0.031459,0.223780,0.588128,-0.030195,0.200074,0.520379,0.002645,0.217674,0.455083,-0.013953,0.232562,0.419666,-0.022552,0.246481,0.387407,-0.023499,0.170657,0.517328,-0.005942,0.178122,0.455473,-0.008654,0.183744,0.420005,-0.006842,0.191181,0.382288,-0.005685
1489,0,0.175594,0.165426,0.308088,2.527518,2.589244,0.167387,0.694006,-0.000000,0.221572,0.682353,-0.013959,0.267652,0.612364,-0.017841,0.275232,0.542027,-0.021802,0.247515,0.503649,-0.023037,0.255408,0.557752,0.013000,0.270449,0.521078,-0.000892,0.254527,0.549886,-0.013776,0.240983,0.572421,-0.021469,0.230036,0.536863,0.009823,0.247442,0.484663,-0.015107,0.238366,0.527479,-0.028044,0.231745,0.568617,-0.027410,0.203284,0.522012,0.001802,0.219513,0.455535,-0.015868,0.233981,0.420974,-0.025874,0.247350,0.389611,-0.027933,0.174236,0.515915,-0.007459,0.180604,0.455366,-0.013349,0.185052,0.420262,-0.014196,0.191299,0.382508,-0.014577
1523,0,0.141694,0.150456,0.400734,2.502226,2.561933,0.166827,0.693422,-0.000000,0.221826,0.683664,-0.012631,0.268790,0.613597,-0.014928,0.274254,0.545210,-0.017535,0.247241,0.509838,-0.017535,0.257109,0.560380,0.012416,0.272979,0.524773,-0.001672,0.255843,0.550867,-0.014594,0.239318,0.573707,-0.022066,0.231972,0.538184,0.008839,0.250772,0.485748,-0.014077,0.242606,0.518534,-0.026851,0.235451,0.553117,-0.027026,0.204935,0.522172,0.000526,0.221831,0.453463,-0.016232,0.235690,0.415963,-0.027312,0.248213,0.383817,-0.030571,0.175892,0.515495,-0.008927,0.182856,0.454020,-0.015127,0.187564,0.417773,-0.016979,0.193609,0.380632,-0.018139
1558,0,0.217808,0.221561,0.542861,2.448716,2.530023,0.167062,0.692469,-0.000000,0.220523,0.685087,-0.014621,0.267912,0.614965,-0.018212,0.270173,0.545282,-0.021210,0.238887,0.514506,-0.021419,0.259528,0.561633,0.008345,0.271732,0.524801,-0.006345,0.250641,0.548083,-0.019126,0.234349,0.569466,-0.026950,0.233848,0.538502,0.005046,0.252488,0.483581,-0.021307,0.237749,0.524478,-0.033924,0.228393,0.565167,-0.032689,0.206962,0.522154,-0.002932,0.224776,0.450459,-0.022028,0.236689,0.409565,-0.034244,0.249427,0.372583,-0.037771,0.177853,0.515282,-0.011920,0.186756,0.453861,-0.018629,0.191980,0.418239,-0.020585,0.198104,0.379917,-0.022076
1586,0,0.133940,0.146045,0.409811,2.421116,2.486892,0.167547,0.693614,-0.000000,0.221874,0.687128,-0.015553,0.267227,0.613498,-0.019629,0.268727,0.544080,-0.023001,0.233941,0.517079,-0.023276,0.260106,0.561076,0.007339,0.270909,0.523687,-0.006666,0.249308,0.548693,-0.018187,0.234708,0.569210,-0.025529,0.235203,0.538384,0.004056,0.250989,0.483257,-0.024330,0.234278,0.529504,-0.036989,0.224248,0.573095,-0.035141,0.208459,0.522107,-0.003965,0.223635,0.446660,-0.024703,0.235277,0.402400,-0.038675,0.247891,0.361415,-0.043084,0.180452,0.514772,-0.012886,0.189685,0.451837,-0.019500,0.195359,0.415749,-0.022352,0.201370,0.376961,-0.024995
1618,0,0.083138,0.078224,0.235765,2.424463,2.505017,0.169014,0.691642,-0.000000,0.222702,0.685394,-0.015158,0.266600,0.612836,-0.018843,0.266459,0.543651,-0.022028,0.232671,0.516080,-0.022340,0.260441,0.559078,0.007784,0.269542,0.522699,-0.005905,0.247502,0.547233,-0.017563,0.232561,0.568044,-0.025245,0.236249,0.536537,0.004411,0.249894,0.481153,-0.023653,0.233428,0.525749,-0.036669,0.224206,0.568519,-0.035422,0.209903,0.520590,-0.003607,0.223243,0.444215,-0.024835,0.234106,0.397694,-0.039361,0.246349,0.355246,-0.044351,0.182362,0.513768,-0.012409,0.192362,0.451982,-0.019516,0.198643,0.416492,-0.022537,0.204943,0.378178,-0.025393
1652,0,0.087723,0.097605,0.207636,2.360203,2.427819,0.168039,0.693278,-0.000000,0.222177,0.687963,-0.016927,0.266023,0.613828,-0.021805,0.268268,0.542908,-0.025996,0.234624,0.514167,-0.027077,0.259921,0.561000,0.006798,0.269377,0.521969,-0.008013,0.248114,0.548325,-0.020479,0.232932,0.569046,-0.028403,0.235127,0.537806,0.003777,0.248965,0.481171,-0.025096,0.232860,0.524913,-0.039256,0.222730,0.566330,-0.038569,0.208380,0.521337,-0.004103,0.221050,0.444264,-0.025636,0.231599,0.396309,-0.041090,0.242705,0.351812,-0.046557,0.181214,0.513909,-0.012949,0.191961,0.451011,-0.019759,0.198362,0.415109,-0.023050,0.204449,0.376865,-0.026045
1681,0,0.054863,0.056035,0.238710,2.403491,2.459446,0.169151,0.693293,-0.000000,0.223705,0.685802,-0.015954,0.266924,0.612331,-0.020435,0.267236,0.542703,-0.024325,0.232898,0.517237,-0.025145,0.261261,0.560422,0.007419,0.269961,0.522966,-0.007091,0.248022,0.549259,-0.019122,0.232992,0.570520,-0.026721,0.236595,0.537551,0.004040,0.250647,0.481573,-0.025047,0.232850,0.527713,-0.038506,0.222217,0.570473,-0.037062,0.209653,0.521337,-0.004095,0.222132,0.444902,-0.025671,0.231793,0.396543,-0.040705,0.242628,0.351916,-0.045695,0.182172,0.513928,-0.013057,0.192366,0.450614,-0.019253,0.198558,0.415028,-0.021748,0.204444,0.377347,-0.024210
1715,0,0.045340,0.049909,0.180623,2.436581,2.497067,0.168885,0.693217,-0.000000,0.223944,0.686305,-0.016332,0.267138,0.612450,-0.020744,0.265974,0.541493,-0.024281,0.232303,0.515028,-0.024625,0.262378,0.562609,0.006840,0.271270,0.524272,-0.007364,0.248211,0.550063,-0.018992,0.233136,0.571685,-0.026409,0.237661,0.539502,0.003884,0.252335,0.482542,-0.024723,0.233278,0.527564,-0.037919,0.222015,0.570529,-0.036479,0.210735,0.522599,-0.003817,0.223502,0.445766,-0.025050,0.232566,0.396989,-0.040212,0.243044,0.352207,-0.045549,0.183643,0.514447,-0.012329,0.193649,0.451787,-0.018452,0.199682,0.416409,-0.021219,0.205438,0.378880,-0.024068
1755,0,0.062793,0.068935,0.154382,2.389364,2.450798,0.169592,0.693260,-0.000000,0.223580,0.686930,-0.017199,0.267628,0.614219,-0.021968,0.267830,0.544232,-0.025773,0.235313,0.516528,-0.026394,0.261810,0.562005,0.005504,0.271158,0.524315,-0.008975,0.248476,0.549915,-0.020677,0.232976,0.570361,-0.028093,0.236810,0.538993,0.002574,0.251318,0.483819,-0.026067,0.232585,0.528317,-0.039526,0.220767,0.569885,-0.038350,0.210169,0.522629,-0.005141,0.223217,0.445994,-0.026770,0.232121,0.397070,-0.042106,0.242088,0.351753,-0.047496,0.183019,0.515278,-0.013736,0.193663,0.452152,-0.020530,0.200253,0.416810,-0.023454,0.206321,0.379103,-0.026182
1804,0,0.054369,0.054088,0.190680,2.400317,2.455536,0.169675,0.693454,-0.000000,0.224041,0.686417,-0.017383,0.267789,0.614669,-0.022818,0.268142,0.544790,-0.027552,0.234491,0.516665,-0.029200,0.262739,0.561551,0.006851,0.271342,0.524218,-0.008536,0.249312,0.550778,-0.021513,0.233585,0.572889,-0.029510,0.237713,0.538041,0.004005,0.251342,0.482042,-0.024973,0.234046,0.526801,-0.039304,0.222840,0.569526,-0.038651,0.210654,0.521659,-0.003758,0.223513,0.445869,-0.025103,0.232994,0.397689,-0.040544,0.242874,0.353570,-0.045898,0.183052,0.514530,-0.012511,0.194277,0.452144,-0.018705,0.200924,0.416516,-0.021464,0.207026,0.379092,-0.024075
1840,0,0.040241,0.029732,0.113698,2.387970,2.438466,0.168818,0.694530,-0.000000,0.223786,0.688345,-0.017600,0.267585,0.615729,-0.023026,0.268942,0.545345,-0.027782,0.235341,0.516987,-0.029334,0.261560,0.562691,0.007521,0.271029,0.525154,-0.008249,0.249621,0.552068,-0.021539,0.234041,0.573999,-0.029677,0.236534,0.539094,0.004470,0.250970,0.482809,-0.025020,0.233842,0.527292,-0.039613,0.222408,0.570404,-0.038960,0.209464,0.522628,-0.003689,0.222899,0.446004,-0.025510,0.232370,0.397154,-0.041313,0.242257,0.352873,-0.046739,0.181965,0.515687,-0.012902,0.193519,0.453272,-0.019382,0.200497,0.417264,-0.022503,0.206683,0.379749,-0.025347
1871,0,0.031479,0.048782,0.087811,2.379744,2.418215,0.168631,0.695812,-0.000000,0.222715,0.689220,-0.017613,0.266568,0.615649,-0.022964,0.268233,0.545110,-0.027692,0.234360,0.516339,-0.029219,0.260824,0.562050,0.007686,0.270478,0.524965,-0.007830,0.249200,0.552201,-0.020945,0.233738,0.573095,-0.029120,0.235829,0.538561,0.004592,0.250170,0.482419,-0.024491,0.233159,0.526594,-0.038969,0.221857,0.568560,-0.038411,0.208869,0.522625,-0.003603,0.222421,0.445762,-0.025361,0.231772,0.397414,-0.040972,0.241423,0.352827,-0.046356,0.181366,0.515994,-0.012861,0.192870,0.453268,-0.019731,0.199468,0.417050,-0.022948,0.205443,0.378644,-0.025804
1903,0,0.051009,0.053252,0.184898,2.360006,2.403456,0.167624,0.695823,-0.000000,0.222068,0.689620,-0.017430,0.265311,0.617849,-0.022551,0.268028,0.547958,-0.026897,0.235442,0.518860,-0.028119,0.260097,0.564159,0.006968,0.271109,0.526592,-0.008017,0.249389,0.551925,-0.020585,0.234085,0.572245,-0.028532,0.235442,0.540142,0.004070,0.250756,0.481490,-0.024286,0.233393,0.522496,-0.038395,0.222536,0.563105,-0.037867,0.208579,0.523536,-0.003777,0.221950,0.445857,-0.025112,0.230780,0.396633,-0.040576,0.240197,0.352000,-0.046061,0.181279,0.516180,-0.012622,0.192149,0.452838,-0.019346,0.198584,0.416569,-0.022551,0.204377,0.378673,-0.025476
1936,0,0.042477,0.039376,0.133015,2.375218,2.428544,0.167126,0.695240,-0.000000,0.222016,0.689972,-0.017630,0.265814,0.617218,-0.022632,0.267529,0.547295,-0.026824,0.234376,0.519076,-0.027765,0.259874,0.563683,0.007102,0.270841,0.525738,-0.008023,0.247856,0.551732,-0.020552,0.231791,0.573648,-0.028409,0.234987,0.539771,0.004366,0.249359,0.482296,-0.024679,0.231305,0.525820,-0.038759,0.220163,0.568358,-0.037901,0.207851,0.523241,-0.003401,0.221200,0.445731,-0.025141,0.229865,0.397109,-0.040509,0.239499,0.352705,-0.045758,0.180549,0.516040,-0.012191,0.191376,0.453526,-0.019033,0.197667,0.417326,-0.022285,0.203512,0.379068,-0.025207
1967,0,0.031397,0.038973,0.115762,2.376186,2.415391,0.166338,0.696709,-0.000000,0.221143,0.690571,-0.017949,0.264954,0.618425,-0.023433,0.267389,0.548229,-0.028077,0.234084,0.518385,-0.029345,0.259144,0.564265,0.007270,0.270267,0.526060,-0.007871,0.247580,0.552493,-0.020436,0.231966,0.573368,-0.028390,0.234583,0.540092,0.004640,0.249765,0.482590,-0.024487,0.231357,0.526839,-0.038632,0.219838,0.569293,-0.037776,0.207447,0.523189,-0.003055,0.221552,0.446135,-0.024734,0.230039,0.398065,-0.039982,0.239363,0.353658,-0.045186,0.179760,0.515623,-0.011807,0.190818,0.453607,-0.018657,0.197035,0.417683,-0.021885,0.202589,0.379372,-0.024750
1999,0,0.039977,0.039499,0.114267,2.351890,2.399504,0.166212,0.696087,-0.000000,0.220632,0.689866,-0.018407,0.264379,0.618375,-0.024029,0.266568,0.548679,-0.028739,0.233494,0.519236,-0.030231,0.259366,0.564047,0.006430,0.270497,0.526184,-0.008855,0.247066,0.551715,-0.021724,0.230692,0.572899,-0.029866,0.234316,0.539852,0.003959,0.248743,0.481786,-0.024808,0.230556,0.523996,-0.039136,0.219229,0.565964,-0.038705,0.206812,0.523247,-0.003578,0.220670,0.446236,-0.025041,0.229063,0.397486,-0.040463,0.238271,0.353340,-0.045902,0.178801,0.516238,-0.012222,0.190292,0.453928,-0.019021,0.196687,0.417628,-0.022271,0.202489,0.379312,-0.025240
2031,0,0.028917,0.030238,0.095112,2.370093,2.412873,0.165964,0.696351,-0.000000,0.220850,0.689127,-0.017959,0.264116,0.617594,-0.023357,0.265672,0.548039,-0.027896,0.232854,0.518777,-0.029184,0.259408,0.564040,0.006792,0.269851,0.526178,-0.008431,0.246638,0.551015,-0.021096,0.230726,0.571744,-0.029052,0.234211,0.539724,0.004283,0.249594,0.481896,-0.024413,0.230931,0.524293,-0.038328,0.219098,0.566454,-0.037437,0.206803,0.522981,-0.003268,0.221102,0.446377,-0.024611,0.229190,0.397960,-0.039649,0.237810,0.354197,-0.044733,0.178939,0.515668,-0.011893,0.190154,0.453949,-0.018620,0.196391,0.417872,-0.021706,0.201777,0.379829,-0.024430
2063,0,0.037864,0.041322,0.085599,2.371829,2.415740,0.166309,0.696096,-0.000000,0.220753,0.688760,-0.017800,0.264230,0.616838,-0.023375,0.264664,0.548046,-0.028139,0.230926,0.520662,-0.029694,0.259230,0.563268,0.006592,0.269564,0.526200,-0.008503,0.245467,0.551583,-0.021092,0.229173,0.572576,-0.029148,0.234127,0.538841,0.003710,0.249688,0.481978,-0.025393,0.229996,0.526149,-0.039339,0.217742,0.569568,-0.038379,0.206752,0.522126,-0.004175,0.221262,0.445814,-0.025525,0.229397,0.397803,-0.040596,0.238714,0.353814,-0.045823,0.178944,0.515369,-0.013118,0.190268,0.453903,-0.019504,0.196745,0.418085,-0.022366,0.202530,0.379929,-0.025145
2095,0,0.048778,0.049795,0.141345,2.335948,2.385692,0.166040,0.695694,-0.000000,0.220458,0.687945,-0.018559,0.263886,0.618185,-0.024624,0.264034,0.549399,-0.029694,0.230217,0.520595,-0.031484,0.259357,0.563595,0.005381,0.270740,0.525989,-0.010042,0.246100,0.550942,-0.022619,0.229561,0.572172,-0.030622,0.234273,0.539227,0.002805,0.249647,0.480528,-0.026380,0.229920,0.522978,-0.040332,0.218073,0.565616,-0.039471,0.206888,0.522721,-0.004781,0.220795,0.445912,-0.026397,0.228454,0.397112,-0.041525,0.237505,0.353016,-0.046762,0.179286,0.516333,-0.013472,0.190434,0.454381,-0.020282,0.196697,0.418139,-0.023414,0.202242,0.379876,-0.026297
2126,0,0.044942,0.051904,0.203914,2.348778,2.421297,0.165604,0.694179,-0.000000,0.220333,0.688812,-0.018379,0.264386,0.616718,-0.023763,0.265427,0.546711,-0.028073,0.231879,0.518799,-0.029014,0.258918,0.562693,0.005206,0.269724,0.524601,-0.009784,0.246050,0.550717,-0.021781,0.230615,0.571989,-0.029443,0.233889,0.538803,0.002816,0.249144,0.481330,-0.026388,0.229640,0.525868,-0.039896,0.217866,0.569244,-0.038674,0.206698,0.522366,-0.004554,0.221145,0.445499,-0.026339,0.229269,0.397323,-0.041481,0.238571,0.353165,-0.046633,0.179032,0.515677,-0.012979,0.190005,0.453728,-0.020031,0.196289,0.417582,-0.023482,0.201907,0.379041,-0.026636
2168,0,0.034834,0.032059,0.095776,2.354905,2.426605,0.165871,0.693867,-0.000000,0.220707,0.687960,-0.018482,0.264714,0.614847,-0.023950,0.265404,0.545098,-0.028381,0.230642,0.517990,-0.029320,0.258999,0.561275,0.005732,0.269714,0.523690,-0.009150,0.245151,0.550247,-0.021232,0.228906,0.571262,-0.028958,0.233858,0.537311,0.003280,0.248215,0.481218,-0.025812,0.228904,0.526085,-0.039434,0.217157,0.569058,-0.038215,0.206525,0.521086,-0.004217,0.220499,0.444796,-0.025878,0.229082,0.396243,-0.041213,0.238701,0.351439,-0.046517,0.179057,0.514867,-0.012799,0.190250,0.453194,-0.019585,0.196582,0.417226,-0.022946,0.202067,0.378882,-0.026042
2201,0,0.050779,0.056999,0.119084,2.321335,2.408705,0.165466,0.692707,-0.000000,0.219604,0.686873,-0.019144,0.263689,0.615999,-0.025371,0.265183,0.546577,-0.030478,0.231692,0.518494,-0.032142,0.258564,0.560634,0.004671,0.269136,0.522971,-0.010956,0.245074,0.550175,-0.023377,0.229233,0.571393,-0.031203,0.233510,0.536979,0.002329,0.248109,0.481134,-0.027611,0.228506,0.526919,-0.041384,0.216618,0.570393,-0.040132,0.206399,0.520836,-0.005091,0.220499,0.444602,-0.027249,0.228830,0.396419,-0.042142,0.238513,0.351845,-0.046986,0.178774,0.514541,-0.013657,0.189815,0.452034,-0.020626,0.196442,0.415865,-0.023674,0.202376,0.377370,-0.026409
2233,0,0.041546,0.034055,0.133362,2.341568,2.436538,0.165406,0.691816,-0.000000,0.220156,0.686138,-0.018726,0.264086,0.614361,-0.024361,0.264183,0.544760,-0.028747,0.229848,0.517805,-0.029601,0.258634,0.560732,0.004521,0.269307,0.523096,-0.010464,0.244730,0.549395,-0.022176,0.228838,0.570614,-0.029568,0.233430,0.536841,0.002341,0.247973,0.480950,-0.026923,0.228023,0.526126,-0.040081,0.216058,0.568925,-0.038504,0.206393,0.520454,-0.004825,0.220300,0.444089,-0.026546,0.228839,0.395774,-0.041428,0.238548,0.351175,-0.046356,0.179293,0.513925,-0.013059,0.189849,0.451024,-0.019712,0.196324,0.414904,-0.022751,0.201915,0.376633,-0.025560
2265,0,0.059774,0.052187,0.229889,2.307610,2.402530,0.165380,0.691276,-0.000000,0.219324,0.684592,-0.019225,0.263505,0.614264,-0.025519,0.264108,0.545608,-0.030616,0.230930,0.516819,-0.032189,0.258618,0.559151,0.004188,0.268865,0.521591,-0.011768,0.243866,0.547902,-0.024093,0.227420,0.569725,-0.031632,0.233061,0.534881,0.002024,0.246937,0.479722,-0.028075,0.227047,0.525618,-0.041302,0.215129,0.569170,-0.039564,0.205721,0.518786,-0.005290,0.220088,0.442106,-0.027633,0.228448,0.395033,-0.041925,0.238087,0.351682,-0.046120,0.178194,0.512767,-0.013743,0.189156,0.449319,-0.020962,0.196074,0.412960,-0.023798,0.202519,0.374365,-0.026158
2297,0,0.065735,0.063325,0.205966,2.326437,2.432079,0.164714,0.690890,-0.000000,0.218705,0.684871,-0.019190,0.263027,0.613934,-0.024943,0.262815,0.544953,-0.029428,0.229057,0.518811,-0.030417,0.258757,0.559870,0.004942,0.269610,0.522071,-0.009611,0.243694,0.547391,-0.021317,0.226332,0.568762,-0.028834,0.233067,0.535094,0.003000,0.246611,0.478230,-0.026196,0.226654,0.522645,-0.039666,0.214974,0.565985,-0.038248,0.205657,0.518748,-0.003973,0.219265,0.442411,-0.025471,0.227557,0.393682,-0.040490,0.237176,0.349192,-0.045568,0.178428,0.512630,-0.012093,0.189056,0.450416,-0.018646,0.195438,0.414198,-0.021828,0.201216,0.375723,-0.024795
2329,0,0.035522,0.035297,0.123621,2.334010,2.441494,0.164963,0.690241,-0.000000,0.219380,0.685197,-0.018794,0.263235,0.613004,-0.023948,0.262913,0.543655,-0.027740,0.229911,0.517075,-0.028019,0.258196,0.559295,0.004600,0.268838,0.521972,-0.010087,0.242974,0.547661,-0.021421,0.226024,0.569460,-0.028511,0.232755,0.534917,0.002665,0.246870,0.478700,-0.026443,0.226397,0.523093,-0.039328,0.214276,0.566245,-0.037523,0.205542,0.518413,-0.004305,0.219786,0.441488,-0.026017,0.227670,0.393300,-0.040806,0.237038,0.349204,-0.045566,0.178243,0.511760,-0.012335,0.189039,0.448707,-0.019172,0.195659,0.412208,-0.022405,0.201753,0.373587,-0.025294
2363,0,0.028857,0.028757,0.096362,2.317610,2.425318,0.164802,0.690245,-0.000000,0.219276,0.684292,-0.018888,0.263281,0.613545,-0.024532,0.262570,0.545144,-0.028924,0.229024,0.519279,-0.029829,0.258309,0.558738,0.005072,0.269422,0.521208,-0.009674,0.243262,0.547153,-0.021373,0.225923,0.569409,-0.028809,0.232811,0.534275,0.002925,0.246767,0.477489,-0.026424,0.226482,0.522012,-0.039816,0.214694,0.565524,-0.038401,0.205264,0.517812,-0.004278,0.219533,0.441420,-0.025963,0.227688,0.393121,-0.040968,0.237326,0.348948,-0.046003,0.177962,0.511627,-0.012587,0.188879,0.449539,-0.019365,0.195279,0.413292,-0.022672,0.201046,0.374598,-0.025716
2395,0,0.024568,0.035603,0.091832,2.318620,2.436643,0.165201,0.689060,-0.000000,0.219470,0.683533,-0.019007,0.263495,0.612605,-0.024421,0.261856,0.543988,-0.028486,0.227864,0.519123,-0.028963,0.258170,0.558520,0.004254,0.269733,0.521012,-0.010310,0.242841,0.546736,-0.021624,0.225269,0.568175,-0.028831,0.232562,0.534008,0.002331,0.246586,0.478086,-0.026659,0.226027,0.521921,-0.039660,0.214287,0.564008,-0.038113,0.205251,0.517278,-0.004591,0.219356,0.441412,-0.026116,0.227116,0.393377,-0.041141,0.236261,0.348861,-0.046242,0.178228,0.511020,-0.012630,0.189003,0.449150,-0.019402,0.195368,0.413203,-0.022841,0.200970,0.374545,-0.025984
2427,0,0.019669,0.018979,0.092061,2.308344,2.430317,0.165278,0.688925,-0.000000,0.219512,0.683865,-0.019414,0.263482,0.612136,-0.025094,0.262575,0.543201,-0.029448,0.228326,0.518360,-0.030218,0.258137,0.558346,0.004559,0.269372,0.520998,-0.010190,0.243218,0.546427,-0.021706,0.226150,0.567439,-0.029072,0.232552,0.533933,0.002635,0.246430,0.477782,-0.026600,0.226449,0.521267,-0.039777,0.214597,0.563633,-0.038206,0.205212,0.517697,-0.004403,0.219469,0.440983,-0.026207,0.227187,0.392818,-0.041152,0.236258,0.348493,-0.046096,0.178003,0.511424,-0.012621,0.188628,0.449673,-0.019692,0.195022,0.413413,-0.023261,0.200691,0.374650,-0.026420
2461,0,0.025559,0.027071,0.081145,2.294049,2.414895,0.165311,0.689080,-0.000000,0.219532,0.683617,-0.019502,0.263436,0.612035,-0.025238,0.261840,0.543464,-0.029712,0.227546,0.518603,-0.030532,0.257874,0.557539,0.004667,0.269298,0.520285,-0.010210,0.242739,0.545782,-0.021829,0.225202,0.566470,-0.029237,0.232150,0.533347,0.002645,0.246035,0.477126,-0.027024,0.225735,0.521080,-0.040447,0.213770,0.563740,-0.038906,0.204708,0.517531,-0.004519,0.218615,0.441258,-0.026680,0.226365,0.392411,-0.041987,0.235391,0.347589,-0.047067,0.177579,0.511832,-0.012840,0.188442,0.450027,-0.020141,0.194917,0.413542,-0.023878,0.200530,0.374445,-0.027106
2492,0,0.042798,0.043156,0.116593,2.280019,2.406961,0.164879,0.688233,-0.000000,0.218888,0.682679,-0.020109,0.263114,0.612238,-0.026359,0.261822,0.544206,-0.031202,0.227460,0.518285,-0.032397,0.258253,0.556934,0.003806,0.269293,0.519651,-0.011625,0.242230,0.545911,-0.023627,0.224947,0.567439,-0.031235,0.232265,0.532613,0.001938,0.246693,0.477145,-0.028143,0.225358,0.522310,-0.041560,0.212963,0.565804,-0.039989,0.204462,0.516405,-0.005162,0.219089,0.440623,-0.027374,0.226404,0.392662,-0.042443,0.235424,0.348307,-0.047385,0.177047,0.510487,-0.013482,0.188102,0.448559,-0.020600,0.194593,0.412292,-0.024052,0.200266,0.373302,-0.027096
2524,0,0.068420,0.067902,0.145582,2.293269,2.423606,0.164616,0.688159,-0.000000,0.219347,0.682723,-0.019323,0.263439,0.611027,-0.024759,0.261630,0.541749,-0.028968,0.226143,0.517489,-0.029443,0.258119,0.556482,0.005658,0.269658,0.518878,-0.009375,0.243635,0.544938,-0.021108,0.226530,0.566110,-0.028526,0.232198,0.532522,0.003611,0.245802,0.475993,-0.025807,0.226237,0.519500,-0.039137,0.214778,0.561369,-0.037630,0.204582,0.516622,-0.003697,0.218305,0.440630,-0.025906,0.225704,0.392222,-0.041298,0.234265,0.347544,-0.046375,0.177146,0.510881,-0.012183,0.187696,0.449400,-0.019716,0.193744,0.412714,-0.023826,0.198922,0.373575,-0.027216
2567,0,0.067292,0.058779,0.130050,2.258634,2.401282,0.163696,0.687250,-0.000000,0.218036,0.682026,-0.019872,0.262286,0.611820,-0.025755,0.262314,0.543079,-0.030249,0.228158,0.516534,-0.031083,0.256596,0.556714,0.003765,0.268467,0.518483,-0.011456,0.242070,0.543972,-0.023108,0.224888,0.564999,-0.030478,0.230986,0.532774,0.002037,0.245268,0.476565,-0.027896,0.224892,0.520129,-0.041248,0.212827,0.562405,-0.039744,0.203495,0.516736,-0.004866,0.217960,0.440169,-0.027373,0.225085,0.391471,-0.042653,0.233519,0.346978,-0.047621,0.176044,0.510574,-0.012927,0.187201,0.448223,-0.020657,0.193602,0.411149,-0.024677,0.199265,0.371888,-0.028027
2599,0,0.041424,0.043261,0.175014,2.231926,2.373473,0.164067,0.687022,-0.000000,0.218232,0.681419,-0.020455,0.262048,0.612372,-0.026778,0.260908,0.543667,-0.031582,0.227525,0.516211,-0.032742,0.257055,0.556329,0.002974,0.267913,0.518283,-0.012809,0.241519,0.543419,-0.024932,0.224092,0.564399,-0.032431,0.231108,0.532080,0.001391,0.244977,0.475551,-0.028510,0.224800,0.518286,-0.041956,0.212721,0.560224,-0.040551,0.203402,0.515989,-0.005424,0.217402,0.439540,-0.028004,0.224550,0.390612,-0.043231,0.233052,0.346332,-0.048165,0.175609,0.510325,-0.013455,0.186501,0.447602,-0.021256,0.193044,0.410556,-0.025079,0.198675,0.371587,-0.028151
2633,0,0.041869,0.044446,0.199278,2.251683,2.395688,0.164358,0.686410,-0.000000,0.218501,0.680313,-0.020070,0.262585,0.610185,-0.026031,0.259628,0.541501,-0.030375,0.225610,0.516931,-0.030914,0.257323,0.555670,0.002343,0.268749,0.517785,-0.012836,0.240626,0.543224,-0.024120,0.222466,0.564937,-0.031175,0.230927,0.531362,0.000706,0.245043,0.475093,-0.028742,0.224304,0.518821,-0.041316,0.212425,0.561352,-0.039324,0.203218,0.515063,-0.006034,0.217306,0.439434,-0.027893,0.224366,0.391317,-0.042525,0.232974,0.346858,-0.047195,0.175841,0.509655,-0.013987,0.186217,0.447267,-0.021083,0.192409,0.411129,-0.024479,0.197695,0.372356,-0.027419
2667,0,0.031383,0.025389,0.054184,2.256982,2.403854,0.164136,0.686046,-0.000000,0.218244,0.679834,-0.019670,0.262166,0.610071,-0.025243,0.259434,0.541820,-0.029317,0.225309,0.517167,-0.029692,0.256442,0.555412,0.003033,0.268155,0.517221,-0.011961,0.240699,0.542817,-0.023271,0.222570,0.564672,-0.030311,0.230478,0.531099,0.001376,0.244410,0.474706,-0.027753,0.224156,0.517885,-0.040545,0.212508,0.559820,-0.038785,0.203027,0.514954,-0.005357,0.216905,0.438932,-0.027084,0.223992,0.390840,-0.041947,0.232465,0.346503,-0.046803,0.175762,0.509228,-0.013257,0.186324,0.446710,-0.020501,0.192637,0.410144,-0.024184,0.198150,0.371116,-0.027296
2700,0,0.023497,0.025434,0.098160,2.245641,2.392503,0.163835,0.686264,-0.000000,0.218483,0.680677,-0.019954,0.262452,0.610568,-0.025627,0.260066,0.541334,-0.029784,0.225722,0.516597,-0.030175,0.256360,0.555503,0.003468,0.268037,0.517277,-0.011737,0.241621,0.543075,-0.023279,0.224300,0.563972,-0.030517,0.230724,0.531507,0.001795,0.244720,0.474517,-0.027501,0.224892,0.517405,-0.040559,0.213402,0.558823,-0.038962,0.203246,0.515406,-0.005054,0.216442,0.439347,-0.027110,0.223586,0.390985,-0.042385,0.232043,0.345996,-0.047471,0.175890,0.509349,-0.013099,0.186105,0.446892,-0.020443,0.192150,0.410284,-0.024355,0.197211,0.371075,-0.027632
2732,0,0.036568,0.032736,0.129907,2.229068,2.373697,0.163623,0.686229,-0.000000,0.217861,0.679688,-0.019768,0.262204,0.609812,-0.025365,0.260612,0.541500,-0.029432,0.225782,0.515862,-0.029823,0.256053,0.555308,0.003065,0.267908,0.516969,-0.012235,0.240862,0.541801,-0.023884,0.222759,0.562953,-0.031157,0.229935,0.530947,0.001364,0.244202,0.473772,-0.028001,0.224088,0.516158,-0.041065,0.212090,0.557595,-0.039569,0.202177,0.514787,-0.005442,0.216249,0.438684,-0.027545,0.223152,0.390420,-0.042725,0.230926,0.346239,-0.047736,0.174410,0.508891,-0.013415,0.185654,0.446490,-0.021167,0.191871,0.409490,-0.025235,0.197079,0.370106,-0.028538
2765,0,0.028789,0.023873,0.091049,2.242447,2.385167,0.163590,0.686653,-0.000000,0.217963,0.680369,-0.019558,0.262028,0.609836,-0.025207,0.259850,0.541526,-0.029468,0.225651,0.517144,-0.029958,0.255972,0.555583,0.003700,0.267888,0.516677,-0.011665,0.240864,0.542265,-0.023264,0.222812,0.563794,-0.030447,0.229769,0.531374,0.001824,0.243974,0.473982,-0.027705,0.224304,0.516917,-0.040651,0.212865,0.558918,-0.038855,0.202197,0.515110,-0.005196,0.215761,0.438761,-0.027019,0.222956,0.390946,-0.041696,0.231521,0.346667,-0.046332,0.174832,0.509283,-0.013436,0.185167,0.447167,-0.020619,0.191364,0.410633,-0.024211,0.196696,0.371350,-0.027182
2799,0,0.024025,0.023414,0.033543,2.231526,2.375059,0.163585,0.686457,-0.000000,0.217859,0.680371,-0.020051,0.262029,0.610052,-0.026027,0.260029,0.541250,-0.030452,0.225750,0.516200,-0.031138,0.255742,0.555156,0.002757,0.267330,0.516960,-0.012736,0.240482,0.543023,-0.024345,0.222852,0.564725,-0.031497,0.229810,0.530860,0.001147,0.243835,0.473812,-0.028313,0.223986,0.516941,-0.041147,0.212460,0.559199,-0.039351,0.202174,0.514737,-0.005605,0.215602,0.438608,-0.027399,0.222609,0.390892,-0.041996,0.231051,0.346841,-0.046633,0.174660,0.508983,-0.013601,0.184839,0.446589,-0.020737,0.190995,0.410105,-0.024247,0.196453,0.370761,-0.027219
2831,0,0.033165,0.033778,0.074914,2.248714,2.387518,0.164121,0.686673,-0.000000,0.218789,0.679550,-0.019343,0.262427,0.609161,-0.025121,0.258847,0.541143,-0.029463,0.224638,0.517649,-0.030116,0.255997,0.555655,0.002697,0.267139,0.517300,-0.012707,0.239709,0.543407,-0.024158,0.221427,0.565575,-0.031193,0.230198,0.531349,0.000802,0.243982,0.474473,-0.028696,0.223666,0.518513,-0.041363,0.212110,0.561205,-0.039371,0.202610,0.515146,-0.006113,0.215733,0.439317,-0.027733,0.222468,0.391589,-0.042277,0.230811,0.347131,-0.046912,0.175282,0.509568,-0.014201,0.185179,0.447163,-0.021040,0.190995,0.410847,-0.024354,0.195950,0.371628,-0.027227
2865,0,0.051993,0.038809,0.109592,2.205916,2.361059,0.163365,0.685586,-0.000000,0.218208,0.679660,-0.020040,0.262147,0.610091,-0.025786,0.259280,0.541689,-0.030019,0.225143,0.517466,-0.030458,0.255072,0.554321,0.002576,0.266922,0.515993,-0.013154,0.239560,0.542355,-0.024923,0.221256,0.564094,-0.032168,0.228959,0.530128,0.000931,0.242832,0.473346,-0.028765,0.223178,0.516451,-0.041935,0.211756,0.557983,-0.040372,0.201325,0.514535,-0.005856,0.214545,0.438541,-0.028130,0.221390,0.389766,-0.043530,0.229619,0.344484,-0.048609,0.174095,0.509486,-0.013837,0.184722,0.446554,-0.021472,0.190912,0.409677,-0.025493,0.196087,0.370268,-0.028749
2895,0,0.061361,0.057529,0.192413,2.235630,2.385815,0.162737,0.686195,-0.000000,0.219057,0.680311,-0.019651,0.262523,0.609055,-0.024788,0.258226,0.539311,-0.028298,0.222395,0.518115,-0.027860,0.255295,0.554635,0.003501,0.267229,0.516460,-0.011370,0.240196,0.542898,-0.022219,0.223317,0.563460,-0.029030,0.228968,0.531058,0.001786,0.243371,0.473862,-0.027356,0.223566,0.516768,-0.039920,0.212516,0.557365,-0.037905,0.201124,0.515264,-0.005051,0.214205,0.439528,-0.027144,0.220823,0.390795,-0.042553,0.228970,0.344933,-0.047625,0.173485,0.509671,-0.013020,0.183489,0.447074,-0.020399,0.189439,0.410594,-0.024511,0.194448,0.371408,-0.027925
2940,0,0.053680,0.051213,0.126496,2.219149,2.371277,0.162675,0.685956,-0.000000,0.218238,0.678942,-0.019796,0.262411,0.608482,-0.025346,0.258305,0.538952,-0.029224,0.222904,0.517164,-0.029192,0.254452,0.554041,0.002397,0.266159,0.516226,-0.012608,0.238980,0.542697,-0.023301,0.221854,0.563603,-0.029954,0.227824,0.530500,0.000644,0.241907,0.474071,-0.028721,0.221807,0.518880,-0.040956,0.210534,0.560698,-0.038717,0.199965,0.515115,-0.006186,0.213113,0.439140,-0.028413,0.219974,0.391157,-0.043195,0.228313,0.345860,-0.047803,0.172134,0.509966,-0.014150,0.182088,0.446712,-0.021630,0.188319,0.410217,-0.025346,0.193619,0.371017,-0.028413
2973,0,0.036549,0.028824,0.124496,2.195603,2.351055,0.162195,0.686040,-0.000000,0.217482,0.679282,-0.019886,0.261180,0.609160,-0.025677,0.257601,0.540377,-0.029911,0.222644,0.517924,-0.030349,0.254030,0.553900,0.002494,0.265730,0.515504,-0.013041,0.238475,0.542212,-0.024396,0.220971,0.564173,-0.031419,0.227528,0.530333,0.000704,0.240947,0.473209,-0.029229,0.221275,0.517214,-0.042076,0.210325,0.559193,-0.040162,0.199595,0.515224,-0.006196,0.212092,0.439136,-0.028646,0.218726,0.390736,-0.043633,0.226880,0.345505,-0.048370,0.171838,0.510414,-0.014250,0.181664,0.447413,-0.021914,0.187666,0.410375,-0.025758,0.192922,0.370871,-0.028873
3004,0,0.035548,0.039675,0.085251,2.172280,2.338682,0.161527,0.685347,-0.000000,0.216894,0.679688,-0.020526,0.260921,0.609946,-0.026505,0.257491,0.540386,-0.030733,0.222308,0.516624,-0.031041,0.253435,0.554478,0.001687,0.265466,0.515909,-0.014111,0.238619,0.542225,-0.025435,0.221668,0.563442,-0.032483,0.226791,0.530789,0.000085,0.241211,0.473066,-0.029907,0.221331,0.516683,-0.042673,0.210303,0.558228,-0.040826,0.198960,0.515255,-0.006707,0.211888,0.439109,-0.029534,0.218245,0.390876,-0.044714,0.226158,0.345719,-0.049607,0.171068,0.509992,-0.014694,0.181121,0.447397,-0.022924,0.187036,0.410340,-0.027234,0.192335,0.370518,-0.030684
3035,0,0.046336,0.051453,0.179525,2.192824,2.353684,0.161948,0.685793,-0.000000,0.218210,0.678887,-0.019550,0.262126,0.608200,-0.024935,0.256598,0.538474,-0.028622,0.220240,0.516813,-0.028347,0.253240,0.554181,0.002159,0.265153,0.515595,-0.012912,0.238416,0.542320,-0.023609,0.221461,0.563123,-0.030352,0.226545,0.530792,0.000220,0.240360,0.473492,-0.028994,0.221179,0.517683,-0.041332,0.210515,0.558643,-0.039327,0.198607,0.515348,-0.006759,0.211025,0.439535,-0.029059,0.217414,0.391846,-0.044178,0.225373,0.346338,-0.049191,0.170768,0.510294,-0.014845,0.180324,0.448183,-0.022784,0.186183,0.411518,-0.027102,0.191110,0.371450,-0.030692
3068,0,0.044173,0.035120,0.161381,2.195680,2.342423,0.161722,0.687014,-0.000000,0.216635,0.680034,-0.019724,0.260396,0.610257,-0.025422,0.257007,0.541102,-0.029441,0.221940,0.517753,-0.029571,0.253458,0.555186,0.001866,0.264847,0.516804,-0.013550,0.237927,0.543113,-0.024341,0.221276,0.564146,-0.031023,0.226640,0.531367,0.000023,0.240627,0.474401,-0.029748,0.220761,0.519714,-0.041741,0.209512,0.561990,-0.039288,0.198427,0.515662,-0.006912,0.211420,0.439640,-0.029506,0.217399,0.392717,-0.043904,0.224766,0.348409,-0.048230,0.169945,0.510177,-0.014963,0.179671,0.448134,-0.023001,0.185678,0.411572,-0.026956,0.190895,0.371816,-0.030119
3100,0,0.065316,0.063081,0.137192,2.201457,2.349522,0.160810,0.687094,-0.000000,0.216865,0.680081,-0.019623,0.260538,0.609040,-0.024784,0.255567,0.539279,-0.028355,0.218801,0.517680,-0.028046,0.252648,0.554721,0.003193,0.264411,0.515404,-0.011694,0.237784,0.541074,-0.022479,0.221049,0.561909,-0.029263,0.225896,0.531396,0.001378,0.239436,0.473403,-0.027851,0.220328,0.516598,-0.040284,0.209659,0.557844,-0.038271,0.197750,0.515921,-0.005555,0.210221,0.439506,-0.027803,0.216595,0.391479,-0.042848,0.224317,0.346762,-0.047620,0.169757,0.510563,-0.013642,0.179336,0.447546,-0.021457,0.185120,0.410271,-0.025709,0.190038,0.370524,-0.029101
3133,0,0.056708,0.066686,0.194781,2.191535,2.335379,0.161605,0.687181,-0.000000,0.217234,0.678961,-0.019927,0.260895,0.609218,-0.025834,0.254965,0.540145,-0.030118,0.218586,0.517358,-0.030572,0.253321,0.554795,0.001740,0.264263,0.516933,-0.013606,0.237021,0.542593,-0.024714,0.219740,0.564116,-0.031692,0.226136,0.531108,-0.000089,0.239470,0.474552,-0.029566,0.219690,0.518979,-0.041996,0.208684,0.561239,-0.040049,0.197953,0.515728,-0.006974,0.210366,0.439583,-0.029274,0.216447,0.392048,-0.043976,0.224157,0.347717,-0.048617,0.169715,0.510945,-0.015002,0.179239,0.447883,-0.022799,0.185032,0.410931,-0.026613,0.189902,0.371223,-0.029728
3168,0,0.029768,0.028166,0.138656,2.180667,2.326159,0.161347,0.687433,-0.000000,0.216770,0.680421,-0.020010,0.260458,0.609905,-0.025896,0.256143,0.541142,-0.030193,0.220745,0.518674,-0.030680,0.253323,0.554727,0.001816,0.264302,0.516474,-0.013921,0.236849,0.542977,-0.025199,0.219488,0.564933,-0.032188,0.226181,0.531260,-0.000062,0.238924,0.474838,-0.030420,0.219302,0.520138,-0.043036,0.208532,0.563296,-0.040896,0.197744,0.516016,-0.007086,0.210116,0.439999,-0.029983,0.216479,0.391749,-0.044820,0.224518,0.346881,-0.049360,0.169613,0.511136,-0.015259,0.179548,0.448354,-0.023237,0.185502,0.411044,-0.027129,0.190494,0.371200,-0.030258
3211,0,0.024906,0.025486,0.081846,2.177548,2.327466,0.161040,0.687015,-0.000000,0.216524,0.679854,-0.020268,0.260779,0.609872,-0.026085,0.256680,0.540799,-0.030168,0.221161,0.517852,-0.030378,0.252902,0.554929,0.001662,0.264318,0.516876,-0.013950,0.237089,0.542212,-0.025226,0.219553,0.563679,-0.032258,0.225623,0.531305,0.000025,0.239071,0.474497,-0.029827,0.219609,0.518438,-0.042416,0.208701,0.560669,-0.040472,0.197416,0.515856,-0.006752,0.210257,0.440072,-0.029325,0.216364,0.392290,-0.044198,0.223784,0.347898,-0.048832,0.169274,0.510748,-0.014727,0.179245,0.448344,-0.022828,0.184944,0.411183,-0.026960,0.189787,0.371246,-0.030249
3256,0,0.021821,0.024903,0.090435,2.193735,2.348825,0.161266,0.686677,-0.000000,0.216888,0.679978,-0.020094,0.261227,0.609809,-0.025761,0.255672,0.540317,-0.029680,0.219897,0.517480,-0.029728,0.253162,0.555380,0.001378,0.264265,0.516963,-0.014030,0.236654,0.542933,-0.025114,0.218863,0.565294,-0.032027,0.226094,0.531589,-0.000269,0.239180,0.474550,-0.029744,0.219543,0.518325,-0.042196,0.208635,0.560527,-0.040253,0.197957,0.516022,-0.006983,0.210891,0.440355,-0.029242,0.217118,0.392610,-0.044042,0.224781,0.347952,-0.048835,0.169873,0.511097,-0.014856,0.179666,0.448600,-0.022814,0.185472,0.411778,-0.026862,0.190368,0.371745,-0.030182
3295,0,0.035434,0.025113,0.043945,2.196497,2.356888,0.161800,0.685938,-0.000000,0.217432,0.679245,-0.020023,0.261801,0.609517,-0.025583,0.256832,0.540284,-0.029429,0.220858,0.517259,-0.029397,0.253468,0.555008,0.002164,0.264821,0.516846,-0.013203,0.237647,0.541877,-0.024338,0.220334,0.563226,-0.031304,0.226458,0.531269,0.000471,0.239704,0.474274,-0.028896,0.220525,0.517485,-0.041307,0.209781,0.559267,-0.039368,0.198360,0.515734,-0.006384,0.211330,0.439703,-0.028750,0.217671,0.392324,-0.043440,0.225428,0.348340,-0.048095,0.170212,0.510446,-0.014432,0.180072,0.448538,-0.022625,0.185915,0.411623,-0.026843,0.191016,0.371541,-0.030237
3414,0,0.043035,0.050616,0.176962,2.193652,2.351560,0.162635,0.686059,-0.000000,0.217999,0.678243,-0.019301,0.261527,0.609364,-0.025019,0.257490,0.541341,-0.029154,0.222758,0.519088,-0.029412,0.253092,0.554015,0.002140,0.265261,0.516175,-0.013648,0.237635,0.542580,-0.024680,0.220353,0.565833,-0.031399,0.226226,0.530545,0.000079,0.240569,0.473777,-0.029768,0.220708,0.519448,-0.041736,0.210043,0.563002,-0.039217,0.198235,0.515086,-0.007103,0.211417,0.439420,-0.029574,0.217042,0.393193,-0.043642,0.224657,0.349842,-0.047745,0.169798,0.510521,-0.015417,0.179129,0.449045,-0.023307,0.184985,0.412954,-0.027038,0.190157,0.373425,-0.030026
3447,0,0.087849,0.090197,0.467154,2.178069,2.324131,0.161907,0.686911,-0.000000,0.215539,0.678955,-0.019775,0.259815,0.612292,-0.026831,0.260322,0.542852,-0.032495,0.226798,0.513229,-0.034760,0.254611,0.552689,0.003073,0.264704,0.516752,-0.014038,0.239832,0.542957,-0.027219,0.223190,0.566687,-0.035148,0.227797,0.529721,0.001084,0.241052,0.472936,-0.029307,0.222261,0.519359,-0.042787,0.211647,0.565157,-0.041363,0.199320,0.514515,-0.006141,0.210585,0.440197,-0.028773,0.216093,0.393885,-0.042722,0.223594,0.351910,-0.046670,0.169731,0.510314,-0.014605,0.178965,0.448375,-0.022397,0.184339,0.412129,-0.025390,0.189280,0.374069,-0.027688
3480,0,0.137048,0.126111,0.334286,2.171678,2.335093,0.161988,0.685834,-0.000000,0.216872,0.680203,-0.017951,0.261641,0.609462,-0.022988,0.264166,0.537707,-0.026895,0.228960,0.509889,-0.027540,0.252675,0.550902,0.005307,0.263145,0.513710,-0.011607,0.240759,0.538965,-0.024619,0.224677,0.561360,-0.032254,0.226238,0.528710,0.002972,0.239970,0.470573,-0.026507,0.224053,0.512531,-0.039648,0.214782,0.553625,-0.038195,0.198265,0.514375,-0.004516,0.209012,0.439144,-0.026927,0.214706,0.392761,-0.040713,0.221549,0.350677,-0.044556,0.168740,0.509623,-0.013205,0.177907,0.448538,-0.021374,0.183194,0.412675,-0.025022,0.188742,0.374084,-0.027670
3513,0,0.036277,0.045930,0.195085,2.161702,2.328299,0.162749,0.685262,-0.000000,0.216677,0.678292,-0.018274,0.260766,0.608907,-0.024173,0.262584,0.537609,-0.028975,0.228006,0.507287,-0.030586,0.253126,0.550296,0.004915,0.263141,0.513389,-0.012304,0.240877,0.538039,-0.025671,0.224725,0.560416,-0.033519,0.226303,0.528001,0.002635,0.239792,0.469793,-0.026799,0.224195,0.511400,-0.039998,0.214771,0.553445,-0.038708,0.198229,0.513890,-0.004810,0.209158,0.438749,-0.027234,0.214605,0.392931,-0.040546,0.220961,0.352052,-0.044026,0.168711,0.509859,-0.013480,0.178032,0.448914,-0.022094,0.183091,0.412615,-0.025607,0.188216,0.374012,-0.027992
3546,0,0.061634,0.059475,0.159734,2.185525,2.351178,0.162045,0.685502,-0.000000,0.215587,0.679264,-0.019542,0.259404,0.609706,-0.025916,0.260481,0.538578,-0.030938,0.227242,0.507936,-0.032612,0.253772,0.552165,0.003859,0.263968,0.513905,-0.013022,0.240963,0.539291,-0.026286,0.224277,0.562690,-0.034222,0.226652,0.529238,0.002223,0.238912,0.471525,-0.027220,0.222910,0.515116,-0.040597,0.213263,0.558933,-0.039438,0.198309,0.514491,-0.004660,0.209380,0.440129,-0.026640,0.215463,0.394122,-0.040210,0.222551,0.352555,-0.044138,0.168967,0.509964,-0.012853,0.178123,0.449222,-0.020797,0.183463,0.413384,-0.024162,0.188590,0.375047,-0.026673
3577,0,0.062817,0.067411,0.210419,2.218468,2.366883,0.162517,0.686604,-0.000000,0.217255,0.678347,-0.018996,0.260795,0.608266,-0.024750,0.258708,0.538951,-0.029223,0.223199,0.512631,-0.030152,0.254271,0.552408,0.005162,0.264532,0.515410,-0.011261,0.240442,0.541376,-0.023853,0.224394,0.564381,-0.031387,0.227092,0.529758,0.002984,0.240347,0.472912,-0.026770,0.221963,0.518131,-0.039786,0.211401,0.562888,-0.037959,0.198287,0.514668,-0.004532,0.209593,0.440256,-0.026626,0.215253,0.393743,-0.040748,0.222629,0.351280,-0.044788,0.168903,0.510259,-0.013297,0.177844,0.449119,-0.020615,0.183392,0.413009,-0.023933,0.188507,0.374701,-0.026514
3609,0,0.037380,0.034050,0.136424,2.217784,2.364694,0.162285,0.686871,-0.000000,0.217767,0.677851,-0.018822,0.260501,0.608169,-0.024420,0.257726,0.539325,-0.028683,0.223315,0.513364,-0.029455,0.253284,0.553460,0.004484,0.263371,0.516038,-0.011301,0.238481,0.541778,-0.023342,0.222246,0.564795,-0.030726,0.226429,0.530554,0.002306,0.240157,0.473545,-0.026897,0.220964,0.517906,-0.039735,0.209900,0.561665,-0.038062,0.197999,0.515426,-0.005079,0.210392,0.440342,-0.027042,0.215430,0.393244,-0.041408,0.222049,0.350564,-0.045848,0.168699,0.510635,-0.013618,0.177589,0.449123,-0.021347,0.182948,0.412611,-0.025063,0.187851,0.373647,-0.028056
3640,0,0.047988,0.066762,0.118555,2.212389,2.349465,0.163372,0.687167,-0.000000,0.218416,0.677562,-0.018616,0.261344,0.607317,-0.023799,0.256415,0.539843,-0.027625,0.220887,0.515332,-0.027948,0.254233,0.552553,0.004157,0.263482,0.515304,-0.011084,0.236935,0.540168,-0.022830,0.219647,0.563179,-0.030160,0.226808,0.529273,0.001931,0.238793,0.473115,-0.026753,0.219677,0.517118,-0.039331,0.208720,0.560504,-0.037684,0.197980,0.514243,-0.005433,0.210031,0.438787,-0.027157,0.214862,0.392240,-0.041527,0.221187,0.349503,-0.046112,0.168932,0.509746,-0.013926,0.177319,0.448587,-0.021716,0.182566,0.412175,-0.025494,0.186996,0.372883,-0.028610
3672,0,0.041775,0.055397,0.247675,2.196324,2.320922,0.162742,0.688727,-0.000000,0.218340,0.679649,-0.019114,0.261101,0.607836,-0.024079,0.255322,0.539324,-0.027584,0.219188,0.516938,-0.027178,0.253378,0.552872,0.004223,0.264175,0.514541,-0.010863,0.236571,0.540462,-0.022148,0.218865,0.562335,-0.029206,0.225994,0.529860,0.002231,0.238261,0.472447,-0.026838,0.219449,0.515709,-0.039429,0.209170,0.557717,-0.037547,0.197492,0.514855,-0.004961,0.208191,0.439163,-0.026967,0.213140,0.391666,-0.041830,0.219670,0.347551,-0.046568,0.169348,0.510334,-0.013330,0.177673,0.448668,-0.021207,0.182442,0.411820,-0.025458,0.186587,0.371848,-0.028833
3706,0,0.035783,0.041492,0.142298,2.191382,2.319678,0.163277,0.688605,-0.000000,0.219036,0.680245,-0.019267,0.261340,0.607204,-0.024112,0.254121,0.538161,-0.027396,0.217272,0.517056,-0.026811,0.253395,0.552907,0.002983,0.263464,0.514300,-0.011446,0.237133,0.540201,-0.021949,0.220871,0.561012,-0.028713,0.225888,0.530287,0.001140,0.237545,0.473614,-0.027575,0.219126,0.517435,-0.039769,0.209097,0.558589,-0.037818,0.197515,0.515703,-0.005747,0.207853,0.439677,-0.027754,0.213018,0.391825,-0.042761,0.219520,0.346817,-0.047638,0.169725,0.511134,-0.013739,0.177698,0.448055,-0.021673,0.182379,0.411111,-0.026030,0.186121,0.371213,-0.029542
3740,0,0.044963,0.034330,0.108753,2.218734,2.332720,0.163105,0.689548,-0.000000,0.218743,0.680184,-0.019306,0.260879,0.608162,-0.024229,0.254713,0.540066,-0.027550,0.217890,0.518474,-0.026837,0.253174,0.555099,0.003664,0.263381,0.515999,-0.010738,0.236404,0.542103,-0.021185,0.220327,0.563258,-0.027890,0.226258,0.531927,0.001808,0.238660,0.474972,-0.027112,0.218988,0.519253,-0.039324,0.208448,0.561248,-0.037186,0.198133,0.516196,-0.005183,0.208626,0.440194,-0.027080,0.213108,0.392491,-0.042142,0.219481,0.347697,-0.047098,0.170465,0.510496,-0.013305,0.177633,0.448416,-0.020942,0.181975,0.411652,-0.025282,0.185638,0.371588,-0.028878
3773,0,0.041885,0.041847,0.112071,2.181620,2.302986,0.162275,0.689393,-0.000000,0.217801,0.681070,-0.019407,0.260634,0.610606,-0.024312,0.254780,0.542042,-0.027625,0.218689,0.519457,-0.027008,0.253009,0.554621,0.003502,0.263425,0.515353,-0.011109,0.237011,0.540154,-0.021567,0.221396,0.560427,-0.028226,0.225809,0.531646,0.001746,0.238036,0.473850,-0.027089,0.219286,0.515636,-0.039270,0.209321,0.555542,-0.037223,0.197506,0.516379,-0.005140,0.207729,0.440148,-0.027300,0.212193,0.392520,-0.042031,0.218459,0.348034,-0.046643,0.169486,0.511229,-0.013195,0.176798,0.448648,-0.021324,0.181234,0.411622,-0.025725,0.185409,0.371733,-0.029071
3805,0,0.026219,0.020334,0.117745,2.178397,2.299183,0.161917,0.689890,-0.000000,0.217406,0.681146,-0.019368,0.259989,0.611148,-0.024201,0.253562,0.543237,-0.027510,0.217657,0.520313,-0.026797,0.252200,0.555317,0.003668,0.263719,0.515311,-0.011079,0.236975,0.539607,-0.021557,0.220967,0.559847,-0.028110,0.225027,0.532400,0.001865,0.237927,0.473874,-0.026894,0.219360,0.515246,-0.038930,0.209324,0.555379,-0.036789,0.196605,0.516924,-0.005126,0.207588,0.439858,-0.027170,0.211733,0.392719,-0.041655,0.217737,0.348851,-0.046034,0.168390,0.511985,-0.013317,0.176178,0.449768,-0.021444,0.180802,0.412499,-0.025840,0.184981,0.372546,-0.029149
3837,0,0.035291,0.044227,0.214000,2.186003,2.294599,0.161857,0.690920,-0.000000,0.217539,0.682574,-0.019869,0.260053,0.610652,-0.024787,0.253900,0.542011,-0.028077,0.217221,0.520276,-0.027214,0.252590,0.554643,0.004153,0.263133,0.515021,-0.010700,0.236936,0.541520,-0.021172,0.221687,0.562300,-0.027670,0.225123,0.531783,0.002510,0.237243,0.473882,-0.026725,0.218696,0.516915,-0.038923,0.209014,0.557628,-0.036545,0.196600,0.516530,-0.004462,0.206435,0.439946,-0.026807,0.211162,0.392444,-0.041659,0.218023,0.347576,-0.046089,0.168771,0.511874,-0.012670,0.176011,0.449052,-0.020536,0.180435,0.411984,-0.024885,0.184646,0.371923,-0.028142
3872,0,0.036529,0.043285,0.101717,2.202582,2.308050,0.161001,0.691383,-0.000000,0.217112,0.682759,-0.019683,0.259426,0.610822,-0.024331,0.253016,0.542358,-0.027478,0.216149,0.520672,-0.026630,0.252518,0.555414,0.005357,0.262989,0.515698,-0.009124,0.237030,0.540910,-0.019765,0.222666,0.560813,-0.026581,0.225198,0.532640,0.003549,0.238245,0.474091,-0.025424,0.218810,0.516098,-0.037997,0.208744,0.556576,-0.035975,0.196701,0.517232,-0.003620,0.207222,0.440475,-0.025717,0.211607,0.392322,-0.040932,0.218132,0.347391,-0.045759,0.168831,0.512367,-0.012019,0.175845,0.449679,-0.019765,0.180200,0.412233,-0.024266,0.184141,0.372127,-0.027756
3903,0,0.028985,0.029539,0.144159,2.209951,2.310600,0.160719,0.691623,-0.000000,0.217201,0.682691,-0.019578,0.260073,0.610742,-0.024072,0.251713,0.541847,-0.026965,0.213946,0.521484,-0.025625,0.252699,0.554621,0.005230,0.263295,0.515162,-0.008866,0.236845,0.541238,-0.018712,0.222866,0.560950,-0.025037,0.225046,0.532219,0.003344,0.237754,0.474134,-0.025543,0.217881,0.517668,-0.037555,0.207954,0.558405,-0.035005,0.196561,0.516830,-0.003892,0.206738,0.440410,-0.026115,0.210778,0.392793,-0.041281,0.217414,0.347570,-0.045922,0.168832,0.512146,-0.012322,0.176007,0.448945,-0.020036,0.180196,0.412067,-0.024530,0.183805,0.372230,-0.027978
3934,0,0.021854,0.029850,0.101237,2.217436,2.318366,0.161320,0.691550,-0.000000,0.216803,0.682771,-0.019380,0.259605,0.609735,-0.023664,0.251243,0.541299,-0.026428,0.212939,0.520429,-0.025038,0.253256,0.554502,0.005618,0.263090,0.515098,-0.008296,0.236565,0.540210,-0.018202,0.222350,0.559937,-0.024646,0.225390,0.531972,0.003567,0.237087,0.474229,-0.025300,0.217361,0.517753,-0.037353,0.207437,0.558838,-0.034900,0.196727,0.516962,-0.003847,0.206844,0.439979,-0.026167,0.210824,0.392135,-0.041278,0.217537,0.346941,-0.045955,0.168885,0.512230,-0.012445,0.175887,0.449346,-0.020377,0.180088,0.412378,-0.024940,0.183949,0.372147,-0.028472
3966,0,0.040042,0.044206,0.121580,2.213362,2.310396,0.160784,0.691925,-0.000000,0.217118,0.683298,-0.019503,0.260078,0.610138,-0.023675,0.250885,0.541159,-0.026326,0.212364,0.521673,-0.024772,0.252313,0.554088,0.006496,0.262902,0.514426,-0.007575,0.237000,0.539888,-0.017769,0.222812,0.559345,-0.024313,0.224731,0.531689,0.004544,0.237592,0.473194,-0.024150,0.218277,0.515300,-0.036552,0.208241,0.555359,-0.034327,0.196276,0.516437,-0.002853,0.206616,0.439783,-0.024902,0.210528,0.392219,-0.040250,0.216992,0.347168,-0.045027,0.168607,0.511589,-0.011510,0.175664,0.448915,-0.019176,0.179651,0.412037,-0.023806,0.183202,0.371830,-0.027357
4006,0,0.031007,0.032020,0.070142,2.212205,2.302600,0.160921,0.692469,-0.000000,0.217449,0.682964,-0.019671,0.259733,0.609853,-0.024121,0.250713,0.541556,-0.027060,0.212377,0.522730,-0.025763,0.252324,0.554155,0.006059,0.262380,0.514920,-0.008095,0.236002,0.541372,-0.018308,0.221707,0.561200,-0.024909,0.224366,0.531462,0.004117,0.237139,0.473023,-0.024942,0.217579,0.516910,-0.037339,0.207909,0.557853,-0.035040,0.195778,0.516267,-0.003261,0.206065,0.439993,-0.025336,0.210492,0.392519,-0.040820,0.217462,0.347023,-0.045713,0.168178,0.511955,-0.011896,0.175543,0.449172,-0.019260,0.179624,0.412342,-0.023743,0.182996,0.372382,-0.027273
4057,0,0.077690,0.077201,0.248546,2.182004,2.271851,0.161353,0.692584,-0.000000,0.216748,0.683187,-0.020177,0.258709,0.612396,-0.025451,0.250461,0.545147,-0.029214,0.213981,0.522846,-0.028918,0.252446,0.555120,0.004180,0.261628,0.515272,-0.010721,0.234439,0.541437,-0.021344,0.220007,0.561863,-0.028113,0.224860,0.532601,0.002321,0.237660,0.474679,-0.027636,0.217066,0.518679,-0.040387,0.206959,0.560255,-0.038251,0.196107,0.517509,-0.004905,0.206751,0.440764,-0.027505,0.210952,0.392791,-0.042950,0.218294,0.347396,-0.047813,0.168343,0.512797,-0.013350,0.175417,0.448922,-0.021048,0.179427,0.411605,-0.025336,0.183323,0.371431,-0.028655
4093,0,0.043229,0.046783,0.132826,2.202857,2.291136,0.160756,0.692920,-0.000000,0.216782,0.684229,-0.019935,0.259023,0.612474,-0.024673,0.250679,0.544717,-0.027870,0.213922,0.523349,-0.026903,0.252063,0.555530,0.005127,0.261721,0.515311,-0.009468,0.235576,0.541751,-0.019870,0.221612,0.562106,-0.026444,0.224341,0.532974,0.003346,0.237496,0.474790,-0.026083,0.217581,0.518657,-0.038592,0.207620,0.559930,-0.036329,0.195732,0.517397,-0.003861,0.206526,0.440730,-0.026034,0.210714,0.393374,-0.041379,0.217705,0.348525,-0.046100,0.168136,0.512369,-0.012328,0.175149,0.449027,-0.019755,0.179296,0.412184,-0.024116,0.182965,0.372226,-0.027460
4124,0,0.020681,0.023262,0.085102,2.194046,2.285766,0.160882,0.692501,-0.000000,0.216570,0.683208,-0.020124,0.258876,0.612101,-0.025068,0.250456,0.544446,-0.028436,0.213352,0.523111,-0.027614,0.251837,0.555282,0.004440,0.261909,0.515255,-0.010021,0.235318,0.541771,-0.020091,0.221512,0.561658,-0.026530,0.224208,0.532907,0.002661,0.237936,0.474825,-0.026744,0.217349,0.518488,-0.039031,0.206880,0.559504,-0.036633,0.195593,0.517458,-0.004509,0.206830,0.440598,-0.026777,0.210678,0.393199,-0.041988,0.217413,0.348412,-0.046719,0.167851,0.512325,-0.012937,0.175008,0.448928,-0.020452,0.179068,0.412010,-0.024822,0.182881,0.372135,-0.028222
4154,0,0.022639,0.025756,0.105569,2.177733,2.268382,0.160764,0.692862,-0.000000,0.216410,0.684438,-0.020085,0.258342,0.612285,-0.025110,0.250542,0.544183,-0.028591,0.213588,0.522219,-0.027885,0.251695,0.555005,0.004528,0.261698,0.514475,-0.010330,0.235870,0.541858,-0.020741,0.222263,0.562202,-0.027294,0.224293,0.532682,0.002681,0.237517,0.473956,-0.026998,0.217574,0.517905,-0.039479,0.207652,0.559128,-0.037115,0.195626,0.517398,-0.004590,0.206000,0.440770,-0.027031,0.209886,0.393196,-0.042337,0.216654,0.347946,-0.047034,0.167698,0.512485,-0.013121,0.174429,0.449147,-0.020709,0.178299,0.412042,-0.025143,0.182064,0.371923,-0.028558
4186,0,0.043304,0.043638,0.136067,2.193379,2.284653,0.160225,0.692924,-0.000000,0.216387,0.683920,-0.019458,0.258827,0.610946,-0.023658,0.250214,0.542513,-0.026332,0.212447,0.522700,-0.024905,0.251619,0.555087,0.005390,0.262064,0.514604,-0.008630,0.235796,0.539897,-0.018621,0.221944,0.559409,-0.025151,0.224048,0.532674,0.003378,0.236622,0.474037,-0.025758,0.216878,0.516963,-0.038162,0.207131,0.557782,-0.035897,0.195495,0.517494,-0.003977,0.205689,0.440677,-0.026283,0.209532,0.392893,-0.041771,0.216082,0.347864,-0.046660,0.167820,0.512928,-0.012535,0.174659,0.449588,-0.020443,0.178373,0.412260,-0.025233,0.181604,0.371972,-0.028908
4220,0,0.031949,0.042711,0.104218,2.179624,2.285575,0.160738,0.691511,-0.000000,0.216753,0.682859,-0.019599,0.258859,0.610589,-0.023900,0.250250,0.542968,-0.026576,0.213253,0.522930,-0.025148,0.251858,0.553806,0.004572,0.261711,0.513811,-0.009783,0.234959,0.539208,-0.019747,0.221139,0.559692,-0.026116,0.223886,0.531468,0.002813,0.236100,0.472824,-0.026379,0.216455,0.515841,-0.038476,0.207052,0.556792,-0.035981,0.195246,0.516438,-0.004264,0.205388,0.439795,-0.026608,0.208741,0.392542,-0.041694,0.215015,0.347810,-0.046257,0.167552,0.512410,-0.012557,0.174357,0.449430,-0.020469,0.178033,0.412655,-0.025098,0.181493,0.372707,-0.028595
4252,0,0.043132,0.048810,0.170391,2.168478,2.258212,0.161144,0.692873,-0.000000,0.216227,0.683476,-0.020342,0.257780,0.611857,-0.025611,0.250211,0.543893,-0.029310,0.213186,0.521327,-0.028884,0.251226,0.555045,0.004545,0.261097,0.514759,-0.010294,0.235125,0.541280,-0.020882,0.221366,0.560949,-0.027624,0.223763,0.532290,0.002737,0.236828,0.473554,-0.026839,0.217399,0.516404,-0.039407,0.207806,0.556887,-0.037181,0.195085,0.517055,-0.004504,0.205012,0.440287,-0.026839,0.209019,0.392689,-0.042025,0.215932,0.347622,-0.046673,0.167009,0.512522,-0.013067,0.174018,0.449341,-0.020751,0.178096,0.411990,-0.025169,0.181991,0.371822,-0.028492
4284,0,0.081975,0.110876,0.267930,2.157656,2.271305,0.160609,0.690729,-0.000000,0.216083,0.680461,-0.019525,0.258294,0.610994,-0.025186,0.252366,0.544587,-0.029304,0.217568,0.520613,-0.029698,0.251375,0.554959,0.002627,0.261553,0.515757,-0.012650,0.233770,0.540931,-0.023857,0.216866,0.564058,-0.030879,0.223749,0.532039,0.000802,0.235886,0.473660,-0.028779,0.215393,0.518304,-0.041413,0.204817,0.562443,-0.039510,0.194746,0.516851,-0.006136,0.205578,0.440967,-0.028254,0.208410,0.393003,-0.042955,0.213775,0.349454,-0.047615,0.166060,0.512630,-0.014234,0.173328,0.449746,-0.022003,0.177253,0.412581,-0.026039,0.180795,0.372620,-0.029271
4317,0,0.109075,0.123738,0.328941,2.190689,2.324106,0.160458,0.688861,-0.000000,0.214807,0.680077,-0.018140,0.257808,0.611006,-0.023569,0.257669,0.541875,-0.027665,0.226259,0.514003,-0.028510,0.251520,0.553693,0.004372,0.261365,0.515574,-0.011386,0.236675,0.539818,-0.023130,0.220453,0.564119,-0.030168,0.224189,0.531241,0.002444,0.236210,0.472971,-0.027795,0.217384,0.520262,-0.040408,0.207259,0.567616,-0.038035,0.195087,0.515862,-0.004515,0.204086,0.441288,-0.026267,0.207529,0.394128,-0.039498,0.213943,0.351325,-0.042944,0.165068,0.511309,-0.012630,0.171338,0.449730,-0.019294,0.175418,0.413638,-0.021959,0.180081,0.375209,-0.024170
4348,0,0.141028,0.147639,0.395184,2.161313,2.271988,0.161505,0.690676,-0.000000,0.215179,0.679590,-0.018263,0.261120,0.610752,-0.024506,0.264765,0.542526,-0.029256,0.236376,0.510041,-0.030540,0.250368,0.548641,0.003771,0.261502,0.514320,-0.013657,0.237536,0.543426,-0.026335,0.221088,0.569550,-0.033380,0.221933,0.527490,0.001532,0.238689,0.471844,-0.030524,0.219268,0.527435,-0.042977,0.207945,0.578905,-0.039254,0.192948,0.513729,-0.005781,0.201838,0.441503,-0.027651,0.206376,0.397826,-0.039029,0.214332,0.355800,-0.040634,0.163081,0.511634,-0.014355,0.168962,0.449694,-0.020109,0.173112,0.415314,-0.020526,0.178298,0.377089,-0.020654
4381,0,0.190280,0.199962,0.513935,2.053243,2.179998,0.162982,0.689316,-0.000000,0.217895,0.678364,-0.019529,0.265028,0.611578,-0.028106,0.278228,0.546582,-0.035278,0.251238,0.512174,-0.039058,0.251274,0.546386,0.002162,0.261597,0.514435,-0.017736,0.239629,0.551585,-0.032451,0.224820,0.581942,-0.040285,0.223052,0.526713,-0.000219,0.241577,0.469412,-0.034632,0.223422,0.526959,-0.047683,0.212938,0.580977,-0.043742,0.192618,0.514194,-0.007741,0.199940,0.442983,-0.030610,0.204148,0.399887,-0.040188,0.211952,0.358602,-0.040027,0.161409,0.512712,-0.016847,0.166568,0.450689,-0.022598,0.169444,0.415177,-0.021645,0.174025,0.375563,-0.020401
4412,0,0.302010,0.334893,0.924808,2.023011,2.179219,0.168100,0.687045,-0.000000,0.219649,0.671852,-0.018206,0.264854,0.608682,-0.026792,0.286180,0.547988,-0.034979,0.272399,0.498603,-0.039598,0.252215,0.536554,0.004651,0.264122,0.492096,-0.014885,0.246818,0.532094,-0.028576,0.234279,0.566587,-0.034692,0.222978,0.521562,0.002672,0.238355,0.466807,-0.030503,0.223677,0.525508,-0.043134,0.214444,0.577182,-0.038866,0.191483,0.512056,-0.004472,0.196875,0.445578,-0.024737,0.201389,0.405123,-0.031491,0.208504,0.365318,-0.029436,0.159984,0.513006,-0.013324,0.162936,0.452198,-0.017935,0.164529,0.416869,-0.015546,0.168662,0.378058,-0.012257
4444,0,0.316902,0.316585,0.772140,1.998307,2.144053,0.167739,0.686658,-0.000000,0.219067,0.667520,-0.014452,0.262749,0.612939,-0.021205,0.291426,0.561353,-0.028686,0.293251,0.507543,-0.033146,0.257436,0.539019,0.008646,0.270969,0.491513,-0.008263,0.254141,0.518542,-0.021252,0.242097,0.547656,-0.027215,0.225634,0.522643,0.005481,0.236599,0.467350,-0.021847,0.223360,0.514298,-0.033678,0.217506,0.557126,-0.031018,0.191859,0.511237,-0.002594,0.196337,0.446434,-0.018326,0.197290,0.409482,-0.023772,0.201858,0.374509,-0.022222,0.158298,0.510758,-0.012395,0.160571,0.451957,-0.015587,0.160476,0.417015,-0.012880,0.163046,0.379480,-0.009304
4478,0,0.380373,0.404028,3.524155,1.762050,1.930905,0.170089,0.688248,0.000000,0.219324,0.666385,-0.013747,0.260309,0.616207,-0.020178,0.291896,0.567754,-0.028177,0.305249,0.516804,-0.034608,0.252280,0.543650,0.008761,0.264279,0.494048,-0.009351,0.260523,0.497846,-0.024822,0.254539,0.518555,-0.032123,0.221713,0.523168,0.006275,0.231716,0.466456,-0.010151,0.228294,0.471488,-0.020939,0.227592,0.481887,-0.023580,0.189841,0.511682,-0.001290,0.194408,0.447022,-0.013522,0.194743,0.407757,-0.019619,0.197174,0.376252,-0.021125,0.157338,0.511957,-0.010889,0.157112,0.452788,-0.017024,0.155658,0.414233,-0.017910,0.157226,0.378012,-0.017180
4511,0,0.407944,0.389750,4.927429,1.403158,1.609957,0.167817,0.686804,0.000000,0.218293,0.669591,-0.015840,0.265014,0.615948,-0.020846,0.298402,0.567853,-0.025436,0.323853,0.531332,-0.029315,0.248197,0.544026,-0.001406,0.261102,0.500336,-0.014704,0.260448,0.482663,-0.028140,0.254710,0.467506,-0.037026,0.218721,0.520795,-0.002028,0.226833,0.467126,-0.011095,0.228850,0.440293,-0.021155,0.228331,0.417762,-0.028588,0.186831,0.509657,-0.006517,0.190487,0.443909,-0.017261,0.191093,0.401126,-0.025560,0.191827,0.362704,-0.031200,0.153490,0.511294,-0.012710,0.151092,0.452167,-0.021959,0.149585,0.413707,-0.025930,0.149763,0.377048,-0.028341
4543,0,0.574491,0.557079,0.908303,0.850826,1.115633,0.168403,0.684960,0.000000,0.219445,0.671928,-0.020923,0.268341,0.621529,-0.028304,0.305277,0.575254,-0.033662,0.335803,0.542132,-0.038881,0.249743,0.535666,-0.012407,0.260070,0.476928,-0.023162,0.260155,0.440641,-0.033847,0.257899,0.408128,-0.042494,0.218380,0.513328,-0.011643,0.225487,0.443207,-0.020413,0.228135,0.402769,-0.029925,0.229105,0.368464,-0.037399,0.184836,0.505326,-0.014021,0.187519,0.430497,-0.025246,0.187686,0.385635,-0.034650,0.187532,0.345619,-0.041228,0.150731,0.511264,-0.018298,0.146487,0.448664,-0.030126,0.143365,0.410475,-0.036256,0.141717,0.374092,-0.039869
4574,0,0.614045,0.636703,0.365590,0.312632,0.569853,0.167203,0.687485,0.000000,0.222371,0.676927,-0.027432,0.274843,0.630706,-0.038395,0.312850,0.584196,-0.046464,0.345769,0.549576,-0.054169,0.249316,0.525812,-0.020983,0.262562,0.456047,-0.035220,0.265479,0.410966,-0.047489,0.266430,0.371792,-0.057146,0.216015,0.504154,-0.018949,0.224102,0.424492,-0.031830,0.227192,0.374955,-0.043884,0.228517,0.333740,-0.052648,0.181423,0.499251,-0.020338,0.184782,0.417495,-0.035154,0.184676,0.369166,-0.046795,0.185552,0.326770,-0.054401,0.146277,0.509366,-0.024158,0.138247,0.444692,-0.040081,0.132721,0.405124,-0.048812,0.130123,0.367390,-0.053574
4599,0,0.373484,0.409553,0.297238,0.407625,0.372613,0.165240,0.690559,0.000000,0.225107,0.679505,-0.030060,0.279307,0.634613,-0.042438,0.318386,0.588117,-0.051833,0.351212,0.551250,-0.060657,0.248789,0.517034,-0.024541,0.266653,0.442504,-0.040438,0.273188,0.395012,-0.053548,0.277000,0.353542,-0.063515,0.212418,0.495157,-0.022202,0.222879,0.409368,-0.036133,0.227677,0.357070,-0.048761,0.229434,0.313761,-0.057835,0.176075,0.493386,-0.023363,0.177183,0.409822,-0.038723,0.176634,0.360217,-0.050369,0.176946,0.316860,-0.057942,0.139996,0.508595,-0.027310,0.129564,0.442973,-0.043581,0.123161,0.401975,-0.051941,0.119979,0.362770,-0.056370
4625,0,0.229778,0.249742,0.414146,0.492374,0.459390,0.163522,0.693702,0.000000,0.225256,0.680185,-0.028422,0.281036,0.636329,-0.040738,0.320552,0.589754,-0.050790,0.353079,0.554813,-0.060460,0.246130,0.516756,-0.025699,0.271339,0.443519,-0.042985,0.282748,0.395936,-0.056615,0.289848,0.352273,-0.066704,0.209561,0.493971,-0.024919,0.224954,0.404945,-0.039825,0.232438,0.349902,-0.052122,0.234988,0.303891,-0.060803,0.172727,0.492968,-0.027432,0.169790,0.408525,-0.043518,0.167725,0.356803,-0.054978,0.166039,0.312091,-0.062288,0.136892,0.510711,-0.032667,0.123976,0.445823,-0.049000,0.116171,0.404574,-0.056881,0.111259,0.365113,-0.061070
4659,0,0.087212,0.127779,0.161495,0.484844,0.400439,0.159937,0.695495,0.000000,0.223472,0.681843,-0.027429,0.279337,0.638281,-0.039966,0.319913,0.591447,-0.050502,0.353685,0.556673,-0.060625,0.243845,0.517840,-0.024721,0.274345,0.445701,-0.042614,0.290028,0.399455,-0.056309,0.299946,0.357543,-0.066197,0.207459,0.494107,-0.024446,0.226347,0.404267,-0.039985,0.236155,0.350020,-0.052189,0.240091,0.304450,-0.060508,0.170705,0.492515,-0.027468,0.168495,0.408371,-0.043752,0.167666,0.356232,-0.054779,0.166815,0.310581,-0.061685,0.135014,0.509804,-0.033118,0.122583,0.445762,-0.049010,0.115334,0.404617,-0.056231,0.110703,0.364924,-0.059919
4693,0,0.109428,0.100278,0.124230,0.431874,0.367084,0.159437,0.697564,0.000000,0.222102,0.684209,-0.027864,0.277226,0.641193,-0.041079,0.318633,0.595127,-0.052264,0.354851,0.561641,-0.062932,0.242437,0.517884,-0.024182,0.275617,0.447752,-0.041995,0.293224,0.402684,-0.055807,0.304456,0.361831,-0.065758,0.206419,0.494167,-0.023605,0.228716,0.405965,-0.038850,0.240642,0.352294,-0.050831,0.245969,0.306533,-0.059031,0.169832,0.492693,-0.026471,0.168802,0.409618,-0.042234,0.169423,0.357861,-0.052822,0.170430,0.312249,-0.059549,0.133820,0.509849,-0.032043,0.122351,0.445838,-0.047050,0.116780,0.404176,-0.053618,0.114360,0.363870,-0.057001
4722,0,0.051958,0.063237,0.103007,0.418658,0.355460,0.157892,0.698131,0.000001,0.221262,0.685066,-0.028364,0.276874,0.642962,-0.041886,0.318313,0.597218,-0.053408,0.354959,0.563777,-0.064249,0.241572,0.518200,-0.023904,0.276256,0.449387,-0.041926,0.294814,0.405021,-0.055928,0.307494,0.365073,-0.065930,0.205898,0.494235,-0.023143,0.229259,0.406337,-0.038466,0.242407,0.353071,-0.050327,0.249468,0.307938,-0.058409,0.169603,0.492741,-0.026004,0.168414,0.410440,-0.042086,0.169130,0.358654,-0.052768,0.170630,0.313194,-0.059449,0.133823,0.510616,-0.031645,0.122519,0.447506,-0.046847,0.116554,0.405795,-0.053368,0.113846,0.365635,-0.056688
4755,0,0.030924,0.031639,0.105310,0.410295,0.361861,0.158437,0.699228,0.000001,0.221341,0.686274,-0.028300,0.276329,0.642936,-0.041908,0.318010,0.596588,-0.053428,0.355487,0.563189,-0.064347,0.241361,0.519443,-0.024366,0.275837,0.450393,-0.042510,0.294320,0.406236,-0.056439,0.306337,0.366503,-0.066313,0.205706,0.494971,-0.023603,0.229879,0.407106,-0.039058,0.243439,0.354271,-0.050739,0.250472,0.309475,-0.058566,0.169255,0.493366,-0.026413,0.168405,0.410779,-0.042510,0.169422,0.359039,-0.052946,0.171219,0.313571,-0.059409,0.133241,0.511199,-0.031993,0.121979,0.447714,-0.047086,0.116411,0.405924,-0.053388,0.114268,0.365602,-0.056599
4804,0,0.036554,0.040304,0.072956,0.430116,0.391427,0.158593,0.699797,0.000001,0.221514,0.686397,-0.028451,0.276884,0.642843,-0.042194,0.318070,0.596546,-0.053888,0.354889,0.562975,-0.064898,0.241512,0.518425,-0.024673,0.276087,0.449383,-0.042958,0.294193,0.404867,-0.056982,0.306561,0.365215,-0.066948,0.205524,0.494446,-0.024031,0.229100,0.406382,-0.039743,0.242897,0.353307,-0.051597,0.250464,0.308306,-0.059594,0.168912,0.493580,-0.026964,0.167826,0.411126,-0.043319,0.169135,0.359530,-0.053968,0.171391,0.314178,-0.060599,0.133141,0.512489,-0.032650,0.121560,0.448988,-0.048141,0.115780,0.406812,-0.054732,0.113456,0.366272,-0.058107
4838,0,0.018499,0.032538,0.059124,0.425087,0.372084,0.157906,0.699295,0.000001,0.221260,0.686064,-0.028328,0.277015,0.643008,-0.041868,0.318615,0.596936,-0.053272,0.354677,0.562966,-0.064071,0.241561,0.518175,-0.024480,0.276192,0.449385,-0.042553,0.294219,0.404749,-0.056495,0.306789,0.364954,-0.066448,0.205538,0.494339,-0.023734,0.228853,0.406964,-0.039269,0.242746,0.354030,-0.051136,0.250773,0.308830,-0.059276,0.168860,0.493467,-0.026555,0.167738,0.411220,-0.042875,0.169045,0.359527,-0.053634,0.171442,0.314142,-0.060364,0.132991,0.512206,-0.032136,0.121545,0.448354,-0.047711,0.115806,0.405974,-0.054480,0.113576,0.365056,-0.057986
4866,0,0.019399,0.030241,0.054718,0.419184,0.379504,0.159114,0.699231,0.000001,0.221928,0.685901,-0.028250,0.276945,0.643002,-0.041793,0.318348,0.597215,-0.053286,0.354676,0.563671,-0.064176,0.241669,0.518679,-0.024473,0.276241,0.450029,-0.042637,0.294602,0.405815,-0.056621,0.307013,0.366187,-0.066547,0.205868,0.494518,-0.023830,0.229507,0.407205,-0.039402,0.243097,0.354134,-0.051156,0.250796,0.309362,-0.059112,0.169257,0.493582,-0.026763,0.168461,0.410850,-0.043038,0.169987,0.359144,-0.053647,0.172434,0.313766,-0.060278,0.133381,0.512206,-0.032450,0.121708,0.448793,-0.047941,0.115812,0.406717,-0.054531,0.113532,0.366173,-0.057907
4898,0,0.019126,0.021417,0.070719,0.417438,0.374989,0.158872,0.699273,0.000000,0.222032,0.686822,-0.028423,0.277280,0.643825,-0.041882,0.318872,0.597118,-0.053195,0.354763,0.563281,-0.063866,0.242496,0.518363,-0.024632,0.277029,0.449534,-0.042564,0.295188,0.405270,-0.056364,0.307651,0.365808,-0.066233,0.206457,0.494224,-0.023809,0.229351,0.406746,-0.039194,0.242798,0.353887,-0.050788,0.250511,0.308863,-0.058731,0.169698,0.493274,-0.026537,0.168670,0.410904,-0.042684,0.169730,0.359257,-0.053315,0.172074,0.313613,-0.060055,0.133626,0.511796,-0.032053,0.121913,0.448648,-0.047498,0.115827,0.406848,-0.054238,0.113311,0.366175,-0.057728
4932,0,0.019299,0.020309,0.048633,0.423678,0.385412,0.158756,0.699728,0.000001,0.222101,0.686948,-0.028692,0.277271,0.644448,-0.042435,0.318608,0.597717,-0.053968,0.354874,0.563230,-0.064859,0.242427,0.518727,-0.024915,0.277100,0.450110,-0.043038,0.295220,0.405700,-0.057023,0.307657,0.365901,-0.067029,0.206413,0.494320,-0.024091,0.229777,0.406890,-0.039622,0.243111,0.354249,-0.051356,0.250673,0.309421,-0.059434,0.169556,0.493301,-0.026864,0.168778,0.410949,-0.043199,0.170042,0.359139,-0.053848,0.172145,0.313441,-0.060599,0.133486,0.512221,-0.032409,0.121569,0.448901,-0.048021,0.115660,0.406829,-0.054772,0.113283,0.366071,-0.058268
4962,0,0.021441,0.030068,0.071850,0.408713,0.384879,0.159322,0.700471,0.000000,0.222401,0.687497,-0.028760,0.277076,0.643945,-0.042386,0.318644,0.597555,-0.053898,0.355004,0.562837,-0.064726,0.242529,0.518721,-0.024272,0.276965,0.450040,-0.042225,0.295070,0.405714,-0.056112,0.307424,0.366255,-0.066094,0.206496,0.494663,-0.023487,0.229485,0.407631,-0.038924,0.242852,0.354817,-0.050718,0.250381,0.310076,-0.058768,0.169538,0.493816,-0.026385,0.168992,0.411430,-0.042708,0.170127,0.359481,-0.053535,0.172634,0.313698,-0.060378,0.133450,0.512614,-0.032081,0.121342,0.449303,-0.047860,0.115316,0.407300,-0.054783,0.112951,0.366664,-0.058406
4996,0,0.039159,0.036154,0.083909,0.399294,0.371796,0.159022,0.700490,0.000000,0.221825,0.686790,-0.028245,0.277622,0.643204,-0.041453,0.319091,0.596336,-0.052631,0.355045,0.562625,-0.063084,0.242531,0.518733,-0.023581,0.276407,0.449643,-0.041172,0.294312,0.405525,-0.054842,0.306317,0.365865,-0.064693,0.206349,0.494828,-0.022938,0.229148,0.407454,-0.038076,0.242231,0.354584,-0.049695,0.249347,0.309334,-0.057656,0.169385,0.493785,-0.025893,0.168443,0.411065,-0.041936,0.169330,0.359037,-0.052631,0.171152,0.312792,-0.059385,0.132937,0.512370,-0.031643,0.120791,0.449241,-0.047002,0.114533,0.407264,-0.053716,0.111989,0.366118,-0.057174
5035,0,0.049931,0.050619,0.064181,0.423559,0.401055,0.158949,0.700244,0.000000,0.221387,0.686106,-0.028321,0.276687,0.642709,-0.041839,0.318352,0.596476,-0.053223,0.354564,0.563071,-0.064045,0.241536,0.518764,-0.024580,0.274927,0.449813,-0.042442,0.292598,0.405760,-0.056321,0.304420,0.365913,-0.066338,0.205440,0.495002,-0.023997,0.228371,0.407453,-0.039304,0.241123,0.354501,-0.051132,0.247612,0.309226,-0.059218,0.168540,0.494112,-0.026974,0.167344,0.411026,-0.043126,0.167795,0.359308,-0.053948,0.168931,0.313273,-0.060746,0.132055,0.512648,-0.032706,0.120114,0.448810,-0.048155,0.113730,0.406911,-0.054913,0.110800,0.366100,-0.058453
5073,0,0.040986,0.033226,0.031048,0.411282,0.389455,0.158483,0.699836,0.000000,0.220936,0.685776,-0.028314,0.276165,0.642548,-0.041647,0.317717,0.595652,-0.052892,0.353547,0.561822,-0.063495,0.240570,0.518812,-0.024016,0.273907,0.449336,-0.041647,0.291437,0.405088,-0.055342,0.303066,0.365402,-0.065182,0.204577,0.495358,-0.023334,0.227249,0.407492,-0.038635,0.239857,0.354309,-0.050443,0.246182,0.309071,-0.058435,0.167653,0.494478,-0.026205,0.166254,0.411213,-0.042370,0.166586,0.359334,-0.053174,0.167686,0.313422,-0.059881,0.131368,0.512874,-0.031848,0.119232,0.449216,-0.047310,0.112915,0.407150,-0.054137,0.110013,0.366313,-0.057591
5111,0,0.032740,0.036617,0.020327,0.418028,0.413168,0.158324,0.700630,0.000000,0.220695,0.686137,-0.027950,0.275822,0.642558,-0.041233,0.316978,0.595576,-0.052534,0.352799,0.561252,-0.063193,0.240106,0.518800,-0.023802,0.273161,0.449357,-0.041474,0.290597,0.405170,-0.055138,0.302132,0.365628,-0.064916,0.203798,0.495327,-0.023382,0.226264,0.407231,-0.038729,0.238957,0.353944,-0.050450,0.245268,0.308550,-0.058384,0.166758,0.494806,-0.026507,0.164929,0.411417,-0.042796,0.165027,0.359226,-0.053656,0.166021,0.313037,-0.060428,0.130464,0.513731,-0.032338,0.118069,0.449978,-0.047925,0.111691,0.407832,-0.054858,0.108821,0.366766,-0.058424
5141,0,0.042805,0.029880,0.044762,0.446315,0.433425,0.157468,0.700428,0.000001,0.220394,0.686431,-0.028855,0.275741,0.642523,-0.042489,0.316545,0.595254,-0.053935,0.352082,0.560540,-0.064698,0.239639,0.518216,-0.024839,0.272665,0.449011,-0.042771,0.289669,0.404850,-0.056586,0.301114,0.365070,-0.066505,0.203085,0.494695,-0.024076,0.225436,0.406861,-0.039718,0.238006,0.353840,-0.051606,0.244122,0.308553,-0.059638,0.165923,0.494561,-0.026927,0.163894,0.411212,-0.043654,0.163759,0.359151,-0.054618,0.164543,0.313101,-0.061405,0.129453,0.513861,-0.032530,0.117221,0.450027,-0.048433,0.110711,0.408015,-0.055381,0.107658,0.367040,-0.058995
5172,0,0.024711,0.038300,0.036608,0.445247,0.447428,0.157563,0.701326,0.000000,0.220434,0.686617,-0.028429,0.275019,0.642760,-0.041991,0.315905,0.595333,-0.053523,0.351799,0.560400,-0.064453,0.238831,0.518303,-0.024270,0.271785,0.449037,-0.042112,0.288838,0.404783,-0.055975,0.300043,0.364973,-0.065980,0.202600,0.495053,-0.023748,0.224511,0.406989,-0.039419,0.236602,0.353831,-0.051434,0.242326,0.308580,-0.059671,0.165503,0.495102,-0.026842,0.163302,0.411441,-0.043558,0.162964,0.359169,-0.054689,0.163438,0.312780,-0.061721,0.129287,0.514318,-0.032628,0.117053,0.450249,-0.048661,0.110534,0.408019,-0.055854,0.107375,0.366969,-0.059671
5202,0,0.055043,0.046317,0.054289,0.475827,0.481911,0.157091,0.701282,0.000000,0.219265,0.686952,-0.029285,0.274248,0.642900,-0.043405,0.315147,0.595756,-0.055232,0.350821,0.559967,-0.066455,0.238764,0.518647,-0.025665,0.271102,0.449115,-0.043968,0.287998,0.404788,-0.058048,0.298865,0.364601,-0.068225,0.202114,0.495123,-0.024880,0.223491,0.406727,-0.040871,0.235389,0.353517,-0.053060,0.241128,0.308024,-0.061387,0.164977,0.495405,-0.027757,0.162367,0.412160,-0.044652,0.161775,0.359538,-0.055916,0.162159,0.312766,-0.063036,0.128592,0.515150,-0.033389,0.116353,0.451540,-0.049439,0.109641,0.409469,-0.056680,0.106247,0.368181,-0.060582
5235,0,0.037756,0.039173,0.065341,0.457949,0.472720,0.156727,0.702355,0.000000,0.219451,0.686876,-0.028400,0.274782,0.642653,-0.041836,0.315217,0.595357,-0.053261,0.350555,0.560002,-0.064162,0.238486,0.518724,-0.024498,0.270300,0.449360,-0.042560,0.286712,0.404936,-0.056640,0.297622,0.364679,-0.066858,0.201987,0.495752,-0.024156,0.222938,0.407725,-0.039986,0.234357,0.354413,-0.052336,0.239677,0.308524,-0.060824,0.164690,0.496108,-0.027375,0.162045,0.412647,-0.044250,0.161165,0.360254,-0.055594,0.161208,0.313335,-0.062795,0.128256,0.515978,-0.033328,0.115920,0.451763,-0.049479,0.109209,0.409496,-0.056761,0.105742,0.368343,-0.060663
5271,0,0.019493,0.029062,0.067048,0.463344,0.483535,0.157298,0.702367,0.000000,0.219950,0.687235,-0.028722,0.274154,0.643291,-0.042440,0.314670,0.595677,-0.054025,0.350470,0.560693,-0.065047,0.238161,0.519286,-0.024740,0.270096,0.449437,-0.042762,0.286607,0.404607,-0.056761,0.296838,0.363811,-0.066938,0.201702,0.496139,-0.024177,0.222617,0.407740,-0.040127,0.233939,0.354300,-0.052456,0.238792,0.308133,-0.060984,0.164688,0.496420,-0.027194,0.161809,0.412859,-0.044089,0.160956,0.360384,-0.055473,0.160759,0.313367,-0.062674,0.128362,0.515786,-0.032966,0.115531,0.451724,-0.049117,0.108703,0.409406,-0.056479,0.105278,0.368088,-0.060461
5298,0,0.021619,0.019845,0.049489,0.460663,0.481065,0.156919,0.702719,0.000000,0.219699,0.687340,-0.028349,0.274513,0.643096,-0.041790,0.315360,0.595332,-0.053121,0.350549,0.559824,-0.063890,0.237949,0.519176,-0.024572,0.269870,0.449318,-0.042352,0.286236,0.404362,-0.056135,0.296552,0.363731,-0.066221,0.201457,0.496264,-0.024089,0.222063,0.407844,-0.039801,0.233199,0.354399,-0.051956,0.237806,0.308667,-0.060314,0.164311,0.496331,-0.027163,0.161412,0.412978,-0.043879,0.160550,0.360451,-0.055211,0.160023,0.313685,-0.062403,0.127929,0.516001,-0.032909,0.115373,0.452089,-0.048982,0.108575,0.409742,-0.056336,0.104800,0.368582,-0.060314
5331,0,0.041603,0.050721,0.065180,0.481602,0.488933,0.156184,0.702216,0.000000,0.219423,0.687369,-0.029068,0.274201,0.643444,-0.042899,0.314794,0.595732,-0.054518,0.350220,0.560475,-0.065614,0.237933,0.519919,-0.025430,0.269229,0.449953,-0.043622,0.285346,0.404961,-0.057734,0.295747,0.363982,-0.068107,0.201460,0.496820,-0.024766,0.221895,0.408636,-0.040949,0.232571,0.354889,-0.053513,0.237032,0.308624,-0.062237,0.164417,0.496925,-0.027701,0.161406,0.413476,-0.044949,0.160021,0.360890,-0.056528,0.159415,0.313885,-0.063926,0.127924,0.516383,-0.033390,0.115248,0.452384,-0.049935,0.108170,0.410078,-0.057614,0.104472,0.368565,-0.061835
5364,0,0.021272,0.040939,0.046494,0.479886,0.504561,0.157003,0.703045,0.000000,0.219680,0.688242,-0.028570,0.274208,0.643734,-0.042074,0.314505,0.595827,-0.053454,0.349765,0.560717,-0.064273,0.237981,0.520244,-0.025224,0.269102,0.449542,-0.043236,0.285201,0.404407,-0.057100,0.295585,0.363225,-0.067318,0.201381,0.497317,-0.024784,0.221688,0.408696,-0.040932,0.232527,0.354840,-0.053374,0.237110,0.308513,-0.061989,0.164191,0.497723,-0.027889,0.160986,0.413579,-0.045119,0.159837,0.360618,-0.056780,0.159401,0.313390,-0.064153,0.127866,0.517406,-0.033659,0.115270,0.452879,-0.050248,0.108301,0.410257,-0.058062,0.104745,0.368828,-0.062309
5394,0,0.026802,0.025688,0.052285,0.480299,0.501444,0.157128,0.702523,0.000000,0.219563,0.687108,-0.028442,0.274301,0.642968,-0.041921,0.314849,0.595210,-0.053314,0.349637,0.560176,-0.064146,0.237496,0.520168,-0.025213,0.268560,0.449941,-0.043205,0.284722,0.404724,-0.057166,0.294915,0.363495,-0.067395,0.201143,0.496945,-0.024792,0.221201,0.408112,-0.040658,0.231615,0.354389,-0.052994,0.235732,0.307959,-0.061538,0.164022,0.497155,-0.027861,0.160735,0.413415,-0.044689,0.159467,0.361075,-0.056002,0.158606,0.314159,-0.063183,0.127730,0.516607,-0.033617,0.114893,0.452132,-0.049744,0.107777,0.409894,-0.057126,0.104093,0.368470,-0.061137
5427,0,0.018345,0.014632,0.031825,0.475380,0.492418,0.156972,0.702248,0.000000,0.219643,0.687126,-0.028627,0.274276,0.642846,-0.042139,0.314510,0.594731,-0.053446,0.349256,0.559447,-0.064191,0.237551,0.519615,-0.025039,0.268356,0.449286,-0.042901,0.284132,0.404196,-0.056854,0.293967,0.363027,-0.067037,0.200983,0.496796,-0.024457,0.221002,0.407999,-0.040275,0.231444,0.354322,-0.052644,0.235593,0.307995,-0.061184,0.163920,0.496953,-0.027384,0.160579,0.413482,-0.044224,0.159242,0.361092,-0.055571,0.158301,0.314205,-0.062747,0.127470,0.516244,-0.033058,0.114752,0.451750,-0.049236,0.107665,0.409417,-0.056613,0.103888,0.367839,-0.060662
5461,0,0.022565,0.038359,0.025476,0.492698,0.523336,0.157695,0.702673,0.000000,0.220285,0.687218,-0.028711,0.274409,0.642800,-0.042276,0.314179,0.594378,-0.053616,0.349060,0.558476,-0.064475,0.237373,0.519474,-0.025085,0.268269,0.449413,-0.043117,0.284104,0.404110,-0.057142,0.294001,0.362724,-0.067441,0.200869,0.496483,-0.024584,0.220499,0.407767,-0.040613,0.230741,0.353866,-0.053055,0.234816,0.307354,-0.061670,0.163877,0.496996,-0.027609,0.160390,0.413145,-0.044720,0.158982,0.360572,-0.056181,0.158147,0.313300,-0.063474,0.127703,0.516892,-0.033360,0.114693,0.452660,-0.049849,0.107624,0.410346,-0.057503,0.103898,0.368626,-0.061670
5503,0,0.020551,0.020372,0.051802,0.502263,0.530018,0.157569,0.702412,0.000000,0.220179,0.686827,-0.028949,0.274558,0.642471,-0.042621,0.314029,0.594199,-0.054049,0.348312,0.557647,-0.064955,0.237761,0.519323,-0.025400,0.267834,0.448952,-0.043463,0.283423,0.403745,-0.057537,0.293105,0.362420,-0.067882,0.201134,0.496608,-0.024799,0.220220,0.407803,-0.040837,0.229963,0.353777,-0.053447,0.233788,0.307412,-0.062188,0.164070,0.497039,-0.027746,0.160454,0.413262,-0.044867,0.158529,0.360740,-0.056615,0.157340,0.313483,-0.064113,0.127788,0.516811,-0.033420,0.114608,0.452692,-0.049959,0.107063,0.410480,-0.057818,0.102805,0.368813,-0.062148
5545,0,0.020514,0.023538,0.056036,0.500442,0.514836,0.156862,0.701925,0.000000,0.219927,0.686788,-0.028996,0.274411,0.642362,-0.042453,0.313485,0.593942,-0.053667,0.347141,0.556949,-0.064401,0.237445,0.519562,-0.025412,0.267655,0.448682,-0.043615,0.282920,0.402985,-0.057832,0.292331,0.360898,-0.068245,0.200908,0.496733,-0.024731,0.220164,0.408101,-0.040911,0.229379,0.354019,-0.053707,0.232624,0.307148,-0.062598,0.164009,0.497069,-0.027555,0.160613,0.413209,-0.044736,0.158803,0.360739,-0.056311,0.157304,0.313283,-0.063680,0.127602,0.516632,-0.033121,0.114364,0.452276,-0.049662,0.106760,0.410200,-0.057312,0.102535,0.368539,-0.061477