t,missing,delta_l1,delta_l1_wrist,delta_angles,delta_base_l1,delta_base_l1_wrist,x0,y0,z0,x1,y1,z1,x2,y2,z2,x3,y3,z3,x4,y4,z4,x5,y5,z5,x6,y6,z6,x7,y7,z7,x8,y8,z8,x9,y9,z9,x10,y10,z10,x11,y11,z11,x12,y12,z12,x13,y13,z13,x14,y14,z14,x15,y15,z15,x16,y16,z16,x17,y17,z17,x18,y18,z18,x19,y19,z19,x20,y20,z20
30,0,,,,0.000000,0.000000,0.166984,0.800693,0.000000,0.229607,0.789255,-0.024568,0.282228,0.746250,-0.030674,0.308249,0.689439,-0.034679,0.330511,0.644489,-0.037822,0.258842,0.639057,-0.006236,0.287037,0.575819,-0.017295,0.300576,0.535039,-0.028806,0.310701,0.498762,-0.037283,0.227361,0.620298,-0.003500,0.247506,0.547681,-0.012482,0.258549,0.500861,-0.023868,0.266795,0.461564,-0.032416,0.194849,0.616890,-0.004638,0.209028,0.547747,-0.015436,0.220436,0.508796,-0.023796,0.231691,0.475888,-0.029363,0.158731,0.625266,-0.008468,0.165711,0.569952,-0.019558,0.173942,0.537412,-0.024011,0.184111,0.507718,-0.026113
60,0,0.030976,0.043517,0.057715,0.030976,0.043517,0.166567,0.801249,0.000000,0.229443,0.789804,-0.024670,0.282154,0.746273,-0.030474,0.308250,0.689662,-0.034103,0.330448,0.644500,-0.036835,0.258791,0.638337,-0.005602,0.287112,0.574822,-0.016252,0.300446,0.533808,-0.027545,0.310589,0.497345,-0.035972,0.227188,0.619880,-0.002662,0.247435,0.547437,-0.011194,0.258422,0.500707,-0.022496,0.266841,0.461517,-0.031049,0.194829,0.616625,-0.003650,0.209005,0.547916,-0.014087,0.220365,0.508991,-0.022460,0.231761,0.475896,-0.028120,0.158581,0.625162,-0.007362,0.165681,0.570186,-0.018211,0.173979,0.537658,-0.022694,0.184409,0.507769,-0.024868
93,0,0.024606,0.026710,0.059847,0.022864,0.034027,0.166985,0.801299,0.000000,0.229735,0.788921,-0.024861,0.282330,0.746071,-0.031099,0.308457,0.689403,-0.035209,0.330771,0.643944,-0.038400,0.258387,0.638836,-0.005895,0.286803,0.575445,-0.016929,0.300419,0.534690,-0.028521,0.310753,0.498370,-0.037066,0.227133,0.620096,-0.002930,0.247753,0.547595,-0.011763,0.259108,0.500827,-0.023166,0.267724,0.461735,-0.031766,0.194760,0.616559,-0.003921,0.208974,0.547615,-0.014531,0.220414,0.508416,-0.022932,0.231771,0.475418,-0.028539,0.158850,0.624903,-0.007649,0.165814,0.569819,-0.018533,0.174192,0.537383,-0.022932,0.184299,0.507683,-0.025023
122,0,0.023497,0.035696,0.088222,0.032385,0.037645,0.166574,0.800850,0.000000,0.229201,0.789525,-0.025065,0.282089,0.746726,-0.031408,0.308748,0.690215,-0.035499,0.331153,0.644810,-0.038634,0.258408,0.639274,-0.006514,0.287433,0.575751,-0.017632,0.301133,0.535156,-0.029174,0.311270,0.498747,-0.037625,0.227115,0.620331,-0.003392,0.248173,0.547813,-0.012154,0.259388,0.501091,-0.023371,0.267638,0.462031,-0.031805,0.194787,0.616448,-0.004185,0.209356,0.547794,-0.014497,0.220931,0.508622,-0.022597,0.231936,0.475262,-0.028038,0.158951,0.624456,-0.007744,0.166658,0.569390,-0.018155,0.174861,0.537216,-0.022110,0.184541,0.507782,-0.023894
157,0,0.023463,0.024229,0.062924,0.045842,0.051191,0.166636,0.800685,0.000000,0.229047,0.789570,-0.025283,0.281933,0.747358,-0.031802,0.308532,0.690896,-0.036106,0.331248,0.645079,-0.039474,0.259082,0.639137,-0.005961,0.287666,0.576114,-0.017126,0.301244,0.535559,-0.028795,0.311588,0.499290,-0.037385,0.227922,0.620245,-0.002861,0.248829,0.548177,-0.011759,0.260071,0.501480,-0.023195,0.268784,0.462196,-0.031766,0.195635,0.616537,-0.003788,0.210037,0.547953,-0.014443,0.221430,0.508607,-0.022816,0.232727,0.475110,-0.028381,0.159751,0.624491,-0.007500,0.167207,0.569590,-0.018323,0.175280,0.537009,-0.022618,0.184927,0.507238,-0.024617
190,0,0.029984,0.039880,0.084419,0.027014,0.018377,0.167477,0.800660,0.000000,0.230158,0.788423,-0.024529,0.282531,0.746188,-0.031008,0.308284,0.689976,-0.035435,0.330842,0.644483,-0.038980,0.259381,0.638818,-0.005844,0.287542,0.575631,-0.017079,0.301070,0.534991,-0.028740,0.311440,0.499091,-0.037253,0.227802,0.620106,-0.003233,0.248477,0.547758,-0.012247,0.260110,0.501221,-0.023665,0.268998,0.462635,-0.032196,0.195406,0.616616,-0.004560,0.209985,0.547964,-0.015297,0.221615,0.508780,-0.023611,0.233274,0.476122,-0.029118,0.159381,0.625099,-0.008584,0.166504,0.569960,-0.019580,0.174993,0.537301,-0.023935,0.185206,0.507729,-0.025915
220,0,0.022725,0.031201,0.063506,0.030601,0.038769,0.166508,0.801220,0.000000,0.229199,0.789265,-0.024649,0.281967,0.747051,-0.030996,0.308292,0.691205,-0.035203,0.330604,0.646410,-0.038511,0.258873,0.639253,-0.006396,0.287317,0.576433,-0.017709,0.300994,0.535851,-0.029450,0.311375,0.499760,-0.038043,0.227693,0.620229,-0.003663,0.248607,0.547972,-0.012630,0.260110,0.501525,-0.023912,0.268754,0.462742,-0.032362,0.195351,0.616507,-0.004841,0.209620,0.547812,-0.015462,0.221152,0.508711,-0.023660,0.232601,0.475793,-0.029126,0.159436,0.624775,-0.008751,0.166524,0.569763,-0.019471,0.174817,0.537211,-0.023660,0.184740,0.507666,-0.025620
272,0,0.023254,0.021162,0.069673,0.034921,0.042328,0.166070,0.801088,0.000000,0.228888,0.789016,-0.024856,0.281761,0.747502,-0.031314,0.307448,0.691239,-0.035643,0.329157,0.645074,-0.039034,0.258394,0.639254,-0.005880,0.286609,0.576746,-0.017145,0.300308,0.536523,-0.028951,0.310991,0.500637,-0.037591,0.227282,0.620412,-0.003091,0.248173,0.548180,-0.012031,0.259956,0.501707,-0.023449,0.269097,0.462551,-0.032053,0.195007,0.616776,-0.004302,0.209479,0.548072,-0.015062,0.221035,0.508909,-0.023503,0.232529,0.475467,-0.029131,0.159217,0.625214,-0.008257,0.166339,0.570135,-0.019246,0.174497,0.537532,-0.023702,0.184427,0.507535,-0.025848
302,0,0.017783,0.025969,0.075809,0.040017,0.036987,0.166620,0.801560,0.000000,0.229067,0.789719,-0.025008,0.281259,0.747235,-0.031458,0.306934,0.690376,-0.035746,0.329322,0.644532,-0.039134,0.258315,0.639965,-0.006198,0.286526,0.577214,-0.017558,0.300410,0.536906,-0.029386,0.311046,0.500868,-0.038017,0.227144,0.621047,-0.003257,0.248159,0.548984,-0.012234,0.259875,0.502442,-0.023585,0.268864,0.463450,-0.032107,0.194803,0.617317,-0.004315,0.209291,0.548363,-0.015017,0.220824,0.508983,-0.023350,0.232326,0.475590,-0.028900,0.158888,0.625440,-0.008130,0.166025,0.570088,-0.019044,0.174290,0.537251,-0.023441,0.184435,0.507427,-0.025513
331,0,0.037800,0.038977,0.047940,0.063237,0.058801,0.166036,0.801678,0.000000,0.228438,0.790283,-0.024882,0.280716,0.748149,-0.031427,0.306910,0.692064,-0.035778,0.329181,0.646746,-0.039265,0.258046,0.640380,-0.007160,0.286477,0.577730,-0.018824,0.300235,0.537365,-0.030708,0.310765,0.501279,-0.039373,0.226715,0.621058,-0.004412,0.248137,0.548937,-0.013781,0.259676,0.502846,-0.025116,0.268399,0.464275,-0.033584,0.194423,0.617163,-0.005569,0.209037,0.548331,-0.016513,0.220895,0.509090,-0.024775,0.232611,0.475829,-0.030276,0.158561,0.625597,-0.009448,0.165986,0.570441,-0.020478,0.174497,0.537682,-0.024793,0.184580,0.507729,-0.026842
365,0,0.048710,0.063814,0.070107,0.071089,0.085390,0.165152,0.801613,0.000000,0.228201,0.790960,-0.025140,0.280620,0.749526,-0.031659,0.306488,0.693135,-0.035945,0.329046,0.647905,-0.039258,0.258086,0.640577,-0.006231,0.286896,0.578543,-0.017558,0.301037,0.538668,-0.029282,0.311778,0.502806,-0.037890,0.227074,0.620881,-0.003221,0.248919,0.549210,-0.012246,0.260423,0.503341,-0.023483,0.269264,0.464888,-0.031839,0.194780,0.616789,-0.004225,0.209593,0.548274,-0.015019,0.221682,0.508841,-0.023375,0.233591,0.475124,-0.028921,0.158899,0.625041,-0.007991,0.166909,0.570124,-0.018891,0.175416,0.537464,-0.023231,0.185542,0.507478,-0.025302
397,0,0.075012,0.085960,0.098451,0.138318,0.168583,0.164376,0.801948,0.000000,0.227412,0.792084,-0.025428,0.280373,0.751190,-0.031961,0.307272,0.695175,-0.036166,0.329958,0.649795,-0.039306,0.257889,0.640989,-0.005721,0.287685,0.580316,-0.016648,0.302366,0.541099,-0.028315,0.313433,0.505673,-0.036869,0.227328,0.620874,-0.002427,0.250021,0.549519,-0.010629,0.262010,0.504136,-0.021421,0.270921,0.465761,-0.029560,0.195344,0.616178,-0.003203,0.211391,0.548178,-0.013174,0.223773,0.508981,-0.021042,0.235547,0.475182,-0.026312,0.159594,0.623753,-0.006817,0.168528,0.568497,-0.016856,0.177339,0.536259,-0.020501,0.187339,0.506454,-0.022143
430,0,0.082414,0.074332,0.058250,0.191786,0.223451,0.163822,0.803103,0.000000,0.226410,0.793534,-0.025942,0.280057,0.753403,-0.032844,0.307715,0.698319,-0.037319,0.331187,0.652910,-0.040761,0.259218,0.642235,-0.005924,0.289117,0.581895,-0.017138,0.303973,0.543463,-0.029112,0.315496,0.508664,-0.037862,0.228879,0.621818,-0.002568,0.252110,0.550967,-0.011096,0.264469,0.506183,-0.022283,0.273925,0.468164,-0.030707,0.196946,0.616802,-0.003367,0.213598,0.549340,-0.013696,0.226263,0.510216,-0.021902,0.238576,0.476083,-0.027391,0.160764,0.623815,-0.007029,0.170224,0.569094,-0.017391,0.179512,0.536992,-0.021250,0.190238,0.506989,-0.023044
463,0,0.044757,0.058072,0.062403,0.221445,0.260565,0.163633,0.802429,0.000000,0.227304,0.793618,-0.025436,0.281027,0.754195,-0.032205,0.307898,0.698931,-0.036681,0.331054,0.653861,-0.040174,0.260137,0.643478,-0.005813,0.290608,0.582951,-0.017067,0.305772,0.544182,-0.028930,0.317373,0.509147,-0.037554,0.229547,0.622970,-0.002609,0.253786,0.552191,-0.011290,0.266448,0.507141,-0.022434,0.275848,0.468911,-0.030731,0.197577,0.617622,-0.003462,0.215225,0.549651,-0.013864,0.228195,0.510151,-0.021888,0.240717,0.476144,-0.027201,0.161439,0.624419,-0.007119,0.171539,0.568992,-0.017576,0.181209,0.536417,-0.021379,0.192045,0.506324,-0.023035
501,0,0.034996,0.024998,0.047371,0.250000,0.279271,0.164190,0.802590,0.000000,0.227148,0.794190,-0.025414,0.280816,0.755401,-0.032184,0.308223,0.700052,-0.036596,0.331645,0.655381,-0.039972,0.260709,0.644128,-0.006081,0.291538,0.583436,-0.017145,0.306577,0.544536,-0.028772,0.318270,0.509731,-0.037213,0.230286,0.623075,-0.002750,0.254710,0.552423,-0.011227,0.267610,0.507432,-0.022128,0.277312,0.469619,-0.030242,0.198325,0.617266,-0.003435,0.216310,0.549263,-0.013587,0.229712,0.509882,-0.021511,0.242420,0.476183,-0.026775,0.162328,0.623660,-0.006912,0.172694,0.568422,-0.017154,0.182521,0.536185,-0.020930,0.193753,0.506438,-0.022564
576,0,0.048387,0.046085,0.040778,0.275642,0.300640,0.163779,0.803495,0.000000,0.227401,0.794878,-0.024828,0.280913,0.755293,-0.030894,0.308003,0.699528,-0.034709,0.331204,0.654857,-0.037560,0.260342,0.645325,-0.004822,0.291535,0.584493,-0.015556,0.307125,0.545586,-0.027026,0.319131,0.510705,-0.035399,0.230226,0.624782,-0.001651,0.255017,0.553632,-0.009998,0.268522,0.508144,-0.021014,0.278693,0.469834,-0.029242,0.198615,0.619005,-0.002511,0.216390,0.550291,-0.012768,0.229926,0.510625,-0.020996,0.242921,0.476574,-0.026463,0.162803,0.624810,-0.006112,0.173103,0.569484,-0.016591,0.183110,0.536823,-0.020705,0.194678,0.506587,-0.022649
615,0,0.026361,0.055525,0.043991,0.267983,0.269379,0.165055,0.804143,0.000000,0.228007,0.794659,-0.024114,0.281347,0.754766,-0.029947,0.307881,0.698967,-0.033691,0.330076,0.653970,-0.036453,0.260971,0.644916,-0.004511,0.291936,0.583930,-0.015155,0.307280,0.544665,-0.026495,0.318949,0.509616,-0.034763,0.230534,0.624488,-0.001715,0.254966,0.553216,-0.009995,0.268398,0.507633,-0.020898,0.278566,0.469320,-0.029020,0.198662,0.618895,-0.002880,0.216328,0.550027,-0.012984,0.230087,0.510131,-0.021243,0.243367,0.475990,-0.026731,0.162814,0.625217,-0.006724,0.173016,0.569567,-0.017136,0.182964,0.536662,-0.021297,0.194311,0.506259,-0.023224
647,0,0.049460,0.032122,0.035284,0.230801,0.250724,0.164434,0.803180,0.000000,0.227271,0.793999,-0.024840,0.281141,0.754345,-0.031132,0.307830,0.698364,-0.035132,0.330136,0.652823,-0.038187,0.260308,0.644427,-0.005728,0.291192,0.583073,-0.016702,0.306496,0.543827,-0.028222,0.318095,0.508631,-0.036587,0.229728,0.623960,-0.002648,0.254066,0.552589,-0.011147,0.267290,0.507042,-0.022185,0.277290,0.468804,-0.030404,0.197800,0.618353,-0.003530,0.215643,0.549456,-0.013756,0.229279,0.509458,-0.021930,0.242417,0.475362,-0.027404,0.162016,0.624570,-0.007142,0.172415,0.568772,-0.017575,0.182228,0.535949,-0.021585,0.193457,0.505960,-0.023403
681,0,0.070828,0.061981,0.050287,0.234728,0.251566,0.164977,0.802294,0.000000,0.227812,0.792850,-0.024054,0.281384,0.753126,-0.029809,0.307249,0.697244,-0.033367,0.328687,0.651924,-0.035945,0.259962,0.643327,-0.004573,0.290273,0.581733,-0.014941,0.305265,0.542277,-0.026069,0.316793,0.507280,-0.034166,0.229226,0.623103,-0.001621,0.253003,0.551509,-0.009531,0.266230,0.505969,-0.020278,0.276487,0.468105,-0.028338,0.197248,0.617437,-0.002580,0.214904,0.548380,-0.012190,0.228491,0.508518,-0.020278,0.241505,0.474757,-0.025724,0.161575,0.623505,-0.006222,0.171748,0.567663,-0.016175,0.181232,0.534689,-0.020115,0.192182,0.504753,-0.021894
706,0,0.078886,0.070510,0.058422,0.166526,0.186844,0.164856,0.801322,0.000000,0.227893,0.791643,-0.024207,0.280607,0.750891,-0.030109,0.305923,0.694116,-0.033857,0.327189,0.648459,-0.036681,0.258572,0.642331,-0.005377,0.288557,0.580164,-0.016222,0.303788,0.540819,-0.027611,0.315406,0.506090,-0.035867,0.227978,0.622350,-0.002501,0.251351,0.550749,-0.010990,0.264535,0.505355,-0.021998,0.274663,0.467644,-0.030254,0.196113,0.617176,-0.003533,0.213289,0.548089,-0.013796,0.226572,0.508083,-0.022233,0.239311,0.474166,-0.027882,0.160464,0.623807,-0.007201,0.169931,0.568106,-0.017924,0.179333,0.534862,-0.022414,0.190160,0.504430,-0.024569
731,0,0.126537,0.105301,0.068787,0.081809,0.095970,0.164130,0.800997,0.000000,0.227075,0.789922,-0.024187,0.279802,0.748457,-0.030265,0.304375,0.690592,-0.034143,0.324858,0.643426,-0.037155,0.256357,0.640728,-0.006331,0.285352,0.577663,-0.017514,0.299996,0.537865,-0.029057,0.311500,0.502549,-0.037408,0.225427,0.621365,-0.003628,0.247419,0.548210,-0.012292,0.260357,0.502465,-0.023393,0.270504,0.464152,-0.031744,0.193510,0.616897,-0.004744,0.209300,0.547126,-0.015223,0.221543,0.507248,-0.023592,0.233348,0.473233,-0.029165,0.157934,0.624425,-0.008477,0.166827,0.567830,-0.019407,0.175669,0.534230,-0.023862,0.185843,0.503696,-0.025955
764,0,0.177673,0.140414,0.082784,0.190412,0.110085,0.163149,0.800188,0.000000,0.226252,0.788200,-0.024064,0.278735,0.745556,-0.029678,0.301987,0.685895,-0.033018,0.321373,0.638107,-0.035383,0.252863,0.639630,-0.005772,0.281597,0.575544,-0.016328,0.295402,0.534667,-0.027277,0.305798,0.498477,-0.035202,0.221811,0.619793,-0.002658,0.243339,0.545659,-0.010831,0.255179,0.499071,-0.021446,0.263914,0.460329,-0.029335,0.190118,0.615006,-0.003306,0.204486,0.544262,-0.013368,0.215797,0.503968,-0.021446,0.226401,0.470113,-0.026718,0.154971,0.622006,-0.006539,0.163034,0.565026,-0.017032,0.170951,0.531210,-0.021230,0.179822,0.500698,-0.023053
800,0,0.115423,0.086635,0.062640,0.256769,0.135010,0.162359,0.799520,0.000000,0.224798,0.786780,-0.023990,0.276308,0.743357,-0.030000,0.299381,0.684369,-0.033791,0.318721,0.636653,-0.036643,0.251545,0.637006,-0.006318,0.278891,0.573125,-0.017248,0.291955,0.532154,-0.028484,0.301673,0.495949,-0.036607,0.220133,0.617838,-0.003552,0.240751,0.543765,-0.012112,0.251952,0.496982,-0.022870,0.260164,0.458079,-0.030903,0.187869,0.613827,-0.004551,0.201678,0.543153,-0.014820,0.212515,0.502808,-0.022925,0.222859,0.468907,-0.028268,0.152365,0.621884,-0.008141,0.159677,0.564729,-0.018701,0.166982,0.530470,-0.022943,0.175549,0.499648,-0.024838
827,0,0.125825,0.065144,0.058396,0.355819,0.167814,0.160484,0.798241,0.000000,0.222809,0.785406,-0.024514,0.274199,0.741769,-0.030854,0.296653,0.682495,-0.034901,0.315792,0.634241,-0.038008,0.249329,0.634958,-0.007352,0.275860,0.570475,-0.018588,0.288580,0.529608,-0.029897,0.297792,0.493356,-0.038080,0.217680,0.616417,-0.004475,0.237640,0.542277,-0.013413,0.248314,0.495282,-0.024387,0.255778,0.456261,-0.032570,0.185321,0.612912,-0.005374,0.198171,0.542070,-0.016077,0.208544,0.501449,-0.024441,0.218337,0.467293,-0.029915,0.149494,0.621683,-0.008865,0.155701,0.563976,-0.019907,0.162587,0.529659,-0.024477,0.170901,0.498514,-0.026609
861,0,0.072023,0.024044,0.079949,0.421583,0.155021,0.157997,0.796959,0.000000,0.220914,0.783910,-0.024835,0.272857,0.740851,-0.031184,0.295441,0.682083,-0.035224,0.314156,0.633830,-0.038344,0.247390,0.633811,-0.006989,0.273712,0.569640,-0.018270,0.285871,0.528533,-0.029831,0.294609,0.491838,-0.038236,0.215573,0.615196,-0.004033,0.235246,0.541215,-0.013103,0.245534,0.494191,-0.024385,0.252754,0.454790,-0.032789,0.183058,0.612082,-0.004942,0.195748,0.541490,-0.015808,0.205709,0.500973,-0.024366,0.215094,0.466570,-0.029958,0.147283,0.621504,-0.008499,0.153484,0.564120,-0.019677,0.160238,0.529308,-0.024421,0.168314,0.497424,-0.026675
895,0,0.048291,0.066827,0.064046,0.462951,0.220325,0.158850,0.797247,0.000000,0.220772,0.783206,-0.024928,0.271925,0.739880,-0.031399,0.294708,0.680949,-0.035581,0.313179,0.632270,-0.038861,0.246302,0.633255,-0.007480,0.272469,0.568898,-0.018872,0.284540,0.527599,-0.030426,0.293372,0.490889,-0.038825,0.214467,0.615160,-0.004578,0.233858,0.541056,-0.013717,0.243943,0.493845,-0.024892,0.250828,0.454218,-0.033238,0.182009,0.612615,-0.005543,0.194565,0.541790,-0.016493,0.204181,0.501092,-0.025018,0.213139,0.466714,-0.030588,0.146297,0.622101,-0.009170,0.152295,0.564593,-0.020404,0.158740,0.529443,-0.025181,0.166302,0.497446,-0.027452
923,0,0.035312,0.021922,0.038797,0.485592,0.213935,0.157671,0.797059,0.000000,0.219850,0.782623,-0.024562,0.271092,0.738877,-0.030873,0.293884,0.680055,-0.034955,0.312944,0.631627,-0.038227,0.245271,0.632890,-0.006824,0.271253,0.569023,-0.018278,0.283363,0.527713,-0.030010,0.292055,0.490576,-0.038623,0.213667,0.614740,-0.004147,0.232884,0.540982,-0.013378,0.242739,0.494106,-0.024796,0.249413,0.454648,-0.033372,0.181380,0.611993,-0.005336,0.193431,0.541247,-0.016435,0.203039,0.499966,-0.025119,0.212185,0.464575,-0.030891,0.145575,0.621752,-0.009143,0.151833,0.564413,-0.020462,0.158408,0.529677,-0.025209,0.166189,0.497269,-0.027565
956,0,0.034319,0.036400,0.076319,0.488019,0.199995,0.157519,0.796443,0.000000,0.219928,0.782273,-0.025658,0.270960,0.739501,-0.032346,0.293875,0.680594,-0.036698,0.312751,0.631410,-0.040096,0.244884,0.632737,-0.006482,0.271270,0.569110,-0.017998,0.283544,0.527477,-0.030009,0.292185,0.489890,-0.038837,0.213500,0.614287,-0.003198,0.233046,0.541039,-0.012469,0.242516,0.494022,-0.024165,0.248773,0.454487,-0.032940,0.181263,0.611322,-0.003951,0.194001,0.541103,-0.015094,0.203664,0.499847,-0.024004,0.212600,0.464503,-0.029865,0.145685,0.620629,-0.007453,0.152356,0.563828,-0.018807,0.158827,0.529191,-0.023680,0.166297,0.496938,-0.026071
990,0,0.025104,0.024257,0.070111,0.483402,0.210155,0.158312,0.796353,0.000000,0.220104,0.782254,-0.025597,0.271016,0.738870,-0.032328,0.294228,0.680580,-0.036690,0.312984,0.631762,-0.040100,0.245240,0.632261,-0.007131,0.271687,0.568800,-0.018704,0.284087,0.527566,-0.030605,0.292753,0.490314,-0.039311,0.214014,0.613901,-0.003956,0.233528,0.540775,-0.013238,0.243004,0.493767,-0.024699,0.249262,0.454263,-0.033279,0.181681,0.611023,-0.004779,0.194353,0.541064,-0.015841,0.204213,0.499994,-0.024556,0.213222,0.464426,-0.030336,0.146012,0.620398,-0.008347,0.152540,0.564115,-0.019584,0.159167,0.529795,-0.024304,0.166687,0.497797,-0.026638
1037,0,0.016962,0.015365,0.033431,0.484511,0.205371,0.158260,0.796125,0.000000,0.220256,0.782256,-0.025688,0.271293,0.738798,-0.032527,0.294641,0.680395,-0.036979,0.313384,0.631222,-0.040498,0.245849,0.632089,-0.007014,0.272079,0.568810,-0.018687,0.284309,0.527399,-0.030732,0.292963,0.489900,-0.039564,0.214522,0.613643,-0.003817,0.233946,0.540642,-0.013194,0.243282,0.493737,-0.024755,0.249502,0.454066,-0.033407,0.182163,0.610543,-0.004640,0.194646,0.540675,-0.015788,0.204314,0.499508,-0.024485,0.213251,0.463905,-0.030230,0.146300,0.619933,-0.008226,0.152948,0.563257,-0.019477,0.159611,0.528970,-0.024180,0.167427,0.496976,-0.026460
1070,0,0.036202,0.053760,0.041341,0.504489,0.200334,0.158006,0.795120,0.000000,0.220070,0.781538,-0.026096,0.271282,0.738986,-0.033280,0.294886,0.680382,-0.038039,0.313647,0.630873,-0.041883,0.245767,0.632409,-0.008136,0.272293,0.568458,-0.020241,0.284428,0.526967,-0.032418,0.293187,0.489491,-0.041272,0.214429,0.613948,-0.004818,0.234146,0.540720,-0.014619,0.243740,0.493826,-0.026347,0.250281,0.454283,-0.035076,0.181929,0.611117,-0.005505,0.194933,0.540626,-0.016990,0.204950,0.499532,-0.025737,0.214326,0.464061,-0.031466,0.146129,0.620400,-0.008949,0.153065,0.563304,-0.020528,0.159974,0.528949,-0.025324,0.167773,0.496918,-0.027604
1101,0,0.027405,0.038915,0.047888,0.484348,0.203108,0.158238,0.796047,0.000000,0.220444,0.782296,-0.025663,0.271559,0.738745,-0.032486,0.294830,0.680184,-0.036892,0.313714,0.630765,-0.040366,0.246040,0.632315,-0.007454,0.272662,0.568673,-0.019198,0.284985,0.527006,-0.031179,0.293631,0.489490,-0.039936,0.214797,0.613897,-0.004314,0.234577,0.540432,-0.013799,0.244336,0.493506,-0.025359,0.250903,0.453907,-0.033991,0.182398,0.610919,-0.005162,0.195237,0.540514,-0.016449,0.205319,0.499244,-0.025251,0.214619,0.463589,-0.031054,0.146631,0.620146,-0.008735,0.153445,0.563268,-0.020201,0.160258,0.528785,-0.025072,0.168105,0.496542,-0.027472
1133,0,0.041732,0.054078,0.028299,0.472349,0.180410,0.157400,0.796376,0.000000,0.219873,0.782464,-0.025203,0.270876,0.738801,-0.031445,0.294155,0.680082,-0.035348,0.312644,0.630999,-0.038317,0.245936,0.632209,-0.006256,0.272531,0.568522,-0.017422,0.284973,0.527122,-0.029124,0.293791,0.489684,-0.037777,0.214687,0.613676,-0.003076,0.234462,0.540334,-0.011954,0.244155,0.493394,-0.023350,0.250639,0.453855,-0.031949,0.182290,0.610654,-0.003892,0.195353,0.540374,-0.014724,0.205270,0.499056,-0.023548,0.214535,0.463368,-0.029448,0.146522,0.619897,-0.007416,0.153527,0.562873,-0.018565,0.160252,0.528507,-0.023404,0.167998,0.496047,-0.025832
1166,0,0.028138,0.023551,0.038177,0.496113,0.195025,0.157463,0.795877,0.000000,0.219400,0.781803,-0.026083,0.270780,0.738667,-0.032793,0.294234,0.680041,-0.037014,0.313040,0.630487,-0.040225,0.246102,0.631525,-0.006588,0.272531,0.567894,-0.017731,0.284625,0.526412,-0.029492,0.293461,0.488854,-0.038205,0.214879,0.612995,-0.002983,0.234511,0.539993,-0.011716,0.243992,0.492934,-0.023071,0.250375,0.453233,-0.031675,0.182464,0.610013,-0.003466,0.195402,0.539908,-0.014142,0.205147,0.499103,-0.022872,0.214079,0.463606,-0.028717,0.146725,0.619030,-0.006769,0.153615,0.562390,-0.017749,0.160208,0.528327,-0.022475,0.167624,0.496404,-0.024838
1197,0,0.022406,0.023404,0.037223,0.484805,0.190738,0.157591,0.796083,0.000000,0.219799,0.781887,-0.025239,0.271042,0.738399,-0.031477,0.294030,0.679719,-0.035371,0.312659,0.630770,-0.038327,0.245547,0.631651,-0.006125,0.272404,0.568311,-0.017126,0.284844,0.526969,-0.028790,0.293747,0.489639,-0.037426,0.214453,0.613176,-0.002898,0.234186,0.539943,-0.011637,0.244062,0.492883,-0.023004,0.250548,0.453303,-0.031621,0.182314,0.610157,-0.003664,0.195311,0.539957,-0.014413,0.205176,0.498826,-0.023310,0.214325,0.463474,-0.029259,0.146744,0.619068,-0.007139,0.153632,0.562121,-0.018208,0.160366,0.527656,-0.023058,0.168045,0.495734,-0.025509
1229,0,0.024073,0.025160,0.048254,0.504944,0.196602,0.157498,0.795496,0.000000,0.219814,0.781767,-0.025457,0.270861,0.738330,-0.031876,0.294128,0.679781,-0.035896,0.312590,0.630887,-0.038907,0.245246,0.631607,-0.006301,0.272096,0.568060,-0.017335,0.284455,0.526589,-0.028937,0.293136,0.489227,-0.037465,0.214086,0.612927,-0.002833,0.234106,0.539697,-0.011412,0.243758,0.492530,-0.022500,0.250194,0.453156,-0.030848,0.181966,0.609567,-0.003369,0.195106,0.539483,-0.013720,0.204884,0.498648,-0.022122,0.213833,0.463608,-0.027729,0.146506,0.618355,-0.006675,0.153586,0.561895,-0.017227,0.160267,0.528085,-0.021599,0.167731,0.496551,-0.023708
1262,0,0.055093,0.053076,0.073618,0.516420,0.192952,0.157165,0.795109,0.000000,0.218994,0.781417,-0.025771,0.270377,0.738199,-0.032669,0.293531,0.679826,-0.037135,0.312450,0.630916,-0.040665,0.245678,0.631335,-0.007541,0.271921,0.567525,-0.019306,0.284129,0.526023,-0.031336,0.292817,0.488550,-0.040161,0.214238,0.612881,-0.004324,0.233755,0.539467,-0.013705,0.243507,0.492671,-0.025195,0.250254,0.453026,-0.033822,0.181848,0.609732,-0.005106,0.194708,0.539589,-0.016163,0.204619,0.498633,-0.024763,0.213862,0.462970,-0.030472,0.146042,0.619004,-0.008667,0.152887,0.561994,-0.019846,0.159626,0.527928,-0.024475,0.167405,0.496113,-0.026708
1295,0,0.033301,0.029783,0.045477,0.520178,0.187730,0.157233,0.794614,0.000000,0.219559,0.780856,-0.025017,0.270608,0.737682,-0.031460,0.293365,0.678820,-0.035636,0.311684,0.629959,-0.038912,0.245426,0.631311,-0.006848,0.271436,0.566949,-0.018340,0.283565,0.525344,-0.030111,0.292353,0.487938,-0.038732,0.213906,0.612792,-0.003838,0.233134,0.539082,-0.013094,0.242889,0.491962,-0.024531,0.249604,0.452422,-0.033134,0.181607,0.609684,-0.004760,0.194127,0.539350,-0.015775,0.203829,0.498290,-0.024513,0.212774,0.463142,-0.030309,0.145798,0.618771,-0.008365,0.152800,0.561831,-0.019546,0.159402,0.527358,-0.024351,0.166887,0.495221,-0.026727
1325,0,0.031685,0.028853,0.031131,0.548784,0.205439,0.156816,0.794512,0.000000,0.218920,0.780601,-0.025353,0.270141,0.737241,-0.032092,0.292799,0.678433,-0.036476,0.311339,0.629455,-0.039962,0.244889,0.631091,-0.007794,0.271259,0.566885,-0.019711,0.283519,0.525103,-0.031678,0.292405,0.487660,-0.040393,0.213447,0.612520,-0.004766,0.232929,0.538933,-0.014393,0.242597,0.491943,-0.025928,0.249259,0.452455,-0.034535,0.181198,0.609476,-0.005647,0.193881,0.539213,-0.016899,0.203653,0.498191,-0.025497,0.212764,0.462791,-0.031175,0.145518,0.618816,-0.009218,0.152555,0.562016,-0.020520,0.159322,0.527707,-0.025156,0.167079,0.495788,-0.027402
1356,0,0.052030,0.036840,0.054058,0.543947,0.183818,0.156858,0.793670,0.000000,0.219399,0.779598,-0.025476,0.270239,0.736619,-0.032002,0.292840,0.677901,-0.036209,0.311368,0.628880,-0.039481,0.245105,0.629863,-0.006454,0.271734,0.565919,-0.017817,0.283726,0.524126,-0.029629,0.292070,0.486357,-0.038295,0.213653,0.611648,-0.003259,0.233174,0.538205,-0.012396,0.242676,0.491262,-0.023894,0.249046,0.451839,-0.032487,0.181233,0.608710,-0.004081,0.194149,0.538375,-0.015111,0.204014,0.497382,-0.023858,0.213115,0.461954,-0.029611,0.145325,0.617964,-0.007632,0.152129,0.561007,-0.018896,0.159035,0.526592,-0.023642,0.166677,0.494589,-0.025943
1404,0,0.030415,0.034403,0.071934,0.548790,0.198701,0.157505,0.793501,0.000000,0.219554,0.779865,-0.025817,0.270200,0.736807,-0.032793,0.293161,0.678629,-0.037395,0.311544,0.629363,-0.041027,0.244841,0.629712,-0.007430,0.271319,0.566356,-0.019111,0.283497,0.524833,-0.031157,0.292025,0.487332,-0.039948,0.213638,0.611109,-0.004083,0.233375,0.538285,-0.013277,0.242981,0.491480,-0.024648,0.249218,0.452145,-0.033170,0.181416,0.607922,-0.004737,0.194546,0.538201,-0.015542,0.204362,0.497428,-0.023983,0.213110,0.462383,-0.029575,0.146018,0.617104,-0.008176,0.153120,0.560474,-0.019057,0.159740,0.526227,-0.023462,0.167065,0.494877,-0.025547
1438,0,0.029643,0.035100,0.088031,0.552398,0.186676,0.157125,0.793091,0.000000,0.219361,0.779586,-0.025382,0.270315,0.736899,-0.032149,0.292900,0.678261,-0.036582,0.311071,0.628951,-0.040137,0.245005,0.630035,-0.007400,0.270782,0.566368,-0.019279,0.282848,0.525031,-0.031341,0.291669,0.487698,-0.040137,0.213782,0.611667,-0.004369,0.233306,0.538546,-0.013858,0.243236,0.491705,-0.025364,0.250001,0.452191,-0.033980,0.181449,0.608780,-0.005300,0.194176,0.538682,-0.016514,0.203891,0.497697,-0.025166,0.213030,0.462533,-0.030838,0.145779,0.618145,-0.008948,0.152598,0.561358,-0.020266,0.159487,0.527016,-0.025005,0.167117,0.495079,-0.027320
1471,0,0.027062,0.023812,0.051294,0.551944,0.181638,0.156891,0.793092,0.000000,0.219353,0.779535,-0.025265,0.270227,0.736190,-0.031823,0.292498,0.677032,-0.036070,0.310828,0.627936,-0.039456,0.244851,0.630210,-0.007055,0.270133,0.566275,-0.018725,0.281832,0.524727,-0.030676,0.290337,0.487353,-0.039421,0.213409,0.611963,-0.003982,0.232503,0.538889,-0.013421,0.242219,0.491821,-0.024978,0.249075,0.452188,-0.033651,0.181206,0.609060,-0.004869,0.193714,0.539076,-0.016055,0.203375,0.498453,-0.024727,0.212522,0.463766,-0.030390,0.145518,0.618304,-0.008466,0.152378,0.561404,-0.019746,0.159388,0.527171,-0.024512,0.167339,0.495462,-0.026842
1499,0,0.038106,0.050913,0.062545,0.568190,0.223007,0.157586,0.793617,0.000000,0.219262,0.779409,-0.025691,0.269817,0.736056,-0.032717,0.292048,0.677036,-0.037330,0.310146,0.627114,-0.041013,0.244287,0.629846,-0.007665,0.269324,0.565121,-0.019487,0.280815,0.523479,-0.031537,0.289223,0.486061,-0.040298,0.212635,0.612134,-0.004456,0.231486,0.539110,-0.013865,0.241548,0.492188,-0.025334,0.248683,0.452518,-0.033969,0.180309,0.609450,-0.005247,0.192800,0.539627,-0.016269,0.202778,0.499616,-0.024601,0.212219,0.465598,-0.030071,0.144850,0.618583,-0.008814,0.151808,0.561872,-0.019863,0.159184,0.528096,-0.024332,0.167665,0.497098,-0.026424
1532,0,0.131965,0.127410,0.144623,0.588876,0.255628,0.157203,0.793867,0.000000,0.219503,0.777682,-0.025177,0.269082,0.733106,-0.031565,0.290100,0.673839,-0.035544,0.308497,0.624660,-0.038577,0.242395,0.627562,-0.005554,0.267146,0.562605,-0.016558,0.278888,0.521381,-0.028210,0.287524,0.484216,-0.036614,0.210809,0.611869,-0.002178,0.230336,0.539434,-0.010438,0.241140,0.493249,-0.021216,0.249268,0.454529,-0.029316,0.178864,0.610139,-0.002879,0.191831,0.541349,-0.012981,0.202601,0.502473,-0.020573,0.213517,0.469523,-0.025551,0.143545,0.619731,-0.006379,0.150687,0.564209,-0.016603,0.159283,0.532373,-0.020252,0.169705,0.503021,-0.021787
1569,0,0.158545,0.156864,0.383560,0.557809,0.369927,0.159300,0.797409,0.000000,0.219644,0.778813,-0.023465,0.267533,0.729674,-0.029006,0.287469,0.669730,-0.032712,0.306052,0.621672,-0.035491,0.241110,0.625701,-0.003327,0.264455,0.561351,-0.014574,0.276263,0.520735,-0.026280,0.285976,0.485060,-0.034636,0.210363,0.611933,-0.000847,0.228730,0.541656,-0.009541,0.241088,0.497567,-0.020151,0.252643,0.461073,-0.027990,0.179765,0.611998,-0.002514,0.192776,0.546071,-0.013478,0.204903,0.510127,-0.020792,0.218661,0.479801,-0.025282,0.145761,0.623020,-0.006909,0.153142,0.569319,-0.018004,0.163194,0.539474,-0.021879,0.175937,0.512536,-0.023411
1595,0,0.255208,0.253394,0.771865,0.641968,0.541385,0.160607,0.801431,0.000000,0.218870,0.779625,-0.022214,0.265850,0.729175,-0.027034,0.285914,0.669829,-0.030378,0.304158,0.620431,-0.032619,0.238559,0.625937,0.000943,0.260699,0.560496,-0.008964,0.273265,0.520501,-0.020027,0.283961,0.486297,-0.027852,0.210656,0.613631,0.003286,0.231009,0.545030,-0.004026,0.246079,0.504340,-0.014246,0.260620,0.473757,-0.021930,0.182132,0.613494,0.001232,0.197811,0.549852,-0.008977,0.213298,0.517635,-0.017145,0.230068,0.495133,-0.022232,0.149749,0.622774,-0.003526,0.156892,0.568323,-0.014149,0.171057,0.544278,-0.018568,0.188623,0.528899,-0.020507
1628,0,0.352118,0.361913,2.277363,0.703154,0.692542,0.164608,0.805101,0.000000,0.219831,0.781411,-0.021194,0.265121,0.727042,-0.026801,0.285234,0.669654,-0.031604,0.303571,0.620643,-0.035586,0.237261,0.625569,-0.001635,0.252592,0.560703,-0.013115,0.263511,0.521168,-0.024837,0.275239,0.488985,-0.033300,0.211392,0.614769,-0.000961,0.227945,0.542231,-0.011624,0.247565,0.507359,-0.022891,0.268867,0.486493,-0.031140,0.184590,0.617772,-0.004475,0.196304,0.546959,-0.019070,0.215609,0.527644,-0.028729,0.236382,0.526281,-0.033836,0.154479,0.629875,-0.010499,0.161462,0.568936,-0.025569,0.180266,0.552377,-0.032425,0.201370,0.554735,-0.035461
1662,0,0.373198,0.384215,1.915940,1.018616,1.033349,0.167866,0.806349,0.000000,0.221307,0.784883,-0.015825,0.264083,0.724603,-0.019156,0.284208,0.668253,-0.023273,0.303682,0.621355,-0.026504,0.235313,0.618677,0.003658,0.246293,0.551622,-0.004879,0.256565,0.511851,-0.013938,0.267574,0.480362,-0.020962,0.210424,0.613501,0.001519,0.215075,0.536662,-0.009136,0.236576,0.509980,-0.018958,0.258088,0.498402,-0.025349,0.186314,0.621331,-0.004272,0.190128,0.548829,-0.020131,0.218990,0.542941,-0.028220,0.244468,0.554548,-0.031108,0.160238,0.637544,-0.012115,0.166764,0.575172,-0.027804,0.188755,0.568027,-0.033618,0.209521,0.580957,-0.035460
1690,0,0.301540,0.246280,1.557613,1.167617,1.181658,0.168695,0.810354,0.000000,0.218719,0.788855,-0.014044,0.260297,0.726604,-0.018029,0.281673,0.669302,-0.023334,0.303699,0.623050,-0.027347,0.234812,0.630706,0.003504,0.245092,0.561547,-0.003590,0.254673,0.518520,-0.010691,0.262960,0.483914,-0.016583,0.211548,0.622991,0.000061,0.212073,0.539774,-0.009051,0.234587,0.515461,-0.015833,0.251398,0.509477,-0.019972,0.188599,0.627803,-0.006534,0.195060,0.551476,-0.022105,0.225071,0.561413,-0.025594,0.241169,0.587515,-0.024798,0.164949,0.640548,-0.014939,0.176745,0.576989,-0.030401,0.199700,0.582326,-0.032625,0.212741,0.605914,-0.031341
1725,0,0.347662,0.342653,1.689585,1.419868,1.438459,0.170383,0.809250,0.000000,0.222863,0.787193,-0.005811,0.261726,0.724071,-0.007239,0.282883,0.669555,-0.012362,0.301581,0.623520,-0.016416,0.233605,0.631749,0.010452,0.238207,0.558620,0.003286,0.248170,0.517420,-0.003552,0.256042,0.487269,-0.008821,0.212751,0.625364,0.002130,0.210445,0.534720,-0.009614,0.242471,0.518038,-0.016993,0.263540,0.522982,-0.019912,0.192069,0.630161,-0.008803,0.199621,0.549559,-0.027210,0.234117,0.572545,-0.029823,0.248115,0.609904,-0.026597,0.171803,0.643020,-0.020777,0.186703,0.580115,-0.038274,0.211786,0.595820,-0.039680,0.221562,0.629014,-0.036688
1758,0,0.134436,0.132594,0.653219,1.504976,1.545935,0.173178,0.810544,0.000000,0.222770,0.789265,-0.005576,0.259875,0.723461,-0.007485,0.279895,0.667120,-0.013061,0.300015,0.622845,-0.017124,0.234098,0.632126,0.011270,0.238674,0.558466,0.004372,0.249421,0.516221,-0.002178,0.257123,0.484895,-0.007603,0.213742,0.626413,0.002854,0.211631,0.532906,-0.010061,0.243290,0.521062,-0.017442,0.263345,0.530143,-0.019996,0.194449,0.630731,-0.008144,0.205103,0.547251,-0.027612,0.238808,0.572985,-0.029994,0.250842,0.611634,-0.026631,0.177378,0.643774,-0.020032,0.198661,0.585683,-0.037846,0.220103,0.608099,-0.038828,0.223711,0.644214,-0.035774
1807,0,0.303528,0.273748,1.109603,1.729024,1.741988,0.174021,0.813300,0.000000,0.224444,0.787016,0.001389,0.259671,0.720322,0.000679,0.278969,0.667210,-0.005951,0.297255,0.621868,-0.010847,0.236478,0.634204,0.019566,0.238332,0.559405,0.012472,0.252023,0.518686,0.005754,0.260856,0.491395,0.000797,0.217935,0.629410,0.006318,0.211751,0.529815,-0.008002,0.246995,0.524688,-0.014931,0.266429,0.542429,-0.015785,0.199540,0.632686,-0.009416,0.214220,0.553202,-0.029624,0.246405,0.590591,-0.028779,0.251824,0.632489,-0.022227,0.184139,0.645007,-0.025696,0.210244,0.592163,-0.043022,0.229129,0.623255,-0.041150,0.224737,0.661886,-0.035644
1840,0,0.338173,0.352178,1.075983,1.835255,1.846858,0.177605,0.812967,0.000000,0.226899,0.785979,-0.000563,0.260213,0.717675,-0.001699,0.278893,0.666330,-0.007793,0.296504,0.623557,-0.012023,0.238454,0.635912,0.013011,0.246643,0.565175,0.006272,0.258767,0.520714,0.000882,0.264597,0.485171,-0.004036,0.217056,0.632071,0.000869,0.216735,0.534264,-0.016294,0.246577,0.533789,-0.023448,0.260391,0.550846,-0.023747,0.197691,0.637465,-0.013002,0.221028,0.567884,-0.035573,0.247267,0.612940,-0.033503,0.247303,0.652758,-0.025537,0.183690,0.653358,-0.027291,0.217719,0.614795,-0.044546,0.230669,0.649960,-0.041263,0.220654,0.683621,-0.034827
1887,0,0.205480,0.213835,1.480484,1.958006,1.990230,0.179785,0.812980,0.000000,0.229331,0.783096,-0.001836,0.260676,0.713459,-0.002296,0.279068,0.664286,-0.006745,0.295682,0.621960,-0.008741,0.236227,0.635585,0.010391,0.248381,0.569152,0.003824,0.259955,0.522933,-0.000754,0.263555,0.483722,-0.005251,0.211973,0.630043,-0.000832,0.218534,0.535768,-0.018653,0.246824,0.541438,-0.023936,0.257711,0.562683,-0.022129,0.192242,0.635660,-0.013840,0.228813,0.578447,-0.037121,0.249803,0.625550,-0.034281,0.245173,0.659999,-0.025392,0.182541,0.653149,-0.027347,0.229743,0.629886,-0.043778,0.235619,0.668022,-0.040311,0.219645,0.696481,-0.034004
1917,0,0.155326,0.159617,1.058815,2.041077,2.088648,0.180998,0.813185,0.000000,0.229328,0.780211,-0.002070,0.258993,0.709710,-0.003143,0.277053,0.661929,-0.008427,0.291750,0.617897,-0.011166,0.231606,0.634042,0.010217,0.244563,0.567270,0.001130,0.258442,0.521755,-0.004138,0.264281,0.484276,-0.008248,0.208990,0.629033,-0.001254,0.222058,0.537380,-0.020269,0.248987,0.541380,-0.025792,0.257686,0.557994,-0.023528,0.191232,0.635815,-0.014884,0.235293,0.586551,-0.039544,0.251301,0.636473,-0.037059,0.241973,0.667223,-0.027725,0.183816,0.653602,-0.028996,0.234391,0.639326,-0.045325,0.238593,0.675658,-0.042159,0.219756,0.697456,-0.035862
1972,0,0.130054,0.128556,0.436197,2.053289,2.117902,0.182678,0.809943,0.000000,0.230360,0.775464,-0.002523,0.258317,0.705805,-0.004226,0.274964,0.657779,-0.009873,0.287747,0.612818,-0.012631,0.230760,0.632596,0.009294,0.242937,0.564513,0.000519,0.256308,0.519640,-0.003553,0.262578,0.483725,-0.006435,0.208984,0.627319,-0.001457,0.220020,0.536443,-0.019011,0.245428,0.535619,-0.022615,0.255429,0.546749,-0.019287,0.192133,0.634044,-0.014506,0.236024,0.587245,-0.037268,0.250639,0.636205,-0.033205,0.241914,0.666442,-0.023276,0.185485,0.651396,-0.028259,0.236066,0.639251,-0.042692,0.240398,0.674353,-0.038904,0.222917,0.694698,-0.032469
2013,0,0.143263,0.136985,0.442191,2.128224,2.190004,0.181805,0.808566,0.000000,0.229422,0.770570,0.000341,0.256245,0.700154,-0.000728,0.272278,0.651334,-0.006525,0.285690,0.608765,-0.009424,0.228040,0.630887,0.011487,0.239852,0.560812,0.003092,0.254462,0.518174,0.000079,0.262573,0.485400,-0.001665,0.208073,0.625604,-0.000035,0.221061,0.537012,-0.017203,0.245100,0.535094,-0.019575,0.255077,0.543591,-0.015204,0.193178,0.632151,-0.013650,0.239909,0.585998,-0.035024,0.252522,0.636926,-0.029044,0.243432,0.669117,-0.017830,0.187736,0.650613,-0.027917,0.239896,0.640292,-0.040822,0.243575,0.674380,-0.036332,0.226767,0.694178,-0.029335
2048,0,0.191132,0.186467,0.670834,2.239187,2.304706,0.180659,0.805230,0.000000,0.229307,0.763652,0.003802,0.254156,0.693868,0.004257,0.269135,0.646913,-0.000786,0.282513,0.604248,-0.003181,0.224574,0.624715,0.017189,0.236297,0.557346,0.009675,0.252473,0.516465,0.006610,0.262242,0.485812,0.004892,0.205974,0.620444,0.003954,0.220320,0.532841,-0.012134,0.245236,0.535207,-0.015091,0.256269,0.550335,-0.010850,0.192808,0.628518,-0.011293,0.242970,0.589399,-0.031267,0.254110,0.638575,-0.026692,0.244379,0.668215,-0.016619,0.190095,0.648569,-0.026891,0.243817,0.642548,-0.038157,0.246263,0.675972,-0.033835,0.228577,0.693526,-0.027235
2095,0,0.111227,0.116242,0.281777,2.270008,2.326771,0.178993,0.803975,0.000000,0.228374,0.761009,0.006160,0.252964,0.691850,0.007444,0.268283,0.644727,0.002599,0.280951,0.601962,0.000150,0.226425,0.623548,0.020450,0.239156,0.556975,0.013446,0.255691,0.516086,0.009753,0.264192,0.484777,0.007326,0.207417,0.619218,0.005748,0.220172,0.530720,-0.009599,0.245666,0.533587,-0.012910,0.256718,0.550198,-0.009263,0.194097,0.627733,-0.010878,0.243161,0.585315,-0.029885,0.255905,0.633924,-0.025367,0.247093,0.664126,-0.015859,0.191928,0.648152,-0.027781,0.246133,0.640840,-0.038396,0.249288,0.674166,-0.033986,0.232308,0.692297,-0.027672
2127,0,0.061255,0.060538,0.322695,2.245948,2.300414,0.178667,0.804644,0.000000,0.228316,0.761205,0.004943,0.252988,0.692476,0.005699,0.268092,0.645628,0.000662,0.281131,0.602633,-0.001828,0.225373,0.622953,0.018661,0.237589,0.556634,0.010515,0.255111,0.516144,0.006296,0.265673,0.486037,0.003961,0.206578,0.618893,0.004711,0.219606,0.530204,-0.011636,0.245580,0.531268,-0.015244,0.258076,0.547497,-0.011445,0.193440,0.627630,-0.011244,0.243397,0.586669,-0.031035,0.255798,0.634711,-0.026661,0.247819,0.665812,-0.016666,0.191386,0.648841,-0.027536,0.245324,0.641043,-0.038270,0.248963,0.674106,-0.033568,0.233394,0.693277,-0.026661
2171,0,0.035675,0.033661,0.256800,2.241613,2.296751,0.178905,0.805159,0.000000,0.228561,0.762177,0.004803,0.253337,0.692930,0.005919,0.268742,0.646234,0.001369,0.281652,0.603138,-0.000652,0.227161,0.622544,0.018617,0.239939,0.556417,0.010996,0.256775,0.515719,0.006957,0.265831,0.484694,0.004515,0.207859,0.618948,0.004707,0.220660,0.530314,-0.011444,0.246954,0.532873,-0.015140,0.258643,0.551060,-0.011481,0.194079,0.627946,-0.011170,0.242795,0.587091,-0.031104,0.256203,0.634830,-0.027280,0.248150,0.665582,-0.017711,0.191521,0.649090,-0.027298,0.244918,0.640229,-0.038203,0.249009,0.673651,-0.033666,0.232891,0.693478,-0.026914
2225,0,0.047119,0.056038,0.238416,2.243330,2.294536,0.178165,0.805389,0.000000,0.228782,0.761013,0.005877,0.253171,0.692886,0.006858,0.268147,0.646022,0.001812,0.281320,0.602792,-0.000827,0.226773,0.623738,0.019674,0.239784,0.557548,0.011937,0.257427,0.517077,0.007646,0.267403,0.486607,0.005134,0.207728,0.619730,0.005317,0.220935,0.531324,-0.010231,0.247041,0.531163,-0.013880,0.259363,0.546009,-0.010515,0.194219,0.628730,-0.010992,0.243733,0.588835,-0.030235,0.256542,0.635553,-0.026275,0.248399,0.665842,-0.016878,0.191692,0.649778,-0.027522,0.245309,0.641697,-0.037771,0.249399,0.674309,-0.033004,0.233875,0.693291,-0.026275
2254,0,0.039609,0.052352,0.176595,2.230071,2.283842,0.178602,0.805009,0.000000,0.228456,0.761756,0.004960,0.252855,0.693691,0.005821,0.268313,0.646469,0.000809,0.281448,0.603030,-0.001802,0.226078,0.624282,0.019512,0.239238,0.558751,0.011550,0.256607,0.518671,0.007097,0.266515,0.488591,0.004544,0.207310,0.620222,0.005697,0.221346,0.532537,-0.010351,0.246850,0.531582,-0.014469,0.258741,0.545738,-0.011266,0.193906,0.629150,-0.010168,0.243645,0.590827,-0.030201,0.255798,0.637409,-0.026888,0.247721,0.667321,-0.017590,0.191268,0.649653,-0.026266,0.244680,0.642063,-0.037156,0.248324,0.674388,-0.032763,0.233036,0.692997,-0.026119
2314,0,0.026485,0.027227,0.140596,2.235718,2.291378,0.179217,0.804999,0.000000,0.228918,0.762042,0.004806,0.252903,0.693542,0.005570,0.267660,0.646188,0.000502,0.280578,0.602746,-0.002167,0.226268,0.625258,0.019076,0.239565,0.559340,0.011313,0.256667,0.518721,0.007031,0.266111,0.487618,0.004444,0.207663,0.620897,0.005242,0.221492,0.533025,-0.010740,0.247117,0.532453,-0.014708,0.259150,0.546970,-0.011468,0.194278,0.629684,-0.010612,0.243818,0.589861,-0.030453,0.256240,0.636623,-0.026849,0.248110,0.666999,-0.017529,0.191621,0.650058,-0.026740,0.245341,0.642642,-0.037716,0.249041,0.675067,-0.033420,0.233317,0.693664,-0.026922
2353,0,0.029311,0.033408,0.223386,2.239637,2.295612,0.179058,0.804445,0.000000,0.228799,0.762507,0.004931,0.252968,0.693732,0.005712,0.267698,0.646155,0.000648,0.280773,0.602854,-0.002075,0.226818,0.624835,0.018943,0.240541,0.559510,0.011397,0.257378,0.518658,0.007229,0.266127,0.487183,0.004522,0.207519,0.620618,0.004872,0.221561,0.532379,-0.011197,0.247021,0.534590,-0.015157,0.258100,0.551159,-0.011842,0.193693,0.629427,-0.011143,0.243338,0.589524,-0.030894,0.255815,0.636649,-0.027062,0.247100,0.666469,-0.017745,0.190898,0.650030,-0.027425,0.245035,0.642858,-0.038577,0.248430,0.675744,-0.034327,0.231875,0.693909,-0.027952
2392,0,0.028814,0.030218,0.188636,2.249642,2.304597,0.178746,0.804480,0.000000,0.228805,0.761700,0.005629,0.252777,0.692999,0.006746,0.267243,0.645800,0.001864,0.280025,0.603029,-0.000658,0.226883,0.624102,0.019753,0.239974,0.558556,0.012348,0.257528,0.518616,0.008232,0.266366,0.488183,0.005633,0.208095,0.620331,0.005443,0.221217,0.532246,-0.010331,0.247509,0.534569,-0.014256,0.258672,0.551344,-0.010994,0.194206,0.629431,-0.010822,0.243235,0.590001,-0.030330,0.255902,0.636594,-0.026895,0.246696,0.665648,-0.017954,0.190917,0.650060,-0.027259,0.244849,0.643669,-0.038089,0.248439,0.676005,-0.033982,0.231257,0.693506,-0.027804
2432,0,0.030953,0.033137,0.150732,2.249627,2.298677,0.177872,0.804981,0.000000,0.228098,0.761862,0.005709,0.252330,0.693281,0.006609,0.266999,0.646001,0.001407,0.280271,0.602755,-0.001467,0.227112,0.625113,0.019690,0.240610,0.559351,0.012381,0.257839,0.518804,0.008518,0.266653,0.487816,0.006045,0.208152,0.620848,0.005232,0.221118,0.532821,-0.010391,0.247268,0.533361,-0.014036,0.259023,0.548502,-0.010691,0.193997,0.629796,-0.011163,0.243166,0.590813,-0.030781,0.255280,0.637710,-0.027090,0.246140,0.667089,-0.017936,0.190518,0.650380,-0.027745,0.244360,0.644449,-0.038835,0.247696,0.676940,-0.034744,0.230644,0.694560,-0.028508
2466,0,0.033340,0.032240,0.237800,2.228732,2.276957,0.177846,0.805100,0.000000,0.227745,0.762861,0.004775,0.252233,0.694274,0.005607,0.267017,0.646425,0.000580,0.280330,0.602902,-0.002083,0.226603,0.625950,0.019226,0.239859,0.560101,0.011514,0.257105,0.519388,0.007089,0.266480,0.488190,0.004295,0.207961,0.621136,0.005325,0.221142,0.533752,-0.010641,0.246775,0.532045,-0.015097,0.258816,0.545253,-0.012342,0.193948,0.629547,-0.010614,0.243249,0.591425,-0.030595,0.254958,0.637435,-0.027630,0.246187,0.667226,-0.018844,0.190561,0.649691,-0.026793,0.244289,0.644490,-0.038234,0.247381,0.676838,-0.034506,0.231117,0.694750,-0.028430
2517,0,0.029509,0.034089,0.223998,2.224258,2.272878,0.178330,0.805058,0.000000,0.227998,0.763155,0.004603,0.251928,0.694426,0.005310,0.266704,0.646233,0.000146,0.280445,0.602645,-0.002642,0.225634,0.626763,0.019101,0.239262,0.560425,0.011192,0.256509,0.519982,0.006535,0.265994,0.488587,0.003562,0.207605,0.622168,0.005265,0.221721,0.535805,-0.010747,0.247168,0.531960,-0.015527,0.259093,0.542222,-0.013205,0.194005,0.630533,-0.010648,0.243821,0.591216,-0.030837,0.255210,0.637612,-0.027989,0.246186,0.667719,-0.019373,0.190698,0.650325,-0.026810,0.244263,0.644411,-0.038673,0.246795,0.677279,-0.035063,0.229670,0.695678,-0.029095
2568,0,0.039885,0.053101,0.218758,2.221665,2.275147,0.178933,0.804106,0.000000,0.228007,0.764039,0.004455,0.252297,0.694466,0.005187,0.267112,0.645989,0.000058,0.280615,0.602474,-0.002715,0.226816,0.626469,0.018945,0.241333,0.560889,0.011219,0.257445,0.519419,0.006686,0.266284,0.486710,0.003566,0.207888,0.621723,0.005096,0.222662,0.537159,-0.011210,0.247151,0.532077,-0.016163,0.258345,0.540641,-0.014002,0.193778,0.630399,-0.010805,0.244125,0.591187,-0.031371,0.255041,0.638421,-0.028634,0.245419,0.668768,-0.020134,0.190294,0.650303,-0.026959,0.244384,0.646244,-0.039475,0.245356,0.679619,-0.036360,0.227187,0.697628,-0.030705
2606,0,0.083777,0.083279,0.321004,2.197719,2.257655,0.179998,0.802987,0.000000,0.228575,0.764402,0.003210,0.253625,0.695017,0.003435,0.268419,0.646159,-0.001915,0.281443,0.602239,-0.004941,0.228699,0.626605,0.016608,0.243187,0.560778,0.008541,0.258987,0.518471,0.003989,0.267094,0.484956,0.000754,0.209246,0.621717,0.003151,0.223966,0.536425,-0.014116,0.248813,0.535036,-0.019315,0.259235,0.547612,-0.017046,0.194582,0.630140,-0.012240,0.243496,0.590250,-0.033592,0.254950,0.637749,-0.031108,0.245261,0.668134,-0.022585,0.190468,0.649692,-0.027910,0.244245,0.645639,-0.041168,0.245652,0.679034,-0.038345,0.227362,0.697154,-0.032806
2639,0,0.074697,0.075388,0.186856,2.217864,2.274993,0.179658,0.803321,0.000000,0.229138,0.763384,0.004730,0.253366,0.694364,0.005390,0.268113,0.646518,0.000011,0.280959,0.602937,-0.003005,0.227434,0.626803,0.019276,0.241721,0.561789,0.011539,0.258350,0.520061,0.007059,0.266987,0.487384,0.003982,0.208906,0.622104,0.005171,0.224253,0.537887,-0.010985,0.248886,0.534288,-0.015510,0.258759,0.543696,-0.013029,0.194760,0.630143,-0.011012,0.244513,0.589976,-0.031484,0.256094,0.638020,-0.028324,0.245792,0.668785,-0.019526,0.190936,0.649756,-0.027468,0.244875,0.645386,-0.040051,0.246530,0.678851,-0.036767,0.227558,0.697293,-0.030984
2671,0,0.079503,0.071576,0.228221,2.207747,2.260710,0.179319,0.803654,0.000000,0.228336,0.764024,0.003553,0.252601,0.694947,0.003244,0.267148,0.646585,-0.002737,0.280171,0.603054,-0.006319,0.226638,0.628084,0.016080,0.240544,0.562249,0.007515,0.257634,0.520885,0.003024,0.266984,0.489317,0.000178,0.207862,0.623173,0.002590,0.223291,0.538809,-0.014159,0.248004,0.534234,-0.018268,0.258755,0.542394,-0.015413,0.193657,0.631166,-0.012923,0.244662,0.591516,-0.033495,0.255840,0.638956,-0.029564,0.245899,0.669878,-0.020278,0.189918,0.651048,-0.028852,0.244708,0.647413,-0.041589,0.246096,0.680367,-0.038173,0.227608,0.698426,-0.032232
2718,0,0.049780,0.048809,0.197960,2.222240,2.270971,0.178946,0.804598,0.000000,0.227765,0.764538,0.004293,0.251806,0.694612,0.004366,0.266201,0.646164,-0.001365,0.279287,0.602755,-0.004674,0.225714,0.628836,0.016639,0.239520,0.562377,0.008461,0.256668,0.521108,0.004260,0.266038,0.489466,0.001521,0.207001,0.623885,0.002756,0.220981,0.539021,-0.013331,0.246511,0.533827,-0.017003,0.258512,0.541355,-0.014129,0.192809,0.632223,-0.013127,0.242859,0.591754,-0.033083,0.254311,0.639367,-0.028701,0.244707,0.670319,-0.019353,0.189136,0.652068,-0.029393,0.243136,0.647052,-0.041686,0.244613,0.679907,-0.037996,0.226166,0.697680,-0.032036
2764,0,0.066488,0.054169,0.254911,2.232236,2.277961,0.178496,0.805210,0.000000,0.226813,0.766001,0.003956,0.251164,0.695747,0.003863,0.265900,0.647181,-0.001929,0.278847,0.603829,-0.005356,0.225386,0.628354,0.015486,0.238434,0.561772,0.006962,0.255488,0.520319,0.002578,0.264591,0.489023,-0.000261,0.206107,0.623955,0.001688,0.220151,0.538592,-0.015007,0.246069,0.535861,-0.018938,0.257562,0.546588,-0.016036,0.191548,0.632567,-0.014031,0.241132,0.592023,-0.034522,0.253526,0.639686,-0.030529,0.244090,0.670884,-0.021281,0.187683,0.652525,-0.030085,0.241715,0.647860,-0.042918,0.243680,0.681153,-0.039439,0.225039,0.699736,-0.033546
2798,0,0.069638,0.058822,0.221150,2.270517,2.311735,0.177645,0.806644,0.000000,0.226978,0.765484,0.006069,0.250483,0.695132,0.006781,0.264255,0.647477,0.001279,0.277257,0.604576,-0.002068,0.223810,0.627918,0.017987,0.237288,0.562611,0.009831,0.254699,0.521289,0.005499,0.263478,0.490077,0.002620,0.204740,0.623989,0.002956,0.219544,0.538231,-0.013606,0.245760,0.536908,-0.017702,0.256709,0.549229,-0.014782,0.190306,0.633209,-0.013847,0.240784,0.593622,-0.034247,0.252232,0.641066,-0.030400,0.241727,0.670693,-0.021229,0.186743,0.653794,-0.030774,0.241056,0.648890,-0.043134,0.242966,0.681776,-0.039287,0.223811,0.699278,-0.033125
2851,0,0.062161,0.070895,0.233633,2.276719,2.307278,0.176263,0.807633,0.000000,0.226463,0.765099,0.006199,0.250136,0.696689,0.007360,0.264231,0.648890,0.002302,0.277264,0.604859,-0.000697,0.223258,0.629131,0.019758,0.237519,0.564651,0.012219,0.254565,0.522682,0.007727,0.262644,0.490004,0.004558,0.204251,0.624746,0.004697,0.218941,0.538188,-0.011475,0.245789,0.538202,-0.016199,0.256887,0.553347,-0.013698,0.190142,0.633927,-0.012147,0.239611,0.596034,-0.032362,0.251269,0.642603,-0.029565,0.241026,0.671157,-0.021067,0.187005,0.653841,-0.029027,0.240604,0.648527,-0.040842,0.242933,0.681384,-0.037005,0.224306,0.699148,-0.030945
2878,0,0.054741,0.064624,0.184780,2.285030,2.311363,0.175226,0.807774,0.000000,0.225813,0.765799,0.005938,0.249704,0.695816,0.007091,0.263602,0.648101,0.002239,0.277394,0.605388,-0.000476,0.223296,0.627634,0.017775,0.237654,0.562598,0.010067,0.254840,0.521495,0.005713,0.262835,0.489764,0.002659,0.203806,0.624196,0.002771,0.218883,0.537353,-0.013678,0.245903,0.538723,-0.018288,0.256578,0.555021,-0.015659,0.189265,0.633827,-0.013903,0.239353,0.595640,-0.033946,0.251643,0.642597,-0.030939,0.241260,0.670886,-0.022457,0.185956,0.654885,-0.030651,0.240431,0.649889,-0.042321,0.243080,0.682892,-0.038467,0.224056,0.700504,-0.032542
2934,0,0.081867,0.090311,0.173267,2.273466,2.295403,0.174685,0.808373,0.000000,0.225701,0.765835,0.005938,0.249473,0.696635,0.007692,0.263352,0.648553,0.003374,0.277235,0.604741,0.001271,0.223584,0.628801,0.020440,0.238145,0.563691,0.013576,0.254932,0.522391,0.009307,0.262639,0.489408,0.006227,0.204932,0.624740,0.005558,0.219001,0.537514,-0.010021,0.245634,0.537757,-0.015086,0.256076,0.553472,-0.012870,0.190541,0.633629,-0.011188,0.238812,0.595500,-0.030896,0.251414,0.641883,-0.028834,0.241366,0.670384,-0.020875,0.186798,0.653394,-0.027984,0.239717,0.646663,-0.039181,0.243123,0.679120,-0.035436,0.224712,0.697259,-0.029575
2982,0,0.058544,0.058332,0.428640,2.233493,2.254503,0.174858,0.808554,0.000000,0.224862,0.767458,0.004006,0.248679,0.697482,0.005357,0.262920,0.648367,0.001099,0.276828,0.603914,-0.000823,0.224240,0.630398,0.019324,0.238715,0.564842,0.012164,0.254757,0.523191,0.007577,0.262891,0.490054,0.004283,0.205433,0.625547,0.005801,0.219075,0.539410,-0.009862,0.244708,0.535809,-0.015282,0.256246,0.547547,-0.013551,0.190907,0.633767,-0.009780,0.239041,0.593841,-0.029929,0.251237,0.639522,-0.028225,0.242118,0.669417,-0.020485,0.186828,0.653149,-0.025578,0.239511,0.646701,-0.037815,0.242026,0.679551,-0.034896,0.224347,0.698389,-0.029422
3014,0,0.046402,0.048169,0.272882,2.228884,2.253139,0.175137,0.808135,0.000000,0.224373,0.767961,0.003991,0.249434,0.698269,0.005026,0.264732,0.649050,0.000326,0.279082,0.605220,-0.002126,0.224927,0.630275,0.019403,0.239658,0.564771,0.012035,0.255658,0.522326,0.007373,0.263990,0.488456,0.003977,0.205515,0.624830,0.005846,0.220759,0.539590,-0.010629,0.245266,0.537628,-0.016403,0.255332,0.550412,-0.014611,0.191000,0.632604,-0.009693,0.239748,0.593856,-0.030519,0.251128,0.640213,-0.028933,0.241917,0.670334,-0.021025,0.187039,0.651736,-0.025420,0.240390,0.648063,-0.038266,0.241981,0.681408,-0.035743,0.224030,0.699950,-0.030375
3058,0,0.081677,0.093888,0.200946,2.207804,2.244972,0.176754,0.806873,0.000000,0.225503,0.767173,0.002561,0.250253,0.696311,0.003052,0.264992,0.647416,-0.001722,0.278759,0.604056,-0.004114,0.224605,0.628025,0.016205,0.239192,0.563144,0.007986,0.255607,0.521557,0.003093,0.264546,0.488842,-0.000360,0.205122,0.623049,0.003387,0.219798,0.538786,-0.013901,0.245035,0.535932,-0.019572,0.256408,0.548003,-0.017673,0.190712,0.631649,-0.011407,0.239535,0.593549,-0.032681,0.251260,0.639343,-0.030790,0.242457,0.669261,-0.022651,0.187166,0.651845,-0.026559,0.240268,0.648694,-0.039757,0.241893,0.681235,-0.037308,0.224178,0.699219,-0.031996
3091,0,0.044719,0.055987,0.145418,2.236463,2.274414,0.176536,0.805368,0.000000,0.225233,0.766339,0.003859,0.250309,0.695196,0.004554,0.264957,0.646067,-0.000293,0.278423,0.602701,-0.002873,0.225262,0.627428,0.016324,0.240445,0.562168,0.008525,0.256578,0.520442,0.004045,0.264877,0.487078,0.000743,0.205339,0.622864,0.002541,0.220315,0.538122,-0.014379,0.245611,0.535720,-0.019560,0.256442,0.547732,-0.017471,0.190674,0.632050,-0.013043,0.240057,0.593848,-0.033634,0.251727,0.640795,-0.031034,0.242411,0.670337,-0.022787,0.187199,0.652492,-0.028919,0.241105,0.648969,-0.041487,0.242612,0.681986,-0.038582,0.224209,0.699634,-0.033240
3143,0,0.063312,0.065460,0.202886,2.221437,2.258988,0.176448,0.804842,0.000000,0.225667,0.765431,0.003714,0.249995,0.695425,0.004749,0.264098,0.646453,0.000267,0.277746,0.602977,-0.001955,0.225482,0.627710,0.017727,0.241135,0.563245,0.010286,0.257214,0.521356,0.005805,0.265136,0.487510,0.002502,0.206427,0.623108,0.004204,0.222245,0.538825,-0.012075,0.246824,0.536396,-0.017352,0.256691,0.548185,-0.015384,0.191948,0.631763,-0.011243,0.240818,0.593030,-0.031841,0.252585,0.639569,-0.029873,0.242956,0.668916,-0.021913,0.188033,0.651555,-0.026922,0.241263,0.646195,-0.039533,0.243151,0.679612,-0.036635,0.224933,0.697943,-0.031197
3189,0,0.041502,0.043102,0.159704,2.243440,2.279150,0.176073,0.805163,0.000000,0.225562,0.764842,0.005247,0.250087,0.695512,0.006519,0.264723,0.646571,0.001858,0.278675,0.602892,-0.000599,0.224780,0.627461,0.019294,0.240301,0.562688,0.012262,0.256619,0.520915,0.008018,0.265391,0.487435,0.004797,0.205633,0.622930,0.004957,0.220965,0.538396,-0.010816,0.246136,0.535960,-0.015849,0.256939,0.547988,-0.013886,0.191332,0.631631,-0.011218,0.240365,0.592575,-0.031110,0.251941,0.639167,-0.028700,0.242553,0.668781,-0.020722,0.187865,0.651509,-0.027558,0.241066,0.647054,-0.039838,0.242581,0.680049,-0.036911,0.224347,0.697850,-0.031574
3222,0,0.023124,0.029593,0.111338,2.238976,2.276526,0.176842,0.805524,0.000000,0.226209,0.764894,0.004935,0.250228,0.695541,0.005940,0.264499,0.646686,0.001113,0.278545,0.603240,-0.001473,0.225037,0.628360,0.018540,0.239901,0.563094,0.011210,0.256333,0.521473,0.006995,0.264965,0.488347,0.003967,0.205873,0.623752,0.004414,0.221024,0.538383,-0.011469,0.246254,0.536392,-0.016216,0.257004,0.548288,-0.013945,0.191396,0.632161,-0.011585,0.240593,0.593202,-0.031592,0.252185,0.639790,-0.028981,0.242541,0.669242,-0.020757,0.187634,0.651985,-0.027748,0.241052,0.647187,-0.039870,0.242921,0.680002,-0.036723,0.224501,0.697692,-0.031163
3267,0,0.042454,0.041210,0.151148,2.227063,2.263986,0.176963,0.805685,0.000000,0.226149,0.765395,0.004184,0.250109,0.695921,0.004826,0.264184,0.647417,-0.000236,0.277675,0.603746,-0.003019,0.224974,0.628739,0.017603,0.239262,0.563711,0.009687,0.255791,0.522205,0.005058,0.264140,0.489506,0.001887,0.206010,0.624287,0.003737,0.221166,0.538864,-0.012630,0.246531,0.536008,-0.017665,0.256750,0.547063,-0.015492,0.191324,0.632702,-0.012066,0.240481,0.593967,-0.032737,0.251981,0.640461,-0.030465,0.241765,0.669625,-0.022236,0.187166,0.652421,-0.028050,0.240774,0.647732,-0.040644,0.242956,0.680625,-0.037567,0.224211,0.698460,-0.031914
3299,0,0.024297,0.021317,0.129482,2.236122,2.270638,0.176774,0.806066,0.000000,0.225950,0.765509,0.004771,0.249811,0.695776,0.005718,0.264135,0.647092,0.000830,0.277803,0.603681,-0.001857,0.224568,0.629419,0.018012,0.239103,0.564230,0.010364,0.255657,0.522468,0.006017,0.264042,0.489506,0.003042,0.205649,0.624828,0.003962,0.220552,0.539430,-0.012223,0.246014,0.535826,-0.017119,0.256917,0.546918,-0.014867,0.191092,0.633272,-0.011963,0.239965,0.594500,-0.032540,0.251373,0.640756,-0.030252,0.241605,0.670802,-0.021979,0.187215,0.652739,-0.028001,0.240367,0.647609,-0.040492,0.242217,0.680364,-0.037382,0.223618,0.698847,-0.031700
3346,0,0.048595,0.048641,0.101872,2.220119,2.254427,0.176484,0.805792,0.000000,0.225652,0.766184,0.003554,0.250410,0.696323,0.003869,0.264961,0.647446,-0.001401,0.278216,0.603489,-0.004357,0.225106,0.628961,0.016511,0.239807,0.563894,0.008452,0.256057,0.521614,0.003965,0.264561,0.488490,0.000881,0.205511,0.624345,0.002941,0.220553,0.539867,-0.013744,0.245415,0.536147,-0.018581,0.255868,0.546379,-0.016252,0.190530,0.632661,-0.012575,0.239746,0.594160,-0.033503,0.251379,0.641195,-0.030826,0.241616,0.671367,-0.022276,0.186149,0.652424,-0.028363,0.239869,0.648365,-0.041303,0.241413,0.681610,-0.038233,0.222624,0.700026,-0.032539
3401,0,0.024659,0.029282,0.165251,2.225314,2.260243,0.176572,0.805320,0.000000,0.225122,0.766341,0.003858,0.249495,0.696247,0.004265,0.264332,0.647275,-0.000955,0.277993,0.603869,-0.003940,0.224619,0.629242,0.016456,0.239312,0.563868,0.008468,0.255887,0.521884,0.003858,0.264501,0.488956,0.000603,0.205209,0.624489,0.002678,0.220447,0.539337,-0.014034,0.245809,0.537235,-0.019056,0.256262,0.549340,-0.016874,0.190476,0.632829,-0.012956,0.239621,0.593095,-0.033695,0.251320,0.639930,-0.031077,0.241329,0.669951,-0.022743,0.186308,0.652608,-0.028833,0.239987,0.648203,-0.041816,0.241583,0.681557,-0.038860,0.222597,0.699834,-0.033304
3434,0,0.064894,0.070751,0.222672,2.236120,2.269741,0.176101,0.804681,0.000000,0.225202,0.765450,0.005125,0.249352,0.696036,0.006411,0.263948,0.646663,0.001792,0.277819,0.602992,-0.000747,0.225012,0.628814,0.019056,0.240490,0.564442,0.012013,0.256412,0.522474,0.007640,0.264400,0.488805,0.004294,0.205904,0.624357,0.004662,0.221504,0.539777,-0.011443,0.246184,0.536786,-0.016883,0.256370,0.548469,-0.015165,0.191133,0.633031,-0.011541,0.240123,0.593767,-0.031719,0.251407,0.639961,-0.029635,0.241668,0.669448,-0.021817,0.187093,0.652227,-0.027854,0.240025,0.646532,-0.040285,0.241471,0.679667,-0.037293,0.223017,0.698455,-0.031897
3474,0,0.026141,0.027079,0.237447,2.248040,2.283069,0.176165,0.804514,0.000000,0.224728,0.765087,0.005251,0.248874,0.696290,0.006308,0.263523,0.647123,0.001331,0.277740,0.603114,-0.001589,0.224370,0.628596,0.019316,0.238990,0.563540,0.011986,0.255679,0.522089,0.007548,0.264545,0.489342,0.004316,0.205470,0.623824,0.004771,0.221164,0.538550,-0.011533,0.246389,0.537189,-0.016988,0.256652,0.550647,-0.015095,0.190899,0.632382,-0.011613,0.240246,0.593821,-0.032181,0.251411,0.640252,-0.030280,0.241262,0.669643,-0.022426,0.186834,0.651671,-0.028059,0.240243,0.647375,-0.040942,0.241538,0.680782,-0.038170,0.222811,0.699105,-0.032785
3526,0,0.074208,0.074571,0.266815,2.250492,2.282277,0.175836,0.804851,0.000000,0.225487,0.764415,0.005808,0.249169,0.696561,0.007395,0.263251,0.647163,0.002781,0.277136,0.603012,0.000280,0.223921,0.629409,0.021467,0.238405,0.564684,0.014522,0.255151,0.522965,0.010181,0.264000,0.489765,0.007132,0.205722,0.624958,0.006833,0.220957,0.538768,-0.008661,0.246606,0.535266,-0.013836,0.257731,0.546848,-0.011830,0.191426,0.633245,-0.009815,0.239848,0.593839,-0.030221,0.251214,0.640220,-0.028474,0.241428,0.670012,-0.020486,0.187481,0.652176,-0.026441,0.239992,0.644917,-0.038797,0.242159,0.678039,-0.035552,0.224127,0.697204,-0.029793
3558,0,0.023969,0.040850,0.089795,2.255643,2.280680,0.174806,0.805594,0.000000,0.224611,0.765414,0.006092,0.248759,0.696950,0.007756,0.263449,0.647743,0.003193,0.277703,0.603715,0.000720,0.223820,0.629656,0.021264,0.238953,0.564487,0.014655,0.255506,0.522736,0.010739,0.264130,0.489465,0.007938,0.205429,0.624883,0.006547,0.221533,0.539385,-0.008438,0.246467,0.535560,-0.013183,0.257148,0.546223,-0.011034,0.191185,0.633277,-0.010097,0.240527,0.593735,-0.029934,0.251642,0.640170,-0.027794,0.241953,0.670141,-0.019802,0.187374,0.652413,-0.026741,0.240407,0.645434,-0.038783,0.242223,0.678665,-0.035518,0.224121,0.697740,-0.029827
3605,0,0.048785,0.049930,0.182003,2.237910,2.262538,0.174877,0.806056,0.000000,0.224381,0.765930,0.005149,0.248825,0.696840,0.006329,0.263751,0.647470,0.001548,0.278195,0.603436,-0.001057,0.224911,0.629816,0.019756,0.240169,0.564085,0.012980,0.256254,0.522061,0.008904,0.264514,0.488298,0.005824,0.205886,0.625035,0.005565,0.221672,0.539868,-0.009985,0.246370,0.537902,-0.015000,0.256504,0.549663,-0.013061,0.190997,0.633328,-0.010504,0.239913,0.592546,-0.030376,0.251330,0.639295,-0.027963,0.241512,0.669271,-0.019953,0.186722,0.652673,-0.026693,0.239733,0.646280,-0.039048,0.241460,0.679448,-0.036008,0.222804,0.698308,-0.030537
3639,0,0.022357,0.024025,0.142246,2.221918,2.245638,0.174520,0.806067,0.000000,0.223874,0.766651,0.004391,0.248766,0.697114,0.005609,0.263804,0.647642,0.001114,0.278439,0.604318,-0.001157,0.225021,0.629721,0.018880,0.240504,0.564073,0.011925,0.256327,0.521993,0.007831,0.264605,0.488477,0.004787,0.205587,0.624592,0.005212,0.221800,0.539877,-0.010602,0.246443,0.537654,-0.015689,0.256805,0.549370,-0.013686,0.190738,0.632543,-0.010361,0.239700,0.592687,-0.030483,0.251144,0.638878,-0.028302,0.241830,0.669001,-0.020346,0.186429,0.651874,-0.026103,0.239375,0.646717,-0.038618,0.240822,0.679818,-0.035865,0.222632,0.698467,-0.030519
3683,0,0.033491,0.032968,0.070313,2.238705,2.258476,0.173799,0.805960,0.000000,0.223421,0.766635,0.005179,0.248528,0.697449,0.006762,0.263624,0.647814,0.002444,0.278119,0.604109,0.000279,0.224330,0.630004,0.020250,0.239798,0.564629,0.013640,0.255761,0.522574,0.009642,0.264433,0.488932,0.006623,0.205248,0.624814,0.006087,0.221171,0.539330,-0.009427,0.245731,0.537016,-0.014544,0.256307,0.549522,-0.012558,0.190498,0.632793,-0.009982,0.239510,0.593586,-0.029892,0.250632,0.639556,-0.027853,0.241295,0.669059,-0.020000,0.186343,0.651871,-0.026171,0.239124,0.646535,-0.038425,0.240668,0.679692,-0.035545,0.222820,0.698295,-0.030160
3730,0,0.033505,0.035197,0.111501,2.233881,2.252560,0.173801,0.806402,0.000000,0.223917,0.766669,0.005402,0.248986,0.698017,0.007261,0.264127,0.648800,0.003131,0.278621,0.604409,0.001118,0.224690,0.630152,0.021610,0.240542,0.565428,0.015428,0.256283,0.523252,0.011369,0.264397,0.489220,0.008153,0.205421,0.625146,0.007217,0.220988,0.539396,-0.008014,0.245688,0.536647,-0.013546,0.256297,0.548990,-0.011987,0.190407,0.633012,-0.009120,0.239328,0.593363,-0.029010,0.250567,0.639040,-0.027451,0.241182,0.668409,-0.019979,0.186095,0.652070,-0.025516,0.238774,0.645435,-0.037880,0.240391,0.678539,-0.035066,0.222337,0.697221,-0.029780
3763,0,0.030926,0.034468,0.167329,2.222804,2.243946,0.174265,0.806364,0.000000,0.223906,0.767093,0.004704,0.249045,0.697761,0.006144,0.264315,0.648060,0.001808,0.279021,0.604006,-0.000297,0.224820,0.630128,0.020037,0.240032,0.564649,0.013579,0.255706,0.522407,0.009543,0.264394,0.488603,0.006444,0.205533,0.625094,0.006229,0.220420,0.539495,-0.008969,0.245384,0.536138,-0.014073,0.256648,0.547536,-0.012288,0.190610,0.632989,-0.009525,0.239245,0.592758,-0.029204,0.250607,0.638386,-0.027105,0.241584,0.668221,-0.019355,0.186254,0.652212,-0.025454,0.238913,0.646074,-0.037635,0.240454,0.678883,-0.034818,0.222592,0.697638,-0.029526
3814,0,0.054724,0.043678,0.231599,2.208296,2.237009,0.175225,0.806171,0.000000,0.224554,0.767703,0.003700,0.250004,0.698405,0.004786,0.264914,0.648816,0.000173,0.279493,0.604938,-0.002245,0.226028,0.629175,0.019664,0.241304,0.565238,0.012715,0.256947,0.522647,0.008296,0.264921,0.488507,0.004889,0.206483,0.623803,0.006170,0.221870,0.539145,-0.010011,0.246379,0.537315,-0.015625,0.256594,0.549893,-0.013843,0.191460,0.631843,-0.009348,0.239952,0.592791,-0.030230,0.251239,0.639051,-0.028565,0.242060,0.668792,-0.020703,0.187340,0.651268,-0.025072,0.240077,0.646609,-0.038253,0.241369,0.679733,-0.035835,0.223676,0.697917,-0.030570
3847,0,0.045920,0.039982,0.141245,2.206199,2.237978,0.175864,0.806502,0.000000,0.225827,0.767174,0.003884,0.251305,0.697465,0.004845,0.266308,0.648466,0.000111,0.280620,0.604596,-0.002445,0.226444,0.628719,0.018897,0.241376,0.563802,0.011492,0.257297,0.521472,0.006970,0.265633,0.487798,0.003671,0.206931,0.623702,0.005262,0.222658,0.538738,-0.011224,0.246885,0.536615,-0.016925,0.256979,0.548675,-0.015105,0.192066,0.632141,-0.010336,0.240921,0.593716,-0.031376,0.252061,0.639792,-0.029744,0.242610,0.668543,-0.021802,0.187876,0.652039,-0.026069,0.240803,0.646558,-0.039013,0.242564,0.679231,-0.036234,0.224889,0.696680,-0.030712
3893,0,0.060526,0.046071,0.233305,2.171469,2.208617,0.177432,0.806183,0.000000,0.227106,0.768090,0.002973,0.252238,0.698655,0.003506,0.267079,0.648966,-0.001468,0.280955,0.604649,-0.004090,0.228569,0.630833,0.017844,0.243175,0.564662,0.010464,0.258878,0.522033,0.006117,0.266926,0.487765,0.002892,0.209129,0.625099,0.004738,0.223702,0.539355,-0.011237,0.248003,0.536466,-0.016289,0.258166,0.546416,-0.014356,0.193946,0.632556,-0.010437,0.241560,0.591439,-0.030978,0.253156,0.638210,-0.028569,0.243830,0.667731,-0.020424,0.189008,0.651488,-0.025908,0.241571,0.645397,-0.038727,0.243601,0.678228,-0.035832,0.225621,0.695993,-0.030385
3951,0,0.056530,0.057833,0.202129,2.161049,2.200282,0.177725,0.806090,0.000000,0.227031,0.767797,0.002485,0.252699,0.698313,0.002460,0.267894,0.649160,-0.002957,0.281881,0.605276,-0.005945,0.228115,0.630621,0.015839,0.242422,0.563867,0.007830,0.258917,0.521749,0.003373,0.267601,0.488716,0.000212,0.208529,0.624834,0.002937,0.222946,0.539548,-0.013673,0.248565,0.536296,-0.018535,0.259628,0.545428,-0.016421,0.193430,0.632476,-0.011971,0.241728,0.591335,-0.032771,0.252990,0.638455,-0.029691,0.243240,0.668306,-0.021113,0.188653,0.651997,-0.027274,0.241703,0.647189,-0.040507,0.243414,0.679535,-0.037606,0.225036,0.696647,-0.032127
3985,0,0.044736,0.059933,0.222598,2.152575,2.202666,0.179034,0.805692,0.000000,0.227631,0.768829,0.002131,0.253506,0.698689,0.001977,0.268498,0.649222,-0.003485,0.281981,0.605546,-0.006594,0.229162,0.630557,0.014921,0.243305,0.564200,0.006822,0.259444,0.521449,0.002535,0.267442,0.488018,-0.000543,0.209088,0.624466,0.002038,0.223475,0.539058,-0.015198,0.248940,0.537383,-0.020014,0.259190,0.548415,-0.017610,0.193501,0.632037,-0.012795,0.240988,0.591526,-0.034220,0.252248,0.638863,-0.031236,0.242152,0.668255,-0.022533,0.188181,0.651193,-0.027984,0.241020,0.647041,-0.041564,0.242545,0.679826,-0.038705,0.223924,0.697090,-0.033184
4017,0,0.052560,0.073380,0.212554,2.120608,2.183262,0.180652,0.805696,0.000000,0.228145,0.769160,0.001575,0.253974,0.698168,0.001194,0.269211,0.648761,-0.004249,0.282687,0.605379,-0.007216,0.229939,0.631042,0.013574,0.244168,0.563947,0.005617,0.259661,0.521115,0.001731,0.266844,0.487510,-0.001134,0.209629,0.625024,0.001068,0.223649,0.539707,-0.015941,0.248512,0.537831,-0.020183,0.257895,0.547251,-0.017584,0.193490,0.632046,-0.013378,0.239897,0.590319,-0.034453,0.251370,0.638034,-0.030488,0.240975,0.667194,-0.021308,0.187128,0.650254,-0.028256,0.238848,0.643836,-0.041473,0.240860,0.676550,-0.037901,0.222172,0.693420,-0.031971
4049,0,0.028568,0.026729,0.140721,2.119986,2.181184,0.180260,0.805702,0.000000,0.228671,0.767967,0.002006,0.254409,0.697263,0.001992,0.269176,0.648628,-0.003109,0.282668,0.606148,-0.005734,0.230088,0.631267,0.013976,0.244849,0.564731,0.006107,0.259700,0.521804,0.002177,0.266145,0.487165,-0.000896,0.209266,0.625314,0.001212,0.223898,0.540218,-0.015747,0.248210,0.538659,-0.019999,0.256922,0.547195,-0.017526,0.192920,0.632227,-0.013451,0.239130,0.590249,-0.034465,0.250549,0.638667,-0.030319,0.240044,0.666948,-0.021102,0.186466,0.650364,-0.028540,0.238113,0.643175,-0.041457,0.240009,0.676121,-0.037650,0.221010,0.692508,-0.031760
4100,0,0.041503,0.037883,0.119967,2.108820,2.169999,0.180136,0.805789,0.000000,0.228037,0.768950,0.000701,0.254024,0.698428,0.000369,0.268888,0.649426,-0.004696,0.282670,0.606783,-0.007229,0.229868,0.632654,0.012308,0.244432,0.565522,0.004310,0.259018,0.522267,0.000548,0.265558,0.487232,-0.002313,0.208927,0.626169,0.000303,0.223428,0.540200,-0.016804,0.247849,0.538563,-0.020883,0.256802,0.547645,-0.018119,0.192287,0.632802,-0.013641,0.238725,0.590855,-0.034977,0.249907,0.639645,-0.030889,0.239487,0.668686,-0.021487,0.185483,0.650184,-0.028099,0.237556,0.643687,-0.041375,0.239511,0.676779,-0.037821,0.220828,0.693370,-0.031956
4147,0,0.032455,0.033431,0.136430,2.110035,2.166464,0.179501,0.806034,0.000000,0.227230,0.770029,0.001056,0.253656,0.698690,0.001152,0.268589,0.649078,-0.003543,0.282813,0.606405,-0.005812,0.230321,0.633357,0.012743,0.244782,0.565879,0.005252,0.259292,0.522204,0.001822,0.265626,0.486873,-0.000915,0.209154,0.626828,0.000589,0.223121,0.540232,-0.016076,0.247676,0.539152,-0.019959,0.256658,0.548776,-0.017204,0.192074,0.633347,-0.013507,0.238142,0.590623,-0.034515,0.249738,0.639204,-0.030570,0.239275,0.667928,-0.021434,0.184862,0.650455,-0.028046,0.236552,0.642697,-0.041091,0.238502,0.675935,-0.037608,0.219718,0.692513,-0.031938
4180,0,0.031075,0.035798,0.167881,2.109868,2.169080,0.179693,0.806218,0.000000,0.227079,0.769779,0.000855,0.253536,0.698485,0.000570,0.268472,0.649027,-0.004581,0.282469,0.606292,-0.007246,0.229436,0.632876,0.012899,0.243651,0.565425,0.004991,0.258434,0.521531,0.001273,0.265112,0.486581,-0.001529,0.208449,0.626526,0.000759,0.222540,0.540333,-0.016484,0.247260,0.538019,-0.020763,0.256510,0.546653,-0.018130,0.191542,0.632977,-0.013370,0.237671,0.591005,-0.035139,0.248939,0.639699,-0.031456,0.238278,0.668661,-0.022169,0.184352,0.650076,-0.027933,0.236329,0.642961,-0.041490,0.238124,0.676250,-0.038003,0.219276,0.693166,-0.032114
4228,0,0.033598,0.026303,0.107366,2.107948,2.165343,0.179096,0.805541,0.000000,0.226547,0.769066,0.000463,0.253055,0.697688,-0.000019,0.267941,0.648179,-0.005197,0.282122,0.605613,-0.007896,0.229171,0.632507,0.011888,0.243598,0.564972,0.003688,0.258188,0.521363,-0.000061,0.264812,0.486252,-0.002923,0.207926,0.625668,0.000044,0.222389,0.539945,-0.017535,0.246834,0.538878,-0.021714,0.255717,0.547764,-0.018975,0.190952,0.632243,-0.013720,0.237450,0.590349,-0.035531,0.248564,0.639257,-0.031495,0.238114,0.668009,-0.022069,0.183671,0.649813,-0.027973,0.235717,0.643492,-0.041613,0.237467,0.676681,-0.038270,0.218905,0.693356,-0.032490
4263,0,0.053795,0.047140,0.173337,2.132314,2.190486,0.179025,0.804711,0.000000,0.226794,0.767784,0.001297,0.252727,0.696606,0.001297,0.267857,0.647208,-0.003675,0.281588,0.604696,-0.006207,0.229158,0.630580,0.013774,0.243222,0.564068,0.005896,0.257807,0.520648,0.001951,0.264522,0.485820,-0.001160,0.207966,0.624199,0.001539,0.221572,0.539046,-0.015783,0.246866,0.538422,-0.020262,0.256845,0.549046,-0.017800,0.191007,0.631376,-0.012646,0.237184,0.590082,-0.034072,0.248880,0.638073,-0.030517,0.238836,0.667079,-0.021577,0.184088,0.649505,-0.027300,0.236474,0.645222,-0.040986,0.238005,0.678179,-0.038284,0.219407,0.694347,-0.033005
4310,0,0.021855,0.026014,0.077076,2.124280,2.185253,0.179282,0.804291,0.000000,0.227035,0.768010,0.000700,0.253050,0.697677,0.000437,0.268000,0.647944,-0.004707,0.281823,0.604865,-0.007381,0.228855,0.631340,0.013509,0.242789,0.564207,0.005258,0.257711,0.520837,0.001238,0.264730,0.486277,-0.001789,0.207835,0.624700,0.001521,0.222274,0.538761,-0.016112,0.247220,0.538735,-0.020623,0.256626,0.549260,-0.017994,0.191208,0.631348,-0.012523,0.238049,0.590130,-0.034443,0.249306,0.638586,-0.030944,0.238849,0.667294,-0.021867,0.184368,0.649024,-0.027054,0.236835,0.644776,-0.041069,0.238180,0.678126,-0.038334,0.219370,0.694218,-0.032951
4357,0,0.030407,0.023386,0.080967,2.117643,2.180753,0.179589,0.803575,0.000000,0.227303,0.767200,0.000761,0.253388,0.697325,0.000267,0.268480,0.647777,-0.005089,0.282453,0.604885,-0.008007,0.229158,0.630114,0.013047,0.242858,0.563216,0.004530,0.257780,0.520219,0.000282,0.264724,0.485866,-0.002818,0.207859,0.623745,0.001004,0.222486,0.538172,-0.016698,0.247839,0.538452,-0.021210,0.257331,0.549213,-0.018581,0.190942,0.630803,-0.013047,0.238010,0.589264,-0.035048,0.250072,0.638078,-0.031389,0.239930,0.667202,-0.022116,0.184072,0.648789,-0.027552,0.236598,0.643369,-0.041532,0.238559,0.676735,-0.038441,0.220001,0.693555,-0.032739
4390,0,0.035841,0.033030,0.188457,2.116765,2.181327,0.179520,0.803368,0.000000,0.227478,0.766965,0.001348,0.253810,0.696851,0.001367,0.269400,0.647924,-0.003511,0.283661,0.605586,-0.005983,0.228971,0.629291,0.013751,0.242745,0.562601,0.005504,0.257893,0.519828,0.001248,0.264762,0.485546,-0.001872,0.207734,0.623319,0.001343,0.221602,0.536482,-0.015970,0.247607,0.537580,-0.020577,0.257568,0.549760,-0.018029,0.191036,0.630639,-0.013014,0.237415,0.588337,-0.034763,0.249617,0.637416,-0.031318,0.239271,0.666013,-0.022246,0.184287,0.648817,-0.027750,0.235999,0.641612,-0.041403,0.238140,0.675610,-0.038029,0.218992,0.692758,-0.032153
4427,0,0.099734,0.099366,0.270022,2.067252,2.138666,0.179731,0.803244,0.000000,0.227150,0.768302,0.000395,0.254209,0.697579,-0.000315,0.270151,0.649447,-0.005756,0.284041,0.606633,-0.008961,0.230326,0.627402,0.011922,0.244476,0.563311,0.003174,0.258948,0.519811,-0.001730,0.264586,0.484457,-0.005586,0.207928,0.622192,-0.000528,0.222413,0.536379,-0.018672,0.248027,0.537706,-0.023826,0.256390,0.549995,-0.021757,0.189945,0.629820,-0.014900,0.235527,0.587633,-0.037736,0.248232,0.636429,-0.034383,0.237428,0.664880,-0.025217,0.181871,0.648166,-0.029621,0.232511,0.638178,-0.043977,0.235254,0.672343,-0.040018,0.216038,0.690206,-0.033759
4474,0,0.111865,0.140669,0.189318,2.018226,2.108280,0.181617,0.803297,0.000000,0.227944,0.769786,-0.002025,0.255397,0.697540,-0.003219,0.271090,0.649131,-0.008645,0.284986,0.607368,-0.011750,0.230371,0.626604,0.009065,0.243557,0.562183,0.000039,0.257472,0.517464,-0.004764,0.263030,0.481599,-0.008494,0.206925,0.621296,-0.002061,0.219477,0.535176,-0.019985,0.245886,0.535272,-0.024303,0.255592,0.545910,-0.021841,0.187788,0.628162,-0.015372,0.232413,0.585110,-0.038685,0.246089,0.633390,-0.035259,0.235576,0.662426,-0.026034,0.178357,0.645666,-0.029246,0.228776,0.634867,-0.044752,0.231911,0.669771,-0.041362,0.212609,0.688281,-0.035402
4518,0,0.137600,0.146407,0.392922,1.976253,2.087049,0.183177,0.802899,0.000000,0.229582,0.769136,-0.003564,0.258246,0.696277,-0.004848,0.273889,0.647002,-0.010071,0.287378,0.604456,-0.013015,0.229517,0.624355,0.008644,0.243556,0.559920,0.000337,0.255929,0.514676,-0.004396,0.261154,0.476868,-0.008533,0.204424,0.619330,-0.001647,0.214202,0.534072,-0.019554,0.241676,0.533206,-0.024211,0.253864,0.544468,-0.022302,0.183683,0.626616,-0.014184,0.226137,0.579404,-0.038037,0.241862,0.626660,-0.035236,0.233831,0.657449,-0.026459,0.172955,0.644130,-0.027422,0.222902,0.629759,-0.044318,0.227356,0.665061,-0.042034,0.210097,0.685828,-0.036753
4562,0,0.199332,0.229180,0.461387,1.938361,2.099160,0.185042,0.802817,0.000000,0.230364,0.770333,-0.007679,0.259581,0.698310,-0.011383,0.273927,0.645782,-0.018213,0.287982,0.601189,-0.022961,0.227453,0.623252,0.003980,0.241071,0.557950,-0.006341,0.253348,0.512812,-0.012130,0.258675,0.476297,-0.016470,0.200968,0.619117,-0.004749,0.209750,0.531370,-0.025345,0.237636,0.533505,-0.031321,0.250962,0.550743,-0.029293,0.179233,0.626949,-0.015723,0.220215,0.581050,-0.041156,0.237040,0.627822,-0.038097,0.231446,0.659971,-0.028262,0.166100,0.645442,-0.027621,0.214191,0.627872,-0.044536,0.220559,0.663114,-0.040907,0.206047,0.686225,-0.034113
4595,0,0.263201,0.245595,1.090229,1.809546,2.024428,0.184905,0.799534,0.000000,0.230385,0.768741,-0.010505,0.259521,0.698592,-0.015744,0.271680,0.643273,-0.023460,0.284954,0.595677,-0.029594,0.227571,0.620621,0.002888,0.240264,0.556009,-0.007555,0.253413,0.513390,-0.014761,0.258889,0.478708,-0.020599,0.201584,0.617322,-0.004537,0.204281,0.525497,-0.026089,0.232310,0.531600,-0.034439,0.245304,0.555166,-0.034100,0.178935,0.626274,-0.014260,0.207024,0.567177,-0.039661,0.228933,0.606239,-0.038552,0.226846,0.636801,-0.030774,0.161983,0.645721,-0.025052,0.200318,0.619724,-0.043344,0.210211,0.650457,-0.041449,0.197968,0.673773,-0.036120
4641,0,0.272698,0.246550,1.556000,1.659723,1.867878,0.181698,0.797243,0.000000,0.229474,0.769322,-0.016900,0.263450,0.699684,-0.023025,0.274415,0.642146,-0.030059,0.284805,0.592867,-0.035563,0.231633,0.616599,-0.000752,0.245447,0.553674,-0.011063,0.256310,0.511443,-0.018942,0.260700,0.477221,-0.025418,0.204101,0.613207,-0.004351,0.205216,0.525784,-0.025328,0.227304,0.523120,-0.034934,0.238304,0.536488,-0.036085,0.177959,0.622906,-0.010676,0.197927,0.556406,-0.037740,0.217600,0.597442,-0.037884,0.217354,0.630836,-0.030617,0.154597,0.644543,-0.018420,0.184937,0.613282,-0.040546,0.196246,0.646053,-0.040079,0.188658,0.672599,-0.035006
4677,0,0.289484,0.294642,1.341123,1.512211,1.663762,0.177181,0.796355,0.000000,0.227301,0.769891,-0.017311,0.266375,0.704203,-0.022058,0.280000,0.645638,-0.027020,0.293748,0.597138,-0.031196,0.233099,0.618003,-0.000142,0.248399,0.554408,-0.007460,0.257850,0.513363,-0.014367,0.262752,0.479020,-0.020756,0.204825,0.611677,-0.001797,0.207505,0.528735,-0.016579,0.223305,0.518218,-0.025931,0.232332,0.524716,-0.029465,0.176540,0.620173,-0.006099,0.190083,0.546611,-0.029982,0.210488,0.576810,-0.034373,0.216676,0.609542,-0.032017,0.149163,0.641688,-0.011600,0.173303,0.606323,-0.035158,0.185704,0.641217,-0.038334,0.183779,0.675840,-0.036354
4724,0,0.438723,0.440335,1.731078,1.224860,1.326257,0.173392,0.793910,0.000000,0.229282,0.768139,-0.020805,0.271277,0.710887,-0.026480,0.288777,0.653756,-0.031517,0.304118,0.607738,-0.035565,0.233560,0.617674,-0.005714,0.251370,0.552469,-0.015361,0.262091,0.512508,-0.024924,0.271087,0.479315,-0.032737,0.204140,0.609223,-0.005047,0.206525,0.529362,-0.017473,0.224456,0.510987,-0.026550,0.240303,0.508517,-0.032348,0.175608,0.617639,-0.007411,0.179479,0.537874,-0.028336,0.197573,0.558488,-0.032384,0.208822,0.592176,-0.031093,0.147846,0.636886,-0.011569,0.157096,0.578593,-0.032472,0.171188,0.594426,-0.035300,0.177631,0.624808,-0.033639
4773,0,0.577101,0.620104,5.092792,0.803794,0.792115,0.169222,0.795213,0.000000,0.227715,0.773208,-0.024530,0.273953,0.720797,-0.031288,0.296054,0.663013,-0.036453,0.315063,0.616548,-0.040760,0.236823,0.619654,-0.006925,0.259169,0.556427,-0.017894,0.271653,0.517168,-0.029309,0.282589,0.484256,-0.037959,0.206383,0.605462,-0.004279,0.217571,0.534234,-0.013919,0.231560,0.495587,-0.024442,0.246278,0.470113,-0.032601,0.176276,0.608079,-0.005594,0.179844,0.534373,-0.020975,0.196148,0.515054,-0.030115,0.214064,0.512473,-0.034772,0.144582,0.622626,-0.009367,0.145070,0.562847,-0.025878,0.158502,0.552231,-0.031568,0.173329,0.560280,-0.033249
4804,0,0.386263,0.444650,3.402102,0.651180,0.475989,0.163288,0.793841,0.000000,0.225543,0.777240,-0.023587,0.274645,0.729862,-0.030530,0.299348,0.674088,-0.035205,0.319278,0.627013,-0.039019,0.242683,0.622814,-0.008261,0.267486,0.559002,-0.019562,0.279469,0.519028,-0.030706,0.288391,0.483862,-0.038562,0.209586,0.607278,-0.005370,0.226657,0.533253,-0.013235,0.237237,0.489829,-0.022164,0.245869,0.454365,-0.028614,0.176261,0.607962,-0.006152,0.182873,0.539055,-0.015371,0.191181,0.500565,-0.021531,0.201254,0.467207,-0.025661,0.141898,0.621939,-0.009553,0.143318,0.569035,-0.018490,0.148649,0.539575,-0.020758,0.156791,0.512359,-0.021390
4844,0,0.333171,0.369316,0.306128,0.670946,0.430253,0.160713,0.795391,0.000000,0.223071,0.782820,-0.025508,0.273526,0.738427,-0.033748,0.299507,0.682687,-0.039480,0.322198,0.636114,-0.044389,0.245617,0.628403,-0.012244,0.273256,0.563730,-0.025043,0.286268,0.522881,-0.036865,0.295496,0.486459,-0.045320,0.213261,0.609957,-0.009431,0.234701,0.533456,-0.019507,0.246152,0.487306,-0.030022,0.253726,0.449292,-0.037510,0.179803,0.608762,-0.010327,0.188108,0.535864,-0.021961,0.195651,0.493198,-0.030631,0.203373,0.456985,-0.036131,0.144236,0.621139,-0.013820,0.145756,0.562126,-0.025652,0.148674,0.526492,-0.030685,0.153813,0.493311,-0.033068
4897,0,0.194459,0.253104,0.135444,0.708889,0.438042,0.156812,0.796537,0.000000,0.219016,0.786279,-0.025954,0.270711,0.742849,-0.034758,0.298665,0.687740,-0.041219,0.322792,0.641545,-0.046820,0.245814,0.631671,-0.013188,0.274459,0.567210,-0.027272,0.288480,0.526457,-0.039755,0.298455,0.490155,-0.048614,0.214219,0.611109,-0.010900,0.238173,0.534200,-0.022861,0.250954,0.486870,-0.034575,0.259586,0.447828,-0.042830,0.181167,0.608208,-0.012428,0.191673,0.533101,-0.026027,0.199715,0.488277,-0.036149,0.207352,0.450942,-0.042427,0.145599,0.619246,-0.016491,0.148281,0.558199,-0.030109,0.151024,0.519776,-0.036588,0.155183,0.484925,-0.039865
4925,0,0.091683,0.119666,0.088285,0.747633,0.462100,0.153779,0.796693,0.000000,0.214978,0.787334,-0.026732,0.267146,0.746110,-0.036144,0.295481,0.691363,-0.043069,0.320179,0.644887,-0.048972,0.244687,0.633352,-0.014276,0.274551,0.569666,-0.028607,0.288439,0.528046,-0.041138,0.298182,0.491406,-0.050012,0.213663,0.611160,-0.011779,0.239059,0.534662,-0.023911,0.251947,0.486811,-0.035495,0.260397,0.447728,-0.043663,0.180707,0.606959,-0.013143,0.193315,0.531372,-0.026881,0.202153,0.486150,-0.036961,0.210207,0.448735,-0.043217,0.144970,0.616492,-0.017116,0.148324,0.555138,-0.031021,0.151126,0.515984,-0.037648,0.155126,0.480595,-0.040952
4977,0,0.061940,0.071249,0.073751,0.796646,0.475385,0.150804,0.795792,0.000000,0.211521,0.787715,-0.028187,0.263956,0.748012,-0.038087,0.292240,0.692830,-0.045241,0.316773,0.645899,-0.051218,0.243146,0.632875,-0.014747,0.273860,0.569890,-0.029158,0.287978,0.528453,-0.041804,0.297784,0.491808,-0.050845,0.212349,0.610213,-0.011675,0.238333,0.534203,-0.023984,0.251671,0.486396,-0.035771,0.260542,0.447032,-0.044120,0.179567,0.605531,-0.012636,0.193113,0.530443,-0.026599,0.202786,0.485456,-0.036891,0.211883,0.447789,-0.043336,0.143691,0.615051,-0.016344,0.147285,0.553991,-0.030522,0.150324,0.514704,-0.037433,0.154677,0.478967,-0.040945
5007,0,0.053919,0.055382,0.053805,0.842429,0.499219,0.150294,0.796328,0.000000,0.210661,0.787644,-0.028435,0.262424,0.747166,-0.038438,0.289793,0.691716,-0.045593,0.314409,0.644431,-0.051550,0.242048,0.631381,-0.015135,0.272509,0.568321,-0.029709,0.286662,0.527120,-0.042521,0.296831,0.490716,-0.051662,0.211190,0.608680,-0.012007,0.237126,0.532919,-0.024370,0.250605,0.485531,-0.036096,0.259627,0.446293,-0.044357,0.178217,0.604340,-0.012934,0.192417,0.529081,-0.026974,0.202589,0.484092,-0.037108,0.212045,0.446297,-0.043345,0.142143,0.614265,-0.016634,0.146038,0.552808,-0.030870,0.149595,0.513405,-0.037613,0.154334,0.477515,-0.040985
5036,0,0.057339,0.043055,0.067574,0.895378,0.532110,0.149145,0.796496,0.000000,0.209740,0.787469,-0.028713,0.261388,0.746536,-0.038987,0.287805,0.691162,-0.046476,0.312045,0.643984,-0.052722,0.241834,0.630710,-0.015909,0.271441,0.566858,-0.030934,0.285330,0.525538,-0.043841,0.295223,0.489155,-0.052948,0.210574,0.607824,-0.012720,0.236268,0.531504,-0.025420,0.249614,0.484253,-0.037068,0.258645,0.445698,-0.045158,0.177365,0.603614,-0.013632,0.191604,0.528122,-0.027829,0.200996,0.483288,-0.037895,0.209615,0.445982,-0.044067,0.141094,0.614273,-0.017348,0.145350,0.553098,-0.031611,0.148583,0.513775,-0.038460,0.152853,0.477690,-0.041847
5089,0,0.067856,0.088662,0.064050,0.845325,0.482279,0.147597,0.796432,0.000000,0.208873,0.787680,-0.028363,0.261177,0.746464,-0.037804,0.288053,0.690100,-0.044426,0.312068,0.643170,-0.049876,0.241950,0.630655,-0.013983,0.271653,0.566953,-0.027889,0.285325,0.525671,-0.040226,0.294900,0.489566,-0.049043,0.210765,0.607704,-0.010539,0.236118,0.531557,-0.022081,0.249275,0.484236,-0.033244,0.257924,0.445732,-0.041172,0.177487,0.603465,-0.011277,0.191639,0.527960,-0.024616,0.200793,0.483135,-0.034682,0.209026,0.445887,-0.041021,0.141369,0.613793,-0.014825,0.145293,0.552386,-0.028552,0.148284,0.513376,-0.035401,0.152481,0.477723,-0.038939
5121,0,0.036166,0.035895,0.070824,0.826083,0.459273,0.147323,0.796408,0.000000,0.208557,0.787615,-0.028899,0.261069,0.746888,-0.038495,0.287721,0.690513,-0.045283,0.312076,0.643233,-0.050820,0.241401,0.631210,-0.013227,0.271234,0.568230,-0.027155,0.285056,0.526838,-0.039708,0.294943,0.490350,-0.048772,0.210235,0.608441,-0.009595,0.235693,0.532863,-0.021219,0.248834,0.485639,-0.032768,0.257675,0.446742,-0.041036,0.177298,0.603794,-0.010249,0.191969,0.528974,-0.023723,0.201511,0.484103,-0.033962,0.210358,0.446364,-0.040467,0.141184,0.613572,-0.013814,0.145446,0.552889,-0.027648,0.148587,0.514097,-0.034626,0.153066,0.478423,-0.038305
5150,0,0.031045,0.029819,0.073233,0.797736,0.448087,0.148337,0.797164,0.000000,0.209629,0.788626,-0.028431,0.261453,0.747108,-0.037662,0.287533,0.690006,-0.044099,0.311808,0.643664,-0.049348,0.241600,0.631235,-0.013252,0.271359,0.568398,-0.026977,0.285420,0.527108,-0.039418,0.295454,0.490632,-0.048404,0.210526,0.608707,-0.009713,0.235881,0.533473,-0.021011,0.249021,0.486317,-0.032206,0.257939,0.447662,-0.040211,0.177687,0.604218,-0.010392,0.192734,0.529643,-0.023522,0.202595,0.485101,-0.033490,0.211578,0.447813,-0.039795,0.141793,0.614156,-0.013942,0.146025,0.553025,-0.027562,0.149418,0.514034,-0.034339,0.153982,0.478228,-0.037889
5182,0,0.046588,0.062472,0.063367,0.756952,0.424890,0.147296,0.797389,0.000000,0.209037,0.788748,-0.028268,0.261175,0.746873,-0.037225,0.287609,0.690187,-0.043448,0.311498,0.643443,-0.048465,0.241795,0.631289,-0.011994,0.271378,0.568372,-0.025175,0.285452,0.527231,-0.037414,0.295694,0.491206,-0.046277,0.210983,0.608846,-0.008288,0.236079,0.534085,-0.019037,0.249185,0.487164,-0.030135,0.258182,0.448545,-0.038187,0.178371,0.604370,-0.008868,0.193369,0.529753,-0.021592,0.203125,0.485329,-0.031587,0.212168,0.448148,-0.038036,0.142643,0.613902,-0.012333,0.146806,0.553446,-0.025741,0.149884,0.514733,-0.032643,0.154249,0.479080,-0.036301
5211,0,0.023516,0.027348,0.036807,0.737436,0.403915,0.147921,0.797558,0.000000,0.209006,0.788799,-0.028601,0.261254,0.747354,-0.037493,0.287849,0.690063,-0.043534,0.311851,0.643414,-0.048291,0.241812,0.631819,-0.011922,0.271509,0.568980,-0.025033,0.285674,0.527752,-0.037266,0.295934,0.491315,-0.046101,0.210963,0.609432,-0.008014,0.236137,0.534616,-0.018595,0.249236,0.487598,-0.029545,0.258301,0.448836,-0.037474,0.178246,0.604864,-0.008443,0.193059,0.530807,-0.020993,0.202981,0.486456,-0.030847,0.212159,0.448915,-0.037190,0.142477,0.614202,-0.011808,0.146881,0.553810,-0.024976,0.150436,0.515227,-0.031678,0.155415,0.479462,-0.035246
5244,0,0.039973,0.027403,0.032267,0.727769,0.420205,0.147856,0.798366,0.000000,0.209344,0.790059,-0.028406,0.261377,0.748484,-0.037410,0.287507,0.691220,-0.043626,0.311394,0.644425,-0.048636,0.241901,0.632701,-0.012159,0.271871,0.569995,-0.025448,0.286151,0.528858,-0.037768,0.296556,0.492877,-0.046640,0.211008,0.610282,-0.008411,0.236436,0.535645,-0.019308,0.249747,0.488801,-0.030384,0.258710,0.450446,-0.038352,0.178451,0.605570,-0.008952,0.193902,0.531069,-0.021719,0.204016,0.486614,-0.031627,0.213413,0.449316,-0.037975,0.142794,0.615399,-0.012385,0.147303,0.554750,-0.025844,0.150698,0.516024,-0.032663,0.155526,0.480284,-0.036261
5278,0,0.020605,0.022833,0.054035,0.711252,0.407116,0.148330,0.798442,0.000000,0.209266,0.789524,-0.028330,0.261230,0.748311,-0.037297,0.287183,0.690948,-0.043437,0.311224,0.644612,-0.048372,0.242119,0.632849,-0.011914,0.272076,0.569970,-0.025053,0.286362,0.528925,-0.037259,0.296574,0.492825,-0.046074,0.211352,0.610456,-0.008090,0.236677,0.535932,-0.018790,0.249584,0.488840,-0.029837,0.258431,0.450144,-0.037786,0.178800,0.605701,-0.008533,0.194366,0.531433,-0.021135,0.204573,0.487205,-0.030986,0.213947,0.450066,-0.037297,0.142966,0.615203,-0.011848,0.147261,0.554932,-0.025128,0.150690,0.516390,-0.031796,0.155394,0.481096,-0.035262
5309,0,0.018350,0.023995,0.061313,0.708959,0.396007,0.148012,0.798038,0.000000,0.209523,0.789105,-0.028713,0.261424,0.748600,-0.037838,0.287095,0.691141,-0.044142,0.310743,0.644272,-0.049147,0.241778,0.633167,-0.011703,0.271833,0.570606,-0.024912,0.286348,0.529578,-0.037349,0.296651,0.493141,-0.046324,0.211082,0.610686,-0.007696,0.236453,0.536643,-0.018496,0.249452,0.489583,-0.029766,0.258450,0.450768,-0.037914,0.178403,0.606050,-0.008025,0.194017,0.531915,-0.020810,0.204321,0.487718,-0.030858,0.213822,0.450531,-0.037274,0.142715,0.615287,-0.011261,0.147237,0.555066,-0.024799,0.150634,0.516384,-0.031686,0.155357,0.480798,-0.035261
5339,0,0.040918,0.035760,0.044919,0.737632,0.411223,0.147702,0.797990,0.000000,0.208906,0.789134,-0.029160,0.261193,0.748121,-0.038368,0.286987,0.690465,-0.044594,0.310436,0.643520,-0.049544,0.241673,0.632827,-0.013033,0.271466,0.570040,-0.026554,0.285637,0.528620,-0.039043,0.295800,0.491974,-0.048044,0.210736,0.610668,-0.008959,0.236189,0.536272,-0.019915,0.249060,0.489400,-0.031092,0.257959,0.450665,-0.039155,0.178072,0.606278,-0.009203,0.193661,0.532566,-0.022034,0.203842,0.488543,-0.031879,0.213133,0.451366,-0.038161,0.141917,0.615947,-0.012405,0.146637,0.555499,-0.025822,0.150281,0.517086,-0.032498,0.155234,0.481403,-0.035967
5375,0,0.024808,0.018640,0.048155,0.745211,0.403079,0.147308,0.798243,0.000000,0.209009,0.789302,-0.028554,0.260924,0.747991,-0.037622,0.286318,0.690012,-0.043855,0.310237,0.643286,-0.048886,0.241041,0.633226,-0.012616,0.270866,0.570019,-0.026170,0.285010,0.528702,-0.038636,0.295081,0.491951,-0.047610,0.210291,0.611166,-0.008852,0.235237,0.536362,-0.019919,0.247886,0.489381,-0.031239,0.256473,0.450406,-0.039424,0.177591,0.606763,-0.009321,0.192781,0.533065,-0.022228,0.202971,0.488638,-0.032084,0.212192,0.451282,-0.038392,0.141554,0.616354,-0.012681,0.146019,0.555852,-0.026114,0.149773,0.517106,-0.032722,0.154687,0.481531,-0.036139
5407,0,0.038138,0.046847,0.043889,0.725633,0.375168,0.147836,0.798353,0.000000,0.209392,0.789334,-0.028632,0.261272,0.748032,-0.037470,0.286206,0.689813,-0.043455,0.309450,0.642708,-0.048221,0.241214,0.633057,-0.011530,0.270764,0.570606,-0.024692,0.284700,0.529103,-0.037076,0.294516,0.492310,-0.046007,0.210259,0.610886,-0.007622,0.234972,0.536341,-0.018341,0.247447,0.489462,-0.029514,0.255914,0.450440,-0.037601,0.177468,0.606427,-0.008040,0.192430,0.532991,-0.020733,0.202532,0.488804,-0.030509,0.211718,0.451539,-0.036738,0.141233,0.615889,-0.011389,0.145478,0.555645,-0.024655,0.149016,0.517144,-0.031184,0.153867,0.481554,-0.034562
5433,0,0.016743,0.030914,0.076704,0.728464,0.384351,0.148243,0.799089,0.000000,0.209497,0.789979,-0.028470,0.260858,0.747892,-0.037223,0.286029,0.689867,-0.043071,0.309057,0.642836,-0.047682,0.240785,0.632632,-0.011864,0.270423,0.569574,-0.024834,0.284439,0.528174,-0.037073,0.294195,0.491580,-0.045882,0.210017,0.610780,-0.007933,0.234857,0.536237,-0.018387,0.247447,0.489328,-0.029295,0.255908,0.450727,-0.037204,0.177357,0.606566,-0.008284,0.192549,0.532533,-0.020655,0.202886,0.488393,-0.030326,0.212119,0.451397,-0.036511,0.141409,0.616342,-0.011555,0.145410,0.555929,-0.024665,0.148878,0.517306,-0.031169,0.153519,0.482020,-0.034543
5485,0,0.028616,0.021421,0.104654,0.719685,0.380389,0.148283,0.799955,0.000000,0.209919,0.790195,-0.028237,0.261429,0.748487,-0.036893,0.285904,0.690056,-0.042732,0.308938,0.643044,-0.047388,0.240397,0.633283,-0.011274,0.269776,0.570395,-0.024313,0.283806,0.529093,-0.036630,0.294079,0.492752,-0.045585,0.209591,0.611696,-0.007444,0.234273,0.537258,-0.018108,0.246949,0.490157,-0.029308,0.255832,0.450888,-0.037456,0.177065,0.607499,-0.007923,0.192499,0.533191,-0.020671,0.202845,0.488741,-0.030772,0.212459,0.451221,-0.037268,0.141135,0.617064,-0.011256,0.145052,0.556794,-0.024839,0.148371,0.518436,-0.031767,0.153068,0.482649,-0.035447
5519,0,0.030570,0.023014,0.063697,0.727194,0.383820,0.148126,0.800352,0.000000,0.209434,0.790624,-0.028472,0.261191,0.748352,-0.037206,0.285950,0.690192,-0.043036,0.308588,0.643196,-0.047722,0.239838,0.634208,-0.011968,0.269301,0.570949,-0.025173,0.283593,0.529357,-0.037562,0.293948,0.492530,-0.046522,0.209041,0.612764,-0.008121,0.233622,0.537714,-0.018762,0.246417,0.490346,-0.029878,0.255330,0.451141,-0.037994,0.176500,0.608474,-0.008561,0.192129,0.533927,-0.021218,0.202640,0.489498,-0.031115,0.212299,0.451999,-0.037487,0.140490,0.618229,-0.011893,0.144600,0.557882,-0.025398,0.148149,0.519235,-0.032183,0.152982,0.483441,-0.035744
5550,0,0.027434,0.040737,0.048947,0.740885,0.390709,0.148780,0.800177,0.000000,0.209998,0.790006,-0.028290,0.261370,0.748575,-0.037184,0.285515,0.690475,-0.043250,0.308084,0.643495,-0.048193,0.239671,0.634610,-0.012376,0.268921,0.570952,-0.025763,0.282965,0.529182,-0.038195,0.292984,0.492470,-0.047144,0.208889,0.613238,-0.008683,0.233629,0.537858,-0.019640,0.246392,0.490450,-0.030930,0.255223,0.451383,-0.039093,0.176380,0.609005,-0.009216,0.192118,0.533931,-0.022187,0.202687,0.489599,-0.032297,0.212315,0.452483,-0.038719,0.140248,0.618531,-0.012563,0.144237,0.558035,-0.026306,0.147596,0.519685,-0.033196,0.152192,0.484330,-0.036791
5583,0,0.026909,0.027120,0.055625,0.734630,0.375991,0.148108,0.800273,0.000000,0.210054,0.790696,-0.028545,0.261200,0.749110,-0.037587,0.285086,0.691170,-0.043789,0.307841,0.643875,-0.048871,0.239684,0.634543,-0.011900,0.268397,0.571407,-0.025332,0.282273,0.529736,-0.037961,0.292461,0.492965,-0.047115,0.208851,0.613156,-0.008066,0.232937,0.538639,-0.019008,0.245653,0.491338,-0.030395,0.254770,0.451858,-0.038671,0.176184,0.608962,-0.008537,0.191869,0.534608,-0.021540,0.202295,0.490324,-0.031646,0.212126,0.452650,-0.038092,0.140267,0.618704,-0.011881,0.144099,0.558679,-0.025668,0.147613,0.520379,-0.032581,0.152261,0.484998,-0.036167
5612,0,0.027256,0.036128,0.047031,0.754396,0.405703,0.147833,0.801294,0.000000,0.209432,0.791534,-0.029283,0.260665,0.749982,-0.038621,0.285054,0.691826,-0.044921,0.307586,0.644047,-0.050066,0.239619,0.634784,-0.012777,0.268148,0.571582,-0.026468,0.282243,0.529630,-0.039367,0.292281,0.492077,-0.048724,0.208753,0.613388,-0.008714,0.232912,0.538937,-0.019851,0.245440,0.491462,-0.031408,0.254357,0.451775,-0.039777,0.175964,0.609283,-0.008975,0.191633,0.534893,-0.022051,0.202329,0.490602,-0.032060,0.212282,0.452911,-0.038435,0.139680,0.618940,-0.012190,0.143957,0.558549,-0.025928,0.147670,0.520415,-0.032675,0.152657,0.484939,-0.036142
5645,0,0.021671,0.020002,0.040723,0.738824,0.392900,0.147855,0.801446,0.000000,0.209403,0.791482,-0.029140,0.260663,0.750065,-0.038318,0.284876,0.691598,-0.044523,0.307038,0.644124,-0.049533,0.239631,0.634982,-0.012327,0.268698,0.571692,-0.025813,0.282545,0.529629,-0.038542,0.292474,0.492328,-0.047776,0.208730,0.613761,-0.008243,0.232924,0.539083,-0.019252,0.245369,0.491758,-0.030766,0.254197,0.452244,-0.039140,0.175896,0.609524,-0.008500,0.191541,0.535417,-0.021514,0.202089,0.491075,-0.031551,0.211871,0.453426,-0.037981,0.139686,0.619512,-0.011701,0.143755,0.559532,-0.025458,0.147304,0.521371,-0.032280,0.152234,0.485760,-0.035832
5674,0,0.026210,0.029447,0.049490,0.718734,0.370702,0.147543,0.801403,0.000000,0.209309,0.791567,-0.029252,0.260789,0.750278,-0.038168,0.284831,0.691537,-0.044112,0.307041,0.643917,-0.048860,0.239647,0.635131,-0.011477,0.268289,0.571940,-0.024636,0.282065,0.530097,-0.037234,0.291970,0.492869,-0.046430,0.208698,0.614056,-0.007224,0.232892,0.539378,-0.017972,0.245361,0.491980,-0.029477,0.254323,0.452457,-0.037869,0.175926,0.610030,-0.007388,0.191667,0.535630,-0.020355,0.202081,0.491297,-0.030654,0.211620,0.453593,-0.037234,0.139702,0.619661,-0.010505,0.143881,0.559745,-0.024374,0.147320,0.521520,-0.031477,0.151977,0.485749,-0.035196
5708,0,0.023191,0.033281,0.056973,0.729430,0.374607,0.147954,0.801087,0.000000,0.209376,0.791277,-0.029404,0.260687,0.750061,-0.038595,0.284855,0.692148,-0.044797,0.306707,0.644375,-0.049803,0.239356,0.635005,-0.012012,0.268166,0.572160,-0.025537,0.281820,0.530186,-0.038371,0.292082,0.492923,-0.047711,0.208685,0.613964,-0.007813,0.232694,0.539575,-0.018830,0.245139,0.492183,-0.030469,0.254001,0.452439,-0.038931,0.176000,0.610037,-0.008019,0.191622,0.536108,-0.021109,0.202092,0.491909,-0.031253,0.211881,0.454105,-0.037754,0.139779,0.619538,-0.011209,0.143865,0.559899,-0.025014,0.147383,0.521885,-0.031870,0.152277,0.486425,-0.035456
5741,0,0.026734,0.022887,0.062498,0.725897,0.384228,0.148475,0.801531,0.000000,0.209504,0.791780,-0.028726,0.260696,0.750224,-0.037780,0.284740,0.692250,-0.043927,0.306568,0.644958,-0.048920,0.239859,0.635584,-0.012482,0.268340,0.572047,-0.026025,0.282100,0.530275,-0.038711,0.292001,0.493100,-0.047802,0.209017,0.614571,-0.008616,0.233175,0.539649,-0.019616,0.245548,0.492202,-0.031036,0.254231,0.452796,-0.039270,0.176403,0.610404,-0.009007,0.192307,0.536030,-0.021871,0.202778,0.491985,-0.031781,0.212485,0.454610,-0.038115,0.140189,0.619930,-0.012305,0.144459,0.559925,-0.025839,0.148165,0.521988,-0.032452,0.152940,0.486934,-0.035824
5770,0,0.027923,0.032227,0.062473,0.710015,0.356267,0.148373,0.800916,0.000000,0.210013,0.791424,-0.028926,0.261147,0.750072,-0.037822,0.284926,0.692032,-0.043790,0.307024,0.644652,-0.048639,0.240065,0.635047,-0.011572,0.268358,0.572000,-0.024823,0.282090,0.530242,-0.037505,0.292010,0.492945,-0.046700,0.209070,0.613971,-0.007525,0.232872,0.539611,-0.018305,0.244924,0.492265,-0.029784,0.253647,0.452662,-0.038158,0.176369,0.609972,-0.007847,0.192018,0.536231,-0.020720,0.202433,0.492273,-0.030828,0.212110,0.454922,-0.037300,0.140168,0.619391,-0.011106,0.144380,0.559817,-0.024786,0.147978,0.522126,-0.031630,0.152791,0.486883,-0.035211
5803,0,0.018561,0.025653,0.052573,0.709412,0.374056,0.148967,0.801750,0.000000,0.209918,0.791703,-0.028843,0.260757,0.750397,-0.037961,0.284705,0.692798,-0.044213,0.306721,0.644996,-0.049237,0.240187,0.635288,-0.011705,0.268473,0.572427,-0.025102,0.282188,0.530857,-0.037924,0.292119,0.493660,-0.047190,0.209328,0.614065,-0.007788,0.233205,0.540118,-0.018627,0.245357,0.493034,-0.030145,0.253987,0.453470,-0.038519,0.176438,0.610040,-0.008206,0.192227,0.536553,-0.020971,0.202597,0.492501,-0.030852,0.212334,0.455103,-0.037179,0.140214,0.619671,-0.011574,0.144348,0.559818,-0.024991,0.148122,0.521959,-0.031504,0.153167,0.486754,-0.034853
5857,0,0.029407,0.025656,0.048239,0.703798,0.377411,0.149241,0.802047,0.000000,0.210103,0.791963,-0.028487,0.260848,0.750364,-0.037462,0.284808,0.692878,-0.043606,0.306819,0.645349,-0.048596,0.240061,0.636070,-0.012093,0.268209,0.572523,-0.025527,0.282026,0.530984,-0.038206,0.292047,0.493912,-0.047367,0.209230,0.615062,-0.008323,0.233371,0.540699,-0.019159,0.245679,0.493432,-0.030554,0.254621,0.454089,-0.038877,0.176623,0.611044,-0.008835,0.192406,0.537203,-0.021654,0.202604,0.493217,-0.031708,0.212367,0.455736,-0.038169,0.140562,0.620790,-0.012233,0.144801,0.561217,-0.025787,0.148308,0.523398,-0.032583,0.153087,0.488051,-0.036158
5886,0,0.020388,0.021793,0.050766,0.693371,0.366448,0.149073,0.802088,0.000000,0.210612,0.792056,-0.028995,0.261405,0.750880,-0.038071,0.285285,0.692730,-0.044190,0.306908,0.644692,-0.049137,0.240154,0.636477,-0.011856,0.268413,0.573250,-0.025182,0.281955,0.531692,-0.037848,0.291947,0.494654,-0.046979,0.209395,0.615371,-0.007821,0.233258,0.540945,-0.018682,0.245469,0.493512,-0.030185,0.254346,0.453924,-0.038573,0.176713,0.611320,-0.008155,0.192541,0.537258,-0.021165,0.202888,0.493157,-0.031320,0.212624,0.455711,-0.037810,0.140370,0.620895,-0.011410,0.144891,0.561220,-0.025182,0.148628,0.523067,-0.032101,0.153542,0.487673,-0.035746
5916,0,0.038637,0.023389,0.063617,0.690164,0.379602,0.149494,0.802819,0.000000,0.210580,0.792734,-0.028941,0.261609,0.751162,-0.038179,0.285484,0.693412,-0.044499,0.306915,0.645489,-0.049629,0.240745,0.637029,-0.012584,0.268978,0.573511,-0.026265,0.282852,0.532002,-0.038997,0.292688,0.494889,-0.048142,0.209946,0.616128,-0.008676,0.233758,0.541549,-0.019815,0.245976,0.494400,-0.031283,0.254835,0.455117,-0.039518,0.177243,0.612121,-0.009071,0.192663,0.538188,-0.022082,0.203106,0.494073,-0.031971,0.212795,0.456615,-0.038216,0.140978,0.622137,-0.012389,0.145263,0.561966,-0.026023,0.148964,0.523960,-0.032622,0.153898,0.488924,-0.035967
5950,0,0.024402,0.044820,0.063255,0.670929,0.350663,0.148991,0.801970,0.000000,0.210444,0.792135,-0.028771,0.261553,0.751304,-0.037791,0.285619,0.693111,-0.043891,0.307962,0.645694,-0.048913,0.240479,0.637104,-0.011996,0.269250,0.573690,-0.025368,0.283229,0.531955,-0.037977,0.293139,0.494687,-0.047090,0.209785,0.616223,-0.008034,0.233982,0.541818,-0.018961,0.246283,0.494511,-0.030501,0.255133,0.454934,-0.038907,0.177175,0.612242,-0.008369,0.192975,0.538475,-0.021313,0.203318,0.494356,-0.031412,0.213143,0.456952,-0.037866,0.141076,0.621644,-0.011596,0.145316,0.562089,-0.025256,0.148946,0.524357,-0.032007,0.153795,0.489243,-0.035504
5979,0,0.028854,0.031402,0.058221,0.653071,0.331441,0.149441,0.801682,0.000000,0.210773,0.791842,-0.028744,0.261575,0.751536,-0.037613,0.285760,0.693603,-0.043607,0.307640,0.645737,-0.048432,0.240709,0.636855,-0.011217,0.269183,0.573834,-0.024346,0.282820,0.532011,-0.036983,0.292916,0.494590,-0.046205,0.210038,0.615793,-0.007181,0.233981,0.541782,-0.017814,0.246371,0.494720,-0.029356,0.255127,0.455469,-0.037799,0.177405,0.611584,-0.007483,0.193076,0.538229,-0.020189,0.203504,0.494337,-0.030247,0.213069,0.456950,-0.036723,0.141359,0.620773,-0.010698,0.145828,0.561584,-0.024142,0.149618,0.523989,-0.030803,0.154458,0.489092,-0.034273
6013,0,0.039450,0.048239,0.053880,0.679647,0.364660,0.150199,0.801575,0.000000,0.211647,0.792102,-0.028807,0.262195,0.751338,-0.037903,0.285789,0.693339,-0.044127,0.307527,0.645652,-0.049203,0.240636,0.636718,-0.012310,0.269313,0.573933,-0.025991,0.283071,0.532350,-0.038792,0.293033,0.495188,-0.048018,0.209775,0.615629,-0.008443,0.234058,0.541448,-0.019618,0.246419,0.494293,-0.031160,0.255318,0.454863,-0.039459,0.177034,0.611577,-0.008874,0.192844,0.537941,-0.022008,0.203551,0.494218,-0.031956,0.213538,0.456983,-0.038236,0.140759,0.621341,-0.012199,0.145246,0.561952,-0.025954,0.149134,0.524154,-0.032623,0.154394,0.489063,-0.036032
6047,0,0.035822,0.033144,0.031125,0.671878,0.348482,0.149796,0.801479,0.000000,0.211058,0.791442,-0.028681,0.261918,0.750245,-0.037643,0.285713,0.692190,-0.043697,0.307389,0.644619,-0.048585,0.240525,0.635744,-0.011757,0.269052,0.572674,-0.025089,0.282873,0.530981,-0.037680,0.292852,0.493954,-0.046771,0.209644,0.615128,-0.007767,0.233523,0.540932,-0.018618,0.245900,0.493753,-0.030051,0.254767,0.454189,-0.038291,0.177167,0.611329,-0.008087,0.192735,0.537665,-0.020997,0.203234,0.493878,-0.030977,0.213128,0.456716,-0.037328,0.141207,0.621016,-0.011295,0.145322,0.561911,-0.024978,0.148938,0.524391,-0.031717,0.153931,0.489389,-0.035161
6077,0,0.014631,0.012489,0.042025,0.666340,0.346754,0.149861,0.801656,0.000000,0.211418,0.791831,-0.028731,0.262154,0.750543,-0.037721,0.285498,0.692499,-0.043857,0.307505,0.644891,-0.048788,0.240793,0.636026,-0.011493,0.269048,0.573240,-0.024857,0.282804,0.531886,-0.037610,0.292850,0.494761,-0.046823,0.209834,0.615130,-0.007572,0.233759,0.541034,-0.018388,0.246145,0.493968,-0.029843,0.255057,0.454374,-0.038148,0.177121,0.611502,-0.007994,0.192569,0.538008,-0.020835,0.203095,0.494261,-0.030715,0.212901,0.457083,-0.036980,0.140909,0.621369,-0.011344,0.145115,0.561707,-0.024820,0.148972,0.523924,-0.031345,0.154057,0.488923,-0.034663
6108,0,0.025259,0.035687,0.062801,0.652113,0.334126,0.149413,0.802224,0.000000,0.211102,0.792137,-0.028413,0.261756,0.750436,-0.037112,0.285878,0.692461,-0.042917,0.307769,0.645274,-0.047591,0.240459,0.636904,-0.011443,0.269094,0.573436,-0.024537,0.282941,0.531848,-0.037038,0.293005,0.494709,-0.046033,0.209754,0.615961,-0.007451,0.233795,0.541193,-0.017916,0.245984,0.493981,-0.029137,0.254721,0.454561,-0.037297,0.177261,0.611588,-0.007715,0.192944,0.537835,-0.020123,0.203247,0.494016,-0.029841,0.212889,0.456977,-0.036092,0.141263,0.620716,-0.010878,0.145598,0.561087,-0.023925,0.149483,0.523638,-0.030212,0.154499,0.489264,-0.033421
6142,0,0.024172,0.034331,0.049179,0.639967,0.338705,0.150181,0.802811,0.000000,0.211370,0.792516,-0.027770,0.261994,0.750757,-0.036190,0.285742,0.692766,-0.041897,0.307718,0.645689,-0.046507,0.241044,0.636324,-0.010614,0.269495,0.573116,-0.023476,0.283206,0.531425,-0.035837,0.293481,0.494653,-0.044759,0.210214,0.615528,-0.006994,0.233876,0.541206,-0.017324,0.246238,0.494137,-0.028476,0.254946,0.455020,-0.036581,0.177622,0.611541,-0.007626,0.192844,0.538000,-0.019963,0.203226,0.494189,-0.029685,0.213088,0.457090,-0.035930,0.141446,0.621219,-0.011115,0.145366,0.561507,-0.024183,0.149217,0.523924,-0.030540,0.154354,0.489344,-0.033793
6170,0,0.040274,0.046557,0.097880,0.616507,0.305116,0.149924,0.802455,0.000000,0.212197,0.792123,-0.028233,0.262789,0.751502,-0.036900,0.286292,0.693649,-0.042889,0.307854,0.645745,-0.047724,0.240768,0.637375,-0.010211,0.269071,0.574340,-0.023174,0.282966,0.533246,-0.035747,0.293166,0.496328,-0.044860,0.210017,0.616639,-0.006328,0.233607,0.542573,-0.016748,0.245748,0.495705,-0.028214,0.254566,0.456257,-0.036621,0.177428,0.612314,-0.006802,0.192964,0.539470,-0.019268,0.203336,0.495644,-0.029144,0.212991,0.458411,-0.035542,0.141386,0.621388,-0.010174,0.145809,0.562356,-0.023286,0.149876,0.524744,-0.029702,0.155177,0.489922,-0.033050
6223,0,0.037648,0.033703,0.056034,0.605535,0.305431,0.150381,0.802515,0.000000,0.211814,0.792877,-0.027760,0.262715,0.751945,-0.036083,0.286670,0.693912,-0.041724,0.308076,0.646796,-0.046237,0.241039,0.638865,-0.010727,0.269670,0.575637,-0.023692,0.283529,0.534196,-0.036065,0.293344,0.497200,-0.044979,0.210229,0.617789,-0.007046,0.234245,0.543427,-0.017570,0.246660,0.496148,-0.028870,0.255480,0.456676,-0.037026,0.177724,0.613295,-0.007592,0.193342,0.539719,-0.020067,0.203717,0.495901,-0.029832,0.213485,0.459049,-0.036046,0.141768,0.622465,-0.010967,0.146054,0.562949,-0.024117,0.149858,0.525374,-0.030479,0.154787,0.490868,-0.033697
6255,0,0.019764,0.023125,0.061109,0.599209,0.315665,0.150834,0.803261,0.000000,0.212123,0.793375,-0.027920,0.262941,0.752602,-0.036371,0.287055,0.695002,-0.042000,0.308374,0.647461,-0.046465,0.240817,0.638376,-0.010795,0.269553,0.575742,-0.023565,0.283341,0.534628,-0.035928,0.293379,0.497855,-0.044841,0.210153,0.617513,-0.006961,0.234543,0.543395,-0.017171,0.247135,0.496509,-0.028363,0.256013,0.457381,-0.036519,0.177521,0.613211,-0.007358,0.193268,0.539884,-0.019597,0.204133,0.496286,-0.029414,0.213967,0.459738,-0.035689,0.141639,0.622313,-0.010592,0.146068,0.562999,-0.023602,0.149892,0.525513,-0.029950,0.154829,0.490915,-0.033179
6288,0,0.038790,0.039999,0.063979,0.616284,0.334961,0.150497,0.803892,0.000000,0.211708,0.794444,-0.028704,0.262775,0.753022,-0.037563,0.287080,0.695502,-0.043500,0.308769,0.647650,-0.048272,0.241116,0.638776,-0.011754,0.269645,0.575781,-0.025005,0.283502,0.534593,-0.037600,0.293426,0.497587,-0.046681,0.210433,0.617669,-0.007777,0.234524,0.543694,-0.018430,0.246761,0.496760,-0.029740,0.255598,0.457538,-0.037952,0.177864,0.613527,-0.008092,0.193669,0.540453,-0.020659,0.204143,0.496973,-0.030350,0.214044,0.460040,-0.036565,0.141630,0.623090,-0.011337,0.146200,0.564004,-0.024524,0.150257,0.526800,-0.030831,0.155537,0.492191,-0.034031
6316,0,0.022135,0.022776,0.050356,0.601991,0.333281,0.151052,0.804353,0.000000,0.212563,0.794216,-0.028122,0.262877,0.753433,-0.036940,0.286783,0.696103,-0.042980,0.308698,0.648825,-0.047908,0.241238,0.638779,-0.011051,0.269869,0.576090,-0.024195,0.283848,0.534893,-0.036792,0.293853,0.497940,-0.045870,0.210412,0.617941,-0.007327,0.234625,0.544235,-0.017924,0.247104,0.497339,-0.029252,0.256096,0.457944,-0.037496,0.177813,0.614007,-0.007869,0.193398,0.540979,-0.020360,0.204173,0.497318,-0.030067,0.214179,0.460365,-0.036255,0.141713,0.623558,-0.011291,0.146106,0.564204,-0.024324,0.150143,0.526716,-0.030549,0.155630,0.492311,-0.033680
6347,0,0.033246,0.033886,0.038288,0.609521,0.348042,0.151569,0.804444,0.000000,0.212889,0.794298,-0.028258,0.263560,0.753267,-0.037085,0.287495,0.696005,-0.043081,0.309034,0.648543,-0.047966,0.241541,0.639491,-0.012001,0.270042,0.576084,-0.025389,0.283959,0.534645,-0.038084,0.293966,0.497320,-0.047226,0.210690,0.618832,-0.008253,0.234747,0.544443,-0.019079,0.247172,0.497245,-0.030571,0.255873,0.457579,-0.038935,0.178055,0.614858,-0.008716,0.193618,0.541606,-0.021337,0.204172,0.497803,-0.031145,0.214000,0.460633,-0.037473,0.141899,0.624166,-0.012047,0.146553,0.565106,-0.025260,0.150486,0.527815,-0.031570,0.155699,0.493151,-0.034827
6382,0,0.025913,0.027433,0.038098,0.587918,0.331523,0.151486,0.804533,0.000000,0.212831,0.794109,-0.028078,0.263663,0.753249,-0.036822,0.287788,0.696175,-0.042774,0.309614,0.648602,-0.047580,0.241950,0.638731,-0.011322,0.270496,0.575954,-0.024474,0.284133,0.534581,-0.037099,0.294082,0.497443,-0.046175,0.211195,0.618302,-0.007643,0.235239,0.544348,-0.018217,0.247690,0.497483,-0.029613,0.256644,0.457841,-0.037931,0.178611,0.614685,-0.008198,0.193861,0.542031,-0.020647,0.204380,0.498350,-0.030407,0.214243,0.461077,-0.036655,0.142463,0.624479,-0.011627,0.146833,0.565153,-0.024677,0.150856,0.527614,-0.030943,0.156109,0.492844,-0.034123
6418,0,0.025971,0.017583,0.041862,0.570490,0.323019,0.152026,0.804639,0.000000,0.213288,0.794619,-0.027810,0.264155,0.753437,-0.036383,0.288423,0.696346,-0.042141,0.310182,0.649343,-0.046807,0.242327,0.639530,-0.011387,0.271128,0.576449,-0.024403,0.285079,0.535177,-0.036883,0.295040,0.498226,-0.045807,0.211497,0.618760,-0.007707,0.235699,0.544408,-0.018080,0.248098,0.497586,-0.029199,0.256768,0.458252,-0.037253,0.178851,0.614681,-0.008189,0.194351,0.541665,-0.020386,0.205003,0.498225,-0.029866,0.214784,0.461428,-0.035939,0.142875,0.624005,-0.011526,0.147420,0.564801,-0.024292,0.151321,0.527616,-0.030254,0.156457,0.493384,-0.033217
6447,0,0.027045,0.021836,0.036688,0.571837,0.335508,0.152258,0.804910,0.000000,0.213188,0.794637,-0.028033,0.264031,0.753401,-0.036772,0.288605,0.696825,-0.042697,0.310724,0.650195,-0.047548,0.242805,0.639043,-0.011619,0.271645,0.576492,-0.024755,0.285477,0.535494,-0.037346,0.295175,0.498480,-0.046400,0.212180,0.618432,-0.007994,0.236258,0.544696,-0.018543,0.248629,0.497861,-0.029829,0.257467,0.458326,-0.038031,0.179437,0.614677,-0.008568,0.195016,0.542060,-0.020960,0.205534,0.498546,-0.030625,0.215435,0.461304,-0.036846,0.143170,0.624556,-0.012017,0.147632,0.565493,-0.025015,0.151613,0.528190,-0.031162,0.156877,0.493694,-0.034291