t,missing,delta_l1,delta_l1_wrist,delta_angles,delta_base_l1,delta_base_l1_wrist,x0,y0,z0,x1,y1,z1,x2,y2,z2,x3,y3,z3,x4,y4,z4,x5,y5,z5,x6,y6,z6,x7,y7,z7,x8,y8,z8,x9,y9,z9,x10,y10,z10,x11,y11,z11,x12,y12,z12,x13,y13,z13,x14,y14,z14,x15,y15,z15,x16,y16,z16,x17,y17,z17,x18,y18,z18,x19,y19,z19,x20,y20,z20
33,0,,,,0.000000,0.000000,0.157950,0.763757,0.000000,0.217898,0.748642,-0.024283,0.269134,0.705822,-0.035143,0.306877,0.661178,-0.044481,0.339742,0.628134,-0.053541,0.233541,0.593380,-0.019363,0.262659,0.527193,-0.035180,0.278080,0.484597,-0.047860,0.288340,0.446119,-0.057068,0.199978,0.572826,-0.019586,0.219736,0.491587,-0.033584,0.229002,0.440040,-0.045261,0.232172,0.396164,-0.053393,0.165542,0.572449,-0.023058,0.164342,0.493812,-0.038318,0.163489,0.444705,-0.049011,0.162722,0.401759,-0.055695,0.131392,0.588250,-0.028887,0.119903,0.526968,-0.043813,0.113649,0.486848,-0.050756,0.110269,0.448556,-0.054395
70,0,0.028260,0.038678,0.047714,0.028260,0.038678,0.157675,0.762786,0.000000,0.217704,0.748354,-0.024063,0.268542,0.705729,-0.034793,0.306716,0.660855,-0.044035,0.339669,0.628142,-0.052924,0.233253,0.593046,-0.018856,0.262772,0.526986,-0.034365,0.277856,0.484228,-0.046825,0.287714,0.445925,-0.055937,0.199771,0.572866,-0.018959,0.219611,0.491836,-0.032747,0.228733,0.440233,-0.044295,0.231762,0.396383,-0.052366,0.165231,0.572308,-0.022296,0.164347,0.493925,-0.037322,0.163289,0.445045,-0.047903,0.162414,0.402532,-0.054560,0.131056,0.587800,-0.027968,0.119652,0.526914,-0.042733,0.113243,0.486910,-0.049651,0.109774,0.448745,-0.053296
103,0,0.024290,0.033879,0.045116,0.016440,0.018817,0.157044,0.763325,0.000000,0.217332,0.748595,-0.024173,0.268381,0.705719,-0.035065,0.306454,0.661094,-0.044456,0.339190,0.628026,-0.053533,0.233350,0.593409,-0.019375,0.262474,0.527026,-0.035176,0.277563,0.484389,-0.047827,0.287526,0.445800,-0.057015,0.199680,0.573106,-0.019616,0.219554,0.491780,-0.033638,0.228485,0.440229,-0.045308,0.231496,0.396245,-0.053384,0.165014,0.572545,-0.023043,0.164207,0.493967,-0.038232,0.162951,0.444760,-0.048828,0.161887,0.401821,-0.055385,0.130582,0.587926,-0.028804,0.119447,0.526824,-0.043567,0.113231,0.486684,-0.050309,0.109851,0.448510,-0.053792
136,0,0.024811,0.035038,0.050301,0.037934,0.025097,0.157183,0.763845,0.000000,0.217358,0.748546,-0.024352,0.268359,0.705984,-0.035144,0.306297,0.660760,-0.044432,0.339013,0.627498,-0.053311,0.233061,0.593522,-0.018752,0.261861,0.526850,-0.034309,0.277079,0.484235,-0.046921,0.287147,0.445657,-0.056097,0.199426,0.573214,-0.018835,0.218837,0.491621,-0.032600,0.227999,0.440163,-0.044321,0.231109,0.396145,-0.052457,0.164778,0.572546,-0.022179,0.163603,0.494015,-0.037243,0.162577,0.444711,-0.047961,0.161747,0.401617,-0.054648,0.130360,0.587715,-0.027881,0.119274,0.526696,-0.042612,0.113092,0.486895,-0.049410,0.109670,0.448880,-0.052902
169,0,0.032373,0.028639,0.040503,0.038196,0.020344,0.156915,0.763870,0.000000,0.216596,0.748412,-0.024528,0.267550,0.705580,-0.035630,0.305771,0.660779,-0.045151,0.338863,0.627673,-0.054338,0.232630,0.593924,-0.019619,0.261413,0.527097,-0.035630,0.276560,0.484292,-0.048461,0.286596,0.445400,-0.057759,0.199090,0.573482,-0.019730,0.218551,0.491804,-0.033882,0.227728,0.440219,-0.045672,0.231047,0.395850,-0.053891,0.164323,0.572766,-0.023096,0.163375,0.494488,-0.038382,0.162324,0.445255,-0.048945,0.161404,0.402041,-0.055491,0.129972,0.587798,-0.028842,0.119158,0.526768,-0.043589,0.113076,0.486867,-0.050247,0.109775,0.448414,-0.053705
202,0,0.030003,0.028383,0.039426,0.053786,0.023834,0.156165,0.763371,0.000000,0.215922,0.747934,-0.023715,0.266993,0.705493,-0.034551,0.305407,0.660788,-0.043974,0.338209,0.627743,-0.053155,0.232059,0.593918,-0.018967,0.261067,0.527053,-0.034774,0.276437,0.484279,-0.047431,0.286422,0.445555,-0.056575,0.198497,0.573658,-0.019311,0.218264,0.492152,-0.033306,0.227209,0.440423,-0.045015,0.230225,0.396252,-0.053155,0.163783,0.572810,-0.022823,0.162914,0.494120,-0.037822,0.161849,0.444915,-0.048248,0.160882,0.401878,-0.054791,0.129262,0.587609,-0.028622,0.118322,0.526573,-0.043119,0.112322,0.486568,-0.049698,0.109147,0.448359,-0.053044
234,0,0.028347,0.032049,0.048241,0.072330,0.035670,0.155947,0.763745,0.000000,0.215890,0.748296,-0.023959,0.266892,0.705088,-0.034529,0.305166,0.660041,-0.043616,0.337752,0.626916,-0.052332,0.231970,0.593074,-0.018665,0.261164,0.526332,-0.034196,0.276321,0.483679,-0.046657,0.286326,0.445144,-0.055744,0.198139,0.572781,-0.018924,0.218011,0.490860,-0.032638,0.227129,0.439316,-0.044098,0.230199,0.395827,-0.052035,0.163582,0.572038,-0.022402,0.162565,0.493080,-0.037348,0.161316,0.444041,-0.047733,0.160314,0.401552,-0.054149,0.129285,0.587604,-0.028224,0.118121,0.526537,-0.042800,0.111787,0.486770,-0.049402,0.108360,0.448674,-0.052703
266,0,0.024632,0.017280,0.059819,0.094658,0.043043,0.155315,0.763292,0.000000,0.215385,0.747851,-0.023645,0.266696,0.704965,-0.034219,0.305011,0.660020,-0.043412,0.337853,0.627169,-0.052251,0.231179,0.592330,-0.018321,0.260558,0.525685,-0.033864,0.276158,0.483089,-0.046396,0.286107,0.444540,-0.055458,0.197551,0.572352,-0.018676,0.217499,0.490621,-0.032317,0.226880,0.439131,-0.043710,0.230032,0.395361,-0.051654,0.163029,0.571790,-0.022265,0.161907,0.493401,-0.036997,0.161032,0.444276,-0.047253,0.160057,0.401675,-0.053631,0.128667,0.587080,-0.028195,0.117427,0.525902,-0.042480,0.111168,0.485999,-0.048857,0.107720,0.447723,-0.052139
297,0,0.019692,0.013514,0.051850,0.108157,0.044683,0.154679,0.762838,0.000000,0.214419,0.747619,-0.023819,0.265542,0.704360,-0.034460,0.304098,0.659379,-0.043649,0.337413,0.626578,-0.052520,0.230730,0.592063,-0.018498,0.260390,0.525242,-0.033957,0.275964,0.482746,-0.046407,0.286136,0.444310,-0.055427,0.197006,0.572050,-0.018796,0.217092,0.490258,-0.032336,0.226336,0.438827,-0.043798,0.229521,0.394929,-0.051775,0.162355,0.571595,-0.022290,0.161645,0.493083,-0.036958,0.160771,0.443985,-0.047264,0.159882,0.401027,-0.053787,0.127944,0.587181,-0.028142,0.117019,0.526327,-0.042456,0.110912,0.486339,-0.048942,0.107614,0.447978,-0.052259
336,0,0.019852,0.020712,0.061205,0.126680,0.045345,0.154853,0.762376,0.000000,0.214557,0.746872,-0.023875,0.265637,0.703973,-0.034479,0.303833,0.658546,-0.043649,0.337169,0.625781,-0.052520,0.230105,0.591819,-0.018088,0.259807,0.525030,-0.033547,0.275406,0.482551,-0.046109,0.285848,0.444142,-0.055241,0.196588,0.572013,-0.018321,0.216232,0.490211,-0.031907,0.225578,0.438486,-0.043537,0.229007,0.394181,-0.051737,0.162200,0.571460,-0.021806,0.161240,0.493159,-0.036585,0.160397,0.444061,-0.047041,0.159797,0.401041,-0.053638,0.127962,0.586750,-0.027658,0.116811,0.525944,-0.042083,0.110763,0.485797,-0.048681,0.107501,0.447105,-0.052110
367,0,0.036631,0.032711,0.061584,0.126111,0.028943,0.154004,0.761840,0.000000,0.213845,0.746254,-0.023957,0.264905,0.703343,-0.034792,0.303237,0.658513,-0.044159,0.335908,0.625665,-0.053191,0.229835,0.591581,-0.018892,0.259631,0.524985,-0.034680,0.275379,0.482343,-0.047430,0.285765,0.443692,-0.056648,0.196271,0.571278,-0.019217,0.216263,0.489694,-0.033119,0.225324,0.438103,-0.044828,0.228293,0.393771,-0.052968,0.161783,0.570634,-0.022767,0.161010,0.492541,-0.037710,0.160066,0.443507,-0.048062,0.158922,0.400353,-0.054529,0.127497,0.586290,-0.028677,0.116706,0.525230,-0.043118,0.110748,0.485291,-0.049549,0.107570,0.446789,-0.052820
400,0,0.048176,0.034922,0.037337,0.173520,0.049998,0.153903,0.760936,0.000000,0.213348,0.745061,-0.023798,0.264343,0.702233,-0.034403,0.302634,0.657276,-0.043613,0.335458,0.624382,-0.052470,0.229622,0.590237,-0.018178,0.259501,0.523651,-0.033566,0.275057,0.481318,-0.046032,0.285219,0.443033,-0.055038,0.195818,0.570328,-0.018420,0.215737,0.488951,-0.032003,0.224883,0.437570,-0.043502,0.228020,0.394052,-0.051502,0.161225,0.569836,-0.021900,0.160301,0.491514,-0.036562,0.159213,0.442481,-0.046962,0.158351,0.399593,-0.053437,0.126975,0.585406,-0.027723,0.116071,0.524792,-0.042013,0.109907,0.484994,-0.048525,0.106717,0.446891,-0.051875
435,0,0.039065,0.020779,0.033684,0.209920,0.056697,0.153404,0.760539,0.000000,0.213098,0.744639,-0.023436,0.263735,0.701615,-0.033788,0.301908,0.656595,-0.042858,0.334571,0.623943,-0.051556,0.228670,0.589607,-0.017628,0.258210,0.522763,-0.032878,0.273922,0.480446,-0.045274,0.284236,0.442265,-0.054307,0.195099,0.569912,-0.018065,0.214698,0.488172,-0.031558,0.223748,0.436821,-0.043081,0.226938,0.393313,-0.051110,0.160692,0.569419,-0.021745,0.159591,0.490838,-0.036521,0.158473,0.441635,-0.047021,0.157425,0.398753,-0.053601,0.126393,0.585028,-0.027730,0.115433,0.524363,-0.042226,0.109037,0.484560,-0.048917,0.105536,0.446243,-0.052374
465,0,0.031318,0.024736,0.040038,0.228141,0.060526,0.152979,0.759840,0.000000,0.212686,0.743802,-0.023468,0.263459,0.701038,-0.034086,0.301234,0.656427,-0.043365,0.333680,0.623443,-0.052291,0.228136,0.589501,-0.018029,0.257542,0.522859,-0.033417,0.273211,0.480484,-0.045895,0.283466,0.442335,-0.054932,0.194555,0.569716,-0.018308,0.214191,0.488435,-0.031910,0.223069,0.436991,-0.043514,0.226030,0.393132,-0.051659,0.159854,0.568857,-0.021776,0.158816,0.490630,-0.036429,0.157569,0.441707,-0.046936,0.156498,0.399228,-0.053593,0.125497,0.583699,-0.027522,0.114297,0.523458,-0.041803,0.108021,0.483715,-0.048424,0.104540,0.445909,-0.051845
496,0,0.044410,0.030880,0.051689,0.266467,0.080902,0.152374,0.759733,0.000000,0.211352,0.743823,-0.023334,0.262138,0.700251,-0.033768,0.300094,0.655393,-0.042887,0.332644,0.622584,-0.051634,0.227357,0.588645,-0.017746,0.256394,0.521612,-0.032971,0.271747,0.479353,-0.045296,0.281723,0.441233,-0.054229,0.193472,0.569122,-0.018200,0.212879,0.487552,-0.031581,0.221964,0.436211,-0.042961,0.224836,0.392763,-0.050856,0.158751,0.568901,-0.021870,0.157635,0.490588,-0.036400,0.156260,0.441209,-0.046779,0.155121,0.398275,-0.053265,0.124495,0.584372,-0.027837,0.113463,0.523910,-0.042034,0.107076,0.484260,-0.048484,0.103419,0.446516,-0.051783
529,0,0.053740,0.035236,0.039942,0.281670,0.061618,0.150806,0.759582,0.000000,0.209776,0.743691,-0.023707,0.261129,0.699396,-0.034159,0.299266,0.654387,-0.043144,0.331885,0.622078,-0.051832,0.226667,0.588175,-0.018852,0.255850,0.520842,-0.034177,0.271124,0.478445,-0.046486,0.281040,0.440142,-0.055471,0.192449,0.568678,-0.019159,0.211574,0.486844,-0.032748,0.220401,0.435485,-0.044295,0.223066,0.391869,-0.052352,0.157637,0.568761,-0.022630,0.156179,0.490430,-0.037352,0.154909,0.441064,-0.047896,0.153639,0.397889,-0.054580,0.123181,0.584667,-0.028385,0.111982,0.524152,-0.042773,0.105601,0.484508,-0.049456,0.102083,0.446481,-0.052946
560,0,0.036051,0.037890,0.096513,0.311374,0.082729,0.150964,0.759114,0.000000,0.209742,0.742338,-0.024002,0.260604,0.699233,-0.034756,0.298426,0.654434,-0.044059,0.330861,0.620420,-0.052990,0.225438,0.587886,-0.018439,0.254461,0.520715,-0.033882,0.269869,0.478374,-0.046366,0.279930,0.439959,-0.055446,0.191540,0.568314,-0.018597,0.210831,0.486847,-0.032226,0.219557,0.435479,-0.043947,0.222286,0.391505,-0.052171,0.157026,0.568209,-0.021992,0.155383,0.490367,-0.036784,0.153836,0.441053,-0.047520,0.152494,0.397784,-0.054292,0.122893,0.583661,-0.027704,0.111392,0.523277,-0.042199,0.104753,0.483705,-0.049008,0.100865,0.445721,-0.052581
591,0,0.043187,0.037918,0.056688,0.318109,0.080679,0.150883,0.758885,0.000000,0.209685,0.742048,-0.024566,0.260179,0.698592,-0.035772,0.298444,0.653377,-0.045421,0.331490,0.619662,-0.054698,0.224597,0.587581,-0.019575,0.253873,0.520593,-0.035438,0.269278,0.478165,-0.048204,0.279421,0.439472,-0.057444,0.190905,0.567965,-0.019593,0.210240,0.486421,-0.033509,0.218854,0.434856,-0.045198,0.221387,0.390791,-0.053362,0.156326,0.567789,-0.022859,0.154756,0.489704,-0.037851,0.153168,0.440708,-0.048315,0.151645,0.397671,-0.054883,0.122223,0.583621,-0.028518,0.110629,0.522927,-0.043009,0.103892,0.483398,-0.049577,0.100144,0.445189,-0.052954
625,0,0.036244,0.030351,0.049398,0.339935,0.098306,0.151137,0.758125,0.000000,0.209753,0.741561,-0.024139,0.259877,0.697730,-0.035086,0.297964,0.652449,-0.044567,0.330999,0.619241,-0.053658,0.224819,0.586272,-0.018851,0.254531,0.519531,-0.034362,0.269995,0.477254,-0.046830,0.280128,0.439124,-0.055922,0.191065,0.566850,-0.019036,0.210251,0.485240,-0.032803,0.218715,0.433551,-0.044418,0.221171,0.389743,-0.052508,0.156453,0.567023,-0.022432,0.154371,0.489015,-0.037386,0.152332,0.440246,-0.047943,0.150702,0.397643,-0.054512,0.122402,0.583051,-0.028183,0.110490,0.522707,-0.042674,0.103512,0.483174,-0.049279,0.099576,0.445292,-0.052693
657,0,0.036731,0.047803,0.051923,0.332294,0.077995,0.150730,0.757444,0.000000,0.209432,0.741783,-0.025131,0.260036,0.698008,-0.036443,0.298327,0.652864,-0.046102,0.331405,0.619422,-0.055352,0.225033,0.586212,-0.019875,0.255135,0.519181,-0.035533,0.270616,0.476684,-0.048034,0.280779,0.438269,-0.057135,0.191194,0.566967,-0.019615,0.210192,0.485349,-0.033676,0.218854,0.433101,-0.045508,0.221457,0.388403,-0.053792,0.156658,0.567231,-0.022661,0.154335,0.489400,-0.038004,0.152272,0.440504,-0.048963,0.150803,0.397518,-0.055835,0.122728,0.583214,-0.028122,0.111369,0.522557,-0.043093,0.104621,0.482597,-0.050226,0.100807,0.444242,-0.053941
700,0,0.021702,0.017259,0.050482,0.322522,0.071109,0.151097,0.757388,0.000000,0.209810,0.741191,-0.024594,0.260301,0.697453,-0.035825,0.298706,0.652508,-0.045518,0.331834,0.619357,-0.054785,0.225656,0.586284,-0.019720,0.255188,0.519639,-0.035418,0.270564,0.477250,-0.048002,0.280651,0.438747,-0.057194,0.191768,0.566620,-0.019812,0.210716,0.485024,-0.033805,0.219174,0.433544,-0.045592,0.221643,0.389179,-0.053821,0.157161,0.566765,-0.023111,0.155129,0.489092,-0.038216,0.153170,0.440096,-0.048891,0.151555,0.396912,-0.055601,0.122921,0.582858,-0.028801,0.111606,0.522348,-0.043406,0.104898,0.482714,-0.050115,0.101200,0.444571,-0.053636
733,0,0.025033,0.021598,0.049510,0.322362,0.080438,0.151621,0.757063,0.000000,0.209842,0.740707,-0.024844,0.260585,0.697381,-0.036218,0.299033,0.652591,-0.046015,0.332191,0.619600,-0.055440,0.225919,0.586345,-0.020168,0.255602,0.519362,-0.036125,0.271483,0.477123,-0.048798,0.281611,0.438591,-0.058001,0.192204,0.566853,-0.020168,0.211040,0.484952,-0.034455,0.219695,0.433318,-0.046386,0.222273,0.389141,-0.054735,0.157672,0.566996,-0.023397,0.155208,0.489209,-0.038778,0.153204,0.439959,-0.049651,0.151750,0.396692,-0.056479,0.123642,0.582996,-0.029019,0.112224,0.522185,-0.043862,0.105538,0.482498,-0.050727,0.101752,0.444263,-0.054364
766,0,0.014647,0.012433,0.045032,0.313313,0.082795,0.152039,0.757357,0.000000,0.210129,0.741323,-0.024835,0.260653,0.697653,-0.036140,0.299092,0.652761,-0.045852,0.332018,0.619567,-0.055156,0.226273,0.586178,-0.020090,0.255481,0.519593,-0.035955,0.271068,0.477541,-0.048632,0.280957,0.438963,-0.057899,0.192514,0.566512,-0.020164,0.211638,0.484986,-0.034324,0.220153,0.433442,-0.046186,0.222567,0.388922,-0.054414,0.157988,0.566806,-0.023501,0.155869,0.489238,-0.038809,0.153833,0.440195,-0.049596,0.152130,0.396714,-0.056342,0.123897,0.583244,-0.029209,0.112581,0.522371,-0.043962,0.105813,0.482858,-0.050745,0.101974,0.444644,-0.054303
799,0,0.024864,0.027435,0.046727,0.303958,0.068951,0.151956,0.757457,0.000000,0.210159,0.740989,-0.024640,0.261215,0.697047,-0.035624,0.299388,0.652095,-0.045012,0.332281,0.618953,-0.054030,0.226332,0.586533,-0.019630,0.256105,0.519886,-0.035290,0.271729,0.477454,-0.047870,0.281865,0.438674,-0.057073,0.192548,0.566758,-0.019667,0.211719,0.485149,-0.033583,0.220351,0.433347,-0.045384,0.223103,0.388714,-0.053584,0.157935,0.566771,-0.022952,0.155991,0.489056,-0.038036,0.153917,0.439886,-0.048835,0.152222,0.396382,-0.055588,0.123922,0.582836,-0.028629,0.112838,0.522200,-0.043268,0.106020,0.482656,-0.050022,0.101988,0.444515,-0.053547
833,0,0.023850,0.020723,0.025541,0.315612,0.080955,0.152124,0.756995,0.000000,0.210338,0.740591,-0.024362,0.261421,0.696703,-0.035105,0.299654,0.651641,-0.044382,0.332568,0.618535,-0.053251,0.226378,0.586064,-0.018842,0.255963,0.519361,-0.034344,0.271581,0.477097,-0.046868,0.281724,0.438404,-0.056034,0.192719,0.566296,-0.018981,0.211827,0.484663,-0.032748,0.220327,0.433054,-0.044530,0.223057,0.388653,-0.052805,0.158302,0.566510,-0.022376,0.156063,0.488662,-0.037405,0.153856,0.439673,-0.048167,0.152301,0.396212,-0.054921,0.124246,0.582690,-0.028184,0.113076,0.522325,-0.042786,0.106159,0.483055,-0.049540,0.102126,0.444736,-0.053065
865,0,0.027743,0.022157,0.030408,0.336766,0.082462,0.151947,0.756398,0.000000,0.210619,0.740187,-0.024343,0.261643,0.696618,-0.035068,0.300144,0.651502,-0.044308,0.332901,0.618012,-0.053139,0.226520,0.585272,-0.018443,0.256083,0.518729,-0.033769,0.271463,0.476457,-0.046200,0.281383,0.437679,-0.055329,0.192718,0.565602,-0.018526,0.212000,0.484368,-0.032136,0.220736,0.432849,-0.043862,0.223490,0.388372,-0.052063,0.158186,0.565764,-0.021894,0.156155,0.488154,-0.036756,0.154086,0.439133,-0.047425,0.152391,0.395779,-0.054141,0.123933,0.581694,-0.027646,0.112886,0.521370,-0.042118,0.106155,0.481838,-0.048761,0.102390,0.443454,-0.052249
896,0,0.029463,0.028430,0.034121,0.321397,0.062444,0.151889,0.756178,0.000000,0.210313,0.739967,-0.024478,0.261408,0.696188,-0.035437,0.299890,0.651302,-0.044876,0.332882,0.617964,-0.053963,0.226391,0.584856,-0.019267,0.255922,0.518694,-0.035011,0.271536,0.476631,-0.047732,0.281676,0.438128,-0.056967,0.192589,0.565303,-0.019416,0.212070,0.484032,-0.033361,0.220710,0.432586,-0.045247,0.223235,0.388201,-0.053518,0.158271,0.565658,-0.022791,0.156414,0.488133,-0.037904,0.154450,0.438832,-0.048622,0.152742,0.395152,-0.055335,0.124120,0.582229,-0.028558,0.112940,0.521356,-0.043133,0.106334,0.481708,-0.049772,0.102633,0.443188,-0.053258
929,0,0.016595,0.016780,0.057606,0.318708,0.072575,0.152469,0.755876,0.000000,0.210743,0.739899,-0.024362,0.261632,0.695993,-0.035235,0.299900,0.650983,-0.044605,0.332839,0.617922,-0.053585,0.226853,0.585045,-0.019055,0.256343,0.518491,-0.034641,0.271977,0.476324,-0.047128,0.282344,0.437886,-0.056294,0.193111,0.565688,-0.019259,0.212167,0.484037,-0.033175,0.220968,0.432376,-0.044864,0.224010,0.387838,-0.053065,0.158579,0.565811,-0.022710,0.156139,0.488023,-0.037906,0.154100,0.438999,-0.048575,0.152676,0.395656,-0.055255,0.124625,0.581989,-0.028574,0.113372,0.521064,-0.043269,0.106609,0.481503,-0.050022,0.102663,0.443199,-0.053548
962,0,0.019566,0.020778,0.041294,0.325782,0.064262,0.152288,0.755279,0.000000,0.210920,0.739506,-0.024451,0.261591,0.696280,-0.035324,0.299828,0.651194,-0.044678,0.332812,0.617732,-0.053606,0.227264,0.584848,-0.018986,0.256932,0.518493,-0.034509,0.272589,0.476169,-0.046975,0.282778,0.437403,-0.056162,0.193303,0.565086,-0.019079,0.212375,0.483920,-0.032990,0.221031,0.432377,-0.044752,0.223693,0.387933,-0.053013,0.158715,0.565166,-0.022432,0.156687,0.487336,-0.037639,0.154749,0.438515,-0.048309,0.153164,0.395427,-0.054940,0.124590,0.581228,-0.028155,0.113446,0.520275,-0.042900,0.106965,0.480391,-0.049642,0.103376,0.441959,-0.053162
993,0,0.035477,0.042256,0.025414,0.321910,0.078762,0.152727,0.754595,0.000000,0.211100,0.738974,-0.024738,0.261581,0.695901,-0.035932,0.299838,0.651162,-0.045591,0.332924,0.617561,-0.054879,0.227317,0.584872,-0.019964,0.257048,0.518356,-0.035969,0.272585,0.475899,-0.048699,0.282896,0.436988,-0.057950,0.193516,0.565199,-0.020038,0.212728,0.483696,-0.034378,0.221355,0.432275,-0.046331,0.224021,0.387733,-0.054657,0.159127,0.565538,-0.023369,0.156975,0.488001,-0.038819,0.154919,0.438563,-0.049587,0.153448,0.394867,-0.056285,0.125086,0.581648,-0.029068,0.113882,0.520805,-0.043962,0.107232,0.481003,-0.050734,0.103526,0.442685,-0.054250
1025,0,0.017106,0.014643,0.031225,0.318688,0.067793,0.152735,0.754401,0.000000,0.211415,0.738621,-0.024678,0.262031,0.695696,-0.035854,0.300218,0.651021,-0.045477,0.332983,0.617529,-0.054750,0.227761,0.584514,-0.019691,0.257318,0.518058,-0.035577,0.272806,0.475743,-0.048211,0.283044,0.437121,-0.057410,0.193900,0.564839,-0.019839,0.212987,0.483272,-0.034154,0.221869,0.431797,-0.046068,0.224628,0.387411,-0.054307,0.159456,0.565143,-0.023256,0.157168,0.487194,-0.038828,0.155108,0.437839,-0.049726,0.153633,0.394216,-0.056413,0.125407,0.581538,-0.029038,0.114246,0.520648,-0.044110,0.107658,0.480937,-0.050945,0.103919,0.442835,-0.054492
1057,0,0.019649,0.022331,0.045581,0.313705,0.069841,0.153456,0.754488,0.000000,0.211841,0.738385,-0.024724,0.262292,0.695777,-0.035968,0.300404,0.650926,-0.045639,0.333749,0.617524,-0.054922,0.228205,0.584217,-0.019546,0.257614,0.517988,-0.035357,0.272913,0.475809,-0.048006,0.283000,0.437085,-0.057289,0.194487,0.564311,-0.019639,0.213599,0.483316,-0.033804,0.222249,0.432174,-0.045676,0.224915,0.387967,-0.053961,0.159890,0.564467,-0.023023,0.157517,0.486833,-0.038390,0.155505,0.437568,-0.049190,0.153972,0.393924,-0.055921,0.125549,0.580688,-0.028811,0.113946,0.520146,-0.043642,0.107294,0.480650,-0.050410,0.103762,0.442388,-0.053998
1100,0,0.016998,0.016596,0.072095,0.323599,0.072957,0.153270,0.754547,0.000000,0.211608,0.738919,-0.024780,0.262120,0.695554,-0.036042,0.300543,0.651070,-0.045713,0.333345,0.617541,-0.055033,0.227699,0.584204,-0.020064,0.257403,0.517717,-0.036023,0.273168,0.475293,-0.048672,0.283400,0.436703,-0.057881,0.194060,0.564444,-0.020138,0.213329,0.483178,-0.034414,0.222090,0.431676,-0.046231,0.224917,0.387512,-0.054404,0.159610,0.564596,-0.023448,0.157547,0.486649,-0.038908,0.155436,0.437466,-0.049633,0.153949,0.394120,-0.056328,0.125557,0.580858,-0.029144,0.114000,0.520243,-0.044086,0.107224,0.480746,-0.050928,0.103514,0.442450,-0.054478
1133,0,0.009080,0.014906,0.035903,0.317781,0.084839,0.153943,0.754612,0.000000,0.211890,0.739034,-0.024664,0.262317,0.695852,-0.035895,0.300487,0.651181,-0.045590,0.333270,0.617571,-0.054879,0.227677,0.584310,-0.020020,0.257439,0.517774,-0.036006,0.273378,0.475460,-0.048662,0.284063,0.436856,-0.057839,0.193998,0.564603,-0.020149,0.213304,0.483300,-0.034433,0.222259,0.431765,-0.046183,0.225194,0.387426,-0.054361,0.159676,0.564714,-0.023554,0.157348,0.486987,-0.039004,0.155346,0.437597,-0.049735,0.153845,0.394079,-0.056433,0.125735,0.581094,-0.029345,0.114220,0.520512,-0.044184,0.107545,0.480899,-0.050993,0.103872,0.442785,-0.054546
1167,0,0.017757,0.026123,0.052368,0.310348,0.073446,0.153551,0.754921,0.000000,0.211947,0.739231,-0.025080,0.262399,0.695881,-0.036428,0.300634,0.650968,-0.046131,0.333558,0.618131,-0.055445,0.228266,0.584177,-0.020071,0.257998,0.517626,-0.035929,0.273776,0.475264,-0.048607,0.284107,0.436476,-0.057885,0.194398,0.564305,-0.019979,0.213536,0.483520,-0.034210,0.222355,0.432337,-0.046020,0.225430,0.387815,-0.054263,0.159888,0.564535,-0.023176,0.157722,0.487236,-0.038590,0.155440,0.438445,-0.049310,0.153827,0.394833,-0.055963,0.125846,0.580862,-0.028813,0.114536,0.520571,-0.043691,0.107792,0.481064,-0.050529,0.103947,0.442668,-0.054115
1201,0,0.026902,0.029286,0.048278,0.305458,0.071460,0.153930,0.754543,0.000000,0.212284,0.738793,-0.024498,0.262872,0.696000,-0.035507,0.301075,0.651176,-0.044999,0.333758,0.618019,-0.054139,0.227969,0.584520,-0.019206,0.257730,0.517983,-0.034933,0.273442,0.475580,-0.047552,0.283899,0.436886,-0.056730,0.194437,0.564707,-0.019317,0.213708,0.483554,-0.033435,0.222548,0.431975,-0.045295,0.225525,0.387446,-0.053510,0.159887,0.564731,-0.022684,0.157558,0.487003,-0.038005,0.155521,0.437764,-0.048773,0.154077,0.394267,-0.055434,0.125899,0.580765,-0.028439,0.114505,0.519902,-0.043223,0.107853,0.480462,-0.049958,0.104270,0.442218,-0.053436
1233,0,0.019585,0.018212,0.032411,0.309660,0.069105,0.153699,0.754256,0.000000,0.211933,0.738389,-0.024364,0.262604,0.695632,-0.035429,0.300874,0.651029,-0.044997,0.333684,0.617935,-0.054159,0.228224,0.583845,-0.019506,0.258071,0.517434,-0.035207,0.273454,0.475051,-0.047731,0.283369,0.436296,-0.056893,0.194461,0.564211,-0.019746,0.213734,0.483039,-0.033933,0.222455,0.431676,-0.045773,0.225357,0.387252,-0.053974,0.160017,0.564666,-0.023201,0.157471,0.487030,-0.038606,0.155419,0.437652,-0.049430,0.153942,0.393832,-0.056154,0.126042,0.581059,-0.028982,0.114347,0.520563,-0.043963,0.107661,0.480881,-0.050834,0.104017,0.442212,-0.054418
1265,0,0.026422,0.033162,0.041164,0.320918,0.063841,0.152980,0.754436,0.000000,0.211531,0.738799,-0.024262,0.262457,0.695526,-0.035025,0.300678,0.650586,-0.044308,0.333609,0.617393,-0.053221,0.227950,0.583582,-0.018742,0.257378,0.517456,-0.034193,0.273020,0.475383,-0.046675,0.282989,0.436688,-0.055884,0.194146,0.563986,-0.018973,0.213612,0.483123,-0.032880,0.222519,0.431846,-0.044715,0.225517,0.387267,-0.053000,0.159776,0.564392,-0.022468,0.157426,0.486858,-0.037725,0.155479,0.437842,-0.048524,0.153937,0.394000,-0.055293,0.125591,0.580818,-0.028312,0.114203,0.520311,-0.043125,0.107764,0.480806,-0.049930,0.104255,0.442279,-0.053517
1296,0,0.023379,0.022912,0.045324,0.319292,0.063264,0.153229,0.754007,0.000000,0.211417,0.738349,-0.024734,0.262540,0.694877,-0.035620,0.300880,0.650001,-0.044950,0.333449,0.616691,-0.053948,0.228176,0.583854,-0.019346,0.257555,0.517501,-0.035083,0.272814,0.475325,-0.047727,0.283104,0.436629,-0.056984,0.194514,0.564028,-0.019457,0.213718,0.482802,-0.033602,0.222624,0.431374,-0.045543,0.225537,0.386936,-0.053837,0.159878,0.564242,-0.022864,0.157429,0.486524,-0.038323,0.155254,0.437162,-0.049245,0.153581,0.393350,-0.056021,0.125593,0.580735,-0.028677,0.114442,0.520019,-0.043580,0.107802,0.480513,-0.050430,0.104173,0.442191,-0.054022
1330,0,0.016102,0.029547,0.055618,0.316547,0.082213,0.153919,0.753752,0.000000,0.211811,0.737729,-0.024109,0.262504,0.695156,-0.034971,0.300782,0.650649,-0.044407,0.333421,0.617091,-0.053511,0.227772,0.583979,-0.018966,0.257209,0.517543,-0.034712,0.272991,0.475359,-0.047294,0.283525,0.436786,-0.056397,0.194188,0.564474,-0.019280,0.213645,0.482905,-0.033287,0.222628,0.431288,-0.045036,0.225680,0.386923,-0.053178,0.159911,0.564784,-0.022851,0.157318,0.486866,-0.038153,0.155162,0.437030,-0.048922,0.153664,0.393135,-0.055620,0.125816,0.580973,-0.028772,0.114505,0.520363,-0.043556,0.107812,0.480676,-0.050365,0.104039,0.442304,-0.053881
1361,0,0.015580,0.027609,0.049269,0.320827,0.064920,0.153122,0.753575,0.000000,0.211435,0.737742,-0.024388,0.262297,0.695080,-0.035354,0.300604,0.650187,-0.044862,0.333456,0.616798,-0.053982,0.228191,0.583799,-0.019089,0.257896,0.517372,-0.034763,0.273522,0.474944,-0.047299,0.283685,0.436144,-0.056456,0.194476,0.564036,-0.019237,0.213837,0.482946,-0.033434,0.222707,0.431426,-0.045342,0.225632,0.386874,-0.053539,0.159970,0.564306,-0.022652,0.157444,0.486563,-0.038105,0.155271,0.437169,-0.048923,0.153657,0.393405,-0.055569,0.125823,0.580463,-0.028431,0.114700,0.519899,-0.043311,0.108181,0.480306,-0.050105,0.104555,0.441833,-0.053612
1394,0,0.021026,0.027362,0.054768,0.312364,0.069091,0.153635,0.754239,0.000000,0.211516,0.738049,-0.024384,0.262213,0.694342,-0.035393,0.300736,0.649919,-0.044888,0.333583,0.616566,-0.054051,0.228121,0.583961,-0.019378,0.257466,0.517644,-0.035209,0.272830,0.475304,-0.047844,0.283194,0.436573,-0.057080,0.194567,0.564078,-0.019655,0.213977,0.483133,-0.033897,0.222852,0.431725,-0.045812,0.225883,0.387167,-0.054051,0.160200,0.564430,-0.023183,0.157591,0.487089,-0.038608,0.155327,0.437513,-0.049469,0.153758,0.393393,-0.056230,0.126223,0.580725,-0.029076,0.115164,0.520261,-0.043928,0.108457,0.480928,-0.050726,0.104673,0.442590,-0.054309
1425,0,0.023600,0.024860,0.063881,0.320449,0.078830,0.153290,0.753907,0.000000,0.210669,0.737539,-0.024707,0.261489,0.694924,-0.035932,0.299705,0.650175,-0.045604,0.332369,0.616081,-0.054813,0.228310,0.583929,-0.019510,0.257197,0.517110,-0.035396,0.272234,0.474559,-0.048008,0.282259,0.435722,-0.057254,0.194778,0.564233,-0.019547,0.213805,0.483362,-0.033805,0.222532,0.431929,-0.045752,0.225562,0.387888,-0.053963,0.160293,0.564559,-0.022894,0.157321,0.487252,-0.038318,0.154885,0.437784,-0.049229,0.153313,0.393916,-0.055997,0.126391,0.580735,-0.028627,0.115517,0.520566,-0.043496,0.108807,0.481267,-0.050375,0.105107,0.443146,-0.054000
1477,0,0.023186,0.023730,0.037771,0.325292,0.084522,0.152838,0.753859,0.000000,0.210193,0.737183,-0.024296,0.260674,0.694434,-0.035355,0.298678,0.649033,-0.044900,0.330847,0.614300,-0.054058,0.228481,0.584664,-0.019552,0.256866,0.517196,-0.035484,0.271606,0.474392,-0.048002,0.281314,0.435343,-0.057196,0.195098,0.564668,-0.019718,0.214149,0.483795,-0.034044,0.222742,0.432632,-0.045971,0.225407,0.388690,-0.054205,0.160738,0.564503,-0.023096,0.157408,0.487235,-0.038549,0.154527,0.437762,-0.049368,0.152419,0.393939,-0.056162,0.126616,0.580377,-0.028820,0.115764,0.520506,-0.043608,0.109039,0.481343,-0.050513,0.105202,0.443326,-0.054168
1512,0,0.065780,0.068534,0.059744,0.372477,0.146855,0.153125,0.753778,0.000000,0.209051,0.736953,-0.024689,0.258919,0.693645,-0.036258,0.296036,0.647800,-0.046204,0.327742,0.611610,-0.055689,0.228267,0.583953,-0.020962,0.256135,0.516419,-0.037273,0.270564,0.473719,-0.049858,0.280277,0.434373,-0.059084,0.194921,0.564014,-0.021109,0.213787,0.483451,-0.035834,0.222578,0.432457,-0.047865,0.225342,0.388402,-0.056168,0.160600,0.564583,-0.024449,0.156494,0.487871,-0.040226,0.153194,0.438476,-0.051223,0.151174,0.394292,-0.058161,0.126902,0.581367,-0.030114,0.116143,0.521378,-0.045134,0.109544,0.482660,-0.052220,0.105985,0.444681,-0.056094
1545,0,0.070452,0.062984,0.125133,0.408525,0.208108,0.152460,0.753314,0.000000,0.207298,0.734813,-0.024283,0.256460,0.691682,-0.036037,0.291866,0.645022,-0.046205,0.321448,0.606716,-0.055911,0.227552,0.583452,-0.020943,0.255121,0.515737,-0.037624,0.269364,0.473267,-0.050375,0.279196,0.433964,-0.059638,0.194230,0.563873,-0.021312,0.212988,0.483262,-0.036462,0.221586,0.432452,-0.048825,0.224549,0.388058,-0.057387,0.160442,0.564987,-0.024837,0.155061,0.489185,-0.041001,0.151376,0.440364,-0.052109,0.149223,0.396514,-0.059121,0.127503,0.582057,-0.030612,0.117517,0.522332,-0.045836,0.111400,0.484046,-0.052921,0.108245,0.446288,-0.056833
1577,0,0.151930,0.153464,0.200836,0.420745,0.279288,0.151293,0.752319,0.000000,0.204687,0.733037,-0.024533,0.252072,0.688014,-0.035149,0.283113,0.637900,-0.044052,0.307875,0.595941,-0.052235,0.227768,0.582969,-0.019703,0.254341,0.514468,-0.035850,0.267201,0.471751,-0.047959,0.275459,0.431948,-0.056622,0.194522,0.564351,-0.019445,0.212960,0.483875,-0.034394,0.220947,0.433286,-0.046706,0.223806,0.388480,-0.055111,0.160862,0.566102,-0.022431,0.154266,0.492814,-0.038707,0.149707,0.445396,-0.050060,0.147025,0.402758,-0.057101,0.127943,0.583099,-0.027684,0.119424,0.524315,-0.042983,0.113720,0.486869,-0.050429,0.110807,0.449887,-0.054521
1609,0,0.182160,0.203387,0.282369,0.558741,0.458398,0.150913,0.748679,0.000000,0.200678,0.728813,-0.025923,0.244297,0.681737,-0.037049,0.268969,0.629345,-0.046229,0.290950,0.587321,-0.054417,0.228287,0.580922,-0.021242,0.254555,0.513926,-0.038151,0.266086,0.471298,-0.050525,0.274080,0.431129,-0.059411,0.195599,0.561798,-0.020342,0.214297,0.484075,-0.036131,0.222254,0.435186,-0.048505,0.226052,0.390876,-0.056951,0.162553,0.564039,-0.022784,0.153768,0.496307,-0.039877,0.148491,0.452873,-0.051002,0.145739,0.413619,-0.057905,0.130118,0.581973,-0.027686,0.122353,0.527150,-0.043071,0.116537,0.493837,-0.050231,0.112809,0.461070,-0.054307
1640,0,0.371142,0.405138,0.464945,0.781855,0.750980,0.149535,0.745597,0.000000,0.196262,0.727185,-0.027901,0.237270,0.684745,-0.038617,0.254640,0.632961,-0.047046,0.265295,0.584605,-0.054021,0.234356,0.579085,-0.019236,0.257659,0.512113,-0.034585,0.267367,0.470602,-0.046392,0.273718,0.430805,-0.054529,0.201339,0.559120,-0.016511,0.218428,0.482584,-0.029317,0.226237,0.434860,-0.039962,0.229741,0.393209,-0.046937,0.166973,0.561075,-0.017456,0.158101,0.501581,-0.031334,0.151856,0.465254,-0.039707,0.146896,0.433158,-0.044575,0.132854,0.578958,-0.021434,0.127529,0.533410,-0.033150,0.122336,0.512221,-0.036529,0.116564,0.493390,-0.037673
1672,0,0.564547,0.555814,3.707286,1.084084,1.150885,0.149319,0.746286,0.000000,0.191965,0.725628,-0.028174,0.228811,0.681096,-0.037025,0.241977,0.630411,-0.043782,0.234835,0.582756,-0.049646,0.229232,0.581419,-0.015790,0.251704,0.514663,-0.029012,0.261033,0.473090,-0.040249,0.267758,0.432778,-0.048299,0.200109,0.565036,-0.013978,0.219882,0.487607,-0.026517,0.229745,0.437579,-0.039156,0.234459,0.397330,-0.047825,0.168799,0.570814,-0.015845,0.164917,0.513007,-0.037444,0.157362,0.497055,-0.051140,0.149435,0.487231,-0.057150,0.136974,0.589796,-0.019979,0.137841,0.546855,-0.041779,0.137392,0.561586,-0.047643,0.135001,0.583147,-0.048517
1704,0,0.460469,0.454739,2.968365,1.450534,1.537717,0.149625,0.748217,0.000000,0.194050,0.724777,-0.023812,0.224396,0.669524,-0.030147,0.223116,0.613646,-0.035511,0.210936,0.565704,-0.039488,0.228514,0.582694,-0.011186,0.247289,0.515313,-0.024766,0.254151,0.472778,-0.034521,0.258121,0.433457,-0.041000,0.200013,0.566397,-0.010565,0.220650,0.488622,-0.025468,0.230348,0.440050,-0.036303,0.236574,0.399739,-0.042044,0.168631,0.571813,-0.013229,0.163749,0.509993,-0.039596,0.163784,0.540912,-0.047335,0.164695,0.571784,-0.045248,0.137216,0.592004,-0.017629,0.137500,0.555658,-0.042188,0.142339,0.582280,-0.045896,0.146223,0.611376,-0.042944
1735,0,0.405351,0.394583,0.764477,1.792379,1.903503,0.148148,0.750574,0.000000,0.192606,0.722100,-0.023635,0.219965,0.662667,-0.030953,0.214839,0.600149,-0.037404,0.199953,0.546415,-0.041777,0.232046,0.590810,-0.008244,0.242192,0.516172,-0.021666,0.241867,0.467752,-0.031188,0.239809,0.423734,-0.037657,0.203396,0.574986,-0.007458,0.226849,0.494327,-0.022714,0.237149,0.446778,-0.031640,0.243810,0.407331,-0.035398,0.172494,0.578128,-0.010182,0.170197,0.516532,-0.038019,0.169318,0.559574,-0.040910,0.170065,0.599477,-0.034116,0.142887,0.595095,-0.014781,0.144048,0.560265,-0.039067,0.149331,0.592392,-0.038922,0.154519,0.623977,-0.032580
1774,0,0.313469,0.322204,1.013987,2.068942,2.201622,0.147598,0.750059,0.000000,0.192281,0.718706,-0.023121,0.217345,0.655359,-0.029766,0.205783,0.590321,-0.036320,0.188209,0.536981,-0.040485,0.233919,0.592557,-0.001708,0.236058,0.520532,-0.017364,0.231041,0.470473,-0.029187,0.225107,0.423672,-0.037081,0.206363,0.579060,-0.002324,0.227803,0.499876,-0.021329,0.240313,0.455675,-0.031776,0.249147,0.416270,-0.035288,0.176012,0.581780,-0.007270,0.172515,0.530906,-0.041462,0.172700,0.586615,-0.043997,0.174451,0.627591,-0.034582,0.144640,0.597525,-0.013914,0.148164,0.565261,-0.042078,0.152411,0.607491,-0.040050,0.156115,0.640004,-0.031251
1807,0,0.279263,0.282834,0.635610,2.188370,2.303316,0.148128,0.749182,0.000000,0.191662,0.718889,-0.023760,0.216667,0.652046,-0.029593,0.200984,0.587478,-0.034644,0.179133,0.538837,-0.037241,0.235845,0.591135,-0.003277,0.239676,0.510864,-0.017206,0.240208,0.458833,-0.028028,0.238713,0.412992,-0.035302,0.207412,0.583424,-0.003321,0.223002,0.507580,-0.022569,0.229091,0.467349,-0.033719,0.230895,0.432582,-0.037205,0.177155,0.589975,-0.007505,0.172447,0.545075,-0.041331,0.173740,0.599072,-0.045884,0.175685,0.636408,-0.037917,0.145596,0.606762,-0.013365,0.150051,0.575557,-0.041722,0.153984,0.617636,-0.041402,0.156605,0.648699,-0.033897
1856,0,0.188189,0.231744,0.405621,2.183760,2.269996,0.151639,0.748261,0.000000,0.193845,0.719391,-0.024718,0.219242,0.652801,-0.031072,0.203483,0.589542,-0.036341,0.179623,0.543127,-0.039387,0.235550,0.589311,-0.006906,0.239808,0.508262,-0.021164,0.241474,0.456321,-0.031510,0.241434,0.411825,-0.038232,0.206039,0.584553,-0.006897,0.218402,0.507236,-0.026311,0.225816,0.466551,-0.036902,0.229358,0.432081,-0.039912,0.175272,0.594581,-0.011002,0.170113,0.554252,-0.046004,0.174006,0.608366,-0.051536,0.177473,0.644784,-0.043799,0.144197,0.614035,-0.016648,0.149316,0.584482,-0.045724,0.154235,0.625818,-0.045969,0.157438,0.655760,-0.038792
1903,0,0.224056,0.252064,0.763039,2.187133,2.267951,0.151244,0.746846,0.000000,0.194472,0.716907,-0.023948,0.221891,0.653926,-0.031459,0.206432,0.592645,-0.038254,0.182010,0.547723,-0.043005,0.236690,0.590554,-0.009232,0.243810,0.508182,-0.025572,0.248924,0.457138,-0.037031,0.251058,0.413460,-0.044053,0.206297,0.586515,-0.010402,0.217339,0.511403,-0.032105,0.221233,0.470499,-0.044193,0.220825,0.435430,-0.047721,0.175015,0.597800,-0.015363,0.171251,0.567581,-0.050516,0.175970,0.617830,-0.056280,0.178821,0.649299,-0.048699,0.143949,0.617880,-0.021834,0.151019,0.595152,-0.049188,0.157012,0.632924,-0.048455,0.160304,0.659099,-0.040664
1936,0,0.246104,0.185320,0.367599,2.128822,2.217291,0.152650,0.751823,0.000000,0.193746,0.725497,-0.026686,0.221568,0.663785,-0.036553,0.208757,0.598758,-0.045296,0.184022,0.550776,-0.051827,0.237586,0.597533,-0.013492,0.244059,0.516405,-0.031936,0.246215,0.464587,-0.044664,0.245828,0.420029,-0.052284,0.207720,0.592160,-0.013703,0.222317,0.515100,-0.036237,0.229895,0.470461,-0.048035,0.232482,0.432635,-0.051581,0.176452,0.602117,-0.017943,0.174764,0.570475,-0.054074,0.179447,0.621180,-0.058920,0.182077,0.654732,-0.050528,0.145615,0.621108,-0.023947,0.154121,0.596476,-0.051757,0.160049,0.634067,-0.050072,0.163211,0.661502,-0.041469
1981,0,0.201205,0.186863,0.576088,2.205414,2.305328,0.155221,0.751273,0.000000,0.197472,0.725420,-0.024078,0.225052,0.661520,-0.032462,0.210010,0.596637,-0.040153,0.185254,0.550009,-0.045349,0.238438,0.599694,-0.009363,0.242682,0.524164,-0.028304,0.238549,0.474578,-0.041608,0.230985,0.430930,-0.049299,0.208419,0.593848,-0.010454,0.226621,0.516912,-0.032566,0.237877,0.470568,-0.044033,0.244333,0.431265,-0.047359,0.177724,0.601780,-0.015702,0.176857,0.569738,-0.051585,0.181564,0.620825,-0.056401,0.184430,0.656237,-0.047844,0.147208,0.618964,-0.022623,0.156415,0.600066,-0.050373,0.162285,0.639474,-0.049056,0.165111,0.667679,-0.040707
2033,0,0.115655,0.155405,0.342218,2.246940,2.382306,0.158311,0.747965,0.000000,0.200123,0.723761,-0.023918,0.228347,0.660226,-0.031340,0.211039,0.596223,-0.037795,0.186116,0.550580,-0.041965,0.241531,0.600797,-0.007685,0.244654,0.528629,-0.025102,0.241309,0.478656,-0.037461,0.233968,0.434146,-0.044867,0.211484,0.594930,-0.009115,0.230436,0.517731,-0.031190,0.239355,0.473074,-0.042699,0.241983,0.434746,-0.045367,0.180674,0.602535,-0.014619,0.178747,0.569248,-0.052106,0.181949,0.623049,-0.057076,0.183693,0.658572,-0.047602,0.148909,0.619735,-0.021549,0.158309,0.598238,-0.051238,0.162613,0.640654,-0.049771,0.163341,0.669918,-0.040664
2067,0,0.117759,0.108309,0.494872,2.292954,2.447086,0.161779,0.743196,0.000000,0.202030,0.722692,-0.023733,0.229825,0.658513,-0.030709,0.212373,0.595388,-0.036447,0.187427,0.549850,-0.039837,0.243071,0.597635,-0.007506,0.244371,0.525855,-0.024499,0.240783,0.476685,-0.036316,0.232920,0.432746,-0.043260,0.213804,0.591674,-0.008900,0.233771,0.514416,-0.030318,0.243792,0.471119,-0.041304,0.246706,0.433886,-0.043358,0.183648,0.599304,-0.014360,0.182375,0.568357,-0.051736,0.186404,0.621496,-0.057408,0.188568,0.655465,-0.048313,0.152479,0.615987,-0.021157,0.161983,0.598590,-0.051312,0.166498,0.641883,-0.050693,0.167078,0.670549,-0.041989
2112,0,0.092110,0.127960,0.201365,2.270578,2.451109,0.159499,0.742816,0.000000,0.200465,0.725850,-0.025210,0.228958,0.662053,-0.032651,0.212169,0.597121,-0.038423,0.186998,0.551248,-0.041730,0.243280,0.602115,-0.010181,0.245331,0.527831,-0.027885,0.242079,0.477879,-0.039817,0.234412,0.433348,-0.046691,0.214569,0.594187,-0.010830,0.235481,0.516059,-0.032473,0.246823,0.471517,-0.043189,0.251081,0.431843,-0.045102,0.184565,0.600108,-0.015604,0.182382,0.568375,-0.053727,0.185102,0.621812,-0.059336,0.186940,0.654858,-0.049966,0.153553,0.615782,-0.021740,0.162506,0.597384,-0.052625,0.166716,0.641978,-0.051717,0.167400,0.670795,-0.042638
2144,0,0.062506,0.051991,0.198193,2.246326,2.423720,0.159380,0.742240,0.000000,0.200089,0.723974,-0.025602,0.228570,0.660782,-0.033585,0.212147,0.596773,-0.039847,0.186917,0.550569,-0.043611,0.242556,0.600889,-0.010789,0.245516,0.526475,-0.028928,0.242722,0.475943,-0.041113,0.235323,0.430846,-0.047927,0.213917,0.593930,-0.011292,0.235087,0.514679,-0.033211,0.247864,0.470015,-0.044066,0.254108,0.430036,-0.045915,0.183955,0.599722,-0.015957,0.180900,0.566216,-0.054936,0.183826,0.620711,-0.060971,0.185533,0.655017,-0.051496,0.153188,0.614736,-0.021903,0.161628,0.594205,-0.053119,0.165870,0.639355,-0.052113,0.166189,0.669943,-0.042800
2191,0,0.055606,0.051777,0.170669,2.219432,2.409531,0.157970,0.741739,0.000000,0.199099,0.724088,-0.025892,0.228071,0.660844,-0.034088,0.211703,0.596641,-0.040626,0.185395,0.550954,-0.044595,0.241731,0.600612,-0.011628,0.245414,0.526002,-0.030136,0.243539,0.475609,-0.042545,0.236736,0.430315,-0.049571,0.213002,0.592852,-0.012173,0.234229,0.515164,-0.034739,0.246487,0.469582,-0.045928,0.251373,0.428174,-0.048010,0.182938,0.598626,-0.016865,0.179734,0.566110,-0.056044,0.182964,0.620969,-0.062159,0.184774,0.655349,-0.052726,0.152327,0.613958,-0.022948,0.160589,0.594638,-0.054190,0.165576,0.638880,-0.053507,0.166635,0.668421,-0.044399
2241,0,0.081585,0.066889,0.164902,2.236205,2.432972,0.157356,0.741143,0.000000,0.198701,0.723549,-0.025847,0.227263,0.659314,-0.033392,0.210545,0.595638,-0.039331,0.185129,0.549536,-0.042706,0.241611,0.598279,-0.009606,0.243476,0.525030,-0.027697,0.240216,0.474994,-0.040012,0.232818,0.430402,-0.046892,0.212498,0.591368,-0.010100,0.233361,0.513004,-0.032224,0.246792,0.468006,-0.043452,0.253556,0.427457,-0.045464,0.182400,0.598202,-0.014927,0.177781,0.564759,-0.054550,0.181130,0.620120,-0.061268,0.183519,0.655170,-0.051922,0.151599,0.614013,-0.021044,0.158905,0.593341,-0.052863,0.163562,0.638735,-0.052506,0.164933,0.669077,-0.043484
2273,0,0.068945,0.073163,0.139346,2.212040,2.392109,0.157606,0.741745,0.000000,0.198402,0.722895,-0.026141,0.226694,0.659298,-0.034507,0.209944,0.595381,-0.041193,0.183530,0.549448,-0.045303,0.241076,0.598560,-0.011252,0.244304,0.524005,-0.029582,0.242349,0.473533,-0.042106,0.235796,0.428475,-0.049314,0.211951,0.591585,-0.011888,0.232496,0.513797,-0.034409,0.244590,0.468804,-0.045792,0.249588,0.427482,-0.048042,0.181472,0.598176,-0.016732,0.178348,0.565752,-0.055935,0.182030,0.620954,-0.062132,0.183847,0.654685,-0.052772,0.150431,0.614351,-0.023010,0.159021,0.593940,-0.054109,0.164338,0.637940,-0.053261,0.165362,0.667253,-0.044128
2317,0,0.030438,0.030244,0.114750,2.214282,2.402473,0.157101,0.741538,0.000000,0.197208,0.723576,-0.025770,0.225610,0.660249,-0.034111,0.209146,0.596007,-0.040842,0.183291,0.550039,-0.045070,0.240666,0.598544,-0.011406,0.243083,0.523937,-0.029868,0.240406,0.474200,-0.042371,0.232848,0.429538,-0.049492,0.211820,0.591574,-0.012186,0.232876,0.512932,-0.034631,0.245164,0.467885,-0.045883,0.250259,0.426634,-0.047931,0.181564,0.598517,-0.017088,0.178820,0.565969,-0.056256,0.181968,0.620727,-0.062109,0.183508,0.654342,-0.052484,0.150336,0.614715,-0.023332,0.159152,0.593592,-0.054467,0.163497,0.637851,-0.053167,0.163848,0.667135,-0.043606
2351,0,0.041571,0.044098,0.165500,2.217334,2.393184,0.157397,0.741858,0.000000,0.198093,0.722690,-0.025033,0.226313,0.659221,-0.033132,0.209335,0.595004,-0.039713,0.182790,0.550282,-0.043795,0.240426,0.598572,-0.011145,0.243511,0.523027,-0.029099,0.241603,0.472873,-0.041313,0.235131,0.428103,-0.048465,0.211614,0.591377,-0.012198,0.232404,0.513367,-0.034259,0.244205,0.468060,-0.045428,0.248680,0.426471,-0.047779,0.181349,0.598149,-0.017244,0.179611,0.565131,-0.055552,0.183144,0.619389,-0.061234,0.184791,0.653280,-0.051927,0.150460,0.614459,-0.023628,0.159743,0.593844,-0.054213,0.164833,0.637624,-0.053037,0.165671,0.666783,-0.043860
2399,0,0.023542,0.022439,0.084265,2.223162,2.400727,0.157314,0.741927,0.000000,0.197483,0.722898,-0.025439,0.226057,0.659482,-0.033538,0.209005,0.595136,-0.039991,0.182247,0.550313,-0.043968,0.240838,0.598226,-0.010902,0.243584,0.523249,-0.028763,0.241559,0.473333,-0.040969,0.234787,0.428450,-0.048074,0.212011,0.591367,-0.011750,0.232459,0.513062,-0.033701,0.244135,0.468201,-0.044880,0.248689,0.426942,-0.047162,0.181694,0.598395,-0.016647,0.179650,0.565955,-0.055115,0.183059,0.620333,-0.060851,0.184597,0.653836,-0.051464,0.150741,0.614760,-0.022880,0.159788,0.594187,-0.053550,0.164058,0.638292,-0.052246,0.164259,0.667209,-0.042860
2445,0,0.029534,0.040053,0.185105,2.213459,2.373945,0.158075,0.742240,0.000000,0.198073,0.723792,-0.025119,0.226605,0.659779,-0.033345,0.209214,0.595265,-0.040085,0.182290,0.550573,-0.044427,0.240711,0.597626,-0.010788,0.243731,0.521985,-0.028285,0.242311,0.471606,-0.040314,0.236209,0.426653,-0.047430,0.211671,0.591134,-0.011915,0.232102,0.512487,-0.033720,0.243717,0.467484,-0.044884,0.247955,0.426059,-0.047267,0.181386,0.598417,-0.016974,0.179644,0.564671,-0.055395,0.183210,0.619331,-0.060814,0.184486,0.653392,-0.051380,0.150117,0.615301,-0.023356,0.159685,0.592862,-0.054220,0.164139,0.637549,-0.052751,0.164276,0.667757,-0.043317
2477,0,0.040850,0.039163,0.198913,2.219729,2.389314,0.157598,0.741439,0.000000,0.198439,0.722155,-0.025634,0.226385,0.658859,-0.033525,0.208964,0.595236,-0.039798,0.182036,0.550886,-0.043556,0.240636,0.596215,-0.010244,0.242962,0.521279,-0.027741,0.241059,0.471247,-0.039700,0.234564,0.426545,-0.046595,0.211849,0.589815,-0.010995,0.232140,0.511397,-0.032708,0.243830,0.466140,-0.043817,0.248237,0.424990,-0.045941,0.181675,0.597223,-0.015897,0.178173,0.564807,-0.054666,0.181837,0.619605,-0.061005,0.183721,0.653613,-0.051758,0.150722,0.614187,-0.022137,0.158810,0.593384,-0.053130,0.163805,0.637742,-0.052313,0.164614,0.667656,-0.043131
2528,0,0.041687,0.054697,0.127178,2.200129,2.351349,0.158139,0.742535,0.000000,0.199192,0.721882,-0.025295,0.227016,0.658203,-0.033448,0.208965,0.594822,-0.040177,0.181760,0.550520,-0.044433,0.240235,0.596258,-0.010151,0.243496,0.521350,-0.027849,0.242031,0.470637,-0.040111,0.235872,0.425467,-0.047347,0.211077,0.589977,-0.011092,0.230346,0.513001,-0.033300,0.240783,0.467346,-0.044957,0.244237,0.425520,-0.047609,0.180731,0.597524,-0.016102,0.176790,0.565783,-0.054682,0.180937,0.620327,-0.060903,0.183027,0.654597,-0.051833,0.149673,0.614392,-0.022462,0.157684,0.593332,-0.053045,0.163095,0.637358,-0.052128,0.164771,0.667323,-0.043025
2561,0,0.042850,0.040356,0.292617,2.207214,2.369619,0.157760,0.741499,0.000000,0.198483,0.722272,-0.025418,0.226209,0.658077,-0.033338,0.207436,0.594605,-0.039810,0.180484,0.550388,-0.043811,0.239820,0.596066,-0.009725,0.241932,0.521009,-0.027744,0.240053,0.470288,-0.040070,0.232950,0.424916,-0.047193,0.210693,0.589288,-0.010587,0.231014,0.511856,-0.033533,0.241566,0.466330,-0.045437,0.244129,0.424532,-0.047714,0.180558,0.596447,-0.015563,0.175669,0.565004,-0.055129,0.179863,0.620245,-0.061667,0.182203,0.654997,-0.052235,0.149523,0.613319,-0.021840,0.156583,0.593976,-0.053438,0.161708,0.638759,-0.052950,0.163073,0.668451,-0.043811
2607,0,0.043469,0.044446,0.138803,2.210216,2.374904,0.157738,0.741608,0.000000,0.198030,0.722353,-0.025080,0.225282,0.657798,-0.033022,0.207511,0.594900,-0.039528,0.180117,0.551025,-0.043442,0.239024,0.594891,-0.009646,0.240618,0.520335,-0.027461,0.238109,0.471048,-0.039626,0.230567,0.426518,-0.046605,0.210623,0.588395,-0.010763,0.230825,0.509859,-0.032891,0.242715,0.464561,-0.044322,0.246991,0.422511,-0.046442,0.180498,0.595894,-0.015997,0.176659,0.564699,-0.054954,0.180767,0.620224,-0.061184,0.182781,0.653964,-0.051726,0.149501,0.612693,-0.022520,0.157348,0.593473,-0.053324,0.162350,0.638328,-0.052215,0.163309,0.667555,-0.042789
2658,0,0.052006,0.051843,0.217727,2.190580,2.340531,0.156832,0.743334,0.000000,0.197623,0.722632,-0.025381,0.224764,0.659079,-0.033678,0.207264,0.595417,-0.040512,0.180130,0.550974,-0.044947,0.239169,0.596103,-0.010596,0.240963,0.521094,-0.028519,0.238523,0.470758,-0.040873,0.231607,0.425911,-0.048069,0.210029,0.590176,-0.011442,0.229203,0.511603,-0.033678,0.240202,0.465305,-0.045341,0.244624,0.423536,-0.047937,0.179469,0.597909,-0.016354,0.175635,0.566123,-0.054903,0.179672,0.619852,-0.061014,0.182139,0.653882,-0.051880,0.148245,0.614822,-0.022589,0.156057,0.593848,-0.053095,0.161393,0.637246,-0.052011,0.163397,0.666965,-0.042812
2692,0,0.062000,0.054236,0.197815,2.223647,2.378399,0.156795,0.742507,0.000000,0.197655,0.722364,-0.025090,0.224766,0.658026,-0.032633,0.206447,0.594571,-0.038635,0.180202,0.549960,-0.042112,0.239834,0.594948,-0.008921,0.241126,0.520289,-0.026320,0.238515,0.470168,-0.038340,0.230888,0.425059,-0.045391,0.210943,0.588731,-0.009995,0.231132,0.510153,-0.031928,0.241783,0.465182,-0.043292,0.244674,0.424119,-0.045457,0.180422,0.596338,-0.015251,0.176929,0.563836,-0.054148,0.180831,0.619174,-0.060347,0.182893,0.653099,-0.051000,0.149041,0.613613,-0.021810,0.156988,0.593391,-0.053066,0.161878,0.638369,-0.052344,0.162690,0.667952,-0.043227
2736,0,0.070659,0.072151,0.181053,2.180721,2.330048,0.157555,0.743115,0.000000,0.198839,0.722233,-0.025319,0.226098,0.658425,-0.033670,0.207533,0.595136,-0.040636,0.180497,0.550960,-0.045125,0.238951,0.594977,-0.010506,0.241067,0.520649,-0.028752,0.238498,0.470882,-0.041362,0.231540,0.426517,-0.048657,0.209483,0.589354,-0.011529,0.228513,0.511578,-0.033935,0.240144,0.465297,-0.045587,0.245091,0.423310,-0.048261,0.178744,0.597434,-0.016695,0.175088,0.566090,-0.055127,0.179813,0.619646,-0.061267,0.182560,0.653533,-0.052255,0.147520,0.614724,-0.023256,0.155501,0.594364,-0.053510,0.161542,0.637366,-0.052552,0.163945,0.666978,-0.043541
2763,0,0.077390,0.074098,0.189013,2.210746,2.371858,0.157331,0.741874,0.000000,0.198209,0.722651,-0.025674,0.225466,0.657999,-0.033372,0.206652,0.594523,-0.039484,0.179715,0.550016,-0.043112,0.239839,0.594686,-0.009234,0.239986,0.520544,-0.026949,0.236450,0.470533,-0.039124,0.228221,0.425480,-0.046184,0.210560,0.588166,-0.010002,0.231413,0.509329,-0.032309,0.242769,0.464190,-0.043668,0.246377,0.423524,-0.045563,0.180188,0.595549,-0.015011,0.175311,0.562512,-0.054715,0.179103,0.618813,-0.060958,0.181465,0.654150,-0.051152,0.148758,0.612716,-0.021327,0.155984,0.591667,-0.053342,0.160272,0.638148,-0.052591,0.161155,0.668748,-0.043145
2809,0,0.077050,0.080994,0.196963,2.171826,2.318790,0.157100,0.743410,0.000000,0.198227,0.722792,-0.026863,0.225615,0.659004,-0.035431,0.207291,0.595059,-0.042333,0.180240,0.550242,-0.046659,0.238629,0.594926,-0.010971,0.241104,0.520664,-0.029174,0.238538,0.470641,-0.041705,0.231722,0.426051,-0.049003,0.209027,0.589141,-0.011301,0.228587,0.510796,-0.033681,0.240819,0.464832,-0.045239,0.246406,0.423148,-0.047814,0.178120,0.597328,-0.015990,0.174081,0.565063,-0.055244,0.179140,0.619606,-0.061716,0.182038,0.654114,-0.052602,0.146913,0.614978,-0.022141,0.154694,0.593234,-0.053428,0.160925,0.636835,-0.052800,0.163264,0.666634,-0.043885
2865,0,0.074872,0.072194,0.269327,2.216305,2.369165,0.157538,0.742876,0.000000,0.198584,0.722550,-0.025083,0.225749,0.658032,-0.032935,0.207626,0.594157,-0.039457,0.181303,0.549176,-0.043596,0.240069,0.595253,-0.008739,0.241055,0.521125,-0.026348,0.237956,0.471090,-0.038701,0.229962,0.426243,-0.046060,0.210789,0.589302,-0.010053,0.231592,0.510283,-0.032623,0.242261,0.464927,-0.044450,0.245179,0.423984,-0.046882,0.180102,0.597595,-0.015490,0.177756,0.562579,-0.054931,0.181645,0.618410,-0.060713,0.183652,0.653066,-0.050955,0.148124,0.615735,-0.022192,0.157146,0.592411,-0.054142,0.161795,0.637919,-0.053025,0.162318,0.668129,-0.043465
2891,0,0.045172,0.043666,0.254345,2.201032,2.347511,0.157562,0.742703,0.000000,0.199066,0.721701,-0.025198,0.226465,0.657912,-0.033107,0.208489,0.594639,-0.039662,0.181502,0.550629,-0.043790,0.239824,0.594198,-0.009420,0.242398,0.519673,-0.027014,0.240428,0.469626,-0.039167,0.233949,0.425081,-0.046267,0.210698,0.588706,-0.010469,0.230269,0.510357,-0.032397,0.241591,0.464672,-0.043955,0.246137,0.423302,-0.046531,0.179934,0.597134,-0.015678,0.176798,0.564963,-0.054193,0.181227,0.618965,-0.060435,0.183733,0.652922,-0.051386,0.148530,0.614660,-0.022242,0.156798,0.593530,-0.052806,0.162361,0.637032,-0.051881,0.164123,0.666475,-0.042866
2939,0,0.030487,0.027191,0.092020,2.197257,2.339437,0.157609,0.743167,0.000000,0.199101,0.721909,-0.026023,0.225905,0.658660,-0.034314,0.207737,0.595756,-0.041124,0.181170,0.550859,-0.045466,0.239932,0.594736,-0.009968,0.242247,0.519799,-0.027767,0.240205,0.469571,-0.040071,0.233659,0.424904,-0.047210,0.210766,0.589431,-0.010635,0.230483,0.510924,-0.032850,0.241529,0.465128,-0.044479,0.245401,0.423889,-0.046980,0.180179,0.597804,-0.015553,0.176467,0.565282,-0.054645,0.180625,0.620081,-0.060995,0.182963,0.654537,-0.051717,0.148642,0.615191,-0.021845,0.156674,0.592926,-0.052934,0.161980,0.636821,-0.052079,0.163238,0.666731,-0.042900
2985,0,0.031517,0.028787,0.083478,2.204411,2.354147,0.157665,0.742395,0.000000,0.199279,0.721884,-0.025709,0.226120,0.658048,-0.033786,0.207488,0.595264,-0.040398,0.180963,0.550646,-0.044543,0.240331,0.593765,-0.009326,0.241871,0.519554,-0.026943,0.239500,0.469715,-0.039148,0.232665,0.425303,-0.046287,0.210840,0.588368,-0.010289,0.230758,0.509824,-0.032486,0.242412,0.464404,-0.044116,0.246692,0.423097,-0.046550,0.180158,0.596952,-0.015528,0.176510,0.563985,-0.055038,0.180828,0.619534,-0.061486,0.183278,0.653924,-0.052143,0.148430,0.614802,-0.022074,0.156530,0.592736,-0.053755,0.161863,0.637451,-0.053064,0.163098,0.667361,-0.043951
3018,0,0.041636,0.038740,0.121899,2.187749,2.331326,0.157610,0.743417,0.000000,0.198619,0.722139,-0.025901,0.225809,0.659319,-0.034435,0.207803,0.596218,-0.041553,0.180953,0.551661,-0.046167,0.239943,0.594554,-0.010133,0.241581,0.520278,-0.028174,0.238903,0.470555,-0.040664,0.231799,0.426140,-0.047913,0.210677,0.588698,-0.010874,0.230545,0.510592,-0.033299,0.242521,0.464896,-0.045046,0.247696,0.423647,-0.047584,0.179938,0.596982,-0.015842,0.175562,0.565683,-0.054734,0.180048,0.619873,-0.061028,0.182687,0.654125,-0.051834,0.148622,0.614532,-0.022210,0.155906,0.593464,-0.052889,0.161594,0.636606,-0.051900,0.163857,0.665965,-0.042740
3072,0,0.031022,0.029101,0.151694,2.199236,2.338211,0.157501,0.743784,0.000000,0.198422,0.723529,-0.026248,0.225656,0.659419,-0.034558,0.207829,0.596398,-0.041285,0.181181,0.551338,-0.045538,0.240083,0.594665,-0.010206,0.241698,0.520265,-0.027880,0.239086,0.470008,-0.040131,0.232417,0.425382,-0.047319,0.210657,0.589618,-0.010865,0.230072,0.510888,-0.032991,0.241748,0.465374,-0.044483,0.246701,0.424459,-0.046956,0.179687,0.598352,-0.015803,0.175855,0.564948,-0.055200,0.180203,0.620237,-0.061465,0.182698,0.655140,-0.052133,0.148064,0.616301,-0.022110,0.155980,0.593590,-0.053782,0.161374,0.638202,-0.053024,0.162965,0.668355,-0.043890
3097,0,0.051823,0.042807,0.102718,2.211825,2.344870,0.158165,0.743700,0.000000,0.198799,0.723372,-0.024979,0.225626,0.659381,-0.032971,0.207985,0.596419,-0.039644,0.181838,0.551437,-0.043961,0.241024,0.594794,-0.009623,0.242809,0.519561,-0.026973,0.240874,0.469245,-0.038952,0.234468,0.424719,-0.045971,0.211942,0.589106,-0.010760,0.231272,0.511294,-0.032839,0.241591,0.466200,-0.044389,0.244922,0.426105,-0.046828,0.181114,0.597383,-0.015950,0.178377,0.564645,-0.054638,0.182214,0.619171,-0.060768,0.184465,0.653624,-0.051573,0.149335,0.614688,-0.022425,0.157867,0.593310,-0.053584,0.162724,0.637608,-0.052892,0.163989,0.667568,-0.043895
3142,0,0.034062,0.036761,0.070723,2.195696,2.336989,0.158067,0.743453,0.000000,0.199001,0.723175,-0.025489,0.226062,0.659715,-0.033755,0.208067,0.596864,-0.040638,0.181814,0.552125,-0.045182,0.240649,0.594639,-0.010118,0.242818,0.520527,-0.028058,0.240869,0.470620,-0.040473,0.234208,0.426141,-0.047718,0.211416,0.589027,-0.011057,0.231343,0.511462,-0.033508,0.242383,0.465669,-0.045347,0.246379,0.424655,-0.047948,0.180595,0.597482,-0.016128,0.177192,0.565220,-0.054996,0.181362,0.619394,-0.061351,0.183816,0.654013,-0.052229,0.149190,0.615510,-0.022525,0.157200,0.594137,-0.053580,0.162599,0.637902,-0.052855,0.164454,0.667951,-0.043766
3195,0,0.027502,0.027901,0.110022,2.207251,2.342008,0.158482,0.743526,0.000000,0.199345,0.723456,-0.026104,0.226268,0.659978,-0.034247,0.208265,0.596679,-0.040826,0.181860,0.551694,-0.044938,0.241007,0.594788,-0.010075,0.242702,0.520067,-0.027716,0.240191,0.469919,-0.039905,0.233269,0.425387,-0.046945,0.211940,0.589518,-0.010659,0.231738,0.510903,-0.032684,0.243002,0.465551,-0.044215,0.247108,0.425032,-0.046616,0.181210,0.597933,-0.015478,0.177259,0.564475,-0.054479,0.181442,0.619463,-0.060828,0.183871,0.654606,-0.051551,0.149576,0.615547,-0.021680,0.157141,0.592992,-0.053031,0.162623,0.637322,-0.052373,0.164159,0.667724,-0.043294
3231,0,0.038039,0.038866,0.209627,2.194196,2.328098,0.158388,0.743902,0.000000,0.199811,0.722596,-0.026326,0.226863,0.659034,-0.034783,0.208622,0.596326,-0.041706,0.181699,0.551648,-0.046058,0.240302,0.594406,-0.010113,0.241720,0.520231,-0.028387,0.238917,0.470609,-0.041014,0.231895,0.426349,-0.048267,0.211032,0.588821,-0.010666,0.230736,0.510711,-0.033200,0.242991,0.465001,-0.044970,0.248638,0.423818,-0.047509,0.180271,0.597066,-0.015562,0.175957,0.565303,-0.054861,0.180649,0.620148,-0.061455,0.183555,0.654915,-0.052256,0.149021,0.614640,-0.021892,0.156241,0.594141,-0.052982,0.162191,0.637807,-0.052322,0.164437,0.667498,-0.043289
3279,0,0.027828,0.026177,0.230380,2.200847,2.330912,0.158241,0.744555,0.000000,0.199377,0.723614,-0.026038,0.226149,0.660108,-0.034366,0.208259,0.597107,-0.041259,0.181604,0.552119,-0.045679,0.240653,0.595123,-0.009886,0.241893,0.520770,-0.027770,0.238842,0.470658,-0.040237,0.231677,0.426077,-0.047558,0.211435,0.589916,-0.010645,0.231224,0.511288,-0.032882,0.243008,0.465312,-0.044656,0.248020,0.423819,-0.047328,0.180479,0.598511,-0.015666,0.176473,0.564307,-0.055045,0.180857,0.619650,-0.061344,0.183419,0.654673,-0.052044,0.148951,0.616513,-0.022048,0.156502,0.593263,-0.053693,0.162030,0.637538,-0.052901,0.163724,0.668001,-0.043733
3311,0,0.036074,0.036141,0.331040,2.191590,2.331385,0.157805,0.743787,0.000000,0.199082,0.723385,-0.026143,0.225834,0.660087,-0.034649,0.207627,0.597342,-0.041552,0.180815,0.552574,-0.045879,0.240101,0.594483,-0.010495,0.241373,0.520352,-0.028835,0.238483,0.470839,-0.041420,0.231019,0.426417,-0.048687,0.210844,0.588457,-0.011164,0.230758,0.510347,-0.033707,0.242734,0.465005,-0.045450,0.247724,0.423646,-0.047927,0.180138,0.596609,-0.016119,0.175897,0.565999,-0.055293,0.180599,0.620677,-0.061800,0.183628,0.654421,-0.052683,0.148826,0.614177,-0.022494,0.156038,0.595181,-0.053509,0.161931,0.639095,-0.052914,0.164248,0.668200,-0.043930
3358,0,0.028162,0.042302,0.188314,2.180262,2.303140,0.157780,0.745450,0.000000,0.198578,0.724938,-0.026094,0.225528,0.661387,-0.034770,0.207720,0.598190,-0.041942,0.180710,0.552780,-0.046636,0.239775,0.594815,-0.010841,0.241440,0.520169,-0.029019,0.238603,0.470250,-0.041645,0.231537,0.425801,-0.048949,0.210357,0.589251,-0.011560,0.229975,0.511231,-0.034010,0.241968,0.465256,-0.045875,0.247210,0.423622,-0.048586,0.179407,0.597503,-0.016476,0.175471,0.565862,-0.055460,0.180158,0.620187,-0.061905,0.182881,0.654653,-0.052882,0.148014,0.615427,-0.022806,0.155586,0.594616,-0.053808,0.161685,0.638157,-0.053048,0.164071,0.668220,-0.043991
3409,0,0.039263,0.039939,0.145964,2.189242,2.314642,0.157534,0.745425,0.000000,0.198946,0.724029,-0.025749,0.225668,0.660812,-0.034155,0.207233,0.597939,-0.041271,0.180512,0.552844,-0.045971,0.240384,0.595267,-0.009416,0.241871,0.520754,-0.027602,0.239244,0.470200,-0.040278,0.232415,0.425473,-0.047625,0.210841,0.589424,-0.010243,0.230684,0.511941,-0.033179,0.241618,0.465978,-0.045276,0.245839,0.425016,-0.047890,0.179930,0.597802,-0.015307,0.175490,0.565156,-0.054907,0.179205,0.620017,-0.061294,0.181820,0.655279,-0.051862,0.148136,0.615575,-0.021711,0.155496,0.593355,-0.053285,0.160778,0.637841,-0.052491,0.162836,0.668264,-0.043157
3443,0,0.037895,0.038359,0.147113,2.203851,2.335953,0.157557,0.744630,0.000000,0.199406,0.723205,-0.025100,0.225771,0.659405,-0.033352,0.206863,0.597342,-0.040346,0.180295,0.552630,-0.044943,0.240031,0.594192,-0.009475,0.240885,0.520232,-0.027482,0.237618,0.470552,-0.039982,0.230230,0.426024,-0.047291,0.210605,0.588923,-0.010698,0.230221,0.511313,-0.033054,0.242007,0.465643,-0.044844,0.247386,0.424647,-0.047489,0.179686,0.597351,-0.016114,0.175957,0.566123,-0.054897,0.180386,0.620176,-0.061280,0.183476,0.654585,-0.052185,0.148218,0.615080,-0.022868,0.155726,0.595147,-0.053574,0.161623,0.638599,-0.052847,0.164178,0.668168,-0.043885
3488,0,0.027762,0.029848,0.152725,2.198534,2.323811,0.157800,0.745525,0.000000,0.199378,0.724552,-0.025522,0.226048,0.660903,-0.033876,0.207026,0.598166,-0.040974,0.180156,0.553409,-0.045663,0.239760,0.595025,-0.009204,0.240564,0.521055,-0.027041,0.237417,0.470951,-0.039555,0.230102,0.426506,-0.046918,0.210183,0.589714,-0.010301,0.230032,0.511476,-0.032621,0.242183,0.465582,-0.044474,0.247569,0.424448,-0.047182,0.179280,0.598324,-0.015667,0.175340,0.565650,-0.054710,0.180222,0.620157,-0.060983,0.182982,0.654898,-0.051771,0.147664,0.616735,-0.022402,0.155363,0.594476,-0.053422,0.161409,0.638219,-0.052498,0.163725,0.668187,-0.043352
3518,0,0.028435,0.024818,0.074541,2.203476,2.327994,0.157806,0.745962,0.000000,0.199020,0.725091,-0.025801,0.226183,0.661254,-0.034071,0.207136,0.598192,-0.041017,0.179921,0.553588,-0.045516,0.239604,0.595426,-0.009022,0.240966,0.521654,-0.026843,0.238173,0.471956,-0.039198,0.231001,0.427586,-0.046409,0.210137,0.590089,-0.009899,0.230697,0.511539,-0.032202,0.243000,0.465661,-0.043862,0.248093,0.424204,-0.046310,0.179444,0.598896,-0.015092,0.174945,0.565765,-0.054547,0.179622,0.621182,-0.060765,0.182376,0.656355,-0.051272,0.147877,0.617407,-0.021633,0.155260,0.594441,-0.053124,0.160784,0.639206,-0.052165,0.162560,0.669753,-0.042771
3565,0,0.028549,0.025376,0.131778,2.199848,2.321363,0.157727,0.746661,0.000000,0.198771,0.725859,-0.026205,0.225527,0.661859,-0.034531,0.207171,0.598463,-0.041398,0.180330,0.553086,-0.045776,0.239509,0.596325,-0.009678,0.240961,0.522404,-0.027947,0.237774,0.472650,-0.040535,0.230501,0.428034,-0.047766,0.210039,0.590407,-0.010283,0.231074,0.511737,-0.032624,0.244195,0.465118,-0.044184,0.250548,0.423293,-0.046572,0.179200,0.598743,-0.015267,0.174754,0.566340,-0.054666,0.179347,0.621537,-0.060935,0.182448,0.656855,-0.051448,0.147724,0.616800,-0.021661,0.154921,0.595044,-0.052974,0.160609,0.639863,-0.052012,0.162869,0.670471,-0.042625
3618,0,0.050087,0.044630,0.134257,2.200024,2.318299,0.158140,0.746412,0.000000,0.199193,0.725741,-0.025315,0.225981,0.662148,-0.033531,0.207857,0.598968,-0.040484,0.181848,0.553460,-0.045141,0.240179,0.596393,-0.009780,0.242462,0.522025,-0.027826,0.240250,0.471512,-0.040284,0.233790,0.426611,-0.047536,0.210857,0.590496,-0.010761,0.231516,0.512285,-0.033381,0.243384,0.466083,-0.045074,0.248345,0.425404,-0.047569,0.179939,0.598908,-0.015884,0.177087,0.565386,-0.055020,0.181059,0.620004,-0.061041,0.183594,0.655828,-0.051594,0.148197,0.616952,-0.022321,0.156354,0.595391,-0.053856,0.161519,0.639976,-0.053058,0.163251,0.670950,-0.043777
3651,0,0.037068,0.035897,0.130951,2.206855,2.332779,0.157954,0.745800,0.000000,0.199309,0.724977,-0.025308,0.226181,0.661690,-0.033534,0.207988,0.598751,-0.040499,0.181704,0.553596,-0.045076,0.240681,0.595675,-0.009619,0.242109,0.521834,-0.027945,0.239336,0.472123,-0.040532,0.232208,0.427613,-0.047663,0.211653,0.589781,-0.010589,0.232952,0.511107,-0.033003,0.245901,0.464224,-0.044546,0.252179,0.422490,-0.046867,0.180996,0.598147,-0.015780,0.177224,0.565959,-0.054828,0.180949,0.620377,-0.060997,0.183564,0.655593,-0.051511,0.149405,0.616371,-0.022289,0.156837,0.595070,-0.053335,0.161874,0.639549,-0.052274,0.163514,0.670124,-0.042821
3696,0,0.031475,0.034243,0.131656,2.209664,2.326856,0.157677,0.746382,0.000000,0.198716,0.726990,-0.026011,0.226323,0.662832,-0.034314,0.208166,0.599590,-0.041250,0.181486,0.553656,-0.045619,0.240210,0.595487,-0.009671,0.241962,0.520756,-0.027445,0.239308,0.470758,-0.039583,0.232710,0.426315,-0.046519,0.211024,0.590064,-0.010404,0.231915,0.510431,-0.032297,0.245758,0.464092,-0.043551,0.253130,0.422797,-0.045852,0.180168,0.598516,-0.015481,0.177190,0.565271,-0.054689,0.181342,0.620752,-0.060892,0.183889,0.656241,-0.051488,0.148702,0.616794,-0.021909,0.156881,0.594406,-0.053322,0.162158,0.639597,-0.052388,0.163845,0.670471,-0.043118
3728,0,0.032855,0.030021,0.091388,2.201626,2.317364,0.157264,0.746567,0.000000,0.198744,0.726523,-0.026455,0.226078,0.662564,-0.034715,0.208131,0.599334,-0.041505,0.181825,0.553434,-0.045752,0.240407,0.595314,-0.009791,0.242396,0.520467,-0.027859,0.240144,0.470121,-0.040301,0.234244,0.425546,-0.047458,0.210785,0.589966,-0.010326,0.230632,0.510867,-0.032592,0.244278,0.464651,-0.044046,0.251739,0.423703,-0.046454,0.179630,0.598920,-0.015293,0.175933,0.565682,-0.054916,0.180292,0.621175,-0.061371,0.183323,0.656676,-0.052040,0.147934,0.617601,-0.021655,0.155606,0.595447,-0.053444,0.161200,0.640227,-0.052842,0.163349,0.670784,-0.043712
3775,0,0.023411,0.019473,0.076244,2.200024,2.319117,0.157543,0.746238,0.000000,0.199190,0.725534,-0.026130,0.226304,0.661675,-0.034384,0.208032,0.598807,-0.041220,0.181598,0.553009,-0.045522,0.240242,0.595797,-0.009705,0.242374,0.520907,-0.027814,0.240213,0.470572,-0.040120,0.234164,0.425676,-0.047090,0.210932,0.589778,-0.010413,0.231359,0.510971,-0.032699,0.244721,0.464025,-0.044022,0.251683,0.422301,-0.046189,0.180030,0.597828,-0.015524,0.176146,0.565324,-0.055061,0.180352,0.620606,-0.061397,0.183205,0.656080,-0.051926,0.148589,0.615894,-0.022028,0.156129,0.594520,-0.053493,0.161820,0.639429,-0.052726,0.163850,0.670161,-0.043421
3827,0,0.030959,0.036812,0.121353,2.187150,2.309425,0.157935,0.745665,0.000000,0.199181,0.725640,-0.026232,0.226255,0.662420,-0.034766,0.207812,0.599675,-0.041865,0.181736,0.553534,-0.046365,0.240249,0.594902,-0.010250,0.242109,0.520695,-0.028566,0.239783,0.470776,-0.040965,0.233307,0.426055,-0.048065,0.210944,0.588601,-0.011016,0.232085,0.510290,-0.033616,0.245209,0.463935,-0.045032,0.251693,0.422498,-0.047232,0.180108,0.596552,-0.016158,0.176607,0.564944,-0.055865,0.180764,0.620769,-0.062065,0.183541,0.656161,-0.052498,0.148404,0.614466,-0.022699,0.156001,0.594236,-0.054365,0.161584,0.639503,-0.053632,0.163624,0.669899,-0.044332
3860,0,0.047294,0.051105,0.255230,2.213140,2.329654,0.157749,0.746303,0.000000,0.199100,0.726728,-0.026365,0.225524,0.662671,-0.034442,0.207011,0.599876,-0.040983,0.181710,0.553455,-0.044988,0.240359,0.594055,-0.009478,0.241582,0.520275,-0.027233,0.238373,0.470722,-0.039448,0.231480,0.426439,-0.046456,0.211076,0.589046,-0.010012,0.232319,0.509618,-0.031688,0.246454,0.463592,-0.042819,0.254149,0.422995,-0.045021,0.180109,0.598197,-0.015027,0.176645,0.564459,-0.054500,0.180825,0.620083,-0.060974,0.183958,0.655812,-0.051629,0.148243,0.616820,-0.021426,0.155766,0.593850,-0.053498,0.161649,0.639709,-0.053064,0.164189,0.671005,-0.043953
3904,0,0.029512,0.029919,0.079391,2.202337,2.317004,0.157776,0.746761,0.000000,0.199093,0.727300,-0.026109,0.225629,0.662561,-0.034280,0.206611,0.599724,-0.041009,0.180660,0.553597,-0.045203,0.240203,0.594126,-0.009564,0.242303,0.520738,-0.027434,0.239530,0.471464,-0.039767,0.232926,0.427486,-0.046948,0.210568,0.588912,-0.010470,0.231935,0.509667,-0.032267,0.245982,0.463360,-0.043593,0.253419,0.422184,-0.046042,0.179330,0.598313,-0.015798,0.176718,0.565049,-0.054969,0.181563,0.620317,-0.061311,0.184606,0.655420,-0.052116,0.147612,0.617345,-0.022551,0.155804,0.595261,-0.054197,0.162020,0.640024,-0.053627,0.164417,0.670479,-0.044666
3936,0,0.041263,0.037682,0.126920,2.211935,2.330562,0.157356,0.747262,0.000000,0.198436,0.727402,-0.026765,0.224879,0.663464,-0.035027,0.206535,0.600788,-0.041609,0.180957,0.554191,-0.045471,0.239890,0.594981,-0.009605,0.241262,0.522191,-0.027790,0.237498,0.473199,-0.040333,0.229639,0.428968,-0.047553,0.210633,0.589420,-0.010066,0.231716,0.509661,-0.031601,0.246299,0.463964,-0.042583,0.254605,0.422852,-0.044833,0.179388,0.598390,-0.015121,0.177098,0.565546,-0.054135,0.181776,0.621226,-0.060348,0.184930,0.655693,-0.051079,0.147664,0.617452,-0.021678,0.155765,0.596390,-0.053161,0.162006,0.641216,-0.052557,0.164390,0.670657,-0.043624
3983,0,0.047732,0.053221,0.107565,2.198424,2.304252,0.157954,0.747752,0.000000,0.199325,0.726836,-0.026251,0.225369,0.662501,-0.034732,0.207033,0.600205,-0.041765,0.181077,0.553949,-0.046208,0.240044,0.594721,-0.010231,0.242132,0.521176,-0.028455,0.239121,0.471519,-0.041059,0.232344,0.426988,-0.048395,0.210512,0.589694,-0.011081,0.231199,0.510577,-0.033133,0.245176,0.464549,-0.044424,0.253014,0.423663,-0.046881,0.179093,0.598830,-0.016373,0.176768,0.565848,-0.055362,0.181555,0.620689,-0.061453,0.184600,0.655373,-0.052266,0.147262,0.617817,-0.023138,0.155708,0.596597,-0.054453,0.162236,0.640818,-0.053780,0.164868,0.670830,-0.044862
4030,0,0.035573,0.038557,0.207513,2.190780,2.304948,0.157975,0.747263,0.000000,0.199004,0.726051,-0.025885,0.225675,0.662984,-0.034636,0.207034,0.600681,-0.042013,0.181392,0.554259,-0.046908,0.240417,0.596218,-0.010185,0.242119,0.522423,-0.028852,0.239247,0.472315,-0.041745,0.232013,0.427121,-0.049289,0.211164,0.589824,-0.011149,0.231968,0.511007,-0.034150,0.244673,0.465293,-0.045902,0.250574,0.424403,-0.048317,0.180145,0.597742,-0.016396,0.177086,0.565638,-0.055660,0.181293,0.620859,-0.061494,0.183951,0.655547,-0.051904,0.148430,0.615752,-0.023085,0.156358,0.595722,-0.054285,0.162058,0.640231,-0.053212,0.164221,0.669759,-0.043824
4064,0,0.047773,0.042731,0.199516,2.199297,2.321299,0.157328,0.746680,0.000000,0.198414,0.727131,-0.026740,0.225106,0.663013,-0.035141,0.206495,0.600173,-0.041935,0.180554,0.553904,-0.046051,0.240193,0.594961,-0.009789,0.241248,0.521812,-0.028364,0.237874,0.472576,-0.041031,0.230234,0.427884,-0.048293,0.210989,0.588781,-0.010300,0.232351,0.509639,-0.032798,0.246197,0.463754,-0.044277,0.253342,0.422303,-0.046486,0.180052,0.596931,-0.015362,0.176105,0.565165,-0.055188,0.180448,0.621194,-0.061680,0.183610,0.655935,-0.052209,0.148230,0.615218,-0.021871,0.155485,0.595774,-0.053815,0.161271,0.641064,-0.053414,0.163874,0.670912,-0.044344
4114,0,0.037533,0.038225,0.103413,2.209823,2.324126,0.157730,0.747053,0.000000,0.199143,0.727274,-0.026217,0.225492,0.662561,-0.034306,0.206327,0.599634,-0.040965,0.180535,0.553176,-0.044967,0.239810,0.594261,-0.009165,0.241728,0.521043,-0.027260,0.238799,0.472178,-0.039687,0.231553,0.427932,-0.046884,0.210256,0.588933,-0.010006,0.231531,0.509736,-0.031851,0.245833,0.463461,-0.043185,0.253590,0.421741,-0.045573,0.179122,0.597799,-0.015387,0.176797,0.565731,-0.054620,0.181716,0.621187,-0.061111,0.184863,0.655338,-0.052030,0.147306,0.616197,-0.022215,0.156021,0.596427,-0.053813,0.162374,0.641547,-0.053477,0.165019,0.670969,-0.044698
4145,0,0.038878,0.035795,0.285705,2.206665,2.318665,0.157325,0.747250,0.000000,0.198662,0.727411,-0.025996,0.224759,0.662611,-0.034191,0.206183,0.599937,-0.040942,0.180186,0.554025,-0.045207,0.240368,0.594665,-0.009908,0.241700,0.520830,-0.028045,0.238316,0.471114,-0.040740,0.230998,0.426424,-0.048196,0.210679,0.589749,-0.010823,0.231520,0.510484,-0.032831,0.245181,0.464388,-0.044267,0.252693,0.422895,-0.046853,0.179362,0.599097,-0.016121,0.176680,0.565121,-0.055417,0.181082,0.620554,-0.061530,0.184220,0.655275,-0.052294,0.147478,0.618161,-0.022805,0.155530,0.595335,-0.054746,0.161351,0.640620,-0.054074,0.163739,0.671277,-0.045006
4192,0,0.074111,0.066406,0.148733,2.194652,2.319556,0.155319,0.747095,0.000000,0.196962,0.726270,-0.025676,0.223577,0.661935,-0.033709,0.206314,0.600210,-0.040451,0.179379,0.554929,-0.044643,0.239286,0.593607,-0.008587,0.239754,0.520840,-0.026883,0.235707,0.471842,-0.039612,0.227695,0.427504,-0.046958,0.209995,0.588134,-0.009660,0.230938,0.508365,-0.031629,0.245419,0.461800,-0.043134,0.253951,0.418801,-0.045616,0.178811,0.597090,-0.015203,0.174678,0.562760,-0.054974,0.179421,0.619348,-0.061481,0.182956,0.654729,-0.052056,0.146829,0.616264,-0.022087,0.153842,0.593473,-0.053867,0.159981,0.638791,-0.053163,0.162870,0.669527,-0.043973
4239,0,0.164482,0.185973,0.615282,2.163967,2.297350,0.153562,0.749001,0.000000,0.197753,0.724449,-0.021831,0.222788,0.660918,-0.027894,0.208864,0.601116,-0.033754,0.184472,0.557615,-0.037700,0.238141,0.593613,-0.004323,0.241104,0.525158,-0.021746,0.237831,0.475948,-0.034075,0.230613,0.430507,-0.041426,0.209571,0.586412,-0.007371,0.231252,0.506455,-0.028571,0.245018,0.458091,-0.039867,0.254167,0.414393,-0.042408,0.178103,0.595744,-0.014497,0.173680,0.556340,-0.053044,0.176109,0.613794,-0.058192,0.179254,0.652405,-0.048166,0.144943,0.616778,-0.022728,0.149988,0.591694,-0.053687,0.154875,0.636965,-0.052061,0.158276,0.669359,-0.042306
4272,0,0.364681,0.359531,0.929862,1.977580,2.076105,0.152828,0.749000,0.000000,0.198305,0.728860,-0.018566,0.226481,0.665541,-0.022893,0.219349,0.606118,-0.028219,0.202799,0.561134,-0.032133,0.235911,0.591082,-0.005314,0.244207,0.514296,-0.021410,0.244914,0.463791,-0.031546,0.243634,0.419680,-0.037821,0.205404,0.581569,-0.010300,0.226250,0.498453,-0.031391,0.237526,0.445905,-0.043475,0.245531,0.400292,-0.047475,0.172340,0.591238,-0.018549,0.171866,0.538540,-0.056611,0.172412,0.596961,-0.061403,0.174131,0.640858,-0.052129,0.137857,0.615439,-0.027788,0.143153,0.590494,-0.061610,0.150298,0.634187,-0.062989,0.156440,0.667849,-0.055198
4317,0,0.482715,0.463309,0.814360,1.624743,1.705715,0.150764,0.749589,0.000000,0.192972,0.728869,-0.022893,0.224877,0.672621,-0.030788,0.232848,0.617787,-0.038823,0.230755,0.569959,-0.045539,0.228731,0.587401,-0.014189,0.243341,0.517908,-0.033847,0.247488,0.473134,-0.046348,0.248195,0.430321,-0.053768,0.198212,0.574966,-0.017152,0.220113,0.492980,-0.039280,0.229908,0.441627,-0.051518,0.236113,0.393089,-0.056054,0.165248,0.583975,-0.023227,0.161374,0.523721,-0.060098,0.161894,0.575711,-0.064670,0.164407,0.618395,-0.056476,0.132032,0.609474,-0.030823,0.133041,0.586400,-0.065092,0.140681,0.628734,-0.067307,0.147482,0.664884,-0.060028
4368,0,0.753569,0.738350,3.384123,1.135715,1.095159,0.150289,0.748512,0.000000,0.194287,0.725380,-0.024757,0.233251,0.672515,-0.033212,0.262623,0.623530,-0.040489,0.289850,0.585820,-0.047517,0.224015,0.581013,-0.017248,0.240194,0.517265,-0.032659,0.244376,0.473572,-0.044128,0.245718,0.433105,-0.052226,0.194027,0.566262,-0.017364,0.212455,0.489991,-0.032159,0.221319,0.437732,-0.044092,0.226301,0.393783,-0.051619,0.161427,0.576344,-0.020673,0.155359,0.515604,-0.044663,0.146253,0.503661,-0.056756,0.139292,0.497155,-0.060859,0.128821,0.601836,-0.025774,0.123155,0.568225,-0.049479,0.121301,0.582400,-0.055436,0.119772,0.601117,-0.055686
4400,0,0.660213,0.673836,3.391422,0.816965,0.633537,0.149467,0.750832,0.000000,0.197236,0.731458,-0.026985,0.242989,0.681248,-0.038063,0.277969,0.632087,-0.046798,0.307435,0.594710,-0.054645,0.223150,0.581622,-0.022991,0.238482,0.511164,-0.038383,0.242548,0.466719,-0.049745,0.243662,0.425054,-0.058054,0.191951,0.564064,-0.021269,0.207817,0.485073,-0.034655,0.215660,0.433985,-0.045094,0.218601,0.389250,-0.051875,0.159604,0.569750,-0.022795,0.148690,0.503489,-0.037531,0.139634,0.465287,-0.046904,0.133096,0.431447,-0.052373,0.127656,0.591386,-0.027038,0.111000,0.545415,-0.041223,0.099325,0.519619,-0.046940,0.090164,0.493323,-0.049567
4448,0,0.532592,0.558820,0.517391,0.833899,0.547208,0.149457,0.753222,0.000000,0.203011,0.734326,-0.027847,0.251778,0.687557,-0.041101,0.288124,0.640978,-0.052037,0.319469,0.605432,-0.062285,0.221038,0.579998,-0.027612,0.239563,0.508880,-0.045446,0.248916,0.463570,-0.058591,0.254393,0.421345,-0.068296,0.187608,0.560476,-0.027087,0.203786,0.479648,-0.043165,0.212360,0.427786,-0.054934,0.215545,0.382386,-0.062865,0.153386,0.563602,-0.029857,0.143646,0.487239,-0.047221,0.135925,0.439947,-0.058447,0.130595,0.398015,-0.065363,0.119882,0.584985,-0.035180,0.101707,0.526322,-0.051639,0.090102,0.489960,-0.059424,0.081913,0.454043,-0.063697
4479,0,0.178591,0.194622,0.211988,0.778165,0.415421,0.147184,0.754824,0.000000,0.202441,0.736470,-0.026501,0.251942,0.690846,-0.039493,0.291213,0.647259,-0.050708,0.325007,0.614948,-0.061368,0.217381,0.578751,-0.024577,0.242308,0.509705,-0.041640,0.255501,0.466446,-0.054520,0.264197,0.427211,-0.063959,0.184389,0.559327,-0.024706,0.202637,0.477238,-0.040011,0.213013,0.426093,-0.051670,0.217448,0.382457,-0.059628,0.150133,0.561860,-0.028167,0.142988,0.483374,-0.045230,0.137655,0.434662,-0.057296,0.133709,0.392421,-0.064773,0.116103,0.582634,-0.033997,0.097561,0.523432,-0.050449,0.085577,0.485736,-0.058629,0.077048,0.449450,-0.063108
4526,0,0.086880,0.093729,0.143067,0.742678,0.344079,0.145897,0.754512,0.000000,0.202460,0.736944,-0.026731,0.252489,0.691621,-0.039975,0.292619,0.648676,-0.051434,0.327657,0.617884,-0.062329,0.215467,0.577837,-0.024458,0.244736,0.508956,-0.041590,0.260719,0.466288,-0.054477,0.271788,0.428464,-0.063719,0.182375,0.558302,-0.024195,0.202365,0.476449,-0.038848,0.214068,0.425763,-0.049931,0.220217,0.383219,-0.057595,0.148480,0.560181,-0.027314,0.143484,0.482288,-0.043356,0.140173,0.433457,-0.054777,0.138161,0.391367,-0.062066,0.114995,0.580416,-0.032930,0.096253,0.523113,-0.048503,0.084559,0.485795,-0.056055,0.076416,0.449702,-0.060188
4577,0,0.110308,0.123408,0.101240,0.647902,0.250122,0.145240,0.754423,0.000001,0.202646,0.737673,-0.026804,0.253395,0.693138,-0.040121,0.294081,0.650508,-0.051762,0.329679,0.620254,-0.062725,0.215721,0.578595,-0.023018,0.247403,0.511367,-0.039744,0.264595,0.469338,-0.052402,0.276788,0.432667,-0.061368,0.182965,0.558572,-0.022359,0.204532,0.478474,-0.036599,0.217390,0.427187,-0.047241,0.224629,0.383868,-0.054512,0.149164,0.559089,-0.025259,0.145257,0.482156,-0.041025,0.142815,0.434156,-0.052139,0.141965,0.392829,-0.059070,0.115845,0.578009,-0.030703,0.097415,0.521870,-0.046224,0.086219,0.484592,-0.053759,0.078557,0.449005,-0.057714
4609,0,0.070205,0.041433,0.098996,0.581710,0.226793,0.146689,0.754399,0.000001,0.203815,0.737267,-0.026480,0.254357,0.692341,-0.039410,0.295781,0.650854,-0.050707,0.331879,0.622571,-0.061367,0.217498,0.578488,-0.022539,0.249608,0.511730,-0.038997,0.267481,0.470047,-0.051646,0.280403,0.433339,-0.060691,0.184573,0.558382,-0.021957,0.206218,0.478533,-0.035844,0.218953,0.427606,-0.046316,0.226592,0.384294,-0.053522,0.150743,0.559314,-0.024922,0.147338,0.482472,-0.040273,0.145236,0.434392,-0.051158,0.144989,0.392672,-0.057951,0.117546,0.578513,-0.030458,0.100337,0.522012,-0.045640,0.089640,0.484505,-0.052922,0.082719,0.448317,-0.056825
4655,0,0.055194,0.039067,0.056843,0.538494,0.205518,0.148382,0.753139,0.000001,0.206454,0.736425,-0.025974,0.256745,0.691808,-0.038811,0.298086,0.651006,-0.050146,0.334150,0.623091,-0.060918,0.218785,0.578960,-0.022446,0.251422,0.512415,-0.038735,0.269131,0.470523,-0.051047,0.281515,0.434214,-0.059792,0.186110,0.558881,-0.021958,0.207920,0.478601,-0.035770,0.220617,0.427497,-0.046017,0.227663,0.384885,-0.053036,0.152370,0.559294,-0.024923,0.149212,0.482175,-0.040162,0.147548,0.433980,-0.050897,0.147403,0.393191,-0.057540,0.119393,0.577860,-0.030365,0.101826,0.521517,-0.045492,0.091398,0.483744,-0.052736,0.084592,0.448069,-0.056489
4688,0,0.033751,0.027337,0.068012,0.522525,0.199266,0.149265,0.752156,0.000001,0.207449,0.735989,-0.026078,0.257839,0.691651,-0.038799,0.298964,0.650325,-0.049949,0.334730,0.622302,-0.060575,0.220215,0.579006,-0.022842,0.252472,0.512433,-0.039173,0.270150,0.470693,-0.051633,0.282749,0.434595,-0.060425,0.187224,0.558638,-0.022206,0.208465,0.478279,-0.035974,0.221137,0.427430,-0.046357,0.228265,0.385194,-0.053541,0.153359,0.558932,-0.024993,0.150466,0.481633,-0.040109,0.148923,0.433785,-0.050922,0.148772,0.393280,-0.057694,0.120446,0.577558,-0.030231,0.103029,0.521066,-0.045197,0.092654,0.483731,-0.052456,0.085861,0.448317,-0.056272
4735,0,0.048384,0.035641,0.064136,0.505226,0.192262,0.150782,0.751666,0.000001,0.208251,0.734835,-0.025732,0.258404,0.689649,-0.038140,0.299742,0.648916,-0.048923,0.335667,0.621604,-0.059275,0.221317,0.577570,-0.022238,0.253073,0.511141,-0.038252,0.270282,0.469735,-0.050679,0.282451,0.433714,-0.059537,0.188136,0.557828,-0.021733,0.209180,0.477515,-0.035281,0.221785,0.426959,-0.045783,0.228726,0.384908,-0.053071,0.154269,0.558803,-0.024611,0.151692,0.481465,-0.039504,0.150252,0.433664,-0.050343,0.150120,0.392931,-0.057182,0.121436,0.577478,-0.029937,0.104364,0.520890,-0.044662,0.094258,0.483289,-0.051763,0.087873,0.447508,-0.055538
4769,0,0.030574,0.032052,0.074836,0.516407,0.203715,0.151200,0.750958,0.000001,0.208392,0.734170,-0.026590,0.259064,0.689780,-0.039317,0.300450,0.648712,-0.050310,0.336079,0.620588,-0.060783,0.221948,0.577803,-0.023031,0.253555,0.511279,-0.039317,0.270618,0.469745,-0.051876,0.282688,0.433530,-0.060857,0.188516,0.557869,-0.022230,0.209369,0.477713,-0.036037,0.221814,0.427080,-0.046770,0.228890,0.384923,-0.054224,0.154464,0.558597,-0.024857,0.151949,0.481268,-0.039950,0.150467,0.433729,-0.050944,0.150257,0.392883,-0.057876,0.121552,0.577316,-0.029981,0.105172,0.520283,-0.044907,0.095184,0.482751,-0.052137,0.088855,0.446666,-0.056012
4801,0,0.028186,0.020269,0.108181,0.518368,0.204933,0.151737,0.750615,0.000001,0.208556,0.734796,-0.026420,0.259130,0.689526,-0.039146,0.300479,0.648565,-0.050086,0.335732,0.619746,-0.060505,0.222545,0.577492,-0.023647,0.254121,0.510601,-0.039964,0.271214,0.468995,-0.052430,0.282843,0.432609,-0.061361,0.188800,0.557584,-0.022885,0.209792,0.476957,-0.036615,0.222219,0.426567,-0.047109,0.229280,0.384635,-0.054402,0.154653,0.558387,-0.025452,0.152565,0.481139,-0.040262,0.151391,0.433521,-0.050830,0.151451,0.392740,-0.057528,0.121749,0.577195,-0.030550,0.106011,0.519777,-0.045174,0.096409,0.482086,-0.052132,0.090403,0.445823,-0.055779
4836,0,0.023068,0.022394,0.057237,0.509608,0.192278,0.151887,0.750143,0.000000,0.208949,0.734014,-0.026237,0.259853,0.689155,-0.038751,0.300910,0.648070,-0.049499,0.335795,0.619590,-0.059763,0.222634,0.577546,-0.023262,0.253610,0.510788,-0.039718,0.270655,0.469178,-0.052362,0.282519,0.432645,-0.061325,0.189181,0.557478,-0.022537,0.209997,0.477324,-0.036464,0.222385,0.426867,-0.047193,0.229326,0.384715,-0.054594,0.155231,0.558069,-0.025159,0.152928,0.480983,-0.040127,0.151810,0.433512,-0.050763,0.151948,0.392795,-0.057457,0.122308,0.576573,-0.030291,0.106845,0.519162,-0.044850,0.097850,0.481402,-0.051730,0.092623,0.445125,-0.055375
4868,0,0.030385,0.030784,0.070292,0.491100,0.188411,0.152856,0.749961,0.000001,0.209500,0.733588,-0.026276,0.259866,0.688816,-0.038978,0.301065,0.648179,-0.049919,0.336275,0.619179,-0.060266,0.223049,0.577311,-0.022845,0.253946,0.510620,-0.039015,0.270513,0.469157,-0.051514,0.282134,0.432826,-0.060377,0.189570,0.557329,-0.022048,0.210530,0.476988,-0.035659,0.222610,0.426579,-0.046210,0.229382,0.384365,-0.053479,0.155568,0.557948,-0.024607,0.153553,0.480804,-0.039164,0.152374,0.433496,-0.049622,0.152628,0.392586,-0.056224,0.122481,0.576239,-0.029725,0.107942,0.519232,-0.043911,0.099169,0.481442,-0.050586,0.094094,0.445119,-0.054110
4902,0,0.021364,0.025089,0.057074,0.492366,0.173426,0.152391,0.749603,0.000001,0.209441,0.733098,-0.026274,0.260073,0.688535,-0.038790,0.300981,0.647301,-0.049544,0.335704,0.617656,-0.059743,0.223454,0.577082,-0.022547,0.253984,0.509850,-0.038753,0.270200,0.468225,-0.051362,0.281729,0.431760,-0.060262,0.190005,0.557467,-0.021768,0.210788,0.476718,-0.035452,0.222980,0.426177,-0.046281,0.229729,0.384048,-0.053698,0.155862,0.558376,-0.024364,0.153912,0.481021,-0.039050,0.152725,0.433687,-0.049656,0.152760,0.392662,-0.056331,0.122746,0.576644,-0.029500,0.108566,0.518917,-0.043833,0.099886,0.481081,-0.050583,0.094795,0.444328,-0.054143
4943,0,0.021298,0.023800,0.050359,0.483386,0.161450,0.152533,0.750113,0.000001,0.209884,0.733161,-0.026125,0.260241,0.689138,-0.038557,0.301296,0.647377,-0.049244,0.335816,0.617383,-0.059450,0.223324,0.577016,-0.022154,0.253758,0.510334,-0.038260,0.270198,0.468742,-0.050951,0.281939,0.432197,-0.059969,0.190206,0.557034,-0.021394,0.211380,0.477059,-0.035031,0.223506,0.426312,-0.045942,0.230323,0.383672,-0.053512,0.156265,0.557736,-0.024028,0.154100,0.480762,-0.038668,0.152893,0.433381,-0.049356,0.152993,0.392365,-0.056110,0.123124,0.575930,-0.029168,0.108946,0.518443,-0.043381,0.100497,0.480529,-0.050209,0.095631,0.444055,-0.053809
4976,0,0.019428,0.016562,0.057243,0.493183,0.163646,0.152625,0.749948,0.000000,0.209620,0.733085,-0.026172,0.260121,0.688333,-0.038562,0.300729,0.646306,-0.049150,0.335433,0.616620,-0.059218,0.223997,0.576463,-0.022309,0.253893,0.509810,-0.038488,0.270058,0.468222,-0.051267,0.281310,0.431535,-0.060332,0.190567,0.556576,-0.021529,0.211328,0.476516,-0.035163,0.223322,0.426233,-0.045992,0.230060,0.383805,-0.053459,0.156360,0.557244,-0.024129,0.154363,0.480270,-0.038748,0.153088,0.432992,-0.049224,0.153203,0.391701,-0.055837,0.122936,0.575574,-0.029274,0.109303,0.518093,-0.043429,0.101103,0.480252,-0.050079,0.096495,0.443519,-0.053608
5010,0,0.030100,0.042761,0.044516,0.492522,0.188377,0.153421,0.751021,0.000000,0.210331,0.733857,-0.026054,0.260477,0.688986,-0.038569,0.301039,0.646448,-0.049318,0.335477,0.616017,-0.059583,0.223941,0.576910,-0.022520,0.253544,0.509767,-0.038941,0.269573,0.467927,-0.051735,0.280907,0.431066,-0.060885,0.190578,0.557131,-0.021888,0.211364,0.476825,-0.035835,0.223518,0.426047,-0.046826,0.230393,0.383161,-0.054376,0.156615,0.558164,-0.024622,0.153978,0.481005,-0.039499,0.152882,0.433635,-0.050099,0.153026,0.392374,-0.056793,0.123563,0.576769,-0.029884,0.109313,0.519125,-0.044334,0.100949,0.480662,-0.051177,0.096290,0.443684,-0.054822
5043,0,0.024520,0.023376,0.059223,0.497007,0.202562,0.153947,0.751007,0.000000,0.210694,0.734322,-0.026486,0.261025,0.688785,-0.039114,0.301415,0.646190,-0.049917,0.335812,0.615305,-0.060199,0.224079,0.577496,-0.023077,0.253222,0.509951,-0.039710,0.268887,0.467770,-0.052599,0.279671,0.430377,-0.061763,0.190874,0.557704,-0.022332,0.211567,0.476698,-0.036414,0.223455,0.426136,-0.047272,0.230026,0.383208,-0.054723,0.157067,0.558567,-0.025015,0.154484,0.481273,-0.040008,0.153206,0.433760,-0.050439,0.153225,0.392202,-0.056958,0.123870,0.577056,-0.030248,0.109911,0.519125,-0.044702,0.101545,0.481051,-0.051370,0.096873,0.443936,-0.054909
5076,0,0.027637,0.034075,0.079907,0.496205,0.211417,0.154292,0.750930,0.000000,0.210858,0.733795,-0.026486,0.260809,0.688740,-0.039039,0.301032,0.645559,-0.049693,0.334837,0.613781,-0.059788,0.223796,0.577493,-0.022891,0.252665,0.509836,-0.039225,0.267844,0.467479,-0.051965,0.278359,0.430071,-0.060980,0.190578,0.557737,-0.021978,0.211422,0.476943,-0.035780,0.222978,0.426018,-0.046601,0.229370,0.383236,-0.054089,0.156627,0.558750,-0.024437,0.154288,0.481233,-0.039188,0.152936,0.433953,-0.049693,0.152738,0.392740,-0.056361,0.123442,0.577275,-0.029466,0.109533,0.519554,-0.043807,0.101202,0.481510,-0.050587,0.096389,0.444688,-0.054200
5110,0,0.028858,0.025462,0.044696,0.499091,0.210951,0.154719,0.750551,0.000000,0.211187,0.733470,-0.026049,0.261253,0.687672,-0.038264,0.301497,0.644416,-0.048713,0.335052,0.612962,-0.058568,0.224092,0.576719,-0.022367,0.252778,0.509209,-0.038562,0.267936,0.467379,-0.051205,0.278468,0.430440,-0.060204,0.190725,0.557302,-0.021642,0.211129,0.475992,-0.035327,0.222587,0.425284,-0.046073,0.228670,0.382731,-0.053510,0.156636,0.558275,-0.024282,0.154310,0.480833,-0.038896,0.153069,0.433569,-0.049234,0.152984,0.392432,-0.055742,0.123252,0.576686,-0.029451,0.109241,0.518838,-0.043582,0.100889,0.480775,-0.050127,0.096313,0.443837,-0.053585
5143,0,0.015446,0.010615,0.044554,0.512757,0.208258,0.154225,0.750187,0.000000,0.210957,0.733012,-0.026021,0.261122,0.687722,-0.038380,0.301283,0.644618,-0.048952,0.334855,0.612884,-0.059003,0.223489,0.576826,-0.022280,0.252103,0.509165,-0.038603,0.267473,0.467173,-0.051372,0.277730,0.430088,-0.060381,0.190231,0.557211,-0.021554,0.210764,0.475835,-0.035365,0.222141,0.425118,-0.046235,0.228028,0.382579,-0.053717,0.156251,0.558163,-0.024178,0.153949,0.480529,-0.038864,0.152504,0.433255,-0.049324,0.152081,0.392227,-0.055876,0.122918,0.576376,-0.029297,0.109150,0.518622,-0.043517,0.100731,0.480541,-0.050143,0.096006,0.443710,-0.053605
5176,0,0.029794,0.033877,0.048569,0.536226,0.230023,0.154359,0.750364,0.000000,0.211181,0.733268,-0.026360,0.260870,0.687874,-0.038917,0.300679,0.644043,-0.049632,0.333869,0.611727,-0.059752,0.223322,0.576865,-0.022788,0.251912,0.509411,-0.039363,0.267114,0.467064,-0.052237,0.277420,0.429774,-0.061389,0.190002,0.557049,-0.022007,0.210259,0.475959,-0.036164,0.221415,0.425198,-0.047102,0.227103,0.382492,-0.054580,0.156070,0.557828,-0.024611,0.153533,0.480312,-0.039698,0.151887,0.432908,-0.050190,0.151421,0.391555,-0.056701,0.122951,0.576246,-0.029727,0.108949,0.518264,-0.044312,0.100460,0.480006,-0.051083,0.095606,0.442980,-0.054655
5208,0,0.021240,0.019438,0.037480,0.547555,0.230708,0.154119,0.749760,0.000000,0.210584,0.732704,-0.026846,0.260556,0.687623,-0.039600,0.300484,0.643756,-0.050383,0.334281,0.611574,-0.060608,0.223243,0.575815,-0.023146,0.252172,0.508302,-0.039600,0.267467,0.466235,-0.052465,0.277909,0.429085,-0.061612,0.189874,0.556283,-0.022050,0.209958,0.475171,-0.036049,0.221107,0.424517,-0.047074,0.226800,0.381971,-0.054696,0.156022,0.557529,-0.024373,0.153419,0.480261,-0.039265,0.151939,0.432815,-0.049825,0.151665,0.391335,-0.056518,0.122816,0.576168,-0.029263,0.108995,0.518368,-0.043802,0.100522,0.480028,-0.050643,0.095597,0.442715,-0.054287
5240,0,0.021815,0.020390,0.033719,0.540627,0.217984,0.154240,0.749277,0.000000,0.211267,0.732119,-0.026285,0.261064,0.686990,-0.038767,0.300724,0.643525,-0.049482,0.334128,0.611053,-0.059639,0.223682,0.575693,-0.022416,0.252582,0.508634,-0.038804,0.267882,0.466714,-0.051640,0.278339,0.429631,-0.060792,0.190277,0.556268,-0.021653,0.210162,0.475207,-0.035623,0.221002,0.424419,-0.046691,0.226653,0.381585,-0.054393,0.156319,0.557284,-0.024294,0.153501,0.480045,-0.039251,0.151819,0.432493,-0.049891,0.151324,0.390989,-0.056625,0.123197,0.575936,-0.029466,0.109087,0.517818,-0.044013,0.100488,0.479562,-0.050821,0.095554,0.442376,-0.054467
5272,0,0.022903,0.023536,0.049030,0.525881,0.201659,0.154385,0.748802,0.000000,0.211289,0.732151,-0.026038,0.261139,0.686938,-0.038221,0.300836,0.643510,-0.048547,0.334211,0.611344,-0.058352,0.224035,0.575557,-0.022045,0.253289,0.508466,-0.038146,0.268435,0.466429,-0.050738,0.278922,0.429515,-0.059652,0.190488,0.555986,-0.021339,0.210420,0.474771,-0.035138,0.221457,0.424061,-0.045984,0.227012,0.381506,-0.053449,0.156524,0.557206,-0.024013,0.153756,0.479892,-0.038852,0.152271,0.432452,-0.049327,0.152007,0.390823,-0.055901,0.123771,0.575846,-0.029195,0.109407,0.517816,-0.043718,0.100858,0.479424,-0.050515,0.096169,0.442016,-0.054081
5304,0,0.029726,0.024800,0.033212,0.535938,0.218243,0.154948,0.748798,0.000000,0.211866,0.732225,-0.025982,0.261752,0.687079,-0.038333,0.301512,0.643550,-0.048919,0.334712,0.611197,-0.058985,0.224562,0.575260,-0.022454,0.253667,0.507976,-0.038816,0.268830,0.466035,-0.051556,0.279100,0.429133,-0.060582,0.191085,0.555989,-0.021841,0.210822,0.474221,-0.035955,0.221683,0.423370,-0.047024,0.227041,0.380743,-0.054639,0.157090,0.557316,-0.024552,0.154065,0.479726,-0.039670,0.152316,0.431935,-0.050330,0.151779,0.390610,-0.057016,0.124178,0.576025,-0.029734,0.109946,0.517515,-0.044461,0.101428,0.478784,-0.051370,0.096652,0.441330,-0.055048
5344,0,0.034051,0.027067,0.035419,0.504381,0.199102,0.155213,0.749020,0.000000,0.212398,0.732805,-0.025989,0.262426,0.687275,-0.038136,0.302081,0.643288,-0.048480,0.335307,0.611034,-0.058339,0.225029,0.575384,-0.021840,0.254180,0.508641,-0.038006,0.269265,0.467169,-0.050638,0.279494,0.430513,-0.059679,0.191525,0.555926,-0.021226,0.211352,0.474369,-0.035067,0.222143,0.423895,-0.046024,0.227502,0.381235,-0.053540,0.157474,0.557256,-0.023998,0.154760,0.479808,-0.038918,0.153165,0.432400,-0.049410,0.152772,0.390892,-0.056033,0.124275,0.575918,-0.029263,0.110307,0.517735,-0.043792,0.101975,0.479499,-0.050526,0.097247,0.442329,-0.054061
5375,0,0.021611,0.020073,0.045511,0.499369,0.212931,0.155620,0.749290,0.000000,0.212851,0.732473,-0.025892,0.262876,0.687281,-0.037972,0.302120,0.643153,-0.048247,0.334893,0.610914,-0.057963,0.225236,0.575513,-0.022299,0.254185,0.508839,-0.038530,0.269334,0.467206,-0.051076,0.279531,0.430848,-0.060011,0.191666,0.556316,-0.021666,0.211469,0.474541,-0.035701,0.222267,0.424203,-0.046534,0.227645,0.382218,-0.053943,0.157681,0.557802,-0.024365,0.154897,0.480268,-0.039498,0.153259,0.432561,-0.050034,0.152777,0.390989,-0.056623,0.124623,0.576826,-0.029521,0.110826,0.518807,-0.044226,0.102514,0.480213,-0.051113,0.098011,0.442595,-0.054762
5409,0,0.015078,0.014012,0.054558,0.488842,0.207644,0.155495,0.749707,0.000000,0.212880,0.732512,-0.025631,0.262738,0.687840,-0.037767,0.301703,0.643560,-0.048209,0.334759,0.610875,-0.058111,0.225384,0.575957,-0.021815,0.254464,0.508807,-0.038046,0.269352,0.466990,-0.050591,0.279510,0.430613,-0.059488,0.191823,0.556670,-0.021275,0.211653,0.474898,-0.035365,0.222427,0.424387,-0.046385,0.227636,0.382392,-0.053867,0.157926,0.558415,-0.024048,0.154829,0.480809,-0.039237,0.153024,0.433067,-0.049884,0.152452,0.391728,-0.056510,0.124920,0.577347,-0.029242,0.111004,0.519010,-0.044076,0.102622,0.480259,-0.051075,0.097876,0.442744,-0.054761
5443,0,0.023869,0.030347,0.049960,0.492631,0.228028,0.155824,0.750607,0.000000,0.212983,0.733133,-0.025925,0.262596,0.687797,-0.038217,0.301681,0.643443,-0.048759,0.334606,0.610597,-0.058741,0.225243,0.576516,-0.022331,0.254414,0.509559,-0.038776,0.269635,0.467684,-0.051552,0.280175,0.430931,-0.060604,0.191808,0.557166,-0.021790,0.211571,0.475822,-0.035964,0.222328,0.425194,-0.047008,0.227478,0.382570,-0.054607,0.157803,0.558625,-0.024566,0.154879,0.481313,-0.039782,0.153060,0.433344,-0.050323,0.152381,0.391592,-0.056953,0.124833,0.577672,-0.029818,0.110651,0.519471,-0.044587,0.102411,0.480540,-0.051440,0.097778,0.443011,-0.055091
5476,0,0.018921,0.022931,0.043317,0.487550,0.210930,0.155288,0.750557,0.000000,0.212888,0.733347,-0.025909,0.262880,0.687671,-0.037915,0.301601,0.643095,-0.048096,0.334136,0.610355,-0.057738,0.225161,0.576581,-0.022168,0.254555,0.509348,-0.038343,0.269924,0.467356,-0.050851,0.280368,0.430579,-0.059748,0.191583,0.557350,-0.021517,0.211222,0.475507,-0.035495,0.221878,0.424709,-0.046421,0.226905,0.382166,-0.053904,0.157631,0.558803,-0.024197,0.154723,0.481127,-0.039274,0.152990,0.433428,-0.049846,0.152237,0.391550,-0.056435,0.124788,0.577674,-0.029334,0.110790,0.519186,-0.044113,0.102459,0.480642,-0.050963,0.097679,0.443137,-0.054611
5509,0,0.012143,0.017736,0.042969,0.484770,0.218445,0.155849,0.750552,0.000000,0.213147,0.733061,-0.025697,0.262707,0.687967,-0.037735,0.301823,0.643403,-0.048003,0.334520,0.610432,-0.057730,0.225167,0.576616,-0.021877,0.254236,0.509405,-0.038033,0.269447,0.467494,-0.050574,0.279745,0.430633,-0.059519,0.191704,0.557282,-0.021299,0.211499,0.475569,-0.035257,0.222153,0.424711,-0.046251,0.227279,0.382098,-0.053854,0.157912,0.558850,-0.024057,0.154604,0.481378,-0.039170,0.152647,0.433345,-0.049829,0.152048,0.391687,-0.056537,0.125137,0.577511,-0.029238,0.110718,0.519384,-0.044052,0.102312,0.480225,-0.051059,0.097573,0.442486,-0.054786
5536,0,0.014801,0.018595,0.052283,0.478676,0.211828,0.155693,0.750302,0.000000,0.212860,0.732911,-0.025887,0.262928,0.688197,-0.037992,0.301924,0.643510,-0.048309,0.334935,0.610899,-0.058105,0.225607,0.576056,-0.021603,0.254687,0.509161,-0.037750,0.270000,0.467449,-0.050358,0.280415,0.430803,-0.059409,0.191978,0.556977,-0.021045,0.211296,0.475468,-0.035031,0.221775,0.424907,-0.046074,0.227023,0.382456,-0.053673,0.158094,0.558634,-0.023857,0.154708,0.481415,-0.039035,0.152735,0.433611,-0.049687,0.152192,0.391865,-0.056355,0.125061,0.577793,-0.029146,0.110814,0.519527,-0.044026,0.102444,0.480790,-0.050991,0.097655,0.443265,-0.054641
5561,0,0.014186,0.017603,0.056233,0.481823,0.220317,0.155821,0.750805,0.000000,0.212765,0.733562,-0.026041,0.262619,0.687982,-0.038121,0.301490,0.643234,-0.048433,0.334381,0.610379,-0.058150,0.225585,0.576258,-0.021834,0.254879,0.509702,-0.038084,0.270028,0.468069,-0.050816,0.280530,0.431404,-0.059936,0.192015,0.557061,-0.021220,0.211382,0.475628,-0.035273,0.221849,0.425095,-0.046386,0.226730,0.382489,-0.054017,0.158230,0.558781,-0.023993,0.154781,0.481510,-0.039275,0.152781,0.433761,-0.049922,0.151881,0.391800,-0.056586,0.125258,0.577997,-0.029261,0.111001,0.519494,-0.044226,0.102488,0.480666,-0.051225,0.097640,0.442602,-0.054911
5590,0,0.016334,0.016936,0.066154,0.471049,0.213702,0.155943,0.750650,0.000000,0.213514,0.733507,-0.025678,0.263270,0.688425,-0.037623,0.301919,0.643496,-0.047778,0.334388,0.610249,-0.057394,0.225820,0.576858,-0.021784,0.254953,0.509648,-0.037846,0.270145,0.467639,-0.050313,0.280214,0.430532,-0.059220,0.192198,0.557685,-0.021187,0.211467,0.475789,-0.035107,0.221806,0.425069,-0.046027,0.226899,0.382450,-0.053592,0.158436,0.559145,-0.023927,0.154663,0.481869,-0.039095,0.152625,0.434070,-0.049754,0.151778,0.392257,-0.056425,0.125647,0.578005,-0.029107,0.111098,0.519377,-0.044052,0.102603,0.480538,-0.051095,0.097603,0.443055,-0.054822
5625,0,0.018378,0.022765,0.039104,0.479088,0.209929,0.155607,0.750338,0.000000,0.213364,0.733403,-0.025780,0.263114,0.688466,-0.037842,0.301768,0.643660,-0.048098,0.334498,0.610436,-0.057889,0.225913,0.576488,-0.022039,0.255057,0.509561,-0.038270,0.270539,0.467554,-0.050853,0.280665,0.430352,-0.059899,0.192234,0.557232,-0.021518,0.211686,0.475503,-0.035571,0.222068,0.424858,-0.046609,0.227000,0.382063,-0.054204,0.158333,0.558894,-0.024310,0.154938,0.481467,-0.039499,0.152983,0.433563,-0.050071,0.152125,0.391448,-0.056735,0.125385,0.577939,-0.029559,0.111319,0.519486,-0.044376,0.103106,0.480753,-0.051300,0.098412,0.443227,-0.054948
5665,0,0.015943,0.034342,0.059491,0.467692,0.228469,0.156836,0.750895,0.000000,0.213968,0.733228,-0.025460,0.263190,0.687867,-0.037436,0.301681,0.643225,-0.047680,0.334889,0.610548,-0.057476,0.225832,0.576749,-0.021772,0.255251,0.509757,-0.038013,0.270782,0.467925,-0.050659,0.281209,0.430812,-0.059711,0.192396,0.557461,-0.021400,0.211796,0.475508,-0.035387,0.222169,0.424748,-0.046301,0.227139,0.382135,-0.053788,0.158673,0.559255,-0.024343,0.155206,0.481539,-0.039447,0.153260,0.433331,-0.049877,0.152574,0.391305,-0.056433,0.125905,0.578292,-0.029707,0.111698,0.519683,-0.044476,0.103345,0.480669,-0.051293,0.098451,0.443181,-0.054869
5714,0,0.016145,0.016954,0.040892,0.468824,0.224968,0.156702,0.750653,0.000000,0.213700,0.733365,-0.025752,0.263323,0.688027,-0.037883,0.302474,0.643440,-0.048187,0.335250,0.610489,-0.058026,0.226156,0.576042,-0.021951,0.255988,0.509148,-0.038162,0.271506,0.467294,-0.050758,0.281913,0.430368,-0.059740,0.192595,0.557083,-0.021466,0.212030,0.474898,-0.035441,0.222423,0.424358,-0.046324,0.227319,0.382099,-0.053814,0.158694,0.558833,-0.024336,0.155333,0.481465,-0.039504,0.153386,0.433756,-0.049864,0.152793,0.391912,-0.056386,0.125788,0.578133,-0.029665,0.111734,0.519314,-0.044498,0.103560,0.480502,-0.051280,0.098855,0.442854,-0.054821
5752,0,0.027959,0.033189,0.041328,0.487335,0.245951,0.156725,0.751121,0.000000,0.214193,0.733405,-0.026225,0.263731,0.688033,-0.038675,0.302286,0.643386,-0.049352,0.335454,0.610229,-0.059431,0.226452,0.576190,-0.022455,0.255790,0.509369,-0.039086,0.271160,0.467405,-0.052039,0.281419,0.430286,-0.061297,0.192744,0.557078,-0.021932,0.212268,0.475110,-0.036416,0.222632,0.424470,-0.047672,0.227422,0.381765,-0.055399,0.158725,0.559056,-0.024806,0.155349,0.481510,-0.040429,0.153494,0.433561,-0.051069,0.152756,0.391411,-0.057676,0.125561,0.578577,-0.030163,0.111710,0.519509,-0.045320,0.103634,0.480302,-0.052226,0.099003,0.442424,-0.055847
5788,0,0.020097,0.017575,0.030116,0.470580,0.239040,0.157006,0.751348,0.000000,0.214021,0.733795,-0.026142,0.263628,0.688399,-0.038457,0.302502,0.643648,-0.048958,0.335717,0.610471,-0.058937,0.226458,0.576450,-0.021919,0.255703,0.509685,-0.038382,0.270872,0.467604,-0.051350,0.281169,0.430371,-0.060656,0.192950,0.557376,-0.021415,0.212143,0.475364,-0.035691,0.222419,0.424634,-0.046978,0.227278,0.381613,-0.054789,0.159037,0.559223,-0.024330,0.155652,0.481742,-0.039765,0.153679,0.433776,-0.050341,0.152953,0.391579,-0.056994,0.125889,0.578439,-0.029749,0.111894,0.519740,-0.044773,0.103792,0.480640,-0.051612,0.099197,0.442562,-0.055237
5823,0,0.028099,0.028107,0.038761,0.451199,0.222380,0.157073,0.751502,0.000000,0.214279,0.733990,-0.025847,0.263838,0.688580,-0.037912,0.302639,0.643976,-0.048184,0.335357,0.610635,-0.057895,0.226899,0.575991,-0.021365,0.256272,0.508970,-0.037408,0.271354,0.467209,-0.049977,0.281337,0.430220,-0.059053,0.193170,0.556877,-0.020861,0.212314,0.474895,-0.034737,0.222618,0.424534,-0.045681,0.227577,0.382191,-0.053226,0.159248,0.558905,-0.023774,0.155712,0.481432,-0.038920,0.153690,0.433649,-0.049342,0.152930,0.391554,-0.055916,0.126069,0.578446,-0.029172,0.112142,0.519658,-0.044038,0.103794,0.480836,-0.050873,0.099038,0.442899,-0.054459
5859,0,0.021178,0.020238,0.056648,0.442812,0.216717,0.156726,0.751846,0.000000,0.214303,0.733762,-0.025812,0.264167,0.688679,-0.037903,0.303076,0.644007,-0.048292,0.335823,0.610927,-0.058137,0.227079,0.576427,-0.021263,0.256228,0.509666,-0.037435,0.271319,0.468056,-0.050163,0.281530,0.431303,-0.059335,0.193370,0.557437,-0.020851,0.212477,0.475906,-0.034908,0.222565,0.425517,-0.046083,0.227075,0.383003,-0.053869,0.159341,0.559597,-0.023865,0.155920,0.482141,-0.039120,0.153784,0.434288,-0.049826,0.152795,0.392096,-0.056527,0.126341,0.579078,-0.029331,0.112003,0.520338,-0.044286,0.103625,0.481248,-0.051249,0.098818,0.443203,-0.054918
5897,0,0.031545,0.027872,0.077884,0.449628,0.234914,0.156853,0.752350,0.000000,0.214094,0.734807,-0.025844,0.263716,0.688956,-0.037916,0.302744,0.644239,-0.048213,0.335761,0.611454,-0.058005,0.226472,0.577514,-0.021995,0.255469,0.510576,-0.038346,0.270942,0.468878,-0.051128,0.281297,0.431927,-0.060285,0.192986,0.558429,-0.021640,0.212350,0.476159,-0.035842,0.222519,0.425475,-0.046942,0.227191,0.382783,-0.054641,0.159269,0.560344,-0.024648,0.155749,0.482724,-0.040065,0.153490,0.434356,-0.050717,0.152316,0.391877,-0.057407,0.126238,0.579786,-0.030124,0.112319,0.520823,-0.045186,0.104005,0.481736,-0.052137,0.099195,0.443689,-0.055875
5930,0,0.015319,0.025754,0.050927,0.443113,0.236267,0.157231,0.751952,0.000000,0.214119,0.734079,-0.025858,0.263731,0.689033,-0.037974,0.302631,0.644464,-0.048351,0.335629,0.611389,-0.058185,0.226652,0.577473,-0.021651,0.255849,0.510670,-0.037955,0.271246,0.468896,-0.050744,0.281794,0.431813,-0.059906,0.193110,0.558498,-0.021221,0.212231,0.476579,-0.035375,0.222319,0.425756,-0.046593,0.227084,0.382755,-0.054371,0.159146,0.560454,-0.024194,0.155672,0.483039,-0.039638,0.153287,0.434809,-0.050370,0.152259,0.392391,-0.057101,0.126081,0.579675,-0.029635,0.112065,0.520905,-0.044723,0.103610,0.481807,-0.051754,0.098606,0.443718,-0.055493
5969,0,0.031828,0.035765,0.047351,0.426007,0.212397,0.157077,0.752031,0.000000,0.214679,0.734422,-0.025436,0.264192,0.688817,-0.037157,0.303060,0.643552,-0.047145,0.335420,0.610524,-0.056611,0.226916,0.577471,-0.021243,0.256956,0.510687,-0.037231,0.272546,0.468794,-0.049753,0.282788,0.431737,-0.058772,0.193265,0.558391,-0.020963,0.212670,0.475711,-0.034883,0.222829,0.424847,-0.045877,0.227394,0.382058,-0.053443,0.159447,0.560251,-0.024038,0.156135,0.482526,-0.039244,0.154211,0.434387,-0.049716,0.153112,0.392268,-0.056313,0.126514,0.579471,-0.029535,0.112367,0.520558,-0.044461,0.104044,0.481494,-0.051244,0.099189,0.443601,-0.054822
5995,0,0.017607,0.014993,0.048310,0.415827,0.209374,0.157328,0.751919,0.000000,0.215071,0.734374,-0.025573,0.264565,0.688969,-0.037359,0.303169,0.643640,-0.047442,0.335741,0.610424,-0.056983,0.227622,0.576843,-0.020934,0.257049,0.510423,-0.036966,0.272480,0.468642,-0.049612,0.282795,0.431625,-0.058779,0.193811,0.557896,-0.020541,0.212817,0.476222,-0.034572,0.223014,0.425653,-0.045759,0.227841,0.383098,-0.053541,0.159914,0.560011,-0.023553,0.156396,0.483013,-0.038949,0.154285,0.434755,-0.049687,0.153515,0.392391,-0.056497,0.127021,0.579441,-0.028997,0.112741,0.520853,-0.044112,0.104452,0.481609,-0.051184,0.099700,0.443573,-0.054963