t,missing,delta_l1,delta_l1_wrist,delta_angles,delta_base_l1,delta_base_l1_wrist,x0,y0,z0,x1,y1,z1,x2,y2,z2,x3,y3,z3,x4,y4,z4,x5,y5,z5,x6,y6,z6,x7,y7,z7,x8,y8,z8,x9,y9,z9,x10,y10,z10,x11,y11,z11,x12,y12,z12,x13,y13,z13,x14,y14,z14,x15,y15,z15,x16,y16,z16,x17,y17,z17,x18,y18,z18,x19,y19,z19,x20,y20,z20
42,0,,,,0.000000,0.000000,0.196643,0.807371,0.000000,0.259130,0.800012,-0.033570,0.313307,0.760700,-0.047980,0.343315,0.705973,-0.058946,0.369673,0.661367,-0.068922,0.282191,0.631886,-0.030542,0.316547,0.563252,-0.050079,0.333938,0.517080,-0.064607,0.346243,0.475113,-0.075098,0.246366,0.607086,-0.027830,0.268186,0.519926,-0.044932,0.278726,0.464939,-0.057996,0.284895,0.417649,-0.067260,0.210440,0.605253,-0.028978,0.211803,0.523807,-0.047347,0.213260,0.470858,-0.060451,0.215472,0.423871,-0.068922,0.173263,0.623548,-0.033194,0.158022,0.559731,-0.052098,0.148857,0.517221,-0.061876,0.142975,0.474950,-0.067339
82,0,0.019964,0.037382,0.043497,0.019964,0.037382,0.195675,0.806717,0.000000,0.258599,0.799944,-0.033549,0.313385,0.760552,-0.047769,0.343154,0.705871,-0.058583,0.369547,0.661261,-0.068485,0.282311,0.631641,-0.030084,0.316238,0.562780,-0.049552,0.333620,0.516756,-0.064128,0.345971,0.474696,-0.074664,0.246478,0.606798,-0.027311,0.268029,0.519818,-0.044402,0.278658,0.465104,-0.057632,0.284873,0.417713,-0.067020,0.210533,0.604935,-0.028440,0.211853,0.523765,-0.046819,0.213154,0.470973,-0.059969,0.215348,0.424122,-0.068485,0.173288,0.622835,-0.032619,0.158489,0.559161,-0.051493,0.149357,0.516807,-0.061276,0.143571,0.474722,-0.066742
115,0,0.022913,0.031199,0.059556,0.020786,0.022373,0.196338,0.807526,0.000000,0.258707,0.800388,-0.034004,0.312869,0.761532,-0.048532,0.342914,0.707171,-0.059655,0.368980,0.661871,-0.069750,0.282193,0.632079,-0.030342,0.316392,0.563372,-0.049996,0.334094,0.517225,-0.064841,0.346529,0.474801,-0.075529,0.246476,0.607068,-0.027512,0.268242,0.520239,-0.044732,0.278660,0.465519,-0.058111,0.284768,0.418051,-0.067612,0.210641,0.605077,-0.028601,0.212117,0.524019,-0.047028,0.213244,0.470972,-0.060210,0.215252,0.423790,-0.068720,0.173318,0.623142,-0.032816,0.158650,0.559443,-0.051699,0.149735,0.516842,-0.061437,0.144018,0.474833,-0.066860
151,0,0.018971,0.021441,0.046547,0.019764,0.016986,0.196950,0.807592,0.000000,0.259248,0.800360,-0.033767,0.313300,0.761125,-0.048324,0.343360,0.706803,-0.059494,0.370069,0.662383,-0.069673,0.282606,0.632015,-0.030757,0.316729,0.563472,-0.050502,0.334209,0.517420,-0.065316,0.346694,0.475158,-0.075971,0.246737,0.606849,-0.028044,0.268435,0.519935,-0.045313,0.278918,0.465143,-0.058543,0.285083,0.417756,-0.067931,0.210874,0.605092,-0.029212,0.211972,0.523761,-0.047611,0.213102,0.470944,-0.060603,0.215235,0.424125,-0.069040,0.173516,0.623199,-0.033450,0.158766,0.559453,-0.052245,0.149766,0.517099,-0.061870,0.143890,0.475102,-0.067218
185,0,0.018492,0.017415,0.079580,0.027129,0.026464,0.197065,0.807787,0.000000,0.259266,0.800308,-0.033945,0.313359,0.761637,-0.048629,0.342824,0.707136,-0.059964,0.369672,0.662879,-0.070348,0.282312,0.631956,-0.030418,0.315935,0.563802,-0.050333,0.333766,0.518129,-0.065394,0.346186,0.475805,-0.076293,0.246499,0.606938,-0.027723,0.268060,0.520443,-0.045062,0.278655,0.465858,-0.058537,0.284877,0.417905,-0.068129,0.210571,0.605448,-0.028971,0.211931,0.524606,-0.047559,0.213093,0.471809,-0.060717,0.215109,0.424582,-0.069238,0.173343,0.623732,-0.033351,0.158757,0.559943,-0.052275,0.149901,0.517514,-0.061946,0.144254,0.475112,-0.067415
217,0,0.019291,0.029066,0.072022,0.021602,0.037936,0.197705,0.808218,0.000000,0.259790,0.800548,-0.033850,0.313323,0.761227,-0.048588,0.343199,0.706615,-0.059905,0.369921,0.662344,-0.070192,0.282529,0.631705,-0.030763,0.316732,0.563183,-0.050527,0.334250,0.517260,-0.065325,0.346791,0.475153,-0.076009,0.246729,0.606846,-0.027994,0.268576,0.520106,-0.045265,0.279014,0.465202,-0.058480,0.285227,0.417482,-0.067779,0.210659,0.605208,-0.029121,0.211909,0.523801,-0.047599,0.212992,0.471008,-0.060656,0.214997,0.424066,-0.069084,0.173406,0.623530,-0.033355,0.158446,0.559946,-0.052229,0.149287,0.517508,-0.061883,0.143369,0.475461,-0.067304
251,0,0.022356,0.030899,0.064537,0.033157,0.034271,0.197116,0.807741,0.000000,0.259519,0.800551,-0.033966,0.313626,0.761841,-0.048936,0.343057,0.707334,-0.060437,0.369917,0.663099,-0.070945,0.282283,0.632126,-0.031368,0.316494,0.563335,-0.051355,0.334405,0.517437,-0.066147,0.347039,0.475521,-0.076735,0.246254,0.607173,-0.028513,0.268070,0.520023,-0.045962,0.278621,0.465051,-0.059088,0.284996,0.417675,-0.068328,0.210299,0.605442,-0.029544,0.211246,0.523632,-0.048103,0.212606,0.470635,-0.061031,0.215028,0.423550,-0.069359,0.173173,0.623882,-0.033649,0.158164,0.560121,-0.052545,0.149308,0.517472,-0.062102,0.143823,0.475253,-0.067416
284,0,0.033478,0.040298,0.040921,0.034310,0.039403,0.197152,0.808970,0.000000,0.259981,0.801140,-0.033888,0.313458,0.762009,-0.048604,0.342676,0.707713,-0.059932,0.369387,0.663348,-0.070271,0.282511,0.632391,-0.030323,0.316450,0.563629,-0.049990,0.334166,0.517814,-0.064805,0.346402,0.475692,-0.075460,0.246408,0.607454,-0.027451,0.267920,0.520634,-0.044642,0.278440,0.465705,-0.057873,0.284705,0.418095,-0.067181,0.210296,0.605873,-0.028540,0.211313,0.524479,-0.046979,0.212509,0.471519,-0.059972,0.214775,0.424388,-0.068370,0.173058,0.624116,-0.032739,0.158284,0.560245,-0.051495,0.149357,0.517722,-0.061081,0.143675,0.475585,-0.066429
316,0,0.024360,0.024624,0.044152,0.044319,0.050352,0.197315,0.809544,0.000000,0.259764,0.801416,-0.033965,0.313306,0.762160,-0.048884,0.342781,0.707849,-0.060311,0.369469,0.663541,-0.070746,0.282066,0.633001,-0.030929,0.316501,0.564302,-0.050907,0.334259,0.518229,-0.065826,0.347012,0.476078,-0.076500,0.246169,0.608009,-0.028072,0.267744,0.520698,-0.045471,0.278248,0.465665,-0.058644,0.284715,0.418156,-0.067929,0.210196,0.606197,-0.029124,0.210923,0.524557,-0.047654,0.212169,0.471721,-0.060589,0.214610,0.424777,-0.068881,0.173067,0.624405,-0.033290,0.158048,0.560897,-0.052058,0.148959,0.518258,-0.061620,0.143161,0.476378,-0.066898
348,0,0.013426,0.018877,0.045961,0.040641,0.035366,0.196818,0.809466,0.000000,0.259281,0.801804,-0.033824,0.313047,0.762420,-0.048621,0.342727,0.707888,-0.059982,0.369800,0.663809,-0.070271,0.282075,0.633117,-0.030905,0.316130,0.564271,-0.050647,0.333997,0.518432,-0.065345,0.346620,0.476429,-0.075872,0.246006,0.608010,-0.028025,0.267793,0.520684,-0.045166,0.278360,0.465980,-0.058115,0.284810,0.418649,-0.067291,0.210029,0.606164,-0.029058,0.210956,0.524589,-0.047390,0.212459,0.471849,-0.060260,0.214950,0.424817,-0.068523,0.173056,0.624417,-0.033169,0.158033,0.560596,-0.051918,0.148828,0.518289,-0.061452,0.142960,0.476034,-0.066775
381,0,0.014464,0.022802,0.043408,0.045555,0.023595,0.196793,0.808882,0.000000,0.259062,0.801313,-0.033545,0.312689,0.761977,-0.048211,0.342405,0.707835,-0.059498,0.369534,0.663982,-0.069832,0.281657,0.633092,-0.030604,0.316139,0.564804,-0.050476,0.333859,0.518891,-0.065301,0.346606,0.476745,-0.075953,0.245816,0.608121,-0.027921,0.267615,0.520926,-0.045190,0.278168,0.466174,-0.058266,0.284669,0.418463,-0.067527,0.209903,0.606371,-0.029133,0.210900,0.525077,-0.047495,0.212361,0.472339,-0.060293,0.214819,0.425235,-0.068560,0.172795,0.624834,-0.033426,0.157962,0.561143,-0.052106,0.148992,0.518677,-0.061525,0.143218,0.476566,-0.066732
413,0,0.018960,0.018993,0.033810,0.042500,0.036059,0.196692,0.808980,0.000000,0.258867,0.801094,-0.033709,0.312257,0.762174,-0.048473,0.341723,0.707746,-0.059848,0.368568,0.663740,-0.070192,0.281695,0.632588,-0.030598,0.315911,0.563518,-0.050335,0.333313,0.517700,-0.065000,0.345718,0.475802,-0.075503,0.245789,0.607803,-0.027863,0.267474,0.520471,-0.045104,0.277910,0.465654,-0.058183,0.284064,0.418288,-0.067378,0.209815,0.606174,-0.029052,0.210758,0.524732,-0.047402,0.211886,0.471820,-0.060284,0.214190,0.424873,-0.068567,0.172533,0.624648,-0.033293,0.157752,0.560792,-0.052000,0.148841,0.518286,-0.061512,0.143177,0.476162,-0.066744
446,0,0.028108,0.020849,0.037994,0.059991,0.038655,0.195980,0.808805,0.000000,0.258259,0.800889,-0.033487,0.311893,0.762318,-0.048197,0.341278,0.708273,-0.059630,0.368362,0.664454,-0.070032,0.281179,0.632309,-0.030272,0.315281,0.563221,-0.049745,0.332706,0.517322,-0.064315,0.344823,0.475483,-0.074756,0.245290,0.607707,-0.027552,0.267078,0.520437,-0.044504,0.277381,0.465552,-0.057526,0.283197,0.418398,-0.066737,0.209496,0.606192,-0.028684,0.210267,0.524720,-0.046767,0.211267,0.472201,-0.059551,0.213306,0.425683,-0.067769,0.172355,0.624440,-0.032872,0.157198,0.560508,-0.051293,0.148124,0.518227,-0.060623,0.142424,0.476381,-0.065784
478,0,0.039089,0.026441,0.051963,0.081755,0.037715,0.195626,0.809504,0.000000,0.257914,0.801725,-0.033566,0.311514,0.763592,-0.048395,0.341447,0.709828,-0.059868,0.367944,0.665425,-0.070388,0.280800,0.633624,-0.030847,0.315107,0.564666,-0.050816,0.332649,0.518564,-0.065743,0.344959,0.476191,-0.076383,0.245022,0.608623,-0.028147,0.266516,0.521400,-0.045496,0.276766,0.466484,-0.058796,0.282731,0.418983,-0.068205,0.209192,0.606654,-0.029279,0.210102,0.525560,-0.047601,0.211067,0.472910,-0.060503,0.213043,0.426343,-0.068800,0.172190,0.624715,-0.033467,0.157252,0.560991,-0.051968,0.148150,0.518477,-0.061337,0.142281,0.476698,-0.066498
511,0,0.026283,0.023625,0.066231,0.093359,0.054128,0.196492,0.810393,0.000000,0.258632,0.802995,-0.033985,0.312030,0.764520,-0.049014,0.340793,0.710140,-0.060594,0.367721,0.666184,-0.071182,0.281251,0.634244,-0.031070,0.315552,0.565391,-0.051037,0.333116,0.519276,-0.065908,0.345412,0.477040,-0.076575,0.245285,0.609133,-0.028215,0.266876,0.521705,-0.045604,0.277261,0.466913,-0.058770,0.283451,0.419698,-0.068009,0.209374,0.607618,-0.029266,0.210082,0.525973,-0.047745,0.211111,0.473222,-0.060594,0.213246,0.426683,-0.068842,0.172245,0.625734,-0.033390,0.157213,0.561828,-0.052147,0.148122,0.519167,-0.061625,0.142259,0.477243,-0.066820
543,0,0.024970,0.022246,0.045902,0.111296,0.069398,0.196511,0.811259,0.000000,0.258821,0.803581,-0.033587,0.312087,0.765106,-0.048555,0.341085,0.711210,-0.060148,0.367714,0.666796,-0.070708,0.280449,0.635001,-0.031265,0.315190,0.566159,-0.051294,0.333080,0.520274,-0.066103,0.345769,0.478060,-0.076703,0.244609,0.609621,-0.028466,0.266410,0.522355,-0.045855,0.277048,0.467446,-0.058877,0.283308,0.419877,-0.067969,0.208813,0.607649,-0.029478,0.209081,0.526174,-0.047880,0.210017,0.473116,-0.060584,0.212139,0.426030,-0.068763,0.172136,0.625818,-0.033567,0.156759,0.562212,-0.052128,0.147613,0.519763,-0.061497,0.141741,0.477875,-0.066579
575,0,0.059430,0.071641,0.052478,0.166712,0.074756,0.195376,0.810549,0.000000,0.257102,0.803644,-0.034184,0.311113,0.765561,-0.049509,0.340676,0.711629,-0.061341,0.367142,0.667039,-0.072219,0.280117,0.635440,-0.032298,0.314766,0.566795,-0.052884,0.332690,0.521058,-0.068050,0.345302,0.478438,-0.078889,0.244464,0.610239,-0.029420,0.266265,0.523147,-0.047326,0.276641,0.468409,-0.060586,0.282664,0.420503,-0.069956,0.208659,0.608503,-0.030432,0.208227,0.527562,-0.049350,0.208446,0.474983,-0.062135,0.209751,0.427780,-0.070353,0.171608,0.627077,-0.034561,0.156395,0.563032,-0.053440,0.147112,0.520830,-0.062810,0.141043,0.478605,-0.068011
607,0,0.033431,0.035182,0.072430,0.171081,0.080603,0.195805,0.810884,0.000000,0.257763,0.804114,-0.034385,0.311015,0.765653,-0.049659,0.340155,0.711569,-0.061411,0.367271,0.667621,-0.072174,0.279926,0.635754,-0.032110,0.314540,0.567382,-0.052389,0.332711,0.521827,-0.067346,0.345510,0.479563,-0.078069,0.243941,0.610532,-0.029004,0.265899,0.523482,-0.046612,0.276802,0.468611,-0.059670,0.282695,0.420890,-0.068810,0.207907,0.608800,-0.029795,0.206991,0.527700,-0.048393,0.207157,0.475141,-0.061055,0.208313,0.428190,-0.069166,0.170912,0.627299,-0.033732,0.155865,0.563553,-0.052350,0.146761,0.521531,-0.061609,0.140900,0.479893,-0.066713
648,0,0.014967,0.017050,0.049403,0.174752,0.069836,0.195328,0.811171,0.000000,0.257188,0.803932,-0.033933,0.310377,0.765530,-0.049131,0.339972,0.711598,-0.060831,0.366909,0.667330,-0.071543,0.279360,0.635743,-0.031997,0.314161,0.567230,-0.052214,0.332316,0.521852,-0.067116,0.344938,0.479455,-0.077788,0.243544,0.610397,-0.029131,0.265862,0.523430,-0.046602,0.276697,0.468882,-0.059527,0.282767,0.421206,-0.068578,0.207702,0.608837,-0.030099,0.207115,0.527777,-0.048617,0.207334,0.475218,-0.061187,0.208606,0.428095,-0.069250,0.170866,0.627440,-0.034171,0.155640,0.563559,-0.052728,0.146304,0.521626,-0.061859,0.140248,0.479892,-0.066918
680,0,0.025567,0.029178,0.041210,0.185583,0.075104,0.194860,0.811108,0.000000,0.256824,0.803856,-0.034406,0.310023,0.765711,-0.049926,0.339908,0.711795,-0.061883,0.367009,0.666971,-0.072890,0.279035,0.635920,-0.032367,0.313974,0.567506,-0.052896,0.332219,0.521811,-0.068060,0.345182,0.479129,-0.078908,0.243559,0.610530,-0.029358,0.265556,0.523793,-0.047194,0.276307,0.469020,-0.060379,0.282437,0.421064,-0.069722,0.207857,0.608700,-0.030249,0.207390,0.527557,-0.049134,0.207629,0.474830,-0.061923,0.209023,0.427681,-0.070118,0.171079,0.626853,-0.034287,0.155787,0.563025,-0.053212,0.146355,0.520808,-0.062675,0.140229,0.478978,-0.067901
712,0,0.020877,0.024737,0.050221,0.173800,0.071242,0.195536,0.811550,0.000000,0.257645,0.804278,-0.034189,0.310866,0.765312,-0.049395,0.340393,0.711198,-0.061062,0.367440,0.667010,-0.071780,0.279233,0.636189,-0.032034,0.314120,0.567560,-0.052362,0.332203,0.521880,-0.067390,0.344943,0.479429,-0.078107,0.243652,0.610959,-0.029107,0.265730,0.523657,-0.046864,0.276608,0.468908,-0.059915,0.282764,0.421309,-0.069090,0.207834,0.609100,-0.030096,0.207542,0.527514,-0.048881,0.208175,0.474794,-0.061576,0.209749,0.427917,-0.069723,0.170858,0.627359,-0.034189,0.155641,0.563331,-0.053034,0.146411,0.520992,-0.062446,0.140582,0.478919,-0.067627
744,0,0.017365,0.024777,0.024390,0.162813,0.057853,0.194865,0.811042,0.000000,0.256746,0.804044,-0.033931,0.310321,0.765303,-0.049135,0.340212,0.711193,-0.060854,0.367368,0.667087,-0.071624,0.279493,0.635651,-0.031813,0.314150,0.567093,-0.052065,0.332047,0.521592,-0.067031,0.344624,0.479271,-0.077761,0.243920,0.610087,-0.028982,0.266064,0.523590,-0.046601,0.276743,0.468966,-0.059587,0.282985,0.421509,-0.068733,0.207976,0.608189,-0.030051,0.207818,0.526670,-0.048739,0.208285,0.473968,-0.061409,0.209771,0.426870,-0.069565,0.170849,0.626759,-0.034189,0.155738,0.562866,-0.052936,0.146521,0.520765,-0.062319,0.140589,0.478860,-0.067506
781,0,0.014790,0.012910,0.019653,0.152247,0.059449,0.195301,0.810667,0.000000,0.257167,0.803718,-0.034188,0.310730,0.764917,-0.049372,0.340549,0.711066,-0.061052,0.367394,0.666932,-0.071781,0.279280,0.635268,-0.031852,0.313960,0.566841,-0.052104,0.332092,0.521224,-0.067070,0.344872,0.478830,-0.077839,0.243806,0.609995,-0.028883,0.266083,0.523385,-0.046482,0.276872,0.468701,-0.059547,0.283246,0.420954,-0.068772,0.208110,0.607959,-0.029793,0.207946,0.526654,-0.048461,0.208456,0.474063,-0.061171,0.210082,0.427136,-0.069366,0.171153,0.626381,-0.033852,0.156268,0.562733,-0.052579,0.147153,0.520543,-0.062002,0.141282,0.478732,-0.067189
821,0,0.026005,0.025860,0.059019,0.134250,0.056547,0.195782,0.811022,0.000000,0.257484,0.803097,-0.033656,0.310664,0.764027,-0.048606,0.341014,0.710600,-0.060233,0.367734,0.666412,-0.070872,0.279690,0.634961,-0.031244,0.314224,0.566317,-0.051335,0.331977,0.520654,-0.066284,0.344612,0.478418,-0.076962,0.244201,0.609852,-0.028574,0.266466,0.522985,-0.046035,0.277264,0.468293,-0.059086,0.283479,0.420775,-0.068301,0.208460,0.608276,-0.029800,0.208360,0.526634,-0.048329,0.208995,0.473671,-0.061182,0.210638,0.426310,-0.069487,0.171544,0.626979,-0.034131,0.156698,0.563352,-0.052837,0.147581,0.520923,-0.062329,0.141747,0.478701,-0.067629
853,0,0.036541,0.028294,0.039710,0.104756,0.040679,0.195512,0.810333,0.000000,0.257265,0.802610,-0.033454,0.310769,0.763472,-0.048278,0.340896,0.709769,-0.059773,0.367796,0.665866,-0.070237,0.279966,0.633792,-0.030897,0.314754,0.565044,-0.050696,0.332686,0.519597,-0.065322,0.345191,0.477728,-0.075826,0.244415,0.609060,-0.028182,0.266649,0.521962,-0.045345,0.277482,0.467424,-0.058148,0.283909,0.420430,-0.067185,0.208593,0.607539,-0.029351,0.208498,0.525928,-0.047525,0.209226,0.472819,-0.060209,0.211050,0.425535,-0.068374,0.171531,0.626131,-0.033553,0.156593,0.562386,-0.051965,0.147558,0.520117,-0.061200,0.141772,0.478211,-0.066353
884,0,0.035225,0.035449,0.023867,0.125896,0.061639,0.195329,0.810752,0.000000,0.257402,0.802968,-0.034026,0.310831,0.763848,-0.049193,0.340916,0.709896,-0.060905,0.367989,0.665855,-0.071665,0.280077,0.634486,-0.031862,0.314579,0.565533,-0.052170,0.332431,0.519807,-0.067218,0.345201,0.477269,-0.077978,0.244315,0.609318,-0.028984,0.266400,0.522530,-0.046612,0.277119,0.467832,-0.059714,0.283671,0.420167,-0.069005,0.208357,0.607452,-0.030016,0.208545,0.526295,-0.048637,0.209301,0.473421,-0.061342,0.211082,0.426092,-0.069560,0.171236,0.625783,-0.034145,0.156562,0.561771,-0.052806,0.147596,0.519400,-0.062096,0.141864,0.477216,-0.067297
915,0,0.050859,0.047382,0.047067,0.091497,0.045714,0.195669,0.811046,0.000000,0.257789,0.802979,-0.032955,0.311522,0.763696,-0.047419,0.341847,0.709897,-0.058649,0.368437,0.665681,-0.068887,0.280222,0.634657,-0.030316,0.315047,0.565547,-0.050078,0.332903,0.519857,-0.064760,0.345579,0.477751,-0.075275,0.244689,0.609216,-0.027797,0.267029,0.522060,-0.044879,0.277980,0.467587,-0.057736,0.284523,0.420567,-0.066704,0.208832,0.607010,-0.029126,0.209086,0.525202,-0.047260,0.209977,0.472413,-0.059919,0.211953,0.425459,-0.068053,0.171967,0.625418,-0.033471,0.157080,0.561862,-0.051863,0.147951,0.519429,-0.061149,0.142115,0.477747,-0.066228
947,0,0.034713,0.045988,0.037575,0.086526,0.057474,0.196922,0.810313,0.000000,0.258326,0.802496,-0.033505,0.312030,0.763703,-0.048427,0.342053,0.710106,-0.060006,0.368858,0.666174,-0.070591,0.281107,0.634383,-0.031336,0.315635,0.565428,-0.051332,0.333479,0.519756,-0.066095,0.346131,0.477684,-0.076639,0.245463,0.608900,-0.028591,0.267503,0.521697,-0.045880,0.278419,0.467224,-0.058773,0.284988,0.420484,-0.067806,0.209464,0.606879,-0.029665,0.209641,0.525003,-0.047989,0.210450,0.472307,-0.060643,0.212490,0.425436,-0.068840,0.172545,0.625207,-0.033803,0.157506,0.561808,-0.052247,0.148333,0.519802,-0.061519,0.142442,0.478357,-0.066652
977,0,0.023820,0.035920,0.038757,0.076798,0.031778,0.196387,0.809864,0.000000,0.258686,0.801981,-0.033311,0.312687,0.763326,-0.048002,0.342632,0.709435,-0.059357,0.369101,0.665253,-0.069839,0.281211,0.634388,-0.030949,0.315706,0.565374,-0.051019,0.333473,0.519589,-0.065948,0.346125,0.477170,-0.076628,0.245684,0.609283,-0.028229,0.267810,0.522689,-0.045699,0.278669,0.468063,-0.058881,0.285203,0.420630,-0.068171,0.209883,0.607428,-0.029361,0.210282,0.525894,-0.047843,0.211120,0.472830,-0.060667,0.213175,0.425654,-0.068965,0.172755,0.625507,-0.033530,0.158224,0.561837,-0.052171,0.149159,0.519308,-0.061580,0.143430,0.477356,-0.066821
1010,0,0.029763,0.029573,0.048586,0.062519,0.032535,0.197058,0.810308,0.000000,0.259104,0.802199,-0.032982,0.312859,0.762928,-0.047326,0.343304,0.709085,-0.058445,0.369641,0.665154,-0.068536,0.282026,0.633801,-0.030251,0.316393,0.564973,-0.049938,0.334145,0.519056,-0.064658,0.346683,0.476853,-0.075263,0.246329,0.609031,-0.027818,0.268448,0.522049,-0.044912,0.279195,0.467372,-0.057931,0.285429,0.419976,-0.067111,0.210375,0.607484,-0.029223,0.210697,0.525853,-0.047445,0.211670,0.472841,-0.060266,0.213709,0.425653,-0.068536,0.173209,0.626061,-0.033674,0.158292,0.562167,-0.052233,0.149368,0.519496,-0.061650,0.143747,0.477239,-0.066913
1042,0,0.027328,0.018097,0.043899,0.046843,0.038887,0.197455,0.809199,0.000000,0.259018,0.801013,-0.032755,0.312676,0.761413,-0.047128,0.343253,0.708090,-0.058244,0.369798,0.664397,-0.068408,0.281900,0.632923,-0.030373,0.316238,0.564129,-0.049907,0.334147,0.518537,-0.064478,0.346648,0.476333,-0.074959,0.246342,0.608076,-0.027971,0.268454,0.521302,-0.044825,0.279306,0.467013,-0.057609,0.285647,0.419997,-0.066701,0.210467,0.606316,-0.029341,0.211036,0.524732,-0.047286,0.212263,0.471943,-0.059912,0.214366,0.424728,-0.068130,0.173556,0.624641,-0.033728,0.158348,0.561013,-0.052011,0.149274,0.518534,-0.061262,0.143514,0.476466,-0.066423
1075,0,0.033669,0.020390,0.052023,0.033231,0.028394,0.197740,0.808398,0.000000,0.259829,0.800682,-0.033295,0.313330,0.760987,-0.047802,0.343324,0.707286,-0.059059,0.369630,0.662998,-0.069325,0.282347,0.631894,-0.030540,0.316752,0.563218,-0.050379,0.334574,0.517569,-0.065163,0.347243,0.475423,-0.075786,0.246806,0.607195,-0.027944,0.268815,0.520713,-0.045186,0.279597,0.466322,-0.058227,0.286048,0.419097,-0.067502,0.210948,0.605707,-0.029232,0.211498,0.524310,-0.047564,0.212534,0.471472,-0.060446,0.214713,0.424222,-0.068810,0.173929,0.624380,-0.033573,0.159019,0.560716,-0.052281,0.149929,0.518175,-0.061834,0.144207,0.476061,-0.067185
1106,0,0.026805,0.025586,0.050537,0.025717,0.027339,0.197385,0.808027,0.000000,0.259846,0.799865,-0.033177,0.313588,0.760373,-0.047498,0.343447,0.706315,-0.058471,0.369973,0.662356,-0.068534,0.282522,0.631578,-0.030285,0.316840,0.562933,-0.049954,0.334768,0.517013,-0.064691,0.347221,0.474802,-0.075268,0.246779,0.606737,-0.027671,0.268922,0.520013,-0.044725,0.279680,0.465372,-0.057798,0.286134,0.418304,-0.067028,0.210942,0.605200,-0.028919,0.211876,0.523637,-0.047102,0.213132,0.470643,-0.059977,0.215306,0.423583,-0.068375,0.173850,0.623599,-0.033197,0.158938,0.559923,-0.051737,0.149945,0.517420,-0.061205,0.144479,0.475242,-0.066513
1140,0,0.028938,0.026156,0.048964,0.039823,0.032480,0.197700,0.807239,0.000000,0.259596,0.799303,-0.033213,0.313413,0.760228,-0.047776,0.343614,0.706438,-0.059005,0.369817,0.662109,-0.069283,0.282593,0.631339,-0.031030,0.317004,0.562469,-0.050910,0.334979,0.516768,-0.065672,0.347766,0.474632,-0.076266,0.247035,0.606083,-0.028451,0.269160,0.519548,-0.045633,0.280067,0.465224,-0.058608,0.286561,0.418297,-0.067814,0.211222,0.604114,-0.029641,0.212093,0.522685,-0.047776,0.213279,0.470249,-0.060513,0.215536,0.423652,-0.068767,0.174197,0.622325,-0.033887,0.159508,0.558741,-0.052339,0.150390,0.516595,-0.061664,0.144604,0.475051,-0.066862
1176,0,0.030215,0.029460,0.027618,0.050318,0.029028,0.197663,0.807008,0.000000,0.259608,0.799101,-0.032938,0.313674,0.759827,-0.047207,0.344386,0.705976,-0.058147,0.370706,0.662111,-0.068175,0.283008,0.631527,-0.030342,0.317360,0.562716,-0.050101,0.335362,0.516815,-0.064845,0.348141,0.474638,-0.075389,0.247362,0.606265,-0.027785,0.269396,0.519440,-0.044869,0.280195,0.464956,-0.057750,0.286738,0.417797,-0.066867,0.211549,0.603944,-0.029034,0.212675,0.522552,-0.047088,0.213945,0.469773,-0.059693,0.216285,0.422826,-0.067858,0.174611,0.621994,-0.033314,0.159859,0.558462,-0.051646,0.150879,0.516074,-0.060842,0.145288,0.474313,-0.065955
1209,0,0.014942,0.018912,0.040545,0.056745,0.037028,0.197425,0.807044,0.000000,0.259626,0.799483,-0.032997,0.313618,0.759987,-0.047286,0.343924,0.706198,-0.058305,0.370660,0.662223,-0.068293,0.283231,0.631038,-0.030341,0.317851,0.562413,-0.050060,0.335690,0.516553,-0.064765,0.348279,0.474478,-0.075348,0.247599,0.605799,-0.027805,0.269940,0.519114,-0.044828,0.280757,0.464539,-0.057789,0.287370,0.417526,-0.066945,0.211950,0.603770,-0.029093,0.213132,0.522330,-0.047167,0.214515,0.469556,-0.059850,0.217016,0.422914,-0.068055,0.174972,0.622213,-0.033413,0.160237,0.558571,-0.051883,0.151229,0.516095,-0.061277,0.145648,0.474099,-0.066430
1242,0,0.019790,0.029365,0.051921,0.054531,0.033489,0.197410,0.806105,0.000000,0.259402,0.798567,-0.033289,0.313745,0.759592,-0.047788,0.343977,0.705673,-0.058950,0.370331,0.661628,-0.069159,0.283405,0.630738,-0.030548,0.317583,0.562496,-0.050370,0.335725,0.516944,-0.065227,0.348399,0.474897,-0.075913,0.247778,0.605701,-0.027986,0.269484,0.519050,-0.045166,0.280302,0.464869,-0.058355,0.286996,0.417854,-0.067769,0.211893,0.603656,-0.029237,0.213104,0.522520,-0.047510,0.214605,0.470090,-0.060341,0.217156,0.423513,-0.068643,0.174840,0.621859,-0.033567,0.160148,0.558187,-0.052158,0.151278,0.515803,-0.061572,0.145680,0.474016,-0.066816
1274,0,0.021256,0.023157,0.060812,0.063886,0.039279,0.197132,0.806120,0.000000,0.259369,0.798623,-0.032999,0.313274,0.759068,-0.047310,0.343769,0.705364,-0.058317,0.370143,0.661380,-0.068333,0.283157,0.630350,-0.030405,0.317650,0.561689,-0.050121,0.335686,0.515750,-0.064849,0.348423,0.473719,-0.075420,0.247688,0.605301,-0.027852,0.269896,0.518846,-0.044895,0.280563,0.464608,-0.057921,0.286968,0.417525,-0.067145,0.211886,0.603324,-0.029099,0.213218,0.522465,-0.047113,0.214596,0.469945,-0.059781,0.216991,0.423342,-0.067977,0.174529,0.621359,-0.033394,0.159966,0.557674,-0.051665,0.151213,0.515061,-0.060969,0.145721,0.473053,-0.066116
1308,0,0.017249,0.024572,0.047527,0.070689,0.037057,0.197562,0.806103,0.000000,0.259186,0.798296,-0.032974,0.312871,0.758915,-0.047310,0.343871,0.705518,-0.058454,0.370303,0.661475,-0.068566,0.283024,0.629915,-0.029980,0.317273,0.561368,-0.049571,0.335229,0.515841,-0.064283,0.347678,0.473957,-0.074832,0.247624,0.604860,-0.027522,0.269656,0.518162,-0.044455,0.280456,0.463975,-0.057462,0.287033,0.417286,-0.066663,0.211720,0.603020,-0.028910,0.212922,0.521596,-0.046874,0.214460,0.468965,-0.059564,0.216853,0.422365,-0.067813,0.174536,0.621175,-0.033331,0.159867,0.557509,-0.051672,0.151011,0.514952,-0.060992,0.145601,0.473086,-0.066147
1341,0,0.022431,0.026003,0.032529,0.086605,0.048880,0.197161,0.805707,0.000000,0.259395,0.797468,-0.032516,0.313349,0.757551,-0.046650,0.343865,0.704305,-0.057608,0.370116,0.660395,-0.067573,0.283206,0.629686,-0.029578,0.317373,0.561097,-0.049032,0.335175,0.515586,-0.063642,0.347675,0.474019,-0.074044,0.247572,0.604731,-0.027216,0.269334,0.517981,-0.044069,0.280249,0.463704,-0.056972,0.286869,0.416783,-0.066064,0.211704,0.602755,-0.028665,0.212708,0.521608,-0.046531,0.214413,0.469233,-0.059116,0.216893,0.422757,-0.067295,0.174653,0.620643,-0.033131,0.160142,0.557144,-0.051335,0.151291,0.514827,-0.060546,0.145551,0.473208,-0.065627
1372,0,0.025621,0.022307,0.058521,0.108615,0.053604,0.197416,0.804892,0.000000,0.259549,0.797217,-0.032755,0.313234,0.757740,-0.046702,0.344012,0.704001,-0.057455,0.369987,0.659516,-0.067216,0.282907,0.629078,-0.029124,0.317364,0.560555,-0.048408,0.335055,0.514868,-0.062931,0.347719,0.473054,-0.073367,0.247547,0.604272,-0.026625,0.269484,0.517655,-0.043369,0.280169,0.463207,-0.056344,0.286657,0.416188,-0.065550,0.211824,0.602215,-0.027994,0.212961,0.521279,-0.045869,0.214438,0.468695,-0.058646,0.216896,0.422201,-0.066899,0.174835,0.620166,-0.032398,0.159989,0.556428,-0.050670,0.151036,0.513832,-0.060074,0.145572,0.471761,-0.065272
1413,0,0.027429,0.016765,0.046600,0.125001,0.052995,0.197395,0.804311,0.000000,0.259416,0.796530,-0.032661,0.313051,0.756696,-0.046625,0.343960,0.703096,-0.057360,0.370241,0.659175,-0.067105,0.283517,0.628529,-0.029373,0.317764,0.559839,-0.048645,0.335677,0.514064,-0.063143,0.348036,0.472186,-0.073601,0.247870,0.603508,-0.026917,0.269639,0.516618,-0.043693,0.280509,0.462270,-0.056568,0.287034,0.415451,-0.065718,0.211965,0.601413,-0.028304,0.213056,0.519915,-0.046228,0.214615,0.467391,-0.058984,0.217321,0.420839,-0.067223,0.174656,0.619401,-0.032720,0.160046,0.555747,-0.051141,0.151081,0.513426,-0.060568,0.145521,0.471409,-0.065797
1445,0,0.025986,0.027955,0.047987,0.115718,0.042869,0.197298,0.803694,0.000000,0.259277,0.795639,-0.032775,0.312979,0.756206,-0.047099,0.343616,0.703132,-0.058169,0.370008,0.659210,-0.068248,0.283391,0.628011,-0.030037,0.317597,0.559566,-0.049718,0.335549,0.514004,-0.064438,0.348232,0.472200,-0.075033,0.247843,0.602906,-0.027656,0.269699,0.516252,-0.044639,0.280306,0.462213,-0.057653,0.286722,0.415560,-0.066859,0.211960,0.600925,-0.029065,0.213337,0.519725,-0.047019,0.214917,0.467358,-0.059637,0.217516,0.420921,-0.067851,0.174802,0.618950,-0.033509,0.160345,0.555366,-0.051821,0.151388,0.513111,-0.061026,0.145801,0.471329,-0.066105
1477,0,0.029526,0.017859,0.038402,0.142359,0.045598,0.197763,0.802977,0.000000,0.259829,0.795015,-0.032697,0.313514,0.755634,-0.046755,0.344192,0.702447,-0.057581,0.369862,0.658233,-0.067456,0.283543,0.627114,-0.029623,0.317950,0.558997,-0.049095,0.335926,0.513391,-0.063688,0.348292,0.471827,-0.074118,0.248023,0.602004,-0.027224,0.269773,0.515356,-0.044177,0.280574,0.461168,-0.057185,0.287010,0.414505,-0.066345,0.212120,0.600164,-0.028632,0.213280,0.518900,-0.046676,0.214735,0.466589,-0.059485,0.217186,0.420284,-0.067733,0.174977,0.618159,-0.033074,0.160487,0.554575,-0.051474,0.151489,0.512311,-0.060873,0.145816,0.470682,-0.066068
1508,0,0.022015,0.015457,0.060049,0.157277,0.049633,0.197516,0.802649,0.000000,0.259571,0.794518,-0.032658,0.313677,0.755209,-0.046677,0.343875,0.701397,-0.057503,0.370240,0.657281,-0.067338,0.283230,0.626284,-0.029307,0.317412,0.558017,-0.048659,0.335518,0.512631,-0.063253,0.348342,0.471091,-0.073723,0.247629,0.601430,-0.026947,0.269727,0.514941,-0.043782,0.280465,0.460643,-0.056750,0.286991,0.413856,-0.065910,0.211843,0.599744,-0.028434,0.213279,0.518480,-0.046439,0.214836,0.465978,-0.059208,0.217418,0.419401,-0.067457,0.174805,0.618056,-0.032955,0.160199,0.554323,-0.051356,0.151338,0.511817,-0.060755,0.145804,0.469938,-0.065950
1540,0,0.018128,0.017551,0.061900,0.153195,0.040411,0.197638,0.802490,0.000000,0.259361,0.794105,-0.032676,0.313069,0.754160,-0.046901,0.343600,0.700977,-0.057972,0.369946,0.656800,-0.068051,0.283302,0.626283,-0.029780,0.317534,0.557610,-0.049322,0.335374,0.512064,-0.064003,0.348214,0.470324,-0.074558,0.247824,0.601359,-0.027438,0.269466,0.514786,-0.044282,0.280288,0.460498,-0.057258,0.286923,0.413650,-0.066503,0.211895,0.599665,-0.028907,0.213110,0.518459,-0.046782,0.214626,0.465926,-0.059440,0.217174,0.419319,-0.067693,0.174934,0.617718,-0.033430,0.160289,0.554156,-0.051623,0.151470,0.511854,-0.060908,0.145859,0.470118,-0.066106
1574,0,0.033546,0.024989,0.064307,0.178410,0.052189,0.197717,0.801954,0.000000,0.259767,0.793755,-0.032916,0.313608,0.754277,-0.047034,0.343492,0.700482,-0.057900,0.369590,0.656228,-0.067775,0.283003,0.625170,-0.029406,0.317545,0.556869,-0.048739,0.335163,0.511164,-0.063293,0.347700,0.469581,-0.073723,0.247507,0.600410,-0.026769,0.269511,0.514055,-0.043544,0.280235,0.459666,-0.056512,0.286713,0.412951,-0.065712,0.211760,0.598602,-0.027998,0.213106,0.517496,-0.045884,0.214489,0.465018,-0.058653,0.216940,0.418838,-0.066902,0.174775,0.616794,-0.032261,0.160168,0.553452,-0.050603,0.151220,0.510928,-0.060002,0.145679,0.469242,-0.065197
1605,0,0.012273,0.012065,0.042514,0.183790,0.054284,0.197784,0.801770,0.000000,0.259891,0.793704,-0.032697,0.313597,0.754318,-0.046783,0.343183,0.700110,-0.057616,0.369682,0.655947,-0.067457,0.283218,0.625311,-0.029363,0.317593,0.556999,-0.048608,0.335383,0.511229,-0.063052,0.347859,0.469494,-0.073448,0.247490,0.600243,-0.026784,0.269201,0.513701,-0.043410,0.279774,0.459399,-0.056227,0.286285,0.412647,-0.065235,0.211759,0.598410,-0.027994,0.212932,0.517253,-0.045791,0.214242,0.465114,-0.058370,0.216876,0.418847,-0.066504,0.174833,0.616594,-0.032240,0.160322,0.553380,-0.050434,0.151437,0.511296,-0.059679,0.145943,0.469849,-0.064758
1638,0,0.032122,0.044465,0.047574,0.163177,0.056026,0.196828,0.801839,0.000000,0.258936,0.793773,-0.032339,0.312963,0.754175,-0.046466,0.342990,0.700344,-0.057537,0.369447,0.656342,-0.067615,0.283064,0.625921,-0.029483,0.317799,0.557771,-0.049204,0.335789,0.512270,-0.064044,0.348807,0.470512,-0.074718,0.247496,0.600746,-0.027260,0.269286,0.514419,-0.044244,0.279959,0.460252,-0.057338,0.286552,0.413179,-0.066584,0.211686,0.598699,-0.028828,0.213179,0.517865,-0.046783,0.214629,0.465701,-0.059362,0.217164,0.419298,-0.067496,0.174640,0.616828,-0.033391,0.160450,0.553402,-0.051624,0.151606,0.511158,-0.060751,0.145992,0.469656,-0.065750
1670,0,0.021963,0.026513,0.057228,0.173580,0.049766,0.197425,0.801182,0.000000,0.259134,0.793089,-0.032876,0.312832,0.753737,-0.047033,0.343245,0.700615,-0.058018,0.369211,0.656365,-0.068051,0.282983,0.624880,-0.029346,0.317411,0.556780,-0.048937,0.335381,0.511263,-0.063768,0.347822,0.469466,-0.074396,0.247466,0.600284,-0.026887,0.269160,0.513967,-0.043940,0.279878,0.459650,-0.057185,0.286350,0.412909,-0.066544,0.211761,0.598695,-0.028295,0.213306,0.517597,-0.046359,0.214939,0.465181,-0.059208,0.217524,0.418933,-0.067536,0.174810,0.616941,-0.032776,0.160760,0.553541,-0.051197,0.152056,0.511222,-0.060675,0.146498,0.469458,-0.065910
1703,0,0.019260,0.015627,0.035355,0.189998,0.059189,0.197414,0.800963,0.000000,0.259121,0.792652,-0.032723,0.312545,0.753434,-0.046996,0.343091,0.700049,-0.058081,0.369419,0.655810,-0.068177,0.283292,0.624616,-0.029239,0.317848,0.556099,-0.048658,0.335670,0.510574,-0.063268,0.348221,0.468896,-0.073760,0.247731,0.599852,-0.026903,0.269486,0.513366,-0.043630,0.280243,0.459357,-0.056616,0.286672,0.412838,-0.065841,0.212002,0.598217,-0.028407,0.213573,0.517354,-0.046124,0.215306,0.465126,-0.058715,0.217927,0.418837,-0.066871,0.174801,0.616440,-0.032960,0.160507,0.553343,-0.051113,0.151808,0.511002,-0.060298,0.146311,0.469226,-0.065366
1733,0,0.028658,0.029533,0.065873,0.195678,0.061193,0.197475,0.799703,0.000000,0.258490,0.791486,-0.032777,0.311566,0.752086,-0.047232,0.342055,0.699310,-0.058654,0.369270,0.656127,-0.069044,0.283243,0.623382,-0.029307,0.317604,0.555562,-0.048898,0.335360,0.510556,-0.063809,0.348176,0.469103,-0.074477,0.247687,0.598884,-0.027047,0.269167,0.512826,-0.044020,0.279636,0.459118,-0.057186,0.286105,0.412614,-0.066585,0.211739,0.597283,-0.028653,0.213355,0.516984,-0.046518,0.214924,0.465018,-0.059090,0.217798,0.418926,-0.067259,0.174576,0.615520,-0.033332,0.160668,0.552268,-0.051436,0.152079,0.510055,-0.060557,0.146655,0.468574,-0.065594
1780,0,0.049302,0.036412,0.061600,0.223856,0.064017,0.197232,0.799021,0.000000,0.257475,0.790504,-0.033457,0.309666,0.750842,-0.048524,0.340566,0.698247,-0.060389,0.368287,0.654903,-0.071185,0.283282,0.622861,-0.030234,0.317957,0.555047,-0.050067,0.335527,0.509563,-0.065055,0.347850,0.467837,-0.075812,0.247817,0.597927,-0.027663,0.269840,0.511671,-0.044768,0.280098,0.457676,-0.057897,0.285898,0.411142,-0.067151,0.211931,0.595986,-0.028988,0.213628,0.515430,-0.046864,0.214888,0.463658,-0.059321,0.217151,0.417872,-0.067349,0.174681,0.613934,-0.033437,0.160764,0.550682,-0.051451,0.152059,0.508539,-0.060389,0.146452,0.467096,-0.065253
1813,0,0.045137,0.045613,0.088759,0.246739,0.086495,0.196445,0.798445,0.000000,0.256110,0.789346,-0.033054,0.307781,0.749372,-0.048223,0.337838,0.696426,-0.060319,0.365771,0.653779,-0.071383,0.283656,0.622498,-0.030239,0.317921,0.554305,-0.050404,0.335238,0.509107,-0.065593,0.347914,0.467326,-0.076538,0.248127,0.597407,-0.028057,0.269367,0.511060,-0.045606,0.279546,0.457125,-0.058970,0.285807,0.410562,-0.068409,0.212463,0.595698,-0.029743,0.213548,0.515662,-0.048064,0.214664,0.463558,-0.060755,0.217055,0.417947,-0.068964,0.175685,0.613879,-0.034541,0.161734,0.550738,-0.052982,0.152684,0.508103,-0.062262,0.146676,0.466686,-0.067378
1846,0,0.097602,0.111783,0.102078,0.302568,0.169320,0.195530,0.797081,0.000000,0.253012,0.786423,-0.031027,0.303266,0.745079,-0.044676,0.330657,0.692441,-0.055666,0.356599,0.652406,-0.065823,0.283281,0.621148,-0.028329,0.317531,0.553786,-0.048009,0.335084,0.508817,-0.063006,0.347778,0.466948,-0.073838,0.248382,0.596833,-0.026901,0.270692,0.512006,-0.044160,0.280977,0.457874,-0.057650,0.287244,0.410783,-0.067252,0.213259,0.595750,-0.029123,0.214492,0.516805,-0.047374,0.215346,0.465237,-0.060229,0.216955,0.420488,-0.068561,0.176597,0.614226,-0.034300,0.163371,0.550741,-0.052730,0.154296,0.507697,-0.062213,0.147915,0.465920,-0.067530
1878,0,0.115557,0.122431,0.268824,0.367436,0.259687,0.194822,0.797959,0.000000,0.250107,0.785552,-0.030766,0.296870,0.746077,-0.045132,0.317061,0.692521,-0.057146,0.339857,0.651161,-0.068132,0.286948,0.621138,-0.027051,0.319440,0.552000,-0.046554,0.335252,0.506641,-0.061493,0.347114,0.463948,-0.072401,0.251213,0.596715,-0.025925,0.272724,0.514027,-0.043195,0.282023,0.459965,-0.057106,0.287364,0.412062,-0.067026,0.215428,0.595760,-0.028474,0.216102,0.518974,-0.046396,0.215628,0.468713,-0.058727,0.215700,0.425350,-0.066631,0.177750,0.614156,-0.034027,0.165118,0.551211,-0.052087,0.156547,0.507980,-0.061177,0.150565,0.466358,-0.066117
1910,0,0.167096,0.206523,0.302609,0.449980,0.390161,0.192905,0.794951,0.000000,0.243656,0.783030,-0.032914,0.287622,0.748108,-0.049223,0.304122,0.696565,-0.063180,0.315481,0.647807,-0.075832,0.288996,0.621206,-0.028130,0.319949,0.553400,-0.048947,0.335059,0.508555,-0.065315,0.346326,0.464811,-0.077176,0.253709,0.595513,-0.026766,0.273754,0.515243,-0.044637,0.282597,0.461579,-0.059463,0.288152,0.412735,-0.070375,0.217248,0.593618,-0.029415,0.216746,0.521604,-0.047049,0.214602,0.473601,-0.058593,0.213811,0.431714,-0.066343,0.178697,0.610713,-0.035583,0.166149,0.548968,-0.052782,0.158273,0.506971,-0.061045,0.153426,0.465985,-0.065750
1940,0,0.217117,0.259970,0.401304,0.586646,0.590951,0.192983,0.791878,0.000000,0.240835,0.780074,-0.030295,0.281301,0.747134,-0.044639,0.293563,0.699238,-0.057023,0.291701,0.652185,-0.068154,0.287153,0.620669,-0.025435,0.320584,0.553743,-0.044443,0.336564,0.508729,-0.059414,0.347850,0.464819,-0.069957,0.253538,0.595639,-0.024357,0.275666,0.514457,-0.040367,0.286100,0.461106,-0.054162,0.292346,0.413760,-0.064039,0.217951,0.593427,-0.026964,0.217067,0.527171,-0.043424,0.214065,0.484195,-0.054907,0.212192,0.446738,-0.061766,0.179909,0.609055,-0.032842,0.167988,0.548981,-0.048205,0.160413,0.507811,-0.055456,0.155916,0.468533,-0.059218
1971,0,0.226045,0.252016,0.667321,0.807344,0.786487,0.190899,0.791216,0.000000,0.240858,0.778021,-0.030741,0.281571,0.740855,-0.043408,0.285276,0.684396,-0.053987,0.280502,0.634204,-0.062965,0.286482,0.620392,-0.022563,0.322092,0.554711,-0.040168,0.338030,0.508449,-0.053909,0.349522,0.465115,-0.063239,0.253792,0.595568,-0.020631,0.275688,0.514072,-0.036714,0.286411,0.458564,-0.051098,0.293109,0.412815,-0.060818,0.219253,0.593376,-0.022387,0.218938,0.530327,-0.040715,0.214962,0.500817,-0.052035,0.211612,0.478344,-0.057305,0.181868,0.608378,-0.027228,0.169854,0.547625,-0.043291,0.162563,0.505418,-0.050122,0.157263,0.466134,-0.052933
2009,0,0.245284,0.240688,2.091089,0.792338,0.803719,0.190830,0.792416,0.000000,0.240099,0.778540,-0.031699,0.278219,0.739922,-0.045357,0.278823,0.680664,-0.056588,0.270841,0.630062,-0.065981,0.286310,0.625427,-0.026748,0.323166,0.556538,-0.046022,0.339277,0.508343,-0.059876,0.350570,0.463989,-0.068877,0.253350,0.599244,-0.024439,0.276515,0.518347,-0.044457,0.287068,0.460435,-0.059993,0.292797,0.413877,-0.069855,0.218674,0.595759,-0.025516,0.218809,0.527112,-0.048605,0.216768,0.522091,-0.059054,0.214980,0.526698,-0.061832,0.181854,0.609615,-0.029547,0.170020,0.546189,-0.048762,0.162371,0.504350,-0.056588,0.156986,0.467479,-0.059328
2046,0,0.148360,0.154562,2.953565,0.882837,0.877320,0.191450,0.792563,0.000000,0.239390,0.779860,-0.031644,0.275320,0.739443,-0.045505,0.275216,0.682338,-0.057386,0.264051,0.633209,-0.067131,0.286921,0.625666,-0.026247,0.324182,0.554160,-0.045660,0.341684,0.507873,-0.058512,0.352633,0.465787,-0.066122,0.253443,0.599619,-0.023956,0.276481,0.517748,-0.046670,0.286447,0.462225,-0.062666,0.291936,0.414888,-0.071441,0.217697,0.595597,-0.024965,0.218830,0.524915,-0.052921,0.214428,0.546408,-0.062200,0.211384,0.571598,-0.061307,0.181061,0.608617,-0.028615,0.169718,0.545258,-0.050203,0.161356,0.504479,-0.057735,0.156001,0.466920,-0.059094
2080,0,0.152567,0.140526,0.518855,0.920948,0.935274,0.192022,0.793404,0.000000,0.237876,0.783555,-0.032245,0.273019,0.741766,-0.046337,0.270606,0.685335,-0.058388,0.254692,0.636967,-0.068223,0.286962,0.628799,-0.027717,0.324253,0.554775,-0.047387,0.341492,0.508798,-0.059593,0.352863,0.466643,-0.066707,0.252557,0.602057,-0.025540,0.276952,0.517262,-0.049913,0.287137,0.464642,-0.066434,0.293718,0.416392,-0.075025,0.216663,0.597255,-0.026531,0.218277,0.526880,-0.057377,0.212762,0.562764,-0.066396,0.209626,0.596775,-0.064024,0.181168,0.609879,-0.030068,0.171281,0.546017,-0.052246,0.163795,0.506723,-0.059165,0.160527,0.468438,-0.059943
2111,0,0.140342,0.143463,0.319081,1.011450,1.012390,0.190129,0.792822,0.000000,0.235225,0.785038,-0.035165,0.269450,0.742342,-0.050503,0.265429,0.684166,-0.063344,0.250143,0.633473,-0.073647,0.287216,0.627783,-0.030150,0.324553,0.552780,-0.050230,0.341860,0.506877,-0.062017,0.353289,0.464847,-0.068613,0.253125,0.600729,-0.026949,0.276311,0.516494,-0.052416,0.285649,0.465371,-0.068964,0.293158,0.415281,-0.077316,0.217630,0.596082,-0.027164,0.218314,0.530094,-0.060338,0.211107,0.576730,-0.068808,0.207423,0.616688,-0.065178,0.182249,0.608731,-0.030169,0.171858,0.545438,-0.053704,0.164243,0.505508,-0.060729,0.161590,0.465168,-0.061275
2151,0,0.073234,0.097243,0.198882,1.057813,1.028813,0.191020,0.794598,0.000000,0.236233,0.785380,-0.035195,0.267401,0.739970,-0.050278,0.260283,0.680295,-0.063072,0.244311,0.629417,-0.073324,0.287604,0.626734,-0.029150,0.324552,0.553498,-0.049104,0.342171,0.506765,-0.060960,0.353730,0.464187,-0.067494,0.253629,0.600043,-0.026469,0.275892,0.516207,-0.052000,0.285246,0.464264,-0.068785,0.292409,0.414352,-0.077002,0.218029,0.596161,-0.027350,0.217769,0.533630,-0.061312,0.211829,0.582763,-0.070350,0.208206,0.623770,-0.066555,0.182902,0.608841,-0.031028,0.171815,0.544235,-0.054269,0.165010,0.504867,-0.060842,0.162758,0.464194,-0.061038
2197,0,0.135892,0.128472,0.302778,1.119499,1.091744,0.190709,0.795294,0.000000,0.235339,0.784445,-0.035871,0.264331,0.734778,-0.050604,0.254167,0.672253,-0.062980,0.237095,0.620697,-0.072566,0.285854,0.626911,-0.028013,0.323344,0.553111,-0.047343,0.341236,0.505458,-0.058344,0.353403,0.463516,-0.063883,0.251584,0.601718,-0.024909,0.275048,0.517141,-0.050486,0.284321,0.464808,-0.066712,0.291203,0.415148,-0.073706,0.216853,0.598774,-0.025597,0.216035,0.540807,-0.060937,0.208826,0.591877,-0.069895,0.204493,0.632548,-0.064748,0.183040,0.611381,-0.029015,0.171835,0.546599,-0.052411,0.164628,0.505945,-0.058383,0.162024,0.463409,-0.057558
2234,0,0.149106,0.159017,0.307243,1.180930,1.159250,0.190803,0.793672,0.000000,0.235540,0.782558,-0.034954,0.262909,0.733398,-0.048841,0.251509,0.673082,-0.060571,0.234390,0.622421,-0.069437,0.285767,0.624599,-0.024852,0.324015,0.553621,-0.042996,0.342472,0.505811,-0.053235,0.355200,0.464734,-0.057590,0.251911,0.600774,-0.021988,0.274436,0.517117,-0.045938,0.284025,0.463757,-0.060963,0.290446,0.415548,-0.066495,0.217118,0.598463,-0.023048,0.212476,0.548956,-0.057943,0.208561,0.599562,-0.066926,0.206130,0.638809,-0.061042,0.184068,0.609366,-0.026735,0.174289,0.544878,-0.048567,0.168182,0.505829,-0.052647,0.165655,0.463734,-0.050175
2272,0,0.116097,0.113778,0.362611,1.242977,1.230935,0.190368,0.793566,0.000000,0.235560,0.783757,-0.036200,0.262629,0.733037,-0.049670,0.247572,0.673051,-0.060587,0.229129,0.623074,-0.068618,0.285428,0.625113,-0.024270,0.323019,0.554545,-0.041561,0.341941,0.505468,-0.051191,0.354814,0.464138,-0.054895,0.251529,0.602649,-0.020878,0.272627,0.518394,-0.044329,0.282115,0.462784,-0.059144,0.287850,0.413710,-0.063940,0.217557,0.601350,-0.021677,0.209877,0.557585,-0.057156,0.205905,0.608765,-0.066396,0.203281,0.646583,-0.059885,0.185045,0.611045,-0.025206,0.176916,0.545632,-0.046863,0.173450,0.506473,-0.050333,0.173761,0.464056,-0.047214
2303,0,0.123644,0.124036,0.368533,1.320849,1.329969,0.190190,0.793606,0.000000,0.235309,0.783579,-0.039010,0.261558,0.731827,-0.052853,0.244488,0.671490,-0.063462,0.227118,0.619457,-0.070974,0.285465,0.626378,-0.024781,0.322950,0.556125,-0.041701,0.342360,0.506234,-0.050956,0.355007,0.465373,-0.053782,0.251739,0.604283,-0.019825,0.270729,0.518690,-0.043018,0.281007,0.461195,-0.057228,0.287361,0.411913,-0.060868,0.218096,0.603709,-0.019573,0.210651,0.566329,-0.055873,0.206749,0.619258,-0.065824,0.203901,0.655843,-0.058777,0.186032,0.612720,-0.022225,0.180568,0.546729,-0.043754,0.179709,0.507432,-0.047084,0.182422,0.464273,-0.043483
2334,0,0.141210,0.136775,0.328259,1.404276,1.425054,0.190973,0.792775,0.000000,0.237142,0.779172,-0.038636,0.262034,0.726605,-0.051861,0.242108,0.666647,-0.061771,0.225907,0.614129,-0.068557,0.287633,0.625097,-0.023232,0.324724,0.553846,-0.039368,0.343925,0.502938,-0.048160,0.355360,0.462316,-0.050280,0.252953,0.605181,-0.018248,0.270517,0.519608,-0.040756,0.280343,0.461590,-0.054676,0.286362,0.413332,-0.057722,0.218851,0.606146,-0.018084,0.211358,0.574844,-0.054445,0.208127,0.627689,-0.065203,0.205919,0.662947,-0.058223,0.187119,0.615369,-0.020706,0.184727,0.549449,-0.042067,0.184937,0.508859,-0.045461,0.188683,0.464968,-0.041759
2365,0,0.121500,0.123138,0.421730,1.457868,1.500707,0.191045,0.791886,0.000000,0.237283,0.775775,-0.040141,0.262201,0.722366,-0.053610,0.240419,0.658787,-0.062985,0.223545,0.606069,-0.069184,0.288225,0.626231,-0.025734,0.324823,0.553536,-0.042016,0.345668,0.503398,-0.051085,0.357189,0.463260,-0.053036,0.253339,0.605463,-0.019391,0.268926,0.518251,-0.041212,0.279098,0.460753,-0.054949,0.284822,0.415131,-0.057666,0.219370,0.605693,-0.017832,0.213335,0.581954,-0.053074,0.211268,0.633422,-0.064745,0.209482,0.667487,-0.058355,0.188108,0.614555,-0.018989,0.187810,0.549103,-0.038916,0.189423,0.508837,-0.041709,0.193457,0.466988,-0.037539
2395,0,0.171959,0.158935,0.269737,1.521369,1.554121,0.191975,0.791165,0.000000,0.238295,0.771155,-0.037693,0.263648,0.716400,-0.049799,0.241196,0.652045,-0.058162,0.222307,0.601535,-0.063776,0.288969,0.624317,-0.022474,0.325197,0.551303,-0.037330,0.345118,0.501375,-0.046400,0.355533,0.460279,-0.049073,0.254247,0.604092,-0.016794,0.268272,0.517455,-0.037005,0.277074,0.461155,-0.051441,0.281546,0.416233,-0.055565,0.220585,0.604963,-0.015476,0.216646,0.580126,-0.047889,0.216014,0.628345,-0.059842,0.214404,0.661077,-0.054878,0.189543,0.614616,-0.016736,0.190263,0.549770,-0.034542,0.192849,0.509924,-0.036910,0.197013,0.469791,-0.033148
2428,0,0.092057,0.095384,0.123546,1.590124,1.629398,0.192476,0.789104,0.000000,0.238690,0.769309,-0.036539,0.263399,0.712335,-0.047445,0.238714,0.648824,-0.054818,0.219151,0.599743,-0.059440,0.289656,0.623493,-0.019635,0.325504,0.550558,-0.033617,0.344616,0.500472,-0.042173,0.354540,0.459112,-0.044733,0.255188,0.603670,-0.014488,0.268327,0.517385,-0.034113,0.276235,0.461164,-0.048477,0.279731,0.415425,-0.052717,0.221628,0.604664,-0.013790,0.216887,0.579351,-0.046032,0.216673,0.627277,-0.058218,0.215236,0.659212,-0.053595,0.190524,0.614155,-0.015595,0.191477,0.550004,-0.033330,0.194309,0.510494,-0.036042,0.198762,0.470182,-0.032776
2460,0,0.084739,0.083978,0.327933,1.604273,1.655516,0.193123,0.787499,0.000000,0.238482,0.766915,-0.035068,0.262691,0.709905,-0.046034,0.237189,0.645150,-0.053915,0.215591,0.597693,-0.059246,0.289849,0.624440,-0.019133,0.325096,0.550448,-0.033126,0.343492,0.500850,-0.041960,0.353196,0.459206,-0.044968,0.255461,0.603987,-0.014469,0.268559,0.518754,-0.033945,0.275884,0.462371,-0.048889,0.279128,0.416135,-0.054106,0.222426,0.603907,-0.013917,0.218712,0.574900,-0.044320,0.217724,0.618909,-0.056276,0.215374,0.649886,-0.052430,0.191862,0.612530,-0.015820,0.192807,0.548245,-0.031717,0.195755,0.509396,-0.033602,0.199963,0.470791,-0.030251
2492,0,0.080283,0.087049,0.259800,1.573291,1.642865,0.192282,0.787473,0.000000,0.237194,0.768099,-0.035814,0.262870,0.711755,-0.047336,0.236511,0.645198,-0.055168,0.213652,0.597228,-0.060428,0.289923,0.625607,-0.021038,0.326350,0.550839,-0.034755,0.344894,0.501093,-0.043401,0.354762,0.459300,-0.046655,0.255339,0.604543,-0.015637,0.270367,0.518373,-0.034244,0.277941,0.462935,-0.049076,0.281031,0.417221,-0.054752,0.222503,0.604004,-0.014208,0.218148,0.571869,-0.043098,0.215621,0.609511,-0.055093,0.211913,0.636433,-0.052293,0.192348,0.613340,-0.015239,0.193865,0.548503,-0.030914,0.197183,0.509750,-0.033222,0.201327,0.471691,-0.030479
2525,0,0.043036,0.047125,0.102328,1.570525,1.625146,0.194429,0.788262,0.000000,0.238625,0.768201,-0.035430,0.263474,0.711440,-0.046923,0.236892,0.644470,-0.054788,0.213311,0.597001,-0.060183,0.291280,0.626033,-0.021182,0.327242,0.551728,-0.034670,0.345311,0.501884,-0.043276,0.354502,0.459556,-0.046619,0.256880,0.605091,-0.016005,0.271686,0.519510,-0.034499,0.278773,0.464220,-0.049583,0.281461,0.417853,-0.055662,0.224189,0.604625,-0.014647,0.218992,0.572419,-0.043427,0.216541,0.609825,-0.055890,0.212846,0.636386,-0.053648,0.194143,0.614098,-0.015701,0.195317,0.548591,-0.031250,0.198171,0.508927,-0.033777,0.201907,0.470182,-0.031402
2557,0,0.050843,0.040757,0.058313,1.604577,1.643183,0.195374,0.787212,0.000000,0.239549,0.766387,-0.034978,0.263143,0.709433,-0.046335,0.235862,0.643748,-0.054284,0.212007,0.597173,-0.059811,0.291706,0.624000,-0.020006,0.328069,0.550605,-0.033464,0.346323,0.501189,-0.042170,0.355704,0.459457,-0.045615,0.257422,0.603548,-0.015085,0.271749,0.518996,-0.033577,0.278663,0.464156,-0.048606,0.281418,0.418443,-0.054701,0.224804,0.603779,-0.014063,0.220329,0.571334,-0.042700,0.218330,0.608462,-0.055003,0.214954,0.635085,-0.052656,0.194629,0.613398,-0.015464,0.195471,0.547695,-0.031022,0.198180,0.507799,-0.033615,0.202093,0.468660,-0.031268
2590,0,0.028756,0.029382,0.069168,1.597007,1.646595,0.195476,0.787062,0.000000,0.239359,0.766632,-0.034934,0.263329,0.709590,-0.046377,0.236598,0.643981,-0.054359,0.211784,0.598088,-0.059957,0.291933,0.624799,-0.020540,0.329212,0.551102,-0.034026,0.347748,0.501189,-0.042632,0.357478,0.459644,-0.045961,0.257562,0.604306,-0.015623,0.272126,0.518793,-0.034215,0.279181,0.463518,-0.049290,0.281840,0.417751,-0.055342,0.224962,0.604327,-0.014516,0.220887,0.571693,-0.043124,0.219148,0.608725,-0.055531,0.216005,0.635266,-0.053261,0.195155,0.613924,-0.015784,0.195723,0.548557,-0.031340,0.198106,0.508541,-0.033969,0.201746,0.469129,-0.031643
2622,0,0.063964,0.068128,0.266870,1.602421,1.635047,0.196684,0.787247,0.000000,0.240301,0.767095,-0.034970,0.264701,0.709943,-0.046134,0.236362,0.645651,-0.053930,0.210969,0.599971,-0.059342,0.292586,0.624648,-0.020626,0.329956,0.551176,-0.033891,0.349295,0.501559,-0.042123,0.359138,0.459914,-0.044961,0.257911,0.604197,-0.015971,0.272350,0.518336,-0.034705,0.280424,0.463096,-0.049881,0.283922,0.417436,-0.055709,0.224928,0.604782,-0.015129,0.219730,0.575843,-0.044772,0.217601,0.615716,-0.057639,0.214153,0.642991,-0.055066,0.194827,0.614663,-0.016586,0.195112,0.548485,-0.032680,0.197821,0.507726,-0.035310,0.201839,0.467430,-0.032756
2653,0,0.040754,0.042745,0.056818,1.579490,1.609839,0.197309,0.786709,0.000000,0.240997,0.767114,-0.035096,0.265224,0.710306,-0.046619,0.236810,0.645908,-0.054666,0.211308,0.599998,-0.060408,0.293113,0.624500,-0.021326,0.330232,0.552021,-0.034926,0.349297,0.502419,-0.043521,0.359357,0.461117,-0.046694,0.258513,0.604059,-0.016764,0.272277,0.517892,-0.035738,0.280376,0.463040,-0.051228,0.284747,0.417787,-0.057386,0.225482,0.604829,-0.015990,0.219832,0.575419,-0.045788,0.217819,0.615022,-0.058746,0.214547,0.642128,-0.056441,0.195360,0.614496,-0.017510,0.195022,0.547871,-0.033963,0.197482,0.506591,-0.036815,0.201412,0.465683,-0.034511
2686,0,0.053926,0.070516,0.178447,1.583158,1.609053,0.198256,0.785668,0.000000,0.241864,0.766989,-0.035207,0.265579,0.710925,-0.046992,0.237182,0.647256,-0.055488,0.211456,0.601851,-0.061691,0.293272,0.623557,-0.021372,0.330041,0.552044,-0.035545,0.349329,0.502617,-0.044436,0.359783,0.461831,-0.047594,0.258801,0.603333,-0.017030,0.271612,0.517204,-0.036842,0.279882,0.462476,-0.052443,0.284118,0.417453,-0.058195,0.225880,0.604217,-0.016513,0.220276,0.577601,-0.047406,0.219260,0.620988,-0.060113,0.216585,0.650447,-0.056955,0.195850,0.613957,-0.018289,0.195006,0.547680,-0.035000,0.197154,0.506760,-0.037368,0.200706,0.465998,-0.034342
2718,0,0.042155,0.042848,0.084221,1.562292,1.596059,0.197634,0.785427,0.000000,0.240962,0.768445,-0.035469,0.265665,0.712713,-0.047442,0.236363,0.649192,-0.055996,0.209822,0.604019,-0.062160,0.292752,0.624067,-0.022115,0.329836,0.552234,-0.036590,0.349941,0.502983,-0.045462,0.360887,0.462770,-0.048525,0.258211,0.603286,-0.017763,0.271116,0.516485,-0.037767,0.279850,0.461679,-0.053232,0.284777,0.417170,-0.058835,0.225343,0.604396,-0.017249,0.220398,0.577872,-0.048338,0.219293,0.621212,-0.060965,0.216336,0.650442,-0.057640,0.195162,0.614515,-0.019051,0.194400,0.547937,-0.036235,0.196677,0.506542,-0.038813,0.200290,0.465087,-0.035862
2749,0,0.040987,0.044437,0.131086,1.564831,1.601021,0.197092,0.784534,0.000000,0.240323,0.767917,-0.036206,0.264337,0.712843,-0.048735,0.235686,0.649124,-0.057661,0.210237,0.602807,-0.064084,0.293300,0.623619,-0.022780,0.330122,0.552024,-0.037401,0.350000,0.502831,-0.046495,0.361222,0.462709,-0.049893,0.258938,0.602353,-0.018140,0.271778,0.516389,-0.038092,0.280401,0.461691,-0.053553,0.285318,0.417348,-0.059304,0.226020,0.603198,-0.017403,0.221293,0.575738,-0.048324,0.220365,0.619197,-0.060872,0.217708,0.648614,-0.057735,0.195680,0.613343,-0.019083,0.194880,0.547072,-0.036449,0.196669,0.506072,-0.039324,0.199884,0.464368,-0.036691
2781,0,0.037573,0.053410,0.143161,1.560996,1.604947,0.197322,0.783056,0.000000,0.240504,0.768148,-0.036321,0.265430,0.715379,-0.048864,0.236442,0.652824,-0.057799,0.210598,0.606863,-0.064342,0.293337,0.624120,-0.023441,0.330489,0.552395,-0.037910,0.350184,0.503223,-0.046770,0.361403,0.463107,-0.049873,0.259160,0.602196,-0.018646,0.272068,0.515998,-0.038358,0.280877,0.461333,-0.053687,0.286375,0.417195,-0.059295,0.226355,0.602277,-0.017730,0.221333,0.576753,-0.048490,0.219471,0.620700,-0.061126,0.216542,0.650410,-0.057986,0.196185,0.611761,-0.019217,0.194970,0.546151,-0.036339,0.196841,0.505558,-0.039106,0.200425,0.464979,-0.036358
2814,0,0.054350,0.072832,0.160683,1.537403,1.603861,0.196325,0.782217,0.000000,0.240092,0.769076,-0.036865,0.266176,0.717051,-0.049698,0.236648,0.654019,-0.058775,0.210481,0.607502,-0.065434,0.293621,0.624800,-0.024607,0.331036,0.552704,-0.039506,0.351389,0.503474,-0.048434,0.362848,0.462988,-0.051596,0.259064,0.602314,-0.019623,0.272232,0.516162,-0.039841,0.281100,0.461447,-0.055427,0.286647,0.416839,-0.061119,0.226055,0.602573,-0.018544,0.220215,0.577824,-0.050033,0.217849,0.621628,-0.062941,0.214491,0.650409,-0.059854,0.195915,0.612190,-0.019864,0.194350,0.546421,-0.037906,0.196066,0.505192,-0.041180,0.199486,0.463984,-0.038613
2846,0,0.040034,0.046198,0.092372,1.514270,1.581975,0.196867,0.781648,0.000000,0.240450,0.768775,-0.036354,0.266260,0.717271,-0.049465,0.237147,0.654041,-0.059001,0.210767,0.607748,-0.066227,0.293515,0.624516,-0.024882,0.330848,0.552901,-0.040228,0.351031,0.503774,-0.049503,0.362669,0.463616,-0.052929,0.259167,0.602037,-0.020300,0.272048,0.516437,-0.041122,0.280955,0.461899,-0.056989,0.286563,0.417195,-0.063061,0.226329,0.602064,-0.019518,0.221108,0.576286,-0.051141,0.219148,0.619324,-0.063992,0.215814,0.647888,-0.061087,0.196201,0.611780,-0.021082,0.194468,0.546417,-0.039259,0.195913,0.505165,-0.042574,0.199168,0.463666,-0.040153
2876,0,0.038618,0.035926,0.088697,1.505530,1.574026,0.196925,0.781826,0.000000,0.240517,0.769722,-0.037140,0.266871,0.718494,-0.050583,0.237827,0.655132,-0.060262,0.211372,0.608701,-0.067605,0.293515,0.624797,-0.025959,0.330931,0.553095,-0.041497,0.351285,0.503904,-0.050657,0.362881,0.463674,-0.053920,0.259225,0.602310,-0.021157,0.271948,0.516197,-0.042276,0.280851,0.461516,-0.058222,0.286201,0.417066,-0.064119,0.226424,0.602367,-0.020137,0.220930,0.577785,-0.052252,0.219385,0.621907,-0.065268,0.216277,0.650634,-0.062227,0.196287,0.612204,-0.021509,0.194499,0.546639,-0.039903,0.195919,0.505421,-0.043203,0.198983,0.464026,-0.040644
2922,0,0.046061,0.052774,0.053261,1.523285,1.577153,0.197385,0.782261,0.000000,0.241289,0.769313,-0.036363,0.267216,0.717108,-0.049324,0.237337,0.654249,-0.058707,0.210790,0.608447,-0.065753,0.293987,0.623837,-0.024755,0.330782,0.552438,-0.039904,0.351230,0.503744,-0.049028,0.363021,0.463723,-0.052328,0.259545,0.601767,-0.020156,0.272234,0.516150,-0.040794,0.281232,0.461963,-0.056778,0.286747,0.417438,-0.062823,0.226640,0.602100,-0.019303,0.220880,0.577167,-0.050882,0.218682,0.620526,-0.063973,0.215034,0.648911,-0.061118,0.196607,0.611999,-0.020787,0.194880,0.546287,-0.038718,0.196306,0.505067,-0.041796,0.199115,0.464031,-0.039126
2964,0,0.027874,0.027052,0.099020,1.513573,1.572631,0.197399,0.782410,0.000000,0.241025,0.769412,-0.036624,0.267097,0.717864,-0.049699,0.237660,0.654729,-0.059208,0.211488,0.608242,-0.066377,0.294073,0.624753,-0.024831,0.331395,0.552792,-0.040301,0.351651,0.503516,-0.049699,0.363673,0.463271,-0.053228,0.259680,0.602361,-0.020188,0.272565,0.516620,-0.041081,0.281314,0.461960,-0.057128,0.286842,0.417410,-0.063256,0.226826,0.602543,-0.019371,0.221623,0.576586,-0.051185,0.219941,0.619586,-0.064297,0.216833,0.648160,-0.061548,0.196713,0.612368,-0.020968,0.195051,0.547051,-0.039336,0.196120,0.505768,-0.042939,0.198675,0.464377,-0.040673
3000,0,0.028077,0.026661,0.122500,1.514294,1.569300,0.197648,0.782359,0.000000,0.241866,0.769444,-0.036325,0.268146,0.718333,-0.049412,0.237975,0.655438,-0.059004,0.211268,0.609706,-0.066329,0.294256,0.624371,-0.025115,0.331722,0.553142,-0.040749,0.352040,0.503940,-0.050118,0.363863,0.463692,-0.053576,0.259916,0.602084,-0.020635,0.272722,0.516510,-0.041753,0.281770,0.461956,-0.057926,0.287284,0.417237,-0.064024,0.227086,0.602397,-0.019891,0.221723,0.578039,-0.051903,0.219778,0.622003,-0.065028,0.216422,0.651169,-0.062128,0.197094,0.612438,-0.021471,0.195092,0.546780,-0.039708,0.196111,0.505391,-0.042943,0.198675,0.464109,-0.040340
3032,0,0.029561,0.032127,0.102431,1.503281,1.556840,0.197951,0.781990,0.000000,0.241692,0.769844,-0.036948,0.267916,0.718776,-0.050390,0.237749,0.655630,-0.060119,0.211525,0.609399,-0.067508,0.294318,0.624618,-0.026068,0.331808,0.553161,-0.041924,0.352343,0.503998,-0.051430,0.364209,0.463576,-0.055032,0.259955,0.602175,-0.021296,0.273018,0.516194,-0.042481,0.281845,0.461847,-0.058596,0.287345,0.417144,-0.064761,0.227162,0.602160,-0.020275,0.221775,0.576420,-0.052247,0.220002,0.619548,-0.065355,0.216711,0.648183,-0.062570,0.197207,0.611859,-0.021649,0.195075,0.546571,-0.040030,0.196079,0.505587,-0.043520,0.198620,0.464355,-0.041144
3063,0,0.029917,0.026447,0.058992,1.525525,1.568980,0.198196,0.781935,0.000000,0.242276,0.769695,-0.036733,0.268103,0.718140,-0.050076,0.237757,0.655703,-0.059788,0.210926,0.609876,-0.067164,0.294679,0.624124,-0.025279,0.331854,0.552630,-0.040958,0.352543,0.503675,-0.050410,0.364532,0.463595,-0.053931,0.260210,0.601825,-0.020627,0.273102,0.515920,-0.041737,0.282123,0.461376,-0.057786,0.287801,0.416532,-0.063828,0.227425,0.601979,-0.019793,0.222306,0.576637,-0.051856,0.220999,0.621022,-0.064829,0.218164,0.650588,-0.061789,0.197426,0.611970,-0.021332,0.195263,0.546448,-0.039661,0.196404,0.505464,-0.042923,0.199024,0.464019,-0.040365
3099,0,0.044030,0.048138,0.136894,1.512783,1.566606,0.198019,0.781612,0.000000,0.241410,0.770274,-0.036937,0.268003,0.719483,-0.050388,0.238184,0.656489,-0.060220,0.211628,0.610480,-0.067752,0.294465,0.624934,-0.026270,0.331810,0.552917,-0.042225,0.352531,0.503829,-0.051723,0.364974,0.463903,-0.055063,0.260265,0.602127,-0.021669,0.272767,0.515712,-0.043189,0.282021,0.461172,-0.059367,0.287880,0.416487,-0.065341,0.227498,0.602157,-0.020834,0.221650,0.578792,-0.053356,0.219620,0.623807,-0.066379,0.216204,0.653208,-0.063151,0.197360,0.611753,-0.022355,0.194965,0.546382,-0.040703,0.195936,0.505429,-0.043709,0.198393,0.464369,-0.040815
3131,0,0.021246,0.023420,0.031809,1.504632,1.558357,0.198368,0.781625,0.000000,0.242368,0.770157,-0.036582,0.268819,0.719379,-0.049962,0.238739,0.656781,-0.059858,0.211988,0.610876,-0.067493,0.294689,0.624195,-0.025537,0.331666,0.552966,-0.041549,0.352411,0.504147,-0.051185,0.364745,0.464065,-0.054743,0.260418,0.601719,-0.021238,0.272873,0.516013,-0.042883,0.281935,0.461642,-0.059339,0.287689,0.416818,-0.065529,0.227532,0.602060,-0.020700,0.221682,0.578489,-0.053483,0.219722,0.623374,-0.066789,0.216354,0.652445,-0.063824,0.197360,0.612034,-0.022498,0.194731,0.547017,-0.041289,0.195728,0.505902,-0.044699,0.198208,0.464684,-0.042142
3165,0,0.034426,0.037365,0.068871,1.530349,1.570667,0.199043,0.781495,0.000000,0.242636,0.770062,-0.036671,0.268634,0.718729,-0.049993,0.238757,0.655963,-0.059762,0.212496,0.609846,-0.067200,0.294739,0.624599,-0.025348,0.331791,0.552661,-0.041001,0.352472,0.503716,-0.050215,0.364818,0.464118,-0.053360,0.260536,0.602119,-0.020981,0.272864,0.515312,-0.042444,0.282344,0.460636,-0.058504,0.288175,0.416146,-0.064203,0.227648,0.602348,-0.020389,0.222409,0.579241,-0.053101,0.221290,0.625594,-0.066090,0.218414,0.655607,-0.062648,0.197486,0.612186,-0.022129,0.194532,0.546793,-0.040631,0.195779,0.505944,-0.043665,0.198553,0.464494,-0.040705
3196,0,0.030450,0.033204,0.118625,1.540577,1.591213,0.198864,0.781522,0.000000,0.242623,0.770797,-0.036990,0.269245,0.719546,-0.050207,0.239803,0.656566,-0.059820,0.213424,0.610367,-0.067103,0.295356,0.624843,-0.025436,0.332720,0.552976,-0.040742,0.353002,0.504087,-0.049542,0.364773,0.464391,-0.052425,0.260979,0.602219,-0.020889,0.273355,0.515937,-0.042332,0.282568,0.461353,-0.058415,0.288324,0.416848,-0.064034,0.228014,0.602488,-0.020112,0.222865,0.580896,-0.053017,0.221748,0.628555,-0.066142,0.218783,0.659330,-0.062592,0.197683,0.612281,-0.021665,0.194606,0.546603,-0.040077,0.195939,0.506065,-0.042924,0.198853,0.465130,-0.039744
3228,0,0.035545,0.042722,0.165123,1.542539,1.618318,0.198248,0.781619,0.000000,0.242336,0.770552,-0.036585,0.269401,0.720192,-0.049644,0.240320,0.657404,-0.059239,0.214254,0.611449,-0.066538,0.295342,0.625457,-0.024915,0.332640,0.553240,-0.040382,0.353626,0.504426,-0.049311,0.365750,0.464889,-0.052089,0.260869,0.603226,-0.020487,0.273015,0.516496,-0.042123,0.282847,0.461773,-0.058350,0.289396,0.417266,-0.063907,0.227835,0.603306,-0.019802,0.222874,0.583476,-0.052941,0.221554,0.631723,-0.065982,0.218748,0.662538,-0.062203,0.197569,0.612871,-0.021414,0.194655,0.547889,-0.039752,0.196173,0.507133,-0.042309,0.199281,0.466342,-0.038789
3262,0,0.054003,0.072709,0.242515,1.517159,1.576814,0.199013,0.782255,0.000000,0.242882,0.769838,-0.036682,0.269000,0.718459,-0.050096,0.239362,0.655601,-0.060004,0.213162,0.609756,-0.067649,0.295080,0.625160,-0.025902,0.332389,0.553219,-0.041896,0.353564,0.504535,-0.051395,0.366347,0.465112,-0.054698,0.260637,0.603021,-0.021374,0.273127,0.516583,-0.042823,0.282941,0.462123,-0.058928,0.289520,0.417624,-0.064791,0.227714,0.603518,-0.020595,0.222684,0.580368,-0.053102,0.221211,0.625709,-0.066053,0.218222,0.655283,-0.062750,0.197792,0.613529,-0.022154,0.194688,0.548146,-0.040522,0.195719,0.506918,-0.043528,0.198498,0.465239,-0.040597
3295,0,0.030720,0.038325,0.096724,1.524870,1.594627,0.198263,0.781569,0.000000,0.242009,0.770483,-0.037065,0.268750,0.719885,-0.050457,0.239417,0.656437,-0.060200,0.212983,0.610238,-0.067572,0.295177,0.625319,-0.025580,0.332796,0.553092,-0.041381,0.353915,0.504264,-0.050494,0.365979,0.464611,-0.053421,0.260811,0.602795,-0.020838,0.273355,0.516219,-0.042381,0.282670,0.461471,-0.058274,0.288289,0.417068,-0.063756,0.227779,0.603002,-0.019912,0.222409,0.579807,-0.052828,0.220953,0.626154,-0.065794,0.217995,0.656489,-0.062200,0.197432,0.612968,-0.021302,0.194587,0.547783,-0.039936,0.195115,0.506975,-0.042936,0.197171,0.465563,-0.039788
3327,0,0.022381,0.027145,0.064663,1.517105,1.579396,0.198390,0.782144,0.000000,0.242485,0.770850,-0.036972,0.269205,0.719825,-0.050447,0.239289,0.657211,-0.060396,0.212558,0.611262,-0.068005,0.295194,0.625035,-0.025855,0.332713,0.553003,-0.041872,0.353953,0.503983,-0.051301,0.366742,0.464419,-0.054568,0.260664,0.602734,-0.021177,0.273290,0.516386,-0.042689,0.283293,0.461603,-0.058725,0.289765,0.416903,-0.064516,0.227675,0.603075,-0.020324,0.222570,0.580068,-0.053046,0.220773,0.626070,-0.066038,0.217600,0.655875,-0.062734,0.197487,0.613144,-0.021846,0.194644,0.548305,-0.040499,0.195478,0.507135,-0.043654,0.197743,0.465658,-0.040759
3354,0,0.030210,0.027100,0.113303,1.513169,1.575876,0.198151,0.782483,0.000000,0.242165,0.771294,-0.036770,0.268914,0.720536,-0.050203,0.239839,0.657739,-0.060162,0.212976,0.611489,-0.067817,0.295360,0.625251,-0.025380,0.332660,0.553286,-0.041545,0.353739,0.504347,-0.051057,0.366177,0.464734,-0.054290,0.260793,0.602562,-0.021070,0.272976,0.515726,-0.043068,0.282897,0.460776,-0.059195,0.289069,0.416222,-0.064844,0.227719,0.603172,-0.020624,0.222409,0.580944,-0.054142,0.220931,0.627848,-0.067222,0.217772,0.658193,-0.063580,0.197311,0.613585,-0.022500,0.194754,0.548964,-0.041730,0.195127,0.507685,-0.045000,0.196979,0.465595,-0.041990
3378,0,0.024566,0.023616,0.109418,1.517414,1.584987,0.198469,0.782476,0.000000,0.242419,0.770583,-0.037285,0.269039,0.720404,-0.050804,0.239581,0.657575,-0.060809,0.213647,0.610933,-0.068434,0.295396,0.624949,-0.025756,0.332806,0.552993,-0.041878,0.354171,0.504189,-0.051362,0.366877,0.464703,-0.054524,0.260938,0.602952,-0.021162,0.273230,0.516419,-0.043143,0.283004,0.461302,-0.059396,0.289388,0.416647,-0.065086,0.227783,0.603643,-0.020511,0.222285,0.581957,-0.054412,0.221029,0.629603,-0.067876,0.218157,0.660176,-0.064380,0.197600,0.613646,-0.022185,0.194955,0.549393,-0.041692,0.195325,0.508577,-0.045226,0.196910,0.466956,-0.042362
3403,0,0.038402,0.038394,0.188420,1.509816,1.574731,0.198517,0.782648,0.000000,0.242690,0.770840,-0.037504,0.269290,0.720613,-0.051121,0.239190,0.657236,-0.061055,0.212581,0.610901,-0.068646,0.295761,0.625373,-0.026175,0.333621,0.553481,-0.042006,0.354612,0.504145,-0.051382,0.367149,0.464314,-0.054693,0.261113,0.603125,-0.021301,0.273944,0.516746,-0.042676,0.283318,0.461890,-0.058786,0.289372,0.417323,-0.064776,0.228101,0.603423,-0.020296,0.222508,0.579393,-0.053131,0.220562,0.624659,-0.066562,0.217112,0.654335,-0.063585,0.197801,0.613039,-0.021673,0.195382,0.548760,-0.040592,0.195567,0.508001,-0.044164,0.196969,0.466438,-0.041634
3437,0,0.022155,0.021495,0.065305,1.505052,1.568772,0.198872,0.783018,0.000000,0.242771,0.771065,-0.037218,0.269113,0.720277,-0.050717,0.239210,0.657080,-0.060548,0.212941,0.610515,-0.068032,0.295806,0.625427,-0.025787,0.333927,0.553818,-0.041668,0.354903,0.504691,-0.051089,0.367474,0.464884,-0.054515,0.261201,0.602960,-0.021076,0.274123,0.516531,-0.042413,0.283663,0.461714,-0.058462,0.289750,0.417156,-0.064495,0.228272,0.603629,-0.020238,0.222583,0.578790,-0.053026,0.220638,0.623237,-0.066394,0.217361,0.652004,-0.063526,0.198054,0.613983,-0.021784,0.195692,0.549646,-0.040961,0.195912,0.508499,-0.044759,0.197404,0.466760,-0.042450
3470,0,0.038076,0.041207,0.164850,1.517492,1.588816,0.198590,0.782978,0.000000,0.242133,0.771746,-0.037701,0.268900,0.720889,-0.051210,0.239055,0.657749,-0.061073,0.212607,0.611228,-0.068553,0.295995,0.626558,-0.026145,0.334169,0.554291,-0.042204,0.355653,0.504895,-0.051769,0.368461,0.464919,-0.055155,0.261574,0.603644,-0.021307,0.274059,0.516871,-0.042985,0.283698,0.461479,-0.059286,0.290082,0.416598,-0.065278,0.228497,0.603785,-0.020413,0.222846,0.581321,-0.053741,0.220693,0.628029,-0.067251,0.217436,0.658355,-0.064050,0.198142,0.613242,-0.021921,0.195611,0.549091,-0.041087,0.195763,0.508676,-0.044623,0.197294,0.467734,-0.041981
3499,0,0.050048,0.048667,0.159395,1.506863,1.578839,0.198608,0.782778,0.000000,0.242530,0.770626,-0.036922,0.268657,0.720078,-0.050272,0.239096,0.657265,-0.060178,0.213293,0.610670,-0.067625,0.295697,0.624890,-0.025024,0.334287,0.553979,-0.040814,0.355766,0.505274,-0.050198,0.368592,0.465756,-0.053661,0.261247,0.602724,-0.020463,0.274238,0.516623,-0.041819,0.283807,0.461697,-0.057943,0.289916,0.416983,-0.064050,0.228208,0.603205,-0.019848,0.222357,0.578562,-0.052842,0.220056,0.623007,-0.066396,0.216614,0.651695,-0.063604,0.197967,0.613452,-0.021580,0.195633,0.549745,-0.041074,0.195405,0.508960,-0.045208,0.196394,0.467021,-0.043085
3532,0,0.038686,0.045132,0.103903,1.511967,1.595051,0.198456,0.782469,0.000000,0.241919,0.771593,-0.037693,0.268431,0.721624,-0.051336,0.239435,0.658402,-0.061350,0.213655,0.611171,-0.068908,0.296138,0.625881,-0.025575,0.334664,0.554362,-0.041620,0.356097,0.505275,-0.051113,0.369006,0.465876,-0.054538,0.261626,0.603190,-0.020773,0.274520,0.516975,-0.042476,0.284244,0.461868,-0.058745,0.290594,0.417199,-0.064701,0.228488,0.603419,-0.020010,0.223007,0.580155,-0.053458,0.220750,0.626305,-0.066972,0.217404,0.656067,-0.063882,0.197746,0.613120,-0.021648,0.195282,0.549658,-0.041211,0.195046,0.509311,-0.045157,0.196397,0.467867,-0.042774
3567,0,0.040141,0.036535,0.151460,1.504599,1.580316,0.198796,0.783185,0.000000,0.242621,0.772460,-0.037638,0.269749,0.722240,-0.051376,0.240359,0.659110,-0.061539,0.213966,0.612422,-0.069394,0.296436,0.626134,-0.026302,0.334117,0.554324,-0.042478,0.355849,0.505807,-0.052083,0.368722,0.466285,-0.055471,0.261799,0.603422,-0.021630,0.274066,0.517022,-0.043520,0.284216,0.462119,-0.059901,0.290953,0.417632,-0.065969,0.228610,0.603922,-0.020904,0.222804,0.582116,-0.054503,0.220692,0.628817,-0.068091,0.217394,0.658838,-0.064964,0.198099,0.613764,-0.022542,0.195874,0.549573,-0.041994,0.195951,0.508795,-0.045680,0.197302,0.467432,-0.043074
3594,0,0.031151,0.026408,0.090793,1.496602,1.578114,0.198960,0.783785,0.000000,0.242562,0.772812,-0.037216,0.269416,0.723089,-0.050713,0.240204,0.660373,-0.060618,0.213850,0.613813,-0.068213,0.296508,0.626895,-0.025952,0.334627,0.554972,-0.041851,0.355971,0.505831,-0.051235,0.368551,0.466204,-0.054474,0.261779,0.604052,-0.021373,0.274730,0.517951,-0.042894,0.284751,0.462803,-0.059054,0.291319,0.418223,-0.065049,0.228530,0.604421,-0.020702,0.222794,0.581986,-0.053804,0.220474,0.627993,-0.067245,0.217158,0.657459,-0.064192,0.197976,0.614483,-0.022378,0.195769,0.550357,-0.041628,0.195949,0.509499,-0.045277,0.197561,0.467980,-0.042745
3629,0,0.034810,0.037293,0.098097,1.495550,1.590877,0.198712,0.783060,0.000000,0.242213,0.771955,-0.036837,0.269148,0.722603,-0.050134,0.240197,0.659758,-0.060004,0.214646,0.612707,-0.067491,0.296389,0.626478,-0.025104,0.334739,0.555185,-0.041009,0.356428,0.506419,-0.050432,0.369197,0.466900,-0.053784,0.261846,0.603814,-0.020691,0.274731,0.517311,-0.042089,0.284264,0.462636,-0.058179,0.290349,0.418182,-0.064176,0.228800,0.604367,-0.020188,0.222817,0.580373,-0.053114,0.220684,0.625613,-0.066485,0.217546,0.654665,-0.063468,0.198244,0.614474,-0.022013,0.195672,0.550833,-0.041307,0.195557,0.510321,-0.045069,0.196923,0.468648,-0.042648
3683,0,0.054144,0.053005,0.218507,1.506275,1.596982,0.199312,0.783239,0.000000,0.243196,0.772253,-0.037338,0.269880,0.722524,-0.050875,0.240696,0.660089,-0.060990,0.214657,0.613298,-0.068763,0.296503,0.626670,-0.025772,0.334368,0.555086,-0.041912,0.356164,0.506413,-0.051433,0.369444,0.467250,-0.054705,0.262068,0.604255,-0.021347,0.274121,0.517810,-0.043288,0.284507,0.462681,-0.059689,0.291335,0.417994,-0.065565,0.228861,0.604887,-0.020863,0.223286,0.584307,-0.054891,0.221712,0.632369,-0.068540,0.218787,0.662779,-0.065230,0.198274,0.614640,-0.022741,0.195691,0.550805,-0.042396,0.195777,0.510425,-0.046040,0.197293,0.469034,-0.043363
3710,0,0.021011,0.015493,0.077703,1.510754,1.590923,0.199244,0.782983,0.000000,0.242828,0.772099,-0.037426,0.269489,0.722085,-0.051090,0.240457,0.659623,-0.061301,0.214643,0.612627,-0.069061,0.296489,0.626154,-0.025675,0.334334,0.554852,-0.041993,0.356329,0.506045,-0.051573,0.369334,0.466696,-0.054840,0.261910,0.603598,-0.021219,0.274276,0.517390,-0.043367,0.284338,0.462181,-0.059704,0.290852,0.417443,-0.065496,0.228703,0.604118,-0.020737,0.223306,0.582663,-0.054803,0.221867,0.630511,-0.068355,0.219106,0.660949,-0.064939,0.198074,0.613879,-0.022612,0.195653,0.550150,-0.042290,0.195670,0.509835,-0.046003,0.197110,0.468152,-0.043293
3741,0,0.025227,0.027883,0.091219,1.514548,1.584847,0.199139,0.783408,0.000000,0.243019,0.772308,-0.037175,0.269729,0.721979,-0.050556,0.240592,0.659370,-0.060467,0.214214,0.612793,-0.068040,0.296634,0.626030,-0.025241,0.334078,0.554124,-0.041239,0.355944,0.505508,-0.050594,0.368896,0.466184,-0.053749,0.261829,0.603399,-0.020935,0.273736,0.516776,-0.042836,0.283826,0.461705,-0.059131,0.290472,0.417213,-0.064847,0.228473,0.604046,-0.020601,0.222696,0.583604,-0.054714,0.221039,0.631800,-0.068337,0.218042,0.662239,-0.064884,0.197865,0.614209,-0.022587,0.195224,0.550221,-0.042242,0.195414,0.509701,-0.045805,0.196922,0.468096,-0.042984
3776,0,0.036943,0.038522,0.190276,1.502733,1.575212,0.199261,0.783628,0.000000,0.243265,0.772077,-0.037272,0.269806,0.721417,-0.050677,0.240263,0.658657,-0.060507,0.214033,0.611965,-0.067917,0.296195,0.625852,-0.025245,0.334293,0.554227,-0.040996,0.355950,0.505363,-0.050267,0.368697,0.465760,-0.053544,0.261534,0.603547,-0.020666,0.274641,0.516899,-0.042187,0.284564,0.462072,-0.058348,0.290677,0.417406,-0.064231,0.228396,0.604450,-0.020051,0.222130,0.581189,-0.053507,0.219891,0.626849,-0.067210,0.216575,0.656115,-0.064193,0.198023,0.614893,-0.021783,0.195539,0.550847,-0.041443,0.195480,0.509707,-0.045427,0.196639,0.467762,-0.043081
3806,0,0.031514,0.035525,0.092361,1.511239,1.585754,0.199440,0.783179,0.000000,0.243218,0.772400,-0.037811,0.269760,0.721360,-0.051420,0.239826,0.658714,-0.061287,0.213662,0.612043,-0.068734,0.296395,0.626690,-0.026027,0.334778,0.555207,-0.042000,0.355983,0.505777,-0.051346,0.368905,0.466161,-0.054585,0.261789,0.603868,-0.021298,0.274984,0.516815,-0.042856,0.285007,0.461736,-0.058792,0.291593,0.417322,-0.064489,0.228486,0.604252,-0.020590,0.222982,0.581708,-0.053915,0.220745,0.628726,-0.067207,0.217604,0.658781,-0.063894,0.197911,0.613956,-0.022303,0.195299,0.549921,-0.041516,0.195541,0.509556,-0.045090,0.197367,0.468089,-0.042484
3838,0,0.030644,0.039949,0.162607,1.517078,1.606421,0.198935,0.782995,0.000000,0.242369,0.772932,-0.037920,0.269744,0.722686,-0.051463,0.240584,0.660031,-0.061296,0.214521,0.613247,-0.068680,0.296616,0.627133,-0.026103,0.334631,0.554726,-0.041853,0.356045,0.505659,-0.050758,0.368698,0.466253,-0.053504,0.262004,0.604379,-0.021279,0.274949,0.517102,-0.042967,0.284877,0.461890,-0.058884,0.291116,0.417619,-0.064227,0.228607,0.604897,-0.020463,0.222904,0.583838,-0.054320,0.221152,0.631738,-0.067789,0.218198,0.662172,-0.064153,0.198074,0.614634,-0.022003,0.195556,0.550462,-0.041371,0.195955,0.509953,-0.044673,0.197778,0.468424,-0.041668
3872,0,0.047746,0.054194,0.134333,1.484975,1.565387,0.199288,0.784073,0.000000,0.242997,0.773332,-0.036583,0.270256,0.723585,-0.049906,0.240976,0.661367,-0.059805,0.214149,0.615595,-0.067546,0.296620,0.627121,-0.026125,0.334650,0.555233,-0.042165,0.356108,0.506123,-0.051618,0.368892,0.466204,-0.054967,0.261900,0.603954,-0.021957,0.275018,0.517944,-0.043579,0.285359,0.462999,-0.059991,0.292304,0.418036,-0.066206,0.228722,0.604416,-0.021511,0.222986,0.582825,-0.054446,0.220251,0.628235,-0.067769,0.216557,0.657465,-0.064755,0.198113,0.614861,-0.023409,0.195716,0.550551,-0.042463,0.196244,0.509711,-0.045812,0.198208,0.468571,-0.043095
3902,0,0.054928,0.057017,0.182012,1.499272,1.583535,0.199467,0.783977,0.000000,0.242804,0.772707,-0.037640,0.269210,0.722350,-0.051129,0.239453,0.659508,-0.060916,0.213277,0.612716,-0.068246,0.296405,0.626673,-0.025676,0.334724,0.555069,-0.041379,0.356353,0.506224,-0.050534,0.368788,0.466716,-0.053659,0.261759,0.604401,-0.020820,0.275309,0.517578,-0.042049,0.285184,0.462852,-0.057901,0.291365,0.418706,-0.063595,0.228531,0.604896,-0.019945,0.222362,0.581013,-0.052990,0.219868,0.626295,-0.066423,0.216506,0.655332,-0.063334,0.197854,0.614787,-0.021453,0.195675,0.550990,-0.040672,0.195453,0.510659,-0.044431,0.196710,0.469164,-0.041975
3941,0,0.023567,0.026673,0.095122,1.502971,1.598038,0.199066,0.783509,0.000000,0.242167,0.772377,-0.037479,0.269042,0.721974,-0.050815,0.239493,0.659204,-0.060450,0.213331,0.612689,-0.067704,0.296133,0.626986,-0.025593,0.334415,0.555188,-0.041366,0.356009,0.506246,-0.050517,0.368626,0.466828,-0.053605,0.261419,0.604575,-0.020888,0.274601,0.517405,-0.042185,0.284783,0.462386,-0.058032,0.291485,0.418124,-0.063649,0.228203,0.605134,-0.020162,0.222134,0.582758,-0.053419,0.219865,0.629376,-0.066885,0.216651,0.659189,-0.063612,0.197649,0.614794,-0.021799,0.194921,0.550890,-0.041031,0.194977,0.510779,-0.044640,0.196618,0.469570,-0.041999
3978,0,0.059681,0.068501,0.152797,1.494113,1.589254,0.198355,0.784248,0.000000,0.242381,0.773514,-0.037656,0.269619,0.723099,-0.051348,0.240786,0.660171,-0.061491,0.214613,0.612863,-0.069219,0.296122,0.627321,-0.026398,0.333715,0.554878,-0.042654,0.355437,0.505841,-0.052054,0.368365,0.466501,-0.055175,0.261751,0.604837,-0.021884,0.274361,0.517893,-0.043954,0.285036,0.462535,-0.060228,0.292074,0.417950,-0.065875,0.228467,0.605235,-0.021327,0.222938,0.584775,-0.055472,0.221364,0.633230,-0.069033,0.218064,0.663849,-0.065541,0.197884,0.614943,-0.023129,0.194726,0.551118,-0.042839,0.194682,0.510775,-0.046443,0.195853,0.469631,-0.043620
4010,0,0.059417,0.088632,0.215614,1.504515,1.570729,0.199154,0.785619,0.000000,0.243601,0.771696,-0.036198,0.269415,0.719402,-0.049296,0.240899,0.656869,-0.059111,0.216018,0.610528,-0.066462,0.295918,0.626796,-0.024965,0.333402,0.554993,-0.041310,0.355126,0.505882,-0.050901,0.367847,0.466101,-0.054073,0.261269,0.604926,-0.021010,0.274297,0.517894,-0.042952,0.285080,0.462008,-0.058551,0.291893,0.417313,-0.063663,0.227840,0.605472,-0.020991,0.222510,0.583390,-0.054707,0.221713,0.631252,-0.067507,0.219253,0.662257,-0.063477,0.197306,0.615524,-0.023286,0.194895,0.551394,-0.042691,0.195633,0.510583,-0.045975,0.197539,0.468760,-0.042915
4048,0,0.073115,0.095572,0.340217,1.528330,1.594810,0.197819,0.786323,0.000000,0.244147,0.771641,-0.036286,0.271004,0.718543,-0.048779,0.247226,0.656258,-0.058065,0.222790,0.610645,-0.064815,0.296435,0.627193,-0.023942,0.332928,0.554481,-0.040500,0.353994,0.505025,-0.049935,0.366202,0.465591,-0.052471,0.261735,0.605553,-0.019933,0.275270,0.518291,-0.042402,0.286451,0.460984,-0.057580,0.293322,0.415393,-0.061608,0.227734,0.605674,-0.020101,0.222526,0.585813,-0.055193,0.221747,0.637291,-0.067798,0.219795,0.670937,-0.062466,0.196744,0.614398,-0.022562,0.194520,0.551326,-0.042290,0.195407,0.510663,-0.045050,0.197981,0.468602,-0.041134
4078,0,0.153397,0.196296,0.447027,1.534729,1.524294,0.201553,0.790320,0.000000,0.249079,0.773758,-0.036171,0.274783,0.716615,-0.047238,0.257166,0.656114,-0.055543,0.241413,0.607349,-0.061180,0.297062,0.626389,-0.021646,0.332343,0.555492,-0.037636,0.351938,0.504815,-0.045998,0.363181,0.464541,-0.047464,0.262345,0.608644,-0.017888,0.277125,0.522463,-0.041376,0.288153,0.462650,-0.056032,0.295114,0.414331,-0.059038,0.228202,0.609822,-0.018705,0.220332,0.586336,-0.056746,0.219044,0.643292,-0.069185,0.218471,0.681091,-0.062496,0.196791,0.616701,-0.021834,0.194315,0.552840,-0.043630,0.194972,0.511884,-0.047201,0.198501,0.466731,-0.043405
4108,0,0.193038,0.186416,0.506128,1.430314,1.428814,0.203101,0.791056,0.000000,0.253591,0.778388,-0.032881,0.289467,0.725493,-0.042781,0.279176,0.667354,-0.051165,0.260001,0.620469,-0.057677,0.298003,0.624932,-0.018228,0.331832,0.556550,-0.034678,0.349567,0.505816,-0.043866,0.361134,0.464573,-0.046224,0.262435,0.608428,-0.016815,0.277921,0.524423,-0.041770,0.289243,0.464755,-0.058314,0.297269,0.415809,-0.062955,0.228073,0.610236,-0.019613,0.222030,0.584921,-0.058913,0.218675,0.641736,-0.071002,0.216223,0.681003,-0.064003,0.195151,0.618196,-0.024460,0.193945,0.554724,-0.046861,0.196212,0.514464,-0.049892,0.201275,0.470294,-0.045738
4141,0,0.289409,0.285444,0.804631,1.234491,1.247425,0.205441,0.791547,0.000000,0.253446,0.784706,-0.034264,0.295792,0.738376,-0.045858,0.307765,0.687853,-0.055929,0.294640,0.643050,-0.064142,0.300020,0.628541,-0.023264,0.331652,0.558987,-0.042068,0.349274,0.509483,-0.052808,0.361550,0.467389,-0.056078,0.265429,0.609333,-0.021814,0.278078,0.522572,-0.047939,0.290111,0.463315,-0.064031,0.299509,0.415426,-0.068490,0.229941,0.609909,-0.024527,0.224070,0.585053,-0.064254,0.217834,0.643334,-0.074436,0.214049,0.683799,-0.066037,0.196411,0.618249,-0.029600,0.195469,0.555347,-0.052585,0.196281,0.516759,-0.054777,0.200297,0.475216,-0.049760
4178,0,0.103130,0.117425,0.322542,1.184408,1.226723,0.206231,0.789718,0.000000,0.254662,0.784565,-0.035584,0.301047,0.740866,-0.047159,0.320516,0.690102,-0.056926,0.309520,0.643576,-0.064941,0.300747,0.629249,-0.024996,0.331616,0.558637,-0.043692,0.347977,0.510109,-0.054056,0.359521,0.468110,-0.057075,0.266119,0.609367,-0.022219,0.279752,0.523540,-0.048128,0.291410,0.464520,-0.063525,0.300539,0.416105,-0.067663,0.230279,0.608987,-0.023729,0.221622,0.581127,-0.063227,0.213948,0.640356,-0.073106,0.210583,0.681762,-0.064643,0.196426,0.615902,-0.027736,0.196076,0.554481,-0.050999,0.196315,0.517304,-0.053832,0.200491,0.476209,-0.049321
4212,0,0.150508,0.154442,0.301040,1.154297,1.220226,0.205943,0.787950,0.000000,0.257111,0.783485,-0.034579,0.306433,0.740818,-0.045439,0.330324,0.687305,-0.054726,0.322417,0.635566,-0.062275,0.300261,0.628084,-0.022534,0.331689,0.558498,-0.041221,0.347423,0.510632,-0.051692,0.358895,0.468426,-0.054985,0.266450,0.607847,-0.019685,0.281291,0.523568,-0.045624,0.292583,0.465049,-0.061794,0.301478,0.416652,-0.066863,0.230985,0.607408,-0.020962,0.220991,0.573299,-0.059833,0.211978,0.628168,-0.069823,0.208211,0.668353,-0.062090,0.197078,0.615014,-0.024644,0.196462,0.555199,-0.048140,0.195107,0.517467,-0.051507,0.196570,0.476411,-0.047474
4243,0,0.260914,0.258567,0.556969,1.117976,1.186518,0.204193,0.787367,0.000000,0.255820,0.784913,-0.033847,0.308581,0.744704,-0.043665,0.338859,0.693554,-0.051601,0.339685,0.641930,-0.057617,0.299309,0.627868,-0.020301,0.330365,0.557795,-0.037649,0.346511,0.509974,-0.047504,0.357912,0.467658,-0.050789,0.265568,0.604690,-0.016720,0.282649,0.521591,-0.040417,0.293485,0.464643,-0.055809,0.301983,0.417915,-0.060939,0.230129,0.601605,-0.017182,0.225555,0.557771,-0.053816,0.211387,0.608531,-0.062563,0.203222,0.648231,-0.054738,0.196145,0.609798,-0.019950,0.192873,0.548921,-0.042705,0.190151,0.513318,-0.045621,0.190999,0.476774,-0.041155
4277,0,0.395203,0.398398,1.865375,0.835883,0.845943,0.206184,0.789072,0.000000,0.260093,0.783449,-0.029711,0.313233,0.744104,-0.040584,0.348137,0.693637,-0.049611,0.350745,0.643948,-0.057482,0.300500,0.628178,-0.024750,0.331786,0.557652,-0.042823,0.347247,0.510289,-0.055505,0.357479,0.468225,-0.063227,0.266225,0.604122,-0.023127,0.286802,0.522339,-0.044128,0.297328,0.464878,-0.060914,0.303583,0.418332,-0.071097,0.230686,0.601347,-0.024433,0.231086,0.538585,-0.049798,0.220334,0.546204,-0.059795,0.211944,0.558413,-0.060914,0.194260,0.613783,-0.028275,0.189154,0.552913,-0.047299,0.185836,0.513611,-0.053827,0.185609,0.478119,-0.055505
4309,0,0.372208,0.365259,2.971689,0.639279,0.590727,0.208464,0.791613,0.000000,0.265790,0.786200,-0.029602,0.317818,0.749234,-0.041462,0.352496,0.702714,-0.051010,0.367681,0.656252,-0.059430,0.300975,0.627348,-0.025486,0.333439,0.558994,-0.043003,0.349407,0.513344,-0.056460,0.360711,0.470640,-0.066008,0.266345,0.602492,-0.023983,0.287942,0.520521,-0.039846,0.299300,0.467761,-0.053340,0.305301,0.422010,-0.062888,0.230545,0.599752,-0.025862,0.226649,0.529554,-0.041800,0.225411,0.489349,-0.052175,0.225338,0.454744,-0.058716,0.194599,0.614470,-0.030899,0.184627,0.553838,-0.045447,0.178401,0.514193,-0.051912,0.175150,0.476482,-0.055408
4341,0,0.252002,0.271358,0.393592,0.525508,0.393856,0.208925,0.794827,0.000000,0.268418,0.790337,-0.029514,0.322693,0.756184,-0.042245,0.359902,0.711633,-0.052710,0.382475,0.669129,-0.062225,0.300639,0.627013,-0.026622,0.335078,0.560149,-0.044756,0.352899,0.515963,-0.058571,0.364627,0.474364,-0.068543,0.265573,0.600770,-0.025575,0.289207,0.517848,-0.041826,0.301088,0.465245,-0.054994,0.306315,0.418701,-0.064052,0.229124,0.597869,-0.027992,0.227319,0.520298,-0.045099,0.225635,0.470956,-0.057392,0.224588,0.427161,-0.065232,0.192468,0.614567,-0.033225,0.178310,0.552812,-0.050199,0.169282,0.512575,-0.058800,0.163381,0.473730,-0.063443
4372,0,0.256832,0.258793,0.428763,0.537528,0.379707,0.206034,0.795216,0.000001,0.267116,0.792734,-0.030311,0.323029,0.759675,-0.044971,0.364076,0.719959,-0.057243,0.398206,0.689052,-0.068932,0.297984,0.627371,-0.030350,0.335941,0.560860,-0.049359,0.356631,0.517632,-0.063223,0.371371,0.478198,-0.073243,0.262817,0.599573,-0.029301,0.288092,0.515078,-0.046097,0.302751,0.461597,-0.058757,0.310540,0.416326,-0.067418,0.226030,0.596422,-0.031592,0.224768,0.513870,-0.049631,0.224036,0.461303,-0.062718,0.223922,0.416288,-0.070951,0.189398,0.614225,-0.036563,0.171743,0.551141,-0.054874,0.161142,0.509648,-0.064272,0.154201,0.470458,-0.069282
4421,0,0.112957,0.121015,0.224666,0.558359,0.447394,0.203040,0.794860,0.000001,0.265279,0.792755,-0.029835,0.322288,0.760441,-0.044408,0.366574,0.724466,-0.056719,0.403683,0.698958,-0.068559,0.294542,0.627505,-0.029343,0.335892,0.562714,-0.047909,0.358590,0.520104,-0.061400,0.375127,0.481819,-0.071155,0.259726,0.599339,-0.028261,0.287665,0.514997,-0.044329,0.304075,0.461207,-0.056208,0.313783,0.415382,-0.064272,0.223138,0.595333,-0.030582,0.223335,0.511843,-0.048263,0.223970,0.458736,-0.061125,0.225497,0.412872,-0.069228,0.186643,0.612860,-0.035558,0.168502,0.550725,-0.053573,0.158119,0.509845,-0.062738,0.151749,0.470727,-0.067576
4453,0,0.081736,0.090198,0.223985,0.596056,0.460138,0.202394,0.795584,0.000001,0.264275,0.792203,-0.028599,0.321769,0.759017,-0.042503,0.367957,0.725437,-0.054607,0.406342,0.705942,-0.066427,0.294150,0.625380,-0.027243,0.336284,0.560870,-0.045337,0.359862,0.518981,-0.058897,0.376933,0.481181,-0.068734,0.258596,0.598260,-0.026797,0.287011,0.513323,-0.042139,0.304039,0.459712,-0.053999,0.314460,0.413806,-0.062298,0.221688,0.594944,-0.029773,0.222495,0.511970,-0.046430,0.223768,0.458868,-0.059302,0.226131,0.412657,-0.067641,0.184934,0.612698,-0.035460,0.166531,0.550793,-0.052421,0.156244,0.509887,-0.061245,0.150494,0.469889,-0.066143
4486,0,0.070118,0.104614,0.112772,0.646975,0.522295,0.200829,0.796636,0.000001,0.263221,0.791829,-0.028467,0.321296,0.758866,-0.042413,0.368504,0.726460,-0.054760,0.407811,0.707608,-0.066820,0.293568,0.624658,-0.024878,0.335998,0.560852,-0.042701,0.359817,0.519783,-0.056606,0.377621,0.482917,-0.066614,0.258620,0.597695,-0.024550,0.287475,0.513322,-0.039542,0.305041,0.459900,-0.051520,0.316317,0.414998,-0.059969,0.221913,0.594610,-0.027872,0.223698,0.511776,-0.044341,0.225588,0.458013,-0.057303,0.228847,0.411626,-0.065712,0.185032,0.611904,-0.033964,0.167674,0.550499,-0.050658,0.157658,0.509055,-0.059313,0.152086,0.468791,-0.064153
4519,0,0.037859,0.048588,0.039433,0.658512,0.550102,0.200384,0.795946,0.000001,0.262850,0.792036,-0.028500,0.321442,0.759336,-0.042350,0.368819,0.727301,-0.054456,0.407304,0.709026,-0.066316,0.293343,0.625272,-0.025894,0.336036,0.561946,-0.043787,0.360054,0.521055,-0.057575,0.378255,0.484528,-0.067465,0.258504,0.598012,-0.025340,0.288099,0.513641,-0.040257,0.306138,0.460550,-0.051953,0.317821,0.416013,-0.060119,0.221941,0.594137,-0.028357,0.223910,0.510991,-0.044566,0.226196,0.457674,-0.057206,0.229694,0.411685,-0.065454,0.185184,0.610877,-0.034143,0.168257,0.549011,-0.050517,0.158719,0.507434,-0.059011,0.153587,0.467431,-0.063813
4550,0,0.027566,0.026994,0.050383,0.646424,0.548990,0.200120,0.796088,0.000001,0.262358,0.791882,-0.028282,0.320692,0.759123,-0.042166,0.368368,0.726912,-0.054424,0.407583,0.708712,-0.066437,0.293547,0.625706,-0.025608,0.336148,0.562236,-0.043564,0.359968,0.521637,-0.057345,0.378043,0.485061,-0.067300,0.258526,0.598310,-0.025279,0.288299,0.513812,-0.040500,0.306305,0.460466,-0.052409,0.318027,0.415298,-0.060760,0.221859,0.594804,-0.028529,0.223130,0.511726,-0.045086,0.225076,0.458502,-0.057880,0.228511,0.412597,-0.066190,0.184992,0.611800,-0.034514,0.168729,0.549800,-0.051092,0.159537,0.508402,-0.059690,0.154794,0.468245,-0.064544
4582,0,0.033468,0.033145,0.082955,0.615555,0.532372,0.200092,0.796073,0.000001,0.262371,0.791496,-0.028522,0.320839,0.758873,-0.042588,0.368308,0.726178,-0.054956,0.407476,0.706917,-0.067118,0.292882,0.626104,-0.026249,0.335546,0.562568,-0.044554,0.359720,0.521872,-0.058518,0.377680,0.484901,-0.068592,0.258067,0.598724,-0.025799,0.287779,0.514474,-0.041360,0.306041,0.461087,-0.053522,0.317656,0.415194,-0.061999,0.221524,0.595283,-0.028870,0.222277,0.512420,-0.045660,0.223991,0.459087,-0.058477,0.227066,0.412701,-0.066749,0.184989,0.612379,-0.034665,0.168579,0.550998,-0.051434,0.159513,0.509955,-0.059951,0.154679,0.469868,-0.064702
4614,0,0.029165,0.046901,0.051825,0.611637,0.510183,0.200241,0.797011,0.000001,0.262587,0.792028,-0.028190,0.320726,0.758880,-0.042039,0.367164,0.725298,-0.054173,0.406165,0.705206,-0.066144,0.292499,0.626039,-0.025984,0.335071,0.562220,-0.044246,0.358936,0.521266,-0.058095,0.377068,0.484385,-0.068023,0.257776,0.598650,-0.025555,0.287177,0.514456,-0.041100,0.305587,0.461196,-0.053111,0.317207,0.415528,-0.061364,0.221314,0.595309,-0.028598,0.221558,0.512056,-0.045430,0.223144,0.458535,-0.058136,0.226097,0.411942,-0.066307,0.184961,0.612685,-0.034338,0.168344,0.550842,-0.051232,0.159241,0.508978,-0.059852,0.154325,0.468415,-0.064550
4646,0,0.034192,0.028708,0.072367,0.614838,0.486775,0.200976,0.796126,0.000001,0.263262,0.791704,-0.028567,0.320737,0.758265,-0.042586,0.367104,0.724558,-0.054776,0.405539,0.704379,-0.066642,0.293186,0.624947,-0.026738,0.335560,0.561350,-0.044861,0.359788,0.520248,-0.058596,0.377749,0.483297,-0.068471,0.258196,0.597718,-0.026088,0.287041,0.513741,-0.041468,0.305055,0.460596,-0.053314,0.316341,0.415508,-0.061563,0.221556,0.594418,-0.028912,0.221694,0.511513,-0.045715,0.222900,0.457982,-0.058555,0.225371,0.411738,-0.066804,0.185046,0.611883,-0.034438,0.168420,0.549407,-0.051363,0.159095,0.507566,-0.060140,0.153925,0.466799,-0.065057
4680,0,0.037499,0.046332,0.034204,0.593610,0.481084,0.200572,0.795000,0.000001,0.262050,0.790750,-0.029173,0.319617,0.757620,-0.043800,0.366367,0.724216,-0.056476,0.405589,0.704001,-0.068909,0.292606,0.624769,-0.027547,0.335417,0.561165,-0.046156,0.359488,0.520330,-0.060255,0.377709,0.483223,-0.070372,0.257798,0.597372,-0.026816,0.286836,0.513684,-0.042662,0.304846,0.460725,-0.054729,0.316308,0.415274,-0.063221,0.221159,0.594164,-0.029620,0.221252,0.511494,-0.046684,0.222648,0.458013,-0.059442,0.225377,0.411379,-0.067690,0.184483,0.611431,-0.035206,0.168242,0.549065,-0.052129,0.159269,0.507281,-0.060783,0.154440,0.466369,-0.065618
4712,0,0.019990,0.019113,0.049804,0.593726,0.468862,0.200779,0.794758,0.000001,0.262381,0.790747,-0.029176,0.319288,0.757846,-0.043795,0.365638,0.723849,-0.056528,0.404946,0.703257,-0.068896,0.292285,0.624376,-0.027453,0.334662,0.560940,-0.046228,0.359062,0.520030,-0.060420,0.377353,0.482786,-0.070599,0.257498,0.596750,-0.026723,0.286364,0.512988,-0.042740,0.304533,0.460146,-0.054743,0.316124,0.414908,-0.063056,0.220934,0.593487,-0.029561,0.221079,0.510594,-0.046917,0.222427,0.457076,-0.059569,0.225098,0.410395,-0.067639,0.184580,0.611171,-0.035157,0.168297,0.548644,-0.052391,0.159187,0.506639,-0.061110,0.154105,0.465640,-0.065935
4745,0,0.037802,0.036182,0.075893,0.591236,0.457654,0.201031,0.794848,0.000001,0.262799,0.791516,-0.029387,0.319494,0.758151,-0.044152,0.365763,0.723423,-0.056876,0.404818,0.702884,-0.069318,0.292239,0.625322,-0.028721,0.335099,0.561984,-0.047747,0.359414,0.520715,-0.061926,0.377824,0.483493,-0.072105,0.257627,0.597102,-0.027832,0.286635,0.512848,-0.044111,0.304687,0.459802,-0.055987,0.316377,0.414728,-0.064147,0.221142,0.593257,-0.030458,0.221395,0.509559,-0.048070,0.222592,0.455776,-0.060754,0.225155,0.409645,-0.068793,0.184708,0.610536,-0.035810,0.168543,0.547332,-0.053200,0.159403,0.505372,-0.061966,0.154137,0.464875,-0.066813
4778,0,0.022583,0.022365,0.062900,0.592919,0.461451,0.200772,0.794250,0.000001,0.262541,0.790498,-0.030108,0.319399,0.757533,-0.045142,0.365538,0.723244,-0.058075,0.404698,0.702353,-0.070684,0.292812,0.625034,-0.028835,0.335338,0.561838,-0.048012,0.359628,0.520617,-0.062480,0.377670,0.482714,-0.072907,0.258055,0.596756,-0.027784,0.286594,0.512580,-0.044253,0.304327,0.459615,-0.056418,0.315970,0.414170,-0.064864,0.221263,0.592965,-0.030331,0.221517,0.509612,-0.048214,0.222795,0.455947,-0.061025,0.225522,0.409423,-0.069148,0.184457,0.610084,-0.035726,0.168793,0.546951,-0.053306,0.159817,0.505070,-0.062116,0.154810,0.464330,-0.067006
4821,0,0.020183,0.027506,0.084065,0.594955,0.449233,0.201350,0.793703,0.000001,0.263183,0.789995,-0.029784,0.319438,0.757774,-0.044828,0.364983,0.723240,-0.057832,0.403894,0.701699,-0.070472,0.292488,0.624226,-0.028815,0.335192,0.561324,-0.048139,0.359383,0.520068,-0.062597,0.377778,0.482425,-0.073017,0.257754,0.596086,-0.027926,0.286550,0.512137,-0.044585,0.304349,0.459170,-0.056782,0.315760,0.413211,-0.065142,0.221194,0.592369,-0.030612,0.221292,0.509591,-0.048584,0.222505,0.455844,-0.061345,0.225107,0.409131,-0.069382,0.184815,0.610057,-0.036044,0.168520,0.547169,-0.053753,0.159400,0.505299,-0.062557,0.154231,0.464401,-0.067363
4854,0,0.029705,0.022777,0.100997,0.606386,0.456203,0.201083,0.793223,0.000001,0.262796,0.789859,-0.029507,0.319061,0.756368,-0.044230,0.364881,0.721694,-0.056959,0.403901,0.700827,-0.069326,0.292811,0.624134,-0.028721,0.335253,0.560776,-0.047735,0.359531,0.519341,-0.061954,0.377467,0.481622,-0.072226,0.258076,0.595765,-0.027875,0.286777,0.511253,-0.044270,0.304512,0.458120,-0.056234,0.315802,0.412845,-0.064452,0.221282,0.591965,-0.030534,0.221189,0.507993,-0.048379,0.222282,0.454056,-0.061108,0.224754,0.407475,-0.069165,0.184512,0.609390,-0.035932,0.168499,0.546292,-0.053535,0.159286,0.504433,-0.062357,0.154090,0.463738,-0.067191
4887,0,0.032204,0.040626,0.057070,0.599459,0.437578,0.201569,0.792665,0.000001,0.262525,0.788835,-0.030041,0.318671,0.756261,-0.045262,0.364808,0.721942,-0.058350,0.403820,0.700501,-0.071115,0.292444,0.623216,-0.029497,0.334800,0.559955,-0.048725,0.358894,0.518683,-0.063101,0.376995,0.480822,-0.073491,0.257822,0.595075,-0.028490,0.286550,0.511367,-0.045021,0.304133,0.458370,-0.057141,0.315406,0.412678,-0.065558,0.221076,0.591485,-0.031027,0.220804,0.508437,-0.048886,0.221850,0.454701,-0.061611,0.224145,0.407990,-0.069665,0.184465,0.609016,-0.036343,0.168399,0.545929,-0.053920,0.159253,0.504200,-0.062699,0.154047,0.463431,-0.067571
4920,0,0.012750,0.015616,0.076907,0.601313,0.434149,0.201902,0.792617,0.000001,0.263603,0.789534,-0.029792,0.319044,0.756680,-0.044929,0.364326,0.721701,-0.058094,0.403637,0.700584,-0.070937,0.292437,0.623516,-0.029228,0.334795,0.560123,-0.048633,0.359043,0.518591,-0.063086,0.377050,0.480463,-0.073514,0.257649,0.595382,-0.028343,0.286207,0.511030,-0.045131,0.304099,0.458102,-0.057209,0.315553,0.412575,-0.065542,0.220992,0.591708,-0.031020,0.220634,0.508424,-0.049076,0.221842,0.454418,-0.061677,0.224565,0.407552,-0.069649,0.184380,0.609246,-0.036455,0.168257,0.546181,-0.054109,0.159389,0.504004,-0.062885,0.154251,0.463021,-0.067716
4953,0,0.021489,0.023356,0.080057,0.590619,0.437683,0.201248,0.793098,0.000001,0.262941,0.790293,-0.030161,0.318437,0.757488,-0.045383,0.363793,0.722590,-0.058435,0.402967,0.700493,-0.071126,0.292156,0.624045,-0.029157,0.334543,0.559889,-0.048234,0.358428,0.518267,-0.062411,0.376238,0.480500,-0.072693,0.257574,0.595978,-0.028033,0.286189,0.511333,-0.044620,0.303927,0.458102,-0.056789,0.315282,0.412654,-0.065223,0.220927,0.592194,-0.030463,0.221030,0.508499,-0.048596,0.222054,0.454479,-0.061568,0.224328,0.407805,-0.069761,0.184404,0.609410,-0.035664,0.168300,0.546032,-0.053616,0.159041,0.503989,-0.062733,0.153731,0.463057,-0.067793
4985,0,0.014038,0.014863,0.069284,0.586363,0.434302,0.201202,0.793512,0.000001,0.262709,0.790159,-0.030091,0.318266,0.757612,-0.045327,0.363787,0.722610,-0.058375,0.403103,0.701298,-0.071142,0.291877,0.624233,-0.029328,0.334197,0.560545,-0.048579,0.358224,0.518885,-0.062992,0.376000,0.480688,-0.073390,0.257544,0.595924,-0.028244,0.286221,0.511915,-0.044965,0.303704,0.458676,-0.057170,0.314713,0.412966,-0.065561,0.220992,0.592200,-0.030733,0.221259,0.508694,-0.048779,0.222108,0.454813,-0.061627,0.224365,0.407913,-0.069656,0.184393,0.609407,-0.035972,0.168513,0.546010,-0.053718,0.159423,0.503972,-0.062630,0.154217,0.463031,-0.067528
5017,0,0.018230,0.017112,0.035558,0.581139,0.432220,0.201094,0.793772,0.000001,0.262296,0.790229,-0.029919,0.317962,0.757016,-0.045120,0.363554,0.721521,-0.058235,0.403048,0.699390,-0.070988,0.291783,0.624308,-0.029378,0.333992,0.560258,-0.048649,0.357729,0.518490,-0.062967,0.375417,0.480472,-0.073315,0.257301,0.596164,-0.028435,0.285943,0.512051,-0.045240,0.303517,0.458829,-0.057473,0.314510,0.413074,-0.065895,0.220904,0.592546,-0.031022,0.221211,0.508807,-0.049171,0.222289,0.455025,-0.062005,0.224657,0.408153,-0.070106,0.184353,0.609776,-0.036316,0.168569,0.546525,-0.054224,0.159569,0.504411,-0.063248,0.154449,0.463390,-0.068181
5050,0,0.027211,0.031776,0.098153,0.566204,0.441301,0.200507,0.792778,0.000001,0.262283,0.790343,-0.030444,0.317856,0.756886,-0.045537,0.362907,0.720913,-0.058290,0.401778,0.696746,-0.070684,0.291857,0.624135,-0.029565,0.333813,0.559663,-0.048575,0.357247,0.517811,-0.062648,0.374651,0.479701,-0.072843,0.257237,0.595976,-0.028166,0.285781,0.511573,-0.044777,0.303141,0.458528,-0.056971,0.313838,0.413287,-0.065367,0.220623,0.592584,-0.030345,0.220922,0.508571,-0.048575,0.221953,0.454578,-0.061649,0.224143,0.407681,-0.069884,0.184054,0.610257,-0.035262,0.168274,0.546834,-0.053533,0.159169,0.504797,-0.062928,0.153934,0.463846,-0.068045
5083,0,0.028906,0.022935,0.096782,0.551637,0.426602,0.200246,0.792557,0.000001,0.262125,0.789869,-0.031058,0.317728,0.756801,-0.046347,0.362640,0.719957,-0.059241,0.400861,0.693696,-0.071616,0.291748,0.623842,-0.029740,0.333102,0.559508,-0.048942,0.356239,0.517375,-0.063113,0.373105,0.478816,-0.073452,0.257158,0.595452,-0.028044,0.285452,0.511639,-0.045030,0.302705,0.458276,-0.057564,0.313525,0.412291,-0.066187,0.220445,0.591938,-0.029960,0.220463,0.508121,-0.048542,0.221346,0.454408,-0.061796,0.223837,0.407578,-0.070059,0.183824,0.609520,-0.034630,0.168026,0.546510,-0.053093,0.158986,0.504797,-0.062554,0.154031,0.464129,-0.067704
5114,0,0.031314,0.047098,0.074406,0.554364,0.408480,0.200711,0.793496,0.000001,0.263087,0.790397,-0.030675,0.318753,0.757069,-0.045594,0.362690,0.718861,-0.058160,0.400840,0.691883,-0.070127,0.291600,0.623730,-0.028980,0.333227,0.559433,-0.047828,0.356360,0.517343,-0.061829,0.373439,0.479027,-0.071961,0.256951,0.595658,-0.027384,0.285462,0.511669,-0.043959,0.302861,0.458338,-0.056245,0.313687,0.412394,-0.064662,0.220385,0.592189,-0.029379,0.220713,0.508401,-0.047629,0.221802,0.454553,-0.060792,0.224256,0.407460,-0.069010,0.183832,0.609579,-0.034086,0.168066,0.546607,-0.052376,0.159080,0.504573,-0.061790,0.154081,0.463901,-0.066935
5146,0,0.025455,0.032620,0.056985,0.546875,0.397715,0.201455,0.793326,0.000001,0.263056,0.790949,-0.031135,0.318782,0.757128,-0.046116,0.362551,0.718398,-0.058570,0.400500,0.691225,-0.070428,0.291207,0.624690,-0.029763,0.333212,0.560102,-0.048663,0.356407,0.517924,-0.062549,0.373318,0.479508,-0.072616,0.257078,0.596479,-0.027773,0.285686,0.512216,-0.044326,0.302739,0.458759,-0.056501,0.313157,0.412615,-0.064897,0.220894,0.592699,-0.029385,0.221583,0.509111,-0.047549,0.222506,0.455234,-0.060679,0.224347,0.408295,-0.068916,0.184329,0.609479,-0.033722,0.168661,0.546203,-0.051846,0.159608,0.504557,-0.061157,0.154465,0.464022,-0.066250
5187,0,0.051203,0.073096,0.071758,0.541303,0.431654,0.200777,0.792685,0.000001,0.263009,0.790932,-0.031718,0.318441,0.758132,-0.047220,0.362315,0.719213,-0.060066,0.400356,0.691076,-0.072357,0.291468,0.626082,-0.031163,0.333376,0.561500,-0.050590,0.356339,0.518729,-0.064784,0.372878,0.479366,-0.075053,0.257312,0.597480,-0.029062,0.286121,0.513299,-0.046110,0.303158,0.459508,-0.058520,0.313558,0.412687,-0.067083,0.220915,0.593106,-0.030529,0.221977,0.509901,-0.049044,0.223088,0.456177,-0.062167,0.224969,0.409195,-0.070414,0.184363,0.609500,-0.034771,0.169045,0.546523,-0.053088,0.160117,0.504956,-0.062445,0.154804,0.464521,-0.067559
5220,0,0.033333,0.041197,0.060817,0.548558,0.413020,0.201528,0.793427,0.000001,0.263710,0.791594,-0.031336,0.318902,0.758082,-0.046380,0.362863,0.719207,-0.058907,0.400642,0.691081,-0.070799,0.292219,0.625675,-0.030108,0.333805,0.561185,-0.049036,0.356953,0.518907,-0.062990,0.373612,0.480124,-0.073099,0.257703,0.597152,-0.028145,0.286146,0.513020,-0.044874,0.303248,0.459378,-0.057282,0.313815,0.413072,-0.065765,0.221107,0.593172,-0.029790,0.221967,0.509621,-0.048244,0.223191,0.455717,-0.061642,0.225582,0.408699,-0.070007,0.184584,0.610141,-0.034151,0.169132,0.546918,-0.052723,0.160269,0.504981,-0.062396,0.155309,0.464370,-0.067707
5253,0,0.017670,0.028068,0.064647,0.542676,0.430172,0.200521,0.792987,0.000001,0.263325,0.791151,-0.031593,0.318835,0.757906,-0.046685,0.362805,0.718475,-0.059140,0.400954,0.690548,-0.071079,0.291648,0.625494,-0.030086,0.333714,0.560910,-0.049025,0.356804,0.518335,-0.062948,0.373364,0.479446,-0.073062,0.257433,0.597153,-0.027924,0.286176,0.512920,-0.044662,0.303279,0.459145,-0.057077,0.313582,0.412776,-0.065605,0.221015,0.593099,-0.029391,0.221971,0.509303,-0.047915,0.222950,0.455222,-0.061282,0.224892,0.408090,-0.069651,0.184492,0.609882,-0.033596,0.169210,0.546885,-0.052159,0.160178,0.505125,-0.061797,0.155056,0.464673,-0.067073
5286,0,0.026473,0.045968,0.065607,0.547058,0.400961,0.201583,0.793071,0.000001,0.263758,0.790964,-0.031642,0.318947,0.756782,-0.046789,0.362812,0.717530,-0.059279,0.400817,0.689741,-0.071175,0.291911,0.624958,-0.030452,0.333095,0.560272,-0.049525,0.356243,0.518178,-0.063522,0.372896,0.479570,-0.073752,0.257484,0.596590,-0.028391,0.285588,0.512077,-0.045282,0.302721,0.458528,-0.057772,0.313157,0.412362,-0.066337,0.221024,0.592987,-0.029937,0.221631,0.508695,-0.048573,0.222741,0.454874,-0.061975,0.224989,0.408022,-0.070382,0.184500,0.610276,-0.034219,0.169033,0.546792,-0.052935,0.160042,0.504924,-0.062610,0.154942,0.464201,-0.067963
5317,0,0.019472,0.016525,0.070517,0.540832,0.408257,0.201233,0.792777,0.000001,0.263695,0.791043,-0.031310,0.319373,0.757537,-0.046351,0.362534,0.717554,-0.058820,0.400185,0.689031,-0.070734,0.291630,0.625063,-0.030498,0.333002,0.560422,-0.049716,0.355748,0.517754,-0.063728,0.372220,0.478905,-0.073861,0.257093,0.596683,-0.028599,0.285442,0.511896,-0.045639,0.302480,0.458032,-0.058028,0.312887,0.412013,-0.066459,0.220652,0.593042,-0.030241,0.221318,0.508604,-0.049003,0.222243,0.454552,-0.062264,0.224351,0.407636,-0.070497,0.184163,0.610572,-0.034615,0.168831,0.547021,-0.053358,0.159805,0.505212,-0.062976,0.154564,0.464638,-0.068201
5350,0,0.014907,0.011105,0.043304,0.538792,0.406825,0.201151,0.792542,0.000001,0.263469,0.790799,-0.031574,0.318994,0.756917,-0.046767,0.362346,0.717266,-0.059349,0.400040,0.688629,-0.071337,0.291352,0.624852,-0.030901,0.332618,0.560211,-0.050130,0.355375,0.517580,-0.064097,0.371881,0.478682,-0.074265,0.256960,0.596516,-0.028863,0.285291,0.511946,-0.045897,0.302161,0.458294,-0.058202,0.312337,0.412220,-0.066629,0.220537,0.592847,-0.030387,0.221242,0.508444,-0.049180,0.222168,0.454495,-0.062396,0.224179,0.407539,-0.070625,0.183983,0.610120,-0.034660,0.168536,0.546868,-0.053454,0.159638,0.504942,-0.063108,0.154478,0.464411,-0.068370
5382,0,0.019738,0.017544,0.054073,0.526685,0.400902,0.200689,0.792341,0.000001,0.263346,0.790371,-0.031797,0.318544,0.756643,-0.046934,0.362029,0.716489,-0.059400,0.400148,0.688227,-0.071272,0.290973,0.624630,-0.030709,0.332627,0.559980,-0.049942,0.355443,0.517092,-0.064069,0.372032,0.477863,-0.074359,0.256684,0.596368,-0.028473,0.285066,0.511986,-0.045509,0.301850,0.458095,-0.058015,0.312083,0.411771,-0.066602,0.220416,0.592622,-0.029838,0.220912,0.508833,-0.048596,0.221799,0.454953,-0.061893,0.223596,0.407973,-0.070203,0.183789,0.609701,-0.033954,0.168437,0.546506,-0.052672,0.159374,0.504862,-0.062289,0.154095,0.464453,-0.067552
5414,0,0.021959,0.027855,0.034863,0.533188,0.402830,0.201197,0.792491,0.000001,0.263457,0.790819,-0.031643,0.318388,0.757098,-0.046842,0.361626,0.716938,-0.059372,0.399584,0.688335,-0.071389,0.291253,0.625154,-0.031010,0.332639,0.560680,-0.050320,0.355446,0.517958,-0.064353,0.371771,0.478835,-0.074591,0.256839,0.596588,-0.028935,0.284987,0.512382,-0.046130,0.301942,0.458563,-0.058621,0.312299,0.411993,-0.067199,0.220335,0.592821,-0.030437,0.220836,0.508909,-0.049371,0.221700,0.454872,-0.062772,0.223654,0.407556,-0.071152,0.183850,0.609881,-0.034667,0.168339,0.546609,-0.053601,0.159208,0.504936,-0.063365,0.153841,0.464314,-0.068741
5447,0,0.010706,0.010526,0.049790,0.535219,0.400928,0.201219,0.792473,0.000001,0.263371,0.790256,-0.031543,0.318323,0.756864,-0.046900,0.361868,0.717037,-0.059612,0.399498,0.688244,-0.071731,0.291463,0.625032,-0.031109,0.332623,0.560310,-0.050453,0.355312,0.517658,-0.064507,0.371509,0.478698,-0.074732,0.256977,0.596380,-0.029115,0.284931,0.511830,-0.046189,0.301690,0.458348,-0.058625,0.311835,0.412242,-0.067152,0.220441,0.592501,-0.030635,0.220975,0.508599,-0.049308,0.221731,0.454708,-0.062652,0.223481,0.407653,-0.071060,0.183912,0.609579,-0.034899,0.168395,0.546650,-0.053532,0.159328,0.505116,-0.063165,0.153978,0.464780,-0.068455
5480,0,0.020992,0.015412,0.049587,0.530410,0.397671,0.200748,0.792084,0.000001,0.263076,0.789960,-0.031869,0.318272,0.755938,-0.047180,0.361870,0.716098,-0.059786,0.399779,0.687421,-0.071798,0.290891,0.624415,-0.031039,0.332227,0.559716,-0.050381,0.354974,0.516959,-0.064527,0.371221,0.477893,-0.074801,0.256572,0.595997,-0.028865,0.284932,0.511567,-0.045995,0.301533,0.457765,-0.058521,0.311607,0.411482,-0.067096,0.220285,0.592058,-0.030229,0.221036,0.508358,-0.048998,0.221787,0.454496,-0.062314,0.223485,0.407634,-0.070613,0.183718,0.609132,-0.034378,0.168101,0.546262,-0.053068,0.158875,0.504782,-0.062631,0.153532,0.464405,-0.067847
5513,0,0.020889,0.019457,0.048400,0.541243,0.396431,0.200978,0.791748,0.000001,0.263019,0.789850,-0.031948,0.317934,0.756029,-0.047409,0.361382,0.715908,-0.060061,0.399279,0.687391,-0.072161,0.291467,0.624144,-0.031494,0.332523,0.559618,-0.050888,0.355061,0.516723,-0.065044,0.371118,0.477440,-0.075364,0.256827,0.595347,-0.029339,0.284668,0.510948,-0.046460,0.301205,0.457435,-0.058875,0.311124,0.411264,-0.067376,0.220118,0.591360,-0.030723,0.220804,0.507921,-0.049425,0.221762,0.454304,-0.062552,0.223557,0.407364,-0.070777,0.183475,0.608582,-0.034894,0.167914,0.545506,-0.053498,0.158977,0.503958,-0.062987,0.153702,0.463583,-0.068167
5545,0,0.019963,0.021776,0.053696,0.534652,0.392012,0.201008,0.791185,0.000001,0.262922,0.789568,-0.032207,0.318176,0.756294,-0.047659,0.361116,0.715928,-0.060344,0.398792,0.687127,-0.072397,0.291087,0.623285,-0.031239,0.332262,0.558676,-0.050504,0.354988,0.515994,-0.064612,0.371001,0.476802,-0.074847,0.256319,0.594995,-0.028947,0.284354,0.510750,-0.045999,0.301052,0.457083,-0.058447,0.311187,0.411054,-0.066943,0.219656,0.591406,-0.030271,0.220407,0.507699,-0.049042,0.221371,0.454033,-0.062280,0.223291,0.407101,-0.070579,0.182948,0.608953,-0.034400,0.167703,0.545728,-0.053191,0.158758,0.504208,-0.062834,0.153533,0.463889,-0.068050
5591,0,0.025067,0.032620,0.050167,0.523283,0.398799,0.199972,0.791266,0.000001,0.262256,0.789296,-0.031697,0.317942,0.755790,-0.046815,0.361177,0.715715,-0.059249,0.398426,0.687005,-0.071090,0.290434,0.623659,-0.030670,0.331759,0.558784,-0.049854,0.354417,0.515912,-0.063906,0.370614,0.476672,-0.074090,0.256021,0.595176,-0.028499,0.283972,0.510988,-0.045473,0.300542,0.457323,-0.057828,0.310619,0.411153,-0.066275,0.219602,0.591468,-0.029901,0.220392,0.507601,-0.048512,0.221056,0.453715,-0.061696,0.222761,0.406769,-0.069906,0.182989,0.608594,-0.034085,0.167589,0.545654,-0.052696,0.158661,0.503900,-0.062209,0.153511,0.463362,-0.067419
5623,0,0.034588,0.056299,0.069394,0.541222,0.386323,0.201274,0.791654,0.000001,0.262861,0.790006,-0.031943,0.317896,0.755982,-0.047361,0.361098,0.715985,-0.060012,0.398548,0.687300,-0.072070,0.291268,0.623726,-0.031666,0.332078,0.558949,-0.051077,0.354401,0.516061,-0.065151,0.370687,0.477095,-0.075430,0.256409,0.595279,-0.029591,0.284028,0.510606,-0.046729,0.300525,0.456994,-0.059103,0.310410,0.410670,-0.067642,0.219736,0.591597,-0.031073,0.220132,0.507614,-0.049773,0.221004,0.453571,-0.062977,0.222883,0.406297,-0.071279,0.182989,0.609060,-0.035323,0.167178,0.545436,-0.054042,0.158169,0.503816,-0.063610,0.153031,0.463124,-0.068867
5655,0,0.022336,0.028781,0.066300,0.534519,0.407274,0.200482,0.791751,0.000001,0.262813,0.789988,-0.032163,0.317937,0.756702,-0.047869,0.360859,0.716817,-0.060805,0.398345,0.687351,-0.073148,0.291043,0.624369,-0.031748,0.331791,0.559511,-0.051469,0.354155,0.516621,-0.065790,0.370351,0.477266,-0.076155,0.256291,0.595759,-0.029611,0.284106,0.511276,-0.046998,0.300500,0.457560,-0.059579,0.310459,0.411131,-0.068163,0.219550,0.591983,-0.031095,0.219963,0.508498,-0.050045,0.220578,0.454490,-0.063297,0.222207,0.407328,-0.071605,0.182754,0.609149,-0.035367,0.167364,0.545966,-0.054159,0.158332,0.504292,-0.063693,0.153013,0.463611,-0.068915
5687,0,0.012552,0.012230,0.033435,0.534316,0.402022,0.200709,0.791639,0.000001,0.262759,0.789757,-0.032091,0.318066,0.756505,-0.047652,0.361199,0.716583,-0.060425,0.398771,0.687356,-0.072645,0.290673,0.624106,-0.031617,0.331553,0.559304,-0.051172,0.354337,0.516532,-0.065408,0.370661,0.477291,-0.075729,0.256058,0.595672,-0.029461,0.284033,0.511331,-0.046743,0.300604,0.457737,-0.059278,0.310589,0.411365,-0.067899,0.219535,0.591954,-0.030905,0.220043,0.508225,-0.049788,0.220888,0.454086,-0.063075,0.222806,0.406747,-0.071419,0.182931,0.609011,-0.035156,0.167259,0.545862,-0.053979,0.158209,0.504245,-0.063589,0.153031,0.463548,-0.068888
5718,0,0.021930,0.027147,0.054750,0.528718,0.378959,0.201257,0.791737,0.000001,0.262924,0.789763,-0.031710,0.317843,0.755718,-0.047031,0.361177,0.715719,-0.059660,0.398876,0.686761,-0.071694,0.291287,0.624039,-0.031097,0.331799,0.559055,-0.050475,0.354452,0.516391,-0.064608,0.370646,0.477286,-0.074822,0.256578,0.595699,-0.029058,0.283940,0.510923,-0.046120,0.300374,0.457368,-0.058512,0.310383,0.411011,-0.067023,0.219981,0.591732,-0.030602,0.220347,0.508287,-0.049248,0.221015,0.454322,-0.062470,0.222793,0.407083,-0.070824,0.183371,0.608940,-0.034937,0.167437,0.545717,-0.053523,0.158188,0.504215,-0.063143,0.152759,0.463590,-0.068448
5751,0,0.028519,0.024244,0.036611,0.536453,0.393966,0.200935,0.790579,0.000001,0.263083,0.788878,-0.031773,0.317894,0.754862,-0.047106,0.360858,0.714946,-0.059791,0.398481,0.686019,-0.071924,0.290709,0.623285,-0.031536,0.331338,0.558140,-0.051097,0.353793,0.515103,-0.065245,0.369969,0.475979,-0.075520,0.256052,0.595014,-0.029441,0.283576,0.510494,-0.046671,0.300128,0.456928,-0.059159,0.310200,0.410786,-0.067695,0.219473,0.591232,-0.030923,0.220022,0.507679,-0.049675,0.220812,0.453791,-0.062953,0.222550,0.406713,-0.071291,0.182933,0.608429,-0.035152,0.167316,0.545666,-0.053903,0.158234,0.504146,-0.063546,0.152770,0.463940,-0.068841