t,missing,delta_l1,delta_l1_wrist,delta_angles,delta_base_l1,delta_base_l1_wrist,x0,y0,z0,x1,y1,z1,x2,y2,z2,x3,y3,z3,x4,y4,z4,x5,y5,z5,x6,y6,z6,x7,y7,z7,x8,y8,z8,x9,y9,z9,x10,y10,z10,x11,y11,z11,x12,y12,z12,x13,y13,z13,x14,y14,z14,x15,y15,z15,x16,y16,z16,x17,y17,z17,x18,y18,z18,x19,y19,z19,x20,y20,z20
34,0,,,,0.000000,0.000000,0.191460,0.791437,0.000000,0.252737,0.772006,-0.026325,0.307022,0.719366,-0.034865,0.339496,0.660855,-0.041251,0.366905,0.614874,-0.046853,0.275573,0.606840,-0.012438,0.300076,0.534455,-0.025718,0.309095,0.487871,-0.038528,0.314343,0.445663,-0.048224,0.241578,0.589063,-0.010783,0.257506,0.504648,-0.022075,0.262477,0.451628,-0.034728,0.263407,0.407145,-0.044228,0.208080,0.588998,-0.012869,0.216806,0.509428,-0.025111,0.222367,0.460827,-0.034689,0.226386,0.418766,-0.041251,0.172527,0.602127,-0.017795,0.175462,0.537406,-0.030086,0.178244,0.496812,-0.035394,0.181624,0.459052,-0.038176
62,0,0.017294,0.011030,0.050274,0.017294,0.011030,0.191569,0.791981,0.000000,0.252522,0.772137,-0.026102,0.306999,0.719338,-0.034613,0.339824,0.661009,-0.040987,0.366892,0.614922,-0.046595,0.275512,0.607432,-0.012610,0.299933,0.534711,-0.025867,0.308963,0.488170,-0.038653,0.314089,0.446050,-0.048282,0.241558,0.589814,-0.011070,0.257724,0.505241,-0.022239,0.262749,0.452035,-0.034848,0.263685,0.407627,-0.044320,0.208179,0.589770,-0.013218,0.217026,0.510020,-0.025219,0.222570,0.461553,-0.034731,0.226306,0.419690,-0.041261,0.172692,0.602730,-0.018199,0.175732,0.538028,-0.030161,0.178491,0.497402,-0.035299,0.181775,0.459928,-0.038006
94,0,0.021687,0.025614,0.047181,0.035275,0.027465,0.191559,0.791764,0.000000,0.252345,0.772522,-0.026122,0.306569,0.719586,-0.034613,0.339377,0.661238,-0.040948,0.366548,0.615720,-0.046517,0.275763,0.607488,-0.013051,0.300438,0.535230,-0.026357,0.309376,0.488472,-0.039026,0.314489,0.446349,-0.048596,0.241922,0.589941,-0.011512,0.258023,0.505517,-0.022866,0.262853,0.452492,-0.035398,0.263538,0.407976,-0.044831,0.208583,0.589756,-0.013630,0.217404,0.510530,-0.025788,0.222717,0.461873,-0.035261,0.226421,0.419558,-0.041811,0.173138,0.603106,-0.018562,0.175959,0.538665,-0.030711,0.178666,0.498196,-0.035927,0.181860,0.460508,-0.038712
130,0,0.026844,0.021794,0.055487,0.036549,0.012876,0.191151,0.792779,0.000000,0.252458,0.773670,-0.026306,0.306564,0.720562,-0.034729,0.339528,0.662081,-0.041017,0.366560,0.616445,-0.046580,0.275421,0.608220,-0.012556,0.299893,0.535814,-0.025777,0.308989,0.489355,-0.038588,0.314120,0.447009,-0.048343,0.241577,0.590365,-0.010901,0.257783,0.506256,-0.022173,0.262632,0.453098,-0.034847,0.263464,0.408400,-0.044425,0.208159,0.590010,-0.012987,0.217006,0.510856,-0.025229,0.222325,0.462591,-0.034886,0.225750,0.420705,-0.041526,0.172611,0.603168,-0.017903,0.175754,0.538550,-0.030185,0.178536,0.498139,-0.035571,0.181641,0.460611,-0.038451
161,0,0.020746,0.023664,0.041836,0.051928,0.028181,0.191212,0.792595,0.000000,0.251905,0.773463,-0.026493,0.306286,0.720358,-0.035121,0.339181,0.662102,-0.041573,0.366379,0.616817,-0.047260,0.275411,0.608606,-0.013286,0.299800,0.535886,-0.026670,0.308946,0.489129,-0.039436,0.314143,0.446943,-0.049064,0.241480,0.590916,-0.011589,0.257588,0.506486,-0.022904,0.262677,0.453292,-0.035553,0.263538,0.408875,-0.045064,0.207984,0.590745,-0.013590,0.216845,0.511336,-0.025689,0.222329,0.462829,-0.035259,0.226037,0.420763,-0.041887,0.172601,0.603683,-0.018453,0.175560,0.539095,-0.030513,0.178446,0.498689,-0.035788,0.181895,0.461014,-0.038651
226,0,0.020251,0.023463,0.039375,0.064797,0.041440,0.190324,0.792686,0.000000,0.251592,0.773555,-0.026292,0.306127,0.720662,-0.034925,0.339015,0.662354,-0.041425,0.366295,0.616678,-0.047220,0.275245,0.608348,-0.013224,0.299404,0.536020,-0.026801,0.308403,0.489369,-0.039683,0.313736,0.447230,-0.049412,0.241255,0.590626,-0.011687,0.257149,0.506604,-0.023336,0.262217,0.453580,-0.036100,0.263161,0.409450,-0.045654,0.207815,0.590447,-0.013841,0.216555,0.511119,-0.026311,0.221819,0.462508,-0.035963,0.225429,0.420381,-0.042560,0.172250,0.603774,-0.018813,0.175332,0.539348,-0.031206,0.178122,0.498614,-0.036589,0.181432,0.461028,-0.039467
271,0,0.042872,0.060056,0.053636,0.062759,0.030377,0.190769,0.793739,0.000000,0.251605,0.774305,-0.026049,0.305760,0.720691,-0.034412,0.338387,0.662139,-0.040660,0.366040,0.616682,-0.046144,0.274926,0.608599,-0.012143,0.299254,0.535983,-0.025188,0.308224,0.489458,-0.037840,0.313375,0.447454,-0.047437,0.241087,0.590759,-0.010508,0.257056,0.506880,-0.021525,0.262110,0.453960,-0.033982,0.263133,0.409972,-0.043363,0.207673,0.590262,-0.012584,0.216827,0.511207,-0.024522,0.222242,0.463049,-0.033942,0.225922,0.421607,-0.040386,0.172216,0.603321,-0.017471,0.175354,0.538827,-0.029457,0.178115,0.498377,-0.034628,0.181366,0.461157,-0.037311
311,0,0.026708,0.038560,0.025388,0.063592,0.026755,0.189972,0.793521,0.000000,0.251236,0.774146,-0.026136,0.305668,0.720577,-0.034554,0.338553,0.662058,-0.040853,0.366032,0.616477,-0.046386,0.274441,0.609085,-0.012666,0.299153,0.536801,-0.025901,0.308389,0.489971,-0.038616,0.313559,0.447669,-0.048270,0.240787,0.591246,-0.011047,0.257041,0.507368,-0.022330,0.262110,0.453972,-0.034966,0.263009,0.409169,-0.044503,0.207429,0.591042,-0.013117,0.216678,0.511780,-0.025253,0.222067,0.463390,-0.034829,0.225846,0.421345,-0.041441,0.172119,0.604274,-0.018013,0.175360,0.539801,-0.030237,0.177983,0.498914,-0.035594,0.181092,0.461074,-0.038479
342,0,0.034470,0.034173,0.052178,0.077154,0.040028,0.189494,0.794151,0.000000,0.250547,0.774331,-0.026301,0.304761,0.720268,-0.034708,0.337707,0.661254,-0.040960,0.365567,0.615827,-0.046408,0.273782,0.609749,-0.012366,0.298013,0.536673,-0.025458,0.307042,0.489708,-0.038138,0.312434,0.447090,-0.047780,0.240222,0.591753,-0.010534,0.256036,0.507580,-0.021675,0.261140,0.454223,-0.034218,0.262430,0.409509,-0.043664,0.206869,0.591000,-0.012455,0.216069,0.511406,-0.024576,0.221678,0.462788,-0.034179,0.225578,0.420814,-0.040803,0.171647,0.603184,-0.017217,0.175077,0.538807,-0.029358,0.177875,0.498539,-0.034688,0.181189,0.461424,-0.037569
370,0,0.025311,0.046548,0.054261,0.087802,0.056766,0.187984,0.792897,0.000000,0.249090,0.774413,-0.026453,0.303770,0.720463,-0.034827,0.337444,0.661537,-0.040945,0.365246,0.616204,-0.046279,0.273209,0.609450,-0.012619,0.298033,0.536411,-0.025610,0.307192,0.489301,-0.038141,0.312454,0.447047,-0.047651,0.239656,0.591329,-0.010599,0.255576,0.506981,-0.021610,0.260742,0.453719,-0.034042,0.261918,0.409294,-0.043455,0.206323,0.590462,-0.012295,0.215626,0.511233,-0.024120,0.221042,0.462683,-0.033552,0.224754,0.420784,-0.040121,0.171209,0.602753,-0.016864,0.174552,0.538493,-0.028748,0.177322,0.498197,-0.034003,0.180512,0.460658,-0.036827
397,0,0.047852,0.049097,0.075602,0.096226,0.052226,0.188025,0.792349,0.000000,0.248919,0.772911,-0.026649,0.303521,0.719719,-0.035271,0.336366,0.661342,-0.041698,0.364272,0.615720,-0.047380,0.272886,0.609075,-0.013217,0.297205,0.536096,-0.026767,0.306263,0.489392,-0.039680,0.311749,0.446691,-0.049497,0.239094,0.591018,-0.011375,0.254965,0.507192,-0.023063,0.260148,0.453989,-0.035956,0.261609,0.409411,-0.045656,0.205785,0.590369,-0.013285,0.214940,0.511384,-0.025904,0.220474,0.462417,-0.035761,0.224645,0.420166,-0.042521,0.170705,0.603065,-0.018047,0.174069,0.538562,-0.030666,0.176995,0.497768,-0.036309,0.180540,0.460185,-0.039366
433,0,0.052534,0.043356,0.046190,0.073604,0.040277,0.188152,0.791843,0.000000,0.248889,0.771927,-0.026406,0.303047,0.718280,-0.034843,0.336216,0.659875,-0.041054,0.363894,0.614455,-0.046445,0.272238,0.608269,-0.012510,0.297115,0.535450,-0.025703,0.306287,0.488447,-0.038437,0.311644,0.445944,-0.048085,0.238718,0.590137,-0.010556,0.254721,0.506162,-0.021875,0.260094,0.452907,-0.034531,0.261615,0.408367,-0.044023,0.205599,0.589300,-0.012344,0.214763,0.509750,-0.024550,0.220217,0.460765,-0.034160,0.224168,0.418582,-0.040742,0.170782,0.601612,-0.016963,0.174318,0.537101,-0.029179,0.177267,0.496484,-0.034550,0.180683,0.458904,-0.037382
462,0,0.025542,0.023286,0.026474,0.075750,0.042613,0.187509,0.791339,0.000000,0.248021,0.772037,-0.026321,0.302410,0.717843,-0.034691,0.335453,0.659198,-0.040831,0.363036,0.613582,-0.046189,0.272200,0.607758,-0.012809,0.297100,0.534461,-0.026067,0.306071,0.487143,-0.038719,0.311195,0.444507,-0.048301,0.238669,0.589458,-0.010941,0.254689,0.505407,-0.022332,0.259819,0.451926,-0.034925,0.261106,0.407230,-0.044351,0.205507,0.588787,-0.012760,0.214611,0.509517,-0.024952,0.220108,0.460790,-0.034436,0.224042,0.418668,-0.040948,0.170524,0.601395,-0.017443,0.174036,0.537211,-0.029606,0.177010,0.496767,-0.034925,0.180519,0.459391,-0.037761
496,0,0.047796,0.036291,0.064966,0.112000,0.055672,0.187484,0.790407,0.000000,0.247949,0.770554,-0.027029,0.301368,0.717031,-0.035646,0.333788,0.657533,-0.041953,0.361180,0.611278,-0.047437,0.272230,0.605962,-0.012545,0.296358,0.533441,-0.025853,0.305124,0.486374,-0.038721,0.310247,0.443639,-0.048495,0.238611,0.587797,-0.010253,0.254109,0.504574,-0.021682,0.258823,0.451658,-0.034373,0.259887,0.407183,-0.043912,0.205434,0.587345,-0.011781,0.214431,0.508727,-0.024149,0.219424,0.460361,-0.033727,0.222993,0.418501,-0.040229,0.170441,0.600027,-0.016227,0.174278,0.536183,-0.028556,0.177177,0.496136,-0.033982,0.180528,0.458950,-0.036841
529,0,0.066320,0.069213,0.094493,0.160667,0.111159,0.187855,0.789306,0.000000,0.247808,0.768475,-0.027058,0.300566,0.715023,-0.035706,0.331706,0.656049,-0.042182,0.358202,0.608891,-0.047777,0.272585,0.604506,-0.011641,0.296385,0.531916,-0.025023,0.304782,0.485093,-0.038093,0.309424,0.442548,-0.047934,0.238981,0.586942,-0.009362,0.253551,0.504459,-0.020797,0.257201,0.451922,-0.033651,0.257540,0.407576,-0.043238,0.205759,0.586859,-0.010976,0.214386,0.509945,-0.023282,0.218885,0.462831,-0.032497,0.222090,0.421745,-0.038719,0.170534,0.600160,-0.015554,0.175129,0.537816,-0.027469,0.178277,0.498999,-0.032321,0.181724,0.462616,-0.034727
557,0,0.175366,0.178898,0.133149,0.329986,0.275747,0.188293,0.786484,0.000000,0.244600,0.764558,-0.028612,0.295627,0.712074,-0.037903,0.324922,0.650825,-0.044954,0.347593,0.599892,-0.050914,0.272720,0.601323,-0.011453,0.294775,0.528306,-0.025184,0.302056,0.481811,-0.038507,0.305973,0.439658,-0.048304,0.239262,0.584880,-0.008215,0.251361,0.504471,-0.019390,0.252957,0.453955,-0.032079,0.251697,0.410915,-0.041565,0.206107,0.585104,-0.009154,0.212354,0.512024,-0.020743,0.214064,0.467186,-0.029177,0.214806,0.427618,-0.034942,0.171032,0.598861,-0.013352,0.175442,0.539002,-0.024327,0.177505,0.501974,-0.028456,0.179076,0.467358,-0.030385
611,0,0.236538,0.247758,0.385675,0.552213,0.505241,0.187599,0.781097,0.000000,0.242142,0.757919,-0.028322,0.290260,0.704715,-0.037186,0.316297,0.643271,-0.044031,0.333158,0.591146,-0.049876,0.273178,0.597594,-0.010018,0.293728,0.526165,-0.023419,0.299316,0.479880,-0.037032,0.301018,0.438055,-0.047338,0.239641,0.581312,-0.006379,0.249122,0.506878,-0.018612,0.246319,0.461335,-0.032417,0.240283,0.423764,-0.042339,0.206871,0.581696,-0.006864,0.209915,0.514543,-0.018564,0.208676,0.475533,-0.027111,0.206487,0.441205,-0.032917,0.172249,0.595286,-0.010681,0.175197,0.540585,-0.021458,0.176378,0.508327,-0.025880,0.176877,0.478706,-0.028014
641,0,0.320039,0.342164,1.073570,0.833740,0.794461,0.187100,0.777589,0.000000,0.240248,0.750343,-0.028947,0.284424,0.699756,-0.037844,0.303398,0.636353,-0.045293,0.311955,0.579422,-0.051838,0.270419,0.596676,-0.006014,0.289290,0.525046,-0.020107,0.294260,0.478678,-0.035662,0.295772,0.438081,-0.047362,0.237224,0.581259,-0.002149,0.244782,0.509882,-0.018123,0.238511,0.471637,-0.036151,0.227858,0.449799,-0.048152,0.205150,0.582219,-0.002612,0.206251,0.517318,-0.018000,0.203128,0.487382,-0.030020,0.197846,0.474142,-0.036885,0.172049,0.595640,-0.006381,0.172421,0.541126,-0.020878,0.174645,0.515092,-0.028741,0.175493,0.501865,-0.032408
670,0,0.520918,0.577651,6.282436,1.181523,1.202084,0.187661,0.774634,0.000000,0.235395,0.751657,-0.031631,0.278118,0.699878,-0.041359,0.292832,0.637052,-0.049365,0.288855,0.582266,-0.056369,0.270155,0.598005,-0.010284,0.287732,0.527134,-0.025312,0.289389,0.476733,-0.040729,0.289381,0.437951,-0.052181,0.235434,0.583328,-0.006050,0.240361,0.506561,-0.028222,0.231247,0.487655,-0.048586,0.222829,0.497719,-0.059704,0.202089,0.586881,-0.005698,0.197952,0.519289,-0.026924,0.192207,0.509576,-0.041804,0.189246,0.529972,-0.048290,0.169347,0.603949,-0.008566,0.164463,0.549744,-0.027054,0.165803,0.536968,-0.037672,0.169724,0.548846,-0.042360
703,0,0.401562,0.370702,8.168459,1.496719,1.506879,0.186167,0.765896,0.000000,0.232206,0.745406,-0.032039,0.273937,0.689223,-0.041545,0.285265,0.622387,-0.049165,0.272366,0.570481,-0.055732,0.269085,0.593695,-0.011085,0.285367,0.521926,-0.026451,0.286460,0.472418,-0.040711,0.287163,0.433004,-0.051415,0.234959,0.579864,-0.006717,0.237919,0.501665,-0.032746,0.224888,0.506500,-0.050544,0.215672,0.533216,-0.057438,0.201387,0.581510,-0.006023,0.197188,0.513946,-0.032238,0.189271,0.533236,-0.041110,0.185587,0.572309,-0.040747,0.168434,0.594571,-0.008432,0.164665,0.539154,-0.030134,0.164232,0.554178,-0.035395,0.165534,0.589150,-0.034379
737,0,0.438909,0.452332,2.968100,1.778817,1.795198,0.184913,0.764452,-0.000000,0.231152,0.741660,-0.027497,0.272364,0.682653,-0.035801,0.275942,0.609412,-0.043084,0.258565,0.556080,-0.049469,0.270896,0.591883,-0.003460,0.286349,0.520736,-0.018797,0.284624,0.472684,-0.030151,0.283337,0.434351,-0.038277,0.236603,0.579734,-0.001528,0.238894,0.503115,-0.029972,0.220693,0.538645,-0.041756,0.213015,0.576761,-0.041039,0.203274,0.581702,-0.003262,0.199309,0.518841,-0.033236,0.188725,0.561423,-0.031981,0.186513,0.600524,-0.021721,0.170015,0.594759,-0.007547,0.167370,0.544234,-0.029524,0.164314,0.575128,-0.026277,0.165805,0.609982,-0.017363
767,0,0.406126,0.418695,0.753900,2.014729,2.047152,0.182456,0.760365,-0.000000,0.228653,0.738077,-0.028096,0.268919,0.677820,-0.037822,0.271730,0.605897,-0.046015,0.251837,0.553231,-0.053196,0.268686,0.594950,-0.009519,0.286516,0.519800,-0.027879,0.285269,0.471524,-0.039554,0.283059,0.432649,-0.047458,0.234689,0.583727,-0.007362,0.233268,0.514922,-0.041503,0.214559,0.564238,-0.051969,0.207829,0.607131,-0.048902,0.201716,0.584894,-0.008729,0.195347,0.527744,-0.044246,0.185601,0.582452,-0.039771,0.184880,0.623790,-0.025876,0.169038,0.594948,-0.012424,0.164430,0.554521,-0.039157,0.160923,0.596088,-0.034809,0.162108,0.631639,-0.023819
799,0,0.383037,0.395837,1.236050,2.295236,2.336728,0.182350,0.758785,-0.000000,0.227169,0.738209,-0.026795,0.266119,0.673440,-0.035140,0.267893,0.602746,-0.042045,0.246156,0.553165,-0.048124,0.264660,0.595382,-0.010682,0.284530,0.518202,-0.029996,0.286045,0.468880,-0.041218,0.285297,0.428682,-0.048484,0.230993,0.587703,-0.008870,0.226013,0.527442,-0.047333,0.212085,0.584982,-0.058087,0.207770,0.634122,-0.053699,0.197922,0.591596,-0.010350,0.189589,0.550216,-0.051253,0.184173,0.614484,-0.047656,0.185170,0.658373,-0.032280,0.165284,0.602673,-0.013578,0.160604,0.572192,-0.043556,0.160438,0.619923,-0.039744,0.163805,0.655158,-0.028036
835,0,0.452165,0.507154,1.245226,2.671525,2.778325,0.185513,0.758584,-0.000000,0.227793,0.735546,-0.026921,0.263314,0.668107,-0.035918,0.264864,0.595913,-0.043753,0.242142,0.546879,-0.051051,0.262019,0.596410,-0.014990,0.281545,0.518103,-0.036240,0.283602,0.467856,-0.048010,0.283491,0.427619,-0.055344,0.227328,0.594557,-0.013908,0.219611,0.542461,-0.054450,0.209331,0.598205,-0.065039,0.207577,0.646562,-0.060424,0.193838,0.603798,-0.016161,0.183449,0.574873,-0.059208,0.182766,0.639003,-0.056203,0.186773,0.682312,-0.040963,0.161424,0.619486,-0.020213,0.155545,0.603361,-0.051981,0.158623,0.652410,-0.049441,0.164739,0.686333,-0.038423
862,0,0.247248,0.242526,1.319666,2.856245,3.000517,0.187700,0.760045,-0.000000,0.228943,0.733698,-0.025792,0.262534,0.667210,-0.035457,0.262498,0.596084,-0.043942,0.238169,0.548995,-0.052393,0.262515,0.601501,-0.020492,0.281157,0.519163,-0.042252,0.285381,0.467356,-0.054013,0.286698,0.425771,-0.061160,0.227115,0.599540,-0.018873,0.218228,0.561848,-0.060386,0.209463,0.618706,-0.070245,0.208265,0.667146,-0.065315,0.194220,0.607174,-0.019982,0.182370,0.591332,-0.060703,0.184001,0.652698,-0.056865,0.188986,0.695737,-0.041830,0.163174,0.622348,-0.022975,0.155435,0.615891,-0.051724,0.159785,0.661817,-0.048696,0.167129,0.693543,-0.037710
915,0,0.102464,0.102472,0.486865,2.885466,3.038192,0.187778,0.759890,-0.000000,0.229154,0.733991,-0.025245,0.263200,0.666895,-0.035203,0.260003,0.595348,-0.044004,0.232032,0.550543,-0.053015,0.263457,0.603219,-0.021827,0.280875,0.519479,-0.042742,0.286294,0.468153,-0.054032,0.288450,0.425504,-0.061290,0.228408,0.600860,-0.020214,0.217818,0.570197,-0.061185,0.211608,0.631193,-0.070477,0.211858,0.678834,-0.065848,0.195535,0.606745,-0.021038,0.183402,0.593861,-0.061255,0.186410,0.657270,-0.056522,0.191216,0.700488,-0.041550,0.163598,0.620156,-0.023703,0.157442,0.614069,-0.052384,0.162766,0.661784,-0.048808,0.169734,0.693659,-0.037693
959,0,0.063323,0.063114,0.759331,2.881019,3.063066,0.188520,0.758462,-0.000000,0.229769,0.732083,-0.024370,0.263265,0.665977,-0.034322,0.258686,0.595578,-0.043345,0.230236,0.551426,-0.052595,0.263926,0.602773,-0.022180,0.281835,0.519103,-0.042784,0.287840,0.468132,-0.053857,0.290626,0.425360,-0.061040,0.228752,0.599199,-0.020674,0.218101,0.574593,-0.061425,0.212185,0.635188,-0.070746,0.212828,0.683003,-0.066401,0.196220,0.603668,-0.021480,0.184074,0.595629,-0.060689,0.187434,0.657540,-0.056274,0.192775,0.700577,-0.042013,0.164699,0.616053,-0.024143,0.158656,0.614185,-0.052350,0.164384,0.660729,-0.049512,0.171904,0.692745,-0.039070
993,0,0.048142,0.042682,0.200725,2.890045,3.081359,0.188829,0.757470,-0.000000,0.230293,0.731237,-0.024524,0.264025,0.665172,-0.034717,0.259497,0.595291,-0.043846,0.229882,0.553224,-0.053341,0.263428,0.601996,-0.023581,0.281459,0.518109,-0.044125,0.288100,0.467107,-0.055261,0.291720,0.424089,-0.062557,0.228557,0.598329,-0.021836,0.218623,0.575607,-0.062627,0.212741,0.636418,-0.071634,0.212941,0.684750,-0.067200,0.196018,0.602518,-0.022324,0.185269,0.595658,-0.061335,0.188494,0.657368,-0.056762,0.193154,0.700826,-0.042484,0.164644,0.614499,-0.024698,0.160138,0.612731,-0.052852,0.165650,0.659735,-0.050060,0.172280,0.692437,-0.039692
1038,0,0.046980,0.064985,0.320728,2.905719,3.117992,0.189035,0.754547,-0.000000,0.230582,0.729491,-0.023802,0.263762,0.663535,-0.033664,0.258590,0.594549,-0.042620,0.229246,0.552727,-0.052064,0.263603,0.599820,-0.023924,0.282004,0.516126,-0.044014,0.288718,0.465131,-0.054817,0.292237,0.422461,-0.061891,0.228217,0.596258,-0.022355,0.217261,0.576020,-0.062623,0.211445,0.636381,-0.071335,0.212080,0.684913,-0.066909,0.195676,0.600906,-0.022861,0.184385,0.595758,-0.060811,0.187915,0.655981,-0.056106,0.192845,0.699714,-0.042167,0.164604,0.613610,-0.025265,0.159209,0.613507,-0.052761,0.164619,0.659502,-0.050008,0.171375,0.692439,-0.039832
1072,0,0.053882,0.061997,0.220189,2.869942,3.087426,0.189417,0.754846,-0.000000,0.230929,0.727963,-0.023904,0.263732,0.662049,-0.033632,0.259035,0.593050,-0.042457,0.228741,0.553460,-0.051804,0.263218,0.600586,-0.023365,0.281412,0.516452,-0.042979,0.288444,0.464992,-0.053714,0.292440,0.421745,-0.060837,0.228149,0.596256,-0.021524,0.217070,0.575253,-0.061393,0.211125,0.634411,-0.070287,0.211451,0.683730,-0.066014,0.195748,0.600339,-0.021750,0.184455,0.594430,-0.058857,0.187936,0.653012,-0.054722,0.192576,0.697399,-0.041276,0.164925,0.612499,-0.023956,0.159305,0.611514,-0.050726,0.164542,0.655859,-0.048399,0.171062,0.689199,-0.038740
1123,0,0.032297,0.033037,0.251117,2.894126,3.113798,0.189479,0.754062,-0.000000,0.230913,0.727053,-0.023727,0.263640,0.661200,-0.033676,0.258628,0.592809,-0.042706,0.228455,0.552782,-0.052273,0.262897,0.599088,-0.023658,0.280955,0.515281,-0.043503,0.287982,0.464135,-0.054353,0.291953,0.421410,-0.061459,0.227827,0.594779,-0.022011,0.216913,0.575386,-0.061909,0.210961,0.634813,-0.070783,0.211199,0.683595,-0.066485,0.195303,0.598943,-0.022427,0.183699,0.594841,-0.059587,0.187394,0.653595,-0.055185,0.192129,0.697525,-0.041597,0.164275,0.611577,-0.024785,0.158451,0.611934,-0.051406,0.163782,0.656755,-0.048668,0.170359,0.689653,-0.038719
1168,0,0.032385,0.032758,0.282005,2.888687,3.114128,0.189675,0.754274,-0.000000,0.230978,0.726694,-0.024244,0.263552,0.661309,-0.034382,0.258520,0.592114,-0.043532,0.228742,0.551569,-0.053168,0.263445,0.600516,-0.023863,0.280868,0.516146,-0.044087,0.287880,0.464333,-0.055178,0.291995,0.420899,-0.062457,0.228258,0.595903,-0.022009,0.217523,0.574191,-0.062526,0.211139,0.633835,-0.071537,0.211016,0.683312,-0.067170,0.195822,0.599512,-0.022286,0.184343,0.593982,-0.060030,0.187569,0.653036,-0.055629,0.191926,0.697635,-0.041799,0.164873,0.611252,-0.024539,0.159189,0.610148,-0.051608,0.164354,0.655259,-0.048939,0.170691,0.688582,-0.038888
1200,0,0.039444,0.044611,0.326401,2.916762,3.142528,0.189723,0.753486,-0.000000,0.230277,0.726782,-0.024312,0.263315,0.661242,-0.034756,0.258177,0.592501,-0.044128,0.228161,0.551707,-0.053984,0.263559,0.598950,-0.024796,0.281010,0.514622,-0.045096,0.288066,0.463309,-0.056232,0.292208,0.420343,-0.063633,0.228219,0.594215,-0.023032,0.217251,0.575156,-0.063391,0.211096,0.634963,-0.072209,0.211147,0.684003,-0.067921,0.195809,0.598257,-0.023361,0.183844,0.594781,-0.060797,0.187348,0.653767,-0.056128,0.192199,0.697638,-0.042364,0.164999,0.610795,-0.025678,0.158734,0.611576,-0.052601,0.163898,0.656987,-0.049730,0.170476,0.689803,-0.039632
1246,0,0.048640,0.042747,0.088699,2.870738,3.105554,0.190094,0.753463,-0.000000,0.231030,0.726736,-0.024529,0.264274,0.661045,-0.034739,0.258680,0.591675,-0.043823,0.228709,0.551552,-0.053357,0.264119,0.598924,-0.024356,0.281817,0.514949,-0.044274,0.288839,0.463420,-0.055022,0.292908,0.420441,-0.062094,0.228964,0.593605,-0.022310,0.217628,0.574384,-0.062441,0.211151,0.634029,-0.071074,0.211127,0.683287,-0.066636,0.196372,0.597221,-0.022380,0.184689,0.593904,-0.059771,0.187614,0.652891,-0.055334,0.192256,0.697048,-0.041604,0.165361,0.609022,-0.024460,0.159607,0.609118,-0.051138,0.164740,0.653649,-0.048504,0.171168,0.686438,-0.038553
1284,0,0.022879,0.021905,0.150558,2.867298,3.103253,0.190037,0.753251,-0.000000,0.231436,0.726174,-0.024641,0.263950,0.660838,-0.034899,0.259012,0.591908,-0.044083,0.228700,0.552364,-0.053753,0.263847,0.598741,-0.024086,0.282029,0.515013,-0.044153,0.289127,0.463373,-0.055208,0.293650,0.420604,-0.062521,0.228815,0.593887,-0.021955,0.217184,0.573580,-0.062486,0.210871,0.632819,-0.071601,0.211122,0.682198,-0.067269,0.196303,0.597640,-0.021990,0.184276,0.593372,-0.059367,0.187398,0.651358,-0.055312,0.192035,0.695831,-0.041761,0.165609,0.609531,-0.024052,0.159122,0.609290,-0.050703,0.163970,0.653390,-0.048346,0.170473,0.686222,-0.038608
1338,0,0.024297,0.016079,0.137485,2.854145,3.104574,0.190758,0.753385,-0.000000,0.232134,0.726324,-0.024870,0.264630,0.661024,-0.035261,0.259309,0.591805,-0.044544,0.229190,0.551582,-0.054311,0.264527,0.598961,-0.023727,0.282068,0.514999,-0.043886,0.289355,0.463552,-0.055039,0.293806,0.420620,-0.062382,0.229375,0.594204,-0.021596,0.218206,0.573021,-0.062209,0.211756,0.632320,-0.071422,0.211691,0.681998,-0.067162,0.196775,0.597907,-0.021683,0.185247,0.593081,-0.059472,0.188261,0.651923,-0.055385,0.192615,0.696559,-0.041703,0.165854,0.609838,-0.023796,0.160071,0.609131,-0.050709,0.165021,0.653721,-0.048284,0.171450,0.686815,-0.038378
1383,0,0.041916,0.041204,0.152575,2.823497,3.078225,0.190802,0.753529,-0.000000,0.232026,0.726391,-0.024437,0.264526,0.660818,-0.034544,0.259513,0.592120,-0.043647,0.229458,0.552614,-0.053201,0.264522,0.600105,-0.023676,0.282380,0.515573,-0.043474,0.289907,0.463967,-0.054239,0.294466,0.420966,-0.061266,0.229776,0.594786,-0.021478,0.218846,0.574051,-0.061612,0.211775,0.632710,-0.070611,0.211183,0.682260,-0.066215,0.197482,0.597872,-0.021426,0.185958,0.592596,-0.058531,0.188379,0.650646,-0.054378,0.192375,0.695386,-0.040809,0.166800,0.608991,-0.023399,0.160950,0.607170,-0.049601,0.165647,0.650508,-0.047040,0.171603,0.683666,-0.037175
1410,0,0.019754,0.019210,0.061438,2.823508,3.075707,0.190583,0.753555,-0.000000,0.232130,0.726432,-0.024491,0.264494,0.661229,-0.034592,0.259166,0.592643,-0.043725,0.229335,0.552607,-0.053307,0.264223,0.600366,-0.023160,0.282527,0.515920,-0.042860,0.290214,0.464239,-0.053756,0.294765,0.421272,-0.060917,0.229405,0.595314,-0.020980,0.218394,0.574636,-0.061055,0.211846,0.632903,-0.070292,0.211410,0.682235,-0.066106,0.197193,0.598441,-0.020963,0.185760,0.592837,-0.057977,0.188594,0.650491,-0.054068,0.192580,0.695269,-0.040681,0.166605,0.609930,-0.022969,0.160624,0.608177,-0.049259,0.165418,0.651604,-0.046873,0.171498,0.684862,-0.037152
1454,0,0.049998,0.037080,0.226924,2.838239,3.076160,0.189714,0.752356,-0.000000,0.231306,0.725901,-0.023475,0.264004,0.660270,-0.033069,0.258714,0.591582,-0.041799,0.227915,0.553150,-0.051134,0.263209,0.598738,-0.023181,0.281923,0.514527,-0.042283,0.289517,0.463225,-0.052758,0.294196,0.420691,-0.059742,0.228411,0.593689,-0.021314,0.217610,0.575449,-0.060434,0.210854,0.634056,-0.069181,0.210211,0.682800,-0.064997,0.196146,0.597094,-0.021418,0.185136,0.592615,-0.057633,0.187829,0.650329,-0.053312,0.191674,0.694708,-0.040036,0.165329,0.609088,-0.023475,0.160014,0.607946,-0.049336,0.165051,0.651303,-0.046743,0.171269,0.683983,-0.036993
1488,0,0.118334,0.098237,0.840651,2.928470,3.136828,0.188937,0.751510,-0.000000,0.230039,0.724092,-0.022785,0.260576,0.657391,-0.032284,0.254032,0.590476,-0.041038,0.224313,0.550734,-0.050346,0.261941,0.594320,-0.023720,0.279855,0.511860,-0.043045,0.287719,0.461034,-0.053633,0.291933,0.418698,-0.060761,0.226582,0.589115,-0.022232,0.213607,0.575224,-0.061142,0.208044,0.634551,-0.069654,0.208516,0.682406,-0.065571,0.193803,0.593626,-0.022630,0.180427,0.593880,-0.058581,0.184775,0.651873,-0.054291,0.190154,0.695069,-0.041384,0.163010,0.607431,-0.024965,0.156003,0.610686,-0.051003,0.161872,0.654723,-0.048754,0.169330,0.686391,-0.039343
1534,0,0.153468,0.094338,0.540277,2.973273,3.088611,0.185307,0.751954,-0.000000,0.227243,0.722270,-0.021866,0.256927,0.655687,-0.031212,0.248910,0.588438,-0.040195,0.219081,0.548562,-0.049766,0.258126,0.594223,-0.022126,0.275895,0.511231,-0.041270,0.283729,0.459037,-0.052159,0.287627,0.415497,-0.059442,0.222558,0.589028,-0.021172,0.209887,0.574317,-0.059512,0.204403,0.631783,-0.068320,0.204612,0.679090,-0.064644,0.189613,0.593803,-0.022039,0.177236,0.591488,-0.057049,0.181425,0.647478,-0.052472,0.186328,0.690259,-0.039501,0.158584,0.608091,-0.024814,0.153071,0.607764,-0.049454,0.159542,0.649349,-0.046298,0.167107,0.680526,-0.036414
1587,0,0.217809,0.135142,0.700028,3.086950,3.062925,0.180225,0.753366,-0.000000,0.222441,0.717895,-0.020900,0.251115,0.651846,-0.030064,0.242301,0.585450,-0.039192,0.212517,0.545093,-0.048895,0.251464,0.592099,-0.020031,0.269272,0.509818,-0.039331,0.276115,0.457156,-0.050564,0.279561,0.412944,-0.057971,0.214992,0.588446,-0.019648,0.204197,0.569445,-0.057624,0.199579,0.625531,-0.066874,0.200000,0.673622,-0.063501,0.181596,0.594486,-0.021144,0.171355,0.588940,-0.055433,0.176153,0.643693,-0.050738,0.181123,0.686850,-0.037767,0.149869,0.610250,-0.024552,0.146885,0.608064,-0.048095,0.153574,0.647898,-0.044374,0.160477,0.679422,-0.034289
1615,0,0.286905,0.098958,0.674689,3.316826,3.062668,0.171271,0.752493,-0.000000,0.214509,0.713421,-0.019978,0.240878,0.647145,-0.029408,0.230408,0.582691,-0.039118,0.201222,0.541541,-0.049387,0.242689,0.586690,-0.019105,0.259020,0.504560,-0.038804,0.264700,0.451972,-0.050923,0.267029,0.407784,-0.059061,0.205994,0.583600,-0.019437,0.193779,0.567054,-0.057036,0.190117,0.622133,-0.066641,0.191706,0.669164,-0.064021,0.172111,0.591072,-0.021725,0.161283,0.588415,-0.055219,0.167751,0.640292,-0.050539,0.174057,0.682792,-0.038280,0.140335,0.609143,-0.026021,0.136812,0.610878,-0.049457,0.144853,0.649706,-0.046173,0.153233,0.680594,-0.036638
1664,0,0.300993,0.180863,0.514535,3.544999,3.084396,0.163354,0.755268,-0.000000,0.206623,0.710152,-0.017829,0.229063,0.642397,-0.027132,0.217099,0.579810,-0.037285,0.187854,0.540331,-0.048039,0.232108,0.583926,-0.017015,0.246198,0.502339,-0.036719,0.250447,0.449266,-0.049277,0.251571,0.404229,-0.057908,0.195970,0.582318,-0.018784,0.183482,0.565819,-0.055574,0.180154,0.621201,-0.064948,0.181837,0.666871,-0.062684,0.161959,0.591715,-0.022445,0.151365,0.586760,-0.054901,0.157827,0.637064,-0.049631,0.164060,0.677396,-0.037497,0.129920,0.611743,-0.028070,0.127027,0.610961,-0.050444,0.135853,0.648510,-0.046447,0.144438,0.677808,-0.036860
1697,0,0.310001,0.124525,0.160339,3.826080,3.130633,0.153205,0.757851,-0.000000,0.194469,0.711793,-0.018101,0.214416,0.643267,-0.027771,0.202619,0.579780,-0.038252,0.172644,0.540642,-0.049197,0.218724,0.583627,-0.016916,0.231326,0.500772,-0.036612,0.233902,0.447604,-0.049090,0.233879,0.402337,-0.057681,0.183040,0.582272,-0.018520,0.170861,0.566740,-0.055043,0.167879,0.622596,-0.064169,0.169927,0.667150,-0.061745,0.149160,0.592228,-0.022032,0.139231,0.587533,-0.054473,0.145003,0.637777,-0.048876,0.150934,0.676918,-0.036452,0.117506,0.612541,-0.027522,0.115020,0.611994,-0.049874,0.123728,0.649583,-0.045596,0.131944,0.678200,-0.035703
1743,0,0.349012,0.201857,0.328061,4.115767,3.239507,0.145728,0.758787,-0.000000,0.184292,0.710815,-0.017742,0.200739,0.641187,-0.028064,0.185303,0.578740,-0.039247,0.153675,0.542812,-0.050823,0.205516,0.577658,-0.017267,0.215772,0.496992,-0.036809,0.216910,0.444815,-0.049533,0.215890,0.400249,-0.058493,0.168471,0.578676,-0.019749,0.158938,0.562513,-0.055304,0.159666,0.616136,-0.064766,0.163160,0.658685,-0.063081,0.133876,0.591922,-0.023906,0.126424,0.587400,-0.056200,0.134931,0.637637,-0.051003,0.141323,0.675750,-0.039031,0.101966,0.616055,-0.029999,0.102797,0.613330,-0.052221,0.113385,0.651023,-0.047454,0.121172,0.679834,-0.037490
1795,0,0.385482,0.178459,1.043274,4.470881,3.368772,0.135770,0.759992,-0.000000,0.172972,0.711892,-0.017632,0.186268,0.641107,-0.028043,0.168903,0.579435,-0.039028,0.136197,0.547545,-0.050496,0.192710,0.574615,-0.019496,0.199712,0.495058,-0.039243,0.199025,0.442886,-0.052001,0.196480,0.398623,-0.060853,0.154505,0.575592,-0.021951,0.143923,0.562243,-0.057019,0.146171,0.614936,-0.066229,0.150487,0.657247,-0.064294,0.118922,0.590226,-0.025857,0.111011,0.591942,-0.057736,0.121250,0.642317,-0.052826,0.128806,0.679488,-0.040892,0.086846,0.616239,-0.031627,0.087658,0.618914,-0.053363,0.100037,0.656595,-0.048704,0.109237,0.684835,-0.038670
1823,0,0.540914,0.251001,1.658155,4.840245,3.480139,0.123731,0.766791,-0.000000,0.158657,0.723341,-0.020487,0.171256,0.651205,-0.031484,0.154857,0.588854,-0.042230,0.122740,0.556293,-0.053101,0.176387,0.579502,-0.023411,0.180560,0.499420,-0.045172,0.177483,0.446953,-0.059237,0.172527,0.402285,-0.068888,0.137370,0.583204,-0.025062,0.124591,0.560667,-0.060923,0.129754,0.613145,-0.070359,0.136655,0.654820,-0.068601,0.101599,0.599896,-0.028452,0.093172,0.593033,-0.061820,0.105512,0.644558,-0.056725,0.114053,0.681752,-0.044419,0.070554,0.627694,-0.033816,0.071496,0.623234,-0.057048,0.084843,0.661034,-0.052097,0.093903,0.689048,-0.041763
1875,0,0.586895,0.154362,0.954245,5.203493,3.483073,0.106875,0.772814,-0.000000,0.141175,0.730354,-0.023841,0.153600,0.660183,-0.035036,0.136468,0.599175,-0.045318,0.105131,0.565812,-0.055241,0.159556,0.585862,-0.022480,0.161895,0.504878,-0.045031,0.156813,0.453195,-0.059755,0.150330,0.408923,-0.069535,0.121368,0.591951,-0.023214,0.103465,0.559272,-0.059540,0.106040,0.604832,-0.070753,0.111715,0.641919,-0.069714,0.086167,0.609687,-0.026205,0.074334,0.599086,-0.063051,0.087088,0.652860,-0.059898,0.095873,0.688545,-0.047396,0.056203,0.638315,-0.031131,0.053742,0.628741,-0.056996,0.066224,0.668642,-0.052160,0.074381,0.697781,-0.040983
1903,0,0.643926,0.132857,0.638158,5.657886,3.602613,0.092530,0.784014,-0.000000,0.124891,0.742375,-0.025277,0.133959,0.671593,-0.037701,0.111779,0.610548,-0.049226,0.078959,0.575176,-0.060285,0.145310,0.595762,-0.022477,0.144750,0.513184,-0.045313,0.137323,0.462172,-0.059962,0.128011,0.419662,-0.069585,0.107379,0.603865,-0.023177,0.085482,0.569230,-0.060824,0.089128,0.617122,-0.072314,0.096043,0.656569,-0.071093,0.072593,0.623856,-0.026373,0.056026,0.610695,-0.064953,0.069921,0.665853,-0.061542,0.080342,0.703520,-0.048329,0.042885,0.653410,-0.031525,0.036332,0.639460,-0.059065,0.048722,0.681128,-0.053822,0.057688,0.711481,-0.042045
1951,0,0.692860,0.109993,0.408085,6.022566,3.659467,0.082772,0.804095,-0.000000,0.113886,0.763822,-0.026892,0.121530,0.693086,-0.039650,0.095296,0.630425,-0.051248,0.062509,0.593051,-0.062266,0.133280,0.615520,-0.021383,0.131329,0.531756,-0.044688,0.123436,0.479603,-0.059838,0.113619,0.436022,-0.070058,0.096082,0.624164,-0.021365,0.070349,0.587585,-0.059620,0.074705,0.637471,-0.071508,0.083350,0.677131,-0.070529,0.062475,0.645050,-0.024192,0.041756,0.628409,-0.064549,0.057237,0.684556,-0.061541,0.069785,0.722337,-0.048131,0.034343,0.675359,-0.029049,0.024207,0.657887,-0.059185,0.037181,0.700094,-0.054872,0.047764,0.731027,-0.043274
2005,0,0.599267,0.104764,0.659736,6.396740,3.650351,0.074995,0.823057,-0.000000,0.105393,0.782203,-0.026748,0.115090,0.710964,-0.039042,0.089054,0.648026,-0.050010,0.055422,0.611275,-0.060361,0.124699,0.632077,-0.020919,0.120784,0.549856,-0.042819,0.111449,0.498730,-0.057419,0.100918,0.455226,-0.067806,0.087317,0.642011,-0.020919,0.062487,0.609167,-0.057564,0.068898,0.663225,-0.068787,0.078260,0.703835,-0.068024,0.053822,0.664657,-0.023643,0.033352,0.643032,-0.062431,0.049280,0.699385,-0.058581,0.060894,0.738134,-0.045543,0.025541,0.696618,-0.028455,0.015941,0.674988,-0.058436,0.029206,0.716466,-0.053860,0.038287,0.748932,-0.042420
2034,0,0.541118,0.123017,0.969888,6.873254,3.711995,0.070061,0.839981,-0.000000,0.100650,0.798226,-0.029024,0.111812,0.727082,-0.041763,0.082781,0.665092,-0.052668,0.046524,0.630975,-0.062809,0.122058,0.649427,-0.021027,0.114722,0.566163,-0.043254,0.103494,0.516201,-0.057684,0.092905,0.473338,-0.067788,0.085117,0.658857,-0.019719,0.055528,0.630924,-0.058701,0.059884,0.689947,-0.070551,0.070589,0.732826,-0.069060,0.052057,0.680491,-0.021481,0.026765,0.662325,-0.062591,0.041999,0.721235,-0.060083,0.055851,0.761103,-0.046743,0.024636,0.711135,-0.025407,0.010604,0.692439,-0.057393,0.022860,0.734900,-0.054303,0.033840,0.767841,-0.042927
2080,0,0.435233,0.188891,0.233075,7.269254,3.788034,0.073358,0.860703,-0.000000,0.102296,0.814848,-0.031177,0.112720,0.743452,-0.044330,0.082270,0.681979,-0.055348,0.043858,0.648866,-0.065455,0.122323,0.665497,-0.019574,0.112410,0.584889,-0.042214,0.099406,0.536007,-0.057355,0.088157,0.493756,-0.067863,0.084857,0.676749,-0.017604,0.052928,0.646084,-0.057282,0.058186,0.701331,-0.070599,0.070372,0.742321,-0.069651,0.051810,0.700310,-0.019118,0.023905,0.681108,-0.061952,0.040468,0.738790,-0.061806,0.056053,0.778600,-0.049146,0.025153,0.732577,-0.022931,0.008307,0.712008,-0.056443,0.020595,0.753171,-0.054801,0.032275,0.786711,-0.044038
2120,0,0.407681,0.146038,0.637863,7.522776,3.911083,0.079902,0.873855,-0.000000,0.107906,0.825955,-0.029623,0.117033,0.755670,-0.043128,0.084370,0.696809,-0.055079,0.046373,0.663911,-0.065971,0.125211,0.675401,-0.019901,0.115660,0.596694,-0.042141,0.103369,0.548892,-0.057016,0.092308,0.507037,-0.067835,0.085856,0.687283,-0.018914,0.055893,0.663837,-0.058442,0.062968,0.719059,-0.071453,0.075405,0.758030,-0.071051,0.051596,0.712012,-0.021253,0.025940,0.697557,-0.063559,0.044924,0.755507,-0.062645,0.061775,0.795182,-0.050364,0.024205,0.746049,-0.025840,0.009647,0.730777,-0.059100,0.024738,0.772113,-0.057784,0.039080,0.803960,-0.047733
2167,0,0.457056,0.120459,0.530469,7.604088,3.901320,0.089252,0.885872,-0.000000,0.117079,0.839130,-0.027615,0.125160,0.770715,-0.040326,0.094175,0.713454,-0.051613,0.057233,0.682617,-0.061840,0.130807,0.686837,-0.020583,0.123320,0.609528,-0.042773,0.111378,0.562106,-0.057896,0.100176,0.519652,-0.069000,0.091778,0.697055,-0.020218,0.062891,0.678644,-0.057896,0.069314,0.732468,-0.070205,0.081990,0.770187,-0.070278,0.057266,0.720387,-0.022903,0.033435,0.710290,-0.061621,0.052041,0.766840,-0.059685,0.069115,0.805804,-0.048106,0.030071,0.754064,-0.027980,0.016395,0.744678,-0.057311,0.032432,0.783257,-0.055083,0.047773,0.812736,-0.045403
2216,0,0.498482,0.220203,2.259197,7.570962,3.771636,0.097013,0.895250,-0.000000,0.127375,0.851710,-0.028594,0.136121,0.785110,-0.041947,0.108884,0.729020,-0.053740,0.072096,0.697841,-0.064481,0.143018,0.694440,-0.022425,0.136344,0.620485,-0.046011,0.124207,0.576230,-0.062195,0.111767,0.535527,-0.073589,0.104350,0.699745,-0.021046,0.076613,0.692578,-0.059619,0.080262,0.743195,-0.073045,0.091669,0.777358,-0.073698,0.069686,0.719903,-0.022842,0.047675,0.722849,-0.061288,0.063701,0.776068,-0.060707,0.081138,0.810752,-0.050112,0.042474,0.751009,-0.027197,0.030466,0.753222,-0.056280,0.045746,0.791237,-0.055337,0.062536,0.817534,-0.046374
2251,0,0.692995,0.341591,4.214518,7.442023,3.788776,0.112284,0.901205,-0.000000,0.144004,0.856219,-0.021873,0.152414,0.791139,-0.034804,0.128409,0.738900,-0.047844,0.091468,0.711396,-0.060177,0.154120,0.698410,-0.023142,0.152387,0.631305,-0.046285,0.142179,0.587962,-0.061991,0.130621,0.548933,-0.073417,0.114286,0.697347,-0.024756,0.100116,0.718420,-0.059234,0.107769,0.769705,-0.069209,0.118830,0.798774,-0.069898,0.078051,0.717800,-0.028946,0.069152,0.743312,-0.061265,0.085092,0.791206,-0.058073,0.100276,0.819044,-0.049005,0.048279,0.750070,-0.035747,0.049337,0.773870,-0.059706,0.066052,0.809268,-0.058146,0.081831,0.828780,-0.050855
2302,0,0.568373,0.281864,2.295084,7.043601,3.605940,0.126474,0.903509,-0.000000,0.159538,0.860220,-0.017573,0.172295,0.794328,-0.028858,0.150382,0.741898,-0.040461,0.114461,0.716924,-0.051586,0.165277,0.700404,-0.023366,0.168926,0.636997,-0.044110,0.160244,0.594815,-0.057998,0.149459,0.556887,-0.068309,0.122918,0.696884,-0.025811,0.126579,0.725706,-0.054030,0.137892,0.774081,-0.060868,0.146353,0.800306,-0.061400,0.086551,0.717862,-0.030080,0.093580,0.749040,-0.056192,0.109602,0.793303,-0.051267,0.119890,0.818669,-0.043331,0.056587,0.750799,-0.036705,0.071278,0.777489,-0.055518,0.089037,0.811517,-0.052188,0.100203,0.831160,-0.045067
2361,0,0.481953,0.129143,0.460590,6.825287,3.552853,0.140967,0.908109,-0.000000,0.175436,0.863883,-0.018245,0.188122,0.799589,-0.029279,0.166028,0.749129,-0.040487,0.130390,0.722790,-0.051364,0.181839,0.707467,-0.023058,0.187236,0.648200,-0.043406,0.180581,0.606578,-0.056820,0.172608,0.566610,-0.067003,0.139430,0.704088,-0.025543,0.137656,0.726364,-0.052198,0.149338,0.770045,-0.058975,0.159811,0.793581,-0.059740,0.102501,0.725374,-0.029991,0.106824,0.756437,-0.055813,0.123612,0.799283,-0.051503,0.134973,0.822506,-0.044031,0.072480,0.758694,-0.036768,0.085773,0.786034,-0.055083,0.104026,0.819808,-0.051781,0.115338,0.838287,-0.044935
2402,0,0.388183,0.214142,0.724472,6.650796,3.476826,0.148790,0.909373,-0.000000,0.185622,0.868428,-0.018827,0.201229,0.805765,-0.029583,0.182480,0.754463,-0.040339,0.150156,0.723627,-0.050976,0.196799,0.711957,-0.021988,0.202187,0.652499,-0.042276,0.198453,0.610019,-0.055870,0.192113,0.571096,-0.065420,0.155689,0.708103,-0.023704,0.145592,0.727694,-0.053797,0.154878,0.778284,-0.062157,0.164476,0.811330,-0.061681,0.118295,0.727155,-0.027255,0.116473,0.758622,-0.055190,0.133151,0.805577,-0.051860,0.144813,0.836010,-0.042956,0.087328,0.758666,-0.033033,0.096268,0.785188,-0.052914,0.113590,0.822136,-0.050365,0.125029,0.845609,-0.042514
2442,0,0.349086,0.190130,0.446486,6.472979,3.410009,0.155964,0.910000,-0.000000,0.195220,0.872354,-0.020138,0.212959,0.810776,-0.031134,0.192621,0.757397,-0.041739,0.159898,0.724520,-0.052361,0.211969,0.715571,-0.022197,0.218066,0.655927,-0.042488,0.215207,0.612884,-0.056106,0.210027,0.573312,-0.065707,0.171462,0.708178,-0.023134,0.158978,0.731146,-0.055085,0.164129,0.787808,-0.063903,0.171940,0.827058,-0.062779,0.133851,0.723830,-0.025993,0.128139,0.760227,-0.055221,0.142483,0.810706,-0.052055,0.153406,0.845813,-0.042590,0.101930,0.752688,-0.031185,0.106206,0.784850,-0.052293,0.121512,0.824924,-0.050353,0.132710,0.850450,-0.042420
2474,0,0.329805,0.155799,0.760032,6.271662,3.393325,0.164997,0.908803,-0.000000,0.204468,0.873776,-0.017605,0.224915,0.813038,-0.028212,0.206432,0.759499,-0.039076,0.173728,0.726047,-0.050163,0.223577,0.717370,-0.022241,0.231861,0.657192,-0.041848,0.230415,0.613430,-0.054816,0.226253,0.573197,-0.064192,0.183233,0.707029,-0.024106,0.171062,0.736965,-0.055329,0.174567,0.794469,-0.063336,0.180854,0.835639,-0.062241,0.145624,0.720885,-0.027562,0.140522,0.763905,-0.055432,0.153321,0.814257,-0.051360,0.162991,0.849168,-0.042190,0.113380,0.748456,-0.033259,0.117972,0.786145,-0.053413,0.132543,0.827064,-0.051326,0.143549,0.852477,-0.043798
2506,0,0.276946,0.123920,0.163867,6.117590,3.403166,0.172440,0.908437,-0.000000,0.212715,0.874543,-0.018532,0.235378,0.813250,-0.029419,0.216735,0.757778,-0.040033,0.184391,0.723296,-0.051022,0.234131,0.719071,-0.024061,0.243286,0.658539,-0.043855,0.243435,0.613711,-0.056824,0.240782,0.572807,-0.066209,0.193743,0.707432,-0.025443,0.180720,0.737347,-0.058360,0.182890,0.798063,-0.066448,0.188397,0.842468,-0.064776,0.156292,0.720082,-0.028327,0.149686,0.765635,-0.057165,0.162001,0.817083,-0.053070,0.171487,0.853363,-0.043514,0.123909,0.746377,-0.033463,0.126513,0.787787,-0.054503,0.140343,0.830392,-0.052831,0.151296,0.856059,-0.045357
2548,0,0.215875,0.165279,0.641146,5.958819,3.352915,0.175945,0.905427,-0.000000,0.216241,0.874613,-0.019198,0.243797,0.814707,-0.030300,0.227077,0.757251,-0.040993,0.193454,0.722193,-0.052129,0.242313,0.718305,-0.024988,0.251730,0.656522,-0.044033,0.252535,0.612243,-0.056160,0.251289,0.572417,-0.064871,0.202918,0.703018,-0.025791,0.187860,0.740378,-0.058756,0.187751,0.801969,-0.067057,0.192041,0.846166,-0.065281,0.165989,0.712841,-0.027994,0.155685,0.767813,-0.057014,0.167158,0.820824,-0.053803,0.176965,0.857286,-0.044614,0.133481,0.736377,-0.032487,0.131741,0.785995,-0.053564,0.145165,0.830554,-0.052641,0.156934,0.856503,-0.045399
2581,0,0.172498,0.152817,0.349131,5.808777,3.309667,0.178339,0.901362,-0.000000,0.219222,0.872125,-0.018886,0.248871,0.814369,-0.029457,0.232771,0.756682,-0.039632,0.200209,0.721185,-0.050134,0.248421,0.718743,-0.023724,0.257629,0.656473,-0.041904,0.259320,0.612576,-0.053371,0.259191,0.573643,-0.061772,0.209503,0.699743,-0.024361,0.192803,0.741156,-0.057571,0.191636,0.803643,-0.066179,0.194396,0.848578,-0.064251,0.172824,0.706265,-0.026375,0.158898,0.767803,-0.055471,0.171032,0.821809,-0.053129,0.181278,0.858152,-0.044211,0.139941,0.726442,-0.030611,0.134158,0.782692,-0.051649,0.147342,0.828440,-0.051408,0.159524,0.854207,-0.044452
2639,0,0.151754,0.147283,0.350200,5.849506,3.373536,0.178498,0.900034,-0.000000,0.218526,0.873041,-0.020247,0.249638,0.815379,-0.031304,0.234049,0.755434,-0.041179,0.200364,0.719253,-0.051791,0.248533,0.722856,-0.028514,0.260544,0.659974,-0.048094,0.262995,0.613161,-0.060212,0.262764,0.571812,-0.068872,0.209363,0.699735,-0.028531,0.193063,0.738663,-0.063053,0.190719,0.803440,-0.070515,0.192840,0.852471,-0.067537,0.172665,0.703481,-0.029866,0.157736,0.764323,-0.058774,0.167696,0.818906,-0.054529,0.177392,0.857871,-0.044329,0.140066,0.722009,-0.033649,0.131579,0.777689,-0.053810,0.142916,0.823106,-0.052236,0.154393,0.849733,-0.044500
2680,0,0.145165,0.137621,0.294692,5.855580,3.396907,0.178218,0.899482,-0.000000,0.218601,0.871119,-0.018881,0.245732,0.811546,-0.029401,0.228236,0.753496,-0.039313,0.194773,0.718945,-0.050136,0.245187,0.718506,-0.026467,0.256962,0.658321,-0.045584,0.259406,0.612071,-0.058093,0.260148,0.570849,-0.067129,0.204723,0.701213,-0.027260,0.192200,0.737484,-0.059745,0.191784,0.799776,-0.067163,0.195392,0.846156,-0.065106,0.167202,0.709943,-0.029232,0.158500,0.762774,-0.057554,0.168229,0.815634,-0.052934,0.176056,0.854402,-0.042921,0.134290,0.733105,-0.033497,0.132580,0.778242,-0.054182,0.143259,0.822546,-0.051855,0.151888,0.850948,-0.043730
2714,0,0.277175,0.118951,0.152375,5.871600,3.318062,0.171044,0.896621,-0.000000,0.211123,0.868285,-0.017310,0.235762,0.808663,-0.027004,0.219935,0.751641,-0.036565,0.188007,0.717211,-0.046998,0.237638,0.715468,-0.023532,0.248457,0.654687,-0.042570,0.250420,0.608567,-0.055451,0.250815,0.567332,-0.064810,0.197950,0.698745,-0.024958,0.186061,0.732452,-0.055820,0.185062,0.791780,-0.063167,0.188431,0.835750,-0.061691,0.160568,0.708096,-0.027709,0.153471,0.757290,-0.055116,0.163187,0.808107,-0.050587,0.170969,0.845616,-0.041094,0.127550,0.732098,-0.032674,0.128718,0.774638,-0.053103,0.139909,0.817378,-0.050822,0.148563,0.844911,-0.042972
2760,0,0.357422,0.292621,0.413703,5.998337,3.367329,0.166475,0.898200,-0.000000,0.205493,0.865227,-0.016245,0.226251,0.803058,-0.025717,0.208151,0.748345,-0.035096,0.175360,0.716607,-0.044811,0.224732,0.706869,-0.022994,0.235473,0.648860,-0.042088,0.236411,0.604193,-0.055266,0.235747,0.563060,-0.065351,0.182974,0.695623,-0.026255,0.177408,0.723701,-0.053989,0.181377,0.779187,-0.060746,0.185482,0.815430,-0.060611,0.144587,0.711232,-0.030927,0.146484,0.752169,-0.057417,0.159259,0.802017,-0.052846,0.165990,0.832943,-0.044542,0.111589,0.741945,-0.037684,0.123360,0.775911,-0.057653,0.137198,0.816830,-0.054493,0.143656,0.841260,-0.047030
2791,0,0.421649,0.243784,0.867027,6.174616,3.469320,0.159290,0.896024,0.000000,0.197034,0.858404,-0.016831,0.212912,0.794692,-0.026649,0.195280,0.744145,-0.036568,0.163767,0.715082,-0.046640,0.208770,0.701256,-0.022779,0.219136,0.643210,-0.043192,0.218903,0.599105,-0.057117,0.216574,0.558989,-0.067391,0.165978,0.696263,-0.026007,0.161885,0.714204,-0.053703,0.170652,0.765243,-0.060429,0.177674,0.797857,-0.060496,0.127324,0.715879,-0.031042,0.132444,0.749065,-0.057455,0.147455,0.796005,-0.052791,0.154782,0.822713,-0.044646,0.095489,0.749492,-0.038258,0.110442,0.777401,-0.056813,0.126031,0.814122,-0.053095,0.132817,0.834647,-0.045829
2837,0,0.432123,0.137603,0.552059,6.550103,3.527111,0.144008,0.895055,-0.000000,0.179089,0.857090,-0.018818,0.192948,0.795530,-0.029259,0.175984,0.746129,-0.039448,0.144912,0.715954,-0.049520,0.195149,0.702589,-0.023501,0.201696,0.640941,-0.045055,0.198747,0.596191,-0.059525,0.193864,0.556792,-0.069496,0.153383,0.697763,-0.025683,0.142473,0.715063,-0.055765,0.148160,0.766677,-0.063419,0.155877,0.799787,-0.062781,0.115211,0.716143,-0.029913,0.113362,0.749004,-0.058081,0.127646,0.795490,-0.054052,0.137301,0.823143,-0.044988,0.084045,0.747643,-0.036460,0.093560,0.776146,-0.055966,0.108011,0.813033,-0.052475,0.116393,0.834857,-0.044350
2869,0,0.456327,0.139747,0.712921,6.984493,3.617542,0.129096,0.896356,-0.000000,0.163306,0.860213,-0.021168,0.177102,0.797494,-0.032395,0.158443,0.746312,-0.043216,0.124964,0.716172,-0.053953,0.180090,0.705349,-0.023742,0.184203,0.640837,-0.046095,0.180245,0.597142,-0.060692,0.173770,0.557842,-0.070853,0.139714,0.700483,-0.025012,0.122477,0.719991,-0.057814,0.128148,0.776309,-0.065908,0.137242,0.809339,-0.064824,0.102586,0.718094,-0.028687,0.092592,0.750462,-0.059507,0.108441,0.799348,-0.055544,0.120778,0.826602,-0.045824,0.072307,0.747803,-0.034783,0.073525,0.777763,-0.056933,0.088718,0.816590,-0.054156,0.099913,0.836782,-0.045994
2918,0,0.427243,0.153037,0.642929,7.374756,3.688644,0.115497,0.896771,-0.000000,0.149574,0.861316,-0.020346,0.162032,0.799630,-0.031660,0.142042,0.749940,-0.042838,0.108975,0.719422,-0.053983,0.167213,0.709742,-0.024077,0.169505,0.642447,-0.046826,0.163125,0.599317,-0.061276,0.154157,0.562839,-0.070614,0.128244,0.702808,-0.024827,0.106583,0.730107,-0.058481,0.110740,0.786566,-0.066626,0.120552,0.821748,-0.064922,0.091999,0.717901,-0.027826,0.077403,0.756895,-0.058140,0.090588,0.805128,-0.054017,0.103083,0.833887,-0.043861,0.061659,0.743981,-0.033245,0.058535,0.777782,-0.055005,0.071546,0.817973,-0.052210,0.083463,0.839960,-0.043452
2968,0,0.491322,0.202966,1.551117,7.853807,3.839833,0.105292,0.901716,-0.000000,0.138794,0.867193,-0.023276,0.149719,0.805909,-0.036045,0.125744,0.755798,-0.048320,0.091256,0.725925,-0.060358,0.153314,0.715569,-0.025316,0.152848,0.648469,-0.049579,0.143942,0.606243,-0.065765,0.132252,0.569347,-0.076578,0.114961,0.712314,-0.025537,0.091350,0.730747,-0.061616,0.098396,0.788332,-0.070866,0.109554,0.825014,-0.069913,0.079413,0.729526,-0.028479,0.061555,0.757724,-0.061616,0.077725,0.808449,-0.057604,0.092179,0.840302,-0.047096,0.049851,0.757844,-0.034056,0.043397,0.783988,-0.058862,0.058379,0.823778,-0.056924,0.072367,0.846828,-0.048661
3002,0,0.471609,0.174314,2.206394,8.282486,3.879104,0.094437,0.909384,-0.000000,0.127886,0.875296,-0.026684,0.139377,0.813097,-0.040312,0.111119,0.762614,-0.052662,0.075243,0.732389,-0.064809,0.141691,0.725935,-0.024766,0.138114,0.655173,-0.049196,0.128519,0.612676,-0.065348,0.116566,0.575631,-0.075846,0.103835,0.727043,-0.023454,0.076008,0.730306,-0.062689,0.081501,0.790030,-0.073895,0.092469,0.831152,-0.072414,0.069288,0.744175,-0.025086,0.046548,0.758746,-0.062084,0.063134,0.813244,-0.059223,0.078735,0.848783,-0.047547,0.040223,0.771359,-0.029225,0.028656,0.785031,-0.057204,0.043795,0.826858,-0.055522,0.059053,0.853149,-0.046134
3047,0,0.414160,0.129410,0.601526,8.650933,3.869495,0.084532,0.916573,-0.000000,0.116882,0.882918,-0.027475,0.129163,0.823546,-0.041119,0.099674,0.775217,-0.053364,0.065752,0.743757,-0.065035,0.134902,0.734783,-0.022381,0.127285,0.663712,-0.046483,0.114848,0.621956,-0.062337,0.101634,0.586183,-0.072591,0.097002,0.736838,-0.021015,0.067736,0.733711,-0.060583,0.070132,0.790104,-0.073266,0.079501,0.830609,-0.072254,0.063032,0.753439,-0.022786,0.037663,0.767308,-0.061662,0.052460,0.822657,-0.061089,0.067781,0.859438,-0.049788,0.035117,0.779607,-0.026901,0.020071,0.792796,-0.056636,0.033689,0.836621,-0.056029,0.048642,0.864704,-0.046651
3080,0,0.507304,0.155236,0.667728,9.143759,3.892475,0.079709,0.935664,-0.000000,0.111116,0.900090,-0.027127,0.121039,0.838214,-0.040994,0.090541,0.789614,-0.053615,0.054939,0.759663,-0.065866,0.126919,0.747065,-0.021742,0.118806,0.677543,-0.046009,0.105454,0.634086,-0.062703,0.091825,0.597087,-0.073709,0.090390,0.751919,-0.020749,0.057043,0.749123,-0.060111,0.060810,0.807517,-0.072632,0.072602,0.851556,-0.071689,0.057195,0.771228,-0.022904,0.029382,0.781020,-0.060986,0.043946,0.835539,-0.059606,0.059925,0.874373,-0.048298,0.030192,0.800183,-0.027548,0.012990,0.808529,-0.057318,0.025532,0.852670,-0.056173,0.040430,0.882985,-0.046581
3126,0,0.502854,0.292757,0.902782,9.480877,3.816956,0.077388,0.957203,-0.000000,0.108269,0.917635,-0.025115,0.117783,0.851317,-0.037365,0.085308,0.802352,-0.048622,0.048830,0.774763,-0.059434,0.122856,0.761637,-0.017228,0.111850,0.693134,-0.039999,0.097499,0.649452,-0.055841,0.083062,0.612280,-0.066483,0.086275,0.768323,-0.016835,0.050869,0.760050,-0.056013,0.055049,0.820159,-0.068775,0.067515,0.865824,-0.067680,0.053158,0.787856,-0.019452,0.022427,0.792422,-0.058066,0.037913,0.849274,-0.057073,0.055352,0.889351,-0.045474,0.026301,0.817771,-0.024225,0.006020,0.820448,-0.053823,0.019323,0.865037,-0.052351,0.035792,0.896212,-0.042429
3176,0,0.364486,0.102078,0.368958,9.838243,3.783396,0.073142,0.970349,-0.000000,0.104046,0.931472,-0.027323,0.115175,0.868672,-0.041115,0.081555,0.818698,-0.053495,0.044211,0.788512,-0.065003,0.121852,0.775626,-0.017794,0.109783,0.707230,-0.041290,0.092987,0.664942,-0.057506,0.076754,0.628971,-0.068316,0.084242,0.780317,-0.016600,0.049990,0.772197,-0.056564,0.053822,0.833410,-0.069885,0.066574,0.878155,-0.068804,0.050319,0.797882,-0.018692,0.020017,0.804002,-0.058900,0.034596,0.862938,-0.058168,0.051828,0.903327,-0.046102,0.023125,0.825771,-0.023034,0.003187,0.828384,-0.054123,0.015845,0.874909,-0.052728,0.032146,0.907456,-0.042266
3211,0,0.388921,0.232212,2.158013,10.169105,3.774742,0.071362,0.981005,-0.000000,0.103381,0.945885,-0.027135,0.114745,0.887517,-0.041173,0.081722,0.839137,-0.053818,0.045316,0.808569,-0.065000,0.121885,0.790478,-0.020273,0.110945,0.724040,-0.045075,0.093467,0.684449,-0.061899,0.075417,0.648523,-0.073290,0.084093,0.788392,-0.019280,0.050723,0.797552,-0.057023,0.057218,0.860052,-0.068274,0.072164,0.897264,-0.067577,0.049901,0.801635,-0.021858,0.020935,0.822338,-0.058660,0.036296,0.880928,-0.055594,0.054396,0.914325,-0.044204,0.022058,0.825748,-0.027240,0.004170,0.842944,-0.055246,0.017266,0.889790,-0.053052,0.033155,0.917563,-0.043403
3255,0,0.405715,0.176792,1.159286,10.503995,3.887016,0.073082,0.991872,-0.000000,0.106990,0.958204,-0.029237,0.119588,0.902206,-0.043361,0.081186,0.858379,-0.055199,0.043155,0.830685,-0.065126,0.124560,0.802968,-0.022380,0.114340,0.740970,-0.047625,0.095708,0.702825,-0.064546,0.076623,0.667912,-0.076077,0.085072,0.798484,-0.020674,0.049409,0.813940,-0.057143,0.056876,0.874561,-0.068060,0.073111,0.907939,-0.067651,0.049587,0.811477,-0.022925,0.019937,0.840866,-0.059941,0.038781,0.898853,-0.058269,0.059546,0.928717,-0.048000,0.021347,0.836514,-0.028179,0.004353,0.862262,-0.057007,0.019650,0.910143,-0.056188,0.036537,0.936000,-0.047557
3290,0,0.588700,0.254349,1.910793,10.817867,4.081793,0.079975,1.003683,-0.000000,0.114953,0.971679,-0.028701,0.128175,0.916450,-0.042635,0.089672,0.876611,-0.053869,0.050447,0.851966,-0.063136,0.128673,0.815677,-0.026818,0.120177,0.758508,-0.052869,0.100654,0.721488,-0.070403,0.080145,0.687918,-0.082404,0.087845,0.808117,-0.025185,0.057888,0.843449,-0.060436,0.066160,0.905446,-0.070070,0.081431,0.937304,-0.069670,0.051477,0.821384,-0.027318,0.027502,0.866302,-0.061103,0.046324,0.921304,-0.058136,0.065993,0.946844,-0.048536,0.022790,0.847587,-0.032835,0.011276,0.887314,-0.058703,0.027379,0.933557,-0.057236,0.043205,0.955772,-0.049069
3333,0,0.675200,0.330146,0.425946,11.135570,4.372210,0.090059,1.013240,-0.000000,0.123976,0.986681,-0.029540,0.138836,0.936332,-0.045615,0.099862,0.898110,-0.059079,0.060237,0.873703,-0.070856,0.137010,0.833958,-0.030675,0.129451,0.778122,-0.059209,0.110112,0.742657,-0.078383,0.088467,0.709772,-0.091425,0.094977,0.825299,-0.029475,0.066115,0.861574,-0.067093,0.075219,0.924337,-0.077020,0.090673,0.956147,-0.076891,0.058351,0.838731,-0.032038,0.035067,0.884628,-0.067093,0.054530,0.939522,-0.062973,0.075102,0.964272,-0.052883,0.028902,0.865387,-0.037991,0.016448,0.906645,-0.064952,0.034281,0.951970,-0.063070,0.053211,0.971867,-0.054732
3387,0,0.608064,0.356527,2.019562,11.190389,4.412713,0.101155,1.024097,-0.000000,0.135900,1.002362,-0.033143,0.154771,0.956593,-0.052229,0.110491,0.920220,-0.067528,0.068377,0.896042,-0.080997,0.147573,0.847862,-0.032864,0.143780,0.802034,-0.062346,0.123509,0.767062,-0.083169,0.100494,0.733845,-0.098313,0.103068,0.841166,-0.031375,0.077827,0.866929,-0.065977,0.089468,0.924503,-0.075224,0.105965,0.947779,-0.076714,0.066439,0.859871,-0.034043,0.043600,0.890949,-0.064984,0.061579,0.937644,-0.056946,0.080370,0.949131,-0.047046,0.036786,0.892521,-0.040653,0.022983,0.923887,-0.062687,0.041416,0.960271,-0.056698,0.060425,0.968324,-0.047822
3422,0,0.938835,0.627790,3.863303,11.186676,4.848877,0.122765,1.025791,-0.000000,0.156130,0.998879,-0.027216,0.172603,0.948085,-0.043113,0.134215,0.913874,-0.056860,0.093385,0.897047,-0.069671,0.159435,0.857055,-0.039427,0.157258,0.819765,-0.069495,0.138920,0.785027,-0.089619,0.119651,0.750065,-0.104009,0.110824,0.844917,-0.038579,0.103205,0.923150,-0.069027,0.118380,0.961197,-0.074409,0.133338,0.962281,-0.075638,0.071510,0.865604,-0.041153,0.067363,0.943473,-0.066219,0.090303,0.973334,-0.055982,0.110263,0.972616,-0.046681,0.040485,0.901097,-0.048027,0.041191,0.962675,-0.068559,0.063723,0.989774,-0.064289,0.083706,0.992303,-0.056831
3462,0,1.817361,2.226530,10.668164,11.507636,6.653617,0.132664,0.970404,-0.000000,0.169916,0.932796,-0.036706,0.189054,0.874483,-0.055549,0.176572,0.823935,-0.068815,0.147115,0.782249,-0.082239,0.160525,0.876855,-0.064058,0.162947,0.908160,-0.100104,0.144554,0.894605,-0.125473,0.125904,0.873387,-0.141752,0.115055,0.891760,-0.058244,0.132683,0.967689,-0.091013,0.124273,0.956763,-0.102799,0.114034,0.935843,-0.111520,0.080235,0.916690,-0.054862,0.096893,0.984348,-0.083085,0.097526,0.975919,-0.079755,0.096052,0.957070,-0.076056,0.054286,0.945603,-0.055654,0.065659,0.989928,-0.080072,0.067377,0.987271,-0.080654,0.068459,0.974727,-0.078011
3508,0,0.644797,0.788667,9.117686,11.231137,6.948800,0.164183,0.972708,-0.000000,0.194128,0.934149,-0.034852,0.202302,0.879396,-0.053595,0.188391,0.833900,-0.067244,0.166738,0.798852,-0.082249,0.173113,0.872762,-0.061523,0.167201,0.892532,-0.097554,0.151673,0.898836,-0.123448,0.138692,0.904584,-0.138904,0.134026,0.886735,-0.055652,0.131103,0.933570,-0.090228,0.124858,0.946151,-0.107791,0.123932,0.956655,-0.119434,0.104564,0.908305,-0.051939,0.103050,0.951327,-0.083604,0.102812,0.964911,-0.092335,0.107071,0.976040,-0.095848,0.084008,0.932963,-0.050910,0.075679,0.961986,-0.076628,0.072167,0.980033,-0.083754,0.071624,0.989739,-0.086313
3543,0,0.934539,0.715649,1.878778,11.042884,6.631905,0.172121,0.987159,-0.000000,0.207406,0.949156,-0.034065,0.221083,0.891542,-0.051753,0.210388,0.846039,-0.065210,0.185759,0.811250,-0.080053,0.175433,0.872202,-0.058036,0.177764,0.889746,-0.093610,0.182932,0.898592,-0.117359,0.189909,0.904531,-0.130421,0.139074,0.894113,-0.052940,0.148053,0.932321,-0.085892,0.157821,0.946193,-0.100339,0.169482,0.958724,-0.108651,0.110487,0.925419,-0.050343,0.122010,0.973434,-0.083121,0.134191,1.004572,-0.088217,0.146485,1.026881,-0.087129,0.089615,0.959923,-0.050417,0.096447,0.996737,-0.075056,0.104683,1.027192,-0.078569,0.111336,1.048659,-0.077283
3589,0,1.231584,1.248497,3.433336,10.013254,5.879349,0.171711,0.970957,-0.000000,0.212792,0.936053,-0.024585,0.235835,0.888978,-0.038612,0.232136,0.844775,-0.049696,0.209240,0.814124,-0.061569,0.203008,0.892972,-0.043103,0.212479,0.907653,-0.068976,0.211799,0.916448,-0.087310,0.211061,0.920225,-0.098184,0.168312,0.910921,-0.039925,0.172813,0.927278,-0.059940,0.176118,0.936107,-0.069186,0.183848,0.941129,-0.076856,0.134805,0.932335,-0.038480,0.137635,0.947863,-0.058312,0.142930,0.956834,-0.060045,0.150896,0.961466,-0.060728,0.104210,0.956041,-0.038901,0.104141,0.968776,-0.052953,0.109196,0.979743,-0.052533,0.115146,0.985234,-0.051561
3621,0,1.709010,1.717157,4.065349,10.612716,6.020759,0.180655,0.999296,0.000000,0.218158,0.994386,-0.042405,0.244372,0.965051,-0.068501,0.244885,0.931438,-0.089160,0.230069,0.909162,-0.110906,0.236407,0.894114,-0.067225,0.240079,0.883156,-0.108543,0.228166,0.881537,-0.137286,0.217095,0.887320,-0.154115,0.195642,0.891746,-0.062213,0.196512,0.893889,-0.100506,0.189190,0.916206,-0.116012,0.186907,0.942098,-0.123481,0.158537,0.911480,-0.060890,0.157017,0.934571,-0.094408,0.152794,0.961048,-0.098710,0.152733,0.985924,-0.098048,0.126718,0.945280,-0.063159,0.127030,0.974367,-0.087647,0.128514,0.995460,-0.091146,0.131978,1.010908,-0.090862
3672,0,1.298162,1.191728,4.710822,9.597043,6.223886,0.203115,0.962608,-0.000000,0.238025,0.947847,-0.033127,0.264622,0.906886,-0.051370,0.272460,0.866972,-0.064934,0.266811,0.834055,-0.079323,0.246884,0.877178,-0.055246,0.234067,0.897162,-0.091279,0.221739,0.906233,-0.117335,0.210903,0.914370,-0.132342,0.211920,0.878449,-0.050463,0.202208,0.916991,-0.081137,0.196143,0.932558,-0.093423,0.195242,0.947850,-0.101256,0.180801,0.890937,-0.048773,0.170401,0.934319,-0.075736,0.169730,0.954615,-0.076231,0.174817,0.972554,-0.074870,0.155999,0.909577,-0.050422,0.146917,0.950988,-0.071284,0.147361,0.973210,-0.073262,0.153904,0.985264,-0.072850
3717,1,,,,,,,,,,,,,,,,,,,,,,,,,,,,,,,,,,,,,,,,,,,,,,,,,,,,,,,,,,,,,,,,,,,,
3750,0,,,,9.440908,4.815528,0.213514,1.030244,-0.000000,0.250004,1.024726,-0.024790,0.288223,1.001474,-0.044091,0.275183,0.973704,-0.061751,0.242098,0.951136,-0.078576,0.282575,0.888138,-0.042152,0.292823,0.855356,-0.070402,0.290764,0.824914,-0.089733,0.288249,0.790879,-0.104947,0.238644,0.858313,-0.043077,0.230935,0.953543,-0.073743,0.239828,1.005787,-0.081500,0.252465,1.016716,-0.085318,0.198408,0.870237,-0.046209,0.194602,0.980473,-0.071059,0.208138,1.016425,-0.063720,0.221009,1.014373,-0.058171,0.162792,0.898610,-0.052861,0.162846,0.987286,-0.072491,0.177246,1.020230,-0.070164,0.189346,1.018388,-0.065749
3798,0,0.564840,0.943785,2.378547,8.991006,5.631786,0.225538,0.979078,0.000000,0.256079,0.984088,-0.019496,0.291789,0.976022,-0.036667,0.272855,0.961107,-0.052916,0.237768,0.946853,-0.069190,0.280557,0.878506,-0.042379,0.292818,0.850701,-0.067826,0.292856,0.818673,-0.085111,0.293093,0.783367,-0.099010,0.238370,0.844679,-0.045234,0.240997,0.948882,-0.071263,0.250577,0.985377,-0.076721,0.258168,0.984467,-0.079400,0.200642,0.854482,-0.049378,0.202578,0.971170,-0.070656,0.221144,0.998111,-0.061205,0.234984,0.992816,-0.053422,0.168118,0.880225,-0.056606,0.169977,0.973289,-0.075053,0.183153,1.002875,-0.071111,0.192901,1.003465,-0.064541
3832,0,0.283055,0.274806,2.140772,9.084602,5.624126,0.219926,0.981025,0.000000,0.252797,0.985023,-0.024653,0.284161,0.977110,-0.044065,0.268361,0.957527,-0.061134,0.236209,0.937862,-0.078110,0.280125,0.874631,-0.044065,0.293619,0.845519,-0.069529,0.294209,0.813716,-0.086784,0.292436,0.778911,-0.100467,0.238883,0.845737,-0.044876,0.230931,0.939404,-0.076116,0.234792,0.989613,-0.084094,0.239651,1.006399,-0.086506,0.200637,0.856770,-0.047288,0.197569,0.968330,-0.072730,0.212219,1.000091,-0.066375,0.223631,1.001382,-0.059418,0.168149,0.883270,-0.052785,0.168057,0.969810,-0.073286,0.178627,1.001152,-0.070874,0.186619,1.002156,-0.064845
3881,0,0.182305,0.170393,1.430224,9.164349,5.660590,0.218937,0.982583,0.000000,0.250830,0.984883,-0.025712,0.280304,0.976582,-0.046156,0.262768,0.956307,-0.063788,0.229986,0.938774,-0.081688,0.278829,0.874590,-0.047495,0.291840,0.844757,-0.073251,0.292116,0.814233,-0.090883,0.289271,0.781281,-0.104543,0.237799,0.846870,-0.048165,0.228128,0.925995,-0.079456,0.231756,0.982275,-0.087535,0.236336,1.006518,-0.089678,0.199451,0.858236,-0.050173,0.193672,0.959952,-0.075439,0.206646,0.997634,-0.069100,0.216723,1.006873,-0.061958,0.167026,0.885074,-0.055173,0.163987,0.963329,-0.074858,0.174769,0.997089,-0.071287,0.184242,1.004603,-0.064547
3928,0,0.292852,0.260161,0.893026,8.948697,5.648994,0.219611,0.973941,0.000000,0.247642,0.977117,-0.024881,0.275097,0.972547,-0.045061,0.262163,0.957789,-0.062780,0.232903,0.943273,-0.080717,0.276556,0.872320,-0.044146,0.288179,0.842329,-0.070399,0.288809,0.812580,-0.087944,0.285445,0.783816,-0.100309,0.238808,0.847402,-0.044930,0.228903,0.900723,-0.076146,0.231802,0.950367,-0.085245,0.236036,0.975814,-0.086551,0.202119,0.857393,-0.047150,0.194593,0.946747,-0.073534,0.204891,0.983540,-0.069354,0.213617,0.995620,-0.061822,0.170811,0.881767,-0.052070,0.165610,0.952224,-0.071575,0.173188,0.985232,-0.068440,0.180366,0.995368,-0.061213
3961,0,0.450214,0.448402,2.233383,9.358523,6.077984,0.216029,0.969882,0.000000,0.244343,0.978197,-0.031670,0.269520,0.972456,-0.053548,0.253350,0.955104,-0.070937,0.224301,0.935923,-0.088083,0.269786,0.879788,-0.053589,0.282056,0.850642,-0.083857,0.284630,0.820557,-0.101571,0.281992,0.789784,-0.113191,0.233604,0.856648,-0.051761,0.218933,0.908786,-0.087758,0.221050,0.965676,-0.094583,0.224529,0.992969,-0.091902,0.198690,0.868138,-0.052086,0.185085,0.956534,-0.083532,0.197885,0.993486,-0.075813,0.210223,0.998175,-0.063665,0.168302,0.892318,-0.055255,0.159062,0.962559,-0.079876,0.169030,0.996904,-0.075082,0.179931,1.002236,-0.064681
4007,0,0.436963,0.642691,1.739069,9.639041,6.720675,0.224133,0.959968,0.000000,0.246876,0.969109,-0.032358,0.266511,0.967556,-0.057291,0.254034,0.957262,-0.078082,0.226231,0.946582,-0.099810,0.267122,0.877013,-0.063622,0.275219,0.848434,-0.095121,0.275850,0.820750,-0.113801,0.273915,0.791578,-0.126854,0.231922,0.852967,-0.061121,0.207893,0.922192,-0.097934,0.204313,0.984724,-0.103406,0.208049,1.012369,-0.102390,0.198628,0.862764,-0.060340,0.180073,0.949474,-0.091760,0.190429,0.993157,-0.083397,0.202863,1.008569,-0.073236,0.171758,0.885804,-0.062489,0.159711,0.953029,-0.087617,0.169067,0.990935,-0.083631,0.181520,1.003616,-0.075190
4041,0,0.972998,1.838932,7.051676,9.395752,4.894418,0.211093,1.023549,-0.000000,0.248165,1.017122,-0.026176,0.280903,0.990196,-0.044698,0.260976,0.962348,-0.061441,0.222413,0.940952,-0.076840,0.274838,0.877852,-0.038545,0.283476,0.849556,-0.065033,0.279443,0.819337,-0.083149,0.275481,0.783397,-0.097893,0.227624,0.846881,-0.038201,0.225643,0.961502,-0.068594,0.229348,1.007623,-0.077215,0.234927,1.006965,-0.081525,0.187799,0.859405,-0.040325,0.188567,0.979747,-0.066032,0.198947,1.012136,-0.060035,0.205818,1.002668,-0.054850,0.152530,0.888364,-0.046135,0.157422,0.985995,-0.068094,0.172017,1.018221,-0.067782,0.181094,1.011878,-0.063940
4084,0,0.531548,0.763058,3.828037,9.401870,5.547603,0.206952,0.988989,0.000000,0.240437,0.989705,-0.026818,0.274359,0.979371,-0.047984,0.261350,0.961680,-0.066301,0.226339,0.947006,-0.084179,0.269021,0.874001,-0.049494,0.278911,0.843068,-0.078090,0.276316,0.812459,-0.097381,0.271344,0.779122,-0.112142,0.226514,0.847345,-0.049713,0.220759,0.935507,-0.080915,0.229617,0.976437,-0.088223,0.237786,0.985191,-0.091048,0.186441,0.860564,-0.052076,0.184064,0.968721,-0.077749,0.201499,0.996949,-0.071367,0.215191,0.993555,-0.064986,0.152139,0.888892,-0.057873,0.152366,0.976761,-0.079015,0.165686,1.005860,-0.077798,0.175780,1.003647,-0.073267
4139,0,0.260955,0.420631,2.137093,9.310163,5.774753,0.211680,0.978084,0.000000,0.242928,0.980316,-0.023274,0.271785,0.972380,-0.041921,0.252631,0.956633,-0.058638,0.219177,0.941043,-0.075285,0.268072,0.869713,-0.043850,0.277859,0.842510,-0.070216,0.275433,0.812740,-0.088119,0.270871,0.780059,-0.101837,0.225315,0.842477,-0.046175,0.218701,0.929776,-0.076308,0.229012,0.978956,-0.083330,0.239082,0.997494,-0.085143,0.185598,0.856366,-0.050128,0.182345,0.965843,-0.076262,0.201345,1.003417,-0.069193,0.217151,1.011771,-0.061009,0.152078,0.886320,-0.057057,0.151351,0.971374,-0.077703,0.166234,1.004588,-0.074123,0.179028,1.010299,-0.067054
4184,0,0.192477,0.237964,0.446394,9.468084,5.699082,0.208955,0.986742,0.000000,0.240348,0.987945,-0.026494,0.269886,0.977585,-0.047090,0.252158,0.958152,-0.065140,0.219676,0.939369,-0.083055,0.267951,0.871028,-0.047090,0.279242,0.844503,-0.074656,0.276813,0.814020,-0.092304,0.272463,0.778853,-0.106064,0.224290,0.843792,-0.047939,0.215204,0.931707,-0.080509,0.223817,0.992091,-0.086987,0.233177,1.016372,-0.087300,0.184482,0.857937,-0.050530,0.179118,0.964450,-0.078856,0.197036,1.005521,-0.070724,0.212257,1.014029,-0.061253,0.150967,0.888120,-0.056249,0.149847,0.972165,-0.079258,0.165999,1.009404,-0.075594,0.180595,1.016435,-0.067552
4231,0,0.124672,0.213148,0.709281,9.505319,5.902572,0.212637,0.982111,0.000000,0.242606,0.982473,-0.024816,0.270675,0.973527,-0.045295,0.254741,0.958059,-0.063762,0.222719,0.943136,-0.082408,0.267888,0.869972,-0.047531,0.278180,0.841676,-0.076104,0.276355,0.811698,-0.094257,0.271894,0.778390,-0.107672,0.224387,0.844035,-0.049320,0.216367,0.931115,-0.083616,0.224021,0.993299,-0.090054,0.231488,1.021029,-0.089518,0.184381,0.858686,-0.052718,0.180238,0.966719,-0.082319,0.198722,1.010390,-0.073600,0.214039,1.023789,-0.062689,0.150865,0.889834,-0.058978,0.150989,0.973475,-0.082185,0.167321,1.011648,-0.077356,0.182091,1.021835,-0.068010
4271,0,0.152925,0.182256,0.733321,9.552381,5.813390,0.210694,0.986770,0.000000,0.241471,0.987024,-0.026527,0.269504,0.976696,-0.047518,0.255303,0.958386,-0.066383,0.223849,0.941815,-0.085736,0.268332,0.874150,-0.047474,0.279801,0.843382,-0.076790,0.277668,0.812849,-0.095036,0.272445,0.780321,-0.108055,0.224540,0.850078,-0.048979,0.216984,0.916503,-0.086799,0.224418,0.980221,-0.095921,0.231336,1.014404,-0.095213,0.184501,0.864017,-0.051991,0.179362,0.963169,-0.085204,0.197638,1.011161,-0.079403,0.213278,1.030104,-0.068509,0.150965,0.894249,-0.057748,0.150243,0.972545,-0.082414,0.167238,1.012879,-0.078872,0.182834,1.026478,-0.069616
4314,0,0.059941,0.071335,0.289979,9.574322,5.848509,0.211924,0.987371,0.000000,0.241510,0.988718,-0.027003,0.269838,0.978748,-0.048309,0.254083,0.959286,-0.067253,0.221658,0.941146,-0.086639,0.269098,0.874400,-0.047205,0.279920,0.844034,-0.076835,0.277350,0.814475,-0.095382,0.271839,0.781925,-0.108718,0.225897,0.849934,-0.048574,0.216603,0.916364,-0.085844,0.221924,0.983146,-0.094675,0.227736,1.016187,-0.094234,0.186195,0.863656,-0.051621,0.179876,0.961683,-0.085226,0.195407,1.011985,-0.079529,0.208918,1.029839,-0.068931,0.152554,0.893501,-0.057273,0.150684,0.971094,-0.082532,0.166260,1.013016,-0.078955,0.180538,1.025499,-0.069947
4346,0,0.158108,0.185127,0.426248,9.464596,5.790108,0.210569,0.983701,0.000000,0.238312,0.986210,-0.025775,0.267282,0.978752,-0.046641,0.255563,0.962328,-0.065446,0.225376,0.946635,-0.084514,0.268815,0.876302,-0.046071,0.280504,0.845310,-0.075133,0.278855,0.815493,-0.093369,0.273943,0.783228,-0.106344,0.226728,0.851244,-0.047736,0.219439,0.912195,-0.083331,0.226153,0.972345,-0.092229,0.232979,1.001575,-0.092229,0.187483,0.864057,-0.050936,0.180888,0.962435,-0.082059,0.196411,1.007843,-0.075922,0.210025,1.022008,-0.065621,0.153670,0.892753,-0.056898,0.151099,0.969913,-0.079473,0.165952,1.008559,-0.075090,0.179740,1.018786,-0.066060
4377,0,0.209813,0.273929,0.742926,9.563638,5.999909,0.210011,0.977922,0.000000,0.238318,0.982772,-0.027536,0.267212,0.978247,-0.049006,0.254565,0.962286,-0.067722,0.224049,0.947007,-0.086610,0.267290,0.876651,-0.051200,0.280292,0.847163,-0.078908,0.278739,0.817672,-0.096205,0.274149,0.784804,-0.109026,0.225835,0.850307,-0.050942,0.212591,0.937681,-0.083168,0.217170,0.996650,-0.088546,0.223499,1.020401,-0.088288,0.186806,0.863931,-0.052362,0.178948,0.968668,-0.079511,0.194245,1.005616,-0.070346,0.206904,1.014861,-0.060235,0.153882,0.892480,-0.056880,0.149885,0.970352,-0.078435,0.163416,1.005377,-0.073014,0.176043,1.015361,-0.063721
4423,0,0.102311,0.084383,0.353466,9.561683,5.955808,0.210051,0.979965,0.000000,0.239058,0.984558,-0.026231,0.268699,0.979612,-0.046919,0.256423,0.965374,-0.065394,0.226672,0.951087,-0.084127,0.267809,0.877856,-0.047692,0.280278,0.847667,-0.074718,0.278522,0.818187,-0.091861,0.273594,0.786382,-0.104665,0.225699,0.851921,-0.048337,0.212231,0.934820,-0.081291,0.217060,0.997369,-0.087779,0.223901,1.024988,-0.087865,0.186518,0.865593,-0.050571,0.178781,0.967538,-0.078499,0.194891,1.009393,-0.070249,0.208325,1.023358,-0.060453,0.153892,0.894413,-0.055727,0.150330,0.971474,-0.077467,0.164249,1.008496,-0.072526,0.177376,1.020147,-0.063589
4470,0,0.111101,0.107802,0.720039,9.488686,5.889666,0.209923,0.979523,0.000000,0.239171,0.984660,-0.026056,0.268193,0.979189,-0.046422,0.253128,0.962475,-0.064401,0.221750,0.945696,-0.082249,0.267921,0.877185,-0.047030,0.278909,0.848898,-0.073781,0.277464,0.819572,-0.090847,0.273306,0.787387,-0.103701,0.226448,0.850664,-0.047464,0.212846,0.936530,-0.079122,0.218771,0.994705,-0.085462,0.226815,1.018734,-0.085809,0.187696,0.863628,-0.049549,0.179600,0.969411,-0.075822,0.196309,1.006881,-0.067484,0.210726,1.015522,-0.058147,0.154943,0.891167,-0.054803,0.151013,0.970467,-0.075170,0.164507,1.004883,-0.070220,0.177241,1.012921,-0.061752
4502,0,0.156126,0.137486,0.665558,9.637475,6.004191,0.208607,0.979964,0.000000,0.238171,0.984564,-0.025519,0.266299,0.978672,-0.046206,0.250979,0.964048,-0.064671,0.220277,0.948845,-0.083438,0.266790,0.878035,-0.046983,0.278780,0.848591,-0.074120,0.277059,0.819654,-0.091204,0.272423,0.788515,-0.103974,0.225942,0.851319,-0.047975,0.210551,0.937346,-0.082187,0.213093,1.004363,-0.089047,0.218563,1.035576,-0.088616,0.187586,0.863768,-0.050434,0.177356,0.968556,-0.078908,0.190929,1.014225,-0.070280,0.203172,1.030682,-0.059839,0.155256,0.891920,-0.055870,0.150034,0.972031,-0.077916,0.162605,1.011256,-0.072782,0.175314,1.023521,-0.063420
4555,0,0.125474,0.126022,0.522101,9.656612,6.101897,0.208977,0.976557,0.000000,0.238460,0.982260,-0.026742,0.265850,0.977978,-0.048008,0.250789,0.962108,-0.066855,0.219677,0.946546,-0.086211,0.266208,0.878402,-0.048390,0.278080,0.848429,-0.075939,0.277179,0.818627,-0.093810,0.272333,0.788342,-0.106714,0.226303,0.852718,-0.048730,0.208306,0.930559,-0.084641,0.208248,0.998346,-0.092961,0.210874,1.034154,-0.092791,0.188476,0.864635,-0.050513,0.175397,0.964950,-0.079972,0.187776,1.010953,-0.072798,0.198091,1.030720,-0.062653,0.156314,0.891560,-0.055182,0.148983,0.966908,-0.077255,0.159984,1.005519,-0.072628,0.170864,1.019712,-0.063459
4587,0,0.144809,0.176303,1.016917,9.590534,6.001408,0.210301,0.979394,0.000000,0.238825,0.984006,-0.026127,0.265809,0.976477,-0.046079,0.248895,0.960805,-0.063427,0.219080,0.944668,-0.080649,0.265012,0.875943,-0.046751,0.277315,0.847228,-0.075020,0.275933,0.819113,-0.092074,0.271162,0.788960,-0.104255,0.224751,0.849314,-0.047591,0.209267,0.931880,-0.081321,0.212977,0.997892,-0.086865,0.219472,1.026235,-0.085353,0.186690,0.862285,-0.050279,0.176183,0.966640,-0.079515,0.190386,1.011582,-0.069896,0.203526,1.023279,-0.058470,0.154207,0.890988,-0.055908,0.148935,0.971900,-0.079179,0.162522,1.011545,-0.073508,0.175832,1.021276,-0.063343
4630,0,0.267271,0.266998,0.524725,9.380683,5.787626,0.210720,0.979960,0.000000,0.238827,0.986015,-0.027680,0.265116,0.977656,-0.047661,0.247032,0.959633,-0.064656,0.216666,0.942160,-0.081525,0.265563,0.878955,-0.045600,0.277916,0.846670,-0.073070,0.276965,0.816027,-0.090275,0.271922,0.785364,-0.102390,0.224695,0.853784,-0.045516,0.214724,0.911798,-0.079127,0.222048,0.965734,-0.087330,0.229268,0.992628,-0.087162,0.186920,0.865599,-0.047241,0.178252,0.960747,-0.075341,0.194857,0.999912,-0.068484,0.209177,1.010914,-0.058430,0.154715,0.892387,-0.052036,0.150048,0.966134,-0.072859,0.164140,1.001103,-0.068190,0.177287,1.009478,-0.059272
4677,0,0.145216,0.226100,0.665448,9.399203,5.933095,0.213848,0.976745,0.000000,0.239973,0.981882,-0.025002,0.265761,0.974683,-0.043629,0.250980,0.960010,-0.059839,0.221883,0.946274,-0.076424,0.264474,0.878750,-0.045879,0.276686,0.847323,-0.071840,0.275951,0.817770,-0.087508,0.271515,0.787546,-0.098676,0.224451,0.853009,-0.046338,0.213101,0.918343,-0.077174,0.218475,0.975439,-0.083383,0.224605,1.002955,-0.082591,0.187554,0.865199,-0.048130,0.178418,0.960147,-0.075007,0.192578,1.002265,-0.067382,0.205452,1.016510,-0.057131,0.156461,0.892212,-0.052547,0.150834,0.966041,-0.073632,0.163333,1.003099,-0.068507,0.175639,1.015414,-0.059006
4710,0,0.149043,0.200039,0.639036,9.337878,5.868649,0.217232,0.979955,0.000000,0.241787,0.980983,-0.023403,0.265016,0.971632,-0.041341,0.251565,0.957882,-0.057126,0.223888,0.947383,-0.073500,0.263764,0.878899,-0.044084,0.274887,0.846244,-0.070331,0.274894,0.815903,-0.086298,0.270607,0.786530,-0.097187,0.223224,0.855979,-0.045181,0.217485,0.905677,-0.075531,0.225154,0.957051,-0.081788,0.230887,0.986396,-0.080366,0.186241,0.869101,-0.047537,0.179516,0.959634,-0.074556,0.193058,1.002080,-0.067690,0.205071,1.019073,-0.057045,0.155218,0.897445,-0.052332,0.150307,0.968450,-0.073094,0.162769,1.005283,-0.068096,0.174609,1.018748,-0.058345
4762,0,0.287487,0.345245,1.129975,9.557979,5.825233,0.211166,0.987015,0.000000,0.240424,0.989082,-0.028008,0.265516,0.976570,-0.048148,0.249632,0.959873,-0.064945,0.220820,0.945988,-0.081742,0.264025,0.881221,-0.047537,0.274127,0.848006,-0.076116,0.273176,0.815796,-0.093280,0.268321,0.783215,-0.105266,0.222282,0.857060,-0.046681,0.207279,0.921861,-0.083210,0.214880,0.986189,-0.089774,0.223059,1.018993,-0.086839,0.184666,0.869984,-0.047659,0.175787,0.964753,-0.078399,0.193019,1.003756,-0.069715,0.207679,1.012470,-0.057199,0.153267,0.898227,-0.051532,0.148972,0.972719,-0.075097,0.164885,1.009138,-0.069756,0.179488,1.016625,-0.059075
4794,0,0.316169,0.327071,0.931681,9.281631,5.612826,0.209114,0.982114,0.000000,0.237559,0.985238,-0.025020,0.264261,0.975714,-0.043728,0.249922,0.960992,-0.059799,0.220688,0.947716,-0.075414,0.263515,0.880564,-0.042898,0.274688,0.848149,-0.069268,0.273777,0.817238,-0.085795,0.268680,0.786627,-0.097506,0.222671,0.854752,-0.043271,0.214951,0.917460,-0.073420,0.225867,0.964196,-0.079691,0.235206,0.984638,-0.079068,0.184943,0.866593,-0.045472,0.181019,0.966181,-0.070513,0.198628,0.997042,-0.062457,0.212488,0.999880,-0.052366,0.152768,0.893193,-0.050663,0.151415,0.968571,-0.069849,0.164695,0.998478,-0.064824,0.175605,1.001324,-0.055979
4840,0,0.275027,0.276918,1.152461,9.396726,5.741341,0.208862,0.981247,0.000000,0.236688,0.982739,-0.023262,0.262233,0.973430,-0.040165,0.246077,0.960174,-0.054850,0.217072,0.948300,-0.069619,0.260351,0.878445,-0.040792,0.272872,0.851313,-0.064389,0.271927,0.822265,-0.079325,0.268049,0.791679,-0.090538,0.221494,0.852779,-0.041169,0.208020,0.933505,-0.069033,0.213485,0.987852,-0.074304,0.221418,1.010182,-0.074012,0.185021,0.865513,-0.043093,0.176612,0.966503,-0.067401,0.192094,1.002037,-0.059619,0.205898,1.009541,-0.050540,0.153849,0.893227,-0.047821,0.148208,0.969768,-0.068322,0.159590,1.003332,-0.064221,0.170777,1.011717,-0.055854
4887,0,0.438747,0.390333,1.067907,9.539819,5.922593,0.207500,0.978197,0.000000,0.234240,0.982615,-0.029159,0.256125,0.974201,-0.049698,0.235511,0.958252,-0.066332,0.203852,0.942737,-0.083289,0.256264,0.878827,-0.050346,0.268254,0.851086,-0.076126,0.267865,0.818104,-0.093326,0.263164,0.786232,-0.105953,0.216463,0.856465,-0.048080,0.202268,0.924618,-0.075195,0.205568,0.964374,-0.081306,0.210576,0.980552,-0.082682,0.179739,0.870584,-0.047553,0.169001,0.962377,-0.071067,0.184612,0.987984,-0.063378,0.198160,0.991537,-0.055162,0.148782,0.898762,-0.050225,0.141430,0.966000,-0.071027,0.153259,0.993827,-0.066858,0.165505,1.000264,-0.059007
4921,0,0.268509,0.273527,1.106297,9.482617,5.766066,0.205848,0.981433,0.000000,0.231291,0.982907,-0.029302,0.250948,0.971316,-0.048803,0.228010,0.955963,-0.064234,0.195940,0.942860,-0.079624,0.248866,0.877674,-0.047710,0.260128,0.854530,-0.073508,0.259743,0.821248,-0.090802,0.254796,0.789438,-0.103357,0.210039,0.858228,-0.045482,0.199485,0.913921,-0.071686,0.206483,0.944654,-0.078287,0.213560,0.956352,-0.079826,0.174355,0.873357,-0.045158,0.166870,0.957702,-0.067636,0.184089,0.978090,-0.060346,0.198771,0.976519,-0.052286,0.142951,0.902365,-0.048196,0.138633,0.967800,-0.067109,0.152558,0.990466,-0.063019,0.165522,0.991414,-0.055607
4965,0,0.815489,0.715054,3.855061,9.986777,6.218628,0.200905,0.979417,0.000000,0.227315,0.980936,-0.036856,0.241114,0.971767,-0.063402,0.220237,0.958185,-0.085483,0.188292,0.949300,-0.108538,0.245448,0.877992,-0.058612,0.249119,0.847397,-0.092058,0.244985,0.816763,-0.114951,0.238456,0.790367,-0.129482,0.205955,0.863146,-0.054918,0.194668,0.881877,-0.094169,0.185047,0.916176,-0.107970,0.180675,0.941946,-0.110567,0.169398,0.875068,-0.053498,0.158230,0.934488,-0.087593,0.163004,0.972848,-0.086213,0.171057,0.994113,-0.077852,0.139194,0.900231,-0.055365,0.129879,0.948432,-0.078745,0.135133,0.980236,-0.076309,0.143472,0.994932,-0.068760
4998,0,1.800207,1.833714,4.972652,9.294785,5.790038,0.204817,0.973795,-0.000000,0.234202,0.942143,-0.024075,0.248248,0.885576,-0.034636,0.243741,0.836082,-0.042522,0.227089,0.797525,-0.050924,0.217697,0.852622,-0.030495,0.204186,0.871355,-0.058017,0.197051,0.886111,-0.077515,0.193189,0.893037,-0.088215,0.185272,0.861190,-0.027721,0.174790,0.905633,-0.050567,0.172352,0.925321,-0.060197,0.173977,0.935474,-0.065666,0.156637,0.881047,-0.028038,0.148218,0.935769,-0.050646,0.152474,0.958712,-0.050686,0.160794,0.969664,-0.047872,0.133396,0.906495,-0.030891,0.123849,0.951280,-0.048665,0.125778,0.974344,-0.049339,0.131595,0.983365,-0.046723
5050,0,1.957242,2.032310,6.049259,10.341881,6.294880,0.181108,0.973799,0.000000,0.212880,0.980412,-0.039388,0.228297,0.974524,-0.064832,0.203724,0.960350,-0.084988,0.169035,0.945695,-0.105666,0.234799,0.879732,-0.061465,0.242649,0.853511,-0.093146,0.234555,0.824105,-0.114488,0.224067,0.798013,-0.128621,0.192975,0.862455,-0.055679,0.178932,0.887014,-0.096371,0.170552,0.915158,-0.113350,0.171305,0.942107,-0.119610,0.156119,0.868990,-0.052217,0.141704,0.912021,-0.093430,0.140349,0.954542,-0.102726,0.145680,0.991522,-0.100829,0.125607,0.887722,-0.051078,0.109603,0.922518,-0.085937,0.107784,0.962067,-0.094474,0.111357,0.994183,-0.093715
5095,0,0.709240,0.736008,2.934865,10.445027,6.425964,0.176280,0.967641,0.000000,0.201860,0.970317,-0.029198,0.221545,0.965916,-0.052109,0.203597,0.958594,-0.072522,0.172171,0.952949,-0.093882,0.222282,0.873510,-0.051506,0.224523,0.852121,-0.082513,0.216474,0.822496,-0.104390,0.206139,0.796650,-0.118773,0.182185,0.860081,-0.052281,0.171250,0.910932,-0.084709,0.170140,0.929405,-0.096380,0.172183,0.936562,-0.100772,0.144180,0.877566,-0.055123,0.133208,0.960724,-0.084106,0.143962,0.986570,-0.081565,0.156496,0.995860,-0.074761,0.111211,0.906503,-0.061282,0.102719,0.970000,-0.083460,0.109870,0.993932,-0.081651,0.120069,1.000098,-0.075450
5127,0,0.838942,0.788258,2.883079,11.092786,6.546173,0.163414,0.979896,0.000000,0.193267,0.987900,-0.031930,0.224088,0.981901,-0.057597,0.223315,0.979519,-0.080134,0.202647,0.977859,-0.104812,0.220189,0.886269,-0.061305,0.220505,0.846432,-0.095089,0.214092,0.812440,-0.117090,0.206504,0.784379,-0.131263,0.175794,0.864691,-0.059616,0.161121,0.930232,-0.102588,0.159665,1.000110,-0.111487,0.164046,1.046131,-0.110086,0.135038,0.875993,-0.059699,0.126514,0.958029,-0.096820,0.134870,1.015267,-0.090475,0.144614,1.050964,-0.078362,0.102916,0.901692,-0.062624,0.095780,0.964744,-0.090393,0.105214,1.013461,-0.085943,0.116671,1.040002,-0.075313
5174,0,0.834313,1.297128,3.409770,10.456812,5.249045,0.141483,0.989449,0.000000,0.176360,0.997346,-0.031540,0.210526,0.975619,-0.053108,0.237094,0.952606,-0.072105,0.263134,0.936207,-0.091688,0.219856,0.884011,-0.047288,0.220720,0.833465,-0.080136,0.211714,0.797570,-0.099719,0.200547,0.769053,-0.111722,0.181409,0.863032,-0.045844,0.178646,0.881155,-0.092500,0.178983,0.950310,-0.103419,0.180825,1.000283,-0.099719,0.140467,0.869797,-0.046837,0.133740,0.920414,-0.091643,0.136974,0.990404,-0.087040,0.141710,1.038285,-0.071338,0.102207,0.892668,-0.050085,0.093631,0.945512,-0.084197,0.100117,0.999633,-0.082347,0.108426,1.032886,-0.070886
5207,0,1.628759,1.488021,9.494524,9.361808,4.447505,0.144861,0.978852,0.000000,0.189769,0.976355,-0.028517,0.233551,0.945018,-0.046566,0.268279,0.916552,-0.061824,0.294862,0.889766,-0.078564,0.212750,0.864525,-0.043776,0.217840,0.804464,-0.070664,0.211549,0.760380,-0.088342,0.205697,0.726763,-0.100588,0.167710,0.856936,-0.043973,0.159781,0.814684,-0.076293,0.149598,0.859804,-0.083354,0.150461,0.900455,-0.083749,0.125001,0.872682,-0.046714,0.115622,0.847297,-0.077873,0.112595,0.887054,-0.070515,0.116796,0.923329,-0.060392,0.089638,0.903077,-0.051603,0.079540,0.891420,-0.072589,0.081366,0.920096,-0.065232,0.087111,0.946692,-0.056343
5251,0,2.147004,2.658597,8.472659,7.466837,2.174167,0.162520,1.014529,0.000000,0.221631,1.000842,-0.035901,0.269018,0.962184,-0.054177,0.301713,0.915945,-0.068146,0.326793,0.868849,-0.082375,0.220875,0.845983,-0.038087,0.229433,0.775725,-0.056299,0.227830,0.726336,-0.070496,0.223715,0.685636,-0.081266,0.178139,0.832666,-0.031951,0.170186,0.759008,-0.049608,0.161690,0.727694,-0.061553,0.151484,0.712351,-0.069321,0.138041,0.841639,-0.028933,0.127459,0.771363,-0.044484,0.120169,0.737021,-0.052284,0.114609,0.713395,-0.057343,0.102855,0.865929,-0.028851,0.084862,0.811740,-0.043603,0.076183,0.780794,-0.049869,0.070922,0.757564,-0.052708
5304,0,1.108589,1.100177,0.880572,6.371307,1.367046,0.171819,1.021058,0.000000,0.231027,0.994380,-0.029908,0.277386,0.946720,-0.044921,0.308726,0.894741,-0.057778,0.332680,0.846099,-0.069851,0.224366,0.824274,-0.022990,0.239834,0.748457,-0.041001,0.245654,0.699114,-0.056758,0.246663,0.655341,-0.068283,0.184095,0.808732,-0.021030,0.187285,0.724918,-0.035592,0.183544,0.675100,-0.048801,0.175543,0.635830,-0.058954,0.145644,0.814553,-0.022794,0.141641,0.733349,-0.037787,0.134662,0.687128,-0.048213,0.126044,0.649063,-0.055387,0.109534,0.837440,-0.027438,0.094947,0.775057,-0.042569,0.083008,0.736699,-0.049233,0.071388,0.704460,-0.052486
5337,0,0.945385,0.663871,0.255459,5.438825,1.068687,0.166691,1.003013,0.000000,0.231104,0.975154,-0.025002,0.282017,0.921554,-0.035892,0.313842,0.866199,-0.045306,0.337967,0.818478,-0.054003,0.229899,0.800180,-0.014733,0.249904,0.722176,-0.030107,0.258025,0.671209,-0.044219,0.260456,0.627639,-0.054430,0.190390,0.783893,-0.014694,0.196161,0.694111,-0.027060,0.195107,0.640313,-0.040259,0.191033,0.597113,-0.049887,0.152428,0.789050,-0.018091,0.150362,0.703064,-0.031699,0.145639,0.652189,-0.043326,0.141158,0.609526,-0.051013,0.115857,0.812141,-0.023915,0.102823,0.746397,-0.038105,0.092982,0.705765,-0.044646,0.085472,0.669792,-0.047636
5381,0,0.783462,0.396948,0.232778,4.811159,1.100572,0.160756,0.979479,0.000000,0.228291,0.951899,-0.024756,0.284106,0.893865,-0.035566,0.316445,0.836047,-0.045114,0.342172,0.787796,-0.054112,0.232129,0.774009,-0.016215,0.252372,0.693742,-0.032777,0.260508,0.642582,-0.046864,0.264266,0.598714,-0.057044,0.192929,0.758252,-0.017080,0.202045,0.665654,-0.031616,0.204132,0.608539,-0.045521,0.203063,0.561904,-0.055415,0.154576,0.763042,-0.021356,0.153647,0.674229,-0.036726,0.151327,0.621151,-0.048534,0.149401,0.576276,-0.056148,0.116864,0.785528,-0.028135,0.107051,0.715928,-0.043566,0.099843,0.672323,-0.051018,0.095014,0.633323,-0.054601
5414,0,0.704495,0.171554,0.110809,4.111777,0.998879,0.161196,0.953639,0.000000,0.228281,0.926921,-0.023705,0.283752,0.868833,-0.033724,0.317655,0.811342,-0.042868,0.344395,0.763543,-0.051450,0.234925,0.750147,-0.014342,0.257151,0.668971,-0.030662,0.265903,0.616923,-0.044660,0.270531,0.572433,-0.054700,0.196516,0.733388,-0.015706,0.207721,0.639578,-0.029766,0.211491,0.581762,-0.043368,0.212047,0.534510,-0.053075,0.158790,0.736568,-0.020559,0.160007,0.646804,-0.035182,0.159425,0.592633,-0.046284,0.159080,0.546862,-0.053492,0.121641,0.756760,-0.027912,0.113122,0.686154,-0.042639,0.107207,0.641256,-0.049367,0.103516,0.601029,-0.052575
5462,0,0.656265,0.146875,0.098899,3.488256,0.892132,0.162236,0.925563,0.000000,0.228953,0.899401,-0.023818,0.285608,0.843591,-0.033865,0.320264,0.786453,-0.042802,0.346741,0.738988,-0.051237,0.239072,0.725717,-0.015739,0.261672,0.645205,-0.032316,0.270416,0.592999,-0.046423,0.275207,0.548138,-0.056553,0.200699,0.708070,-0.016880,0.213282,0.615113,-0.031123,0.217890,0.557214,-0.044497,0.219247,0.509884,-0.054125,0.163145,0.710412,-0.021422,0.165374,0.620363,-0.036104,0.166007,0.565780,-0.046967,0.167032,0.519632,-0.054125,0.126086,0.729723,-0.028465,0.118832,0.659753,-0.043158,0.114454,0.614765,-0.049772,0.112547,0.574341,-0.052995
5515,0,0.604955,0.079912,0.053775,2.913753,0.844195,0.165059,0.900713,0.000000,0.230851,0.874558,-0.024415,0.286558,0.819597,-0.035054,0.320873,0.763371,-0.044384,0.347849,0.715901,-0.053235,0.242633,0.703028,-0.016924,0.265790,0.622393,-0.033786,0.274711,0.570359,-0.047958,0.279566,0.525631,-0.058056,0.204897,0.684799,-0.017839,0.218050,0.590710,-0.032207,0.222989,0.532735,-0.045423,0.224421,0.485760,-0.054732,0.167652,0.686434,-0.022129,0.170473,0.596483,-0.036654,0.171511,0.541899,-0.047168,0.172860,0.496129,-0.054025,0.130846,0.704451,-0.028966,0.124064,0.634565,-0.043386,0.120187,0.590068,-0.049578,0.118883,0.550236,-0.052404
5550,0,0.512865,0.095579,0.068847,2.402942,0.751265,0.167574,0.878654,0.000000,0.233183,0.853914,-0.024445,0.288910,0.798769,-0.035109,0.322924,0.742348,-0.044318,0.350661,0.695889,-0.053006,0.246694,0.681184,-0.017492,0.269585,0.602357,-0.033924,0.278276,0.551405,-0.047893,0.283067,0.507280,-0.057954,0.208814,0.663122,-0.018105,0.223001,0.570844,-0.032074,0.228847,0.514634,-0.044816,0.230841,0.469339,-0.053921,0.171898,0.665326,-0.022034,0.175543,0.577273,-0.036211,0.177205,0.523587,-0.046396,0.178900,0.478421,-0.053131,0.134920,0.683791,-0.028478,0.129044,0.614852,-0.042613,0.125865,0.570788,-0.048766,0.125097,0.531378,-0.051676
5583,0,0.468560,0.076793,0.062081,1.935240,0.675499,0.170173,0.859624,0.000000,0.235867,0.835530,-0.024215,0.291164,0.781497,-0.034667,0.325310,0.724984,-0.043711,0.353069,0.678650,-0.052279,0.250493,0.663343,-0.016837,0.273146,0.584542,-0.033032,0.282632,0.533632,-0.046898,0.288049,0.489467,-0.056874,0.212996,0.645823,-0.017354,0.227724,0.555114,-0.031314,0.234013,0.498884,-0.044249,0.236083,0.453638,-0.053480,0.176065,0.647673,-0.021214,0.180323,0.560053,-0.035515,0.182028,0.506234,-0.045946,0.183783,0.461197,-0.052818,0.138800,0.665112,-0.027526,0.133732,0.596319,-0.041869,0.131078,0.552111,-0.048264,0.130791,0.512568,-0.051369
5615,0,0.452317,0.102365,0.045822,1.549485,0.640054,0.172728,0.841447,0.000000,0.238027,0.818082,-0.025048,0.293375,0.764921,-0.036115,0.327474,0.709078,-0.045621,0.355802,0.662753,-0.054696,0.253304,0.648358,-0.018222,0.276662,0.569878,-0.035273,0.286232,0.518695,-0.049563,0.291779,0.474488,-0.059747,0.216190,0.630068,-0.018530,0.231164,0.539349,-0.033282,0.237657,0.482590,-0.046524,0.240004,0.436715,-0.055887,0.179540,0.631387,-0.022215,0.184524,0.544192,-0.037141,0.187015,0.490330,-0.047633,0.189451,0.445350,-0.054408,0.142471,0.647994,-0.028436,0.138408,0.579292,-0.043116,0.136510,0.535179,-0.049604,0.136860,0.495704,-0.052684
5647,0,0.401210,0.064741,0.043346,1.178907,0.616209,0.174249,0.825889,0.000000,0.238734,0.803072,-0.026149,0.294843,0.749267,-0.037572,0.329929,0.693541,-0.047199,0.358661,0.647364,-0.056296,0.255459,0.633232,-0.019347,0.279128,0.555140,-0.036593,0.289217,0.504771,-0.050993,0.295478,0.460967,-0.061232,0.219057,0.614872,-0.019245,0.234854,0.524605,-0.034084,0.241750,0.468156,-0.047485,0.244500,0.422356,-0.056949,0.182677,0.615687,-0.022600,0.188710,0.528628,-0.037551,0.191707,0.475236,-0.048015,0.194388,0.430405,-0.054828,0.145230,0.631833,-0.028576,0.141582,0.563020,-0.043160,0.139827,0.518965,-0.049524,0.140427,0.479501,-0.052543
5681,0,0.374903,0.070471,0.049188,0.805234,0.550907,0.175739,0.810664,0.000000,0.240095,0.788416,-0.025534,0.296004,0.735001,-0.036751,0.331229,0.679213,-0.046337,0.361084,0.633127,-0.055473,0.257709,0.618558,-0.018345,0.281396,0.540194,-0.035160,0.292652,0.490275,-0.049274,0.299658,0.446777,-0.059308,0.221273,0.600496,-0.018325,0.237443,0.511074,-0.032693,0.244450,0.454440,-0.045929,0.247177,0.408746,-0.055351,0.184982,0.601153,-0.021741,0.191353,0.515555,-0.036241,0.194674,0.462752,-0.046663,0.197682,0.418888,-0.053434,0.147861,0.616891,-0.027737,0.144673,0.548074,-0.041931,0.143200,0.504200,-0.048295,0.143784,0.464926,-0.051313
5712,0,0.326933,0.062304,0.064093,0.663605,0.500469,0.178705,0.796433,0.000000,0.242220,0.774116,-0.025595,0.298124,0.721322,-0.036584,0.333399,0.666180,-0.045908,0.363175,0.621162,-0.054764,0.260686,0.605880,-0.018241,0.283990,0.528304,-0.035020,0.294513,0.478407,-0.049320,0.301369,0.434655,-0.059477,0.224360,0.588124,-0.018180,0.240065,0.498966,-0.032562,0.246938,0.442297,-0.046070,0.249680,0.395703,-0.055780,0.188439,0.589327,-0.021552,0.195420,0.504050,-0.036259,0.198962,0.451400,-0.046842,0.202051,0.407519,-0.053708,0.151152,0.604632,-0.027524,0.149044,0.536197,-0.041886,0.148155,0.492827,-0.048223,0.148862,0.453881,-0.051270
5743,0,0.277805,0.101448,0.056571,0.783032,0.427291,0.179422,0.783208,0.000000,0.242946,0.762593,-0.026302,0.299019,0.710971,-0.037334,0.334554,0.655994,-0.046633,0.364318,0.611108,-0.055427,0.262754,0.595321,-0.018405,0.286712,0.518109,-0.035217,0.297600,0.468466,-0.049376,0.304670,0.425023,-0.059461,0.226684,0.577134,-0.017992,0.242503,0.488765,-0.032554,0.249625,0.432496,-0.046108,0.252731,0.386302,-0.055790,0.190963,0.577774,-0.021098,0.198265,0.493727,-0.036064,0.202420,0.441664,-0.046713,0.205873,0.398123,-0.053531,0.154059,0.592675,-0.026866,0.152153,0.525612,-0.041469,0.151637,0.482642,-0.047964,0.152673,0.444156,-0.051070
5775,0,0.241173,0.072187,0.090956,0.883786,0.432615,0.182003,0.776911,0.000000,0.244980,0.756332,-0.026505,0.300261,0.702818,-0.037015,0.336184,0.647120,-0.045683,0.366465,0.602848,-0.053690,0.265199,0.587549,-0.017586,0.289366,0.510467,-0.033792,0.300116,0.460179,-0.047644,0.307045,0.416439,-0.057694,0.229297,0.569498,-0.016936,0.244599,0.481011,-0.031089,0.251635,0.424248,-0.044602,0.254694,0.377548,-0.054291,0.193604,0.569974,-0.019879,0.200121,0.485155,-0.034692,0.204220,0.432892,-0.045402,0.207701,0.388965,-0.052329,0.156969,0.584736,-0.025504,0.154379,0.517235,-0.040178,0.153736,0.474000,-0.046804,0.155016,0.435150,-0.050087
5808,0,0.144035,0.041523,0.059195,0.949234,0.431892,0.184281,0.771893,0.000000,0.246786,0.751136,-0.027072,0.301729,0.698142,-0.037845,0.337595,0.642617,-0.046627,0.366985,0.597517,-0.054827,0.267091,0.582816,-0.018269,0.290961,0.505967,-0.034629,0.301828,0.455963,-0.048637,0.309086,0.412184,-0.058807,0.230812,0.564525,-0.017395,0.246002,0.475810,-0.031695,0.253280,0.419826,-0.045381,0.257158,0.373791,-0.055270,0.195147,0.565528,-0.020098,0.201409,0.481010,-0.035111,0.206162,0.428918,-0.046024,0.210593,0.385133,-0.053099,0.158681,0.580927,-0.025504,0.156701,0.513825,-0.040437,0.156543,0.470650,-0.047271,0.158134,0.431524,-0.050687
5843,0,0.123403,0.057374,0.049557,0.995747,0.429550,0.184899,0.768344,0.000000,0.247612,0.747772,-0.027321,0.303123,0.694838,-0.038209,0.339180,0.638774,-0.047088,0.369454,0.593791,-0.055405,0.268110,0.580061,-0.018653,0.292620,0.503484,-0.035397,0.303836,0.453652,-0.049620,0.311435,0.409599,-0.060026,0.232525,0.561714,-0.017919,0.248279,0.472941,-0.032604,0.255969,0.416821,-0.046526,0.260172,0.369988,-0.056651,0.197116,0.562449,-0.020792,0.203267,0.477990,-0.036361,0.208519,0.426610,-0.047370,0.213253,0.382729,-0.054481,0.160822,0.577527,-0.026377,0.158697,0.510301,-0.041584,0.158691,0.467436,-0.048414,0.160297,0.428371,-0.051870
5876,0,0.075043,0.060163,0.079307,0.966870,0.408133,0.185706,0.768108,0.000000,0.248236,0.748718,-0.028542,0.303429,0.695340,-0.039569,0.339433,0.638757,-0.048206,0.369146,0.592831,-0.055959,0.269601,0.578352,-0.018539,0.293979,0.502514,-0.034869,0.304864,0.452996,-0.048969,0.312082,0.409306,-0.059333,0.233543,0.559261,-0.016993,0.249430,0.470873,-0.030992,0.256931,0.415711,-0.044510,0.261012,0.369895,-0.054272,0.197937,0.559946,-0.019222,0.204291,0.476540,-0.034106,0.209646,0.425329,-0.044711,0.214548,0.381745,-0.051620,0.161953,0.575926,-0.024344,0.160373,0.509854,-0.039007,0.160349,0.467436,-0.045474,0.162199,0.428501,-0.048728
5910,0,0.048205,0.031807,0.057224,0.966786,0.418399,0.186941,0.767685,0.000000,0.249470,0.747919,-0.027829,0.304877,0.694452,-0.038762,0.340935,0.637956,-0.047412,0.371052,0.592892,-0.055334,0.270470,0.578495,-0.018926,0.295138,0.502416,-0.035266,0.305968,0.452904,-0.049190,0.313179,0.409561,-0.059376,0.234420,0.559447,-0.017774,0.250278,0.470107,-0.031911,0.257575,0.414870,-0.045310,0.261504,0.369341,-0.054970,0.199088,0.560400,-0.020260,0.205483,0.476140,-0.035246,0.210871,0.424986,-0.045836,0.215894,0.381721,-0.052788,0.163144,0.576640,-0.025525,0.161023,0.510147,-0.040318,0.161000,0.467303,-0.046886,0.162826,0.428124,-0.050282
5946,0,0.074274,0.074338,0.044377,0.898090,0.370489,0.186806,0.768496,0.000000,0.250254,0.748302,-0.026955,0.305584,0.695073,-0.037228,0.341459,0.638073,-0.045458,0.371358,0.592683,-0.053020,0.270554,0.579044,-0.016582,0.295561,0.503050,-0.032334,0.306622,0.454146,-0.046024,0.314247,0.411222,-0.056135,0.234757,0.559963,-0.015651,0.250995,0.471635,-0.029159,0.258100,0.416472,-0.042465,0.261936,0.371200,-0.052131,0.199483,0.560625,-0.018401,0.206162,0.476629,-0.032900,0.211769,0.425542,-0.043436,0.217081,0.382649,-0.050392,0.163720,0.576090,-0.023922,0.161705,0.509803,-0.038320,0.161818,0.466821,-0.044770,0.163829,0.427885,-0.048127
5978,0,0.037234,0.022081,0.049583,0.883717,0.370048,0.186411,0.769559,0.000000,0.249523,0.749075,-0.027085,0.305025,0.695399,-0.037406,0.341346,0.638008,-0.045688,0.371772,0.592958,-0.053242,0.269855,0.580346,-0.017067,0.295110,0.504395,-0.032943,0.306394,0.455465,-0.046738,0.314133,0.412366,-0.056877,0.233966,0.561303,-0.016017,0.250721,0.472568,-0.029489,0.257901,0.417488,-0.042658,0.261526,0.372299,-0.052232,0.198972,0.561428,-0.018633,0.206063,0.478032,-0.032862,0.211767,0.427482,-0.043021,0.216859,0.385259,-0.049768,0.163143,0.576563,-0.024035,0.161662,0.510528,-0.038012,0.161986,0.467839,-0.044072,0.163976,0.429282,-0.047142
6012,0,0.052130,0.027887,0.042997,0.899328,0.388127,0.185396,0.770364,0.000000,0.248691,0.750164,-0.027142,0.304484,0.696111,-0.037550,0.340758,0.638607,-0.045836,0.371393,0.593568,-0.053516,0.269115,0.581230,-0.017724,0.294579,0.505117,-0.033751,0.305687,0.456083,-0.047534,0.313112,0.412920,-0.057639,0.233221,0.562088,-0.016784,0.250124,0.473367,-0.030557,0.257119,0.418187,-0.043734,0.260243,0.373139,-0.053273,0.198128,0.562618,-0.019472,0.205076,0.478776,-0.034054,0.210514,0.427917,-0.044300,0.215532,0.385194,-0.051050,0.162057,0.578281,-0.024919,0.160572,0.511881,-0.039227,0.161068,0.469078,-0.045432,0.163561,0.430182,-0.048585
6045,0,0.046410,0.028301,0.038523,0.891836,0.393807,0.184614,0.771628,0.000000,0.248090,0.751605,-0.027722,0.303809,0.697212,-0.038257,0.340002,0.639323,-0.046588,0.370655,0.593400,-0.054191,0.268476,0.581978,-0.017673,0.293759,0.505942,-0.033687,0.304790,0.456936,-0.047478,0.312330,0.413520,-0.057628,0.232502,0.562533,-0.016368,0.249366,0.474460,-0.029926,0.256184,0.419163,-0.043029,0.259443,0.373768,-0.052533,0.197306,0.562771,-0.018795,0.204243,0.479394,-0.033162,0.209336,0.428528,-0.043272,0.214161,0.385691,-0.049985,0.161197,0.578364,-0.024062,0.159636,0.512584,-0.038176,0.160061,0.469709,-0.044283,0.162401,0.431074,-0.047397
6078,0,0.033529,0.033693,0.050171,0.903112,0.387752,0.184403,0.771322,0.000000,0.247995,0.751982,-0.027556,0.303388,0.697723,-0.038016,0.339073,0.639556,-0.046291,0.369808,0.594336,-0.053898,0.268128,0.582348,-0.018088,0.293133,0.506138,-0.034172,0.303951,0.456741,-0.047910,0.311326,0.413323,-0.057985,0.232005,0.563425,-0.016813,0.248610,0.474469,-0.030571,0.255295,0.418999,-0.043661,0.258384,0.373605,-0.053170,0.196750,0.563865,-0.019180,0.203386,0.479784,-0.033727,0.208555,0.429018,-0.043863,0.213280,0.386480,-0.050499,0.160753,0.579558,-0.024359,0.158898,0.513093,-0.038664,0.159173,0.470141,-0.044834,0.161368,0.431429,-0.047991
6104,0,0.031098,0.067754,0.063097,0.895386,0.415347,0.185015,0.773168,0.000000,0.247870,0.752513,-0.027328,0.303079,0.697583,-0.037650,0.339159,0.639884,-0.045850,0.369388,0.594369,-0.053323,0.267631,0.582298,-0.017350,0.291977,0.505957,-0.033206,0.302862,0.456860,-0.047022,0.310367,0.413483,-0.057201,0.231568,0.563407,-0.016270,0.247699,0.474774,-0.029732,0.254125,0.419293,-0.042901,0.257115,0.373801,-0.052475,0.196334,0.564011,-0.018865,0.202758,0.480347,-0.033085,0.207834,0.429450,-0.043184,0.212485,0.386685,-0.049890,0.160605,0.579945,-0.024298,0.158714,0.513756,-0.038296,0.158905,0.470659,-0.044355,0.161150,0.431494,-0.047466
6129,0,0.028965,0.023455,0.076869,0.909194,0.411242,0.184117,0.772948,0.000000,0.247443,0.752019,-0.027674,0.303120,0.696905,-0.038007,0.338675,0.638505,-0.046110,0.369360,0.593129,-0.053485,0.267170,0.581846,-0.017535,0.291760,0.506168,-0.033387,0.302275,0.457125,-0.047204,0.309333,0.413728,-0.057375,0.230911,0.563159,-0.016248,0.246958,0.474437,-0.029802,0.253188,0.419229,-0.042990,0.256104,0.373790,-0.052634,0.195700,0.564233,-0.018659,0.202255,0.480876,-0.033124,0.207179,0.430198,-0.043396,0.211789,0.387433,-0.050162,0.159846,0.580587,-0.023906,0.158191,0.514499,-0.038189,0.158106,0.471818,-0.044409,0.159836,0.432764,-0.047650
6160,0,0.021612,0.026497,0.024554,0.916195,0.413678,0.184341,0.772823,0.000000,0.247404,0.752266,-0.027891,0.302861,0.697487,-0.038432,0.338190,0.639373,-0.046783,0.368953,0.594048,-0.054404,0.266791,0.581634,-0.017331,0.291163,0.505659,-0.033182,0.301483,0.456598,-0.047026,0.308480,0.413145,-0.057323,0.230711,0.563282,-0.015973,0.246401,0.474897,-0.029574,0.252500,0.419409,-0.042972,0.255193,0.374017,-0.052783,0.195566,0.564487,-0.018375,0.201914,0.481332,-0.032898,0.206843,0.430341,-0.043378,0.211323,0.387217,-0.050350,0.159586,0.580547,-0.023655,0.157696,0.514650,-0.038067,0.157583,0.471731,-0.044513,0.159243,0.432611,-0.047918
6206,0,0.021492,0.015414,0.069038,0.924640,0.409860,0.183891,0.772785,0.000000,0.246347,0.752640,-0.027977,0.301627,0.697503,-0.038387,0.337820,0.639505,-0.046574,0.368379,0.594369,-0.054013,0.266388,0.582103,-0.017587,0.290631,0.505927,-0.033475,0.301051,0.456604,-0.047342,0.307883,0.412949,-0.057571,0.230572,0.563637,-0.016232,0.246161,0.474403,-0.029736,0.251913,0.418864,-0.042976,0.254459,0.373249,-0.052679,0.195477,0.564572,-0.018618,0.201769,0.481129,-0.032990,0.206412,0.430459,-0.043178,0.210658,0.387470,-0.049970,0.159301,0.580934,-0.023914,0.157211,0.515009,-0.038125,0.156920,0.472347,-0.044310,0.158332,0.432898,-0.047545
6243,0,0.040296,0.038144,0.060739,0.959172,0.433619,0.183633,0.772463,0.000000,0.246248,0.751742,-0.028144,0.301874,0.697096,-0.038834,0.337679,0.639064,-0.047298,0.368394,0.593772,-0.055073,0.265819,0.581937,-0.018476,0.290217,0.505702,-0.034684,0.300386,0.456640,-0.048675,0.307295,0.412933,-0.059001,0.229898,0.563675,-0.017190,0.245657,0.474884,-0.031100,0.251236,0.419252,-0.044504,0.253321,0.373533,-0.054344,0.194954,0.564783,-0.019620,0.201183,0.481502,-0.034299,0.205701,0.430496,-0.044666,0.209666,0.387214,-0.051550,0.158905,0.581340,-0.024945,0.156687,0.515392,-0.039442,0.156537,0.472330,-0.045800,0.158148,0.432515,-0.049201
6272,0,0.024114,0.039640,0.050304,0.963374,0.463547,0.184377,0.773269,0.000000,0.246918,0.752521,-0.028390,0.301831,0.697704,-0.039313,0.337392,0.640084,-0.047975,0.367263,0.594386,-0.055931,0.265762,0.582230,-0.018768,0.289753,0.506052,-0.035174,0.299948,0.456608,-0.049349,0.306612,0.412577,-0.059808,0.229794,0.564046,-0.017446,0.245230,0.475035,-0.031438,0.250906,0.419347,-0.044906,0.253148,0.373387,-0.054720,0.194662,0.565291,-0.019859,0.200602,0.481795,-0.034568,0.205244,0.430640,-0.044866,0.209382,0.387025,-0.051731,0.158523,0.581615,-0.025199,0.156344,0.515358,-0.039616,0.156104,0.472579,-0.045835,0.157774,0.433276,-0.049106
6312,0,0.031905,0.029544,0.024940,0.953762,0.450642,0.183850,0.773563,0.000000,0.246394,0.752692,-0.028046,0.301425,0.697175,-0.038695,0.337006,0.639336,-0.047121,0.367156,0.593734,-0.054839,0.265320,0.582100,-0.018034,0.289240,0.505780,-0.034148,0.299454,0.456403,-0.048171,0.306141,0.412552,-0.058557,0.229444,0.563903,-0.016721,0.244747,0.474808,-0.030451,0.250518,0.419349,-0.043847,0.252674,0.373430,-0.053627,0.194491,0.565142,-0.019135,0.200315,0.481640,-0.033623,0.204786,0.430792,-0.043888,0.208823,0.387329,-0.050758,0.158435,0.581595,-0.024429,0.156200,0.515762,-0.038715,0.155859,0.473170,-0.044898,0.157295,0.433801,-0.048131
6356,0,0.019285,0.027022,0.047084,0.963992,0.448997,0.183941,0.773023,0.000000,0.246299,0.751688,-0.028315,0.301225,0.697117,-0.039224,0.336569,0.639443,-0.047887,0.366790,0.593789,-0.055821,0.265448,0.582134,-0.018256,0.289244,0.505989,-0.034529,0.299479,0.456621,-0.048697,0.306197,0.412703,-0.059181,0.229520,0.563878,-0.016951,0.244779,0.475145,-0.030865,0.250441,0.419632,-0.044446,0.252879,0.373696,-0.054445,0.194633,0.565141,-0.019410,0.200518,0.482051,-0.034104,0.205038,0.431040,-0.044649,0.209138,0.387342,-0.051692,0.158634,0.581641,-0.024773,0.156263,0.515814,-0.039285,0.155916,0.472960,-0.045701,0.157186,0.433453,-0.049142
6393,0,0.030113,0.032566,0.048526,0.968090,0.455585,0.183930,0.773162,0.000000,0.246447,0.751723,-0.028094,0.301152,0.696606,-0.038751,0.336753,0.638900,-0.047147,0.366385,0.593375,-0.054897,0.265335,0.581644,-0.017862,0.289308,0.505458,-0.033887,0.299563,0.456157,-0.047995,0.306059,0.412188,-0.058409,0.229359,0.563516,-0.016580,0.244491,0.474455,-0.030274,0.250122,0.418725,-0.043756,0.252324,0.372863,-0.053646,0.194284,0.564804,-0.019053,0.199943,0.481311,-0.033503,0.204412,0.430151,-0.043918,0.208546,0.386498,-0.050901,0.158166,0.580955,-0.024421,0.155817,0.515121,-0.038731,0.155658,0.472272,-0.045008,0.157356,0.432860,-0.048358
6423,0,0.028461,0.029243,0.040529,0.995504,0.433131,0.183068,0.771524,0.000000,0.245675,0.750595,-0.027976,0.300530,0.695980,-0.038637,0.336134,0.638057,-0.047052,0.366267,0.592553,-0.054820,0.265118,0.580379,-0.018145,0.289056,0.504506,-0.034166,0.299087,0.455267,-0.048104,0.305694,0.411695,-0.058421,0.229073,0.562131,-0.016840,0.244008,0.473327,-0.030505,0.249694,0.418134,-0.043816,0.251843,0.372749,-0.053606,0.193957,0.563341,-0.019227,0.199776,0.480288,-0.033701,0.204163,0.429712,-0.044018,0.208241,0.386578,-0.050936,0.157990,0.579881,-0.024497,0.155658,0.514307,-0.038819,0.155267,0.471832,-0.045110,0.156656,0.432584,-0.048428
6455,0,0.027309,0.025117,0.037072,1.020677,0.442172,0.182323,0.771368,0.000000,0.244865,0.750405,-0.028650,0.300132,0.695907,-0.039681,0.335821,0.638402,-0.048369,0.366198,0.592447,-0.056289,0.264365,0.580512,-0.018800,0.288405,0.504639,-0.035034,0.298566,0.455511,-0.049218,0.305136,0.411513,-0.059724,0.228453,0.561937,-0.017305,0.243996,0.473466,-0.031094,0.249376,0.418005,-0.044571,0.251242,0.372117,-0.054552,0.193463,0.563181,-0.019568,0.199638,0.480308,-0.034105,0.204040,0.429767,-0.044530,0.207904,0.386392,-0.051561,0.157455,0.579681,-0.024770,0.155438,0.514225,-0.039136,0.155083,0.471586,-0.045500,0.156373,0.432128,-0.048935
6480,0,0.036134,0.045513,0.032302,1.045205,0.475733,0.182820,0.771713,0.000000,0.244358,0.751129,-0.028851,0.299485,0.696261,-0.040145,0.335320,0.638300,-0.049015,0.365514,0.592114,-0.057217,0.264444,0.580914,-0.019658,0.288394,0.504474,-0.036286,0.298517,0.455061,-0.050631,0.305046,0.410773,-0.061218,0.228345,0.562581,-0.018224,0.243844,0.473369,-0.032346,0.249351,0.417502,-0.045984,0.251471,0.371213,-0.055965,0.193194,0.563902,-0.020517,0.199085,0.480723,-0.035215,0.203649,0.429610,-0.045620,0.207670,0.385662,-0.052651,0.157015,0.580479,-0.025780,0.155188,0.514362,-0.040226,0.155120,0.471468,-0.046550,0.156793,0.431617,-0.049904
6505,0,0.043956,0.038367,0.046912,1.047374,0.468885,0.182508,0.771373,0.000000,0.244605,0.750377,-0.028445,0.299633,0.695236,-0.039443,0.335525,0.637513,-0.048157,0.366011,0.591860,-0.056203,0.264736,0.579784,-0.018630,0.288640,0.503241,-0.034915,0.298525,0.453704,-0.049046,0.305019,0.409657,-0.059518,0.228607,0.561430,-0.017296,0.243292,0.472393,-0.031215,0.248791,0.416516,-0.044801,0.250869,0.370485,-0.054788,0.193189,0.562805,-0.019701,0.198882,0.479548,-0.034328,0.203201,0.428333,-0.044841,0.207136,0.384257,-0.051957,0.156904,0.579499,-0.025028,0.154989,0.513918,-0.039484,0.154743,0.471327,-0.045892,0.156097,0.431535,-0.049329
6530,0,0.030004,0.041671,0.034238,1.064415,0.476052,0.182989,0.770627,0.000000,0.244895,0.749996,-0.029058,0.299773,0.695145,-0.040337,0.335239,0.637557,-0.049207,0.365632,0.591647,-0.057387,0.264709,0.579478,-0.019349,0.288034,0.503124,-0.035903,0.297812,0.453814,-0.050219,0.304402,0.409630,-0.060870,0.228722,0.561428,-0.017810,0.243578,0.472832,-0.031994,0.248972,0.417161,-0.045724,0.250911,0.370796,-0.055889,0.193493,0.562810,-0.020077,0.199333,0.479979,-0.035012,0.203556,0.428892,-0.045764,0.207440,0.384705,-0.053054,0.157285,0.579318,-0.025312,0.155095,0.513475,-0.040074,0.154788,0.470765,-0.046817,0.156106,0.431053,-0.050503
6578,0,0.016932,0.017450,0.043951,1.054843,0.478895,0.183455,0.770957,0.000000,0.245053,0.749926,-0.029188,0.299520,0.695859,-0.040605,0.335291,0.638635,-0.049581,0.365389,0.592261,-0.057811,0.264833,0.579758,-0.019223,0.288246,0.503760,-0.035763,0.298349,0.454608,-0.050226,0.305034,0.410470,-0.060917,0.228920,0.561456,-0.017690,0.243625,0.472635,-0.031810,0.249145,0.416891,-0.045668,0.251251,0.370340,-0.055834,0.193828,0.562889,-0.019980,0.199236,0.480057,-0.034836,0.203651,0.428633,-0.045627,0.207591,0.384117,-0.052929,0.157615,0.579507,-0.025254,0.155373,0.513924,-0.039919,0.155004,0.471190,-0.046555,0.156392,0.431135,-0.050186