t,missing,delta_l1,delta_l1_wrist,delta_angles,delta_base_l1,delta_base_l1_wrist,x0,y0,z0,x1,y1,z1,x2,y2,z2,x3,y3,z3,x4,y4,z4,x5,y5,z5,x6,y6,z6,x7,y7,z7,x8,y8,z8,x9,y9,z9,x10,y10,z10,x11,y11,z11,x12,y12,z12,x13,y13,z13,x14,y14,z14,x15,y15,z15,x16,y16,z16,x17,y17,z17,x18,y18,z18,x19,y19,z19,x20,y20,z20
35,0,,,,0.000000,0.000000,0.127727,0.762867,0.000001,0.196236,0.761068,-0.031857,0.262624,0.729572,-0.046660,0.316580,0.696060,-0.059304,0.361154,0.672199,-0.071138,0.242601,0.576134,-0.021114,0.282174,0.500091,-0.038899,0.301905,0.450994,-0.054804,0.317169,0.406120,-0.066683,0.207315,0.545270,-0.019337,0.238935,0.453888,-0.034039,0.255234,0.395445,-0.048550,0.265468,0.346812,-0.059214,0.169628,0.536823,-0.021710,0.186507,0.447899,-0.036806,0.196986,0.392998,-0.048775,0.206095,0.345658,-0.056784,0.129272,0.545901,-0.027492,0.134986,0.475521,-0.042206,0.139075,0.429143,-0.049090,0.144911,0.386708,-0.052735
62,0,0.041889,0.038434,0.056399,0.041889,0.038434,0.126814,0.761579,0.000001,0.195569,0.759719,-0.032248,0.261831,0.728876,-0.047195,0.315966,0.695337,-0.059879,0.360690,0.671581,-0.071666,0.242998,0.574831,-0.021121,0.281850,0.498927,-0.038657,0.301383,0.450370,-0.054456,0.316820,0.405931,-0.066243,0.207725,0.543566,-0.019048,0.238978,0.452379,-0.033391,0.255801,0.395193,-0.047688,0.266806,0.347606,-0.058265,0.169801,0.534887,-0.021211,0.186692,0.446144,-0.036169,0.197073,0.391204,-0.048405,0.205897,0.343880,-0.056607,0.129474,0.544261,-0.026780,0.135241,0.474413,-0.041525,0.139065,0.428262,-0.048719,0.144820,0.385952,-0.052573
94,0,0.034884,0.040868,0.063130,0.059541,0.064828,0.126239,0.761794,0.000001,0.195278,0.760533,-0.032272,0.262201,0.729095,-0.046803,0.316017,0.694862,-0.059110,0.360937,0.671390,-0.070474,0.243078,0.574833,-0.020302,0.281885,0.498971,-0.037572,0.301248,0.450283,-0.053360,0.316425,0.405436,-0.065218,0.207668,0.543749,-0.018101,0.239053,0.452601,-0.032138,0.255319,0.395073,-0.046488,0.265730,0.347077,-0.057133,0.169763,0.535023,-0.020167,0.186679,0.446387,-0.034833,0.196993,0.391835,-0.046803,0.205554,0.344903,-0.054843,0.129182,0.544028,-0.025692,0.135129,0.473774,-0.040088,0.139027,0.427894,-0.046982,0.144909,0.385708,-0.050621
127,0,0.022617,0.038803,0.077478,0.059945,0.066365,0.126995,0.762907,0.000001,0.195599,0.761110,-0.032127,0.261887,0.728923,-0.046628,0.316341,0.695187,-0.058993,0.361230,0.671332,-0.070414,0.242852,0.574941,-0.019807,0.281529,0.498702,-0.036871,0.301104,0.450202,-0.052519,0.316383,0.405788,-0.064254,0.207463,0.544129,-0.017727,0.238740,0.452561,-0.031520,0.255265,0.395115,-0.045617,0.266085,0.347579,-0.056026,0.169661,0.535778,-0.019964,0.186771,0.446677,-0.034510,0.197140,0.391844,-0.046403,0.205995,0.344807,-0.054407,0.129530,0.545427,-0.025675,0.135493,0.475031,-0.040153,0.139358,0.428600,-0.047078,0.144881,0.386086,-0.050765
156,0,0.040137,0.039152,0.043138,0.066079,0.056743,0.125992,0.761982,0.000001,0.194542,0.760402,-0.032347,0.260507,0.729188,-0.047226,0.314617,0.695660,-0.059876,0.359001,0.671758,-0.071627,0.242104,0.575001,-0.020552,0.280740,0.499388,-0.037772,0.300281,0.451101,-0.053529,0.315506,0.406596,-0.065324,0.206983,0.543664,-0.018334,0.238463,0.452334,-0.032324,0.254909,0.395115,-0.046551,0.265575,0.347734,-0.057130,0.169162,0.535006,-0.020371,0.186275,0.446346,-0.034980,0.196569,0.391792,-0.047091,0.205157,0.344799,-0.055239,0.128897,0.544474,-0.025864,0.134806,0.474332,-0.040248,0.138530,0.428286,-0.047226,0.143995,0.386191,-0.050962
188,0,0.036957,0.035519,0.054120,0.090974,0.074359,0.125004,0.761490,0.000001,0.194032,0.760123,-0.032732,0.260289,0.729813,-0.047602,0.314511,0.696367,-0.060200,0.359313,0.672499,-0.071898,0.241433,0.575294,-0.020145,0.279907,0.499463,-0.037276,0.299167,0.451030,-0.053091,0.314490,0.406618,-0.065014,0.206086,0.544253,-0.017716,0.236738,0.452852,-0.031675,0.252991,0.395737,-0.046252,0.263653,0.347873,-0.057096,0.168244,0.535609,-0.019617,0.185047,0.447160,-0.034262,0.195241,0.392426,-0.046522,0.203971,0.344983,-0.054846,0.128239,0.544642,-0.025016,0.134121,0.474438,-0.039436,0.138019,0.428265,-0.046522,0.143776,0.385919,-0.050347
223,0,0.061431,0.064659,0.038205,0.074732,0.029081,0.124477,0.762592,0.000001,0.194263,0.760880,-0.032110,0.260450,0.729725,-0.046876,0.314592,0.695575,-0.059514,0.359458,0.671447,-0.071390,0.241011,0.575745,-0.020929,0.279227,0.499747,-0.038406,0.298540,0.451061,-0.054360,0.313797,0.406279,-0.066371,0.205288,0.544527,-0.019046,0.235426,0.452565,-0.033320,0.251374,0.395388,-0.047907,0.261512,0.347576,-0.058752,0.167227,0.535954,-0.021343,0.183883,0.447313,-0.036210,0.193568,0.392656,-0.048445,0.201748,0.345342,-0.056780,0.126783,0.545491,-0.027068,0.132653,0.475072,-0.041723,0.136564,0.428838,-0.048893,0.142125,0.386507,-0.052792
252,0,0.056919,0.034587,0.036277,0.117568,0.038420,0.123659,0.761784,0.000000,0.192700,0.760078,-0.032386,0.258848,0.728964,-0.047433,0.313110,0.695232,-0.060324,0.357966,0.671063,-0.072407,0.239896,0.575474,-0.021763,0.277921,0.499511,-0.039438,0.296605,0.450472,-0.055383,0.311262,0.405275,-0.067376,0.204352,0.543882,-0.019775,0.234249,0.451947,-0.034317,0.249736,0.394753,-0.048825,0.259336,0.347180,-0.059650,0.166382,0.534908,-0.021965,0.182707,0.446521,-0.036967,0.192049,0.392389,-0.049050,0.199831,0.345794,-0.057270,0.126250,0.544439,-0.027602,0.131673,0.474265,-0.042222,0.135179,0.428339,-0.049319,0.140219,0.386447,-0.053182
284,0,0.053782,0.053145,0.086500,0.145545,0.059344,0.123307,0.762577,0.000000,0.192657,0.760666,-0.032978,0.258852,0.729208,-0.047694,0.312724,0.694628,-0.060078,0.357523,0.670462,-0.071609,0.238912,0.575467,-0.020920,0.276745,0.499054,-0.038160,0.295104,0.449973,-0.054021,0.309572,0.404390,-0.066135,0.203462,0.544187,-0.018441,0.232977,0.452336,-0.032641,0.248205,0.394940,-0.047335,0.257926,0.347029,-0.058418,0.165595,0.535500,-0.020258,0.181746,0.447544,-0.035199,0.190773,0.392953,-0.047784,0.198116,0.345804,-0.056354,0.125318,0.544699,-0.025575,0.131098,0.474858,-0.040336,0.134395,0.428638,-0.047829,0.139097,0.386147,-0.052002
339,0,0.040618,0.025528,0.048747,0.163597,0.059653,0.122514,0.762649,0.000000,0.191441,0.760575,-0.032985,0.257775,0.728984,-0.047941,0.312298,0.694672,-0.060588,0.357267,0.670472,-0.072338,0.237876,0.575497,-0.021638,0.275612,0.499023,-0.039061,0.293957,0.449535,-0.054937,0.308230,0.403646,-0.066956,0.202358,0.544403,-0.019183,0.231609,0.452454,-0.033456,0.246578,0.394841,-0.047986,0.255955,0.346606,-0.058884,0.164357,0.535818,-0.020966,0.180519,0.447996,-0.035743,0.189553,0.393387,-0.047941,0.196733,0.345884,-0.056327,0.124253,0.545292,-0.026280,0.129841,0.475457,-0.040855,0.133138,0.429114,-0.048120,0.137915,0.386321,-0.052157
367,0,0.038518,0.036019,0.032120,0.184434,0.072126,0.122376,0.762728,0.000000,0.191097,0.760015,-0.033039,0.256941,0.728505,-0.048292,0.311305,0.694299,-0.061194,0.356200,0.670041,-0.073290,0.237159,0.575393,-0.022231,0.274709,0.499102,-0.039893,0.292885,0.449462,-0.055818,0.306966,0.403511,-0.067914,0.201646,0.544399,-0.019857,0.230384,0.452239,-0.034382,0.245243,0.394746,-0.048919,0.254415,0.346504,-0.059761,0.163613,0.536066,-0.021682,0.179344,0.447882,-0.036645,0.188311,0.393316,-0.048695,0.195529,0.346021,-0.056938,0.123371,0.545691,-0.027036,0.129006,0.475578,-0.041707,0.132444,0.429194,-0.048875,0.137235,0.386694,-0.052817
397,0,0.038342,0.031450,0.069618,0.195973,0.084472,0.122281,0.763262,0.000000,0.191311,0.760955,-0.032825,0.256887,0.729129,-0.047750,0.310346,0.694233,-0.060325,0.355332,0.670159,-0.072050,0.236008,0.575749,-0.021649,0.273473,0.499045,-0.039068,0.291711,0.449723,-0.054865,0.305930,0.403933,-0.066814,0.200463,0.544931,-0.019254,0.229536,0.452491,-0.033608,0.244313,0.394827,-0.048108,0.253575,0.346896,-0.058982,0.162962,0.536670,-0.021078,0.178605,0.448600,-0.036047,0.187631,0.393968,-0.048376,0.194926,0.346606,-0.056790,0.123104,0.546445,-0.026381,0.128382,0.476256,-0.041194,0.131583,0.430036,-0.048600,0.136271,0.387134,-0.052762
431,0,0.034749,0.016220,0.043576,0.214741,0.090759,0.121641,0.764290,0.000000,0.190764,0.762049,-0.032453,0.256323,0.729897,-0.047416,0.310083,0.695178,-0.060075,0.354579,0.671001,-0.071884,0.235404,0.576202,-0.021371,0.272960,0.499541,-0.038715,0.291046,0.450466,-0.054528,0.305095,0.405031,-0.066516,0.199826,0.545456,-0.019156,0.228614,0.452699,-0.033437,0.243272,0.395135,-0.047863,0.252117,0.347382,-0.058733,0.162313,0.537441,-0.021102,0.177882,0.449050,-0.035964,0.186866,0.394382,-0.048087,0.194017,0.346909,-0.056362,0.122574,0.547724,-0.026481,0.127849,0.477273,-0.041086,0.131200,0.431048,-0.048221,0.135988,0.388303,-0.052202
459,0,0.054131,0.052222,0.038618,0.245710,0.122211,0.121894,0.765049,0.000000,0.190612,0.761968,-0.032396,0.256138,0.730035,-0.047541,0.309522,0.695548,-0.060400,0.354079,0.671282,-0.072588,0.235161,0.576786,-0.022112,0.272222,0.500048,-0.039968,0.290242,0.450614,-0.056099,0.304284,0.404660,-0.068287,0.199316,0.546541,-0.020130,0.227775,0.453601,-0.034950,0.242424,0.395924,-0.049736,0.251412,0.347651,-0.060804,0.161542,0.538642,-0.022258,0.176573,0.450178,-0.037504,0.185441,0.395237,-0.049736,0.192767,0.347588,-0.058070,0.121742,0.548985,-0.027825,0.127304,0.478404,-0.042679,0.130763,0.432181,-0.049871,0.135532,0.389358,-0.053814
493,0,0.037830,0.046441,0.034923,0.245428,0.096965,0.120892,0.764998,0.000000,0.189970,0.761941,-0.032349,0.256042,0.729847,-0.047215,0.309480,0.695356,-0.059913,0.354012,0.671448,-0.071806,0.234648,0.576769,-0.021048,0.271752,0.500020,-0.038608,0.289895,0.450690,-0.054593,0.304015,0.405022,-0.066754,0.199055,0.546492,-0.018924,0.227477,0.454214,-0.033466,0.241724,0.396769,-0.048199,0.250506,0.348731,-0.059198,0.161472,0.538865,-0.020992,0.177011,0.450593,-0.036060,0.185621,0.395562,-0.048288,0.192551,0.347816,-0.056605,0.121588,0.549031,-0.026514,0.127344,0.478825,-0.041201,0.130611,0.432644,-0.048378,0.135260,0.389891,-0.052312
529,0,0.029388,0.029995,0.036409,0.265637,0.118057,0.121232,0.765388,0.000000,0.190145,0.762602,-0.032507,0.256516,0.730180,-0.047140,0.310074,0.694960,-0.059473,0.354576,0.670613,-0.070956,0.234683,0.577361,-0.021012,0.271788,0.500513,-0.038204,0.289644,0.451143,-0.053932,0.303629,0.405410,-0.065862,0.198946,0.547182,-0.018666,0.227100,0.454775,-0.032842,0.241499,0.397014,-0.047364,0.250394,0.348668,-0.058311,0.161346,0.539540,-0.020532,0.176232,0.451247,-0.035344,0.184838,0.396724,-0.047587,0.191709,0.349132,-0.055943,0.121522,0.549324,-0.025849,0.126898,0.479031,-0.040482,0.130166,0.432600,-0.047766,0.134869,0.389644,-0.051832
557,0,0.043056,0.037030,0.039586,0.280130,0.122547,0.120987,0.766245,0.000000,0.189909,0.762973,-0.032810,0.256008,0.730804,-0.047777,0.309693,0.695692,-0.060401,0.354342,0.670605,-0.072223,0.234212,0.577768,-0.021792,0.271035,0.500883,-0.039390,0.288736,0.451301,-0.055271,0.302417,0.405361,-0.067316,0.198369,0.547632,-0.019405,0.226684,0.455310,-0.034015,0.241021,0.397527,-0.048714,0.249746,0.349072,-0.059688,0.160436,0.539834,-0.021212,0.175701,0.451560,-0.036335,0.184129,0.396939,-0.048714,0.190901,0.349496,-0.057100,0.120627,0.549859,-0.026476,0.126228,0.479664,-0.041309,0.129308,0.433432,-0.048714,0.133825,0.390665,-0.052818
589,0,0.051414,0.061902,0.044562,0.317327,0.138907,0.119965,0.767027,0.000000,0.189691,0.763563,-0.032452,0.256015,0.730865,-0.046914,0.309083,0.695371,-0.059056,0.353325,0.670278,-0.070304,0.233949,0.578070,-0.020120,0.271086,0.501500,-0.037116,0.288693,0.451821,-0.052851,0.302187,0.405632,-0.064814,0.198144,0.547707,-0.017777,0.226415,0.455729,-0.031782,0.240546,0.398113,-0.046378,0.249241,0.349850,-0.057315,0.160362,0.539957,-0.019652,0.175645,0.451907,-0.034371,0.184061,0.397389,-0.046602,0.190834,0.350060,-0.054904,0.120482,0.549884,-0.025019,0.125876,0.479796,-0.039549,0.128991,0.433819,-0.046780,0.133549,0.391092,-0.050708
625,0,0.047664,0.054464,0.061754,0.306309,0.125018,0.120538,0.767143,0.000000,0.189009,0.763463,-0.032455,0.255040,0.731055,-0.047284,0.308755,0.696202,-0.059899,0.353665,0.671565,-0.071664,0.233599,0.578688,-0.021226,0.270474,0.501770,-0.038695,0.288169,0.452225,-0.054621,0.302023,0.406244,-0.066654,0.197918,0.548626,-0.019023,0.225943,0.456230,-0.033416,0.240394,0.398544,-0.048000,0.249088,0.350128,-0.058960,0.160138,0.540963,-0.021036,0.175142,0.452878,-0.035966,0.183601,0.398106,-0.048089,0.190461,0.350361,-0.056365,0.120598,0.550828,-0.026505,0.126036,0.480741,-0.041088,0.129197,0.434635,-0.048224,0.133671,0.391922,-0.052160
652,0,0.025735,0.030462,0.052543,0.307784,0.125219,0.120400,0.767645,0.000000,0.188939,0.764308,-0.031787,0.255092,0.730711,-0.046219,0.308649,0.695580,-0.058532,0.353127,0.670677,-0.069997,0.234026,0.578828,-0.020957,0.270576,0.502151,-0.038300,0.287892,0.452424,-0.054071,0.301354,0.406351,-0.066071,0.198121,0.548816,-0.019183,0.225999,0.456223,-0.033549,0.239902,0.398392,-0.048092,0.248532,0.349904,-0.059023,0.160171,0.541151,-0.021526,0.175262,0.452817,-0.036426,0.183866,0.397817,-0.048539,0.190859,0.349915,-0.056837,0.119997,0.551494,-0.027281,0.125648,0.480973,-0.042003,0.129016,0.434336,-0.049208,0.133701,0.391291,-0.053223
705,0,0.022911,0.021252,0.038386,0.310595,0.134234,0.120508,0.767037,0.000000,0.189162,0.763805,-0.032152,0.255326,0.730177,-0.046563,0.309127,0.694730,-0.058762,0.353577,0.670201,-0.070157,0.234110,0.578270,-0.020891,0.270660,0.501443,-0.038117,0.287828,0.451837,-0.053802,0.300972,0.405887,-0.065778,0.198173,0.548151,-0.018835,0.225803,0.456055,-0.033135,0.239848,0.398406,-0.047635,0.248268,0.350155,-0.058539,0.160363,0.540750,-0.020958,0.175114,0.452644,-0.035905,0.183529,0.397828,-0.048037,0.190133,0.350208,-0.056349,0.120367,0.550785,-0.026521,0.125647,0.480506,-0.041223,0.128620,0.434361,-0.048440,0.133163,0.391554,-0.052417
735,0,0.016272,0.021507,0.032239,0.314482,0.145460,0.120883,0.767025,0.000000,0.189294,0.763716,-0.032410,0.255094,0.730403,-0.047065,0.308486,0.695022,-0.059333,0.352861,0.670534,-0.070798,0.233719,0.578414,-0.021369,0.270460,0.501456,-0.038611,0.287692,0.451676,-0.054292,0.300748,0.405549,-0.066158,0.197842,0.548345,-0.019060,0.225740,0.455972,-0.033325,0.239855,0.398162,-0.047734,0.248085,0.350039,-0.058485,0.160094,0.540956,-0.020911,0.174946,0.452656,-0.035734,0.183347,0.397931,-0.047734,0.189877,0.350563,-0.055898,0.120294,0.551058,-0.026209,0.125754,0.480595,-0.040752,0.128975,0.434267,-0.047868,0.133575,0.391574,-0.051704
763,0,0.019403,0.015388,0.060826,0.322231,0.143132,0.120391,0.767302,0.000000,0.189523,0.763342,-0.032060,0.255474,0.730353,-0.046641,0.308631,0.695103,-0.058993,0.352730,0.670100,-0.070541,0.233674,0.578275,-0.020879,0.270028,0.501711,-0.038214,0.287069,0.452052,-0.054088,0.300197,0.405801,-0.066172,0.197423,0.548382,-0.018862,0.225280,0.456270,-0.033220,0.239157,0.398684,-0.047845,0.247616,0.350455,-0.058814,0.159419,0.540995,-0.021002,0.174564,0.453001,-0.035917,0.182891,0.398095,-0.048068,0.189684,0.350542,-0.056317,0.119343,0.551269,-0.026553,0.125203,0.480762,-0.041157,0.128630,0.434435,-0.048291,0.133507,0.391776,-0.052170
798,0,0.019833,0.029040,0.060318,0.323595,0.140528,0.119945,0.766342,0.000000,0.188701,0.762987,-0.032305,0.255162,0.729901,-0.046819,0.309226,0.695651,-0.059037,0.353201,0.670991,-0.070497,0.233295,0.577569,-0.021024,0.269839,0.500915,-0.038236,0.287107,0.451507,-0.054043,0.300271,0.405596,-0.066038,0.197301,0.547840,-0.018839,0.225097,0.455899,-0.032997,0.238942,0.398400,-0.047533,0.247423,0.350553,-0.058457,0.159425,0.540535,-0.020835,0.174571,0.452542,-0.035538,0.182934,0.397975,-0.047667,0.189665,0.350594,-0.055960,0.119417,0.551063,-0.026286,0.124902,0.481160,-0.040800,0.128141,0.435135,-0.047979,0.132828,0.392566,-0.051947
831,0,0.026553,0.029061,0.046655,0.319393,0.134422,0.119998,0.767388,0.000000,0.188803,0.763897,-0.032000,0.255236,0.730621,-0.046498,0.309160,0.696063,-0.058701,0.353063,0.671734,-0.070236,0.233262,0.578156,-0.021400,0.269505,0.501452,-0.038859,0.286609,0.451902,-0.054737,0.299767,0.405830,-0.066807,0.197422,0.548185,-0.019485,0.225137,0.455672,-0.033849,0.239031,0.398366,-0.048235,0.247468,0.350475,-0.059013,0.159540,0.540947,-0.021690,0.174557,0.452937,-0.036499,0.183032,0.398373,-0.048457,0.189670,0.350646,-0.056563,0.119504,0.551942,-0.027324,0.125097,0.481924,-0.041888,0.128406,0.435750,-0.048903,0.133025,0.392737,-0.052777
861,0,0.026558,0.020910,0.053379,0.335418,0.132101,0.119587,0.767294,0.000000,0.188492,0.763617,-0.032175,0.255134,0.730992,-0.046878,0.308843,0.697276,-0.059435,0.352618,0.672641,-0.071233,0.233106,0.578550,-0.021551,0.269160,0.501801,-0.039102,0.285995,0.451981,-0.055101,0.298968,0.405399,-0.067256,0.197060,0.548698,-0.019585,0.224680,0.456606,-0.034119,0.238418,0.399092,-0.048889,0.246858,0.350559,-0.059972,0.159107,0.541315,-0.021730,0.173923,0.453503,-0.036644,0.182260,0.399088,-0.048800,0.189050,0.351613,-0.057156,0.119254,0.551541,-0.027327,0.124686,0.481410,-0.041873,0.127976,0.435502,-0.048978,0.132648,0.392805,-0.052956
893,0,0.020224,0.032723,0.052207,0.338210,0.146477,0.120618,0.767281,0.000000,0.188952,0.763921,-0.032263,0.255054,0.731266,-0.047057,0.308771,0.697404,-0.059579,0.353219,0.673415,-0.071299,0.233244,0.578788,-0.021657,0.269530,0.502064,-0.039036,0.286309,0.452588,-0.054811,0.299072,0.406336,-0.066754,0.197075,0.548788,-0.019518,0.224710,0.456583,-0.033845,0.238469,0.399257,-0.048216,0.246735,0.351434,-0.058955,0.159171,0.541101,-0.021490,0.174227,0.453476,-0.036140,0.182661,0.399059,-0.048038,0.189101,0.351909,-0.056148,0.119419,0.551223,-0.026915,0.124976,0.481554,-0.041175,0.128177,0.435700,-0.048127,0.132691,0.393221,-0.051915
928,0,0.029550,0.026526,0.036234,0.365398,0.151192,0.119914,0.767844,0.000000,0.188901,0.764538,-0.032680,0.254795,0.732357,-0.047563,0.308684,0.698022,-0.060066,0.352915,0.673956,-0.071767,0.232901,0.579482,-0.021457,0.268907,0.502047,-0.038687,0.285701,0.452365,-0.054460,0.298277,0.406102,-0.066428,0.196869,0.549671,-0.018999,0.224439,0.457000,-0.033192,0.238189,0.399499,-0.047563,0.246300,0.351611,-0.058330,0.158996,0.542241,-0.020745,0.174024,0.454223,-0.035372,0.182467,0.399660,-0.047341,0.189106,0.352362,-0.055527,0.119275,0.552350,-0.025984,0.124755,0.482240,-0.040333,0.127907,0.436093,-0.047430,0.132379,0.393096,-0.051301
956,0,0.042454,0.045972,0.070196,0.375177,0.163844,0.120231,0.768215,0.000000,0.188777,0.764430,-0.032670,0.254807,0.732056,-0.047835,0.308584,0.698588,-0.060707,0.352658,0.674511,-0.072777,0.233052,0.579448,-0.022247,0.268125,0.502188,-0.039974,0.284026,0.452289,-0.056075,0.296335,0.405783,-0.068279,0.196670,0.549640,-0.020043,0.223718,0.457340,-0.034741,0.237521,0.400091,-0.049394,0.245985,0.351969,-0.060396,0.158651,0.542392,-0.022002,0.173643,0.454603,-0.036923,0.182347,0.400101,-0.049127,0.189161,0.352609,-0.057456,0.118872,0.552776,-0.027459,0.124709,0.482739,-0.041956,0.127967,0.436344,-0.049082,0.132417,0.393664,-0.053046
989,0,0.033247,0.044708,0.032714,0.372221,0.145250,0.119348,0.767823,0.000000,0.188169,0.764437,-0.032395,0.255042,0.732077,-0.047270,0.309171,0.698773,-0.059766,0.352937,0.675071,-0.071506,0.232970,0.579376,-0.021823,0.267812,0.502098,-0.039221,0.283446,0.452133,-0.055141,0.295055,0.405497,-0.067192,0.196701,0.549419,-0.019555,0.223754,0.457320,-0.033907,0.237185,0.400283,-0.048426,0.245419,0.352503,-0.059277,0.158781,0.541740,-0.021378,0.173868,0.454023,-0.035864,0.182570,0.400078,-0.047759,0.189333,0.352887,-0.055897,0.118887,0.551509,-0.026681,0.124559,0.481772,-0.040756,0.127970,0.436025,-0.047581,0.132574,0.393558,-0.051361
1024,0,0.044481,0.056738,0.047437,0.392358,0.171948,0.120442,0.768695,0.000000,0.188654,0.764489,-0.031831,0.255287,0.732298,-0.046668,0.308800,0.699681,-0.059392,0.352670,0.676250,-0.071403,0.233064,0.579998,-0.021799,0.267688,0.502581,-0.039483,0.282996,0.452365,-0.055566,0.294553,0.405533,-0.067800,0.196641,0.550479,-0.020053,0.223017,0.458280,-0.034834,0.236147,0.400975,-0.049560,0.244312,0.352595,-0.060548,0.158419,0.542983,-0.022355,0.173255,0.455167,-0.037259,0.181992,0.400833,-0.049293,0.189047,0.352900,-0.057523,0.118415,0.553095,-0.028094,0.124404,0.483194,-0.042642,0.127915,0.437196,-0.049693,0.132542,0.394234,-0.053564
1070,0,0.019118,0.026597,0.034510,0.407681,0.157357,0.119162,0.768889,0.000000,0.188163,0.764817,-0.031997,0.254957,0.732535,-0.046831,0.309048,0.699752,-0.059425,0.352932,0.676217,-0.071310,0.232707,0.580623,-0.021896,0.267327,0.503256,-0.039558,0.282239,0.453001,-0.055656,0.293352,0.405472,-0.067984,0.196324,0.550887,-0.020078,0.223172,0.459174,-0.034879,0.236358,0.401855,-0.049713,0.244453,0.353096,-0.060844,0.157996,0.543378,-0.022307,0.173029,0.455287,-0.037252,0.181659,0.401054,-0.049358,0.188642,0.353214,-0.057607,0.117840,0.553355,-0.027983,0.123815,0.483198,-0.042596,0.127300,0.437019,-0.049713,0.131974,0.393896,-0.053660
1104,0,0.035675,0.046514,0.034204,0.417878,0.170192,0.119225,0.768258,0.000000,0.188138,0.764158,-0.031766,0.255086,0.732328,-0.046363,0.309010,0.699914,-0.058830,0.352432,0.676517,-0.070587,0.232663,0.580552,-0.021617,0.267217,0.503148,-0.038931,0.281887,0.452900,-0.054792,0.292842,0.405520,-0.066949,0.195818,0.551239,-0.019754,0.221890,0.459359,-0.034317,0.234803,0.402627,-0.048936,0.242826,0.354206,-0.059850,0.157314,0.543549,-0.021906,0.171874,0.455627,-0.036646,0.180275,0.401356,-0.048492,0.187130,0.353552,-0.056567,0.117297,0.553585,-0.027507,0.123042,0.483536,-0.041948,0.126330,0.437539,-0.048892,0.131049,0.394560,-0.052618
1133,0,0.032216,0.029784,0.041643,0.443443,0.175153,0.118565,0.769257,0.000000,0.187042,0.765002,-0.031405,0.254551,0.732951,-0.046069,0.308466,0.700772,-0.058569,0.352055,0.677244,-0.070362,0.232475,0.580437,-0.021345,0.266242,0.502753,-0.038582,0.280839,0.452623,-0.054417,0.291552,0.405442,-0.066519,0.195456,0.551311,-0.019689,0.220955,0.459137,-0.034055,0.233386,0.402395,-0.048454,0.240990,0.354269,-0.059231,0.156673,0.543632,-0.022018,0.171285,0.455570,-0.036462,0.179353,0.401366,-0.048012,0.186106,0.353427,-0.055963,0.116147,0.553860,-0.027761,0.122128,0.483896,-0.041873,0.125619,0.438051,-0.048542,0.130349,0.395298,-0.052032
1164,0,0.037484,0.026918,0.099027,0.474962,0.189721,0.117578,0.769212,0.000000,0.186491,0.764227,-0.031160,0.254573,0.733141,-0.045622,0.307996,0.700856,-0.058069,0.351189,0.676912,-0.069806,0.231761,0.580648,-0.020519,0.264903,0.502912,-0.037716,0.279021,0.452729,-0.053728,0.289591,0.405414,-0.066041,0.194946,0.551452,-0.019101,0.219671,0.459532,-0.033596,0.231394,0.402893,-0.048501,0.238499,0.354724,-0.059619,0.156308,0.543936,-0.021682,0.170561,0.456220,-0.036298,0.178293,0.402374,-0.048147,0.184484,0.354563,-0.056253,0.115794,0.553874,-0.027661,0.121587,0.484222,-0.041879,0.124634,0.438594,-0.048634,0.128922,0.395855,-0.052266
1198,0,0.073259,0.080562,0.102038,0.533619,0.258846,0.117961,0.769208,0.000000,0.186376,0.763820,-0.030995,0.253646,0.733395,-0.045586,0.306093,0.701385,-0.058187,0.348232,0.676144,-0.070036,0.231678,0.578885,-0.019421,0.261951,0.501381,-0.036367,0.274694,0.451450,-0.052483,0.284111,0.404197,-0.064863,0.194880,0.551209,-0.018007,0.218621,0.460071,-0.032188,0.229625,0.404098,-0.047177,0.235966,0.356225,-0.058452,0.156146,0.544493,-0.020648,0.170124,0.457753,-0.035062,0.177173,0.404889,-0.046868,0.182508,0.357626,-0.054959,0.115244,0.554608,-0.026684,0.121298,0.484972,-0.040611,0.124377,0.439817,-0.047266,0.128432,0.397386,-0.050847
1227,0,0.134153,0.134373,0.128397,0.652588,0.385440,0.118161,0.769919,0.000000,0.185679,0.764696,-0.030569,0.251621,0.734711,-0.045149,0.302145,0.701963,-0.057879,0.341754,0.673498,-0.069771,0.230142,0.577415,-0.017146,0.256583,0.499904,-0.033829,0.267212,0.450741,-0.050214,0.274757,0.404506,-0.062636,0.193992,0.550576,-0.015692,0.216623,0.461045,-0.029160,0.226613,0.406265,-0.043960,0.231826,0.359998,-0.055192,0.155643,0.544212,-0.018412,0.169697,0.459415,-0.031957,0.176614,0.408403,-0.043123,0.181268,0.362821,-0.050831,0.114666,0.554300,-0.024557,0.121169,0.485518,-0.037396,0.124265,0.441443,-0.043299,0.127773,0.399922,-0.046426
1260,0,0.159670,0.148260,0.379222,0.802322,0.528779,0.117843,0.770712,0.000000,0.185150,0.763570,-0.030399,0.249412,0.735096,-0.044217,0.295990,0.701362,-0.056368,0.328492,0.667101,-0.067554,0.226920,0.576775,-0.014893,0.249542,0.498725,-0.031803,0.257677,0.449551,-0.049042,0.262908,0.402904,-0.061851,0.191416,0.552528,-0.013511,0.212675,0.465565,-0.027329,0.221639,0.410502,-0.043471,0.226579,0.363362,-0.055754,0.153635,0.547113,-0.016483,0.168504,0.464219,-0.030443,0.175410,0.413245,-0.042748,0.179814,0.367630,-0.051148,0.112757,0.557126,-0.022898,0.120168,0.488174,-0.036409,0.123269,0.443400,-0.043164,0.126358,0.401305,-0.046849
1295,0,0.216995,0.227005,0.329672,1.001996,0.724580,0.117778,0.770025,0.000000,0.183140,0.763602,-0.029877,0.246577,0.736169,-0.042591,0.292240,0.702990,-0.053450,0.316229,0.663924,-0.063034,0.223919,0.576423,-0.011236,0.243105,0.499006,-0.026142,0.248448,0.450527,-0.042764,0.250981,0.404490,-0.055090,0.189718,0.552998,-0.009412,0.209426,0.467396,-0.020627,0.217740,0.413333,-0.035943,0.222058,0.366964,-0.047923,0.152848,0.547589,-0.012056,0.168904,0.466448,-0.023400,0.176500,0.416706,-0.034993,0.180959,0.372144,-0.043282,0.112603,0.556932,-0.018241,0.120473,0.488630,-0.029531,0.124051,0.444645,-0.035273,0.127220,0.403853,-0.038533
1324,0,0.162660,0.164093,0.295687,1.140608,0.856805,0.117165,0.769022,0.000000,0.181183,0.760936,-0.028729,0.242792,0.735065,-0.041207,0.287834,0.703305,-0.052041,0.307306,0.663078,-0.061554,0.221536,0.576853,-0.009235,0.237731,0.499583,-0.023547,0.241095,0.452544,-0.040247,0.242335,0.407827,-0.052681,0.187343,0.553077,-0.007774,0.204465,0.468585,-0.017873,0.211178,0.416465,-0.033016,0.214858,0.371607,-0.045131,0.150736,0.547201,-0.010734,0.166435,0.467842,-0.020550,0.174124,0.420391,-0.031289,0.179201,0.377164,-0.039351,0.110763,0.556265,-0.017244,0.120240,0.488547,-0.027023,0.125031,0.445948,-0.031758,0.129812,0.405834,-0.034509
1358,0,0.233080,0.226973,0.255140,1.359410,1.041820,0.115553,0.767843,0.000000,0.180712,0.758486,-0.026986,0.242134,0.733214,-0.038479,0.286998,0.702375,-0.048625,0.304115,0.661976,-0.057508,0.219177,0.577186,-0.004807,0.233589,0.500291,-0.017429,0.236091,0.454679,-0.033301,0.237442,0.412120,-0.045215,0.184774,0.554318,-0.003426,0.199769,0.472075,-0.011809,0.205706,0.423176,-0.026312,0.209879,0.381876,-0.038121,0.148476,0.548387,-0.006489,0.162997,0.471163,-0.014703,0.170632,0.426494,-0.024523,0.176833,0.386183,-0.032143,0.109329,0.556482,-0.013030,0.119422,0.489810,-0.021208,0.125314,0.449319,-0.024965,0.132200,0.411175,-0.027217
1392,0,0.172823,0.126662,0.154841,1.524838,1.150677,0.113620,0.769948,0.000000,0.178592,0.759381,-0.027316,0.240479,0.733153,-0.038350,0.285255,0.702323,-0.047979,0.301608,0.662209,-0.056203,0.215999,0.577376,-0.002730,0.229250,0.500995,-0.014206,0.232281,0.457048,-0.029713,0.234909,0.416523,-0.041491,0.181295,0.555570,-0.000772,0.195456,0.475101,-0.008436,0.201966,0.428470,-0.023060,0.207168,0.390218,-0.034817,0.145245,0.549726,-0.003412,0.159147,0.474880,-0.010796,0.167648,0.432298,-0.020869,0.175618,0.394411,-0.028577,0.107291,0.557591,-0.009619,0.118533,0.492163,-0.016985,0.125457,0.453281,-0.020838,0.134184,0.416606,-0.023225
1421,0,0.177864,0.139685,0.204509,1.690584,1.243446,0.110067,0.770746,0.000000,0.174438,0.759363,-0.026490,0.234617,0.733401,-0.037353,0.279399,0.704203,-0.047189,0.298372,0.665464,-0.055691,0.212816,0.578296,0.000212,0.225500,0.503399,-0.010021,0.228971,0.460411,-0.024745,0.232998,0.420598,-0.036326,0.178692,0.556783,0.001751,0.192287,0.478594,-0.004900,0.198975,0.434484,-0.018974,0.205794,0.398449,-0.030453,0.143189,0.551633,-0.001452,0.156755,0.478000,-0.008501,0.165259,0.437590,-0.017968,0.174329,0.401217,-0.025258,0.106080,0.560429,-0.008224,0.118042,0.495600,-0.015607,0.125980,0.457630,-0.019323,0.136466,0.421968,-0.021623
1472,0,0.214951,0.192585,0.370221,1.883093,1.419607,0.108860,0.772096,0.000000,0.174433,0.758460,-0.023682,0.233818,0.730629,-0.032873,0.278131,0.702801,-0.041779,0.296820,0.665460,-0.049605,0.210038,0.577352,0.007001,0.222235,0.504029,-0.001568,0.227275,0.463628,-0.015693,0.234389,0.428217,-0.026902,0.176242,0.557994,0.007403,0.189258,0.480406,0.001732,0.197315,0.439475,-0.012503,0.206605,0.408735,-0.023967,0.141401,0.554524,0.002930,0.154643,0.481048,-0.003668,0.163865,0.442213,-0.013594,0.174710,0.410192,-0.021032,0.104836,0.564654,-0.004968,0.117246,0.499417,-0.012126,0.126508,0.461552,-0.016386,0.139457,0.427431,-0.019157
1502,0,0.182564,0.185151,0.740215,1.837288,1.376244,0.107595,0.772657,0.000000,0.171722,0.759751,-0.021900,0.230635,0.729577,-0.031399,0.274494,0.703656,-0.041039,0.293841,0.666074,-0.049523,0.208101,0.576911,0.005617,0.219931,0.502304,-0.004577,0.227935,0.464870,-0.018866,0.239373,0.435692,-0.029572,0.175902,0.558814,0.004889,0.190177,0.477878,-0.002725,0.202031,0.442536,-0.016603,0.216989,0.422228,-0.026954,0.142056,0.555596,-0.000497,0.156628,0.478593,-0.007809,0.169233,0.443112,-0.016704,0.185405,0.419446,-0.022935,0.106239,0.566506,-0.009199,0.119099,0.500391,-0.016044,0.130077,0.461822,-0.019830,0.145623,0.430834,-0.022123
1532,0,0.485565,0.458970,1.481993,1.608632,1.188425,0.108293,0.773975,0.000000,0.169022,0.761117,-0.022135,0.227704,0.730661,-0.034036,0.270727,0.707442,-0.046244,0.289697,0.667350,-0.057713,0.207644,0.578202,-0.002084,0.221761,0.501712,-0.018929,0.233408,0.467440,-0.036769,0.247798,0.447729,-0.048546,0.176475,0.561634,-0.004021,0.191501,0.477455,-0.019618,0.208435,0.447652,-0.037489,0.228248,0.440414,-0.049286,0.143506,0.559501,-0.010307,0.159324,0.477304,-0.024150,0.178282,0.445226,-0.036296,0.200632,0.433239,-0.043531,0.107892,0.571317,-0.019453,0.122183,0.505812,-0.031405,0.138748,0.468731,-0.038249,0.160120,0.445583,-0.041928
1566,0,0.248348,0.249617,1.353750,1.647468,1.255630,0.107411,0.774389,0.000000,0.165407,0.763627,-0.021794,0.224359,0.733037,-0.033766,0.267827,0.709280,-0.046318,0.284950,0.666288,-0.057897,0.207362,0.579233,-0.001245,0.222783,0.502383,-0.019892,0.238230,0.472555,-0.039080,0.255496,0.461560,-0.050949,0.177829,0.563157,-0.003650,0.195112,0.478346,-0.021194,0.216132,0.453559,-0.040425,0.239673,0.455220,-0.052397,0.146921,0.561092,-0.010587,0.164096,0.477948,-0.026095,0.188527,0.451092,-0.039597,0.215847,0.449550,-0.046979,0.113441,0.572731,-0.020347,0.129562,0.507052,-0.033125,0.149150,0.472018,-0.040631,0.173301,0.456247,-0.044374
1601,0,0.218095,0.200366,0.448318,1.741573,1.353554,0.106738,0.776086,0.000000,0.164185,0.765401,-0.020003,0.224650,0.732792,-0.030711,0.267588,0.709320,-0.042209,0.285075,0.667861,-0.052772,0.208308,0.580967,0.000209,0.224419,0.506389,-0.017799,0.241887,0.478829,-0.036346,0.260480,0.470427,-0.047698,0.180146,0.565830,-0.002856,0.200206,0.482140,-0.020398,0.222762,0.460259,-0.039340,0.245781,0.465989,-0.050901,0.150020,0.564300,-0.010282,0.169880,0.483798,-0.026116,0.195549,0.460476,-0.040068,0.222471,0.462419,-0.047698,0.116674,0.576208,-0.020335,0.133806,0.511580,-0.033747,0.155505,0.479263,-0.041980,0.181370,0.466175,-0.046201
1628,0,0.131251,0.134974,0.378344,1.731317,1.396537,0.106811,0.775503,0.000000,0.165147,0.764454,-0.018360,0.227029,0.731628,-0.028562,0.270231,0.709522,-0.039807,0.286619,0.668055,-0.050239,0.208781,0.579145,0.000383,0.225327,0.503745,-0.018078,0.244897,0.477944,-0.036595,0.265299,0.471549,-0.047736,0.181727,0.566323,-0.003654,0.202485,0.482742,-0.021468,0.226833,0.461804,-0.040308,0.251084,0.468346,-0.051783,0.152454,0.566076,-0.011903,0.172971,0.485689,-0.028020,0.200524,0.463612,-0.041623,0.228441,0.466451,-0.049071,0.119952,0.578757,-0.022679,0.136992,0.514092,-0.036428,0.160426,0.482352,-0.044606,0.187556,0.469846,-0.048862
1661,0,0.175206,0.134434,0.584469,1.656245,1.384835,0.109805,0.775210,0.000000,0.167717,0.761775,-0.017582,0.230773,0.727926,-0.027839,0.274675,0.706491,-0.039212,0.293335,0.666290,-0.049835,0.209600,0.573038,-0.000998,0.225094,0.496023,-0.020681,0.246673,0.473605,-0.039713,0.268503,0.470615,-0.050920,0.183205,0.563216,-0.005598,0.203038,0.479105,-0.025293,0.229906,0.462155,-0.044910,0.255213,0.473352,-0.056429,0.154970,0.565060,-0.014243,0.175138,0.484128,-0.031741,0.204551,0.465056,-0.045661,0.233478,0.471561,-0.052840,0.123412,0.579397,-0.025272,0.140347,0.513584,-0.039672,0.164789,0.482824,-0.047998,0.192443,0.471911,-0.052130
1689,0,0.178069,0.180532,0.983542,1.615962,1.388726,0.111801,0.771866,0.000000,0.169429,0.757836,-0.016296,0.231966,0.725915,-0.028100,0.274409,0.707009,-0.041321,0.293221,0.667523,-0.053934,0.211321,0.565574,-0.003780,0.225877,0.486910,-0.024344,0.247059,0.469927,-0.043441,0.268843,0.472872,-0.054521,0.184302,0.558100,-0.009449,0.200782,0.470951,-0.029674,0.228500,0.459010,-0.048393,0.254399,0.476060,-0.058928,0.156712,0.563306,-0.018803,0.172389,0.478030,-0.036285,0.203093,0.460929,-0.048771,0.233379,0.470924,-0.054647,0.127138,0.582688,-0.030409,0.141697,0.515481,-0.044700,0.166394,0.487149,-0.051919,0.193715,0.480591,-0.054773
1724,0,0.076233,0.092626,0.265098,1.627742,1.422147,0.110651,0.770529,0.000000,0.170249,0.754594,-0.015134,0.232199,0.721858,-0.027057,0.275458,0.703278,-0.040765,0.295580,0.664619,-0.053860,0.209634,0.565531,-0.003100,0.225112,0.487161,-0.024205,0.248484,0.471501,-0.043595,0.271482,0.475537,-0.054663,0.183929,0.558554,-0.009536,0.200651,0.469641,-0.029887,0.230298,0.456923,-0.048664,0.256657,0.474114,-0.059183,0.157402,0.564356,-0.019559,0.172106,0.476987,-0.037195,0.203906,0.459735,-0.049551,0.233848,0.470391,-0.055212,0.129223,0.583622,-0.031767,0.143136,0.515000,-0.046763,0.169097,0.487044,-0.054283,0.197022,0.481501,-0.057113
1757,0,0.139628,0.113214,0.589041,1.644899,1.502349,0.112125,0.766427,0.000000,0.172324,0.748917,-0.013197,0.234420,0.717452,-0.024660,0.277399,0.698787,-0.038470,0.300188,0.660987,-0.051731,0.208760,0.562874,-0.001174,0.225589,0.484919,-0.022228,0.250643,0.472229,-0.041304,0.274226,0.479533,-0.051900,0.184278,0.556005,-0.008613,0.201197,0.467552,-0.028255,0.232228,0.456987,-0.046020,0.259065,0.475478,-0.055749,0.159077,0.561435,-0.019626,0.174335,0.474736,-0.036863,0.207432,0.459980,-0.047881,0.237548,0.472943,-0.052534,0.132444,0.579915,-0.032718,0.145438,0.509930,-0.047205,0.171743,0.484276,-0.053338,0.199381,0.482554,-0.054945
1790,0,0.146678,0.082918,0.613096,1.641227,1.562530,0.113847,0.761724,0.000000,0.172264,0.744460,-0.012138,0.234524,0.711007,-0.023582,0.277529,0.692920,-0.037631,0.301963,0.656659,-0.051238,0.208251,0.557166,-0.000871,0.226495,0.478582,-0.021650,0.252833,0.467981,-0.040508,0.276676,0.478647,-0.050818,0.184423,0.551150,-0.008883,0.202836,0.461415,-0.028538,0.235657,0.454321,-0.046367,0.262400,0.477538,-0.055816,0.159901,0.556948,-0.020254,0.176773,0.468237,-0.037337,0.211822,0.457285,-0.048467,0.242098,0.475870,-0.052918,0.134288,0.575698,-0.033536,0.149213,0.504543,-0.047669,0.176950,0.481378,-0.053464,0.204489,0.483958,-0.054682
1838,0,0.206234,0.202501,0.573635,1.712061,1.653766,0.112727,0.759232,0.000000,0.172946,0.740228,-0.011716,0.233320,0.705912,-0.024276,0.276740,0.688830,-0.039778,0.301609,0.653060,-0.055048,0.206149,0.555812,-0.003314,0.222068,0.474352,-0.025310,0.249711,0.463166,-0.044376,0.275329,0.471499,-0.055048,0.183566,0.552074,-0.012613,0.201758,0.459541,-0.033936,0.237111,0.452706,-0.052475,0.265720,0.474496,-0.062388,0.160396,0.559241,-0.025141,0.176369,0.469321,-0.043701,0.215021,0.457562,-0.055386,0.248264,0.473552,-0.060026,0.136944,0.579472,-0.039525,0.151547,0.506700,-0.054837,0.182155,0.483277,-0.061249,0.211917,0.484627,-0.062894
1871,0,0.142436,0.134471,0.338141,1.714857,1.674795,0.112058,0.757001,0.000000,0.173554,0.737450,-0.010603,0.233852,0.702921,-0.022037,0.276974,0.683743,-0.036623,0.303777,0.647412,-0.050768,0.206139,0.556140,0.000026,0.222156,0.476788,-0.021322,0.250312,0.464429,-0.040328,0.276469,0.472005,-0.051020,0.184140,0.551121,-0.009398,0.200879,0.458961,-0.029993,0.236365,0.450713,-0.048158,0.265311,0.471672,-0.057840,0.162164,0.557192,-0.022142,0.177069,0.466475,-0.040580,0.215762,0.454958,-0.051904,0.249054,0.472358,-0.056240,0.140070,0.576045,-0.036645,0.154857,0.503254,-0.051778,0.185305,0.480834,-0.057756,0.214792,0.483930,-0.058934
1904,0,0.170411,0.148940,0.446280,1.767369,1.775175,0.113262,0.751201,0.000000,0.175136,0.731359,-0.008895,0.235814,0.696932,-0.019120,0.279377,0.678578,-0.033007,0.305203,0.641722,-0.046213,0.205255,0.552970,0.003589,0.221003,0.474781,-0.017089,0.250417,0.463306,-0.035623,0.277096,0.471644,-0.045837,0.184139,0.547747,-0.006488,0.200252,0.455167,-0.027272,0.237941,0.449605,-0.045167,0.267198,0.472808,-0.054209,0.162770,0.552838,-0.019936,0.178132,0.461957,-0.038511,0.218863,0.453671,-0.049562,0.252111,0.473563,-0.053162,0.142195,0.569890,-0.035037,0.158467,0.498156,-0.049897,0.190510,0.478856,-0.055590,0.220381,0.484466,-0.056343
1932,0,0.154050,0.144794,0.208671,1.846002,1.879798,0.112548,0.747780,0.000000,0.175368,0.726899,-0.006618,0.235328,0.692488,-0.015653,0.279109,0.673173,-0.028879,0.306263,0.637765,-0.041265,0.202736,0.553126,0.007578,0.218413,0.474530,-0.012220,0.248705,0.461433,-0.030166,0.276043,0.468785,-0.040062,0.183272,0.547578,-0.003392,0.199170,0.455036,-0.023402,0.237980,0.448158,-0.040871,0.268432,0.469981,-0.049792,0.163563,0.551463,-0.017790,0.179433,0.460664,-0.035933,0.221720,0.452248,-0.047137,0.256179,0.472279,-0.050954,0.145130,0.566710,-0.033693,0.162123,0.495200,-0.047966,0.195459,0.476381,-0.053776,0.226345,0.482827,-0.054730
1965,0,0.144082,0.129706,0.278564,1.875429,1.943962,0.114573,0.744175,0.000000,0.176095,0.722694,-0.005810,0.234600,0.687655,-0.014064,0.278598,0.669600,-0.026670,0.305128,0.634439,-0.038353,0.202650,0.550547,0.010117,0.219469,0.473708,-0.008428,0.249326,0.461424,-0.025705,0.275601,0.469763,-0.035211,0.183815,0.544603,-0.001037,0.200030,0.454379,-0.019556,0.237689,0.447145,-0.036259,0.267093,0.468727,-0.044759,0.164754,0.547442,-0.015676,0.180624,0.457776,-0.032317,0.221870,0.448648,-0.042623,0.255778,0.468625,-0.045990,0.146805,0.562243,-0.031906,0.163240,0.491370,-0.045292,0.195346,0.471975,-0.050466,0.225124,0.478657,-0.050918
2000,0,0.123133,0.091025,0.280095,1.940732,2.027604,0.115984,0.740996,0.000000,0.177347,0.719125,-0.003773,0.235048,0.682720,-0.011137,0.278502,0.664429,-0.023433,0.305862,0.629791,-0.034753,0.200956,0.548146,0.012692,0.217231,0.470995,-0.005543,0.248326,0.458881,-0.022620,0.275242,0.469336,-0.031786,0.183152,0.542412,0.000494,0.198915,0.451158,-0.017651,0.238549,0.444174,-0.034164,0.268815,0.468011,-0.042436,0.165109,0.545143,-0.015151,0.181116,0.454423,-0.031359,0.224251,0.446462,-0.041907,0.258729,0.468522,-0.045403,0.148578,0.559537,-0.032253,0.165959,0.488242,-0.045321,0.199520,0.469912,-0.050646,0.229950,0.478537,-0.051175
2028,0,0.119907,0.094240,0.230364,2.001465,2.101141,0.115182,0.738003,0.000000,0.177896,0.715716,-0.001548,0.234420,0.679039,-0.008225,0.277734,0.659778,-0.020439,0.306439,0.625762,-0.031746,0.199855,0.546802,0.015711,0.215768,0.471036,-0.001602,0.247502,0.457748,-0.018343,0.275330,0.467148,-0.027616,0.182518,0.540451,0.002316,0.198064,0.449084,-0.015073,0.238471,0.441253,-0.031422,0.269600,0.464332,-0.039865,0.165187,0.542836,-0.014436,0.182202,0.452172,-0.030309,0.226689,0.444065,-0.041019,0.262130,0.465776,-0.044906,0.149909,0.556719,-0.032455,0.168929,0.486446,-0.045311,0.203469,0.468693,-0.050656,0.234489,0.477088,-0.051426
2061,0,0.165123,0.149708,0.250937,2.097763,2.203233,0.115680,0.736944,0.000000,0.178450,0.713228,0.000711,0.234507,0.675162,-0.004617,0.277920,0.656456,-0.016158,0.306660,0.621746,-0.026806,0.197966,0.543581,0.022265,0.215985,0.470264,0.006707,0.248271,0.457442,-0.009946,0.276082,0.467090,-0.019651,0.181573,0.537517,0.007494,0.199888,0.448079,-0.008685,0.240591,0.441362,-0.025999,0.271677,0.465433,-0.035446,0.164964,0.539093,-0.010759,0.184805,0.450590,-0.025292,0.229406,0.443702,-0.036576,0.264342,0.465678,-0.041380,0.150616,0.552670,-0.030258,0.171935,0.484219,-0.041905,0.205893,0.466545,-0.047234,0.235614,0.473951,-0.048485
2091,0,0.088546,0.091180,0.363281,2.151279,2.261803,0.114500,0.734883,0.000000,0.178749,0.710573,0.002348,0.234738,0.671914,-0.002420,0.277781,0.653375,-0.013726,0.306485,0.619154,-0.024192,0.196127,0.541469,0.023969,0.215439,0.469922,0.009565,0.247787,0.455820,-0.006387,0.275821,0.463169,-0.015973,0.179565,0.535435,0.008487,0.200824,0.447839,-0.007313,0.242052,0.441551,-0.024678,0.273466,0.465555,-0.034213,0.163213,0.537276,-0.010244,0.185919,0.449593,-0.024475,0.230857,0.443235,-0.035873,0.265573,0.464564,-0.040853,0.150361,0.551589,-0.030022,0.175211,0.484270,-0.041258,0.209164,0.466204,-0.046481,0.238316,0.472325,-0.047898
2124,0,0.061549,0.062423,0.262339,2.191018,2.299302,0.113115,0.734222,0.000000,0.177548,0.709815,0.002466,0.233438,0.670602,-0.002597,0.277619,0.651469,-0.014321,0.307067,0.616163,-0.025266,0.192199,0.541101,0.024013,0.213422,0.469883,0.010117,0.247096,0.455614,-0.005407,0.276132,0.462272,-0.014836,0.175800,0.534691,0.008459,0.200823,0.447236,-0.006701,0.243060,0.441283,-0.023730,0.274628,0.464688,-0.033109,0.160412,0.536787,-0.010258,0.186354,0.449117,-0.023892,0.232333,0.442532,-0.034908,0.267400,0.463466,-0.039739,0.149423,0.551259,-0.030016,0.177277,0.483929,-0.040608,0.212123,0.466107,-0.045318,0.241262,0.472449,-0.046450
2159,0,0.049816,0.050446,0.199039,2.207076,2.307329,0.113644,0.734297,0.000000,0.178025,0.709160,0.003085,0.233790,0.668618,-0.001727,0.277511,0.649057,-0.013100,0.306827,0.614567,-0.023708,0.190745,0.538437,0.023141,0.213134,0.467329,0.009331,0.247221,0.453675,-0.005937,0.276040,0.460521,-0.015187,0.174164,0.532985,0.007487,0.200929,0.445943,-0.007614,0.243650,0.440565,-0.024397,0.274924,0.464022,-0.033556,0.159372,0.536063,-0.011094,0.186955,0.449108,-0.024458,0.232995,0.442605,-0.035177,0.267718,0.462756,-0.039838,0.149820,0.551880,-0.030638,0.178502,0.484902,-0.040628,0.212979,0.466489,-0.044944,0.241666,0.471100,-0.045877
2191,0,0.090529,0.094058,0.256101,2.170274,2.276606,0.114815,0.732835,0.000000,0.178673,0.708360,0.003114,0.234132,0.667696,-0.002035,0.276530,0.647661,-0.013716,0.305373,0.613129,-0.024707,0.193130,0.536682,0.020599,0.214492,0.463219,0.005465,0.248509,0.451275,-0.010320,0.277484,0.460857,-0.019582,0.176044,0.531883,0.004974,0.200748,0.443371,-0.010533,0.243308,0.438418,-0.027004,0.274671,0.462700,-0.035911,0.160700,0.536090,-0.013451,0.186751,0.448686,-0.026984,0.232024,0.442679,-0.036989,0.266308,0.462928,-0.041096,0.150341,0.552943,-0.032800,0.178146,0.485985,-0.042865,0.212124,0.467741,-0.046770,0.240449,0.472097,-0.047258
2239,0,0.089429,0.126913,0.389842,2.212036,2.304454,0.112243,0.734198,0.000000,0.178157,0.708528,0.004753,0.233340,0.667913,0.000545,0.275813,0.647357,-0.010738,0.305153,0.612787,-0.021557,0.191701,0.537223,0.024692,0.213236,0.466014,0.010921,0.246913,0.452448,-0.004621,0.276493,0.458898,-0.014422,0.174665,0.532148,0.007781,0.199998,0.444611,-0.007578,0.242176,0.438179,-0.025099,0.274542,0.460642,-0.035094,0.159510,0.536006,-0.011949,0.186727,0.448757,-0.025934,0.232588,0.441819,-0.037190,0.268324,0.460689,-0.042381,0.149149,0.553036,-0.032427,0.178919,0.486183,-0.042910,0.213497,0.466534,-0.047633,0.242675,0.469284,-0.049058
2270,0,0.068304,0.087823,0.190783,2.172754,2.270240,0.113282,0.733419,0.000000,0.178868,0.706991,0.003497,0.233740,0.667764,-0.001630,0.276418,0.648363,-0.013367,0.305502,0.613607,-0.024406,0.191538,0.537931,0.021526,0.214318,0.466006,0.006780,0.247930,0.453344,-0.008899,0.276620,0.461271,-0.018422,0.174155,0.532362,0.005642,0.200414,0.444428,-0.010089,0.242255,0.439396,-0.026938,0.273591,0.462789,-0.036312,0.158865,0.535903,-0.013040,0.186431,0.448322,-0.027061,0.231517,0.441987,-0.037558,0.266127,0.461731,-0.042112,0.148951,0.552091,-0.032554,0.178165,0.485844,-0.043052,0.212024,0.466990,-0.047463,0.240824,0.470064,-0.048484
2299,0,0.048449,0.053610,0.143304,2.200573,2.284291,0.113618,0.733378,0.000000,0.178375,0.707658,0.003592,0.233780,0.667030,-0.001230,0.276584,0.647113,-0.012669,0.304642,0.611957,-0.023443,0.189541,0.535034,0.022017,0.212331,0.463528,0.007587,0.246557,0.451306,-0.008188,0.275761,0.459448,-0.017852,0.172269,0.530250,0.006120,0.199485,0.443504,-0.009440,0.241835,0.438752,-0.026783,0.273560,0.462468,-0.036560,0.157301,0.534437,-0.012506,0.185722,0.448353,-0.026030,0.231132,0.442367,-0.037008,0.265743,0.462217,-0.042039,0.148119,0.551387,-0.031998,0.177957,0.485818,-0.041876,0.212111,0.466979,-0.046398,0.240919,0.470015,-0.047660
2332,0,0.066971,0.064977,0.165017,2.177245,2.258343,0.112819,0.733856,0.000000,0.178366,0.706917,0.004030,0.232832,0.666695,-0.000915,0.274642,0.645628,-0.012728,0.304276,0.609770,-0.023989,0.191705,0.537125,0.022990,0.212988,0.464934,0.008545,0.246041,0.451705,-0.007302,0.274944,0.458257,-0.017263,0.174409,0.531610,0.006389,0.198770,0.443279,-0.009212,0.240381,0.437151,-0.026496,0.272576,0.459632,-0.036503,0.158366,0.535161,-0.013064,0.185297,0.447617,-0.027107,0.229642,0.440773,-0.037848,0.264752,0.459549,-0.042841,0.147393,0.551461,-0.033364,0.176429,0.484829,-0.043942,0.210035,0.465442,-0.048385,0.238678,0.468121,-0.049730
2367,0,0.045871,0.044572,0.260385,2.175630,2.243833,0.111903,0.734634,0.000000,0.177232,0.707233,0.003388,0.232452,0.666350,-0.001591,0.275145,0.646290,-0.013031,0.303984,0.610687,-0.023774,0.189219,0.536030,0.021221,0.212157,0.465126,0.006628,0.245617,0.452052,-0.009196,0.274525,0.458251,-0.019127,0.171589,0.530853,0.005305,0.198568,0.443696,-0.010539,0.239952,0.438376,-0.027818,0.271766,0.460315,-0.037764,0.156286,0.535065,-0.013378,0.184694,0.448317,-0.027511,0.229416,0.441346,-0.038602,0.264635,0.459596,-0.043830,0.146656,0.552014,-0.032903,0.176423,0.486000,-0.043381,0.210108,0.466262,-0.048160,0.239151,0.467915,-0.049753
2395,0,0.064026,0.063958,0.156551,2.211071,2.277286,0.112017,0.734469,0.000000,0.177784,0.707009,0.004381,0.232108,0.665938,0.000026,0.274475,0.645027,-0.011157,0.303645,0.609762,-0.021720,0.189003,0.536559,0.023522,0.211604,0.465262,0.009509,0.245218,0.451921,-0.006060,0.274247,0.458145,-0.015794,0.171652,0.530904,0.007155,0.197770,0.443610,-0.007912,0.239758,0.437638,-0.024689,0.271840,0.459592,-0.034310,0.156254,0.534751,-0.012058,0.183856,0.447682,-0.025733,0.228739,0.440993,-0.036296,0.263835,0.459472,-0.041148,0.146169,0.551015,-0.032079,0.175464,0.484219,-0.042294,0.209317,0.465363,-0.046552,0.238198,0.468311,-0.047699
2428,0,0.071454,0.069087,0.105759,2.181784,2.243313,0.111224,0.734573,0.000000,0.177722,0.705697,0.005030,0.232209,0.665184,0.000472,0.274694,0.644576,-0.011108,0.303319,0.609096,-0.022256,0.188726,0.536952,0.022726,0.211436,0.464725,0.008073,0.244990,0.450918,-0.007925,0.274288,0.457003,-0.017975,0.171087,0.531899,0.005584,0.196841,0.442891,-0.010290,0.238758,0.436907,-0.027876,0.271302,0.458984,-0.038136,0.155376,0.535942,-0.014245,0.182929,0.447515,-0.028326,0.227880,0.440326,-0.039689,0.263530,0.458609,-0.045207,0.145410,0.552800,-0.034784,0.174610,0.484772,-0.045289,0.208522,0.465054,-0.050153,0.237792,0.467464,-0.051870
2463,0,0.055814,0.057408,0.099009,2.191784,2.255653,0.111082,0.735024,0.000000,0.177662,0.706253,0.004921,0.232471,0.665906,0.000777,0.274896,0.645110,-0.010277,0.303703,0.609490,-0.020810,0.189194,0.537076,0.023698,0.212461,0.465907,0.009330,0.245824,0.452219,-0.006534,0.275029,0.457965,-0.016519,0.171843,0.531366,0.006938,0.198291,0.444006,-0.008864,0.239800,0.437976,-0.026463,0.271936,0.459794,-0.036602,0.156309,0.535105,-0.012566,0.183755,0.447714,-0.026750,0.228503,0.440310,-0.038159,0.264001,0.458465,-0.043546,0.146313,0.551413,-0.032792,0.175224,0.484018,-0.043341,0.209079,0.464473,-0.048175,0.238458,0.466828,-0.049813
2491,0,0.043664,0.046080,0.101997,2.219894,2.283786,0.110937,0.734720,0.000000,0.177505,0.706170,0.005738,0.231620,0.665982,0.001388,0.274410,0.646279,-0.010098,0.304103,0.611003,-0.021129,0.187750,0.536587,0.024162,0.212379,0.466304,0.010334,0.246206,0.453267,-0.005098,0.275265,0.459636,-0.014837,0.170283,0.530729,0.006937,0.198818,0.443877,-0.008080,0.240729,0.438700,-0.024961,0.272482,0.461340,-0.034675,0.155217,0.534662,-0.012932,0.184436,0.447423,-0.026252,0.229420,0.440984,-0.036827,0.264450,0.459828,-0.041807,0.146123,0.551069,-0.033507,0.175929,0.483774,-0.043570,0.209925,0.464600,-0.047914,0.239044,0.467511,-0.049185
2525,0,0.080790,0.107061,0.209318,2.210955,2.266969,0.109190,0.735829,0.000000,0.177699,0.705797,0.006705,0.232220,0.665357,0.002481,0.274724,0.644915,-0.009304,0.304376,0.609771,-0.020864,0.188023,0.536764,0.024749,0.210819,0.464867,0.010509,0.244418,0.451104,-0.005301,0.273892,0.456431,-0.015522,0.170490,0.531634,0.006372,0.197418,0.443475,-0.009432,0.239514,0.437217,-0.027148,0.272313,0.458419,-0.037626,0.155172,0.536146,-0.014671,0.184049,0.448076,-0.028932,0.229505,0.440489,-0.040292,0.265732,0.457762,-0.045931,0.145755,0.553566,-0.036335,0.175627,0.485410,-0.047079,0.209942,0.464968,-0.052041,0.239554,0.466508,-0.053969
2578,0,0.073172,0.096897,0.125052,2.167897,2.240179,0.111258,0.734828,0.000000,0.178334,0.705650,0.005026,0.232268,0.665890,0.000383,0.274899,0.645808,-0.011211,0.304731,0.610772,-0.022359,0.189562,0.537942,0.022195,0.213648,0.466339,0.007527,0.246956,0.453430,-0.008243,0.275603,0.459447,-0.018238,0.171666,0.532179,0.005203,0.199593,0.443862,-0.010850,0.240988,0.438969,-0.028253,0.272582,0.460935,-0.038413,0.155848,0.535908,-0.014456,0.184802,0.447960,-0.028933,0.229439,0.441319,-0.040226,0.264508,0.459385,-0.045667,0.145593,0.552166,-0.034786,0.175411,0.484637,-0.045626,0.209320,0.465120,-0.050613,0.238700,0.466883,-0.052467
2607,0,0.061265,0.060890,0.114754,2.214228,2.273325,0.111063,0.734874,0.000000,0.178725,0.704929,0.006338,0.232712,0.664943,0.002014,0.275233,0.645408,-0.009679,0.304392,0.610140,-0.020979,0.187683,0.535678,0.024079,0.211168,0.464073,0.009766,0.245003,0.451182,-0.005968,0.274084,0.457648,-0.015919,0.169941,0.530619,0.006261,0.197729,0.443005,-0.009499,0.239879,0.438203,-0.026932,0.272121,0.460839,-0.037031,0.154823,0.535108,-0.014174,0.184148,0.447569,-0.028184,0.229279,0.441355,-0.039146,0.264755,0.460353,-0.044339,0.145759,0.552322,-0.035246,0.176134,0.484632,-0.045571,0.210164,0.465042,-0.050087,0.239164,0.467116,-0.051606
2637,0,0.065780,0.104427,0.207380,2.233036,2.286699,0.109469,0.736071,0.000000,0.177552,0.706263,0.007103,0.232143,0.665239,0.003300,0.274698,0.644446,-0.008242,0.304648,0.608950,-0.019584,0.188274,0.536831,0.026584,0.211795,0.465213,0.013292,0.245402,0.451304,-0.002066,0.274746,0.455678,-0.012122,0.170855,0.531274,0.007996,0.198476,0.443359,-0.007087,0.240584,0.437484,-0.024757,0.273420,0.459217,-0.035247,0.155477,0.535070,-0.013292,0.184513,0.447144,-0.026974,0.230253,0.440444,-0.038367,0.266367,0.458719,-0.044094,0.145865,0.551866,-0.035185,0.176133,0.483220,-0.045572,0.210691,0.463692,-0.050335,0.240247,0.466389,-0.052182
2672,0,0.061704,0.081888,0.107511,2.188079,2.260941,0.110130,0.734299,0.000000,0.178274,0.704717,0.005804,0.232527,0.664539,0.001766,0.275292,0.644195,-0.009465,0.305363,0.609337,-0.020376,0.190314,0.537861,0.024146,0.213616,0.466777,0.010369,0.246312,0.452285,-0.004957,0.274868,0.456004,-0.014934,0.172695,0.531521,0.006625,0.199858,0.444072,-0.009026,0.241052,0.438672,-0.026335,0.273031,0.460145,-0.036560,0.156575,0.534751,-0.013601,0.184940,0.447575,-0.027926,0.229700,0.440782,-0.039307,0.265527,0.458541,-0.044946,0.145845,0.550237,-0.034453,0.174973,0.482510,-0.045318,0.208992,0.463693,-0.050357,0.238414,0.465979,-0.052382
2700,0,0.073085,0.095747,0.180372,2.226622,2.302814,0.111327,0.733599,0.000000,0.177946,0.704708,0.005091,0.232109,0.664683,0.001293,0.274957,0.644358,-0.009469,0.304514,0.609206,-0.019615,0.189380,0.537699,0.025373,0.213336,0.467323,0.012030,0.246392,0.453686,-0.003095,0.275032,0.458188,-0.012697,0.171743,0.531270,0.008735,0.199532,0.444612,-0.006277,0.240839,0.438715,-0.023197,0.272276,0.460162,-0.032907,0.156044,0.534089,-0.010767,0.184833,0.447420,-0.024552,0.229472,0.440439,-0.035534,0.264269,0.458445,-0.040625,0.145958,0.548968,-0.030998,0.175853,0.481907,-0.041405,0.209825,0.463084,-0.046065,0.239049,0.465728,-0.047543
2733,0,0.047555,0.042957,0.183460,2.224460,2.302323,0.111407,0.732665,0.000000,0.178325,0.703120,0.005754,0.232358,0.663593,0.001714,0.274580,0.643417,-0.009620,0.304686,0.608414,-0.020556,0.189467,0.536463,0.025300,0.213068,0.465431,0.011405,0.246411,0.452662,-0.004175,0.275364,0.458939,-0.014007,0.172128,0.530460,0.008008,0.199284,0.443125,-0.007202,0.240988,0.437607,-0.024586,0.273080,0.459958,-0.034645,0.156621,0.533716,-0.012058,0.184914,0.446809,-0.025810,0.230042,0.440231,-0.037073,0.265396,0.459274,-0.042398,0.146522,0.549295,-0.032808,0.175832,0.481729,-0.043214,0.209998,0.463017,-0.047989,0.239423,0.466355,-0.049539
2767,0,0.071835,0.077129,0.144192,2.184603,2.260348,0.111992,0.732005,0.000000,0.178267,0.703682,0.004529,0.232710,0.663274,-0.000144,0.275055,0.643016,-0.011612,0.304467,0.607813,-0.022550,0.189124,0.534888,0.022305,0.212947,0.463511,0.007609,0.246440,0.450955,-0.008288,0.275340,0.458020,-0.018240,0.171698,0.529547,0.005755,0.199173,0.442085,-0.010290,0.240833,0.436985,-0.027841,0.272638,0.459468,-0.037972,0.156092,0.533481,-0.013522,0.184585,0.446384,-0.027841,0.229579,0.439616,-0.039279,0.265048,0.457974,-0.044733,0.145956,0.549992,-0.033499,0.175507,0.483426,-0.044243,0.209472,0.464256,-0.049267,0.238616,0.466371,-0.051024
2797,0,0.073656,0.101466,0.107748,2.227442,2.288285,0.110991,0.733122,0.000000,0.178711,0.703212,0.006531,0.232964,0.662349,0.002990,0.274583,0.641963,-0.007961,0.304218,0.607098,-0.018476,0.189868,0.534910,0.025921,0.212311,0.463528,0.011980,0.245454,0.450255,-0.003677,0.274436,0.455979,-0.013675,0.172271,0.529262,0.007951,0.198242,0.441926,-0.007726,0.239756,0.436413,-0.025288,0.271959,0.458598,-0.035521,0.156441,0.533197,-0.012818,0.184452,0.445636,-0.027249,0.229389,0.439041,-0.038688,0.265114,0.457475,-0.044162,0.146188,0.549501,-0.034214,0.175961,0.481847,-0.045142,0.209957,0.462458,-0.050167,0.239135,0.464718,-0.051965
2831,0,0.056395,0.068989,0.141894,2.184259,2.256961,0.111618,0.732103,0.000000,0.178776,0.702147,0.005057,0.233265,0.662644,0.000888,0.275439,0.642518,-0.010299,0.303953,0.606825,-0.021059,0.191046,0.535312,0.023274,0.213593,0.463102,0.008658,0.246467,0.450197,-0.007172,0.275118,0.456162,-0.017153,0.173238,0.529582,0.006321,0.199600,0.441683,-0.009786,0.240521,0.436752,-0.027498,0.272276,0.458961,-0.037812,0.157084,0.533260,-0.013390,0.184882,0.445764,-0.028011,0.229148,0.439630,-0.039637,0.264383,0.458349,-0.045194,0.146153,0.549043,-0.033773,0.175279,0.481739,-0.044784,0.209088,0.462539,-0.050034,0.238318,0.465227,-0.052002
2863,0,0.040101,0.044315,0.219477,2.195512,2.264393,0.111119,0.731601,0.000000,0.177769,0.703266,0.004501,0.232737,0.663200,-0.000062,0.275558,0.643106,-0.011378,0.304155,0.606666,-0.022203,0.188194,0.533700,0.022469,0.212430,0.463275,0.008218,0.245964,0.450263,-0.007502,0.275128,0.455930,-0.017482,0.170566,0.528338,0.005981,0.199273,0.441654,-0.009714,0.240797,0.436731,-0.027385,0.272548,0.458763,-0.037708,0.155268,0.532391,-0.013170,0.184481,0.446364,-0.027139,0.229429,0.439545,-0.038773,0.264963,0.457610,-0.044528,0.145705,0.549060,-0.033058,0.175556,0.482485,-0.043422,0.209606,0.463232,-0.048502,0.239337,0.465240,-0.050427
2892,0,0.068097,0.092352,0.207908,2.225661,2.285059,0.110905,0.733141,0.000000,0.178469,0.703254,0.006189,0.232771,0.662563,0.002436,0.274765,0.641833,-0.008675,0.304782,0.606472,-0.019396,0.190159,0.534875,0.025452,0.212405,0.463250,0.011733,0.245265,0.449508,-0.003609,0.274059,0.454560,-0.013380,0.172403,0.529202,0.007790,0.198815,0.441749,-0.007473,0.240047,0.435836,-0.024613,0.271946,0.457385,-0.034535,0.156602,0.533025,-0.012654,0.184546,0.445633,-0.026720,0.229424,0.438839,-0.037829,0.265211,0.457284,-0.043047,0.146237,0.549319,-0.033738,0.175781,0.481571,-0.044479,0.209997,0.462347,-0.049266,0.239519,0.465437,-0.050862
2925,0,0.049424,0.067836,0.116836,2.199444,2.276428,0.111173,0.731924,0.000000,0.178836,0.702238,0.005848,0.232602,0.662302,0.001825,0.274864,0.642218,-0.009356,0.304483,0.606887,-0.020149,0.190119,0.535270,0.024031,0.214014,0.464038,0.009925,0.246857,0.451023,-0.005530,0.275381,0.456672,-0.015394,0.172510,0.529241,0.006680,0.200169,0.442072,-0.009053,0.241211,0.437044,-0.026372,0.272852,0.458889,-0.036498,0.156691,0.533095,-0.013381,0.185080,0.446325,-0.027645,0.229381,0.439479,-0.038880,0.264782,0.457413,-0.044323,0.146091,0.549084,-0.034074,0.175232,0.482046,-0.044816,0.209165,0.462713,-0.049828,0.238739,0.464485,-0.051676
2973,0,0.043069,0.040651,0.158649,2.222070,2.287822,0.111222,0.731724,0.000000,0.178922,0.701583,0.006088,0.233159,0.661789,0.002312,0.275806,0.642095,-0.008771,0.304454,0.606217,-0.019488,0.188678,0.534007,0.025336,0.212985,0.463051,0.011224,0.246600,0.450119,-0.004759,0.275545,0.456455,-0.014921,0.171145,0.528357,0.007885,0.199440,0.441257,-0.007896,0.241004,0.436560,-0.026380,0.272818,0.459778,-0.037236,0.155759,0.531823,-0.012238,0.184511,0.445540,-0.025991,0.229079,0.439374,-0.038178,0.264209,0.458740,-0.044322,0.146072,0.548054,-0.033016,0.175485,0.481221,-0.043134,0.209583,0.462130,-0.048419,0.239188,0.464952,-0.050590
3005,0,0.045518,0.044490,0.182436,2.228545,2.297772,0.110128,0.732044,0.000000,0.178193,0.702107,0.006809,0.232236,0.662414,0.002920,0.274431,0.642388,-0.008582,0.303872,0.606502,-0.019807,0.188616,0.534911,0.026457,0.212280,0.464662,0.012716,0.245484,0.451040,-0.003082,0.274756,0.456136,-0.013341,0.171254,0.529210,0.008136,0.198654,0.442306,-0.007352,0.240451,0.436763,-0.025453,0.272880,0.458618,-0.036212,0.155762,0.532799,-0.012931,0.184063,0.446188,-0.026785,0.228929,0.439365,-0.038445,0.264599,0.457489,-0.044347,0.145864,0.548798,-0.034654,0.175153,0.481932,-0.045003,0.208994,0.461963,-0.050127,0.238584,0.463649,-0.052176
3039,0,0.037309,0.057920,0.134163,2.223381,2.295376,0.111048,0.731188,0.000000,0.177998,0.702095,0.005708,0.232227,0.661904,0.001831,0.274369,0.641715,-0.009212,0.303862,0.606505,-0.019753,0.189266,0.535057,0.024715,0.211906,0.463655,0.010710,0.244913,0.450173,-0.004741,0.273570,0.455918,-0.014506,0.171673,0.529222,0.007452,0.198450,0.441591,-0.008127,0.239794,0.436436,-0.025431,0.271633,0.458539,-0.035395,0.156016,0.532747,-0.012593,0.184247,0.445909,-0.026720,0.228834,0.439412,-0.037891,0.264028,0.457499,-0.043169,0.145683,0.548422,-0.033308,0.175053,0.481828,-0.043824,0.208800,0.462713,-0.048570,0.237890,0.465204,-0.050207
3069,0,0.066346,0.063202,0.181353,2.258348,2.316869,0.111123,0.731003,0.000000,0.177897,0.701866,0.005410,0.231969,0.661678,0.001463,0.274872,0.641376,-0.009615,0.304367,0.605874,-0.020189,0.186668,0.533543,0.025680,0.210886,0.463185,0.012167,0.244585,0.449445,-0.003432,0.273889,0.454668,-0.013300,0.169521,0.527786,0.008798,0.197391,0.441353,-0.006308,0.239369,0.435599,-0.024027,0.271300,0.458056,-0.034213,0.154776,0.531239,-0.010809,0.183080,0.445230,-0.024027,0.228268,0.438213,-0.035397,0.263615,0.456885,-0.040807,0.145909,0.547298,-0.031172,0.175593,0.480291,-0.040746,0.209825,0.462043,-0.045155,0.239211,0.465617,-0.046502
3102,0,0.073467,0.058782,0.223451,2.244462,2.300465,0.109902,0.732382,0.000000,0.176569,0.703312,0.005706,0.230480,0.662352,0.001917,0.272895,0.640978,-0.009191,0.302733,0.605194,-0.019871,0.187495,0.535883,0.026454,0.210045,0.465291,0.013329,0.242853,0.449921,-0.001931,0.271960,0.452883,-0.011770,0.170216,0.529851,0.008972,0.196043,0.442853,-0.005854,0.237493,0.435263,-0.023254,0.270135,0.455759,-0.033444,0.154441,0.533008,-0.011382,0.182354,0.446539,-0.025007,0.227191,0.438383,-0.036440,0.262963,0.455377,-0.041983,0.144351,0.548285,-0.032445,0.174453,0.481075,-0.042635,0.208424,0.461270,-0.047364,0.237697,0.463665,-0.048994
3134,0,0.054969,0.043062,0.225113,2.238269,2.309669,0.110978,0.731237,0.000000,0.177483,0.701084,0.006299,0.231331,0.660735,0.002801,0.273408,0.640665,-0.007990,0.303758,0.606402,-0.018383,0.188987,0.535560,0.025889,0.212147,0.465178,0.012842,0.244576,0.450501,-0.001822,0.273278,0.453219,-0.011213,0.171647,0.529217,0.008387,0.198216,0.442487,-0.006380,0.239338,0.435774,-0.022691,0.271215,0.455388,-0.032081,0.155928,0.532370,-0.011956,0.183803,0.445969,-0.025868,0.228824,0.438452,-0.036623,0.264656,0.454760,-0.041634,0.145479,0.547361,-0.032916,0.174371,0.478943,-0.043548,0.208722,0.460708,-0.047989,0.238293,0.464269,-0.049292
3168,0,0.036072,0.042814,0.113327,2.257961,2.329218,0.110565,0.730037,0.000000,0.177346,0.700317,0.006117,0.231622,0.660420,0.002531,0.273773,0.640381,-0.008270,0.303805,0.605684,-0.018566,0.187746,0.534312,0.025670,0.210822,0.463939,0.012306,0.243991,0.449803,-0.002641,0.273053,0.453694,-0.012051,0.170575,0.528350,0.008438,0.197628,0.441754,-0.006540,0.239395,0.435390,-0.023207,0.271153,0.456225,-0.032673,0.155460,0.531762,-0.011553,0.183747,0.445274,-0.025263,0.229293,0.438057,-0.036175,0.265035,0.455525,-0.041142,0.145946,0.547225,-0.032185,0.175179,0.479262,-0.042424,0.209844,0.461155,-0.046821,0.239511,0.464907,-0.048002
3195,0,0.030370,0.032647,0.178965,2.246315,2.318077,0.110364,0.729704,0.000000,0.177383,0.700769,0.006412,0.231610,0.660814,0.002838,0.273603,0.640822,-0.008150,0.303324,0.605787,-0.018718,0.188504,0.534270,0.026095,0.211237,0.463095,0.012296,0.244515,0.449157,-0.003125,0.273652,0.454407,-0.012773,0.171301,0.528538,0.008444,0.197585,0.441507,-0.006778,0.239366,0.435152,-0.023880,0.271374,0.456826,-0.033655,0.155857,0.531802,-0.012011,0.183662,0.444843,-0.025790,0.228295,0.437877,-0.036744,0.263550,0.456251,-0.041744,0.145930,0.547399,-0.033127,0.174860,0.479382,-0.043573,0.208975,0.460377,-0.048247,0.238336,0.463502,-0.049629
3230,0,0.023040,0.025874,0.071330,2.237969,2.309252,0.110119,0.729720,0.000000,0.177095,0.700451,0.005878,0.231270,0.661160,0.002001,0.273445,0.641164,-0.009181,0.303412,0.606033,-0.019896,0.188942,0.534428,0.025586,0.211544,0.463003,0.011757,0.244685,0.449491,-0.003650,0.273848,0.454799,-0.013311,0.171693,0.528341,0.008256,0.197913,0.441086,-0.007052,0.239553,0.434674,-0.024306,0.271638,0.456493,-0.034183,0.155946,0.531517,-0.011919,0.183779,0.444959,-0.025851,0.228952,0.437579,-0.037191,0.264566,0.455708,-0.042475,0.145641,0.546680,-0.032760,0.174851,0.479817,-0.043328,0.209216,0.460976,-0.048246,0.238852,0.464293,-0.049831
3264,0,0.029773,0.029433,0.116609,2.222073,2.298239,0.110665,0.729796,0.000000,0.177935,0.700024,0.005922,0.232058,0.660344,0.002274,0.274030,0.640662,-0.008509,0.303562,0.605629,-0.018840,0.189304,0.534700,0.025052,0.213121,0.464516,0.011467,0.245814,0.450615,-0.003681,0.274412,0.454864,-0.013290,0.171789,0.528397,0.007903,0.198887,0.441776,-0.007388,0.239832,0.435826,-0.024543,0.271436,0.457169,-0.034442,0.156120,0.531583,-0.011966,0.183970,0.444813,-0.025887,0.228122,0.437627,-0.037253,0.263172,0.455608,-0.042650,0.145879,0.546804,-0.032466,0.174463,0.479446,-0.043017,0.208103,0.460235,-0.048027,0.237636,0.462837,-0.049779
3293,0,0.035007,0.033033,0.149089,2.245729,2.315116,0.109924,0.729914,0.000000,0.177336,0.700514,0.006327,0.231601,0.661252,0.002585,0.273737,0.641611,-0.008596,0.303233,0.606377,-0.019369,0.188089,0.534209,0.026449,0.211582,0.463746,0.012756,0.244944,0.449702,-0.002808,0.274015,0.454989,-0.012604,0.170775,0.528253,0.008845,0.197833,0.441721,-0.006429,0.239477,0.435051,-0.024048,0.271581,0.456937,-0.034180,0.155298,0.531384,-0.011556,0.183538,0.445127,-0.025228,0.228236,0.437694,-0.036642,0.263465,0.455853,-0.042033,0.145403,0.546975,-0.032634,0.175127,0.480503,-0.042969,0.209211,0.460940,-0.047933,0.238765,0.463300,-0.049601
3325,0,0.024561,0.024264,0.167616,2.240156,2.315309,0.110193,0.729836,0.000000,0.177556,0.700236,0.006271,0.231438,0.661390,0.002749,0.273351,0.641333,-0.008199,0.303412,0.606728,-0.018718,0.189161,0.535266,0.026632,0.211694,0.464272,0.013072,0.244601,0.449705,-0.002210,0.273349,0.453694,-0.011892,0.172106,0.528945,0.009033,0.198176,0.441872,-0.006195,0.239495,0.435187,-0.023397,0.271592,0.456204,-0.033265,0.156372,0.531602,-0.011465,0.183987,0.444998,-0.025513,0.228478,0.437608,-0.036825,0.263956,0.455408,-0.042115,0.146048,0.546412,-0.032614,0.174939,0.479456,-0.043336,0.208913,0.460501,-0.048341,0.238394,0.463482,-0.049968
3373,0,0.073691,0.085082,0.172724,2.225213,2.301039,0.111012,0.729690,0.000000,0.177119,0.701452,0.004483,0.231803,0.661961,0.000339,0.274030,0.642421,-0.010655,0.303424,0.608023,-0.021045,0.188239,0.534082,0.024054,0.211574,0.463212,0.009740,0.245122,0.450215,-0.006080,0.274317,0.456511,-0.015860,0.171096,0.528481,0.007808,0.197925,0.441506,-0.007935,0.239272,0.435579,-0.025661,0.271133,0.458122,-0.035685,0.155878,0.532039,-0.011244,0.183377,0.445625,-0.025213,0.227973,0.438781,-0.036905,0.263040,0.457845,-0.042293,0.146177,0.547696,-0.031049,0.175044,0.481225,-0.041317,0.209022,0.462355,-0.046278,0.238539,0.465822,-0.047824
3406,0,0.068524,0.059184,0.160814,2.201572,2.279124,0.109246,0.730007,0.000000,0.174889,0.703805,0.003971,0.229914,0.663626,-0.000704,0.272915,0.643127,-0.012299,0.303270,0.608862,-0.023420,0.188524,0.535527,0.023522,0.211010,0.463517,0.009080,0.244666,0.449746,-0.007053,0.273947,0.456335,-0.017144,0.171356,0.530163,0.007048,0.196437,0.442721,-0.008663,0.238104,0.436279,-0.026792,0.270704,0.458695,-0.037395,0.155579,0.533596,-0.012299,0.182177,0.447162,-0.026122,0.226623,0.439886,-0.038025,0.261989,0.458748,-0.043915,0.144777,0.549261,-0.032500,0.173613,0.483121,-0.042696,0.207536,0.462946,-0.047856,0.236954,0.465400,-0.049887
3438,0,0.062333,0.065114,0.137052,2.179824,2.267240,0.108876,0.729949,0.000000,0.174478,0.704504,0.003182,0.230344,0.665333,-0.001749,0.273291,0.646113,-0.013355,0.304564,0.613955,-0.024439,0.191055,0.535362,0.022616,0.213157,0.464086,0.008035,0.246062,0.451704,-0.007969,0.274647,0.459225,-0.017945,0.173064,0.529945,0.006667,0.197754,0.443799,-0.008967,0.238490,0.438255,-0.026324,0.270489,0.460360,-0.036375,0.156373,0.533329,-0.012260,0.183333,0.448458,-0.026405,0.226593,0.441610,-0.037612,0.261335,0.460378,-0.042880,0.144045,0.548734,-0.032120,0.173261,0.483894,-0.042799,0.206670,0.464571,-0.047785,0.235565,0.467105,-0.049487
3468,0,0.124061,0.118207,0.339273,2.091394,2.203740,0.110975,0.730563,0.000000,0.174461,0.707073,-0.000473,0.230755,0.669237,-0.006364,0.274144,0.649734,-0.017841,0.306567,0.618786,-0.028614,0.194851,0.539689,0.018985,0.215965,0.468453,0.004205,0.248026,0.453783,-0.011664,0.276257,0.458657,-0.021385,0.176837,0.533390,0.005432,0.199713,0.446782,-0.010176,0.239557,0.439451,-0.026853,0.271275,0.459632,-0.036370,0.159060,0.535897,-0.011340,0.183481,0.450184,-0.025881,0.226110,0.442112,-0.037059,0.260748,0.459841,-0.042162,0.144729,0.549070,-0.029242,0.171269,0.482863,-0.040502,0.204544,0.464469,-0.045605,0.233850,0.468648,-0.047144
3507,0,0.229944,0.227356,0.672637,1.871809,2.013409,0.111430,0.729858,0.000000,0.172822,0.711451,-0.006321,0.231195,0.676932,-0.013757,0.275725,0.658736,-0.025263,0.308624,0.629034,-0.036317,0.199798,0.542362,0.012089,0.222478,0.471527,-0.003412,0.252275,0.453505,-0.019666,0.279479,0.453584,-0.029705,0.180799,0.534705,0.001548,0.203669,0.449121,-0.014641,0.240699,0.438082,-0.032016,0.272110,0.454516,-0.042246,0.161567,0.536502,-0.012431,0.183726,0.452185,-0.028057,0.223646,0.440530,-0.040799,0.258179,0.456490,-0.046949,0.143615,0.548286,-0.027916,0.165566,0.480023,-0.041080,0.197851,0.460486,-0.047753,0.228427,0.466449,-0.050326
3541,0,0.228284,0.222322,1.277466,1.810705,1.949384,0.108492,0.733440,0.000000,0.169976,0.716248,-0.008724,0.231029,0.682858,-0.016326,0.276041,0.664426,-0.026962,0.309556,0.634476,-0.037038,0.202724,0.546861,0.011198,0.230086,0.483407,-0.002704,0.256965,0.461632,-0.017918,0.281894,0.453586,-0.027864,0.181717,0.536089,0.002281,0.208431,0.457435,-0.011718,0.241133,0.442794,-0.026862,0.270700,0.450318,-0.036097,0.159416,0.536431,-0.010336,0.183456,0.454931,-0.025059,0.219214,0.439305,-0.035356,0.252480,0.446823,-0.040263,0.137082,0.547936,-0.024719,0.159441,0.483371,-0.037859,0.189441,0.461220,-0.043388,0.219194,0.460713,-0.045231
3576,0,0.286199,0.279653,1.562515,1.794128,1.929015,0.107535,0.736014,0.000000,0.167875,0.721532,-0.013057,0.232340,0.689533,-0.020943,0.279083,0.668862,-0.030622,0.313262,0.638866,-0.039521,0.205172,0.550045,0.009955,0.235328,0.489841,-0.003192,0.261192,0.469027,-0.018217,0.285568,0.458691,-0.028198,0.183085,0.537054,0.003988,0.215361,0.468895,-0.007415,0.245757,0.449761,-0.020943,0.274838,0.446765,-0.029961,0.159108,0.534465,-0.006278,0.188343,0.462942,-0.018678,0.220516,0.441360,-0.026995,0.252092,0.437444,-0.031504,0.132667,0.542660,-0.018949,0.155538,0.481618,-0.030182,0.182720,0.455373,-0.034170,0.211885,0.445646,-0.035553
3608,0,0.213782,0.182487,0.885022,1.706235,1.875438,0.104315,0.736257,0.000000,0.165687,0.725163,-0.015916,0.230911,0.696172,-0.023958,0.278374,0.675625,-0.032922,0.313504,0.647834,-0.041093,0.205204,0.558834,0.005950,0.234397,0.498133,-0.007794,0.258858,0.474772,-0.023363,0.283212,0.459888,-0.033815,0.181630,0.542240,0.001963,0.213816,0.474455,-0.008588,0.242026,0.450604,-0.021756,0.270689,0.441593,-0.031236,0.155435,0.536972,-0.006351,0.184958,0.468327,-0.017592,0.214920,0.441012,-0.025882,0.246325,0.428926,-0.031137,0.125830,0.542113,-0.017294,0.149053,0.482864,-0.027329,0.173851,0.455269,-0.030800,0.201751,0.440800,-0.032288
3642,0,0.204956,0.240611,0.955931,1.632999,1.876446,0.097300,0.734063,0.000000,0.162510,0.728582,-0.018424,0.228236,0.703367,-0.027322,0.276523,0.682978,-0.036318,0.313540,0.656641,-0.044452,0.206855,0.563713,0.002771,0.237228,0.502865,-0.009726,0.259819,0.476676,-0.024127,0.282028,0.458180,-0.034201,0.181746,0.542970,0.000413,0.214757,0.476606,-0.007399,0.242000,0.446621,-0.019022,0.269432,0.429288,-0.028380,0.152879,0.535857,-0.006301,0.183898,0.468074,-0.015278,0.211200,0.437941,-0.022500,0.239711,0.420049,-0.027851,0.119635,0.539659,-0.015758,0.143039,0.481999,-0.024441,0.165412,0.452809,-0.027126,0.190661,0.433826,-0.028518
3674,0,0.214851,0.195454,0.864877,1.517774,1.756840,0.092170,0.736418,0.000000,0.159707,0.733922,-0.021203,0.225809,0.711911,-0.030149,0.274632,0.690506,-0.038465,0.312541,0.665943,-0.045914,0.207300,0.568621,0.000032,0.237632,0.507369,-0.011429,0.257422,0.475414,-0.024908,0.277427,0.448908,-0.034820,0.180478,0.544863,-0.001012,0.213103,0.477799,-0.008764,0.238322,0.443199,-0.020494,0.263341,0.418606,-0.029933,0.149990,0.535607,-0.006429,0.180991,0.468237,-0.015971,0.205945,0.434892,-0.024139,0.231398,0.410643,-0.030031,0.113964,0.537808,-0.014690,0.136771,0.479792,-0.024100,0.156780,0.448499,-0.027528,0.179440,0.423605,-0.029440
3716,0,0.213884,0.145203,0.383226,1.511380,1.712942,0.086089,0.737154,0.000000,0.155613,0.737399,-0.023737,0.221946,0.717396,-0.032925,0.271139,0.694230,-0.041096,0.309293,0.668340,-0.048271,0.206509,0.572763,0.000194,0.235617,0.511780,-0.010862,0.252776,0.477140,-0.024534,0.270752,0.446876,-0.035017,0.178314,0.546252,0.000484,0.208904,0.477890,-0.007748,0.231451,0.440700,-0.020827,0.254177,0.412162,-0.031290,0.145903,0.535266,-0.003832,0.173966,0.467817,-0.014429,0.195924,0.432541,-0.024614,0.219091,0.404667,-0.031729,0.108168,0.535888,-0.011071,0.130536,0.477138,-0.021724,0.148350,0.444639,-0.026726,0.168705,0.416842,-0.029636
3749,0,0.216153,0.156495,0.423155,1.474631,1.648819,0.081361,0.736893,0.000000,0.150277,0.741519,-0.026769,0.217966,0.723858,-0.037216,0.268084,0.699541,-0.045798,0.307303,0.674348,-0.053337,0.204687,0.576845,-0.004662,0.234303,0.515779,-0.015791,0.250676,0.479053,-0.029375,0.266797,0.445984,-0.039882,0.175281,0.547686,-0.002822,0.206139,0.478106,-0.011008,0.227615,0.438762,-0.023881,0.247521,0.407035,-0.034188,0.141850,0.534632,-0.005454,0.169336,0.466006,-0.015650,0.189728,0.428885,-0.025505,0.210349,0.397574,-0.032483,0.103309,0.533474,-0.011199,0.125038,0.474144,-0.021616,0.142033,0.441323,-0.026267,0.161174,0.411791,-0.028894
3782,0,0.268360,0.228620,0.357922,1.395536,1.456935,0.078662,0.737543,0.000000,0.146531,0.743973,-0.027820,0.214106,0.727836,-0.039728,0.263768,0.702949,-0.049484,0.303644,0.679659,-0.058214,0.202791,0.577514,-0.009489,0.234430,0.515073,-0.021604,0.250009,0.476306,-0.035444,0.263657,0.440462,-0.046065,0.171836,0.546597,-0.007553,0.203452,0.474016,-0.016615,0.223247,0.433020,-0.029268,0.239891,0.398612,-0.039185,0.136932,0.532811,-0.009766,0.164868,0.461697,-0.020256,0.184161,0.422320,-0.029650,0.202414,0.386867,-0.036329,0.097139,0.532011,-0.015056,0.118458,0.470691,-0.025708,0.134067,0.436494,-0.029851,0.150708,0.404871,-0.031903
3815,0,0.254375,0.188357,0.176328,1.345135,1.287606,0.075213,0.736763,0.000000,0.143861,0.744152,-0.029119,0.211758,0.728398,-0.041936,0.262003,0.703806,-0.052614,0.302562,0.681121,-0.062354,0.200260,0.576519,-0.011951,0.231892,0.513101,-0.025492,0.246986,0.473368,-0.040306,0.260026,0.435266,-0.051636,0.168473,0.544448,-0.009969,0.199625,0.469989,-0.020632,0.217811,0.425892,-0.034498,0.232550,0.387512,-0.045196,0.132783,0.529768,-0.012124,0.159893,0.457799,-0.023780,0.177144,0.414650,-0.034091,0.192926,0.375104,-0.041345,0.092558,0.529011,-0.017443,0.112910,0.466933,-0.028834,0.127205,0.430557,-0.033398,0.142270,0.396419,-0.035721
3841,0,0.163431,0.134550,0.195197,1.355858,1.169549,0.072537,0.737527,0.000000,0.141672,0.745503,-0.029369,0.209344,0.729580,-0.042184,0.260010,0.705097,-0.052905,0.301658,0.684264,-0.062599,0.197478,0.576158,-0.012631,0.231443,0.510496,-0.025960,0.246563,0.468499,-0.040233,0.258414,0.428362,-0.051262,0.165956,0.543408,-0.010372,0.197336,0.466693,-0.021256,0.214030,0.419890,-0.034996,0.226171,0.379482,-0.045511,0.130098,0.528449,-0.012230,0.156307,0.452667,-0.024050,0.171441,0.407121,-0.034770,0.184268,0.365636,-0.042184,0.090045,0.527633,-0.017241,0.109073,0.463597,-0.029040,0.121804,0.424228,-0.034442,0.135062,0.387623,-0.037214
3868,0,0.272776,0.287269,0.184029,1.280820,0.895190,0.071877,0.739239,0.000000,0.139042,0.746207,-0.029924,0.206017,0.728487,-0.043930,0.257451,0.705561,-0.055816,0.300150,0.687549,-0.066872,0.196204,0.576025,-0.017071,0.230700,0.508421,-0.032189,0.246087,0.464764,-0.047130,0.258355,0.422952,-0.058726,0.163984,0.542221,-0.015346,0.194644,0.462629,-0.028054,0.210279,0.413902,-0.042122,0.221432,0.371125,-0.052866,0.127067,0.527184,-0.017611,0.151382,0.447598,-0.030901,0.164879,0.399028,-0.042039,0.176349,0.354623,-0.049748,0.085937,0.527316,-0.023046,0.102793,0.460935,-0.036116,0.113863,0.419143,-0.042309,0.125750,0.380068,-0.045676
3901,0,0.158569,0.093590,0.135090,1.317735,0.843739,0.068174,0.737992,0.000000,0.136681,0.746404,-0.030087,0.202442,0.728347,-0.044290,0.253421,0.705918,-0.056518,0.295859,0.689451,-0.067864,0.194081,0.574232,-0.016945,0.228062,0.505724,-0.032587,0.243172,0.460989,-0.047862,0.255106,0.417928,-0.059880,0.161999,0.539211,-0.015432,0.192010,0.458254,-0.028952,0.207350,0.407989,-0.043576,0.218625,0.363633,-0.054627,0.125225,0.524197,-0.017932,0.148451,0.443471,-0.032167,0.160776,0.393533,-0.043786,0.171584,0.348148,-0.051644,0.084342,0.525440,-0.023637,0.099175,0.458430,-0.037399,0.108707,0.415575,-0.043996,0.119321,0.375644,-0.047568
3935,0,0.149545,0.209312,0.083043,1.335850,0.665539,0.069128,0.740264,0.000000,0.136401,0.747173,-0.031420,0.201460,0.727708,-0.045899,0.252369,0.704810,-0.058212,0.295021,0.689073,-0.069591,0.192249,0.572067,-0.018045,0.225201,0.501463,-0.034223,0.239824,0.454703,-0.050018,0.251424,0.409886,-0.062373,0.160132,0.537462,-0.015944,0.188810,0.453557,-0.029764,0.203311,0.401323,-0.044668,0.213463,0.355489,-0.056004,0.123419,0.522583,-0.017971,0.145217,0.439921,-0.032376,0.156425,0.389184,-0.044328,0.165743,0.343071,-0.052438,0.082808,0.523942,-0.023374,0.096485,0.456076,-0.037195,0.104999,0.412825,-0.044031,0.114444,0.372513,-0.047852
3969,0,0.159477,0.167518,0.174976,1.357298,0.518608,0.069302,0.740575,0.000000,0.135394,0.747300,-0.032336,0.200069,0.724644,-0.047390,0.251759,0.699847,-0.060084,0.295513,0.684046,-0.071706,0.190204,0.569724,-0.020071,0.223185,0.497095,-0.036818,0.237994,0.448941,-0.052579,0.249957,0.403518,-0.064887,0.157712,0.534936,-0.017680,0.186076,0.448098,-0.032165,0.200878,0.393950,-0.047004,0.211494,0.346904,-0.058111,0.120944,0.520868,-0.019395,0.141957,0.436439,-0.034223,0.153154,0.383872,-0.046103,0.162663,0.336788,-0.054080,0.080593,0.524229,-0.024531,0.093556,0.455761,-0.038662,0.101480,0.411462,-0.045503,0.110347,0.370384,-0.049277
3996,0,0.157826,0.184123,0.113489,1.474076,0.398390,0.070011,0.741296,0.000000,0.135157,0.747737,-0.034017,0.197927,0.722849,-0.049758,0.249772,0.696551,-0.062793,0.293521,0.680008,-0.074702,0.188130,0.565466,-0.021393,0.220530,0.491838,-0.038520,0.235337,0.442406,-0.054565,0.247220,0.396373,-0.067081,0.155744,0.530550,-0.018275,0.183844,0.441412,-0.032934,0.198822,0.385702,-0.047766,0.209783,0.338474,-0.058809,0.119028,0.517710,-0.019423,0.139292,0.431477,-0.034471,0.150473,0.378595,-0.046554,0.159646,0.331425,-0.054652,0.079055,0.522647,-0.024165,0.090913,0.454049,-0.038564,0.097925,0.409265,-0.045688,0.105899,0.367789,-0.049672
4030,0,0.129273,0.140129,0.147605,1.557727,0.355842,0.070141,0.741990,0.000000,0.135884,0.748696,-0.035059,0.197562,0.722472,-0.051753,0.248418,0.694089,-0.065680,0.292400,0.676923,-0.078509,0.186213,0.564830,-0.024031,0.219206,0.489120,-0.042066,0.234024,0.438803,-0.058387,0.245501,0.391919,-0.070952,0.153125,0.530299,-0.020517,0.180550,0.438526,-0.036113,0.194623,0.381459,-0.051270,0.204090,0.332834,-0.062429,0.117118,0.518015,-0.021143,0.136216,0.431260,-0.036596,0.147351,0.377814,-0.048546,0.155304,0.330914,-0.056454,0.078519,0.523297,-0.025415,0.089240,0.453932,-0.039694,0.095528,0.409125,-0.046437,0.102136,0.368405,-0.050084
4059,0,0.104843,0.188534,0.086243,1.611668,0.270042,0.072826,0.744917,0.000000,0.137869,0.749301,-0.034847,0.199103,0.721582,-0.051885,0.249368,0.693325,-0.066212,0.293433,0.675797,-0.079437,0.185783,0.562357,-0.024312,0.218096,0.485785,-0.042606,0.232845,0.435209,-0.059115,0.244336,0.388394,-0.071811,0.151836,0.528900,-0.021171,0.177913,0.435121,-0.037030,0.191819,0.377449,-0.052282,0.201276,0.328924,-0.063479,0.115433,0.518416,-0.022152,0.133017,0.429903,-0.037867,0.143889,0.375831,-0.049814,0.152019,0.328229,-0.057748,0.076986,0.525868,-0.026736,0.086721,0.455224,-0.041217,0.092629,0.409986,-0.047874,0.099220,0.368643,-0.051489
4112,0,0.130427,0.198829,0.104072,1.642942,0.335213,0.076719,0.747667,0.000000,0.143118,0.749751,-0.035174,0.204756,0.720306,-0.052528,0.254820,0.690811,-0.067282,0.298927,0.673885,-0.081147,0.186417,0.560351,-0.025020,0.218334,0.482410,-0.044062,0.232936,0.431317,-0.061016,0.244524,0.384050,-0.073992,0.151256,0.528577,-0.022064,0.176338,0.433612,-0.038729,0.189688,0.375231,-0.054306,0.199078,0.326189,-0.065682,0.114290,0.519957,-0.023264,0.130669,0.429598,-0.039729,0.140970,0.373855,-0.052039,0.149375,0.324901,-0.060127,0.075958,0.529488,-0.028130,0.084866,0.458740,-0.043218,0.090446,0.412678,-0.050128,0.096987,0.370642,-0.053861
4141,0,0.115550,0.140606,0.115795,1.677663,0.450156,0.079323,0.749861,0.000001,0.145967,0.750773,-0.037686,0.207609,0.722189,-0.056607,0.258383,0.692762,-0.072564,0.302891,0.674137,-0.087585,0.188040,0.561304,-0.028081,0.220144,0.481996,-0.048228,0.234759,0.429509,-0.066146,0.246073,0.380642,-0.079651,0.152417,0.529457,-0.024225,0.176617,0.433533,-0.041475,0.189606,0.373963,-0.057499,0.198455,0.324046,-0.069177,0.115277,0.520986,-0.024738,0.130149,0.430199,-0.041319,0.139487,0.374348,-0.053576,0.146976,0.325634,-0.061689,0.077134,0.530337,-0.029150,0.084659,0.459116,-0.044038,0.089306,0.413153,-0.050724,0.094622,0.371376,-0.054289
4172,0,0.099187,0.130288,0.101418,1.584641,0.504572,0.084217,0.752978,0.000001,0.151522,0.752100,-0.036466,0.213501,0.722487,-0.054878,0.264224,0.693206,-0.070608,0.308254,0.673493,-0.085489,0.190816,0.560681,-0.026545,0.223301,0.481495,-0.046208,0.238222,0.429597,-0.063905,0.249930,0.381622,-0.077222,0.154572,0.529638,-0.023283,0.178282,0.432820,-0.040108,0.191018,0.373015,-0.055995,0.199712,0.323748,-0.067659,0.117421,0.522111,-0.024288,0.130986,0.430688,-0.040577,0.139988,0.374492,-0.052777,0.147386,0.325804,-0.060911,0.079342,0.533064,-0.029115,0.085366,0.461578,-0.043929,0.089567,0.415149,-0.050543,0.094757,0.372977,-0.054118
4206,0,0.109201,0.045501,0.066472,1.533559,0.544476,0.087175,0.754423,0.000001,0.154770,0.753095,-0.036385,0.216666,0.724285,-0.055420,0.267609,0.695457,-0.071916,0.311744,0.676087,-0.087738,0.193676,0.562054,-0.027441,0.226061,0.482507,-0.047465,0.241084,0.430581,-0.065309,0.252477,0.382628,-0.078748,0.157348,0.530998,-0.024474,0.181457,0.434390,-0.041554,0.194098,0.374314,-0.057578,0.202339,0.324971,-0.069264,0.120035,0.523384,-0.025710,0.133167,0.432173,-0.042026,0.141943,0.375830,-0.054252,0.148965,0.327354,-0.062387,0.081857,0.534479,-0.030744,0.087001,0.462695,-0.045397,0.090603,0.416329,-0.051870,0.095050,0.374623,-0.055331
4240,0,0.066794,0.054442,0.090409,1.480744,0.515085,0.088125,0.754298,0.000001,0.154758,0.754396,-0.036476,0.217121,0.724931,-0.055108,0.269475,0.696423,-0.071155,0.314218,0.677962,-0.086348,0.195247,0.563663,-0.027397,0.228581,0.483809,-0.047197,0.243964,0.431567,-0.064682,0.255739,0.383733,-0.077807,0.159362,0.531683,-0.024228,0.183970,0.435158,-0.040949,0.196981,0.375198,-0.056501,0.205177,0.325840,-0.067963,0.122004,0.523273,-0.025329,0.135506,0.432087,-0.041421,0.143796,0.376106,-0.053535,0.150207,0.327919,-0.061581,0.083796,0.533574,-0.030273,0.088110,0.461967,-0.044949,0.090640,0.415632,-0.051557,0.094162,0.373514,-0.055153
4270,0,0.056410,0.043667,0.077676,1.466517,0.544114,0.089884,0.754651,0.000001,0.156848,0.754253,-0.036088,0.218977,0.725942,-0.054784,0.270779,0.697067,-0.070963,0.314867,0.678350,-0.086288,0.196962,0.564414,-0.027504,0.230665,0.484854,-0.047279,0.246349,0.432575,-0.064626,0.258141,0.384520,-0.077794,0.160912,0.532161,-0.024718,0.185484,0.434950,-0.041526,0.198495,0.374529,-0.057166,0.206863,0.324953,-0.068671,0.123297,0.523891,-0.026156,0.136040,0.432145,-0.042470,0.144180,0.375587,-0.054874,0.150652,0.326530,-0.063233,0.084554,0.534419,-0.031347,0.087533,0.462937,-0.046335,0.089680,0.416072,-0.053211,0.093271,0.373185,-0.057031
4301,0,0.044441,0.033877,0.058197,1.463424,0.563043,0.091438,0.754045,0.000001,0.158726,0.753299,-0.036107,0.220547,0.725516,-0.054891,0.271897,0.697103,-0.071179,0.316023,0.678316,-0.086656,0.198086,0.563850,-0.027693,0.232251,0.484645,-0.047423,0.248040,0.432883,-0.064655,0.259863,0.385101,-0.077748,0.162240,0.531753,-0.024994,0.186930,0.434910,-0.041866,0.199862,0.374582,-0.057456,0.207916,0.324875,-0.068974,0.124766,0.523414,-0.026523,0.136900,0.431849,-0.043013,0.144475,0.375427,-0.055566,0.150620,0.326759,-0.064070,0.085854,0.533920,-0.031833,0.087119,0.462429,-0.047153,0.088505,0.414873,-0.054486,0.091652,0.371060,-0.058581
4338,0,0.022901,0.034770,0.050637,1.473446,0.554657,0.091363,0.752916,0.000001,0.158311,0.752783,-0.036182,0.220009,0.724962,-0.055161,0.271516,0.696678,-0.071646,0.315705,0.678367,-0.087323,0.198064,0.564149,-0.028321,0.232376,0.485180,-0.048198,0.248392,0.433547,-0.065492,0.260130,0.385915,-0.078563,0.162178,0.531901,-0.025559,0.186942,0.435084,-0.042516,0.200071,0.374990,-0.057990,0.207813,0.325673,-0.069355,0.124667,0.522947,-0.026974,0.136579,0.431439,-0.043324,0.144305,0.375428,-0.055655,0.150260,0.327271,-0.063920,0.085941,0.533137,-0.032140,0.086952,0.461647,-0.047255,0.088374,0.414419,-0.054352,0.091557,0.370926,-0.058260
4366,0,0.077305,0.071927,0.065347,1.475432,0.544336,0.090741,0.753137,0.000001,0.158723,0.752670,-0.036037,0.220745,0.724564,-0.054704,0.271824,0.695511,-0.070775,0.315890,0.677382,-0.085995,0.197528,0.562897,-0.027531,0.231433,0.483635,-0.046959,0.247006,0.431741,-0.064015,0.258571,0.383975,-0.076863,0.161117,0.530881,-0.024532,0.185271,0.433653,-0.040894,0.198024,0.373658,-0.055957,0.205726,0.324323,-0.066970,0.123387,0.522480,-0.025696,0.134610,0.430858,-0.041543,0.141681,0.374852,-0.053361,0.147135,0.326658,-0.061240,0.084679,0.533307,-0.030642,0.086182,0.462079,-0.045258,0.087671,0.415016,-0.051839,0.090532,0.371878,-0.055331
4395,0,0.036784,0.043975,0.055880,1.504212,0.582671,0.091002,0.753454,0.000001,0.159049,0.752560,-0.036007,0.220679,0.724604,-0.054864,0.271708,0.695555,-0.071206,0.315758,0.676467,-0.086695,0.197585,0.562966,-0.027903,0.231056,0.483750,-0.047680,0.246571,0.431964,-0.064921,0.257871,0.384011,-0.077986,0.161221,0.530768,-0.025142,0.185577,0.433788,-0.041934,0.198486,0.373617,-0.057333,0.206257,0.323998,-0.068692,0.123414,0.522361,-0.026556,0.134290,0.430766,-0.042921,0.141088,0.374485,-0.055358,0.146230,0.326222,-0.063663,0.084682,0.533242,-0.031742,0.085728,0.461862,-0.046872,0.086943,0.414364,-0.054100,0.089679,0.370872,-0.058096
4439,0,0.033939,0.033545,0.066508,1.518388,0.582808,0.091116,0.752435,0.000001,0.158316,0.751719,-0.035984,0.219571,0.723813,-0.054897,0.271540,0.695593,-0.071249,0.315857,0.676550,-0.086748,0.196889,0.563109,-0.028077,0.230587,0.483320,-0.047754,0.246076,0.431381,-0.064825,0.257428,0.383538,-0.077719,0.160445,0.530543,-0.025157,0.184812,0.433099,-0.041712,0.197655,0.372863,-0.056829,0.205313,0.323373,-0.067925,0.122586,0.521784,-0.026393,0.133735,0.429910,-0.042318,0.140544,0.373831,-0.054268,0.145573,0.325704,-0.062310,0.084014,0.532228,-0.031402,0.085238,0.460953,-0.045980,0.086604,0.413752,-0.052696,0.089496,0.370554,-0.056335
4497,0,0.033885,0.024210,0.054758,1.543607,0.585101,0.090892,0.751642,0.000001,0.158944,0.749955,-0.035437,0.219908,0.722621,-0.054377,0.271584,0.694588,-0.070963,0.315798,0.676246,-0.086743,0.196541,0.561958,-0.027681,0.230255,0.482770,-0.047384,0.245896,0.431363,-0.064598,0.257286,0.383987,-0.077553,0.159963,0.529545,-0.025104,0.184436,0.432428,-0.041825,0.197160,0.372089,-0.057022,0.204507,0.322729,-0.068139,0.122032,0.520895,-0.026628,0.132857,0.428917,-0.042721,0.139494,0.372502,-0.054825,0.144479,0.324191,-0.062894,0.083267,0.531937,-0.031828,0.084568,0.460745,-0.046577,0.085938,0.413500,-0.053301,0.088784,0.370420,-0.056977
4535,0,0.036531,0.052420,0.051158,1.546968,0.605006,0.090968,0.752682,0.000001,0.159095,0.750495,-0.035889,0.219729,0.722894,-0.054887,0.270929,0.694112,-0.071420,0.315418,0.675657,-0.087147,0.195591,0.560785,-0.027152,0.228890,0.482018,-0.046687,0.244800,0.431003,-0.064072,0.256579,0.383675,-0.077245,0.159144,0.528970,-0.024374,0.183353,0.431774,-0.040728,0.196393,0.371662,-0.056096,0.203996,0.322285,-0.067432,0.121505,0.520982,-0.025786,0.131968,0.429305,-0.041714,0.138666,0.372979,-0.053991,0.143909,0.324656,-0.062235,0.082906,0.532177,-0.030961,0.084175,0.460843,-0.045634,0.085609,0.413481,-0.052512,0.088579,0.370102,-0.056276
4562,0,0.036334,0.043872,0.062989,1.555453,0.603980,0.089590,0.753745,0.000001,0.157202,0.752176,-0.035301,0.218246,0.723710,-0.054108,0.270242,0.694798,-0.070601,0.315031,0.676013,-0.086240,0.195029,0.562376,-0.026919,0.228683,0.482393,-0.046378,0.244373,0.430559,-0.063456,0.255564,0.382669,-0.076354,0.158525,0.530103,-0.024448,0.183062,0.432402,-0.040963,0.195848,0.371899,-0.056175,0.203119,0.322095,-0.067366,0.120874,0.521490,-0.026110,0.131576,0.429203,-0.042132,0.138474,0.372601,-0.054288,0.143608,0.324157,-0.062422,0.082363,0.532126,-0.031481,0.083697,0.460397,-0.046154,0.084949,0.412916,-0.052895,0.087520,0.369697,-0.056580
4589,0,0.024741,0.038594,0.061968,1.563701,0.585939,0.089291,0.752493,0.000001,0.156934,0.750782,-0.035463,0.219026,0.723019,-0.054163,0.271025,0.695021,-0.070520,0.315349,0.676485,-0.086066,0.195030,0.561492,-0.026856,0.228528,0.482038,-0.046233,0.243880,0.430370,-0.063311,0.255107,0.382855,-0.076198,0.158568,0.529793,-0.024220,0.182393,0.432402,-0.040735,0.194915,0.371848,-0.056101,0.202071,0.322364,-0.067501,0.120753,0.521735,-0.025797,0.131332,0.429643,-0.041929,0.137883,0.373146,-0.054389,0.142695,0.324642,-0.062815,0.081994,0.532545,-0.031047,0.083051,0.460977,-0.046007,0.083997,0.413330,-0.053127,0.086374,0.369822,-0.057092
4617,0,0.045012,0.046605,0.063630,1.527084,0.578573,0.089543,0.754050,0.000001,0.158294,0.751734,-0.035501,0.219652,0.723608,-0.053902,0.271315,0.694576,-0.069969,0.315976,0.676770,-0.085274,0.194819,0.562310,-0.025919,0.228477,0.482957,-0.045060,0.243998,0.431205,-0.062115,0.255353,0.383234,-0.075086,0.158255,0.530616,-0.023226,0.182187,0.433284,-0.039495,0.194910,0.372671,-0.054844,0.202590,0.322519,-0.066154,0.120477,0.522362,-0.024752,0.130639,0.430558,-0.040752,0.136981,0.373825,-0.053139,0.141921,0.324932,-0.061442,0.082245,0.533195,-0.030025,0.083208,0.461982,-0.044858,0.084258,0.414529,-0.051882,0.086838,0.370853,-0.055697
4644,0,0.044020,0.039897,0.062702,1.540733,0.616748,0.089936,0.754852,0.000001,0.157614,0.752349,-0.035657,0.218607,0.724489,-0.054508,0.270553,0.696145,-0.071000,0.315536,0.678046,-0.086593,0.194668,0.563086,-0.027074,0.228126,0.483452,-0.046599,0.243696,0.431450,-0.063855,0.255052,0.383432,-0.076887,0.158074,0.531197,-0.024333,0.182324,0.433735,-0.040803,0.194823,0.373155,-0.056036,0.202144,0.323090,-0.067270,0.120224,0.523138,-0.025794,0.130705,0.431285,-0.041769,0.137146,0.374596,-0.053924,0.141916,0.325703,-0.062058,0.081789,0.534294,-0.031029,0.082923,0.462996,-0.045723,0.083764,0.415442,-0.052486,0.086081,0.371623,-0.056171
4675,0,0.044498,0.056735,0.042808,1.499361,0.606935,0.090064,0.756751,0.000001,0.158399,0.753465,-0.034287,0.219717,0.724687,-0.052565,0.271517,0.696453,-0.068753,0.315733,0.678562,-0.084131,0.194959,0.564095,-0.025563,0.228300,0.484088,-0.044561,0.243748,0.432501,-0.061514,0.254883,0.384757,-0.074374,0.158452,0.532241,-0.023517,0.182457,0.434183,-0.039525,0.195004,0.373406,-0.054589,0.201978,0.323513,-0.065695,0.120535,0.523913,-0.025563,0.130698,0.431276,-0.041121,0.137083,0.374773,-0.053150,0.141837,0.326507,-0.061199,0.081893,0.534919,-0.031251,0.082897,0.463178,-0.045573,0.083943,0.415560,-0.052116,0.086431,0.372064,-0.055668
4702,0,0.045294,0.049959,0.042505,1.518816,0.614508,0.089504,0.756608,0.000001,0.157750,0.753910,-0.035572,0.219079,0.725697,-0.054351,0.270807,0.697178,-0.070828,0.315301,0.678836,-0.086447,0.195197,0.564221,-0.026679,0.228556,0.484668,-0.045977,0.243860,0.432974,-0.063109,0.254891,0.384964,-0.076155,0.158615,0.532513,-0.024151,0.182864,0.434992,-0.040493,0.195330,0.374325,-0.055796,0.202464,0.324263,-0.067172,0.120625,0.524425,-0.025866,0.130790,0.432457,-0.041937,0.136967,0.375923,-0.054351,0.141485,0.327228,-0.062748,0.081701,0.535422,-0.031306,0.082444,0.463682,-0.046180,0.083035,0.416047,-0.053268,0.085120,0.372158,-0.057240
4733,0,0.029053,0.033905,0.030648,1.535902,0.606514,0.088764,0.755943,0.000001,0.156557,0.753860,-0.035866,0.218414,0.725917,-0.054825,0.270551,0.697536,-0.071327,0.315373,0.679454,-0.086972,0.194649,0.564454,-0.027503,0.227778,0.485152,-0.047025,0.243103,0.433539,-0.064203,0.254253,0.385743,-0.077188,0.157952,0.532418,-0.024798,0.182232,0.435013,-0.041209,0.194991,0.374660,-0.056358,0.202158,0.325101,-0.067495,0.119848,0.524216,-0.026285,0.130309,0.432424,-0.042246,0.136345,0.376024,-0.054465,0.140699,0.327446,-0.062715,0.080957,0.535396,-0.031515,0.081949,0.463965,-0.046259,0.082710,0.416608,-0.053157,0.085017,0.373038,-0.056989
4764,0,0.025712,0.026427,0.030943,1.522466,0.602074,0.088749,0.756518,0.000001,0.157693,0.754029,-0.035602,0.219453,0.725822,-0.054416,0.271419,0.697943,-0.070890,0.316128,0.680154,-0.086553,0.194727,0.564347,-0.026916,0.227751,0.485170,-0.046179,0.242924,0.433260,-0.063373,0.253925,0.385152,-0.076471,0.157883,0.532577,-0.024305,0.182036,0.435487,-0.040576,0.194524,0.374772,-0.055856,0.201432,0.324778,-0.067154,0.119741,0.524670,-0.025858,0.129884,0.432831,-0.041679,0.135921,0.376199,-0.054011,0.140375,0.327536,-0.062293,0.080716,0.535860,-0.031146,0.081839,0.464375,-0.045707,0.082782,0.417175,-0.052526,0.085263,0.373759,-0.056307
4799,0,0.036294,0.021061,0.017286,1.516269,0.615812,0.088895,0.757600,0.000001,0.157441,0.754813,-0.036121,0.219186,0.726539,-0.055093,0.271513,0.698397,-0.071566,0.316477,0.680709,-0.087275,0.194249,0.565441,-0.027254,0.227225,0.486225,-0.046811,0.242416,0.434638,-0.064230,0.253576,0.386415,-0.077508,0.157573,0.533607,-0.024486,0.181723,0.436311,-0.040959,0.194384,0.375907,-0.056443,0.201653,0.325656,-0.067876,0.119614,0.525639,-0.025971,0.130022,0.433758,-0.042062,0.136263,0.377357,-0.054462,0.140904,0.328496,-0.062834,0.080916,0.536843,-0.031237,0.081818,0.465672,-0.046091,0.082721,0.418256,-0.053067,0.085089,0.374370,-0.056983
4828,0,0.032150,0.027016,0.048204,1.496701,0.597007,0.088555,0.757994,0.000001,0.156767,0.756046,-0.035516,0.218465,0.727570,-0.054466,0.270899,0.699759,-0.071031,0.316100,0.682071,-0.086786,0.194329,0.566529,-0.026986,0.227406,0.486920,-0.046364,0.242532,0.435192,-0.063514,0.253543,0.387623,-0.076433,0.157648,0.534634,-0.024465,0.181866,0.436974,-0.040715,0.194606,0.376421,-0.055817,0.201923,0.326690,-0.066935,0.119650,0.526361,-0.026108,0.130212,0.434411,-0.041908,0.136671,0.377956,-0.053926,0.141434,0.329403,-0.061939,0.080781,0.537795,-0.031509,0.081852,0.466159,-0.046094,0.082658,0.418522,-0.052756,0.084890,0.374803,-0.056357
4881,0,0.038455,0.041593,0.065815,1.464072,0.601917,0.088824,0.759979,0.000001,0.157726,0.756614,-0.034950,0.219218,0.728242,-0.053427,0.271292,0.699994,-0.069675,0.316320,0.682166,-0.085203,0.194055,0.567582,-0.025836,0.227200,0.488469,-0.045100,0.242387,0.436983,-0.062428,0.253380,0.388872,-0.075616,0.157716,0.535690,-0.023675,0.181834,0.438164,-0.039901,0.194446,0.377520,-0.055317,0.201647,0.327068,-0.066749,0.119684,0.527440,-0.025656,0.129869,0.435420,-0.041544,0.136269,0.379099,-0.053787,0.140960,0.330154,-0.062023,0.080793,0.538714,-0.031349,0.081829,0.466977,-0.046022,0.082810,0.419386,-0.052661,0.085076,0.375642,-0.056307
4911,0,0.053117,0.044236,0.051843,1.484338,0.621008,0.088426,0.760341,0.000001,0.156842,0.757606,-0.036026,0.218665,0.729512,-0.055144,0.270921,0.701506,-0.071827,0.315832,0.682960,-0.087698,0.194511,0.568629,-0.027572,0.227079,0.489198,-0.047299,0.242119,0.437737,-0.064838,0.252777,0.389777,-0.078139,0.157691,0.536429,-0.024889,0.181573,0.438811,-0.041527,0.194118,0.378350,-0.057038,0.201266,0.328120,-0.068490,0.119685,0.527964,-0.026422,0.129966,0.436318,-0.042542,0.136325,0.380124,-0.054783,0.141068,0.331577,-0.063035,0.080541,0.539091,-0.031765,0.081691,0.467586,-0.046487,0.082510,0.420084,-0.053295,0.084691,0.376469,-0.057038
4942,0,0.035377,0.033471,0.063665,1.490167,0.603062,0.087713,0.759689,0.000001,0.155754,0.758316,-0.036791,0.217850,0.730229,-0.056009,0.269833,0.701460,-0.072546,0.314984,0.682413,-0.088227,0.194063,0.568489,-0.027892,0.226593,0.488924,-0.047493,0.241539,0.437236,-0.064841,0.252524,0.389163,-0.077953,0.157234,0.536505,-0.024693,0.181016,0.439082,-0.041140,0.193379,0.378742,-0.056505,0.200539,0.328413,-0.067860,0.118916,0.528514,-0.025752,0.129469,0.436796,-0.041793,0.135430,0.380367,-0.054027,0.140058,0.331118,-0.062273,0.079525,0.539743,-0.030663,0.081105,0.468226,-0.045488,0.082172,0.420833,-0.052404,0.084758,0.376800,-0.056235
4975,0,0.042693,0.060829,0.025616,1.467089,0.605961,0.087902,0.761213,0.000001,0.156126,0.758987,-0.036167,0.217954,0.730218,-0.054981,0.269713,0.701168,-0.071345,0.314318,0.681822,-0.086810,0.193529,0.568860,-0.026704,0.226118,0.489575,-0.045900,0.241088,0.438139,-0.062984,0.251884,0.390487,-0.075976,0.156839,0.536839,-0.023782,0.180332,0.439487,-0.039831,0.192503,0.379173,-0.054936,0.199340,0.329229,-0.066085,0.118811,0.528651,-0.025130,0.128964,0.436876,-0.040888,0.134902,0.380431,-0.052958,0.139224,0.331512,-0.061005,0.079757,0.539887,-0.030323,0.081102,0.467923,-0.044934,0.081915,0.420456,-0.051655,0.084182,0.376520,-0.055341
5006,0,0.028453,0.023783,0.063831,1.478443,0.616582,0.087355,0.761908,0.000001,0.156029,0.758171,-0.035963,0.217908,0.729806,-0.054767,0.269433,0.701076,-0.071161,0.314204,0.681908,-0.086699,0.192949,0.568992,-0.026303,0.225839,0.489648,-0.045557,0.240754,0.438183,-0.062874,0.251373,0.389946,-0.076070,0.156074,0.537151,-0.023555,0.179466,0.439795,-0.039769,0.191221,0.379483,-0.055353,0.197811,0.329152,-0.066927,0.117870,0.528944,-0.025041,0.128183,0.437410,-0.040985,0.134030,0.380986,-0.053461,0.138343,0.331935,-0.061838,0.078842,0.540276,-0.030334,0.080136,0.468498,-0.045129,0.081043,0.421087,-0.052110,0.083298,0.377346,-0.055938
5036,0,0.025765,0.039034,0.052739,1.494798,0.629185,0.087579,0.761366,0.000001,0.155581,0.758731,-0.036661,0.217081,0.730406,-0.055792,0.269353,0.701118,-0.072332,0.314180,0.681652,-0.087925,0.192453,0.569243,-0.027333,0.225410,0.490273,-0.046734,0.240424,0.438726,-0.064039,0.251034,0.390773,-0.077199,0.155489,0.537044,-0.024178,0.178895,0.439644,-0.040492,0.190681,0.379430,-0.055837,0.197067,0.329495,-0.067239,0.117384,0.528998,-0.025327,0.127899,0.437353,-0.041326,0.133750,0.381132,-0.053584,0.137705,0.331982,-0.061876,0.078402,0.540255,-0.030307,0.080010,0.468866,-0.045179,0.080986,0.421498,-0.052142,0.083293,0.377369,-0.056063
5070,0,0.027304,0.034421,0.063004,1.498643,0.612091,0.086559,0.761385,0.000001,0.155161,0.758064,-0.035864,0.216997,0.729842,-0.054729,0.269026,0.701616,-0.071143,0.314346,0.682981,-0.086747,0.192296,0.568843,-0.026375,0.224924,0.489658,-0.045712,0.239655,0.438087,-0.063048,0.250188,0.390017,-0.076269,0.155471,0.536936,-0.023632,0.178659,0.439473,-0.039911,0.190177,0.379178,-0.055313,0.196651,0.329131,-0.066736,0.117296,0.528989,-0.025161,0.127501,0.437247,-0.041238,0.133055,0.380622,-0.053559,0.137077,0.331456,-0.061834,0.078236,0.540485,-0.030445,0.080096,0.468643,-0.045352,0.081016,0.421194,-0.052255,0.083272,0.376973,-0.056033
5104,0,0.036591,0.051167,0.039991,1.508634,0.644983,0.087686,0.761347,0.000001,0.156138,0.758299,-0.036707,0.217237,0.729900,-0.055849,0.268757,0.701154,-0.072378,0.313847,0.681944,-0.088052,0.192384,0.569165,-0.027474,0.225017,0.490091,-0.047066,0.239525,0.438399,-0.064586,0.250031,0.389995,-0.077963,0.155559,0.537158,-0.024389,0.178824,0.440148,-0.040941,0.190332,0.379595,-0.056569,0.196780,0.329187,-0.068234,0.117508,0.529464,-0.025582,0.127861,0.437749,-0.041886,0.133511,0.381426,-0.054452,0.137416,0.332151,-0.062920,0.078614,0.540882,-0.030649,0.079908,0.469318,-0.045872,0.080474,0.421721,-0.053146,0.082490,0.377223,-0.057245
5135,0,0.019953,0.019928,0.027365,1.518436,0.646969,0.087546,0.761022,0.000001,0.155549,0.758266,-0.036477,0.217039,0.730370,-0.055939,0.268980,0.702189,-0.072910,0.314600,0.683376,-0.088982,0.192673,0.569182,-0.027364,0.225566,0.490097,-0.047005,0.239955,0.438126,-0.064514,0.250126,0.389739,-0.077848,0.155644,0.537183,-0.024535,0.178791,0.439882,-0.041214,0.190238,0.379348,-0.056882,0.196677,0.328957,-0.068510,0.117266,0.529104,-0.025972,0.127906,0.437557,-0.042246,0.133848,0.381245,-0.054682,0.138237,0.331953,-0.063033,0.078248,0.540154,-0.031247,0.079729,0.468640,-0.046287,0.080702,0.421094,-0.053380,0.083074,0.376806,-0.057331
5165,0,0.020681,0.019186,0.036892,1.505304,0.650495,0.088030,0.761455,0.000001,0.156010,0.758401,-0.036139,0.217151,0.730830,-0.055488,0.268855,0.702602,-0.072413,0.314438,0.684053,-0.088485,0.192991,0.568999,-0.026622,0.225911,0.490156,-0.046150,0.240356,0.438215,-0.063748,0.250578,0.389850,-0.077261,0.156130,0.537004,-0.024018,0.179193,0.439855,-0.040718,0.190598,0.379183,-0.056655,0.196931,0.328822,-0.068507,0.117896,0.528927,-0.025679,0.128633,0.437403,-0.042020,0.134634,0.381105,-0.054680,0.138943,0.331751,-0.063255,0.078757,0.540256,-0.031133,0.080381,0.468784,-0.046285,0.081271,0.421169,-0.053513,0.083558,0.376814,-0.057553
5202,0,0.016669,0.013286,0.046619,1.490826,0.645413,0.088266,0.761751,0.000001,0.156188,0.758528,-0.036248,0.217223,0.730342,-0.055552,0.269231,0.702158,-0.072496,0.315173,0.683496,-0.088496,0.193279,0.569183,-0.026697,0.226420,0.489924,-0.046203,0.240626,0.438097,-0.063687,0.250530,0.389604,-0.077080,0.156539,0.537097,-0.023978,0.179765,0.440129,-0.040675,0.191298,0.379357,-0.056451,0.197494,0.328768,-0.068136,0.118255,0.529062,-0.025506,0.128880,0.437597,-0.041844,0.134978,0.381299,-0.054338,0.139199,0.332059,-0.062788,0.079268,0.540354,-0.030877,0.080717,0.468938,-0.045934,0.081518,0.421444,-0.053035,0.083786,0.377249,-0.056990
5247,0,0.032085,0.037127,0.049942,1.482122,0.676110,0.089125,0.763222,0.000001,0.156797,0.759460,-0.036223,0.217984,0.730936,-0.055447,0.270029,0.702765,-0.072266,0.315038,0.684209,-0.088140,0.193754,0.569706,-0.027251,0.226030,0.490337,-0.046858,0.240205,0.438666,-0.064396,0.250261,0.390225,-0.077797,0.156761,0.537865,-0.024553,0.179553,0.440385,-0.041102,0.190812,0.380045,-0.056706,0.197036,0.329904,-0.068353,0.118481,0.530233,-0.026127,0.129140,0.438723,-0.042226,0.135126,0.382325,-0.054503,0.139364,0.333060,-0.062912,0.079094,0.541717,-0.031501,0.081118,0.469738,-0.046363,0.082044,0.421863,-0.053289,0.084049,0.377285,-0.057156
5279,0,0.026953,0.040149,0.059689,1.474830,0.653975,0.088934,0.762453,0.000001,0.157140,0.758965,-0.035905,0.218775,0.730706,-0.054827,0.270719,0.702559,-0.071405,0.315589,0.684259,-0.087173,0.193848,0.569851,-0.026625,0.225643,0.490625,-0.046312,0.240059,0.439092,-0.063972,0.250438,0.391068,-0.077397,0.156904,0.538476,-0.024192,0.179573,0.440770,-0.041041,0.190936,0.380406,-0.056989,0.197621,0.330210,-0.068837,0.118586,0.530859,-0.026039,0.129040,0.438949,-0.042663,0.135081,0.382223,-0.055502,0.139447,0.332475,-0.064197,0.079084,0.542326,-0.031671,0.080984,0.470671,-0.047033,0.081832,0.422742,-0.054376,0.083960,0.378004,-0.058611
5307,0,0.050438,0.054335,0.051053,1.440108,0.605532,0.088380,0.762314,0.000001,0.156663,0.759314,-0.035711,0.218283,0.730657,-0.054398,0.270528,0.702637,-0.070749,0.315428,0.684255,-0.086291,0.193814,0.570325,-0.025874,0.225876,0.490526,-0.045212,0.239887,0.438831,-0.062618,0.249892,0.390527,-0.075915,0.156931,0.538788,-0.023201,0.179504,0.441935,-0.039529,0.190519,0.381848,-0.055162,0.196923,0.331611,-0.066841,0.118723,0.530579,-0.024818,0.129046,0.439623,-0.040697,0.134927,0.383549,-0.052960,0.139064,0.334602,-0.061271,0.079602,0.541362,-0.030231,0.081173,0.469846,-0.044852,0.082040,0.422415,-0.051658,0.084307,0.378244,-0.055431
5340,0,0.030398,0.026534,0.040504,1.446204,0.626731,0.088609,0.763021,0.000001,0.156459,0.760641,-0.036145,0.217867,0.732719,-0.055091,0.269772,0.704887,-0.071618,0.314757,0.686248,-0.087250,0.193744,0.570780,-0.026269,0.225555,0.491574,-0.045528,0.239799,0.440172,-0.062929,0.250066,0.392043,-0.076276,0.156922,0.539082,-0.023492,0.179485,0.442297,-0.039706,0.190500,0.382365,-0.055315,0.196772,0.332113,-0.066960,0.118737,0.531064,-0.025015,0.129124,0.439923,-0.040937,0.134745,0.383820,-0.053299,0.138960,0.334183,-0.061630,0.079215,0.542184,-0.030345,0.081153,0.470567,-0.045215,0.082258,0.422926,-0.052224,0.084673,0.378292,-0.056121
5375,0,0.030942,0.039986,0.039853,1.453842,0.652940,0.089382,0.763201,0.000001,0.157865,0.759742,-0.036167,0.218656,0.732140,-0.055304,0.270070,0.704724,-0.071976,0.314682,0.686171,-0.087886,0.194021,0.571042,-0.026509,0.225391,0.492343,-0.046072,0.239359,0.441066,-0.063775,0.249434,0.392809,-0.077265,0.156946,0.539517,-0.023865,0.179578,0.442515,-0.040470,0.190545,0.382430,-0.056290,0.196794,0.332000,-0.068077,0.118539,0.531690,-0.025523,0.128996,0.440364,-0.041904,0.134521,0.383786,-0.054498,0.138671,0.334109,-0.062968,0.078952,0.543089,-0.031013,0.081048,0.471358,-0.046162,0.082077,0.423471,-0.053332,0.084394,0.378679,-0.057321