t,missing,delta_l1,delta_l1_wrist,delta_angles,delta_base_l1,delta_base_l1_wrist,x0,y0,z0,x1,y1,z1,x2,y2,z2,x3,y3,z3,x4,y4,z4,x5,y5,z5,x6,y6,z6,x7,y7,z7,x8,y8,z8,x9,y9,z9,x10,y10,z10,x11,y11,z11,x12,y12,z12,x13,y13,z13,x14,y14,z14,x15,y15,z15,x16,y16,z16,x17,y17,z17,x18,y18,z18,x19,y19,z19,x20,y20,z20
31,0,,,,0.000000,0.000000,0.126406,0.800581,0.000000,0.197343,0.795194,-0.032795,0.265410,0.752031,-0.045469,0.315028,0.701097,-0.055632,0.356782,0.661115,-0.064721,0.242847,0.604181,-0.017002,0.278054,0.524921,-0.033548,0.294031,0.473205,-0.049146,0.306530,0.426608,-0.060930,0.206873,0.576682,-0.014410,0.236319,0.483756,-0.028067,0.250390,0.424753,-0.042775,0.259241,0.376131,-0.053805,0.168825,0.570140,-0.016409,0.188181,0.481320,-0.031150,0.199828,0.428114,-0.042729,0.209726,0.382872,-0.050608,0.127280,0.579525,-0.021935,0.136747,0.508143,-0.036471,0.143541,0.462957,-0.043163,0.151024,0.421245,-0.046862
68,0,0.026954,0.028199,0.037307,0.026954,0.028199,0.126525,0.801266,0.000000,0.197166,0.795616,-0.032957,0.265563,0.752107,-0.045487,0.314499,0.700932,-0.055415,0.355874,0.660659,-0.064224,0.242828,0.604511,-0.017072,0.277961,0.524864,-0.033367,0.293968,0.473085,-0.048842,0.306355,0.426319,-0.060436,0.206823,0.577207,-0.014299,0.235976,0.484140,-0.027479,0.249868,0.424811,-0.041926,0.258780,0.376437,-0.052813,0.168884,0.570747,-0.016113,0.188468,0.482076,-0.030195,0.200251,0.428959,-0.041401,0.210297,0.383706,-0.049161,0.127273,0.579666,-0.021511,0.136927,0.508374,-0.035399,0.143643,0.463339,-0.041652,0.151170,0.421865,-0.045099
110,0,0.029282,0.044582,0.041041,0.038377,0.058700,0.126384,0.803080,0.000000,0.196752,0.796294,-0.032318,0.264986,0.752608,-0.044643,0.313885,0.701367,-0.054503,0.354968,0.660867,-0.063222,0.242857,0.604854,-0.016616,0.277672,0.525424,-0.032843,0.293478,0.473625,-0.048295,0.305797,0.426929,-0.059981,0.206830,0.577598,-0.014242,0.235716,0.484144,-0.027503,0.249532,0.424883,-0.041996,0.258392,0.376540,-0.052860,0.169018,0.571274,-0.016399,0.187942,0.481973,-0.030652,0.199750,0.428665,-0.041904,0.209858,0.383134,-0.049664,0.127352,0.580859,-0.022070,0.136690,0.509382,-0.036221,0.143567,0.464248,-0.042589,0.151062,0.422544,-0.046081
143,0,0.030987,0.038773,0.065785,0.046083,0.034748,0.126744,0.802617,0.000000,0.197425,0.796088,-0.032716,0.265257,0.752071,-0.045165,0.314251,0.700670,-0.055115,0.355406,0.660077,-0.064011,0.242476,0.605631,-0.016679,0.277689,0.526638,-0.033037,0.293439,0.474748,-0.048558,0.305494,0.427645,-0.060388,0.206647,0.578147,-0.014123,0.235894,0.485955,-0.027695,0.249506,0.426489,-0.042506,0.258063,0.377345,-0.053694,0.168852,0.571784,-0.016152,0.188027,0.483087,-0.030836,0.199896,0.430212,-0.042483,0.209699,0.384372,-0.050484,0.127530,0.580968,-0.021711,0.136901,0.510285,-0.036247,0.143689,0.464890,-0.043033,0.151103,0.423159,-0.046862
176,0,0.023653,0.036919,0.059461,0.055198,0.066476,0.127250,0.803115,0.000000,0.197489,0.796098,-0.032083,0.265521,0.751813,-0.044365,0.314376,0.701006,-0.054185,0.355050,0.660263,-0.062981,0.242566,0.605520,-0.016850,0.277428,0.525835,-0.033131,0.293138,0.473979,-0.048489,0.305084,0.427149,-0.060064,0.206546,0.578434,-0.014583,0.235401,0.485378,-0.027936,0.249079,0.426167,-0.042428,0.257373,0.377794,-0.053320,0.168589,0.572341,-0.016805,0.187698,0.482941,-0.031080,0.199319,0.429855,-0.042359,0.208996,0.384370,-0.050129,0.126942,0.581795,-0.022501,0.136515,0.510223,-0.036708,0.143095,0.464794,-0.043180,0.150366,0.423267,-0.046712
210,0,0.028083,0.026997,0.034671,0.057978,0.085049,0.127378,0.802938,0.000000,0.197557,0.795945,-0.032167,0.265172,0.751917,-0.044486,0.314156,0.701173,-0.054387,0.354848,0.660891,-0.063147,0.242722,0.604838,-0.016369,0.277227,0.524992,-0.032509,0.292566,0.473270,-0.047862,0.304375,0.426418,-0.059451,0.206722,0.577967,-0.014030,0.235048,0.484678,-0.027239,0.248560,0.425422,-0.041725,0.256988,0.377166,-0.052653,0.168962,0.571772,-0.016209,0.187413,0.482538,-0.030364,0.198781,0.429252,-0.041611,0.208385,0.383582,-0.049414,0.127422,0.581510,-0.021889,0.136434,0.509992,-0.035931,0.142974,0.464740,-0.042273,0.150277,0.422997,-0.045786
242,0,0.028191,0.028901,0.040592,0.055300,0.060477,0.126952,0.802839,0.000000,0.197432,0.795991,-0.032459,0.264953,0.752272,-0.044990,0.313693,0.701318,-0.055102,0.354592,0.660476,-0.064096,0.242336,0.605032,-0.016720,0.276660,0.525659,-0.033166,0.292063,0.473728,-0.048665,0.303903,0.426759,-0.060352,0.206375,0.577980,-0.014289,0.234972,0.485234,-0.027939,0.248646,0.425938,-0.042639,0.257229,0.377213,-0.053687,0.168530,0.571967,-0.016423,0.187242,0.482846,-0.031135,0.198645,0.429875,-0.042685,0.208247,0.384176,-0.050628,0.126968,0.581722,-0.022039,0.136439,0.510673,-0.036613,0.142975,0.465394,-0.043392,0.150147,0.423759,-0.047159
277,0,0.022919,0.026619,0.031225,0.054590,0.073394,0.128065,0.802428,0.000000,0.198601,0.795729,-0.032240,0.266065,0.752113,-0.044734,0.314573,0.700912,-0.054766,0.355444,0.660148,-0.063704,0.242824,0.605212,-0.016918,0.277134,0.525085,-0.033266,0.292217,0.473233,-0.048565,0.303870,0.426417,-0.060056,0.206722,0.578252,-0.014478,0.235059,0.485031,-0.028022,0.248486,0.426079,-0.042500,0.256956,0.377767,-0.053353,0.168853,0.571956,-0.016542,0.187126,0.482874,-0.031008,0.198635,0.429709,-0.042249,0.208347,0.384241,-0.049933,0.127591,0.581400,-0.022071,0.137078,0.510005,-0.036275,0.143562,0.464739,-0.042682,0.150813,0.423416,-0.046125
311,0,0.054376,0.052301,0.038386,0.089395,0.114775,0.128009,0.802135,0.000000,0.198385,0.795640,-0.032010,0.266400,0.751951,-0.044114,0.314965,0.700860,-0.053737,0.355542,0.660394,-0.062201,0.243486,0.603872,-0.015709,0.276914,0.523818,-0.031328,0.291994,0.472109,-0.046343,0.303700,0.425785,-0.057651,0.207084,0.577105,-0.013150,0.234978,0.483646,-0.025822,0.248361,0.424947,-0.039928,0.256855,0.377228,-0.050552,0.169091,0.571046,-0.015141,0.187220,0.482353,-0.028848,0.198374,0.429443,-0.039882,0.208014,0.384387,-0.047504,0.127813,0.580963,-0.020612,0.137208,0.509948,-0.034172,0.143662,0.465235,-0.040314,0.151014,0.424102,-0.043636
345,0,0.053877,0.053304,0.056103,0.057913,0.066812,0.127968,0.802281,0.000000,0.198800,0.795575,-0.032373,0.266383,0.752290,-0.044943,0.314586,0.700773,-0.055073,0.355752,0.659879,-0.064061,0.243060,0.605441,-0.016745,0.277156,0.525536,-0.033080,0.292177,0.473616,-0.048457,0.303773,0.426744,-0.060000,0.207157,0.578285,-0.014247,0.235711,0.484932,-0.027650,0.249029,0.425566,-0.042114,0.257369,0.376945,-0.052928,0.169320,0.571901,-0.016278,0.187878,0.482974,-0.030616,0.199127,0.429841,-0.041886,0.208589,0.384415,-0.049597,0.128110,0.581274,-0.021810,0.137706,0.510157,-0.035841,0.144003,0.464983,-0.042228,0.150876,0.423626,-0.045719
379,0,0.030066,0.031910,0.042356,0.076720,0.089245,0.127710,0.802720,0.000000,0.198425,0.795780,-0.032363,0.266345,0.752567,-0.044707,0.314806,0.701435,-0.054477,0.355374,0.660560,-0.063132,0.243210,0.605214,-0.016307,0.277104,0.525369,-0.032203,0.292277,0.473751,-0.047371,0.303992,0.427250,-0.058759,0.207214,0.578100,-0.013688,0.235460,0.484297,-0.026555,0.248844,0.425069,-0.040767,0.257248,0.376989,-0.051425,0.169326,0.571977,-0.015601,0.187718,0.482649,-0.029448,0.198996,0.429725,-0.040585,0.208572,0.384228,-0.048237,0.127915,0.581491,-0.021032,0.137276,0.510528,-0.034777,0.143699,0.465708,-0.041017,0.151142,0.424342,-0.044433
413,0,0.028138,0.026995,0.047546,0.080130,0.091555,0.127705,0.803322,0.000000,0.197839,0.796785,-0.033252,0.265704,0.753337,-0.046018,0.314386,0.701927,-0.056044,0.355675,0.661133,-0.064905,0.243093,0.605459,-0.016889,0.276727,0.525602,-0.032978,0.291575,0.474035,-0.048234,0.303249,0.427678,-0.059744,0.207010,0.578241,-0.013908,0.234849,0.483863,-0.026972,0.248139,0.424920,-0.041222,0.256524,0.376889,-0.051888,0.169409,0.571888,-0.015564,0.187639,0.483030,-0.029621,0.198977,0.430404,-0.040743,0.208537,0.384963,-0.048371,0.128337,0.581472,-0.020805,0.137629,0.510672,-0.034554,0.144161,0.466210,-0.040720,0.151383,0.424784,-0.044123
446,0,0.031443,0.033985,0.051609,0.103550,0.106748,0.127382,0.803721,0.000000,0.198019,0.796858,-0.033469,0.266087,0.753294,-0.045983,0.314396,0.701016,-0.055728,0.355311,0.659385,-0.064284,0.242696,0.605481,-0.016311,0.276504,0.525769,-0.032165,0.291519,0.473994,-0.047401,0.303227,0.427360,-0.058885,0.206918,0.578536,-0.013063,0.234981,0.484986,-0.025782,0.248163,0.425657,-0.039989,0.256576,0.377352,-0.050695,0.169247,0.572243,-0.014515,0.188011,0.483796,-0.028368,0.199150,0.431062,-0.039577,0.208584,0.385790,-0.047264,0.128109,0.581483,-0.019628,0.137871,0.510882,-0.033286,0.144169,0.466205,-0.039554,0.150972,0.425097,-0.042986
479,0,0.024944,0.035504,0.057894,0.108979,0.131682,0.127952,0.804259,0.000000,0.198249,0.797273,-0.032860,0.266500,0.752654,-0.045063,0.314907,0.700981,-0.054615,0.355674,0.660643,-0.063024,0.242726,0.605354,-0.016213,0.276325,0.525842,-0.031946,0.291043,0.474052,-0.047165,0.302457,0.427396,-0.058591,0.206475,0.578520,-0.013299,0.234265,0.484485,-0.025936,0.247355,0.425494,-0.039967,0.255646,0.377599,-0.050547,0.168722,0.572565,-0.015025,0.187291,0.483883,-0.028678,0.198527,0.430951,-0.039556,0.208191,0.385555,-0.047074,0.127633,0.582209,-0.020360,0.137336,0.511432,-0.033797,0.143836,0.466718,-0.039784,0.150968,0.425434,-0.043075
511,0,0.038106,0.042384,0.042729,0.098819,0.105638,0.127615,0.803788,0.000000,0.198336,0.796977,-0.033181,0.265564,0.753434,-0.045986,0.314262,0.701886,-0.056116,0.355408,0.660688,-0.065172,0.242680,0.606071,-0.016979,0.276175,0.526169,-0.033203,0.291021,0.474229,-0.048616,0.302417,0.427453,-0.060187,0.206351,0.578867,-0.014063,0.234239,0.484641,-0.027098,0.246997,0.425343,-0.041253,0.254929,0.376925,-0.051909,0.168407,0.572660,-0.015778,0.187027,0.484034,-0.029682,0.198096,0.431332,-0.040590,0.207419,0.385841,-0.048113,0.127065,0.582440,-0.021118,0.136760,0.512147,-0.034667,0.143414,0.467564,-0.040635,0.150453,0.426461,-0.043882
544,0,0.026193,0.022648,0.062316,0.106921,0.111470,0.127349,0.804223,0.000000,0.198640,0.796758,-0.032982,0.265993,0.753130,-0.045635,0.313997,0.701121,-0.055731,0.355043,0.660455,-0.064730,0.242025,0.605642,-0.016902,0.275625,0.525941,-0.033256,0.290283,0.473942,-0.048787,0.301618,0.427175,-0.060436,0.205599,0.578882,-0.014081,0.233235,0.485041,-0.027386,0.246085,0.425853,-0.041752,0.254290,0.377425,-0.052533,0.167718,0.572996,-0.015874,0.186149,0.484542,-0.030058,0.197394,0.431674,-0.041044,0.206920,0.386350,-0.048559,0.126476,0.582892,-0.021265,0.136217,0.512453,-0.035060,0.142808,0.467642,-0.041136,0.149910,0.426392,-0.044379
578,0,0.018956,0.019306,0.049184,0.109518,0.106756,0.127264,0.803911,0.000000,0.197818,0.796624,-0.032537,0.265399,0.753021,-0.045040,0.314029,0.701373,-0.055034,0.354940,0.660585,-0.063887,0.241722,0.606375,-0.016805,0.275559,0.526260,-0.032902,0.290512,0.474418,-0.048143,0.301792,0.427478,-0.059643,0.205531,0.579519,-0.014192,0.233183,0.485396,-0.027357,0.246082,0.426126,-0.041664,0.253905,0.377549,-0.052433,0.167537,0.573272,-0.016097,0.185936,0.484309,-0.030187,0.197113,0.431275,-0.041162,0.206488,0.385612,-0.048737,0.126282,0.582629,-0.021528,0.136042,0.511696,-0.035252,0.142591,0.466946,-0.041253,0.149791,0.425835,-0.044516
612,0,0.016998,0.015565,0.038875,0.108898,0.116795,0.127575,0.803419,0.000000,0.198279,0.796424,-0.032413,0.265777,0.752569,-0.044804,0.314106,0.700920,-0.054667,0.354923,0.660443,-0.063459,0.242002,0.605534,-0.016491,0.275465,0.525795,-0.032527,0.290571,0.474148,-0.047834,0.302169,0.427384,-0.059450,0.205702,0.578758,-0.013906,0.232741,0.484859,-0.026992,0.245608,0.425886,-0.041365,0.253788,0.377395,-0.052207,0.167848,0.572720,-0.015853,0.185776,0.484040,-0.029885,0.196912,0.430855,-0.040955,0.206406,0.385022,-0.048608,0.126531,0.582346,-0.021343,0.135880,0.511476,-0.035101,0.142524,0.466855,-0.041183,0.149683,0.425784,-0.044531
645,0,0.022206,0.021404,0.038360,0.110598,0.117344,0.127274,0.802973,0.000000,0.197765,0.795827,-0.032514,0.265426,0.752113,-0.044801,0.313935,0.700635,-0.054516,0.354683,0.660159,-0.063071,0.241659,0.605523,-0.016416,0.275557,0.525733,-0.032287,0.290313,0.473615,-0.047463,0.301607,0.426724,-0.058976,0.205701,0.578371,-0.013618,0.233180,0.484878,-0.026553,0.246060,0.425780,-0.040842,0.254039,0.377338,-0.051604,0.168078,0.572288,-0.015336,0.185934,0.483685,-0.029238,0.197095,0.430806,-0.040296,0.206396,0.385451,-0.047918,0.126874,0.581771,-0.020580,0.136302,0.511052,-0.034266,0.142649,0.466307,-0.040364,0.149644,0.425190,-0.043709
679,0,0.020692,0.020613,0.025589,0.109114,0.120807,0.128011,0.802751,0.000000,0.198632,0.795404,-0.032331,0.265954,0.752022,-0.044753,0.314261,0.700483,-0.054651,0.355180,0.659744,-0.063478,0.242246,0.606171,-0.016336,0.276100,0.525940,-0.032285,0.290724,0.473947,-0.047506,0.302037,0.426736,-0.059019,0.206198,0.579295,-0.013674,0.233587,0.485522,-0.026711,0.246337,0.426112,-0.041113,0.254173,0.377348,-0.051966,0.168452,0.573048,-0.015517,0.186150,0.484321,-0.029441,0.197173,0.431126,-0.040544,0.206390,0.385275,-0.048189,0.127433,0.582351,-0.020864,0.136813,0.511572,-0.034515,0.143276,0.466667,-0.040613,0.150185,0.425266,-0.043934
713,0,0.025601,0.020378,0.047000,0.099532,0.124496,0.128433,0.801904,0.000000,0.199129,0.795234,-0.032943,0.266925,0.751576,-0.045377,0.315119,0.700221,-0.055223,0.355866,0.658939,-0.063936,0.242680,0.604835,-0.016528,0.276088,0.525040,-0.032490,0.291019,0.473196,-0.047782,0.302715,0.426376,-0.059307,0.206489,0.578272,-0.013579,0.233450,0.484535,-0.026545,0.246229,0.425648,-0.040930,0.254295,0.377280,-0.051775,0.168790,0.572188,-0.015224,0.186153,0.483732,-0.029177,0.196939,0.430441,-0.040249,0.206112,0.384382,-0.047918,0.127625,0.581698,-0.020465,0.136818,0.511217,-0.034191,0.143155,0.466576,-0.040317,0.150191,0.425164,-0.043675
742,0,0.017407,0.029543,0.030427,0.101338,0.121975,0.128246,0.801100,0.000000,0.199155,0.794092,-0.032903,0.266509,0.751002,-0.045398,0.314908,0.699788,-0.055284,0.355547,0.658659,-0.064037,0.242720,0.605129,-0.016633,0.276187,0.524992,-0.032631,0.291079,0.473159,-0.047892,0.302640,0.426181,-0.059366,0.206788,0.578352,-0.013640,0.234072,0.484885,-0.026554,0.246871,0.425841,-0.040840,0.254789,0.377364,-0.051611,0.169299,0.572219,-0.015227,0.186994,0.484042,-0.029025,0.197741,0.430768,-0.040023,0.206851,0.384810,-0.047620,0.128286,0.581419,-0.020409,0.137501,0.511223,-0.033878,0.143677,0.466517,-0.039887,0.150298,0.425303,-0.043153
771,0,0.021543,0.023779,0.022129,0.092594,0.120655,0.128646,0.801098,0.000000,0.199313,0.793965,-0.032664,0.266926,0.750615,-0.045068,0.315132,0.699584,-0.054915,0.355560,0.658579,-0.063697,0.243158,0.604367,-0.016649,0.276419,0.524733,-0.032709,0.291378,0.473247,-0.048033,0.303096,0.426759,-0.059532,0.206859,0.577976,-0.013932,0.233653,0.484147,-0.026914,0.246413,0.425367,-0.041243,0.254484,0.377407,-0.052063,0.169136,0.572093,-0.015766,0.186672,0.483917,-0.029698,0.197492,0.430538,-0.040745,0.206787,0.384537,-0.048350,0.127987,0.582013,-0.021165,0.137323,0.511301,-0.034905,0.143750,0.466575,-0.040994,0.150866,0.425073,-0.044321
800,0,0.019404,0.020446,0.041697,0.084930,0.115907,0.128792,0.800934,0.000000,0.199235,0.793855,-0.033046,0.266688,0.750196,-0.045640,0.315363,0.699324,-0.055583,0.355811,0.658001,-0.064507,0.242801,0.604443,-0.017214,0.276020,0.524919,-0.033477,0.291065,0.473353,-0.048924,0.302938,0.426623,-0.060566,0.206560,0.577793,-0.014349,0.233547,0.484250,-0.027520,0.246479,0.425563,-0.041903,0.254600,0.377200,-0.052729,0.168998,0.571926,-0.016082,0.186598,0.483984,-0.030192,0.197468,0.430623,-0.041314,0.206786,0.384304,-0.048969,0.128164,0.581963,-0.021404,0.137587,0.511522,-0.035243,0.144010,0.466790,-0.041427,0.150934,0.425375,-0.044847
825,0,0.030419,0.030526,0.053215,0.101352,0.131373,0.128624,0.800999,0.000000,0.199492,0.793207,-0.032921,0.266814,0.749846,-0.045433,0.315099,0.698733,-0.055343,0.355580,0.657859,-0.064077,0.242727,0.603879,-0.016607,0.276114,0.524342,-0.032672,0.291166,0.472960,-0.048148,0.302695,0.426083,-0.059823,0.206546,0.577180,-0.013666,0.233433,0.483922,-0.026518,0.246332,0.425519,-0.040840,0.254441,0.377443,-0.051678,0.168815,0.571080,-0.015318,0.186465,0.483524,-0.029052,0.197443,0.430530,-0.039980,0.206657,0.384755,-0.047560,0.127840,0.580876,-0.020578,0.137479,0.510906,-0.033984,0.143893,0.466246,-0.039822,0.150754,0.425288,-0.042967
872,0,0.025036,0.031371,0.042401,0.091613,0.120530,0.128208,0.800481,0.000000,0.198774,0.793220,-0.032641,0.265892,0.750006,-0.045213,0.314525,0.698774,-0.055270,0.354827,0.657470,-0.064240,0.242738,0.604560,-0.017023,0.275985,0.524813,-0.033275,0.290792,0.473105,-0.048701,0.302143,0.426167,-0.060299,0.206562,0.577694,-0.014350,0.233547,0.483951,-0.027386,0.246133,0.425391,-0.041634,0.253898,0.377261,-0.052326,0.168785,0.571626,-0.016207,0.186395,0.483520,-0.029991,0.197129,0.430634,-0.040728,0.206164,0.384802,-0.048158,0.127830,0.581303,-0.021644,0.137176,0.511078,-0.035065,0.143571,0.466361,-0.040818,0.150416,0.425348,-0.043876
907,0,0.029142,0.025926,0.045385,0.107426,0.139241,0.128250,0.799822,0.000000,0.199438,0.792928,-0.032371,0.266891,0.749404,-0.044549,0.314736,0.698315,-0.054192,0.354550,0.657096,-0.062840,0.242501,0.603713,-0.016627,0.275517,0.524554,-0.032733,0.290145,0.472967,-0.048126,0.301405,0.426299,-0.059670,0.206175,0.576937,-0.013978,0.232577,0.483076,-0.027006,0.245200,0.424539,-0.041267,0.253334,0.376737,-0.052019,0.168316,0.571021,-0.015834,0.185532,0.483083,-0.029745,0.196318,0.430119,-0.040542,0.205647,0.384362,-0.047990,0.127366,0.580904,-0.021233,0.136854,0.510950,-0.034861,0.143444,0.466339,-0.040724,0.150598,0.425083,-0.043870
933,0,0.029160,0.022391,0.047260,0.114472,0.134331,0.127662,0.800048,0.000000,0.198757,0.792521,-0.033173,0.266080,0.749707,-0.045724,0.314177,0.698348,-0.055628,0.353943,0.656881,-0.064447,0.242110,0.603360,-0.016881,0.275346,0.524005,-0.033128,0.290035,0.472425,-0.048708,0.301362,0.425337,-0.060422,0.205516,0.576554,-0.013850,0.232196,0.483220,-0.027000,0.244771,0.424532,-0.041495,0.252843,0.376238,-0.052417,0.167687,0.570755,-0.015411,0.184877,0.483373,-0.029397,0.195564,0.430434,-0.040364,0.204708,0.384527,-0.047894,0.126604,0.580839,-0.020589,0.136165,0.511271,-0.034304,0.142871,0.466811,-0.040251,0.150207,0.425528,-0.043462
966,0,0.022108,0.030617,0.038452,0.114192,0.145666,0.128339,0.800219,0.000000,0.199077,0.792344,-0.032469,0.266407,0.749416,-0.044868,0.314108,0.698146,-0.054756,0.354190,0.656593,-0.063625,0.241941,0.604062,-0.016755,0.275261,0.524267,-0.032989,0.289951,0.472550,-0.048465,0.301449,0.425759,-0.060005,0.205506,0.577629,-0.014187,0.232117,0.483341,-0.027287,0.244556,0.424433,-0.041678,0.252534,0.376273,-0.052493,0.167974,0.571867,-0.016110,0.184901,0.483640,-0.030002,0.195680,0.430306,-0.040863,0.204856,0.384186,-0.048330,0.126874,0.582012,-0.021585,0.136375,0.511528,-0.035161,0.142979,0.466560,-0.040931,0.150031,0.425293,-0.043985
1001,0,0.017836,0.018307,0.047072,0.117395,0.145225,0.127878,0.800099,0.000000,0.198799,0.792659,-0.032818,0.265869,0.749531,-0.045317,0.313773,0.698192,-0.055240,0.353817,0.656412,-0.064055,0.241940,0.604197,-0.016590,0.275186,0.524664,-0.032660,0.290022,0.473218,-0.048052,0.301475,0.426362,-0.059625,0.205562,0.577274,-0.013787,0.232025,0.483454,-0.026829,0.244309,0.424753,-0.041249,0.252114,0.376456,-0.052121,0.167609,0.571537,-0.015550,0.184660,0.483527,-0.029609,0.195324,0.430312,-0.040729,0.204621,0.384126,-0.048414,0.126628,0.581596,-0.020884,0.136031,0.511594,-0.034672,0.142636,0.466915,-0.040774,0.149817,0.425583,-0.044142
1030,0,0.047213,0.052008,0.060577,0.143225,0.160862,0.127560,0.800923,0.000000,0.198357,0.793571,-0.032998,0.265475,0.750176,-0.045338,0.313308,0.698440,-0.055011,0.354191,0.657254,-0.063464,0.241868,0.604443,-0.015911,0.275604,0.524810,-0.031461,0.290216,0.473325,-0.046513,0.301216,0.426600,-0.057859,0.205659,0.577516,-0.012736,0.232509,0.483930,-0.025200,0.244740,0.425179,-0.039303,0.252225,0.377087,-0.049903,0.167907,0.571597,-0.014160,0.185270,0.483541,-0.027641,0.195981,0.430872,-0.038399,0.205030,0.385583,-0.045858,0.127039,0.581208,-0.019188,0.136344,0.511324,-0.032410,0.142820,0.466971,-0.038128,0.149870,0.426181,-0.041202
1062,0,0.016781,0.016315,0.053645,0.147605,0.160004,0.127369,0.800973,0.000000,0.198209,0.794481,-0.032844,0.265881,0.750032,-0.044804,0.313982,0.697897,-0.054090,0.354601,0.656857,-0.062245,0.241752,0.604221,-0.016014,0.275174,0.524815,-0.031372,0.289795,0.473411,-0.046253,0.301085,0.426851,-0.057579,0.205814,0.577610,-0.012866,0.232276,0.483953,-0.025210,0.244579,0.425089,-0.039186,0.252053,0.377076,-0.049787,0.168308,0.571618,-0.014293,0.185326,0.483750,-0.027770,0.195845,0.431245,-0.038552,0.204586,0.385532,-0.046117,0.127673,0.581619,-0.019321,0.136340,0.511786,-0.032663,0.142670,0.467435,-0.038597,0.149633,0.426266,-0.041904
1098,0,0.039440,0.045238,0.078518,0.148952,0.168038,0.128108,0.801186,0.000000,0.199328,0.793798,-0.032706,0.266669,0.750110,-0.044847,0.314182,0.698097,-0.054405,0.354512,0.656290,-0.062967,0.242074,0.604704,-0.015979,0.274941,0.525389,-0.031846,0.289392,0.473764,-0.047066,0.300738,0.427231,-0.058618,0.205720,0.578374,-0.013137,0.231708,0.484620,-0.026070,0.244049,0.425872,-0.040475,0.251806,0.377698,-0.051370,0.168036,0.572826,-0.014904,0.184704,0.484923,-0.028901,0.195441,0.432007,-0.039909,0.204555,0.385874,-0.047519,0.127135,0.583006,-0.020238,0.136272,0.513012,-0.033997,0.142780,0.468328,-0.040090,0.149982,0.426868,-0.043488
1124,0,0.030032,0.037898,0.025744,0.160808,0.170721,0.127267,0.800826,0.000000,0.198761,0.793526,-0.033029,0.266313,0.750059,-0.045130,0.314209,0.698019,-0.054634,0.354319,0.656198,-0.062987,0.242008,0.605117,-0.015657,0.275303,0.525316,-0.031290,0.289953,0.473709,-0.046416,0.301187,0.426767,-0.057930,0.205711,0.578579,-0.012485,0.231740,0.485024,-0.025195,0.243918,0.426422,-0.039621,0.251641,0.378115,-0.050480,0.167939,0.572851,-0.013952,0.184492,0.484823,-0.027791,0.194883,0.431701,-0.038853,0.203901,0.385598,-0.046462,0.126987,0.582380,-0.019032,0.136071,0.512232,-0.032735,0.142392,0.467197,-0.038831,0.149352,0.425764,-0.042127
1166,0,0.039249,0.043653,0.065112,0.147942,0.165188,0.127808,0.800915,0.000000,0.199273,0.793667,-0.032803,0.266533,0.749140,-0.044940,0.314589,0.697456,-0.054505,0.354504,0.655940,-0.062988,0.242096,0.605619,-0.016852,0.275151,0.526194,-0.032915,0.290077,0.474461,-0.048189,0.301412,0.427371,-0.059739,0.205665,0.578691,-0.013875,0.231442,0.485218,-0.026937,0.243378,0.426662,-0.041263,0.250854,0.378279,-0.052069,0.167811,0.572632,-0.015420,0.184233,0.485133,-0.029396,0.194624,0.432208,-0.040135,0.203548,0.386032,-0.047602,0.126795,0.582486,-0.020552,0.135943,0.512539,-0.034224,0.142561,0.467877,-0.040157,0.149801,0.426603,-0.043383
1199,0,0.037446,0.047377,0.055526,0.144285,0.173402,0.128287,0.800539,0.000000,0.199624,0.793035,-0.032886,0.267081,0.749005,-0.045252,0.314568,0.697406,-0.055050,0.354395,0.655633,-0.063880,0.241725,0.604960,-0.017265,0.274889,0.525959,-0.033742,0.289584,0.474083,-0.049284,0.301055,0.426761,-0.061041,0.205300,0.578641,-0.014404,0.231300,0.485723,-0.027908,0.243385,0.427295,-0.042504,0.250903,0.378526,-0.053518,0.167370,0.573080,-0.016060,0.183781,0.485996,-0.030431,0.194044,0.433117,-0.041400,0.202820,0.386637,-0.048968,0.126378,0.583244,-0.021308,0.135562,0.513713,-0.035409,0.142008,0.468841,-0.041625,0.149203,0.426787,-0.045027
1244,0,0.069819,0.076098,0.071477,0.173615,0.191770,0.128006,0.800955,0.000000,0.199855,0.792748,-0.032061,0.267748,0.749009,-0.043781,0.315898,0.697307,-0.053076,0.355492,0.656324,-0.061293,0.242385,0.605549,-0.015772,0.276295,0.525831,-0.031410,0.290948,0.473616,-0.046430,0.301827,0.426230,-0.057791,0.206126,0.579153,-0.012932,0.232870,0.486456,-0.025707,0.245163,0.427886,-0.040009,0.252181,0.379290,-0.050786,0.168226,0.573118,-0.014560,0.184582,0.485541,-0.028312,0.194562,0.432612,-0.039156,0.202610,0.386942,-0.046610,0.127190,0.582693,-0.019701,0.135818,0.512922,-0.033274,0.141855,0.467999,-0.039246,0.148276,0.426707,-0.042411
1279,0,0.025295,0.033547,0.057300,0.172383,0.205656,0.128601,0.800228,0.000000,0.200514,0.793296,-0.032061,0.268206,0.749623,-0.043828,0.315824,0.697836,-0.053142,0.355468,0.656713,-0.061422,0.243563,0.605592,-0.016042,0.276900,0.525974,-0.031656,0.291515,0.474535,-0.046573,0.302553,0.427731,-0.057822,0.206951,0.579060,-0.013139,0.233420,0.486552,-0.025896,0.245851,0.428294,-0.040070,0.253231,0.380116,-0.050757,0.168810,0.573260,-0.014669,0.184724,0.486153,-0.028484,0.194747,0.433276,-0.039351,0.203065,0.387824,-0.046843,0.127463,0.583079,-0.019698,0.136138,0.513488,-0.033321,0.142118,0.468994,-0.039351,0.148657,0.427835,-0.042613
1313,0,0.033042,0.025482,0.052692,0.170246,0.195402,0.128200,0.800566,0.000000,0.200081,0.793125,-0.032436,0.267701,0.749788,-0.044467,0.315310,0.698285,-0.054007,0.355130,0.656877,-0.062492,0.243137,0.605838,-0.016240,0.276169,0.526698,-0.032211,0.290882,0.475342,-0.047453,0.302435,0.428761,-0.058991,0.206464,0.578902,-0.013334,0.232281,0.486628,-0.026375,0.244864,0.428804,-0.040786,0.252901,0.380923,-0.051628,0.168490,0.573239,-0.014950,0.184220,0.486822,-0.029046,0.194163,0.434105,-0.040001,0.202706,0.388356,-0.047543,0.127675,0.583397,-0.020124,0.136343,0.514556,-0.033985,0.142391,0.469756,-0.040203,0.148988,0.428073,-0.043592
1347,0,0.022248,0.028449,0.019946,0.179240,0.215688,0.129285,0.801006,0.000000,0.200606,0.793161,-0.032284,0.267646,0.749444,-0.044309,0.315002,0.697580,-0.053844,0.354579,0.655813,-0.062369,0.243464,0.606100,-0.016288,0.276431,0.526968,-0.032217,0.291136,0.475537,-0.047383,0.302428,0.428717,-0.058825,0.206930,0.579729,-0.013427,0.232868,0.487387,-0.026496,0.245312,0.429411,-0.040854,0.253249,0.381291,-0.051690,0.168781,0.574199,-0.015065,0.184637,0.487294,-0.029188,0.194703,0.434591,-0.040181,0.203406,0.388767,-0.047742,0.127864,0.584312,-0.020214,0.136292,0.515374,-0.034169,0.142375,0.470633,-0.040450,0.149075,0.429262,-0.043883
1381,0,0.030085,0.038486,0.024443,0.193634,0.241679,0.128944,0.799688,0.000000,0.200528,0.792245,-0.032681,0.267499,0.748839,-0.044844,0.314985,0.696859,-0.054386,0.354787,0.654820,-0.062988,0.243225,0.605728,-0.016553,0.276221,0.526754,-0.032412,0.290566,0.475523,-0.047532,0.301704,0.428818,-0.058956,0.206301,0.579298,-0.013429,0.232121,0.487081,-0.026275,0.244482,0.429402,-0.040498,0.252305,0.381754,-0.051250,0.168003,0.573592,-0.014829,0.183904,0.487353,-0.028694,0.193743,0.434952,-0.039535,0.202397,0.389422,-0.047039,0.127106,0.583597,-0.019801,0.135948,0.515106,-0.033443,0.142056,0.470921,-0.039468,0.148786,0.429884,-0.042761
1413,0,0.052195,0.050112,0.084795,0.204137,0.249997,0.128875,0.799812,0.000000,0.200332,0.791237,-0.032928,0.267472,0.747833,-0.045318,0.314421,0.695381,-0.055052,0.353059,0.651996,-0.063848,0.243070,0.605452,-0.016900,0.274892,0.526703,-0.033353,0.288822,0.475831,-0.048980,0.299870,0.429035,-0.060722,0.205959,0.579099,-0.013886,0.230571,0.487319,-0.027280,0.242785,0.430184,-0.041970,0.251136,0.382517,-0.053043,0.167539,0.573653,-0.015448,0.182331,0.488080,-0.029714,0.192503,0.435767,-0.040653,0.201707,0.389698,-0.048265,0.126402,0.584209,-0.020594,0.134912,0.515747,-0.034558,0.141265,0.471452,-0.040697,0.148424,0.429992,-0.044046
1446,0,0.063024,0.082727,0.034587,0.259750,0.303889,0.129428,0.800752,0.000000,0.201052,0.791425,-0.032104,0.267925,0.746279,-0.043970,0.313964,0.693198,-0.053343,0.352438,0.649839,-0.061670,0.242645,0.605131,-0.015718,0.273882,0.525851,-0.031525,0.287259,0.475012,-0.046620,0.297582,0.428759,-0.058063,0.205288,0.579371,-0.012902,0.229445,0.487195,-0.025759,0.241678,0.430269,-0.040052,0.249912,0.382798,-0.050805,0.166905,0.574204,-0.014605,0.181468,0.488151,-0.028430,0.191541,0.435957,-0.039072,0.200695,0.390330,-0.046442,0.125955,0.584658,-0.019826,0.134086,0.515774,-0.033417,0.140298,0.471545,-0.039250,0.147195,0.430483,-0.042367
1480,0,0.050150,0.042464,0.049841,0.292414,0.331984,0.129016,0.800663,0.000000,0.200357,0.790913,-0.032268,0.267280,0.746127,-0.044249,0.313303,0.692754,-0.053669,0.351019,0.647846,-0.062132,0.241872,0.605163,-0.015956,0.272699,0.525990,-0.031801,0.285784,0.475521,-0.047078,0.295832,0.429245,-0.058524,0.204178,0.579846,-0.013128,0.228302,0.487911,-0.026011,0.239943,0.430778,-0.040508,0.247506,0.383062,-0.051442,0.165568,0.575137,-0.014831,0.180257,0.489497,-0.028639,0.190182,0.437274,-0.039484,0.199192,0.391715,-0.047033,0.124346,0.585996,-0.020065,0.132750,0.517207,-0.033671,0.139113,0.473148,-0.039573,0.146045,0.431959,-0.042780
1514,0,0.049464,0.047621,0.060755,0.330455,0.372812,0.128985,0.800393,0.000000,0.200562,0.789496,-0.032341,0.267186,0.744644,-0.044327,0.312843,0.691642,-0.053716,0.349583,0.646282,-0.062106,0.241291,0.604233,-0.015937,0.271240,0.525246,-0.031697,0.283359,0.474595,-0.047013,0.292487,0.428046,-0.058555,0.203555,0.579463,-0.013018,0.226492,0.488212,-0.025837,0.237685,0.431666,-0.040465,0.244661,0.384100,-0.051541,0.164805,0.574733,-0.014605,0.178796,0.489855,-0.028212,0.188505,0.438028,-0.039000,0.197216,0.392682,-0.046524,0.123290,0.585621,-0.019744,0.131480,0.516990,-0.033118,0.137619,0.473187,-0.038889,0.144459,0.432322,-0.041974
1548,0,0.045723,0.058055,0.037100,0.373869,0.415871,0.129471,0.801272,0.000000,0.200581,0.790003,-0.032466,0.267031,0.744342,-0.044422,0.312012,0.690523,-0.053749,0.348390,0.644515,-0.062014,0.240417,0.604178,-0.015680,0.269452,0.525247,-0.031272,0.281383,0.474758,-0.046500,0.290089,0.428210,-0.057992,0.202650,0.579616,-0.012597,0.225174,0.488402,-0.025217,0.236068,0.431883,-0.039648,0.242985,0.384655,-0.050566,0.163997,0.575262,-0.014056,0.177877,0.490171,-0.027515,0.187435,0.438438,-0.038124,0.195827,0.393254,-0.045527,0.122820,0.586380,-0.019084,0.130592,0.517679,-0.032333,0.136458,0.473958,-0.037991,0.142966,0.433120,-0.040997
1582,0,0.056226,0.035397,0.054437,0.409789,0.440468,0.128402,0.800797,0.000000,0.199668,0.789762,-0.032484,0.266069,0.744415,-0.044232,0.311315,0.690119,-0.053308,0.347008,0.643943,-0.061302,0.239285,0.603608,-0.015094,0.268632,0.524298,-0.030143,0.280502,0.473876,-0.045093,0.289247,0.427676,-0.056356,0.201960,0.579192,-0.011781,0.224353,0.487869,-0.023783,0.234864,0.431365,-0.038005,0.241285,0.384703,-0.048847,0.163428,0.574917,-0.013040,0.177093,0.489729,-0.025947,0.186182,0.438364,-0.036525,0.193932,0.393737,-0.043923,0.122211,0.585973,-0.017854,0.129737,0.516941,-0.030651,0.135203,0.473115,-0.036194,0.141276,0.432545,-0.039153
1614,0,0.043469,0.031843,0.032821,0.417330,0.434290,0.127689,0.800948,0.000000,0.199262,0.790213,-0.032500,0.265749,0.744983,-0.044453,0.310393,0.690961,-0.053821,0.346334,0.644322,-0.062217,0.238430,0.604254,-0.014869,0.268027,0.525466,-0.030225,0.280064,0.475207,-0.045425,0.288967,0.429165,-0.056958,0.201185,0.579996,-0.011743,0.223711,0.489096,-0.024215,0.234424,0.432663,-0.038908,0.241120,0.385811,-0.050065,0.162826,0.575544,-0.013223,0.176226,0.490530,-0.026668,0.185381,0.439159,-0.037604,0.193433,0.394260,-0.045249,0.121705,0.586596,-0.018261,0.128762,0.518038,-0.031661,0.134405,0.474069,-0.037604,0.140833,0.433054,-0.040874
1647,0,0.017022,0.014916,0.052833,0.418658,0.433720,0.127706,0.801123,0.000000,0.198955,0.790417,-0.032387,0.265282,0.745385,-0.044350,0.310777,0.691513,-0.053758,0.346363,0.644048,-0.062174,0.238135,0.605443,-0.014949,0.267987,0.526052,-0.030338,0.280036,0.475441,-0.045518,0.289116,0.429025,-0.057018,0.201197,0.581121,-0.011941,0.223817,0.489738,-0.024433,0.234450,0.432807,-0.039239,0.241114,0.385759,-0.050541,0.163007,0.576469,-0.013505,0.176278,0.491212,-0.026901,0.185384,0.439241,-0.037895,0.193241,0.394150,-0.045650,0.121866,0.587369,-0.018628,0.128996,0.518630,-0.031924,0.134702,0.474410,-0.037851,0.141007,0.433439,-0.041155
1678,0,0.032545,0.041849,0.062720,0.413651,0.428752,0.127358,0.800665,0.000000,0.198547,0.790523,-0.033185,0.265240,0.746319,-0.045377,0.310680,0.692765,-0.054839,0.345563,0.644785,-0.063334,0.238446,0.605977,-0.015943,0.267518,0.526439,-0.031557,0.279419,0.476003,-0.046917,0.288496,0.429324,-0.058492,0.201320,0.581459,-0.012521,0.223636,0.490412,-0.025175,0.234001,0.433582,-0.040117,0.240537,0.386191,-0.051494,0.162992,0.576835,-0.013710,0.176221,0.492044,-0.027200,0.185312,0.440322,-0.038313,0.193265,0.395127,-0.046125,0.121760,0.587569,-0.018507,0.129268,0.518908,-0.031887,0.134897,0.475091,-0.037895,0.141174,0.434142,-0.041240
1711,0,0.026609,0.024555,0.059992,0.428234,0.444211,0.127807,0.801104,0.000000,0.199424,0.790504,-0.033461,0.265936,0.747124,-0.045902,0.310636,0.693500,-0.055556,0.345479,0.645179,-0.064201,0.238362,0.606272,-0.015754,0.267527,0.527292,-0.031289,0.279416,0.476990,-0.046780,0.288379,0.430255,-0.058496,0.201301,0.581970,-0.012178,0.223568,0.491152,-0.024728,0.233915,0.434552,-0.039780,0.240288,0.387263,-0.051256,0.162972,0.577079,-0.013209,0.176600,0.492515,-0.026571,0.185692,0.440915,-0.037652,0.193599,0.395902,-0.045419,0.121701,0.587484,-0.017882,0.129573,0.518763,-0.031113,0.135252,0.475067,-0.036950,0.141387,0.434533,-0.040131
1744,0,0.031760,0.024147,0.026194,0.434565,0.448084,0.128527,0.802117,0.000000,0.200265,0.791442,-0.033058,0.266705,0.747561,-0.045391,0.311230,0.693868,-0.055030,0.345728,0.645178,-0.063618,0.238716,0.607119,-0.015674,0.267867,0.528071,-0.031261,0.279855,0.477629,-0.046662,0.288714,0.430937,-0.058317,0.201539,0.582906,-0.012377,0.223594,0.492155,-0.024996,0.233874,0.435438,-0.040002,0.240174,0.388117,-0.051438,0.163075,0.578246,-0.013648,0.176635,0.493429,-0.027077,0.185827,0.441701,-0.038162,0.193780,0.396307,-0.046005,0.121890,0.588777,-0.018522,0.129488,0.520061,-0.031875,0.135439,0.476019,-0.037855,0.141911,0.434964,-0.041120
1777,0,0.049501,0.041111,0.059317,0.470472,0.458218,0.128380,0.803831,0.000000,0.200394,0.792734,-0.033133,0.267192,0.748977,-0.045258,0.311938,0.694999,-0.054668,0.345854,0.645763,-0.062984,0.238947,0.608358,-0.014871,0.268032,0.528950,-0.030179,0.279782,0.478442,-0.045564,0.288669,0.431844,-0.057163,0.201877,0.583957,-0.011391,0.223409,0.492822,-0.023701,0.233667,0.436290,-0.038692,0.240252,0.389226,-0.050116,0.163432,0.579018,-0.012551,0.176442,0.494427,-0.025715,0.185595,0.442967,-0.036657,0.193760,0.398496,-0.044360,0.122111,0.589356,-0.017344,0.129453,0.521023,-0.030398,0.135377,0.477045,-0.036110,0.141781,0.436635,-0.039174
1810,0,0.063271,0.060168,0.068938,0.494453,0.490435,0.130339,0.805592,0.000000,0.202537,0.793742,-0.033202,0.268533,0.749352,-0.045557,0.312452,0.695515,-0.055169,0.346841,0.647019,-0.063728,0.239350,0.608939,-0.015427,0.268422,0.530289,-0.030810,0.279919,0.480180,-0.046128,0.288698,0.433980,-0.057715,0.201967,0.585094,-0.011971,0.223676,0.494998,-0.024381,0.234024,0.438746,-0.039237,0.240640,0.391649,-0.050561,0.163189,0.580762,-0.013123,0.176520,0.496703,-0.026465,0.185895,0.446031,-0.037394,0.194350,0.401691,-0.045075,0.121827,0.591729,-0.017885,0.128949,0.523655,-0.031140,0.134934,0.479774,-0.036999,0.141449,0.439094,-0.040181
1842,0,0.056026,0.041863,0.135381,0.528231,0.508939,0.131270,0.807934,0.000000,0.203005,0.795438,-0.032474,0.269353,0.752042,-0.044590,0.313253,0.697900,-0.054102,0.345109,0.646877,-0.062587,0.239030,0.611046,-0.014947,0.268604,0.531762,-0.030200,0.280383,0.481788,-0.045530,0.289514,0.435660,-0.057076,0.201573,0.587401,-0.011929,0.223503,0.496080,-0.024055,0.234102,0.439497,-0.038969,0.240601,0.392538,-0.050385,0.162826,0.583391,-0.013460,0.176088,0.498396,-0.026286,0.185889,0.447463,-0.037264,0.194527,0.403289,-0.045092,0.121315,0.594684,-0.018533,0.128588,0.525950,-0.031381,0.134818,0.481891,-0.037067,0.141729,0.441088,-0.040150
1876,0,0.075682,0.036971,0.074822,0.586899,0.510732,0.130515,0.810921,0.000000,0.202340,0.798172,-0.032624,0.268371,0.754781,-0.044697,0.311509,0.700015,-0.054118,0.344196,0.649202,-0.062400,0.239376,0.612966,-0.014143,0.268695,0.533929,-0.029338,0.280316,0.483999,-0.044741,0.289330,0.437863,-0.056309,0.201784,0.589443,-0.010999,0.223730,0.499226,-0.023050,0.234135,0.442686,-0.037949,0.240576,0.395064,-0.049342,0.162999,0.585604,-0.012500,0.176219,0.501557,-0.025547,0.185799,0.450856,-0.036634,0.194183,0.406189,-0.044456,0.121393,0.597046,-0.017583,0.128671,0.528720,-0.030696,0.134834,0.485013,-0.036568,0.141617,0.444107,-0.039767
1908,0,0.079981,0.061404,0.073891,0.661423,0.545065,0.130101,0.813702,0.000000,0.201742,0.800296,-0.032964,0.267890,0.755504,-0.044961,0.311016,0.700567,-0.054304,0.342698,0.648766,-0.062463,0.238506,0.613796,-0.013203,0.267583,0.535355,-0.027986,0.279393,0.485763,-0.043426,0.288327,0.439805,-0.055050,0.201084,0.590563,-0.009782,0.222827,0.501314,-0.021329,0.233253,0.445196,-0.036166,0.239944,0.398136,-0.047637,0.162214,0.586707,-0.011131,0.175689,0.503057,-0.023643,0.185473,0.453101,-0.034500,0.194147,0.409341,-0.042264,0.120222,0.597985,-0.016131,0.127522,0.530140,-0.028731,0.133760,0.486798,-0.034346,0.140675,0.446302,-0.037395
1941,0,0.071654,0.053311,0.083412,0.720081,0.583187,0.130040,0.815464,0.000000,0.201337,0.801366,-0.033204,0.267263,0.755608,-0.045194,0.310416,0.699813,-0.054461,0.343078,0.649006,-0.062587,0.236765,0.615209,-0.013912,0.265785,0.536388,-0.028636,0.277692,0.486807,-0.043876,0.286834,0.441044,-0.055340,0.198917,0.592625,-0.010288,0.220723,0.502512,-0.021741,0.231591,0.446210,-0.036454,0.238667,0.399260,-0.047873,0.160187,0.589330,-0.011386,0.173585,0.505809,-0.023761,0.183647,0.455780,-0.034631,0.192518,0.411800,-0.042471,0.118127,0.601058,-0.016152,0.125758,0.532997,-0.028636,0.132358,0.489650,-0.034214,0.139589,0.449318,-0.037310
1973,0,0.114457,0.099808,0.088364,0.825292,0.679747,0.129727,0.816263,0.000000,0.200542,0.800700,-0.032348,0.266561,0.754444,-0.043488,0.309248,0.698169,-0.051976,0.339316,0.646196,-0.059432,0.235085,0.614635,-0.012270,0.263683,0.536874,-0.026580,0.275125,0.487971,-0.041800,0.284147,0.442888,-0.053248,0.197481,0.593379,-0.008882,0.218813,0.504852,-0.019913,0.229583,0.449383,-0.034585,0.236670,0.402709,-0.046054,0.158876,0.591252,-0.010258,0.172023,0.508900,-0.022391,0.181749,0.459645,-0.033137,0.190643,0.416419,-0.040901,0.117144,0.603407,-0.015253,0.124160,0.535688,-0.027589,0.130715,0.492878,-0.033028,0.138161,0.452799,-0.036076
2012,0,0.092069,0.074507,0.086217,0.909969,0.750787,0.129465,0.817888,0.000000,0.199573,0.800951,-0.031723,0.264752,0.753144,-0.042377,0.307009,0.696546,-0.050504,0.335300,0.644130,-0.057520,0.234001,0.615143,-0.010774,0.262163,0.537313,-0.024620,0.273848,0.488834,-0.039806,0.283071,0.443927,-0.051332,0.196363,0.594433,-0.007669,0.217302,0.506797,-0.018345,0.228059,0.451571,-0.033139,0.235610,0.405242,-0.044796,0.157637,0.592836,-0.009336,0.170707,0.511127,-0.021145,0.181047,0.462612,-0.031963,0.190640,0.419920,-0.039872,0.115709,0.605969,-0.014598,0.123132,0.538853,-0.026734,0.130145,0.496452,-0.032181,0.138174,0.456621,-0.035318
2044,0,0.104252,0.094845,0.149591,0.959750,0.793082,0.129314,0.818367,0.000000,0.198392,0.800541,-0.031096,0.262993,0.753070,-0.041549,0.303873,0.695754,-0.049502,0.328990,0.640907,-0.056369,0.232088,0.616041,-0.011343,0.259777,0.537969,-0.025881,0.271671,0.489571,-0.041179,0.281431,0.445220,-0.052588,0.194283,0.595764,-0.008594,0.214805,0.508206,-0.020003,0.225974,0.453811,-0.034747,0.234111,0.408381,-0.046199,0.155677,0.594868,-0.010566,0.168170,0.512969,-0.023165,0.179031,0.464511,-0.033965,0.189300,0.421938,-0.041679,0.113991,0.608516,-0.016026,0.121519,0.540941,-0.028901,0.129165,0.498848,-0.034530,0.138015,0.459208,-0.037681
2077,0,0.111794,0.112353,0.098657,1.060259,0.871545,0.127682,0.817663,0.000000,0.196524,0.799729,-0.029552,0.259987,0.752377,-0.038755,0.299656,0.696013,-0.045754,0.320586,0.640648,-0.051716,0.230597,0.615670,-0.008506,0.257665,0.538167,-0.022337,0.269651,0.490367,-0.037437,0.279413,0.446547,-0.048692,0.193302,0.596545,-0.006351,0.213880,0.509859,-0.016958,0.225186,0.456345,-0.031431,0.233406,0.411710,-0.042794,0.155021,0.595737,-0.008960,0.167525,0.514697,-0.020846,0.178432,0.466525,-0.031475,0.189045,0.424344,-0.039143,0.113434,0.609045,-0.015035,0.120987,0.541649,-0.027392,0.128841,0.499992,-0.032879,0.138137,0.460487,-0.036011
2111,0,0.145804,0.146650,0.144558,1.177099,0.961945,0.126618,0.818040,0.000000,0.193606,0.799856,-0.030092,0.255970,0.752319,-0.038942,0.295272,0.695763,-0.045493,0.315072,0.639014,-0.050605,0.230155,0.615963,-0.005633,0.256880,0.539221,-0.018225,0.267883,0.491977,-0.032928,0.276760,0.449321,-0.044033,0.193581,0.596728,-0.002620,0.213809,0.512547,-0.012018,0.224845,0.460283,-0.026377,0.233288,0.417592,-0.037804,0.155573,0.595494,-0.004664,0.168595,0.515547,-0.015637,0.180185,0.468815,-0.026441,0.191534,0.428277,-0.034474,0.114582,0.608070,-0.010267,0.122066,0.542538,-0.022102,0.130072,0.501786,-0.027987,0.139950,0.463422,-0.031596
2143,0,0.168589,0.161516,0.215564,1.310181,1.086721,0.126571,0.818566,0.000000,0.191995,0.797546,-0.027758,0.252077,0.749175,-0.035536,0.290920,0.693933,-0.041669,0.307324,0.636684,-0.046669,0.228209,0.617123,-0.002691,0.254095,0.541997,-0.015279,0.264990,0.496912,-0.030279,0.274108,0.455684,-0.041476,0.192738,0.599328,-0.000811,0.211959,0.518000,-0.010081,0.223120,0.466754,-0.024766,0.232400,0.424038,-0.036519,0.155842,0.598685,-0.003985,0.168990,0.521726,-0.014776,0.180855,0.475890,-0.025664,0.193419,0.435952,-0.033805,0.115615,0.610805,-0.010615,0.123887,0.546356,-0.022437,0.132846,0.506125,-0.028463,0.144383,0.468090,-0.032266
2174,0,0.330932,0.326742,0.323174,1.564071,1.303594,0.125137,0.819102,0.000000,0.189709,0.796537,-0.025802,0.246875,0.743603,-0.031832,0.282383,0.687402,-0.036812,0.294429,0.629082,-0.040699,0.227458,0.619161,0.003083,0.250607,0.548293,-0.008809,0.261141,0.506773,-0.023659,0.270950,0.469991,-0.034837,0.193385,0.602359,0.004531,0.211215,0.527046,-0.004176,0.222422,0.480954,-0.018606,0.233209,0.443348,-0.030256,0.157704,0.601723,0.000596,0.172424,0.528978,-0.010595,0.184911,0.486294,-0.021463,0.198214,0.449961,-0.029458,0.118590,0.612775,-0.006687,0.128784,0.550541,-0.019267,0.140077,0.511759,-0.025991,0.153979,0.475364,-0.030320
2208,0,0.428088,0.419667,0.728394,1.901503,1.637106,0.125364,0.819765,0.000000,0.189174,0.793359,-0.023295,0.242147,0.736763,-0.028295,0.272630,0.676193,-0.033049,0.275978,0.614546,-0.036733,0.227226,0.622013,0.010660,0.247735,0.555023,-0.000337,0.259387,0.519840,-0.014889,0.270875,0.493246,-0.025600,0.194142,0.604588,0.011617,0.212500,0.534470,0.004244,0.226279,0.499348,-0.009121,0.241110,0.474840,-0.019807,0.159413,0.602641,0.006739,0.175592,0.532624,-0.003596,0.190258,0.495619,-0.013952,0.206769,0.468534,-0.021463,0.121509,0.612442,-0.001352,0.133247,0.552310,-0.012779,0.147268,0.517326,-0.019303,0.164898,0.487631,-0.023624
2240,0,0.262819,0.265008,2.371216,2.089801,1.828929,0.127700,0.821633,0.000000,0.186980,0.798081,-0.021409,0.240779,0.735064,-0.026625,0.270596,0.671543,-0.032406,0.259615,0.612631,-0.037340,0.224187,0.624073,0.012265,0.241428,0.560805,-0.000408,0.254782,0.532548,-0.015780,0.266490,0.520659,-0.025780,0.192501,0.606596,0.012195,0.208997,0.533915,0.002565,0.224455,0.506963,-0.011369,0.239951,0.502025,-0.020765,0.159890,0.604123,0.006460,0.174558,0.531888,-0.005196,0.193620,0.500738,-0.016032,0.213293,0.492868,-0.022577,0.124855,0.613918,-0.002382,0.137034,0.551108,-0.014269,0.154289,0.518170,-0.021449,0.175633,0.503400,-0.025498
2271,0,0.438119,0.443162,4.048380,1.928057,1.756243,0.130416,0.816960,0.000000,0.187598,0.798021,-0.021607,0.240714,0.730573,-0.029124,0.266064,0.664893,-0.037827,0.249711,0.608410,-0.045826,0.221852,0.619574,0.006874,0.238423,0.546716,-0.013255,0.253802,0.522754,-0.033264,0.262105,0.534673,-0.043495,0.191352,0.603929,0.006241,0.209568,0.521595,-0.012492,0.228420,0.505815,-0.032420,0.240471,0.528197,-0.042650,0.160780,0.603062,0.000367,0.177523,0.524186,-0.016270,0.199774,0.501827,-0.031355,0.216999,0.516371,-0.038731,0.127089,0.615131,-0.008266,0.140420,0.550145,-0.022692,0.160885,0.516814,-0.033164,0.182509,0.510598,-0.038530
2304,0,0.226712,0.226913,1.480260,1.962403,1.866519,0.133509,0.815707,0.000000,0.188437,0.793827,-0.019807,0.239831,0.721698,-0.027701,0.262397,0.652860,-0.037276,0.242573,0.598125,-0.045765,0.225309,0.612465,0.006223,0.241544,0.534909,-0.017069,0.256761,0.523732,-0.037994,0.261155,0.549747,-0.046790,0.194427,0.599116,0.004549,0.209712,0.512248,-0.015901,0.228486,0.507228,-0.033729,0.236899,0.539262,-0.040270,0.164002,0.600642,-0.002321,0.175995,0.519765,-0.019366,0.200305,0.505880,-0.029833,0.216726,0.527324,-0.032314,0.129922,0.614728,-0.011974,0.141508,0.547341,-0.025876,0.164545,0.517032,-0.033052,0.187929,0.512614,-0.034713
2336,0,0.231076,0.236763,2.426839,2.068453,1.933888,0.131967,0.816220,0.000000,0.188903,0.792520,-0.018097,0.238463,0.719599,-0.026366,0.260616,0.649327,-0.036779,0.240118,0.595900,-0.045791,0.221484,0.611425,0.006147,0.239325,0.535708,-0.018452,0.256702,0.534059,-0.040145,0.260079,0.568253,-0.049387,0.192103,0.597978,0.003675,0.209053,0.511874,-0.020564,0.231336,0.519602,-0.039225,0.238720,0.560804,-0.045289,0.162811,0.598711,-0.003737,0.176324,0.514102,-0.022686,0.206182,0.512893,-0.032848,0.223400,0.544782,-0.034333,0.131184,0.612580,-0.013810,0.145041,0.544765,-0.028143,0.172626,0.521004,-0.035357,0.197169,0.524345,-0.036883
2380,0,0.154595,0.169964,1.706904,2.124746,2.019579,0.132129,0.813011,0.000000,0.191273,0.787771,-0.017081,0.238705,0.715766,-0.025112,0.261350,0.645186,-0.035484,0.236708,0.596953,-0.044260,0.219813,0.610150,0.005168,0.238350,0.535801,-0.020240,0.255155,0.543407,-0.042119,0.256953,0.584086,-0.051399,0.191900,0.596628,0.002751,0.207704,0.508485,-0.021049,0.230710,0.522624,-0.038822,0.237499,0.567510,-0.044848,0.163717,0.597890,-0.004543,0.175511,0.510237,-0.024083,0.205791,0.514800,-0.035022,0.221128,0.551704,-0.037185,0.132840,0.610816,-0.014267,0.146398,0.542976,-0.029773,0.174835,0.527496,-0.038045,0.198154,0.539495,-0.040439
2412,0,0.110972,0.145649,0.365403,2.215388,2.121108,0.134175,0.813803,0.000000,0.191564,0.785912,-0.014861,0.237470,0.712183,-0.021757,0.261459,0.642032,-0.031336,0.237587,0.594405,-0.039301,0.217560,0.609621,0.007499,0.236885,0.537715,-0.017041,0.253752,0.546514,-0.038211,0.255120,0.585012,-0.046994,0.190752,0.596434,0.004250,0.206490,0.508223,-0.017397,0.231068,0.522208,-0.033558,0.238170,0.565285,-0.038861,0.163260,0.597420,-0.003804,0.175010,0.509129,-0.022302,0.205881,0.514986,-0.031797,0.220766,0.551252,-0.033076,0.133372,0.610006,-0.014107,0.147706,0.542103,-0.028947,0.176071,0.529330,-0.035864,0.197996,0.542563,-0.037268
2445,0,0.100656,0.101468,0.686894,2.220832,2.122461,0.134121,0.813929,0.000000,0.191719,0.784106,-0.014985,0.237802,0.711751,-0.022870,0.261864,0.641004,-0.033698,0.239207,0.591162,-0.043101,0.214833,0.608149,0.008445,0.234575,0.537081,-0.015676,0.252926,0.547771,-0.037070,0.257121,0.585733,-0.046829,0.189462,0.596061,0.004485,0.206054,0.508928,-0.018043,0.232729,0.525227,-0.035897,0.243663,0.566729,-0.042934,0.163247,0.597408,-0.004278,0.175786,0.508942,-0.023415,0.208923,0.516904,-0.034410,0.227049,0.552685,-0.037237,0.135198,0.610018,-0.015341,0.150086,0.540653,-0.030431,0.180070,0.529328,-0.038033,0.203673,0.543807,-0.040546
2478,0,0.150348,0.150108,0.507400,2.264966,2.182320,0.134509,0.813880,0.000000,0.191643,0.783045,-0.011360,0.236943,0.710226,-0.017944,0.264903,0.643247,-0.028343,0.245670,0.593735,-0.037644,0.209417,0.607149,0.011245,0.228797,0.532291,-0.011454,0.251941,0.545128,-0.032335,0.259277,0.582606,-0.042326,0.186168,0.597470,0.005131,0.203909,0.507533,-0.017024,0.234038,0.526202,-0.035700,0.246166,0.568697,-0.043726,0.161280,0.599673,-0.005366,0.174501,0.508615,-0.024079,0.210649,0.518720,-0.035637,0.229534,0.556384,-0.039253,0.134889,0.612126,-0.017892,0.151706,0.541188,-0.033254,0.183962,0.531226,-0.041615,0.208650,0.547408,-0.044980
2513,0,0.132218,0.105358,0.740907,2.297030,2.245056,0.136454,0.812986,0.000000,0.193450,0.778820,-0.008182,0.239165,0.704967,-0.013946,0.267956,0.637764,-0.024063,0.247268,0.592749,-0.032998,0.209941,0.605313,0.012565,0.228234,0.529128,-0.009641,0.253088,0.547425,-0.030006,0.260594,0.586438,-0.039715,0.187586,0.596520,0.004679,0.203916,0.504499,-0.016583,0.236295,0.526008,-0.033730,0.248372,0.569409,-0.040740,0.163301,0.599277,-0.007376,0.175595,0.505909,-0.025423,0.213613,0.518575,-0.035530,0.232680,0.557462,-0.038146,0.137959,0.611708,-0.021280,0.155052,0.538761,-0.036325,0.188276,0.531570,-0.043732,0.212671,0.550608,-0.046411
2546,0,0.146257,0.137045,0.364778,2.347925,2.322693,0.136608,0.811321,0.000000,0.193841,0.774532,-0.004577,0.238749,0.701712,-0.009207,0.269645,0.638027,-0.019023,0.253111,0.594769,-0.027584,0.206940,0.602754,0.016061,0.223885,0.524162,-0.005042,0.251217,0.541513,-0.024601,0.261348,0.579064,-0.034096,0.185341,0.595716,0.006024,0.200921,0.502071,-0.015473,0.235451,0.524149,-0.032731,0.249684,0.567002,-0.039852,0.162161,0.598917,-0.007910,0.174152,0.503758,-0.026050,0.214838,0.517715,-0.035798,0.236718,0.556270,-0.038193,0.139134,0.611582,-0.023445,0.158143,0.538561,-0.038277,0.193450,0.532388,-0.045126,0.219856,0.550666,-0.047520
2579,0,0.147537,0.174037,0.354407,2.337283,2.362056,0.137859,0.806738,-0.000000,0.195954,0.769567,-0.003325,0.240540,0.697955,-0.007632,0.272606,0.637005,-0.017393,0.258739,0.601670,-0.025911,0.206355,0.601303,0.014844,0.223110,0.521271,-0.007044,0.252000,0.541716,-0.027128,0.262594,0.580967,-0.036968,0.185581,0.595169,0.003981,0.201553,0.500044,-0.018904,0.237212,0.525276,-0.036926,0.251142,0.569614,-0.044479,0.163261,0.598324,-0.010553,0.175697,0.502708,-0.029436,0.217802,0.519317,-0.040136,0.239892,0.559839,-0.043052,0.141159,0.609797,-0.026583,0.160564,0.536633,-0.041773,0.196661,0.532114,-0.049514,0.223160,0.551967,-0.052704
2613,0,0.188217,0.125277,0.313513,2.354271,2.433332,0.139502,0.801984,0.000000,0.196988,0.764278,-0.002671,0.241528,0.692808,-0.006330,0.274896,0.632608,-0.015729,0.263201,0.598234,-0.023781,0.204753,0.595312,0.019047,0.222337,0.518194,-0.001568,0.250782,0.538163,-0.021367,0.261364,0.575613,-0.031375,0.184493,0.589575,0.007937,0.201457,0.497372,-0.014668,0.236962,0.522406,-0.033102,0.251682,0.566156,-0.040841,0.162898,0.592202,-0.006996,0.176369,0.498223,-0.026048,0.218539,0.515925,-0.037096,0.241451,0.556664,-0.040030,0.142110,0.602942,-0.023427,0.163272,0.531528,-0.038532,0.199368,0.529355,-0.046188,0.226052,0.549729,-0.049184
2646,0,0.174255,0.124853,0.252715,2.368106,2.496826,0.141351,0.796971,0.000000,0.198054,0.759438,-0.000627,0.241774,0.686071,-0.003687,0.275706,0.628411,-0.012816,0.267159,0.597547,-0.020710,0.201575,0.589629,0.018760,0.218069,0.510012,-0.001677,0.249567,0.531054,-0.021546,0.262610,0.569838,-0.031762,0.182372,0.585675,0.006191,0.200385,0.493087,-0.016118,0.238767,0.518557,-0.034548,0.253889,0.563069,-0.042639,0.161769,0.589612,-0.009958,0.177690,0.494587,-0.028667,0.222119,0.512273,-0.039646,0.245053,0.552961,-0.042804,0.142105,0.601408,-0.027408,0.165904,0.528758,-0.042845,0.203368,0.527525,-0.050399,0.229442,0.548899,-0.053371
2680,0,0.132935,0.121774,0.511518,2.409990,2.577044,0.141946,0.791892,0.000000,0.199056,0.750818,0.001642,0.241669,0.679582,-0.001007,0.275604,0.625073,-0.010582,0.270997,0.592900,-0.019050,0.197781,0.586249,0.022314,0.216262,0.506497,0.001259,0.249689,0.526548,-0.019646,0.264837,0.564534,-0.030587,0.179830,0.582943,0.008160,0.200867,0.492131,-0.015170,0.241204,0.517827,-0.035083,0.257871,0.562670,-0.044054,0.160367,0.586716,-0.009633,0.179662,0.494398,-0.028781,0.225179,0.512291,-0.040174,0.248915,0.552881,-0.043438,0.142385,0.598239,-0.028596,0.168046,0.526939,-0.043684,0.206580,0.525591,-0.050992,0.233215,0.546373,-0.053743
2713,0,0.247550,0.222559,0.921522,2.524919,2.684413,0.139461,0.790168,0.000000,0.198809,0.743816,0.007416,0.239897,0.673801,0.007086,0.273657,0.624372,-0.001388,0.276695,0.591378,-0.008814,0.188790,0.581051,0.028690,0.210462,0.504077,0.009198,0.246495,0.523143,-0.010971,0.264581,0.559556,-0.021558,0.170878,0.578310,0.011630,0.197948,0.489200,-0.009756,0.241331,0.511877,-0.029196,0.260217,0.555661,-0.037969,0.153735,0.583109,-0.008697,0.180357,0.492787,-0.026400,0.227696,0.509090,-0.036814,0.252089,0.548243,-0.039306,0.140291,0.596213,-0.029763,0.171069,0.527148,-0.043723,0.210583,0.524036,-0.049680,0.237554,0.542320,-0.051058
2744,0,0.208518,0.203073,0.806076,2.579622,2.788890,0.144072,0.786949,0.000000,0.201453,0.735872,0.007237,0.242919,0.667284,0.004963,0.276605,0.616049,-0.005435,0.273082,0.579593,-0.014555,0.180261,0.574717,0.026979,0.205093,0.496024,0.006933,0.244705,0.514576,-0.013134,0.265377,0.549791,-0.023549,0.162120,0.573749,0.010165,0.195468,0.485144,-0.011074,0.242032,0.509443,-0.029294,0.262878,0.552303,-0.037353,0.147542,0.579919,-0.009800,0.182163,0.492538,-0.027446,0.231254,0.510623,-0.036033,0.255592,0.549646,-0.037231,0.139177,0.594996,-0.030512,0.175470,0.526437,-0.043362,0.215525,0.525319,-0.047462,0.240792,0.544095,-0.047544
2779,0,0.232852,0.228990,0.893471,2.675815,2.860369,0.140614,0.784461,0.000000,0.200528,0.728268,0.014613,0.239927,0.665002,0.014714,0.272346,0.621729,0.005004,0.279079,0.584226,-0.003455,0.170411,0.573493,0.033112,0.201850,0.497716,0.014100,0.242807,0.514098,-0.005128,0.264754,0.547174,-0.014986,0.152698,0.571364,0.012470,0.195183,0.485237,-0.007795,0.243741,0.508020,-0.025584,0.266285,0.550359,-0.033394,0.141981,0.576577,-0.010769,0.184513,0.489938,-0.027838,0.234725,0.507276,-0.035849,0.259759,0.544995,-0.036594,0.139818,0.590590,-0.034017,0.178662,0.520490,-0.045732,0.218625,0.520454,-0.048148,0.243871,0.539870,-0.046779
2813,0,0.171274,0.148377,0.915588,2.753071,2.941593,0.141241,0.781942,0.000000,0.201023,0.724443,0.014682,0.241905,0.660652,0.013895,0.275723,0.616843,0.003792,0.279408,0.580098,-0.004581,0.160188,0.564856,0.031812,0.197291,0.494315,0.013437,0.240150,0.509706,-0.005012,0.262983,0.541864,-0.014254,0.142837,0.564200,0.011337,0.192134,0.481267,-0.007829,0.242657,0.502666,-0.023730,0.266393,0.544478,-0.029961,0.135396,0.572372,-0.011417,0.184660,0.489946,-0.027691,0.236393,0.506540,-0.033504,0.262398,0.542990,-0.032469,0.139216,0.590210,-0.034141,0.183272,0.522866,-0.044831,0.223436,0.522767,-0.045150,0.248470,0.540857,-0.041885
2845,0,0.128813,0.115738,0.183616,2.695728,2.887225,0.140315,0.779009,0.000000,0.199869,0.721612,0.013225,0.241812,0.658562,0.011001,0.276305,0.614667,-0.000599,0.281104,0.575005,-0.010685,0.160353,0.562511,0.029672,0.198739,0.493436,0.011041,0.240348,0.508333,-0.007794,0.262799,0.539123,-0.017524,0.143041,0.561086,0.009251,0.194681,0.480475,-0.009810,0.243751,0.502373,-0.026470,0.266763,0.543644,-0.033685,0.135433,0.568592,-0.013403,0.186699,0.487631,-0.029632,0.237626,0.505035,-0.036057,0.263501,0.542184,-0.035721,0.139158,0.585761,-0.036195,0.182844,0.517538,-0.046771,0.223983,0.517064,-0.047325,0.250705,0.536186,-0.044439
2879,0,0.158254,0.134083,0.538784,2.682985,2.886439,0.141426,0.775161,0.000000,0.201750,0.716614,0.012359,0.244679,0.653635,0.009094,0.279714,0.610131,-0.002999,0.279122,0.571661,-0.013411,0.157191,0.557921,0.025799,0.199128,0.489024,0.005801,0.241440,0.504587,-0.013597,0.264610,0.536125,-0.023439,0.140190,0.558039,0.005850,0.196621,0.478006,-0.014728,0.245533,0.501907,-0.031383,0.268463,0.543508,-0.038147,0.134176,0.567353,-0.016163,0.188964,0.487585,-0.032897,0.239541,0.505010,-0.038875,0.265488,0.541535,-0.037990,0.140524,0.586257,-0.038364,0.184563,0.518960,-0.048805,0.225299,0.516157,-0.049356,0.253122,0.532112,-0.046327
2912,0,0.134081,0.135065,0.446559,2.675242,2.875963,0.141578,0.772637,0.000000,0.202450,0.713895,0.011793,0.244902,0.650934,0.007533,0.279603,0.608819,-0.005590,0.283626,0.568647,-0.017286,0.158685,0.555948,0.024735,0.203522,0.490524,0.004002,0.245416,0.507004,-0.016068,0.268126,0.539200,-0.026313,0.141111,0.555562,0.004645,0.201227,0.480191,-0.016769,0.249664,0.505562,-0.034084,0.273050,0.548071,-0.041252,0.134809,0.565290,-0.017510,0.191829,0.487054,-0.035078,0.242187,0.505302,-0.041524,0.268854,0.542035,-0.040862,0.140905,0.584813,-0.039791,0.185876,0.518227,-0.050990,0.226414,0.514745,-0.051769,0.254482,0.529556,-0.048848
2943,0,0.115934,0.115774,0.257638,2.707920,2.935325,0.144141,0.768885,0.000000,0.203632,0.711388,0.011490,0.245854,0.648639,0.007391,0.280968,0.606560,-0.005059,0.282618,0.568089,-0.015618,0.154738,0.553146,0.023441,0.202033,0.487219,0.003177,0.244975,0.504604,-0.016299,0.267467,0.537810,-0.026014,0.138760,0.553490,0.004183,0.199693,0.476524,-0.015973,0.248691,0.501891,-0.032023,0.271083,0.544271,-0.038512,0.135089,0.563249,-0.017010,0.192841,0.485074,-0.033386,0.243025,0.503091,-0.038877,0.268672,0.539964,-0.037725,0.144220,0.582269,-0.038378,0.190409,0.516321,-0.048649,0.230617,0.513991,-0.048802,0.257473,0.530243,-0.045423
2976,0,0.249004,0.244916,0.432655,2.627928,2.879359,0.145113,0.764445,0.000000,0.204714,0.706731,0.007757,0.247699,0.645760,-0.000189,0.282601,0.603801,-0.015352,0.282673,0.565437,-0.028590,0.153744,0.548085,0.012895,0.203019,0.482442,-0.009281,0.244663,0.500334,-0.029504,0.267935,0.532885,-0.039770,0.137434,0.550512,-0.004981,0.201718,0.474827,-0.026095,0.248075,0.500106,-0.041827,0.270705,0.540959,-0.048494,0.134028,0.562444,-0.024380,0.194151,0.485375,-0.040532,0.242006,0.502661,-0.044761,0.267986,0.537598,-0.043237,0.144622,0.583859,-0.044227,0.191233,0.519893,-0.054208,0.229707,0.515252,-0.053751,0.256667,0.528062,-0.050132
3010,0,0.127309,0.136831,0.366036,2.602736,2.877064,0.146754,0.762587,0.000000,0.205028,0.707142,0.004351,0.249314,0.644519,-0.005370,0.285198,0.600020,-0.021218,0.281793,0.564049,-0.034843,0.152172,0.545475,0.007090,0.202999,0.479239,-0.016350,0.245496,0.497382,-0.036854,0.269051,0.530353,-0.046984,0.136138,0.549765,-0.008950,0.201806,0.473989,-0.030859,0.248188,0.499528,-0.045857,0.271171,0.539579,-0.051833,0.133412,0.563183,-0.026555,0.194865,0.487244,-0.043037,0.242264,0.503921,-0.046420,0.268475,0.537273,-0.044278,0.144722,0.586023,-0.044804,0.193083,0.522607,-0.054502,0.231102,0.516692,-0.053487,0.257919,0.527400,-0.049502
3043,0,0.070384,0.067850,0.175223,2.599263,2.891576,0.148410,0.760384,0.000000,0.206066,0.705269,0.004180,0.249187,0.644045,-0.005506,0.284206,0.600509,-0.021389,0.283396,0.563316,-0.034971,0.153380,0.545375,0.007844,0.204112,0.479863,-0.015362,0.246744,0.497612,-0.035735,0.270075,0.530235,-0.045759,0.137269,0.548913,-0.007867,0.202745,0.474854,-0.029046,0.248992,0.500497,-0.043411,0.272067,0.539503,-0.049187,0.134850,0.561795,-0.025264,0.196204,0.485920,-0.041809,0.243341,0.502755,-0.044976,0.269564,0.536156,-0.042703,0.146243,0.584012,-0.043337,0.194896,0.520538,-0.053323,0.233027,0.515167,-0.052131,0.259689,0.526736,-0.047957
3075,0,0.123138,0.124125,0.243065,2.603636,2.909727,0.149775,0.759162,0.000000,0.206443,0.705408,0.006119,0.248705,0.645046,-0.002186,0.283223,0.601872,-0.017247,0.284405,0.563559,-0.030259,0.157636,0.546857,0.011962,0.206111,0.482155,-0.009890,0.248010,0.498288,-0.029798,0.271370,0.530113,-0.039707,0.140942,0.548582,-0.004468,0.203967,0.475215,-0.024494,0.249951,0.499734,-0.039007,0.272406,0.539013,-0.044974,0.136986,0.559698,-0.022597,0.196504,0.484044,-0.038565,0.243635,0.501249,-0.042027,0.269678,0.535416,-0.040001,0.146698,0.579831,-0.041217,0.194648,0.516894,-0.051235,0.232962,0.512649,-0.050315,0.259395,0.525391,-0.046189
3107,0,0.030444,0.029527,0.108480,2.613684,2.916578,0.149833,0.759285,0.000000,0.207226,0.704709,0.006251,0.249740,0.644257,-0.001950,0.284383,0.601768,-0.016942,0.284803,0.565168,-0.029914,0.157132,0.546519,0.012511,0.205903,0.482312,-0.009459,0.247679,0.498822,-0.029436,0.271625,0.530793,-0.039382,0.140589,0.548730,-0.004107,0.203930,0.474714,-0.024655,0.250275,0.499011,-0.039603,0.273496,0.539024,-0.045670,0.136784,0.560374,-0.022412,0.196551,0.484804,-0.038610,0.244001,0.502140,-0.042361,0.270362,0.536349,-0.040375,0.146530,0.581098,-0.041258,0.194529,0.518812,-0.051223,0.232557,0.514309,-0.050377,0.259032,0.526691,-0.046369
3162,0,0.040789,0.037468,0.122107,2.624505,2.922268,0.150096,0.759711,0.000000,0.207247,0.705494,0.006108,0.249251,0.645457,-0.001990,0.283846,0.602313,-0.016820,0.285090,0.564040,-0.029515,0.156989,0.546768,0.012659,0.206650,0.482404,-0.009087,0.248534,0.499263,-0.028944,0.271875,0.531389,-0.038740,0.140653,0.548714,-0.003683,0.204438,0.475285,-0.023568,0.250681,0.500095,-0.038077,0.273531,0.539637,-0.043969,0.137210,0.560056,-0.021745,0.197751,0.484594,-0.037709,0.244848,0.502284,-0.041207,0.270609,0.536486,-0.039108,0.147478,0.580595,-0.040323,0.196107,0.517227,-0.050266,0.234330,0.513677,-0.049088,0.260665,0.527095,-0.044779
3207,0,0.039097,0.047570,0.127171,2.616732,2.912223,0.149269,0.759566,0.000000,0.206823,0.705926,0.006729,0.248514,0.645899,-0.001399,0.283064,0.603218,-0.016447,0.285235,0.565396,-0.029564,0.157445,0.547660,0.012390,0.207133,0.483124,-0.009465,0.248871,0.499765,-0.029399,0.272230,0.532306,-0.039296,0.141003,0.549474,-0.004431,0.205384,0.475832,-0.024505,0.251261,0.500895,-0.039112,0.273428,0.540884,-0.045110,0.137448,0.560660,-0.022868,0.197514,0.484576,-0.038818,0.244711,0.502500,-0.042240,0.270248,0.536968,-0.040179,0.147491,0.581338,-0.041761,0.195432,0.517523,-0.051696,0.233734,0.513765,-0.050518,0.259817,0.526994,-0.046250
3240,0,0.029300,0.037625,0.170499,2.619021,2.918144,0.149831,0.760296,0.000000,0.207146,0.706017,0.006265,0.249011,0.645813,-0.001950,0.283760,0.602870,-0.016953,0.284975,0.565612,-0.029934,0.156444,0.547770,0.012429,0.206102,0.483619,-0.009488,0.247818,0.499714,-0.029382,0.271909,0.531797,-0.039164,0.140483,0.549872,-0.004130,0.204387,0.476001,-0.024528,0.250186,0.500240,-0.039274,0.273526,0.540205,-0.045158,0.137111,0.561321,-0.022358,0.197452,0.486190,-0.038391,0.244378,0.503473,-0.041922,0.270404,0.537671,-0.039789,0.147391,0.582226,-0.041113,0.195311,0.519249,-0.050931,0.233224,0.514472,-0.049828,0.259776,0.526670,-0.045562
3272,0,0.025181,0.025231,0.110351,2.622358,2.923387,0.149189,0.759827,0.000000,0.206362,0.706233,0.006119,0.248123,0.645290,-0.002026,0.283112,0.602137,-0.016926,0.284596,0.564998,-0.029770,0.155831,0.547951,0.012872,0.205616,0.483599,-0.009157,0.248034,0.500039,-0.029402,0.271856,0.532696,-0.039460,0.140111,0.550040,-0.003588,0.203614,0.475696,-0.024033,0.250160,0.500240,-0.039203,0.273040,0.540799,-0.045455,0.136793,0.561208,-0.021753,0.196717,0.485327,-0.037916,0.244365,0.503374,-0.041851,0.270138,0.538283,-0.040012,0.146944,0.581713,-0.040417,0.195116,0.518546,-0.050236,0.233521,0.514941,-0.049280,0.259463,0.527857,-0.045161
3304,0,0.026575,0.029398,0.134004,2.619385,2.928868,0.149365,0.759316,0.000000,0.206446,0.705211,0.005966,0.248278,0.644978,-0.002312,0.283064,0.601749,-0.017346,0.283156,0.564064,-0.030317,0.155994,0.547968,0.012437,0.205238,0.483432,-0.009597,0.247172,0.500281,-0.029728,0.270242,0.532698,-0.039675,0.140040,0.550041,-0.003950,0.203009,0.475539,-0.024360,0.249297,0.500486,-0.039417,0.271879,0.540464,-0.045631,0.136711,0.561202,-0.022043,0.195981,0.485005,-0.038130,0.243472,0.502669,-0.042101,0.268967,0.537473,-0.040373,0.146948,0.581402,-0.040667,0.194470,0.518366,-0.050558,0.232745,0.514522,-0.049786,0.258797,0.527789,-0.045889
3342,0,0.103938,0.085221,0.294952,2.622974,2.934804,0.148408,0.759492,0.000000,0.205105,0.705067,0.005145,0.246327,0.644251,-0.003355,0.281482,0.600844,-0.018229,0.280602,0.563422,-0.030987,0.150300,0.546809,0.012042,0.200500,0.483479,-0.009133,0.242702,0.498958,-0.029170,0.267621,0.530247,-0.039468,0.135696,0.549935,-0.003710,0.199291,0.474450,-0.023589,0.245708,0.497231,-0.039395,0.270150,0.536227,-0.046370,0.134046,0.561623,-0.021001,0.193170,0.486062,-0.035962,0.240650,0.501105,-0.040753,0.267038,0.534354,-0.039982,0.145959,0.582626,-0.038844,0.192896,0.520253,-0.047729,0.230260,0.515452,-0.047325,0.256732,0.527845,-0.043984
3376,0,0.080435,0.081730,0.206120,2.618633,2.924620,0.147681,0.758736,0.000000,0.204566,0.704268,0.004955,0.245895,0.643852,-0.004226,0.280593,0.600435,-0.019803,0.280017,0.562076,-0.033115,0.150989,0.545433,0.010442,0.202402,0.481848,-0.011946,0.244670,0.498637,-0.032308,0.268246,0.530896,-0.042430,0.135709,0.548085,-0.005492,0.200917,0.475071,-0.025726,0.246843,0.499872,-0.040266,0.269782,0.538766,-0.046317,0.133433,0.560026,-0.023140,0.194412,0.484534,-0.039019,0.241270,0.501421,-0.042283,0.267246,0.534740,-0.040193,0.145098,0.581182,-0.041366,0.193625,0.518771,-0.051048,0.231622,0.514118,-0.049727,0.257909,0.525936,-0.045473
3413,0,0.058823,0.058537,0.240962,2.622581,2.932775,0.147544,0.759183,0.000000,0.204678,0.703423,0.004954,0.246147,0.642586,-0.004146,0.280864,0.599420,-0.019450,0.279774,0.562197,-0.032562,0.148637,0.544798,0.010364,0.199850,0.481831,-0.011661,0.242864,0.497047,-0.032069,0.268265,0.527778,-0.042516,0.133933,0.548702,-0.005547,0.198753,0.475201,-0.025823,0.245230,0.497652,-0.040981,0.269751,0.535316,-0.047446,0.132360,0.561462,-0.023011,0.192687,0.486890,-0.038607,0.239778,0.501647,-0.042260,0.266406,0.533692,-0.040507,0.144638,0.583492,-0.041091,0.192875,0.522151,-0.050405,0.230212,0.516407,-0.049163,0.256537,0.527247,-0.044963
3446,0,0.072050,0.072067,0.223229,2.629814,2.952042,0.148528,0.758285,0.000000,0.204773,0.703734,0.005010,0.245974,0.643022,-0.003747,0.280074,0.599468,-0.018838,0.279072,0.560412,-0.031676,0.149802,0.545765,0.011717,0.199258,0.481675,-0.009902,0.242672,0.496250,-0.030126,0.267588,0.526959,-0.040301,0.134848,0.548487,-0.003962,0.197964,0.474459,-0.023269,0.245032,0.496666,-0.038113,0.268641,0.534040,-0.044605,0.133081,0.560027,-0.021318,0.192393,0.484775,-0.036563,0.240055,0.500068,-0.040192,0.266220,0.532382,-0.038551,0.145106,0.580801,-0.039244,0.193606,0.518666,-0.048544,0.231540,0.514698,-0.047122,0.257550,0.527376,-0.042781
3479,0,0.068525,0.084271,0.257544,2.623135,2.932451,0.147089,0.758226,0.000000,0.204535,0.702596,0.004611,0.245720,0.642175,-0.004586,0.279818,0.599069,-0.019928,0.279632,0.562597,-0.033001,0.147272,0.544427,0.009645,0.198827,0.480901,-0.012471,0.242388,0.496051,-0.032892,0.267778,0.526695,-0.043285,0.132842,0.548205,-0.005885,0.198656,0.475146,-0.025818,0.245291,0.497976,-0.040696,0.269618,0.535420,-0.047150,0.132066,0.560748,-0.022992,0.192648,0.485972,-0.038435,0.239811,0.500646,-0.042008,0.266894,0.532387,-0.040294,0.145425,0.582327,-0.040696,0.193798,0.520643,-0.049885,0.231312,0.515436,-0.048572,0.257944,0.526478,-0.044379
3518,0,0.081907,0.084883,0.375718,2.605165,2.929388,0.147404,0.757389,0.000000,0.204111,0.701195,0.003229,0.246586,0.640108,-0.006468,0.281129,0.596684,-0.021678,0.278373,0.561686,-0.034478,0.144441,0.544124,0.007929,0.196364,0.481074,-0.013735,0.240132,0.493946,-0.034169,0.267724,0.522760,-0.044917,0.131064,0.548935,-0.006781,0.197557,0.474906,-0.026925,0.243722,0.495787,-0.042593,0.269159,0.532411,-0.049565,0.131393,0.561950,-0.022858,0.191867,0.488634,-0.037764,0.238392,0.500785,-0.041758,0.265833,0.531166,-0.040487,0.145676,0.583456,-0.039652,0.193307,0.522978,-0.047822,0.229644,0.516194,-0.046442,0.256477,0.525976,-0.042375
3550,0,0.062098,0.061507,0.313849,2.642885,2.960009,0.147660,0.757794,0.000000,0.204666,0.702006,0.004288,0.246210,0.639903,-0.004972,0.280581,0.596522,-0.020139,0.279773,0.561380,-0.032897,0.144827,0.543940,0.009736,0.196345,0.480110,-0.011693,0.240110,0.494248,-0.031634,0.266305,0.523939,-0.041902,0.131332,0.548686,-0.005477,0.197803,0.473767,-0.024831,0.244417,0.496396,-0.039483,0.268511,0.533274,-0.045872,0.131774,0.561308,-0.022178,0.192586,0.486709,-0.036993,0.240072,0.501051,-0.040205,0.266823,0.532225,-0.038401,0.146306,0.582406,-0.039520,0.194286,0.521287,-0.047784,0.231508,0.516065,-0.045908,0.257673,0.526753,-0.041541
3585,0,0.066852,0.078788,0.090420,2.634774,2.936802,0.146649,0.758029,0.000000,0.204364,0.701935,0.004166,0.245838,0.639550,-0.005400,0.280192,0.595822,-0.020764,0.279746,0.562302,-0.033724,0.144169,0.543211,0.008227,0.196602,0.478996,-0.014203,0.240758,0.493711,-0.034867,0.267629,0.524784,-0.045449,0.130835,0.548100,-0.007042,0.199663,0.473841,-0.027462,0.245927,0.498114,-0.042436,0.269504,0.536234,-0.048861,0.131648,0.561221,-0.023723,0.193482,0.486956,-0.039060,0.240571,0.501969,-0.042145,0.267258,0.533839,-0.040113,0.146291,0.583074,-0.041093,0.194150,0.522161,-0.049478,0.231148,0.517305,-0.047445,0.257343,0.528094,-0.042908
3617,0,0.044243,0.045553,0.183672,2.636529,2.946303,0.146758,0.757831,0.000000,0.204413,0.701402,0.003660,0.246118,0.639495,-0.006049,0.280376,0.595628,-0.021434,0.278841,0.561739,-0.034312,0.142508,0.543714,0.008201,0.195284,0.479712,-0.013659,0.239607,0.493716,-0.034040,0.266788,0.523513,-0.044611,0.129747,0.548785,-0.006753,0.198344,0.474260,-0.026538,0.244693,0.496913,-0.041487,0.268817,0.534183,-0.048062,0.131218,0.561847,-0.023087,0.192870,0.488206,-0.037745,0.239850,0.501775,-0.040942,0.266631,0.532703,-0.039198,0.146583,0.583089,-0.040143,0.194415,0.522249,-0.047735,0.231079,0.517156,-0.045483,0.257272,0.528243,-0.040906
3650,0,0.080313,0.081689,0.344519,2.668041,2.981391,0.147778,0.758147,0.000000,0.205472,0.701909,0.005566,0.245713,0.639941,-0.003066,0.279206,0.597498,-0.018060,0.280860,0.562141,-0.030675,0.145358,0.543865,0.011295,0.197082,0.479796,-0.010328,0.240895,0.494255,-0.030169,0.266820,0.524878,-0.040080,0.131594,0.548399,-0.004594,0.198116,0.474255,-0.023748,0.244825,0.497519,-0.037693,0.268622,0.534739,-0.043517,0.131731,0.561241,-0.022066,0.193290,0.485812,-0.037259,0.240683,0.501716,-0.039827,0.266928,0.533696,-0.037367,0.146001,0.582366,-0.040080,0.194460,0.519913,-0.048762,0.231614,0.515931,-0.046338,0.257242,0.527688,-0.041382
3683,0,0.059871,0.075207,0.228753,2.657150,2.952614,0.146164,0.758447,0.000000,0.204434,0.701458,0.004891,0.246005,0.640072,-0.004174,0.280388,0.596402,-0.019254,0.279940,0.562425,-0.031902,0.143172,0.543902,0.009754,0.196214,0.479558,-0.012004,0.240118,0.494357,-0.032482,0.266939,0.525154,-0.043116,0.130531,0.548695,-0.005834,0.199626,0.474370,-0.025659,0.245735,0.498563,-0.040866,0.269036,0.536578,-0.047617,0.131787,0.561609,-0.022774,0.194362,0.487372,-0.037636,0.241332,0.502770,-0.040903,0.267312,0.535057,-0.039124,0.146960,0.582952,-0.040358,0.195042,0.521324,-0.048125,0.231929,0.516689,-0.045875,0.258023,0.527988,-0.041302
3716,0,0.032081,0.050523,0.129005,2.660113,2.973381,0.147432,0.758129,0.000000,0.204865,0.701796,0.005320,0.245796,0.640342,-0.003827,0.280093,0.596985,-0.019211,0.279458,0.562237,-0.032249,0.144811,0.544077,0.009860,0.197112,0.479730,-0.011921,0.240995,0.494591,-0.031995,0.266824,0.525629,-0.042199,0.131213,0.548755,-0.006060,0.199256,0.474533,-0.025639,0.245401,0.498173,-0.039912,0.268597,0.536013,-0.045976,0.131518,0.561934,-0.023442,0.193945,0.487364,-0.038205,0.240761,0.502542,-0.040856,0.266867,0.534328,-0.038640,0.145851,0.583756,-0.041401,0.194465,0.522124,-0.049572,0.231690,0.516852,-0.047356,0.257618,0.527675,-0.042672
3749,0,0.040004,0.045757,0.099734,2.660404,2.973706,0.147721,0.758531,0.000000,0.204773,0.702665,0.004809,0.246081,0.640454,-0.004216,0.280371,0.596536,-0.019310,0.279404,0.561900,-0.031918,0.144432,0.544239,0.010452,0.196563,0.480225,-0.011149,0.240383,0.494822,-0.031211,0.266463,0.525472,-0.041373,0.130872,0.548823,-0.004968,0.198562,0.474888,-0.024219,0.244789,0.498373,-0.038511,0.268484,0.535642,-0.044634,0.131514,0.561161,-0.021918,0.193360,0.486779,-0.036736,0.240376,0.502267,-0.039562,0.266753,0.533970,-0.037424,0.146166,0.581893,-0.039490,0.194732,0.520440,-0.047713,0.231928,0.516219,-0.045504,0.257998,0.527793,-0.040794
3782,0,0.021696,0.022828,0.079352,2.654958,2.967624,0.147426,0.758379,0.000000,0.204462,0.702892,0.004716,0.245727,0.640826,-0.004531,0.280139,0.597061,-0.019843,0.279529,0.562088,-0.032769,0.144642,0.544100,0.010121,0.196624,0.480505,-0.011533,0.240111,0.494938,-0.031629,0.266243,0.525302,-0.041894,0.131091,0.548588,-0.005422,0.198463,0.474713,-0.024930,0.244493,0.498006,-0.039323,0.268298,0.535611,-0.045407,0.131562,0.561404,-0.022486,0.193199,0.486942,-0.037368,0.240323,0.501892,-0.040192,0.266784,0.533768,-0.038020,0.146182,0.582688,-0.040192,0.194598,0.521515,-0.048448,0.231723,0.516515,-0.046312,0.258009,0.527479,-0.041641
3815,0,0.044806,0.048990,0.054791,2.636310,2.960102,0.147737,0.757538,0.000000,0.204489,0.702273,0.004082,0.245470,0.640361,-0.005532,0.280013,0.596690,-0.021058,0.279018,0.561731,-0.034161,0.144203,0.543949,0.008699,0.196464,0.480022,-0.013211,0.240192,0.494617,-0.033400,0.266032,0.524830,-0.043784,0.130407,0.548567,-0.006610,0.197730,0.474142,-0.026441,0.244101,0.497601,-0.040920,0.268047,0.534850,-0.047118,0.130841,0.561243,-0.023414,0.192212,0.486541,-0.038383,0.239436,0.501217,-0.041283,0.266286,0.532716,-0.039253,0.145418,0.582453,-0.040920,0.193891,0.521269,-0.049257,0.231161,0.516091,-0.047299,0.257304,0.526720,-0.042841
3849,0,0.048700,0.051373,0.114337,2.652215,2.969619,0.147639,0.757673,0.000000,0.204597,0.702623,0.004523,0.245502,0.640182,-0.004663,0.279527,0.596517,-0.019918,0.279480,0.560908,-0.032770,0.145076,0.542898,0.010483,0.196612,0.479663,-0.011224,0.239958,0.494045,-0.031269,0.265903,0.524422,-0.041391,0.131098,0.547493,-0.004862,0.197847,0.473788,-0.024311,0.244090,0.496808,-0.038499,0.267940,0.534092,-0.044428,0.131265,0.560480,-0.021834,0.192361,0.485585,-0.037090,0.239476,0.500761,-0.039873,0.266194,0.532285,-0.037559,0.145358,0.582040,-0.039403,0.194095,0.520375,-0.048151,0.231419,0.515805,-0.046019,0.257238,0.526841,-0.041283
3880,0,0.076955,0.072517,0.261405,2.622044,2.939163,0.147068,0.757861,0.000000,0.204135,0.701823,0.003172,0.246279,0.639988,-0.007001,0.281011,0.595594,-0.022780,0.278861,0.561200,-0.036056,0.143116,0.543668,0.007935,0.195266,0.479790,-0.014256,0.238992,0.493568,-0.034841,0.266262,0.523618,-0.045488,0.130035,0.548694,-0.006915,0.198081,0.474507,-0.027351,0.243898,0.497527,-0.042441,0.268364,0.534877,-0.048897,0.130729,0.561662,-0.023233,0.192307,0.488350,-0.038269,0.238818,0.501974,-0.041425,0.265906,0.532821,-0.039502,0.145468,0.583165,-0.040373,0.193512,0.522538,-0.048208,0.230200,0.516909,-0.046068,0.256459,0.527037,-0.041534
3914,0,0.029368,0.037012,0.060648,2.633026,2.940294,0.146564,0.757734,0.000000,0.204100,0.702107,0.003664,0.246094,0.639624,-0.006176,0.280816,0.595482,-0.021740,0.279040,0.561323,-0.034843,0.143378,0.542776,0.008444,0.196097,0.479197,-0.013400,0.239507,0.493176,-0.033776,0.266531,0.522842,-0.044421,0.130149,0.548189,-0.006632,0.198625,0.473484,-0.026674,0.244378,0.496632,-0.041674,0.268639,0.533742,-0.048144,0.130900,0.561414,-0.023132,0.193059,0.487756,-0.037987,0.239601,0.501679,-0.041023,0.266475,0.532602,-0.039144,0.145797,0.583207,-0.040373,0.194300,0.522596,-0.048144,0.230974,0.517081,-0.045939,0.257295,0.527170,-0.041421
3948,0,0.055955,0.063334,0.206036,2.646854,2.959198,0.147550,0.757749,0.000000,0.204362,0.702355,0.003873,0.246069,0.640240,-0.005635,0.280373,0.595883,-0.021035,0.279080,0.560127,-0.033921,0.145359,0.542753,0.009755,0.197128,0.479369,-0.012151,0.240715,0.494283,-0.032360,0.266617,0.524674,-0.042615,0.131293,0.547106,-0.005241,0.198528,0.473774,-0.024683,0.244438,0.497912,-0.038949,0.268215,0.535376,-0.045011,0.131387,0.559839,-0.021870,0.192862,0.485746,-0.036861,0.239739,0.501073,-0.039675,0.266422,0.532777,-0.037497,0.145638,0.580952,-0.039203,0.194184,0.520100,-0.047660,0.231381,0.516606,-0.045482,0.257529,0.528477,-0.040727
3980,0,0.027643,0.040016,0.100084,2.646809,2.957967,0.146784,0.757335,0.000000,0.204012,0.702030,0.004211,0.245815,0.640317,-0.005413,0.280415,0.596166,-0.020962,0.279214,0.561179,-0.034084,0.144659,0.542825,0.009224,0.197085,0.479494,-0.012577,0.240199,0.494709,-0.032705,0.265850,0.525491,-0.042977,0.131060,0.547251,-0.006007,0.199099,0.474303,-0.025554,0.244380,0.498296,-0.039928,0.267667,0.536171,-0.045990,0.131379,0.560113,-0.022741,0.193322,0.486583,-0.037424,0.239687,0.501601,-0.040182,0.266080,0.533080,-0.038004,0.145622,0.581566,-0.040182,0.194263,0.521132,-0.048241,0.231273,0.516498,-0.046063,0.257349,0.527501,-0.041380
4013,0,0.032057,0.035539,0.187710,2.639826,2.944340,0.145930,0.757239,0.000000,0.203989,0.701598,0.003999,0.246221,0.639560,-0.005510,0.280801,0.595515,-0.020791,0.278345,0.561697,-0.033693,0.143892,0.543089,0.009025,0.196124,0.479230,-0.012395,0.239707,0.493409,-0.032571,0.266105,0.523482,-0.043066,0.130574,0.547736,-0.006035,0.198693,0.473540,-0.025442,0.244552,0.496775,-0.040461,0.268134,0.534267,-0.047120,0.131114,0.560845,-0.022474,0.192901,0.487622,-0.036787,0.239495,0.501641,-0.040135,0.265965,0.532945,-0.038579,0.145866,0.582534,-0.039628,0.193874,0.521904,-0.047120,0.230728,0.516498,-0.045129,0.256828,0.527706,-0.040822
4048,0,0.036085,0.040224,0.205514,2.642348,2.957039,0.146668,0.756977,0.000000,0.204055,0.701428,0.004260,0.245365,0.639751,-0.005304,0.279907,0.596159,-0.020888,0.279065,0.561145,-0.034063,0.144801,0.543612,0.009287,0.196909,0.479282,-0.012985,0.240517,0.494251,-0.033337,0.266526,0.525303,-0.043627,0.130966,0.548129,-0.006084,0.198692,0.473820,-0.026115,0.244685,0.497865,-0.040542,0.268055,0.535708,-0.046567,0.131228,0.560838,-0.023029,0.192987,0.486050,-0.038255,0.239757,0.501318,-0.041123,0.266042,0.533118,-0.038945,0.145607,0.582048,-0.040651,0.194035,0.520578,-0.049144,0.231298,0.516313,-0.047075,0.257368,0.528100,-0.042466
4080,0,0.031562,0.030197,0.077273,2.646699,2.960460,0.146580,0.757110,0.000000,0.203862,0.701522,0.004716,0.245461,0.640138,-0.004585,0.279856,0.596554,-0.020006,0.279237,0.562370,-0.033078,0.144798,0.543280,0.010320,0.196739,0.479882,-0.011542,0.240161,0.494863,-0.031937,0.266166,0.525925,-0.042402,0.130859,0.547373,-0.005318,0.198723,0.474096,-0.025112,0.244546,0.498278,-0.039976,0.267947,0.536432,-0.046422,0.130670,0.559946,-0.022468,0.192311,0.485615,-0.037478,0.239369,0.501145,-0.040592,0.265899,0.533237,-0.038636,0.144816,0.581091,-0.040266,0.193187,0.520237,-0.048667,0.230588,0.515857,-0.046711,0.256943,0.527200,-0.042185
4113,0,0.035074,0.040662,0.109784,2.636845,2.944086,0.145816,0.757315,0.000000,0.203427,0.702315,0.003752,0.245387,0.639980,-0.005894,0.279986,0.596539,-0.021368,0.279332,0.561916,-0.034413,0.143833,0.543181,0.009444,0.196067,0.479764,-0.012366,0.239543,0.494086,-0.032730,0.266204,0.524579,-0.043206,0.130403,0.547846,-0.005645,0.198625,0.473920,-0.025565,0.244166,0.497626,-0.040528,0.267774,0.535410,-0.046933,0.130697,0.560669,-0.022254,0.192783,0.487079,-0.037126,0.239315,0.502008,-0.040275,0.265827,0.533911,-0.038321,0.145080,0.581922,-0.039623,0.193641,0.521216,-0.047476,0.230392,0.516111,-0.045341,0.256368,0.527162,-0.040745
4146,0,0.043774,0.042541,0.096512,2.646956,2.957356,0.145949,0.756805,0.000000,0.203371,0.701580,0.004536,0.244966,0.640225,-0.004672,0.279677,0.596640,-0.019955,0.279051,0.561648,-0.032841,0.144537,0.543042,0.010920,0.196380,0.479859,-0.010639,0.239822,0.494787,-0.031065,0.265571,0.525649,-0.041613,0.130810,0.547089,-0.004511,0.198239,0.473774,-0.024015,0.243924,0.497313,-0.039076,0.267297,0.535399,-0.045673,0.130828,0.559496,-0.021477,0.192048,0.485423,-0.036248,0.238755,0.500481,-0.039583,0.265278,0.532659,-0.037843,0.145073,0.580525,-0.039112,0.193429,0.519407,-0.047232,0.230750,0.514954,-0.045238,0.257030,0.526836,-0.040743
4179,0,0.058991,0.077954,0.221410,2.638693,2.931492,0.144191,0.757105,0.000000,0.202632,0.700713,0.004271,0.245216,0.639400,-0.005136,0.280192,0.595745,-0.020307,0.279061,0.563305,-0.033024,0.142242,0.543066,0.009655,0.195187,0.479939,-0.012019,0.238668,0.494339,-0.032933,0.265970,0.524932,-0.044020,0.129707,0.547577,-0.005584,0.199722,0.473749,-0.025886,0.244923,0.498053,-0.042099,0.268026,0.536663,-0.049454,0.130535,0.560206,-0.022100,0.193078,0.487901,-0.036701,0.239111,0.502201,-0.040795,0.265780,0.533942,-0.039708,0.145685,0.581475,-0.039273,0.193585,0.521644,-0.046483,0.230360,0.516099,-0.044599,0.256996,0.526607,-0.040469
4212,0,0.044171,0.052346,0.061633,2.633023,2.935217,0.144954,0.756846,0.000000,0.202854,0.701665,0.003854,0.245156,0.639906,-0.005505,0.280256,0.595746,-0.020585,0.278672,0.561917,-0.033172,0.143008,0.542905,0.009785,0.195614,0.480162,-0.011553,0.238975,0.494486,-0.032012,0.265725,0.524517,-0.042767,0.129859,0.547264,-0.005115,0.198309,0.474008,-0.024721,0.243781,0.497286,-0.040300,0.267678,0.534882,-0.047301,0.130406,0.559624,-0.021383,0.192017,0.486867,-0.035693,0.238381,0.500750,-0.039502,0.265428,0.531993,-0.038232,0.145262,0.580550,-0.038414,0.193328,0.519947,-0.045777,0.230278,0.514557,-0.043927,0.257157,0.525335,-0.039720
4245,0,0.026961,0.029259,0.122806,2.632423,2.931034,0.144798,0.756985,0.000000,0.203106,0.701293,0.004110,0.245522,0.639756,-0.005221,0.280212,0.595716,-0.020359,0.278504,0.561198,-0.033081,0.143919,0.543060,0.009465,0.196216,0.479606,-0.011935,0.239428,0.494180,-0.032230,0.265740,0.524224,-0.042889,0.130580,0.547491,-0.005673,0.198295,0.473204,-0.025317,0.243990,0.496821,-0.040645,0.267697,0.534249,-0.047522,0.130819,0.560010,-0.022186,0.192174,0.486205,-0.036790,0.238628,0.500609,-0.040392,0.265257,0.532170,-0.038944,0.145241,0.581023,-0.039378,0.193394,0.520306,-0.047268,0.230390,0.515214,-0.045495,0.256800,0.526357,-0.041333
4286,0,0.041880,0.040260,0.139499,2.664047,2.959675,0.144966,0.757094,0.000000,0.203302,0.700961,0.005066,0.244692,0.639865,-0.003906,0.279289,0.596203,-0.018990,0.278489,0.562980,-0.031704,0.143093,0.542241,0.010413,0.196023,0.478674,-0.011068,0.239653,0.494076,-0.031377,0.265794,0.525415,-0.041836,0.129792,0.546742,-0.005116,0.198560,0.473615,-0.024392,0.244277,0.497693,-0.039253,0.267985,0.536104,-0.045801,0.130586,0.559738,-0.022046,0.192935,0.486584,-0.036215,0.239569,0.501397,-0.039507,0.265982,0.533489,-0.037907,0.145253,0.581405,-0.039617,0.193667,0.520746,-0.047111,0.230773,0.516216,-0.045073,0.257049,0.527782,-0.040635
4318,0,0.058749,0.061108,0.197230,2.623292,2.930188,0.144934,0.756601,0.000000,0.202602,0.701195,0.003276,0.245401,0.640129,-0.006589,0.280415,0.595980,-0.022057,0.278232,0.561118,-0.035045,0.143149,0.543666,0.008639,0.195123,0.480135,-0.012933,0.238629,0.494123,-0.033394,0.265680,0.524028,-0.044150,0.130124,0.548066,-0.006104,0.198259,0.473769,-0.026138,0.243458,0.497213,-0.041720,0.267691,0.535003,-0.048685,0.130583,0.560437,-0.022238,0.192287,0.487712,-0.036786,0.238366,0.501910,-0.040486,0.265272,0.533381,-0.039108,0.145024,0.581352,-0.039144,0.193226,0.521145,-0.046545,0.229813,0.515488,-0.044658,0.256479,0.526029,-0.040486
4350,0,0.061484,0.065579,0.127049,2.650131,2.958194,0.145331,0.756685,0.000000,0.202799,0.701459,0.004553,0.245167,0.639974,-0.004603,0.279906,0.595970,-0.019678,0.277746,0.561175,-0.032386,0.143955,0.543059,0.010581,0.195630,0.479729,-0.010255,0.238935,0.493898,-0.030232,0.265231,0.523992,-0.040659,0.130350,0.547032,-0.004625,0.197857,0.473778,-0.023353,0.243513,0.496855,-0.038270,0.266967,0.534355,-0.044968,0.130455,0.559414,-0.021217,0.191945,0.486597,-0.034921,0.238378,0.500613,-0.038270,0.264742,0.531940,-0.036840,0.144749,0.580467,-0.038487,0.193201,0.519777,-0.045764,0.230347,0.515035,-0.043701,0.256783,0.526683,-0.039356
4383,0,0.019885,0.033292,0.105465,2.643869,2.941985,0.144373,0.756904,0.000000,0.202544,0.701557,0.004036,0.245376,0.639978,-0.005266,0.280554,0.595430,-0.020339,0.277742,0.561614,-0.032962,0.143275,0.542997,0.010196,0.195675,0.480007,-0.010731,0.238895,0.494326,-0.030861,0.265442,0.524398,-0.041438,0.130021,0.547098,-0.004741,0.198016,0.474041,-0.023725,0.243485,0.497436,-0.038866,0.267190,0.534918,-0.045712,0.130245,0.559474,-0.021063,0.191998,0.487035,-0.034864,0.238339,0.501045,-0.038323,0.264946,0.532196,-0.036946,0.145013,0.580483,-0.038142,0.193140,0.520085,-0.045169,0.230168,0.515026,-0.043104,0.256940,0.526170,-0.038830
4414,0,0.053457,0.058255,0.134105,2.651723,2.949213,0.144446,0.757331,0.000000,0.202547,0.701640,0.005106,0.244784,0.640617,-0.003715,0.279631,0.595948,-0.018594,0.276854,0.561016,-0.031208,0.144637,0.543211,0.011363,0.196281,0.479755,-0.008808,0.239598,0.494132,-0.028290,0.265344,0.523650,-0.038493,0.130793,0.547458,-0.004007,0.197104,0.473321,-0.021983,0.242919,0.495371,-0.036627,0.266933,0.531717,-0.043314,0.130734,0.559556,-0.020715,0.191376,0.485952,-0.033673,0.238016,0.499397,-0.036881,0.264529,0.530238,-0.035594,0.144760,0.580718,-0.038095,0.192724,0.520243,-0.045018,0.229758,0.514747,-0.043097,0.256393,0.525886,-0.038928
4447,0,0.057219,0.079507,0.110974,2.662869,2.942859,0.142693,0.757921,0.000000,0.202095,0.700658,0.005671,0.244718,0.639870,-0.002981,0.279525,0.596136,-0.017869,0.277150,0.562041,-0.030468,0.143150,0.543330,0.011624,0.196038,0.479620,-0.009335,0.239470,0.494852,-0.029684,0.265314,0.525808,-0.040405,0.129897,0.547294,-0.004237,0.198209,0.473817,-0.023102,0.244055,0.497726,-0.038691,0.267199,0.535622,-0.045911,0.130390,0.559725,-0.021388,0.192050,0.486517,-0.034990,0.238595,0.500853,-0.038837,0.264943,0.532545,-0.037925,0.145119,0.581048,-0.039129,0.192896,0.520434,-0.046276,0.230206,0.515774,-0.044453,0.256983,0.527626,-0.040441
4479,0,0.032494,0.047761,0.098263,2.661381,2.951227,0.143366,0.757368,0.000000,0.202062,0.701182,0.005541,0.244253,0.639757,-0.002919,0.279061,0.596402,-0.017481,0.276641,0.563353,-0.029758,0.142777,0.543445,0.010616,0.195183,0.480114,-0.010534,0.239154,0.494865,-0.030781,0.265791,0.525045,-0.041406,0.129737,0.547607,-0.005130,0.198197,0.474255,-0.024208,0.244192,0.497584,-0.039507,0.267892,0.535334,-0.046481,0.130659,0.560331,-0.022163,0.192114,0.487382,-0.035984,0.238966,0.501123,-0.039836,0.265427,0.532566,-0.038777,0.145427,0.581627,-0.039799,0.193039,0.521019,-0.047065,0.230051,0.516348,-0.045313,0.256813,0.528415,-0.041260
4510,0,0.058166,0.081409,0.133485,2.632937,2.941499,0.144934,0.757045,0.000000,0.202215,0.701435,0.003919,0.244794,0.640576,-0.005372,0.279682,0.596385,-0.020399,0.277032,0.561200,-0.032987,0.143271,0.544076,0.009763,0.195040,0.480556,-0.011144,0.238809,0.494153,-0.031170,0.265631,0.523357,-0.041633,0.129842,0.548193,-0.004977,0.196826,0.474187,-0.023795,0.242859,0.495976,-0.038908,0.267013,0.532557,-0.045774,0.130431,0.560257,-0.021107,0.191391,0.486930,-0.034821,0.237704,0.500152,-0.038399,0.264602,0.530902,-0.037182,0.144961,0.581053,-0.037964,0.192914,0.520505,-0.045302,0.229713,0.515446,-0.043449,0.256479,0.526792,-0.039235
4543,0,0.042637,0.039704,0.214111,2.647360,2.951203,0.144895,0.757483,0.000000,0.202712,0.702448,0.004127,0.245055,0.640896,-0.005433,0.279761,0.596530,-0.020898,0.277613,0.562343,-0.033900,0.143492,0.543621,0.009507,0.195102,0.479442,-0.011907,0.238678,0.493853,-0.031908,0.265242,0.524060,-0.042194,0.129804,0.548239,-0.005573,0.197574,0.473772,-0.024846,0.243081,0.497753,-0.039260,0.266565,0.535240,-0.045418,0.130272,0.560744,-0.022111,0.192147,0.486864,-0.036399,0.238674,0.502066,-0.039224,0.264852,0.533706,-0.037232,0.144922,0.581599,-0.039369,0.193601,0.521121,-0.046903,0.230444,0.516987,-0.044621,0.256665,0.528633,-0.040021
4574,0,0.041269,0.036400,0.147622,2.665535,2.968075,0.145288,0.757569,0.000000,0.202860,0.703066,0.004643,0.244614,0.640806,-0.004470,0.279227,0.596815,-0.019706,0.278216,0.561949,-0.032473,0.144770,0.543312,0.010670,0.195986,0.479338,-0.010970,0.239702,0.494121,-0.030893,0.265656,0.524807,-0.040828,0.130916,0.547793,-0.004629,0.197788,0.474031,-0.023865,0.243670,0.498391,-0.037849,0.267006,0.536485,-0.043516,0.131026,0.560215,-0.021522,0.192887,0.486483,-0.036142,0.239712,0.502668,-0.038612,0.265744,0.534745,-0.036142,0.144999,0.580898,-0.039084,0.194301,0.520222,-0.046894,0.231304,0.517021,-0.044315,0.256813,0.529258,-0.039302
4606,0,0.035364,0.046720,0.092318,2.654223,2.970328,0.146048,0.757622,0.000000,0.202908,0.703192,0.004654,0.244112,0.641511,-0.004320,0.278430,0.597576,-0.019396,0.277255,0.561765,-0.032030,0.145616,0.544476,0.010198,0.196090,0.479445,-0.011398,0.239911,0.494491,-0.031066,0.265073,0.525114,-0.040828,0.131254,0.548612,-0.005049,0.196851,0.473931,-0.024104,0.243107,0.497614,-0.037774,0.266280,0.534798,-0.043336,0.130842,0.560779,-0.021905,0.192004,0.486045,-0.036611,0.238651,0.501606,-0.039119,0.264806,0.533380,-0.036701,0.144295,0.581608,-0.039446,0.193098,0.520308,-0.047917,0.230568,0.516508,-0.045845,0.256622,0.528544,-0.041046
4638,0,0.056812,0.057138,0.255731,2.649861,2.966391,0.146139,0.757738,0.000000,0.202473,0.704045,0.005832,0.243760,0.641858,-0.002589,0.277564,0.598597,-0.017518,0.277958,0.563092,-0.030181,0.148610,0.544541,0.011681,0.197065,0.479013,-0.010045,0.240390,0.494717,-0.029781,0.264730,0.525954,-0.039453,0.133393,0.547885,-0.004343,0.196778,0.473752,-0.023690,0.243120,0.497719,-0.037562,0.265958,0.535635,-0.043162,0.131465,0.559583,-0.021999,0.191434,0.484848,-0.037490,0.238681,0.501883,-0.040180,0.264506,0.534687,-0.037635,0.143308,0.579900,-0.040180,0.191609,0.517965,-0.049380,0.229459,0.514601,-0.047380,0.255213,0.526878,-0.042544
4686,0,0.157264,0.158984,0.492224,2.710756,3.008922,0.145061,0.758574,0.000000,0.201789,0.704955,0.010232,0.242116,0.643598,0.004065,0.276011,0.600567,-0.009948,0.277126,0.563146,-0.022272,0.151212,0.545496,0.018874,0.197061,0.479321,-0.000576,0.239810,0.494617,-0.019294,0.263271,0.526308,-0.028612,0.135621,0.547846,0.000445,0.195534,0.471478,-0.016818,0.242859,0.494684,-0.030914,0.265244,0.533646,-0.037017,0.132235,0.558428,-0.019513,0.190521,0.482347,-0.033472,0.238883,0.500003,-0.036578,0.263879,0.534537,-0.034715,0.142271,0.578237,-0.039721,0.189386,0.514146,-0.048308,0.228179,0.511956,-0.046408,0.253460,0.526943,-0.041913
4721,0,0.090359,0.090457,0.435882,2.678400,2.959558,0.145365,0.759320,0.000000,0.201692,0.706111,0.010432,0.242531,0.644543,0.004975,0.276462,0.602234,-0.008700,0.278368,0.563413,-0.020865,0.155775,0.547395,0.021571,0.198934,0.479988,0.001966,0.241279,0.494820,-0.017037,0.265109,0.526845,-0.026420,0.139731,0.548110,0.002747,0.196400,0.471082,-0.015681,0.244591,0.494164,-0.031121,0.267728,0.534637,-0.037679,0.134656,0.557272,-0.017818,0.189999,0.479681,-0.032756,0.239480,0.498251,-0.036992,0.264629,0.534488,-0.035431,0.142243,0.575741,-0.038645,0.185417,0.508810,-0.047563,0.224658,0.507785,-0.045854,0.250299,0.525113,-0.041358
4757,0,0.104669,0.109339,0.709947,2.632484,2.897965,0.144991,0.759777,0.000000,0.201547,0.706499,0.010761,0.245144,0.645532,0.005662,0.280100,0.602394,-0.007618,0.279740,0.559003,-0.019496,0.160212,0.548970,0.022573,0.197911,0.478379,0.003582,0.240611,0.491422,-0.015715,0.265321,0.523805,-0.025406,0.144227,0.548242,0.003429,0.197041,0.467511,-0.013979,0.244891,0.488274,-0.031073,0.267086,0.529847,-0.038954,0.137857,0.556566,-0.017291,0.188193,0.479098,-0.030248,0.237527,0.494221,-0.035858,0.262045,0.530131,-0.035839,0.143523,0.575484,-0.038297,0.182697,0.507259,-0.045747,0.222073,0.505811,-0.044358,0.248051,0.525671,-0.040418
4791,0,0.098466,0.101931,0.531363,2.599067,2.850179,0.145999,0.760903,0.000000,0.203436,0.707748,0.009627,0.246947,0.647860,0.004208,0.281609,0.606160,-0.009479,0.285169,0.558631,-0.021554,0.168262,0.548827,0.023681,0.201572,0.476206,0.004938,0.242548,0.489367,-0.013574,0.265607,0.519936,-0.022761,0.150851,0.548584,0.004948,0.196876,0.465187,-0.013325,0.245031,0.485478,-0.029812,0.268251,0.526840,-0.036824,0.141835,0.556797,-0.015797,0.188445,0.477005,-0.030444,0.237859,0.493062,-0.035463,0.262346,0.529210,-0.034371,0.143897,0.575301,-0.036900,0.183794,0.507187,-0.046327,0.223040,0.506426,-0.045254,0.247903,0.525902,-0.040962
4825,0,0.123932,0.167457,0.359454,2.563990,2.776863,0.144360,0.762273,0.000000,0.203355,0.709734,0.010343,0.248493,0.649046,0.005942,0.283574,0.608935,-0.006962,0.292733,0.558800,-0.018500,0.174296,0.548837,0.026131,0.203670,0.473387,0.008523,0.244321,0.484111,-0.009860,0.268731,0.513383,-0.019437,0.156795,0.548809,0.006869,0.198737,0.463762,-0.011124,0.246796,0.481090,-0.029038,0.270957,0.521682,-0.037449,0.146033,0.556677,-0.014431,0.190034,0.477419,-0.028355,0.239190,0.491811,-0.034776,0.264282,0.526957,-0.035264,0.145444,0.574478,-0.036083,0.183163,0.507520,-0.045197,0.222333,0.506322,-0.045080,0.247573,0.525641,-0.041879
4858,0,0.325478,0.297603,1.280767,2.370803,2.570919,0.149584,0.764391,0.000000,0.207308,0.716104,0.004899,0.252376,0.654741,0.000795,0.286144,0.611609,-0.011134,0.299217,0.561085,-0.021493,0.199208,0.554491,0.026917,0.219254,0.477906,0.006178,0.255194,0.490170,-0.014402,0.276832,0.521669,-0.024811,0.181122,0.552004,0.010737,0.205908,0.465601,-0.010379,0.248993,0.483648,-0.029777,0.271367,0.523233,-0.038756,0.163229,0.556177,-0.008999,0.188995,0.470400,-0.027095,0.235204,0.483713,-0.036273,0.261163,0.519299,-0.037743,0.149757,0.568703,-0.029578,0.178518,0.501151,-0.043265,0.217637,0.498306,-0.047119,0.244585,0.517161,-0.046364
4891,0,0.428349,0.422726,0.791621,2.072824,2.361941,0.155006,0.763875,0.000000,0.213219,0.721601,-0.004643,0.257110,0.660100,-0.010957,0.288197,0.613925,-0.022518,0.304003,0.561050,-0.033163,0.207874,0.557498,0.013291,0.224864,0.478322,-0.008658,0.260123,0.484916,-0.029239,0.284625,0.509832,-0.040568,0.187794,0.555649,0.001624,0.205642,0.464619,-0.023383,0.249515,0.478587,-0.045116,0.277301,0.514885,-0.055660,0.166680,0.562455,-0.013653,0.183164,0.472638,-0.035577,0.230370,0.480139,-0.048255,0.263005,0.511250,-0.052159,0.147233,0.578287,-0.030205,0.166952,0.507193,-0.048013,0.205089,0.498093,-0.055217,0.235652,0.513242,-0.056948
4925,0,0.389698,0.389987,1.408250,1.773366,2.145950,0.156705,0.764842,0.000000,0.213693,0.730456,-0.012216,0.262613,0.670717,-0.020100,0.292920,0.621672,-0.030129,0.308787,0.567700,-0.039277,0.212325,0.561269,-0.000870,0.231279,0.485248,-0.022567,0.263804,0.482831,-0.040962,0.289333,0.503115,-0.050590,0.189653,0.556131,-0.007603,0.205565,0.466137,-0.030350,0.246453,0.466417,-0.049066,0.276915,0.493683,-0.058253,0.166379,0.563943,-0.017753,0.176611,0.475854,-0.039577,0.219225,0.471020,-0.052476,0.253410,0.492159,-0.057049,0.143125,0.582431,-0.029347,0.153391,0.509920,-0.048785,0.187680,0.493829,-0.057049,0.220469,0.503031,-0.059336
4958,0,0.458410,0.518508,2.808243,1.405985,1.737368,0.152757,0.775722,0.000000,0.211899,0.741223,-0.018013,0.263741,0.681978,-0.026450,0.296528,0.629012,-0.036027,0.315532,0.573879,-0.044864,0.217085,0.573503,0.001854,0.241607,0.505110,-0.019013,0.268830,0.489462,-0.038546,0.293013,0.490394,-0.050182,0.191970,0.562015,-0.001967,0.218106,0.481871,-0.023731,0.250567,0.467011,-0.043304,0.279769,0.473379,-0.054060,0.165494,0.564793,-0.010376,0.186302,0.482788,-0.031788,0.221090,0.463181,-0.045703,0.254675,0.465037,-0.051741,0.136011,0.580672,-0.020912,0.147245,0.513567,-0.039685,0.173454,0.485421,-0.048622,0.204196,0.477226,-0.052141
4992,0,0.570808,0.577847,2.199854,1.470484,1.753850,0.147059,0.781731,0.000000,0.211316,0.749720,-0.019942,0.266439,0.692883,-0.026128,0.302426,0.639609,-0.032655,0.322464,0.584080,-0.038021,0.220741,0.582478,0.008719,0.244778,0.522458,-0.006052,0.268371,0.498366,-0.022885,0.291111,0.481032,-0.034237,0.193570,0.565976,0.007538,0.218981,0.495673,-0.004585,0.245290,0.469746,-0.018880,0.273590,0.458025,-0.028771,0.164103,0.564028,0.000951,0.185254,0.492500,-0.013024,0.211752,0.461268,-0.023566,0.242525,0.444025,-0.029792,0.131215,0.574153,-0.008464,0.144273,0.510698,-0.021904,0.165832,0.480482,-0.027910,0.193470,0.464495,-0.030793
5024,0,0.318844,0.331699,1.357336,1.333865,1.596432,0.143616,0.782647,0.000000,0.213022,0.756843,-0.022196,0.271864,0.702812,-0.028228,0.309093,0.650963,-0.033609,0.330899,0.598780,-0.037729,0.226801,0.582863,0.007180,0.251647,0.519069,-0.005239,0.271622,0.488679,-0.020284,0.291758,0.464216,-0.030850,0.195610,0.565602,0.007895,0.221349,0.497075,-0.000566,0.243829,0.462397,-0.013049,0.269113,0.437202,-0.022570,0.163173,0.563794,0.003107,0.184477,0.495135,-0.007707,0.205140,0.459144,-0.017021,0.230340,0.432517,-0.023339,0.127350,0.573989,-0.004714,0.138357,0.514671,-0.016223,0.154229,0.482614,-0.021427,0.176741,0.457490,-0.024167
5056,0,0.336820,0.343563,0.983951,1.018829,1.292511,0.139651,0.781436,0.000000,0.210237,0.761291,-0.023508,0.272781,0.710971,-0.030854,0.312173,0.659754,-0.036770,0.337552,0.610153,-0.041813,0.232761,0.587958,-0.000782,0.259833,0.521460,-0.012459,0.276862,0.484820,-0.025989,0.292820,0.453149,-0.035877,0.198312,0.568660,0.000110,0.223449,0.495273,-0.008115,0.244232,0.455266,-0.020390,0.264691,0.423754,-0.029940,0.162768,0.565448,-0.003723,0.181553,0.491817,-0.014414,0.201287,0.451179,-0.024341,0.223199,0.417534,-0.031429,0.124658,0.575019,-0.010285,0.133934,0.512246,-0.021780,0.147254,0.476857,-0.027002,0.165424,0.445426,-0.029960
5090,0,0.233846,0.244921,0.477455,0.808377,1.090136,0.137597,0.783123,0.000000,0.208354,0.767082,-0.027017,0.273381,0.720020,-0.035614,0.315832,0.668317,-0.041861,0.342052,0.619704,-0.047164,0.235382,0.593922,-0.006111,0.263338,0.527328,-0.018078,0.278224,0.487349,-0.031898,0.291235,0.450644,-0.042263,0.200128,0.571818,-0.004027,0.225211,0.495382,-0.012785,0.243763,0.450638,-0.025511,0.260540,0.412239,-0.035494,0.163346,0.565969,-0.006589,0.181554,0.489589,-0.017516,0.199572,0.445770,-0.027861,0.218434,0.407767,-0.035273,0.123875,0.574150,-0.012163,0.132710,0.509940,-0.023180,0.143478,0.472669,-0.028042,0.158018,0.438097,-0.030974
5121,0,0.158663,0.186032,0.355503,0.679807,0.929423,0.135554,0.785542,0.000000,0.208465,0.772529,-0.028655,0.275025,0.727015,-0.037854,0.318415,0.674747,-0.044394,0.348628,0.628145,-0.049877,0.238158,0.597431,-0.008418,0.267862,0.528721,-0.020460,0.282291,0.486209,-0.034077,0.293921,0.446963,-0.044353,0.201615,0.573656,-0.005498,0.227046,0.493523,-0.014246,0.243140,0.444992,-0.026786,0.256072,0.403735,-0.036575,0.163747,0.566905,-0.007154,0.182154,0.487320,-0.017759,0.197500,0.440817,-0.027985,0.212580,0.400331,-0.035336,0.123200,0.575150,-0.011961,0.132474,0.508985,-0.022989,0.141738,0.469692,-0.027903,0.153911,0.433535,-0.030706
5154,0,0.264661,0.285079,0.296161,0.456656,0.671225,0.134165,0.790281,0.000000,0.207198,0.778478,-0.028560,0.274562,0.732812,-0.038515,0.319416,0.681955,-0.046069,0.353728,0.638966,-0.052857,0.238940,0.601008,-0.013018,0.268955,0.527997,-0.027049,0.283846,0.482321,-0.041184,0.295439,0.440252,-0.051781,0.201692,0.576978,-0.011103,0.227955,0.492654,-0.022289,0.243563,0.441535,-0.035700,0.255138,0.398161,-0.045862,0.162934,0.570884,-0.013452,0.180331,0.487321,-0.026221,0.194107,0.436992,-0.037356,0.207198,0.393369,-0.044992,0.121803,0.579556,-0.018812,0.130594,0.509552,-0.031830,0.138609,0.466523,-0.037977,0.148899,0.426979,-0.041391
5187,0,0.212232,0.237429,0.193709,0.330877,0.476614,0.132009,0.793518,0.000000,0.205635,0.783078,-0.029408,0.273375,0.737912,-0.040259,0.320216,0.688247,-0.048766,0.357938,0.648658,-0.056535,0.238370,0.602649,-0.015517,0.270720,0.527647,-0.030358,0.286693,0.479348,-0.044671,0.298753,0.434987,-0.055564,0.200621,0.576952,-0.013712,0.227100,0.489578,-0.025903,0.242612,0.434940,-0.039646,0.253936,0.388295,-0.050033,0.161166,0.570273,-0.016108,0.177409,0.484104,-0.029999,0.189691,0.431735,-0.041736,0.200820,0.386155,-0.049737,0.119864,0.579395,-0.021565,0.127031,0.508422,-0.035825,0.132438,0.463491,-0.042813,0.139566,0.421896,-0.046697
5222,0,0.262281,0.278953,0.153496,0.353143,0.372797,0.127356,0.795814,0.000000,0.202571,0.787665,-0.030300,0.270308,0.744040,-0.042489,0.318376,0.695357,-0.052373,0.358604,0.657986,-0.061590,0.236759,0.603654,-0.019252,0.270198,0.526801,-0.035899,0.286316,0.476732,-0.051038,0.298442,0.430678,-0.062538,0.198513,0.576167,-0.017928,0.225931,0.485870,-0.032023,0.241554,0.429418,-0.046343,0.252844,0.380835,-0.057068,0.158503,0.569067,-0.020706,0.174520,0.479245,-0.036373,0.185600,0.424792,-0.048669,0.195681,0.377168,-0.056852,0.116840,0.579220,-0.026553,0.121493,0.506292,-0.042510,0.125349,0.458904,-0.050349,0.131158,0.415234,-0.054656
5254,0,0.222430,0.219797,0.156869,0.448676,0.412509,0.125768,0.798742,0.000001,0.200190,0.791462,-0.032008,0.267493,0.748821,-0.045393,0.316440,0.701171,-0.056180,0.358015,0.665616,-0.066262,0.233615,0.601341,-0.022564,0.267169,0.521483,-0.039845,0.283832,0.469997,-0.055035,0.296490,0.423654,-0.066350,0.194217,0.573330,-0.020440,0.221504,0.479336,-0.034562,0.237718,0.421738,-0.048035,0.249256,0.373661,-0.057941,0.153799,0.567088,-0.022421,0.167902,0.474807,-0.037600,0.177860,0.420316,-0.049047,0.187143,0.373944,-0.056576,0.112052,0.579355,-0.027694,0.114191,0.506329,-0.043214,0.116726,0.459184,-0.050500,0.121321,0.416529,-0.054243
5288,0,0.197179,0.150986,0.193076,0.613594,0.549665,0.121695,0.801232,0.000001,0.195647,0.793807,-0.031826,0.263123,0.749998,-0.045569,0.313563,0.703862,-0.056680,0.356659,0.672370,-0.067207,0.228034,0.599403,-0.023977,0.263296,0.518319,-0.041633,0.281086,0.466961,-0.056995,0.294526,0.421097,-0.068286,0.188310,0.571280,-0.022054,0.216972,0.474304,-0.036325,0.233999,0.415360,-0.049663,0.245709,0.367038,-0.059379,0.147694,0.566133,-0.024089,0.160583,0.472302,-0.039114,0.170438,0.417401,-0.050562,0.179470,0.371185,-0.058075,0.105602,0.580317,-0.029375,0.105535,0.507176,-0.044400,0.107274,0.460367,-0.051372,0.111546,0.417446,-0.054926
5321,0,0.154536,0.087106,0.111297,0.727162,0.578986,0.116374,0.802387,0.000001,0.191170,0.793364,-0.032776,0.258573,0.750147,-0.046951,0.309444,0.703068,-0.058396,0.352948,0.670207,-0.069084,0.221784,0.598843,-0.023441,0.258256,0.517248,-0.041400,0.277109,0.465308,-0.057020,0.291347,0.419355,-0.068396,0.182735,0.570290,-0.020884,0.212421,0.472708,-0.035345,0.229720,0.412689,-0.048992,0.241973,0.363850,-0.058855,0.142183,0.564934,-0.022478,0.154380,0.470982,-0.037845,0.164337,0.416041,-0.049726,0.173888,0.370462,-0.057387,0.099952,0.579106,-0.027409,0.099586,0.506527,-0.042639,0.100656,0.459744,-0.049772,0.104345,0.417707,-0.053396
5355,0,0.155236,0.095411,0.074554,0.859036,0.634804,0.113203,0.803030,0.000001,0.186504,0.794018,-0.033907,0.252108,0.750946,-0.048802,0.303227,0.704177,-0.060875,0.347961,0.671674,-0.072023,0.215922,0.598358,-0.024008,0.252897,0.515670,-0.042117,0.271786,0.463417,-0.057822,0.286100,0.417051,-0.069155,0.176625,0.569729,-0.020816,0.207053,0.471365,-0.035202,0.224891,0.410733,-0.048663,0.237414,0.361797,-0.058331,0.136095,0.564389,-0.021914,0.148520,0.470034,-0.037075,0.158756,0.414778,-0.048755,0.168594,0.369056,-0.056295,0.094364,0.578967,-0.026482,0.094328,0.506104,-0.041354,0.095528,0.459504,-0.048200,0.099334,0.417856,-0.051577
5388,0,0.216439,0.117479,0.084051,0.959951,0.633354,0.108699,0.802665,0.000001,0.182154,0.793338,-0.034656,0.246607,0.750888,-0.049700,0.298110,0.704370,-0.061847,0.342764,0.671136,-0.072835,0.208654,0.596340,-0.022439,0.246368,0.512861,-0.039895,0.266309,0.460372,-0.055495,0.281774,0.414323,-0.066669,0.169681,0.568048,-0.018417,0.199805,0.468592,-0.031804,0.218085,0.407269,-0.045110,0.231027,0.358341,-0.054661,0.129622,0.563053,-0.018869,0.141637,0.469007,-0.032940,0.152122,0.413541,-0.044392,0.162362,0.368079,-0.051740,0.088760,0.577488,-0.022914,0.088953,0.505240,-0.036580,0.090120,0.459415,-0.042723,0.093926,0.418899,-0.045643
5422,0,0.159338,0.105437,0.081976,1.099655,0.712586,0.106059,0.802429,0.000001,0.179791,0.792183,-0.035565,0.244083,0.749711,-0.051372,0.295108,0.703716,-0.064296,0.339458,0.670983,-0.076198,0.204453,0.596356,-0.023257,0.242155,0.513145,-0.041748,0.261793,0.460549,-0.058113,0.276896,0.414336,-0.069921,0.165221,0.568170,-0.019317,0.194541,0.468381,-0.034310,0.211601,0.406468,-0.048861,0.224061,0.356536,-0.059322,0.125143,0.563992,-0.019933,0.136692,0.469918,-0.035728,0.147039,0.413675,-0.048210,0.157134,0.367308,-0.056253,0.084517,0.579124,-0.024152,0.084917,0.507143,-0.039354,0.085723,0.460392,-0.046444,0.089023,0.418815,-0.050024
5454,0,0.091770,0.053815,0.060882,1.186117,0.754723,0.104038,0.802923,0.000001,0.176366,0.793061,-0.035584,0.239041,0.750749,-0.051754,0.290067,0.704971,-0.065006,0.334620,0.672111,-0.077006,0.200707,0.596201,-0.023537,0.239400,0.512562,-0.042140,0.259161,0.459119,-0.058334,0.274042,0.412427,-0.070056,0.161437,0.567925,-0.019541,0.190970,0.467536,-0.034727,0.208287,0.405340,-0.049067,0.220908,0.355258,-0.059260,0.121705,0.563901,-0.020051,0.133473,0.469154,-0.035955,0.143880,0.412463,-0.048233,0.154030,0.365271,-0.056063,0.081878,0.579068,-0.024140,0.082315,0.507554,-0.039522,0.083109,0.460457,-0.046634,0.086421,0.418489,-0.050133
5487,0,0.084640,0.078874,0.093957,1.261123,0.802651,0.102231,0.803539,0.000001,0.174319,0.793858,-0.037127,0.237162,0.751677,-0.054344,0.288829,0.705359,-0.068313,0.333872,0.671750,-0.081121,0.197979,0.596063,-0.025501,0.237678,0.513737,-0.045109,0.258070,0.459769,-0.062141,0.273177,0.412531,-0.074439,0.159241,0.567560,-0.021313,0.190114,0.467949,-0.037243,0.207362,0.405276,-0.052070,0.219640,0.353701,-0.062651,0.120311,0.563601,-0.021696,0.132962,0.469244,-0.038031,0.143610,0.412299,-0.049935,0.153833,0.363932,-0.057546,0.080672,0.579367,-0.025803,0.080803,0.507203,-0.041280,0.082198,0.460022,-0.047708,0.086221,0.417351,-0.050771
5520,0,0.035735,0.020309,0.041123,1.285559,0.805433,0.101362,0.803323,0.000001,0.173735,0.793852,-0.037303,0.235932,0.751489,-0.054479,0.287629,0.704710,-0.068424,0.332862,0.671375,-0.081161,0.196586,0.596085,-0.025775,0.236219,0.513285,-0.045368,0.256481,0.459340,-0.062335,0.271488,0.412061,-0.074560,0.157865,0.567746,-0.021394,0.189044,0.467853,-0.037257,0.206562,0.405388,-0.051969,0.219150,0.353962,-0.062474,0.118675,0.564056,-0.021603,0.131614,0.469495,-0.037884,0.142274,0.412573,-0.049877,0.152528,0.364244,-0.057501,0.078911,0.579748,-0.025543,0.079287,0.507433,-0.040952,0.080653,0.460202,-0.047460,0.084615,0.417665,-0.050574
5553,0,0.048530,0.066848,0.055237,1.316032,0.849286,0.102341,0.803083,0.000001,0.174609,0.794195,-0.037606,0.236641,0.751216,-0.055190,0.287800,0.704737,-0.069452,0.332944,0.671273,-0.082506,0.195999,0.596418,-0.026642,0.235221,0.513853,-0.046665,0.255842,0.459870,-0.063784,0.271012,0.412789,-0.076048,0.157249,0.568223,-0.022229,0.187943,0.468165,-0.038465,0.205499,0.405647,-0.053192,0.218160,0.354132,-0.063645,0.118076,0.564664,-0.022392,0.130221,0.470059,-0.039000,0.140511,0.412919,-0.050823,0.150597,0.364241,-0.058349,0.078506,0.580539,-0.026317,0.077901,0.507896,-0.041950,0.078943,0.460377,-0.048454,0.082868,0.417038,-0.051566
5587,0,0.039732,0.036315,0.071609,1.313420,0.822386,0.101495,0.802474,0.000001,0.174217,0.792833,-0.036414,0.236938,0.750333,-0.053672,0.287824,0.704033,-0.067877,0.332701,0.671132,-0.080925,0.196391,0.595863,-0.025101,0.235419,0.513425,-0.044765,0.255477,0.460210,-0.061723,0.270115,0.413391,-0.073938,0.157591,0.567728,-0.021399,0.188028,0.467952,-0.037640,0.205307,0.405574,-0.052423,0.217326,0.354117,-0.062833,0.118037,0.564142,-0.022232,0.129743,0.469236,-0.038935,0.139674,0.412225,-0.050757,0.149168,0.363525,-0.058160,0.078107,0.580290,-0.026697,0.077306,0.507413,-0.042313,0.078241,0.459730,-0.048675,0.081980,0.416558,-0.051636
5621,0,0.037049,0.068267,0.040329,1.335222,0.824817,0.102090,0.800407,0.000001,0.174441,0.791159,-0.036742,0.236470,0.749597,-0.054049,0.287804,0.704007,-0.068301,0.332223,0.671401,-0.081443,0.196658,0.595226,-0.026076,0.235776,0.512967,-0.045951,0.255883,0.459408,-0.062980,0.270684,0.412264,-0.075335,0.157796,0.567531,-0.022304,0.187650,0.467746,-0.038709,0.204904,0.405471,-0.053632,0.217106,0.353667,-0.064322,0.118303,0.564067,-0.023033,0.129969,0.469873,-0.039842,0.139756,0.412658,-0.051920,0.149255,0.363625,-0.059602,0.078345,0.580337,-0.027441,0.077521,0.507918,-0.043290,0.078176,0.460023,-0.049977,0.081732,0.416505,-0.053308
5654,0,0.022784,0.047293,0.050631,1.328897,0.855306,0.102738,0.802093,0.000001,0.174787,0.793002,-0.036793,0.237186,0.749985,-0.054177,0.288121,0.703835,-0.068480,0.332696,0.671016,-0.081542,0.197057,0.595861,-0.026169,0.235770,0.513013,-0.045968,0.255861,0.459420,-0.062915,0.270585,0.412574,-0.075149,0.158253,0.567820,-0.022271,0.187812,0.467982,-0.038747,0.204837,0.405417,-0.053671,0.216432,0.353647,-0.064157,0.118909,0.564108,-0.022869,0.130527,0.469257,-0.039644,0.140012,0.411563,-0.051694,0.148977,0.362312,-0.059328,0.079192,0.580257,-0.027112,0.078322,0.507630,-0.042955,0.078729,0.459504,-0.049716,0.081924,0.415482,-0.052935
5688,0,0.025348,0.029477,0.058377,1.324330,0.853858,0.103239,0.801647,0.000001,0.175268,0.791339,-0.036338,0.237606,0.748706,-0.053526,0.288481,0.702784,-0.067646,0.332902,0.669390,-0.080612,0.197181,0.594898,-0.025563,0.236050,0.512757,-0.045243,0.256268,0.459505,-0.062201,0.271087,0.412511,-0.074521,0.158056,0.567464,-0.021930,0.187748,0.467499,-0.038276,0.204754,0.405101,-0.053203,0.216390,0.353320,-0.063862,0.118624,0.564315,-0.022760,0.129954,0.469671,-0.039545,0.139472,0.411906,-0.051727,0.148554,0.362334,-0.059525,0.078948,0.580719,-0.027225,0.078186,0.507759,-0.043098,0.078639,0.459533,-0.049973,0.081686,0.415323,-0.053342
5723,0,0.032683,0.049876,0.061681,1.343970,0.846894,0.102511,0.800675,0.000001,0.174623,0.791362,-0.037284,0.236688,0.749667,-0.054877,0.288161,0.703040,-0.069311,0.333462,0.670513,-0.082593,0.197117,0.595612,-0.026147,0.235620,0.513291,-0.046161,0.255576,0.459829,-0.063455,0.270220,0.412364,-0.076090,0.158269,0.567677,-0.022135,0.187793,0.467890,-0.038898,0.204398,0.405148,-0.054278,0.216068,0.352645,-0.065253,0.118803,0.564268,-0.022689,0.129847,0.469819,-0.039982,0.139032,0.412175,-0.052433,0.147891,0.362345,-0.060365,0.078814,0.580468,-0.026931,0.077899,0.507773,-0.043210,0.078328,0.459822,-0.050266,0.081495,0.415311,-0.053817
5756,0,0.045740,0.088850,0.069923,1.358680,0.917389,0.104010,0.802732,0.000001,0.175776,0.792301,-0.036563,0.237624,0.749059,-0.053948,0.288197,0.703176,-0.068343,0.332218,0.670127,-0.081635,0.197479,0.595728,-0.026721,0.235882,0.512956,-0.046934,0.255820,0.459401,-0.064204,0.270644,0.412185,-0.076714,0.158403,0.568173,-0.023226,0.187512,0.467726,-0.040196,0.204151,0.404889,-0.055420,0.215510,0.352860,-0.066182,0.118876,0.565195,-0.024145,0.130043,0.469730,-0.041369,0.139535,0.411417,-0.053672,0.148552,0.361361,-0.061490,0.079112,0.582138,-0.028699,0.078344,0.508517,-0.045026,0.078943,0.459644,-0.052016,0.082143,0.415002,-0.055466
5788,0,0.047888,0.053335,0.050940,1.329632,0.868202,0.103525,0.801866,0.000001,0.175646,0.791835,-0.036587,0.237589,0.748989,-0.053923,0.288606,0.702561,-0.068189,0.332954,0.669845,-0.081300,0.197506,0.594853,-0.025669,0.236396,0.512719,-0.045405,0.256172,0.459498,-0.062418,0.270457,0.412429,-0.074745,0.158325,0.567349,-0.021929,0.187997,0.467270,-0.038457,0.204562,0.404737,-0.053461,0.215955,0.352881,-0.064034,0.118763,0.564273,-0.022691,0.129850,0.469360,-0.039634,0.139041,0.411771,-0.051707,0.148019,0.362253,-0.059371,0.078816,0.581077,-0.027100,0.077835,0.507928,-0.043005,0.078136,0.459704,-0.049722,0.081194,0.415537,-0.052954
5824,0,0.018861,0.026033,0.035722,1.341185,0.856146,0.102535,0.801610,0.000001,0.174907,0.791481,-0.037050,0.237116,0.749315,-0.054479,0.287887,0.703106,-0.068792,0.332663,0.670268,-0.081950,0.197389,0.595300,-0.025808,0.236323,0.513033,-0.045615,0.256117,0.459528,-0.062697,0.270409,0.412159,-0.075163,0.158298,0.567489,-0.021849,0.187999,0.467436,-0.038366,0.204248,0.404771,-0.053556,0.215448,0.352828,-0.064313,0.118740,0.564294,-0.022427,0.129706,0.469292,-0.039474,0.138669,0.411795,-0.051755,0.147219,0.362498,-0.059558,0.078526,0.580671,-0.026686,0.077457,0.507427,-0.042775,0.077630,0.459112,-0.049724,0.080480,0.414833,-0.053140
5858,0,0.040719,0.063044,0.077235,1.360980,0.907939,0.103896,0.801952,0.000001,0.175754,0.792114,-0.036361,0.237342,0.749229,-0.053653,0.287747,0.703148,-0.067921,0.331631,0.669775,-0.081034,0.197554,0.595226,-0.026665,0.236457,0.512870,-0.046704,0.256475,0.459508,-0.063765,0.271060,0.412489,-0.076093,0.158343,0.567437,-0.023087,0.187480,0.467170,-0.039847,0.203687,0.404591,-0.054808,0.214591,0.352919,-0.065335,0.118890,0.564197,-0.023895,0.129223,0.469030,-0.040956,0.138073,0.411131,-0.053007,0.146430,0.361617,-0.060625,0.078984,0.581272,-0.028350,0.077356,0.508053,-0.044511,0.077308,0.459553,-0.051345,0.080108,0.414982,-0.054669
5890,0,0.035033,0.044447,0.044724,1.349089,0.906019,0.103895,0.802530,0.000001,0.175844,0.792503,-0.036361,0.237865,0.749354,-0.053619,0.287943,0.703008,-0.067785,0.332092,0.669851,-0.080752,0.197406,0.595271,-0.025864,0.236307,0.512588,-0.045521,0.256142,0.459222,-0.062294,0.270115,0.412256,-0.074476,0.158161,0.567501,-0.022207,0.187620,0.466568,-0.038692,0.203783,0.403901,-0.053527,0.214412,0.352111,-0.063956,0.118383,0.564088,-0.022957,0.128894,0.468559,-0.039868,0.137825,0.410887,-0.051866,0.146287,0.361691,-0.059387,0.078256,0.580357,-0.027294,0.076676,0.506976,-0.043191,0.076814,0.458904,-0.049835,0.079775,0.414920,-0.052973
5924,0,0.031780,0.037298,0.052705,1.363237,0.900734,0.103027,0.802331,0.000001,0.175676,0.792688,-0.037408,0.238170,0.749781,-0.054862,0.288194,0.702460,-0.069168,0.332394,0.669259,-0.082270,0.197525,0.595168,-0.026389,0.235870,0.512492,-0.046343,0.255384,0.458870,-0.063473,0.269398,0.411427,-0.075927,0.158434,0.567345,-0.022304,0.187382,0.467255,-0.039052,0.203175,0.404405,-0.054306,0.213804,0.352227,-0.065094,0.118802,0.564148,-0.022755,0.129022,0.469027,-0.040001,0.137597,0.411739,-0.052362,0.145684,0.362426,-0.060094,0.078426,0.580522,-0.026922,0.076381,0.507378,-0.043172,0.076119,0.459216,-0.050186,0.078553,0.415087,-0.053566
5958,0,0.045218,0.075724,0.082252,1.378589,0.948468,0.104146,0.802977,0.000001,0.175818,0.791900,-0.036055,0.237094,0.748594,-0.053111,0.287256,0.701758,-0.067210,0.330920,0.667673,-0.080106,0.196955,0.595021,-0.026024,0.234816,0.511617,-0.045854,0.254451,0.457993,-0.062726,0.268543,0.410587,-0.074929,0.157778,0.567424,-0.022580,0.186337,0.466558,-0.039129,0.202254,0.403878,-0.054036,0.212735,0.352124,-0.064529,0.118088,0.564470,-0.023528,0.127976,0.468847,-0.040400,0.136561,0.410788,-0.052510,0.144672,0.361125,-0.060137,0.078128,0.581292,-0.028081,0.076349,0.507594,-0.044075,0.076118,0.459011,-0.050893,0.078657,0.414724,-0.054174
5991,0,0.021641,0.022663,0.044721,1.375560,0.943642,0.103443,0.803678,0.000001,0.176004,0.792415,-0.036138,0.238427,0.748830,-0.053259,0.288153,0.701842,-0.067418,0.331753,0.667819,-0.080420,0.196850,0.595341,-0.025727,0.234596,0.511958,-0.045601,0.253965,0.458170,-0.062513,0.267908,0.411023,-0.074729,0.157656,0.567924,-0.022303,0.186286,0.467115,-0.038984,0.201909,0.404125,-0.053953,0.212150,0.352238,-0.064503,0.117710,0.565006,-0.023309,0.127734,0.469507,-0.040349,0.136335,0.411358,-0.052380,0.144459,0.361902,-0.059922,0.077404,0.581580,-0.027925,0.075579,0.507632,-0.043912,0.075449,0.458992,-0.050621,0.077983,0.414557,-0.053814
6024,0,0.065073,0.081885,0.071888,1.424667,0.972449,0.103463,0.802609,0.000001,0.175155,0.792408,-0.037824,0.236509,0.748882,-0.055729,0.286989,0.702050,-0.070414,0.331013,0.666812,-0.083941,0.196680,0.595918,-0.027888,0.234200,0.512386,-0.048502,0.253310,0.458234,-0.065874,0.267250,0.410206,-0.078428,0.157536,0.568153,-0.023857,0.185731,0.467463,-0.041229,0.201138,0.404616,-0.056609,0.211457,0.352173,-0.067495,0.117832,0.565218,-0.024390,0.127629,0.470091,-0.042063,0.135997,0.412068,-0.054385,0.143887,0.362026,-0.062168,0.077547,0.581927,-0.028652,0.075511,0.508366,-0.045259,0.075285,0.459798,-0.052393,0.077736,0.415043,-0.055914
6057,0,0.057985,0.076555,0.091309,1.376219,0.961166,0.104133,0.803881,0.000001,0.176574,0.792637,-0.035927,0.238769,0.749444,-0.052944,0.288357,0.701986,-0.066965,0.331758,0.667609,-0.079924,0.196629,0.595785,-0.025850,0.234243,0.512558,-0.045704,0.253600,0.458796,-0.062675,0.267642,0.411158,-0.074943,0.157596,0.568454,-0.022575,0.185654,0.467389,-0.039293,0.201140,0.404472,-0.054374,0.211213,0.352020,-0.064981,0.117931,0.565408,-0.023659,0.127667,0.469851,-0.040769,0.136141,0.411724,-0.052898,0.143760,0.361800,-0.060508,0.077994,0.581847,-0.028340,0.075816,0.507899,-0.044412,0.075681,0.459360,-0.051146,0.078232,0.414837,-0.054420
6090,0,0.033596,0.040788,0.039645,1.396232,0.958717,0.103352,0.803724,0.000001,0.175493,0.792630,-0.036904,0.237390,0.749622,-0.054431,0.287183,0.702028,-0.068859,0.331040,0.666646,-0.082178,0.196841,0.596119,-0.026614,0.234546,0.512544,-0.046823,0.253624,0.458456,-0.064004,0.267275,0.410387,-0.076444,0.157507,0.568712,-0.022984,0.185664,0.467559,-0.040002,0.201252,0.404488,-0.055217,0.211569,0.352099,-0.065992,0.117723,0.565908,-0.023840,0.127528,0.470392,-0.041228,0.136004,0.411923,-0.053460,0.144120,0.361672,-0.061136,0.077408,0.582716,-0.028372,0.075713,0.508683,-0.044696,0.075803,0.459969,-0.051564,0.078628,0.415484,-0.054893
6126,0,0.024640,0.026366,0.044613,1.395050,0.956229,0.103786,0.802830,0.000001,0.175545,0.791993,-0.036744,0.237627,0.748545,-0.053879,0.287628,0.701060,-0.067892,0.330760,0.665586,-0.080795,0.196394,0.595940,-0.026731,0.234050,0.512034,-0.046826,0.253171,0.457999,-0.063822,0.266986,0.410010,-0.076078,0.157293,0.568354,-0.023032,0.185423,0.467623,-0.039912,0.200661,0.404407,-0.055035,0.210755,0.351805,-0.065719,0.117701,0.565180,-0.023772,0.127645,0.469848,-0.040953,0.136298,0.411522,-0.053139,0.144094,0.361421,-0.060816,0.077417,0.581369,-0.028165,0.075743,0.507640,-0.044352,0.075838,0.459271,-0.051197,0.078628,0.414930,-0.054526
6159,0,0.022375,0.026901,0.036478,1.387444,0.964825,0.104302,0.803209,0.000001,0.176446,0.791992,-0.036159,0.238506,0.748570,-0.053282,0.288104,0.701617,-0.067432,0.331163,0.666778,-0.080384,0.196924,0.595337,-0.026042,0.234131,0.511512,-0.045884,0.253190,0.457739,-0.062731,0.266950,0.410106,-0.074945,0.157711,0.568124,-0.022666,0.185335,0.467133,-0.039432,0.200710,0.404001,-0.054481,0.210938,0.351656,-0.065082,0.118062,0.565242,-0.023714,0.127757,0.469572,-0.040791,0.136298,0.411222,-0.052960,0.144189,0.360944,-0.060703,0.078046,0.581777,-0.028370,0.075980,0.507998,-0.044479,0.075847,0.459330,-0.051346,0.078479,0.414694,-0.054711
6192,0,0.019569,0.019440,0.047238,1.392786,0.966472,0.104360,0.802986,0.000001,0.176190,0.791456,-0.036750,0.238172,0.747801,-0.053971,0.288048,0.700994,-0.068191,0.331472,0.665955,-0.081210,0.197226,0.594733,-0.026178,0.234524,0.511577,-0.046122,0.253543,0.457776,-0.063205,0.267305,0.409948,-0.075624,0.157922,0.567538,-0.022623,0.185747,0.467263,-0.039497,0.200905,0.404130,-0.054802,0.210841,0.351471,-0.065605,0.118258,0.565152,-0.023557,0.127935,0.469742,-0.040836,0.136295,0.411222,-0.053232,0.144218,0.360566,-0.061127,0.078060,0.582344,-0.028186,0.076161,0.508752,-0.044599,0.075939,0.460190,-0.051755,0.078481,0.415042,-0.055264
6226,0,0.017959,0.035339,0.050404,1.389894,0.940692,0.103785,0.802087,0.000001,0.176339,0.791350,-0.036499,0.238272,0.748580,-0.053757,0.288035,0.700971,-0.067923,0.331496,0.665798,-0.080981,0.197323,0.595316,-0.026371,0.234770,0.511673,-0.046397,0.253565,0.457613,-0.063354,0.267222,0.409669,-0.075628,0.158238,0.567975,-0.022818,0.186366,0.467272,-0.039821,0.201425,0.404034,-0.055095,0.211402,0.351318,-0.065846,0.118446,0.564876,-0.023694,0.128302,0.469585,-0.041090,0.136707,0.411011,-0.053387,0.144583,0.360671,-0.061186,0.078296,0.581216,-0.028216,0.076195,0.507357,-0.044597,0.075995,0.458823,-0.051634,0.078539,0.414106,-0.055095
6259,0,0.027415,0.089662,0.051941,1.374734,1.006790,0.106440,0.803788,0.000001,0.177966,0.791959,-0.036000,0.239161,0.748109,-0.053009,0.288559,0.700506,-0.067022,0.331371,0.664972,-0.079837,0.197939,0.594898,-0.026067,0.235101,0.511579,-0.045842,0.253946,0.457755,-0.062643,0.267329,0.409976,-0.074812,0.158738,0.567789,-0.022759,0.186613,0.466922,-0.039550,0.201552,0.403501,-0.054577,0.211150,0.350820,-0.065132,0.119009,0.565010,-0.023831,0.128423,0.469538,-0.040932,0.136886,0.411218,-0.053148,0.144645,0.361060,-0.060845,0.078978,0.581705,-0.028510,0.076335,0.507956,-0.044666,0.076013,0.458918,-0.051626,0.078606,0.414209,-0.055038
6293,0,0.037788,0.091354,0.059549,1.395755,0.971642,0.104945,0.802114,0.000001,0.177666,0.791477,-0.036652,0.239451,0.747997,-0.054031,0.288606,0.700247,-0.068405,0.332087,0.665248,-0.081716,0.198293,0.595004,-0.026669,0.235002,0.511535,-0.046982,0.253731,0.457590,-0.064199,0.267046,0.409805,-0.076724,0.159071,0.567646,-0.023272,0.186389,0.466997,-0.040627,0.201401,0.404238,-0.056064,0.210969,0.351852,-0.066972,0.119381,0.564822,-0.024335,0.128656,0.469463,-0.042106,0.136931,0.411198,-0.054585,0.144647,0.360846,-0.062489,0.079077,0.581736,-0.029003,0.076385,0.508128,-0.045757,0.076143,0.459819,-0.052968,0.078714,0.415118,-0.056573
6326,0,0.038149,0.073832,0.079203,1.390490,1.002117,0.106518,0.802528,0.000001,0.177482,0.790733,-0.036420,0.238537,0.746327,-0.053490,0.288321,0.699242,-0.067450,0.331213,0.664306,-0.080258,0.198449,0.594255,-0.026584,0.235200,0.510773,-0.046372,0.253684,0.456812,-0.063211,0.266997,0.409026,-0.075420,0.159188,0.567440,-0.023036,0.186633,0.466440,-0.039829,0.201274,0.403238,-0.054872,0.210612,0.350688,-0.065515,0.119431,0.564944,-0.023888,0.128660,0.469064,-0.041050,0.136761,0.410634,-0.053398,0.144472,0.360389,-0.061230,0.079020,0.581548,-0.028380,0.076535,0.507744,-0.044644,0.076130,0.459135,-0.051785,0.078707,0.414254,-0.055333