t,missing,delta_l1,delta_l1_wrist,delta_angles,delta_base_l1,delta_base_l1_wrist,x0,y0,z0,x1,y1,z1,x2,y2,z2,x3,y3,z3,x4,y4,z4,x5,y5,z5,x6,y6,z6,x7,y7,z7,x8,y8,z8,x9,y9,z9,x10,y10,z10,x11,y11,z11,x12,y12,z12,x13,y13,z13,x14,y14,z14,x15,y15,z15,x16,y16,z16,x17,y17,z17,x18,y18,z18,x19,y19,z19,x20,y20,z20
31,0,,,,0.000000,0.000000,0.168885,0.834839,0.000000,0.230363,0.824397,-0.028166,0.280683,0.782375,-0.034985,0.302035,0.721532,-0.038805,0.318888,0.672350,-0.041304,0.260211,0.674618,-0.006033,0.284938,0.613822,-0.016582,0.295992,0.573500,-0.028238,0.304177,0.536788,-0.036806,0.230082,0.654421,-0.000802,0.250785,0.584475,-0.008251,0.260755,0.538887,-0.018563,0.268090,0.499523,-0.026453,0.198663,0.649347,-0.000025,0.213385,0.583294,-0.009308,0.223341,0.543977,-0.017243,0.232458,0.509675,-0.022597,0.162906,0.656200,-0.002390,0.171067,0.603063,-0.011888,0.177845,0.571188,-0.015877,0.185084,0.541268,-0.017849
61,0,0.012042,0.013653,0.034529,0.012042,0.013653,0.169284,0.835218,0.000000,0.230698,0.824543,-0.028038,0.281208,0.782367,-0.034914,0.302414,0.721565,-0.038861,0.319148,0.672279,-0.041539,0.260757,0.674911,-0.005983,0.285028,0.613975,-0.016662,0.296073,0.573531,-0.028431,0.304217,0.536760,-0.037075,0.230341,0.654767,-0.000871,0.250913,0.584855,-0.008474,0.260810,0.539347,-0.018895,0.268049,0.500093,-0.026842,0.198811,0.649537,-0.000199,0.213544,0.583428,-0.009545,0.223441,0.544125,-0.017439,0.232618,0.509832,-0.022770,0.162921,0.656227,-0.002661,0.171172,0.603085,-0.012206,0.177806,0.571427,-0.016144,0.185200,0.541576,-0.018055
94,0,0.012069,0.012748,0.039986,0.015222,0.020917,0.169345,0.835054,0.000000,0.230824,0.824385,-0.027880,0.281169,0.781774,-0.034645,0.302232,0.721260,-0.038447,0.318880,0.672122,-0.040981,0.260466,0.674612,-0.006078,0.284745,0.613885,-0.016635,0.295760,0.573451,-0.028326,0.303902,0.536623,-0.036947,0.230263,0.654637,-0.000950,0.250536,0.585094,-0.008425,0.260321,0.539468,-0.018777,0.267684,0.500152,-0.026720,0.198699,0.649581,-0.000226,0.213385,0.583493,-0.009496,0.223334,0.544334,-0.017412,0.232566,0.510182,-0.022775,0.162832,0.656305,-0.002610,0.170784,0.602855,-0.012137,0.177538,0.570791,-0.016171,0.184807,0.540886,-0.018161
124,0,0.020100,0.019734,0.062596,0.021948,0.029347,0.169365,0.834865,0.000000,0.230896,0.823910,-0.027516,0.281016,0.782271,-0.034266,0.302027,0.721719,-0.038113,0.318322,0.671996,-0.040677,0.259850,0.675125,-0.005712,0.284418,0.614068,-0.016198,0.295605,0.573763,-0.027854,0.303767,0.536796,-0.036403,0.229687,0.654902,-0.000737,0.250553,0.584904,-0.008037,0.260404,0.539357,-0.018290,0.267704,0.500152,-0.026162,0.198227,0.649428,-0.000119,0.213276,0.583238,-0.009105,0.223215,0.544011,-0.016786,0.232397,0.509921,-0.021995,0.162587,0.655779,-0.002580,0.170871,0.602008,-0.011737,0.177743,0.570269,-0.015361,0.184978,0.540758,-0.017071
179,0,0.031725,0.020296,0.066172,0.030913,0.023947,0.168946,0.834078,0.000000,0.230175,0.823727,-0.028408,0.280400,0.781348,-0.035390,0.301910,0.721094,-0.039290,0.318170,0.671850,-0.041890,0.259767,0.673897,-0.006505,0.284324,0.613149,-0.017009,0.295404,0.572871,-0.028693,0.303595,0.535935,-0.037260,0.229514,0.653922,-0.001130,0.250246,0.584184,-0.008411,0.260003,0.538599,-0.018683,0.267235,0.499330,-0.026538,0.197946,0.648840,-0.000178,0.212916,0.582793,-0.009146,0.222775,0.543528,-0.016965,0.231750,0.509069,-0.022281,0.162073,0.655674,-0.002396,0.170360,0.602273,-0.011675,0.177157,0.570168,-0.015540,0.184369,0.540150,-0.017401
223,0,0.036860,0.029675,0.074174,0.059876,0.042793,0.169045,0.833604,0.000000,0.230471,0.822796,-0.027713,0.280638,0.780774,-0.034498,0.301436,0.720591,-0.038363,0.317277,0.671260,-0.040999,0.259742,0.673241,-0.006567,0.283785,0.612357,-0.017303,0.294797,0.572034,-0.029084,0.302997,0.535181,-0.037686,0.229403,0.653156,-0.001564,0.249592,0.583754,-0.009146,0.259262,0.538191,-0.019484,0.266458,0.499142,-0.027392,0.197690,0.648101,-0.000895,0.212406,0.581889,-0.010098,0.222102,0.542855,-0.017864,0.231068,0.508888,-0.023100,0.162122,0.655067,-0.003319,0.170089,0.601290,-0.012699,0.176819,0.569473,-0.016501,0.184114,0.539668,-0.018309
264,0,0.028949,0.012195,0.040315,0.082880,0.042231,0.168543,0.833100,0.000000,0.229862,0.822489,-0.027827,0.280280,0.779977,-0.034637,0.300748,0.719714,-0.038478,0.317113,0.670798,-0.041039,0.259411,0.672599,-0.006575,0.283269,0.611551,-0.017283,0.294044,0.571002,-0.029001,0.302072,0.534125,-0.037589,0.229035,0.652426,-0.001476,0.249240,0.583009,-0.009015,0.259082,0.537482,-0.019328,0.266336,0.498472,-0.027169,0.197461,0.647185,-0.000727,0.211905,0.581119,-0.009913,0.221574,0.541984,-0.017701,0.230500,0.507981,-0.022955,0.161651,0.654044,-0.003076,0.169582,0.600535,-0.012473,0.176104,0.568828,-0.016314,0.183089,0.539067,-0.018128
304,0,0.042169,0.024575,0.058393,0.111239,0.041107,0.167886,0.831836,0.000000,0.229362,0.820645,-0.027395,0.279873,0.778804,-0.034053,0.300410,0.719169,-0.037773,0.316419,0.670639,-0.040265,0.258774,0.671304,-0.006341,0.282846,0.610471,-0.016759,0.293603,0.570024,-0.028268,0.301355,0.533264,-0.036741,0.228336,0.651562,-0.001324,0.248490,0.582021,-0.008571,0.257958,0.536541,-0.018655,0.264911,0.497713,-0.026381,0.196739,0.646630,-0.000582,0.211275,0.580364,-0.009497,0.220751,0.541477,-0.017080,0.229480,0.507726,-0.022215,0.161245,0.653519,-0.002902,0.169057,0.600033,-0.012096,0.175440,0.568032,-0.015834,0.182295,0.538319,-0.017596
338,0,0.159024,0.116787,0.097044,0.267725,0.148404,0.166921,0.830385,0.000000,0.227391,0.818350,-0.026333,0.277543,0.776069,-0.032787,0.297066,0.716568,-0.036521,0.311788,0.667491,-0.039082,0.256524,0.669013,-0.006761,0.280031,0.606259,-0.017754,0.290275,0.565552,-0.029427,0.297686,0.529128,-0.037944,0.225848,0.650098,-0.002600,0.245482,0.579999,-0.010962,0.255133,0.534433,-0.021924,0.262256,0.495918,-0.030263,0.193958,0.646114,-0.002567,0.207820,0.579018,-0.012678,0.217048,0.540195,-0.021212,0.225467,0.507048,-0.026902,0.157964,0.653809,-0.005383,0.165255,0.599397,-0.015887,0.171211,0.566509,-0.020608,0.177747,0.536138,-0.022955
368,0,0.071704,0.035596,0.089677,0.325731,0.150673,0.165433,0.828977,0.000000,0.226340,0.817236,-0.026920,0.276110,0.775075,-0.033645,0.296179,0.715381,-0.037620,0.310493,0.665539,-0.040459,0.254362,0.668506,-0.007524,0.277981,0.607099,-0.018952,0.288650,0.566366,-0.030965,0.296302,0.529482,-0.039678,0.223738,0.649269,-0.003179,0.243554,0.579490,-0.011676,0.252949,0.533616,-0.022377,0.259583,0.494559,-0.030451,0.192010,0.644948,-0.003021,0.206076,0.577901,-0.013114,0.215420,0.538539,-0.021223,0.223755,0.504460,-0.026618,0.156237,0.652812,-0.005816,0.163732,0.598447,-0.016130,0.169854,0.565794,-0.020443,0.176256,0.535293,-0.022483
394,0,0.108861,0.031537,0.071976,0.414050,0.151934,0.163183,0.826801,0.000000,0.224338,0.814866,-0.026073,0.274432,0.772388,-0.032366,0.293688,0.712492,-0.035955,0.308635,0.663417,-0.038394,0.252531,0.666780,-0.006920,0.276008,0.604579,-0.017774,0.286166,0.563655,-0.029326,0.293303,0.526644,-0.037793,0.221930,0.647522,-0.002786,0.241408,0.577210,-0.011004,0.250436,0.531092,-0.021707,0.256556,0.491920,-0.029821,0.190155,0.643066,-0.002674,0.204129,0.575954,-0.012674,0.212983,0.536736,-0.020982,0.220819,0.502854,-0.026515,0.154270,0.650701,-0.005352,0.161586,0.596658,-0.015679,0.167474,0.564188,-0.020116,0.173546,0.533968,-0.022255
425,0,0.115483,0.077370,0.072908,0.522259,0.217039,0.162515,0.825547,0.000000,0.222673,0.812607,-0.026139,0.272604,0.770499,-0.032966,0.291684,0.710957,-0.037139,0.305688,0.661454,-0.040181,0.251215,0.664384,-0.007614,0.274028,0.601437,-0.018994,0.283840,0.560434,-0.030896,0.290665,0.523194,-0.039580,0.220225,0.645877,-0.003811,0.239140,0.575670,-0.012636,0.247916,0.529595,-0.023752,0.254050,0.489966,-0.032117,0.188217,0.641959,-0.004012,0.201663,0.574789,-0.014449,0.210165,0.535487,-0.022832,0.217807,0.501373,-0.028367,0.152168,0.650179,-0.007026,0.159206,0.595563,-0.017712,0.164561,0.562737,-0.022178,0.170148,0.532195,-0.024264
461,0,0.116798,0.039100,0.041381,0.594743,0.197642,0.160538,0.823217,0.000000,0.220956,0.810972,-0.026227,0.270852,0.768311,-0.032687,0.289839,0.707879,-0.036393,0.303634,0.658067,-0.038934,0.249046,0.663019,-0.007201,0.271916,0.599748,-0.018161,0.281642,0.558252,-0.029739,0.288259,0.520618,-0.038228,0.218394,0.644082,-0.003027,0.236964,0.573225,-0.011454,0.245354,0.526764,-0.022362,0.251076,0.486968,-0.030586,0.186553,0.639731,-0.002844,0.199637,0.572096,-0.012910,0.208011,0.532853,-0.021214,0.215452,0.498736,-0.026703,0.150894,0.647455,-0.005480,0.157678,0.593081,-0.015814,0.162902,0.560470,-0.020191,0.168518,0.530057,-0.022256
494,0,0.101721,0.046483,0.083258,0.639195,0.177675,0.159481,0.821417,0.000000,0.219524,0.809746,-0.027161,0.269655,0.766653,-0.033656,0.288876,0.705044,-0.037203,0.303584,0.654939,-0.039497,0.247731,0.659848,-0.006856,0.270580,0.596574,-0.017260,0.280235,0.555111,-0.028573,0.286731,0.517641,-0.036885,0.217028,0.641452,-0.002016,0.235601,0.570918,-0.009724,0.244120,0.524272,-0.020402,0.249768,0.484500,-0.028555,0.185414,0.637483,-0.001326,0.198762,0.570477,-0.010872,0.206958,0.531204,-0.019308,0.214237,0.496985,-0.024973,0.149701,0.645260,-0.003558,0.156570,0.591242,-0.013660,0.161734,0.558584,-0.018284,0.167124,0.527866,-0.020561
540,0,0.067117,0.026138,0.042486,0.682359,0.160597,0.158889,0.819234,0.000000,0.219183,0.807403,-0.027211,0.269087,0.764589,-0.033820,0.288024,0.704047,-0.037460,0.302462,0.653559,-0.039828,0.247478,0.657777,-0.006582,0.269868,0.594957,-0.017007,0.279281,0.553480,-0.028395,0.285461,0.515885,-0.036753,0.216723,0.639020,-0.001620,0.235170,0.568992,-0.009144,0.243343,0.522608,-0.019613,0.248638,0.483187,-0.027636,0.184944,0.634790,-0.000851,0.198271,0.568378,-0.010125,0.206231,0.529100,-0.018253,0.213157,0.494895,-0.023730,0.149342,0.642320,-0.003046,0.156558,0.588645,-0.012766,0.161467,0.556479,-0.017016,0.166451,0.526164,-0.019048
575,0,0.046021,0.027189,0.060048,0.725102,0.179917,0.159023,0.817801,0.000000,0.219278,0.805733,-0.027266,0.268866,0.762506,-0.033977,0.287981,0.701615,-0.037756,0.302572,0.651575,-0.040263,0.246648,0.656787,-0.007170,0.269183,0.594099,-0.017818,0.278822,0.552444,-0.029262,0.285261,0.514933,-0.037615,0.216134,0.638113,-0.002228,0.234411,0.567698,-0.009863,0.242450,0.521501,-0.020220,0.247704,0.481577,-0.028131,0.184779,0.633740,-0.001446,0.197697,0.567285,-0.010657,0.205696,0.527637,-0.018542,0.212621,0.492790,-0.023876,0.149489,0.641053,-0.003655,0.156554,0.587637,-0.013200,0.161533,0.555359,-0.017227,0.166542,0.525070,-0.019125
606,0,0.054194,0.031903,0.031695,0.775572,0.202110,0.159103,0.816667,0.000000,0.218798,0.804456,-0.027437,0.268082,0.761378,-0.034256,0.287211,0.700652,-0.038063,0.301572,0.650121,-0.040600,0.246670,0.655098,-0.007859,0.268897,0.592385,-0.018626,0.278240,0.550925,-0.030133,0.284261,0.513287,-0.038521,0.216220,0.636462,-0.002934,0.234682,0.566020,-0.010740,0.242640,0.519344,-0.021093,0.247761,0.479551,-0.028987,0.184728,0.632454,-0.002160,0.197735,0.565592,-0.011577,0.205721,0.526053,-0.019560,0.212455,0.491527,-0.024917,0.149340,0.640126,-0.004364,0.156183,0.586260,-0.014177,0.161115,0.553891,-0.018379,0.166023,0.523309,-0.020371
635,0,0.049744,0.042120,0.044926,0.785565,0.184703,0.158991,0.814766,0.000000,0.219330,0.802731,-0.027304,0.268598,0.759755,-0.033910,0.287464,0.698881,-0.037654,0.301813,0.648214,-0.040197,0.246331,0.654337,-0.006650,0.268374,0.592001,-0.017343,0.277909,0.550552,-0.028876,0.284222,0.512998,-0.037266,0.215840,0.635568,-0.001741,0.234147,0.565353,-0.009378,0.242142,0.518757,-0.019745,0.247343,0.478926,-0.027658,0.184318,0.631462,-0.001082,0.197355,0.564626,-0.010420,0.205309,0.524649,-0.018474,0.212117,0.489757,-0.023914,0.149050,0.638989,-0.003429,0.155979,0.585386,-0.013167,0.160983,0.552659,-0.017441,0.166075,0.521951,-0.019533
670,0,0.055420,0.051003,0.072916,0.831354,0.216226,0.159122,0.814319,0.000000,0.218983,0.802927,-0.027606,0.268193,0.759642,-0.034583,0.287440,0.699183,-0.038554,0.301821,0.648503,-0.041260,0.245922,0.653679,-0.008378,0.268405,0.591158,-0.019505,0.278178,0.549833,-0.031156,0.284743,0.512383,-0.039573,0.215384,0.634870,-0.003508,0.233990,0.564251,-0.011607,0.242128,0.517746,-0.021983,0.247473,0.478005,-0.029821,0.183919,0.630709,-0.002814,0.196984,0.563606,-0.012503,0.205138,0.523884,-0.020542,0.211945,0.489103,-0.025902,0.148737,0.638455,-0.005114,0.155515,0.584397,-0.015104,0.160548,0.551700,-0.019400,0.165520,0.521090,-0.021456
703,0,0.043288,0.038073,0.049983,0.825497,0.187280,0.158682,0.813874,0.000000,0.218940,0.802644,-0.027250,0.267927,0.759564,-0.033922,0.286977,0.699031,-0.037672,0.301672,0.649088,-0.040242,0.245761,0.652825,-0.007107,0.268017,0.590681,-0.017841,0.277553,0.549241,-0.029293,0.283926,0.511965,-0.037637,0.215258,0.634072,-0.002262,0.233738,0.563422,-0.010052,0.242013,0.517105,-0.020332,0.247156,0.477541,-0.028131,0.183976,0.630056,-0.001621,0.196871,0.563098,-0.011161,0.204983,0.523053,-0.019223,0.211961,0.488487,-0.024575,0.148903,0.637930,-0.003948,0.155526,0.583739,-0.013836,0.160718,0.550935,-0.018114,0.166011,0.520311,-0.020156
731,0,0.020602,0.020678,0.036605,0.836853,0.190711,0.158376,0.814157,0.000000,0.218449,0.803194,-0.027718,0.267745,0.759593,-0.034542,0.287118,0.698309,-0.038368,0.301733,0.648058,-0.040978,0.245416,0.652653,-0.007705,0.267382,0.590554,-0.018602,0.276894,0.549342,-0.030187,0.283447,0.512008,-0.038615,0.214930,0.633666,-0.002663,0.233346,0.563493,-0.010412,0.241497,0.517335,-0.020612,0.246743,0.477950,-0.028406,0.183705,0.629638,-0.001869,0.196716,0.562933,-0.011320,0.204844,0.522978,-0.019308,0.211688,0.488183,-0.024668,0.148669,0.637510,-0.004100,0.155471,0.583303,-0.013894,0.160621,0.550734,-0.018109,0.165826,0.520486,-0.020154
764,0,0.020264,0.021780,0.053422,0.833092,0.183269,0.158404,0.813650,0.000000,0.218486,0.802234,-0.027294,0.267709,0.759467,-0.034068,0.287017,0.698922,-0.037968,0.301293,0.648774,-0.040614,0.245568,0.652681,-0.007163,0.267572,0.590228,-0.018031,0.277091,0.548836,-0.029534,0.283440,0.511617,-0.037862,0.215045,0.633739,-0.002265,0.233384,0.563155,-0.010004,0.241284,0.516837,-0.020131,0.246197,0.477578,-0.027770,0.183841,0.629626,-0.001578,0.196835,0.562720,-0.010921,0.204823,0.522668,-0.018702,0.211570,0.488047,-0.023871,0.148882,0.637290,-0.003892,0.155691,0.583237,-0.013470,0.160767,0.550777,-0.017440,0.165699,0.520691,-0.019248
799,0,0.029369,0.029557,0.038030,0.845993,0.196785,0.158054,0.814236,0.000000,0.218115,0.802968,-0.027489,0.267660,0.760184,-0.034436,0.286919,0.699326,-0.038439,0.301341,0.648965,-0.041260,0.245645,0.652739,-0.007798,0.267569,0.590454,-0.018867,0.276953,0.548922,-0.030486,0.283325,0.511810,-0.038897,0.214913,0.633756,-0.002940,0.233230,0.563199,-0.010870,0.241291,0.516986,-0.021124,0.246539,0.477638,-0.028864,0.183645,0.629849,-0.002294,0.196112,0.562995,-0.011840,0.204148,0.522986,-0.019784,0.211041,0.488461,-0.025073,0.148519,0.637980,-0.004655,0.154980,0.583738,-0.014459,0.160081,0.550974,-0.018637,0.165287,0.520561,-0.020595
827,0,0.032758,0.038459,0.040487,0.831024,0.167513,0.157471,0.814035,0.000000,0.217775,0.802849,-0.027479,0.267330,0.759613,-0.034159,0.286658,0.698634,-0.037923,0.301387,0.648153,-0.040397,0.245254,0.652862,-0.007029,0.267403,0.590377,-0.017751,0.276826,0.548760,-0.029193,0.283169,0.511373,-0.037464,0.214715,0.633794,-0.001965,0.233119,0.563431,-0.009604,0.241033,0.516934,-0.019739,0.246216,0.477409,-0.027408,0.183631,0.629833,-0.001145,0.196216,0.563038,-0.010408,0.204154,0.523363,-0.018202,0.210906,0.488915,-0.023379,0.148765,0.637657,-0.003366,0.155384,0.583696,-0.012980,0.160362,0.550943,-0.017097,0.165341,0.520487,-0.018997
862,0,0.019499,0.020364,0.036054,0.844742,0.185542,0.157778,0.814014,0.000000,0.217742,0.802556,-0.027356,0.267541,0.758988,-0.034014,0.286784,0.698005,-0.037793,0.300992,0.647255,-0.040336,0.245610,0.652158,-0.007108,0.267824,0.589602,-0.017899,0.277125,0.547929,-0.029422,0.283316,0.510539,-0.037793,0.215057,0.633595,-0.002200,0.233249,0.563308,-0.009987,0.241030,0.516822,-0.020362,0.245722,0.477216,-0.028204,0.183750,0.629535,-0.001491,0.196473,0.562831,-0.010888,0.204227,0.522894,-0.018791,0.210888,0.488237,-0.024053,0.148650,0.637572,-0.003793,0.155384,0.583672,-0.013519,0.160327,0.550899,-0.017634,0.165274,0.520590,-0.019532
894,0,0.021322,0.018284,0.045411,0.862109,0.189630,0.157309,0.813876,0.000000,0.217461,0.802138,-0.027304,0.267027,0.758398,-0.034015,0.286577,0.697097,-0.037829,0.301541,0.646947,-0.040443,0.245018,0.652400,-0.007400,0.267403,0.589939,-0.018244,0.276910,0.548305,-0.029794,0.283272,0.510691,-0.038218,0.214691,0.633513,-0.002559,0.233035,0.562989,-0.010358,0.240982,0.516276,-0.020698,0.245900,0.476274,-0.028575,0.183380,0.629485,-0.001892,0.196154,0.562490,-0.011321,0.204011,0.522535,-0.019268,0.210512,0.487544,-0.024601,0.148330,0.637421,-0.004219,0.154928,0.583453,-0.013996,0.160060,0.550793,-0.018191,0.165078,0.520202,-0.020186
942,0,0.043181,0.043800,0.066391,0.850331,0.168751,0.157857,0.812680,0.000000,0.218303,0.801432,-0.027687,0.267287,0.758949,-0.034494,0.286722,0.697338,-0.038366,0.301118,0.645973,-0.040912,0.245153,0.651747,-0.006626,0.267190,0.589332,-0.017247,0.276495,0.547610,-0.028748,0.282755,0.509969,-0.037128,0.214757,0.632954,-0.001475,0.233107,0.562504,-0.009012,0.241061,0.515816,-0.019289,0.246051,0.476007,-0.027121,0.183458,0.628758,-0.000628,0.196335,0.561898,-0.009927,0.204218,0.521905,-0.017892,0.210904,0.487138,-0.023214,0.148292,0.636140,-0.002833,0.155233,0.582297,-0.012482,0.160341,0.549744,-0.016690,0.165637,0.519272,-0.018688
975,0,0.036049,0.047813,0.054982,0.870867,0.212205,0.158799,0.813022,0.000000,0.218512,0.801373,-0.027190,0.267337,0.757967,-0.033922,0.286404,0.697205,-0.037746,0.300639,0.646114,-0.040389,0.245475,0.652021,-0.007348,0.267430,0.589148,-0.018344,0.276945,0.547384,-0.029975,0.283431,0.509696,-0.038345,0.215050,0.633302,-0.002520,0.233321,0.562430,-0.010441,0.241424,0.515522,-0.020758,0.246640,0.475675,-0.028547,0.183791,0.628997,-0.001875,0.196462,0.561794,-0.011357,0.204356,0.521638,-0.019278,0.211121,0.486891,-0.024512,0.148810,0.636635,-0.004214,0.155420,0.582163,-0.013974,0.160393,0.549172,-0.018133,0.165477,0.518700,-0.020054
1003,0,0.030208,0.034154,0.048272,0.899419,0.209912,0.157990,0.812042,0.000000,0.218280,0.800080,-0.027123,0.267392,0.756636,-0.033873,0.286436,0.696019,-0.037750,0.300886,0.645219,-0.040499,0.245171,0.651274,-0.007477,0.267201,0.588589,-0.018734,0.276796,0.546886,-0.030542,0.283209,0.509019,-0.039054,0.214773,0.632444,-0.002833,0.233302,0.561897,-0.011129,0.241424,0.515195,-0.021712,0.246606,0.475039,-0.029661,0.183453,0.628449,-0.002364,0.196334,0.561404,-0.012187,0.204311,0.521318,-0.020214,0.211184,0.486244,-0.025484,0.148241,0.636301,-0.004860,0.155143,0.581884,-0.014883,0.160370,0.548900,-0.019086,0.165795,0.517990,-0.021043
1036,0,0.022997,0.016561,0.037701,0.901821,0.197377,0.157931,0.811485,0.000000,0.217849,0.799922,-0.027438,0.266900,0.757279,-0.034328,0.286246,0.696347,-0.038276,0.301014,0.645071,-0.041025,0.245228,0.650651,-0.007472,0.267328,0.588021,-0.018609,0.276706,0.546261,-0.030434,0.283099,0.508440,-0.038980,0.214841,0.631809,-0.002599,0.233166,0.561459,-0.010670,0.241211,0.514683,-0.021235,0.246312,0.474774,-0.029235,0.183387,0.627737,-0.001936,0.196454,0.560763,-0.011587,0.204417,0.520730,-0.019631,0.211299,0.485969,-0.024988,0.148260,0.635473,-0.004267,0.155313,0.581095,-0.014221,0.160528,0.548081,-0.018486,0.165736,0.517190,-0.020477
1070,0,0.024737,0.017086,0.035656,0.918127,0.203703,0.158071,0.810714,0.000000,0.217944,0.798854,-0.027052,0.266980,0.756261,-0.033868,0.286199,0.695788,-0.037796,0.300515,0.644450,-0.040543,0.244966,0.650116,-0.007234,0.267161,0.587257,-0.018176,0.276442,0.545466,-0.029835,0.282510,0.507561,-0.038254,0.214558,0.631407,-0.002508,0.233026,0.560692,-0.010435,0.241147,0.513740,-0.020888,0.246257,0.473856,-0.028831,0.183123,0.627321,-0.001937,0.196143,0.560194,-0.011466,0.204113,0.520188,-0.019497,0.210853,0.485530,-0.024833,0.147954,0.634836,-0.004315,0.155167,0.580414,-0.014160,0.160345,0.547560,-0.018334,0.165470,0.516966,-0.020272
1098,0,0.027116,0.023388,0.055852,0.935357,0.208190,0.157876,0.810407,0.000000,0.218204,0.798356,-0.027426,0.267152,0.755656,-0.034467,0.286020,0.695184,-0.038586,0.300994,0.644582,-0.041508,0.245229,0.649268,-0.007556,0.267128,0.586600,-0.018695,0.276512,0.544658,-0.030471,0.282795,0.506667,-0.039044,0.214661,0.630728,-0.002790,0.232868,0.560079,-0.010967,0.240871,0.513268,-0.021564,0.245860,0.473194,-0.029573,0.183340,0.626785,-0.002232,0.196254,0.559658,-0.012049,0.204058,0.519593,-0.020173,0.210728,0.484599,-0.025525,0.148200,0.634388,-0.004656,0.155137,0.580193,-0.014681,0.160116,0.547421,-0.018906,0.165001,0.517046,-0.020860
1131,0,0.018441,0.014407,0.033547,0.947452,0.213825,0.157802,0.810169,0.000000,0.218520,0.798409,-0.027297,0.267453,0.755370,-0.034064,0.286042,0.694498,-0.037958,0.300589,0.643912,-0.040672,0.244832,0.649019,-0.007401,0.266873,0.586192,-0.018486,0.276295,0.544293,-0.030257,0.282710,0.506403,-0.038804,0.214105,0.630474,-0.002639,0.232518,0.559847,-0.010767,0.240540,0.513140,-0.021446,0.245641,0.473230,-0.029535,0.182814,0.626659,-0.002056,0.195821,0.559486,-0.011842,0.203828,0.519316,-0.020107,0.210525,0.484367,-0.025605,0.147642,0.634532,-0.004434,0.154384,0.579977,-0.014582,0.159495,0.546904,-0.019014,0.164503,0.516062,-0.021129
1165,0,0.018561,0.019545,0.032656,0.932659,0.203254,0.157724,0.810582,0.000000,0.218300,0.798881,-0.027372,0.267119,0.755685,-0.034206,0.286033,0.694871,-0.038151,0.301015,0.644077,-0.040934,0.245045,0.649407,-0.007226,0.266945,0.586530,-0.018265,0.276276,0.544618,-0.030066,0.282550,0.506525,-0.038609,0.214591,0.630825,-0.002411,0.232893,0.560027,-0.010445,0.240881,0.513106,-0.021066,0.245756,0.472872,-0.029115,0.183247,0.626929,-0.001803,0.196317,0.559860,-0.011510,0.204200,0.519413,-0.019657,0.210761,0.484260,-0.025011,0.148049,0.634731,-0.004177,0.155015,0.579880,-0.014214,0.160204,0.546725,-0.018494,0.165242,0.515772,-0.020467
1195,0,0.022734,0.023140,0.076466,0.949665,0.217681,0.157703,0.810373,0.000000,0.217764,0.798200,-0.027380,0.267084,0.755640,-0.034349,0.286207,0.694665,-0.038424,0.300288,0.643256,-0.041317,0.244676,0.649619,-0.007987,0.266987,0.586372,-0.019230,0.276447,0.544360,-0.031032,0.282712,0.506172,-0.039553,0.214169,0.631026,-0.003204,0.232864,0.560305,-0.011361,0.240865,0.513282,-0.021947,0.245804,0.473106,-0.029974,0.182932,0.626922,-0.002576,0.196067,0.559737,-0.012217,0.204030,0.519326,-0.020288,0.210635,0.484281,-0.025687,0.147853,0.634380,-0.004931,0.154818,0.579884,-0.014881,0.159940,0.546776,-0.019141,0.164965,0.516069,-0.021135
1227,0,0.040470,0.031355,0.039902,0.951935,0.192435,0.157287,0.809287,0.000000,0.217251,0.797343,-0.027388,0.266735,0.754591,-0.034257,0.285711,0.693814,-0.038220,0.300374,0.642675,-0.040933,0.244726,0.648414,-0.007186,0.266882,0.585362,-0.018106,0.276218,0.543202,-0.029784,0.282406,0.505133,-0.038255,0.214351,0.629975,-0.002318,0.232888,0.559469,-0.010207,0.240865,0.512368,-0.020766,0.245803,0.472075,-0.028797,0.183057,0.625884,-0.001652,0.196255,0.559039,-0.011087,0.204194,0.518943,-0.019110,0.210703,0.484080,-0.024464,0.148045,0.633404,-0.003992,0.155038,0.579042,-0.013817,0.160068,0.546115,-0.018018,0.164989,0.515251,-0.019956
1263,0,0.035715,0.035306,0.043560,0.984467,0.219558,0.157857,0.808763,0.000000,0.217315,0.796470,-0.027122,0.266702,0.753836,-0.034096,0.285585,0.693172,-0.038217,0.300338,0.642245,-0.041141,0.244621,0.647524,-0.007798,0.266943,0.584582,-0.018968,0.276300,0.542745,-0.030715,0.282521,0.504915,-0.039168,0.214253,0.629081,-0.003205,0.232917,0.558471,-0.011342,0.240928,0.511687,-0.021874,0.245998,0.471722,-0.029852,0.182928,0.624981,-0.002741,0.196094,0.558084,-0.012381,0.203947,0.518246,-0.020271,0.210606,0.483614,-0.025502,0.147705,0.632552,-0.005239,0.154931,0.577951,-0.015146,0.160152,0.545110,-0.019197,0.165110,0.514410,-0.021028
1307,0,0.033165,0.037831,0.046639,1.007957,0.194144,0.156760,0.806964,0.000000,0.217160,0.795123,-0.027317,0.266655,0.752913,-0.034331,0.285941,0.692433,-0.038490,0.300301,0.641253,-0.041416,0.244552,0.646580,-0.007702,0.266663,0.583779,-0.018893,0.275948,0.541979,-0.030718,0.282198,0.503932,-0.039301,0.214077,0.627996,-0.002992,0.232646,0.557468,-0.011147,0.240610,0.510587,-0.021765,0.245471,0.470364,-0.029819,0.182760,0.623968,-0.002430,0.195975,0.556778,-0.012063,0.203887,0.516977,-0.019968,0.210566,0.482197,-0.025219,0.147527,0.631448,-0.004860,0.154652,0.576821,-0.014716,0.159810,0.544120,-0.018769,0.164862,0.513483,-0.020584
1342,0,0.034462,0.023697,0.058360,1.006271,0.191698,0.157286,0.806090,0.000000,0.217443,0.794091,-0.027176,0.266908,0.752322,-0.034076,0.285736,0.691502,-0.038089,0.300209,0.640278,-0.040870,0.244646,0.646094,-0.007137,0.267062,0.582930,-0.018024,0.276517,0.541082,-0.029658,0.282725,0.503167,-0.038124,0.214331,0.627558,-0.002301,0.232855,0.556737,-0.010279,0.241064,0.509664,-0.020928,0.246023,0.469551,-0.029007,0.183091,0.623551,-0.001625,0.195952,0.556165,-0.011221,0.203898,0.516308,-0.019344,0.210620,0.481719,-0.024747,0.147920,0.630859,-0.003896,0.154950,0.576472,-0.013887,0.160128,0.543608,-0.018252,0.165077,0.512578,-0.020294
1371,0,0.045404,0.057110,0.071179,1.038465,0.235154,0.158267,0.806133,0.000000,0.218052,0.794224,-0.027375,0.267199,0.751647,-0.034478,0.286329,0.691244,-0.038680,0.300498,0.640076,-0.041669,0.244838,0.645702,-0.008404,0.267227,0.582440,-0.019850,0.276708,0.540418,-0.031700,0.282949,0.502329,-0.040263,0.214439,0.627166,-0.003732,0.232935,0.556260,-0.012211,0.241100,0.509228,-0.022962,0.246092,0.468946,-0.031050,0.183127,0.623145,-0.003182,0.196117,0.555599,-0.013116,0.204092,0.515569,-0.021257,0.210952,0.480863,-0.026637,0.148059,0.630688,-0.005591,0.154982,0.576153,-0.015753,0.160116,0.542984,-0.020061,0.165154,0.512376,-0.022065
1403,0,0.026682,0.025885,0.031410,1.034400,0.219075,0.157993,0.805783,0.000000,0.217761,0.794024,-0.027521,0.267210,0.750973,-0.034590,0.286168,0.690789,-0.038757,0.300045,0.639629,-0.041676,0.245451,0.644374,-0.007891,0.267462,0.581520,-0.019115,0.276777,0.539675,-0.030932,0.282871,0.501793,-0.039461,0.214913,0.626237,-0.003148,0.233245,0.555751,-0.011404,0.241286,0.508699,-0.022069,0.246196,0.468393,-0.030123,0.183533,0.622625,-0.002598,0.196477,0.555606,-0.012441,0.204406,0.515421,-0.020627,0.211208,0.480305,-0.026043,0.148244,0.630494,-0.005034,0.155214,0.576067,-0.015220,0.160350,0.543104,-0.019607,0.165623,0.512012,-0.021665
1437,0,0.022359,0.020823,0.040913,1.039126,0.219204,0.158340,0.805458,0.000000,0.218324,0.793701,-0.027318,0.267468,0.750866,-0.034257,0.286136,0.689912,-0.038291,0.300342,0.638996,-0.041109,0.245232,0.644385,-0.007767,0.267336,0.581145,-0.018952,0.276724,0.539083,-0.030664,0.282956,0.501102,-0.039101,0.214697,0.626067,-0.002981,0.233136,0.555165,-0.011158,0.241255,0.508286,-0.021717,0.246345,0.468138,-0.029678,0.183321,0.622155,-0.002356,0.196311,0.554837,-0.012021,0.204239,0.514638,-0.020044,0.211105,0.479638,-0.025345,0.148251,0.629703,-0.004707,0.155236,0.575304,-0.014663,0.160472,0.542314,-0.018899,0.165751,0.511476,-0.020871
1467,0,0.026898,0.024472,0.047316,1.060950,0.238880,0.158343,0.805264,0.000000,0.217888,0.793003,-0.027320,0.267313,0.749511,-0.034331,0.286319,0.689236,-0.038470,0.300442,0.638115,-0.041464,0.245298,0.643888,-0.008067,0.267201,0.580683,-0.019482,0.276817,0.538684,-0.031407,0.283332,0.500641,-0.040020,0.214818,0.625764,-0.003479,0.232993,0.555051,-0.011863,0.241083,0.507856,-0.022617,0.246150,0.467439,-0.030737,0.183490,0.622188,-0.003058,0.196415,0.554866,-0.012964,0.204414,0.514481,-0.021155,0.211296,0.479506,-0.026563,0.148288,0.629973,-0.005615,0.155373,0.575182,-0.015791,0.160320,0.542049,-0.020133,0.165462,0.510988,-0.022159
1499,0,0.018920,0.018089,0.044941,1.048424,0.229586,0.158454,0.805457,0.000000,0.218473,0.793210,-0.027621,0.267209,0.750375,-0.034698,0.286068,0.689893,-0.038941,0.300294,0.638536,-0.041934,0.245415,0.643907,-0.007521,0.267349,0.581091,-0.018854,0.277000,0.539054,-0.030790,0.283402,0.501049,-0.039434,0.214901,0.625572,-0.002788,0.233244,0.554835,-0.011232,0.241225,0.507683,-0.022076,0.246367,0.467491,-0.030244,0.183592,0.621974,-0.002319,0.196688,0.554622,-0.012455,0.204722,0.514196,-0.020914,0.211534,0.479119,-0.026442,0.148319,0.630003,-0.004846,0.155336,0.575526,-0.015360,0.160383,0.542139,-0.020051,0.165572,0.510793,-0.022305
1532,0,0.018525,0.017535,0.040820,1.037148,0.218590,0.158583,0.805334,0.000000,0.218800,0.793062,-0.027157,0.267593,0.750103,-0.034069,0.286197,0.689520,-0.038196,0.300491,0.638594,-0.041158,0.245463,0.643835,-0.007102,0.267412,0.581225,-0.018287,0.277093,0.539374,-0.030102,0.283624,0.501623,-0.038654,0.214991,0.625560,-0.002513,0.233279,0.554822,-0.010739,0.241365,0.507977,-0.021390,0.246392,0.468023,-0.029414,0.183627,0.621988,-0.002146,0.196913,0.554626,-0.012044,0.205040,0.514183,-0.020315,0.212051,0.479157,-0.025728,0.148594,0.629909,-0.004744,0.155383,0.575214,-0.015015,0.160627,0.541883,-0.019521,0.165918,0.510706,-0.021637
1568,0,0.026093,0.026141,0.042560,1.044701,0.236965,0.158988,0.805694,0.000000,0.219185,0.793749,-0.026983,0.267826,0.750407,-0.033856,0.286618,0.689970,-0.037998,0.301060,0.639325,-0.041030,0.246092,0.644102,-0.007689,0.267708,0.581345,-0.018981,0.277377,0.539515,-0.030772,0.283878,0.501852,-0.039302,0.215322,0.625669,-0.003280,0.233427,0.554709,-0.011729,0.241331,0.508037,-0.022401,0.246387,0.468370,-0.030402,0.183916,0.621911,-0.003025,0.196873,0.554406,-0.013148,0.205005,0.514318,-0.021449,0.211919,0.479586,-0.026860,0.148756,0.629915,-0.005684,0.155562,0.574775,-0.016065,0.160649,0.541541,-0.020550,0.165860,0.510992,-0.022630
1595,0,0.039414,0.039619,0.044796,1.027215,0.201484,0.158038,0.805615,0.000000,0.218298,0.793609,-0.027278,0.267302,0.750692,-0.034124,0.286045,0.690311,-0.038147,0.300438,0.639735,-0.040970,0.245378,0.643890,-0.007106,0.267318,0.581557,-0.018059,0.276832,0.539751,-0.029731,0.283256,0.502249,-0.038182,0.214773,0.625577,-0.002382,0.232942,0.555057,-0.010384,0.240812,0.508394,-0.020891,0.245775,0.468550,-0.028813,0.183537,0.621957,-0.001888,0.196555,0.554899,-0.011628,0.204678,0.514759,-0.019797,0.211480,0.479924,-0.025161,0.148489,0.629919,-0.004374,0.155310,0.575382,-0.014424,0.160448,0.542304,-0.018774,0.165652,0.511717,-0.020820
1628,0,0.027506,0.024912,0.057496,1.022715,0.218055,0.158646,0.805765,0.000000,0.218803,0.794248,-0.027120,0.267532,0.751011,-0.033909,0.286467,0.690455,-0.037912,0.301066,0.640354,-0.040733,0.245648,0.644754,-0.007362,0.267471,0.582081,-0.018586,0.277103,0.540195,-0.030329,0.283722,0.502727,-0.038794,0.214993,0.626290,-0.002757,0.233123,0.555618,-0.011109,0.241270,0.508794,-0.021707,0.246617,0.469169,-0.029624,0.183680,0.622506,-0.002354,0.196654,0.555277,-0.012335,0.204813,0.514924,-0.020561,0.212011,0.480242,-0.025939,0.148654,0.630680,-0.004911,0.155307,0.575885,-0.015191,0.160446,0.542647,-0.019679,0.165838,0.511681,-0.021795
1681,0,0.024699,0.023722,0.072899,1.025606,0.220384,0.158376,0.806068,0.000000,0.217989,0.794566,-0.028064,0.267484,0.751529,-0.035137,0.286655,0.690775,-0.039166,0.300518,0.639734,-0.041981,0.245523,0.645211,-0.008366,0.267573,0.582339,-0.019653,0.277288,0.540448,-0.031494,0.283713,0.502726,-0.040045,0.214961,0.626705,-0.003336,0.233066,0.555879,-0.011621,0.240962,0.508956,-0.022310,0.245930,0.468897,-0.030404,0.183697,0.622652,-0.002545,0.196677,0.555606,-0.012422,0.204732,0.515465,-0.020691,0.211530,0.480403,-0.026181,0.148474,0.630222,-0.004790,0.155530,0.575968,-0.014982,0.160639,0.543129,-0.019407,0.165840,0.512301,-0.021536
1710,0,0.020306,0.014937,0.039315,1.033384,0.218003,0.157817,0.806207,0.000000,0.217860,0.794390,-0.027374,0.267224,0.751316,-0.034222,0.286180,0.690728,-0.038165,0.300229,0.640085,-0.040911,0.244518,0.644897,-0.007891,0.266965,0.582216,-0.019206,0.276816,0.540452,-0.031124,0.283333,0.502586,-0.039749,0.214170,0.626436,-0.003173,0.232738,0.555986,-0.011451,0.240981,0.509302,-0.022198,0.246184,0.469420,-0.030349,0.182909,0.622651,-0.002623,0.196079,0.555657,-0.012437,0.204141,0.515649,-0.020667,0.211043,0.480781,-0.026159,0.147926,0.630467,-0.005052,0.154990,0.576002,-0.015148,0.160244,0.543216,-0.019487,0.165439,0.512520,-0.021565
1741,0,0.024945,0.025099,0.052523,1.022975,0.201883,0.157871,0.805715,0.000000,0.218047,0.794080,-0.027497,0.267479,0.751206,-0.034313,0.285872,0.690420,-0.038259,0.300040,0.639815,-0.041007,0.245310,0.644737,-0.007394,0.267355,0.582100,-0.018407,0.276755,0.540308,-0.030103,0.283011,0.502614,-0.038576,0.214656,0.626389,-0.002561,0.232893,0.555715,-0.010595,0.240653,0.509074,-0.021173,0.245580,0.469402,-0.029152,0.183206,0.622452,-0.001957,0.196315,0.555569,-0.011599,0.204223,0.515381,-0.019781,0.211145,0.480596,-0.025189,0.148052,0.630136,-0.004364,0.155121,0.575672,-0.014312,0.160299,0.542512,-0.018619,0.165483,0.511642,-0.020644
1773,0,0.019690,0.014672,0.056811,1.011462,0.198849,0.158142,0.805674,0.000000,0.218415,0.794405,-0.027567,0.267726,0.751686,-0.034538,0.286736,0.691130,-0.038551,0.300622,0.640392,-0.041368,0.245604,0.644860,-0.007838,0.267692,0.581979,-0.018924,0.277351,0.540182,-0.030647,0.283789,0.502673,-0.039079,0.215021,0.626372,-0.002887,0.233178,0.555519,-0.010914,0.241041,0.509016,-0.021370,0.245895,0.469577,-0.029257,0.183810,0.622399,-0.002122,0.196683,0.555388,-0.011671,0.204610,0.515542,-0.019645,0.211262,0.481178,-0.024909,0.148717,0.630100,-0.004368,0.155534,0.575806,-0.014197,0.160565,0.543048,-0.018378,0.165698,0.512638,-0.020279
1804,0,0.026105,0.019879,0.029787,1.003552,0.210093,0.158668,0.806107,0.000000,0.218671,0.794733,-0.027564,0.267951,0.752332,-0.034697,0.287105,0.691492,-0.038924,0.301081,0.640607,-0.041953,0.245659,0.645775,-0.008080,0.267908,0.582949,-0.019480,0.277522,0.541014,-0.031298,0.284014,0.503424,-0.039734,0.215118,0.627098,-0.003234,0.233588,0.556212,-0.011501,0.241808,0.509469,-0.021928,0.247001,0.469823,-0.029748,0.183834,0.622886,-0.002598,0.196912,0.555777,-0.012302,0.204939,0.515713,-0.020219,0.211723,0.481399,-0.025380,0.148716,0.630545,-0.004976,0.155769,0.576013,-0.014803,0.160827,0.543245,-0.018881,0.165890,0.512934,-0.020713
1836,0,0.018396,0.023639,0.046507,0.991621,0.196706,0.158380,0.806073,0.000000,0.218713,0.794758,-0.027288,0.267955,0.751971,-0.034168,0.286892,0.691412,-0.038214,0.301546,0.641147,-0.041065,0.246044,0.645419,-0.007697,0.268277,0.582984,-0.018861,0.277784,0.541132,-0.030543,0.283996,0.503443,-0.038989,0.215458,0.626997,-0.002973,0.234005,0.556581,-0.011155,0.241986,0.509940,-0.021606,0.246929,0.470098,-0.029435,0.184259,0.623084,-0.002421,0.197411,0.556123,-0.012140,0.205440,0.516205,-0.020040,0.212245,0.481630,-0.025212,0.148985,0.630727,-0.004856,0.156038,0.576291,-0.014814,0.161284,0.543521,-0.018914,0.166427,0.512979,-0.020743
1871,0,0.020047,0.015689,0.042456,0.973884,0.192185,0.158322,0.806498,0.000000,0.218980,0.795359,-0.027356,0.268170,0.753398,-0.034376,0.287220,0.692417,-0.038563,0.301587,0.641329,-0.041553,0.246016,0.646241,-0.007600,0.268353,0.583066,-0.018806,0.277952,0.541005,-0.030576,0.284473,0.503138,-0.039055,0.215445,0.627790,-0.002802,0.234194,0.557148,-0.010987,0.242431,0.510211,-0.021568,0.247655,0.470288,-0.029520,0.184172,0.623982,-0.002187,0.197309,0.556645,-0.011928,0.205528,0.516568,-0.019950,0.212498,0.482232,-0.025210,0.149085,0.631550,-0.004552,0.156157,0.577235,-0.014567,0.161593,0.544222,-0.018824,0.166934,0.513771,-0.020742
1899,0,0.017237,0.019182,0.044517,0.979825,0.185686,0.158038,0.806792,0.000000,0.218007,0.795985,-0.027954,0.267703,0.753383,-0.034991,0.287048,0.692409,-0.039019,0.301570,0.641736,-0.041728,0.245969,0.645906,-0.008040,0.268366,0.583097,-0.019140,0.277973,0.541118,-0.030839,0.284351,0.503407,-0.039301,0.215354,0.627217,-0.002922,0.233962,0.556817,-0.010995,0.242291,0.510090,-0.021498,0.247752,0.470294,-0.029432,0.184026,0.623170,-0.002043,0.197033,0.556404,-0.011690,0.205044,0.516692,-0.019756,0.212002,0.482099,-0.025086,0.148889,0.630830,-0.004207,0.155911,0.576802,-0.014170,0.161031,0.544090,-0.018472,0.166091,0.513636,-0.020495
1933,0,0.031465,0.030992,0.049933,0.971092,0.178131,0.158000,0.806901,0.000000,0.218382,0.795531,-0.026994,0.267459,0.752711,-0.033606,0.286480,0.691880,-0.037450,0.301291,0.641735,-0.040059,0.245761,0.645741,-0.007053,0.268298,0.583169,-0.017861,0.278048,0.541415,-0.029339,0.284541,0.504010,-0.037626,0.215127,0.627232,-0.002285,0.233849,0.556719,-0.010041,0.241871,0.510442,-0.020276,0.246906,0.471089,-0.027964,0.183844,0.623597,-0.001685,0.196896,0.556532,-0.011046,0.204849,0.516527,-0.018831,0.211651,0.482334,-0.023961,0.148839,0.631421,-0.004055,0.155943,0.576989,-0.013735,0.161046,0.543865,-0.017781,0.166059,0.513476,-0.019589
1968,0,0.033509,0.031833,0.053482,0.967172,0.200156,0.158570,0.807688,0.000000,0.218280,0.796471,-0.027345,0.267348,0.753549,-0.034261,0.286830,0.692615,-0.038283,0.301236,0.642040,-0.041106,0.245750,0.646670,-0.007718,0.268082,0.583768,-0.018824,0.277697,0.541915,-0.030450,0.284035,0.504487,-0.038777,0.215230,0.628120,-0.002915,0.233842,0.557338,-0.010903,0.242043,0.510735,-0.021117,0.247232,0.471539,-0.028792,0.184015,0.624255,-0.002309,0.196957,0.556932,-0.011794,0.205063,0.517080,-0.019565,0.211965,0.482847,-0.024699,0.148937,0.631941,-0.004715,0.155597,0.577564,-0.014475,0.160836,0.544669,-0.018542,0.166040,0.514542,-0.020394
1995,0,0.018362,0.013528,0.070045,0.968393,0.204914,0.158355,0.808024,0.000000,0.218397,0.796143,-0.027349,0.267583,0.753839,-0.034350,0.286580,0.693154,-0.038547,0.300704,0.642291,-0.041509,0.245492,0.646781,-0.007415,0.267882,0.583941,-0.018656,0.277400,0.542070,-0.030382,0.283844,0.504419,-0.038829,0.214902,0.628499,-0.002705,0.233512,0.557935,-0.010889,0.241606,0.511323,-0.021336,0.246783,0.471884,-0.029183,0.183546,0.624837,-0.002234,0.196688,0.557536,-0.012008,0.204895,0.517454,-0.019979,0.211910,0.482993,-0.025198,0.148458,0.632796,-0.004765,0.155527,0.577905,-0.014847,0.160780,0.544729,-0.019132,0.166136,0.513905,-0.021090
2031,0,0.029104,0.033674,0.040321,0.970403,0.202454,0.157754,0.808139,0.000000,0.217738,0.796543,-0.027619,0.267141,0.754077,-0.034735,0.286452,0.693813,-0.038927,0.301197,0.643207,-0.041921,0.245426,0.647395,-0.008191,0.267547,0.584483,-0.019604,0.277133,0.542707,-0.031441,0.283592,0.504952,-0.039949,0.214903,0.629027,-0.003413,0.233687,0.558166,-0.011775,0.241849,0.511655,-0.022299,0.247222,0.471933,-0.030208,0.183623,0.625264,-0.002838,0.196815,0.558083,-0.012700,0.205196,0.518154,-0.020679,0.212398,0.483437,-0.025893,0.148268,0.633073,-0.005280,0.155652,0.578275,-0.015386,0.161131,0.545110,-0.019587,0.166759,0.514155,-0.021489
2085,0,0.032528,0.032767,0.052960,0.946830,0.190610,0.157987,0.808732,0.000000,0.218265,0.797286,-0.027188,0.267337,0.754453,-0.034135,0.286645,0.693459,-0.038261,0.301836,0.642877,-0.041223,0.245815,0.647270,-0.007366,0.268077,0.584374,-0.018443,0.277443,0.542644,-0.030098,0.283665,0.504920,-0.038543,0.215282,0.628829,-0.002693,0.233904,0.558586,-0.010720,0.241816,0.512246,-0.021088,0.246798,0.472659,-0.028916,0.183998,0.625202,-0.002225,0.196995,0.558271,-0.011813,0.205149,0.518382,-0.019642,0.212103,0.483704,-0.024826,0.148741,0.633054,-0.004743,0.155644,0.578836,-0.014617,0.160904,0.545967,-0.018690,0.166262,0.515450,-0.020559
2125,0,0.031342,0.039958,0.049116,0.932489,0.158451,0.157286,0.808460,0.000000,0.217697,0.797020,-0.027363,0.267193,0.754362,-0.034049,0.286278,0.693199,-0.037860,0.301203,0.642595,-0.040435,0.245626,0.647471,-0.006598,0.268080,0.584641,-0.017369,0.277856,0.542714,-0.028898,0.284339,0.504875,-0.037260,0.215112,0.628906,-0.001653,0.233669,0.558746,-0.009438,0.241736,0.512226,-0.019883,0.246862,0.472498,-0.027804,0.183898,0.625024,-0.000964,0.197036,0.558302,-0.010418,0.205109,0.518592,-0.018418,0.212111,0.484086,-0.023711,0.148714,0.632632,-0.003292,0.155849,0.578359,-0.013117,0.161142,0.545329,-0.017369,0.166430,0.514592,-0.019336
2163,0,0.014535,0.015801,0.038018,0.932556,0.159145,0.157360,0.808306,0.000000,0.217573,0.797420,-0.027750,0.267077,0.755338,-0.034556,0.286635,0.694165,-0.038399,0.301384,0.643159,-0.040938,0.245369,0.647624,-0.007083,0.267841,0.584701,-0.017851,0.277452,0.542605,-0.029390,0.283944,0.504766,-0.037765,0.215036,0.628964,-0.001914,0.233636,0.558694,-0.009609,0.241679,0.511990,-0.020028,0.246799,0.472326,-0.027944,0.183854,0.624914,-0.001014,0.196879,0.558127,-0.010384,0.204967,0.518427,-0.018424,0.211863,0.483862,-0.023784,0.148774,0.632384,-0.003165,0.155775,0.578341,-0.012932,0.160972,0.545577,-0.017216,0.166313,0.515195,-0.019235
2194,0,0.019029,0.019618,0.052206,0.924808,0.171961,0.157865,0.808402,0.000000,0.218206,0.796573,-0.027207,0.267478,0.755013,-0.034132,0.286810,0.694403,-0.038238,0.301565,0.643272,-0.041092,0.245719,0.647380,-0.006507,0.267890,0.584484,-0.017313,0.277484,0.542737,-0.028951,0.283950,0.504912,-0.037392,0.215359,0.629235,-0.001741,0.233759,0.559061,-0.009515,0.241851,0.512503,-0.020053,0.247105,0.472742,-0.028070,0.184205,0.625555,-0.001224,0.196932,0.558808,-0.010670,0.204992,0.519121,-0.018678,0.212071,0.484688,-0.023982,0.149044,0.632998,-0.003711,0.155848,0.578719,-0.013471,0.161069,0.545829,-0.017621,0.166486,0.515350,-0.019524
2226,0,0.014225,0.017461,0.062714,0.925715,0.162719,0.157512,0.808329,0.000000,0.218276,0.797090,-0.027320,0.267505,0.754602,-0.034058,0.286698,0.693540,-0.037963,0.301560,0.642735,-0.040602,0.245346,0.647936,-0.006738,0.267681,0.584768,-0.017557,0.277325,0.542804,-0.029097,0.283803,0.504897,-0.037471,0.215160,0.629439,-0.001777,0.233888,0.559267,-0.009614,0.242236,0.512622,-0.020072,0.247709,0.472904,-0.028006,0.183939,0.625403,-0.001056,0.197257,0.558640,-0.010573,0.205450,0.518864,-0.018612,0.212475,0.484549,-0.023907,0.148886,0.632733,-0.003327,0.156149,0.578501,-0.013247,0.161387,0.545522,-0.017574,0.166770,0.514921,-0.019580
2253,0,0.022769,0.032548,0.037905,0.923629,0.184055,0.158328,0.808935,0.000000,0.218377,0.797371,-0.027636,0.267643,0.754961,-0.034567,0.287095,0.694051,-0.038595,0.301635,0.642893,-0.041340,0.245327,0.648281,-0.007199,0.267718,0.585150,-0.018295,0.277443,0.543065,-0.030064,0.284229,0.505083,-0.038595,0.215262,0.629798,-0.002178,0.233845,0.559536,-0.010229,0.242072,0.512648,-0.020775,0.247396,0.472751,-0.028779,0.184239,0.625498,-0.001433,0.197215,0.558852,-0.011030,0.205340,0.519030,-0.019051,0.212234,0.484469,-0.024364,0.149283,0.632832,-0.003734,0.156459,0.579025,-0.013660,0.161784,0.546254,-0.017961,0.167142,0.515631,-0.020001
2279,0,0.023419,0.025365,0.061511,0.925410,0.185218,0.158026,0.808892,0.000000,0.218461,0.798168,-0.027273,0.267543,0.755441,-0.034042,0.286709,0.694563,-0.037911,0.302035,0.644060,-0.040619,0.245835,0.647740,-0.007341,0.268003,0.585155,-0.018270,0.277555,0.543426,-0.029875,0.283852,0.505710,-0.038298,0.215358,0.629430,-0.002547,0.234033,0.559448,-0.010506,0.242298,0.512978,-0.020925,0.247515,0.473294,-0.028802,0.184050,0.625835,-0.001954,0.197165,0.559033,-0.011614,0.205319,0.519360,-0.019624,0.212365,0.485014,-0.024881,0.148709,0.633974,-0.004339,0.155898,0.579453,-0.014392,0.161288,0.546444,-0.018692,0.166778,0.515779,-0.020661
2304,0,0.022345,0.032005,0.033581,0.907177,0.185833,0.158619,0.809693,0.000000,0.218890,0.798021,-0.027442,0.267803,0.755560,-0.034255,0.286890,0.694558,-0.038198,0.302366,0.643912,-0.040908,0.245817,0.647911,-0.006918,0.267853,0.585011,-0.017787,0.277328,0.543011,-0.029414,0.283743,0.505137,-0.037845,0.215502,0.629742,-0.002004,0.234275,0.559883,-0.009813,0.242551,0.513261,-0.020208,0.247695,0.473629,-0.028076,0.184329,0.626303,-0.001366,0.197576,0.559471,-0.010914,0.205727,0.519653,-0.018940,0.212842,0.485293,-0.024221,0.149129,0.634124,-0.003745,0.156171,0.579586,-0.013739,0.161669,0.546421,-0.018095,0.167116,0.515681,-0.020120
2333,0,0.021533,0.029186,0.038538,0.900919,0.168660,0.158216,0.809267,0.000000,0.218713,0.797727,-0.027073,0.267444,0.755259,-0.033731,0.286645,0.694769,-0.037588,0.301524,0.643911,-0.040230,0.245749,0.648011,-0.006434,0.267837,0.585410,-0.017024,0.277209,0.543669,-0.028447,0.283405,0.506082,-0.036672,0.215406,0.629851,-0.001598,0.234238,0.559829,-0.009124,0.242566,0.513321,-0.019340,0.247804,0.473756,-0.027055,0.184085,0.626177,-0.001011,0.197454,0.559411,-0.010331,0.205701,0.519643,-0.018283,0.212778,0.485421,-0.023515,0.148870,0.633851,-0.003399,0.156215,0.579341,-0.013166,0.161678,0.546323,-0.017403,0.167097,0.515732,-0.019340
2367,0,0.028802,0.023702,0.036651,0.911915,0.187592,0.158106,0.809661,0.000000,0.218575,0.798014,-0.027126,0.267659,0.755594,-0.033939,0.286604,0.694836,-0.037952,0.301120,0.643963,-0.040769,0.245785,0.648095,-0.006839,0.267781,0.585494,-0.017744,0.277107,0.543823,-0.029362,0.283355,0.506351,-0.037776,0.215305,0.630051,-0.002157,0.233914,0.560101,-0.010087,0.242082,0.513671,-0.020508,0.247295,0.474090,-0.028394,0.184025,0.626601,-0.001722,0.197124,0.560022,-0.011398,0.205093,0.520268,-0.019381,0.212110,0.486103,-0.024609,0.148727,0.634417,-0.004267,0.156076,0.579907,-0.014294,0.161500,0.546870,-0.018571,0.167024,0.516180,-0.020543
2396,0,0.061144,0.061580,0.057949,0.895047,0.174608,0.157618,0.809839,0.000000,0.218102,0.798527,-0.026950,0.267275,0.755832,-0.033376,0.286220,0.695074,-0.037002,0.300809,0.644733,-0.039361,0.245669,0.647505,-0.005756,0.267134,0.584271,-0.015957,0.275980,0.542568,-0.027214,0.281783,0.505331,-0.035330,0.215307,0.629856,-0.000839,0.233871,0.560043,-0.007816,0.241972,0.513821,-0.017797,0.247029,0.474722,-0.025419,0.184085,0.626603,-0.000184,0.197361,0.560616,-0.008947,0.205187,0.521681,-0.016600,0.211744,0.488559,-0.021634,0.148787,0.634419,-0.002541,0.156298,0.580167,-0.011759,0.161693,0.547603,-0.015684,0.166948,0.517740,-0.017436
2447,0,0.085506,0.078144,0.089992,0.898148,0.225712,0.158151,0.809950,0.000000,0.218854,0.798854,-0.026977,0.267906,0.757058,-0.033395,0.286359,0.695896,-0.036956,0.300360,0.644622,-0.039213,0.246890,0.647113,-0.004783,0.266418,0.583785,-0.014467,0.274225,0.542457,-0.025566,0.279229,0.505576,-0.033465,0.216475,0.629823,0.000413,0.234971,0.560976,-0.005602,0.242935,0.515391,-0.015013,0.247701,0.476977,-0.022234,0.185577,0.626853,0.001262,0.198828,0.562021,-0.006524,0.206348,0.524218,-0.013506,0.212438,0.492312,-0.018090,0.150313,0.634640,-0.000990,0.158144,0.580777,-0.009027,0.163699,0.549381,-0.012139,0.168976,0.521106,-0.013330
2476,0,0.149680,0.124325,0.096240,0.846389,0.293817,0.158497,0.811925,0.000000,0.218624,0.801228,-0.026436,0.267765,0.758170,-0.032420,0.286220,0.696963,-0.035712,0.302081,0.647361,-0.037595,0.248417,0.647409,-0.003162,0.267734,0.583590,-0.011995,0.275524,0.542793,-0.022687,0.280698,0.506943,-0.030379,0.218149,0.630982,0.002125,0.236076,0.565036,-0.002946,0.243605,0.521296,-0.012030,0.248297,0.484671,-0.019149,0.187522,0.627961,0.003063,0.201457,0.565910,-0.003822,0.208808,0.530925,-0.010076,0.215167,0.501184,-0.014353,0.152489,0.635319,0.000872,0.160554,0.583609,-0.006336,0.166073,0.555672,-0.008770,0.171246,0.530649,-0.009540
2508,0,0.323235,0.293165,0.249744,0.888581,0.540705,0.159970,0.811952,0.000000,0.220301,0.802725,-0.026699,0.269192,0.759492,-0.032236,0.288513,0.698955,-0.034916,0.305788,0.649645,-0.035792,0.250522,0.646334,0.001114,0.269826,0.582185,-0.004299,0.277420,0.542332,-0.013297,0.282761,0.508096,-0.020095,0.220037,0.631760,0.007875,0.237017,0.568681,0.006583,0.245017,0.530545,-0.000740,0.250725,0.501441,-0.007065,0.189108,0.629859,0.010091,0.203611,0.570871,0.006635,0.211537,0.542844,0.002372,0.218668,0.520484,-0.001048,0.154909,0.636980,0.008917,0.164227,0.586856,0.004809,0.170778,0.564396,0.004113,0.177014,0.546169,0.004211
2542,0,0.294885,0.260244,3.615465,0.853688,0.631329,0.162771,0.817073,0.000000,0.220729,0.809036,-0.027195,0.270098,0.763463,-0.032292,0.289948,0.701932,-0.034973,0.308589,0.654205,-0.035960,0.253790,0.647795,0.003249,0.270925,0.583308,-0.001133,0.277298,0.541818,-0.009885,0.282773,0.506639,-0.017336,0.224777,0.633629,0.009541,0.239603,0.567917,0.005529,0.246216,0.542175,-0.004191,0.250941,0.531149,-0.011596,0.195012,0.631559,0.011331,0.209253,0.568303,0.002932,0.216965,0.550653,-0.004929,0.221872,0.547499,-0.009550,0.161590,0.637361,0.010000,0.172732,0.580330,0.000064,0.179806,0.571874,-0.003604,0.183264,0.577754,-0.004647
2571,0,0.564368,0.494368,6.599955,0.905256,0.760250,0.165230,0.819039,0.000000,0.223260,0.812918,-0.023901,0.272550,0.765690,-0.028927,0.292896,0.704845,-0.032581,0.310814,0.658405,-0.035112,0.256105,0.653005,0.000015,0.272822,0.588110,-0.006773,0.280429,0.543583,-0.016522,0.284776,0.507103,-0.024828,0.228966,0.638146,0.003346,0.245372,0.556591,-0.010676,0.251440,0.561207,-0.024186,0.250165,0.588354,-0.030335,0.201073,0.635369,0.003852,0.217342,0.561170,-0.011763,0.226373,0.576537,-0.019071,0.225481,0.612446,-0.019909,0.168458,0.641252,0.001876,0.180501,0.577188,-0.012690,0.192056,0.583725,-0.016825,0.194839,0.611840,-0.016406
2604,0,0.330518,0.214253,1.942942,0.967887,0.878331,0.168132,0.822771,0.000000,0.225954,0.814732,-0.022255,0.275803,0.767706,-0.027768,0.296038,0.708865,-0.032911,0.313696,0.662376,-0.037166,0.260900,0.655247,0.000254,0.277750,0.589361,-0.008501,0.286057,0.546288,-0.018361,0.290428,0.509458,-0.026418,0.232808,0.642475,0.001305,0.250647,0.560605,-0.017788,0.257751,0.579631,-0.031894,0.255579,0.616546,-0.036630,0.204027,0.640808,-0.000445,0.220165,0.569573,-0.020128,0.229519,0.594049,-0.026492,0.227586,0.632864,-0.025104,0.170949,0.646028,-0.004468,0.185931,0.582802,-0.020183,0.197475,0.593806,-0.023069,0.198572,0.622305,-0.021238
2638,0,0.208268,0.099111,0.470415,0.994459,0.938450,0.171117,0.826248,0.000000,0.228412,0.815728,-0.019735,0.278458,0.768837,-0.024340,0.298864,0.711954,-0.029148,0.315500,0.666895,-0.033103,0.264056,0.660950,0.001077,0.279006,0.594733,-0.007422,0.287122,0.550596,-0.016635,0.291873,0.513175,-0.024080,0.236831,0.647940,0.000725,0.253650,0.565679,-0.017888,0.262328,0.584311,-0.030819,0.260654,0.621256,-0.034588,0.208750,0.645645,-0.002188,0.224882,0.575086,-0.021722,0.233522,0.601088,-0.026753,0.229899,0.639766,-0.024266,0.176378,0.650436,-0.007204,0.192411,0.586326,-0.022576,0.204016,0.599809,-0.023931,0.203504,0.630285,-0.020849
2666,0,0.237009,0.154331,0.482985,1.074384,1.028378,0.176495,0.829251,0.000000,0.232380,0.816687,-0.016773,0.280279,0.767511,-0.020733,0.301534,0.711226,-0.025440,0.319375,0.667633,-0.029483,0.264790,0.667159,0.002522,0.277624,0.599485,-0.005497,0.286932,0.555776,-0.014262,0.290938,0.518142,-0.021600,0.239617,0.654692,0.000495,0.256652,0.570449,-0.017419,0.268736,0.592888,-0.029077,0.266472,0.630095,-0.032142,0.213298,0.652373,-0.003882,0.231194,0.577498,-0.022985,0.243129,0.605645,-0.026216,0.238805,0.643069,-0.022800,0.182657,0.656338,-0.010071,0.200093,0.590835,-0.025385,0.212274,0.607708,-0.025348,0.209419,0.639069,-0.021434
2700,0,0.174640,0.122895,0.350932,1.161127,1.091423,0.183045,0.831215,0.000000,0.237364,0.820346,-0.014968,0.282364,0.768385,-0.018093,0.303424,0.712153,-0.022169,0.321609,0.669493,-0.025733,0.267103,0.669833,0.003201,0.278769,0.602991,-0.004155,0.288266,0.559893,-0.012327,0.291269,0.522466,-0.019354,0.242791,0.658034,0.000594,0.258545,0.572164,-0.016549,0.272343,0.597430,-0.027268,0.270028,0.635824,-0.029644,0.217670,0.656640,-0.004133,0.234331,0.579685,-0.022662,0.248424,0.609132,-0.025276,0.244375,0.646574,-0.021456,0.188409,0.660883,-0.010454,0.204680,0.594256,-0.025422,0.218421,0.612200,-0.025056,0.216477,0.644590,-0.020981
2734,0,0.168522,0.136759,0.323042,1.279962,1.193633,0.188449,0.831973,0.000000,0.240900,0.822188,-0.013076,0.282651,0.767866,-0.015135,0.303265,0.711011,-0.018445,0.322222,0.669173,-0.021238,0.268238,0.672716,0.004425,0.279238,0.605627,-0.002435,0.289394,0.562595,-0.009667,0.291633,0.524637,-0.016250,0.245250,0.661181,0.000930,0.260378,0.573097,-0.016513,0.276886,0.602460,-0.026316,0.274926,0.642554,-0.027767,0.221751,0.659914,-0.004557,0.238170,0.581336,-0.023795,0.254183,0.614318,-0.025373,0.249934,0.651797,-0.020512,0.194519,0.663840,-0.011417,0.211424,0.598538,-0.027023,0.225394,0.618303,-0.026388,0.221800,0.649872,-0.022036
2763,0,0.188324,0.176814,0.486383,1.420483,1.315467,0.193163,0.832909,0.000000,0.244016,0.818881,-0.006800,0.283957,0.762595,-0.006782,0.304572,0.710406,-0.009276,0.321340,0.668887,-0.011735,0.268088,0.670526,0.008948,0.279344,0.601104,0.003535,0.290454,0.560998,-0.002956,0.292714,0.525029,-0.009096,0.247269,0.661426,0.002709,0.260301,0.572849,-0.012609,0.279934,0.603479,-0.022624,0.279738,0.641949,-0.025038,0.225613,0.661936,-0.004917,0.239533,0.581978,-0.021705,0.259777,0.615671,-0.023560,0.257793,0.653070,-0.019832,0.200606,0.667517,-0.013347,0.215537,0.601813,-0.026713,0.232016,0.622298,-0.025434,0.230035,0.654812,-0.021417
2816,0,0.204888,0.221412,0.330025,1.509331,1.433622,0.197500,0.833171,0.000000,0.247438,0.813893,-0.003882,0.281895,0.755898,-0.003070,0.299538,0.703680,-0.005643,0.317541,0.663643,-0.008150,0.267217,0.665734,0.014542,0.279506,0.599003,0.010460,0.291012,0.559776,0.004719,0.294134,0.523367,-0.001199,0.247797,0.658555,0.006930,0.259195,0.571523,-0.007195,0.279614,0.600229,-0.017044,0.281127,0.636187,-0.019538,0.227763,0.660344,-0.002009,0.239861,0.582858,-0.018004,0.262040,0.616221,-0.019377,0.262304,0.652968,-0.015430,0.205737,0.667991,-0.011599,0.219827,0.604610,-0.024024,0.236912,0.625770,-0.022086,0.236428,0.658600,-0.017690
2845,0,0.182393,0.201501,0.700782,1.638417,1.575820,0.201052,0.834156,0.000000,0.249503,0.809086,0.000794,0.280030,0.747225,0.002723,0.297036,0.697211,-0.000247,0.312893,0.657905,-0.003065,0.265095,0.665949,0.018202,0.274953,0.597004,0.013405,0.288646,0.558381,0.007821,0.292543,0.523866,0.002503,0.247410,0.659589,0.007651,0.258406,0.570263,-0.007173,0.281684,0.595406,-0.016412,0.283456,0.628594,-0.018077,0.229085,0.660923,-0.004226,0.241237,0.580714,-0.020958,0.265297,0.613306,-0.022211,0.266057,0.650393,-0.017710,0.209102,0.667953,-0.016430,0.223389,0.604902,-0.029334,0.242400,0.625709,-0.027455,0.242286,0.659887,-0.022891
2876,0,0.188597,0.199936,0.624446,1.763300,1.729149,0.202331,0.834570,0.000000,0.249576,0.803749,0.006367,0.276059,0.740304,0.009667,0.291513,0.692572,0.006990,0.305293,0.652006,0.004320,0.262228,0.664017,0.021880,0.270620,0.594402,0.017495,0.286373,0.556481,0.012070,0.291762,0.523135,0.006869,0.245960,0.659690,0.008182,0.254886,0.567581,-0.006237,0.280849,0.590332,-0.015576,0.284223,0.622809,-0.017549,0.228858,0.662116,-0.006420,0.239757,0.580857,-0.021916,0.266655,0.611040,-0.023045,0.269258,0.646400,-0.019028,0.210940,0.670328,-0.020947,0.225750,0.608154,-0.033160,0.247681,0.626386,-0.031564,0.250715,0.657402,-0.027529
2910,0,0.179978,0.176378,0.565840,1.807716,1.791132,0.201892,0.834504,0.000000,0.248355,0.800436,0.008524,0.272711,0.733827,0.012329,0.286557,0.686356,0.009627,0.300435,0.646516,0.007178,0.258906,0.660418,0.025721,0.267078,0.592916,0.022046,0.284799,0.555681,0.017012,0.292511,0.523951,0.012041,0.243488,0.656950,0.011086,0.253097,0.565779,-0.002573,0.279659,0.585396,-0.011618,0.284051,0.614904,-0.013536,0.227702,0.659800,-0.004575,0.239419,0.578158,-0.019219,0.267398,0.605699,-0.020299,0.271240,0.639338,-0.016463,0.211511,0.668628,-0.020065,0.228026,0.608085,-0.031305,0.251274,0.622984,-0.030026,0.256288,0.650014,-0.026531
2944,0,0.164875,0.176070,0.645487,1.938749,1.932560,0.201977,0.832726,-0.000000,0.248695,0.795312,0.015442,0.269407,0.730152,0.020529,0.281590,0.685707,0.017506,0.293115,0.647140,0.014401,0.254794,0.659249,0.029327,0.261867,0.590638,0.025580,0.283926,0.554787,0.020891,0.293326,0.526260,0.016736,0.240988,0.657023,0.010699,0.252277,0.562812,-0.002093,0.279221,0.586579,-0.008975,0.279634,0.618816,-0.009156,0.226918,0.660031,-0.008549,0.242248,0.578040,-0.021597,0.269937,0.608434,-0.019751,0.269443,0.641425,-0.014111,0.212552,0.668419,-0.027155,0.231697,0.606813,-0.036478,0.255326,0.623522,-0.032314,0.256520,0.650904,-0.026919
2977,0,0.181834,0.157095,0.474365,1.990699,1.990653,0.200073,0.832099,0.000000,0.247787,0.789572,0.017224,0.267446,0.724905,0.023328,0.279795,0.680470,0.020512,0.290315,0.640970,0.017723,0.251637,0.657158,0.033067,0.259452,0.589569,0.030269,0.280957,0.552489,0.026308,0.290545,0.523134,0.022656,0.238435,0.654343,0.013745,0.247769,0.561475,0.002271,0.277258,0.580462,-0.004333,0.281492,0.610937,-0.004374,0.225252,0.656874,-0.006304,0.238848,0.575889,-0.019059,0.269463,0.603412,-0.018487,0.272233,0.637188,-0.013445,0.213371,0.666069,-0.025545,0.232477,0.604419,-0.034557,0.257393,0.619973,-0.031214,0.260858,0.649010,-0.026217
3022,0,0.112396,0.086176,0.202133,1.997993,2.009716,0.199089,0.829912,0.000000,0.246398,0.785938,0.016340,0.265741,0.721473,0.022132,0.277220,0.677034,0.019354,0.287933,0.637784,0.016821,0.248896,0.653179,0.033297,0.256993,0.586463,0.030410,0.278979,0.551007,0.026126,0.289102,0.522820,0.022168,0.235656,0.650641,0.014824,0.245881,0.560229,0.003400,0.274489,0.580000,-0.003386,0.278103,0.610110,-0.003717,0.223004,0.654299,-0.004493,0.237297,0.575783,-0.016994,0.266917,0.603689,-0.016276,0.269550,0.636645,-0.011302,0.211913,0.664690,-0.023112,0.231797,0.606080,-0.031518,0.256105,0.622253,-0.028050,0.259550,0.650362,-0.023094
3078,0,0.104078,0.078600,0.371026,2.009762,2.033274,0.198146,0.828733,0.000000,0.245521,0.783060,0.018647,0.263763,0.719163,0.025212,0.275451,0.674790,0.022680,0.286590,0.635979,0.019949,0.244297,0.651823,0.034092,0.254189,0.585340,0.030710,0.277007,0.549857,0.025556,0.288304,0.521909,0.021107,0.231611,0.649885,0.014514,0.242897,0.560382,0.002826,0.272764,0.576793,-0.004924,0.278213,0.605048,-0.006244,0.220050,0.654124,-0.005643,0.236249,0.575709,-0.018195,0.266615,0.601909,-0.018520,0.270076,0.634556,-0.014369,0.210557,0.665205,-0.024832,0.230632,0.604062,-0.032627,0.255781,0.618901,-0.029101,0.260579,0.647397,-0.024362
3116,0,0.074593,0.068567,0.196660,2.003629,2.022803,0.198505,0.829614,0.000000,0.245205,0.784983,0.017610,0.262223,0.720501,0.023774,0.273362,0.675070,0.020988,0.285239,0.635109,0.018041,0.243991,0.654216,0.033082,0.253844,0.588733,0.029578,0.276183,0.553025,0.024816,0.287303,0.525147,0.020809,0.231584,0.652075,0.013818,0.244155,0.561092,0.001709,0.274401,0.577971,-0.005651,0.280180,0.607453,-0.006303,0.219997,0.656222,-0.006074,0.238566,0.575495,-0.019066,0.268899,0.601895,-0.018670,0.271904,0.635976,-0.013603,0.210207,0.666515,-0.025103,0.231046,0.602535,-0.033064,0.257117,0.616418,-0.028949,0.262257,0.644893,-0.023522
3147,0,0.080920,0.082611,0.194306,1.972918,1.990471,0.198978,0.829266,0.000000,0.245260,0.784950,0.016038,0.262768,0.720028,0.021510,0.273485,0.674049,0.018630,0.284835,0.634144,0.015543,0.246692,0.654901,0.029898,0.255401,0.588129,0.025776,0.276595,0.551455,0.020934,0.287816,0.522279,0.016938,0.233870,0.652965,0.011610,0.246110,0.561876,-0.001268,0.274416,0.578048,-0.008537,0.279791,0.607419,-0.008946,0.221653,0.657253,-0.007236,0.238655,0.576161,-0.020376,0.267338,0.601647,-0.019458,0.270667,0.635558,-0.014022,0.210405,0.667728,-0.025362,0.229474,0.605231,-0.033480,0.254572,0.618265,-0.029322,0.260368,0.646035,-0.023778
3179,0,0.078500,0.078777,0.131155,1.999170,2.008113,0.198593,0.828939,0.000000,0.245120,0.784945,0.018098,0.262170,0.719499,0.024525,0.272792,0.673648,0.021940,0.284093,0.633906,0.018941,0.246681,0.654982,0.032856,0.256262,0.589411,0.029373,0.277798,0.552604,0.024633,0.288752,0.522889,0.020539,0.234195,0.652592,0.013214,0.246158,0.560910,0.001187,0.274788,0.576509,-0.005893,0.280066,0.605351,-0.006450,0.221662,0.656371,-0.006993,0.238758,0.573497,-0.019929,0.267730,0.599843,-0.018780,0.270488,0.634130,-0.013349,0.210089,0.666042,-0.026339,0.229913,0.601586,-0.034831,0.255250,0.615218,-0.030683,0.260484,0.643092,-0.025225
3233,0,0.031007,0.029941,0.162358,1.996584,2.006013,0.198592,0.828111,0.000000,0.245319,0.783900,0.018362,0.262925,0.719120,0.024825,0.273616,0.673645,0.022232,0.284333,0.633910,0.019244,0.247802,0.654433,0.032728,0.256202,0.588549,0.029199,0.277526,0.552415,0.024555,0.288384,0.523714,0.020648,0.234896,0.652149,0.012898,0.245677,0.559909,0.000561,0.274258,0.575506,-0.006656,0.279538,0.605273,-0.007030,0.222036,0.656090,-0.007444,0.237838,0.573785,-0.020324,0.267306,0.599095,-0.019514,0.270873,0.633176,-0.014186,0.210121,0.665944,-0.026913,0.229112,0.601984,-0.035356,0.254608,0.614555,-0.031540,0.260735,0.641923,-0.026211
3278,0,0.043997,0.048265,0.172076,1.999762,2.002418,0.197425,0.828125,0.000000,0.244502,0.784026,0.018223,0.262099,0.719610,0.024567,0.273298,0.673866,0.021688,0.285194,0.633958,0.018520,0.246585,0.653457,0.034286,0.255648,0.588114,0.030687,0.277694,0.552282,0.025557,0.289415,0.523547,0.021274,0.233723,0.650928,0.014407,0.243622,0.559753,0.001919,0.273898,0.575105,-0.005867,0.281121,0.604716,-0.006641,0.220991,0.654662,-0.006169,0.236594,0.573410,-0.019420,0.267260,0.598947,-0.019330,0.271789,0.633459,-0.014362,0.209733,0.664522,-0.025899,0.229328,0.600845,-0.034718,0.255460,0.613706,-0.031443,0.261992,0.641468,-0.026403
3311,0,0.062501,0.072103,0.288922,1.969803,1.977886,0.198028,0.826882,0.000000,0.244721,0.784178,0.015858,0.262400,0.719499,0.021677,0.272992,0.672915,0.018889,0.284166,0.632755,0.016065,0.248165,0.652637,0.033262,0.256391,0.588622,0.029718,0.277623,0.552957,0.024466,0.288506,0.523439,0.019842,0.234812,0.649638,0.014670,0.243026,0.558547,0.001508,0.272556,0.575139,-0.006697,0.279469,0.605230,-0.007560,0.221486,0.652858,-0.004772,0.235181,0.572223,-0.018853,0.265427,0.598633,-0.019105,0.269967,0.633266,-0.014131,0.209358,0.662412,-0.023566,0.228323,0.600753,-0.033208,0.253881,0.614611,-0.030420,0.260224,0.642263,-0.025581
3356,0,0.040981,0.033633,0.143285,1.986671,1.993927,0.197151,0.826046,0.000000,0.244044,0.782732,0.017112,0.261499,0.718753,0.022966,0.272372,0.672529,0.019896,0.284093,0.632507,0.016637,0.246580,0.652110,0.033507,0.255269,0.587254,0.029861,0.276940,0.551573,0.024690,0.288285,0.522467,0.020291,0.233560,0.649330,0.014212,0.242337,0.558417,0.001585,0.272070,0.574259,-0.006065,0.279133,0.603775,-0.006707,0.220552,0.652760,-0.005858,0.234855,0.572495,-0.019447,0.265014,0.598837,-0.019267,0.269353,0.633383,-0.014132,0.209057,0.662640,-0.025157,0.227876,0.600124,-0.034207,0.253169,0.614949,-0.030741,0.258793,0.643929,-0.025498
3409,0,0.050829,0.051547,0.278888,1.990227,1.998945,0.197156,0.826175,0.000000,0.243740,0.781828,0.018267,0.260705,0.717968,0.024601,0.271679,0.672044,0.021770,0.283067,0.632144,0.018671,0.245969,0.653182,0.034313,0.254781,0.587895,0.030855,0.276306,0.551899,0.025892,0.287757,0.522574,0.021645,0.233397,0.650122,0.014496,0.243002,0.559266,0.002080,0.271834,0.573412,-0.005447,0.278223,0.601636,-0.006115,0.220593,0.653324,-0.006020,0.235862,0.571859,-0.019065,0.265103,0.596628,-0.018473,0.269212,0.630673,-0.013259,0.208959,0.662352,-0.025730,0.227992,0.599414,-0.034367,0.253490,0.611852,-0.030855,0.260063,0.639192,-0.025694
3436,0,0.049796,0.052219,0.184261,1.974513,1.982529,0.197910,0.825312,0.000000,0.244274,0.781588,0.018139,0.261523,0.717311,0.024507,0.272084,0.672108,0.021824,0.282933,0.632396,0.018783,0.247584,0.652782,0.033559,0.255787,0.588021,0.029677,0.276959,0.551797,0.024311,0.287326,0.522994,0.019928,0.234639,0.649910,0.013774,0.244356,0.558942,0.000891,0.272180,0.574267,-0.006959,0.277092,0.604427,-0.007612,0.221496,0.653142,-0.006650,0.235579,0.570910,-0.019659,0.264355,0.594822,-0.019212,0.267921,0.628604,-0.014078,0.209193,0.662068,-0.026278,0.227563,0.598680,-0.034847,0.252547,0.609949,-0.031412,0.259054,0.636421,-0.026314
3488,0,0.040294,0.040502,0.226921,1.990950,1.998275,0.197745,0.825377,0.000000,0.244208,0.781356,0.017981,0.261523,0.717853,0.024261,0.272345,0.672185,0.021367,0.283434,0.632002,0.018213,0.246813,0.653583,0.034158,0.255564,0.588452,0.030639,0.276905,0.552034,0.025744,0.287997,0.522541,0.021599,0.234145,0.650574,0.014301,0.243567,0.558614,0.001630,0.272229,0.573639,-0.005891,0.278430,0.603362,-0.006320,0.221102,0.653285,-0.006275,0.236069,0.571639,-0.019580,0.265171,0.596964,-0.019080,0.268937,0.631474,-0.013783,0.209067,0.661915,-0.026047,0.227893,0.599137,-0.034766,0.252843,0.612611,-0.031121,0.258773,0.640807,-0.025815
3516,0,0.034737,0.033844,0.080557,2.001239,2.001888,0.197512,0.825100,0.000000,0.243990,0.781268,0.018243,0.261318,0.717238,0.024956,0.272333,0.671448,0.022507,0.283372,0.631211,0.019772,0.247480,0.652852,0.034877,0.256413,0.588073,0.031892,0.277339,0.551674,0.027047,0.288204,0.521350,0.022703,0.234610,0.649644,0.015070,0.243820,0.559152,0.002574,0.272412,0.574072,-0.005216,0.278862,0.603399,-0.005975,0.221532,0.652536,-0.005430,0.235828,0.571223,-0.018628,0.265126,0.596384,-0.018413,0.269415,0.630925,-0.013399,0.209550,0.661538,-0.025099,0.228047,0.598736,-0.033894,0.253174,0.612050,-0.030551,0.259509,0.640224,-0.025528
3566,0,0.045243,0.049120,0.284648,2.017424,2.012952,0.196438,0.824187,0.000000,0.243324,0.781195,0.018939,0.260680,0.716421,0.026090,0.271819,0.670808,0.024021,0.283248,0.631633,0.021542,0.246587,0.651129,0.035541,0.256576,0.587521,0.033045,0.277446,0.551367,0.028355,0.287850,0.520346,0.023807,0.233696,0.648147,0.015452,0.244563,0.558136,0.003009,0.272443,0.575970,-0.005029,0.277464,0.605871,-0.006063,0.220767,0.651477,-0.005158,0.236395,0.570862,-0.018145,0.264913,0.597955,-0.017851,0.268010,0.631874,-0.012947,0.208769,0.661013,-0.024877,0.228558,0.598743,-0.033384,0.253438,0.612277,-0.029995,0.259334,0.639188,-0.025145
3617,0,0.052790,0.052030,0.215585,2.017417,2.013176,0.197056,0.823280,0.000000,0.243370,0.780251,0.018526,0.260506,0.716152,0.025178,0.271446,0.670485,0.022586,0.282296,0.630813,0.019671,0.246672,0.651086,0.034978,0.255130,0.586390,0.031956,0.276500,0.550394,0.027181,0.287137,0.520637,0.022925,0.233999,0.648021,0.014923,0.242611,0.556411,0.002445,0.271801,0.573520,-0.005061,0.277671,0.603989,-0.005561,0.221157,0.650762,-0.005789,0.235137,0.569123,-0.018920,0.264617,0.596020,-0.018365,0.268053,0.630643,-0.013117,0.209420,0.659476,-0.025679,0.227784,0.596319,-0.034513,0.252680,0.610687,-0.031026,0.258014,0.639208,-0.025894
3645,0,0.063045,0.059745,0.123734,1.997923,2.003349,0.196892,0.823028,0.000000,0.243356,0.780011,0.017061,0.260805,0.715740,0.022843,0.272034,0.669570,0.019786,0.283117,0.629686,0.016560,0.245521,0.649418,0.032709,0.253982,0.584925,0.029009,0.275915,0.549373,0.024022,0.287050,0.520446,0.019715,0.232537,0.646736,0.013450,0.241955,0.555339,0.000968,0.271025,0.572969,-0.006140,0.276579,0.602806,-0.006421,0.219769,0.650319,-0.006519,0.234816,0.569923,-0.019751,0.264359,0.597084,-0.018750,0.267344,0.631182,-0.013236,0.208269,0.660245,-0.025756,0.227530,0.598084,-0.034640,0.252697,0.612814,-0.030832,0.257762,0.641039,-0.025417
3697,0,0.054883,0.061658,0.204313,1.990048,1.986660,0.195937,0.823125,0.000000,0.242749,0.780209,0.016319,0.260461,0.715629,0.022403,0.271376,0.669186,0.019697,0.282444,0.628981,0.016865,0.245426,0.648982,0.033677,0.254316,0.584526,0.030451,0.275254,0.548381,0.025486,0.286213,0.518598,0.021059,0.232538,0.645727,0.014956,0.241583,0.555490,0.002431,0.270279,0.570985,-0.005417,0.276703,0.599473,-0.006237,0.219853,0.649045,-0.004624,0.234393,0.568571,-0.018326,0.264006,0.594703,-0.018532,0.268058,0.628987,-0.013666,0.208346,0.658815,-0.023497,0.227216,0.596716,-0.032745,0.252370,0.610925,-0.029734,0.258322,0.639400,-0.024859
3724,0,0.068555,0.062633,0.334991,2.001606,2.004205,0.195835,0.822578,0.000000,0.242338,0.779478,0.016539,0.260162,0.713994,0.022464,0.271423,0.667990,0.019667,0.282401,0.627915,0.016691,0.243764,0.647573,0.032397,0.252799,0.583117,0.028739,0.275018,0.546814,0.023719,0.285800,0.517385,0.019327,0.230762,0.644816,0.013491,0.242222,0.553313,0.001050,0.270379,0.572486,-0.006306,0.274243,0.602501,-0.006831,0.218250,0.648276,-0.006118,0.234701,0.567674,-0.019703,0.263213,0.597141,-0.019058,0.264576,0.631152,-0.013733,0.207002,0.658239,-0.024938,0.227209,0.596179,-0.033777,0.251743,0.612738,-0.029743,0.255349,0.641705,-0.024293
3774,0,0.107834,0.104179,0.313209,2.045900,2.034730,0.193910,0.822344,0.000000,0.240901,0.774239,0.017822,0.259380,0.710791,0.023835,0.270768,0.665559,0.021036,0.280867,0.625611,0.018274,0.240241,0.644721,0.033080,0.250305,0.579095,0.029595,0.272491,0.543898,0.024883,0.284134,0.515416,0.020928,0.227263,0.642045,0.013967,0.240251,0.552106,0.002332,0.270060,0.569342,-0.004282,0.275948,0.598046,-0.004368,0.215863,0.646463,-0.005742,0.234140,0.567799,-0.018220,0.263521,0.596203,-0.016892,0.266049,0.629776,-0.011177,0.206681,0.658360,-0.024612,0.227604,0.597052,-0.031780,0.252090,0.614000,-0.026562,0.255582,0.643929,-0.020242
3825,0,0.111773,0.093851,0.408241,2.073964,2.073154,0.193124,0.820932,0.000000,0.239726,0.771200,0.018903,0.257205,0.706578,0.025410,0.268409,0.662496,0.023434,0.276990,0.622795,0.021549,0.235186,0.642080,0.030520,0.247406,0.576169,0.026859,0.270369,0.542019,0.022510,0.282659,0.514969,0.019084,0.222332,0.640472,0.011617,0.238664,0.551541,0.000341,0.268037,0.568908,-0.005501,0.273341,0.597804,-0.005247,0.212364,0.646373,-0.007512,0.234195,0.568221,-0.018939,0.263105,0.595002,-0.017254,0.265590,0.627417,-0.011617,0.205903,0.659672,-0.025609,0.229032,0.598066,-0.030883,0.253936,0.613133,-0.024866,0.257889,0.641576,-0.018359
3855,0,0.112717,0.124318,0.285783,2.057119,2.066774,0.194025,0.818800,0.000000,0.239183,0.771937,0.014916,0.255928,0.705238,0.020497,0.265345,0.660358,0.018781,0.274054,0.621109,0.017481,0.235628,0.639819,0.026962,0.246905,0.574650,0.023350,0.268886,0.540302,0.019142,0.280093,0.512298,0.015621,0.222667,0.638010,0.010366,0.239128,0.551805,-0.001025,0.266791,0.570469,-0.006628,0.270439,0.598873,-0.006244,0.212771,0.644062,-0.006682,0.235740,0.569902,-0.018375,0.262969,0.596805,-0.016542,0.263932,0.627093,-0.010926,0.206090,0.657072,-0.023007,0.230059,0.600263,-0.028461,0.253099,0.616128,-0.022537,0.255005,0.642908,-0.016199
3906,0,0.064434,0.068200,0.441870,2.048395,2.056690,0.193423,0.817498,0.000000,0.238240,0.772438,0.014792,0.254511,0.705586,0.020457,0.263396,0.659402,0.018810,0.272645,0.620986,0.017441,0.235513,0.639993,0.027365,0.245513,0.574904,0.024251,0.267431,0.540739,0.020063,0.279301,0.513486,0.016430,0.222750,0.638451,0.011025,0.236979,0.551927,-0.000069,0.266521,0.568382,-0.006394,0.273080,0.597661,-0.006635,0.213048,0.644683,-0.005709,0.233811,0.569763,-0.016501,0.262710,0.593691,-0.015615,0.266640,0.624703,-0.010980,0.206427,0.657132,-0.021799,0.227974,0.600265,-0.027257,0.252251,0.612366,-0.022819,0.257522,0.637360,-0.017647
3935,0,0.051801,0.040543,0.200713,2.043048,2.052392,0.192706,0.817406,0.000000,0.237464,0.773688,0.014781,0.253713,0.706892,0.020781,0.262162,0.660604,0.019448,0.271597,0.622236,0.018363,0.235011,0.641204,0.027732,0.244433,0.575457,0.024994,0.265816,0.540231,0.021261,0.277280,0.512586,0.018017,0.222640,0.639178,0.011564,0.236397,0.552032,0.000752,0.265770,0.567281,-0.005320,0.271962,0.596060,-0.005302,0.212910,0.644949,-0.005040,0.233148,0.569093,-0.015795,0.261668,0.592795,-0.014968,0.265163,0.623715,-0.010266,0.206098,0.656890,-0.020959,0.227168,0.599483,-0.026612,0.251591,0.610905,-0.022399,0.256748,0.635482,-0.017270
3982,0,0.062891,0.059090,0.196217,2.067705,2.075130,0.193010,0.817002,0.000000,0.237380,0.772494,0.015750,0.253569,0.705441,0.022119,0.262394,0.659301,0.020946,0.271956,0.621015,0.020040,0.234065,0.640291,0.029296,0.243938,0.575335,0.027058,0.265098,0.540160,0.023505,0.275751,0.512402,0.020289,0.221462,0.638269,0.012836,0.235929,0.551545,0.002427,0.265419,0.566557,-0.003733,0.271678,0.595720,-0.003831,0.211939,0.644045,-0.003977,0.232590,0.568099,-0.014151,0.261658,0.590917,-0.013325,0.265820,0.622078,-0.008737,0.205474,0.655744,-0.020058,0.227002,0.598275,-0.025370,0.251883,0.608908,-0.021266,0.258162,0.633253,-0.016265
4027,0,0.047546,0.054871,0.116035,2.040389,2.060148,0.193200,0.815941,0.000000,0.237287,0.772414,0.014535,0.253879,0.705134,0.020759,0.262732,0.659321,0.019854,0.272026,0.621398,0.019303,0.235327,0.639941,0.028076,0.243946,0.575128,0.025945,0.264166,0.539406,0.022464,0.274533,0.511186,0.019232,0.222246,0.638114,0.012324,0.234609,0.552057,0.001753,0.264064,0.565368,-0.004533,0.271324,0.593260,-0.004746,0.212194,0.644005,-0.003842,0.230673,0.568124,-0.014500,0.260077,0.589489,-0.014295,0.265380,0.620065,-0.010078,0.205307,0.656101,-0.019303,0.225820,0.599595,-0.024950,0.250549,0.609810,-0.021292,0.257373,0.634005,-0.016648
4061,0,0.046169,0.052327,0.235725,2.063288,2.079061,0.192963,0.815376,0.000000,0.237387,0.772314,0.015918,0.253140,0.705965,0.022458,0.262022,0.660370,0.021541,0.271911,0.622482,0.020907,0.234064,0.640382,0.029016,0.243938,0.575964,0.026724,0.264541,0.540377,0.023163,0.274320,0.512016,0.019973,0.221355,0.638251,0.012393,0.235303,0.551155,0.001765,0.264301,0.566367,-0.004173,0.270000,0.595535,-0.004030,0.211599,0.643948,-0.004570,0.231808,0.567684,-0.015239,0.260394,0.590791,-0.014199,0.263935,0.621775,-0.009290,0.205070,0.655861,-0.020731,0.226967,0.598302,-0.026178,0.251521,0.609708,-0.021718,0.256926,0.634469,-0.016429
4112,0,0.042544,0.040062,0.142424,2.070969,2.091922,0.193548,0.815055,0.000000,0.237711,0.770972,0.016361,0.253681,0.704193,0.023057,0.262704,0.658987,0.022297,0.272809,0.621205,0.021767,0.234832,0.639937,0.029135,0.244094,0.575189,0.027439,0.263950,0.538669,0.024417,0.273727,0.509129,0.021414,0.221769,0.638391,0.012315,0.234384,0.550698,0.001899,0.263996,0.564858,-0.003995,0.270911,0.593619,-0.003880,0.211604,0.644497,-0.004713,0.230734,0.567070,-0.015274,0.260018,0.589472,-0.014311,0.264481,0.620442,-0.009505,0.204629,0.656488,-0.020848,0.225569,0.598128,-0.026184,0.250753,0.608970,-0.021749,0.257139,0.633251,-0.016573
4143,0,0.036468,0.034054,0.222392,2.075905,2.094220,0.193308,0.814799,0.000000,0.237676,0.771107,0.016219,0.253452,0.704498,0.022926,0.262754,0.658809,0.021972,0.272653,0.620698,0.021249,0.234473,0.640301,0.030003,0.243659,0.575762,0.027973,0.263507,0.539039,0.024637,0.272875,0.509718,0.021443,0.221607,0.638364,0.012822,0.234371,0.549430,0.001843,0.263752,0.564097,-0.004282,0.270029,0.593244,-0.004090,0.211199,0.643936,-0.004743,0.230639,0.566376,-0.016201,0.259319,0.590861,-0.015213,0.262633,0.622529,-0.010051,0.203798,0.655792,-0.021461,0.225475,0.597552,-0.027479,0.250100,0.610201,-0.022926,0.255210,0.635920,-0.017454
4206,0,0.041225,0.044351,0.128188,2.090505,2.104316,0.193188,0.815197,0.000000,0.237876,0.770448,0.016530,0.253246,0.703596,0.023281,0.262658,0.657286,0.022111,0.271758,0.618470,0.021155,0.233849,0.639822,0.030687,0.242518,0.574868,0.028702,0.262776,0.538796,0.025336,0.272255,0.510311,0.022129,0.221044,0.637910,0.013120,0.233255,0.548761,0.002332,0.263304,0.563648,-0.003654,0.269741,0.592793,-0.003413,0.210533,0.643176,-0.004925,0.229508,0.565773,-0.016274,0.258559,0.590894,-0.015432,0.261751,0.622801,-0.010462,0.203042,0.654750,-0.022147,0.224311,0.596448,-0.028295,0.248554,0.609934,-0.023848,0.252934,0.636772,-0.018479
4248,0,0.043780,0.043353,0.139997,2.105339,2.119821,0.192595,0.815460,0.000000,0.237255,0.770307,0.017671,0.252856,0.703445,0.024663,0.262420,0.657336,0.023667,0.271918,0.618810,0.022761,0.232833,0.638888,0.030793,0.241880,0.573706,0.029424,0.261947,0.537448,0.026653,0.271192,0.508388,0.023810,0.220024,0.637526,0.012855,0.233206,0.548250,0.002872,0.263210,0.563406,-0.002512,0.269274,0.592764,-0.001999,0.209850,0.643593,-0.005326,0.229301,0.565895,-0.015681,0.258483,0.590432,-0.014135,0.261621,0.622049,-0.008946,0.202687,0.655491,-0.022566,0.223490,0.596021,-0.027772,0.248080,0.608687,-0.022655,0.252773,0.635013,-0.017004
4284,0,0.034032,0.033080,0.134473,2.118945,2.136100,0.192263,0.816113,0.000000,0.237237,0.770384,0.018310,0.252709,0.703379,0.025673,0.262506,0.657318,0.024799,0.272662,0.618514,0.024015,0.231788,0.639274,0.031610,0.241093,0.573631,0.030166,0.261301,0.536900,0.027260,0.270543,0.507479,0.024300,0.219378,0.638088,0.013264,0.233821,0.549015,0.003238,0.263292,0.563906,-0.002367,0.268425,0.592426,-0.002079,0.209455,0.643984,-0.005335,0.230390,0.566863,-0.015751,0.258646,0.592297,-0.014245,0.260396,0.623745,-0.009075,0.202655,0.655899,-0.022945,0.224391,0.596425,-0.027830,0.248617,0.609828,-0.022357,0.252425,0.636416,-0.016527
4320,0,0.063174,0.066069,0.217327,2.088879,2.113151,0.192546,0.815383,0.000000,0.236976,0.770264,0.016742,0.252806,0.703768,0.023244,0.262538,0.657496,0.021852,0.272196,0.618358,0.020621,0.233358,0.639067,0.029719,0.241863,0.573165,0.027775,0.261412,0.536406,0.024617,0.269929,0.506748,0.021478,0.220380,0.637769,0.012077,0.232213,0.547757,0.001293,0.262308,0.563331,-0.004531,0.268503,0.592906,-0.004183,0.209858,0.643847,-0.005851,0.227941,0.566004,-0.017152,0.257747,0.590830,-0.016019,0.261438,0.622970,-0.010837,0.202674,0.656146,-0.022887,0.222912,0.596482,-0.028774,0.247761,0.609811,-0.023904,0.252761,0.637340,-0.018267
4366,0,0.050786,0.057131,0.225025,2.119234,2.135352,0.192286,0.815744,0.000000,0.237145,0.769480,0.018622,0.252725,0.702802,0.025989,0.262518,0.656725,0.025079,0.272319,0.617814,0.024169,0.231506,0.639082,0.031358,0.241567,0.573307,0.029645,0.261457,0.536287,0.026684,0.270248,0.506505,0.023688,0.218870,0.637782,0.012754,0.233997,0.547928,0.002415,0.263401,0.563240,-0.003155,0.268289,0.592207,-0.002747,0.208905,0.643791,-0.006056,0.229919,0.565907,-0.016838,0.258427,0.591083,-0.015295,0.260442,0.622650,-0.010007,0.201915,0.655949,-0.023830,0.223779,0.595906,-0.029110,0.248345,0.609359,-0.023723,0.252159,0.636305,-0.017900
4401,0,0.039814,0.040777,0.183008,2.096282,2.118247,0.192382,0.815584,0.000000,0.236798,0.769512,0.017056,0.252708,0.702195,0.024237,0.262661,0.655995,0.023540,0.272309,0.617815,0.022967,0.233213,0.639323,0.030212,0.242694,0.573511,0.028727,0.261720,0.536664,0.025686,0.270177,0.506183,0.022431,0.220444,0.637992,0.012584,0.233668,0.548741,0.001951,0.262741,0.564063,-0.004289,0.268336,0.592876,-0.004385,0.210021,0.644165,-0.005259,0.229412,0.566429,-0.016367,0.258466,0.590941,-0.015526,0.262028,0.622312,-0.010688,0.202557,0.656139,-0.022163,0.223549,0.596766,-0.027869,0.248145,0.609298,-0.023182,0.253324,0.635503,-0.017852
4445,0,0.046397,0.047456,0.193659,2.095841,2.110777,0.191742,0.815834,0.000000,0.236568,0.770637,0.018298,0.252922,0.703964,0.025513,0.263066,0.658206,0.024427,0.273172,0.619127,0.023375,0.232900,0.639972,0.031767,0.242196,0.574364,0.030181,0.262092,0.537500,0.027152,0.270993,0.507952,0.024159,0.220304,0.638499,0.013282,0.233747,0.548889,0.002922,0.263134,0.563318,-0.002860,0.268613,0.591978,-0.002563,0.209786,0.644319,-0.005474,0.229217,0.565935,-0.016275,0.257960,0.590758,-0.014904,0.260557,0.622783,-0.009674,0.202171,0.655959,-0.023233,0.222740,0.595641,-0.028631,0.247336,0.608682,-0.023447,0.252055,0.635566,-0.017710
4477,0,0.035157,0.037932,0.224373,2.122396,2.129391,0.191634,0.816239,0.000000,0.236945,0.770667,0.018763,0.253128,0.704045,0.026112,0.263535,0.658168,0.025042,0.274023,0.618861,0.024061,0.232749,0.638656,0.032479,0.242284,0.573350,0.031052,0.262061,0.537246,0.028092,0.270528,0.508021,0.025024,0.219983,0.637390,0.013582,0.233953,0.548139,0.003266,0.263882,0.565060,-0.002290,0.269011,0.594783,-0.001821,0.209415,0.643317,-0.005578,0.228918,0.565827,-0.016364,0.257964,0.592309,-0.014617,0.260124,0.624430,-0.009141,0.202084,0.655809,-0.023740,0.223188,0.595469,-0.029126,0.247667,0.610006,-0.023561,0.251457,0.637932,-0.017577
4523,0,0.024965,0.027208,0.120374,2.114260,2.117604,0.191321,0.816273,0.000000,0.236825,0.769708,0.018525,0.253535,0.703993,0.025727,0.264056,0.658230,0.024563,0.274025,0.618721,0.023452,0.233149,0.639091,0.031962,0.242621,0.573153,0.030529,0.261814,0.536086,0.027662,0.270047,0.505775,0.024652,0.220371,0.637574,0.013231,0.234353,0.547598,0.002759,0.263794,0.563494,-0.002876,0.268865,0.592816,-0.002423,0.209794,0.643423,-0.005742,0.229488,0.565900,-0.016689,0.258056,0.592183,-0.014933,0.260052,0.624524,-0.009352,0.202037,0.655723,-0.023721,0.222731,0.595075,-0.029096,0.247155,0.609360,-0.023416,0.251140,0.637427,-0.017289
4578,0,0.056356,0.059204,0.184027,2.151089,2.149002,0.190838,0.816255,-0.000000,0.237037,0.769684,0.020319,0.253306,0.704155,0.028152,0.264348,0.658590,0.027074,0.274975,0.619027,0.025888,0.232473,0.638582,0.033739,0.242818,0.572547,0.032517,0.262198,0.535589,0.029697,0.270350,0.505185,0.026571,0.219616,0.637269,0.013788,0.234916,0.547262,0.003429,0.264311,0.564491,-0.002187,0.268719,0.593762,-0.001872,0.208962,0.643210,-0.006346,0.230127,0.565315,-0.017651,0.258418,0.593367,-0.015917,0.259232,0.625810,-0.010393,0.201508,0.656071,-0.025313,0.224421,0.595189,-0.030882,0.248442,0.611447,-0.025008,0.250754,0.640566,-0.018864
4605,0,0.050086,0.046840,0.163516,2.174092,2.177582,0.190464,0.816900,-0.000000,0.236785,0.769482,0.022255,0.252950,0.703905,0.030718,0.264338,0.658637,0.029889,0.275320,0.619385,0.028791,0.231195,0.639285,0.034247,0.241734,0.572053,0.032914,0.262031,0.535700,0.030177,0.270923,0.505510,0.027134,0.218820,0.638475,0.013126,0.235496,0.547716,0.003034,0.264289,0.566260,-0.002110,0.267070,0.595086,-0.001712,0.208553,0.644894,-0.008031,0.230728,0.565824,-0.018798,0.258620,0.594802,-0.016187,0.258055,0.626734,-0.010362,0.201305,0.658024,-0.027891,0.224186,0.595368,-0.032986,0.248401,0.611621,-0.026432,0.249733,0.640649,-0.020040
4655,0,0.052631,0.056353,0.202084,2.132897,2.136176,0.190512,0.817355,-0.000000,0.236721,0.770302,0.019911,0.253440,0.704908,0.027649,0.264584,0.659160,0.026603,0.274631,0.619393,0.025412,0.233138,0.639779,0.032807,0.242880,0.572987,0.031310,0.262212,0.535683,0.028496,0.270995,0.504370,0.025340,0.220364,0.638428,0.012986,0.235055,0.547872,0.002300,0.263240,0.565517,-0.003217,0.266919,0.594310,-0.002850,0.209489,0.644245,-0.007002,0.230049,0.565476,-0.018577,0.258004,0.593924,-0.016421,0.258714,0.626422,-0.010560,0.201239,0.657126,-0.025863,0.223302,0.595176,-0.031598,0.247476,0.611340,-0.025466,0.250130,0.640623,-0.019118
4686,0,0.053595,0.055423,0.107169,2.104742,2.111483,0.190021,0.817332,-0.000000,0.236698,0.770256,0.019128,0.253929,0.704898,0.026202,0.265162,0.659353,0.024686,0.275756,0.619616,0.023116,0.232926,0.640065,0.031381,0.243801,0.573088,0.029017,0.263203,0.535874,0.025570,0.271466,0.504905,0.022123,0.219654,0.638710,0.011919,0.234753,0.547748,0.000377,0.263386,0.565940,-0.005540,0.267404,0.595751,-0.005283,0.208454,0.644621,-0.007710,0.228905,0.564606,-0.019814,0.257495,0.592735,-0.017738,0.259182,0.625786,-0.011811,0.200367,0.657954,-0.026274,0.222832,0.595927,-0.032391,0.247090,0.611997,-0.026436,0.250233,0.641384,-0.020102
4733,0,0.094032,0.093160,0.343256,2.054707,2.054366,0.189538,0.817628,-0.000000,0.237687,0.771551,0.016945,0.256099,0.706663,0.023183,0.268452,0.660636,0.020764,0.280609,0.619923,0.018037,0.235683,0.641538,0.031633,0.245789,0.576027,0.029015,0.264632,0.537104,0.025314,0.273703,0.504065,0.021396,0.222592,0.639781,0.012377,0.235988,0.548723,0.000222,0.261780,0.566339,-0.006644,0.264774,0.593949,-0.007078,0.210566,0.644983,-0.007380,0.229748,0.565160,-0.020818,0.256425,0.594262,-0.019428,0.257130,0.627657,-0.013740,0.200055,0.657281,-0.026253,0.220777,0.594831,-0.033926,0.244844,0.611450,-0.028636,0.248181,0.641218,-0.022659
4783,0,0.169084,0.159235,0.361251,1.945495,1.935911,0.190457,0.816794,0.000000,0.239312,0.772574,0.013955,0.260866,0.708375,0.019106,0.275277,0.663683,0.016030,0.289089,0.624665,0.012683,0.240113,0.639947,0.031681,0.249766,0.575713,0.027712,0.269080,0.537832,0.021830,0.278400,0.506194,0.016409,0.225778,0.637666,0.013703,0.235750,0.549088,-0.000118,0.262077,0.564771,-0.009688,0.267242,0.592230,-0.011826,0.211629,0.641957,-0.005196,0.225309,0.563359,-0.020026,0.254001,0.589205,-0.021271,0.258737,0.622077,-0.017311,0.198421,0.653233,-0.023526,0.217475,0.594067,-0.033756,0.241703,0.608885,-0.031500,0.247792,0.636496,-0.027351
4813,0,0.260266,0.281101,0.544641,1.748548,1.739517,0.194464,0.814540,0.000000,0.241867,0.777496,0.004457,0.268455,0.714394,0.005985,0.284156,0.666594,0.001823,0.301090,0.628098,-0.002034,0.246750,0.640358,0.021467,0.256272,0.574694,0.016033,0.273510,0.537652,0.009720,0.282464,0.505830,0.004161,0.229440,0.637235,0.008832,0.236034,0.549315,-0.005819,0.264051,0.566049,-0.015011,0.272987,0.593916,-0.016903,0.211994,0.641347,-0.005089,0.223112,0.562313,-0.021772,0.252548,0.589209,-0.022561,0.258464,0.623290,-0.017871,0.194982,0.651629,-0.019064,0.212153,0.591683,-0.031563,0.236052,0.608225,-0.029501,0.241550,0.637250,-0.024892
4863,0,0.244434,0.303510,0.880649,1.656101,1.622313,0.192313,0.811717,0.000000,0.244405,0.780166,0.001873,0.275745,0.722211,0.003092,0.293328,0.673916,-0.001075,0.310903,0.633896,-0.005388,0.252045,0.643525,0.020135,0.265624,0.579441,0.015243,0.283597,0.543311,0.009325,0.292586,0.511110,0.003877,0.232578,0.637728,0.007860,0.237762,0.547552,-0.007498,0.265695,0.567906,-0.016836,0.274119,0.601506,-0.018083,0.212952,0.641561,-0.005905,0.222736,0.565353,-0.025408,0.250256,0.598371,-0.027213,0.253708,0.634585,-0.021958,0.193178,0.651433,-0.019658,0.208116,0.588766,-0.034927,0.228829,0.611250,-0.032840,0.229725,0.644998,-0.027337
4894,0,0.386841,0.371091,0.961717,1.413850,1.365501,0.194744,0.810960,0.000000,0.244535,0.785581,-0.008252,0.281320,0.730767,-0.011035,0.300975,0.681295,-0.016593,0.316764,0.639217,-0.022141,0.255749,0.647279,0.006048,0.273178,0.587085,-0.001508,0.292742,0.550134,-0.009065,0.302368,0.518678,-0.015152,0.234612,0.637364,-0.001117,0.243941,0.548042,-0.017114,0.270279,0.564074,-0.027195,0.276200,0.598455,-0.029174,0.212895,0.639530,-0.009887,0.223613,0.562477,-0.029086,0.251799,0.590339,-0.032019,0.255392,0.627067,-0.027972,0.189390,0.649323,-0.019420,0.202158,0.583236,-0.035429,0.223227,0.601022,-0.034422,0.225539,0.635636,-0.029510
4941,0,0.285607,0.283730,1.747350,1.237139,1.148381,0.193204,0.808552,0.000000,0.242373,0.785277,-0.013207,0.285505,0.732945,-0.016816,0.306311,0.684332,-0.021673,0.321925,0.642739,-0.026167,0.259594,0.644124,0.001591,0.283186,0.588129,-0.005896,0.300320,0.553250,-0.014375,0.311333,0.523269,-0.021354,0.235517,0.631943,-0.001758,0.245005,0.555564,-0.014853,0.267532,0.550979,-0.024964,0.278975,0.565992,-0.029670,0.210946,0.634101,-0.007320,0.219121,0.560815,-0.024946,0.244849,0.580161,-0.029688,0.255313,0.615161,-0.028661,0.185543,0.644925,-0.014295,0.197050,0.583294,-0.030926,0.217607,0.594808,-0.033102,0.227005,0.625731,-0.031227
4993,0,0.300887,0.325405,2.077167,1.115670,1.026726,0.190612,0.802940,0.000000,0.243439,0.782495,-0.017935,0.287739,0.737449,-0.023091,0.309930,0.688046,-0.028076,0.325878,0.644389,-0.032495,0.257646,0.643862,-0.003612,0.283549,0.588689,-0.014826,0.302318,0.556631,-0.026260,0.318308,0.529824,-0.034688,0.233752,0.630276,-0.004199,0.244002,0.559403,-0.016796,0.269496,0.542787,-0.027254,0.291825,0.540093,-0.034140,0.208695,0.631864,-0.007880,0.216273,0.560601,-0.026175,0.241757,0.567191,-0.033746,0.259981,0.589846,-0.035904,0.182475,0.642478,-0.013310,0.192927,0.583067,-0.031296,0.212158,0.587407,-0.035733,0.224766,0.610395,-0.035973
5021,0,0.371645,0.376969,3.037732,0.908251,0.708474,0.189558,0.802584,0.000000,0.244382,0.782512,-0.019280,0.290496,0.738499,-0.024453,0.314750,0.689703,-0.028763,0.332672,0.648206,-0.032360,0.259980,0.643790,-0.002959,0.289453,0.589433,-0.013163,0.307160,0.557173,-0.023955,0.322499,0.530266,-0.031647,0.234334,0.627443,-0.002265,0.254285,0.561174,-0.010809,0.274212,0.527227,-0.020175,0.293142,0.505151,-0.027138,0.207628,0.627194,-0.005172,0.218623,0.560022,-0.018186,0.239174,0.539946,-0.026475,0.259558,0.534655,-0.030785,0.179106,0.638073,-0.010146,0.186846,0.581081,-0.024154,0.203630,0.568790,-0.028730,0.220690,0.573947,-0.029874
5072,0,0.262105,0.256747,2.023247,0.914718,0.566705,0.186840,0.799631,0.000000,0.243283,0.783033,-0.019380,0.290339,0.742711,-0.025382,0.316056,0.694491,-0.030260,0.336489,0.652609,-0.034502,0.263480,0.643831,-0.003992,0.291871,0.588821,-0.015675,0.308543,0.555724,-0.027276,0.323011,0.526301,-0.035407,0.236089,0.626016,-0.003988,0.257704,0.558636,-0.013797,0.274637,0.519300,-0.023923,0.290688,0.486407,-0.031099,0.207669,0.624381,-0.007649,0.218009,0.557996,-0.020252,0.233990,0.524503,-0.028617,0.252156,0.498759,-0.033328,0.177547,0.634527,-0.013412,0.184061,0.578486,-0.025616,0.197951,0.554777,-0.029657,0.215296,0.539177,-0.031082
5102,0,0.256061,0.229406,0.972027,0.949767,0.443545,0.182688,0.794527,0.000000,0.241861,0.782197,-0.019890,0.290941,0.743320,-0.025544,0.317227,0.694129,-0.029674,0.338897,0.654487,-0.033059,0.265376,0.641337,-0.004060,0.294278,0.585905,-0.014617,0.309062,0.552013,-0.025307,0.321025,0.521858,-0.032958,0.236846,0.622348,-0.003094,0.259593,0.552455,-0.011511,0.274159,0.510479,-0.021109,0.285929,0.474963,-0.027846,0.207282,0.619393,-0.005607,0.217802,0.552042,-0.015980,0.228878,0.513304,-0.023665,0.240970,0.479888,-0.028421,0.175793,0.629534,-0.010258,0.180519,0.577009,-0.020398,0.187913,0.546597,-0.023952,0.198144,0.518416,-0.025476
5149,0,0.281903,0.251090,0.269630,1.042871,0.446037,0.180160,0.793214,0.000000,0.240196,0.784347,-0.021593,0.290270,0.746829,-0.028418,0.316814,0.696862,-0.033386,0.338945,0.656186,-0.037547,0.265960,0.641244,-0.008880,0.293841,0.583743,-0.020613,0.307494,0.547490,-0.031341,0.317647,0.515066,-0.039025,0.236384,0.620404,-0.007655,0.259081,0.547345,-0.017725,0.272259,0.503243,-0.027834,0.281573,0.465595,-0.034710,0.205550,0.616555,-0.009713,0.213658,0.545714,-0.021610,0.222351,0.503284,-0.029811,0.231481,0.466209,-0.034727,0.173008,0.626251,-0.013917,0.176114,0.570268,-0.025495,0.181245,0.536339,-0.029862,0.189000,0.504862,-0.031719
5196,0,0.129867,0.139783,0.127376,1.102047,0.436178,0.179362,0.794180,0.000000,0.239206,0.786063,-0.023224,0.288997,0.748848,-0.030989,0.315110,0.698161,-0.036725,0.337188,0.655211,-0.041516,0.266598,0.641490,-0.010397,0.293722,0.582588,-0.022979,0.306648,0.545093,-0.034259,0.316092,0.511826,-0.042286,0.236953,0.619441,-0.008753,0.259648,0.545852,-0.019779,0.272586,0.500940,-0.030499,0.281558,0.463560,-0.037774,0.205809,0.614456,-0.010615,0.214209,0.541903,-0.023451,0.222320,0.498631,-0.032545,0.230520,0.462102,-0.037914,0.172501,0.623372,-0.014751,0.174660,0.565576,-0.027351,0.178377,0.529096,-0.032825,0.184179,0.496293,-0.035343
5228,0,0.092434,0.078517,0.115791,1.130706,0.469382,0.177808,0.794045,0.000000,0.236608,0.785819,-0.024525,0.286429,0.750415,-0.033278,0.312954,0.699458,-0.039926,0.335238,0.655227,-0.045585,0.265001,0.641751,-0.011882,0.292381,0.582707,-0.025356,0.305277,0.544281,-0.037168,0.314730,0.510578,-0.045514,0.236008,0.619162,-0.009999,0.258773,0.545793,-0.021678,0.271476,0.500557,-0.032854,0.280454,0.462727,-0.040598,0.205133,0.613633,-0.011768,0.214292,0.540907,-0.025126,0.222246,0.497631,-0.034710,0.230140,0.461180,-0.040528,0.171956,0.621609,-0.015932,0.173987,0.563475,-0.029052,0.177097,0.526318,-0.035082,0.181694,0.492859,-0.038052
5262,0,0.065036,0.072084,0.093072,1.140620,0.490539,0.176016,0.794094,0.000000,0.234732,0.787323,-0.025791,0.284387,0.752232,-0.035190,0.310370,0.700417,-0.042235,0.333125,0.655940,-0.048218,0.264418,0.642285,-0.013311,0.291698,0.582964,-0.027172,0.304639,0.544350,-0.039155,0.313858,0.510124,-0.047687,0.235379,0.619017,-0.011063,0.258898,0.545835,-0.023260,0.271430,0.500346,-0.034695,0.280044,0.462400,-0.042589,0.204529,0.613221,-0.012550,0.215082,0.540524,-0.026446,0.223569,0.497076,-0.036359,0.231588,0.460886,-0.042377,0.171113,0.621622,-0.016515,0.173613,0.562807,-0.030252,0.176703,0.525392,-0.036748,0.181371,0.491578,-0.039934
5290,0,0.064629,0.097619,0.076958,1.083626,0.436820,0.173275,0.795551,0.000000,0.231737,0.789021,-0.025659,0.282951,0.752340,-0.034313,0.309514,0.700035,-0.040443,0.331588,0.655659,-0.045489,0.263935,0.642029,-0.012430,0.291190,0.582637,-0.025588,0.303579,0.543836,-0.037280,0.312619,0.509657,-0.045738,0.234621,0.618871,-0.009969,0.257933,0.545877,-0.021376,0.270467,0.500488,-0.032553,0.279127,0.462696,-0.040372,0.203600,0.613359,-0.011266,0.214609,0.540829,-0.024486,0.223125,0.497650,-0.034295,0.231266,0.460999,-0.040336,0.169715,0.621948,-0.015059,0.173024,0.563388,-0.028324,0.176601,0.526359,-0.034668,0.181571,0.492186,-0.037920
5343,0,0.031540,0.023023,0.055679,1.059714,0.429313,0.172964,0.795829,0.000000,0.232551,0.789004,-0.025495,0.282701,0.752583,-0.034094,0.308570,0.700222,-0.040383,0.330517,0.655367,-0.045579,0.263209,0.642801,-0.011592,0.290339,0.583288,-0.024778,0.303031,0.544531,-0.036639,0.312418,0.510457,-0.045185,0.234294,0.619890,-0.009137,0.257452,0.547231,-0.020586,0.270129,0.501704,-0.032034,0.278835,0.463822,-0.040168,0.203313,0.613935,-0.010481,0.214467,0.541167,-0.023775,0.222926,0.497889,-0.033862,0.230813,0.461605,-0.040204,0.169492,0.621746,-0.014333,0.172747,0.563787,-0.027716,0.176106,0.526685,-0.034399,0.180702,0.492896,-0.037911
5372,0,0.040399,0.031391,0.043915,1.039977,0.430711,0.172995,0.796656,0.000000,0.231932,0.789306,-0.025698,0.282206,0.752922,-0.034318,0.308242,0.700098,-0.040582,0.330645,0.656102,-0.045793,0.262536,0.643699,-0.011957,0.289679,0.583825,-0.025252,0.302332,0.544890,-0.037191,0.311796,0.510682,-0.045793,0.233392,0.621138,-0.009539,0.256275,0.547972,-0.021112,0.268740,0.502434,-0.032658,0.277460,0.464263,-0.040867,0.202486,0.615319,-0.010931,0.213885,0.542838,-0.024306,0.222786,0.499518,-0.034389,0.231212,0.462889,-0.040725,0.168897,0.623137,-0.014848,0.171899,0.564735,-0.028304,0.175414,0.527708,-0.034960,0.180409,0.493634,-0.038476
5403,0,0.026494,0.020255,0.054259,1.018883,0.413015,0.172688,0.796935,0.000000,0.231584,0.789641,-0.025803,0.281720,0.752751,-0.034422,0.307468,0.700018,-0.040637,0.329257,0.655722,-0.045801,0.262161,0.643325,-0.011762,0.289299,0.583743,-0.024949,0.301973,0.545011,-0.036898,0.311273,0.510887,-0.045517,0.232946,0.620790,-0.009189,0.255843,0.548173,-0.020604,0.268124,0.502656,-0.032107,0.276639,0.465026,-0.040245,0.201935,0.615248,-0.010444,0.213829,0.543164,-0.023720,0.222616,0.500085,-0.033763,0.230911,0.464162,-0.040032,0.168136,0.623063,-0.014237,0.171597,0.565016,-0.027566,0.175131,0.528143,-0.034137,0.180110,0.494686,-0.037539
5436,0,0.040663,0.044763,0.065151,0.979949,0.384784,0.171903,0.796919,0.000000,0.231210,0.790047,-0.026232,0.281397,0.753412,-0.034602,0.306741,0.700069,-0.040461,0.328458,0.655708,-0.045162,0.261649,0.643699,-0.011157,0.288793,0.584100,-0.023934,0.301555,0.545255,-0.035741,0.310767,0.510832,-0.044272,0.232547,0.621176,-0.008161,0.255635,0.548681,-0.019126,0.268024,0.503323,-0.030417,0.276744,0.465622,-0.038430,0.201670,0.615311,-0.009087,0.213914,0.543647,-0.021958,0.223323,0.500718,-0.031930,0.231957,0.464346,-0.038146,0.167772,0.622822,-0.012617,0.171702,0.564945,-0.025680,0.175230,0.528263,-0.032162,0.180251,0.494514,-0.035528
5471,0,0.018617,0.030052,0.024043,0.972756,0.389938,0.172319,0.796306,0.000000,0.231606,0.789692,-0.025842,0.281645,0.753165,-0.034118,0.306944,0.699697,-0.039974,0.328451,0.655602,-0.044743,0.261525,0.644205,-0.010812,0.288693,0.584693,-0.023671,0.301540,0.545926,-0.035578,0.310879,0.511426,-0.044209,0.232550,0.621772,-0.007978,0.255440,0.549364,-0.019079,0.267931,0.504087,-0.030470,0.276590,0.466146,-0.038585,0.201809,0.615843,-0.009032,0.214115,0.544211,-0.021998,0.223597,0.501417,-0.031965,0.232393,0.465237,-0.038194,0.168113,0.622994,-0.012663,0.172028,0.565242,-0.025735,0.175543,0.528702,-0.032196,0.180242,0.495417,-0.035560
5500,0,0.037639,0.036774,0.045800,0.989097,0.405401,0.172024,0.796589,0.000000,0.231172,0.789464,-0.026477,0.280931,0.753141,-0.035255,0.306246,0.700236,-0.041485,0.327512,0.655310,-0.046653,0.261158,0.643767,-0.011884,0.288023,0.584661,-0.024955,0.300799,0.546110,-0.036990,0.310441,0.511858,-0.045733,0.232338,0.621122,-0.008880,0.255155,0.549319,-0.020158,0.267442,0.503962,-0.031627,0.276101,0.466095,-0.039786,0.201569,0.615436,-0.009787,0.214204,0.543784,-0.023008,0.223524,0.500827,-0.033184,0.232065,0.464722,-0.039503,0.167815,0.622893,-0.013291,0.171702,0.565126,-0.026689,0.175241,0.528485,-0.033361,0.180014,0.495280,-0.036848
5532,0,0.036418,0.035080,0.038743,0.958691,0.381371,0.171511,0.796404,0.000000,0.230821,0.789209,-0.026365,0.280799,0.752866,-0.034870,0.306079,0.699847,-0.040824,0.327267,0.654961,-0.045678,0.260926,0.643610,-0.011039,0.287854,0.584443,-0.023849,0.300471,0.545826,-0.035827,0.309878,0.511386,-0.044544,0.231951,0.621275,-0.007933,0.254659,0.549478,-0.018959,0.266937,0.504313,-0.030423,0.275695,0.466718,-0.038662,0.201140,0.615648,-0.008784,0.213868,0.544490,-0.021705,0.223431,0.501725,-0.031876,0.232398,0.465678,-0.038307,0.167309,0.623323,-0.012244,0.171343,0.565947,-0.025426,0.175048,0.529384,-0.032159,0.180033,0.495784,-0.035721
5566,0,0.021014,0.023914,0.042857,0.945952,0.371250,0.172049,0.796873,0.000000,0.231293,0.789475,-0.026087,0.280944,0.752750,-0.034370,0.305739,0.699188,-0.040175,0.327271,0.654928,-0.044883,0.260622,0.643868,-0.010610,0.287591,0.584826,-0.023362,0.300342,0.546344,-0.035379,0.309984,0.512092,-0.044104,0.231761,0.621698,-0.007641,0.254578,0.549895,-0.018636,0.266739,0.504542,-0.030123,0.275350,0.466812,-0.038299,0.200945,0.616148,-0.008610,0.214141,0.544680,-0.021557,0.223925,0.502180,-0.031521,0.232980,0.466394,-0.037733,0.166841,0.623888,-0.012168,0.171132,0.566039,-0.025309,0.175082,0.529654,-0.031786,0.180354,0.496094,-0.035184
5594,0,0.020678,0.020401,0.049745,0.942407,0.365272,0.172030,0.796661,0.000000,0.231295,0.789276,-0.026255,0.280866,0.752659,-0.034635,0.305798,0.699378,-0.040452,0.326729,0.654768,-0.045155,0.260560,0.643943,-0.011023,0.287176,0.584719,-0.023762,0.299588,0.545998,-0.035714,0.308933,0.511453,-0.044377,0.231788,0.621577,-0.007854,0.254414,0.549761,-0.018688,0.266448,0.504574,-0.029897,0.274916,0.467164,-0.037906,0.201173,0.615691,-0.008592,0.214047,0.544684,-0.021287,0.223543,0.502506,-0.030993,0.232114,0.467318,-0.037022,0.167372,0.622966,-0.011952,0.171551,0.565549,-0.024752,0.175210,0.529250,-0.030993,0.179908,0.496248,-0.034211
5629,0,0.024420,0.022584,0.022557,0.940188,0.374880,0.171371,0.797053,0.000000,0.230503,0.789656,-0.026770,0.280268,0.753226,-0.035446,0.305462,0.699985,-0.041454,0.326750,0.655132,-0.046295,0.260465,0.643997,-0.011379,0.287045,0.584965,-0.024155,0.299499,0.546544,-0.036135,0.308680,0.512169,-0.044846,0.231570,0.621695,-0.008097,0.254421,0.550063,-0.019013,0.266523,0.505113,-0.030339,0.275189,0.467554,-0.038450,0.200777,0.615998,-0.008800,0.213778,0.545105,-0.021646,0.223517,0.503016,-0.031523,0.232344,0.467508,-0.037708,0.166896,0.623515,-0.012157,0.171044,0.565934,-0.025162,0.174714,0.529490,-0.031559,0.179669,0.496163,-0.034916
5663,0,0.022568,0.025113,0.037865,0.927976,0.377717,0.171863,0.797491,0.000000,0.231090,0.789580,-0.026354,0.280284,0.753128,-0.034920,0.305560,0.700010,-0.040956,0.326910,0.655284,-0.045876,0.260097,0.644831,-0.011345,0.286715,0.585716,-0.024212,0.299143,0.546867,-0.036283,0.308318,0.512330,-0.045026,0.231246,0.622607,-0.008217,0.254157,0.551199,-0.019133,0.266195,0.505946,-0.030478,0.274594,0.468262,-0.038655,0.200412,0.616811,-0.009009,0.213606,0.546040,-0.021717,0.223273,0.503646,-0.031593,0.231999,0.468248,-0.037841,0.166559,0.623967,-0.012416,0.170815,0.566641,-0.025292,0.174602,0.530179,-0.031664,0.179423,0.497023,-0.035044
5710,0,0.030447,0.019413,0.031649,0.922704,0.374689,0.171235,0.797239,0.000000,0.230523,0.789536,-0.026341,0.279913,0.752913,-0.034874,0.304758,0.699589,-0.040833,0.325672,0.654784,-0.045664,0.259673,0.644132,-0.011548,0.285883,0.584689,-0.024401,0.298190,0.546117,-0.036496,0.307388,0.511517,-0.045277,0.230615,0.622511,-0.008410,0.252998,0.551118,-0.019306,0.264966,0.505962,-0.030678,0.273338,0.467999,-0.038859,0.199787,0.617191,-0.009168,0.212697,0.546615,-0.021862,0.222368,0.504522,-0.031718,0.231116,0.469067,-0.037907,0.165742,0.624803,-0.012544,0.170186,0.567252,-0.025424,0.174142,0.530929,-0.031789,0.178984,0.497798,-0.035103
5741,0,0.026009,0.030339,0.043592,0.915534,0.368411,0.171194,0.797677,0.000000,0.230567,0.789153,-0.026191,0.279795,0.752904,-0.034622,0.304371,0.699700,-0.040518,0.324861,0.654736,-0.045341,0.258482,0.644407,-0.011291,0.284760,0.584476,-0.024167,0.297056,0.545643,-0.036294,0.306348,0.510836,-0.045095,0.229632,0.622725,-0.008154,0.251851,0.551208,-0.019097,0.263631,0.505608,-0.030574,0.271883,0.467351,-0.038864,0.198960,0.617452,-0.008893,0.211872,0.546670,-0.021632,0.221695,0.504582,-0.031489,0.230374,0.469398,-0.037632,0.165221,0.625013,-0.012233,0.169573,0.567164,-0.025135,0.173586,0.530769,-0.031489,0.178485,0.497729,-0.034728
5774,0,0.025337,0.028428,0.052729,0.908177,0.375426,0.171511,0.798658,0.000000,0.230697,0.790229,-0.026235,0.279676,0.752914,-0.034728,0.304009,0.699412,-0.040618,0.324255,0.654313,-0.045401,0.258369,0.645360,-0.011623,0.284529,0.585384,-0.024547,0.296746,0.546475,-0.036715,0.305777,0.511492,-0.045471,0.229330,0.623557,-0.008511,0.251516,0.551631,-0.019395,0.263207,0.505901,-0.030719,0.271250,0.467644,-0.038895,0.198551,0.618163,-0.009258,0.211397,0.547190,-0.021821,0.221151,0.504983,-0.031475,0.229842,0.469548,-0.037524,0.164725,0.625752,-0.012616,0.169084,0.567775,-0.025303,0.173015,0.531443,-0.031404,0.177746,0.498394,-0.034499
5803,0,0.042015,0.038056,0.058643,0.880400,0.347731,0.171080,0.798532,0.000000,0.230687,0.790011,-0.025987,0.279600,0.753070,-0.034169,0.303733,0.699535,-0.039799,0.323963,0.654692,-0.044338,0.257770,0.644974,-0.010319,0.284030,0.585471,-0.022767,0.296234,0.546531,-0.034732,0.305297,0.511804,-0.043424,0.228896,0.623307,-0.007152,0.250926,0.551411,-0.017639,0.262742,0.505907,-0.028855,0.271022,0.467999,-0.036949,0.198173,0.617808,-0.007891,0.211112,0.546903,-0.020216,0.220954,0.505074,-0.029911,0.229881,0.470019,-0.036034,0.164088,0.625270,-0.011243,0.168494,0.568027,-0.023788,0.172421,0.531880,-0.029964,0.177410,0.498999,-0.033166
5836,0,0.033261,0.029347,0.066735,0.893762,0.359193,0.170730,0.799113,0.000000,0.229728,0.790513,-0.026339,0.279014,0.753105,-0.034820,0.303534,0.699796,-0.040679,0.323676,0.654403,-0.045394,0.257650,0.645333,-0.011252,0.283826,0.585609,-0.024087,0.296264,0.546645,-0.036210,0.305198,0.511514,-0.045007,0.228662,0.623627,-0.008072,0.250763,0.551774,-0.018826,0.262433,0.506268,-0.030105,0.270536,0.468093,-0.038251,0.197788,0.618228,-0.008797,0.210809,0.547709,-0.021202,0.220702,0.505667,-0.030791,0.229635,0.470535,-0.036808,0.163855,0.625642,-0.012167,0.168076,0.568135,-0.024668,0.171991,0.532153,-0.030650,0.177018,0.499298,-0.033694
5871,0,0.023040,0.021272,0.067263,0.875853,0.343771,0.170578,0.799813,0.000000,0.229723,0.790608,-0.026422,0.278978,0.753447,-0.034806,0.302916,0.699716,-0.040583,0.322882,0.654155,-0.045198,0.257492,0.645151,-0.010718,0.283615,0.585643,-0.023321,0.295901,0.546783,-0.035422,0.304964,0.512012,-0.044177,0.228590,0.623811,-0.007468,0.250485,0.552234,-0.018037,0.262129,0.506817,-0.029328,0.270304,0.468801,-0.037483,0.197636,0.618535,-0.008182,0.210888,0.548063,-0.020574,0.220706,0.506251,-0.030297,0.229632,0.471152,-0.036426,0.163572,0.626223,-0.011546,0.167909,0.568714,-0.024149,0.171680,0.532600,-0.030297,0.176459,0.499557,-0.033467
5901,0,0.027038,0.019236,0.040843,0.865301,0.337595,0.170006,0.799934,0.000000,0.229189,0.790981,-0.026895,0.278352,0.754007,-0.035496,0.302424,0.700475,-0.041382,0.322207,0.654601,-0.046105,0.256957,0.645129,-0.010707,0.283061,0.585888,-0.023299,0.295382,0.547189,-0.035566,0.304470,0.512248,-0.044484,0.228022,0.623815,-0.007204,0.249933,0.552367,-0.017660,0.261630,0.507039,-0.029027,0.270113,0.469105,-0.037329,0.197150,0.618639,-0.007711,0.210722,0.548492,-0.019951,0.220824,0.506826,-0.029715,0.230152,0.471535,-0.035936,0.162923,0.626453,-0.010918,0.167390,0.569501,-0.023458,0.171343,0.533484,-0.029627,0.176301,0.500370,-0.032834
5932,0,0.040761,0.044899,0.042927,0.837838,0.317523,0.170049,0.799433,0.000000,0.229428,0.790267,-0.026419,0.278499,0.753568,-0.034667,0.302273,0.700187,-0.040325,0.321552,0.654344,-0.044801,0.256703,0.644781,-0.009623,0.282658,0.585616,-0.021854,0.294887,0.547191,-0.033945,0.303757,0.512533,-0.042722,0.227825,0.623665,-0.006151,0.249656,0.552828,-0.016232,0.261237,0.507843,-0.027424,0.269503,0.470191,-0.035619,0.197159,0.618611,-0.006702,0.210742,0.548800,-0.018559,0.220878,0.507402,-0.028076,0.230195,0.472515,-0.034174,0.163070,0.626013,-0.009949,0.167297,0.569412,-0.022101,0.171358,0.533625,-0.027988,0.176332,0.501015,-0.031019
5968,0,0.024947,0.041917,0.040234,0.839879,0.330980,0.170708,0.800611,0.000000,0.229543,0.791250,-0.026351,0.278475,0.753712,-0.034515,0.302224,0.700247,-0.040062,0.321407,0.654567,-0.044451,0.256555,0.645108,-0.009919,0.282577,0.585940,-0.022208,0.294809,0.547450,-0.034321,0.303618,0.512585,-0.043117,0.227587,0.624311,-0.006614,0.249426,0.552987,-0.016766,0.261079,0.507758,-0.028001,0.269387,0.469972,-0.036200,0.196844,0.619514,-0.007308,0.210720,0.549204,-0.019294,0.221083,0.507472,-0.028897,0.230587,0.472365,-0.035041,0.162651,0.627263,-0.010665,0.167019,0.570332,-0.022980,0.171191,0.534438,-0.028949,0.176571,0.501556,-0.032039
5997,0,0.016458,0.020046,0.028204,0.832629,0.316045,0.170131,0.801061,0.000000,0.229638,0.791496,-0.026591,0.278369,0.753712,-0.034840,0.302086,0.700052,-0.040415,0.321727,0.654336,-0.044846,0.256210,0.645499,-0.009972,0.282425,0.586089,-0.022230,0.294751,0.547331,-0.034259,0.303599,0.512443,-0.042982,0.227275,0.624720,-0.006476,0.249236,0.553171,-0.016584,0.260938,0.508072,-0.027699,0.269327,0.470461,-0.035807,0.196543,0.619926,-0.007004,0.210533,0.549467,-0.018941,0.220902,0.507686,-0.028456,0.230468,0.472480,-0.034523,0.162421,0.627733,-0.010227,0.166808,0.570842,-0.022494,0.171050,0.534828,-0.028420,0.176348,0.501967,-0.031463
6029,0,0.035736,0.043853,0.042632,0.802456,0.280027,0.169708,0.801930,0.000000,0.229029,0.792630,-0.026706,0.278480,0.754579,-0.034809,0.302552,0.700864,-0.040235,0.322029,0.655131,-0.044428,0.256607,0.645925,-0.009407,0.282536,0.586565,-0.021386,0.294562,0.547391,-0.033294,0.303317,0.512541,-0.041961,0.227695,0.624912,-0.005738,0.249378,0.553385,-0.015423,0.260820,0.508124,-0.026265,0.269085,0.470649,-0.034140,0.196905,0.619709,-0.006148,0.211060,0.549360,-0.017669,0.221360,0.507945,-0.026882,0.230849,0.473114,-0.032783,0.162762,0.627318,-0.009310,0.167237,0.570678,-0.021192,0.171297,0.535134,-0.026847,0.176433,0.502682,-0.029736
6062,0,0.028290,0.027948,0.079647,0.795259,0.294966,0.170141,0.802317,0.000000,0.229350,0.792430,-0.026140,0.278590,0.755207,-0.034164,0.302113,0.700810,-0.039626,0.321531,0.655040,-0.043938,0.256966,0.646421,-0.009023,0.282540,0.586967,-0.021085,0.294556,0.548207,-0.033139,0.303267,0.513432,-0.041923,0.227983,0.625668,-0.005718,0.249344,0.554322,-0.015598,0.260677,0.509054,-0.026794,0.268915,0.471237,-0.035030,0.197164,0.620491,-0.006438,0.211026,0.550488,-0.018169,0.221271,0.508867,-0.027713,0.230580,0.473785,-0.033864,0.162796,0.628229,-0.009845,0.167044,0.571517,-0.021898,0.171167,0.535846,-0.027766,0.176302,0.503083,-0.030824
6121,0,0.021033,0.033468,0.038131,0.801323,0.298150,0.169366,0.801662,0.000000,0.229039,0.792488,-0.026755,0.278434,0.755203,-0.034915,0.301883,0.700951,-0.040396,0.321125,0.654906,-0.044732,0.256304,0.646895,-0.009614,0.282050,0.587584,-0.021908,0.294141,0.548585,-0.034069,0.303109,0.513416,-0.042899,0.227536,0.625795,-0.005992,0.248770,0.554443,-0.016021,0.260133,0.509092,-0.027213,0.268387,0.470870,-0.035409,0.196848,0.620503,-0.006442,0.210661,0.550692,-0.018295,0.220872,0.509183,-0.027742,0.230160,0.473792,-0.033805,0.162817,0.627877,-0.009632,0.167252,0.571443,-0.021767,0.171460,0.535932,-0.027565,0.176525,0.503228,-0.030562
6160,0,0.023861,0.038778,0.048885,0.808514,0.330093,0.170281,0.801682,0.000000,0.229638,0.792707,-0.026869,0.278615,0.755512,-0.035011,0.302210,0.701366,-0.040445,0.320876,0.655293,-0.044735,0.255826,0.647063,-0.009988,0.281717,0.587546,-0.022385,0.293937,0.548560,-0.034659,0.303053,0.513311,-0.043575,0.227092,0.626140,-0.006330,0.248320,0.554800,-0.016547,0.259821,0.509138,-0.027977,0.268189,0.470607,-0.036365,0.196455,0.621178,-0.006713,0.210172,0.551275,-0.018728,0.220489,0.509510,-0.028434,0.230028,0.474103,-0.034659,0.162491,0.628698,-0.009839,0.166768,0.572233,-0.022157,0.171057,0.536488,-0.028171,0.176397,0.503673,-0.031318
6193,0,0.038317,0.044642,0.038139,0.818491,0.348130,0.170613,0.802986,0.000000,0.229793,0.793473,-0.026908,0.278657,0.755744,-0.035352,0.301703,0.701963,-0.041063,0.320524,0.655832,-0.045618,0.256032,0.647230,-0.010704,0.281731,0.587980,-0.023405,0.294149,0.549047,-0.035825,0.303190,0.513689,-0.044882,0.227121,0.626436,-0.007240,0.248547,0.555226,-0.017816,0.260084,0.509658,-0.029361,0.268382,0.470971,-0.037805,0.196320,0.621835,-0.007796,0.210112,0.551881,-0.020129,0.220743,0.510190,-0.029922,0.230477,0.474585,-0.036158,0.162132,0.629783,-0.011063,0.166587,0.572981,-0.023667,0.170986,0.537036,-0.029764,0.176399,0.503967,-0.032952
6227,0,0.036386,0.038522,0.063115,0.789073,0.312333,0.170251,0.803234,0.000000,0.229571,0.793380,-0.026967,0.278282,0.755834,-0.035172,0.302103,0.702117,-0.040688,0.320794,0.655894,-0.045045,0.255577,0.647312,-0.009522,0.281540,0.588133,-0.021908,0.293855,0.549092,-0.034241,0.302704,0.513930,-0.043218,0.226877,0.626653,-0.005894,0.248460,0.555307,-0.016172,0.259952,0.509745,-0.027688,0.268311,0.471564,-0.036050,0.196359,0.621773,-0.006377,0.210291,0.551726,-0.018464,0.220841,0.510195,-0.028232,0.230614,0.474831,-0.034451,0.162380,0.629434,-0.009610,0.166809,0.573176,-0.021943,0.171230,0.537500,-0.027969,0.176876,0.504655,-0.031096
6254,0,0.019189,0.016479,0.067314,0.786758,0.323642,0.170233,0.803354,0.000000,0.230126,0.793500,-0.026804,0.278728,0.756502,-0.035158,0.301890,0.702661,-0.040839,0.320712,0.656126,-0.045341,0.255737,0.647662,-0.009858,0.281607,0.588517,-0.022266,0.293782,0.549588,-0.034542,0.302715,0.514592,-0.043442,0.226866,0.627036,-0.006279,0.248299,0.555508,-0.016489,0.259860,0.510171,-0.027842,0.268145,0.472264,-0.036161,0.196124,0.622341,-0.006763,0.210251,0.552149,-0.018837,0.220602,0.510530,-0.028510,0.229957,0.475369,-0.034666,0.162014,0.630259,-0.009955,0.166711,0.573589,-0.022319,0.170998,0.537787,-0.028316,0.176220,0.505144,-0.031412
6279,0,0.017251,0.020513,0.072616,0.776442,0.313156,0.170448,0.803937,0.000000,0.229720,0.794448,-0.026701,0.278670,0.756409,-0.034839,0.302139,0.702461,-0.040288,0.321295,0.656482,-0.044577,0.255992,0.647594,-0.009896,0.281860,0.588168,-0.022043,0.294002,0.549409,-0.034101,0.302878,0.514646,-0.042890,0.227043,0.626896,-0.006297,0.248496,0.555426,-0.016224,0.259945,0.510133,-0.027334,0.268038,0.472504,-0.035472,0.196379,0.622377,-0.006746,0.210368,0.551979,-0.018527,0.220813,0.510520,-0.028072,0.230384,0.475506,-0.034207,0.162343,0.630460,-0.009896,0.166515,0.574000,-0.022078,0.170778,0.538527,-0.028002,0.176315,0.505918,-0.031095
6304,0,0.024768,0.016862,0.038568,0.756825,0.306814,0.170431,0.804386,0.000000,0.229722,0.794705,-0.027025,0.278563,0.757041,-0.035305,0.302281,0.702910,-0.040837,0.321386,0.656929,-0.045171,0.255734,0.648359,-0.009557,0.282013,0.588990,-0.021775,0.294199,0.550319,-0.033914,0.303118,0.515659,-0.042705,0.227054,0.627710,-0.005814,0.248525,0.555901,-0.015785,0.260092,0.510812,-0.026972,0.268279,0.473108,-0.035147,0.196450,0.622824,-0.006175,0.210321,0.552853,-0.017943,0.220769,0.511213,-0.027501,0.230244,0.475973,-0.033649,0.162585,0.630634,-0.009302,0.166883,0.574633,-0.021388,0.171015,0.539012,-0.027272,0.176220,0.506141,-0.030337
6330,0,0.026197,0.027072,0.052338,0.766048,0.330460,0.170706,0.804676,0.000000,0.230089,0.794751,-0.026814,0.278762,0.757665,-0.035323,0.302110,0.703979,-0.041189,0.321157,0.657475,-0.045876,0.255849,0.648576,-0.009795,0.281848,0.589377,-0.022215,0.294114,0.550506,-0.034477,0.303006,0.515585,-0.043374,0.226923,0.627930,-0.006307,0.248326,0.556409,-0.016507,0.259745,0.511068,-0.027800,0.267931,0.473404,-0.036010,0.196083,0.623382,-0.006893,0.210065,0.553143,-0.018886,0.220570,0.511370,-0.028434,0.230330,0.476049,-0.034548,0.161977,0.631528,-0.010209,0.166310,0.574720,-0.022497,0.170697,0.538915,-0.028364,0.176332,0.506453,-0.031376