t,missing,delta_l1,delta_l1_wrist,delta_angles,delta_base_l1,delta_base_l1_wrist,x0,y0,z0,x1,y1,z1,x2,y2,z2,x3,y3,z3,x4,y4,z4,x5,y5,z5,x6,y6,z6,x7,y7,z7,x8,y8,z8,x9,y9,z9,x10,y10,z10,x11,y11,z11,x12,y12,z12,x13,y13,z13,x14,y14,z14,x15,y15,z15,x16,y16,z16,x17,y17,z17,x18,y18,z18,x19,y19,z19,x20,y20,z20
32,0,,,,0.000000,0.000000,0.144117,0.820519,0.000000,0.220646,0.817928,-0.031288,0.290639,0.777361,-0.042944,0.338072,0.723020,-0.052147,0.376815,0.677558,-0.060263,0.268385,0.626858,-0.015750,0.310353,0.548542,-0.032303,0.330496,0.497374,-0.047545,0.345113,0.452315,-0.058470,0.231866,0.594932,-0.013591,0.266955,0.499166,-0.026852,0.283530,0.438953,-0.040868,0.292756,0.389828,-0.051014,0.192970,0.583909,-0.015821,0.216021,0.492129,-0.029754,0.230374,0.438322,-0.040325,0.241508,0.393409,-0.047309,0.149877,0.590212,-0.021425,0.161756,0.516500,-0.034969,0.170457,0.469969,-0.040396,0.178846,0.428922,-0.042873
68,0,0.039092,0.032423,0.049141,0.039092,0.032423,0.143477,0.820706,0.000000,0.219543,0.818219,-0.031132,0.290276,0.778308,-0.042712,0.337747,0.723862,-0.051886,0.376763,0.678715,-0.060046,0.267948,0.627232,-0.015896,0.309929,0.549132,-0.032641,0.330305,0.498045,-0.047947,0.345081,0.452919,-0.058914,0.231327,0.595567,-0.013997,0.266436,0.499894,-0.027594,0.282944,0.439603,-0.041910,0.292591,0.390188,-0.052310,0.192471,0.585084,-0.016474,0.215430,0.493381,-0.030683,0.229846,0.439241,-0.041532,0.241150,0.393835,-0.048726,0.149155,0.591486,-0.022276,0.161362,0.517478,-0.036014,0.170286,0.470967,-0.041627,0.179127,0.429631,-0.044268
101,0,0.050016,0.048374,0.045842,0.061893,0.046145,0.142494,0.821559,0.000000,0.219574,0.818194,-0.030601,0.290415,0.778125,-0.041744,0.337366,0.723468,-0.050602,0.376251,0.678811,-0.058376,0.267818,0.627518,-0.014535,0.309713,0.549503,-0.030766,0.329720,0.498686,-0.045937,0.344366,0.453638,-0.056868,0.231003,0.596072,-0.012756,0.265984,0.500666,-0.025913,0.282511,0.440569,-0.040213,0.292038,0.391225,-0.050649,0.192133,0.585694,-0.015336,0.214974,0.494229,-0.029329,0.229537,0.440365,-0.040284,0.240953,0.394857,-0.047610,0.148859,0.591996,-0.021214,0.161063,0.518725,-0.034912,0.169967,0.472240,-0.040613,0.178711,0.431100,-0.043346
134,0,0.036687,0.021517,0.034636,0.089194,0.040358,0.141983,0.821834,0.000000,0.219153,0.818735,-0.030682,0.289474,0.778848,-0.041931,0.336050,0.723917,-0.050987,0.374407,0.678426,-0.058911,0.266882,0.627811,-0.014645,0.308709,0.549669,-0.031130,0.328669,0.498861,-0.046412,0.343419,0.453816,-0.057401,0.230285,0.596569,-0.012841,0.265278,0.501716,-0.026248,0.281533,0.441777,-0.040587,0.290830,0.392402,-0.051034,0.191456,0.586316,-0.015388,0.214359,0.495187,-0.029502,0.228813,0.441039,-0.040351,0.239994,0.395510,-0.047520,0.147981,0.592829,-0.021260,0.160271,0.519699,-0.035044,0.169077,0.473053,-0.040681,0.177715,0.431533,-0.043322
167,0,0.051719,0.043598,0.035250,0.126734,0.046514,0.141612,0.823117,0.000000,0.217935,0.819919,-0.030990,0.288500,0.778982,-0.042285,0.335346,0.723957,-0.051250,0.373661,0.678348,-0.059203,0.266283,0.627689,-0.015107,0.307774,0.549310,-0.031602,0.327561,0.498411,-0.046944,0.342224,0.453089,-0.058027,0.229402,0.596993,-0.013271,0.263933,0.501853,-0.026731,0.279947,0.442025,-0.041202,0.289229,0.392661,-0.051768,0.190442,0.587337,-0.015824,0.213239,0.496386,-0.030072,0.227291,0.442331,-0.041014,0.238419,0.396891,-0.048285,0.146846,0.594863,-0.021707,0.158941,0.521339,-0.035767,0.167835,0.474657,-0.041602,0.176434,0.432996,-0.044379
202,0,0.040906,0.024945,0.057703,0.157115,0.056514,0.140533,0.823450,0.000000,0.217217,0.819148,-0.030508,0.288281,0.778177,-0.041675,0.334814,0.723382,-0.050651,0.372833,0.678058,-0.058614,0.265042,0.628243,-0.014783,0.306287,0.549738,-0.031380,0.326387,0.498870,-0.046787,0.341105,0.453426,-0.057954,0.228374,0.597259,-0.013263,0.262532,0.502187,-0.026880,0.278562,0.442212,-0.041534,0.287916,0.392658,-0.052253,0.189348,0.587341,-0.016079,0.211370,0.496242,-0.030461,0.225417,0.442145,-0.041604,0.236498,0.396417,-0.049002,0.146004,0.594386,-0.022192,0.157768,0.520621,-0.036186,0.166399,0.474195,-0.042005,0.175017,0.432759,-0.044808
234,0,0.031927,0.025977,0.051473,0.165951,0.053167,0.140187,0.823389,0.000000,0.216688,0.819424,-0.030986,0.287440,0.778270,-0.042335,0.334472,0.723867,-0.051376,0.372603,0.678202,-0.059382,0.264261,0.628247,-0.015234,0.305471,0.549775,-0.031739,0.325384,0.498925,-0.047067,0.340052,0.453591,-0.058110,0.227539,0.597468,-0.013327,0.261467,0.502075,-0.026724,0.277443,0.442217,-0.041087,0.286582,0.392773,-0.051565,0.188532,0.587566,-0.015811,0.210732,0.496427,-0.029856,0.224967,0.442273,-0.040663,0.236168,0.396661,-0.047868,0.145080,0.594526,-0.021662,0.156757,0.520976,-0.035412,0.165309,0.474526,-0.041063,0.173783,0.433017,-0.043724
266,0,0.047966,0.035607,0.025184,0.185437,0.080166,0.139647,0.823192,0.000000,0.215926,0.818954,-0.030153,0.286951,0.777504,-0.041066,0.334195,0.723055,-0.049815,0.372013,0.677881,-0.057530,0.264007,0.627083,-0.014441,0.304736,0.548139,-0.030599,0.324354,0.497381,-0.045699,0.338742,0.452145,-0.056636,0.226673,0.596680,-0.012889,0.260364,0.501486,-0.025990,0.276207,0.441743,-0.040219,0.285466,0.392695,-0.050568,0.187555,0.587238,-0.015641,0.209677,0.495966,-0.029447,0.223585,0.442010,-0.040031,0.234740,0.396781,-0.047063,0.144020,0.594650,-0.021697,0.155857,0.520890,-0.035162,0.164337,0.474470,-0.040525,0.172809,0.433257,-0.042947
299,0,0.033877,0.037346,0.022709,0.200430,0.095693,0.139443,0.823684,0.000000,0.215590,0.818699,-0.030459,0.286695,0.776702,-0.041420,0.333254,0.721932,-0.050146,0.371075,0.676477,-0.057861,0.263244,0.627049,-0.014759,0.303856,0.547993,-0.031094,0.323497,0.497363,-0.046336,0.337985,0.452090,-0.057344,0.226270,0.596575,-0.013172,0.259819,0.501287,-0.026437,0.275508,0.441230,-0.040785,0.284594,0.391973,-0.051228,0.187136,0.587238,-0.015947,0.208848,0.496167,-0.029965,0.222646,0.441811,-0.040856,0.233705,0.396191,-0.048124,0.143478,0.594674,-0.022051,0.155064,0.521236,-0.035775,0.163341,0.474698,-0.041444,0.171687,0.433190,-0.044149
331,0,0.058876,0.035915,0.040080,0.233017,0.114960,0.138551,0.823248,0.000000,0.215446,0.818476,-0.030047,0.286022,0.775831,-0.040762,0.332606,0.720669,-0.049357,0.370318,0.675218,-0.056892,0.262680,0.625909,-0.013776,0.302922,0.546895,-0.029812,0.322227,0.495958,-0.044835,0.336279,0.450669,-0.055762,0.225201,0.595690,-0.012245,0.258681,0.500455,-0.025385,0.274141,0.440634,-0.039631,0.283178,0.391651,-0.049969,0.185936,0.586646,-0.015083,0.207578,0.495222,-0.029105,0.221422,0.441301,-0.039843,0.232372,0.396130,-0.046955,0.142374,0.594324,-0.021193,0.153708,0.520671,-0.035016,0.161979,0.473875,-0.040691,0.170463,0.432206,-0.043352
364,0,0.048465,0.026877,0.032096,0.245348,0.104516,0.137335,0.823044,0.000000,0.213195,0.817856,-0.030889,0.284309,0.775442,-0.042058,0.331405,0.720543,-0.050940,0.369574,0.674654,-0.058716,0.261288,0.625569,-0.014561,0.301215,0.546261,-0.030772,0.320416,0.495442,-0.046016,0.334603,0.450107,-0.057019,0.224232,0.595492,-0.012700,0.257308,0.500142,-0.025824,0.272757,0.440172,-0.040243,0.281522,0.390873,-0.050799,0.185005,0.586327,-0.015280,0.206642,0.495086,-0.029169,0.220242,0.441198,-0.040031,0.231058,0.395802,-0.047265,0.141564,0.593722,-0.021229,0.153105,0.520193,-0.034777,0.161399,0.474077,-0.040314,0.169712,0.432728,-0.042953
397,0,0.043889,0.026142,0.060675,0.259781,0.101088,0.136517,0.822208,0.000000,0.212924,0.816551,-0.030889,0.283778,0.774909,-0.042175,0.330433,0.719500,-0.051175,0.368960,0.673649,-0.059139,0.260484,0.625463,-0.015020,0.300377,0.546365,-0.031455,0.319164,0.495374,-0.046746,0.333039,0.449596,-0.057820,0.223511,0.595177,-0.013242,0.256694,0.500126,-0.026601,0.271734,0.439981,-0.040950,0.280288,0.390415,-0.051411,0.184225,0.585710,-0.015880,0.205832,0.494666,-0.030041,0.219154,0.440694,-0.040832,0.229787,0.395393,-0.047971,0.140646,0.592978,-0.021865,0.151953,0.519274,-0.035554,0.160000,0.472980,-0.041044,0.168123,0.432173,-0.043612
431,0,0.038692,0.042374,0.078691,0.279848,0.126630,0.136634,0.822470,0.000000,0.212505,0.817565,-0.031260,0.282753,0.774840,-0.042597,0.329646,0.719785,-0.051606,0.368218,0.673895,-0.059509,0.259847,0.624626,-0.014948,0.299476,0.545542,-0.031213,0.318381,0.494400,-0.046526,0.332042,0.448448,-0.057675,0.222424,0.594411,-0.012937,0.255231,0.499746,-0.026109,0.270300,0.439727,-0.040457,0.278750,0.390166,-0.050948,0.183005,0.585432,-0.015383,0.204455,0.494662,-0.029355,0.217937,0.440896,-0.040057,0.228499,0.395059,-0.047184,0.139483,0.593515,-0.021240,0.151243,0.519783,-0.034929,0.159521,0.473495,-0.040481,0.167812,0.431965,-0.043091
463,0,0.034245,0.036928,0.051492,0.284961,0.105137,0.135400,0.821359,0.000000,0.211702,0.816563,-0.031230,0.282453,0.774668,-0.042814,0.329140,0.719768,-0.052073,0.367632,0.673925,-0.060203,0.258848,0.624640,-0.015309,0.298625,0.545450,-0.031864,0.317713,0.494278,-0.047279,0.331722,0.448429,-0.058464,0.221711,0.594182,-0.013371,0.254391,0.499129,-0.026765,0.269600,0.439125,-0.041216,0.278183,0.389808,-0.051744,0.182287,0.585132,-0.015862,0.203777,0.494169,-0.029937,0.217332,0.440244,-0.040723,0.228010,0.394717,-0.047890,0.138991,0.592808,-0.021736,0.150553,0.518952,-0.035412,0.158849,0.472592,-0.040958,0.167247,0.431254,-0.043519
496,0,0.034201,0.016653,0.040184,0.309512,0.110764,0.134664,0.821936,0.000000,0.210802,0.816991,-0.031539,0.281232,0.774758,-0.042952,0.328323,0.719418,-0.051993,0.366792,0.673259,-0.059931,0.258269,0.625066,-0.015018,0.297844,0.546301,-0.031398,0.316497,0.494980,-0.046827,0.330297,0.448778,-0.058146,0.221174,0.594617,-0.012975,0.253968,0.500146,-0.026255,0.268904,0.440070,-0.040886,0.277428,0.390018,-0.051665,0.181934,0.585463,-0.015405,0.203063,0.494926,-0.029590,0.216364,0.440829,-0.040674,0.227002,0.394934,-0.048095,0.138574,0.593093,-0.021265,0.149734,0.519601,-0.035132,0.157954,0.473398,-0.040933,0.166265,0.431991,-0.043751
530,0,0.034617,0.043877,0.053410,0.327370,0.141683,0.135225,0.822502,0.000000,0.210926,0.816918,-0.031521,0.280937,0.774956,-0.043256,0.327628,0.719871,-0.052621,0.366172,0.673601,-0.060929,0.257134,0.625578,-0.015784,0.297206,0.546550,-0.032530,0.316116,0.495103,-0.048068,0.329837,0.448761,-0.059333,0.220142,0.595376,-0.013765,0.253182,0.500461,-0.027320,0.268080,0.440166,-0.041848,0.276328,0.390056,-0.052480,0.180995,0.586456,-0.016171,0.202373,0.495459,-0.030347,0.215871,0.440962,-0.041167,0.226535,0.394657,-0.048396,0.137789,0.594127,-0.022004,0.149662,0.520253,-0.035816,0.158044,0.473729,-0.041425,0.166241,0.432263,-0.044054
564,0,0.033355,0.044126,0.057483,0.319008,0.106634,0.134107,0.821477,0.000000,0.210189,0.816874,-0.031238,0.280665,0.774846,-0.042815,0.327452,0.719936,-0.052024,0.365748,0.674083,-0.060133,0.257366,0.625225,-0.015326,0.297215,0.546116,-0.031894,0.316117,0.494658,-0.047220,0.329697,0.448794,-0.058352,0.220338,0.594802,-0.013299,0.252609,0.499805,-0.026786,0.267490,0.439910,-0.041221,0.275717,0.390875,-0.051696,0.181208,0.585379,-0.015678,0.201991,0.494497,-0.029809,0.215338,0.440403,-0.040495,0.225797,0.394784,-0.047572,0.138181,0.592830,-0.021442,0.149231,0.519133,-0.035058,0.157412,0.473093,-0.040518,0.165772,0.432108,-0.043002
596,0,0.033516,0.033434,0.050779,0.344190,0.134926,0.134241,0.822649,0.000000,0.209946,0.817590,-0.032008,0.280108,0.774967,-0.043653,0.326713,0.719958,-0.052815,0.364850,0.673748,-0.060782,0.256796,0.625046,-0.015547,0.296519,0.546400,-0.032125,0.315251,0.495388,-0.047707,0.329006,0.449388,-0.059095,0.219797,0.594635,-0.013227,0.252357,0.500486,-0.026595,0.267216,0.440733,-0.041146,0.275507,0.390974,-0.051878,0.180644,0.585919,-0.015418,0.201632,0.495508,-0.029594,0.214724,0.441627,-0.040490,0.225225,0.395751,-0.047754,0.137506,0.594037,-0.021089,0.148870,0.521079,-0.034937,0.157159,0.475031,-0.040607,0.165536,0.433768,-0.043325
628,0,0.037954,0.028358,0.042832,0.357768,0.138870,0.134112,0.823190,0.000000,0.209842,0.818030,-0.031443,0.279736,0.776124,-0.043213,0.326280,0.721282,-0.052616,0.364789,0.675130,-0.060963,0.255865,0.626990,-0.015768,0.295834,0.547476,-0.032521,0.314977,0.496033,-0.048020,0.328889,0.449908,-0.059228,0.218854,0.596471,-0.013693,0.251793,0.501854,-0.027293,0.266757,0.441512,-0.041853,0.275019,0.391662,-0.052475,0.179978,0.587587,-0.016026,0.200951,0.496522,-0.030247,0.214374,0.441980,-0.041173,0.224663,0.395640,-0.048442,0.137320,0.595221,-0.021759,0.148668,0.521420,-0.035593,0.156845,0.474880,-0.041291,0.165060,0.433531,-0.043964
668,0,0.029681,0.020487,0.025602,0.377005,0.150772,0.134042,0.823770,0.000000,0.209959,0.818773,-0.031589,0.279888,0.777052,-0.043444,0.326655,0.722112,-0.052891,0.365084,0.675848,-0.061262,0.256219,0.627658,-0.015970,0.295939,0.548032,-0.032759,0.314716,0.496520,-0.048261,0.328383,0.450053,-0.059625,0.219016,0.597102,-0.013924,0.251178,0.502065,-0.027638,0.265979,0.442043,-0.042345,0.274207,0.392229,-0.053078,0.179774,0.587766,-0.016274,0.200338,0.497185,-0.030678,0.213606,0.442951,-0.041691,0.224259,0.396905,-0.049056,0.136705,0.595532,-0.022038,0.147955,0.521918,-0.036055,0.156199,0.475807,-0.041854,0.164623,0.434294,-0.044660
700,0,0.038685,0.023721,0.037907,0.394603,0.149198,0.133518,0.824936,0.000000,0.209572,0.819665,-0.032150,0.279525,0.778019,-0.044192,0.325859,0.722591,-0.053685,0.364650,0.676372,-0.062056,0.255347,0.627973,-0.016145,0.295045,0.549014,-0.033039,0.314051,0.497882,-0.048775,0.328013,0.451611,-0.060279,0.218498,0.597380,-0.013795,0.250982,0.503006,-0.027450,0.265784,0.443090,-0.042087,0.274076,0.393197,-0.052796,0.179396,0.588093,-0.015935,0.200147,0.497625,-0.030233,0.213244,0.443940,-0.041059,0.223457,0.397812,-0.048260,0.136323,0.595812,-0.021558,0.147614,0.522657,-0.035353,0.155684,0.476867,-0.040918,0.163863,0.435851,-0.043537
733,0,0.032784,0.046609,0.050521,0.413367,0.180433,0.134265,0.826068,0.000000,0.210398,0.821055,-0.031438,0.280111,0.778119,-0.043330,0.326020,0.722691,-0.052857,0.364123,0.676322,-0.061237,0.255701,0.628405,-0.016339,0.295070,0.549080,-0.033240,0.313660,0.497931,-0.048737,0.327372,0.452108,-0.059973,0.218297,0.598220,-0.014326,0.250692,0.503214,-0.028114,0.265497,0.443462,-0.042534,0.273661,0.394117,-0.052997,0.179002,0.589373,-0.016714,0.199657,0.498306,-0.031110,0.212799,0.443813,-0.041878,0.223229,0.397789,-0.048971,0.136022,0.597742,-0.022472,0.147231,0.523583,-0.036401,0.155518,0.477231,-0.042042,0.163718,0.435971,-0.044640
767,0,0.031377,0.037324,0.046141,0.403696,0.155280,0.134079,0.825675,0.000000,0.210375,0.820726,-0.031903,0.279983,0.779122,-0.044013,0.326266,0.723734,-0.053640,0.364500,0.677280,-0.062120,0.255576,0.628928,-0.016174,0.295164,0.549847,-0.032910,0.313957,0.498462,-0.048394,0.327553,0.452436,-0.059590,0.218245,0.598418,-0.013797,0.250868,0.503510,-0.027312,0.265475,0.443629,-0.041718,0.273340,0.394113,-0.052188,0.179163,0.589092,-0.015834,0.199851,0.498287,-0.029936,0.212947,0.444216,-0.040593,0.223089,0.398456,-0.047667,0.136052,0.596748,-0.021304,0.147078,0.523188,-0.034855,0.155343,0.477292,-0.040219,0.163606,0.436536,-0.042702
800,0,0.040952,0.045655,0.032338,0.436058,0.189188,0.134288,0.827782,0.000000,0.209836,0.821681,-0.031492,0.279290,0.778863,-0.043401,0.325594,0.723651,-0.052924,0.364315,0.677879,-0.061347,0.255313,0.629587,-0.015945,0.294830,0.550155,-0.032779,0.313605,0.499052,-0.048385,0.327448,0.453023,-0.059756,0.218133,0.599290,-0.014003,0.250580,0.504389,-0.027538,0.265084,0.444612,-0.041974,0.272840,0.394724,-0.052550,0.179041,0.590505,-0.016471,0.199493,0.499853,-0.030580,0.212413,0.445606,-0.041249,0.222473,0.399387,-0.048385,0.135833,0.598851,-0.022356,0.147013,0.525224,-0.035985,0.154930,0.479131,-0.041389,0.163039,0.437861,-0.043916
832,0,0.038831,0.035858,0.038619,0.474553,0.191821,0.133599,0.827950,0.000000,0.209439,0.822883,-0.031682,0.279332,0.780329,-0.043806,0.325720,0.725292,-0.053562,0.364063,0.679219,-0.062238,0.255276,0.630206,-0.016568,0.294388,0.550661,-0.033675,0.313026,0.499435,-0.049387,0.326669,0.453498,-0.060737,0.217925,0.600028,-0.014610,0.250241,0.505014,-0.028610,0.264775,0.445026,-0.043267,0.272743,0.395431,-0.053937,0.178650,0.591154,-0.017060,0.199090,0.500100,-0.031565,0.212087,0.446021,-0.042446,0.222273,0.399913,-0.049622,0.135367,0.599739,-0.022900,0.146429,0.525707,-0.036841,0.154568,0.479468,-0.042446,0.162846,0.438017,-0.045096
864,0,0.036472,0.039112,0.036356,0.461001,0.182559,0.134109,0.828471,0.000000,0.210050,0.822927,-0.032038,0.279600,0.780876,-0.044037,0.325623,0.725533,-0.053576,0.363652,0.678936,-0.061919,0.255115,0.631097,-0.016019,0.294395,0.551321,-0.032788,0.313112,0.499848,-0.048420,0.326758,0.453372,-0.059763,0.217993,0.600868,-0.013675,0.249916,0.505423,-0.027257,0.264351,0.445264,-0.041834,0.272400,0.395376,-0.052498,0.178764,0.591831,-0.015808,0.199076,0.500920,-0.030069,0.211960,0.446661,-0.040967,0.221983,0.400444,-0.048186,0.135823,0.599332,-0.021386,0.146788,0.525660,-0.035108,0.154764,0.479752,-0.040662,0.162734,0.438763,-0.043264
896,0,0.026195,0.023757,0.049183,0.481451,0.176802,0.133568,0.829182,0.000000,0.209687,0.824086,-0.032097,0.279373,0.781199,-0.044060,0.325338,0.725626,-0.053518,0.363598,0.679881,-0.061852,0.255448,0.631463,-0.016107,0.294846,0.552304,-0.032963,0.313439,0.500931,-0.048648,0.327241,0.454740,-0.060167,0.218258,0.601088,-0.013824,0.250151,0.506205,-0.027508,0.264556,0.446345,-0.042164,0.272261,0.396313,-0.052862,0.179059,0.592155,-0.016025,0.199159,0.501472,-0.030388,0.211956,0.447241,-0.041250,0.221872,0.400693,-0.048508,0.135840,0.600198,-0.021702,0.146559,0.526937,-0.035585,0.154465,0.480836,-0.041204,0.162572,0.439559,-0.043896
928,0,0.038697,0.033212,0.042817,0.510778,0.198288,0.134444,0.829950,0.000000,0.209717,0.825439,-0.032178,0.278908,0.782802,-0.044318,0.325391,0.727368,-0.053950,0.363601,0.681380,-0.062434,0.255923,0.632539,-0.016886,0.295352,0.553106,-0.033724,0.313955,0.501668,-0.049263,0.327446,0.455754,-0.060606,0.218498,0.602240,-0.014554,0.250318,0.506944,-0.028334,0.264615,0.446903,-0.042911,0.272145,0.397207,-0.053575,0.179211,0.593309,-0.016675,0.199283,0.502436,-0.031006,0.212056,0.448201,-0.041904,0.222059,0.402183,-0.049169,0.135860,0.601354,-0.022253,0.146902,0.527704,-0.036115,0.154793,0.481498,-0.041857,0.162874,0.439899,-0.044622
961,0,0.023512,0.037625,0.069290,0.507139,0.169570,0.133297,0.829809,0.000000,0.209553,0.824904,-0.031909,0.279403,0.782646,-0.043802,0.325477,0.726956,-0.053236,0.363770,0.681262,-0.061617,0.255389,0.632521,-0.016060,0.294712,0.553326,-0.032963,0.313410,0.501800,-0.048601,0.327347,0.455807,-0.060026,0.218223,0.602098,-0.013859,0.250052,0.507169,-0.027672,0.264368,0.447239,-0.042327,0.272410,0.397754,-0.053002,0.178964,0.593292,-0.016118,0.198863,0.502458,-0.030621,0.211700,0.448244,-0.041554,0.221818,0.402157,-0.048788,0.136074,0.601725,-0.021819,0.146781,0.528211,-0.035819,0.154654,0.482299,-0.041531,0.162724,0.440989,-0.044223
992,0,0.023154,0.031561,0.042990,0.518800,0.184879,0.133782,0.831213,0.000000,0.209289,0.825724,-0.031854,0.278634,0.782920,-0.043776,0.324561,0.727448,-0.053356,0.362679,0.681041,-0.061788,0.255661,0.633225,-0.015693,0.294907,0.553753,-0.032534,0.313667,0.502570,-0.048203,0.327516,0.456360,-0.059680,0.218366,0.602676,-0.013608,0.250094,0.508048,-0.027310,0.264429,0.448165,-0.042090,0.272191,0.398071,-0.052935,0.179181,0.593925,-0.016009,0.199295,0.503332,-0.030402,0.211899,0.449337,-0.041481,0.221892,0.403101,-0.048859,0.136111,0.602042,-0.021865,0.146843,0.528638,-0.035836,0.154590,0.482566,-0.041645,0.162454,0.441277,-0.044456
1034,0,0.017766,0.025401,0.020495,0.532704,0.202386,0.134508,0.831430,0.000000,0.209780,0.825923,-0.031897,0.278942,0.783192,-0.043920,0.324646,0.727871,-0.053483,0.362689,0.681293,-0.061967,0.255439,0.633580,-0.016113,0.294743,0.554271,-0.032952,0.313474,0.503255,-0.048608,0.327099,0.457322,-0.059998,0.218326,0.603332,-0.013933,0.250075,0.508438,-0.027655,0.264460,0.448466,-0.042350,0.272289,0.398760,-0.053061,0.178964,0.594632,-0.016230,0.198967,0.503729,-0.030655,0.211700,0.449476,-0.041717,0.221737,0.403264,-0.049077,0.135885,0.602915,-0.021960,0.146604,0.529068,-0.035929,0.154527,0.482895,-0.041741,0.162577,0.441284,-0.044577
1066,0,0.016999,0.038835,0.035502,0.537414,0.179433,0.133231,0.830760,0.000000,0.208904,0.825276,-0.031916,0.278649,0.782834,-0.043826,0.324674,0.727751,-0.053303,0.362604,0.681790,-0.061633,0.255605,0.633212,-0.016110,0.294843,0.554209,-0.032946,0.313480,0.503012,-0.048670,0.327233,0.456823,-0.060229,0.218407,0.602914,-0.013934,0.250063,0.508386,-0.027704,0.264172,0.448713,-0.042493,0.271894,0.398962,-0.053350,0.179153,0.594228,-0.016204,0.198892,0.503828,-0.030606,0.211433,0.450140,-0.041603,0.221167,0.403958,-0.048998,0.136031,0.602604,-0.021925,0.146410,0.529632,-0.035871,0.154136,0.483677,-0.041674,0.161933,0.442230,-0.044482
1099,0,0.028616,0.048130,0.036242,0.523819,0.193796,0.134140,0.831554,0.000000,0.210416,0.825370,-0.031884,0.279487,0.782501,-0.043635,0.324963,0.726580,-0.052999,0.362759,0.680246,-0.061192,0.255096,0.632936,-0.015556,0.294377,0.554006,-0.032282,0.313097,0.503053,-0.047989,0.326938,0.456976,-0.059413,0.217909,0.603070,-0.013320,0.249688,0.508536,-0.026874,0.263992,0.448883,-0.041528,0.271819,0.399184,-0.052250,0.178817,0.594540,-0.015579,0.198920,0.504202,-0.029894,0.211590,0.450164,-0.040826,0.221544,0.404145,-0.048083,0.135897,0.603133,-0.021291,0.146677,0.529784,-0.035231,0.154522,0.483569,-0.040966,0.162345,0.442269,-0.043682
1131,0,0.031130,0.033795,0.035316,0.546701,0.208369,0.134092,0.831255,0.000000,0.209901,0.825799,-0.031684,0.279361,0.783120,-0.043735,0.325162,0.727640,-0.053352,0.362938,0.681110,-0.061870,0.255510,0.633244,-0.016403,0.294647,0.553937,-0.033369,0.313061,0.502812,-0.049047,0.326559,0.456789,-0.060466,0.218029,0.603242,-0.014333,0.249777,0.508327,-0.028197,0.264127,0.448817,-0.042892,0.271760,0.399237,-0.053586,0.178703,0.594767,-0.016649,0.198334,0.504079,-0.031099,0.211018,0.449931,-0.042003,0.221000,0.403917,-0.049234,0.135516,0.603357,-0.022382,0.146063,0.529837,-0.036317,0.154035,0.483605,-0.042003,0.162149,0.442373,-0.044718
1163,0,0.015315,0.015956,0.034294,0.557489,0.204768,0.133479,0.831471,0.000000,0.209426,0.825394,-0.032081,0.279210,0.783062,-0.044155,0.325084,0.727694,-0.053725,0.362855,0.681436,-0.062149,0.254960,0.633401,-0.016426,0.294203,0.554192,-0.033461,0.312752,0.502934,-0.049279,0.326346,0.456856,-0.060792,0.217722,0.603221,-0.014203,0.249530,0.508564,-0.028079,0.263693,0.448913,-0.042821,0.271593,0.399263,-0.053585,0.178475,0.594920,-0.016450,0.198229,0.504281,-0.030934,0.210885,0.450434,-0.041838,0.220795,0.404356,-0.049092,0.135345,0.603674,-0.022159,0.146058,0.530449,-0.036129,0.153892,0.484550,-0.041815,0.161860,0.443205,-0.044529
1198,0,0.025466,0.029071,0.043621,0.537994,0.182204,0.133185,0.831006,0.000000,0.209580,0.824849,-0.032004,0.279299,0.782945,-0.043968,0.324838,0.726893,-0.053520,0.362999,0.680660,-0.061901,0.254880,0.633439,-0.015780,0.294539,0.554239,-0.032660,0.313137,0.502978,-0.048369,0.326672,0.456714,-0.059794,0.217577,0.603371,-0.013532,0.249474,0.508705,-0.027205,0.263589,0.448862,-0.041884,0.271096,0.399016,-0.052630,0.178450,0.594655,-0.015768,0.198282,0.504441,-0.030108,0.210818,0.450582,-0.040877,0.220533,0.404670,-0.047995,0.135290,0.602910,-0.021481,0.146131,0.529928,-0.035282,0.154004,0.483791,-0.040784,0.161873,0.442568,-0.043336
1231,0,0.034622,0.044465,0.044115,0.546514,0.219854,0.133933,0.830794,0.000000,0.209981,0.824647,-0.031476,0.279412,0.781887,-0.043356,0.324772,0.726544,-0.052851,0.362150,0.679918,-0.061269,0.255088,0.632851,-0.016311,0.294475,0.553390,-0.033230,0.312720,0.501964,-0.048781,0.325868,0.455606,-0.060053,0.217534,0.603173,-0.014335,0.249388,0.508603,-0.028249,0.263535,0.448505,-0.042935,0.270833,0.398555,-0.053599,0.178194,0.595086,-0.016755,0.197992,0.504487,-0.031243,0.210587,0.450274,-0.042070,0.220455,0.404171,-0.049249,0.134871,0.603762,-0.022555,0.145732,0.530176,-0.036598,0.153994,0.483666,-0.042304,0.162179,0.442019,-0.044993
1264,0,0.036433,0.026861,0.039785,0.540846,0.197683,0.132559,0.830058,0.000000,0.208468,0.824001,-0.031729,0.278206,0.781331,-0.043590,0.324012,0.725858,-0.052999,0.361804,0.679305,-0.061311,0.254453,0.631938,-0.016040,0.293561,0.552862,-0.032873,0.311938,0.501519,-0.048470,0.325407,0.455261,-0.059863,0.217012,0.602133,-0.013939,0.248693,0.507651,-0.027667,0.262821,0.448027,-0.042353,0.270674,0.398478,-0.053092,0.177714,0.593802,-0.016273,0.197369,0.503789,-0.030679,0.209897,0.449780,-0.041629,0.219958,0.403704,-0.048890,0.134484,0.602673,-0.022040,0.145262,0.529242,-0.036072,0.153184,0.483080,-0.041862,0.161510,0.441416,-0.044641
1298,0,0.039838,0.037285,0.045983,0.523677,0.191857,0.132656,0.829855,0.000000,0.208838,0.823776,-0.031687,0.278127,0.781352,-0.043403,0.323481,0.725103,-0.052757,0.361253,0.678289,-0.060942,0.254049,0.631608,-0.015130,0.293422,0.552582,-0.031640,0.311625,0.501239,-0.047168,0.324932,0.454877,-0.058557,0.216823,0.601942,-0.012885,0.248462,0.507451,-0.026332,0.262330,0.447615,-0.040948,0.269654,0.397574,-0.051682,0.177684,0.593332,-0.015107,0.197333,0.503083,-0.029302,0.209651,0.449132,-0.040106,0.219344,0.403026,-0.047309,0.134697,0.601575,-0.020766,0.145345,0.528520,-0.034587,0.153197,0.482408,-0.040223,0.161040,0.440980,-0.042865
1331,0,0.042723,0.042500,0.044744,0.542539,0.209046,0.132206,0.828840,0.000000,0.208071,0.823315,-0.031928,0.277675,0.780587,-0.043824,0.323070,0.724807,-0.053244,0.360699,0.678115,-0.061565,0.253897,0.631510,-0.016373,0.293021,0.551906,-0.033120,0.311186,0.500462,-0.048616,0.324130,0.454007,-0.059928,0.216254,0.601671,-0.014129,0.247963,0.507073,-0.027814,0.261786,0.447150,-0.042492,0.268778,0.397387,-0.053244,0.177058,0.593327,-0.016291,0.196856,0.503263,-0.030572,0.209170,0.449136,-0.041440,0.218601,0.403122,-0.048663,0.133836,0.601925,-0.021889,0.144792,0.528709,-0.035714,0.152651,0.482871,-0.041324,0.160507,0.441494,-0.043988
1363,0,0.026390,0.023628,0.044791,0.533998,0.202163,0.131960,0.828408,0.000000,0.208238,0.822502,-0.031733,0.277634,0.780333,-0.043493,0.322811,0.724375,-0.052827,0.360493,0.677655,-0.060993,0.253253,0.630928,-0.015727,0.292260,0.551888,-0.032340,0.310182,0.500387,-0.047833,0.323186,0.453946,-0.059173,0.215905,0.601426,-0.013475,0.247594,0.506781,-0.027067,0.261490,0.446897,-0.041697,0.268657,0.396876,-0.052407,0.176584,0.593111,-0.015657,0.196177,0.503058,-0.029960,0.208459,0.449224,-0.040833,0.217790,0.403217,-0.048020,0.133627,0.601525,-0.021268,0.144708,0.528721,-0.035117,0.152736,0.482843,-0.040787,0.160622,0.441551,-0.043470
1395,0,0.037318,0.066637,0.039011,0.560132,0.251156,0.132914,0.829670,0.000000,0.208881,0.823062,-0.031693,0.277413,0.780306,-0.043586,0.322332,0.723974,-0.053124,0.359832,0.676704,-0.061566,0.252955,0.631453,-0.015928,0.291827,0.551702,-0.032859,0.309775,0.500032,-0.048507,0.322711,0.453246,-0.059841,0.215410,0.602096,-0.013864,0.247024,0.507468,-0.027822,0.260777,0.446978,-0.042560,0.268044,0.396621,-0.053264,0.176038,0.594005,-0.016231,0.195433,0.503446,-0.030807,0.207777,0.448917,-0.041651,0.217409,0.402480,-0.048787,0.132709,0.602638,-0.022026,0.143540,0.529505,-0.036147,0.151737,0.482888,-0.041837,0.159861,0.441120,-0.044496
1443,0,0.031368,0.034759,0.051559,0.567375,0.237665,0.131539,0.828502,0.000000,0.207264,0.822353,-0.031523,0.276680,0.779270,-0.043242,0.321895,0.723409,-0.052561,0.359287,0.677038,-0.060808,0.252504,0.630455,-0.016134,0.291274,0.551086,-0.032804,0.309236,0.499721,-0.048227,0.322021,0.453379,-0.059504,0.214956,0.601162,-0.014084,0.246319,0.506740,-0.027772,0.259705,0.446611,-0.042449,0.266272,0.396853,-0.053213,0.175576,0.593490,-0.016414,0.194889,0.503348,-0.030730,0.206769,0.449100,-0.041751,0.215753,0.402701,-0.049066,0.132540,0.602476,-0.022145,0.143330,0.529121,-0.036112,0.150980,0.482733,-0.041960,0.158584,0.440969,-0.044779
1488,0,0.031895,0.033820,0.055577,0.582691,0.252057,0.131479,0.829527,0.000000,0.207618,0.822374,-0.031497,0.276656,0.779404,-0.043098,0.321943,0.723316,-0.052324,0.359237,0.676133,-0.060524,0.251775,0.630709,-0.015585,0.290038,0.551074,-0.032289,0.307792,0.499568,-0.047851,0.320883,0.452960,-0.059219,0.214274,0.601790,-0.013547,0.245455,0.507232,-0.027257,0.259100,0.447109,-0.042050,0.266553,0.396865,-0.052836,0.174993,0.594123,-0.015911,0.193843,0.504031,-0.030425,0.205826,0.449689,-0.041421,0.215250,0.403087,-0.048690,0.131861,0.603443,-0.021689,0.142393,0.530256,-0.035807,0.150283,0.483968,-0.041654,0.158177,0.442125,-0.044450
1524,0,0.038211,0.055206,0.035104,0.615619,0.298367,0.132244,0.830652,0.000000,0.207969,0.823292,-0.031779,0.277021,0.779612,-0.043754,0.321418,0.723474,-0.053353,0.358448,0.676455,-0.061880,0.252045,0.630587,-0.015983,0.289485,0.551023,-0.032920,0.306726,0.499515,-0.048693,0.319018,0.452841,-0.060202,0.214260,0.601947,-0.013956,0.244707,0.507582,-0.027888,0.257716,0.447745,-0.042636,0.264560,0.397819,-0.053399,0.174754,0.594568,-0.016390,0.193616,0.504550,-0.030987,0.205479,0.450500,-0.041774,0.214638,0.404203,-0.048880,0.131313,0.604110,-0.022273,0.141436,0.530956,-0.036462,0.149127,0.484358,-0.042216,0.156902,0.442250,-0.044919
1558,0,0.058479,0.059819,0.114651,0.655967,0.333567,0.132877,0.831240,0.000000,0.208262,0.822275,-0.031252,0.277112,0.779007,-0.043129,0.321269,0.723463,-0.052724,0.356615,0.674798,-0.061200,0.252421,0.631462,-0.015824,0.288587,0.551500,-0.032533,0.304518,0.500618,-0.048113,0.315919,0.454420,-0.059431,0.214606,0.603372,-0.014054,0.244194,0.509194,-0.027666,0.256758,0.449826,-0.042314,0.263136,0.400588,-0.053096,0.175154,0.596103,-0.016686,0.193309,0.505995,-0.031019,0.204988,0.452683,-0.041825,0.213897,0.407409,-0.049091,0.131437,0.605958,-0.022694,0.139924,0.532338,-0.036632,0.146890,0.485803,-0.042337,0.153956,0.443532,-0.045085
1591,0,0.245303,0.317898,0.301273,0.806983,0.608412,0.137231,0.832482,0.000000,0.210494,0.815796,-0.029374,0.278085,0.769903,-0.039946,0.321042,0.713737,-0.048640,0.350952,0.660762,-0.056290,0.251347,0.627117,-0.011464,0.284358,0.546670,-0.027496,0.298634,0.497187,-0.043215,0.309930,0.452700,-0.054482,0.213003,0.603322,-0.010334,0.240287,0.511894,-0.023010,0.253577,0.455170,-0.037627,0.262267,0.408331,-0.048547,0.173351,0.598921,-0.013829,0.190711,0.511172,-0.027311,0.202673,0.458536,-0.037882,0.212973,0.414064,-0.045139,0.129977,0.610588,-0.020668,0.138303,0.538538,-0.033918,0.145508,0.492825,-0.039274,0.153538,0.450729,-0.041963
1624,0,0.813177,0.908230,0.517170,1.540371,1.474411,0.147773,0.836823,0.000000,0.213136,0.804669,-0.023148,0.269330,0.746982,-0.029739,0.301789,0.686622,-0.035851,0.314237,0.627733,-0.041553,0.240363,0.626218,-0.001837,0.262830,0.549432,-0.015827,0.274658,0.507129,-0.030743,0.286418,0.468837,-0.041553,0.206254,0.611582,-0.002647,0.223964,0.528965,-0.013729,0.236247,0.482455,-0.027413,0.248441,0.442397,-0.038132,0.171648,0.612218,-0.008256,0.186698,0.532277,-0.020708,0.199650,0.485207,-0.030264,0.213626,0.443655,-0.037220,0.133660,0.625763,-0.016899,0.143358,0.558404,-0.029192,0.153260,0.516122,-0.034323,0.164443,0.477166,-0.037516
1664,0,0.558395,0.630886,1.177095,2.025970,2.040319,0.150521,0.830979,0.000000,0.216033,0.795724,-0.019543,0.265981,0.734962,-0.023655,0.293189,0.674283,-0.028382,0.296453,0.613887,-0.032494,0.237219,0.623136,0.010455,0.253704,0.555131,-0.002161,0.265928,0.521844,-0.017381,0.279852,0.495201,-0.028318,0.205324,0.610492,0.009178,0.218530,0.536925,-0.000327,0.232106,0.501780,-0.013799,0.248755,0.476797,-0.024397,0.172653,0.612247,0.002435,0.186243,0.538860,-0.009750,0.200078,0.500002,-0.019448,0.217845,0.471325,-0.026114,0.136616,0.626229,-0.007170,0.145701,0.563385,-0.019236,0.158176,0.525327,-0.025117,0.174826,0.493251,-0.028848
1699,0,0.364268,0.406606,4.157321,2.102341,2.300948,0.157769,0.824952,0.000000,0.216120,0.794936,-0.016798,0.265209,0.726188,-0.019976,0.291445,0.665138,-0.024442,0.284899,0.609151,-0.027802,0.233180,0.616603,0.010642,0.244862,0.542700,-0.006005,0.260657,0.518263,-0.023114,0.274314,0.520120,-0.032167,0.202539,0.606147,0.008796,0.214171,0.525431,-0.005251,0.233751,0.502144,-0.020841,0.253100,0.508361,-0.029592,0.172081,0.608992,0.001885,0.183405,0.529496,-0.012191,0.205190,0.502307,-0.023738,0.229170,0.502538,-0.029371,0.139526,0.623936,-0.007514,0.149161,0.557084,-0.019674,0.166563,0.520871,-0.026735,0.189285,0.506143,-0.029894
1736,0,0.328326,0.308804,2.711013,2.059729,2.345333,0.160993,0.820208,0.000000,0.216177,0.793414,-0.014284,0.262936,0.722028,-0.018695,0.288991,0.661222,-0.024832,0.278986,0.607464,-0.029900,0.235835,0.606706,0.007303,0.246710,0.529918,-0.013042,0.263876,0.518297,-0.032383,0.273901,0.539078,-0.041024,0.205752,0.597907,0.004227,0.217929,0.512929,-0.013840,0.238337,0.506351,-0.030384,0.251048,0.534203,-0.037329,0.175363,0.603476,-0.003281,0.185857,0.522078,-0.018352,0.209236,0.507659,-0.028608,0.228725,0.522910,-0.032000,0.143145,0.621063,-0.012941,0.151693,0.552889,-0.025378,0.172182,0.520776,-0.032141,0.196103,0.510849,-0.034140
1767,0,0.291400,0.291104,2.602422,2.062218,2.320387,0.160330,0.820846,0.000000,0.216099,0.788394,-0.012643,0.260233,0.719506,-0.018468,0.285610,0.658446,-0.026611,0.275400,0.604958,-0.033460,0.231529,0.606045,0.003533,0.244463,0.527288,-0.019906,0.265045,0.527992,-0.039296,0.274797,0.559536,-0.046931,0.203291,0.597801,-0.000905,0.213108,0.506750,-0.022328,0.239662,0.511819,-0.037868,0.253202,0.549679,-0.042793,0.175079,0.604209,-0.009420,0.181366,0.516999,-0.027418,0.212448,0.512000,-0.035736,0.234789,0.537684,-0.036233,0.145522,0.622573,-0.019865,0.151232,0.549611,-0.034184,0.177709,0.522808,-0.040020,0.204610,0.522147,-0.040247
1801,0,0.203487,0.188190,0.532402,2.218700,2.387985,0.156348,0.822205,0.000000,0.212899,0.789947,-0.010466,0.256039,0.718881,-0.015146,0.281619,0.655059,-0.022867,0.266754,0.605912,-0.029262,0.229048,0.608739,0.007857,0.244247,0.536108,-0.015588,0.263765,0.537338,-0.035510,0.270862,0.569309,-0.043462,0.201562,0.599169,0.002719,0.211304,0.510352,-0.017965,0.238400,0.515519,-0.032838,0.250667,0.554484,-0.037361,0.174090,0.604446,-0.006605,0.179426,0.515393,-0.024550,0.210601,0.512519,-0.032523,0.230953,0.540756,-0.032649,0.145511,0.621768,-0.017713,0.154321,0.551922,-0.032733,0.182187,0.529713,-0.038728,0.207663,0.533203,-0.038918
1833,0,0.140797,0.146463,0.939688,2.231308,2.401670,0.156070,0.821511,0.000000,0.212921,0.789732,-0.010054,0.256463,0.716023,-0.014696,0.281956,0.650333,-0.022504,0.265836,0.601814,-0.028994,0.228948,0.610897,0.007536,0.243986,0.535262,-0.016821,0.265761,0.542872,-0.037242,0.272484,0.580352,-0.045302,0.202853,0.601332,0.002185,0.214860,0.509395,-0.019019,0.243529,0.518606,-0.033955,0.254265,0.560890,-0.038414,0.176125,0.605616,-0.007353,0.183397,0.513055,-0.025624,0.215816,0.514191,-0.033139,0.233991,0.547346,-0.032804,0.147676,0.620941,-0.018642,0.157889,0.549837,-0.034332,0.187468,0.533073,-0.040236,0.212282,0.543465,-0.040194
1865,0,0.178028,0.203447,0.760835,2.342072,2.462071,0.154254,0.823953,0.000000,0.211953,0.788139,-0.008524,0.256242,0.712465,-0.012294,0.283144,0.644705,-0.019571,0.265023,0.598750,-0.025555,0.228495,0.610360,0.011358,0.243844,0.538368,-0.010727,0.265118,0.548185,-0.030245,0.273096,0.583353,-0.038722,0.203078,0.601572,0.005442,0.216016,0.514094,-0.014071,0.245333,0.524934,-0.028542,0.258967,0.563758,-0.033484,0.177004,0.605603,-0.004635,0.185211,0.515382,-0.022000,0.218898,0.517624,-0.029572,0.239860,0.548421,-0.029909,0.149829,0.620603,-0.016427,0.162330,0.548830,-0.030666,0.192425,0.534573,-0.035756,0.218173,0.545728,-0.035840
1898,0,0.097410,0.110019,0.532848,2.362506,2.517174,0.156066,0.821460,0.000000,0.211903,0.784186,-0.006649,0.255700,0.709148,-0.010133,0.283914,0.643812,-0.017521,0.268092,0.599145,-0.023599,0.227135,0.609092,0.012177,0.241077,0.534952,-0.009311,0.264481,0.547360,-0.028357,0.273843,0.583323,-0.036740,0.203270,0.601911,0.005093,0.216156,0.512993,-0.014545,0.247296,0.525843,-0.028922,0.260831,0.565691,-0.033764,0.178512,0.606314,-0.005936,0.186906,0.514318,-0.023285,0.222583,0.518700,-0.030641,0.244114,0.550886,-0.030746,0.152393,0.620625,-0.018580,0.164682,0.548258,-0.032988,0.195136,0.535845,-0.037956,0.220393,0.549357,-0.037872
1931,0,0.073289,0.083906,0.341774,2.358799,2.535939,0.157140,0.818691,0.000000,0.212245,0.782195,-0.006005,0.256158,0.707702,-0.009276,0.285432,0.643112,-0.016500,0.272094,0.598367,-0.022375,0.227124,0.608605,0.011886,0.240433,0.533789,-0.009432,0.264980,0.547323,-0.028417,0.275316,0.583508,-0.036896,0.203954,0.601524,0.004466,0.215433,0.510826,-0.015302,0.247708,0.524564,-0.029834,0.261917,0.564649,-0.034980,0.179732,0.605695,-0.006776,0.187370,0.512222,-0.024230,0.224224,0.518287,-0.031792,0.246178,0.552104,-0.032209,0.154534,0.619484,-0.019542,0.167928,0.547477,-0.034084,0.199547,0.536718,-0.039334,0.224751,0.551061,-0.039688
1964,0,0.091843,0.097863,0.439604,2.397818,2.570486,0.157541,0.817518,0.000000,0.213468,0.779010,-0.004739,0.257721,0.705759,-0.007699,0.288209,0.643049,-0.014941,0.275625,0.600397,-0.020825,0.226367,0.607559,0.014122,0.240086,0.532291,-0.006547,0.265257,0.547540,-0.025608,0.276401,0.582815,-0.034656,0.203833,0.601809,0.005873,0.215606,0.510672,-0.014163,0.248513,0.525958,-0.029738,0.264061,0.565145,-0.035963,0.180268,0.606538,-0.006117,0.188637,0.512612,-0.023865,0.226691,0.520114,-0.032498,0.250079,0.554400,-0.033909,0.156260,0.620313,-0.019538,0.171647,0.548823,-0.034096,0.204310,0.539127,-0.040031,0.230724,0.553749,-0.041276
1995,0,0.083213,0.091659,0.393480,2.395929,2.596354,0.160219,0.817224,0.000000,0.213940,0.778346,-0.005481,0.258134,0.705134,-0.009302,0.289402,0.642019,-0.017312,0.276522,0.600889,-0.023641,0.225054,0.607020,0.013393,0.238961,0.529891,-0.008149,0.265625,0.548029,-0.027757,0.276838,0.585398,-0.036899,0.203024,0.601865,0.005300,0.215266,0.508852,-0.015399,0.249422,0.526745,-0.031129,0.265449,0.566697,-0.037396,0.179997,0.606430,-0.006665,0.189988,0.511082,-0.025131,0.229429,0.521087,-0.033983,0.253192,0.556479,-0.035348,0.156701,0.619891,-0.020146,0.175328,0.547697,-0.035224,0.209380,0.539285,-0.041346,0.235884,0.554975,-0.042691
2028,0,0.072061,0.085597,0.259219,2.398525,2.613299,0.161125,0.815131,0.000000,0.215299,0.776186,-0.005455,0.258849,0.704553,-0.009574,0.289869,0.642742,-0.018059,0.279629,0.601955,-0.024742,0.224366,0.607207,0.013790,0.238853,0.528542,-0.008128,0.266295,0.547808,-0.028285,0.277731,0.585359,-0.038108,0.202812,0.601745,0.005331,0.215862,0.508295,-0.016194,0.250352,0.527320,-0.032906,0.266708,0.567718,-0.040118,0.180311,0.605828,-0.007082,0.191233,0.509975,-0.026296,0.231215,0.521436,-0.035849,0.255242,0.557788,-0.037880,0.157965,0.618750,-0.021012,0.178125,0.547407,-0.036823,0.213235,0.540667,-0.043640,0.240258,0.557222,-0.045671
2060,0,0.079544,0.070477,0.250482,2.423364,2.635355,0.161269,0.814235,0.000000,0.215958,0.774038,-0.004031,0.260160,0.701802,-0.007547,0.291496,0.640898,-0.015754,0.280333,0.601894,-0.022249,0.223052,0.603899,0.016341,0.237710,0.527893,-0.005031,0.266455,0.546845,-0.025383,0.279880,0.583365,-0.035590,0.201681,0.598800,0.006970,0.215822,0.508063,-0.014764,0.251734,0.527334,-0.032023,0.269382,0.568057,-0.039446,0.179525,0.603249,-0.006284,0.191776,0.508941,-0.025239,0.232968,0.520781,-0.034992,0.258108,0.557390,-0.037137,0.158224,0.616545,-0.021032,0.178851,0.546263,-0.036436,0.214272,0.540262,-0.043096,0.241752,0.557317,-0.045034
2093,0,0.102703,0.102239,0.182210,2.448922,2.670228,0.162382,0.812943,0.000000,0.216539,0.772088,-0.002422,0.259807,0.701142,-0.005957,0.292392,0.643632,-0.014734,0.285027,0.604946,-0.021853,0.220349,0.602978,0.017018,0.235486,0.524946,-0.004712,0.266318,0.544346,-0.025166,0.280616,0.580832,-0.035311,0.200550,0.599231,0.006415,0.217267,0.508511,-0.015937,0.254963,0.530396,-0.033294,0.271939,0.572125,-0.040579,0.179560,0.603233,-0.007969,0.194619,0.509784,-0.026669,0.237468,0.523800,-0.035784,0.261985,0.561543,-0.037369,0.159102,0.615923,-0.023808,0.180779,0.544975,-0.038953,0.217549,0.540112,-0.045147,0.244742,0.557929,-0.046588
2125,0,0.112969,0.126225,0.304793,2.511701,2.745843,0.162940,0.810749,0.000000,0.216630,0.768902,-0.000631,0.258842,0.699337,-0.003430,0.292085,0.644523,-0.011978,0.288597,0.606772,-0.018776,0.215644,0.601901,0.018970,0.231798,0.521357,-0.003153,0.265114,0.541469,-0.024181,0.281022,0.578319,-0.034624,0.197185,0.598906,0.007351,0.216498,0.508231,-0.015653,0.256861,0.531121,-0.033743,0.274789,0.574002,-0.041422,0.177764,0.602791,-0.008037,0.196720,0.511104,-0.027212,0.241819,0.526339,-0.036692,0.266675,0.565136,-0.038268,0.159077,0.614633,-0.024775,0.184061,0.544979,-0.040214,0.222651,0.541621,-0.046561,0.250237,0.560629,-0.047871
2169,0,0.073387,0.075345,0.426073,2.529976,2.779838,0.163844,0.810442,0.000000,0.217235,0.765836,-0.000569,0.259115,0.696984,-0.003658,0.292475,0.643777,-0.012621,0.291101,0.602931,-0.019754,0.212469,0.601243,0.019978,0.229514,0.522230,-0.002157,0.263542,0.540536,-0.023168,0.281128,0.575756,-0.033574,0.193959,0.598047,0.008312,0.214893,0.508976,-0.014389,0.255777,0.530141,-0.032659,0.275183,0.571384,-0.040504,0.174932,0.602153,-0.007189,0.196131,0.512271,-0.026278,0.241565,0.525875,-0.035748,0.267443,0.563303,-0.037273,0.157522,0.614354,-0.023981,0.184631,0.545510,-0.039081,0.223380,0.541223,-0.044955,0.251241,0.558996,-0.045849
2203,0,0.129623,0.129878,0.673535,2.598186,2.851377,0.163727,0.809851,0.000000,0.217157,0.762674,0.001300,0.258107,0.694093,-0.001861,0.290944,0.642756,-0.011432,0.291410,0.602523,-0.019168,0.205311,0.599147,0.020178,0.225068,0.520464,-0.001803,0.262266,0.538302,-0.022441,0.282617,0.571875,-0.032823,0.186534,0.597025,0.007176,0.212613,0.509065,-0.015725,0.256681,0.530397,-0.033853,0.278480,0.571354,-0.041528,0.168873,0.601853,-0.009402,0.197014,0.515116,-0.028904,0.244405,0.529745,-0.037832,0.271270,0.566546,-0.038822,0.154444,0.615393,-0.027086,0.186894,0.549221,-0.042134,0.226470,0.545731,-0.047386,0.254252,0.562238,-0.047669
2237,0,0.144436,0.145379,0.568732,2.659402,2.897607,0.161677,0.808206,0.000000,0.214846,0.761402,0.003551,0.256739,0.693014,0.000255,0.289358,0.644120,-0.009713,0.291360,0.609186,-0.017720,0.193910,0.594222,0.018965,0.217940,0.516992,-0.002884,0.258992,0.534670,-0.022850,0.282853,0.568226,-0.032729,0.175482,0.594102,0.004827,0.209091,0.507653,-0.017248,0.256533,0.528651,-0.033673,0.280633,0.569526,-0.040158,0.161473,0.601075,-0.012409,0.197586,0.516671,-0.031263,0.246623,0.531399,-0.038190,0.273841,0.567513,-0.037628,0.153370,0.616988,-0.030540,0.189316,0.550733,-0.044294,0.228850,0.547857,-0.047507,0.255728,0.564511,-0.046102
2271,0,0.172964,0.156872,1.030856,2.726145,2.962565,0.160803,0.806181,0.000000,0.214758,0.757505,0.004310,0.258134,0.691433,-0.000634,0.291856,0.642284,-0.012112,0.290236,0.603260,-0.021192,0.182101,0.588734,0.016273,0.213365,0.514309,-0.005557,0.256399,0.531653,-0.024863,0.279921,0.563834,-0.034122,0.163334,0.589299,0.001528,0.206804,0.505452,-0.019326,0.256097,0.526826,-0.033982,0.280227,0.566780,-0.039410,0.152599,0.597878,-0.015904,0.199426,0.517358,-0.033703,0.249716,0.531845,-0.038991,0.276631,0.566844,-0.037474,0.151301,0.616357,-0.034082,0.195285,0.552584,-0.046653,0.236128,0.549987,-0.048369,0.263348,0.566041,-0.045775
2303,0,0.170074,0.196531,0.556857,2.764763,2.987286,0.157413,0.802476,0.000000,0.213040,0.751905,0.004824,0.256830,0.686374,-0.001248,0.289952,0.640528,-0.014067,0.292335,0.599603,-0.024398,0.175990,0.582238,0.014848,0.213657,0.512933,-0.008131,0.257770,0.534000,-0.028273,0.280096,0.567750,-0.037921,0.156981,0.583212,-0.000961,0.207023,0.503401,-0.022559,0.258152,0.527938,-0.037822,0.282091,0.569176,-0.043734,0.147642,0.593832,-0.019267,0.199690,0.514940,-0.038159,0.251731,0.532254,-0.043655,0.279319,0.568565,-0.042113,0.149221,0.614989,-0.038119,0.195386,0.550898,-0.051326,0.237089,0.548244,-0.052750,0.264487,0.563620,-0.049824
2336,0,0.121784,0.109695,0.453481,2.758089,2.973114,0.156240,0.801252,0.000000,0.210807,0.749594,0.004106,0.255577,0.685058,-0.003684,0.290127,0.640102,-0.017893,0.293525,0.597987,-0.029649,0.170955,0.578588,0.011217,0.212374,0.509981,-0.012040,0.256500,0.529442,-0.032140,0.278797,0.561601,-0.041846,0.152237,0.580458,-0.004400,0.207050,0.502029,-0.025963,0.257533,0.526279,-0.041062,0.281259,0.566828,-0.046905,0.144472,0.592381,-0.022139,0.200271,0.515809,-0.040356,0.251448,0.532874,-0.044984,0.278988,0.568130,-0.042984,0.148405,0.615204,-0.040474,0.195786,0.553388,-0.053063,0.236607,0.550036,-0.053769,0.263966,0.563869,-0.050239
2369,0,0.088577,0.076248,0.373919,2.780970,2.989075,0.155107,0.800063,0.000000,0.210795,0.745150,0.005455,0.255429,0.681017,-0.002254,0.289679,0.637160,-0.016583,0.294682,0.594437,-0.028498,0.167434,0.575745,0.012638,0.211927,0.508946,-0.009859,0.255288,0.527169,-0.029748,0.278222,0.558602,-0.039534,0.149070,0.577935,-0.003697,0.207262,0.501994,-0.024768,0.257030,0.525817,-0.039925,0.281016,0.566074,-0.045941,0.142391,0.590338,-0.021955,0.200212,0.515068,-0.039476,0.251060,0.531046,-0.043871,0.279011,0.565262,-0.041917,0.148400,0.613279,-0.040706,0.196423,0.551611,-0.052465,0.237027,0.547192,-0.052660,0.264978,0.559906,-0.048871
2403,0,0.095614,0.083876,0.348326,2.800378,3.006081,0.153186,0.797263,0.000000,0.210000,0.739858,0.005379,0.254691,0.677127,-0.003003,0.289851,0.634178,-0.017802,0.293494,0.593349,-0.030016,0.161411,0.571675,0.010904,0.209653,0.505378,-0.011845,0.253525,0.524971,-0.031762,0.276580,0.556681,-0.041483,0.144451,0.575581,-0.005326,0.206603,0.500487,-0.026271,0.255507,0.524590,-0.040901,0.279672,0.564552,-0.046605,0.140303,0.589596,-0.023322,0.200729,0.515373,-0.040280,0.250380,0.530846,-0.043889,0.278421,0.563921,-0.041522,0.149466,0.613873,-0.041832,0.197654,0.552545,-0.052465,0.236571,0.546761,-0.051689,0.263928,0.557828,-0.047343
2435,0,0.151053,0.178088,0.335088,2.821905,3.026288,0.151308,0.794522,0.000000,0.208890,0.737728,0.003855,0.253868,0.674599,-0.005791,0.289260,0.631942,-0.021183,0.292734,0.593839,-0.033843,0.157546,0.568201,0.005378,0.209079,0.501164,-0.018461,0.254188,0.521317,-0.038288,0.276922,0.553152,-0.047677,0.141680,0.574170,-0.010053,0.207319,0.499765,-0.031823,0.256261,0.525331,-0.045368,0.279669,0.564363,-0.050255,0.139255,0.590377,-0.027051,0.202860,0.518364,-0.044598,0.252292,0.534051,-0.047138,0.279949,0.565665,-0.043944,0.150268,0.616660,-0.044598,0.199874,0.556281,-0.055026,0.238249,0.548809,-0.053449,0.265174,0.556307,-0.048523
2468,0,0.145225,0.131061,0.320356,2.851645,3.052314,0.149822,0.791796,0.000000,0.208520,0.734390,0.005379,0.253367,0.671176,-0.003424,0.289276,0.628454,-0.018235,0.292811,0.589995,-0.030385,0.154051,0.565168,0.007396,0.207630,0.499716,-0.014878,0.252862,0.517763,-0.033742,0.276947,0.548131,-0.042764,0.139328,0.571460,-0.008397,0.207855,0.499053,-0.028058,0.255981,0.524282,-0.040323,0.278813,0.562043,-0.044748,0.138820,0.587774,-0.025617,0.204598,0.517463,-0.041505,0.253067,0.533389,-0.042841,0.279371,0.564458,-0.039178,0.152157,0.613968,-0.043298,0.203563,0.553677,-0.052454,0.241651,0.548470,-0.049517,0.267478,0.558714,-0.043680
2501,0,0.071141,0.071184,0.324519,2.849038,3.053506,0.149448,0.789686,0.000000,0.209364,0.731050,0.004468,0.254009,0.668433,-0.004605,0.289719,0.625705,-0.019356,0.292648,0.588388,-0.031299,0.150968,0.563623,0.006657,0.206355,0.499752,-0.015810,0.252309,0.516209,-0.035157,0.278433,0.545258,-0.044670,0.137614,0.570356,-0.008643,0.209216,0.498298,-0.028784,0.256889,0.523057,-0.041530,0.280604,0.560157,-0.046221,0.138863,0.586761,-0.025380,0.206210,0.518013,-0.041266,0.254058,0.533070,-0.042968,0.280717,0.563704,-0.039601,0.154101,0.612550,-0.042703,0.205779,0.553896,-0.051289,0.242806,0.548730,-0.048377,0.268676,0.558410,-0.042741
2533,0,0.076315,0.074218,0.246503,2.870063,3.095960,0.151593,0.789029,0.000000,0.210355,0.730242,0.005682,0.253112,0.668038,-0.002794,0.287865,0.626417,-0.017362,0.294371,0.588454,-0.029130,0.152238,0.563829,0.008596,0.207580,0.500460,-0.013495,0.253672,0.517094,-0.032358,0.279293,0.545846,-0.041555,0.138760,0.570025,-0.007264,0.209199,0.498748,-0.026484,0.257518,0.523411,-0.038158,0.281251,0.559506,-0.042269,0.140077,0.585813,-0.024682,0.207337,0.516353,-0.040730,0.255463,0.532690,-0.041743,0.281882,0.563473,-0.037745,0.155458,0.610921,-0.042569,0.207717,0.551929,-0.051578,0.245226,0.548291,-0.048162,0.270424,0.559430,-0.041968
2568,0,0.060119,0.071752,0.113934,2.849659,3.077660,0.151191,0.788229,0.000000,0.210393,0.730492,0.005816,0.253380,0.668545,-0.003197,0.288973,0.627100,-0.018466,0.296279,0.590328,-0.031012,0.153823,0.563985,0.008187,0.210046,0.500886,-0.014321,0.255466,0.519344,-0.033477,0.280178,0.549087,-0.042831,0.139595,0.569999,-0.008066,0.210780,0.498438,-0.027372,0.258776,0.524042,-0.038910,0.282106,0.560751,-0.043055,0.140245,0.585429,-0.025915,0.208601,0.514878,-0.041786,0.256480,0.532034,-0.042420,0.282459,0.563438,-0.038350,0.155059,0.610329,-0.044288,0.208062,0.550344,-0.052951,0.245842,0.546555,-0.049254,0.271201,0.557580,-0.043093
2599,0,0.063198,0.073990,0.173129,2.825788,3.055175,0.151026,0.786772,0.000000,0.211035,0.729268,0.004573,0.254623,0.667724,-0.004832,0.290209,0.626324,-0.020058,0.296304,0.590029,-0.032459,0.153861,0.562729,0.006490,0.210712,0.500644,-0.016603,0.255895,0.518934,-0.036400,0.281872,0.548682,-0.046167,0.140204,0.568881,-0.009081,0.213114,0.497616,-0.029284,0.260373,0.523590,-0.041610,0.283984,0.560671,-0.046130,0.141376,0.584601,-0.026240,0.210166,0.515199,-0.042320,0.257321,0.531766,-0.043702,0.283594,0.563090,-0.040079,0.156893,0.609761,-0.044001,0.209193,0.550843,-0.052442,0.246138,0.546692,-0.049155,0.271662,0.557482,-0.043291
2633,0,0.087799,0.080013,0.194888,2.829358,3.068480,0.152505,0.786812,0.000000,0.210664,0.731459,0.005484,0.253901,0.669333,-0.003131,0.289576,0.627886,-0.017786,0.297681,0.591084,-0.029677,0.156459,0.562728,0.008590,0.212370,0.500814,-0.013617,0.257771,0.518703,-0.032717,0.282901,0.548774,-0.041969,0.142414,0.568013,-0.007167,0.213115,0.498062,-0.026375,0.261288,0.523913,-0.038127,0.284980,0.561080,-0.042342,0.142793,0.583127,-0.024529,0.210296,0.514001,-0.040402,0.258424,0.531251,-0.041521,0.284572,0.563175,-0.037716,0.157229,0.607772,-0.042379,0.210134,0.548903,-0.051146,0.247686,0.546221,-0.047677,0.272928,0.557963,-0.041521
2667,0,0.044706,0.061273,0.192796,2.807003,3.044238,0.151809,0.786021,0.000000,0.211192,0.729958,0.004760,0.255590,0.668322,-0.004072,0.291636,0.627046,-0.018647,0.297736,0.591350,-0.030466,0.156338,0.562398,0.007495,0.212572,0.500927,-0.014907,0.257564,0.518924,-0.034421,0.283558,0.548927,-0.044067,0.142876,0.567736,-0.007789,0.215235,0.498077,-0.027481,0.262260,0.524091,-0.040037,0.285376,0.561736,-0.044776,0.143696,0.583148,-0.024589,0.211541,0.514366,-0.040298,0.258638,0.530816,-0.042015,0.284679,0.562410,-0.038694,0.158428,0.608174,-0.041940,0.210571,0.549789,-0.050336,0.247613,0.545744,-0.047239,0.273026,0.556339,-0.041567
2700,0,0.078365,0.079221,0.149846,2.831599,3.073308,0.152856,0.786420,0.000000,0.212325,0.730328,0.005810,0.255305,0.668600,-0.002283,0.290096,0.627920,-0.016475,0.297977,0.589701,-0.028011,0.158150,0.562464,0.009644,0.214409,0.502059,-0.011629,0.258760,0.519512,-0.030154,0.283110,0.548510,-0.039211,0.144190,0.567377,-0.006024,0.214807,0.498859,-0.024414,0.261970,0.523826,-0.035969,0.285071,0.560198,-0.040255,0.144450,0.582641,-0.023258,0.212071,0.513619,-0.038578,0.259263,0.530151,-0.039621,0.285095,0.561152,-0.035950,0.158565,0.607954,-0.040926,0.211641,0.549122,-0.049722,0.248902,0.545407,-0.046293,0.273993,0.556232,-0.040292
2732,0,0.043605,0.036821,0.069901,2.810390,3.062176,0.153453,0.786522,0.000000,0.213083,0.730907,0.005690,0.256233,0.669305,-0.002424,0.290808,0.628417,-0.016558,0.298267,0.590735,-0.028069,0.159293,0.564129,0.008936,0.215341,0.503258,-0.012461,0.259629,0.520163,-0.031030,0.284636,0.548849,-0.040194,0.144974,0.568865,-0.006687,0.215500,0.499912,-0.025592,0.262843,0.524957,-0.037326,0.286362,0.561339,-0.041647,0.144846,0.583659,-0.023841,0.212245,0.513565,-0.039561,0.259389,0.530191,-0.040865,0.285651,0.561528,-0.037326,0.158664,0.608203,-0.041424,0.211536,0.549214,-0.050662,0.248776,0.545425,-0.047644,0.274078,0.556289,-0.041982
2764,0,0.037346,0.040153,0.210403,2.792390,3.045035,0.153349,0.786019,0.000000,0.212836,0.730647,0.004814,0.256379,0.669583,-0.003528,0.291579,0.628358,-0.017548,0.297378,0.590868,-0.028893,0.158958,0.563851,0.008212,0.214995,0.503229,-0.013212,0.259594,0.519326,-0.032087,0.285455,0.547917,-0.041446,0.145273,0.568530,-0.006815,0.216337,0.499529,-0.025829,0.263025,0.523783,-0.038178,0.286933,0.560539,-0.042894,0.145737,0.583572,-0.023322,0.213126,0.515037,-0.038623,0.259848,0.530413,-0.040480,0.286001,0.561370,-0.037416,0.159856,0.608202,-0.040369,0.211434,0.550140,-0.048985,0.248069,0.545636,-0.046236,0.273524,0.556488,-0.040740
2798,0,0.051130,0.052883,0.131803,2.805908,3.058108,0.153427,0.786460,0.000000,0.212908,0.731270,0.004778,0.256312,0.669391,-0.003334,0.291580,0.627636,-0.017013,0.296956,0.589381,-0.027934,0.158136,0.564628,0.009050,0.214298,0.504330,-0.011645,0.258609,0.519156,-0.030255,0.285128,0.547333,-0.039560,0.145034,0.569242,-0.005753,0.216115,0.500298,-0.024071,0.262502,0.523290,-0.036514,0.286577,0.559646,-0.041343,0.145939,0.583953,-0.021990,0.213116,0.515949,-0.036366,0.259553,0.530060,-0.038223,0.285640,0.560316,-0.035344,0.160604,0.608295,-0.038780,0.212179,0.550390,-0.046618,0.248471,0.545856,-0.043646,0.273905,0.556475,-0.038149
2831,0,0.037799,0.040418,0.189095,2.813376,3.067316,0.154108,0.786876,0.000000,0.212691,0.732273,0.005441,0.255788,0.670068,-0.002424,0.290455,0.628621,-0.016018,0.297176,0.590205,-0.026956,0.159023,0.564938,0.009450,0.214511,0.504763,-0.011105,0.259014,0.519896,-0.029551,0.285534,0.548102,-0.038783,0.145234,0.569295,-0.005752,0.215363,0.500455,-0.024045,0.262669,0.524021,-0.036318,0.287011,0.560862,-0.041008,0.145562,0.583685,-0.022339,0.212125,0.514673,-0.037171,0.259485,0.530164,-0.038932,0.286070,0.561217,-0.035873,0.159755,0.607483,-0.039414,0.211373,0.549365,-0.047979,0.248687,0.545954,-0.045124,0.274347,0.557260,-0.039562
2863,0,0.056662,0.065030,0.260570,2.793818,3.043117,0.152660,0.786117,0.000000,0.212662,0.730269,0.004395,0.256620,0.669114,-0.004047,0.291458,0.627994,-0.017904,0.296205,0.589629,-0.029020,0.157248,0.564579,0.008006,0.212984,0.504328,-0.012739,0.257627,0.518505,-0.031505,0.285370,0.545461,-0.041129,0.144184,0.569272,-0.006662,0.215618,0.500412,-0.025571,0.262493,0.523198,-0.038533,0.287380,0.559462,-0.043688,0.145380,0.583944,-0.022660,0.212211,0.516237,-0.037494,0.258875,0.530482,-0.039683,0.285755,0.560959,-0.036920,0.160222,0.607828,-0.039238,0.211293,0.550950,-0.047397,0.247632,0.546336,-0.044726,0.273547,0.557066,-0.039349
2896,0,0.040210,0.038506,0.103007,2.803003,3.053565,0.152553,0.785931,0.000000,0.212205,0.731045,0.004900,0.256411,0.669203,-0.003109,0.291716,0.627474,-0.016601,0.295831,0.589860,-0.027446,0.157911,0.564668,0.008990,0.212693,0.504134,-0.011234,0.257437,0.517479,-0.029723,0.285318,0.544784,-0.039161,0.144634,0.569633,-0.005802,0.214978,0.500407,-0.024318,0.261826,0.522831,-0.037237,0.286591,0.558952,-0.042308,0.145440,0.584136,-0.021876,0.211795,0.516653,-0.036311,0.258448,0.530552,-0.038421,0.285447,0.560737,-0.035682,0.159964,0.607719,-0.038495,0.210793,0.550506,-0.046342,0.247182,0.545706,-0.043566,0.273015,0.556029,-0.038162
2935,0,0.064359,0.058373,0.152541,2.777697,3.031040,0.152431,0.785430,0.000000,0.212470,0.730444,0.004004,0.256368,0.668777,-0.004472,0.291307,0.626878,-0.018071,0.295035,0.589124,-0.028958,0.155947,0.564334,0.006730,0.211713,0.503340,-0.013739,0.256547,0.516084,-0.032495,0.285545,0.542685,-0.042290,0.143373,0.569694,-0.007661,0.214964,0.500060,-0.026755,0.261886,0.522053,-0.040142,0.287288,0.558269,-0.045586,0.145102,0.584646,-0.023182,0.210916,0.516488,-0.037772,0.257771,0.529475,-0.040142,0.284945,0.559619,-0.037587,0.160413,0.608586,-0.039327,0.210081,0.550817,-0.047326,0.246477,0.545219,-0.044808,0.272528,0.555331,-0.039624
2968,0,0.059179,0.061926,0.248723,2.771376,3.023043,0.152139,0.784939,0.000000,0.212065,0.728914,0.003100,0.256957,0.667586,-0.005922,0.292300,0.625770,-0.019812,0.295625,0.589516,-0.030909,0.154846,0.563629,0.006264,0.210990,0.503047,-0.014984,0.255919,0.516760,-0.034916,0.286156,0.543125,-0.045717,0.142913,0.568588,-0.007907,0.216224,0.499655,-0.028342,0.262935,0.522903,-0.043354,0.288471,0.559573,-0.049853,0.144715,0.583483,-0.023228,0.211110,0.516915,-0.038516,0.257916,0.530069,-0.042061,0.285652,0.560332,-0.040326,0.160231,0.607525,-0.039255,0.210351,0.551791,-0.047231,0.246503,0.546041,-0.045385,0.273000,0.555708,-0.040806
3001,0,0.031894,0.031848,0.155551,2.779947,3.032544,0.151940,0.784759,0.000000,0.212544,0.728615,0.003529,0.256347,0.666979,-0.005261,0.290882,0.625160,-0.018977,0.295569,0.588872,-0.029913,0.153733,0.563103,0.005855,0.211045,0.503180,-0.015279,0.256281,0.516277,-0.034801,0.286266,0.541920,-0.045294,0.141956,0.568710,-0.008447,0.216251,0.499150,-0.028512,0.262576,0.521958,-0.042675,0.288116,0.557893,-0.048651,0.144732,0.584009,-0.023883,0.211892,0.516997,-0.038987,0.258535,0.529712,-0.041975,0.286027,0.559254,-0.039909,0.161089,0.607945,-0.039946,0.211300,0.551828,-0.047876,0.247165,0.546007,-0.045663,0.273396,0.555138,-0.040905
3036,0,0.069358,0.074944,0.280991,2.797847,3.050976,0.151225,0.783978,0.000000,0.213263,0.725267,0.003271,0.257862,0.664012,-0.005740,0.292988,0.621841,-0.019584,0.295087,0.589131,-0.030575,0.151040,0.563037,0.005989,0.208427,0.502839,-0.015564,0.253933,0.515869,-0.036255,0.286323,0.540616,-0.048094,0.140590,0.569101,-0.008681,0.216456,0.498793,-0.030538,0.262620,0.522025,-0.046913,0.288964,0.557957,-0.054400,0.144118,0.584505,-0.024360,0.211130,0.518287,-0.040053,0.257896,0.529991,-0.044553,0.286633,0.559025,-0.043594,0.161602,0.608464,-0.040791,0.211101,0.553093,-0.048241,0.246561,0.546023,-0.046655,0.273738,0.554352,-0.042783
3073,0,0.049688,0.040744,0.127105,2.790218,3.045137,0.150918,0.782867,0.000000,0.211837,0.724916,0.002046,0.257453,0.663485,-0.007544,0.292982,0.620708,-0.021482,0.294702,0.587799,-0.032398,0.149628,0.562244,0.004208,0.207643,0.501956,-0.017320,0.253393,0.514607,-0.038039,0.286000,0.539030,-0.049910,0.139718,0.568644,-0.009593,0.216788,0.497329,-0.031571,0.262324,0.521137,-0.048220,0.288015,0.556961,-0.055938,0.143534,0.584113,-0.024294,0.211363,0.518059,-0.039987,0.257433,0.529748,-0.044581,0.286193,0.558797,-0.043809,0.161290,0.608011,-0.039767,0.211121,0.552921,-0.046970,0.246435,0.545788,-0.045463,0.273534,0.553431,-0.041715
3107,0,0.036593,0.043546,0.165258,2.796513,3.043959,0.150039,0.783049,0.000000,0.210890,0.725095,0.002096,0.256972,0.662453,-0.007192,0.292604,0.619797,-0.020703,0.295031,0.589662,-0.031174,0.148558,0.562795,0.004227,0.206481,0.502050,-0.017295,0.252471,0.513963,-0.038283,0.286539,0.537796,-0.050591,0.139852,0.569326,-0.009690,0.217465,0.496626,-0.032478,0.262845,0.520820,-0.049930,0.288894,0.557104,-0.058049,0.143719,0.584926,-0.024395,0.211099,0.518856,-0.040414,0.257513,0.529486,-0.045668,0.286832,0.558650,-0.045264,0.162011,0.608688,-0.039900,0.210941,0.553080,-0.046770,0.246315,0.545125,-0.045484,0.274132,0.552572,-0.042067
3140,0,0.050270,0.070097,0.189109,2.799813,3.043131,0.150555,0.784091,0.000000,0.212190,0.725278,0.003508,0.256552,0.662445,-0.005000,0.291776,0.619854,-0.018211,0.295206,0.587972,-0.028544,0.149789,0.562384,0.005189,0.207806,0.501421,-0.016394,0.253498,0.514003,-0.036903,0.285995,0.538557,-0.048564,0.139950,0.568640,-0.009304,0.217118,0.497087,-0.031312,0.262951,0.521009,-0.047531,0.288506,0.557163,-0.054837,0.143777,0.584174,-0.024651,0.211536,0.517592,-0.040408,0.257556,0.529366,-0.044837,0.285947,0.558418,-0.043803,0.161593,0.608021,-0.040667,0.210786,0.551837,-0.048010,0.246461,0.544050,-0.046460,0.273904,0.551724,-0.042549
3172,0,0.056745,0.058061,0.166169,2.795986,3.036688,0.150244,0.783920,0.000000,0.211174,0.725622,0.002041,0.256781,0.662558,-0.007437,0.292979,0.619010,-0.021188,0.295000,0.587618,-0.031856,0.148820,0.562586,0.003719,0.206806,0.501307,-0.018627,0.252956,0.514017,-0.040195,0.286721,0.538840,-0.052656,0.139554,0.568827,-0.010363,0.217527,0.496084,-0.033446,0.263135,0.520829,-0.050955,0.288762,0.557196,-0.059164,0.143154,0.584247,-0.025311,0.211039,0.517951,-0.041452,0.257490,0.529064,-0.046555,0.286430,0.558283,-0.046185,0.161258,0.608272,-0.041082,0.210774,0.552238,-0.048182,0.246416,0.544889,-0.046814,0.274160,0.552702,-0.043375
3205,0,0.035955,0.034768,0.183242,2.792605,3.033555,0.150046,0.783742,0.000000,0.211249,0.724840,0.002090,0.257813,0.661471,-0.007078,0.293784,0.617597,-0.020270,0.294394,0.587645,-0.030386,0.148446,0.562410,0.003636,0.206621,0.501798,-0.018009,0.252159,0.513991,-0.039428,0.286003,0.537994,-0.052138,0.140010,0.568952,-0.010283,0.218413,0.496155,-0.033350,0.263085,0.520907,-0.051434,0.288327,0.556843,-0.060179,0.143886,0.584696,-0.024865,0.210892,0.518625,-0.040576,0.256465,0.528442,-0.046246,0.285704,0.556531,-0.046542,0.162062,0.608727,-0.040280,0.210432,0.552842,-0.046987,0.245615,0.543998,-0.046098,0.273863,0.550623,-0.043244
3238,0,0.085540,0.109262,0.300530,2.793957,3.044044,0.151937,0.784392,0.000000,0.213488,0.724784,0.003852,0.257381,0.662405,-0.004475,0.292067,0.619712,-0.017612,0.294519,0.585859,-0.027886,0.150840,0.562413,0.006170,0.208332,0.502091,-0.015351,0.253503,0.514971,-0.036001,0.285185,0.540032,-0.047693,0.140580,0.568074,-0.008458,0.217088,0.497625,-0.030054,0.262235,0.520635,-0.046396,0.287618,0.556350,-0.053845,0.144054,0.583540,-0.023995,0.211327,0.517427,-0.039281,0.257023,0.528219,-0.043802,0.285486,0.556474,-0.043024,0.161457,0.607533,-0.040207,0.210312,0.551671,-0.047545,0.245652,0.543441,-0.046211,0.273406,0.550055,-0.042468
3269,0,0.111763,0.136163,0.310886,2.797818,3.052998,0.151212,0.782989,0.000000,0.212151,0.723805,0.001912,0.258786,0.661464,-0.007606,0.294793,0.618581,-0.021199,0.295331,0.588438,-0.031586,0.149224,0.563382,0.004126,0.207251,0.502182,-0.017887,0.252880,0.514782,-0.039889,0.287370,0.539466,-0.053062,0.140589,0.569625,-0.009935,0.219195,0.495878,-0.033560,0.264257,0.521915,-0.052472,0.289737,0.558699,-0.061734,0.144102,0.584684,-0.024705,0.211861,0.518115,-0.040885,0.257915,0.529426,-0.046900,0.287148,0.559027,-0.047343,0.162472,0.608222,-0.040332,0.211374,0.552826,-0.047084,0.246698,0.545770,-0.046088,0.274426,0.553875,-0.043247
3305,0,0.066650,0.084928,0.244503,2.784247,3.039113,0.152204,0.783999,0.000000,0.212933,0.725207,0.002838,0.258003,0.662051,-0.005980,0.293124,0.618466,-0.019135,0.295513,0.586123,-0.029405,0.151476,0.562817,0.004661,0.209057,0.502017,-0.016984,0.254131,0.514760,-0.038123,0.286524,0.540147,-0.050277,0.141981,0.568630,-0.009452,0.219402,0.496780,-0.031788,0.264074,0.521384,-0.049242,0.289063,0.558132,-0.057406,0.145257,0.584043,-0.024289,0.212215,0.517437,-0.039896,0.257710,0.528733,-0.045105,0.286213,0.557840,-0.044846,0.162681,0.607862,-0.039859,0.211081,0.551751,-0.046915,0.246412,0.543656,-0.045659,0.274358,0.550708,-0.042260
3338,0,0.029584,0.034690,0.175510,2.780872,3.041805,0.152332,0.783486,0.000000,0.213578,0.724564,0.002271,0.259188,0.662451,-0.006815,0.294516,0.619277,-0.020117,0.295573,0.586651,-0.030333,0.150752,0.563218,0.004877,0.208268,0.502619,-0.016869,0.253372,0.514989,-0.038346,0.286659,0.539277,-0.050968,0.141812,0.568959,-0.009152,0.219116,0.497240,-0.031924,0.263778,0.521334,-0.049894,0.289625,0.557282,-0.058445,0.145512,0.584076,-0.023985,0.212102,0.518201,-0.039679,0.257617,0.528651,-0.045083,0.286527,0.556831,-0.045083,0.163488,0.607839,-0.039679,0.211822,0.552837,-0.046637,0.246531,0.544793,-0.045490,0.274265,0.551702,-0.042270
3371,0,0.028014,0.024291,0.107511,2.787742,3.048747,0.152451,0.782974,0.000000,0.213109,0.724131,0.002746,0.259241,0.661775,-0.006340,0.294596,0.618976,-0.019683,0.295140,0.586983,-0.030041,0.151163,0.562012,0.005243,0.208945,0.501929,-0.016504,0.254124,0.514257,-0.038224,0.288058,0.539401,-0.051014,0.142046,0.568084,-0.009058,0.219492,0.496240,-0.031755,0.264738,0.520687,-0.050166,0.290564,0.557194,-0.059123,0.145536,0.583613,-0.024051,0.212317,0.517465,-0.039772,0.258401,0.528635,-0.045264,0.287512,0.557698,-0.045338,0.163375,0.607703,-0.039809,0.211990,0.552278,-0.046554,0.247174,0.545386,-0.045117,0.274371,0.553312,-0.041762
3406,0,0.034734,0.033413,0.099680,2.781664,3.045883,0.152615,0.782775,0.000000,0.213070,0.723899,0.002442,0.258960,0.661174,-0.006440,0.294392,0.617855,-0.019481,0.294970,0.586272,-0.029379,0.150444,0.563178,0.005600,0.208102,0.502105,-0.015991,0.253701,0.514008,-0.037781,0.287676,0.538920,-0.050670,0.142003,0.568896,-0.008351,0.219710,0.495565,-0.031115,0.264562,0.520290,-0.049784,0.289946,0.556922,-0.058906,0.145706,0.583814,-0.023008,0.212053,0.517324,-0.038483,0.257951,0.527631,-0.044318,0.287097,0.556622,-0.044687,0.164017,0.607310,-0.038483,0.212151,0.551389,-0.044946,0.247391,0.544046,-0.043727,0.274872,0.552000,-0.040699
3440,0,0.048660,0.046733,0.105617,2.788333,3.056546,0.152597,0.781955,0.000000,0.213939,0.722473,0.002809,0.259207,0.660541,-0.006307,0.294152,0.617896,-0.019812,0.295123,0.585467,-0.030402,0.151249,0.562416,0.004680,0.208512,0.501456,-0.017299,0.253494,0.514224,-0.039070,0.286612,0.539589,-0.051897,0.142337,0.568193,-0.009712,0.219915,0.495836,-0.032620,0.264375,0.520479,-0.050973,0.289364,0.556939,-0.059918,0.145962,0.583436,-0.024821,0.212361,0.516369,-0.040475,0.257743,0.527058,-0.046019,0.286726,0.556002,-0.046241,0.164103,0.607228,-0.040697,0.211824,0.550981,-0.047646,0.246959,0.543376,-0.046537,0.274702,0.550926,-0.043469
3473,0,0.042979,0.053987,0.137030,2.778950,3.055391,0.153639,0.781389,0.000000,0.213535,0.723020,0.002472,0.259027,0.661106,-0.006754,0.294410,0.618059,-0.020253,0.294932,0.584498,-0.030702,0.151795,0.562065,0.005059,0.209255,0.501480,-0.016853,0.254301,0.513893,-0.038405,0.287736,0.539122,-0.050862,0.142303,0.567671,-0.008988,0.219331,0.495682,-0.031641,0.264425,0.520055,-0.049572,0.289984,0.556775,-0.058049,0.145404,0.582597,-0.023828,0.212345,0.516092,-0.039510,0.258307,0.527663,-0.044670,0.286915,0.556801,-0.044375,0.162821,0.605480,-0.039437,0.211722,0.550131,-0.046255,0.246802,0.543621,-0.044633,0.273999,0.551908,-0.040985
3507,0,0.035977,0.038193,0.160518,2.773322,3.045123,0.152808,0.781258,0.000000,0.213281,0.723117,0.002390,0.258877,0.660665,-0.006597,0.294378,0.617110,-0.019667,0.295007,0.584743,-0.029657,0.150802,0.562349,0.005417,0.208027,0.502392,-0.016068,0.253185,0.513718,-0.038049,0.287567,0.538496,-0.051197,0.142316,0.568111,-0.008548,0.219398,0.495175,-0.031420,0.264232,0.519391,-0.050500,0.289883,0.555753,-0.059975,0.145592,0.582792,-0.023156,0.211377,0.515969,-0.038600,0.257191,0.525995,-0.044513,0.286313,0.554744,-0.045027,0.163432,0.605885,-0.038563,0.211179,0.550346,-0.045101,0.246536,0.542576,-0.043962,0.274129,0.550091,-0.040987
3539,0,0.020495,0.020949,0.095500,2.776880,3.053605,0.153245,0.780727,0.000000,0.213324,0.722484,0.002660,0.259230,0.660425,-0.006305,0.294259,0.617460,-0.019496,0.295192,0.584215,-0.029677,0.152026,0.562186,0.005348,0.208608,0.501807,-0.016275,0.253741,0.513719,-0.038072,0.286966,0.538971,-0.050923,0.142903,0.567643,-0.008708,0.219811,0.495118,-0.031389,0.264564,0.519478,-0.050149,0.289467,0.556112,-0.059428,0.145908,0.582393,-0.023418,0.211580,0.515616,-0.038956,0.257480,0.525906,-0.044884,0.286362,0.555051,-0.045363,0.163379,0.605817,-0.038882,0.211515,0.550064,-0.045694,0.246985,0.542459,-0.044626,0.274867,0.550278,-0.041607
3572,0,0.034757,0.044127,0.110291,2.781100,3.053704,0.152634,0.780262,0.000000,0.213062,0.722183,0.002545,0.259327,0.659950,-0.006611,0.294829,0.616918,-0.019971,0.294644,0.584412,-0.030434,0.151868,0.561169,0.004795,0.209517,0.501062,-0.017047,0.254735,0.513983,-0.039022,0.287676,0.539756,-0.052005,0.142760,0.566914,-0.009388,0.220607,0.494723,-0.032089,0.265304,0.519772,-0.051086,0.290144,0.556570,-0.060574,0.145756,0.581967,-0.024182,0.212507,0.515958,-0.039574,0.258484,0.526947,-0.045569,0.287065,0.556131,-0.046268,0.163192,0.605712,-0.039758,0.211331,0.549962,-0.046268,0.247009,0.542578,-0.045164,0.274616,0.550458,-0.042222
3607,0,0.089257,0.109125,0.245651,2.767833,3.049315,0.154316,0.780605,0.000000,0.214446,0.723076,0.003818,0.258511,0.660815,-0.004540,0.293432,0.618255,-0.017654,0.295867,0.584327,-0.027985,0.153574,0.561577,0.006716,0.210681,0.501707,-0.014848,0.255404,0.514214,-0.035842,0.286892,0.540213,-0.047654,0.143123,0.566423,-0.007774,0.218748,0.496056,-0.029163,0.263812,0.519072,-0.046071,0.289263,0.555163,-0.053983,0.145949,0.580875,-0.023146,0.211917,0.514365,-0.038160,0.257893,0.525542,-0.043054,0.285929,0.554098,-0.042612,0.162610,0.603958,-0.039153,0.211119,0.547885,-0.046292,0.246715,0.540645,-0.044857,0.273961,0.548503,-0.041140
3640,0,0.121083,0.148293,0.323402,2.777502,3.060695,0.152848,0.779263,0.000000,0.213002,0.721794,0.001866,0.259759,0.660518,-0.007794,0.295235,0.617662,-0.021419,0.295199,0.585131,-0.032019,0.151905,0.561444,0.003835,0.208784,0.501063,-0.018234,0.253820,0.513414,-0.040642,0.287842,0.538694,-0.054079,0.143098,0.567500,-0.010096,0.220388,0.494508,-0.033648,0.265310,0.519537,-0.053383,0.290843,0.556326,-0.063342,0.145889,0.582644,-0.024605,0.212161,0.516168,-0.040605,0.257836,0.526757,-0.046976,0.287087,0.556262,-0.047818,0.163300,0.606050,-0.039873,0.211582,0.551086,-0.046720,0.246954,0.543274,-0.045841,0.274913,0.550654,-0.043058
3672,0,0.122313,0.137892,0.373028,2.773009,3.063868,0.155017,0.780203,0.000000,0.214514,0.723462,0.003780,0.259046,0.661949,-0.004667,0.294067,0.618698,-0.017889,0.295992,0.584109,-0.028420,0.155858,0.561540,0.006321,0.211494,0.501733,-0.015008,0.256110,0.514654,-0.035502,0.287036,0.540280,-0.046896,0.144612,0.566269,-0.008050,0.219568,0.497032,-0.029246,0.264546,0.521058,-0.045501,0.289002,0.557248,-0.052914,0.146618,0.580883,-0.023301,0.212510,0.514838,-0.038713,0.258406,0.527371,-0.043116,0.286155,0.556473,-0.042162,0.162304,0.604105,-0.039153,0.211606,0.548270,-0.046786,0.247605,0.542103,-0.045134,0.274913,0.550545,-0.041061
3706,0,0.071215,0.070832,0.271307,2.744900,3.037239,0.155019,0.780016,0.000000,0.213489,0.724780,0.002445,0.258875,0.662843,-0.006245,0.293893,0.619450,-0.019124,0.295032,0.583687,-0.029124,0.154487,0.561983,0.006373,0.210006,0.502403,-0.013768,0.255246,0.512799,-0.034343,0.288100,0.537339,-0.046313,0.144372,0.567106,-0.007048,0.218091,0.495998,-0.027828,0.264306,0.518027,-0.045401,0.290313,0.554509,-0.054014,0.146596,0.581158,-0.021186,0.211001,0.514658,-0.035748,0.257535,0.525289,-0.041021,0.286351,0.554901,-0.041094,0.162668,0.603736,-0.036058,0.210850,0.548491,-0.042956,0.246755,0.541986,-0.041715,0.274066,0.551113,-0.038248
3742,0,0.045009,0.047603,0.201449,2.741137,3.038547,0.155995,0.780078,0.000000,0.214489,0.725097,0.002908,0.259152,0.663499,-0.005999,0.293930,0.620343,-0.019496,0.295677,0.584139,-0.030195,0.156146,0.562262,0.006689,0.211281,0.501870,-0.014439,0.255890,0.513867,-0.035225,0.287073,0.540314,-0.046784,0.144828,0.566890,-0.007224,0.218100,0.495966,-0.028037,0.264020,0.518348,-0.044918,0.289943,0.554974,-0.052856,0.146378,0.580697,-0.022075,0.211690,0.513250,-0.037017,0.258175,0.525283,-0.041699,0.286436,0.555198,-0.041077,0.161709,0.602999,-0.037602,0.211011,0.546574,-0.044882,0.247460,0.540185,-0.043272,0.274737,0.549226,-0.039285
3775,0,0.293360,0.317982,1.173352,2.788542,3.113522,0.159830,0.782446,0.000000,0.215404,0.730605,0.007739,0.257127,0.668757,0.001083,0.290889,0.625720,-0.012479,0.296602,0.584563,-0.023989,0.169973,0.566648,0.015532,0.218369,0.504665,-0.004347,0.259722,0.520016,-0.022709,0.283833,0.550425,-0.031705,0.153254,0.567613,-0.001147,0.215545,0.498137,-0.019272,0.262568,0.520918,-0.032729,0.286744,0.559291,-0.038068,0.148739,0.578382,-0.019473,0.210025,0.507099,-0.034941,0.258256,0.524644,-0.037848,0.284594,0.558185,-0.035270,0.157474,0.598730,-0.038104,0.207290,0.537121,-0.047831,0.246196,0.534201,-0.045966,0.272238,0.547453,-0.040920
3808,0,0.503978,0.567046,2.214117,2.612369,3.064220,0.167517,0.779821,0.000000,0.217230,0.738605,-0.000790,0.259637,0.677729,-0.007406,0.292659,0.628802,-0.020217,0.293935,0.577343,-0.030603,0.200666,0.581672,0.021881,0.227706,0.514467,0.003611,0.262824,0.527627,-0.014526,0.280806,0.556120,-0.023692,0.182475,0.576215,0.010109,0.215247,0.497957,-0.008335,0.256957,0.516285,-0.024597,0.278142,0.552413,-0.031842,0.167021,0.578879,-0.005207,0.203943,0.501129,-0.022361,0.249613,0.515713,-0.029920,0.274545,0.549522,-0.030400,0.157519,0.590832,-0.021622,0.196951,0.528940,-0.034225,0.235596,0.526538,-0.037275,0.261415,0.542496,-0.036092
3839,0,0.356986,0.424116,1.460898,2.369713,2.833531,0.162523,0.776686,-0.000000,0.214087,0.742270,-0.006886,0.258686,0.684037,-0.012130,0.292658,0.632064,-0.022234,0.294529,0.583066,-0.030452,0.223858,0.589897,0.015780,0.243061,0.519789,-0.004874,0.270995,0.534750,-0.024148,0.284838,0.564828,-0.033679,0.204846,0.581318,0.008082,0.226112,0.503286,-0.013885,0.259470,0.523019,-0.031991,0.276559,0.559501,-0.039928,0.184380,0.580587,-0.003795,0.203871,0.500540,-0.024129,0.243073,0.514962,-0.034430,0.267168,0.549835,-0.036156,0.163353,0.588632,-0.017187,0.188874,0.524226,-0.033248,0.224156,0.520723,-0.039665,0.251043,0.538275,-0.040716
3874,0,0.459026,0.480452,2.272225,2.123174,2.588041,0.159125,0.777836,0.000000,0.213276,0.749510,-0.013372,0.264522,0.691469,-0.018753,0.299409,0.635265,-0.026445,0.293282,0.584190,-0.033089,0.239990,0.598216,0.010574,0.267583,0.544020,-0.009428,0.285638,0.548157,-0.028784,0.290189,0.570860,-0.038236,0.216667,0.581573,0.007177,0.243423,0.513421,-0.012670,0.268370,0.524872,-0.029982,0.280217,0.558203,-0.037674,0.190225,0.575863,-0.000716,0.212193,0.501043,-0.017836,0.241860,0.506833,-0.028466,0.261087,0.536028,-0.031723,0.159954,0.581478,-0.010696,0.178178,0.517018,-0.023507,0.207779,0.502998,-0.029758,0.235281,0.512442,-0.031723
3907,0,0.370163,0.415720,3.171333,1.920319,2.306619,0.152985,0.785097,0.000000,0.211513,0.766399,-0.021542,0.268177,0.710937,-0.028678,0.305928,0.654389,-0.036698,0.308722,0.597339,-0.043609,0.246782,0.608750,0.009137,0.271617,0.553556,-0.011024,0.288513,0.545674,-0.031646,0.294064,0.563711,-0.041731,0.220509,0.589200,0.009766,0.247610,0.520560,-0.009963,0.268415,0.520911,-0.030106,0.276746,0.552789,-0.039252,0.191935,0.581012,0.005146,0.215460,0.511368,-0.011428,0.240426,0.501929,-0.024584,0.255441,0.523783,-0.029223,0.158853,0.584240,-0.002244,0.176256,0.521384,-0.015813,0.202230,0.501028,-0.023814,0.225708,0.508108,-0.026180
3939,0,0.623851,0.623358,4.060739,1.922622,2.263660,0.147466,0.790847,0.000000,0.213747,0.771171,-0.022864,0.273636,0.721608,-0.026946,0.314357,0.664193,-0.031258,0.323090,0.607056,-0.034247,0.252990,0.622937,0.017411,0.276345,0.569229,0.004084,0.290790,0.548226,-0.013827,0.302032,0.543085,-0.025163,0.224690,0.599724,0.019740,0.247417,0.533017,0.008758,0.263286,0.509468,-0.008988,0.277481,0.508670,-0.021100,0.193213,0.588787,0.016003,0.213764,0.522901,0.003260,0.231673,0.497366,-0.010330,0.249166,0.497970,-0.018312,0.156755,0.587931,0.009170,0.169719,0.531061,-0.002676,0.186036,0.503104,-0.010531,0.205726,0.495423,-0.014814
3972,0,0.443815,0.445162,2.722367,1.866843,2.211344,0.147124,0.790379,0.000000,0.215158,0.777284,-0.020912,0.279624,0.734904,-0.022544,0.324433,0.683110,-0.023132,0.338007,0.628640,-0.022411,0.258308,0.625571,0.017192,0.284781,0.570291,0.012297,0.296057,0.543905,0.000697,0.306879,0.522716,-0.008497,0.227850,0.600249,0.020210,0.250502,0.534657,0.018445,0.265741,0.502939,0.006139,0.281591,0.480594,-0.004566,0.194026,0.587967,0.017980,0.211717,0.523026,0.012676,0.228006,0.492803,0.002425,0.246432,0.473977,-0.005873,0.156210,0.585508,0.012904,0.167457,0.530645,0.006243,0.181000,0.503779,0.001608,0.199813,0.484680,-0.001858
4005,0,0.392700,0.376516,1.264997,1.513017,1.864420,0.148894,0.792993,0.000000,0.215994,0.786905,-0.023873,0.282057,0.747570,-0.028089,0.327457,0.698315,-0.030236,0.346863,0.645721,-0.030881,0.263462,0.629720,0.006595,0.291489,0.573977,0.000678,0.302197,0.541728,-0.010797,0.310464,0.511262,-0.019885,0.232247,0.602266,0.009980,0.257611,0.535732,0.007825,0.272008,0.497146,-0.003381,0.283891,0.463458,-0.013000,0.196611,0.589734,0.008675,0.213653,0.523031,0.004003,0.227495,0.488034,-0.004401,0.241461,0.457328,-0.011367,0.156719,0.589450,0.004335,0.167979,0.532344,-0.001119,0.177972,0.500951,-0.003613,0.190960,0.472860,-0.005474
4038,0,0.461628,0.471750,0.562435,1.105616,1.457579,0.149163,0.796412,0.000000,0.218153,0.794585,-0.027127,0.285104,0.758313,-0.034194,0.331280,0.709998,-0.038885,0.355349,0.658531,-0.042168,0.265726,0.633337,-0.003758,0.295535,0.570123,-0.013129,0.307419,0.531379,-0.025409,0.315859,0.493953,-0.035043,0.233577,0.605142,-0.000248,0.258947,0.532154,-0.006680,0.272078,0.487318,-0.019211,0.280872,0.447782,-0.029270,0.197602,0.592483,-0.001107,0.214209,0.520856,-0.009089,0.225707,0.478755,-0.018535,0.235619,0.441238,-0.025621,0.157700,0.592989,-0.005107,0.168854,0.531804,-0.013554,0.177670,0.495150,-0.017647,0.187507,0.461873,-0.020041
4086,0,0.474777,0.519016,0.361520,0.658492,1.052300,0.150673,0.800508,0.000000,0.220246,0.800722,-0.030350,0.287314,0.765638,-0.039868,0.333122,0.718227,-0.046522,0.363975,0.670734,-0.052051,0.267465,0.633318,-0.013082,0.298910,0.562385,-0.025394,0.312966,0.517956,-0.038347,0.323303,0.476266,-0.048260,0.233054,0.603328,-0.009236,0.259118,0.521374,-0.018907,0.272707,0.470403,-0.032443,0.281786,0.426589,-0.042770,0.195517,0.591245,-0.009508,0.212266,0.513379,-0.020418,0.221822,0.465191,-0.031752,0.230086,0.422546,-0.039710,0.155365,0.593945,-0.012983,0.165712,0.529627,-0.024742,0.171847,0.488627,-0.031120,0.179207,0.451145,-0.034556
4121,0,0.350566,0.399737,0.396922,0.458378,0.826126,0.151133,0.805041,0.000000,0.221051,0.805734,-0.033015,0.286959,0.769184,-0.045033,0.333186,0.720635,-0.053990,0.371781,0.680837,-0.061879,0.268622,0.632774,-0.019157,0.301054,0.559748,-0.034288,0.315958,0.512785,-0.048279,0.327152,0.468164,-0.059085,0.232948,0.601489,-0.015429,0.259866,0.515455,-0.028022,0.274387,0.462265,-0.041869,0.284155,0.415663,-0.052182,0.194370,0.590969,-0.016004,0.208758,0.507783,-0.030323,0.216991,0.456604,-0.042609,0.224463,0.410790,-0.050826,0.153802,0.597272,-0.019907,0.159820,0.529930,-0.034946,0.163074,0.485874,-0.043020,0.168180,0.444219,-0.047416
4164,0,0.158812,0.198144,0.171699,0.427393,0.732816,0.150233,0.809077,0.000000,0.220902,0.809424,-0.032425,0.286234,0.773390,-0.044870,0.333509,0.725674,-0.054564,0.373630,0.689421,-0.063072,0.266786,0.631519,-0.019271,0.301103,0.555873,-0.034901,0.317146,0.507572,-0.048892,0.329125,0.462796,-0.059601,0.230714,0.599750,-0.016075,0.258661,0.510630,-0.029293,0.273935,0.455907,-0.042944,0.283951,0.409139,-0.052998,0.191836,0.589186,-0.017176,0.205525,0.502867,-0.031875,0.213740,0.450317,-0.044151,0.220951,0.404751,-0.052278,0.151222,0.596078,-0.021578,0.155179,0.526960,-0.036785,0.157288,0.481799,-0.044913,0.161306,0.440082,-0.049315
4200,0,0.242473,0.288885,0.181693,0.499167,0.710977,0.149345,0.814051,0.000000,0.220084,0.813995,-0.033079,0.285596,0.776093,-0.046345,0.333416,0.729022,-0.056837,0.374639,0.693219,-0.066288,0.262793,0.627151,-0.022262,0.298097,0.549267,-0.038932,0.315665,0.499940,-0.053455,0.328992,0.454654,-0.064423,0.225331,0.596519,-0.019206,0.253498,0.504079,-0.033079,0.269781,0.448435,-0.046518,0.280348,0.401804,-0.056403,0.185911,0.588099,-0.020355,0.198769,0.499201,-0.035311,0.207490,0.445289,-0.047342,0.215250,0.398637,-0.055406,0.144950,0.598426,-0.024863,0.147587,0.527664,-0.040406,0.149168,0.481409,-0.048556,0.152883,0.438098,-0.052935
4233,0,0.379279,0.393702,0.246699,0.750057,0.786338,0.145683,0.819032,0.000001,0.216956,0.815492,-0.035042,0.281584,0.776277,-0.050187,0.329560,0.729037,-0.062267,0.373356,0.695302,-0.073592,0.252517,0.625085,-0.026892,0.289316,0.545175,-0.045346,0.308889,0.494635,-0.060801,0.324366,0.448530,-0.072260,0.214034,0.594426,-0.023605,0.241949,0.498821,-0.038795,0.258833,0.440811,-0.052629,0.270550,0.392009,-0.062755,0.174379,0.586939,-0.024494,0.186201,0.494991,-0.040438,0.195138,0.438975,-0.052851,0.203397,0.390607,-0.061157,0.133817,0.599226,-0.028913,0.133852,0.526456,-0.045434,0.134654,0.478926,-0.053962,0.137985,0.434674,-0.058536
4266,0,0.221324,0.191251,0.159448,0.865641,0.845149,0.143205,0.820329,0.000001,0.214073,0.814086,-0.035732,0.277302,0.773610,-0.051884,0.326043,0.728458,-0.064742,0.369791,0.695340,-0.076517,0.244717,0.621595,-0.026822,0.281987,0.541967,-0.045387,0.302603,0.491265,-0.061268,0.318477,0.445756,-0.072818,0.206508,0.590673,-0.022829,0.235849,0.493323,-0.037311,0.253700,0.434424,-0.050666,0.266259,0.386509,-0.060321,0.166997,0.584039,-0.023100,0.178442,0.490963,-0.037988,0.188240,0.435843,-0.049493,0.197661,0.389475,-0.057117,0.126757,0.597840,-0.027002,0.126843,0.524950,-0.041620,0.128262,0.478429,-0.048500,0.132430,0.436137,-0.052109
4301,0,0.180296,0.162082,0.131996,1.019454,0.960019,0.140854,0.821819,0.000001,0.213528,0.812370,-0.034792,0.276145,0.772046,-0.050656,0.324004,0.726416,-0.063412,0.367183,0.694071,-0.075161,0.239181,0.619763,-0.025785,0.277721,0.540087,-0.044507,0.298313,0.488617,-0.060531,0.313809,0.443034,-0.072144,0.200357,0.589487,-0.022219,0.228562,0.490466,-0.037421,0.246298,0.430273,-0.051205,0.258872,0.381195,-0.061034,0.160514,0.583913,-0.022882,0.169881,0.489628,-0.038815,0.179123,0.433516,-0.050976,0.188370,0.386262,-0.058748,0.120749,0.598590,-0.026997,0.118978,0.525815,-0.042610,0.119355,0.478704,-0.049970,0.122607,0.435533,-0.053719
4333,0,0.177240,0.178037,0.052251,1.186507,1.117139,0.139804,0.823158,0.000001,0.211687,0.812189,-0.035456,0.273715,0.770459,-0.052115,0.321325,0.724299,-0.065535,0.364284,0.691135,-0.077897,0.234779,0.619395,-0.027689,0.273226,0.538643,-0.047198,0.293883,0.485953,-0.063651,0.309335,0.439459,-0.075554,0.195011,0.589242,-0.024036,0.222184,0.488492,-0.039684,0.239583,0.427431,-0.053494,0.251976,0.377747,-0.063329,0.154976,0.583889,-0.024564,0.163254,0.488671,-0.040672,0.172375,0.431854,-0.052529,0.181566,0.383690,-0.060204,0.115229,0.599441,-0.028608,0.112364,0.526241,-0.044188,0.112036,0.478732,-0.051242,0.114640,0.435497,-0.054735
4365,0,0.167888,0.101305,0.118741,1.216931,1.079449,0.137053,0.821726,0.000001,0.209933,0.810551,-0.033767,0.272328,0.767185,-0.049154,0.319829,0.720713,-0.061592,0.362033,0.689723,-0.073017,0.232045,0.615590,-0.024992,0.271805,0.535837,-0.043165,0.292086,0.483429,-0.058736,0.306563,0.437716,-0.070115,0.192075,0.586818,-0.021778,0.219429,0.486646,-0.036670,0.235733,0.425711,-0.050029,0.246618,0.376282,-0.059473,0.152186,0.582659,-0.022596,0.159341,0.487217,-0.038167,0.167725,0.430205,-0.049753,0.176305,0.381333,-0.057170,0.112583,0.599071,-0.026788,0.108033,0.526061,-0.041991,0.107042,0.478335,-0.048693,0.109575,0.434606,-0.051964
4397,0,0.073448,0.043770,0.077455,1.227060,1.050641,0.135576,0.820846,0.000001,0.208812,0.810844,-0.033321,0.271166,0.766842,-0.048102,0.317993,0.719092,-0.059954,0.359593,0.687911,-0.070792,0.229927,0.614879,-0.024189,0.270549,0.534303,-0.042037,0.290869,0.481413,-0.057002,0.304883,0.436055,-0.067840,0.190390,0.586600,-0.020903,0.218704,0.485674,-0.035742,0.235291,0.424471,-0.048793,0.246130,0.374914,-0.057879,0.150777,0.582468,-0.021641,0.157899,0.486528,-0.037264,0.166403,0.429927,-0.048609,0.174981,0.382038,-0.055711,0.111289,0.598433,-0.025665,0.106562,0.525323,-0.040907,0.105574,0.477578,-0.047502,0.108005,0.433981,-0.050546
4441,0,0.074896,0.123582,0.081421,1.294102,1.159635,0.136905,0.822406,0.000001,0.209222,0.810667,-0.033542,0.270690,0.766580,-0.048986,0.317457,0.719113,-0.061498,0.359359,0.686737,-0.072994,0.228311,0.614871,-0.025809,0.268749,0.533677,-0.044254,0.289349,0.480832,-0.059513,0.303661,0.435439,-0.070455,0.189139,0.586774,-0.022623,0.217156,0.485593,-0.037998,0.233801,0.424027,-0.051156,0.244944,0.374385,-0.060298,0.149717,0.582977,-0.023420,0.156239,0.486685,-0.039475,0.164839,0.429546,-0.051017,0.173658,0.381187,-0.058312,0.110664,0.599609,-0.027494,0.105637,0.525896,-0.043192,0.104575,0.477663,-0.050048,0.107033,0.433828,-0.053326
4474,0,0.043886,0.035734,0.076388,1.321546,1.173834,0.136307,0.822330,0.000001,0.208831,0.811246,-0.033184,0.271340,0.766034,-0.048251,0.318073,0.718156,-0.060452,0.358810,0.685782,-0.071729,0.228165,0.614659,-0.025835,0.268041,0.533721,-0.044553,0.288847,0.480931,-0.060129,0.303313,0.434955,-0.071359,0.188616,0.586728,-0.023028,0.216323,0.485215,-0.038499,0.232685,0.423418,-0.051856,0.243376,0.372980,-0.061145,0.149156,0.583560,-0.024172,0.155307,0.487142,-0.040278,0.163211,0.429243,-0.051809,0.171077,0.379673,-0.059158,0.110066,0.600528,-0.028585,0.104767,0.526270,-0.044114,0.103437,0.477724,-0.050746,0.105626,0.433072,-0.053982
4508,0,0.040166,0.057187,0.047747,1.336158,1.179050,0.136317,0.821262,0.000001,0.208552,0.809722,-0.033249,0.270590,0.765587,-0.048648,0.317627,0.718049,-0.061273,0.358979,0.685942,-0.073111,0.228130,0.614731,-0.026104,0.267961,0.534368,-0.045434,0.288678,0.481519,-0.061458,0.303253,0.435254,-0.073018,0.188862,0.586845,-0.023538,0.216251,0.485763,-0.039584,0.232649,0.424048,-0.053319,0.243743,0.373380,-0.062891,0.149383,0.583621,-0.024948,0.155667,0.487592,-0.041527,0.163676,0.430105,-0.053088,0.171868,0.380632,-0.060440,0.110399,0.600603,-0.029642,0.105394,0.526599,-0.045504,0.104482,0.478384,-0.052116,0.107062,0.433853,-0.055353
4539,0,0.024412,0.046835,0.047149,1.345953,1.214044,0.137279,0.821819,0.000001,0.209017,0.810057,-0.033838,0.270377,0.765700,-0.049537,0.316809,0.717910,-0.062244,0.358529,0.685246,-0.074076,0.228252,0.614519,-0.026817,0.267977,0.533579,-0.045946,0.288215,0.480422,-0.061737,0.302565,0.434103,-0.073201,0.188882,0.586712,-0.023848,0.216407,0.485786,-0.039869,0.232663,0.423809,-0.053542,0.243490,0.372711,-0.063118,0.149497,0.583759,-0.024884,0.155763,0.487496,-0.041480,0.163845,0.429574,-0.053266,0.172116,0.379537,-0.060770,0.110571,0.600923,-0.029211,0.105745,0.526423,-0.045279,0.104697,0.477713,-0.052253,0.107188,0.432709,-0.055752
4572,0,0.054108,0.069820,0.067324,1.338029,1.156023,0.135489,0.820445,0.000001,0.207862,0.810048,-0.033533,0.270225,0.764858,-0.048733,0.316848,0.716438,-0.061078,0.358368,0.683826,-0.072501,0.228651,0.613370,-0.025334,0.268129,0.533151,-0.044150,0.288190,0.480345,-0.059880,0.301945,0.434348,-0.071303,0.189132,0.585219,-0.022547,0.216448,0.484530,-0.038369,0.232390,0.422685,-0.052096,0.242773,0.371848,-0.061630,0.149701,0.581935,-0.023814,0.156092,0.485993,-0.040419,0.163711,0.428303,-0.052234,0.171333,0.378104,-0.059742,0.110686,0.599339,-0.028397,0.105506,0.526053,-0.044403,0.104296,0.478164,-0.051266,0.106657,0.433552,-0.054675
4607,0,0.040200,0.047237,0.054768,1.362752,1.194663,0.136494,0.819791,0.000001,0.208252,0.808018,-0.033848,0.270300,0.763734,-0.049237,0.316511,0.715740,-0.061650,0.357938,0.682874,-0.073233,0.228875,0.612399,-0.025888,0.268134,0.532011,-0.044853,0.287794,0.479145,-0.060635,0.301494,0.432562,-0.072171,0.189392,0.584811,-0.023050,0.216309,0.483812,-0.039154,0.232013,0.422078,-0.053067,0.242223,0.370586,-0.062896,0.149981,0.582007,-0.024272,0.155862,0.486270,-0.041208,0.163444,0.428166,-0.053252,0.171155,0.377438,-0.060912,0.110764,0.599498,-0.028818,0.105696,0.525397,-0.045199,0.104497,0.477042,-0.052329,0.106891,0.431834,-0.055974
4639,0,0.030508,0.047583,0.055674,1.357741,1.214164,0.137738,0.819644,0.000001,0.209240,0.807473,-0.033003,0.270249,0.762586,-0.048075,0.315948,0.714491,-0.060382,0.357389,0.682138,-0.071859,0.228832,0.611990,-0.025098,0.267682,0.531443,-0.043880,0.287216,0.478352,-0.059506,0.300967,0.432247,-0.070891,0.189458,0.584687,-0.022655,0.215869,0.483178,-0.038626,0.231569,0.421307,-0.052315,0.241971,0.370327,-0.061949,0.150084,0.582079,-0.024199,0.155824,0.485860,-0.041069,0.163475,0.428088,-0.052961,0.171372,0.377930,-0.060520,0.111102,0.599802,-0.029015,0.105878,0.525623,-0.045402,0.104703,0.476982,-0.052546,0.107267,0.431525,-0.056187
4672,0,0.049786,0.065826,0.053521,1.339123,1.170933,0.136521,0.819730,0.000001,0.208457,0.807994,-0.032684,0.270232,0.762204,-0.047218,0.315673,0.713750,-0.059103,0.356849,0.681441,-0.070066,0.228883,0.610716,-0.023862,0.267846,0.530303,-0.042196,0.287213,0.477322,-0.057628,0.300389,0.431297,-0.068915,0.189304,0.583519,-0.021455,0.215792,0.482696,-0.037060,0.231144,0.420917,-0.050673,0.241091,0.370104,-0.060208,0.149984,0.581060,-0.023091,0.155966,0.485133,-0.039617,0.163554,0.427728,-0.051271,0.171164,0.377720,-0.058688,0.110870,0.598801,-0.027985,0.106114,0.524835,-0.044039,0.105130,0.476404,-0.050949,0.107532,0.431386,-0.054404
4706,0,0.034923,0.047284,0.065551,1.368738,1.214241,0.137165,0.819745,0.000001,0.208245,0.807136,-0.033492,0.269414,0.761618,-0.048552,0.315190,0.713112,-0.060794,0.356851,0.679828,-0.072112,0.228852,0.610439,-0.024184,0.267589,0.529990,-0.042778,0.286581,0.476935,-0.058485,0.299971,0.430765,-0.069987,0.189309,0.583362,-0.021585,0.215321,0.482256,-0.037488,0.230598,0.420468,-0.051463,0.240821,0.369242,-0.061256,0.149898,0.581283,-0.023133,0.155568,0.485268,-0.040075,0.163035,0.427196,-0.052109,0.170824,0.376470,-0.059778,0.110668,0.599274,-0.027995,0.105735,0.525521,-0.044487,0.104516,0.476991,-0.051786,0.106881,0.431368,-0.055482
4739,0,0.017742,0.025645,0.062890,1.362878,1.209561,0.137497,0.819220,0.000001,0.208651,0.807130,-0.032799,0.269693,0.761312,-0.047581,0.315575,0.712884,-0.059639,0.356731,0.679849,-0.070818,0.229139,0.610507,-0.024091,0.267326,0.529944,-0.042431,0.286291,0.476948,-0.057883,0.299228,0.430788,-0.069201,0.189564,0.583437,-0.021723,0.215437,0.482262,-0.037418,0.230544,0.420400,-0.051185,0.240299,0.369199,-0.060886,0.150049,0.581306,-0.023398,0.155497,0.485076,-0.040098,0.162859,0.427403,-0.052016,0.170421,0.377017,-0.059639,0.110814,0.599055,-0.028318,0.105367,0.524996,-0.044556,0.104155,0.476531,-0.051693,0.106563,0.431172,-0.055389
4773,0,0.033505,0.047361,0.050601,1.365711,1.220078,0.137372,0.820157,0.000001,0.208636,0.807786,-0.032928,0.269951,0.761799,-0.047594,0.315652,0.712598,-0.059493,0.356744,0.679629,-0.070469,0.228670,0.610083,-0.024074,0.266934,0.529101,-0.042129,0.285755,0.476047,-0.057463,0.298699,0.429873,-0.068762,0.189166,0.583047,-0.021537,0.215096,0.481672,-0.036918,0.229742,0.419841,-0.050546,0.239011,0.368793,-0.060184,0.149760,0.580721,-0.023036,0.155029,0.484785,-0.039408,0.162006,0.426851,-0.051284,0.168935,0.376606,-0.058893,0.110447,0.598372,-0.027786,0.104850,0.524163,-0.043766,0.103365,0.475664,-0.050822,0.105353,0.430210,-0.054466
4805,0,0.054042,0.054713,0.048769,1.410126,1.246838,0.136784,0.819675,0.000001,0.208155,0.806908,-0.033334,0.268978,0.761891,-0.048659,0.314857,0.713182,-0.061206,0.356360,0.679840,-0.072919,0.228748,0.610377,-0.025001,0.266705,0.529435,-0.043751,0.285151,0.476174,-0.059539,0.298080,0.429578,-0.071160,0.189312,0.583512,-0.022535,0.214698,0.482090,-0.038566,0.229138,0.419808,-0.052687,0.237974,0.368023,-0.062733,0.149748,0.581337,-0.024121,0.154689,0.485575,-0.041066,0.161375,0.427520,-0.053289,0.168116,0.376806,-0.061113,0.110223,0.598973,-0.028982,0.104249,0.524630,-0.045464,0.102505,0.475893,-0.052826,0.104324,0.430226,-0.056622
4843,0,0.023691,0.020254,0.057461,1.416195,1.251565,0.136660,0.819789,0.000001,0.207918,0.807499,-0.033515,0.268655,0.762096,-0.048736,0.314887,0.713897,-0.061163,0.356415,0.680890,-0.072712,0.228625,0.610493,-0.025084,0.266544,0.529665,-0.043539,0.285018,0.476486,-0.059177,0.297844,0.429772,-0.070772,0.188904,0.583455,-0.022509,0.214083,0.482624,-0.038250,0.227981,0.420377,-0.052201,0.236688,0.368695,-0.062226,0.149208,0.581357,-0.023976,0.154378,0.485592,-0.040675,0.160853,0.427441,-0.052940,0.167278,0.376275,-0.060886,0.109536,0.599459,-0.028734,0.103513,0.525318,-0.045179,0.101520,0.476505,-0.052663,0.103045,0.430561,-0.056543
4876,0,0.022881,0.020238,0.053703,1.430048,1.262728,0.136661,0.819543,0.000001,0.207730,0.806704,-0.033320,0.269078,0.761979,-0.048655,0.315421,0.714076,-0.061245,0.356801,0.681233,-0.072959,0.228007,0.610120,-0.024835,0.266101,0.529281,-0.043328,0.284670,0.476025,-0.058985,0.297121,0.429345,-0.070561,0.188367,0.583015,-0.022367,0.213155,0.482002,-0.038186,0.227126,0.419797,-0.052160,0.235557,0.368410,-0.062121,0.148735,0.580996,-0.023935,0.153597,0.484891,-0.040653,0.160040,0.426638,-0.052805,0.166378,0.375639,-0.060645,0.109333,0.599013,-0.028801,0.103268,0.525224,-0.045173,0.101227,0.476497,-0.052482,0.102543,0.430976,-0.056218
4909,0,0.034821,0.032492,0.049186,1.452096,1.283652,0.136545,0.819661,0.000001,0.207641,0.806964,-0.034427,0.268717,0.762743,-0.050130,0.315358,0.714198,-0.062859,0.356988,0.681111,-0.074711,0.227989,0.610713,-0.025964,0.266080,0.529587,-0.044596,0.284385,0.476199,-0.060415,0.296770,0.429280,-0.072175,0.188427,0.583828,-0.023047,0.213110,0.482149,-0.039039,0.226535,0.419623,-0.053266,0.234585,0.367995,-0.063458,0.148833,0.581782,-0.024235,0.153573,0.485904,-0.041206,0.159663,0.427228,-0.053727,0.165502,0.375847,-0.061890,0.109049,0.599791,-0.028778,0.103140,0.525952,-0.045495,0.101028,0.477045,-0.053174,0.102113,0.431057,-0.057232
4944,0,0.030527,0.033829,0.066287,1.427438,1.253373,0.136253,0.819708,0.000001,0.207194,0.807921,-0.033920,0.268495,0.763080,-0.049346,0.315719,0.715051,-0.061937,0.357432,0.681867,-0.073558,0.227996,0.610772,-0.025019,0.265862,0.529804,-0.043374,0.284212,0.476550,-0.058985,0.296852,0.430148,-0.070515,0.188609,0.583856,-0.022240,0.213134,0.482117,-0.037978,0.226799,0.419584,-0.051975,0.235132,0.368369,-0.061891,0.148876,0.581667,-0.023566,0.153494,0.485497,-0.040284,0.159734,0.427174,-0.052621,0.165735,0.376050,-0.060599,0.109169,0.599834,-0.028224,0.103421,0.526010,-0.044781,0.101228,0.477042,-0.052390,0.102228,0.431000,-0.056356
4980,0,0.022819,0.026549,0.024767,1.432829,1.271811,0.136695,0.820051,0.000001,0.207921,0.808132,-0.033616,0.269410,0.763056,-0.048913,0.316409,0.715205,-0.061418,0.357631,0.681887,-0.073046,0.228614,0.610758,-0.024987,0.266471,0.529169,-0.043306,0.284425,0.476046,-0.058787,0.296840,0.429633,-0.070323,0.188595,0.583868,-0.022414,0.212823,0.482156,-0.038253,0.226386,0.419850,-0.052373,0.234640,0.368667,-0.062387,0.148715,0.582134,-0.023926,0.153384,0.485677,-0.040791,0.159499,0.426942,-0.053296,0.165809,0.375487,-0.061418,0.109099,0.600260,-0.028748,0.103375,0.526756,-0.045498,0.101115,0.477697,-0.053250,0.102002,0.431763,-0.057357
5013,0,0.026984,0.026159,0.073987,1.428281,1.263477,0.136296,0.820467,0.000001,0.207731,0.808032,-0.034147,0.269263,0.763657,-0.049651,0.315949,0.715374,-0.062295,0.357600,0.682548,-0.074061,0.228601,0.611206,-0.025056,0.266205,0.530079,-0.043583,0.284098,0.476813,-0.059388,0.296527,0.429989,-0.071200,0.188824,0.584539,-0.022345,0.213136,0.483063,-0.038415,0.226723,0.420871,-0.052789,0.234994,0.369241,-0.063079,0.149026,0.582537,-0.023764,0.153886,0.486615,-0.040999,0.160010,0.428108,-0.053666,0.166000,0.376333,-0.061833,0.109296,0.600714,-0.028517,0.103870,0.526774,-0.045567,0.101747,0.477806,-0.053435,0.102860,0.431578,-0.057588
5047,0,0.018856,0.023672,0.078119,1.422522,1.266023,0.136729,0.820396,0.000001,0.208068,0.808657,-0.033989,0.269110,0.764346,-0.049531,0.315974,0.715918,-0.062168,0.357572,0.682424,-0.073882,0.228336,0.612007,-0.025619,0.266063,0.530656,-0.044135,0.284403,0.477425,-0.059723,0.296657,0.430566,-0.071299,0.188831,0.585050,-0.022829,0.213366,0.483116,-0.038740,0.227001,0.420772,-0.052806,0.235015,0.369516,-0.062813,0.149146,0.582500,-0.024097,0.154000,0.486349,-0.040930,0.160080,0.428033,-0.053267,0.166065,0.376878,-0.061291,0.109578,0.600362,-0.028686,0.103671,0.526991,-0.045265,0.101414,0.478144,-0.052806,0.102229,0.432397,-0.056772
5080,0,0.016180,0.017051,0.037426,1.425195,1.266599,0.136576,0.820499,0.000001,0.207914,0.809024,-0.034408,0.269793,0.764552,-0.050103,0.316803,0.716338,-0.062825,0.358178,0.682082,-0.074670,0.228732,0.612154,-0.025789,0.266326,0.530755,-0.044364,0.284440,0.477452,-0.060105,0.296601,0.430683,-0.071767,0.189070,0.585252,-0.022897,0.213537,0.482938,-0.038810,0.227077,0.420596,-0.053053,0.234994,0.369443,-0.063193,0.149178,0.583121,-0.024107,0.154123,0.486692,-0.040977,0.160161,0.428205,-0.053468,0.166115,0.376876,-0.061626,0.109191,0.601087,-0.028693,0.103623,0.527539,-0.045378,0.101371,0.478753,-0.053053,0.102165,0.432840,-0.057109
5115,0,0.026547,0.032418,0.060071,1.411196,1.254816,0.136303,0.821376,0.000001,0.208141,0.809031,-0.033939,0.269882,0.764581,-0.049374,0.316504,0.716037,-0.061972,0.358050,0.682924,-0.073646,0.228731,0.613208,-0.025379,0.266297,0.530718,-0.043860,0.284445,0.477070,-0.059526,0.296764,0.430003,-0.071108,0.188930,0.586099,-0.022565,0.212989,0.483703,-0.038300,0.226509,0.421275,-0.052420,0.234359,0.370125,-0.062433,0.149083,0.583468,-0.023787,0.154055,0.486890,-0.040376,0.160178,0.428450,-0.052697,0.165998,0.377401,-0.060634,0.109291,0.600827,-0.028379,0.103630,0.527093,-0.044714,0.101345,0.478406,-0.052143,0.102088,0.433010,-0.055927
5148,0,0.053904,0.054164,0.040319,1.451255,1.300605,0.136492,0.821617,0.000001,0.207882,0.809989,-0.034747,0.269085,0.765377,-0.050759,0.315498,0.716580,-0.063725,0.357194,0.682948,-0.075815,0.228723,0.613625,-0.027017,0.266296,0.531364,-0.045913,0.284173,0.477715,-0.061695,0.296564,0.430474,-0.073415,0.188754,0.586603,-0.023995,0.212919,0.484045,-0.040215,0.226097,0.421271,-0.054496,0.233478,0.369617,-0.064648,0.148865,0.584116,-0.025033,0.153756,0.487486,-0.042014,0.159675,0.428750,-0.054450,0.164962,0.377476,-0.062525,0.108835,0.601751,-0.029440,0.103290,0.528040,-0.046144,0.100937,0.479104,-0.053804,0.101583,0.433246,-0.057819
5181,0,0.055489,0.046536,0.034101,1.444947,1.281669,0.136356,0.820492,0.000001,0.207834,0.808791,-0.034012,0.269238,0.764201,-0.049439,0.315812,0.715645,-0.061937,0.357080,0.682213,-0.073559,0.228734,0.612610,-0.025688,0.266351,0.531002,-0.044136,0.284139,0.477442,-0.059585,0.296082,0.430560,-0.071069,0.188519,0.585377,-0.022932,0.212364,0.482338,-0.038763,0.225098,0.419836,-0.052806,0.232182,0.368562,-0.062767,0.148465,0.583099,-0.024189,0.153065,0.486644,-0.040907,0.158494,0.427757,-0.053267,0.163624,0.376256,-0.061292,0.108532,0.601234,-0.028801,0.102640,0.528082,-0.045265,0.100192,0.479367,-0.052806,0.100902,0.433373,-0.056726
5215,0,0.047282,0.052599,0.042653,1.453239,1.290515,0.136166,0.820992,0.000001,0.207751,0.808427,-0.034628,0.268841,0.764015,-0.050279,0.315735,0.715494,-0.062884,0.357321,0.682117,-0.074565,0.227962,0.612163,-0.025901,0.265301,0.529706,-0.044208,0.282972,0.475925,-0.059744,0.294696,0.428586,-0.071287,0.187835,0.584979,-0.022704,0.211349,0.481886,-0.038160,0.223774,0.419286,-0.052034,0.230687,0.367988,-0.061960,0.147963,0.582401,-0.023593,0.152680,0.485893,-0.039845,0.158229,0.427711,-0.051895,0.163297,0.377056,-0.059698,0.108206,0.599636,-0.027933,0.102045,0.526102,-0.043885,0.099451,0.477899,-0.051064,0.099846,0.433173,-0.054665
5249,0,0.047575,0.044312,0.050029,1.491458,1.322634,0.135857,0.821033,0.000001,0.207160,0.808358,-0.034270,0.268684,0.762928,-0.049948,0.315480,0.714283,-0.062713,0.357157,0.681514,-0.074599,0.228236,0.612419,-0.026454,0.265097,0.530338,-0.045162,0.282486,0.476417,-0.060817,0.294056,0.429129,-0.072471,0.188051,0.585009,-0.023725,0.211134,0.481758,-0.039866,0.223307,0.418746,-0.053972,0.229785,0.367308,-0.063962,0.147963,0.582567,-0.025020,0.152178,0.485570,-0.041901,0.157476,0.427017,-0.054157,0.162355,0.375816,-0.062065,0.108001,0.600159,-0.029692,0.101556,0.526504,-0.046133,0.098936,0.478071,-0.053509,0.099520,0.432568,-0.057302
5282,0,0.031893,0.039668,0.059877,1.507385,1.353203,0.136693,0.820711,0.000001,0.208287,0.807962,-0.034266,0.269652,0.762612,-0.049790,0.315677,0.713953,-0.062469,0.357288,0.680633,-0.074315,0.227783,0.611191,-0.026052,0.264601,0.529517,-0.044955,0.282271,0.475592,-0.060804,0.293658,0.428205,-0.072511,0.187459,0.584379,-0.023449,0.210238,0.480736,-0.039749,0.222621,0.418073,-0.054140,0.229521,0.366604,-0.064367,0.147423,0.582852,-0.024895,0.151466,0.486081,-0.042132,0.156850,0.426985,-0.054788,0.161843,0.375056,-0.062978,0.107616,0.601428,-0.029708,0.101924,0.527749,-0.046713,0.099316,0.478628,-0.054557,0.099652,0.432553,-0.058675
5317,0,0.036260,0.070784,0.063041,1.510127,1.307891,0.134887,0.819754,0.000001,0.206871,0.807694,-0.034985,0.268639,0.763624,-0.050997,0.315566,0.714752,-0.063955,0.357231,0.681310,-0.076033,0.227717,0.612099,-0.026933,0.264621,0.529647,-0.045837,0.282026,0.475350,-0.061687,0.293490,0.427674,-0.073488,0.187873,0.584916,-0.023879,0.210872,0.481562,-0.040215,0.222635,0.418564,-0.054699,0.228977,0.366816,-0.065019,0.147978,0.582414,-0.024897,0.152321,0.485932,-0.042020,0.157426,0.427214,-0.054653,0.161876,0.375649,-0.062890,0.107816,0.599979,-0.029316,0.101958,0.526249,-0.046115,0.099312,0.477454,-0.053913,0.099514,0.431836,-0.057985
5350,0,0.028459,0.047126,0.065865,1.501678,1.330022,0.136014,0.820383,0.000001,0.207556,0.808610,-0.035045,0.268881,0.764175,-0.051067,0.315696,0.715620,-0.064087,0.357568,0.681730,-0.076138,0.228399,0.611832,-0.026688,0.264358,0.528703,-0.045457,0.281685,0.474601,-0.061179,0.293445,0.427176,-0.072860,0.187848,0.584616,-0.023536,0.210245,0.481262,-0.039570,0.222213,0.418253,-0.053837,0.228794,0.367148,-0.064041,0.147570,0.582255,-0.024471,0.151668,0.485798,-0.041209,0.157049,0.427189,-0.053606,0.162066,0.376162,-0.061733,0.107580,0.600012,-0.028881,0.101758,0.526686,-0.045388,0.099266,0.478031,-0.053052,0.099841,0.432495,-0.057115
5383,0,0.018857,0.023928,0.046456,1.496948,1.316037,0.135579,0.820373,0.000001,0.207161,0.808380,-0.034721,0.268779,0.763968,-0.050499,0.315900,0.715376,-0.063389,0.357540,0.681464,-0.075356,0.228050,0.611501,-0.025919,0.264372,0.528714,-0.044631,0.281696,0.474631,-0.060479,0.293059,0.427108,-0.072306,0.187760,0.584806,-0.022997,0.210253,0.481225,-0.039087,0.222213,0.418087,-0.053641,0.228775,0.366524,-0.064129,0.147544,0.583053,-0.024210,0.151904,0.486595,-0.041120,0.157359,0.427638,-0.053779,0.162466,0.376365,-0.062003,0.107379,0.600881,-0.028830,0.102086,0.527309,-0.045532,0.099643,0.478354,-0.053317,0.100072,0.432407,-0.057475
5417,0,0.023580,0.028214,0.046403,1.490411,1.320057,0.135634,0.821385,0.000001,0.207444,0.808807,-0.034855,0.268959,0.764031,-0.050711,0.316130,0.715717,-0.063562,0.357839,0.681890,-0.075535,0.227836,0.612588,-0.026303,0.263572,0.528936,-0.045095,0.281002,0.474772,-0.061020,0.292785,0.427082,-0.072808,0.187604,0.585590,-0.023241,0.210069,0.482139,-0.039270,0.221981,0.418940,-0.053716,0.228467,0.367355,-0.064117,0.147682,0.583039,-0.024292,0.152080,0.486294,-0.041050,0.157470,0.427979,-0.053392,0.162501,0.377351,-0.061436,0.107926,0.600137,-0.028823,0.101813,0.526140,-0.045210,0.099350,0.477530,-0.052699,0.099785,0.432154,-0.056582
5451,0,0.034189,0.049608,0.065352,1.514012,1.334308,0.135662,0.820324,0.000001,0.207204,0.808761,-0.035341,0.268593,0.764261,-0.051405,0.315479,0.715567,-0.064441,0.357115,0.681859,-0.076507,0.227685,0.611997,-0.027043,0.264164,0.529440,-0.045997,0.281261,0.475133,-0.061899,0.292412,0.427290,-0.073733,0.187385,0.585254,-0.023877,0.210604,0.482108,-0.040218,0.222621,0.418851,-0.054780,0.229112,0.367019,-0.065135,0.147375,0.583147,-0.024824,0.151966,0.486507,-0.041975,0.157366,0.427899,-0.054549,0.162195,0.376582,-0.062731,0.107321,0.601008,-0.029262,0.101521,0.527380,-0.046066,0.099198,0.478642,-0.053855,0.099861,0.432755,-0.057923
5484,0,0.036753,0.047202,0.029544,1.499696,1.310825,0.135063,0.820659,0.000001,0.207093,0.808933,-0.035216,0.269067,0.763972,-0.051060,0.316159,0.715286,-0.063790,0.357974,0.681744,-0.075598,0.227681,0.611655,-0.026199,0.264096,0.529073,-0.044879,0.281159,0.474783,-0.060700,0.292553,0.427154,-0.072462,0.187222,0.584691,-0.022947,0.210118,0.481460,-0.039068,0.222229,0.418394,-0.053551,0.228853,0.366637,-0.063837,0.147159,0.582554,-0.023870,0.151612,0.485882,-0.040890,0.156926,0.426968,-0.053505,0.161934,0.375537,-0.061669,0.107102,0.600152,-0.028228,0.101617,0.526616,-0.045018,0.099115,0.477715,-0.052813,0.099550,0.431844,-0.056918
5517,0,0.030487,0.027947,0.051567,1.494517,1.299638,0.134608,0.821053,0.000001,0.206568,0.809317,-0.035152,0.267913,0.764007,-0.050832,0.314905,0.715162,-0.063459,0.356744,0.682173,-0.075115,0.227537,0.612400,-0.025971,0.263335,0.529127,-0.044542,0.280385,0.474567,-0.060360,0.291883,0.426733,-0.072155,0.187364,0.585021,-0.022583,0.209881,0.481942,-0.038390,0.221811,0.418609,-0.052682,0.228445,0.367004,-0.062904,0.147321,0.582234,-0.023369,0.151522,0.485565,-0.040009,0.156828,0.426876,-0.052405,0.161776,0.375878,-0.060360,0.107176,0.599616,-0.027636,0.101103,0.526014,-0.044033,0.098518,0.477538,-0.051572,0.099017,0.432165,-0.055503
5550,0,0.057663,0.076798,0.070541,1.526741,1.344098,0.135510,0.820347,0.000001,0.207011,0.808260,-0.034828,0.268185,0.764301,-0.050923,0.315470,0.716117,-0.064105,0.357308,0.682219,-0.076454,0.227591,0.612135,-0.026664,0.263578,0.530238,-0.045766,0.280791,0.476176,-0.061839,0.292385,0.428384,-0.073864,0.187246,0.584933,-0.023935,0.209969,0.481936,-0.040401,0.221960,0.418931,-0.055040,0.228511,0.366810,-0.065539,0.147178,0.582816,-0.025323,0.151430,0.486107,-0.042529,0.156635,0.427039,-0.055179,0.161641,0.374907,-0.063458,0.106967,0.600867,-0.030110,0.101113,0.527274,-0.046969,0.098641,0.478384,-0.054762,0.099262,0.432201,-0.058879
5583,0,0.035413,0.036346,0.082726,1.517147,1.314356,0.134824,0.819825,0.000001,0.207049,0.808568,-0.035262,0.268931,0.763965,-0.051198,0.315732,0.715151,-0.064067,0.357456,0.681973,-0.076060,0.227193,0.611734,-0.026429,0.263368,0.529462,-0.045271,0.280584,0.475129,-0.061254,0.291730,0.427194,-0.073154,0.186871,0.584840,-0.023247,0.209651,0.481356,-0.039552,0.221610,0.418230,-0.054150,0.228214,0.366517,-0.064529,0.146666,0.582657,-0.024216,0.151428,0.485909,-0.041351,0.156753,0.426899,-0.054012,0.161491,0.375259,-0.062222,0.106329,0.600154,-0.028643,0.101299,0.526602,-0.045410,0.099142,0.477843,-0.053182,0.099824,0.431869,-0.057287
5615,0,0.028632,0.033995,0.047093,1.529760,1.312590,0.134010,0.820072,0.000001,0.206149,0.808929,-0.035651,0.267843,0.764341,-0.051826,0.315063,0.715542,-0.064841,0.357225,0.682187,-0.076932,0.226958,0.612399,-0.027228,0.262873,0.529189,-0.046219,0.279935,0.474566,-0.062164,0.291316,0.426596,-0.073932,0.186965,0.584694,-0.023813,0.209716,0.481341,-0.040150,0.221834,0.417928,-0.054549,0.228557,0.366015,-0.064748,0.146827,0.582034,-0.024552,0.151302,0.485073,-0.041627,0.156484,0.426364,-0.053995,0.161309,0.375330,-0.061933,0.106953,0.599235,-0.028798,0.101061,0.525448,-0.045481,0.098715,0.476759,-0.053119,0.099262,0.431299,-0.056995
5647,0,0.024997,0.025813,0.032790,1.518289,1.316395,0.134715,0.820114,0.000001,0.206778,0.809668,-0.035178,0.268429,0.765229,-0.051080,0.315963,0.716232,-0.063930,0.357775,0.682633,-0.075857,0.227369,0.611958,-0.026765,0.263229,0.529070,-0.045532,0.280423,0.474734,-0.061249,0.291742,0.427067,-0.072944,0.187080,0.584684,-0.023587,0.210090,0.481041,-0.039800,0.222260,0.417626,-0.054177,0.228936,0.365937,-0.064439,0.147080,0.582293,-0.024523,0.151394,0.485212,-0.041626,0.156647,0.426283,-0.054177,0.161376,0.374982,-0.062359,0.107099,0.599927,-0.028914,0.101125,0.526276,-0.045787,0.098687,0.477191,-0.053714,0.099109,0.431137,-0.057875
5681,0,0.024114,0.024462,0.047993,1.517553,1.327646,0.134807,0.821142,0.000001,0.207291,0.809357,-0.035036,0.268802,0.765050,-0.050832,0.316093,0.716610,-0.063690,0.357449,0.683294,-0.075623,0.227694,0.611952,-0.026248,0.263027,0.528526,-0.045073,0.280023,0.473852,-0.061007,0.291438,0.425985,-0.072848,0.187241,0.585184,-0.023196,0.209914,0.481341,-0.039407,0.222183,0.418244,-0.053977,0.229010,0.366758,-0.064338,0.146801,0.583385,-0.024283,0.150922,0.486233,-0.041373,0.156287,0.426931,-0.054069,0.161242,0.375509,-0.062302,0.106363,0.601188,-0.028839,0.100864,0.527151,-0.045698,0.098581,0.477944,-0.053607,0.099308,0.431817,-0.057816
5715,0,0.032134,0.041780,0.052211,1.520394,1.308131,0.133991,0.820562,0.000001,0.206474,0.809891,-0.035512,0.267981,0.765837,-0.051797,0.315286,0.717466,-0.065048,0.356955,0.682925,-0.077326,0.227584,0.612861,-0.027057,0.263025,0.528888,-0.046029,0.280002,0.474202,-0.061897,0.291251,0.426282,-0.073619,0.187267,0.585135,-0.023663,0.210127,0.481592,-0.039891,0.222224,0.418417,-0.054299,0.229038,0.366839,-0.064585,0.146973,0.582421,-0.024416,0.151198,0.485160,-0.041350,0.156579,0.426285,-0.053790,0.161673,0.375455,-0.061851,0.106933,0.599646,-0.028655,0.100764,0.525856,-0.045242,0.098226,0.476888,-0.052956,0.098717,0.431628,-0.056894
5749,0,0.033762,0.045724,0.048413,1.507832,1.333189,0.135001,0.822386,0.000001,0.206855,0.810741,-0.035240,0.268636,0.766406,-0.051321,0.315877,0.717922,-0.064371,0.357826,0.684201,-0.076403,0.227613,0.613430,-0.026586,0.262966,0.530057,-0.045398,0.279905,0.475870,-0.061317,0.291281,0.428273,-0.073071,0.187133,0.586155,-0.023428,0.209932,0.482091,-0.039544,0.222041,0.418672,-0.053913,0.228611,0.367072,-0.064140,0.146668,0.583487,-0.024434,0.150980,0.486251,-0.041302,0.156343,0.427176,-0.053774,0.161268,0.375982,-0.061872,0.106291,0.601113,-0.028923,0.100828,0.526918,-0.045467,0.098526,0.477801,-0.053080,0.099039,0.431915,-0.057106
5782,0,0.023505,0.032689,0.042452,1.524059,1.331985,0.134233,0.822241,0.000001,0.206757,0.810109,-0.034835,0.268353,0.765458,-0.050930,0.315510,0.717470,-0.064103,0.357399,0.684520,-0.076441,0.227504,0.613173,-0.026393,0.262927,0.530067,-0.045503,0.279896,0.475708,-0.061691,0.291390,0.427722,-0.073751,0.187153,0.585961,-0.023598,0.209839,0.482425,-0.040006,0.221995,0.419201,-0.054687,0.228639,0.367298,-0.065170,0.146724,0.583732,-0.024908,0.151046,0.486651,-0.042070,0.156101,0.427389,-0.054733,0.160826,0.375746,-0.062990,0.106250,0.601540,-0.029663,0.100729,0.527370,-0.046407,0.098299,0.478220,-0.054130,0.098636,0.432253,-0.058212
5815,0,0.026773,0.031478,0.057435,1.527845,1.345454,0.134715,0.822191,0.000001,0.207092,0.810405,-0.035069,0.268048,0.766642,-0.051363,0.315172,0.718259,-0.064761,0.356918,0.683813,-0.077231,0.227311,0.613861,-0.027142,0.262772,0.530505,-0.046450,0.279757,0.476213,-0.062628,0.291250,0.428261,-0.074588,0.186970,0.586197,-0.024129,0.210059,0.483095,-0.040771,0.222523,0.420127,-0.055397,0.229487,0.368255,-0.065827,0.146571,0.583748,-0.025241,0.150764,0.486575,-0.042556,0.156185,0.427244,-0.055211,0.161393,0.375585,-0.063370,0.106307,0.601629,-0.029784,0.100505,0.527677,-0.046820,0.098201,0.478325,-0.054701,0.099007,0.432314,-0.058827
5847,0,0.027603,0.022023,0.047631,1.508347,1.339600,0.135222,0.822560,0.000001,0.207098,0.811202,-0.034830,0.268840,0.766873,-0.050926,0.316314,0.718632,-0.064109,0.358042,0.684772,-0.076413,0.227826,0.613974,-0.026527,0.263256,0.530960,-0.045607,0.280404,0.476644,-0.061657,0.291641,0.428599,-0.073591,0.187652,0.586594,-0.023729,0.210581,0.483058,-0.040241,0.222794,0.419838,-0.054858,0.229262,0.367597,-0.065265,0.147238,0.584070,-0.025070,0.151425,0.486774,-0.042300,0.156392,0.427533,-0.054858,0.161087,0.375606,-0.062952,0.107006,0.601831,-0.029811,0.100876,0.527792,-0.046602,0.098250,0.478472,-0.054257,0.098523,0.432388,-0.058281
5882,0,0.033798,0.045019,0.052582,1.501998,1.323718,0.135214,0.821484,0.000001,0.206608,0.809941,-0.035100,0.268637,0.766107,-0.051214,0.316426,0.718156,-0.064458,0.358500,0.684407,-0.076822,0.228357,0.613291,-0.026487,0.263649,0.531160,-0.045820,0.280571,0.477307,-0.062143,0.291799,0.429407,-0.074275,0.188434,0.585963,-0.023662,0.211320,0.483523,-0.040402,0.223348,0.420563,-0.055289,0.230000,0.368279,-0.065986,0.148359,0.583765,-0.025028,0.152380,0.487309,-0.042648,0.156967,0.428458,-0.055567,0.161387,0.376457,-0.063902,0.107932,0.601454,-0.029821,0.102098,0.527850,-0.047001,0.099434,0.479069,-0.054965,0.099701,0.432716,-0.059225
5915,0,0.030992,0.027562,0.068021,1.476657,1.304552,0.135569,0.821382,0.000001,0.207643,0.809887,-0.035235,0.269147,0.766000,-0.051411,0.316236,0.717611,-0.064563,0.358292,0.684253,-0.076793,0.228503,0.614028,-0.026951,0.264013,0.531596,-0.045919,0.280881,0.477544,-0.061887,0.292085,0.429916,-0.073701,0.188491,0.586602,-0.023767,0.211570,0.483791,-0.040035,0.223758,0.420595,-0.054457,0.230341,0.368897,-0.064748,0.148418,0.584090,-0.024713,0.152957,0.487235,-0.041765,0.158212,0.428600,-0.054272,0.162938,0.377579,-0.062348,0.108248,0.601325,-0.029144,0.102581,0.527467,-0.045850,0.100150,0.478647,-0.053580,0.100597,0.433075,-0.057595
5949,0,0.037938,0.036949,0.027066,1.459772,1.291054,0.135781,0.821223,0.000001,0.207965,0.810172,-0.035012,0.269467,0.765908,-0.050847,0.316568,0.717158,-0.063616,0.358324,0.683499,-0.075417,0.228983,0.614009,-0.026023,0.264317,0.531393,-0.044577,0.281066,0.477048,-0.060297,0.292116,0.429311,-0.072006,0.188807,0.586154,-0.022853,0.211293,0.483018,-0.038792,0.223460,0.419788,-0.053105,0.229860,0.368131,-0.063339,0.148399,0.583316,-0.023833,0.152746,0.486507,-0.040590,0.157850,0.427781,-0.053013,0.162710,0.376776,-0.061126,0.108096,0.600694,-0.028258,0.102174,0.527242,-0.044692,0.099820,0.478723,-0.052322,0.100571,0.433130,-0.056378
5981,0,0.024086,0.021848,0.046108,1.476935,1.305532,0.135613,0.821318,0.000001,0.207400,0.809647,-0.035489,0.269165,0.765825,-0.051688,0.316471,0.717701,-0.064794,0.358599,0.683933,-0.076932,0.228679,0.613569,-0.026213,0.263489,0.530628,-0.045019,0.280006,0.476635,-0.061010,0.291047,0.428939,-0.072871,0.188470,0.586305,-0.022913,0.211078,0.483300,-0.039066,0.223236,0.420094,-0.053672,0.229806,0.368344,-0.064102,0.148255,0.583768,-0.023859,0.152422,0.486981,-0.040820,0.157575,0.428002,-0.053534,0.162484,0.376752,-0.061748,0.107951,0.600978,-0.028313,0.102207,0.527313,-0.044950,0.099823,0.478523,-0.052795,0.100434,0.432821,-0.056949
6018,0,0.023770,0.037196,0.042794,1.467957,1.317003,0.136831,0.820748,0.000001,0.208768,0.809516,-0.035101,0.270110,0.765928,-0.051198,0.317454,0.717416,-0.064251,0.359218,0.683703,-0.076382,0.228459,0.613948,-0.026752,0.263493,0.531140,-0.045594,0.280139,0.477126,-0.061438,0.291434,0.429564,-0.073153,0.188725,0.586718,-0.023523,0.211544,0.483245,-0.039598,0.223711,0.419876,-0.053919,0.230264,0.368101,-0.064113,0.148759,0.583897,-0.024423,0.152826,0.486726,-0.041258,0.158024,0.428115,-0.053689,0.162798,0.377360,-0.061760,0.108627,0.601188,-0.028782,0.102499,0.527424,-0.045271,0.099996,0.478417,-0.052951,0.100358,0.433058,-0.056964