t,missing,delta_l1,delta_l1_wrist,delta_angles,delta_base_l1,delta_base_l1_wrist,x0,y0,z0,x1,y1,z1,x2,y2,z2,x3,y3,z3,x4,y4,z4,x5,y5,z5,x6,y6,z6,x7,y7,z7,x8,y8,z8,x9,y9,z9,x10,y10,z10,x11,y11,z11,x12,y12,z12,x13,y13,z13,x14,y14,z14,x15,y15,z15,x16,y16,z16,x17,y17,z17,x18,y18,z18,x19,y19,z19,x20,y20,z20
35,0,,,,0.000000,0.000000,0.188403,0.789017,0.000000,0.249481,0.770932,-0.027437,0.300006,0.719347,-0.035166,0.323563,0.655821,-0.040206,0.345211,0.606741,-0.044305,0.273505,0.612644,-0.010813,0.298413,0.544651,-0.024033,0.309332,0.500595,-0.036821,0.316544,0.460713,-0.046148,0.240723,0.594796,-0.007550,0.259473,0.517482,-0.018185,0.267920,0.467951,-0.029825,0.273119,0.425594,-0.038494,0.207399,0.593427,-0.008387,0.218269,0.519620,-0.020272,0.226524,0.475463,-0.028960,0.234362,0.436570,-0.034790,0.170667,0.605432,-0.012186,0.174796,0.545938,-0.024108,0.179197,0.509300,-0.028979,0.184568,0.474501,-0.031424
64,0,0.031723,0.032817,0.051767,0.031723,0.032817,0.187636,0.789121,0.000000,0.249144,0.770949,-0.027832,0.299525,0.720007,-0.035504,0.323378,0.656460,-0.040469,0.344905,0.606986,-0.044418,0.272970,0.612721,-0.010004,0.297785,0.545201,-0.022999,0.308990,0.501114,-0.035824,0.316282,0.461012,-0.045245,0.240311,0.594903,-0.006450,0.259012,0.517906,-0.016878,0.267542,0.468156,-0.028659,0.272741,0.425409,-0.037460,0.206946,0.593658,-0.007118,0.218229,0.519876,-0.019012,0.226391,0.475670,-0.027944,0.234061,0.436523,-0.033924,0.170363,0.605538,-0.010794,0.174774,0.546516,-0.022867,0.179305,0.509937,-0.027963,0.184563,0.474909,-0.030558
94,0,0.019436,0.016870,0.065764,0.046853,0.042986,0.187350,0.788775,0.000000,0.248878,0.771133,-0.028022,0.299389,0.720053,-0.035652,0.322686,0.656123,-0.040520,0.344440,0.606133,-0.044316,0.272486,0.612333,-0.009679,0.297458,0.545123,-0.022590,0.308588,0.501112,-0.035502,0.316069,0.461033,-0.045031,0.239872,0.594439,-0.006000,0.258593,0.517837,-0.016360,0.267418,0.468250,-0.028229,0.272965,0.425427,-0.037156,0.206374,0.593201,-0.006611,0.217564,0.519738,-0.018540,0.226063,0.475972,-0.027590,0.233971,0.437129,-0.033698,0.169866,0.605184,-0.010243,0.174321,0.546358,-0.022384,0.178862,0.509963,-0.027627,0.184338,0.475053,-0.030352
129,0,0.026605,0.030921,0.043508,0.039697,0.026326,0.187525,0.788998,0.000000,0.248403,0.770985,-0.028273,0.298806,0.719868,-0.036270,0.322278,0.655925,-0.041452,0.344449,0.606020,-0.045582,0.272200,0.612330,-0.010551,0.297086,0.544642,-0.023711,0.308159,0.500658,-0.036646,0.315569,0.460685,-0.046145,0.239675,0.594722,-0.006843,0.258379,0.517869,-0.017375,0.267143,0.468319,-0.029174,0.272711,0.425739,-0.037979,0.206438,0.593658,-0.007401,0.217355,0.519993,-0.019393,0.225861,0.476034,-0.028310,0.233762,0.437069,-0.034262,0.169941,0.605845,-0.011001,0.174229,0.546514,-0.023166,0.178768,0.510000,-0.028292,0.184033,0.475035,-0.030901
159,0,0.026829,0.023331,0.030532,0.051236,0.032844,0.187038,0.788215,0.000000,0.248035,0.770453,-0.028048,0.298281,0.719502,-0.035877,0.321658,0.655495,-0.040927,0.343715,0.605681,-0.044945,0.271319,0.612278,-0.010598,0.296403,0.544837,-0.023712,0.307544,0.500802,-0.036591,0.315162,0.460767,-0.046071,0.238808,0.594604,-0.006989,0.257553,0.517604,-0.017488,0.266151,0.467900,-0.029287,0.271686,0.425191,-0.038168,0.205610,0.593477,-0.007599,0.216644,0.519891,-0.019619,0.225013,0.475703,-0.028649,0.232764,0.436586,-0.034732,0.169202,0.605966,-0.011217,0.173515,0.546677,-0.023486,0.177887,0.510096,-0.028724,0.183085,0.474938,-0.031465
191,0,0.028045,0.020070,0.033687,0.073657,0.034467,0.186462,0.788073,0.000000,0.247502,0.770007,-0.028211,0.297591,0.719089,-0.036116,0.321393,0.655105,-0.041211,0.343848,0.605434,-0.045258,0.271250,0.611612,-0.010247,0.296074,0.543872,-0.023266,0.307172,0.499841,-0.036210,0.314552,0.459624,-0.045745,0.238569,0.593920,-0.006542,0.257122,0.517361,-0.016962,0.265544,0.467699,-0.028867,0.271050,0.425001,-0.037840,0.205178,0.592890,-0.007104,0.216234,0.519504,-0.018985,0.224504,0.475551,-0.028042,0.232275,0.436712,-0.034149,0.168718,0.604999,-0.010706,0.172999,0.546190,-0.022835,0.177441,0.509737,-0.028042,0.182724,0.474881,-0.030759
221,0,0.043148,0.062983,0.058833,0.075268,0.047711,0.187351,0.788300,0.000000,0.247733,0.769637,-0.027533,0.297301,0.718142,-0.035330,0.320598,0.654393,-0.040409,0.342535,0.604962,-0.044457,0.270763,0.611112,-0.011021,0.295549,0.543319,-0.024197,0.306558,0.499303,-0.037035,0.313784,0.459321,-0.046444,0.238070,0.593864,-0.007736,0.256712,0.516787,-0.018321,0.265244,0.466886,-0.029988,0.270381,0.424272,-0.038685,0.204918,0.593245,-0.008561,0.215871,0.519072,-0.020542,0.224278,0.475238,-0.029407,0.231913,0.436561,-0.035330,0.168530,0.605864,-0.012333,0.172507,0.546004,-0.024478,0.176872,0.509483,-0.029557,0.181922,0.474658,-0.032125
254,0,0.061967,0.071427,0.061206,0.123959,0.047718,0.185321,0.787816,0.000000,0.246206,0.770073,-0.028490,0.296681,0.718200,-0.036386,0.320215,0.654609,-0.041338,0.342110,0.604847,-0.045201,0.270433,0.610015,-0.010700,0.294824,0.542245,-0.023614,0.305553,0.498071,-0.036330,0.312575,0.458258,-0.045614,0.237539,0.592426,-0.006710,0.256134,0.515801,-0.016805,0.264319,0.466349,-0.028171,0.269482,0.424427,-0.036668,0.204295,0.591482,-0.006996,0.215515,0.518163,-0.018428,0.223673,0.474557,-0.026971,0.231380,0.436002,-0.032710,0.167819,0.604123,-0.010381,0.172152,0.545209,-0.022001,0.176766,0.509182,-0.026765,0.182231,0.474746,-0.029128
287,0,0.038891,0.047835,0.047421,0.150223,0.067108,0.185637,0.786738,0.000000,0.246569,0.768745,-0.027902,0.296390,0.717674,-0.035622,0.319526,0.653500,-0.040517,0.341304,0.603711,-0.044358,0.269283,0.610176,-0.010007,0.294199,0.542762,-0.022762,0.305056,0.498706,-0.035320,0.312165,0.458987,-0.044546,0.236668,0.592489,-0.006199,0.255252,0.515852,-0.016229,0.263565,0.466546,-0.027526,0.268759,0.424447,-0.036017,0.203529,0.591301,-0.006632,0.214351,0.517740,-0.018121,0.222531,0.474096,-0.026603,0.230145,0.435819,-0.032327,0.167376,0.603524,-0.010101,0.171580,0.544363,-0.021708,0.176085,0.508084,-0.026453,0.181579,0.473822,-0.028863
340,0,0.019035,0.019309,0.061854,0.146354,0.052609,0.185155,0.786984,0.000000,0.245820,0.769032,-0.027993,0.295759,0.717475,-0.035688,0.319209,0.653649,-0.040556,0.340919,0.603924,-0.044414,0.269064,0.610442,-0.010495,0.293755,0.542456,-0.023312,0.304914,0.498398,-0.035913,0.312006,0.458597,-0.045088,0.236593,0.592952,-0.006722,0.255212,0.515799,-0.016721,0.263521,0.466228,-0.028030,0.268473,0.423966,-0.036456,0.203406,0.591916,-0.007153,0.214464,0.518291,-0.018509,0.222665,0.474352,-0.026963,0.230060,0.435797,-0.032636,0.167206,0.604037,-0.010626,0.171406,0.544622,-0.022151,0.175924,0.508261,-0.026794,0.181095,0.473737,-0.029060
369,0,0.051010,0.042274,0.074273,0.150156,0.049115,0.184086,0.786266,0.000000,0.245304,0.768355,-0.028320,0.295036,0.717379,-0.036253,0.317929,0.653354,-0.041373,0.339852,0.603321,-0.045499,0.268279,0.609971,-0.010812,0.292979,0.542561,-0.024025,0.303708,0.498553,-0.036947,0.310950,0.458485,-0.046437,0.235707,0.592641,-0.007122,0.254117,0.515920,-0.017658,0.262495,0.466447,-0.029426,0.267844,0.423940,-0.038297,0.202571,0.592050,-0.007699,0.213330,0.518631,-0.019711,0.221342,0.474766,-0.028714,0.228925,0.435797,-0.034772,0.166239,0.604723,-0.011319,0.170213,0.545568,-0.023500,0.174736,0.508958,-0.028732,0.180161,0.473971,-0.031489
398,0,0.024681,0.016792,0.031801,0.158801,0.053696,0.183795,0.786601,0.000000,0.244564,0.769110,-0.028240,0.294402,0.717822,-0.036188,0.317376,0.653894,-0.041294,0.339278,0.604216,-0.045446,0.267752,0.610230,-0.011156,0.292083,0.542715,-0.024387,0.302935,0.498562,-0.037273,0.310223,0.458629,-0.046717,0.235147,0.592951,-0.007467,0.253334,0.516187,-0.017973,0.261676,0.466748,-0.029586,0.267111,0.424264,-0.038302,0.201840,0.592306,-0.007990,0.212544,0.518717,-0.019974,0.220606,0.474999,-0.028726,0.228190,0.436312,-0.034580,0.165517,0.604633,-0.011548,0.169587,0.545153,-0.023658,0.174117,0.508809,-0.028689,0.179430,0.474033,-0.031251
432,0,0.025237,0.022630,0.036003,0.170838,0.041860,0.182626,0.787193,0.000000,0.243336,0.769550,-0.028375,0.293603,0.718073,-0.036375,0.316920,0.654335,-0.041497,0.338921,0.604884,-0.045571,0.266920,0.610663,-0.011253,0.291637,0.542681,-0.024393,0.302664,0.498556,-0.037141,0.309981,0.458753,-0.046469,0.234419,0.593533,-0.007463,0.252757,0.516215,-0.017870,0.261062,0.466630,-0.029477,0.266083,0.424030,-0.038132,0.201363,0.592580,-0.007883,0.212065,0.519056,-0.019683,0.220097,0.475189,-0.028468,0.227436,0.436245,-0.034337,0.164965,0.604943,-0.011346,0.169129,0.545741,-0.023253,0.173449,0.509501,-0.028150,0.178586,0.475179,-0.030618
460,0,0.032780,0.023627,0.056972,0.168001,0.044699,0.182516,0.787956,0.000000,0.243788,0.769643,-0.028134,0.293685,0.718593,-0.036250,0.316625,0.654999,-0.041611,0.338421,0.604974,-0.045997,0.266794,0.611637,-0.010824,0.291075,0.543587,-0.024254,0.302111,0.499327,-0.037300,0.309592,0.459217,-0.046859,0.234127,0.594284,-0.007287,0.252020,0.517355,-0.018087,0.260267,0.467406,-0.030027,0.265431,0.424557,-0.038949,0.200787,0.593453,-0.007975,0.211139,0.519849,-0.020168,0.219100,0.475632,-0.029090,0.226632,0.436738,-0.035032,0.164377,0.605770,-0.011687,0.168337,0.546257,-0.023898,0.172672,0.509728,-0.028940,0.177920,0.475003,-0.031489
494,0,0.039787,0.045859,0.048927,0.189054,0.079271,0.183122,0.788384,0.000000,0.244048,0.770260,-0.028016,0.293871,0.718944,-0.035833,0.316150,0.654678,-0.040883,0.337547,0.604921,-0.044960,0.266657,0.611449,-0.010361,0.290558,0.543553,-0.023359,0.301264,0.499416,-0.036151,0.308498,0.459628,-0.045483,0.233924,0.594638,-0.006686,0.251597,0.517796,-0.017038,0.259781,0.467944,-0.028689,0.264905,0.425144,-0.037423,0.200504,0.593957,-0.007247,0.210880,0.520553,-0.019076,0.218610,0.476592,-0.027885,0.225693,0.437834,-0.033739,0.164185,0.606304,-0.010828,0.168268,0.547175,-0.022798,0.172561,0.510720,-0.027810,0.177670,0.476186,-0.030335
527,0,0.041777,0.043090,0.052915,0.190360,0.078388,0.183089,0.789181,0.000000,0.243846,0.770651,-0.028046,0.293465,0.718762,-0.036150,0.316047,0.655060,-0.041491,0.337435,0.605336,-0.045823,0.266844,0.611758,-0.011372,0.290700,0.543756,-0.024741,0.301233,0.499537,-0.037663,0.308111,0.459504,-0.047092,0.233950,0.594799,-0.007931,0.251818,0.517867,-0.018663,0.259769,0.468111,-0.030380,0.264491,0.425702,-0.039063,0.200316,0.594401,-0.008673,0.210686,0.520846,-0.020783,0.218719,0.476963,-0.029634,0.226105,0.438355,-0.035497,0.163646,0.607277,-0.012417,0.167493,0.547709,-0.024648,0.171633,0.511281,-0.029690,0.176748,0.476669,-0.032210
557,0,0.038948,0.043552,0.036168,0.200860,0.068318,0.182048,0.788823,0.000000,0.243225,0.770655,-0.028031,0.293025,0.719291,-0.035914,0.315456,0.655135,-0.041008,0.336842,0.605406,-0.045090,0.266249,0.611654,-0.010701,0.290175,0.543797,-0.023650,0.300391,0.499716,-0.036326,0.307058,0.459888,-0.045577,0.233369,0.594727,-0.007041,0.251212,0.517716,-0.017339,0.259197,0.468169,-0.028874,0.263986,0.425841,-0.037487,0.199946,0.594160,-0.007593,0.210346,0.520746,-0.019343,0.218361,0.476809,-0.028106,0.225751,0.438087,-0.033986,0.163260,0.606800,-0.011141,0.167310,0.547674,-0.023013,0.171704,0.511603,-0.027881,0.177076,0.477352,-0.030316
590,0,0.036576,0.034595,0.044856,0.230975,0.085962,0.181826,0.789872,0.000000,0.242597,0.771779,-0.028348,0.292387,0.720245,-0.036250,0.315150,0.655598,-0.041342,0.336870,0.605222,-0.045349,0.265553,0.612831,-0.010261,0.289329,0.544425,-0.023087,0.299917,0.499922,-0.035688,0.307088,0.460065,-0.044900,0.232833,0.595803,-0.006394,0.250470,0.518515,-0.016543,0.258329,0.468546,-0.028011,0.263261,0.426131,-0.036549,0.199454,0.594927,-0.006816,0.209792,0.521104,-0.018462,0.217606,0.476971,-0.027094,0.224986,0.438232,-0.032861,0.162817,0.607091,-0.010298,0.166646,0.547977,-0.022094,0.171104,0.511574,-0.026944,0.176398,0.477269,-0.029378
624,0,0.025121,0.023672,0.061760,0.234627,0.071829,0.181123,0.790012,0.000000,0.241980,0.771797,-0.028462,0.292365,0.720438,-0.036476,0.315088,0.656432,-0.041644,0.336113,0.606378,-0.045726,0.265169,0.612840,-0.010692,0.289245,0.544728,-0.023631,0.299926,0.500526,-0.036326,0.306767,0.460689,-0.045613,0.232347,0.595702,-0.006820,0.250197,0.518521,-0.017077,0.258007,0.468882,-0.028649,0.262737,0.426472,-0.037300,0.199119,0.594826,-0.007204,0.209368,0.521325,-0.018865,0.217083,0.477748,-0.027563,0.224186,0.439309,-0.033386,0.162613,0.607151,-0.010664,0.166531,0.548281,-0.022395,0.170809,0.512315,-0.027226,0.176120,0.478198,-0.029660
672,0,0.028425,0.030987,0.047976,0.240912,0.078719,0.181310,0.790577,0.000000,0.241963,0.771636,-0.028155,0.292004,0.720099,-0.036047,0.314818,0.656065,-0.041202,0.335733,0.605736,-0.045326,0.264688,0.613086,-0.010375,0.288739,0.545395,-0.023431,0.299232,0.501132,-0.036309,0.306408,0.461147,-0.045813,0.231920,0.596073,-0.006786,0.249564,0.519034,-0.017171,0.257587,0.469258,-0.028999,0.262560,0.426564,-0.037940,0.198616,0.595285,-0.007461,0.208800,0.521819,-0.019364,0.216629,0.477983,-0.028380,0.223881,0.439138,-0.034491,0.162203,0.607965,-0.011163,0.165806,0.549027,-0.023244,0.170095,0.512675,-0.028380,0.175286,0.477943,-0.031117
707,0,0.027468,0.026405,0.082082,0.260589,0.101571,0.181404,0.790757,0.000000,0.242191,0.771945,-0.028313,0.291931,0.720473,-0.036384,0.314141,0.655859,-0.041646,0.336040,0.605843,-0.045841,0.265139,0.612942,-0.010074,0.289098,0.545085,-0.023014,0.299455,0.500732,-0.035860,0.306135,0.460662,-0.045241,0.232125,0.596030,-0.006325,0.249724,0.519076,-0.016535,0.257404,0.469478,-0.028145,0.261844,0.426828,-0.036796,0.198587,0.595481,-0.006854,0.208819,0.522343,-0.018492,0.216477,0.478582,-0.027077,0.223668,0.439940,-0.032808,0.161801,0.608145,-0.010458,0.165853,0.549213,-0.022190,0.170245,0.512980,-0.026871,0.175294,0.478583,-0.029156
736,0,0.015961,0.015091,0.056861,0.261175,0.101562,0.181255,0.790822,0.000000,0.241694,0.772528,-0.028198,0.291638,0.720451,-0.036067,0.313758,0.656265,-0.041144,0.335298,0.606730,-0.045154,0.265209,0.612501,-0.010249,0.288748,0.544405,-0.023027,0.299104,0.500109,-0.035674,0.305626,0.460193,-0.044929,0.232101,0.595864,-0.006511,0.249507,0.518769,-0.016619,0.256999,0.468967,-0.028104,0.261517,0.426537,-0.036667,0.198657,0.595350,-0.007021,0.208691,0.522070,-0.018577,0.216366,0.478289,-0.027205,0.223553,0.439705,-0.032976,0.161960,0.608055,-0.010595,0.165807,0.548986,-0.022240,0.170018,0.512983,-0.026980,0.175154,0.478774,-0.029322
768,0,0.024473,0.023625,0.046209,0.270769,0.085629,0.180313,0.790853,0.000000,0.241247,0.772445,-0.028454,0.291109,0.720953,-0.036519,0.313669,0.656217,-0.041753,0.335456,0.605890,-0.045954,0.264465,0.613262,-0.010307,0.288174,0.545163,-0.023296,0.298581,0.500750,-0.036051,0.305548,0.460655,-0.045466,0.231408,0.596279,-0.006490,0.248908,0.518962,-0.016834,0.256617,0.469368,-0.028492,0.261312,0.426798,-0.037213,0.197815,0.595684,-0.006963,0.207973,0.522030,-0.018851,0.215716,0.478056,-0.027572,0.222988,0.439208,-0.033425,0.161152,0.608073,-0.010494,0.165215,0.549199,-0.022471,0.169754,0.512965,-0.027385,0.175330,0.478581,-0.029861
799,0,0.016510,0.015544,0.041553,0.272554,0.086178,0.180166,0.790919,0.000000,0.240819,0.772866,-0.028566,0.290835,0.721206,-0.036725,0.313039,0.656317,-0.042051,0.334899,0.606049,-0.046290,0.264740,0.612953,-0.010757,0.288323,0.544812,-0.023802,0.298457,0.500267,-0.036537,0.305196,0.460310,-0.045840,0.231556,0.595980,-0.006874,0.248750,0.518853,-0.017218,0.256193,0.469119,-0.028753,0.260788,0.426698,-0.037344,0.198038,0.595502,-0.007273,0.208111,0.522124,-0.019075,0.215612,0.478366,-0.027665,0.222788,0.439636,-0.033405,0.161350,0.608300,-0.010747,0.165346,0.549535,-0.022657,0.169672,0.513358,-0.027497,0.174806,0.478925,-0.029897
833,0,0.027233,0.037124,0.053983,0.259586,0.088691,0.180832,0.791033,0.000000,0.241506,0.772743,-0.027943,0.291320,0.720342,-0.035787,0.313264,0.655810,-0.040872,0.334314,0.605991,-0.044963,0.264481,0.613268,-0.010809,0.287891,0.545184,-0.023964,0.298216,0.500615,-0.036688,0.305252,0.460684,-0.046014,0.231300,0.596217,-0.007267,0.248255,0.518923,-0.017847,0.255801,0.469028,-0.029444,0.260562,0.426648,-0.038076,0.197837,0.595872,-0.007938,0.207663,0.522315,-0.019911,0.215322,0.478173,-0.028656,0.222567,0.439362,-0.034511,0.161300,0.608858,-0.011616,0.164884,0.549499,-0.023589,0.169409,0.513216,-0.028581,0.174853,0.478733,-0.031133
862,0,0.032382,0.038446,0.057523,0.288006,0.096572,0.180280,0.790909,0.000000,0.241158,0.772730,-0.028143,0.290977,0.720872,-0.036031,0.312974,0.655939,-0.041146,0.334510,0.606217,-0.045193,0.264330,0.613412,-0.010202,0.287690,0.545729,-0.023159,0.298007,0.501414,-0.035937,0.304932,0.461269,-0.045343,0.231212,0.596322,-0.006474,0.248510,0.519347,-0.016676,0.255918,0.469681,-0.028218,0.260571,0.427070,-0.036874,0.197807,0.595711,-0.006998,0.207809,0.522766,-0.018606,0.215086,0.478888,-0.027168,0.222011,0.440184,-0.032939,0.161273,0.608378,-0.010596,0.165099,0.549654,-0.022241,0.169392,0.513697,-0.026981,0.174537,0.479327,-0.029379
895,0,0.049753,0.053201,0.047770,0.280461,0.101960,0.180556,0.790836,0.000000,0.241068,0.772410,-0.028650,0.290833,0.720386,-0.037001,0.312851,0.656037,-0.042507,0.334120,0.605921,-0.046963,0.264112,0.613224,-0.011760,0.287553,0.544972,-0.025335,0.298101,0.500706,-0.038350,0.305097,0.460690,-0.047825,0.231087,0.596360,-0.008038,0.248145,0.519140,-0.018931,0.255574,0.469408,-0.030728,0.260222,0.426751,-0.039473,0.197584,0.596059,-0.008539,0.207607,0.522794,-0.020766,0.215156,0.478801,-0.029493,0.222250,0.439849,-0.035297,0.160994,0.609220,-0.012106,0.164965,0.550044,-0.024324,0.169348,0.513622,-0.029268,0.174329,0.479010,-0.031721
926,0,0.044425,0.045392,0.041015,0.284437,0.104502,0.180501,0.790946,0.000000,0.241286,0.772481,-0.028242,0.291298,0.720827,-0.036215,0.312994,0.656179,-0.041400,0.333890,0.606059,-0.045517,0.264131,0.612846,-0.010219,0.287575,0.544955,-0.023245,0.298072,0.500525,-0.036066,0.304875,0.460453,-0.045442,0.231204,0.596156,-0.006471,0.248516,0.519281,-0.016769,0.255998,0.469451,-0.028373,0.260399,0.426935,-0.037020,0.197796,0.595670,-0.007004,0.207633,0.522558,-0.018716,0.215167,0.478765,-0.027325,0.222195,0.440239,-0.033071,0.161258,0.608445,-0.010612,0.164993,0.549736,-0.022347,0.169376,0.513521,-0.027119,0.174531,0.479194,-0.029496
959,0,0.020446,0.026191,0.040553,0.297452,0.116030,0.180272,0.791313,0.000000,0.241063,0.772515,-0.028445,0.291197,0.720557,-0.036254,0.313190,0.655840,-0.041198,0.334299,0.605961,-0.045093,0.264419,0.613017,-0.009719,0.287670,0.544995,-0.022415,0.298053,0.500568,-0.035112,0.304892,0.460401,-0.044494,0.231406,0.596097,-0.005810,0.248485,0.519233,-0.015824,0.255739,0.469347,-0.027397,0.260265,0.426396,-0.036067,0.197940,0.595743,-0.006236,0.207724,0.522897,-0.017818,0.215009,0.479128,-0.026554,0.222000,0.440305,-0.032415,0.161192,0.608248,-0.009766,0.165019,0.549714,-0.021479,0.169223,0.513729,-0.026367,0.174430,0.479235,-0.028857
995,0,0.032605,0.035822,0.028470,0.289907,0.103080,0.180391,0.791166,0.000000,0.241425,0.772566,-0.028398,0.291112,0.721057,-0.036501,0.312714,0.656386,-0.041828,0.334059,0.606034,-0.046142,0.263812,0.613803,-0.010326,0.287292,0.545436,-0.023465,0.297712,0.500686,-0.036370,0.304667,0.460324,-0.045804,0.230958,0.597018,-0.006556,0.248044,0.519669,-0.017022,0.255472,0.469422,-0.028773,0.260209,0.426392,-0.037533,0.197552,0.596621,-0.007081,0.207365,0.523125,-0.018982,0.214967,0.478907,-0.027704,0.222319,0.439922,-0.033556,0.161029,0.608846,-0.010691,0.164886,0.550022,-0.022602,0.169349,0.513744,-0.027535,0.174887,0.479164,-0.030049
1023,0,0.031425,0.031717,0.061287,0.277135,0.093109,0.180462,0.790996,0.000000,0.240882,0.772428,-0.028376,0.290742,0.720434,-0.036550,0.313050,0.656460,-0.041900,0.334408,0.606598,-0.046239,0.264420,0.613371,-0.011233,0.287959,0.545237,-0.024579,0.298357,0.500786,-0.037598,0.305233,0.460516,-0.047062,0.231519,0.596666,-0.007505,0.248476,0.519839,-0.018097,0.255902,0.469839,-0.029891,0.260355,0.426733,-0.038645,0.197978,0.596251,-0.007987,0.208026,0.523446,-0.019771,0.215309,0.479727,-0.028413,0.222337,0.440799,-0.034231,0.161454,0.608991,-0.011541,0.165326,0.550372,-0.023363,0.169530,0.514429,-0.028170,0.174622,0.479921,-0.030564
1071,0,0.030393,0.035060,0.059446,0.288872,0.091949,0.179785,0.790809,0.000000,0.241121,0.771879,-0.028508,0.291050,0.720088,-0.036360,0.313138,0.655564,-0.041388,0.333903,0.605484,-0.045389,0.263349,0.613763,-0.010413,0.287384,0.545761,-0.023498,0.298259,0.501309,-0.036453,0.305381,0.460915,-0.045987,0.230686,0.597212,-0.006538,0.248279,0.520050,-0.016993,0.256010,0.469784,-0.028938,0.260910,0.426301,-0.037930,0.197391,0.596791,-0.006954,0.207694,0.523613,-0.018928,0.215403,0.479603,-0.028022,0.222715,0.440400,-0.034154,0.161018,0.609301,-0.010441,0.164960,0.550881,-0.022582,0.169424,0.514727,-0.027854,0.174604,0.479931,-0.030621
1105,0,0.024491,0.028505,0.048493,0.286454,0.100380,0.180284,0.790505,0.000000,0.241314,0.772149,-0.028847,0.291063,0.721000,-0.037087,0.312883,0.656561,-0.042411,0.333949,0.606321,-0.046671,0.263940,0.613634,-0.010977,0.287336,0.545204,-0.024158,0.297914,0.500469,-0.037105,0.304946,0.459971,-0.046597,0.231000,0.596773,-0.006960,0.248176,0.519798,-0.017432,0.255818,0.469433,-0.029258,0.260671,0.426164,-0.038096,0.197684,0.596493,-0.007226,0.207654,0.523198,-0.019104,0.215059,0.479408,-0.027932,0.222405,0.440583,-0.033817,0.161104,0.608879,-0.010603,0.165060,0.549989,-0.022551,0.169414,0.513803,-0.027539,0.174629,0.479381,-0.030043
1134,0,0.011140,0.013410,0.043604,0.281154,0.099202,0.180430,0.790709,0.000000,0.240965,0.772449,-0.028648,0.290788,0.720704,-0.036747,0.313076,0.656227,-0.041954,0.334049,0.606170,-0.046135,0.263977,0.613141,-0.010768,0.287491,0.545019,-0.023907,0.297991,0.500472,-0.036878,0.305083,0.460140,-0.046359,0.231175,0.596387,-0.006891,0.248135,0.519575,-0.017319,0.255678,0.469483,-0.029114,0.260328,0.426428,-0.037960,0.197783,0.596089,-0.007307,0.207772,0.523068,-0.019167,0.215368,0.479425,-0.027957,0.222682,0.440635,-0.033817,0.161099,0.608597,-0.010815,0.165015,0.549768,-0.022731,0.169416,0.513820,-0.027621,0.174926,0.479414,-0.030085
1165,0,0.012050,0.018730,0.038668,0.285671,0.088583,0.179803,0.790887,0.000000,0.240696,0.772316,-0.028830,0.290756,0.720540,-0.037032,0.312786,0.655847,-0.042376,0.334189,0.605913,-0.046636,0.263851,0.613250,-0.010753,0.287589,0.545474,-0.023990,0.298134,0.501064,-0.037051,0.305199,0.460674,-0.046636,0.230997,0.596529,-0.006862,0.248246,0.519763,-0.017358,0.255958,0.469784,-0.029166,0.260820,0.426703,-0.038022,0.197606,0.596133,-0.007301,0.207727,0.523270,-0.019245,0.215293,0.479565,-0.028008,0.222694,0.440773,-0.033856,0.160964,0.608917,-0.010874,0.164793,0.550165,-0.022869,0.169206,0.514019,-0.027821,0.174732,0.479415,-0.030324
1201,0,0.021333,0.031431,0.040451,0.279628,0.097698,0.180428,0.790643,0.000000,0.241280,0.771868,-0.028524,0.290888,0.720608,-0.036810,0.312770,0.656120,-0.042309,0.334115,0.605955,-0.046798,0.264096,0.613406,-0.011035,0.287325,0.545322,-0.024465,0.297880,0.500774,-0.037520,0.305016,0.460443,-0.047060,0.231274,0.596900,-0.007346,0.248137,0.519847,-0.018087,0.255623,0.469681,-0.029908,0.260405,0.426278,-0.038718,0.197881,0.596735,-0.007931,0.207753,0.523466,-0.020070,0.215305,0.479689,-0.028786,0.222722,0.440678,-0.034584,0.161133,0.609547,-0.011587,0.164750,0.550585,-0.023754,0.169243,0.514418,-0.028711,0.174846,0.479797,-0.031198
1229,0,0.024146,0.033941,0.032916,0.281267,0.092507,0.179996,0.790910,0.000000,0.241194,0.771642,-0.028088,0.291033,0.719923,-0.036206,0.312994,0.655800,-0.041618,0.334512,0.605668,-0.045985,0.263859,0.613343,-0.010349,0.287321,0.545030,-0.023553,0.298079,0.500520,-0.036542,0.305183,0.460192,-0.046023,0.231135,0.596775,-0.006761,0.248005,0.519919,-0.017282,0.255562,0.469831,-0.029114,0.260265,0.426628,-0.037923,0.197631,0.596406,-0.007414,0.207793,0.523294,-0.019335,0.215330,0.479452,-0.028032,0.222583,0.440462,-0.033798,0.161055,0.608949,-0.011104,0.164989,0.550122,-0.023067,0.169440,0.514027,-0.027901,0.174848,0.479570,-0.030271
1262,0,0.031791,0.042687,0.050574,0.283766,0.099946,0.180340,0.790533,0.000000,0.241231,0.771801,-0.028473,0.290769,0.720571,-0.036769,0.312873,0.656100,-0.042224,0.333688,0.605914,-0.046708,0.263782,0.613748,-0.011462,0.287463,0.545288,-0.024961,0.297921,0.500580,-0.038058,0.305097,0.460065,-0.047605,0.230879,0.597224,-0.007786,0.248118,0.520109,-0.018553,0.255846,0.469952,-0.030454,0.260773,0.426460,-0.039347,0.197450,0.596873,-0.008328,0.207482,0.523434,-0.020421,0.215166,0.479605,-0.029202,0.222542,0.440709,-0.035050,0.160900,0.609595,-0.011929,0.164728,0.550300,-0.024064,0.169245,0.514020,-0.029034,0.174719,0.479381,-0.031538
1296,0,0.015392,0.018527,0.043997,0.288960,0.097571,0.179967,0.790829,0.000000,0.240616,0.772277,-0.028765,0.290354,0.720535,-0.037098,0.312578,0.656104,-0.042505,0.334028,0.605993,-0.046867,0.263652,0.613525,-0.011894,0.287219,0.545003,-0.025298,0.297648,0.500141,-0.038254,0.304616,0.459717,-0.047687,0.230724,0.596921,-0.008054,0.248115,0.519736,-0.018605,0.255792,0.469519,-0.030238,0.260623,0.426184,-0.038888,0.197368,0.596659,-0.008445,0.207799,0.523268,-0.020339,0.215400,0.479515,-0.028970,0.222498,0.440503,-0.034731,0.160764,0.609546,-0.011922,0.164569,0.550574,-0.023900,0.168910,0.514309,-0.028765,0.174056,0.479775,-0.031189
1324,0,0.035109,0.025673,0.038740,0.281911,0.090419,0.179514,0.790411,0.000000,0.240341,0.771855,-0.028303,0.290240,0.720009,-0.036342,0.312249,0.655611,-0.041501,0.333354,0.606022,-0.045614,0.263253,0.612220,-0.011291,0.287134,0.544137,-0.024396,0.297318,0.499781,-0.037201,0.303865,0.459541,-0.046549,0.230466,0.595651,-0.007557,0.247860,0.518565,-0.017909,0.255460,0.468665,-0.029406,0.259898,0.425859,-0.038005,0.197203,0.595619,-0.008001,0.207462,0.522429,-0.019760,0.215137,0.478914,-0.028359,0.222244,0.440379,-0.034080,0.160564,0.608716,-0.011488,0.164366,0.549734,-0.023386,0.168655,0.513671,-0.028247,0.173734,0.479169,-0.030621
1358,0,0.031299,0.031772,0.070012,0.291036,0.099016,0.179545,0.790561,0.000000,0.240393,0.771529,-0.028045,0.290343,0.719827,-0.035956,0.312138,0.655286,-0.041130,0.333602,0.605359,-0.045291,0.263896,0.612721,-0.010067,0.287148,0.544626,-0.023077,0.297168,0.499886,-0.035843,0.303820,0.459661,-0.045179,0.230789,0.596007,-0.006425,0.247914,0.518896,-0.016722,0.255375,0.468952,-0.028232,0.260044,0.426132,-0.036799,0.197288,0.595575,-0.007049,0.207411,0.522276,-0.018718,0.214955,0.478229,-0.027182,0.222250,0.439412,-0.032825,0.160443,0.608159,-0.010732,0.164545,0.549323,-0.022402,0.168954,0.513212,-0.027051,0.174324,0.478746,-0.029319
1391,0,0.035096,0.043206,0.054187,0.279956,0.097919,0.179939,0.790885,0.000000,0.240523,0.771578,-0.028196,0.290157,0.719535,-0.036346,0.312125,0.654795,-0.041705,0.333656,0.604960,-0.046014,0.263093,0.613050,-0.011119,0.286635,0.544817,-0.024506,0.297235,0.500122,-0.037470,0.304255,0.459747,-0.046913,0.230259,0.596359,-0.007541,0.247507,0.518838,-0.018211,0.255146,0.468569,-0.029901,0.259778,0.425229,-0.038557,0.197045,0.595787,-0.008159,0.206983,0.522249,-0.020140,0.214667,0.478454,-0.028684,0.222154,0.439661,-0.034342,0.160427,0.608365,-0.011831,0.164365,0.549113,-0.023663,0.168830,0.513037,-0.028328,0.174213,0.478757,-0.030595
1420,0,0.056808,0.056998,0.055411,0.303827,0.115691,0.179480,0.790127,0.000000,0.240247,0.770815,-0.027713,0.290341,0.718705,-0.035320,0.312139,0.654349,-0.040211,0.332926,0.604433,-0.044033,0.263201,0.611919,-0.009800,0.286905,0.543711,-0.022560,0.297233,0.499232,-0.035226,0.303775,0.458994,-0.044445,0.230292,0.595477,-0.006132,0.247694,0.518383,-0.016021,0.255151,0.468406,-0.027357,0.259591,0.425531,-0.035807,0.197038,0.594805,-0.006647,0.207373,0.521856,-0.017857,0.214982,0.478051,-0.026101,0.222057,0.439165,-0.031629,0.160550,0.607363,-0.010212,0.164527,0.548890,-0.021454,0.168910,0.512980,-0.025802,0.174220,0.478860,-0.027863
1476,0,0.031457,0.027179,0.065175,0.297741,0.099784,0.178984,0.789350,0.000000,0.239708,0.770564,-0.028142,0.289681,0.718534,-0.035974,0.312144,0.654174,-0.041033,0.333074,0.604187,-0.045005,0.262724,0.611805,-0.010193,0.286262,0.543881,-0.023196,0.296703,0.499367,-0.036068,0.303726,0.459090,-0.045493,0.229778,0.595038,-0.006427,0.247113,0.517905,-0.016619,0.254806,0.467935,-0.028199,0.259774,0.424863,-0.036874,0.196487,0.594394,-0.006900,0.206787,0.521229,-0.018493,0.214406,0.477756,-0.026962,0.221614,0.439177,-0.032583,0.160088,0.606870,-0.010446,0.164226,0.548264,-0.022034,0.168610,0.512167,-0.026662,0.173845,0.477660,-0.028911
1510,0,0.037329,0.041140,0.044400,0.292431,0.107816,0.179600,0.789099,0.000000,0.239700,0.770116,-0.028242,0.289801,0.717582,-0.036233,0.311775,0.653248,-0.041324,0.332704,0.603334,-0.045366,0.262575,0.611296,-0.011248,0.286277,0.542866,-0.024461,0.296620,0.497852,-0.037319,0.303488,0.457293,-0.046676,0.229713,0.594371,-0.007505,0.247144,0.517038,-0.017836,0.254858,0.466626,-0.029271,0.259654,0.423348,-0.037805,0.196646,0.593959,-0.007926,0.206894,0.520681,-0.019502,0.214492,0.476908,-0.027830,0.221676,0.438025,-0.033351,0.160355,0.606596,-0.011416,0.164442,0.547855,-0.022983,0.168797,0.511954,-0.027474,0.173928,0.477436,-0.029645
1549,0,0.023005,0.022006,0.048778,0.299224,0.102925,0.179242,0.788390,0.000000,0.239575,0.769125,-0.027976,0.289545,0.717235,-0.035958,0.311513,0.652948,-0.041149,0.332749,0.603059,-0.045309,0.262920,0.610097,-0.010559,0.286258,0.542045,-0.023685,0.296528,0.497624,-0.036577,0.303206,0.457201,-0.045983,0.229961,0.593352,-0.006919,0.247217,0.516530,-0.017230,0.254836,0.466720,-0.028763,0.259676,0.423618,-0.037364,0.196627,0.593034,-0.007458,0.206858,0.520217,-0.019066,0.214368,0.476626,-0.027433,0.221675,0.437682,-0.032998,0.160223,0.605854,-0.011055,0.164300,0.547275,-0.022654,0.168652,0.511357,-0.027189,0.173937,0.476721,-0.029344
1586,0,0.035759,0.033812,0.041699,0.316184,0.123917,0.179726,0.787397,0.000000,0.240099,0.768371,-0.027900,0.290035,0.716273,-0.035638,0.311692,0.651863,-0.040660,0.332545,0.601998,-0.044594,0.263110,0.609630,-0.009790,0.286219,0.541664,-0.022653,0.296474,0.497233,-0.035394,0.303408,0.457171,-0.044707,0.229997,0.593004,-0.006057,0.247083,0.516094,-0.016123,0.254606,0.466135,-0.027581,0.259419,0.423039,-0.036106,0.196778,0.592608,-0.006558,0.207137,0.519480,-0.018006,0.214518,0.475814,-0.026401,0.221624,0.437021,-0.031984,0.160501,0.605185,-0.010127,0.164708,0.546625,-0.021623,0.168986,0.510824,-0.026213,0.174042,0.476406,-0.028443
1621,0,0.036292,0.036914,0.047617,0.307456,0.113526,0.179633,0.787489,0.000000,0.240091,0.767855,-0.027766,0.289688,0.715403,-0.035540,0.311524,0.650936,-0.040585,0.332573,0.600975,-0.044583,0.262423,0.609299,-0.010669,0.286087,0.540788,-0.023786,0.296519,0.495987,-0.036567,0.303398,0.455519,-0.045854,0.229610,0.592885,-0.007105,0.246953,0.515661,-0.017396,0.254655,0.465353,-0.028869,0.259572,0.422232,-0.037427,0.196442,0.592702,-0.007698,0.206816,0.519306,-0.019302,0.214456,0.475477,-0.027748,0.221562,0.436553,-0.033353,0.160238,0.605462,-0.011305,0.164379,0.546552,-0.022946,0.168728,0.510391,-0.027580,0.173661,0.475856,-0.029803
1650,0,0.033567,0.043759,0.036661,0.333155,0.143600,0.180082,0.786818,0.000000,0.240448,0.767547,-0.027365,0.289951,0.715136,-0.034946,0.311581,0.650936,-0.039868,0.331960,0.601210,-0.043762,0.262666,0.608543,-0.009640,0.286006,0.540233,-0.022424,0.296138,0.495719,-0.035095,0.302813,0.455686,-0.044286,0.229725,0.592365,-0.006167,0.246983,0.515303,-0.016163,0.254350,0.465357,-0.027533,0.258917,0.422228,-0.036013,0.196653,0.592197,-0.006869,0.206819,0.519447,-0.018119,0.214215,0.475689,-0.026410,0.221218,0.436824,-0.031970,0.160338,0.604900,-0.010594,0.164441,0.546583,-0.021843,0.168687,0.510495,-0.026279,0.173749,0.476140,-0.028413
1683,0,0.030420,0.020588,0.026671,0.349927,0.140033,0.179297,0.786252,0.000000,0.239992,0.767094,-0.027600,0.289273,0.714967,-0.035224,0.311135,0.650479,-0.040139,0.332030,0.600399,-0.043951,0.261371,0.609203,-0.009969,0.284936,0.540609,-0.022816,0.295244,0.496177,-0.035449,0.302013,0.456097,-0.044624,0.228583,0.592669,-0.006265,0.246065,0.515350,-0.016257,0.253665,0.465274,-0.027582,0.258350,0.422500,-0.036047,0.195722,0.591969,-0.006727,0.205903,0.518865,-0.017995,0.213215,0.475239,-0.026199,0.219965,0.437177,-0.031655,0.159713,0.604328,-0.010212,0.163970,0.545699,-0.021415,0.168241,0.509864,-0.025769,0.173175,0.475856,-0.027843
1711,0,0.062324,0.072490,0.080109,0.339921,0.153559,0.179919,0.787347,0.000000,0.240364,0.767110,-0.027390,0.289279,0.714942,-0.035333,0.310300,0.650562,-0.040572,0.330442,0.600258,-0.044860,0.260920,0.609737,-0.011001,0.284167,0.541166,-0.024481,0.294410,0.496393,-0.037421,0.301292,0.456298,-0.046650,0.228044,0.593373,-0.007631,0.245181,0.515750,-0.018226,0.252984,0.465303,-0.029683,0.257824,0.422370,-0.038148,0.194986,0.593258,-0.008358,0.204389,0.519640,-0.020044,0.211655,0.476607,-0.028154,0.218550,0.439379,-0.033412,0.159099,0.605980,-0.012063,0.162905,0.546615,-0.023400,0.167409,0.510809,-0.027614,0.172723,0.477230,-0.029534
1737,0,0.106599,0.095299,0.067139,0.431896,0.236113,0.179280,0.787194,0.000000,0.240254,0.766267,-0.026480,0.288940,0.713273,-0.033846,0.309542,0.648814,-0.038751,0.329237,0.597888,-0.042779,0.259460,0.608807,-0.009417,0.282263,0.540132,-0.022546,0.292108,0.495773,-0.035245,0.298958,0.455776,-0.044308,0.226140,0.593642,-0.006322,0.243041,0.516433,-0.016532,0.251109,0.466655,-0.027711,0.256551,0.424261,-0.035935,0.192925,0.594480,-0.007329,0.201624,0.521809,-0.018723,0.208934,0.479500,-0.026331,0.216436,0.442904,-0.031254,0.156918,0.608338,-0.011282,0.160745,0.549933,-0.022247,0.165639,0.514682,-0.026033,0.171431,0.481852,-0.027674
1762,0,0.119408,0.151253,0.229140,0.527094,0.381702,0.181453,0.787616,0.000000,0.242200,0.763974,-0.025349,0.289016,0.709193,-0.032400,0.308129,0.645066,-0.037299,0.326862,0.594611,-0.041345,0.259026,0.606466,-0.008225,0.280344,0.537472,-0.021155,0.289439,0.493117,-0.033606,0.296012,0.453905,-0.042458,0.225006,0.593340,-0.005753,0.239997,0.517062,-0.015922,0.248011,0.467979,-0.026833,0.254316,0.426816,-0.034831,0.191511,0.595785,-0.007358,0.199529,0.524444,-0.018863,0.207564,0.484375,-0.025868,0.216589,0.449910,-0.030322,0.155869,0.610959,-0.011849,0.159039,0.554160,-0.022973,0.165232,0.521034,-0.026499,0.173345,0.490254,-0.027909
1808,0,0.232687,0.264348,0.854968,0.682833,0.598538,0.184371,0.789924,0.000000,0.242616,0.761106,-0.022905,0.286990,0.701983,-0.028668,0.304674,0.638874,-0.033197,0.322149,0.588495,-0.036935,0.255793,0.602175,-0.003648,0.275188,0.534835,-0.016617,0.284571,0.491260,-0.029275,0.293086,0.454150,-0.038445,0.222980,0.591583,-0.002649,0.234285,0.518149,-0.013818,0.243585,0.471172,-0.025722,0.254534,0.433659,-0.034431,0.191346,0.596260,-0.005896,0.196739,0.527644,-0.019572,0.208073,0.492751,-0.027968,0.223539,0.465624,-0.032995,0.157900,0.613670,-0.011876,0.158380,0.559481,-0.025501,0.167460,0.530652,-0.030951,0.181847,0.506617,-0.033473
1839,0,0.262613,0.290334,2.064774,0.823730,0.765882,0.185086,0.793216,0.000000,0.240436,0.761841,-0.022739,0.284903,0.699455,-0.028392,0.303214,0.636978,-0.033039,0.319354,0.585361,-0.036643,0.249554,0.601742,-0.004379,0.267888,0.532488,-0.016263,0.277888,0.488544,-0.027624,0.287768,0.452474,-0.036021,0.219258,0.591455,-0.003739,0.226460,0.514850,-0.015376,0.241514,0.472299,-0.026727,0.259101,0.444947,-0.035051,0.190757,0.597640,-0.007350,0.192989,0.523468,-0.024075,0.211505,0.498142,-0.034777,0.232705,0.490897,-0.040283,0.161095,0.615690,-0.013473,0.161804,0.552771,-0.030917,0.178554,0.531422,-0.039112,0.199430,0.528828,-0.042808
1870,0,0.246609,0.249661,1.187102,1.034912,0.991320,0.185822,0.793900,0.000000,0.241222,0.759468,-0.019901,0.282916,0.695414,-0.025020,0.300469,0.632781,-0.030120,0.317844,0.579519,-0.034108,0.244630,0.597352,-0.000230,0.259796,0.527474,-0.011017,0.270340,0.484681,-0.021589,0.281741,0.448818,-0.029657,0.216788,0.589982,-0.001379,0.216211,0.513251,-0.013187,0.235640,0.478182,-0.023852,0.258098,0.457140,-0.031382,0.190809,0.599119,-0.006779,0.189059,0.525599,-0.023703,0.214416,0.507491,-0.033366,0.241235,0.506091,-0.037873,0.165602,0.617762,-0.014652,0.163959,0.553377,-0.031808,0.186006,0.535375,-0.039468,0.212088,0.537484,-0.042732
1904,0,0.223198,0.247159,1.462853,1.202630,1.171865,0.186505,0.791316,0.000000,0.239070,0.761806,-0.017868,0.278389,0.693416,-0.022318,0.294642,0.631645,-0.027444,0.313267,0.579412,-0.031534,0.244297,0.593200,0.001928,0.256777,0.526178,-0.007823,0.267325,0.484514,-0.017794,0.278945,0.450652,-0.025779,0.216570,0.588672,-0.000898,0.211219,0.507305,-0.013991,0.233711,0.478178,-0.024743,0.258672,0.466442,-0.031386,0.191842,0.600473,-0.007657,0.187438,0.523082,-0.027518,0.219732,0.515495,-0.036864,0.250293,0.526624,-0.039788,0.168094,0.621423,-0.016507,0.169747,0.554762,-0.036235,0.193642,0.545955,-0.043489,0.217640,0.558798,-0.045673
1933,0,0.233268,0.229861,0.877117,1.290707,1.250787,0.184544,0.791229,0.000000,0.236752,0.761489,-0.013205,0.276600,0.692959,-0.015812,0.292378,0.632070,-0.020226,0.307738,0.580155,-0.023690,0.240832,0.599510,0.005648,0.251298,0.530502,-0.004419,0.263457,0.487441,-0.014108,0.275227,0.454740,-0.021101,0.215237,0.594234,0.000949,0.209398,0.508718,-0.012068,0.233532,0.481051,-0.021977,0.256599,0.475162,-0.027284,0.192380,0.602696,-0.007208,0.192510,0.524994,-0.025850,0.225035,0.523256,-0.032630,0.250376,0.541932,-0.033356,0.171047,0.619370,-0.017097,0.177899,0.553259,-0.034604,0.201803,0.550603,-0.038738,0.220877,0.569661,-0.038329
1967,0,0.183537,0.199573,1.128270,1.412188,1.396952,0.186654,0.792290,0.000000,0.236566,0.763352,-0.011026,0.274746,0.693854,-0.014044,0.291810,0.633466,-0.019515,0.305975,0.580486,-0.023904,0.239243,0.598757,0.008850,0.248389,0.529621,0.001234,0.260771,0.486149,-0.006652,0.271462,0.453102,-0.012683,0.214519,0.594218,0.002842,0.207621,0.503647,-0.009295,0.232278,0.483919,-0.018071,0.251846,0.488104,-0.021552,0.192757,0.602818,-0.006161,0.192684,0.521003,-0.023404,0.227832,0.528546,-0.027218,0.250266,0.556187,-0.025163,0.173284,0.620484,-0.016766,0.181012,0.553364,-0.032754,0.207173,0.554276,-0.034791,0.225045,0.576399,-0.032495
1996,0,0.226785,0.212304,1.479927,1.566956,1.564136,0.188032,0.793765,0.000000,0.238147,0.765161,-0.007149,0.273015,0.692857,-0.009532,0.289437,0.631329,-0.015223,0.306014,0.582152,-0.019951,0.240916,0.599623,0.009919,0.245532,0.527955,0.003572,0.258087,0.484374,-0.001179,0.265552,0.453662,-0.004429,0.216695,0.596910,0.002192,0.210235,0.497567,-0.010004,0.235946,0.491806,-0.014949,0.249722,0.511159,-0.013505,0.196251,0.605359,-0.007890,0.197673,0.519399,-0.025161,0.232524,0.535227,-0.024349,0.247932,0.569449,-0.017469,0.177446,0.622771,-0.019092,0.186144,0.553482,-0.034617,0.213689,0.558704,-0.033749,0.228242,0.584497,-0.028294
2028,0,0.218494,0.250044,1.026125,1.651536,1.639813,0.186172,0.796432,0.000000,0.239844,0.767140,-0.005340,0.274273,0.694852,-0.005457,0.289719,0.631750,-0.009369,0.305860,0.582328,-0.011969,0.243268,0.601274,0.017179,0.247115,0.529630,0.012802,0.259050,0.485392,0.008289,0.265680,0.453544,0.004372,0.220013,0.597834,0.009151,0.213133,0.499500,-0.004118,0.239529,0.500588,-0.011078,0.252984,0.525150,-0.011020,0.199214,0.603998,-0.001434,0.200768,0.515878,-0.020858,0.234190,0.536412,-0.023376,0.247153,0.573320,-0.018573,0.180025,0.617851,-0.012802,0.193562,0.549846,-0.030271,0.219736,0.562342,-0.031762,0.230572,0.594120,-0.028237
2064,0,0.203752,0.172231,1.256974,1.653014,1.638930,0.186434,0.798013,0.000000,0.240545,0.767877,-0.005172,0.273796,0.697150,-0.005337,0.289092,0.634790,-0.009284,0.303929,0.585236,-0.012404,0.246118,0.602970,0.015583,0.249116,0.531318,0.010052,0.259170,0.488620,0.004355,0.264550,0.454347,-0.000916,0.223173,0.599726,0.007174,0.219110,0.501332,-0.009143,0.244044,0.515080,-0.018509,0.255647,0.545796,-0.019773,0.202153,0.606625,-0.003366,0.205080,0.517911,-0.024497,0.235940,0.545948,-0.027569,0.246709,0.585775,-0.022942,0.181859,0.621759,-0.014543,0.194756,0.552686,-0.032547,0.219742,0.568324,-0.033869,0.229473,0.601693,-0.030388
2102,0,0.195472,0.112512,0.402799,1.704082,1.691360,0.188009,0.801430,0.000000,0.241497,0.770741,-0.002366,0.272920,0.700310,-0.002301,0.288484,0.638771,-0.006681,0.303988,0.589748,-0.010153,0.246954,0.609278,0.018005,0.249046,0.535286,0.012806,0.261382,0.493435,0.007456,0.267022,0.459709,0.002316,0.225859,0.605754,0.007939,0.222296,0.503920,-0.008251,0.249656,0.521239,-0.017478,0.259112,0.554144,-0.018736,0.205711,0.610792,-0.004072,0.209658,0.520942,-0.024695,0.241526,0.551805,-0.027270,0.249179,0.591484,-0.022686,0.185452,0.623864,-0.016483,0.199607,0.556869,-0.034078,0.225325,0.576724,-0.034936,0.232203,0.611676,-0.031425
2143,0,0.199958,0.140154,0.497133,1.755374,1.730225,0.190216,0.803722,0.000000,0.243022,0.770382,-0.000182,0.273226,0.701155,-0.000514,0.288429,0.641015,-0.005947,0.305527,0.593627,-0.010533,0.247926,0.615790,0.017600,0.249721,0.538869,0.011541,0.263735,0.496621,0.005917,0.269708,0.461663,0.000638,0.227631,0.611626,0.005707,0.224117,0.505732,-0.011384,0.254004,0.521715,-0.020850,0.263320,0.554681,-0.022142,0.207806,0.616262,-0.007836,0.213906,0.526685,-0.028720,0.246485,0.557945,-0.030736,0.252737,0.597266,-0.025705,0.188706,0.628406,-0.021613,0.205890,0.564123,-0.038978,0.232578,0.584514,-0.039037,0.237864,0.619524,-0.034965
2177,0,0.184492,0.126591,0.429298,1.721735,1.663145,0.191911,0.805148,0.000000,0.244648,0.774564,-0.002562,0.275322,0.703370,-0.003251,0.290090,0.644400,-0.008525,0.307714,0.598539,-0.012846,0.251902,0.619741,0.015942,0.255292,0.544840,0.009436,0.268939,0.501386,0.002695,0.273369,0.465847,-0.003647,0.231776,0.615263,0.005193,0.230277,0.510628,-0.012522,0.258279,0.525137,-0.023516,0.265165,0.555918,-0.026299,0.212119,0.618905,-0.007354,0.220505,0.530541,-0.028670,0.249996,0.561137,-0.031786,0.252406,0.598819,-0.027926,0.193125,0.629698,-0.020342,0.213179,0.568261,-0.037646,0.236621,0.588777,-0.038194,0.237091,0.622492,-0.034981
2224,0,0.210055,0.170835,0.875133,1.786242,1.681969,0.194435,0.805206,0.000000,0.247171,0.773769,-0.003111,0.276782,0.703920,-0.003429,0.291028,0.646710,-0.008515,0.309291,0.602229,-0.012404,0.254491,0.623918,0.017993,0.261025,0.551890,0.012472,0.272023,0.506903,0.005478,0.275271,0.468553,-0.001657,0.235597,0.618493,0.007835,0.235327,0.518886,-0.008661,0.259654,0.523089,-0.020355,0.266365,0.544426,-0.024944,0.216612,0.620795,-0.004433,0.229368,0.535946,-0.025624,0.254327,0.565739,-0.029940,0.254292,0.602975,-0.027607,0.198867,0.630636,-0.017293,0.224721,0.575403,-0.034626,0.244609,0.596207,-0.036375,0.241694,0.627526,-0.034703
2275,0,0.218203,0.212250,0.728776,1.890192,1.783318,0.198000,0.804051,0.000000,0.249111,0.774651,-0.003203,0.278627,0.704630,-0.003435,0.292561,0.648867,-0.008093,0.308973,0.604721,-0.011255,0.257439,0.626357,0.014849,0.264733,0.553786,0.009013,0.275633,0.508808,0.003195,0.277954,0.469381,-0.002878,0.237675,0.620729,0.004684,0.236071,0.519315,-0.012279,0.262191,0.528809,-0.021619,0.269720,0.553565,-0.023800,0.218209,0.623997,-0.007406,0.234385,0.545657,-0.029622,0.260692,0.582741,-0.031026,0.259773,0.619853,-0.025886,0.200982,0.635410,-0.020007,0.229680,0.584984,-0.037474,0.247661,0.609995,-0.037018,0.240728,0.640000,-0.033245
2302,0,0.111354,0.065040,0.374613,1.930578,1.797946,0.199633,0.805491,0.000000,0.249802,0.774578,-0.002393,0.279491,0.705580,-0.002865,0.294070,0.650582,-0.007977,0.311472,0.606716,-0.011733,0.258021,0.629159,0.014422,0.266504,0.556234,0.008287,0.277433,0.511013,0.002482,0.280187,0.471044,-0.003479,0.238593,0.623417,0.003615,0.239157,0.523161,-0.012927,0.264814,0.529661,-0.022056,0.272102,0.550728,-0.024350,0.219153,0.626866,-0.009025,0.237974,0.549114,-0.030893,0.264260,0.586454,-0.031871,0.263503,0.623608,-0.026531,0.201759,0.638134,-0.022112,0.232071,0.587436,-0.039110,0.250745,0.612611,-0.038020,0.244616,0.642820,-0.033846
2353,0,0.086027,0.085201,0.392838,1.908690,1.770609,0.200253,0.804534,0.000000,0.250409,0.775371,-0.004225,0.280342,0.706203,-0.005337,0.294203,0.651434,-0.010637,0.311688,0.607526,-0.014469,0.259524,0.630436,0.012142,0.268068,0.557678,0.005501,0.278212,0.511440,-0.000657,0.280620,0.471021,-0.006833,0.239949,0.624223,0.002284,0.240532,0.524985,-0.014254,0.265359,0.527078,-0.023536,0.273307,0.544420,-0.026265,0.220419,0.626994,-0.009567,0.239328,0.548931,-0.031724,0.264688,0.584770,-0.033238,0.264654,0.622283,-0.028434,0.203254,0.637816,-0.022022,0.234555,0.588770,-0.039519,0.252922,0.613779,-0.039108,0.247085,0.644739,-0.035537
2398,0,0.094764,0.092253,0.368654,1.957222,1.812111,0.200297,0.804683,0.000000,0.250706,0.775525,-0.004684,0.280831,0.706991,-0.005844,0.294686,0.652622,-0.011133,0.312264,0.609294,-0.014643,0.260454,0.630311,0.012355,0.269064,0.557867,0.005372,0.279058,0.511944,-0.000389,0.281305,0.471360,-0.005974,0.240605,0.623927,0.002753,0.242228,0.525130,-0.014550,0.266255,0.530533,-0.023118,0.272901,0.550647,-0.024544,0.221056,0.626731,-0.009003,0.242805,0.554713,-0.032250,0.266260,0.594849,-0.032861,0.263467,0.632330,-0.026582,0.203918,0.637582,-0.021376,0.237107,0.593021,-0.039122,0.252829,0.620692,-0.038011,0.243811,0.650594,-0.033454
2430,0,0.066089,0.061290,0.311675,2.011762,1.854529,0.199646,0.805877,0.000000,0.250853,0.775860,-0.003767,0.280830,0.707529,-0.004718,0.294524,0.652496,-0.010068,0.311720,0.608301,-0.013585,0.259498,0.631293,0.013408,0.268674,0.558398,0.006890,0.279359,0.512824,0.001661,0.281540,0.471934,-0.003709,0.239666,0.624638,0.003222,0.242604,0.525579,-0.013687,0.267337,0.534702,-0.021694,0.273295,0.556618,-0.022771,0.220528,0.627525,-0.009107,0.243535,0.556555,-0.032291,0.266737,0.599303,-0.032570,0.262906,0.635972,-0.026093,0.204235,0.638670,-0.021936,0.238382,0.594678,-0.039529,0.253967,0.623940,-0.038193,0.244115,0.653225,-0.033572
2482,0,0.054108,0.052784,0.263951,2.045964,1.894450,0.199588,0.805655,0.000000,0.251394,0.774562,-0.002325,0.280482,0.705510,-0.002564,0.294278,0.650766,-0.007435,0.310201,0.606500,-0.010379,0.259262,0.630967,0.014441,0.268451,0.557949,0.008371,0.279308,0.512406,0.003487,0.281565,0.471892,-0.001774,0.239271,0.624640,0.003717,0.241622,0.524988,-0.013109,0.267874,0.536140,-0.020777,0.274722,0.559957,-0.021653,0.220093,0.627436,-0.009047,0.242681,0.556285,-0.032087,0.266496,0.599331,-0.032274,0.262462,0.635565,-0.025882,0.204424,0.638439,-0.022212,0.239161,0.596876,-0.039802,0.254144,0.626599,-0.038870,0.243219,0.655267,-0.034659
2512,0,0.068577,0.056964,0.346625,2.081313,1.916767,0.199319,0.806344,0.000000,0.250906,0.775373,-0.002695,0.280129,0.706325,-0.003166,0.293289,0.651812,-0.008275,0.308145,0.606434,-0.011322,0.258146,0.631399,0.014770,0.267963,0.558967,0.008499,0.278169,0.513237,0.003616,0.279945,0.472377,-0.001554,0.237765,0.625138,0.004154,0.241781,0.526843,-0.012729,0.267479,0.536043,-0.019979,0.274598,0.557119,-0.020557,0.218554,0.628136,-0.008690,0.244875,0.559265,-0.031851,0.267023,0.603892,-0.031199,0.262239,0.639826,-0.024228,0.203253,0.639820,-0.022029,0.240649,0.601062,-0.039324,0.254182,0.631319,-0.037852,0.242849,0.658682,-0.033286
2563,0,0.073532,0.070444,0.337969,2.132508,1.963556,0.197972,0.806618,0.000000,0.249888,0.774435,-0.001723,0.278107,0.704733,-0.001739,0.291521,0.650794,-0.006594,0.305899,0.604984,-0.009512,0.255991,0.630181,0.015456,0.265159,0.559253,0.009266,0.276008,0.513159,0.004679,0.278071,0.472184,-0.000196,0.236198,0.624377,0.004480,0.243672,0.527538,-0.012556,0.268926,0.539571,-0.019368,0.274399,0.563471,-0.019238,0.217514,0.627750,-0.008704,0.246167,0.561187,-0.031971,0.267219,0.605777,-0.031264,0.261328,0.640986,-0.024071,0.202995,0.639331,-0.022268,0.241961,0.603483,-0.039517,0.255199,0.633838,-0.038216,0.243427,0.660179,-0.033699
2605,0,0.115001,0.110923,0.289826,2.214036,2.048794,0.196804,0.806637,0.000000,0.249355,0.772695,-0.000216,0.277148,0.702533,0.000491,0.290408,0.649839,-0.004004,0.304293,0.603505,-0.006385,0.253689,0.627765,0.017515,0.263256,0.558116,0.011615,0.274650,0.512405,0.007276,0.276228,0.471398,0.002631,0.233971,0.623077,0.005556,0.243973,0.527619,-0.011894,0.270758,0.540455,-0.018271,0.276091,0.564818,-0.017273,0.215960,0.627807,-0.008678,0.248934,0.564745,-0.032589,0.268534,0.614056,-0.031060,0.260349,0.648828,-0.022708,0.203508,0.640772,-0.023192,0.244947,0.607731,-0.040680,0.255020,0.640680,-0.038741,0.239802,0.665993,-0.033539
2640,0,0.117889,0.113775,0.497274,2.266154,2.111688,0.194953,0.808072,0.000000,0.246447,0.772148,0.001249,0.274012,0.700271,0.003424,0.288006,0.648366,0.000483,0.300789,0.602300,-0.000384,0.248300,0.626278,0.017683,0.257172,0.556604,0.012162,0.269828,0.511153,0.008118,0.272023,0.471271,0.003655,0.229141,0.622354,0.004895,0.240846,0.525275,-0.011770,0.269962,0.542796,-0.017963,0.275495,0.571137,-0.016898,0.212294,0.628216,-0.009967,0.245773,0.564310,-0.033049,0.267318,0.612947,-0.032152,0.259772,0.645727,-0.024549,0.201976,0.643267,-0.024922,0.243318,0.607238,-0.041550,0.255332,0.639623,-0.039495,0.240677,0.664819,-0.034544
2691,0,0.150808,0.127438,0.639555,2.281125,2.159867,0.193611,0.808086,0.000000,0.243646,0.771363,0.000236,0.270861,0.697650,0.002553,0.284644,0.647371,0.000130,0.295658,0.601151,0.000262,0.244071,0.622369,0.017199,0.252137,0.554183,0.011015,0.264472,0.508242,0.006883,0.266915,0.469701,0.002985,0.224764,0.618854,0.004978,0.235087,0.523633,-0.012925,0.265793,0.536817,-0.018986,0.274718,0.564129,-0.016943,0.208372,0.624978,-0.009573,0.243980,0.566912,-0.033868,0.264863,0.617397,-0.032941,0.258306,0.651305,-0.024318,0.199739,0.640875,-0.024318,0.243802,0.610627,-0.040543,0.254414,0.645498,-0.037839,0.239361,0.671548,-0.031901
2718,0,0.220885,0.158120,0.528907,2.278765,2.199867,0.190987,0.805764,0.000000,0.240909,0.764553,-0.000630,0.266869,0.690379,0.000524,0.280305,0.642242,-0.002630,0.291156,0.596138,-0.002969,0.236048,0.614560,0.013827,0.244254,0.548260,0.005621,0.258423,0.504572,0.000648,0.263241,0.468324,-0.003071,0.216910,0.613063,0.001810,0.230854,0.521155,-0.017577,0.261982,0.533251,-0.023410,0.271648,0.560384,-0.020494,0.201719,0.621218,-0.012520,0.241929,0.568440,-0.037389,0.261671,0.618852,-0.035457,0.254878,0.652098,-0.025437,0.195810,0.639813,-0.027142,0.242319,0.611324,-0.041934,0.252757,0.646316,-0.037313,0.238471,0.672481,-0.029623
2770,0,0.208078,0.166217,0.704671,2.322464,2.262240,0.186498,0.799835,0.000000,0.235511,0.757571,0.000555,0.259506,0.684684,0.000738,0.275062,0.637462,-0.003635,0.285123,0.592475,-0.005283,0.228449,0.607822,0.012733,0.236451,0.540779,0.002689,0.253938,0.499961,-0.004014,0.259947,0.467931,-0.008610,0.210271,0.608184,-0.000074,0.225273,0.516924,-0.020335,0.259950,0.531561,-0.026962,0.270960,0.560964,-0.024519,0.197459,0.619432,-0.014958,0.238677,0.568632,-0.038966,0.260928,0.615330,-0.037129,0.254645,0.645811,-0.027700,0.193959,0.641570,-0.030143,0.240874,0.615878,-0.044191,0.252969,0.647198,-0.039610,0.239300,0.669739,-0.032187
2814,0,0.323449,0.226022,0.432452,2.450994,2.383305,0.183668,0.796689,0.000000,0.232425,0.750839,0.005981,0.253706,0.675352,0.009328,0.264966,0.626509,0.007067,0.271049,0.584429,0.007260,0.220870,0.604190,0.017961,0.230175,0.536956,0.010005,0.247838,0.496960,0.004739,0.255068,0.466479,0.001147,0.203969,0.604433,0.003583,0.218689,0.514846,-0.014970,0.254272,0.524885,-0.020913,0.267350,0.553402,-0.018196,0.193594,0.615347,-0.012460,0.233967,0.563604,-0.033928,0.257600,0.606514,-0.032969,0.253539,0.637988,-0.024806,0.193408,0.636980,-0.028455,0.240298,0.612530,-0.040435,0.251500,0.643211,-0.036674,0.238684,0.667891,-0.030242
2848,0,0.108918,0.103866,0.457225,2.526044,2.445585,0.181196,0.795019,0.000000,0.229932,0.746007,0.008911,0.249388,0.671940,0.012582,0.260919,0.625600,0.010069,0.269675,0.585463,0.009490,0.214903,0.604039,0.018504,0.227276,0.535774,0.009789,0.247640,0.495686,0.004740,0.256520,0.467027,0.001867,0.198159,0.604467,0.002893,0.217138,0.512559,-0.015748,0.252430,0.526431,-0.020493,0.264684,0.557500,-0.016551,0.189084,0.615988,-0.014011,0.236485,0.562830,-0.035233,0.258597,0.605928,-0.033271,0.252326,0.636091,-0.024285,0.189932,0.637937,-0.030450,0.241115,0.613785,-0.040837,0.251614,0.644332,-0.035419,0.236791,0.667898,-0.027928
2894,0,0.125292,0.102185,0.276643,2.596558,2.506955,0.178748,0.793420,0.000000,0.227437,0.740865,0.012536,0.246752,0.666615,0.016833,0.260000,0.621427,0.013977,0.267402,0.581481,0.012742,0.213188,0.600001,0.021832,0.226051,0.534593,0.013650,0.246922,0.495362,0.008866,0.256258,0.467449,0.005992,0.196312,0.600693,0.004087,0.216474,0.510796,-0.013856,0.250643,0.526899,-0.017881,0.261404,0.558162,-0.013631,0.187579,0.612996,-0.014783,0.235579,0.561284,-0.034808,0.257134,0.605439,-0.031756,0.249801,0.635080,-0.022581,0.189032,0.635824,-0.033048,0.241332,0.612287,-0.042316,0.251682,0.642831,-0.036137,0.236307,0.665876,-0.028554
2927,0,0.059226,0.066369,0.165490,2.605902,2.510574,0.178053,0.793745,0.000000,0.228258,0.740592,0.011761,0.247174,0.665375,0.015869,0.260157,0.619446,0.012934,0.268187,0.579232,0.011668,0.212943,0.597853,0.022416,0.225656,0.534585,0.014078,0.247547,0.496270,0.008863,0.257815,0.468424,0.005641,0.196207,0.599144,0.005037,0.216330,0.511060,-0.012212,0.249161,0.527589,-0.016104,0.258849,0.556998,-0.012136,0.187733,0.611969,-0.013703,0.236118,0.562359,-0.033371,0.256275,0.607746,-0.030182,0.247812,0.636892,-0.021084,0.190014,0.635655,-0.031964,0.242234,0.612278,-0.040930,0.252386,0.643064,-0.034721,0.236852,0.665581,-0.027256
2979,0,0.083438,0.099682,0.264977,2.631448,2.531049,0.177182,0.793388,0.000000,0.228912,0.740003,0.012267,0.248275,0.664536,0.016866,0.260805,0.618198,0.014266,0.268535,0.577106,0.013421,0.212948,0.599197,0.023670,0.226060,0.534689,0.015711,0.248671,0.497439,0.011000,0.259329,0.469998,0.008128,0.196775,0.599561,0.006321,0.219108,0.512034,-0.010211,0.251044,0.530154,-0.013721,0.259092,0.558514,-0.009733,0.188860,0.611341,-0.012511,0.239495,0.563736,-0.031385,0.257580,0.609667,-0.028625,0.246786,0.637244,-0.020291,0.191496,0.633510,-0.030878,0.245728,0.613915,-0.039231,0.254003,0.645877,-0.033637,0.236319,0.667471,-0.027067
3023,0,0.067119,0.054496,0.169169,2.603919,2.506234,0.177743,0.793630,0.000000,0.229441,0.740981,0.012040,0.249046,0.666499,0.016153,0.261777,0.620549,0.013155,0.270032,0.579842,0.011983,0.214598,0.600202,0.022730,0.228780,0.536108,0.014794,0.250791,0.498174,0.010081,0.260701,0.469607,0.007107,0.197566,0.600649,0.005308,0.220090,0.512200,-0.011374,0.251717,0.529574,-0.014869,0.259704,0.557544,-0.010859,0.189319,0.612409,-0.013454,0.239709,0.562731,-0.032456,0.258124,0.607845,-0.029439,0.247929,0.635708,-0.020894,0.191961,0.635098,-0.031781,0.246886,0.614959,-0.040551,0.255682,0.646489,-0.035004,0.238282,0.668372,-0.028352
3056,0,0.041573,0.032931,0.110448,2.603129,2.509196,0.178209,0.793532,0.000000,0.230340,0.740794,0.012620,0.250170,0.666025,0.017149,0.263017,0.620095,0.014430,0.270880,0.579455,0.013483,0.215441,0.599939,0.023552,0.229829,0.536516,0.015789,0.251779,0.499019,0.010932,0.261435,0.470162,0.007688,0.198297,0.600134,0.005851,0.222256,0.512775,-0.010773,0.253454,0.530694,-0.014552,0.260569,0.558388,-0.010848,0.190135,0.611892,-0.013173,0.240932,0.562280,-0.032122,0.258624,0.607695,-0.029328,0.247527,0.635365,-0.021096,0.193118,0.634365,-0.031728,0.248448,0.614829,-0.040617,0.256491,0.647087,-0.035272,0.238398,0.669106,-0.028878
3102,0,0.057211,0.051554,0.195252,2.607517,2.515013,0.178558,0.793734,0.000000,0.230546,0.740498,0.013085,0.250186,0.666121,0.017843,0.262582,0.621460,0.015295,0.270694,0.581246,0.014490,0.216116,0.599642,0.023023,0.230577,0.536320,0.014752,0.253185,0.499774,0.009638,0.263006,0.471889,0.006341,0.199106,0.599818,0.005152,0.223626,0.513838,-0.012017,0.255374,0.533883,-0.015698,0.262021,0.563097,-0.011849,0.191155,0.611752,-0.013993,0.242158,0.563812,-0.032989,0.260598,0.609398,-0.029991,0.249473,0.637011,-0.021636,0.193986,0.634184,-0.032633,0.248738,0.615339,-0.041175,0.256902,0.647135,-0.035536,0.238696,0.668904,-0.028998
3136,0,0.036961,0.037072,0.141793,2.595454,2.505538,0.178830,0.793598,0.000000,0.230751,0.741303,0.012544,0.250710,0.667521,0.017021,0.263506,0.622264,0.014254,0.271726,0.581849,0.013217,0.216768,0.599738,0.023629,0.231299,0.536919,0.015516,0.253404,0.499938,0.010356,0.263114,0.471389,0.006954,0.199931,0.599717,0.005931,0.223262,0.512920,-0.011179,0.254622,0.532341,-0.015086,0.261820,0.561331,-0.011282,0.191696,0.611860,-0.013105,0.242064,0.563435,-0.032341,0.260646,0.609703,-0.029312,0.250056,0.637499,-0.020713,0.194279,0.634861,-0.031649,0.248343,0.615328,-0.040454,0.256403,0.647247,-0.034696,0.238542,0.668976,-0.027892
3181,0,0.032255,0.032452,0.121830,2.593835,2.508538,0.179056,0.793129,0.000000,0.230549,0.740455,0.012367,0.250491,0.666529,0.016762,0.262991,0.621770,0.014007,0.270717,0.582296,0.012995,0.216863,0.598495,0.023105,0.231379,0.536192,0.014719,0.253447,0.499662,0.009463,0.263141,0.471954,0.006118,0.199966,0.598561,0.005579,0.222553,0.512896,-0.011702,0.254790,0.532515,-0.015375,0.262770,0.562755,-0.011318,0.191645,0.611015,-0.013295,0.241026,0.563715,-0.032699,0.260805,0.609795,-0.029326,0.251882,0.638156,-0.020294,0.193749,0.634636,-0.031687,0.247098,0.614602,-0.040325,0.255890,0.646152,-0.034104,0.239277,0.667826,-0.026815
3234,0,0.029411,0.034807,0.130580,2.585356,2.502773,0.179194,0.792641,0.000000,0.230930,0.740378,0.011451,0.250723,0.666574,0.015545,0.263562,0.621335,0.012722,0.272491,0.581398,0.011703,0.217390,0.598202,0.022603,0.231630,0.536297,0.014208,0.253261,0.499564,0.008918,0.262852,0.471240,0.005501,0.200377,0.598599,0.005464,0.222183,0.513108,-0.011713,0.253862,0.532815,-0.015470,0.262140,0.562701,-0.011488,0.191582,0.611259,-0.013077,0.240986,0.565282,-0.032567,0.259918,0.611345,-0.029165,0.250639,0.639088,-0.020079,0.193477,0.634769,-0.031221,0.246500,0.615097,-0.039933,0.255452,0.646420,-0.033708,0.239102,0.667480,-0.026360
3263,0,0.033023,0.030485,0.166570,2.586247,2.501583,0.179223,0.793099,0.000000,0.231156,0.740828,0.012119,0.250770,0.667061,0.016267,0.262885,0.622133,0.013275,0.270897,0.582121,0.011979,0.217141,0.598699,0.022914,0.232126,0.537147,0.014393,0.253889,0.500351,0.008949,0.263037,0.471867,0.005342,0.200075,0.598876,0.005290,0.223083,0.513109,-0.012091,0.254613,0.533146,-0.015978,0.261889,0.562765,-0.012156,0.191524,0.611532,-0.013666,0.240863,0.563697,-0.033448,0.260237,0.610117,-0.029961,0.251090,0.638601,-0.020844,0.193582,0.635348,-0.032162,0.246873,0.614640,-0.041390,0.255842,0.646237,-0.035201,0.239160,0.668095,-0.027855
3312,0,0.053940,0.056056,0.247051,2.596983,2.510971,0.179147,0.792889,0.000000,0.231082,0.740693,0.013397,0.249950,0.667379,0.017703,0.261381,0.622672,0.014518,0.268589,0.582875,0.012920,0.216352,0.599320,0.022645,0.231066,0.537390,0.013612,0.254029,0.501527,0.007871,0.263477,0.474319,0.004206,0.199505,0.599432,0.004447,0.223543,0.513337,-0.013172,0.255740,0.533623,-0.017087,0.262464,0.563318,-0.013378,0.191619,0.611633,-0.014966,0.241134,0.563441,-0.034417,0.260808,0.609308,-0.031128,0.250363,0.637756,-0.022459,0.194121,0.634129,-0.033837,0.248097,0.615311,-0.043011,0.256737,0.647192,-0.037219,0.239067,0.669251,-0.030381
3360,0,0.040899,0.041450,0.186338,2.591690,2.504971,0.179386,0.793068,0.000000,0.231803,0.740603,0.013651,0.250242,0.667749,0.018260,0.259846,0.623503,0.015302,0.265351,0.583229,0.014006,0.215860,0.600842,0.023234,0.231639,0.539196,0.014304,0.254522,0.502266,0.008384,0.263939,0.473862,0.004474,0.198735,0.600454,0.004922,0.223605,0.513156,-0.013194,0.255850,0.532857,-0.017682,0.262059,0.562059,-0.014239,0.191207,0.611925,-0.014537,0.240948,0.561636,-0.034057,0.260607,0.606896,-0.031090,0.249375,0.635321,-0.022655,0.194642,0.633932,-0.033460,0.249367,0.615004,-0.042436,0.257555,0.646881,-0.036782,0.239022,0.669574,-0.030082
3400,0,0.070614,0.078914,0.268646,2.580497,2.490546,0.178376,0.792669,0.000000,0.230750,0.739821,0.014456,0.249604,0.668209,0.019667,0.259598,0.624295,0.017267,0.264660,0.584374,0.016511,0.215487,0.601920,0.023832,0.232530,0.539773,0.015595,0.254952,0.502424,0.009843,0.264247,0.473041,0.005846,0.198219,0.600657,0.005486,0.222969,0.513478,-0.012187,0.256180,0.530729,-0.016996,0.264170,0.559122,-0.014027,0.191274,0.611656,-0.013830,0.240486,0.558970,-0.032274,0.261491,0.601464,-0.029940,0.251523,0.630388,-0.022357,0.196051,0.633267,-0.032610,0.250884,0.613812,-0.040567,0.258685,0.644908,-0.035300,0.240335,0.668899,-0.029249
3453,0,0.066315,0.061978,0.197607,2.554018,2.460086,0.178401,0.793447,0.000000,0.229985,0.742488,0.013757,0.249285,0.672478,0.018855,0.258320,0.629934,0.016572,0.262144,0.591606,0.015882,0.216462,0.604032,0.022928,0.233788,0.541496,0.015034,0.255074,0.502585,0.009563,0.263936,0.471681,0.005620,0.198836,0.601923,0.005187,0.223927,0.513648,-0.012881,0.256553,0.530839,-0.017830,0.264224,0.559836,-0.014717,0.191483,0.611968,-0.013449,0.241320,0.557419,-0.032342,0.262936,0.599182,-0.030646,0.254115,0.628725,-0.023264,0.195696,0.633471,-0.031522,0.251322,0.614608,-0.039966,0.258794,0.646300,-0.035436,0.240745,0.671159,-0.029732
3489,0,0.050255,0.049239,0.238733,2.574682,2.476635,0.178139,0.793519,0.000000,0.229571,0.741635,0.013948,0.248671,0.672552,0.018847,0.256478,0.630439,0.016407,0.259577,0.593123,0.015575,0.214658,0.604553,0.022269,0.233047,0.541297,0.013808,0.255276,0.503202,0.008344,0.264840,0.473513,0.004663,0.198323,0.602302,0.004604,0.225435,0.514266,-0.013799,0.256885,0.532729,-0.018380,0.263619,0.561993,-0.014892,0.191721,0.611700,-0.013911,0.243329,0.559369,-0.032795,0.262887,0.601762,-0.030851,0.253745,0.630977,-0.023222,0.196405,0.632923,-0.031823,0.252149,0.616244,-0.039938,0.258871,0.648578,-0.035207,0.240626,0.672908,-0.029355
3521,0,0.074818,0.077999,0.144870,2.533568,2.440259,0.178336,0.793368,0.000000,0.229719,0.742659,0.012107,0.248680,0.674531,0.016199,0.256345,0.632894,0.013359,0.259665,0.595173,0.012145,0.215088,0.605354,0.019805,0.233836,0.542024,0.010883,0.255670,0.503413,0.005003,0.265256,0.473005,0.000987,0.198468,0.603581,0.002933,0.225375,0.515674,-0.016040,0.257405,0.533332,-0.021094,0.265327,0.562151,-0.018021,0.191495,0.613233,-0.014835,0.242298,0.560301,-0.034416,0.261941,0.602441,-0.032903,0.253096,0.631716,-0.025485,0.195805,0.634822,-0.032081,0.251100,0.617080,-0.040843,0.258053,0.648921,-0.036341,0.240358,0.673238,-0.030623
3565,0,0.038426,0.042382,0.338662,2.518954,2.434890,0.178546,0.792578,0.000000,0.228930,0.743319,0.011696,0.248189,0.675503,0.016109,0.256028,0.634467,0.013917,0.258840,0.597171,0.013415,0.216530,0.605443,0.018683,0.235609,0.541122,0.010507,0.255880,0.501868,0.005518,0.264912,0.469920,0.001968,0.199515,0.603722,0.002089,0.225587,0.515367,-0.016630,0.257412,0.533110,-0.021126,0.265905,0.562553,-0.017624,0.191970,0.613346,-0.015329,0.242000,0.559033,-0.034987,0.261637,0.601946,-0.033333,0.253573,0.631853,-0.025734,0.196072,0.635263,-0.032181,0.250826,0.615687,-0.041026,0.257495,0.648271,-0.036492,0.239754,0.673535,-0.030695
3598,0,0.050538,0.058272,0.203296,2.523419,2.442203,0.178189,0.791342,0.000000,0.229130,0.743301,0.011987,0.248430,0.674877,0.016589,0.256434,0.634116,0.014316,0.259867,0.597153,0.013825,0.216520,0.603862,0.020375,0.235486,0.540982,0.012396,0.255916,0.501950,0.007061,0.264931,0.470406,0.003178,0.199652,0.602026,0.003572,0.224799,0.514838,-0.014771,0.256518,0.530742,-0.019633,0.265214,0.558369,-0.016552,0.192287,0.611782,-0.014159,0.242781,0.558664,-0.033383,0.262364,0.602205,-0.031713,0.253818,0.631928,-0.024253,0.196670,0.633471,-0.031416,0.251678,0.616359,-0.040119,0.257735,0.648696,-0.035703,0.239626,0.673074,-0.030061
3649,0,0.041636,0.038281,0.137696,2.535769,2.458683,0.178531,0.790587,0.000000,0.229260,0.741559,0.012372,0.248360,0.673005,0.017185,0.256147,0.631838,0.015213,0.259231,0.594569,0.014899,0.216424,0.603262,0.019896,0.235255,0.540574,0.012123,0.255442,0.501104,0.007255,0.264080,0.469263,0.003702,0.199234,0.601436,0.002943,0.224816,0.513207,-0.015463,0.256119,0.530577,-0.019988,0.263690,0.559695,-0.016444,0.191709,0.611421,-0.014797,0.242118,0.558315,-0.034295,0.262171,0.601646,-0.032611,0.253852,0.630996,-0.024930,0.195950,0.633694,-0.031944,0.250916,0.615429,-0.040680,0.257973,0.647633,-0.036090,0.240417,0.672160,-0.030168
3677,0,0.054657,0.049530,0.301897,2.553619,2.475578,0.177719,0.790215,0.000000,0.228631,0.739826,0.012923,0.247356,0.671418,0.017469,0.255132,0.630123,0.015094,0.258284,0.593104,0.014343,0.214093,0.602929,0.019687,0.232549,0.539598,0.010947,0.254491,0.501510,0.005460,0.264980,0.472289,0.001807,0.198025,0.601469,0.002584,0.224486,0.515349,-0.015669,0.256439,0.532353,-0.019983,0.264720,0.560661,-0.016597,0.191395,0.611239,-0.015336,0.242171,0.560980,-0.033918,0.261201,0.602575,-0.031766,0.252731,0.631038,-0.024251,0.195884,0.633254,-0.032749,0.250202,0.617480,-0.040672,0.256924,0.648654,-0.035736,0.239450,0.672080,-0.029799
3731,0,0.068166,0.070750,0.387875,2.517788,2.444264,0.178546,0.790840,0.000000,0.228570,0.742517,0.011194,0.246694,0.674082,0.015931,0.253461,0.633243,0.014211,0.256310,0.596168,0.014174,0.215299,0.603821,0.019040,0.234367,0.540361,0.011111,0.254631,0.501334,0.006062,0.263283,0.469492,0.002336,0.198919,0.602180,0.002732,0.225177,0.515944,-0.015517,0.257574,0.533939,-0.019978,0.266295,0.563184,-0.016667,0.191438,0.611691,-0.014542,0.241153,0.557099,-0.034051,0.261159,0.599445,-0.032708,0.253255,0.629063,-0.025479,0.195453,0.633554,-0.031347,0.249747,0.614785,-0.040582,0.256328,0.646906,-0.036443,0.238364,0.671958,-0.030979
3773,0,0.052505,0.052101,0.150461,2.552720,2.475250,0.177851,0.791135,0.000000,0.228317,0.740977,0.011828,0.246670,0.672428,0.016648,0.253559,0.631457,0.014818,0.256435,0.594071,0.014698,0.214680,0.603970,0.019812,0.233513,0.540296,0.011838,0.254210,0.501515,0.006963,0.263368,0.470337,0.003569,0.198532,0.602389,0.003219,0.224840,0.516476,-0.014937,0.257497,0.535302,-0.018966,0.266849,0.565312,-0.015204,0.191170,0.611929,-0.014367,0.242017,0.559627,-0.033591,0.261247,0.603540,-0.031383,0.252636,0.633166,-0.023418,0.194978,0.633584,-0.031475,0.249460,0.615145,-0.039992,0.255627,0.647806,-0.034933,0.237263,0.672303,-0.028752
3806,0,0.028325,0.026350,0.079295,2.559634,2.482389,0.177658,0.791220,0.000000,0.228057,0.741185,0.011869,0.246595,0.672892,0.016659,0.253520,0.632111,0.014784,0.256022,0.595293,0.014637,0.214289,0.603974,0.019601,0.233358,0.540091,0.011538,0.254100,0.501378,0.006666,0.263229,0.469824,0.003211,0.197996,0.602637,0.002981,0.225207,0.517160,-0.015620,0.257922,0.537195,-0.019748,0.266900,0.567938,-0.015933,0.190740,0.612180,-0.014591,0.242083,0.560284,-0.034201,0.261167,0.604845,-0.031976,0.252267,0.634541,-0.023885,0.194729,0.634041,-0.031663,0.249658,0.616003,-0.040379,0.255506,0.648923,-0.035433,0.236768,0.673287,-0.029255
3860,0,0.041276,0.048329,0.075624,2.551422,2.468427,0.177023,0.791527,0.000000,0.227495,0.742459,0.011435,0.246465,0.674522,0.016492,0.253533,0.634003,0.014922,0.256058,0.597578,0.015078,0.214947,0.604877,0.020631,0.234143,0.540956,0.013151,0.254242,0.501904,0.008471,0.263057,0.469537,0.004956,0.198739,0.603119,0.004196,0.225822,0.518372,-0.014317,0.258080,0.537879,-0.018979,0.267006,0.568211,-0.015555,0.191334,0.612149,-0.013270,0.242279,0.560169,-0.032946,0.261430,0.604293,-0.031551,0.252819,0.634007,-0.024026,0.194669,0.633656,-0.030267,0.249242,0.615463,-0.039058,0.255126,0.648310,-0.034598,0.236399,0.673140,-0.028835
3887,0,0.042384,0.039756,0.175158,2.554473,2.474021,0.177352,0.791094,0.000000,0.227630,0.740727,0.011866,0.246619,0.673675,0.016795,0.253477,0.633358,0.015018,0.255906,0.596945,0.014935,0.216621,0.604452,0.020561,0.235715,0.540280,0.013002,0.255216,0.501588,0.008471,0.264136,0.469279,0.005301,0.199814,0.602825,0.004027,0.225101,0.516430,-0.014046,0.256906,0.534660,-0.018344,0.266670,0.564186,-0.014559,0.191816,0.612259,-0.013469,0.242309,0.561147,-0.033022,0.261152,0.607031,-0.031245,0.253192,0.637418,-0.023163,0.194860,0.633899,-0.030402,0.248936,0.615024,-0.038960,0.255119,0.648331,-0.034030,0.237077,0.672918,-0.027690
3939,0,0.059750,0.056559,0.213440,2.552659,2.471594,0.177122,0.791487,0.000000,0.227727,0.741216,0.012465,0.246218,0.675056,0.017354,0.253538,0.635298,0.015319,0.255676,0.599421,0.014933,0.214462,0.605158,0.020585,0.234657,0.541475,0.012493,0.254763,0.501867,0.007388,0.263414,0.469206,0.003703,0.197991,0.603020,0.003505,0.225340,0.516136,-0.015421,0.257986,0.536139,-0.020070,0.266890,0.567285,-0.016461,0.190675,0.612141,-0.014472,0.241916,0.559787,-0.034413,0.260983,0.604505,-0.032682,0.252187,0.634660,-0.024691,0.194710,0.633999,-0.031891,0.249850,0.616235,-0.040729,0.255776,0.649071,-0.035941,0.237180,0.673718,-0.029792
3983,0,0.041406,0.047569,0.163172,2.564359,2.478695,0.177024,0.792231,0.000000,0.228032,0.741290,0.011920,0.246634,0.672786,0.016736,0.253418,0.631831,0.014799,0.255952,0.594243,0.014587,0.213864,0.604384,0.020205,0.233437,0.540565,0.012040,0.254404,0.502037,0.007090,0.264143,0.470995,0.003720,0.197904,0.602760,0.003610,0.225801,0.517323,-0.014956,0.257898,0.536413,-0.019209,0.266856,0.566333,-0.015435,0.190762,0.612031,-0.013987,0.242877,0.560856,-0.033546,0.261061,0.605113,-0.031517,0.251827,0.634990,-0.023490,0.194670,0.633489,-0.031092,0.249959,0.616379,-0.039673,0.255558,0.649226,-0.034746,0.237062,0.673697,-0.028546
4017,0,0.037283,0.043517,0.139748,2.560588,2.476090,0.176452,0.791914,0.000000,0.227886,0.741374,0.012072,0.246798,0.673486,0.017131,0.253744,0.632774,0.015426,0.255905,0.595951,0.015389,0.214748,0.603961,0.021084,0.233705,0.540546,0.013343,0.254422,0.502541,0.008519,0.264133,0.471363,0.005096,0.198574,0.602320,0.004474,0.226034,0.517502,-0.014062,0.258463,0.537539,-0.018614,0.267463,0.568207,-0.014993,0.191101,0.611516,-0.013131,0.242535,0.560019,-0.032861,0.261520,0.604677,-0.031294,0.253029,0.634689,-0.023480,0.194621,0.633329,-0.030188,0.249143,0.614867,-0.038998,0.254966,0.648025,-0.034353,0.236365,0.672787,-0.028327
4062,0,0.037360,0.037947,0.147355,2.548719,2.466684,0.176562,0.791748,0.000000,0.227509,0.741308,0.011844,0.246246,0.674490,0.016541,0.253592,0.634551,0.014441,0.255865,0.597747,0.014045,0.215212,0.603985,0.020667,0.234415,0.540943,0.012544,0.255109,0.502335,0.007152,0.264256,0.470629,0.003343,0.198764,0.602576,0.004009,0.225306,0.517142,-0.014561,0.258374,0.536112,-0.019433,0.267976,0.566248,-0.016145,0.191295,0.612176,-0.013649,0.241861,0.560053,-0.033524,0.261761,0.604853,-0.031977,0.253552,0.634861,-0.024148,0.194869,0.634379,-0.030780,0.249323,0.615857,-0.039713,0.255598,0.648575,-0.034906,0.237105,0.673015,-0.028680
4095,0,0.022163,0.022117,0.104099,2.541079,2.458473,0.176802,0.791613,0.000000,0.227610,0.741859,0.011615,0.246387,0.674425,0.016248,0.253647,0.633669,0.014231,0.256273,0.596301,0.013917,0.215058,0.603927,0.020098,0.234216,0.540890,0.012002,0.255175,0.502450,0.006816,0.264444,0.471019,0.003173,0.198863,0.602386,0.003620,0.225582,0.516376,-0.014691,0.258284,0.535331,-0.019232,0.267197,0.565016,-0.015778,0.191403,0.611817,-0.013853,0.241880,0.559114,-0.033693,0.261677,0.603465,-0.032145,0.253202,0.633406,-0.024408,0.195069,0.634056,-0.030782,0.249377,0.615119,-0.040011,0.255596,0.648007,-0.035461,0.237131,0.672906,-0.029438
4148,0,0.041249,0.042198,0.163507,2.543467,2.456044,0.176846,0.792390,0.000000,0.227592,0.742404,0.011501,0.246376,0.674479,0.015923,0.253511,0.633439,0.013707,0.256142,0.595675,0.013172,0.214473,0.604431,0.019218,0.233391,0.541013,0.010523,0.254818,0.502557,0.005109,0.264361,0.471587,0.001416,0.198282,0.602607,0.002686,0.225875,0.516732,-0.016504,0.258487,0.537060,-0.021064,0.266571,0.568028,-0.017363,0.190933,0.612100,-0.014815,0.241962,0.559941,-0.035057,0.261444,0.603776,-0.033322,0.252772,0.633588,-0.025328,0.194575,0.633887,-0.031808,0.249030,0.616255,-0.041168,0.255612,0.648634,-0.036571,0.237448,0.673055,-0.030461
4192,0,0.038372,0.033913,0.112055,2.539360,2.457735,0.177302,0.791981,0.000000,0.228219,0.741358,0.011323,0.246874,0.672603,0.015806,0.253488,0.631695,0.013745,0.256091,0.594045,0.013338,0.214492,0.603249,0.019244,0.233742,0.540226,0.010963,0.254697,0.501664,0.005782,0.263923,0.470463,0.002159,0.198233,0.601833,0.002976,0.225607,0.516320,-0.015714,0.258372,0.536166,-0.020132,0.266984,0.566739,-0.016518,0.190886,0.611539,-0.014262,0.241670,0.559127,-0.034145,0.261252,0.602565,-0.032481,0.252923,0.632368,-0.024698,0.194919,0.633723,-0.030983,0.249350,0.615087,-0.040079,0.255566,0.647520,-0.035476,0.237344,0.672059,-0.029504
4225,0,0.024247,0.021838,0.121210,2.542349,2.456390,0.177000,0.792362,0.000000,0.228046,0.741914,0.011231,0.246999,0.672913,0.015636,0.253803,0.631434,0.013429,0.256570,0.593542,0.012866,0.214293,0.604061,0.019414,0.233934,0.541122,0.011055,0.254939,0.502045,0.005832,0.264108,0.470512,0.002196,0.198063,0.602572,0.003059,0.225953,0.517482,-0.015784,0.258260,0.536243,-0.020337,0.266716,0.565738,-0.016809,0.190651,0.612126,-0.014297,0.242356,0.560226,-0.034413,0.261287,0.603844,-0.032750,0.252310,0.633822,-0.024937,0.194470,0.633573,-0.031162,0.249253,0.615897,-0.040490,0.255303,0.648378,-0.035909,0.237165,0.672988,-0.029906
4270,0,0.036011,0.037243,0.219401,2.541538,2.458191,0.177461,0.792272,0.000000,0.228164,0.741307,0.011105,0.246935,0.673075,0.015317,0.253234,0.632059,0.012967,0.254899,0.594641,0.012266,0.214935,0.603500,0.018819,0.233633,0.540672,0.010045,0.254526,0.502485,0.004746,0.263768,0.471447,0.001215,0.198819,0.602327,0.002585,0.225959,0.516814,-0.016819,0.258590,0.537104,-0.021289,0.267218,0.567711,-0.017427,0.191416,0.611850,-0.014644,0.242487,0.559850,-0.035371,0.262197,0.604227,-0.033675,0.254089,0.634799,-0.025436,0.194803,0.633644,-0.031334,0.248957,0.614532,-0.040919,0.255143,0.647468,-0.036182,0.237200,0.672516,-0.029878
4304,0,0.061374,0.057434,0.237651,2.538968,2.465134,0.178236,0.791615,0.000000,0.229637,0.740153,0.010866,0.249207,0.671195,0.015141,0.256345,0.629654,0.013027,0.258857,0.592511,0.012694,0.215584,0.603132,0.018188,0.234840,0.539535,0.009242,0.255537,0.501663,0.003864,0.264271,0.470304,0.000165,0.198955,0.601973,0.001987,0.228560,0.518002,-0.017809,0.260154,0.541197,-0.022472,0.267301,0.572989,-0.018742,0.191508,0.611652,-0.015178,0.243763,0.561020,-0.035840,0.262481,0.605622,-0.034012,0.253778,0.634831,-0.025851,0.194854,0.633648,-0.031852,0.249827,0.615736,-0.041029,0.255653,0.648511,-0.036154,0.237161,0.672657,-0.029913
4349,0,0.083660,0.081159,0.305878,2.529307,2.460599,0.178009,0.790421,0.000000,0.229710,0.741064,0.011057,0.249006,0.672383,0.015429,0.256525,0.630668,0.013270,0.260068,0.592212,0.012875,0.216083,0.602121,0.019800,0.234908,0.540167,0.011581,0.256019,0.502220,0.006227,0.265316,0.471218,0.002424,0.199886,0.601117,0.003527,0.226613,0.516591,-0.014850,0.259269,0.535810,-0.019414,0.267923,0.565182,-0.016053,0.192580,0.611112,-0.013821,0.243253,0.559465,-0.033649,0.263451,0.603435,-0.031849,0.255079,0.632734,-0.024024,0.196408,0.633234,-0.030710,0.250446,0.614248,-0.039894,0.257153,0.646847,-0.035155,0.238916,0.671128,-0.029094
4402,0,0.065386,0.065838,0.151111,2.503057,2.439145,0.179069,0.790156,0.000000,0.230519,0.740902,0.010386,0.249891,0.672195,0.014344,0.257463,0.630199,0.011957,0.260982,0.591884,0.011332,0.216825,0.601304,0.018302,0.235419,0.538620,0.009257,0.256706,0.500331,0.003563,0.266774,0.469484,-0.000257,0.200384,0.600232,0.002125,0.226744,0.514363,-0.017136,0.258861,0.533508,-0.021893,0.267069,0.563224,-0.018376,0.192824,0.610741,-0.015107,0.243107,0.558516,-0.035852,0.263080,0.603339,-0.034015,0.254879,0.633581,-0.025750,0.196557,0.633546,-0.031866,0.250128,0.614042,-0.041582,0.257030,0.646480,-0.036660,0.239613,0.671425,-0.030121
4433,0,0.077158,0.082476,0.230211,2.519361,2.448020,0.179038,0.790597,0.000000,0.231601,0.740652,0.011953,0.251193,0.670702,0.016322,0.260402,0.628004,0.013680,0.265372,0.588512,0.012692,0.216416,0.601219,0.021449,0.235030,0.539044,0.012396,0.257192,0.500122,0.006443,0.267043,0.469475,0.002369,0.199214,0.599769,0.004124,0.225565,0.513268,-0.015177,0.257642,0.532753,-0.020193,0.264810,0.562490,-0.016821,0.191411,0.610332,-0.014327,0.242130,0.556937,-0.035268,0.261863,0.601155,-0.033328,0.252722,0.630921,-0.025144,0.195086,0.632574,-0.032238,0.249917,0.614148,-0.042344,0.257024,0.647230,-0.037448,0.238810,0.671929,-0.031000
4479,0,0.208352,0.207996,0.669230,2.427079,2.355808,0.181672,0.793531,0.000000,0.233345,0.744598,0.006432,0.254895,0.674174,0.007702,0.270525,0.630059,0.002921,0.282029,0.588271,0.000228,0.222842,0.601619,0.018465,0.238391,0.541137,0.008203,0.257585,0.501388,0.001279,0.264841,0.468953,-0.003689,0.203303,0.601140,0.002560,0.225790,0.514887,-0.017074,0.256199,0.539003,-0.022073,0.263300,0.570011,-0.018799,0.192252,0.612088,-0.015117,0.239635,0.559836,-0.037951,0.258182,0.608673,-0.034649,0.249294,0.638677,-0.025060,0.192460,0.634414,-0.032739,0.244998,0.614358,-0.044925,0.255269,0.647004,-0.039509,0.239764,0.669024,-0.032238
4531,0,0.275852,0.307295,0.699618,2.208123,2.184625,0.187112,0.792296,0.000000,0.233835,0.753768,0.000595,0.259973,0.683932,0.000995,0.278135,0.639202,-0.002717,0.291559,0.595670,-0.003982,0.230455,0.606364,0.011908,0.241126,0.539521,0.003840,0.256929,0.497243,-0.001056,0.261579,0.463025,-0.005042,0.209626,0.603977,-0.000944,0.222791,0.511450,-0.019258,0.254011,0.529191,-0.023984,0.261852,0.560075,-0.020895,0.193825,0.612530,-0.015751,0.233211,0.557397,-0.038181,0.255163,0.602854,-0.035985,0.248361,0.631119,-0.027482,0.188376,0.631921,-0.030794,0.235095,0.605949,-0.044656,0.246694,0.638636,-0.040563,0.231514,0.662459,-0.034125
4558,0,0.333676,0.320036,1.478815,1.974372,1.964530,0.189395,0.791977,0.000000,0.235522,0.755717,0.000981,0.262135,0.691469,-0.001652,0.280678,0.644896,-0.009696,0.297189,0.602859,-0.016439,0.234430,0.610338,0.011353,0.245393,0.542688,0.000672,0.264083,0.499696,-0.007213,0.273128,0.466844,-0.012890,0.214645,0.607122,-0.002039,0.220100,0.513546,-0.022018,0.253357,0.521119,-0.029413,0.267056,0.547298,-0.028817,0.196946,0.614057,-0.017193,0.223624,0.547406,-0.041018,0.250201,0.586354,-0.039565,0.250349,0.622025,-0.031611,0.185099,0.630065,-0.032617,0.221960,0.592501,-0.050257,0.239629,0.621681,-0.047612,0.233953,0.651833,-0.041353
4610,0,0.306021,0.325865,1.432313,1.761134,1.725003,0.186856,0.791147,0.000000,0.236027,0.755919,0.001206,0.265828,0.692510,-0.000085,0.285852,0.644049,-0.006579,0.304721,0.603761,-0.012661,0.238598,0.615728,0.011410,0.258218,0.546407,0.003121,0.276564,0.503033,-0.003958,0.287144,0.468007,-0.009875,0.219053,0.610816,-0.001569,0.224584,0.518314,-0.018196,0.254295,0.510611,-0.026903,0.268760,0.523507,-0.029257,0.199095,0.617297,-0.015989,0.217794,0.540080,-0.038028,0.246706,0.569382,-0.039095,0.251691,0.605285,-0.034056,0.182001,0.632323,-0.030433,0.208795,0.579176,-0.049392,0.230922,0.603100,-0.048510,0.232033,0.636752,-0.043729
4640,0,0.440434,0.428063,1.987233,1.477627,1.465197,0.187696,0.789636,0.000000,0.235578,0.757006,-0.001985,0.269898,0.696480,-0.002785,0.291132,0.647650,-0.007287,0.311827,0.607074,-0.011386,0.241441,0.611798,0.009565,0.264584,0.549110,0.000138,0.285255,0.511309,-0.009321,0.301301,0.480609,-0.016540,0.220193,0.604649,-0.000559,0.221148,0.519563,-0.012754,0.251208,0.499092,-0.020580,0.274024,0.496250,-0.024964,0.199651,0.611403,-0.012745,0.206698,0.533522,-0.031178,0.241580,0.544418,-0.034257,0.260893,0.570186,-0.032681,0.182593,0.626592,-0.025417,0.198538,0.564134,-0.042283,0.223650,0.573002,-0.042464,0.236013,0.598285,-0.039420
4687,0,0.494691,0.470624,2.029079,1.083193,1.105263,0.189573,0.787542,0.000000,0.238583,0.757474,-0.010686,0.276695,0.699163,-0.014310,0.300189,0.650901,-0.019426,0.322377,0.609899,-0.024211,0.243571,0.608340,-0.000079,0.270470,0.547693,-0.011436,0.290075,0.509939,-0.021765,0.307791,0.479414,-0.029317,0.219139,0.598484,-0.005655,0.226629,0.520972,-0.018533,0.253488,0.489926,-0.027371,0.279719,0.472154,-0.032799,0.196326,0.605755,-0.014096,0.198024,0.528426,-0.032299,0.229287,0.516652,-0.039315,0.257896,0.521577,-0.041172,0.175747,0.623456,-0.023782,0.179432,0.560551,-0.040744,0.203579,0.553707,-0.044386,0.226789,0.567088,-0.044279
4740,0,0.456204,0.455681,2.764278,0.694928,0.731145,0.188108,0.785696,0.000000,0.240031,0.758895,-0.014744,0.281966,0.703530,-0.019866,0.308651,0.654907,-0.025164,0.332963,0.615193,-0.029985,0.246424,0.607876,-0.001773,0.274623,0.547777,-0.014478,0.292304,0.511024,-0.026547,0.308622,0.480531,-0.034929,0.219709,0.594448,-0.005095,0.234761,0.520965,-0.016251,0.252421,0.479333,-0.025962,0.271708,0.446988,-0.032519,0.194308,0.597954,-0.011882,0.199389,0.528713,-0.025696,0.218592,0.494023,-0.033493,0.241666,0.469810,-0.037534,0.169428,0.613987,-0.020575,0.169493,0.557069,-0.033759,0.184139,0.529730,-0.037888,0.204297,0.514192,-0.039200
4768,0,0.381563,0.385695,1.416900,0.541788,0.474219,0.180051,0.782130,0.000000,0.238716,0.759161,-0.018157,0.286865,0.710278,-0.024594,0.316581,0.662025,-0.030320,0.340260,0.623145,-0.035744,0.250939,0.608952,-0.005922,0.278554,0.548389,-0.019348,0.294949,0.509788,-0.032241,0.308977,0.476850,-0.041292,0.219510,0.592720,-0.007536,0.238008,0.517873,-0.018299,0.253470,0.471752,-0.029147,0.267240,0.433484,-0.036811,0.188803,0.594138,-0.012546,0.196147,0.521042,-0.024736,0.208371,0.478841,-0.032970,0.222718,0.443354,-0.038127,0.157497,0.610004,-0.019615,0.157951,0.553336,-0.031263,0.164382,0.518404,-0.035299,0.174727,0.486526,-0.037131
4816,0,0.226615,0.320319,0.486770,0.509511,0.378565,0.170951,0.780709,0.000000,0.232821,0.764331,-0.020741,0.285448,0.721742,-0.028627,0.317546,0.672611,-0.035091,0.343567,0.633948,-0.041014,0.253870,0.612404,-0.009290,0.282628,0.549219,-0.022019,0.297917,0.510303,-0.033848,0.309724,0.476452,-0.042166,0.221169,0.592757,-0.009407,0.242346,0.515179,-0.019283,0.256305,0.469046,-0.029347,0.267194,0.431091,-0.036459,0.188057,0.590690,-0.012873,0.197110,0.516004,-0.023892,0.207096,0.472192,-0.031814,0.217985,0.434796,-0.036945,0.153379,0.603206,-0.018563,0.154304,0.543799,-0.029473,0.158284,0.507605,-0.033290,0.165169,0.473797,-0.034911
4846,0,0.195177,0.308574,0.229406,0.571346,0.530569,0.164172,0.779898,0.000000,0.228404,0.769197,-0.023132,0.283747,0.729389,-0.031598,0.317448,0.679579,-0.038184,0.344994,0.640350,-0.044123,0.256151,0.616492,-0.012285,0.286457,0.553810,-0.025456,0.301455,0.513600,-0.037151,0.312378,0.479117,-0.045488,0.223498,0.593439,-0.011317,0.247100,0.515276,-0.022154,0.260810,0.468745,-0.032779,0.270422,0.431239,-0.040323,0.189761,0.588623,-0.013770,0.199807,0.512255,-0.026120,0.208553,0.468256,-0.035195,0.217257,0.431775,-0.040951,0.154084,0.598275,-0.018520,0.155598,0.536360,-0.030897,0.158417,0.498195,-0.036247,0.163505,0.463226,-0.038848
4898,0,0.129468,0.149630,0.106193,0.565987,0.619716,0.161890,0.781859,0.000000,0.225915,0.772776,-0.023348,0.281715,0.733836,-0.031337,0.316046,0.685294,-0.037432,0.343699,0.646849,-0.042720,0.257333,0.618799,-0.010886,0.287964,0.557484,-0.023385,0.302641,0.517914,-0.034919,0.313167,0.483882,-0.043283,0.225643,0.594754,-0.009780,0.250751,0.518220,-0.020254,0.264588,0.471975,-0.031037,0.274028,0.434439,-0.038707,0.191902,0.588707,-0.012190,0.203961,0.512488,-0.024473,0.213388,0.468144,-0.034019,0.222503,0.431206,-0.040095,0.155394,0.597629,-0.016944,0.157428,0.536376,-0.029649,0.160324,0.497243,-0.035519,0.165630,0.461767,-0.038444
4929,0,0.058216,0.058389,0.074857,0.551539,0.639342,0.160952,0.784266,0.000000,0.224943,0.775698,-0.024117,0.281181,0.736421,-0.032150,0.315590,0.687079,-0.038217,0.343729,0.647378,-0.043358,0.257812,0.620772,-0.011047,0.289113,0.558858,-0.023701,0.303819,0.518703,-0.035325,0.314410,0.484275,-0.043736,0.226023,0.596759,-0.009677,0.251835,0.519918,-0.020356,0.265672,0.472655,-0.031470,0.274684,0.434323,-0.039389,0.192272,0.590724,-0.011917,0.205260,0.513981,-0.024439,0.214939,0.469488,-0.034097,0.223934,0.432745,-0.040258,0.155512,0.599536,-0.016585,0.158038,0.538380,-0.029523,0.161613,0.499011,-0.035495,0.167278,0.463416,-0.038463
4959,0,0.054499,0.044341,0.085787,0.556541,0.664851,0.160501,0.785920,0.000000,0.224803,0.777122,-0.023960,0.280922,0.737007,-0.031623,0.314965,0.686272,-0.037366,0.343541,0.646454,-0.042329,0.257421,0.622557,-0.010430,0.289313,0.561147,-0.023142,0.304410,0.521032,-0.034894,0.315271,0.486061,-0.043508,0.226069,0.598584,-0.009151,0.252195,0.522260,-0.020176,0.266372,0.474843,-0.031585,0.276040,0.435627,-0.039781,0.192476,0.592395,-0.011543,0.205641,0.515830,-0.024549,0.215944,0.471005,-0.034590,0.225645,0.433603,-0.040998,0.155937,0.601036,-0.016335,0.158972,0.539456,-0.029836,0.163047,0.499511,-0.036301,0.169257,0.463236,-0.039629
4990,0,0.040740,0.056852,0.073619,0.549370,0.690248,0.159488,0.785782,0.000000,0.223886,0.777661,-0.024649,0.280265,0.737194,-0.032517,0.314435,0.685744,-0.038314,0.343727,0.645748,-0.043293,0.257690,0.623864,-0.010776,0.289311,0.562547,-0.023471,0.304399,0.522370,-0.035178,0.315055,0.487467,-0.043787,0.226239,0.599503,-0.009013,0.252406,0.523613,-0.019974,0.266784,0.476347,-0.031339,0.276781,0.437618,-0.039492,0.192511,0.592906,-0.011004,0.206268,0.516712,-0.023946,0.216770,0.472021,-0.033981,0.226764,0.434816,-0.040404,0.156125,0.600603,-0.015451,0.159889,0.539271,-0.028925,0.163945,0.499839,-0.035425,0.169854,0.464090,-0.038789
5025,0,0.047465,0.054640,0.036665,0.558980,0.678067,0.159498,0.788091,0.000000,0.222490,0.779570,-0.025389,0.278686,0.739315,-0.033846,0.313179,0.687536,-0.040084,0.343208,0.646536,-0.045394,0.257320,0.625315,-0.011348,0.289172,0.563373,-0.024384,0.304499,0.523112,-0.036406,0.315881,0.487763,-0.045242,0.226166,0.600841,-0.009481,0.252135,0.524301,-0.020649,0.266313,0.476822,-0.032215,0.276018,0.437555,-0.040539,0.192566,0.594207,-0.011434,0.206268,0.517645,-0.024574,0.216750,0.472540,-0.034567,0.226726,0.434752,-0.040957,0.156053,0.601876,-0.015937,0.160063,0.540084,-0.029485,0.164380,0.500613,-0.035856,0.170734,0.464438,-0.039136
5053,0,0.036795,0.041274,0.049461,0.564594,0.669557,0.159947,0.788163,0.000000,0.222874,0.779157,-0.024551,0.278807,0.738955,-0.032456,0.312809,0.687551,-0.038379,0.341805,0.647003,-0.043465,0.257500,0.625677,-0.010333,0.289263,0.563994,-0.023161,0.304306,0.523864,-0.035008,0.315453,0.488899,-0.043693,0.226159,0.601573,-0.008828,0.251924,0.525032,-0.019923,0.266123,0.477504,-0.031427,0.276053,0.438418,-0.039693,0.192666,0.595030,-0.011142,0.206167,0.518728,-0.024266,0.216877,0.473740,-0.034322,0.227042,0.436249,-0.040760,0.156167,0.602794,-0.015942,0.159740,0.540861,-0.029484,0.163776,0.501237,-0.035960,0.169977,0.465168,-0.039350
5107,0,0.033771,0.033228,0.070942,0.559153,0.672468,0.159480,0.788367,0.000000,0.222852,0.780090,-0.025248,0.278568,0.739948,-0.033372,0.312085,0.688097,-0.039371,0.341436,0.647056,-0.044459,0.257181,0.626136,-0.010431,0.289067,0.564973,-0.023197,0.304276,0.525024,-0.035195,0.315491,0.489795,-0.044041,0.225922,0.601792,-0.008509,0.252201,0.525892,-0.019382,0.266672,0.478641,-0.030886,0.276877,0.439485,-0.039181,0.192317,0.595175,-0.010469,0.206425,0.519385,-0.023425,0.217390,0.474380,-0.033619,0.227980,0.436773,-0.040168,0.155946,0.602961,-0.014987,0.159951,0.541365,-0.028513,0.163781,0.501943,-0.035024,0.169610,0.466139,-0.038403
5137,0,0.030735,0.030390,0.056549,0.563237,0.692220,0.159660,0.788267,0.000000,0.222788,0.780317,-0.024930,0.278509,0.740288,-0.032727,0.311993,0.687942,-0.038362,0.341154,0.647555,-0.043143,0.257192,0.627376,-0.010539,0.289274,0.565861,-0.023127,0.304728,0.526100,-0.034890,0.316052,0.491052,-0.043485,0.226082,0.603066,-0.008618,0.252573,0.526814,-0.019352,0.266995,0.479470,-0.030640,0.277176,0.440498,-0.038780,0.192774,0.596394,-0.010530,0.207210,0.520302,-0.023336,0.218560,0.475117,-0.033486,0.229313,0.437546,-0.039994,0.156356,0.603539,-0.014950,0.160787,0.541326,-0.028288,0.164760,0.502003,-0.034719,0.170511,0.466339,-0.038078
5167,0,0.041235,0.048817,0.051672,0.567896,0.708636,0.158433,0.788693,0.000000,0.221834,0.780940,-0.024954,0.277811,0.741098,-0.032484,0.311478,0.688598,-0.037800,0.340423,0.647579,-0.042265,0.256803,0.627697,-0.009668,0.288986,0.566339,-0.021984,0.304566,0.526534,-0.033714,0.315825,0.491199,-0.042341,0.225945,0.603401,-0.007605,0.252589,0.527686,-0.018020,0.266995,0.480390,-0.029324,0.277167,0.441390,-0.037516,0.192636,0.596543,-0.009417,0.207369,0.521010,-0.021984,0.218897,0.476068,-0.031992,0.229705,0.438647,-0.038443,0.156035,0.603527,-0.013764,0.160382,0.542087,-0.026978,0.164756,0.502742,-0.033316,0.170786,0.466981,-0.036608
5199,0,0.029791,0.033135,0.054824,0.582243,0.697339,0.158843,0.789106,0.000000,0.222668,0.781328,-0.024583,0.277898,0.740873,-0.032045,0.311394,0.688292,-0.037443,0.340224,0.647601,-0.042045,0.256552,0.627917,-0.009725,0.288439,0.566531,-0.022140,0.303692,0.526375,-0.033958,0.315199,0.491234,-0.042727,0.225390,0.604010,-0.007884,0.251633,0.528283,-0.018466,0.266016,0.480978,-0.029905,0.276124,0.441944,-0.038276,0.192024,0.597394,-0.009858,0.206992,0.521823,-0.022557,0.218511,0.476780,-0.032689,0.229305,0.439548,-0.039242,0.155626,0.604460,-0.014337,0.160135,0.542557,-0.027727,0.164685,0.503023,-0.034261,0.170876,0.467271,-0.037727
5229,0,0.029823,0.025968,0.077706,0.581534,0.692520,0.158106,0.789130,0.000000,0.221694,0.781311,-0.024937,0.277460,0.741184,-0.032450,0.310759,0.688985,-0.037773,0.338796,0.647522,-0.042247,0.255804,0.627519,-0.009722,0.287951,0.566330,-0.022030,0.303358,0.526704,-0.033884,0.314722,0.491530,-0.042625,0.224813,0.603464,-0.007659,0.251334,0.527874,-0.017999,0.265466,0.480702,-0.029354,0.275558,0.442015,-0.037641,0.191638,0.596802,-0.009457,0.206761,0.521519,-0.021841,0.218563,0.477044,-0.031751,0.229642,0.440073,-0.038207,0.155008,0.604022,-0.013809,0.159707,0.542935,-0.026862,0.164259,0.503967,-0.033092,0.170622,0.468503,-0.036320
5276,0,0.029774,0.040658,0.048230,0.592977,0.671235,0.158232,0.789714,0.000000,0.221846,0.781069,-0.024671,0.277295,0.740555,-0.032030,0.310172,0.688092,-0.037252,0.338377,0.646961,-0.041622,0.255147,0.627442,-0.009105,0.287139,0.565966,-0.021265,0.302492,0.526104,-0.033014,0.313931,0.491064,-0.041698,0.224139,0.603557,-0.007123,0.250276,0.527870,-0.017396,0.264540,0.480658,-0.028776,0.274541,0.441812,-0.037139,0.190945,0.597105,-0.009006,0.206199,0.521720,-0.021360,0.217965,0.476927,-0.031349,0.228819,0.439802,-0.037876,0.154613,0.604417,-0.013423,0.159205,0.543122,-0.026525,0.163759,0.503704,-0.032882,0.170129,0.467979,-0.036212
5321,0,0.023105,0.036817,0.046930,0.603045,0.651975,0.158976,0.789617,0.000000,0.222306,0.780705,-0.024394,0.277228,0.739934,-0.031636,0.309537,0.687395,-0.036837,0.336894,0.645648,-0.041224,0.254978,0.627113,-0.009015,0.286857,0.566068,-0.021198,0.302361,0.526677,-0.033017,0.313887,0.491633,-0.041715,0.223830,0.603626,-0.007181,0.250061,0.528054,-0.017530,0.264388,0.481111,-0.028857,0.274729,0.442268,-0.037139,0.190463,0.597510,-0.009204,0.205329,0.522191,-0.021633,0.217191,0.477251,-0.031655,0.228471,0.439903,-0.038179,0.153750,0.605182,-0.013729,0.158500,0.543439,-0.026833,0.163096,0.503966,-0.033206,0.169633,0.468238,-0.036553
5351,0,0.034412,0.035762,0.040199,0.607772,0.659010,0.157871,0.789064,0.000000,0.220999,0.780388,-0.024799,0.276355,0.740130,-0.032323,0.309201,0.687307,-0.037679,0.336884,0.645294,-0.042167,0.254186,0.627063,-0.009632,0.286139,0.566204,-0.022008,0.301449,0.526725,-0.033964,0.312836,0.491539,-0.042771,0.223070,0.603744,-0.007689,0.249260,0.527871,-0.018010,0.263606,0.480934,-0.029381,0.273943,0.441929,-0.037735,0.189819,0.597767,-0.009618,0.204580,0.522887,-0.021913,0.216457,0.478400,-0.031776,0.227839,0.441344,-0.038245,0.153183,0.605497,-0.014097,0.158021,0.543947,-0.026911,0.162705,0.505077,-0.032964,0.169278,0.469353,-0.036151
5378,0,0.038407,0.031650,0.065555,0.619348,0.661258,0.157635,0.790125,0.000000,0.221600,0.780874,-0.024897,0.276379,0.740491,-0.032229,0.308799,0.687152,-0.037431,0.336518,0.644723,-0.041766,0.254379,0.628178,-0.008599,0.286037,0.566873,-0.020732,0.301470,0.527418,-0.032681,0.312806,0.491952,-0.041577,0.223344,0.604724,-0.006531,0.249346,0.528958,-0.016680,0.263375,0.481842,-0.028196,0.273420,0.442883,-0.036696,0.189968,0.598666,-0.008411,0.205084,0.523825,-0.020789,0.216882,0.479211,-0.030929,0.227980,0.442168,-0.037563,0.153120,0.606436,-0.012844,0.158070,0.545091,-0.025972,0.162688,0.505803,-0.032361,0.168973,0.469889,-0.035753
5404,0,0.023938,0.032830,0.067665,0.627626,0.647679,0.158431,0.790777,0.000000,0.222017,0.781825,-0.024439,0.276896,0.740891,-0.031530,0.309063,0.687932,-0.036546,0.336018,0.645739,-0.040732,0.254451,0.628024,-0.008924,0.285758,0.566663,-0.020951,0.301033,0.527174,-0.032737,0.312531,0.492230,-0.041449,0.223288,0.604884,-0.007001,0.248964,0.529036,-0.017123,0.263067,0.482015,-0.028456,0.273063,0.443434,-0.036829,0.190071,0.598992,-0.008924,0.205390,0.523658,-0.021215,0.217447,0.479346,-0.031228,0.228741,0.443111,-0.037772,0.153733,0.606986,-0.013351,0.158205,0.545062,-0.026457,0.162684,0.505630,-0.032850,0.168941,0.470190,-0.036206
5432,0,0.035986,0.035714,0.052003,0.640095,0.647265,0.157415,0.792058,0.000000,0.221045,0.783046,-0.024786,0.276143,0.741264,-0.031835,0.308383,0.687929,-0.036698,0.335411,0.645541,-0.040675,0.254244,0.628741,-0.008802,0.285756,0.567298,-0.020677,0.301365,0.527767,-0.032438,0.312513,0.492542,-0.041165,0.223048,0.605709,-0.006724,0.248760,0.529761,-0.016615,0.262727,0.482436,-0.027952,0.272371,0.443550,-0.036377,0.189713,0.600008,-0.008534,0.205298,0.525151,-0.020526,0.217561,0.480756,-0.030478,0.228846,0.444015,-0.037075,0.153049,0.608219,-0.012892,0.157794,0.546635,-0.025709,0.162485,0.507609,-0.031929,0.169011,0.471873,-0.035265
5461,0,0.030612,0.034992,0.122812,0.655640,0.625793,0.158049,0.792604,0.000000,0.221795,0.783077,-0.025057,0.276344,0.743030,-0.032394,0.308024,0.689693,-0.037614,0.334215,0.646454,-0.041982,0.254177,0.629176,-0.008396,0.285096,0.567846,-0.020499,0.300514,0.528485,-0.032583,0.311768,0.493269,-0.041528,0.222831,0.605848,-0.006297,0.248078,0.530007,-0.016424,0.261788,0.482676,-0.028064,0.271774,0.443883,-0.036687,0.189458,0.600183,-0.008179,0.204923,0.525452,-0.020518,0.216784,0.481415,-0.030692,0.228049,0.445044,-0.037387,0.152708,0.608461,-0.012642,0.157807,0.547341,-0.025775,0.162511,0.508319,-0.032186,0.168887,0.472683,-0.035590
5505,0,0.031762,0.035579,0.085472,0.669061,0.624134,0.158232,0.792506,0.000000,0.222067,0.783375,-0.024545,0.276566,0.742402,-0.031625,0.307970,0.688915,-0.036609,0.334324,0.645971,-0.040707,0.253642,0.629412,-0.008194,0.284851,0.568148,-0.020127,0.299886,0.528525,-0.032003,0.311032,0.493496,-0.040782,0.222306,0.606570,-0.006160,0.247895,0.530569,-0.016077,0.261552,0.483495,-0.027396,0.271146,0.444913,-0.035779,0.189066,0.600872,-0.008034,0.204572,0.526206,-0.020070,0.216499,0.482143,-0.029831,0.227490,0.446038,-0.036251,0.152352,0.609196,-0.012442,0.157559,0.547837,-0.025243,0.162472,0.508902,-0.031304,0.168800,0.473525,-0.034476
5535,0,0.026470,0.022768,0.055815,0.670305,0.618105,0.157983,0.792847,0.000000,0.221631,0.783879,-0.024985,0.276116,0.742966,-0.032310,0.307432,0.689227,-0.037393,0.334116,0.646436,-0.041611,0.253880,0.629476,-0.009136,0.284665,0.568136,-0.021125,0.299606,0.528498,-0.032969,0.310544,0.493460,-0.041724,0.222637,0.606660,-0.006910,0.247956,0.530926,-0.016861,0.261508,0.483862,-0.028111,0.270976,0.445426,-0.036471,0.189318,0.601171,-0.008609,0.204416,0.526522,-0.020617,0.216494,0.482529,-0.030502,0.227621,0.446191,-0.037073,0.152445,0.609250,-0.012879,0.157307,0.548266,-0.025644,0.162079,0.509567,-0.031895,0.168539,0.474402,-0.035247
5569,0,0.034138,0.037606,0.053393,0.687919,0.618827,0.158314,0.792841,0.000000,0.222001,0.783388,-0.024735,0.276281,0.742810,-0.031799,0.307456,0.689169,-0.036735,0.333692,0.645753,-0.040842,0.253309,0.629639,-0.008096,0.283911,0.568177,-0.019875,0.298707,0.528869,-0.031705,0.309749,0.493780,-0.040503,0.222264,0.606977,-0.005948,0.247332,0.531742,-0.015740,0.260990,0.484704,-0.027127,0.270460,0.446142,-0.035624,0.188997,0.601574,-0.007766,0.204157,0.527233,-0.019743,0.216199,0.483267,-0.029746,0.227350,0.446737,-0.036396,0.152415,0.609726,-0.012141,0.157567,0.548650,-0.024961,0.162583,0.509872,-0.031291,0.169224,0.474421,-0.034719
5604,0,0.021559,0.030021,0.045469,0.681725,0.616277,0.158550,0.792423,0.000000,0.222379,0.783674,-0.024794,0.276520,0.743137,-0.032071,0.307237,0.689295,-0.037135,0.333452,0.646074,-0.041336,0.253580,0.629858,-0.008909,0.284199,0.568716,-0.020931,0.298835,0.529077,-0.032803,0.309645,0.493948,-0.041524,0.222333,0.607106,-0.006677,0.247932,0.531903,-0.016645,0.261529,0.484999,-0.027926,0.271057,0.446337,-0.036235,0.188980,0.601761,-0.008332,0.204231,0.527372,-0.020331,0.216203,0.483607,-0.030121,0.227393,0.447390,-0.036516,0.152308,0.609713,-0.012510,0.157532,0.548872,-0.025169,0.162470,0.510274,-0.031190,0.169038,0.475159,-0.034322
5645,0,0.029433,0.033397,0.050027,0.675015,0.624618,0.159043,0.791812,0.000000,0.221840,0.783214,-0.025422,0.276150,0.742887,-0.032841,0.307385,0.689102,-0.037955,0.333532,0.646088,-0.042189,0.254291,0.629828,-0.009180,0.284525,0.569070,-0.021263,0.299272,0.529908,-0.033253,0.309998,0.494684,-0.042152,0.223086,0.607085,-0.006782,0.248251,0.532066,-0.016833,0.261989,0.485574,-0.028289,0.271869,0.447091,-0.036775,0.189881,0.601794,-0.008360,0.204876,0.527864,-0.020533,0.216797,0.484300,-0.030630,0.228113,0.447767,-0.037281,0.153145,0.610008,-0.012543,0.158223,0.549315,-0.025404,0.163015,0.511198,-0.031717,0.169742,0.475870,-0.035108
5687,0,0.034277,0.029140,0.051118,0.675053,0.631966,0.159542,0.791914,0.000000,0.222919,0.782997,-0.024865,0.277268,0.742711,-0.031927,0.308002,0.689220,-0.036784,0.333523,0.646026,-0.040763,0.254180,0.630148,-0.008411,0.284560,0.569038,-0.020251,0.299214,0.529693,-0.032076,0.310204,0.494747,-0.040800,0.223222,0.607412,-0.006090,0.248745,0.532340,-0.015907,0.262734,0.485886,-0.027163,0.272685,0.447515,-0.035457,0.190173,0.601860,-0.007706,0.205343,0.528053,-0.019690,0.217405,0.484443,-0.029591,0.228612,0.448135,-0.036055,0.153790,0.609895,-0.011872,0.158881,0.549325,-0.024529,0.163742,0.511156,-0.030638,0.170266,0.476142,-0.033851
5724,0,0.036468,0.030589,0.036265,0.664277,0.633726,0.159669,0.792133,0.000000,0.223113,0.783476,-0.025206,0.277170,0.743644,-0.032675,0.307908,0.689812,-0.037884,0.333719,0.646274,-0.042197,0.254871,0.630386,-0.009014,0.285468,0.569431,-0.021285,0.300080,0.529996,-0.033384,0.311113,0.494750,-0.042235,0.223788,0.607678,-0.006684,0.249459,0.532926,-0.016851,0.263344,0.486531,-0.028268,0.273379,0.448114,-0.036652,0.190532,0.602082,-0.008318,0.205749,0.528554,-0.020482,0.217930,0.485143,-0.030266,0.229534,0.449022,-0.036614,0.153856,0.610007,-0.012547,0.159229,0.549515,-0.025262,0.164297,0.511345,-0.031256,0.171143,0.476568,-0.034355
5758,0,0.038371,0.030919,0.057504,0.673948,0.621252,0.160481,0.793488,0.000000,0.223388,0.783999,-0.024814,0.278145,0.743338,-0.032058,0.308835,0.690045,-0.037062,0.334310,0.647040,-0.041263,0.255336,0.630955,-0.009261,0.285726,0.569903,-0.021584,0.300580,0.530799,-0.033683,0.311631,0.495737,-0.042533,0.224195,0.608427,-0.007198,0.249522,0.533282,-0.017373,0.263555,0.487149,-0.028753,0.273805,0.449118,-0.037099,0.191116,0.602996,-0.009013,0.206311,0.529243,-0.021136,0.218602,0.485802,-0.030863,0.230086,0.449514,-0.037230,0.154381,0.611294,-0.013387,0.159815,0.550610,-0.026027,0.164957,0.512458,-0.031909,0.171865,0.477349,-0.034971
5786,0,0.057528,0.055065,0.057912,0.687603,0.649919,0.160292,0.793863,0.000000,0.223932,0.784477,-0.024669,0.278259,0.743943,-0.031496,0.309184,0.690266,-0.036190,0.335077,0.647197,-0.040024,0.255443,0.631317,-0.007519,0.286163,0.570293,-0.019152,0.301160,0.531191,-0.031009,0.312574,0.496288,-0.039800,0.224568,0.608950,-0.005298,0.249970,0.534054,-0.014878,0.264018,0.487846,-0.026203,0.274277,0.449451,-0.034619,0.191361,0.603447,-0.007065,0.206936,0.529837,-0.018815,0.219329,0.486474,-0.028690,0.231058,0.449918,-0.035236,0.154678,0.611281,-0.011409,0.160190,0.550960,-0.023884,0.165516,0.512888,-0.029925,0.172559,0.477645,-0.033160
5813,0,0.047846,0.044720,0.043963,0.691354,0.629412,0.161092,0.794506,0.000000,0.224102,0.784967,-0.024725,0.277984,0.744668,-0.031888,0.309245,0.691252,-0.036900,0.335336,0.647998,-0.041071,0.255638,0.632090,-0.008519,0.286444,0.571335,-0.020648,0.301554,0.532221,-0.032748,0.313097,0.497221,-0.041669,0.224763,0.609745,-0.006504,0.250117,0.534816,-0.016449,0.264077,0.488457,-0.027811,0.274256,0.449824,-0.036227,0.191576,0.604466,-0.008444,0.206940,0.530860,-0.020461,0.219239,0.487340,-0.030205,0.230807,0.450768,-0.036601,0.154883,0.612509,-0.012961,0.160307,0.551719,-0.025585,0.165556,0.513568,-0.031495,0.172569,0.478286,-0.034637
5839,0,0.024571,0.030529,0.055398,0.692936,0.642794,0.160736,0.794073,0.000000,0.223626,0.784638,-0.024759,0.277856,0.744156,-0.031817,0.308887,0.690839,-0.036746,0.335063,0.648392,-0.040817,0.255544,0.631849,-0.008108,0.286637,0.571187,-0.020035,0.301895,0.532064,-0.032041,0.313094,0.497009,-0.040929,0.224775,0.609739,-0.006003,0.249748,0.534903,-0.015843,0.263549,0.488633,-0.027298,0.273497,0.449990,-0.035794,0.191839,0.604390,-0.007851,0.207168,0.531119,-0.019680,0.219399,0.487829,-0.029427,0.231211,0.451398,-0.035869,0.155327,0.612287,-0.012295,0.160445,0.552008,-0.024759,0.165763,0.514354,-0.030622,0.173114,0.479370,-0.033740
5870,0,0.023381,0.045910,0.066547,0.698467,0.677327,0.160162,0.793152,0.000000,0.224048,0.784677,-0.025071,0.278181,0.744783,-0.032210,0.308906,0.691274,-0.037168,0.334643,0.648174,-0.041306,0.255313,0.632031,-0.008407,0.286282,0.571470,-0.020429,0.301557,0.532622,-0.032508,0.312846,0.497604,-0.041455,0.224382,0.609837,-0.006147,0.249708,0.535370,-0.016180,0.263590,0.488883,-0.027811,0.273773,0.450271,-0.036497,0.191414,0.604644,-0.007861,0.207317,0.531479,-0.020057,0.219816,0.488167,-0.030178,0.231720,0.451776,-0.036870,0.155060,0.612795,-0.012163,0.160580,0.552632,-0.025127,0.165973,0.514710,-0.031464,0.173176,0.479503,-0.034875
5904,0,0.025604,0.050671,0.041245,0.700108,0.644940,0.160548,0.794238,0.000000,0.223698,0.785404,-0.024782,0.277847,0.744910,-0.031767,0.308550,0.691164,-0.036523,0.334419,0.648046,-0.040387,0.254931,0.632158,-0.008336,0.286264,0.571091,-0.020119,0.301480,0.532025,-0.031934,0.312851,0.497108,-0.040647,0.224114,0.610033,-0.006051,0.249600,0.535442,-0.015772,0.263422,0.488828,-0.027067,0.273516,0.450471,-0.035464,0.191214,0.604489,-0.007686,0.207036,0.530802,-0.019487,0.219553,0.487486,-0.029203,0.231520,0.451630,-0.035612,0.154961,0.612438,-0.011899,0.160456,0.551871,-0.024485,0.165820,0.513680,-0.030504,0.173042,0.478771,-0.033680
5933,0,0.025155,0.021747,0.063394,0.707815,0.646452,0.160130,0.794118,0.000000,0.223382,0.784742,-0.025025,0.277380,0.744707,-0.032193,0.308068,0.690863,-0.037146,0.334227,0.647703,-0.041261,0.254700,0.632569,-0.008491,0.285836,0.571815,-0.020500,0.301311,0.532876,-0.032547,0.312571,0.497713,-0.041447,0.223912,0.610073,-0.006200,0.249225,0.535524,-0.016115,0.263027,0.488968,-0.027576,0.272909,0.450229,-0.036085,0.191071,0.604711,-0.007858,0.206549,0.531581,-0.019774,0.219034,0.488413,-0.029531,0.230862,0.452376,-0.035936,0.154765,0.612623,-0.012121,0.160113,0.552651,-0.024652,0.165585,0.514674,-0.030536,0.172827,0.479904,-0.033646
5967,0,0.021436,0.024624,0.049587,0.700511,0.643326,0.160622,0.793864,0.000000,0.223637,0.784528,-0.025457,0.277764,0.744372,-0.032808,0.308199,0.690794,-0.037888,0.334091,0.647880,-0.042131,0.255374,0.632306,-0.008700,0.286158,0.571755,-0.020935,0.301417,0.532888,-0.033217,0.312989,0.497766,-0.042317,0.224428,0.609961,-0.006346,0.249306,0.535540,-0.016525,0.262904,0.489056,-0.028286,0.272901,0.450186,-0.037013,0.191405,0.604734,-0.007997,0.206991,0.532042,-0.020209,0.219368,0.488653,-0.030258,0.231230,0.451959,-0.036902,0.154740,0.612841,-0.012291,0.160125,0.553061,-0.025122,0.165549,0.515409,-0.031245,0.172887,0.480356,-0.034520
6001,0,0.021520,0.018574,0.042464,0.713307,0.654047,0.160654,0.794024,0.000000,0.223781,0.784872,-0.024801,0.277614,0.744677,-0.032028,0.308064,0.691062,-0.037100,0.334027,0.647947,-0.041354,0.254972,0.632585,-0.008690,0.286096,0.572211,-0.021049,0.301632,0.533337,-0.033347,0.313245,0.498137,-0.042395,0.224199,0.610683,-0.006683,0.249266,0.536181,-0.016934,0.263121,0.489773,-0.028573,0.273189,0.450759,-0.037174,0.191340,0.605515,-0.008611,0.206808,0.532531,-0.020789,0.219468,0.489141,-0.030579,0.231587,0.452507,-0.037026,0.154893,0.613512,-0.013125,0.160280,0.553481,-0.025897,0.165754,0.515574,-0.031842,0.173137,0.480264,-0.034963
6028,0,0.028743,0.032101,0.047587,0.694001,0.660354,0.160907,0.793274,0.000000,0.223924,0.784086,-0.025465,0.278295,0.744318,-0.032976,0.308784,0.691189,-0.038206,0.334355,0.647570,-0.042621,0.255697,0.632642,-0.009533,0.286369,0.572285,-0.022163,0.301671,0.533257,-0.034645,0.313351,0.497820,-0.043808,0.224744,0.610313,-0.007284,0.249685,0.536058,-0.017740,0.263471,0.489789,-0.029489,0.273782,0.450786,-0.038169,0.191830,0.605112,-0.008991,0.207239,0.532238,-0.021366,0.219650,0.489130,-0.031233,0.231493,0.452484,-0.037669,0.155397,0.613269,-0.013335,0.160906,0.553258,-0.026207,0.166303,0.515553,-0.032197,0.173450,0.480515,-0.035313
6062,0,0.038160,0.040437,0.050562,0.692601,0.667298,0.160812,0.793703,0.000000,0.224064,0.784986,-0.025440,0.278003,0.745233,-0.032791,0.308548,0.691610,-0.037845,0.334387,0.648303,-0.041993,0.255841,0.632875,-0.008841,0.286855,0.572383,-0.021089,0.302244,0.533411,-0.033272,0.314147,0.498359,-0.042252,0.225098,0.610528,-0.006448,0.250158,0.536146,-0.016543,0.264024,0.490011,-0.028051,0.274411,0.451469,-0.036531,0.192195,0.604994,-0.008059,0.207792,0.532163,-0.020182,0.220381,0.488892,-0.029902,0.232607,0.452559,-0.036234,0.155806,0.612991,-0.012322,0.161169,0.552759,-0.025051,0.166797,0.514888,-0.030958,0.174278,0.480107,-0.033994
6093,0,0.025284,0.024491,0.071130,0.678530,0.656871,0.161569,0.793622,0.000000,0.224431,0.784343,-0.025459,0.278758,0.744768,-0.033067,0.309719,0.691800,-0.038412,0.335296,0.648044,-0.042902,0.256020,0.632905,-0.009222,0.286975,0.572571,-0.021748,0.302426,0.533622,-0.034162,0.314428,0.498450,-0.043273,0.225346,0.610503,-0.006931,0.250618,0.536227,-0.017230,0.264388,0.489816,-0.028929,0.274516,0.451046,-0.037595,0.192485,0.604946,-0.008610,0.208430,0.532127,-0.020802,0.220921,0.488937,-0.030618,0.232774,0.452706,-0.037057,0.156056,0.612730,-0.012934,0.161783,0.552725,-0.025571,0.167316,0.514858,-0.031434,0.174386,0.480244,-0.034478
6126,0,0.024331,0.024378,0.063820,0.680531,0.671837,0.161412,0.794012,0.000000,0.224620,0.785116,-0.025320,0.278785,0.744659,-0.032716,0.309480,0.691204,-0.037832,0.335688,0.648220,-0.042077,0.256938,0.633187,-0.008953,0.287882,0.572720,-0.021317,0.303228,0.533751,-0.033606,0.314898,0.498506,-0.042670,0.226141,0.610864,-0.006664,0.251218,0.536569,-0.016933,0.264868,0.490153,-0.028620,0.274936,0.451278,-0.037258,0.193145,0.605521,-0.008346,0.208852,0.532507,-0.020612,0.221150,0.489175,-0.030455,0.232877,0.452654,-0.036924,0.156508,0.613451,-0.012660,0.162252,0.553412,-0.025469,0.167804,0.515809,-0.031456,0.175310,0.480657,-0.034607
6159,0,0.017315,0.036802,0.076065,0.672530,0.669784,0.162700,0.793218,0.000000,0.225517,0.784808,-0.025176,0.279517,0.744431,-0.032417,0.309687,0.690437,-0.037448,0.336236,0.648008,-0.041663,0.256907,0.633418,-0.008968,0.288107,0.572881,-0.021351,0.303484,0.533689,-0.033549,0.315300,0.498548,-0.042517,0.226161,0.611176,-0.006702,0.251070,0.536967,-0.017081,0.264863,0.490442,-0.028741,0.274875,0.451516,-0.037337,0.193401,0.605562,-0.008387,0.209399,0.532695,-0.020757,0.221931,0.489317,-0.030542,0.233835,0.452828,-0.036928,0.156987,0.613073,-0.012672,0.162470,0.552994,-0.025640,0.168141,0.515339,-0.031656,0.175497,0.480515,-0.034793
6193,0,0.020204,0.028645,0.076294,0.674173,0.672131,0.161834,0.793508,0.000000,0.224621,0.784635,-0.025193,0.278745,0.744555,-0.032534,0.309409,0.691106,-0.037606,0.335654,0.647928,-0.041792,0.256570,0.633148,-0.008899,0.287692,0.572504,-0.021191,0.303341,0.533449,-0.033438,0.315520,0.498302,-0.042456,0.225829,0.610847,-0.006612,0.251013,0.536373,-0.016710,0.265009,0.490188,-0.028273,0.275293,0.451543,-0.036831,0.193102,0.605222,-0.008276,0.208760,0.532586,-0.020269,0.221353,0.489259,-0.029989,0.233401,0.452637,-0.036352,0.156852,0.612868,-0.012560,0.162693,0.552850,-0.025064,0.168340,0.515506,-0.030800,0.175778,0.481031,-0.033770
6239,0,0.024911,0.030697,0.053785,0.668124,0.679216,0.162372,0.792939,0.000000,0.225243,0.784411,-0.025361,0.279352,0.744448,-0.032734,0.309488,0.690722,-0.037828,0.335497,0.647858,-0.042089,0.257408,0.632765,-0.009207,0.288128,0.572234,-0.021674,0.303564,0.533270,-0.034012,0.315508,0.498220,-0.043127,0.226514,0.610426,-0.006924,0.251244,0.536485,-0.017321,0.264923,0.490285,-0.029066,0.275021,0.451574,-0.037791,0.193548,0.604973,-0.008610,0.209446,0.532620,-0.020952,0.221901,0.489495,-0.030882,0.233741,0.452893,-0.037421,0.156973,0.612986,-0.012921,0.162783,0.553498,-0.025898,0.168406,0.516113,-0.032030,0.175712,0.481191,-0.035291
6273,0,0.047430,0.046771,0.063430,0.672203,0.698054,0.162196,0.792617,0.000000,0.225427,0.784201,-0.025327,0.278993,0.744165,-0.032439,0.309194,0.690353,-0.037316,0.335698,0.647637,-0.041306,0.257252,0.631912,-0.007657,0.288153,0.571737,-0.019489,0.303556,0.532977,-0.031626,0.315284,0.497909,-0.040678,0.226570,0.609655,-0.005182,0.251623,0.536516,-0.015019,0.265250,0.490258,-0.026731,0.275349,0.451319,-0.035450,0.193865,0.604443,-0.006747,0.209682,0.532602,-0.018806,0.222115,0.489689,-0.028837,0.233848,0.453141,-0.035413,0.157386,0.612374,-0.010945,0.163126,0.552995,-0.023757,0.168713,0.515689,-0.029908,0.175979,0.481020,-0.033141