t,missing,delta_l1,delta_l1_wrist,delta_angles,delta_base_l1,delta_base_l1_wrist,x0,y0,z0,x1,y1,z1,x2,y2,z2,x3,y3,z3,x4,y4,z4,x5,y5,z5,x6,y6,z6,x7,y7,z7,x8,y8,z8,x9,y9,z9,x10,y10,z10,x11,y11,z11,x12,y12,z12,x13,y13,z13,x14,y14,z14,x15,y15,z15,x16,y16,z16,x17,y17,z17,x18,y18,z18,x19,y19,z19,x20,y20,z20
37,0,,,,0.000000,0.000000,0.197411,0.805561,0.000001,0.260616,0.795743,-0.033533,0.315586,0.753860,-0.049386,0.355774,0.705799,-0.062307,0.390866,0.670879,-0.074859,0.278366,0.623909,-0.034722,0.312285,0.552218,-0.055252,0.330791,0.505668,-0.070346,0.343706,0.462120,-0.081627,0.240326,0.600378,-0.032733,0.258195,0.512158,-0.051191,0.267225,0.455860,-0.064850,0.270718,0.405415,-0.074694,0.202326,0.602041,-0.034353,0.194889,0.518103,-0.053980,0.190803,0.462944,-0.067803,0.188148,0.412453,-0.076950,0.165581,0.624633,-0.038967,0.141862,0.562029,-0.058820,0.127936,0.520426,-0.069157,0.118121,0.478797,-0.075187
86,0,0.023623,0.033280,0.047012,0.023623,0.033280,0.196761,0.804814,0.000001,0.260448,0.795352,-0.033783,0.315791,0.754258,-0.049792,0.355626,0.706485,-0.062763,0.390246,0.671473,-0.075324,0.278086,0.623699,-0.034686,0.312435,0.551951,-0.055292,0.330941,0.505471,-0.070357,0.343633,0.461863,-0.081563,0.240140,0.600027,-0.032490,0.258291,0.511493,-0.050859,0.267465,0.455054,-0.064364,0.271046,0.404897,-0.074052,0.202265,0.601350,-0.033886,0.195167,0.517708,-0.053486,0.190916,0.462678,-0.067155,0.188127,0.412584,-0.076186,0.165552,0.623895,-0.038339,0.142175,0.561527,-0.058002,0.128350,0.520137,-0.068182,0.118423,0.478420,-0.074093
118,0,0.028727,0.038078,0.047681,0.025232,0.021023,0.197886,0.806060,0.000001,0.260850,0.795873,-0.033530,0.315530,0.754743,-0.049536,0.355515,0.706991,-0.062628,0.390291,0.671806,-0.075310,0.278506,0.624354,-0.034556,0.312147,0.552432,-0.055159,0.330768,0.506044,-0.070385,0.343335,0.462320,-0.081671,0.240716,0.600732,-0.032566,0.258726,0.512704,-0.051014,0.267790,0.456219,-0.064680,0.271310,0.405696,-0.074530,0.202809,0.602052,-0.034187,0.195673,0.518296,-0.053804,0.191562,0.463258,-0.067594,0.188883,0.413244,-0.076664,0.166119,0.624090,-0.038825,0.142727,0.561195,-0.058565,0.128920,0.519533,-0.068825,0.119064,0.477948,-0.074735
155,0,0.042184,0.053969,0.059869,0.044956,0.049248,0.197160,0.805455,0.000001,0.260613,0.794830,-0.033129,0.316009,0.753878,-0.048865,0.355974,0.706122,-0.061674,0.390679,0.671431,-0.074033,0.278603,0.623693,-0.033620,0.312828,0.551945,-0.053898,0.331296,0.505327,-0.068836,0.343862,0.462084,-0.079845,0.240716,0.600313,-0.031696,0.258689,0.511637,-0.049724,0.267810,0.455270,-0.063066,0.271259,0.405637,-0.072642,0.202921,0.601853,-0.033374,0.195851,0.518137,-0.052548,0.191604,0.463111,-0.066053,0.188767,0.413254,-0.074975,0.166245,0.624165,-0.038060,0.142927,0.561850,-0.057295,0.129147,0.520436,-0.067240,0.119279,0.478883,-0.072888
188,0,0.037898,0.042040,0.048681,0.023734,0.032971,0.197068,0.805158,0.000001,0.260279,0.795191,-0.033622,0.315762,0.753817,-0.049635,0.355973,0.706130,-0.062658,0.390942,0.671147,-0.075272,0.278768,0.624180,-0.034687,0.312333,0.552607,-0.055328,0.330648,0.506403,-0.070562,0.343208,0.462783,-0.081865,0.240944,0.600528,-0.032681,0.258993,0.512535,-0.051068,0.267937,0.456130,-0.064747,0.271166,0.405871,-0.074616,0.202954,0.601933,-0.034257,0.195909,0.518183,-0.053812,0.191832,0.463259,-0.067573,0.188949,0.413168,-0.076664,0.166133,0.624181,-0.038844,0.142936,0.561809,-0.058563,0.129178,0.520226,-0.068760,0.119336,0.478529,-0.074657
221,0,0.012755,0.011298,0.056652,0.027020,0.033320,0.197239,0.805313,0.000001,0.260924,0.796071,-0.033658,0.316075,0.754318,-0.049616,0.356245,0.706133,-0.062563,0.391291,0.671243,-0.075182,0.278876,0.624529,-0.034661,0.312744,0.552911,-0.055393,0.331221,0.506409,-0.070716,0.344169,0.462656,-0.082106,0.241077,0.600750,-0.032592,0.258747,0.512745,-0.051214,0.267775,0.456427,-0.065062,0.271167,0.405821,-0.075018,0.203195,0.602087,-0.034129,0.195841,0.518466,-0.053918,0.191876,0.463422,-0.067766,0.189179,0.413158,-0.076861,0.166533,0.624497,-0.038697,0.142931,0.561829,-0.058588,0.129114,0.520135,-0.068954,0.119178,0.478508,-0.074936
253,0,0.013974,0.016766,0.044798,0.023705,0.032545,0.197411,0.805082,0.000001,0.260663,0.795631,-0.033429,0.316053,0.754266,-0.049302,0.356446,0.706462,-0.062263,0.391279,0.671435,-0.074855,0.278991,0.624768,-0.034639,0.312896,0.553069,-0.055208,0.331160,0.506333,-0.070343,0.343816,0.462684,-0.081623,0.241149,0.600962,-0.032752,0.258699,0.512256,-0.051271,0.267737,0.455875,-0.065011,0.271087,0.405423,-0.074896,0.203188,0.602468,-0.034433,0.195737,0.518537,-0.054101,0.191660,0.463297,-0.067964,0.188834,0.412928,-0.077152,0.166359,0.624854,-0.039109,0.143109,0.562264,-0.058900,0.129402,0.520573,-0.069236,0.119618,0.478782,-0.075265
285,0,0.018382,0.015506,0.046962,0.036409,0.034369,0.197596,0.805483,0.000000,0.260848,0.796032,-0.033572,0.316164,0.755003,-0.049589,0.355979,0.707337,-0.062632,0.390812,0.672309,-0.075306,0.279376,0.624882,-0.034864,0.312829,0.553371,-0.055577,0.331327,0.506818,-0.070836,0.344020,0.463001,-0.082238,0.241245,0.601146,-0.032936,0.258847,0.512825,-0.051517,0.267848,0.456612,-0.065339,0.271053,0.406194,-0.075306,0.203158,0.602603,-0.034577,0.195922,0.518938,-0.054347,0.191645,0.463985,-0.068211,0.188719,0.413758,-0.077357,0.166329,0.624988,-0.039232,0.142990,0.562181,-0.059105,0.129221,0.520466,-0.069400,0.119336,0.478817,-0.075429
315,0,0.023733,0.021384,0.039809,0.058888,0.050783,0.197889,0.805540,0.000001,0.261398,0.796526,-0.033939,0.316405,0.755379,-0.050211,0.355955,0.707445,-0.063451,0.390748,0.672412,-0.076362,0.279202,0.625230,-0.035517,0.312835,0.553285,-0.056483,0.331317,0.506663,-0.071894,0.344250,0.462880,-0.083330,0.241338,0.601640,-0.033406,0.258922,0.513197,-0.052220,0.267927,0.456846,-0.066074,0.271232,0.406509,-0.076075,0.203439,0.603010,-0.034902,0.196257,0.519625,-0.054720,0.192176,0.464343,-0.068533,0.189453,0.414059,-0.077633,0.166684,0.625243,-0.039431,0.143782,0.562311,-0.059270,0.130128,0.520685,-0.069517,0.120330,0.478930,-0.075460
347,0,0.056132,0.065706,0.064656,0.060829,0.050976,0.197549,0.806010,0.000001,0.261300,0.796051,-0.033187,0.316914,0.754946,-0.048810,0.356369,0.706801,-0.061553,0.390981,0.672019,-0.073807,0.278881,0.624952,-0.033636,0.312979,0.553467,-0.053874,0.331402,0.506821,-0.068824,0.344189,0.463511,-0.079934,0.241083,0.601105,-0.031655,0.258785,0.512499,-0.049872,0.267779,0.456085,-0.063391,0.271110,0.406221,-0.073072,0.203319,0.602512,-0.033227,0.196167,0.518543,-0.052649,0.192136,0.463759,-0.066250,0.189362,0.414098,-0.075155,0.166706,0.624709,-0.037822,0.143646,0.562309,-0.057346,0.130050,0.520677,-0.067476,0.120349,0.479296,-0.073276
394,0,0.018040,0.023281,0.064496,0.051974,0.059499,0.196765,0.805854,0.000001,0.260663,0.796209,-0.033197,0.316166,0.754560,-0.048845,0.355837,0.706740,-0.061608,0.390523,0.671707,-0.073962,0.278729,0.624858,-0.033688,0.312557,0.553302,-0.054163,0.331147,0.507085,-0.069381,0.343988,0.463446,-0.080671,0.241039,0.601438,-0.031786,0.258690,0.512848,-0.050072,0.267741,0.456639,-0.063858,0.271001,0.406310,-0.073758,0.203128,0.602663,-0.033463,0.196066,0.519170,-0.052976,0.191858,0.464339,-0.066681,0.188842,0.414337,-0.075681,0.166505,0.624758,-0.038147,0.143579,0.561994,-0.057681,0.130067,0.520358,-0.067785,0.120243,0.478704,-0.073635
435,0,0.029947,0.042218,0.043455,0.039677,0.028346,0.197847,0.805704,0.000001,0.261350,0.796313,-0.033457,0.316275,0.754408,-0.049255,0.356230,0.706204,-0.062090,0.391009,0.671414,-0.074557,0.279208,0.625082,-0.034560,0.312794,0.553427,-0.055264,0.331334,0.507012,-0.070470,0.344066,0.463389,-0.081792,0.241416,0.601181,-0.032639,0.259036,0.513007,-0.051340,0.267917,0.456667,-0.065156,0.271109,0.406258,-0.075089,0.203583,0.602555,-0.034295,0.196116,0.519172,-0.054119,0.191776,0.464595,-0.067894,0.188818,0.414840,-0.076928,0.166676,0.624857,-0.038975,0.143724,0.562263,-0.058779,0.130106,0.520837,-0.068998,0.120396,0.479323,-0.074925
469,0,0.039774,0.047554,0.042579,0.055905,0.056254,0.197141,0.805837,0.000000,0.260711,0.796160,-0.032931,0.316237,0.754276,-0.048333,0.355955,0.706216,-0.060917,0.390613,0.671256,-0.073052,0.279249,0.625021,-0.033441,0.312980,0.553368,-0.053645,0.331641,0.506890,-0.068558,0.344199,0.463386,-0.079711,0.241403,0.601333,-0.031603,0.258645,0.512339,-0.049804,0.267497,0.455944,-0.063410,0.270704,0.406016,-0.073133,0.203539,0.602525,-0.033319,0.195972,0.518552,-0.052746,0.191456,0.463473,-0.066474,0.188216,0.413434,-0.075503,0.167042,0.624778,-0.037997,0.143949,0.562168,-0.057526,0.130124,0.520618,-0.067700,0.120143,0.478935,-0.073501
500,0,0.033226,0.029418,0.054331,0.062510,0.037391,0.197868,0.806496,0.000000,0.260843,0.796605,-0.033259,0.316185,0.754982,-0.048848,0.356332,0.706967,-0.061540,0.390847,0.671976,-0.073823,0.279310,0.625356,-0.034055,0.312889,0.553661,-0.054398,0.331424,0.507243,-0.069457,0.343892,0.463595,-0.080679,0.241384,0.601768,-0.032178,0.258974,0.513192,-0.050440,0.267725,0.456897,-0.064111,0.270738,0.406772,-0.073905,0.203574,0.603297,-0.033851,0.196457,0.519813,-0.053256,0.192189,0.465073,-0.066886,0.189118,0.415350,-0.075864,0.166887,0.625435,-0.038524,0.143894,0.562720,-0.058071,0.130341,0.521191,-0.068110,0.120529,0.479693,-0.073946
532,0,0.039444,0.044873,0.068810,0.099137,0.066782,0.197768,0.807594,0.000000,0.261780,0.797695,-0.032887,0.316713,0.755922,-0.048207,0.355947,0.707480,-0.060708,0.390555,0.672671,-0.072801,0.279081,0.625735,-0.032887,0.312823,0.553902,-0.052946,0.331217,0.507319,-0.067939,0.344048,0.463743,-0.079133,0.241320,0.602287,-0.031028,0.258836,0.513772,-0.048942,0.267525,0.457411,-0.062547,0.270600,0.407395,-0.072351,0.203710,0.603598,-0.032744,0.196583,0.519999,-0.051843,0.192389,0.465241,-0.065447,0.189348,0.415473,-0.074394,0.167259,0.625702,-0.037463,0.144185,0.562943,-0.056745,0.130699,0.521359,-0.066754,0.120957,0.479782,-0.072515
564,0,0.028437,0.027821,0.062630,0.103317,0.064036,0.197226,0.807713,0.000001,0.261013,0.797404,-0.032984,0.316209,0.756223,-0.048447,0.355995,0.708502,-0.061037,0.390532,0.673589,-0.073220,0.278829,0.626675,-0.033473,0.313022,0.554864,-0.053499,0.331633,0.508319,-0.068372,0.344177,0.464665,-0.079414,0.240942,0.603056,-0.031537,0.258568,0.514474,-0.049466,0.267425,0.457885,-0.062952,0.270495,0.407873,-0.072609,0.203270,0.604513,-0.033126,0.196159,0.520973,-0.052236,0.192060,0.465862,-0.065764,0.189032,0.415786,-0.074687,0.167014,0.626805,-0.037710,0.144107,0.563921,-0.057044,0.130548,0.522242,-0.067027,0.120786,0.480592,-0.072731
595,0,0.016329,0.012278,0.032958,0.116025,0.072145,0.197032,0.808079,0.000000,0.260896,0.797938,-0.032954,0.316284,0.756540,-0.048249,0.355932,0.708786,-0.060688,0.390196,0.674339,-0.072760,0.278821,0.626664,-0.033056,0.312800,0.555283,-0.053143,0.331465,0.508913,-0.068111,0.344053,0.465419,-0.079286,0.240987,0.603299,-0.031180,0.258608,0.514800,-0.049146,0.267345,0.458550,-0.062809,0.270479,0.408582,-0.072638,0.203277,0.604652,-0.032852,0.196416,0.521062,-0.052042,0.192271,0.466470,-0.065705,0.189209,0.416839,-0.074677,0.166701,0.626765,-0.037502,0.143860,0.564115,-0.056895,0.130343,0.522717,-0.066928,0.120600,0.481167,-0.072679
632,0,0.012102,0.013175,0.055922,0.120970,0.076583,0.196994,0.808264,0.000000,0.261109,0.798635,-0.032703,0.316159,0.756740,-0.047890,0.355710,0.708560,-0.060220,0.390074,0.673958,-0.072182,0.278974,0.626943,-0.032825,0.313081,0.555368,-0.052789,0.331533,0.508961,-0.067651,0.344113,0.465691,-0.078674,0.241156,0.603334,-0.031008,0.258651,0.514502,-0.048993,0.267530,0.458423,-0.062547,0.270489,0.408776,-0.072264,0.203406,0.604635,-0.032723,0.196029,0.521086,-0.051973,0.191960,0.466265,-0.065609,0.188915,0.416661,-0.074550,0.166738,0.626887,-0.037418,0.143735,0.564066,-0.056872,0.130210,0.522415,-0.066916,0.120516,0.480999,-0.072672
664,0,0.034081,0.048202,0.064433,0.089031,0.054866,0.197431,0.807172,0.000000,0.261029,0.797439,-0.032834,0.316018,0.755969,-0.048363,0.356019,0.708394,-0.061055,0.390184,0.673586,-0.073299,0.279288,0.626483,-0.033793,0.313026,0.555000,-0.053995,0.331489,0.508719,-0.068891,0.344099,0.465483,-0.079992,0.241214,0.602897,-0.032099,0.258523,0.514023,-0.050240,0.267443,0.457977,-0.063749,0.270411,0.408477,-0.073462,0.203152,0.604380,-0.033915,0.195843,0.520850,-0.053219,0.191694,0.465994,-0.066851,0.188726,0.416237,-0.075829,0.166442,0.626739,-0.038690,0.143585,0.564126,-0.058117,0.129936,0.522588,-0.068157,0.120153,0.481124,-0.073952
698,0,0.023946,0.030156,0.053600,0.090559,0.062593,0.196672,0.807462,0.000000,0.260725,0.797738,-0.032920,0.316070,0.755867,-0.048349,0.355609,0.707781,-0.060896,0.389784,0.672858,-0.072993,0.278606,0.626242,-0.033431,0.312525,0.554859,-0.053662,0.330731,0.508294,-0.068661,0.343115,0.464623,-0.079859,0.240741,0.602630,-0.031633,0.258403,0.514129,-0.049779,0.267254,0.458070,-0.063348,0.270293,0.407952,-0.073156,0.202827,0.603904,-0.033370,0.195842,0.520804,-0.052722,0.191910,0.466445,-0.066209,0.189035,0.416866,-0.075077,0.166252,0.626249,-0.038090,0.143294,0.563593,-0.057544,0.129768,0.522098,-0.067476,0.120050,0.480645,-0.073197
731,0,0.030265,0.026849,0.030689,0.076274,0.054366,0.197626,0.806637,0.000000,0.261408,0.796890,-0.032621,0.316507,0.754998,-0.047880,0.355810,0.706878,-0.060299,0.389955,0.672174,-0.072351,0.278726,0.625402,-0.033357,0.312589,0.553869,-0.053436,0.330798,0.507428,-0.068306,0.343418,0.464054,-0.079337,0.240891,0.601757,-0.031600,0.258101,0.513114,-0.049677,0.266859,0.457038,-0.063159,0.269825,0.407403,-0.072841,0.202955,0.603156,-0.033357,0.195561,0.519716,-0.052578,0.191326,0.465060,-0.066100,0.188251,0.415314,-0.075047,0.166344,0.625618,-0.038075,0.143434,0.562961,-0.057399,0.130077,0.521158,-0.067448,0.120426,0.479544,-0.073209
763,0,0.024161,0.023516,0.046361,0.056626,0.054813,0.197351,0.805681,0.000001,0.260837,0.795800,-0.032998,0.316152,0.754106,-0.048528,0.355952,0.706226,-0.061181,0.390686,0.671616,-0.073384,0.279066,0.624608,-0.033692,0.312625,0.552916,-0.053834,0.331106,0.506758,-0.068731,0.343783,0.463521,-0.079792,0.240927,0.601144,-0.031794,0.258160,0.512615,-0.049875,0.266841,0.456499,-0.063466,0.269895,0.406863,-0.073221,0.203069,0.602629,-0.033427,0.195492,0.519368,-0.052732,0.191090,0.464625,-0.066446,0.187865,0.414781,-0.075466,0.166453,0.625268,-0.038059,0.143777,0.562637,-0.057548,0.130138,0.521274,-0.067629,0.120276,0.479740,-0.073507
795,0,0.025511,0.029357,0.043093,0.069179,0.074531,0.197098,0.805556,0.000000,0.260894,0.795694,-0.032776,0.316669,0.753671,-0.048052,0.356625,0.705640,-0.060494,0.390951,0.670824,-0.072527,0.278954,0.624642,-0.033163,0.312940,0.553053,-0.053192,0.331299,0.506729,-0.068081,0.343869,0.463218,-0.079176,0.241265,0.601188,-0.031348,0.258559,0.512728,-0.049358,0.267270,0.456462,-0.062900,0.270139,0.406344,-0.072650,0.203586,0.602406,-0.033061,0.196072,0.519113,-0.052213,0.191595,0.464669,-0.065715,0.188302,0.415042,-0.074648,0.167015,0.624554,-0.037773,0.144103,0.562080,-0.057026,0.130501,0.520662,-0.066939,0.120638,0.479256,-0.072650
827,0,0.018469,0.019608,0.044045,0.068546,0.059955,0.197921,0.805511,0.000001,0.261745,0.795866,-0.032903,0.316911,0.754046,-0.048272,0.356604,0.705732,-0.060738,0.390800,0.671068,-0.072796,0.279159,0.624655,-0.033394,0.313144,0.552976,-0.053463,0.331731,0.506307,-0.068300,0.344399,0.462932,-0.079377,0.241328,0.600935,-0.031534,0.258992,0.511874,-0.049539,0.267970,0.455667,-0.062986,0.270985,0.406012,-0.072673,0.203621,0.602370,-0.033210,0.196340,0.518709,-0.052359,0.192280,0.464067,-0.065970,0.189275,0.414484,-0.074921,0.167008,0.624615,-0.037890,0.144260,0.562297,-0.057182,0.130798,0.520759,-0.067196,0.121107,0.479442,-0.073000
859,0,0.016557,0.033025,0.061458,0.070094,0.087345,0.196775,0.805054,0.000000,0.261010,0.795610,-0.032827,0.316689,0.753813,-0.048108,0.356648,0.705532,-0.060472,0.390989,0.670479,-0.072469,0.279774,0.624264,-0.033154,0.313739,0.552427,-0.053168,0.331845,0.505792,-0.067980,0.344377,0.462246,-0.079120,0.241799,0.600769,-0.031297,0.258925,0.512036,-0.049333,0.267693,0.455869,-0.062921,0.270836,0.406127,-0.072754,0.203823,0.602121,-0.032970,0.196388,0.518696,-0.052271,0.192182,0.464006,-0.065940,0.189227,0.414156,-0.074917,0.167261,0.624338,-0.037642,0.144381,0.561741,-0.057167,0.130834,0.520191,-0.067287,0.121226,0.478360,-0.073081
892,0,0.032166,0.033189,0.039448,0.062084,0.066967,0.197261,0.805375,0.000000,0.260708,0.795656,-0.033113,0.315977,0.754565,-0.048688,0.356124,0.706635,-0.061361,0.390830,0.671815,-0.073584,0.279413,0.624969,-0.033849,0.313472,0.552707,-0.054043,0.331771,0.505881,-0.068964,0.344481,0.461991,-0.080125,0.241636,0.601137,-0.031948,0.259427,0.512642,-0.050160,0.268511,0.456442,-0.063895,0.271844,0.406302,-0.073829,0.203956,0.602131,-0.033562,0.196576,0.519139,-0.052939,0.192538,0.464744,-0.066675,0.189861,0.415182,-0.075791,0.167247,0.624113,-0.038161,0.144337,0.561636,-0.057681,0.130904,0.520304,-0.067861,0.121344,0.479078,-0.073788
927,0,0.026498,0.036604,0.042680,0.071060,0.061288,0.197881,0.805608,0.000001,0.261378,0.796017,-0.033164,0.316519,0.754377,-0.048613,0.356543,0.705984,-0.061062,0.391171,0.670708,-0.073063,0.279130,0.624415,-0.033633,0.313406,0.553010,-0.053634,0.331757,0.506430,-0.068409,0.344498,0.462976,-0.079471,0.241380,0.600644,-0.031592,0.259218,0.511962,-0.049470,0.268253,0.455853,-0.062899,0.271354,0.406148,-0.072614,0.203761,0.601827,-0.033103,0.196644,0.518649,-0.052205,0.192639,0.464158,-0.065797,0.189600,0.414778,-0.074818,0.167172,0.623960,-0.037633,0.144344,0.561604,-0.056981,0.130890,0.520069,-0.067063,0.121239,0.478597,-0.072940
972,0,0.024403,0.029946,0.051597,0.056824,0.058158,0.197274,0.805704,0.000001,0.261149,0.796109,-0.033182,0.317018,0.754733,-0.048773,0.356412,0.706578,-0.061467,0.390834,0.671182,-0.073711,0.279665,0.624624,-0.033794,0.313852,0.553033,-0.054202,0.332249,0.506317,-0.069303,0.344820,0.462592,-0.080568,0.241717,0.600956,-0.031897,0.259134,0.512131,-0.050243,0.267940,0.455783,-0.063997,0.270850,0.405848,-0.073834,0.203768,0.602142,-0.033509,0.196404,0.518362,-0.053018,0.192214,0.463575,-0.066609,0.189096,0.413831,-0.075548,0.167071,0.624316,-0.038121,0.144348,0.561586,-0.057671,0.130860,0.520050,-0.067671,0.121113,0.478519,-0.073385
1018,0,0.021945,0.023043,0.041509,0.067916,0.062240,0.197655,0.805610,0.000000,0.261416,0.795689,-0.033178,0.317028,0.754507,-0.048787,0.356966,0.706541,-0.061494,0.391545,0.671544,-0.073793,0.279697,0.625031,-0.033975,0.313485,0.553332,-0.054344,0.332072,0.506875,-0.069421,0.344832,0.463285,-0.080658,0.241737,0.601373,-0.032075,0.259165,0.513157,-0.050299,0.268029,0.457100,-0.064068,0.271202,0.406966,-0.074038,0.203954,0.602529,-0.033709,0.196854,0.519652,-0.053036,0.192952,0.465156,-0.066724,0.190094,0.415442,-0.075795,0.167245,0.624490,-0.038368,0.144474,0.561938,-0.057858,0.131092,0.520226,-0.067991,0.121418,0.478715,-0.073875
1065,0,0.024518,0.021234,0.037956,0.068331,0.076201,0.197749,0.804553,0.000000,0.261300,0.795132,-0.032971,0.316938,0.753808,-0.048393,0.356802,0.706054,-0.060952,0.391062,0.671193,-0.073102,0.279653,0.624512,-0.033728,0.313627,0.552939,-0.054039,0.332209,0.506314,-0.069011,0.344924,0.462736,-0.080138,0.241753,0.600941,-0.031867,0.259517,0.512023,-0.049989,0.268464,0.455936,-0.063570,0.271624,0.406206,-0.073388,0.203801,0.602112,-0.033524,0.196977,0.518748,-0.052771,0.192911,0.464062,-0.066352,0.189878,0.414246,-0.075351,0.167033,0.624327,-0.038167,0.144464,0.561674,-0.057516,0.131153,0.519986,-0.067497,0.121490,0.478468,-0.073306
1103,0,0.020075,0.019270,0.056099,0.064712,0.075777,0.197534,0.804199,0.000000,0.261407,0.794935,-0.033169,0.317073,0.753312,-0.048639,0.356978,0.705263,-0.061269,0.391711,0.670630,-0.073490,0.279694,0.624074,-0.033966,0.313551,0.552344,-0.054361,0.331849,0.505742,-0.069484,0.344878,0.461965,-0.080765,0.241825,0.600523,-0.032045,0.259389,0.512515,-0.050397,0.268165,0.456592,-0.064130,0.271388,0.406612,-0.074103,0.203906,0.601693,-0.033659,0.197175,0.518616,-0.053094,0.192932,0.464176,-0.066664,0.189982,0.414343,-0.075615,0.167206,0.623722,-0.038298,0.144693,0.560954,-0.057836,0.131255,0.519610,-0.067890,0.121601,0.478127,-0.073694
1135,0,0.020793,0.024248,0.037025,0.075366,0.066563,0.198045,0.804632,0.000000,0.261757,0.795078,-0.032986,0.317226,0.753479,-0.048314,0.357194,0.705519,-0.060739,0.391471,0.670763,-0.072797,0.279936,0.624487,-0.033742,0.313922,0.552664,-0.053954,0.332317,0.505935,-0.068833,0.345076,0.462421,-0.079869,0.242008,0.600632,-0.031841,0.259657,0.511559,-0.050030,0.268599,0.455237,-0.063601,0.271848,0.405429,-0.073329,0.204211,0.601767,-0.033476,0.197121,0.518305,-0.052851,0.192985,0.463688,-0.066503,0.190104,0.414121,-0.075495,0.167607,0.623764,-0.038075,0.144948,0.561036,-0.057592,0.131474,0.519443,-0.067729,0.121785,0.477720,-0.073615
1167,0,0.018241,0.032483,0.034697,0.086607,0.098089,0.197382,0.804107,0.000000,0.261480,0.794910,-0.033034,0.317363,0.753369,-0.048336,0.357202,0.705482,-0.060797,0.391735,0.670408,-0.072851,0.280245,0.624130,-0.033279,0.314030,0.552575,-0.053402,0.332538,0.506162,-0.068275,0.345205,0.462712,-0.079429,0.242420,0.600442,-0.031400,0.259935,0.511904,-0.049439,0.268872,0.455796,-0.063045,0.272031,0.406040,-0.072892,0.204551,0.601466,-0.033075,0.197657,0.517822,-0.052422,0.193399,0.463404,-0.066150,0.190316,0.413816,-0.075180,0.167746,0.623459,-0.037753,0.145033,0.560651,-0.057325,0.131499,0.519113,-0.067498,0.121710,0.477601,-0.073382
1199,0,0.029881,0.034036,0.066994,0.083038,0.068398,0.198413,0.804816,0.000000,0.261786,0.795111,-0.033136,0.317197,0.753719,-0.048641,0.357365,0.705967,-0.061241,0.392042,0.671495,-0.073473,0.280036,0.624453,-0.034016,0.314301,0.552781,-0.054287,0.332586,0.506192,-0.069300,0.345295,0.462452,-0.080468,0.242334,0.600779,-0.032093,0.260156,0.512409,-0.050277,0.268956,0.456411,-0.063900,0.272150,0.406396,-0.073759,0.204588,0.601899,-0.033709,0.198084,0.518809,-0.052896,0.194327,0.464472,-0.066437,0.191536,0.414905,-0.075437,0.167964,0.623906,-0.038332,0.145442,0.560959,-0.057723,0.132190,0.519465,-0.067705,0.122624,0.478006,-0.073514
1231,0,0.034628,0.041787,0.055700,0.098145,0.086808,0.198007,0.805303,0.000000,0.262164,0.796108,-0.032737,0.317547,0.754028,-0.047881,0.357361,0.705986,-0.060127,0.391770,0.671250,-0.071964,0.280476,0.624612,-0.033125,0.314481,0.553028,-0.053065,0.332986,0.506477,-0.067760,0.345332,0.463127,-0.078740,0.242587,0.600762,-0.031308,0.260279,0.511844,-0.049187,0.269236,0.455532,-0.062576,0.272438,0.406121,-0.072168,0.204719,0.601985,-0.033023,0.197940,0.517760,-0.052208,0.194002,0.463080,-0.065760,0.191211,0.413666,-0.074617,0.167923,0.624155,-0.037696,0.145113,0.561212,-0.057188,0.131547,0.519533,-0.067270,0.121946,0.477785,-0.073066
1263,0,0.028004,0.029798,0.037969,0.078463,0.070517,0.198034,0.805190,0.000000,0.261779,0.795701,-0.032918,0.317623,0.753910,-0.048252,0.357348,0.706041,-0.060683,0.391586,0.671641,-0.072746,0.280270,0.624773,-0.033695,0.314152,0.553074,-0.053895,0.332565,0.506429,-0.068821,0.345356,0.462910,-0.079902,0.242266,0.601202,-0.031916,0.259940,0.512277,-0.050011,0.268901,0.456024,-0.063546,0.272144,0.406366,-0.073278,0.204452,0.602296,-0.033654,0.197486,0.518457,-0.052955,0.193488,0.463945,-0.066531,0.190699,0.414380,-0.075445,0.167782,0.624430,-0.038377,0.144963,0.561575,-0.057862,0.131410,0.520092,-0.067880,0.121691,0.478867,-0.073687
1293,0,0.020433,0.022754,0.035898,0.080000,0.076287,0.197533,0.805651,0.000000,0.261848,0.795919,-0.033001,0.317329,0.754267,-0.048377,0.356760,0.706228,-0.060850,0.391255,0.671702,-0.072873,0.279588,0.624536,-0.033492,0.313817,0.552759,-0.053612,0.332186,0.506080,-0.068538,0.344918,0.462621,-0.079620,0.241848,0.600960,-0.031570,0.259777,0.512318,-0.049604,0.268666,0.456131,-0.063140,0.271928,0.406173,-0.072873,0.204034,0.602118,-0.033185,0.197163,0.518721,-0.052426,0.193489,0.464363,-0.065921,0.190841,0.414875,-0.074835,0.167295,0.624098,-0.037786,0.144441,0.561471,-0.057169,0.131135,0.519941,-0.067147,0.121640,0.478471,-0.072873
1325,0,0.019436,0.035612,0.040192,0.065511,0.073996,0.197760,0.804580,0.000000,0.261533,0.795297,-0.033119,0.316905,0.753924,-0.048533,0.356838,0.705880,-0.061086,0.391343,0.671153,-0.073229,0.279463,0.624404,-0.033814,0.313442,0.552885,-0.054094,0.332048,0.506209,-0.069059,0.344732,0.462826,-0.080180,0.241714,0.600875,-0.031851,0.259296,0.512294,-0.050005,0.268167,0.456023,-0.063621,0.271360,0.406235,-0.073434,0.203869,0.602242,-0.033425,0.197022,0.518531,-0.052704,0.193282,0.463719,-0.066360,0.190553,0.413857,-0.075396,0.167238,0.624477,-0.038005,0.144448,0.561743,-0.057528,0.130993,0.520185,-0.067668,0.121385,0.478515,-0.073597
1358,0,0.015011,0.021233,0.031569,0.056812,0.064283,0.197401,0.805081,0.000000,0.261340,0.795445,-0.032736,0.316736,0.753693,-0.048185,0.356585,0.705792,-0.060814,0.391052,0.671042,-0.073075,0.279605,0.624421,-0.033615,0.313185,0.552578,-0.053989,0.331465,0.505970,-0.069029,0.344441,0.462356,-0.080268,0.241732,0.600894,-0.031960,0.259251,0.512333,-0.050229,0.268045,0.456243,-0.063920,0.271367,0.406356,-0.073851,0.203905,0.602304,-0.033840,0.196970,0.518805,-0.053212,0.193071,0.463971,-0.066863,0.190312,0.414134,-0.075936,0.167178,0.624521,-0.038683,0.144358,0.561840,-0.058239,0.130820,0.520291,-0.068334,0.121090,0.478792,-0.074178
1390,0,0.023813,0.021013,0.044312,0.070373,0.076572,0.197484,0.804589,0.000000,0.261355,0.794736,-0.032782,0.316708,0.753479,-0.048039,0.356354,0.705603,-0.060457,0.390817,0.671123,-0.072508,0.279190,0.623760,-0.033313,0.313231,0.552187,-0.053431,0.331800,0.505831,-0.068382,0.344563,0.462255,-0.079534,0.241457,0.600366,-0.031515,0.259018,0.512226,-0.049510,0.267906,0.456103,-0.063153,0.271173,0.406199,-0.072998,0.203646,0.601679,-0.033252,0.197047,0.518470,-0.052451,0.193335,0.463786,-0.066095,0.190603,0.413859,-0.075122,0.167156,0.623892,-0.037990,0.144437,0.561184,-0.057434,0.130902,0.519596,-0.067565,0.121148,0.477876,-0.073407
1422,0,0.022414,0.013247,0.061274,0.085767,0.080115,0.197902,0.804281,0.000000,0.261397,0.794844,-0.032943,0.316998,0.752885,-0.048221,0.357040,0.704968,-0.060582,0.391466,0.670084,-0.072536,0.279947,0.623542,-0.033473,0.313932,0.551998,-0.053443,0.332139,0.505541,-0.068130,0.344728,0.462313,-0.079104,0.242130,0.600090,-0.031576,0.259649,0.511339,-0.049404,0.268420,0.455259,-0.062704,0.271485,0.405868,-0.072332,0.204283,0.601313,-0.033208,0.197572,0.518068,-0.052219,0.193673,0.463252,-0.065723,0.190957,0.413532,-0.074739,0.167721,0.623737,-0.037859,0.144876,0.561354,-0.057196,0.131316,0.519699,-0.067314,0.121658,0.477950,-0.073148
1454,0,0.015704,0.020961,0.034889,0.083180,0.084490,0.197520,0.804101,0.000000,0.261264,0.794516,-0.033064,0.316876,0.752992,-0.048494,0.357039,0.704970,-0.061026,0.391530,0.670143,-0.073150,0.280004,0.623323,-0.033493,0.314025,0.552147,-0.053556,0.332302,0.505704,-0.068496,0.344972,0.462396,-0.079640,0.242320,0.599822,-0.031636,0.259887,0.511392,-0.049637,0.268840,0.455432,-0.063149,0.272044,0.405685,-0.072986,0.204537,0.601177,-0.033350,0.197928,0.517868,-0.052576,0.193952,0.463045,-0.066251,0.191216,0.413348,-0.075313,0.167838,0.623315,-0.038044,0.144932,0.560795,-0.057597,0.131255,0.519203,-0.067721,0.121382,0.477666,-0.073599
1491,0,0.013674,0.012512,0.019789,0.090667,0.090617,0.197451,0.803852,0.000000,0.261477,0.794262,-0.032910,0.316993,0.752850,-0.048252,0.357025,0.705033,-0.060713,0.391597,0.670497,-0.072725,0.279639,0.623317,-0.033380,0.314109,0.551780,-0.053440,0.332538,0.505294,-0.068312,0.345385,0.461754,-0.079384,0.241819,0.599742,-0.031521,0.259837,0.511579,-0.049559,0.268871,0.455310,-0.063123,0.272107,0.405358,-0.072888,0.204162,0.600812,-0.033196,0.197719,0.517566,-0.052501,0.194072,0.463027,-0.066106,0.191378,0.413332,-0.075054,0.167624,0.622905,-0.037854,0.144856,0.560227,-0.057444,0.131310,0.518369,-0.067577,0.121595,0.476776,-0.073419
1523,0,0.021132,0.016808,0.049674,0.106370,0.099151,0.197632,0.803312,0.000000,0.261796,0.793588,-0.032782,0.317447,0.752435,-0.047946,0.357208,0.704217,-0.060291,0.391666,0.669902,-0.072267,0.280197,0.622715,-0.032945,0.314244,0.551283,-0.052933,0.332300,0.504875,-0.067771,0.345009,0.461613,-0.078889,0.242159,0.599352,-0.031147,0.259834,0.510833,-0.049091,0.268707,0.454847,-0.062702,0.271925,0.405206,-0.072512,0.204325,0.600646,-0.032884,0.197910,0.517264,-0.052075,0.194231,0.462460,-0.065809,0.191664,0.412742,-0.074883,0.167392,0.622869,-0.037625,0.144953,0.560402,-0.057102,0.131585,0.518663,-0.067321,0.121989,0.477154,-0.073207
1556,0,0.022076,0.021502,0.050079,0.093834,0.093716,0.197160,0.803101,0.000000,0.261112,0.793772,-0.032975,0.316859,0.752392,-0.048421,0.356866,0.704524,-0.060965,0.391382,0.670112,-0.073142,0.279669,0.622986,-0.033568,0.313597,0.551201,-0.053774,0.331999,0.504689,-0.068770,0.344783,0.461296,-0.079925,0.241829,0.599450,-0.031709,0.259782,0.510706,-0.049769,0.268619,0.454536,-0.063417,0.271632,0.404817,-0.073265,0.204043,0.600513,-0.033363,0.197910,0.516863,-0.052548,0.194247,0.462239,-0.066237,0.191546,0.412733,-0.075267,0.167302,0.622382,-0.038001,0.144968,0.559731,-0.057410,0.131606,0.518150,-0.067503,0.122015,0.476806,-0.073306
1588,0,0.021748,0.039433,0.046512,0.101563,0.084452,0.197516,0.804196,0.000000,0.261478,0.794243,-0.032943,0.316813,0.752423,-0.048199,0.356630,0.704361,-0.060616,0.391198,0.669843,-0.072585,0.279614,0.622961,-0.032841,0.313711,0.551300,-0.052856,0.331893,0.504730,-0.067765,0.344725,0.461288,-0.078957,0.241969,0.599264,-0.030982,0.259747,0.511028,-0.048893,0.268750,0.454941,-0.062577,0.271974,0.405086,-0.072462,0.204158,0.600439,-0.032698,0.197605,0.517162,-0.051916,0.193986,0.462552,-0.065641,0.191345,0.412977,-0.074749,0.167500,0.622467,-0.037436,0.144773,0.559989,-0.056940,0.131286,0.518522,-0.067070,0.121668,0.477154,-0.072952
1620,0,0.014930,0.033727,0.064989,0.102577,0.077230,0.198393,0.803439,0.000000,0.261656,0.794064,-0.032843,0.317070,0.752144,-0.048102,0.356858,0.704560,-0.060464,0.391299,0.669928,-0.072418,0.280201,0.622699,-0.033190,0.313716,0.551372,-0.053161,0.331953,0.505125,-0.067971,0.344567,0.462093,-0.078946,0.242166,0.599050,-0.031395,0.259738,0.510671,-0.049244,0.268483,0.454477,-0.062667,0.271647,0.404966,-0.072377,0.204240,0.600510,-0.033149,0.197898,0.517343,-0.052182,0.194345,0.462530,-0.065768,0.191819,0.412574,-0.074825,0.167431,0.622577,-0.037902,0.144923,0.560232,-0.057159,0.131485,0.518565,-0.067195,0.122011,0.476838,-0.073030
1652,0,0.028159,0.037525,0.060700,0.094816,0.104915,0.196853,0.803572,0.000000,0.260828,0.794245,-0.033038,0.316090,0.753553,-0.048497,0.355548,0.705561,-0.061100,0.389689,0.670538,-0.073214,0.279402,0.622836,-0.033038,0.313163,0.551377,-0.053106,0.331561,0.505086,-0.068156,0.344132,0.461766,-0.079373,0.241612,0.599274,-0.031080,0.259411,0.511381,-0.048986,0.268029,0.455168,-0.062650,0.271013,0.405359,-0.072521,0.203774,0.600549,-0.032732,0.197986,0.517175,-0.051760,0.194490,0.462823,-0.065342,0.192156,0.413372,-0.074315,0.167098,0.622420,-0.037382,0.144819,0.559779,-0.056695,0.131643,0.518132,-0.066729,0.122267,0.476528,-0.072480
1685,0,0.016067,0.031116,0.049124,0.098581,0.087541,0.197568,0.804193,0.000000,0.261200,0.794576,-0.032813,0.315978,0.753121,-0.048090,0.355873,0.705327,-0.060499,0.390157,0.670327,-0.072461,0.279597,0.622845,-0.032772,0.313413,0.551398,-0.052688,0.331757,0.505102,-0.067579,0.344257,0.461806,-0.078727,0.241644,0.599445,-0.030962,0.259350,0.510832,-0.048701,0.268069,0.454778,-0.062249,0.271084,0.405317,-0.072013,0.203821,0.600753,-0.032732,0.198041,0.517393,-0.051630,0.194675,0.462469,-0.065219,0.192458,0.412992,-0.074210,0.167115,0.622997,-0.037512,0.144695,0.560330,-0.056838,0.131336,0.518344,-0.066846,0.121918,0.476671,-0.072542
1716,0,0.034474,0.029488,0.047269,0.124906,0.110628,0.197304,0.802855,0.000000,0.260844,0.793177,-0.032638,0.315918,0.751906,-0.047736,0.355582,0.704187,-0.060026,0.390069,0.669998,-0.071828,0.279239,0.621705,-0.032496,0.313191,0.550180,-0.052131,0.331555,0.504192,-0.066822,0.343815,0.461225,-0.077770,0.241483,0.598465,-0.030603,0.259136,0.509820,-0.048062,0.267714,0.454081,-0.061410,0.270582,0.405097,-0.071055,0.203817,0.599889,-0.032272,0.197872,0.516593,-0.050870,0.194473,0.462192,-0.064340,0.191967,0.412941,-0.073252,0.167128,0.621981,-0.036891,0.144698,0.559702,-0.055835,0.131367,0.518219,-0.065724,0.121953,0.476834,-0.071421
1749,0,0.041080,0.039349,0.072001,0.125687,0.126968,0.196776,0.803126,0.000000,0.259804,0.793021,-0.032509,0.313933,0.752257,-0.047950,0.353355,0.705661,-0.060710,0.387669,0.672235,-0.072900,0.279304,0.622223,-0.032448,0.313050,0.550587,-0.052379,0.330962,0.504328,-0.067415,0.343386,0.460778,-0.078630,0.241498,0.598916,-0.030782,0.259083,0.510925,-0.048478,0.267194,0.455083,-0.062010,0.269870,0.405362,-0.071803,0.203886,0.600285,-0.032671,0.197931,0.518699,-0.051404,0.194339,0.465453,-0.064489,0.191609,0.417161,-0.073104,0.167221,0.621745,-0.037588,0.145010,0.559219,-0.056443,0.131756,0.517970,-0.065911,0.122201,0.476559,-0.071275
1781,0,0.070898,0.093144,0.109169,0.162820,0.169734,0.198114,0.802312,0.000000,0.259535,0.792863,-0.033481,0.311793,0.752425,-0.049425,0.349760,0.706063,-0.062406,0.383785,0.673567,-0.074621,0.279930,0.621588,-0.033501,0.313029,0.550275,-0.053336,0.330244,0.503927,-0.068252,0.341834,0.459810,-0.079338,0.241969,0.598786,-0.031425,0.258984,0.510410,-0.048982,0.266488,0.455758,-0.062285,0.268591,0.406525,-0.072001,0.204663,0.600501,-0.032937,0.197869,0.522676,-0.051441,0.193983,0.472519,-0.063817,0.190920,0.426465,-0.071920,0.167955,0.622217,-0.037633,0.146208,0.559582,-0.055754,0.133014,0.518708,-0.064462,0.123503,0.477339,-0.069421
1813,0,0.118679,0.134510,0.227865,0.225808,0.289528,0.197414,0.801470,0.000000,0.258118,0.793791,-0.033558,0.308904,0.754668,-0.049485,0.342469,0.708542,-0.062520,0.374296,0.674954,-0.074604,0.280732,0.623576,-0.033657,0.313316,0.552195,-0.053605,0.329926,0.504991,-0.068383,0.341538,0.460038,-0.079200,0.242583,0.600693,-0.031478,0.258439,0.512980,-0.049604,0.265813,0.457970,-0.063154,0.268756,0.409183,-0.072861,0.205403,0.602531,-0.032825,0.196855,0.530539,-0.051862,0.192487,0.486658,-0.063471,0.189081,0.446773,-0.070642,0.169290,0.623309,-0.037441,0.148277,0.561543,-0.055428,0.135013,0.520484,-0.063510,0.124760,0.478679,-0.067908
1844,0,0.242328,0.252767,0.576796,0.446494,0.476078,0.196392,0.803287,0.000000,0.253316,0.795733,-0.034075,0.302418,0.758665,-0.049496,0.330376,0.710900,-0.062311,0.357237,0.674587,-0.073715,0.283188,0.624955,-0.031018,0.316202,0.552144,-0.050515,0.332174,0.503959,-0.064663,0.343123,0.459294,-0.074342,0.245506,0.601266,-0.028275,0.262395,0.516513,-0.047811,0.268689,0.459147,-0.062821,0.270496,0.412572,-0.072618,0.208624,0.601726,-0.029039,0.201247,0.535974,-0.051299,0.196362,0.511883,-0.062821,0.192262,0.495122,-0.067484,0.172493,0.620358,-0.032958,0.151631,0.558644,-0.052631,0.137341,0.517167,-0.060665,0.125769,0.478394,-0.063683
1897,0,0.480477,0.468712,2.941139,0.729484,0.765236,0.197951,0.802714,0.000000,0.249160,0.794909,-0.035592,0.289611,0.761464,-0.055144,0.313572,0.714641,-0.073107,0.330380,0.674150,-0.088873,0.288097,0.629643,-0.035220,0.320515,0.553420,-0.059066,0.336381,0.505094,-0.072871,0.345752,0.461541,-0.081029,0.249122,0.603559,-0.033220,0.265716,0.519198,-0.060242,0.272681,0.464685,-0.074283,0.276011,0.413046,-0.081500,0.211220,0.603196,-0.034945,0.205057,0.529307,-0.065890,0.201363,0.558720,-0.071420,0.200051,0.587609,-0.068047,0.173091,0.622676,-0.040005,0.154981,0.562859,-0.064400,0.140796,0.519800,-0.071930,0.131134,0.477706,-0.073263
1930,0,0.293445,0.363037,0.889357,0.974528,1.087381,0.194298,0.800416,0.000000,0.243894,0.795765,-0.036232,0.283722,0.765340,-0.055272,0.301250,0.720459,-0.072581,0.299681,0.675851,-0.087362,0.287018,0.633203,-0.034812,0.322687,0.555004,-0.057878,0.340575,0.509764,-0.069819,0.351202,0.466981,-0.075848,0.249746,0.606533,-0.032051,0.268471,0.521527,-0.059629,0.276550,0.471458,-0.072853,0.280950,0.417352,-0.078727,0.213263,0.603138,-0.033120,0.210156,0.532611,-0.066474,0.205304,0.587912,-0.070286,0.203307,0.631531,-0.063752,0.175926,0.619772,-0.037516,0.159265,0.560429,-0.061690,0.148246,0.519793,-0.068186,0.143135,0.476324,-0.068419
1964,0,0.268422,0.294287,0.633238,1.149291,1.278134,0.192776,0.799048,0.000000,0.241788,0.795735,-0.033147,0.279241,0.767183,-0.049469,0.290136,0.728563,-0.064669,0.285674,0.688784,-0.077510,0.288592,0.630357,-0.028003,0.325154,0.558050,-0.050204,0.344531,0.513247,-0.063393,0.357664,0.470660,-0.070123,0.252788,0.605669,-0.027674,0.270762,0.521988,-0.055541,0.279699,0.469299,-0.072559,0.284313,0.419082,-0.080449,0.216375,0.603723,-0.031019,0.210074,0.544527,-0.066758,0.209252,0.597670,-0.075112,0.209843,0.641090,-0.070123,0.180277,0.619151,-0.037111,0.163987,0.555942,-0.060569,0.154638,0.515367,-0.065868,0.150360,0.472491,-0.064824
1997,0,0.236140,0.230853,0.753584,1.256267,1.326443,0.194021,0.802049,0.000000,0.241943,0.797666,-0.033681,0.279757,0.761734,-0.048336,0.279104,0.714033,-0.061406,0.266982,0.667718,-0.072079,0.291665,0.630796,-0.026797,0.329032,0.560009,-0.047640,0.348340,0.512958,-0.059550,0.361812,0.471562,-0.064964,0.255415,0.607016,-0.026121,0.273352,0.522524,-0.052899,0.283076,0.468425,-0.070068,0.289069,0.419696,-0.077531,0.219180,0.606372,-0.029156,0.213776,0.555439,-0.066046,0.214685,0.608664,-0.076294,0.215570,0.650580,-0.071731,0.183727,0.621411,-0.034647,0.168804,0.556475,-0.058622,0.160869,0.515582,-0.064113,0.156989,0.471250,-0.062875
2029,0,0.138418,0.127558,0.371315,1.351123,1.413088,0.194725,0.802237,0.000000,0.242286,0.796632,-0.034244,0.277755,0.758641,-0.049082,0.272862,0.708261,-0.062240,0.257217,0.660392,-0.073056,0.291826,0.631344,-0.026688,0.331049,0.562481,-0.047364,0.351014,0.514368,-0.058921,0.365097,0.473480,-0.063685,0.256477,0.608959,-0.026044,0.275495,0.523905,-0.052947,0.285865,0.468442,-0.070128,0.292177,0.420032,-0.076922,0.220432,0.608863,-0.029246,0.215027,0.566356,-0.067082,0.217499,0.620422,-0.078171,0.219249,0.661184,-0.073447,0.185451,0.622268,-0.034869,0.171686,0.557695,-0.058531,0.164134,0.517399,-0.063373,0.160153,0.472809,-0.061420
2061,0,0.119153,0.096945,0.285277,1.436149,1.471216,0.195868,0.803412,0.000000,0.243128,0.797196,-0.035077,0.277280,0.755368,-0.049955,0.267216,0.703007,-0.062824,0.248936,0.654935,-0.073197,0.292171,0.632751,-0.027532,0.331853,0.563275,-0.047303,0.352393,0.514779,-0.057832,0.366748,0.474344,-0.061732,0.257358,0.610995,-0.026518,0.276845,0.525019,-0.052879,0.288596,0.468855,-0.069531,0.295378,0.420780,-0.075653,0.221995,0.611256,-0.029423,0.216591,0.572509,-0.067230,0.220996,0.628833,-0.078617,0.223356,0.669800,-0.073821,0.188169,0.623854,-0.034746,0.175161,0.558880,-0.057949,0.168406,0.518438,-0.062668,0.164359,0.472855,-0.060679
2093,0,0.139239,0.126386,0.270849,1.545271,1.567736,0.196359,0.804571,0.000000,0.243917,0.796705,-0.036111,0.277037,0.750612,-0.050958,0.262271,0.695111,-0.063755,0.243123,0.646321,-0.073783,0.294263,0.634185,-0.026259,0.334228,0.563919,-0.045651,0.355266,0.514773,-0.055718,0.369396,0.475045,-0.059073,0.258983,0.613780,-0.024835,0.278516,0.526867,-0.051660,0.290822,0.469445,-0.068086,0.297867,0.420993,-0.073354,0.223909,0.614756,-0.027644,0.218958,0.577522,-0.067033,0.222412,0.635508,-0.078582,0.223610,0.675459,-0.072769,0.190313,0.626590,-0.032892,0.179416,0.562625,-0.057200,0.173207,0.521749,-0.062156,0.169273,0.473114,-0.059893
2125,0,0.128868,0.133804,0.123320,1.642342,1.671127,0.196136,0.804218,0.000000,0.243939,0.796437,-0.036036,0.276667,0.748206,-0.050076,0.260767,0.691563,-0.062010,0.239920,0.643082,-0.071097,0.296417,0.634684,-0.024063,0.336301,0.564470,-0.041886,0.357929,0.515866,-0.050895,0.371854,0.477098,-0.053625,0.261600,0.613765,-0.022464,0.280101,0.525409,-0.047775,0.292816,0.468347,-0.063336,0.299930,0.420970,-0.067899,0.226570,0.615348,-0.025253,0.223278,0.578510,-0.063999,0.225639,0.636326,-0.075738,0.225641,0.675203,-0.069966,0.192525,0.627381,-0.030440,0.182979,0.562875,-0.054561,0.177054,0.522082,-0.059787,0.173084,0.473885,-0.057642
2156,0,0.094679,0.096778,0.194650,1.708733,1.726187,0.196176,0.805131,0.000000,0.244174,0.794615,-0.034990,0.277030,0.745702,-0.048445,0.259890,0.689023,-0.059742,0.237913,0.641700,-0.068411,0.297840,0.635913,-0.023497,0.339063,0.567280,-0.040992,0.361335,0.518464,-0.050093,0.375703,0.480219,-0.052878,0.263330,0.614200,-0.022085,0.281638,0.525599,-0.046562,0.294919,0.468072,-0.062096,0.302859,0.421712,-0.066764,0.228320,0.615862,-0.024889,0.226048,0.581491,-0.062410,0.226687,0.635377,-0.074727,0.224996,0.671141,-0.069706,0.194838,0.628108,-0.029989,0.185529,0.563031,-0.053427,0.179917,0.520451,-0.058801,0.176346,0.472494,-0.056800
2189,0,0.072893,0.077585,0.170744,1.741393,1.718618,0.198376,0.806697,0.000000,0.245508,0.794476,-0.035167,0.277932,0.745154,-0.048781,0.260026,0.687886,-0.060090,0.237652,0.640250,-0.068680,0.298629,0.636195,-0.023937,0.341234,0.568038,-0.040782,0.364163,0.519418,-0.049490,0.378619,0.481819,-0.052012,0.263950,0.614802,-0.022302,0.283663,0.525185,-0.045826,0.297809,0.467177,-0.060838,0.306105,0.421457,-0.065212,0.229454,0.616489,-0.024844,0.227957,0.580800,-0.061075,0.226798,0.632329,-0.072975,0.223711,0.666373,-0.067970,0.196532,0.628525,-0.029749,0.187565,0.563197,-0.052446,0.182552,0.520204,-0.057568,0.179801,0.472319,-0.055558
2222,0,0.077935,0.076194,0.129832,1.797965,1.774698,0.198519,0.806563,0.000000,0.246312,0.794273,-0.034474,0.278899,0.744788,-0.047697,0.259176,0.687004,-0.058798,0.236519,0.639531,-0.067124,0.300487,0.636632,-0.022699,0.343346,0.568350,-0.039589,0.366169,0.520316,-0.048252,0.380338,0.483307,-0.050591,0.265987,0.615195,-0.021093,0.286731,0.526136,-0.044366,0.300603,0.468099,-0.059353,0.308577,0.422815,-0.063635,0.231508,0.616763,-0.023630,0.227917,0.581614,-0.059274,0.227285,0.631126,-0.071327,0.224939,0.664423,-0.066450,0.198571,0.628270,-0.028467,0.189495,0.562953,-0.050313,0.184234,0.520215,-0.054952,0.180884,0.473253,-0.052534
2252,0,0.082049,0.049968,0.128108,1.846767,1.781655,0.200617,0.808446,0.000000,0.248238,0.795158,-0.033677,0.280058,0.744921,-0.046862,0.259856,0.687051,-0.058181,0.236572,0.639993,-0.066878,0.301857,0.637555,-0.022220,0.345740,0.570446,-0.039317,0.369084,0.522546,-0.048173,0.383835,0.485851,-0.050556,0.267497,0.615915,-0.021267,0.288899,0.527123,-0.045035,0.303541,0.469362,-0.060365,0.312005,0.424321,-0.064773,0.233122,0.617238,-0.024404,0.229743,0.583797,-0.060405,0.229523,0.633743,-0.072756,0.227503,0.667273,-0.068030,0.200089,0.628467,-0.029746,0.191132,0.563364,-0.051469,0.186020,0.520706,-0.055957,0.182517,0.473816,-0.053455
2288,0,0.106059,0.083368,0.186443,1.896438,1.811825,0.201478,0.808767,0.000000,0.249657,0.796114,-0.033483,0.282511,0.746961,-0.047047,0.261014,0.688641,-0.058720,0.236033,0.642417,-0.067763,0.304478,0.639838,-0.022966,0.348832,0.572766,-0.040554,0.372209,0.524833,-0.049717,0.387275,0.488277,-0.052266,0.269795,0.617951,-0.022229,0.291257,0.528021,-0.046251,0.306123,0.470716,-0.061707,0.315007,0.426176,-0.066089,0.235085,0.619024,-0.025436,0.232663,0.587913,-0.061628,0.232550,0.637940,-0.073937,0.230214,0.671297,-0.069077,0.201656,0.630330,-0.030794,0.193065,0.565157,-0.052425,0.187621,0.521575,-0.056409,0.183490,0.473931,-0.053501
2320,0,0.133186,0.070317,0.130010,1.935514,1.799938,0.203273,0.810476,0.000000,0.251475,0.798890,-0.033182,0.285588,0.751143,-0.046873,0.264952,0.693819,-0.058951,0.239008,0.647796,-0.068556,0.305660,0.641302,-0.022560,0.350122,0.574759,-0.040396,0.373939,0.527175,-0.049743,0.389340,0.490843,-0.052454,0.270932,0.619462,-0.022440,0.292868,0.529988,-0.047232,0.308822,0.472127,-0.063455,0.318660,0.426601,-0.068397,0.236199,0.620744,-0.026326,0.235828,0.590553,-0.063335,0.237216,0.642639,-0.075970,0.235952,0.676875,-0.071227,0.202827,0.632205,-0.032325,0.194882,0.568614,-0.054447,0.189997,0.524847,-0.058791,0.186231,0.476317,-0.056160
2351,0,0.114853,0.125460,0.240698,1.968262,1.804884,0.205625,0.809887,0.000000,0.253193,0.799953,-0.033312,0.288161,0.753112,-0.047309,0.266642,0.697939,-0.059694,0.239222,0.653487,-0.069729,0.305986,0.642223,-0.023097,0.350834,0.576095,-0.040938,0.375198,0.528793,-0.050216,0.390958,0.492631,-0.052884,0.271336,0.620668,-0.023356,0.292800,0.530473,-0.048504,0.308991,0.472951,-0.064911,0.318956,0.428206,-0.069928,0.236813,0.622441,-0.027577,0.239571,0.596262,-0.065349,0.242503,0.650326,-0.078132,0.241581,0.685446,-0.073313,0.203791,0.634071,-0.033889,0.196065,0.571791,-0.056309,0.191105,0.527938,-0.060570,0.187189,0.479093,-0.057982
2384,0,0.060958,0.071745,0.112370,1.984377,1.825100,0.204817,0.809895,0.000000,0.252558,0.800693,-0.033144,0.287597,0.755357,-0.047314,0.266741,0.701689,-0.060003,0.239288,0.658210,-0.070398,0.306471,0.643267,-0.023499,0.351473,0.577176,-0.042097,0.376019,0.529825,-0.052018,0.392139,0.493461,-0.055022,0.271505,0.621917,-0.023796,0.292541,0.531953,-0.049370,0.308527,0.474848,-0.066129,0.318949,0.430132,-0.071387,0.236851,0.623945,-0.028025,0.240653,0.599263,-0.065971,0.242894,0.652844,-0.078620,0.241322,0.687732,-0.073679,0.204084,0.635961,-0.034310,0.196463,0.573530,-0.056801,0.191520,0.529443,-0.060833,0.187361,0.480622,-0.057987
2418,0,0.068255,0.066135,0.177062,2.012690,1.846457,0.205015,0.809800,0.000000,0.253309,0.801254,-0.032466,0.289189,0.756941,-0.046465,0.268205,0.703995,-0.059145,0.240361,0.661726,-0.069737,0.306574,0.644474,-0.023272,0.351603,0.578260,-0.041937,0.376927,0.531369,-0.051939,0.393306,0.495105,-0.054971,0.271771,0.623102,-0.024099,0.292969,0.532755,-0.049970,0.309062,0.475080,-0.067217,0.319375,0.429347,-0.072769,0.237239,0.625096,-0.028745,0.241929,0.601972,-0.067138,0.245505,0.655728,-0.080251,0.244444,0.690380,-0.075486,0.204238,0.636689,-0.035321,0.197730,0.574477,-0.057845,0.193657,0.530494,-0.061665,0.189890,0.481849,-0.058672
2455,0,0.076361,0.093982,0.191245,2.033219,1.825919,0.207492,0.810082,0.000000,0.254788,0.801165,-0.031917,0.290126,0.757861,-0.046196,0.268646,0.706011,-0.059395,0.239962,0.664935,-0.070630,0.306715,0.644697,-0.023864,0.351284,0.578684,-0.043329,0.377278,0.532606,-0.053896,0.394236,0.496568,-0.057235,0.271935,0.623533,-0.025101,0.292677,0.534021,-0.051381,0.309119,0.476625,-0.068862,0.319553,0.430182,-0.074794,0.237428,0.625903,-0.030071,0.242731,0.604723,-0.068587,0.247750,0.659027,-0.081865,0.247791,0.693807,-0.077308,0.204540,0.638305,-0.036906,0.198250,0.576440,-0.059277,0.194067,0.533148,-0.062930,0.190370,0.485317,-0.059906
2487,0,0.078421,0.068078,0.223836,2.067736,1.843422,0.208250,0.809973,0.000001,0.255583,0.803175,-0.033625,0.291570,0.760435,-0.048537,0.268408,0.709991,-0.062065,0.238412,0.669395,-0.073565,0.307987,0.645581,-0.024717,0.352887,0.578654,-0.044404,0.379139,0.532221,-0.054852,0.396365,0.496362,-0.058010,0.272635,0.624245,-0.025379,0.293655,0.534421,-0.052123,0.309898,0.476936,-0.069628,0.320531,0.430905,-0.075242,0.238072,0.626623,-0.030058,0.243821,0.607428,-0.069628,0.248378,0.663930,-0.083039,0.248503,0.699566,-0.078088,0.205157,0.638705,-0.036724,0.199366,0.577918,-0.059687,0.195062,0.535024,-0.063468,0.191409,0.487017,-0.060388
2520,0,0.068059,0.076815,0.077107,2.105282,1.833038,0.210150,0.810966,0.000000,0.256430,0.804046,-0.032999,0.292221,0.761325,-0.047815,0.269085,0.712658,-0.061521,0.238761,0.672849,-0.073280,0.307871,0.646983,-0.024783,0.352498,0.580432,-0.044972,0.378428,0.533625,-0.055797,0.395910,0.497264,-0.059223,0.272658,0.625787,-0.025932,0.293708,0.537181,-0.053071,0.309549,0.479234,-0.071138,0.319506,0.431897,-0.077329,0.238080,0.628206,-0.030994,0.243356,0.609286,-0.070593,0.247927,0.666176,-0.083870,0.248324,0.701612,-0.079081,0.205136,0.640693,-0.038022,0.198963,0.580570,-0.060508,0.195080,0.538303,-0.063974,0.192352,0.490512,-0.060898
2551,0,0.039223,0.041112,0.084912,2.112976,1.837123,0.210976,0.810534,0.000001,0.257731,0.804691,-0.033805,0.293664,0.761951,-0.049114,0.269551,0.713160,-0.063092,0.238604,0.673390,-0.075100,0.309140,0.646701,-0.025426,0.353909,0.579463,-0.045485,0.380163,0.532435,-0.056064,0.398161,0.496545,-0.059269,0.273445,0.625974,-0.026121,0.293671,0.537303,-0.053052,0.309444,0.479310,-0.070814,0.319810,0.432497,-0.076721,0.238677,0.628723,-0.030812,0.244097,0.610098,-0.070312,0.248432,0.667502,-0.083401,0.248565,0.703390,-0.078382,0.205876,0.641056,-0.037550,0.199054,0.581017,-0.060234,0.194978,0.538860,-0.063748,0.192161,0.490762,-0.060620
2582,0,0.065940,0.070045,0.167652,2.135315,1.856382,0.211303,0.810520,0.000001,0.256691,0.804757,-0.033900,0.292785,0.763107,-0.049485,0.268898,0.713404,-0.063683,0.239187,0.672938,-0.075920,0.308766,0.647826,-0.026916,0.353849,0.581332,-0.047791,0.380614,0.534497,-0.058989,0.398918,0.498606,-0.062491,0.273484,0.626723,-0.027532,0.293685,0.538545,-0.055026,0.309442,0.480855,-0.073188,0.319803,0.433893,-0.079345,0.238721,0.629326,-0.032015,0.243032,0.613165,-0.071687,0.246457,0.670041,-0.084809,0.246052,0.705678,-0.079729,0.205966,0.641702,-0.038499,0.198898,0.581646,-0.061067,0.194778,0.539924,-0.064184,0.192038,0.492719,-0.060682
2624,0,0.042151,0.037616,0.084617,2.162305,1.866574,0.211772,0.810956,0.000001,0.256971,0.805912,-0.033961,0.293093,0.763824,-0.049457,0.268637,0.714677,-0.063593,0.238594,0.674138,-0.075775,0.308831,0.648606,-0.026146,0.353905,0.582507,-0.046928,0.381248,0.536125,-0.058191,0.400146,0.500719,-0.061792,0.273644,0.627774,-0.026893,0.293314,0.539180,-0.054360,0.308941,0.481441,-0.072672,0.319703,0.434113,-0.078916,0.238991,0.630908,-0.031586,0.242720,0.614469,-0.071791,0.245401,0.671703,-0.084893,0.244674,0.706608,-0.079759,0.206120,0.643631,-0.038309,0.198664,0.583423,-0.061409,0.194705,0.541810,-0.064704,0.192162,0.494224,-0.061256
2657,0,0.047065,0.030726,0.068153,2.191745,1.877133,0.212030,0.811621,0.000001,0.257128,0.806563,-0.033408,0.293600,0.764823,-0.048545,0.269183,0.715799,-0.062497,0.239253,0.675583,-0.074499,0.309149,0.649418,-0.025304,0.353985,0.583007,-0.045907,0.381228,0.536785,-0.057031,0.400282,0.501622,-0.060433,0.273812,0.628514,-0.026241,0.293522,0.540173,-0.053667,0.309233,0.482548,-0.071976,0.319794,0.435397,-0.078092,0.239236,0.631660,-0.031076,0.243514,0.615964,-0.071250,0.246599,0.673494,-0.084476,0.245943,0.708540,-0.079354,0.206280,0.644452,-0.037880,0.199264,0.584657,-0.060853,0.194976,0.543296,-0.064026,0.191885,0.496200,-0.060433
2683,0,0.060212,0.050911,0.065381,2.211686,1.876821,0.212316,0.812302,0.000001,0.257696,0.807456,-0.033982,0.293803,0.765921,-0.049598,0.269206,0.717542,-0.063840,0.239037,0.677381,-0.076172,0.309659,0.650487,-0.026670,0.353950,0.584022,-0.047918,0.381461,0.537768,-0.059258,0.400141,0.502110,-0.062732,0.274088,0.629616,-0.027491,0.294034,0.540636,-0.055631,0.309148,0.482805,-0.073958,0.319020,0.435330,-0.079876,0.239329,0.632621,-0.032302,0.242621,0.617051,-0.073232,0.245879,0.675166,-0.086749,0.245777,0.710517,-0.081480,0.206299,0.645329,-0.039041,0.199291,0.585601,-0.062389,0.194845,0.544365,-0.065672,0.191639,0.496889,-0.062083
2715,0,0.029308,0.025914,0.073263,2.232247,1.870226,0.212933,0.813191,0.000001,0.258261,0.808685,-0.033808,0.294107,0.767303,-0.049498,0.269528,0.719574,-0.063908,0.239352,0.679337,-0.076483,0.309373,0.650620,-0.026775,0.354027,0.584124,-0.048046,0.381349,0.537787,-0.059398,0.400123,0.501964,-0.062952,0.274057,0.630042,-0.027711,0.294051,0.542230,-0.055843,0.309575,0.484488,-0.074496,0.319787,0.436890,-0.080879,0.239260,0.633012,-0.032527,0.242742,0.618079,-0.073158,0.246403,0.676171,-0.086689,0.246390,0.711629,-0.081720,0.206246,0.645914,-0.039254,0.198935,0.585907,-0.062264,0.194621,0.544690,-0.065437,0.191674,0.497845,-0.061882
2749,0,0.026554,0.024641,0.080697,2.238104,1.871466,0.213285,0.813193,0.000001,0.258557,0.808066,-0.033381,0.294461,0.767109,-0.048967,0.269296,0.718711,-0.063371,0.238889,0.679265,-0.075870,0.309904,0.650928,-0.026217,0.354362,0.584436,-0.047328,0.381848,0.538309,-0.058607,0.400572,0.502775,-0.062075,0.274490,0.630246,-0.027360,0.293924,0.541758,-0.055407,0.309268,0.484144,-0.073926,0.319592,0.436782,-0.080099,0.239650,0.633547,-0.032352,0.242887,0.618351,-0.072821,0.246390,0.675818,-0.086196,0.246297,0.710668,-0.081014,0.206680,0.646590,-0.039249,0.199351,0.586593,-0.062151,0.195200,0.545376,-0.065124,0.192167,0.498401,-0.061351
2784,0,0.024561,0.024943,0.057676,2.248870,1.883854,0.213397,0.813046,0.000001,0.258713,0.808720,-0.033931,0.294893,0.767939,-0.049677,0.269778,0.720203,-0.064202,0.239274,0.680255,-0.076822,0.310112,0.651159,-0.026497,0.354536,0.584277,-0.047694,0.381883,0.537963,-0.058979,0.400636,0.502480,-0.062372,0.274487,0.630635,-0.027488,0.294235,0.542273,-0.055624,0.309505,0.484661,-0.074229,0.319568,0.437416,-0.080367,0.239627,0.633880,-0.032444,0.243264,0.618738,-0.073276,0.246834,0.676671,-0.086925,0.246767,0.711754,-0.081816,0.206510,0.646442,-0.039345,0.199677,0.586677,-0.062563,0.195290,0.545444,-0.065880,0.192129,0.498156,-0.062334
2817,0,0.032012,0.033489,0.094360,2.244401,1.899814,0.213363,0.812095,0.000001,0.258926,0.807655,-0.034197,0.294639,0.767427,-0.050277,0.270236,0.719435,-0.065006,0.239862,0.679746,-0.077832,0.310329,0.651132,-0.027403,0.354759,0.584255,-0.048678,0.382106,0.537968,-0.060020,0.400921,0.502341,-0.063560,0.274766,0.630251,-0.028297,0.294420,0.542351,-0.056481,0.309877,0.484698,-0.075016,0.320120,0.437425,-0.081220,0.239956,0.633098,-0.033112,0.243669,0.618927,-0.073798,0.247359,0.676322,-0.087385,0.247387,0.711413,-0.082437,0.206940,0.645463,-0.039887,0.199816,0.585590,-0.062989,0.195558,0.544129,-0.066262,0.192531,0.496807,-0.062723
2857,0,0.025885,0.030443,0.091463,2.243499,1.887067,0.213702,0.812449,0.000001,0.258605,0.808594,-0.034513,0.294717,0.767460,-0.050735,0.270059,0.719234,-0.065535,0.239472,0.678754,-0.078475,0.310245,0.651155,-0.027663,0.354920,0.584798,-0.049142,0.382669,0.538460,-0.060640,0.401899,0.502676,-0.064358,0.274726,0.630119,-0.028441,0.294300,0.542062,-0.056807,0.309756,0.484141,-0.075401,0.320226,0.436249,-0.081738,0.239910,0.633105,-0.033147,0.243139,0.618141,-0.073997,0.245715,0.675850,-0.087278,0.245008,0.710789,-0.082118,0.207080,0.645727,-0.039882,0.199743,0.586305,-0.063182,0.195596,0.544949,-0.066408,0.192850,0.497676,-0.062878
2893,0,0.027920,0.040515,0.071172,2.245077,1.915435,0.213421,0.811347,0.000001,0.258823,0.807921,-0.034729,0.295014,0.767729,-0.051182,0.270203,0.719550,-0.066228,0.239263,0.679380,-0.079337,0.310542,0.651192,-0.028080,0.355161,0.584403,-0.049624,0.382533,0.537965,-0.061137,0.401621,0.502271,-0.064784,0.275027,0.629993,-0.028858,0.294304,0.542029,-0.057413,0.309660,0.483890,-0.076107,0.320232,0.436062,-0.082453,0.240165,0.632776,-0.033608,0.243208,0.618219,-0.074740,0.246432,0.676479,-0.088380,0.246414,0.711660,-0.083289,0.207095,0.645061,-0.040352,0.199600,0.585594,-0.063796,0.195453,0.544271,-0.067254,0.192908,0.496791,-0.063834
2924,0,0.031706,0.039655,0.058490,2.240048,1.898607,0.213471,0.811878,0.000001,0.259165,0.807995,-0.034053,0.295282,0.767047,-0.049962,0.270766,0.719555,-0.064583,0.239408,0.680456,-0.077386,0.310274,0.650733,-0.026875,0.354867,0.584204,-0.048144,0.382698,0.537888,-0.059546,0.401710,0.502164,-0.063182,0.274856,0.629626,-0.027879,0.294225,0.541943,-0.056174,0.309721,0.483886,-0.075000,0.320183,0.435934,-0.081439,0.240046,0.632646,-0.032822,0.243411,0.618148,-0.073750,0.246703,0.676096,-0.087424,0.246432,0.711459,-0.082500,0.207144,0.645075,-0.039697,0.200084,0.585660,-0.062955,0.195906,0.544297,-0.066326,0.192811,0.497006,-0.062917
2956,0,0.019242,0.021596,0.077720,2.247201,1.889190,0.213992,0.812344,0.000001,0.259203,0.807548,-0.033927,0.295183,0.766657,-0.049904,0.270487,0.718461,-0.064666,0.239502,0.678685,-0.077569,0.310419,0.650910,-0.026925,0.355216,0.584772,-0.048386,0.383075,0.538751,-0.059884,0.402188,0.503196,-0.063566,0.275044,0.629842,-0.028045,0.294560,0.542116,-0.056507,0.309896,0.484390,-0.075178,0.320376,0.436733,-0.081440,0.240168,0.632661,-0.033111,0.243571,0.618698,-0.074078,0.247115,0.676446,-0.087663,0.246977,0.711367,-0.082578,0.207288,0.645112,-0.040113,0.200125,0.585833,-0.063338,0.195836,0.544412,-0.066601,0.192947,0.497252,-0.063034
2981,0,0.033032,0.054072,0.060248,2.250636,1.920035,0.213398,0.811407,0.000001,0.258758,0.807223,-0.033970,0.295455,0.767001,-0.049750,0.271297,0.719275,-0.064257,0.240593,0.680010,-0.076903,0.310652,0.650524,-0.026698,0.355778,0.584436,-0.047585,0.383531,0.538347,-0.058636,0.402491,0.502950,-0.061978,0.275104,0.629873,-0.027666,0.294765,0.541849,-0.055674,0.310061,0.483802,-0.074207,0.320445,0.436070,-0.080359,0.240210,0.632829,-0.032584,0.244517,0.619240,-0.073371,0.248360,0.677298,-0.087043,0.248621,0.712087,-0.082030,0.207273,0.645202,-0.039420,0.200078,0.585614,-0.062510,0.196026,0.544383,-0.065776,0.193304,0.497190,-0.062244
3017,0,0.038587,0.045206,0.065085,2.242160,1.889214,0.213850,0.812191,0.000001,0.259498,0.807510,-0.033561,0.295678,0.766495,-0.049402,0.270551,0.717491,-0.064010,0.239567,0.677877,-0.076835,0.310658,0.650854,-0.026655,0.355342,0.584937,-0.048112,0.383286,0.539121,-0.059722,0.402498,0.503621,-0.063441,0.275291,0.629778,-0.027831,0.295082,0.542370,-0.056156,0.310612,0.484576,-0.074862,0.321087,0.436942,-0.081198,0.240686,0.632432,-0.032859,0.243632,0.618358,-0.073610,0.246636,0.675328,-0.087193,0.246300,0.710173,-0.082185,0.207890,0.644803,-0.039802,0.200871,0.585140,-0.062948,0.196363,0.543863,-0.066097,0.192783,0.496906,-0.062416
3053,0,0.026433,0.032791,0.073689,2.240584,1.905381,0.213630,0.811482,0.000001,0.258985,0.807115,-0.034117,0.295104,0.766632,-0.050274,0.270820,0.717958,-0.065121,0.240199,0.678216,-0.078069,0.310673,0.650663,-0.027548,0.355665,0.584772,-0.049059,0.383413,0.539092,-0.060602,0.402513,0.503591,-0.064285,0.275329,0.629435,-0.028516,0.295130,0.541649,-0.056881,0.310508,0.484179,-0.075411,0.321003,0.436857,-0.081638,0.240434,0.632254,-0.033396,0.243875,0.617412,-0.074120,0.247471,0.675047,-0.087486,0.247501,0.710271,-0.082398,0.207534,0.644711,-0.040250,0.200148,0.585261,-0.063298,0.195696,0.543895,-0.066450,0.192586,0.496571,-0.062880
3086,0,0.015850,0.021325,0.071968,2.247223,1.921471,0.213441,0.811149,0.000001,0.258939,0.807337,-0.034151,0.295138,0.766937,-0.050220,0.270816,0.718467,-0.065036,0.240185,0.678407,-0.077952,0.310675,0.650822,-0.027314,0.355570,0.584890,-0.048815,0.383207,0.539056,-0.060287,0.402358,0.503629,-0.063858,0.275246,0.629780,-0.028282,0.295295,0.541716,-0.056868,0.310738,0.483975,-0.075558,0.321265,0.436409,-0.081751,0.240331,0.632503,-0.033202,0.244023,0.618164,-0.074419,0.247208,0.675990,-0.088057,0.246963,0.711093,-0.082966,0.207448,0.644728,-0.040078,0.200585,0.585144,-0.063554,0.196357,0.543668,-0.066897,0.193485,0.496418,-0.063326
3114,0,0.024746,0.046940,0.076850,2.241972,1.889041,0.214077,0.812050,0.000001,0.259648,0.807712,-0.034053,0.294993,0.766164,-0.050035,0.270117,0.717968,-0.064802,0.239628,0.678066,-0.077710,0.310921,0.650308,-0.026764,0.355398,0.584416,-0.048099,0.383114,0.538616,-0.059563,0.402308,0.503266,-0.063246,0.275497,0.629328,-0.027770,0.295141,0.542121,-0.056337,0.310579,0.484319,-0.075242,0.321103,0.436636,-0.081696,0.240769,0.632237,-0.032762,0.243499,0.617659,-0.073875,0.246378,0.675679,-0.087770,0.246084,0.711120,-0.082835,0.208000,0.644431,-0.039709,0.200311,0.584824,-0.063094,0.195878,0.543373,-0.066587,0.192753,0.495940,-0.063246
3152,0,0.034124,0.044723,0.094080,2.245540,1.903796,0.213531,0.811855,0.000001,0.258894,0.807800,-0.033569,0.295093,0.766982,-0.049327,0.270777,0.718331,-0.063909,0.240072,0.678405,-0.076592,0.311135,0.650969,-0.026524,0.356295,0.584438,-0.047467,0.384067,0.538578,-0.058555,0.403057,0.503312,-0.061935,0.275615,0.629856,-0.027626,0.295568,0.541456,-0.055745,0.310853,0.483751,-0.074162,0.321494,0.436300,-0.080200,0.240830,0.632782,-0.032581,0.244261,0.617936,-0.073251,0.247130,0.675453,-0.086579,0.246792,0.710260,-0.081339,0.207935,0.645276,-0.039416,0.200659,0.585027,-0.062542,0.196173,0.543301,-0.065618,0.193196,0.495899,-0.061821
3180,0,0.024020,0.023105,0.064811,2.256181,1.911018,0.213834,0.811830,0.000001,0.258794,0.807407,-0.033309,0.294957,0.766903,-0.048830,0.270469,0.718797,-0.063189,0.240287,0.678789,-0.075720,0.310972,0.651555,-0.026567,0.356079,0.585771,-0.047649,0.383812,0.540145,-0.058847,0.403013,0.504920,-0.062275,0.275768,0.630310,-0.027633,0.295902,0.542170,-0.055686,0.311493,0.484773,-0.074159,0.322049,0.437417,-0.080367,0.241241,0.632670,-0.032528,0.244151,0.617970,-0.072940,0.247484,0.675589,-0.086461,0.247433,0.710776,-0.081434,0.208349,0.644505,-0.039269,0.201107,0.584605,-0.062161,0.196686,0.543012,-0.065246,0.193642,0.495816,-0.061589
3210,0,0.022122,0.018168,0.050103,2.265021,1.914722,0.214490,0.811669,0.000001,0.259362,0.807967,-0.033368,0.295542,0.767250,-0.048949,0.271101,0.719258,-0.063391,0.240546,0.679433,-0.076084,0.311426,0.650850,-0.026014,0.356591,0.585485,-0.046973,0.384631,0.539651,-0.058222,0.403823,0.504389,-0.061757,0.276193,0.629956,-0.027173,0.296062,0.542593,-0.055258,0.311933,0.485164,-0.073956,0.322756,0.437828,-0.080341,0.241530,0.632545,-0.032189,0.244212,0.617738,-0.072740,0.247662,0.675660,-0.086421,0.247784,0.711054,-0.081481,0.208661,0.644509,-0.039106,0.201477,0.584598,-0.062137,0.197228,0.543384,-0.065405,0.194177,0.495930,-0.061871
3248,0,0.018640,0.022023,0.042680,2.266662,1.925251,0.213748,0.811705,0.000001,0.259029,0.807509,-0.033449,0.295166,0.767231,-0.049046,0.270599,0.719005,-0.063487,0.240173,0.679440,-0.076070,0.311265,0.651373,-0.026247,0.356426,0.586195,-0.047189,0.384268,0.540552,-0.058446,0.403573,0.505468,-0.061933,0.275926,0.630349,-0.027403,0.295972,0.542500,-0.055413,0.311678,0.484894,-0.073910,0.322314,0.437513,-0.080126,0.241249,0.632958,-0.032407,0.244934,0.618294,-0.072811,0.247916,0.675708,-0.086190,0.247654,0.710732,-0.081111,0.208326,0.645059,-0.039343,0.201170,0.585036,-0.062198,0.196861,0.543582,-0.065230,0.193912,0.496548,-0.061554
3274,0,0.038727,0.040954,0.061239,2.268989,1.931405,0.213775,0.811506,0.000001,0.258816,0.808060,-0.033896,0.294789,0.767344,-0.049801,0.270446,0.719350,-0.064414,0.240093,0.679566,-0.077244,0.311152,0.651696,-0.027007,0.356354,0.586523,-0.048396,0.384398,0.540887,-0.059784,0.403694,0.505496,-0.063352,0.275986,0.630377,-0.028146,0.296265,0.542291,-0.056595,0.311648,0.484626,-0.075194,0.321826,0.437068,-0.081382,0.241148,0.633100,-0.033232,0.243899,0.618171,-0.074435,0.246778,0.676262,-0.088138,0.246527,0.711767,-0.082976,0.208088,0.645191,-0.040235,0.200835,0.585412,-0.063617,0.196100,0.543890,-0.066882,0.192789,0.496280,-0.063314
3305,0,0.018659,0.016392,0.041169,2.271003,1.927598,0.213595,0.811895,0.000001,0.258442,0.808333,-0.033649,0.294447,0.767615,-0.049486,0.270325,0.719720,-0.064183,0.239807,0.679976,-0.077096,0.310959,0.651621,-0.026718,0.356049,0.586878,-0.048156,0.384070,0.541380,-0.059816,0.403607,0.506120,-0.063613,0.275729,0.630418,-0.027952,0.295843,0.543244,-0.056511,0.311556,0.485838,-0.075425,0.322149,0.438286,-0.081957,0.241033,0.633046,-0.033060,0.243518,0.618118,-0.074057,0.246537,0.675803,-0.087729,0.246160,0.710895,-0.082868,0.207900,0.645271,-0.040067,0.200494,0.585171,-0.063385,0.196041,0.543617,-0.066690,0.193018,0.496153,-0.063234
3340,0,0.026019,0.027709,0.085282,2.273198,1.924474,0.213683,0.812093,0.000001,0.258424,0.808116,-0.033462,0.294538,0.767575,-0.049188,0.270316,0.719387,-0.063778,0.239717,0.679341,-0.076549,0.310976,0.651664,-0.026565,0.356615,0.586544,-0.047635,0.384617,0.540888,-0.058928,0.404071,0.505713,-0.062528,0.275638,0.630271,-0.027777,0.295854,0.543036,-0.055934,0.311591,0.485441,-0.074578,0.322544,0.437929,-0.080869,0.240800,0.632804,-0.032799,0.244428,0.619173,-0.073479,0.247111,0.677028,-0.086932,0.246549,0.712267,-0.081779,0.207910,0.644971,-0.039752,0.200635,0.584935,-0.062907,0.196321,0.543401,-0.066052,0.193599,0.496432,-0.062414
3368,0,0.020867,0.026151,0.048099,2.278891,1.936087,0.213342,0.812023,0.000001,0.258681,0.808273,-0.033123,0.295002,0.767730,-0.048565,0.270799,0.719975,-0.062907,0.240061,0.680465,-0.075466,0.310870,0.652086,-0.025952,0.356744,0.586764,-0.046820,0.384885,0.541266,-0.057861,0.404016,0.506083,-0.061200,0.275569,0.630824,-0.027318,0.295842,0.542993,-0.055547,0.311679,0.485211,-0.074176,0.322701,0.437646,-0.080436,0.240854,0.633369,-0.032535,0.243860,0.619153,-0.073379,0.247118,0.677201,-0.087114,0.247090,0.712252,-0.082106,0.207935,0.645272,-0.039573,0.200786,0.585319,-0.062793,0.196247,0.543822,-0.066019,0.193068,0.496381,-0.062414
3423,0,0.016651,0.018358,0.040379,2.288509,1.929502,0.213557,0.812661,0.000001,0.258478,0.808459,-0.033098,0.294689,0.767914,-0.048508,0.270808,0.720178,-0.062894,0.240429,0.680879,-0.075458,0.310887,0.652144,-0.025962,0.356504,0.587436,-0.046952,0.384982,0.542176,-0.058225,0.404435,0.507161,-0.061755,0.275789,0.631012,-0.027291,0.296126,0.544033,-0.055492,0.312220,0.486726,-0.074205,0.323332,0.439262,-0.080620,0.241003,0.633560,-0.032472,0.243882,0.619427,-0.073142,0.247109,0.677219,-0.086769,0.246998,0.712283,-0.081834,0.207933,0.645260,-0.039551,0.200761,0.585331,-0.062590,0.196259,0.543584,-0.065817,0.193136,0.496076,-0.062287
3453,0,0.027713,0.027383,0.072000,2.293521,1.936891,0.213639,0.812497,0.000001,0.258520,0.808936,-0.032969,0.295191,0.768347,-0.048648,0.271375,0.719691,-0.063208,0.240378,0.679931,-0.075986,0.311026,0.652528,-0.026637,0.357017,0.587928,-0.047851,0.385144,0.542668,-0.059189,0.404487,0.507798,-0.062753,0.275827,0.631055,-0.028078,0.296629,0.543241,-0.056269,0.312864,0.486101,-0.074810,0.324526,0.438828,-0.081067,0.241079,0.633667,-0.033253,0.244915,0.619443,-0.073900,0.247492,0.676900,-0.087058,0.246929,0.711797,-0.081825,0.208172,0.645851,-0.040268,0.201098,0.585559,-0.063435,0.196665,0.543933,-0.066317,0.193548,0.496515,-0.062449
3481,0,0.023039,0.025694,0.046624,2.285110,1.938889,0.213127,0.812318,0.000001,0.258342,0.808198,-0.033136,0.294914,0.767389,-0.048592,0.271170,0.719011,-0.062926,0.240553,0.679756,-0.075473,0.311195,0.652560,-0.026330,0.357070,0.587828,-0.047337,0.385464,0.542753,-0.058553,0.405058,0.508051,-0.062051,0.275908,0.630998,-0.027566,0.296381,0.543407,-0.055664,0.312739,0.485976,-0.074218,0.324223,0.438481,-0.080530,0.241168,0.633296,-0.032604,0.244367,0.618981,-0.073154,0.247306,0.676660,-0.086689,0.246997,0.711646,-0.081671,0.208210,0.644976,-0.039505,0.201040,0.584805,-0.062470,0.196511,0.543354,-0.065511,0.193139,0.495992,-0.061899
3514,0,0.025042,0.021464,0.058735,2.292396,1.938687,0.213297,0.812570,0.000001,0.258160,0.808482,-0.032731,0.295149,0.767745,-0.048098,0.271558,0.718555,-0.062384,0.240694,0.678742,-0.074921,0.311424,0.652519,-0.025835,0.357351,0.588372,-0.046769,0.385611,0.543415,-0.058015,0.405306,0.508807,-0.061586,0.276229,0.630788,-0.027279,0.297004,0.543589,-0.055317,0.313467,0.486435,-0.073857,0.325302,0.439177,-0.080240,0.241456,0.633046,-0.032484,0.245234,0.618385,-0.072832,0.247723,0.675678,-0.086015,0.247205,0.710928,-0.080924,0.208442,0.645051,-0.039550,0.201242,0.585112,-0.062460,0.196782,0.543453,-0.065385,0.193884,0.496501,-0.061700
3548,0,0.017194,0.019840,0.056588,2.289808,1.934515,0.213557,0.812520,0.000001,0.258571,0.807760,-0.032463,0.295156,0.766686,-0.047734,0.271091,0.717167,-0.061998,0.240406,0.677458,-0.074435,0.311231,0.652637,-0.025864,0.357639,0.588685,-0.046898,0.386144,0.543809,-0.058156,0.405609,0.509091,-0.061693,0.275993,0.630891,-0.027366,0.296992,0.543366,-0.055494,0.313355,0.486073,-0.073941,0.325060,0.438761,-0.080102,0.241401,0.633302,-0.032596,0.245128,0.618769,-0.073066,0.247352,0.675770,-0.086188,0.246395,0.710417,-0.080863,0.208461,0.645400,-0.039633,0.201348,0.585102,-0.062644,0.196824,0.543544,-0.065459,0.193591,0.496692,-0.061579
3578,0,0.023389,0.023277,0.065689,2.291413,1.930436,0.213630,0.812710,0.000001,0.258431,0.808397,-0.032867,0.295170,0.767346,-0.048197,0.271572,0.718606,-0.062424,0.240820,0.679349,-0.074901,0.311364,0.652355,-0.025715,0.357395,0.588261,-0.046599,0.385606,0.543153,-0.057859,0.405247,0.508473,-0.061434,0.276414,0.630923,-0.027027,0.297270,0.543686,-0.054930,0.313647,0.486406,-0.073531,0.325285,0.439016,-0.079884,0.241712,0.633370,-0.032106,0.244807,0.618260,-0.072428,0.247297,0.675547,-0.085742,0.246730,0.710409,-0.080721,0.208836,0.645061,-0.039067,0.201676,0.584995,-0.061929,0.197138,0.543661,-0.064896,0.193986,0.496737,-0.061244
3611,0,0.027913,0.028641,0.039554,2.303761,1.939651,0.213921,0.812679,0.000001,0.258404,0.808945,-0.032884,0.295172,0.767947,-0.048346,0.271949,0.719749,-0.062763,0.241229,0.680452,-0.075353,0.311508,0.652838,-0.026189,0.357587,0.588811,-0.047243,0.386077,0.543811,-0.058540,0.405731,0.509197,-0.062078,0.276467,0.631289,-0.027577,0.297228,0.544162,-0.055726,0.313779,0.486542,-0.074288,0.325629,0.439057,-0.080640,0.241655,0.633618,-0.032751,0.244929,0.618799,-0.073223,0.247432,0.676303,-0.086498,0.247004,0.711449,-0.081401,0.208557,0.645486,-0.039826,0.201335,0.585343,-0.062763,0.196881,0.543859,-0.065806,0.194140,0.496452,-0.062230
3652,0,0.018531,0.020061,0.066904,2.309423,1.945369,0.213804,0.812749,0.000001,0.258506,0.808470,-0.032641,0.295185,0.768256,-0.048126,0.271436,0.719474,-0.062549,0.240656,0.680218,-0.075187,0.311639,0.652802,-0.026037,0.357806,0.589016,-0.047101,0.385915,0.544172,-0.058525,0.405278,0.509515,-0.062131,0.276717,0.631183,-0.027479,0.297878,0.544001,-0.055451,0.314319,0.487001,-0.073935,0.326261,0.439970,-0.080235,0.241983,0.633536,-0.032641,0.245567,0.618594,-0.072910,0.247658,0.676052,-0.086004,0.247086,0.711198,-0.080767,0.209073,0.645475,-0.039662,0.202001,0.585393,-0.062473,0.197370,0.543719,-0.065281,0.194402,0.496822,-0.061410
3679,0,0.021360,0.022160,0.097939,2.305897,1.940159,0.214039,0.812683,0.000001,0.258843,0.808507,-0.033053,0.295323,0.767726,-0.048495,0.271926,0.719353,-0.062796,0.241193,0.680153,-0.075310,0.311765,0.652652,-0.026111,0.358068,0.588992,-0.047012,0.386326,0.544049,-0.058118,0.405739,0.509476,-0.061541,0.276694,0.631193,-0.027424,0.297373,0.544182,-0.055532,0.313872,0.486886,-0.074093,0.325699,0.439607,-0.080407,0.241772,0.633394,-0.032520,0.244740,0.619097,-0.073294,0.247304,0.677033,-0.086873,0.246901,0.712393,-0.081852,0.208718,0.645059,-0.039481,0.201447,0.585201,-0.062606,0.196761,0.543719,-0.065839,0.193573,0.496177,-0.062302
3711,0,0.028356,0.028397,0.055294,2.313169,1.952044,0.213750,0.812643,0.000001,0.258677,0.808878,-0.032792,0.295257,0.768966,-0.048429,0.271850,0.720749,-0.063003,0.240863,0.681708,-0.075870,0.311280,0.652515,-0.026321,0.357456,0.588743,-0.047480,0.385624,0.543760,-0.058942,0.405057,0.508926,-0.062624,0.276257,0.631180,-0.027877,0.297274,0.544442,-0.056172,0.314047,0.487295,-0.075035,0.325934,0.439689,-0.081677,0.241470,0.633669,-0.033153,0.245287,0.619591,-0.073744,0.248455,0.677022,-0.087218,0.248363,0.711937,-0.082360,0.208450,0.645530,-0.040269,0.201329,0.585231,-0.063269,0.196867,0.543479,-0.066305,0.193791,0.496150,-0.062700
3737,0,0.029883,0.034181,0.101911,2.299398,1.930145,0.213658,0.813086,0.000001,0.258878,0.808771,-0.032984,0.294751,0.767709,-0.048593,0.270562,0.718689,-0.063122,0.239728,0.679256,-0.075830,0.311328,0.652593,-0.026288,0.357554,0.588523,-0.047379,0.385764,0.543322,-0.058722,0.405183,0.508453,-0.062363,0.276036,0.630943,-0.027673,0.296996,0.543872,-0.055915,0.313431,0.486459,-0.074540,0.325412,0.438902,-0.080951,0.241270,0.633461,-0.032832,0.245118,0.618517,-0.073364,0.247607,0.676006,-0.086641,0.246994,0.711279,-0.081482,0.208387,0.645773,-0.039869,0.201299,0.585728,-0.062932,0.196767,0.544148,-0.065967,0.193509,0.496924,-0.062287
3789,0,0.014997,0.019280,0.054452,2.293871,1.934925,0.213151,0.812910,0.000001,0.258501,0.808844,-0.033021,0.294970,0.767569,-0.048581,0.271310,0.718878,-0.062961,0.240507,0.679686,-0.075591,0.311138,0.652965,-0.026440,0.356925,0.588478,-0.047592,0.384835,0.543238,-0.059005,0.404487,0.508366,-0.062733,0.276048,0.631540,-0.027790,0.296855,0.544466,-0.055961,0.313292,0.486778,-0.074716,0.325371,0.439090,-0.081260,0.241289,0.633849,-0.032907,0.245124,0.618491,-0.073385,0.247686,0.675776,-0.086662,0.247226,0.711222,-0.081716,0.208263,0.645691,-0.039907,0.201080,0.585489,-0.062923,0.196477,0.543436,-0.065967,0.193423,0.496076,-0.062429
3821,0,0.024462,0.024624,0.059986,2.287369,1.931898,0.213476,0.812543,0.000001,0.258753,0.808749,-0.033244,0.294641,0.768071,-0.049096,0.271176,0.718610,-0.063791,0.240336,0.678811,-0.076663,0.311197,0.652908,-0.026978,0.357265,0.588372,-0.048299,0.385621,0.543156,-0.059804,0.405209,0.508105,-0.063525,0.275968,0.630964,-0.028269,0.296849,0.543528,-0.056653,0.313308,0.486049,-0.075296,0.325275,0.438455,-0.081638,0.241267,0.633065,-0.033319,0.244878,0.618127,-0.073853,0.247138,0.675249,-0.087029,0.246400,0.710700,-0.081789,0.208489,0.645194,-0.040287,0.200973,0.585077,-0.063336,0.196413,0.543370,-0.066335,0.193412,0.496193,-0.062652
3854,0,0.026055,0.021528,0.069635,2.303818,1.942129,0.213311,0.812941,0.000001,0.258412,0.808490,-0.032924,0.294592,0.767487,-0.048549,0.270912,0.719061,-0.063073,0.239958,0.679315,-0.075809,0.311183,0.652990,-0.026613,0.357303,0.588653,-0.047751,0.385312,0.543366,-0.059081,0.404754,0.508499,-0.062730,0.275927,0.631352,-0.028058,0.297110,0.544016,-0.056343,0.313539,0.486627,-0.075010,0.325462,0.439223,-0.081435,0.241296,0.633641,-0.033247,0.245706,0.619014,-0.073832,0.248462,0.676625,-0.087138,0.248057,0.711753,-0.082044,0.208333,0.645609,-0.040299,0.201297,0.585644,-0.063377,0.196814,0.543824,-0.066494,0.194048,0.496626,-0.062920
3882,0,0.015919,0.020032,0.043776,2.302754,1.944914,0.213624,0.812564,0.000001,0.258316,0.808245,-0.032903,0.294656,0.767693,-0.048460,0.271098,0.718923,-0.062915,0.240483,0.679332,-0.075582,0.311212,0.652724,-0.026322,0.357291,0.588697,-0.047357,0.385316,0.543491,-0.058731,0.404997,0.508804,-0.062344,0.276281,0.631244,-0.027749,0.297257,0.543894,-0.055840,0.313678,0.486640,-0.074516,0.325624,0.439262,-0.081021,0.241578,0.633643,-0.032903,0.245460,0.619389,-0.073375,0.248015,0.676747,-0.086803,0.247472,0.711460,-0.081782,0.208590,0.645580,-0.039940,0.201473,0.585144,-0.062839,0.196962,0.543444,-0.065730,0.193902,0.496552,-0.062040
3915,0,0.015436,0.016666,0.061069,2.301582,1.938365,0.213713,0.812765,0.000001,0.258685,0.808672,-0.032695,0.294656,0.767605,-0.048178,0.270703,0.719328,-0.062578,0.240077,0.679920,-0.075230,0.311159,0.652915,-0.026198,0.357354,0.588535,-0.047228,0.385600,0.543454,-0.058399,0.405057,0.508635,-0.061894,0.275999,0.631457,-0.027679,0.297132,0.544497,-0.055929,0.313732,0.487162,-0.074546,0.325698,0.439768,-0.080930,0.241278,0.633627,-0.032904,0.244823,0.618819,-0.073407,0.247690,0.675959,-0.086857,0.247419,0.710989,-0.081842,0.208377,0.645396,-0.039971,0.201063,0.585248,-0.062882,0.196344,0.543454,-0.065998,0.193235,0.496218,-0.062426
3949,0,0.024031,0.029523,0.061184,2.314827,1.945390,0.213263,0.813340,0.000001,0.258377,0.809267,-0.032681,0.294666,0.768442,-0.048102,0.271010,0.720878,-0.062518,0.240053,0.682132,-0.075150,0.311161,0.652578,-0.025701,0.357297,0.588601,-0.046699,0.385183,0.543448,-0.057814,0.404465,0.508885,-0.061228,0.276241,0.631390,-0.027276,0.297633,0.544062,-0.055424,0.314530,0.487121,-0.073936,0.326506,0.440236,-0.080120,0.241474,0.633946,-0.032663,0.245262,0.619144,-0.073481,0.248063,0.676987,-0.087024,0.247859,0.712686,-0.081789,0.208425,0.645649,-0.039832,0.201351,0.585462,-0.062973,0.196465,0.543677,-0.066046,0.193062,0.496023,-0.062328
3978,0,0.047298,0.042157,0.092875,2.296549,1.946952,0.212970,0.812577,0.000001,0.258203,0.808564,-0.033509,0.294095,0.767967,-0.049367,0.270183,0.719224,-0.064044,0.240227,0.679431,-0.076853,0.311233,0.652892,-0.027104,0.357496,0.588616,-0.048414,0.385629,0.543260,-0.059736,0.405136,0.508409,-0.063320,0.276183,0.631484,-0.028286,0.297523,0.544316,-0.056763,0.314058,0.486803,-0.075404,0.325851,0.439517,-0.081809,0.241508,0.633566,-0.033299,0.244734,0.618136,-0.074146,0.247373,0.675328,-0.087679,0.247149,0.710691,-0.082647,0.208437,0.645139,-0.040218,0.201064,0.584934,-0.063510,0.196070,0.543005,-0.066865,0.192745,0.495470,-0.063434
4012,0,0.019897,0.019606,0.054105,2.298168,1.941722,0.212829,0.812990,0.000001,0.257719,0.809063,-0.033162,0.293613,0.768756,-0.048917,0.269901,0.720044,-0.063626,0.239373,0.679735,-0.076435,0.310884,0.652945,-0.026701,0.357119,0.588499,-0.048005,0.385614,0.543260,-0.059331,0.405208,0.508459,-0.062866,0.275665,0.631224,-0.028050,0.297008,0.544129,-0.056481,0.313647,0.486865,-0.075029,0.325530,0.439776,-0.081262,0.240874,0.633358,-0.033200,0.244517,0.618417,-0.073926,0.247109,0.675884,-0.087267,0.246735,0.710925,-0.082174,0.207821,0.645249,-0.040251,0.200898,0.584820,-0.063360,0.196140,0.543063,-0.066439,0.192786,0.495547,-0.062790
4045,0,0.036427,0.036506,0.093877,2.308701,1.945267,0.212979,0.813230,0.000001,0.257697,0.808945,-0.033396,0.293090,0.768137,-0.049285,0.269668,0.720480,-0.064013,0.239601,0.680830,-0.076915,0.310526,0.653101,-0.027364,0.356712,0.588933,-0.048714,0.384799,0.543654,-0.059979,0.404533,0.508892,-0.063404,0.275582,0.631218,-0.028715,0.297432,0.544183,-0.057315,0.314323,0.486829,-0.075849,0.326570,0.439430,-0.081977,0.240803,0.633372,-0.033891,0.244368,0.619268,-0.075164,0.247080,0.678033,-0.088827,0.247137,0.714056,-0.083651,0.207897,0.644996,-0.040912,0.200485,0.585038,-0.064280,0.195342,0.543618,-0.067591,0.192132,0.496232,-0.064013
4075,0,0.038937,0.042522,0.111640,2.293741,1.950134,0.212397,0.812646,0.000001,0.257174,0.808946,-0.033208,0.292981,0.768258,-0.048926,0.269332,0.720182,-0.063482,0.239699,0.680196,-0.076133,0.310617,0.652727,-0.026959,0.356308,0.588060,-0.048240,0.384106,0.542574,-0.059519,0.403363,0.507430,-0.063025,0.275807,0.630700,-0.028178,0.297980,0.544134,-0.056357,0.315150,0.486794,-0.074723,0.327590,0.439329,-0.080934,0.241152,0.632886,-0.033208,0.244843,0.617586,-0.073885,0.247758,0.675757,-0.087259,0.247715,0.711902,-0.082153,0.208011,0.644849,-0.040086,0.200707,0.584980,-0.063292,0.195376,0.543455,-0.066492,0.191704,0.496322,-0.062949
4107,0,0.031505,0.045114,0.125303,2.293175,1.923632,0.212690,0.813700,0.000001,0.257271,0.809805,-0.033333,0.292255,0.768355,-0.049209,0.269006,0.720240,-0.063960,0.239410,0.679966,-0.076806,0.310674,0.652758,-0.026892,0.356306,0.588540,-0.048371,0.384176,0.542798,-0.059806,0.403537,0.507887,-0.063465,0.275674,0.631215,-0.028321,0.297696,0.544277,-0.056833,0.314985,0.486967,-0.075205,0.327513,0.440230,-0.081418,0.240894,0.633454,-0.033638,0.244193,0.616802,-0.074671,0.246605,0.674654,-0.088050,0.246311,0.710739,-0.082943,0.207700,0.645554,-0.040861,0.199915,0.585339,-0.064380,0.194577,0.543477,-0.067886,0.191076,0.495213,-0.064608
4155,0,0.029233,0.027715,0.119025,2.286220,1.924402,0.212281,0.813585,0.000001,0.257585,0.809139,-0.033396,0.291975,0.768170,-0.049301,0.267994,0.720103,-0.064041,0.238938,0.680183,-0.076834,0.310526,0.652541,-0.027457,0.355391,0.587543,-0.048995,0.382578,0.541731,-0.060490,0.401442,0.506335,-0.064232,0.275445,0.630632,-0.028756,0.297701,0.544425,-0.057091,0.315105,0.487348,-0.075460,0.328071,0.440043,-0.081799,0.240439,0.632772,-0.033911,0.243989,0.617521,-0.074696,0.246693,0.675902,-0.088062,0.246674,0.712343,-0.083097,0.207219,0.645069,-0.040976,0.199792,0.585133,-0.064347,0.194442,0.544020,-0.067784,0.190701,0.497072,-0.064500
4188,0,0.039942,0.030884,0.125507,2.284325,1.917763,0.211483,0.814305,0.000001,0.257008,0.810000,-0.033606,0.292049,0.768722,-0.049454,0.267416,0.720963,-0.064080,0.238203,0.681484,-0.076758,0.309990,0.652526,-0.027152,0.354088,0.587402,-0.048804,0.380912,0.541088,-0.060490,0.399856,0.505472,-0.064423,0.274862,0.631128,-0.028469,0.297008,0.544851,-0.056786,0.314327,0.487631,-0.075231,0.327249,0.440072,-0.081646,0.239918,0.633849,-0.033720,0.243222,0.616637,-0.074581,0.245490,0.675102,-0.087756,0.245302,0.711256,-0.082715,0.206489,0.646735,-0.040976,0.199671,0.587367,-0.064614,0.194599,0.546611,-0.068204,0.191124,0.499109,-0.065034
4219,0,0.064972,0.058577,0.119146,2.260584,1.925868,0.210736,0.813251,0.000001,0.256854,0.808626,-0.033489,0.290987,0.767815,-0.049392,0.266490,0.721135,-0.064148,0.237061,0.681798,-0.076955,0.309163,0.652683,-0.027181,0.352413,0.586406,-0.048513,0.377315,0.538816,-0.059675,0.394306,0.501960,-0.063307,0.273688,0.631368,-0.028672,0.295598,0.545183,-0.057267,0.311908,0.487514,-0.075540,0.323566,0.439808,-0.081657,0.238537,0.633756,-0.034081,0.241762,0.617554,-0.075235,0.244054,0.677031,-0.088615,0.243954,0.713658,-0.083492,0.205167,0.646314,-0.041478,0.198571,0.588255,-0.065219,0.193588,0.548031,-0.069003,0.190317,0.500944,-0.065907
4249,0,0.153182,0.167840,0.281997,2.256045,1.946594,0.210808,0.812003,0.000001,0.256804,0.809300,-0.033682,0.291535,0.770303,-0.049648,0.271594,0.728124,-0.064816,0.242927,0.692612,-0.078311,0.307718,0.651368,-0.027428,0.348990,0.585081,-0.049762,0.374146,0.538189,-0.061433,0.390740,0.500898,-0.065044,0.271872,0.632135,-0.029196,0.292571,0.545376,-0.059000,0.308307,0.487901,-0.077323,0.319221,0.438994,-0.082949,0.235949,0.635321,-0.035088,0.236125,0.620154,-0.078159,0.238353,0.684306,-0.091769,0.239203,0.722955,-0.085838,0.201728,0.647680,-0.042919,0.195623,0.590585,-0.067363,0.191118,0.551227,-0.071051,0.189000,0.503323,-0.067629
4282,0,0.158404,0.166618,0.303010,2.258633,1.918302,0.211308,0.813164,0.000001,0.257145,0.810168,-0.035861,0.291344,0.774761,-0.053472,0.277430,0.736326,-0.070254,0.255121,0.698334,-0.085118,0.307517,0.648919,-0.028316,0.346932,0.583447,-0.051816,0.371069,0.536546,-0.064459,0.387330,0.498474,-0.068636,0.271287,0.631318,-0.029859,0.291022,0.546147,-0.061374,0.305752,0.488162,-0.080828,0.315456,0.438076,-0.086924,0.235001,0.635124,-0.035936,0.232269,0.619778,-0.081355,0.234959,0.686841,-0.095729,0.237182,0.727919,-0.089558,0.200458,0.647990,-0.044139,0.193482,0.590130,-0.070141,0.188632,0.552378,-0.074243,0.187105,0.505709,-0.070819
4317,0,0.189695,0.156821,0.763835,2.149798,1.848133,0.209112,0.812682,0.000001,0.254225,0.810736,-0.035764,0.289158,0.780130,-0.053580,0.288807,0.745446,-0.070589,0.276549,0.706209,-0.085383,0.306016,0.648206,-0.028555,0.344497,0.583864,-0.052979,0.367533,0.537805,-0.066722,0.383645,0.499700,-0.071678,0.270031,0.629109,-0.029719,0.288328,0.545364,-0.061202,0.302075,0.488595,-0.080051,0.311593,0.440394,-0.086134,0.233084,0.632645,-0.035370,0.228380,0.611161,-0.079450,0.229237,0.676577,-0.091615,0.230939,0.718935,-0.084632,0.197847,0.647064,-0.043367,0.189369,0.589709,-0.068862,0.184557,0.553210,-0.072316,0.183967,0.508358,-0.068411
4357,0,0.311392,0.264272,1.382682,1.967653,1.761753,0.207286,0.809252,0.000001,0.251762,0.807711,-0.035517,0.284259,0.781309,-0.055266,0.300370,0.757290,-0.074639,0.305782,0.727488,-0.091909,0.304937,0.642508,-0.028759,0.343604,0.578668,-0.052788,0.365206,0.535454,-0.067167,0.380083,0.496477,-0.074151,0.268876,0.621699,-0.030242,0.285969,0.539851,-0.061123,0.299597,0.486347,-0.079520,0.308393,0.438887,-0.086878,0.231241,0.625628,-0.036099,0.226314,0.585510,-0.077042,0.227162,0.645328,-0.086878,0.228649,0.687408,-0.080871,0.194499,0.644353,-0.044753,0.183996,0.589240,-0.069908,0.178238,0.554073,-0.074038,0.177085,0.512372,-0.071673
4390,0,0.429321,0.435605,1.297514,1.603737,1.377656,0.206219,0.810874,0.000001,0.253250,0.803044,-0.032513,0.291277,0.776739,-0.050715,0.313975,0.747953,-0.068010,0.324315,0.716524,-0.083606,0.303522,0.646986,-0.030720,0.341959,0.579409,-0.053434,0.361273,0.535519,-0.069256,0.374665,0.494260,-0.079301,0.267811,0.623621,-0.031097,0.289349,0.542904,-0.056115,0.301764,0.485689,-0.074127,0.308889,0.436298,-0.084965,0.229954,0.625470,-0.034892,0.229635,0.560440,-0.064007,0.226011,0.576286,-0.074618,0.223323,0.594462,-0.075525,0.192009,0.645640,-0.041539,0.180088,0.590257,-0.064196,0.171776,0.553824,-0.071862,0.166870,0.519080,-0.073787
4423,0,0.379778,0.388091,3.088838,1.460809,1.262571,0.205306,0.810113,0.000001,0.254081,0.803543,-0.029456,0.294613,0.779614,-0.045568,0.321681,0.752219,-0.060504,0.342250,0.723587,-0.074644,0.301838,0.647023,-0.029096,0.342141,0.581985,-0.049624,0.362366,0.538602,-0.065053,0.376576,0.496489,-0.075857,0.266398,0.622749,-0.029683,0.289989,0.542188,-0.047653,0.304140,0.488422,-0.062210,0.313183,0.440726,-0.072332,0.229034,0.624280,-0.033550,0.228747,0.563627,-0.052050,0.229127,0.528205,-0.063385,0.229965,0.495363,-0.069754,0.191151,0.644301,-0.040488,0.178309,0.592079,-0.058381,0.169988,0.558000,-0.065546,0.164388,0.524134,-0.068541
4455,0,0.271032,0.286496,0.266480,1.301334,1.091326,0.204480,0.811185,0.000001,0.254515,0.805810,-0.029787,0.296944,0.780981,-0.046762,0.328137,0.752303,-0.062121,0.357764,0.730686,-0.076682,0.302839,0.648051,-0.032258,0.343322,0.583689,-0.053149,0.362678,0.540232,-0.068584,0.376301,0.497980,-0.079990,0.267277,0.621362,-0.033437,0.290814,0.538380,-0.052046,0.304810,0.485868,-0.066037,0.313535,0.438745,-0.075732,0.229578,0.620938,-0.037790,0.228951,0.548436,-0.057027,0.229277,0.501728,-0.069611,0.230349,0.459551,-0.077480,0.191677,0.641002,-0.045013,0.176229,0.584900,-0.064554,0.165725,0.548442,-0.073184,0.158433,0.511943,-0.077480
4487,0,0.263622,0.266336,0.304115,1.121188,0.921586,0.203067,0.811564,0.000001,0.257896,0.809502,-0.029712,0.305973,0.780877,-0.046185,0.342728,0.747952,-0.060741,0.377373,0.728440,-0.074794,0.301550,0.648189,-0.034106,0.342448,0.583856,-0.055205,0.362859,0.539790,-0.070264,0.377475,0.497573,-0.081530,0.265465,0.619502,-0.035326,0.290708,0.535197,-0.054547,0.305071,0.481312,-0.068019,0.314039,0.432102,-0.077272,0.227200,0.617244,-0.039623,0.226118,0.537166,-0.060005,0.225628,0.485371,-0.073323,0.225978,0.438707,-0.081685,0.188628,0.637104,-0.046572,0.169878,0.575005,-0.067322,0.157199,0.535069,-0.076923,0.148139,0.495687,-0.081917
4531,0,0.226754,0.310012,0.236860,0.924029,0.620321,0.205617,0.814688,0.000001,0.263407,0.811577,-0.030625,0.314586,0.779260,-0.046654,0.353399,0.741994,-0.060269,0.388462,0.715146,-0.073414,0.298339,0.645037,-0.035098,0.339298,0.579911,-0.056110,0.361029,0.535356,-0.071059,0.376793,0.493035,-0.082085,0.262341,0.616181,-0.035294,0.287521,0.529973,-0.053991,0.301961,0.475140,-0.066822,0.310434,0.426251,-0.075532,0.224554,0.614114,-0.038610,0.222974,0.529445,-0.058739,0.222128,0.474710,-0.072001,0.222397,0.426316,-0.080319,0.186879,0.635198,-0.044574,0.165197,0.571041,-0.065134,0.151772,0.529918,-0.074826,0.142676,0.490445,-0.079809
4565,0,0.142238,0.090969,0.226693,0.817445,0.587233,0.204245,0.811926,0.000001,0.264490,0.807902,-0.029772,0.316006,0.773379,-0.045585,0.356225,0.736252,-0.059105,0.392163,0.712788,-0.072267,0.295798,0.641877,-0.033860,0.337395,0.576233,-0.054878,0.360134,0.532363,-0.069953,0.376966,0.491808,-0.080921,0.259847,0.613075,-0.034139,0.286530,0.525400,-0.052445,0.302331,0.470145,-0.065008,0.312379,0.422352,-0.073583,0.222317,0.610675,-0.037649,0.222089,0.525042,-0.057271,0.223217,0.469352,-0.070711,0.225218,0.421427,-0.079206,0.185036,0.631245,-0.043711,0.163688,0.567852,-0.063532,0.151170,0.525509,-0.073224,0.143176,0.484795,-0.078448
4596,0,0.155507,0.183758,0.248507,0.794292,0.718063,0.200780,0.807371,0.000001,0.260921,0.802874,-0.030437,0.312861,0.768523,-0.046549,0.356263,0.734213,-0.060473,0.395074,0.715893,-0.073996,0.294230,0.639478,-0.032985,0.337506,0.574487,-0.054012,0.360726,0.530974,-0.069181,0.377737,0.490891,-0.080296,0.259708,0.610303,-0.032965,0.289279,0.524566,-0.051163,0.307301,0.470425,-0.063483,0.319572,0.423385,-0.071950,0.222273,0.606593,-0.036476,0.225552,0.521916,-0.056019,0.228965,0.466458,-0.069622,0.233575,0.417845,-0.078250,0.184440,0.624862,-0.042696,0.167059,0.562088,-0.062359,0.156262,0.519726,-0.072070,0.149517,0.478333,-0.077487
4628,0,0.117690,0.115519,0.176049,0.808552,0.784150,0.199295,0.804867,0.000001,0.259492,0.801343,-0.030278,0.312372,0.766898,-0.046169,0.358105,0.733189,-0.059835,0.397900,0.717120,-0.073100,0.291943,0.637848,-0.032082,0.334763,0.573760,-0.053022,0.358912,0.530926,-0.068411,0.377210,0.491840,-0.079593,0.258116,0.608049,-0.031701,0.288788,0.522971,-0.049535,0.307794,0.469315,-0.061799,0.321562,0.423295,-0.070175,0.221604,0.603377,-0.034807,0.226289,0.519522,-0.053503,0.231012,0.464578,-0.066367,0.237274,0.416839,-0.074623,0.184444,0.621246,-0.040718,0.169623,0.559113,-0.059033,0.161324,0.516212,-0.067930,0.157199,0.474836,-0.072980
4659,0,0.148126,0.137976,0.148496,0.879341,0.872902,0.198597,0.804267,0.000001,0.260581,0.801016,-0.029083,0.315494,0.767006,-0.043835,0.361417,0.732544,-0.056485,0.400794,0.714999,-0.068775,0.290983,0.635689,-0.029063,0.334779,0.571490,-0.048279,0.358688,0.528496,-0.062530,0.376937,0.490452,-0.072859,0.256834,0.606650,-0.028483,0.287713,0.520875,-0.044876,0.306792,0.467423,-0.056525,0.319887,0.422250,-0.064492,0.220530,0.601889,-0.031285,0.225662,0.518004,-0.048519,0.230397,0.464422,-0.060689,0.236145,0.418398,-0.068455,0.183723,0.619169,-0.036790,0.169823,0.556860,-0.053683,0.162613,0.514776,-0.061810,0.159570,0.474216,-0.066253
4692,0,0.043672,0.039835,0.085278,0.892493,0.882268,0.198943,0.803491,0.000001,0.261607,0.799724,-0.029095,0.317473,0.766078,-0.043803,0.364265,0.732193,-0.056502,0.403924,0.714627,-0.068959,0.291344,0.633831,-0.028331,0.334396,0.569118,-0.047219,0.358559,0.526626,-0.061364,0.377033,0.489217,-0.071652,0.257011,0.605653,-0.027628,0.287786,0.520508,-0.043602,0.306397,0.467004,-0.055296,0.319183,0.422254,-0.063414,0.220694,0.601542,-0.030381,0.225869,0.517654,-0.047380,0.230223,0.464092,-0.059757,0.235716,0.418254,-0.067794,0.183902,0.618794,-0.035866,0.170224,0.556777,-0.052845,0.162722,0.514512,-0.061364,0.159398,0.473560,-0.066146
4724,0,0.042946,0.037663,0.045133,0.925618,0.909693,0.199122,0.803734,0.000001,0.262415,0.800632,-0.028805,0.318823,0.766570,-0.043247,0.365552,0.732505,-0.055804,0.405174,0.714745,-0.068040,0.291232,0.633668,-0.027621,0.334627,0.568326,-0.046176,0.358948,0.525993,-0.060097,0.377285,0.488855,-0.070086,0.256955,0.605976,-0.026819,0.287884,0.520892,-0.042605,0.306580,0.467353,-0.054280,0.319232,0.422435,-0.062303,0.220815,0.601995,-0.029447,0.226355,0.518114,-0.046136,0.230796,0.464620,-0.058332,0.235974,0.418802,-0.066155,0.184387,0.619247,-0.034782,0.171068,0.557199,-0.051431,0.163933,0.514859,-0.059696,0.160922,0.473982,-0.064229
4758,0,0.024500,0.022445,0.031947,0.932230,0.897490,0.200097,0.803663,0.000001,0.262899,0.800586,-0.029129,0.319147,0.766768,-0.043864,0.366055,0.732772,-0.056534,0.405972,0.714766,-0.068963,0.292306,0.633892,-0.028287,0.335377,0.568389,-0.046831,0.359501,0.525596,-0.060664,0.377554,0.488322,-0.070567,0.257784,0.606146,-0.027245,0.288617,0.521061,-0.042982,0.307109,0.467538,-0.054609,0.319629,0.422902,-0.062548,0.221423,0.602101,-0.029630,0.226883,0.518259,-0.046229,0.231199,0.465027,-0.058378,0.236475,0.419672,-0.066197,0.184722,0.619054,-0.034702,0.171544,0.557350,-0.051322,0.164326,0.515205,-0.059661,0.161244,0.474706,-0.064192
4790,0,0.036443,0.038941,0.070071,0.913888,0.871553,0.200466,0.803638,0.000001,0.263339,0.800974,-0.030077,0.319941,0.766653,-0.044976,0.367118,0.731559,-0.057592,0.407078,0.712313,-0.069927,0.291733,0.634326,-0.029297,0.334663,0.568651,-0.048260,0.358509,0.525765,-0.062358,0.376887,0.488253,-0.072450,0.257527,0.606597,-0.027815,0.288345,0.521432,-0.043975,0.306538,0.467451,-0.055950,0.319017,0.421979,-0.064120,0.221181,0.602196,-0.029797,0.226680,0.518668,-0.046818,0.231046,0.465255,-0.059034,0.236421,0.419550,-0.066843,0.184336,0.618866,-0.034503,0.171546,0.557078,-0.051384,0.164847,0.515079,-0.059674,0.162147,0.474468,-0.064200
4823,0,0.033297,0.028152,0.102921,0.896767,0.857264,0.199992,0.804224,0.000001,0.263982,0.801443,-0.029752,0.320177,0.766246,-0.044388,0.366691,0.729271,-0.056698,0.406448,0.707687,-0.068767,0.291183,0.634787,-0.028970,0.333776,0.569087,-0.048077,0.358060,0.526130,-0.062231,0.376122,0.488362,-0.072376,0.257004,0.606710,-0.027607,0.287824,0.521582,-0.043947,0.305942,0.467293,-0.055896,0.318004,0.421361,-0.064076,0.220795,0.602759,-0.029692,0.225720,0.518918,-0.047034,0.230093,0.465404,-0.059304,0.235304,0.419319,-0.067123,0.184236,0.619589,-0.034484,0.171041,0.557853,-0.051726,0.164257,0.515486,-0.060186,0.161421,0.474459,-0.064798
4857,0,0.045472,0.063878,0.066158,0.885240,0.824573,0.201191,0.803899,0.000001,0.264177,0.800254,-0.029986,0.320084,0.764646,-0.044488,0.365567,0.726138,-0.056691,0.405362,0.703173,-0.068493,0.290383,0.634050,-0.028465,0.333042,0.568747,-0.047329,0.356943,0.525979,-0.061292,0.374876,0.488519,-0.071254,0.256459,0.606348,-0.026905,0.286979,0.521103,-0.043088,0.305055,0.466841,-0.054970,0.316973,0.420859,-0.063052,0.220377,0.602278,-0.028865,0.225418,0.518524,-0.046089,0.229494,0.465081,-0.058371,0.234504,0.418732,-0.066173,0.184146,0.619225,-0.033526,0.170905,0.557798,-0.050730,0.164129,0.515722,-0.059211,0.161174,0.474916,-0.063812
4891,0,0.073859,0.053744,0.083577,0.864693,0.829439,0.200417,0.802923,0.000001,0.264046,0.799168,-0.030535,0.320093,0.761697,-0.044676,0.365144,0.720646,-0.056324,0.404572,0.696410,-0.067453,0.289507,0.632529,-0.027843,0.331828,0.566599,-0.046431,0.355543,0.523732,-0.060393,0.373374,0.486163,-0.070365,0.255621,0.605309,-0.025729,0.285733,0.520433,-0.041645,0.303380,0.466290,-0.053611,0.315309,0.420216,-0.061829,0.219824,0.601523,-0.027244,0.225086,0.518053,-0.044397,0.229061,0.464435,-0.056882,0.234003,0.417955,-0.064860,0.183530,0.618609,-0.031533,0.170615,0.557417,-0.048785,0.163498,0.515378,-0.057441,0.160142,0.474519,-0.062188
4931,0,0.055717,0.070164,0.087754,0.814449,0.765341,0.200825,0.803276,0.000001,0.263813,0.798511,-0.030683,0.318989,0.759969,-0.044880,0.363605,0.717342,-0.056548,0.402930,0.690391,-0.067619,0.288775,0.631744,-0.028115,0.330447,0.565990,-0.046990,0.354138,0.523108,-0.061048,0.371480,0.485276,-0.071083,0.254823,0.604519,-0.026104,0.284723,0.519339,-0.042252,0.302259,0.465062,-0.054318,0.313791,0.418920,-0.062521,0.218995,0.601067,-0.027716,0.224279,0.517577,-0.045119,0.228092,0.463610,-0.057543,0.232751,0.416707,-0.065428,0.182554,0.618391,-0.032097,0.169755,0.557177,-0.049499,0.162854,0.514953,-0.058101,0.159542,0.474005,-0.062720
4978,0,0.083029,0.058218,0.091879,0.755017,0.731137,0.200445,0.801781,0.000001,0.262425,0.796786,-0.031026,0.317061,0.756939,-0.045373,0.359889,0.712536,-0.056985,0.398461,0.683462,-0.067959,0.288033,0.629505,-0.028572,0.329221,0.563051,-0.047448,0.352100,0.519877,-0.061494,0.369414,0.482035,-0.071511,0.253901,0.602856,-0.026218,0.283147,0.517617,-0.042340,0.300224,0.463954,-0.054271,0.311658,0.418354,-0.062412,0.218020,0.599671,-0.027515,0.223047,0.516822,-0.044694,0.226694,0.462976,-0.056785,0.231566,0.415998,-0.064567,0.181668,0.617314,-0.031605,0.168828,0.556148,-0.048764,0.161851,0.514578,-0.057145,0.158687,0.473983,-0.061654
5023,0,0.092003,0.076611,0.074285,0.672819,0.667468,0.199605,0.801878,0.000001,0.260924,0.795231,-0.031149,0.313975,0.753399,-0.045518,0.355833,0.706825,-0.057077,0.394134,0.675178,-0.067959,0.287433,0.627974,-0.028798,0.327395,0.561097,-0.047790,0.349632,0.517713,-0.061900,0.366173,0.479244,-0.072024,0.253107,0.601617,-0.026625,0.281124,0.516412,-0.043007,0.297778,0.462696,-0.055005,0.309307,0.416755,-0.063176,0.216965,0.599185,-0.028160,0.221245,0.516336,-0.045758,0.224909,0.462435,-0.057954,0.230045,0.415048,-0.065727,0.180451,0.617398,-0.032525,0.167657,0.555915,-0.050222,0.160459,0.514369,-0.058911,0.157056,0.473589,-0.063614
5064,0,0.135274,0.133025,0.103611,0.598717,0.581951,0.198806,0.803086,0.000001,0.260207,0.794438,-0.032077,0.312030,0.748130,-0.046298,0.352759,0.696617,-0.057483,0.391058,0.660975,-0.067949,0.285493,0.626601,-0.029600,0.323988,0.557860,-0.048655,0.344467,0.512752,-0.062636,0.359462,0.472781,-0.072782,0.250913,0.601290,-0.027064,0.278120,0.515099,-0.043582,0.293819,0.460596,-0.055685,0.303989,0.413884,-0.063994,0.214874,0.599757,-0.028322,0.218316,0.516904,-0.046058,0.221356,0.462424,-0.058362,0.225837,0.414628,-0.066311,0.178370,0.618858,-0.032476,0.165102,0.557096,-0.050412,0.157497,0.514951,-0.059320,0.153369,0.473769,-0.064314
5098,0,0.076977,0.072081,0.065801,0.550509,0.541597,0.198646,0.803519,0.000001,0.259504,0.794715,-0.033000,0.310845,0.748771,-0.048025,0.350859,0.696237,-0.059821,0.389541,0.659049,-0.070935,0.283834,0.627914,-0.031094,0.322522,0.558241,-0.050914,0.343546,0.512669,-0.065237,0.359431,0.472124,-0.075549,0.249595,0.602940,-0.028266,0.276682,0.516384,-0.045458,0.292667,0.461548,-0.058016,0.303822,0.413655,-0.066802,0.213758,0.601535,-0.029289,0.217530,0.518730,-0.047785,0.220831,0.463472,-0.060583,0.226043,0.414376,-0.068969,0.177346,0.619825,-0.033241,0.164007,0.557478,-0.051837,0.156261,0.515181,-0.061185,0.151894,0.473746,-0.066561
5130,0,0.036997,0.073556,0.047652,0.550552,0.528112,0.199185,0.805355,0.000001,0.259731,0.796154,-0.032850,0.310337,0.749184,-0.047648,0.349684,0.695574,-0.059191,0.387683,0.657571,-0.070014,0.284184,0.628010,-0.030674,0.322337,0.558160,-0.050404,0.342882,0.512372,-0.064702,0.358152,0.471271,-0.075087,0.250005,0.602856,-0.027918,0.276383,0.515849,-0.044892,0.291428,0.461030,-0.057274,0.301925,0.413308,-0.065901,0.214046,0.601225,-0.029016,0.217430,0.518392,-0.047249,0.220172,0.463033,-0.059910,0.224884,0.413633,-0.068217,0.177264,0.619953,-0.033050,0.163553,0.557901,-0.051442,0.155472,0.515580,-0.060708,0.151023,0.473853,-0.065981
5162,0,0.024140,0.029382,0.053775,0.549356,0.533668,0.198485,0.805906,0.000001,0.259698,0.796102,-0.032769,0.310467,0.748568,-0.047456,0.349401,0.694193,-0.058868,0.386825,0.655256,-0.069557,0.284013,0.628538,-0.031182,0.322465,0.558543,-0.050912,0.342931,0.512606,-0.065057,0.358104,0.471415,-0.075263,0.249753,0.603149,-0.028389,0.276225,0.515741,-0.045286,0.291394,0.460778,-0.057542,0.301915,0.413347,-0.066101,0.213817,0.601275,-0.029374,0.216556,0.518457,-0.047456,0.219342,0.463561,-0.060074,0.224045,0.414974,-0.068392,0.177158,0.619726,-0.033292,0.163008,0.557479,-0.051555,0.154500,0.515375,-0.060837,0.149687,0.474230,-0.066101
5195,0,0.040529,0.054520,0.068577,0.521727,0.494080,0.199330,0.806439,0.000001,0.259796,0.796743,-0.033325,0.310881,0.748918,-0.048356,0.348806,0.693958,-0.060082,0.386206,0.654760,-0.071083,0.284411,0.628568,-0.032197,0.322164,0.558437,-0.052345,0.342710,0.512682,-0.066731,0.358023,0.471344,-0.077128,0.249816,0.603046,-0.029336,0.275949,0.516123,-0.046744,0.291099,0.461162,-0.059196,0.301658,0.413413,-0.067900,0.213656,0.601535,-0.030283,0.216191,0.518325,-0.048880,0.218860,0.463634,-0.061614,0.223482,0.415114,-0.069955,0.177057,0.620735,-0.034192,0.163231,0.557834,-0.052909,0.154815,0.515965,-0.062339,0.150023,0.474850,-0.067739
5227,0,0.019909,0.027432,0.052643,0.525694,0.495096,0.199490,0.807381,0.000001,0.260577,0.797596,-0.033528,0.311654,0.749572,-0.048541,0.349193,0.693808,-0.060173,0.386433,0.654227,-0.071081,0.284407,0.629225,-0.032119,0.322199,0.559072,-0.052284,0.342843,0.513091,-0.066694,0.358320,0.471395,-0.077199,0.249713,0.603057,-0.029100,0.275790,0.516378,-0.046408,0.290701,0.461374,-0.058724,0.301108,0.413402,-0.067297,0.213713,0.601318,-0.029905,0.216277,0.518353,-0.048461,0.218622,0.463572,-0.061059,0.223227,0.414886,-0.069310,0.177439,0.620487,-0.033729,0.163150,0.558382,-0.052485,0.154515,0.516595,-0.061904,0.149483,0.475345,-0.067297
5258,0,0.020871,0.031418,0.048232,0.516824,0.499687,0.198582,0.806758,0.000001,0.260159,0.797300,-0.033361,0.311638,0.749574,-0.048218,0.349584,0.693977,-0.059788,0.386974,0.654644,-0.070674,0.284859,0.628904,-0.031729,0.322378,0.558783,-0.051806,0.342685,0.512711,-0.066199,0.358069,0.471059,-0.076681,0.250181,0.602861,-0.028866,0.275651,0.515735,-0.046242,0.290301,0.460782,-0.058660,0.300300,0.412955,-0.067287,0.214078,0.601402,-0.029834,0.216003,0.518073,-0.048581,0.218087,0.463302,-0.061361,0.222202,0.414520,-0.069706,0.177780,0.620721,-0.033785,0.163128,0.558642,-0.052773,0.154218,0.516732,-0.062369,0.148856,0.475322,-0.067852
5299,0,0.037597,0.050781,0.058624,0.493767,0.473347,0.199043,0.805294,0.000001,0.260390,0.796383,-0.033523,0.312236,0.750297,-0.048599,0.350915,0.695959,-0.060305,0.388644,0.657947,-0.071325,0.284724,0.628113,-0.032130,0.323077,0.558683,-0.052151,0.343672,0.512960,-0.066400,0.358777,0.471541,-0.076774,0.249925,0.602607,-0.029244,0.275600,0.515128,-0.046702,0.290430,0.460008,-0.059175,0.300359,0.412196,-0.067813,0.213907,0.601320,-0.030193,0.215035,0.518386,-0.049003,0.216959,0.462969,-0.062000,0.220898,0.413490,-0.070437,0.177395,0.620397,-0.034108,0.162632,0.557656,-0.053080,0.153783,0.515861,-0.062687,0.148544,0.474637,-0.068176
5330,0,0.038697,0.053734,0.109045,0.470690,0.434219,0.200179,0.804506,0.000001,0.260649,0.795866,-0.032968,0.312396,0.751301,-0.048194,0.351611,0.699371,-0.060183,0.388654,0.662235,-0.071447,0.284577,0.627709,-0.032545,0.323090,0.558402,-0.052901,0.344129,0.512587,-0.067464,0.359398,0.471211,-0.077924,0.249734,0.601796,-0.030011,0.275545,0.513616,-0.047551,0.290231,0.458636,-0.059821,0.299837,0.411766,-0.068269,0.213591,0.600511,-0.031218,0.214699,0.517366,-0.049763,0.216728,0.461860,-0.062355,0.220586,0.412998,-0.070481,0.176988,0.620065,-0.035361,0.162167,0.557580,-0.053907,0.153524,0.515522,-0.062999,0.148518,0.474401,-0.068108