t,missing,delta_l1,delta_l1_wrist,delta_angles,delta_base_l1,delta_base_l1_wrist,x0,y0,z0,x1,y1,z1,x2,y2,z2,x3,y3,z3,x4,y4,z4,x5,y5,z5,x6,y6,z6,x7,y7,z7,x8,y8,z8,x9,y9,z9,x10,y10,z10,x11,y11,z11,x12,y12,z12,x13,y13,z13,x14,y14,z14,x15,y15,z15,x16,y16,z16,x17,y17,z17,x18,y18,z18,x19,y19,z19,x20,y20,z20
31,0,,,,0.000000,0.000000,0.186567,0.774263,0.000000,0.246626,0.770787,-0.027802,0.301706,0.734475,-0.038985,0.341286,0.692816,-0.047865,0.374754,0.661823,-0.055972,0.277107,0.613775,-0.019603,0.305165,0.549692,-0.033992,0.318956,0.508057,-0.046539,0.328429,0.468950,-0.056303,0.246152,0.589704,-0.017770,0.267113,0.513191,-0.030013,0.276605,0.464299,-0.041785,0.281080,0.421604,-0.050776,0.213507,0.584746,-0.019474,0.221899,0.509597,-0.032942,0.226188,0.463570,-0.043223,0.229551,0.421896,-0.050297,0.178674,0.595342,-0.024062,0.173910,0.534617,-0.038064,0.171339,0.495293,-0.045139,0.171093,0.457509,-0.049155
75,0,0.029772,0.026267,0.042430,0.029772,0.026267,0.186741,0.774159,0.000000,0.246668,0.770006,-0.027702,0.301589,0.734031,-0.038868,0.341114,0.692317,-0.047801,0.375016,0.661416,-0.055884,0.277209,0.613310,-0.018973,0.305321,0.549441,-0.033221,0.319145,0.507825,-0.045734,0.328649,0.468755,-0.055441,0.246360,0.589071,-0.017109,0.267280,0.512567,-0.029179,0.276784,0.463694,-0.040861,0.281130,0.421091,-0.049757,0.213684,0.583713,-0.018807,0.222029,0.508967,-0.032058,0.226015,0.463144,-0.042227,0.229167,0.421820,-0.049166,0.178797,0.594088,-0.023347,0.174253,0.533815,-0.037059,0.171721,0.494670,-0.043888,0.171372,0.457317,-0.047727
110,0,0.022053,0.020707,0.047082,0.036217,0.021147,0.187115,0.773481,0.000000,0.247032,0.769162,-0.028175,0.302135,0.733453,-0.039489,0.341859,0.691876,-0.048437,0.375622,0.660597,-0.056571,0.277402,0.612792,-0.019319,0.305410,0.549058,-0.033573,0.319088,0.507359,-0.046070,0.328609,0.468487,-0.055795,0.246696,0.588688,-0.017276,0.267440,0.512453,-0.029376,0.276917,0.463483,-0.041153,0.281472,0.420854,-0.050174,0.214020,0.583581,-0.018848,0.222109,0.508920,-0.032260,0.226193,0.463004,-0.042669,0.229539,0.421306,-0.049842,0.179083,0.594029,-0.023331,0.174172,0.534000,-0.037344,0.171431,0.494521,-0.044517,0.171075,0.456433,-0.048658
144,0,0.032849,0.039837,0.059628,0.037500,0.032696,0.187505,0.772816,0.000000,0.247518,0.769000,-0.027743,0.302504,0.733385,-0.039068,0.341713,0.691659,-0.048144,0.375526,0.660874,-0.056444,0.277736,0.612925,-0.019774,0.305738,0.549196,-0.034309,0.319500,0.507657,-0.046889,0.329006,0.468875,-0.056629,0.246791,0.589028,-0.018031,0.267703,0.512744,-0.030546,0.277345,0.463733,-0.042389,0.281944,0.421056,-0.051390,0.214203,0.584275,-0.019829,0.222318,0.509288,-0.033590,0.226518,0.463115,-0.044012,0.229958,0.421223,-0.051132,0.179511,0.594961,-0.024478,0.174593,0.534362,-0.038773,0.171912,0.494826,-0.046004,0.171663,0.456710,-0.050173
177,0,0.044158,0.047115,0.053481,0.057971,0.026803,0.187672,0.773393,0.000000,0.247796,0.769493,-0.027943,0.302712,0.733770,-0.039231,0.342030,0.692352,-0.048202,0.375722,0.661006,-0.056328,0.278060,0.612637,-0.019119,0.306270,0.549136,-0.033311,0.320010,0.507751,-0.045812,0.329531,0.469038,-0.055482,0.247376,0.588357,-0.017134,0.268311,0.512209,-0.029065,0.277926,0.463444,-0.040702,0.282392,0.420962,-0.049563,0.214779,0.583172,-0.018742,0.223081,0.508716,-0.031969,0.227045,0.463070,-0.042172,0.230141,0.421628,-0.049195,0.179922,0.593453,-0.023219,0.175118,0.533259,-0.036970,0.172529,0.494060,-0.043937,0.172312,0.456247,-0.047908
210,0,0.022374,0.031461,0.054543,0.052228,0.027917,0.186941,0.773103,0.000000,0.247440,0.769217,-0.028272,0.302713,0.733720,-0.039665,0.341978,0.691969,-0.048677,0.375980,0.660736,-0.056838,0.278300,0.612456,-0.019482,0.306366,0.549025,-0.033774,0.319976,0.507601,-0.046313,0.329481,0.468854,-0.056100,0.247424,0.588228,-0.017460,0.268551,0.512143,-0.029656,0.278015,0.463308,-0.041475,0.282368,0.420606,-0.050486,0.214680,0.583037,-0.019057,0.223273,0.508577,-0.032666,0.227266,0.462653,-0.043211,0.230434,0.420807,-0.050412,0.179622,0.593526,-0.023563,0.175056,0.533400,-0.037782,0.172282,0.493932,-0.045094,0.171781,0.455792,-0.049341
244,0,0.024160,0.035258,0.056598,0.041149,0.019264,0.187419,0.772834,0.000000,0.247345,0.768979,-0.027635,0.302067,0.733734,-0.038966,0.341581,0.692070,-0.048060,0.375427,0.661202,-0.056378,0.277814,0.613045,-0.019649,0.305867,0.549057,-0.034049,0.319676,0.507614,-0.046507,0.329342,0.468894,-0.056193,0.247062,0.588787,-0.017930,0.268002,0.511956,-0.030186,0.277378,0.463226,-0.041775,0.281806,0.420800,-0.050611,0.214473,0.583636,-0.019760,0.222862,0.508345,-0.033328,0.227025,0.462050,-0.043587,0.230336,0.420257,-0.050648,0.179628,0.594581,-0.024400,0.174859,0.534107,-0.038559,0.172237,0.494581,-0.045657,0.172046,0.456495,-0.049724
277,0,0.029578,0.038965,0.046310,0.040692,0.023530,0.186776,0.773626,0.000000,0.246970,0.769057,-0.027649,0.302106,0.733317,-0.038771,0.341598,0.691833,-0.047699,0.375123,0.660606,-0.055815,0.277632,0.612502,-0.018814,0.305460,0.548524,-0.033109,0.319289,0.507026,-0.045744,0.328954,0.467986,-0.055520,0.246680,0.588660,-0.017108,0.267595,0.512026,-0.029180,0.277066,0.463414,-0.040874,0.281651,0.421005,-0.049765,0.214040,0.583606,-0.019035,0.222278,0.508646,-0.032445,0.226290,0.462504,-0.042756,0.229619,0.420777,-0.049802,0.178866,0.594432,-0.023813,0.174527,0.533931,-0.037849,0.171965,0.494421,-0.044895,0.171773,0.456131,-0.048953
311,0,0.025999,0.021162,0.059973,0.037873,0.024992,0.186315,0.773493,0.000000,0.246797,0.769312,-0.028152,0.301432,0.733075,-0.039657,0.340737,0.690777,-0.048868,0.375049,0.659691,-0.057265,0.277365,0.612391,-0.019551,0.305322,0.548435,-0.034034,0.318919,0.506835,-0.046722,0.328341,0.467700,-0.056600,0.246419,0.588203,-0.017627,0.267346,0.511846,-0.029872,0.276656,0.463248,-0.041654,0.281127,0.420692,-0.050607,0.213735,0.582998,-0.019310,0.221950,0.508323,-0.032831,0.226111,0.462395,-0.043060,0.229503,0.420759,-0.050089,0.178837,0.593910,-0.023898,0.174063,0.533516,-0.037955,0.171602,0.494136,-0.044984,0.171470,0.456123,-0.049016
344,0,0.028403,0.024848,0.037753,0.050796,0.017756,0.186058,0.772790,0.000000,0.246263,0.768816,-0.027612,0.301161,0.732731,-0.038753,0.340627,0.690858,-0.047673,0.374660,0.659944,-0.055779,0.276835,0.612477,-0.019154,0.305088,0.548138,-0.033331,0.318675,0.506246,-0.045637,0.328023,0.467386,-0.055224,0.245943,0.588458,-0.017369,0.266734,0.511452,-0.029426,0.276167,0.462546,-0.040974,0.280661,0.420360,-0.049820,0.213352,0.583288,-0.019136,0.221580,0.507874,-0.032516,0.225619,0.461581,-0.042824,0.228876,0.420005,-0.049894,0.178370,0.593971,-0.023726,0.173566,0.533508,-0.037809,0.170899,0.493801,-0.045008,0.170628,0.455848,-0.049154
379,0,0.017130,0.018951,0.035278,0.058095,0.020716,0.186049,0.772923,0.000000,0.245926,0.768525,-0.027732,0.300938,0.731968,-0.038946,0.340357,0.690197,-0.047888,0.374298,0.659507,-0.056017,0.276816,0.611961,-0.019381,0.304570,0.547643,-0.033625,0.318044,0.505769,-0.046152,0.327250,0.466639,-0.055907,0.245784,0.588183,-0.017542,0.266466,0.511259,-0.029616,0.275749,0.462524,-0.041311,0.280302,0.420269,-0.050253,0.213094,0.583076,-0.019270,0.221450,0.507859,-0.032628,0.225323,0.461800,-0.042937,0.228437,0.420378,-0.050068,0.178058,0.593648,-0.023833,0.173554,0.533267,-0.037801,0.170861,0.493769,-0.044895,0.170446,0.455784,-0.048997
413,0,0.016722,0.012581,0.049901,0.068513,0.020533,0.185555,0.772772,0.000000,0.245678,0.768354,-0.028026,0.300484,0.732220,-0.039339,0.339870,0.690329,-0.048398,0.373885,0.659250,-0.056569,0.276376,0.611620,-0.019263,0.304506,0.547803,-0.033516,0.317968,0.506152,-0.046069,0.327079,0.467120,-0.055829,0.245340,0.587759,-0.017313,0.266173,0.511571,-0.029505,0.275312,0.462648,-0.041336,0.279533,0.420021,-0.050357,0.212576,0.582872,-0.018967,0.221017,0.508213,-0.032481,0.225047,0.462244,-0.042889,0.228287,0.420636,-0.050062,0.177472,0.593327,-0.023496,0.173107,0.533223,-0.037639,0.170467,0.493771,-0.044848,0.170054,0.455796,-0.048989
444,0,0.026684,0.030550,0.047897,0.090343,0.043325,0.185410,0.773169,0.000000,0.245141,0.768550,-0.027810,0.300166,0.731575,-0.039000,0.339549,0.689577,-0.047938,0.373475,0.658667,-0.056026,0.276079,0.611468,-0.019038,0.303844,0.547525,-0.033165,0.317296,0.505492,-0.045574,0.326569,0.466348,-0.055287,0.244918,0.587723,-0.017210,0.265535,0.510991,-0.029139,0.274680,0.462048,-0.040699,0.278890,0.419467,-0.049489,0.212190,0.582850,-0.018983,0.220645,0.507776,-0.032223,0.224495,0.461585,-0.042398,0.227448,0.419688,-0.049415,0.177079,0.593447,-0.023637,0.172541,0.533140,-0.037505,0.169898,0.493733,-0.044503,0.169426,0.455768,-0.048529
479,0,0.050706,0.037194,0.041204,0.114331,0.047111,0.184723,0.772907,0.000000,0.244582,0.768085,-0.028188,0.299070,0.731882,-0.039904,0.338468,0.689661,-0.049306,0.372415,0.658572,-0.057857,0.274929,0.611704,-0.020100,0.302737,0.547235,-0.034777,0.315988,0.505144,-0.047530,0.325259,0.465737,-0.057450,0.244013,0.587695,-0.018212,0.264492,0.510866,-0.030705,0.273583,0.462135,-0.042532,0.277884,0.419750,-0.051490,0.211405,0.582690,-0.019878,0.219852,0.507480,-0.033593,0.223845,0.461298,-0.043865,0.227139,0.419620,-0.050861,0.176606,0.593468,-0.024431,0.171833,0.532798,-0.038609,0.169167,0.493341,-0.045642,0.168789,0.455386,-0.049677
512,0,0.035193,0.022177,0.054063,0.145713,0.042493,0.183703,0.772109,0.000000,0.243521,0.767917,-0.028675,0.298140,0.731807,-0.040637,0.337076,0.689183,-0.050214,0.371105,0.657648,-0.058866,0.274449,0.611402,-0.020633,0.302442,0.546948,-0.035405,0.315609,0.504605,-0.048069,0.324275,0.464986,-0.057905,0.243535,0.587108,-0.018470,0.264150,0.510462,-0.031097,0.272978,0.461646,-0.042893,0.276761,0.419195,-0.051767,0.210741,0.582026,-0.019875,0.219123,0.506887,-0.033612,0.222982,0.461039,-0.043743,0.226124,0.419764,-0.050658,0.175710,0.592506,-0.024220,0.171073,0.532355,-0.038345,0.168334,0.493089,-0.045333,0.167786,0.455610,-0.049253
546,0,0.038486,0.047833,0.048726,0.144323,0.052357,0.184019,0.772432,0.000000,0.243181,0.767796,-0.027804,0.297865,0.731246,-0.039192,0.336649,0.688831,-0.048324,0.370353,0.657914,-0.056569,0.274191,0.610900,-0.019725,0.301706,0.546206,-0.034034,0.314566,0.504029,-0.046438,0.323328,0.464879,-0.056089,0.243107,0.587182,-0.017904,0.263482,0.510036,-0.030115,0.272224,0.461140,-0.041632,0.276123,0.419099,-0.050358,0.210296,0.582440,-0.019633,0.218495,0.506949,-0.033054,0.222284,0.460925,-0.043185,0.225128,0.419343,-0.050136,0.175361,0.593166,-0.024218,0.170556,0.532632,-0.038193,0.167598,0.493166,-0.045255,0.166921,0.455208,-0.049285
580,0,0.031274,0.025226,0.043967,0.157216,0.063966,0.183675,0.772715,0.000000,0.243171,0.767516,-0.027009,0.297755,0.730576,-0.037961,0.336435,0.688577,-0.046841,0.369999,0.657558,-0.054870,0.273485,0.611092,-0.018648,0.301022,0.547000,-0.032763,0.314097,0.505177,-0.045102,0.323128,0.466265,-0.054722,0.242711,0.587465,-0.017242,0.263306,0.510588,-0.029285,0.272002,0.461590,-0.040773,0.275564,0.419261,-0.049505,0.210110,0.582566,-0.019369,0.218044,0.507322,-0.032707,0.221881,0.461367,-0.042845,0.224858,0.419645,-0.049801,0.175021,0.593263,-0.024290,0.170032,0.532575,-0.038183,0.167141,0.493227,-0.045102,0.166545,0.455550,-0.049061
612,0,0.031648,0.023576,0.054490,0.160878,0.049685,0.183043,0.772488,0.000000,0.242519,0.767596,-0.027975,0.297087,0.731337,-0.039383,0.335821,0.689040,-0.048479,0.369323,0.657307,-0.056652,0.272902,0.611152,-0.019525,0.300659,0.547053,-0.033854,0.313778,0.505024,-0.046261,0.322532,0.465722,-0.055949,0.242167,0.587065,-0.017657,0.262715,0.510213,-0.029934,0.271432,0.461090,-0.041564,0.275186,0.418517,-0.050328,0.209627,0.582050,-0.019358,0.217647,0.507255,-0.032874,0.221376,0.461187,-0.043080,0.224294,0.419206,-0.050033,0.174826,0.592750,-0.023925,0.169788,0.532772,-0.037977,0.166779,0.493561,-0.045003,0.165997,0.455635,-0.048997
645,0,0.022962,0.024461,0.040396,0.168816,0.066220,0.183218,0.772727,0.000000,0.242619,0.767801,-0.027231,0.297010,0.731426,-0.038331,0.335514,0.689146,-0.047285,0.368997,0.657558,-0.055351,0.272755,0.611451,-0.018786,0.300159,0.546936,-0.032929,0.313274,0.504964,-0.045213,0.322253,0.466195,-0.054722,0.242024,0.587687,-0.017205,0.262484,0.510389,-0.029285,0.271196,0.461316,-0.040699,0.274837,0.419121,-0.049283,0.209530,0.582860,-0.019166,0.217656,0.507386,-0.032522,0.221316,0.461159,-0.042586,0.224201,0.419302,-0.049431,0.174754,0.593402,-0.023939,0.169818,0.532922,-0.037832,0.166812,0.493513,-0.044732,0.166048,0.455741,-0.048654
679,0,0.028674,0.032987,0.049960,0.161285,0.049079,0.182717,0.772576,0.000000,0.242409,0.767745,-0.027439,0.296955,0.731427,-0.038607,0.335136,0.689127,-0.047630,0.368743,0.657772,-0.055839,0.272604,0.611554,-0.019137,0.299950,0.547382,-0.033578,0.313129,0.505473,-0.046040,0.322162,0.466420,-0.055728,0.241930,0.588060,-0.017612,0.262371,0.510977,-0.030138,0.271081,0.461771,-0.041935,0.274989,0.419039,-0.050810,0.209402,0.583432,-0.019636,0.217409,0.508130,-0.033522,0.221118,0.461632,-0.043932,0.223949,0.419440,-0.051032,0.174498,0.594107,-0.024462,0.169557,0.533522,-0.038866,0.166509,0.493962,-0.046151,0.165689,0.455683,-0.050329
714,0,0.017302,0.020262,0.027227,0.164973,0.057383,0.182933,0.772495,0.000000,0.242518,0.767593,-0.028166,0.296629,0.731335,-0.039536,0.335039,0.688706,-0.048617,0.368856,0.656981,-0.056849,0.272660,0.611067,-0.019583,0.299953,0.546861,-0.034017,0.313047,0.504817,-0.046587,0.322088,0.465315,-0.056406,0.241945,0.587555,-0.017728,0.262250,0.511216,-0.030123,0.271010,0.461929,-0.042046,0.274837,0.418668,-0.051090,0.209236,0.583158,-0.019454,0.217280,0.508459,-0.033279,0.221017,0.461924,-0.043855,0.224070,0.419458,-0.051090,0.174489,0.594070,-0.024068,0.169346,0.533701,-0.038539,0.166344,0.493989,-0.045959,0.165576,0.455919,-0.050204
747,0,0.033760,0.038974,0.042832,0.179526,0.074664,0.183642,0.772014,0.000000,0.242921,0.767170,-0.027439,0.296883,0.730812,-0.038587,0.335068,0.688428,-0.047506,0.368420,0.656964,-0.055541,0.272632,0.610396,-0.019128,0.300100,0.546402,-0.033243,0.313319,0.504512,-0.045479,0.322225,0.465615,-0.055025,0.241603,0.586825,-0.017451,0.262045,0.510035,-0.029558,0.270818,0.460865,-0.041057,0.274465,0.418375,-0.049718,0.209081,0.582099,-0.019294,0.217176,0.506919,-0.032727,0.220845,0.460800,-0.043010,0.223681,0.418827,-0.049975,0.174408,0.593095,-0.023956,0.169390,0.532964,-0.038071,0.166288,0.493645,-0.045221,0.165419,0.455958,-0.049312
780,0,0.030004,0.041254,0.076266,0.174764,0.061380,0.182907,0.772075,0.000000,0.242638,0.766968,-0.027643,0.296898,0.730369,-0.038947,0.335511,0.688143,-0.048094,0.369045,0.656204,-0.056355,0.272455,0.610818,-0.019105,0.299696,0.546750,-0.033673,0.313180,0.504891,-0.046287,0.322386,0.465992,-0.056060,0.241709,0.587391,-0.017519,0.261966,0.510640,-0.030188,0.270818,0.461194,-0.042156,0.274762,0.418285,-0.051229,0.209249,0.583001,-0.019529,0.217406,0.507595,-0.033618,0.220971,0.461050,-0.044332,0.223700,0.418733,-0.051598,0.174589,0.593951,-0.024360,0.169759,0.533922,-0.039021,0.166604,0.494167,-0.046545,0.165428,0.456049,-0.050897
812,0,0.041291,0.036319,0.072842,0.197631,0.051639,0.182504,0.770952,0.000000,0.242137,0.766967,-0.028637,0.296524,0.730829,-0.040358,0.334790,0.688135,-0.049682,0.368369,0.655930,-0.058049,0.272392,0.610340,-0.020197,0.299765,0.545771,-0.034829,0.312826,0.503532,-0.047434,0.321583,0.463864,-0.057238,0.241650,0.586270,-0.017967,0.262038,0.509962,-0.030517,0.270819,0.460714,-0.042274,0.274776,0.418020,-0.051157,0.209172,0.581416,-0.019368,0.216996,0.506600,-0.033152,0.220783,0.460468,-0.043490,0.223692,0.418626,-0.050493,0.174656,0.592348,-0.023662,0.169473,0.532475,-0.037999,0.166413,0.493188,-0.045296,0.165681,0.455243,-0.049424
845,0,0.042467,0.059791,0.068319,0.189463,0.078802,0.183736,0.771804,0.000000,0.242851,0.766342,-0.027312,0.297236,0.729684,-0.038270,0.335409,0.687561,-0.047074,0.368522,0.656214,-0.054993,0.273082,0.609918,-0.018721,0.300235,0.545632,-0.032819,0.313481,0.503871,-0.045158,0.322458,0.464945,-0.054809,0.242164,0.586493,-0.017137,0.262266,0.509546,-0.029228,0.271100,0.460426,-0.040922,0.274923,0.417995,-0.049799,0.209620,0.581835,-0.019098,0.217488,0.506530,-0.032598,0.221288,0.460230,-0.043022,0.224133,0.418432,-0.050131,0.174952,0.592741,-0.023850,0.169742,0.532300,-0.038013,0.166533,0.492903,-0.045269,0.165546,0.454966,-0.049394
878,0,0.021857,0.025172,0.048596,0.177341,0.065779,0.183282,0.772024,0.000000,0.242854,0.766629,-0.027267,0.297550,0.730000,-0.038399,0.335971,0.688019,-0.047371,0.369119,0.656051,-0.055568,0.272864,0.609992,-0.018636,0.300251,0.545943,-0.033008,0.313384,0.504258,-0.045525,0.322469,0.465574,-0.055235,0.242142,0.586792,-0.017215,0.262344,0.509899,-0.029667,0.271071,0.460728,-0.041574,0.274752,0.418059,-0.050583,0.209500,0.582375,-0.019347,0.217912,0.506975,-0.033174,0.221581,0.460742,-0.043716,0.224383,0.418813,-0.050842,0.174735,0.593369,-0.024258,0.169792,0.533135,-0.038620,0.166776,0.493710,-0.045894,0.165839,0.455815,-0.049992
910,0,0.022255,0.024025,0.054687,0.172983,0.054585,0.183039,0.772022,0.000000,0.242666,0.767167,-0.027558,0.296928,0.730735,-0.038714,0.335584,0.688422,-0.047653,0.369147,0.657083,-0.055669,0.272569,0.611002,-0.018858,0.300225,0.546575,-0.033099,0.313449,0.504487,-0.045400,0.322414,0.465616,-0.054967,0.242170,0.587176,-0.017103,0.262723,0.510082,-0.029368,0.271565,0.460842,-0.040967,0.275387,0.418370,-0.049685,0.209815,0.582135,-0.018932,0.217901,0.506971,-0.032526,0.221655,0.460728,-0.042814,0.224417,0.419148,-0.049796,0.175107,0.592734,-0.023568,0.169811,0.532877,-0.037772,0.166601,0.493442,-0.044957,0.165529,0.455752,-0.049020
942,0,0.018488,0.029417,0.045994,0.180970,0.079430,0.183326,0.772669,0.000000,0.242963,0.767299,-0.027036,0.297194,0.730609,-0.037920,0.335465,0.688292,-0.046679,0.368885,0.656920,-0.054589,0.273039,0.610738,-0.018544,0.300284,0.546053,-0.032469,0.313326,0.504006,-0.044573,0.322258,0.465081,-0.053997,0.242263,0.587254,-0.017020,0.262593,0.510145,-0.028957,0.271482,0.461053,-0.040396,0.275409,0.418888,-0.049008,0.209652,0.582479,-0.019015,0.217707,0.507033,-0.032432,0.221439,0.460716,-0.042762,0.224300,0.419052,-0.049784,0.174860,0.593116,-0.023783,0.169959,0.532520,-0.037883,0.166771,0.493200,-0.045127,0.165815,0.455343,-0.049229
974,0,0.036032,0.040047,0.040759,0.156659,0.058273,0.183484,0.772554,0.000000,0.242979,0.767230,-0.027585,0.297244,0.731042,-0.038927,0.335396,0.688853,-0.048029,0.368896,0.657056,-0.056244,0.272769,0.611391,-0.019408,0.300015,0.547110,-0.033783,0.313088,0.505111,-0.046216,0.322098,0.466105,-0.055837,0.242011,0.587681,-0.017752,0.262625,0.510817,-0.030083,0.271335,0.461579,-0.041739,0.275205,0.418928,-0.050508,0.209618,0.582976,-0.019630,0.217791,0.507896,-0.033265,0.221559,0.461576,-0.043626,0.224619,0.419835,-0.050656,0.174912,0.593790,-0.024348,0.169866,0.533459,-0.038557,0.166757,0.493844,-0.045772,0.165737,0.455946,-0.049916
1005,0,0.026309,0.020294,0.069191,0.172333,0.058988,0.183286,0.771892,0.000000,0.242643,0.767205,-0.028173,0.296606,0.730631,-0.039778,0.334884,0.688488,-0.049077,0.368872,0.657252,-0.057453,0.272450,0.610684,-0.019815,0.299991,0.546442,-0.034262,0.313152,0.504459,-0.046789,0.322092,0.465197,-0.056494,0.241807,0.586936,-0.017832,0.262368,0.510463,-0.030184,0.271063,0.461206,-0.041845,0.274576,0.418445,-0.050664,0.209283,0.582162,-0.019409,0.217640,0.507259,-0.032989,0.221246,0.461424,-0.043173,0.223762,0.419762,-0.050073,0.174572,0.592931,-0.023874,0.169611,0.533012,-0.037933,0.166644,0.493603,-0.045018,0.165706,0.455874,-0.048966
1038,0,0.026591,0.026879,0.075956,0.169938,0.072060,0.183558,0.772184,0.000000,0.242940,0.767166,-0.027608,0.297044,0.730714,-0.038960,0.335261,0.688586,-0.048138,0.368687,0.656551,-0.056432,0.272582,0.610587,-0.019296,0.300064,0.546394,-0.033818,0.313431,0.504498,-0.046332,0.322646,0.465531,-0.056063,0.241822,0.587323,-0.017702,0.262048,0.510588,-0.030372,0.270889,0.461223,-0.042315,0.274774,0.418476,-0.051308,0.209347,0.582932,-0.019683,0.217321,0.507568,-0.033671,0.221197,0.461264,-0.044231,0.224226,0.419182,-0.051345,0.174912,0.594192,-0.024438,0.169650,0.534012,-0.038997,0.166599,0.494268,-0.046406,0.165785,0.456147,-0.050608
1071,0,0.026367,0.029399,0.065227,0.159794,0.056804,0.183449,0.771917,0.000000,0.243105,0.766641,-0.027961,0.297271,0.730533,-0.039419,0.335213,0.688243,-0.048592,0.369026,0.656419,-0.056918,0.272605,0.610448,-0.019175,0.300309,0.546925,-0.033635,0.313631,0.505031,-0.046197,0.322806,0.466069,-0.055997,0.242088,0.586874,-0.017315,0.262636,0.510890,-0.029748,0.271467,0.461815,-0.041629,0.275347,0.418976,-0.050581,0.209673,0.582393,-0.019046,0.217977,0.507798,-0.032806,0.221569,0.461461,-0.043361,0.224257,0.419139,-0.050544,0.175033,0.593227,-0.023633,0.170123,0.533831,-0.037908,0.167007,0.494607,-0.045239,0.166012,0.456766,-0.049439
1103,0,0.017326,0.013872,0.031798,0.158103,0.056351,0.183702,0.771515,0.000000,0.243330,0.766386,-0.027816,0.297296,0.730306,-0.039137,0.335319,0.687987,-0.048231,0.369062,0.656552,-0.056442,0.273287,0.610336,-0.018906,0.300674,0.546526,-0.033228,0.313890,0.504771,-0.045728,0.322980,0.465864,-0.055485,0.242618,0.586930,-0.017148,0.262824,0.510792,-0.029602,0.271570,0.461428,-0.041531,0.275408,0.418525,-0.050514,0.210182,0.582518,-0.019016,0.218412,0.507720,-0.032878,0.222111,0.461275,-0.043519,0.225118,0.418964,-0.050735,0.175502,0.593407,-0.023692,0.170552,0.533621,-0.038143,0.167537,0.494270,-0.045581,0.166695,0.456335,-0.049851
1134,0,0.015269,0.016523,0.042760,0.153209,0.051972,0.183813,0.771716,0.000000,0.242963,0.766916,-0.027783,0.297128,0.730504,-0.039165,0.335289,0.688090,-0.048285,0.368841,0.656694,-0.056486,0.273662,0.610568,-0.019454,0.300967,0.546317,-0.033851,0.314002,0.504257,-0.046336,0.322909,0.465028,-0.056044,0.242863,0.586951,-0.017689,0.263130,0.510422,-0.030100,0.271814,0.461230,-0.041886,0.275691,0.418537,-0.050822,0.210259,0.582298,-0.019472,0.218313,0.507431,-0.033134,0.222058,0.461199,-0.043467,0.225056,0.419238,-0.050491,0.175611,0.593395,-0.024087,0.170623,0.533392,-0.038282,0.167742,0.493932,-0.045416,0.167041,0.456246,-0.049425
1167,0,0.015988,0.023184,0.044404,0.159795,0.055272,0.183599,0.772072,0.000000,0.242666,0.767168,-0.027771,0.296840,0.730291,-0.039068,0.335268,0.688072,-0.048134,0.368998,0.656335,-0.056279,0.273264,0.610364,-0.019055,0.300757,0.546047,-0.033392,0.313810,0.503973,-0.045849,0.322725,0.464733,-0.055542,0.242620,0.586803,-0.017258,0.263124,0.510384,-0.029559,0.271950,0.461150,-0.041316,0.275837,0.418400,-0.050198,0.210161,0.582247,-0.019036,0.218580,0.507407,-0.032673,0.222371,0.461002,-0.043085,0.225412,0.418876,-0.050198,0.175635,0.593125,-0.023662,0.170925,0.533143,-0.037851,0.168002,0.493738,-0.045112,0.167148,0.455873,-0.049240
1214,0,0.027192,0.033943,0.054270,0.168060,0.075955,0.184284,0.771918,0.000000,0.243432,0.766559,-0.028132,0.297384,0.730400,-0.039762,0.335405,0.687798,-0.049065,0.369164,0.655953,-0.057483,0.273476,0.609686,-0.019678,0.300708,0.545586,-0.034168,0.313807,0.503627,-0.046702,0.322764,0.464513,-0.056486,0.242758,0.586133,-0.017795,0.263026,0.509778,-0.030310,0.271620,0.460673,-0.042088,0.275335,0.418278,-0.051022,0.210301,0.581829,-0.019530,0.218558,0.506785,-0.033393,0.222399,0.460430,-0.043934,0.225492,0.418363,-0.051096,0.175741,0.593132,-0.024108,0.170813,0.533138,-0.038617,0.167904,0.493701,-0.046038,0.167022,0.455950,-0.050320
1248,0,0.018567,0.019362,0.046921,0.157999,0.067664,0.184412,0.771785,0.000000,0.243673,0.766508,-0.027600,0.297826,0.729877,-0.038954,0.336059,0.687595,-0.048074,0.369535,0.656137,-0.056344,0.273520,0.610133,-0.019311,0.300770,0.545999,-0.033747,0.314040,0.504220,-0.046264,0.323178,0.465310,-0.055975,0.242787,0.586957,-0.017705,0.262800,0.510130,-0.030184,0.271528,0.460878,-0.042018,0.275443,0.418220,-0.050990,0.210298,0.582483,-0.019661,0.218537,0.507509,-0.033489,0.222449,0.461252,-0.043938,0.225627,0.419287,-0.051101,0.175584,0.593360,-0.024443,0.170815,0.532901,-0.038769,0.167944,0.493570,-0.046080,0.167099,0.455737,-0.050289
1279,0,0.017649,0.030978,0.054368,0.159435,0.049008,0.183629,0.771475,0.000000,0.243720,0.766495,-0.027998,0.297903,0.730432,-0.039529,0.335957,0.687884,-0.048739,0.369784,0.656088,-0.057101,0.273293,0.610327,-0.019562,0.300623,0.546085,-0.034150,0.313709,0.503799,-0.046823,0.322669,0.464371,-0.056659,0.242740,0.586874,-0.017738,0.263137,0.510288,-0.030356,0.271797,0.461025,-0.042329,0.275588,0.418127,-0.051354,0.210327,0.582366,-0.019488,0.218913,0.507408,-0.033469,0.222944,0.460971,-0.043986,0.225977,0.418837,-0.051096,0.175791,0.593234,-0.024093,0.171233,0.532823,-0.038571,0.168492,0.493288,-0.045865,0.167677,0.455539,-0.050065
1313,0,0.027256,0.032841,0.043517,0.156925,0.061636,0.184177,0.771587,0.000000,0.243773,0.766693,-0.027753,0.297870,0.730149,-0.039104,0.335931,0.687567,-0.048208,0.369365,0.656020,-0.056463,0.273653,0.609972,-0.019294,0.300790,0.545282,-0.033686,0.313391,0.502689,-0.046217,0.322010,0.462845,-0.056021,0.242818,0.586611,-0.017461,0.262985,0.510165,-0.029835,0.271547,0.461030,-0.041610,0.275214,0.418230,-0.050530,0.210469,0.582092,-0.019165,0.218828,0.507546,-0.032728,0.222725,0.461280,-0.042937,0.225776,0.419580,-0.049940,0.176047,0.593003,-0.023735,0.171883,0.532805,-0.037814,0.169350,0.493441,-0.044927,0.168698,0.456197,-0.048945
1346,0,0.018085,0.019858,0.038120,0.149533,0.073567,0.184216,0.771403,0.000000,0.243771,0.766258,-0.027684,0.297784,0.730201,-0.039123,0.335941,0.687602,-0.048332,0.369547,0.655908,-0.056695,0.273647,0.609877,-0.019377,0.300600,0.544751,-0.033744,0.312807,0.502217,-0.046196,0.321124,0.462582,-0.055884,0.242893,0.587072,-0.017508,0.262805,0.510370,-0.029950,0.271400,0.461139,-0.041775,0.275144,0.418577,-0.050764,0.210564,0.583044,-0.019156,0.218740,0.508499,-0.032768,0.222679,0.462155,-0.043101,0.225558,0.420679,-0.050137,0.176386,0.593871,-0.023650,0.172707,0.533566,-0.037760,0.170289,0.494181,-0.044980,0.169695,0.456700,-0.049069
1378,0,0.040791,0.042827,0.063080,0.154905,0.097761,0.184254,0.771220,0.000000,0.243389,0.766008,-0.028593,0.297563,0.730239,-0.040637,0.335391,0.687947,-0.050309,0.369159,0.655794,-0.059135,0.273918,0.610262,-0.020135,0.299997,0.545294,-0.034992,0.311510,0.502698,-0.047882,0.319493,0.462681,-0.057885,0.243227,0.587088,-0.017937,0.263060,0.511338,-0.030726,0.271274,0.462308,-0.042844,0.274972,0.419692,-0.052001,0.210989,0.582512,-0.019344,0.219367,0.508873,-0.033135,0.223100,0.462986,-0.043505,0.225994,0.421659,-0.050603,0.176642,0.593132,-0.023683,0.173386,0.533811,-0.037768,0.171453,0.494914,-0.044903,0.171130,0.457970,-0.048985
1411,0,0.075602,0.075601,0.097582,0.177196,0.146050,0.185344,0.770284,0.000000,0.243842,0.764664,-0.027964,0.297583,0.729337,-0.039582,0.334584,0.686514,-0.048892,0.366495,0.653016,-0.057358,0.274651,0.608758,-0.019077,0.299397,0.543134,-0.033572,0.310239,0.500906,-0.046326,0.317774,0.461364,-0.056148,0.243774,0.586577,-0.016905,0.263127,0.510831,-0.029265,0.271586,0.462189,-0.041378,0.275643,0.420372,-0.050578,0.211743,0.582827,-0.018298,0.220166,0.509606,-0.031666,0.224177,0.464011,-0.042001,0.227205,0.423388,-0.049112,0.177509,0.593659,-0.022540,0.175585,0.534899,-0.036302,0.174354,0.496153,-0.043357,0.174570,0.459441,-0.047389
1445,0,0.096589,0.109160,0.169541,0.235647,0.234563,0.186152,0.768508,0.000000,0.243468,0.761845,-0.027726,0.296179,0.727389,-0.039452,0.331521,0.684438,-0.048913,0.361932,0.648830,-0.057461,0.275963,0.608387,-0.018457,0.300161,0.542870,-0.033023,0.309585,0.500500,-0.045808,0.315969,0.461216,-0.055489,0.245323,0.586628,-0.016183,0.264206,0.511589,-0.028749,0.271903,0.463552,-0.041059,0.275390,0.422597,-0.050228,0.213452,0.583180,-0.017406,0.221735,0.511365,-0.030557,0.226253,0.466843,-0.040402,0.229896,0.427761,-0.047160,0.179608,0.594048,-0.021480,0.179265,0.536446,-0.034649,0.179321,0.498605,-0.041023,0.180622,0.463012,-0.044603
1477,0,0.245477,0.264400,0.177310,0.425985,0.467298,0.186874,0.766026,0.000000,0.242024,0.757660,-0.026887,0.293953,0.722707,-0.037758,0.327318,0.679502,-0.046527,0.355392,0.642305,-0.054427,0.278578,0.607451,-0.015183,0.301524,0.544064,-0.029243,0.308931,0.503038,-0.041998,0.313516,0.465926,-0.051419,0.248473,0.586978,-0.013090,0.267630,0.514760,-0.024713,0.274560,0.468296,-0.036743,0.277883,0.428495,-0.045694,0.216811,0.584184,-0.014676,0.226648,0.515595,-0.026724,0.231700,0.474786,-0.035674,0.236133,0.438515,-0.041889,0.182338,0.594440,-0.019169,0.185338,0.539570,-0.030710,0.188278,0.505122,-0.035910,0.192062,0.472526,-0.038845
1509,0,0.352524,0.323118,0.169484,0.724771,0.778726,0.190886,0.765631,0.000000,0.244257,0.753448,-0.024192,0.293154,0.716936,-0.033162,0.323839,0.672608,-0.040487,0.349995,0.634715,-0.047027,0.281173,0.608155,-0.008952,0.302835,0.547434,-0.021798,0.309856,0.509399,-0.034734,0.314461,0.474654,-0.044132,0.251952,0.589610,-0.007477,0.271013,0.521546,-0.017421,0.279459,0.478003,-0.029106,0.284946,0.440022,-0.038057,0.221364,0.587211,-0.009907,0.232147,0.522236,-0.020458,0.239793,0.483496,-0.028731,0.247562,0.448367,-0.034734,0.187931,0.596167,-0.015160,0.193722,0.542554,-0.025354,0.199469,0.509952,-0.029570,0.206412,0.478262,-0.032090
1544,0,0.369119,0.350605,0.245883,1.085399,1.127924,0.193649,0.765526,0.000000,0.245541,0.750459,-0.022294,0.290518,0.711010,-0.029714,0.318076,0.665062,-0.036019,0.341896,0.624817,-0.041349,0.282657,0.608003,-0.002222,0.302295,0.551335,-0.013690,0.309371,0.517336,-0.026527,0.315071,0.485841,-0.036019,0.255284,0.591314,-0.001005,0.273220,0.528649,-0.009432,0.282427,0.488267,-0.020796,0.290286,0.452049,-0.029766,0.226485,0.589829,-0.004036,0.238186,0.529820,-0.013847,0.246656,0.494315,-0.021615,0.256123,0.461571,-0.027206,0.194736,0.599141,-0.009884,0.202016,0.548514,-0.019716,0.209394,0.517498,-0.023827,0.218730,0.487217,-0.026300
1574,0,0.369420,0.377849,0.624670,1.440860,1.489820,0.197046,0.765578,0.000000,0.248194,0.746250,-0.018596,0.289634,0.704016,-0.023755,0.312394,0.659476,-0.028692,0.330017,0.615826,-0.032595,0.282815,0.608774,0.005196,0.298222,0.554876,-0.004709,0.305837,0.526666,-0.016917,0.313802,0.503176,-0.025842,0.255728,0.594348,0.005260,0.270193,0.535031,-0.001726,0.280383,0.501001,-0.012505,0.291377,0.473105,-0.021057,0.227881,0.593086,0.000862,0.239938,0.535441,-0.008471,0.250435,0.504577,-0.016026,0.263345,0.478387,-0.021243,0.197974,0.601907,-0.006096,0.206298,0.552634,-0.015797,0.216533,0.524172,-0.020225,0.229995,0.497452,-0.022889
1612,0,0.262818,0.251770,2.453547,1.634141,1.700877,0.200099,0.763897,0.000000,0.249430,0.744570,-0.018127,0.290711,0.699632,-0.022446,0.313228,0.653542,-0.026962,0.325863,0.605335,-0.030168,0.280816,0.608383,0.008622,0.295530,0.554537,-0.003217,0.306158,0.532641,-0.015927,0.315635,0.524656,-0.023739,0.256006,0.594098,0.008826,0.269489,0.533179,-0.001008,0.282880,0.507991,-0.012671,0.296665,0.499902,-0.020238,0.230297,0.592341,0.004068,0.241718,0.531376,-0.008021,0.257749,0.505899,-0.017751,0.275585,0.497779,-0.022904,0.203139,0.599384,-0.003158,0.213009,0.546848,-0.015166,0.228646,0.520512,-0.022365,0.248320,0.507449,-0.025980
1639,0,0.360722,0.370647,4.000497,1.557074,1.661576,0.203020,0.757256,0.000000,0.250203,0.743094,-0.017917,0.291253,0.695850,-0.023457,0.312247,0.648683,-0.029288,0.318906,0.600134,-0.033820,0.281114,0.604243,0.001192,0.295687,0.544612,-0.016220,0.309273,0.527794,-0.031985,0.317173,0.537191,-0.039538,0.257341,0.590578,0.001271,0.272055,0.524051,-0.014051,0.287794,0.506919,-0.028362,0.297834,0.521152,-0.035477,0.232661,0.590184,-0.002969,0.245517,0.526498,-0.017657,0.262957,0.506659,-0.028801,0.277455,0.515042,-0.033430,0.205738,0.599232,-0.009324,0.215821,0.545887,-0.023278,0.233265,0.520587,-0.031871,0.252088,0.517047,-0.035120
1671,0,0.252969,0.225994,2.982491,1.664838,1.747326,0.204956,0.754239,0.000000,0.251043,0.738276,-0.015440,0.290897,0.689913,-0.021789,0.313294,0.643042,-0.029013,0.315121,0.594605,-0.035320,0.281225,0.594518,0.000914,0.296557,0.537833,-0.016808,0.312123,0.533396,-0.032683,0.319831,0.550616,-0.040202,0.257762,0.582998,-0.000566,0.272761,0.513127,-0.017218,0.290804,0.512288,-0.031405,0.300790,0.535434,-0.037614,0.233642,0.584539,-0.005816,0.245147,0.519336,-0.021002,0.268141,0.513235,-0.030979,0.285313,0.530602,-0.034337,0.207720,0.596021,-0.012942,0.220351,0.541261,-0.026277,0.243013,0.522664,-0.033649,0.265042,0.524324,-0.036172
1705,0,0.244221,0.237618,2.823208,1.866353,1.940989,0.205752,0.753873,0.000000,0.252839,0.734352,-0.011039,0.291713,0.686289,-0.016887,0.315501,0.638690,-0.024804,0.314005,0.591323,-0.031552,0.279529,0.595927,0.002600,0.295898,0.532523,-0.016458,0.312991,0.540179,-0.032495,0.318397,0.567625,-0.039512,0.258394,0.586642,-0.000741,0.272519,0.511405,-0.018006,0.294879,0.521995,-0.031502,0.303479,0.553399,-0.037122,0.235677,0.587992,-0.007400,0.247320,0.518065,-0.022448,0.274630,0.524409,-0.030391,0.289944,0.551150,-0.032208,0.211546,0.597581,-0.015608,0.225165,0.543695,-0.028321,0.250273,0.536206,-0.033841,0.269973,0.546715,-0.035002
1736,0,0.239311,0.277042,0.675646,2.044016,2.147549,0.202575,0.754394,0.000000,0.251312,0.735313,-0.008524,0.291157,0.685887,-0.012797,0.316705,0.634959,-0.019672,0.313273,0.588154,-0.025475,0.276975,0.600185,0.007938,0.294207,0.538153,-0.008465,0.312143,0.547026,-0.023299,0.317548,0.573214,-0.030250,0.258182,0.589579,0.003731,0.274329,0.512865,-0.010907,0.297226,0.525318,-0.023367,0.304997,0.555500,-0.029035,0.237621,0.588605,-0.003737,0.251117,0.516179,-0.017310,0.278898,0.526543,-0.024834,0.292464,0.555461,-0.027011,0.215639,0.595428,-0.012577,0.233436,0.541218,-0.024598,0.259348,0.539741,-0.029710,0.277295,0.555967,-0.031127
1767,0,0.147263,0.146785,0.794243,2.154231,2.231104,0.202395,0.755366,0.000000,0.251815,0.733069,-0.005413,0.290968,0.681683,-0.008646,0.318025,0.632211,-0.015391,0.316604,0.587957,-0.021110,0.276152,0.599296,0.011072,0.292820,0.533377,-0.004785,0.312688,0.546487,-0.019531,0.318990,0.574614,-0.026658,0.258904,0.591106,0.005014,0.275965,0.513503,-0.009961,0.300645,0.529995,-0.022942,0.308803,0.561786,-0.028949,0.239346,0.590423,-0.004123,0.254504,0.515963,-0.017818,0.283640,0.530218,-0.025403,0.297002,0.562131,-0.027507,0.218572,0.596477,-0.014475,0.237840,0.541507,-0.026523,0.264374,0.543064,-0.031596,0.281507,0.562471,-0.032988
1806,0,0.138077,0.131105,0.719546,2.257624,2.318798,0.203381,0.756098,0.000000,0.254766,0.729284,-0.003304,0.293420,0.679464,-0.006501,0.322298,0.631183,-0.014101,0.316800,0.590671,-0.020648,0.273230,0.597934,0.016138,0.289301,0.531404,0.001159,0.310547,0.545374,-0.013581,0.318587,0.572232,-0.021245,0.257209,0.591806,0.008606,0.274828,0.514856,-0.007217,0.300456,0.534231,-0.021415,0.310180,0.565963,-0.028133,0.238894,0.591638,-0.002065,0.254771,0.517304,-0.016104,0.285266,0.534056,-0.024655,0.299953,0.567066,-0.027383,0.220039,0.597224,-0.013956,0.241455,0.543413,-0.025303,0.269019,0.546362,-0.030861,0.287430,0.566122,-0.032993
1842,0,0.174733,0.206376,0.669073,2.249119,2.335043,0.205587,0.752457,0.000000,0.255522,0.727526,-0.001135,0.293713,0.676986,-0.002680,0.323450,0.633838,-0.008933,0.324118,0.601403,-0.014120,0.271970,0.594748,0.015493,0.288058,0.528199,-0.000208,0.310561,0.546966,-0.015510,0.319729,0.575022,-0.023664,0.256691,0.590440,0.006717,0.274622,0.513915,-0.011484,0.302303,0.537114,-0.026816,0.312582,0.571181,-0.033817,0.239323,0.591071,-0.004899,0.255851,0.515940,-0.020833,0.288480,0.535230,-0.030190,0.304486,0.569156,-0.032817,0.221916,0.596887,-0.017493,0.244183,0.542925,-0.030308,0.272936,0.547652,-0.036682,0.292384,0.567799,-0.039021
1882,0,0.146563,0.131177,0.176140,2.322003,2.401650,0.206490,0.750921,-0.000000,0.256514,0.725386,0.002229,0.293929,0.673930,0.002321,0.323712,0.633827,-0.003056,0.326641,0.606080,-0.007304,0.269655,0.591066,0.019053,0.286712,0.526523,0.004091,0.311063,0.547566,-0.010688,0.321154,0.577801,-0.018502,0.255626,0.586622,0.008244,0.275429,0.513717,-0.009368,0.304709,0.539372,-0.024034,0.314708,0.575433,-0.030435,0.239448,0.587163,-0.005332,0.258447,0.513499,-0.020808,0.292178,0.534220,-0.029349,0.307749,0.569530,-0.031238,0.223458,0.593377,-0.019688,0.247120,0.539179,-0.032424,0.276436,0.544439,-0.038174,0.294986,0.565485,-0.039845
1918,0,0.144029,0.142885,0.728006,2.407574,2.490716,0.207170,0.751098,0.000000,0.258323,0.720157,0.006280,0.294101,0.669307,0.007290,0.323694,0.632288,0.001434,0.329661,0.606885,-0.003531,0.263917,0.589920,0.025319,0.284118,0.528678,0.009998,0.309932,0.548925,-0.005731,0.321036,0.579707,-0.014048,0.250723,0.585373,0.011753,0.275083,0.516711,-0.006517,0.306305,0.543031,-0.022225,0.317163,0.581168,-0.029145,0.235995,0.585971,-0.004658,0.259499,0.513647,-0.020362,0.294547,0.534815,-0.029261,0.310603,0.571276,-0.031208,0.221890,0.592550,-0.021642,0.248804,0.537614,-0.033986,0.280029,0.542398,-0.039392,0.299775,0.563401,-0.040856
1951,0,0.195898,0.188139,1.074150,2.499187,2.621238,0.204805,0.749222,0.000000,0.256265,0.716518,0.008663,0.292686,0.667293,0.010371,0.322295,0.632557,0.004906,0.330595,0.600943,0.000596,0.257756,0.589518,0.029529,0.280357,0.530576,0.015192,0.308428,0.547092,-0.000329,0.321766,0.576035,-0.008409,0.243956,0.583969,0.015183,0.271890,0.514894,-0.001229,0.305457,0.536351,-0.016505,0.318705,0.573270,-0.023223,0.229963,0.583823,-0.001967,0.259876,0.516117,-0.016333,0.296101,0.534658,-0.024405,0.312639,0.568806,-0.025900,0.218653,0.590423,-0.019445,0.251418,0.541124,-0.030465,0.282921,0.544988,-0.034620,0.302098,0.563144,-0.035015
1983,0,0.194222,0.184810,0.845477,2.545691,2.673423,0.205248,0.746594,0.000000,0.256789,0.711265,0.010153,0.292445,0.662305,0.010906,0.321429,0.628406,0.004290,0.328568,0.597560,-0.001095,0.245696,0.580742,0.026611,0.274283,0.521306,0.011627,0.306429,0.540072,-0.003824,0.322111,0.569306,-0.011758,0.231110,0.577341,0.011414,0.268876,0.511240,-0.004667,0.306057,0.536102,-0.018685,0.320327,0.573095,-0.024695,0.220732,0.580272,-0.006059,0.260505,0.515902,-0.019618,0.298417,0.537700,-0.025530,0.313849,0.571667,-0.025645,0.216202,0.590962,-0.023729,0.254242,0.541694,-0.033178,0.285870,0.548803,-0.034815,0.303176,0.568461,-0.033423
2009,0,0.192634,0.173628,1.248910,2.507891,2.640903,0.204042,0.745515,0.000000,0.254904,0.708251,0.006249,0.292257,0.660626,0.003970,0.322852,0.627340,-0.004503,0.328925,0.592150,-0.010991,0.235386,0.575360,0.020734,0.269419,0.519996,0.004717,0.302429,0.535782,-0.010716,0.318535,0.563013,-0.018238,0.221154,0.572148,0.007631,0.266931,0.510374,-0.008811,0.303834,0.533637,-0.021691,0.318776,0.569448,-0.026603,0.213459,0.576459,-0.007765,0.260947,0.516589,-0.021772,0.298349,0.536740,-0.026489,0.314631,0.568831,-0.025516,0.213287,0.589425,-0.023506,0.256387,0.543015,-0.032666,0.287069,0.549507,-0.033071,0.304203,0.567695,-0.030396
2037,0,0.094868,0.090813,0.257626,2.478440,2.617987,0.203622,0.743335,0.000000,0.254843,0.706633,0.006579,0.292931,0.659372,0.003043,0.324063,0.626496,-0.006927,0.328952,0.589348,-0.015119,0.234075,0.573670,0.019225,0.269614,0.519426,0.002795,0.302624,0.536608,-0.013190,0.318167,0.564890,-0.021065,0.219754,0.570196,0.005374,0.266984,0.509390,-0.010805,0.304324,0.534316,-0.023979,0.318793,0.570533,-0.029421,0.212195,0.574939,-0.010509,0.260471,0.513094,-0.024203,0.298992,0.534798,-0.028589,0.315538,0.568106,-0.027612,0.212832,0.589005,-0.026700,0.255807,0.539657,-0.035792,0.288086,0.546482,-0.035760,0.306227,0.566158,-0.032815
2069,0,0.069591,0.053610,0.297612,2.478653,2.621706,0.203620,0.741251,0.000000,0.254815,0.703845,0.005733,0.293351,0.656691,0.001495,0.324539,0.623805,-0.008888,0.328246,0.586241,-0.017393,0.232133,0.571183,0.017632,0.268273,0.517416,0.000754,0.301795,0.534181,-0.015452,0.318125,0.562980,-0.023297,0.217851,0.568127,0.004257,0.266230,0.508401,-0.012134,0.303779,0.532903,-0.025207,0.318705,0.569257,-0.030442,0.210722,0.573387,-0.011115,0.260253,0.513463,-0.024634,0.298597,0.534274,-0.028708,0.315416,0.567276,-0.027482,0.212493,0.587973,-0.026878,0.255635,0.540028,-0.035646,0.287498,0.546066,-0.035296,0.305586,0.564907,-0.032049
2103,0,0.082230,0.067572,0.373988,2.495219,2.639404,0.204032,0.739527,0.000000,0.254481,0.702041,0.005292,0.293098,0.654983,0.000553,0.324286,0.622029,-0.010008,0.327954,0.582863,-0.018565,0.227638,0.567925,0.015857,0.266193,0.516105,-0.000875,0.299891,0.532441,-0.016591,0.316586,0.560743,-0.024042,0.213527,0.565305,0.003015,0.264437,0.506582,-0.012574,0.302122,0.530369,-0.024705,0.317702,0.566223,-0.029378,0.207726,0.571805,-0.011682,0.258949,0.512999,-0.024548,0.297510,0.532859,-0.027926,0.314719,0.565455,-0.026316,0.211524,0.587778,-0.026758,0.255593,0.540134,-0.035267,0.287975,0.545526,-0.034572,0.306887,0.564286,-0.030957
2132,0,0.082941,0.084371,0.228715,2.439569,2.584033,0.204447,0.739416,0.000000,0.253896,0.702176,0.003277,0.293265,0.654885,-0.002802,0.324272,0.621336,-0.014290,0.327944,0.581702,-0.023762,0.228760,0.566350,0.013508,0.266767,0.515411,-0.004134,0.300727,0.532073,-0.020446,0.317755,0.559843,-0.028252,0.214211,0.564475,0.001289,0.263633,0.506727,-0.015064,0.301641,0.530440,-0.027751,0.318594,0.565305,-0.032726,0.207700,0.571604,-0.012882,0.257829,0.513806,-0.026531,0.296631,0.533191,-0.030363,0.315620,0.564681,-0.028909,0.210905,0.588204,-0.027579,0.253412,0.542093,-0.036511,0.285666,0.546756,-0.036042,0.305595,0.564285,-0.032507
2166,0,0.027239,0.028192,0.080700,2.432600,2.578946,0.204450,0.739256,0.000000,0.254179,0.701915,0.003355,0.293716,0.655040,-0.002699,0.324527,0.621296,-0.014309,0.328228,0.581723,-0.023994,0.230310,0.567579,0.014169,0.267448,0.516131,-0.003341,0.301282,0.532278,-0.019620,0.318471,0.559927,-0.027462,0.215230,0.564949,0.001812,0.264442,0.507200,-0.014684,0.302160,0.531180,-0.027540,0.318652,0.566106,-0.032586,0.207971,0.571297,-0.012552,0.257971,0.513777,-0.026431,0.296575,0.533581,-0.030493,0.315312,0.565032,-0.029149,0.210089,0.587348,-0.027447,0.252585,0.541233,-0.036585,0.284890,0.545952,-0.036335,0.304975,0.563512,-0.032961
2201,0,0.048607,0.049587,0.088762,2.467453,2.610665,0.204106,0.739853,0.000000,0.254288,0.702269,0.004189,0.293781,0.655780,-0.001447,0.324567,0.622472,-0.012797,0.328137,0.582370,-0.022237,0.230130,0.567332,0.015522,0.267441,0.516405,-0.001445,0.301298,0.532509,-0.017489,0.318539,0.560085,-0.025266,0.215341,0.564985,0.002836,0.264768,0.507751,-0.012961,0.302361,0.531712,-0.025688,0.318655,0.566661,-0.030841,0.208436,0.571441,-0.011805,0.258569,0.514166,-0.025032,0.297362,0.534133,-0.028920,0.315700,0.565871,-0.027640,0.211246,0.587744,-0.026921,0.253822,0.541661,-0.035572,0.286067,0.546975,-0.035010,0.305696,0.565358,-0.031528
2230,0,0.038276,0.031509,0.225172,2.449782,2.594617,0.204438,0.740274,0.000000,0.254301,0.703866,0.003479,0.293881,0.657207,-0.002197,0.324621,0.623564,-0.013533,0.329141,0.582869,-0.022954,0.232233,0.568887,0.015339,0.269053,0.517562,-0.001692,0.302328,0.533621,-0.017763,0.318937,0.561094,-0.025613,0.217271,0.565914,0.002979,0.265740,0.508259,-0.012971,0.302986,0.532905,-0.025832,0.319006,0.568078,-0.031132,0.209486,0.571696,-0.011454,0.259091,0.513659,-0.024972,0.297417,0.534697,-0.029006,0.315473,0.566927,-0.027864,0.210896,0.587446,-0.026410,0.253584,0.540942,-0.035339,0.285808,0.547067,-0.034963,0.305068,0.566183,-0.031648
2261,0,0.039278,0.035590,0.215502,2.471872,2.607818,0.203969,0.741119,0.000000,0.254156,0.704268,0.004217,0.294077,0.657518,-0.001295,0.325388,0.624144,-0.012503,0.329961,0.584578,-0.021792,0.230995,0.568015,0.015599,0.268716,0.517433,-0.001392,0.301897,0.534562,-0.017606,0.318262,0.563019,-0.025508,0.215997,0.565077,0.002938,0.266425,0.508740,-0.012707,0.303172,0.533812,-0.025429,0.318739,0.569284,-0.030650,0.208696,0.571379,-0.011703,0.259645,0.514851,-0.024692,0.297773,0.535555,-0.028534,0.315662,0.567473,-0.027358,0.210642,0.587695,-0.026840,0.254249,0.542715,-0.035463,0.286439,0.548923,-0.034961,0.305944,0.567756,-0.031591
2295,0,0.017524,0.019137,0.105564,2.476728,2.615903,0.203638,0.740910,0.000000,0.253772,0.703901,0.004075,0.293764,0.657366,-0.001502,0.325102,0.624272,-0.012819,0.329729,0.584268,-0.022185,0.230533,0.568221,0.015713,0.268806,0.517940,-0.001172,0.302401,0.534720,-0.017180,0.318930,0.562798,-0.024947,0.215721,0.565299,0.003081,0.265896,0.508906,-0.012568,0.303285,0.533769,-0.025166,0.319216,0.569302,-0.030281,0.208565,0.571414,-0.011563,0.259781,0.514631,-0.024711,0.298069,0.535852,-0.028383,0.316063,0.568313,-0.027034,0.210830,0.587222,-0.026720,0.254352,0.541998,-0.035302,0.286331,0.548718,-0.034612,0.305562,0.568295,-0.031066
2343,0,0.018198,0.021199,0.081411,2.472505,2.615518,0.203885,0.740515,0.000000,0.254015,0.704148,0.003746,0.294065,0.657729,-0.001901,0.324992,0.624387,-0.013206,0.329084,0.583697,-0.022543,0.230803,0.568245,0.015650,0.268541,0.517999,-0.001113,0.302020,0.534233,-0.017044,0.318543,0.561882,-0.024783,0.216103,0.565463,0.003249,0.265639,0.508977,-0.012423,0.302871,0.533683,-0.025049,0.318761,0.569174,-0.030188,0.208867,0.571416,-0.011185,0.259541,0.514556,-0.024407,0.297672,0.535625,-0.028151,0.315426,0.568022,-0.026804,0.211022,0.587187,-0.026146,0.254329,0.541639,-0.034841,0.286178,0.548093,-0.034214,0.304973,0.567598,-0.030689
2375,0,0.028739,0.033810,0.177586,2.473047,2.616468,0.203274,0.740534,0.000000,0.253714,0.703286,0.004194,0.293938,0.656775,-0.001528,0.325203,0.623862,-0.012969,0.329053,0.584026,-0.022498,0.229509,0.567998,0.015455,0.268312,0.517926,-0.001591,0.302078,0.534626,-0.017792,0.318925,0.562564,-0.025734,0.214741,0.565188,0.002736,0.266108,0.509152,-0.013062,0.303336,0.534003,-0.025797,0.319180,0.569311,-0.031034,0.207791,0.571428,-0.011945,0.259720,0.514669,-0.025077,0.297969,0.535641,-0.028720,0.315874,0.567892,-0.027376,0.210396,0.587641,-0.027126,0.254246,0.542326,-0.035709,0.286247,0.548571,-0.035052,0.305619,0.567749,-0.031534
2410,0,0.026806,0.025487,0.133125,2.461857,2.605913,0.203288,0.740375,0.000000,0.253697,0.703120,0.003884,0.294066,0.656711,-0.002182,0.325153,0.623758,-0.013897,0.328278,0.583467,-0.023687,0.229537,0.567712,0.014912,0.267818,0.517131,-0.002268,0.301605,0.533576,-0.018456,0.318518,0.561627,-0.026310,0.214856,0.565286,0.002272,0.265484,0.508370,-0.013585,0.302860,0.532946,-0.026295,0.318590,0.568468,-0.031447,0.207919,0.571831,-0.012328,0.259242,0.515011,-0.025327,0.297444,0.535414,-0.028793,0.315242,0.567605,-0.027310,0.210761,0.588297,-0.027466,0.253982,0.542683,-0.035788,0.285897,0.548289,-0.034851,0.305031,0.567135,-0.031151
2437,0,0.035958,0.040810,0.148275,2.477195,2.613310,0.203795,0.740822,0.000000,0.254049,0.703486,0.003839,0.294143,0.656952,-0.001739,0.325136,0.623790,-0.012999,0.328480,0.583565,-0.022336,0.230716,0.567703,0.015997,0.268479,0.517488,-0.000934,0.301699,0.534456,-0.017045,0.318060,0.562243,-0.024856,0.215833,0.564831,0.003516,0.265536,0.508753,-0.012201,0.302559,0.533770,-0.024997,0.318527,0.569157,-0.030209,0.208507,0.570930,-0.011027,0.259128,0.514712,-0.024261,0.297180,0.535574,-0.028205,0.315422,0.567651,-0.026953,0.210471,0.587049,-0.026092,0.253571,0.542006,-0.034779,0.285629,0.548070,-0.034372,0.305207,0.566904,-0.030960
2470,0,0.039049,0.064588,0.067077,2.462604,2.608567,0.202768,0.739976,0.000000,0.253128,0.702797,0.003874,0.293919,0.656726,-0.002040,0.325165,0.624081,-0.013595,0.328770,0.584137,-0.023180,0.230199,0.567536,0.014832,0.268230,0.516906,-0.002569,0.301736,0.534047,-0.018951,0.318418,0.562365,-0.026908,0.215380,0.565022,0.002279,0.265958,0.508786,-0.013704,0.302922,0.534350,-0.026344,0.318231,0.569731,-0.031497,0.208415,0.571422,-0.012279,0.259445,0.514579,-0.025498,0.297579,0.535605,-0.029006,0.315358,0.567843,-0.027566,0.210846,0.587629,-0.027378,0.254175,0.542592,-0.035960,0.286130,0.548893,-0.035303,0.305463,0.568046,-0.031747
2500,0,0.029459,0.028913,0.182165,2.482280,2.626030,0.202804,0.740089,0.000000,0.253369,0.703087,0.004234,0.293619,0.657016,-0.001359,0.325001,0.624119,-0.012606,0.329166,0.584319,-0.021958,0.229203,0.566905,0.015132,0.268131,0.517412,-0.001720,0.301528,0.534644,-0.017673,0.317914,0.562485,-0.025415,0.214317,0.564269,0.002500,0.265730,0.508860,-0.012958,0.302800,0.533895,-0.025368,0.318338,0.569398,-0.030404,0.207401,0.571021,-0.012043,0.259334,0.515421,-0.024883,0.297459,0.536317,-0.028418,0.315222,0.568125,-0.027041,0.210214,0.587827,-0.027073,0.253878,0.543075,-0.035503,0.285982,0.549368,-0.034721,0.305317,0.568520,-0.031123
2533,0,0.024450,0.028902,0.125772,2.469138,2.611262,0.203175,0.740248,0.000000,0.253352,0.703275,0.004112,0.293319,0.656856,-0.001622,0.324381,0.624200,-0.013016,0.327851,0.584780,-0.022458,0.229406,0.567137,0.015287,0.267973,0.516775,-0.001922,0.301937,0.533259,-0.018104,0.319032,0.561333,-0.025907,0.214624,0.564824,0.002630,0.265203,0.508492,-0.013305,0.302523,0.533474,-0.025876,0.318434,0.569016,-0.030902,0.207589,0.571348,-0.012002,0.259391,0.514784,-0.025299,0.297527,0.535728,-0.028764,0.315296,0.568046,-0.027156,0.210236,0.587648,-0.027140,0.254056,0.542030,-0.035677,0.285714,0.548152,-0.034772,0.304525,0.567091,-0.030995
2567,0,0.022674,0.041586,0.105269,2.469703,2.608443,0.202261,0.740497,0.000000,0.253030,0.702956,0.004548,0.293386,0.657013,-0.001229,0.324705,0.623906,-0.012778,0.327959,0.584396,-0.022492,0.229845,0.567029,0.015560,0.268508,0.516964,-0.001432,0.302354,0.533145,-0.017553,0.319511,0.560978,-0.025446,0.215060,0.564462,0.002571,0.266327,0.508754,-0.013239,0.303349,0.533282,-0.025930,0.319126,0.568568,-0.031088,0.208117,0.571017,-0.012332,0.259971,0.515523,-0.025336,0.298118,0.535915,-0.028916,0.316182,0.567627,-0.027493,0.210668,0.587457,-0.027728,0.254078,0.542335,-0.036012,0.285917,0.548050,-0.035168,0.305195,0.566654,-0.031510
2600,0,0.033584,0.039654,0.132128,2.494321,2.631366,0.203037,0.740453,0.000000,0.253821,0.702856,0.004785,0.294119,0.656670,-0.000481,0.324760,0.624249,-0.011585,0.328315,0.584774,-0.020801,0.230200,0.566994,0.016299,0.268585,0.517151,-0.000443,0.302097,0.534202,-0.016377,0.318727,0.562041,-0.024143,0.215381,0.564217,0.003306,0.266259,0.508851,-0.012244,0.303516,0.534147,-0.024833,0.319092,0.569640,-0.029947,0.208363,0.570702,-0.011616,0.260173,0.515072,-0.024645,0.298279,0.536320,-0.028315,0.316167,0.568390,-0.026935,0.210710,0.587088,-0.027013,0.254331,0.542212,-0.035484,0.286307,0.548792,-0.034700,0.305480,0.568123,-0.031076
2629,0,0.041901,0.044311,0.142297,2.487755,2.629843,0.203789,0.740670,0.000000,0.254524,0.703463,0.004333,0.294473,0.657692,-0.001006,0.325174,0.625084,-0.012172,0.328869,0.585036,-0.021402,0.231843,0.568575,0.016987,0.269319,0.518545,0.000249,0.302344,0.534928,-0.015789,0.318376,0.563075,-0.023515,0.216869,0.565581,0.004325,0.266133,0.509478,-0.011272,0.303029,0.533953,-0.024110,0.318660,0.569433,-0.029339,0.209340,0.571335,-0.010396,0.260131,0.515052,-0.023531,0.298041,0.535778,-0.027492,0.315737,0.568199,-0.026224,0.210984,0.586897,-0.025597,0.254407,0.541767,-0.034099,0.286160,0.547885,-0.033504,0.305368,0.566819,-0.030012
2661,0,0.029978,0.041553,0.185129,2.506955,2.649263,0.202975,0.740384,0.000000,0.254330,0.702323,0.004712,0.294631,0.656920,-0.000663,0.325616,0.624866,-0.011974,0.329042,0.585219,-0.021351,0.229800,0.567555,0.017143,0.269064,0.517828,0.000285,0.302342,0.535033,-0.015853,0.318640,0.563333,-0.023681,0.215204,0.565044,0.004157,0.266768,0.509414,-0.011317,0.303593,0.534553,-0.024088,0.319073,0.569983,-0.029375,0.208519,0.571273,-0.010855,0.260802,0.515484,-0.023728,0.298789,0.536502,-0.027388,0.316334,0.569025,-0.026028,0.211466,0.587311,-0.026387,0.255370,0.542193,-0.034631,0.287243,0.548836,-0.033786,0.306110,0.568395,-0.030173
2698,0,0.056597,0.061322,0.133952,2.469865,2.612046,0.204347,0.739887,0.000000,0.254596,0.703506,0.003384,0.295184,0.657402,-0.002511,0.326063,0.624229,-0.013839,0.328507,0.584629,-0.023133,0.231483,0.567259,0.014347,0.269725,0.516657,-0.002868,0.303317,0.533758,-0.018946,0.319514,0.561864,-0.026631,0.216510,0.564673,0.002191,0.267231,0.509053,-0.013487,0.304079,0.534272,-0.025835,0.319303,0.569342,-0.030770,0.209365,0.570871,-0.011980,0.261256,0.515690,-0.025101,0.299059,0.536623,-0.028599,0.316542,0.568671,-0.027053,0.211560,0.587013,-0.026725,0.255329,0.542580,-0.035238,0.287197,0.548838,-0.034488,0.306153,0.567826,-0.030849
2744,0,0.021987,0.023494,0.096206,2.472232,2.620888,0.204290,0.739718,0.000000,0.254438,0.703609,0.003545,0.294537,0.657739,-0.002266,0.325540,0.624878,-0.013627,0.329198,0.584969,-0.023010,0.231693,0.567609,0.014953,0.269336,0.517366,-0.002163,0.302628,0.533980,-0.018236,0.319204,0.562228,-0.025927,0.216837,0.565052,0.002712,0.266798,0.509097,-0.013034,0.303664,0.533594,-0.025490,0.319469,0.568828,-0.030451,0.209593,0.571366,-0.011575,0.260745,0.515584,-0.024819,0.298630,0.536212,-0.028392,0.316502,0.568264,-0.026879,0.211782,0.587618,-0.026395,0.255467,0.543340,-0.035131,0.287219,0.549286,-0.034538,0.306479,0.568015,-0.030966
2773,0,0.028651,0.034023,0.137701,2.486155,2.635688,0.203584,0.739720,0.000000,0.254153,0.703069,0.004128,0.294356,0.657108,-0.001368,0.325581,0.624806,-0.012521,0.328939,0.584737,-0.021721,0.230730,0.567965,0.015796,0.269457,0.518036,-0.001108,0.302798,0.534785,-0.017137,0.318920,0.562893,-0.024825,0.216205,0.565132,0.003290,0.266783,0.509202,-0.012288,0.303890,0.533742,-0.024934,0.319402,0.569124,-0.030064,0.209160,0.571313,-0.011204,0.260840,0.515413,-0.024201,0.298874,0.536075,-0.027928,0.316251,0.568387,-0.026571,0.211534,0.587331,-0.026181,0.255384,0.542182,-0.034555,0.287209,0.548262,-0.033806,0.305914,0.567115,-0.030173
2806,0,0.031529,0.034199,0.069941,2.501343,2.648555,0.203924,0.739878,0.000000,0.254729,0.703015,0.004503,0.294750,0.657041,-0.000612,0.325823,0.624325,-0.011540,0.329170,0.584519,-0.020554,0.231518,0.568180,0.017014,0.269525,0.518691,0.000615,0.302645,0.534489,-0.015111,0.319014,0.561977,-0.022722,0.216806,0.565177,0.004312,0.266765,0.509708,-0.011026,0.303505,0.533814,-0.023595,0.319229,0.568972,-0.028648,0.209495,0.570914,-0.010417,0.260743,0.515637,-0.023345,0.298676,0.536306,-0.027182,0.316265,0.568395,-0.025887,0.211500,0.586479,-0.025638,0.255025,0.541832,-0.034059,0.286929,0.548208,-0.033466,0.305916,0.567250,-0.029958
2839,0,0.018138,0.017442,0.086052,2.510254,2.655826,0.203835,0.739972,0.000000,0.254547,0.702992,0.004330,0.294677,0.657183,-0.000926,0.325566,0.624418,-0.011977,0.328937,0.584933,-0.021089,0.231277,0.567833,0.016977,0.269398,0.518509,0.000399,0.302487,0.535170,-0.015489,0.318755,0.563189,-0.023176,0.216675,0.564947,0.004400,0.266951,0.509576,-0.010934,0.303568,0.534264,-0.023487,0.319006,0.569648,-0.028580,0.209651,0.570837,-0.010233,0.261028,0.515499,-0.023176,0.298764,0.536477,-0.026914,0.316267,0.568831,-0.025543,0.211919,0.586565,-0.025372,0.255909,0.542545,-0.033829,0.287554,0.549088,-0.033206,0.306284,0.568251,-0.029671
2872,0,0.037416,0.032673,0.061513,2.502588,2.647398,0.203500,0.740564,0.000000,0.254040,0.703766,0.004588,0.294008,0.657868,-0.000716,0.324891,0.625456,-0.011787,0.328845,0.586151,-0.020924,0.230187,0.567717,0.016247,0.268277,0.517918,-0.000340,0.301900,0.534664,-0.016122,0.318398,0.562607,-0.023762,0.215833,0.565274,0.003498,0.266211,0.509169,-0.011631,0.303389,0.533685,-0.023980,0.319070,0.568868,-0.029001,0.209153,0.571760,-0.011218,0.260390,0.516188,-0.023933,0.298502,0.536827,-0.027520,0.316260,0.568844,-0.026147,0.211965,0.588255,-0.026413,0.255610,0.543985,-0.034707,0.287511,0.550293,-0.033990,0.306572,0.569385,-0.030435
2901,0,0.023108,0.029810,0.128210,2.504336,2.648060,0.204011,0.740209,0.000000,0.254552,0.703574,0.003949,0.294364,0.657851,-0.001234,0.325025,0.625421,-0.012057,0.328657,0.586215,-0.020783,0.230436,0.567271,0.016248,0.268597,0.518352,-0.000774,0.301639,0.535272,-0.016749,0.317858,0.563288,-0.024349,0.215844,0.564732,0.004000,0.265803,0.509485,-0.011557,0.302566,0.533797,-0.023802,0.318615,0.568769,-0.028524,0.209086,0.570992,-0.010376,0.260427,0.516082,-0.023692,0.298103,0.536634,-0.027336,0.316006,0.568655,-0.025709,0.211599,0.586933,-0.025272,0.255635,0.543707,-0.033998,0.287240,0.549945,-0.033497,0.306545,0.568613,-0.029916
2933,0,0.052467,0.065291,0.115145,2.484939,2.640574,0.204432,0.739039,0.000000,0.254024,0.702759,0.003459,0.293663,0.656786,-0.001946,0.324493,0.624534,-0.012808,0.328137,0.586296,-0.021537,0.229936,0.567190,0.014833,0.267261,0.517549,-0.002455,0.300574,0.534690,-0.018407,0.316790,0.562642,-0.025959,0.215477,0.565011,0.002842,0.264455,0.508733,-0.012894,0.301535,0.532688,-0.024994,0.317403,0.567539,-0.029665,0.208644,0.571527,-0.011251,0.259077,0.515857,-0.024760,0.297036,0.536328,-0.028357,0.314930,0.568392,-0.026707,0.210971,0.587625,-0.025881,0.254792,0.544515,-0.034789,0.286380,0.550589,-0.034384,0.305643,0.569216,-0.030865
2968,0,0.074223,0.042804,0.063559,2.504050,2.659922,0.203868,0.737740,0.000000,0.252709,0.701189,0.003910,0.292013,0.654849,-0.001277,0.322562,0.622764,-0.011942,0.327000,0.585052,-0.020409,0.228018,0.565540,0.015322,0.265111,0.515445,-0.001847,0.298842,0.532467,-0.017742,0.315473,0.560631,-0.025170,0.213994,0.563661,0.003218,0.262586,0.506594,-0.012345,0.299988,0.530492,-0.024193,0.315906,0.565477,-0.028567,0.207483,0.570636,-0.010949,0.257773,0.514861,-0.024302,0.295542,0.535217,-0.027466,0.313377,0.567267,-0.025403,0.210114,0.587348,-0.025620,0.253783,0.543987,-0.034305,0.285453,0.549959,-0.033498,0.304330,0.568183,-0.029590
3000,0,0.144047,0.142710,0.281108,2.498794,2.657165,0.204557,0.736601,0.000000,0.251636,0.701200,0.003187,0.289040,0.652888,-0.001725,0.319169,0.618708,-0.012017,0.322472,0.580000,-0.019997,0.225636,0.566246,0.015432,0.260376,0.513212,-0.001528,0.294362,0.529541,-0.017109,0.310698,0.557116,-0.024235,0.211714,0.564118,0.003860,0.257125,0.504027,-0.011528,0.295448,0.525418,-0.023241,0.312304,0.559843,-0.027542,0.204975,0.570599,-0.009921,0.253621,0.512773,-0.023335,0.291912,0.531764,-0.026673,0.309671,0.563242,-0.024701,0.207161,0.586438,-0.024220,0.250956,0.540916,-0.032914,0.282739,0.545927,-0.032200,0.301062,0.563636,-0.028380
3029,0,0.298865,0.346419,0.839910,2.471903,2.622702,0.207788,0.736744,0.000000,0.251337,0.698670,0.003432,0.286789,0.646322,0.000615,0.315827,0.608218,-0.008219,0.316182,0.574987,-0.015043,0.230701,0.571240,0.021767,0.256225,0.514916,0.005391,0.290366,0.529106,-0.010852,0.309254,0.555521,-0.018870,0.216675,0.567676,0.009752,0.249715,0.504501,-0.007529,0.289463,0.523588,-0.021225,0.309199,0.556576,-0.026600,0.206222,0.569880,-0.005202,0.243456,0.504446,-0.021225,0.284056,0.520565,-0.027623,0.305062,0.552081,-0.027267,0.201852,0.579279,-0.020744,0.239807,0.528490,-0.032007,0.273930,0.531678,-0.034238,0.295070,0.549292,-0.032565
3063,0,0.640120,0.696375,0.965838,2.546731,2.833178,0.210682,0.736886,0.000000,0.250400,0.694268,0.003503,0.277280,0.635796,0.004608,0.300666,0.593068,-0.000724,0.302460,0.558927,-0.004736,0.225931,0.573962,0.031653,0.244825,0.523375,0.018896,0.276455,0.529428,0.003361,0.296939,0.548321,-0.005256,0.212154,0.569100,0.020346,0.230608,0.507377,0.004458,0.269356,0.513641,-0.011762,0.294832,0.540312,-0.019436,0.198192,0.569104,0.005461,0.218852,0.503518,-0.010003,0.260645,0.506796,-0.021025,0.288954,0.532441,-0.024279,0.187527,0.575392,-0.010181,0.215402,0.521908,-0.022382,0.250417,0.517486,-0.028136,0.277998,0.531833,-0.029416
3110,0,0.543704,0.381695,0.828820,2.610947,2.942531,0.207278,0.729902,0.000000,0.244092,0.687464,0.003985,0.265062,0.623677,0.006859,0.284200,0.579928,0.003296,0.287985,0.548714,0.000633,0.214228,0.568700,0.031605,0.232033,0.520761,0.021101,0.261330,0.523161,0.007825,0.279863,0.538558,0.000702,0.200973,0.564589,0.020123,0.216531,0.505150,0.005672,0.252662,0.508306,-0.009459,0.277194,0.530699,-0.016230,0.187185,0.565683,0.005222,0.201916,0.500107,-0.009222,0.241186,0.501746,-0.019849,0.269127,0.525495,-0.022689,0.175604,0.571500,-0.010428,0.188732,0.510460,-0.021452,0.220598,0.498176,-0.026811,0.250414,0.508271,-0.028017
3143,0,0.521598,0.352586,0.370631,2.843002,3.195633,0.203451,0.721538,0.000000,0.238708,0.674893,0.004641,0.254245,0.609330,0.008170,0.268508,0.562866,0.004814,0.265092,0.529838,0.002050,0.203111,0.563191,0.033520,0.215201,0.512897,0.023419,0.242717,0.512004,0.010372,0.259911,0.525447,0.003515,0.189678,0.559633,0.021916,0.201138,0.500649,0.008207,0.235595,0.502354,-0.007012,0.258844,0.522824,-0.013844,0.175596,0.561644,0.006783,0.187103,0.496491,-0.007050,0.224918,0.497833,-0.017632,0.251610,0.520118,-0.020458,0.163556,0.569035,-0.009056,0.172473,0.506631,-0.019075,0.203028,0.492361,-0.023990,0.232532,0.500385,-0.025087
3171,0,0.378282,0.207386,0.370244,3.021243,3.334244,0.199090,0.714185,0.000000,0.233448,0.666720,0.004250,0.245840,0.599915,0.008234,0.256176,0.552221,0.005629,0.250983,0.518735,0.003622,0.194322,0.558339,0.033528,0.204062,0.510357,0.023786,0.230273,0.506184,0.011265,0.247581,0.516847,0.004738,0.180939,0.555579,0.022382,0.189432,0.497630,0.008042,0.222896,0.496909,-0.007133,0.246951,0.516182,-0.013564,0.166393,0.558078,0.007643,0.174338,0.492721,-0.007543,0.211424,0.490934,-0.019011,0.238878,0.510952,-0.022027,0.153200,0.565194,-0.007636,0.159864,0.503717,-0.018849,0.188855,0.487686,-0.024644,0.217700,0.493013,-0.026166
3205,0,0.316288,0.238085,0.514837,3.197398,3.478945,0.196951,0.711950,0.000000,0.230187,0.660507,0.005487,0.240744,0.592798,0.010389,0.251044,0.544745,0.008544,0.243491,0.512680,0.007310,0.187892,0.557023,0.036693,0.195470,0.508399,0.027879,0.219579,0.500464,0.015404,0.236046,0.509046,0.008785,0.174259,0.554806,0.025214,0.179365,0.494809,0.011274,0.212380,0.490836,-0.004224,0.237585,0.509231,-0.010791,0.159708,0.557712,0.010162,0.164201,0.489244,-0.004437,0.200482,0.483199,-0.015887,0.228650,0.500977,-0.019020,0.147160,0.564754,-0.005337,0.152226,0.501984,-0.016516,0.181077,0.484335,-0.022388,0.209840,0.488584,-0.024028
3239,0,0.372519,0.381889,1.271323,3.311324,3.682224,0.197419,0.712447,0.000000,0.229387,0.658661,0.001385,0.239272,0.588322,0.003822,0.248384,0.534447,0.000069,0.232294,0.500066,-0.002846,0.182009,0.562254,0.038676,0.187826,0.514273,0.029979,0.208803,0.500271,0.016073,0.222995,0.501336,0.008044,0.167428,0.560517,0.029014,0.167602,0.499170,0.015316,0.197726,0.484841,-0.001838,0.224135,0.493294,-0.009906,0.152312,0.563694,0.015168,0.152460,0.491643,0.001206,0.187429,0.476692,-0.011027,0.217764,0.486829,-0.015190,0.140932,0.569896,0.000355,0.148973,0.506105,-0.009936,0.177736,0.485809,-0.015687,0.207072,0.486527,-0.017616
3270,0,0.108486,0.127819,0.558236,3.290683,3.603861,0.195757,0.716314,0.000000,0.226912,0.658997,0.004447,0.237652,0.591757,0.007492,0.248501,0.539937,0.003841,0.237340,0.504924,0.000972,0.181814,0.561786,0.039559,0.188018,0.512013,0.030762,0.209966,0.499853,0.016832,0.225102,0.503195,0.008895,0.167744,0.560311,0.028503,0.169348,0.498432,0.014895,0.200295,0.487170,-0.002145,0.226817,0.498886,-0.010197,0.152996,0.564363,0.013698,0.153743,0.492746,0.000151,0.188126,0.479338,-0.011214,0.217430,0.490594,-0.014850,0.141362,0.572593,-0.001750,0.147894,0.509095,-0.011865,0.175789,0.487026,-0.017072,0.203824,0.484991,-0.018433
3301,0,0.065573,0.063407,0.238090,3.295608,3.597934,0.195168,0.717140,0.000000,0.227074,0.661271,0.002933,0.238104,0.592710,0.005603,0.249035,0.539402,0.001879,0.236487,0.503232,-0.001043,0.180300,0.563131,0.038885,0.186721,0.513402,0.029933,0.208311,0.500053,0.015750,0.222805,0.502239,0.007577,0.165755,0.561755,0.028561,0.167074,0.498194,0.014522,0.197735,0.486141,-0.002997,0.223832,0.498068,-0.011274,0.150927,0.565369,0.014356,0.151405,0.492286,0.000353,0.185982,0.478302,-0.011409,0.215380,0.489821,-0.015200,0.139661,0.572725,-0.000616,0.147301,0.508439,-0.011213,0.175623,0.486821,-0.016865,0.203822,0.485228,-0.018538
3356,0,0.088036,0.091393,0.380564,3.254694,3.526697,0.194146,0.718665,0.000000,0.226490,0.663251,0.003310,0.237046,0.594643,0.006175,0.248128,0.541375,0.002556,0.238122,0.505848,-0.000262,0.182133,0.563015,0.037857,0.188153,0.512137,0.028909,0.210536,0.500111,0.015176,0.225571,0.504229,0.007372,0.167696,0.561503,0.027420,0.168911,0.498614,0.013201,0.200613,0.488101,-0.003859,0.227448,0.501451,-0.011750,0.152853,0.565212,0.013216,0.153352,0.493336,-0.001065,0.188324,0.480507,-0.012707,0.218009,0.493021,-0.016346,0.140926,0.573148,-0.001674,0.148459,0.509716,-0.012616,0.176679,0.488346,-0.018427,0.204690,0.487383,-0.020128
3386,0,0.090009,0.078820,0.360520,3.310851,3.582875,0.194204,0.717693,0.000000,0.226921,0.662157,0.002641,0.236924,0.592411,0.005676,0.246565,0.539222,0.002317,0.234193,0.503974,-0.000355,0.179530,0.563239,0.038408,0.186001,0.512468,0.029420,0.207841,0.499355,0.015369,0.222489,0.503009,0.007412,0.165109,0.561505,0.028359,0.167956,0.497640,0.014460,0.199178,0.486460,-0.002914,0.225237,0.500453,-0.011080,0.150274,0.564937,0.014377,0.151837,0.491778,0.000673,0.186503,0.478627,-0.011163,0.215611,0.491829,-0.015021,0.138527,0.572474,-0.000420,0.145537,0.507348,-0.010618,0.173775,0.485665,-0.016249,0.201994,0.485474,-0.017992
3430,0,0.062684,0.071273,0.297689,3.300859,3.534952,0.193145,0.718959,0.000000,0.225334,0.663150,0.004260,0.235623,0.594583,0.007527,0.246660,0.542246,0.004157,0.237833,0.507150,0.001588,0.178814,0.561900,0.038680,0.186023,0.511114,0.029680,0.208846,0.499445,0.015838,0.224475,0.504525,0.008094,0.164180,0.560506,0.027731,0.166649,0.496837,0.013805,0.198551,0.486414,-0.003067,0.225133,0.500553,-0.010827,0.149363,0.564534,0.013043,0.150996,0.491632,-0.000847,0.186252,0.478745,-0.012312,0.215457,0.491870,-0.015853,0.137954,0.572779,-0.002277,0.146001,0.508313,-0.012906,0.174322,0.486896,-0.018487,0.201884,0.485968,-0.020025
3477,0,0.068500,0.069905,0.254692,3.332515,3.579280,0.193361,0.718995,0.000000,0.226316,0.661882,0.004338,0.236647,0.594296,0.007641,0.247818,0.541104,0.004123,0.236959,0.504161,0.001367,0.178874,0.562930,0.040703,0.184451,0.512786,0.032220,0.206688,0.499295,0.018254,0.221966,0.501681,0.010130,0.164164,0.561434,0.029678,0.164572,0.497510,0.015804,0.196124,0.485268,-0.001653,0.223521,0.498075,-0.009870,0.149131,0.565293,0.014823,0.150111,0.491895,0.000892,0.185400,0.478022,-0.010919,0.215506,0.490748,-0.014693,0.137653,0.573099,-0.000706,0.146597,0.508391,-0.011477,0.174989,0.486689,-0.017350,0.202874,0.485744,-0.019111
3509,0,0.084759,0.101940,0.292762,3.272352,3.483445,0.192570,0.719636,0.000000,0.225729,0.664114,0.003455,0.238197,0.595809,0.006286,0.250403,0.543359,0.002821,0.239513,0.507904,0.000343,0.180001,0.562503,0.037509,0.186641,0.513256,0.028975,0.208713,0.499972,0.015652,0.224220,0.501813,0.008014,0.165089,0.560598,0.027090,0.165380,0.497428,0.013277,0.196775,0.485890,-0.003053,0.224078,0.497818,-0.010435,0.150271,0.564052,0.013009,0.151276,0.491211,-0.001001,0.186430,0.477612,-0.012135,0.216396,0.489191,-0.015453,0.139306,0.571344,-0.001757,0.148421,0.507256,-0.012649,0.177011,0.486141,-0.018264,0.205100,0.485003,-0.019735
3565,0,0.133036,0.143196,0.358647,3.216812,3.389037,0.192152,0.720412,0.000000,0.225965,0.664719,0.005182,0.239263,0.597879,0.008428,0.252090,0.547470,0.005028,0.244558,0.511171,0.002652,0.181921,0.561921,0.037583,0.189649,0.512957,0.028733,0.213341,0.501181,0.015726,0.229899,0.504671,0.008512,0.167332,0.559303,0.026244,0.168662,0.495628,0.012453,0.201569,0.485173,-0.003017,0.229148,0.498039,-0.009749,0.152578,0.562120,0.011309,0.155484,0.488939,-0.002940,0.192245,0.477426,-0.013652,0.222352,0.490316,-0.016579,0.141853,0.568939,-0.004106,0.152154,0.505180,-0.015281,0.182310,0.485885,-0.020681,0.210695,0.485983,-0.021849
3596,0,0.162998,0.187553,0.613432,3.161164,3.281935,0.191000,0.721917,0.000000,0.226518,0.668135,0.007542,0.241017,0.602102,0.011309,0.255178,0.552745,0.008029,0.251310,0.516198,0.005771,0.183123,0.561490,0.037316,0.191470,0.510506,0.029101,0.217728,0.500545,0.017080,0.235759,0.505938,0.010466,0.169130,0.559294,0.024815,0.171622,0.492133,0.011975,0.206878,0.483457,-0.002092,0.234051,0.498860,-0.008037,0.155747,0.562322,0.009105,0.160081,0.487505,-0.004390,0.198731,0.477891,-0.014187,0.227789,0.493716,-0.016631,0.146676,0.569012,-0.006854,0.158012,0.503449,-0.017714,0.189731,0.486988,-0.022526,0.217370,0.491745,-0.023284
3641,0,0.302039,0.314812,0.450016,2.963556,3.048759,0.190099,0.722511,0.000000,0.226991,0.671040,0.005774,0.245783,0.606899,0.007027,0.262385,0.557316,0.001492,0.255923,0.521349,-0.002971,0.187395,0.561095,0.032530,0.198348,0.506387,0.021837,0.227429,0.500641,0.008296,0.246212,0.510854,0.000876,0.172698,0.558676,0.020265,0.179827,0.489095,0.005576,0.217851,0.485122,-0.009152,0.244422,0.505076,-0.015541,0.159577,0.561951,0.004883,0.166958,0.485968,-0.009401,0.207383,0.479531,-0.018475,0.236005,0.498184,-0.020467,0.151465,0.570100,-0.010942,0.165153,0.504886,-0.022133,0.197058,0.489289,-0.026724,0.223983,0.494584,-0.027409
3691,0,0.285901,0.301831,0.435600,2.827855,2.874141,0.188880,0.724458,0.000000,0.227814,0.673663,0.006064,0.250843,0.613464,0.005651,0.270905,0.566317,-0.001926,0.267950,0.526546,-0.008322,0.190921,0.561046,0.032041,0.203693,0.503967,0.020138,0.235411,0.500750,0.005760,0.256052,0.513036,-0.002178,0.176738,0.558445,0.018766,0.189090,0.487734,0.003133,0.228765,0.487337,-0.012066,0.254691,0.509660,-0.018657,0.163813,0.561120,0.002410,0.177943,0.485240,-0.012448,0.219726,0.482837,-0.020918,0.247433,0.503888,-0.022291,0.156480,0.569071,-0.014406,0.176835,0.505472,-0.025801,0.210690,0.494734,-0.029420,0.236759,0.503994,-0.029061
3735,0,0.528185,0.572240,0.950991,2.662746,2.643710,0.186051,0.725464,0.000000,0.227491,0.679891,0.003728,0.257355,0.623175,0.000247,0.281859,0.580168,-0.009915,0.280238,0.543585,-0.018389,0.195095,0.555530,0.025234,0.212712,0.495141,0.009829,0.248051,0.502042,-0.006520,0.269519,0.523335,-0.015060,0.180320,0.553119,0.012397,0.203974,0.485649,-0.004707,0.245245,0.496626,-0.019610,0.268617,0.524793,-0.025985,0.168669,0.556352,-0.003483,0.196081,0.486522,-0.018843,0.238458,0.494673,-0.025844,0.263769,0.521787,-0.026111,0.163512,0.565873,-0.020159,0.191294,0.508214,-0.031013,0.225279,0.501861,-0.033425,0.249671,0.513382,-0.032110
3778,0,0.848711,0.896042,1.626738,2.545080,2.542560,0.182716,0.725742,0.000000,0.227253,0.685856,0.004145,0.262627,0.633377,-0.002621,0.290830,0.599130,-0.015213,0.297397,0.570397,-0.025726,0.191657,0.540780,0.011934,0.225000,0.487206,-0.008047,0.263557,0.506684,-0.025648,0.282379,0.535177,-0.034219,0.177588,0.541771,-0.001868,0.223160,0.485834,-0.020278,0.267282,0.511025,-0.032907,0.287291,0.545988,-0.037622,0.172371,0.551505,-0.017656,0.220358,0.496110,-0.034531,0.265279,0.517793,-0.037934,0.288002,0.549818,-0.035280,0.177422,0.570575,-0.033875,0.217670,0.524110,-0.045021,0.253223,0.529612,-0.044085,0.275738,0.547516,-0.039557
3813,0,0.552974,0.494845,0.508406,2.527589,2.587296,0.180141,0.731251,-0.000000,0.231172,0.691958,0.006256,0.271067,0.643656,-0.001044,0.301769,0.614003,-0.014447,0.307218,0.592397,-0.025740,0.197113,0.543308,0.009795,0.241872,0.493002,-0.012300,0.280062,0.519093,-0.030673,0.295808,0.553818,-0.039087,0.184264,0.545939,-0.005526,0.242359,0.492189,-0.023852,0.283745,0.524451,-0.035497,0.298749,0.562794,-0.039430,0.181152,0.557486,-0.022540,0.237797,0.506841,-0.038993,0.279496,0.533632,-0.041179,0.298223,0.567339,-0.037651,0.188681,0.578322,-0.039774,0.233477,0.536542,-0.049795,0.267303,0.545970,-0.047610,0.287401,0.565516,-0.042271
3854,0,0.302498,0.177616,0.286335,2.490290,2.584668,0.182723,0.734779,-0.000000,0.235647,0.696921,0.007417,0.275694,0.652277,0.000497,0.305344,0.625279,-0.012652,0.315292,0.597433,-0.023986,0.209345,0.548103,0.009040,0.254031,0.498872,-0.012319,0.289446,0.523910,-0.029479,0.303732,0.556690,-0.037241,0.195210,0.550865,-0.006544,0.254046,0.498466,-0.024701,0.292436,0.531288,-0.035368,0.305325,0.568997,-0.038861,0.190096,0.563016,-0.023605,0.247197,0.513626,-0.039845,0.285960,0.541725,-0.040734,0.302241,0.575581,-0.036606,0.194380,0.585394,-0.040670,0.239457,0.545138,-0.050576,0.271070,0.554203,-0.047623,0.288924,0.572563,-0.041845
3894,0,0.127193,0.123399,0.258873,2.490261,2.611717,0.183404,0.734161,0.000000,0.236686,0.696990,0.007391,0.277774,0.653654,0.000132,0.309243,0.627095,-0.013388,0.317556,0.598432,-0.025252,0.213282,0.550491,0.008125,0.255854,0.501589,-0.012498,0.290985,0.524000,-0.029116,0.306857,0.554777,-0.036876,0.199033,0.553113,-0.007500,0.257679,0.501990,-0.026022,0.294998,0.535588,-0.036780,0.307247,0.572861,-0.040275,0.194027,0.565189,-0.024419,0.250142,0.517279,-0.040083,0.288219,0.545344,-0.040949,0.303904,0.578434,-0.037069,0.198177,0.587806,-0.041430,0.243061,0.549835,-0.050921,0.274685,0.559491,-0.048196,0.292390,0.577873,-0.042777
3929,0,0.115912,0.125544,0.296230,2.501542,2.642580,0.184281,0.732784,0.000000,0.237312,0.697861,0.007364,0.277883,0.656056,-0.000136,0.310075,0.630155,-0.013908,0.321016,0.601009,-0.026176,0.216003,0.550893,0.007236,0.259644,0.503060,-0.012977,0.294180,0.526486,-0.029295,0.309633,0.556782,-0.037172,0.201613,0.552983,-0.008474,0.261716,0.504937,-0.026940,0.298199,0.539671,-0.037554,0.309652,0.577061,-0.041150,0.196164,0.565299,-0.025381,0.253561,0.519647,-0.040928,0.291115,0.548818,-0.041660,0.306460,0.582245,-0.037936,0.199688,0.588533,-0.042391,0.245687,0.553040,-0.052194,0.277253,0.563058,-0.049775,0.295046,0.581304,-0.044683
3973,0,0.071822,0.063583,0.113346,2.465800,2.616018,0.186229,0.732729,0.000000,0.238402,0.697668,0.006328,0.279080,0.657350,-0.002053,0.310992,0.631547,-0.016436,0.322470,0.601735,-0.029250,0.216972,0.552512,0.005742,0.261611,0.505056,-0.014855,0.295957,0.528580,-0.031528,0.311394,0.559309,-0.039612,0.202592,0.553919,-0.009602,0.263443,0.505143,-0.028507,0.299615,0.539941,-0.039644,0.310791,0.577748,-0.043599,0.196999,0.565648,-0.026118,0.254592,0.519507,-0.041732,0.292084,0.548833,-0.042871,0.307397,0.582539,-0.039485,0.200205,0.588518,-0.042776,0.246168,0.552238,-0.052711,0.278050,0.562862,-0.050464,0.296016,0.581807,-0.045592
4007,0,0.039594,0.053517,0.168609,2.444140,2.608173,0.187970,0.732083,0.000000,0.239053,0.698155,0.005564,0.279867,0.656902,-0.003027,0.311797,0.630734,-0.017540,0.322469,0.600585,-0.030565,0.218181,0.553911,0.005514,0.261322,0.504989,-0.015494,0.296162,0.527180,-0.032509,0.312603,0.557677,-0.040754,0.203827,0.555545,-0.009444,0.263408,0.505380,-0.028951,0.299731,0.539464,-0.040629,0.311546,0.577335,-0.044735,0.198187,0.566781,-0.025675,0.254609,0.519670,-0.041726,0.292271,0.548738,-0.043325,0.307739,0.582700,-0.040064,0.201220,0.588959,-0.042102,0.246467,0.551778,-0.052134,0.278378,0.562345,-0.050159,0.296288,0.581772,-0.045394
4052,0,0.032509,0.045963,0.217067,2.426430,2.591826,0.189243,0.731888,0.000000,0.239476,0.698978,0.005167,0.280142,0.657326,-0.003195,0.311691,0.630777,-0.017347,0.321910,0.600167,-0.030019,0.219942,0.555076,0.005404,0.261028,0.504505,-0.015547,0.295893,0.526634,-0.032606,0.312504,0.556814,-0.040898,0.205430,0.556163,-0.009320,0.262848,0.504438,-0.028803,0.299347,0.538011,-0.040680,0.311344,0.575799,-0.044919,0.199189,0.566830,-0.025374,0.253912,0.518769,-0.041490,0.291918,0.547518,-0.043392,0.307356,0.581241,-0.040368,0.201466,0.588597,-0.041677,0.245631,0.551079,-0.052151,0.277874,0.561581,-0.050655,0.296098,0.581048,-0.046135
4104,0,0.079117,0.109261,0.320911,2.408599,2.568627,0.190491,0.733306,0.000000,0.239823,0.701081,0.005073,0.280242,0.658571,-0.002904,0.311638,0.630796,-0.016778,0.321166,0.597849,-0.029291,0.222979,0.557119,0.007206,0.261019,0.504607,-0.013005,0.295656,0.525630,-0.029916,0.311913,0.555328,-0.038211,0.208006,0.557412,-0.007393,0.261867,0.504227,-0.026276,0.298956,0.536479,-0.038586,0.310971,0.573863,-0.043273,0.200488,0.567447,-0.023417,0.252743,0.518000,-0.038961,0.291125,0.545647,-0.041305,0.306993,0.579041,-0.038836,0.201289,0.588597,-0.039742,0.244147,0.549775,-0.050147,0.276700,0.559908,-0.048991,0.295216,0.579663,-0.044835
4135,0,0.092137,0.121482,0.282157,2.386605,2.541572,0.192753,0.733864,0.000000,0.240389,0.702058,0.003713,0.280698,0.659295,-0.004087,0.312318,0.629603,-0.017559,0.321555,0.592479,-0.029517,0.225890,0.559361,0.008339,0.261645,0.506328,-0.011163,0.295682,0.525169,-0.027566,0.312045,0.553667,-0.035527,0.210798,0.558671,-0.005306,0.260920,0.502790,-0.024073,0.298053,0.533106,-0.036755,0.310928,0.570957,-0.041506,0.202285,0.567433,-0.020564,0.252043,0.516638,-0.036377,0.290543,0.543831,-0.039272,0.306910,0.577760,-0.036943,0.201414,0.587079,-0.036220,0.243841,0.548130,-0.047045,0.276224,0.558091,-0.046384,0.295045,0.578255,-0.042450
4183,0,0.149656,0.187007,0.571087,2.332563,2.484690,0.196222,0.735222,0.000000,0.242139,0.704620,0.001906,0.282243,0.660268,-0.005308,0.312950,0.628225,-0.017827,0.322060,0.587845,-0.028815,0.232261,0.562824,0.009523,0.263288,0.506385,-0.009072,0.296575,0.521873,-0.024904,0.313838,0.548463,-0.032519,0.216621,0.561570,-0.002729,0.260861,0.500701,-0.021073,0.298079,0.528463,-0.034071,0.312076,0.565734,-0.039011,0.206054,0.568859,-0.016893,0.251413,0.514366,-0.032678,0.289921,0.539793,-0.036288,0.306679,0.573524,-0.034388,0.201795,0.586444,-0.031585,0.241950,0.545246,-0.042810,0.274419,0.554418,-0.042905,0.293044,0.574452,-0.039486
4213,0,0.159321,0.150086,0.932286,2.206193,2.362001,0.199794,0.734746,0.000000,0.245454,0.705810,-0.001519,0.285794,0.661226,-0.009218,0.316032,0.628132,-0.021825,0.327037,0.585577,-0.032762,0.243724,0.566866,0.008431,0.267493,0.505776,-0.011619,0.299629,0.520358,-0.028249,0.316609,0.547658,-0.036070,0.227337,0.564576,-0.002136,0.261842,0.497697,-0.022098,0.298255,0.524636,-0.036006,0.312418,0.561031,-0.041273,0.213052,0.569567,-0.015265,0.250606,0.510738,-0.033147,0.288405,0.536599,-0.038061,0.305360,0.570702,-0.036680,0.202980,0.584121,-0.029164,0.240174,0.542166,-0.042429,0.272789,0.552131,-0.044132,0.291569,0.572608,-0.041691
4262,0,0.161847,0.167277,0.595520,2.170453,2.284731,0.201978,0.736362,0.000000,0.248220,0.705880,-0.003082,0.288045,0.660666,-0.010575,0.318089,0.626665,-0.022878,0.334074,0.583365,-0.033493,0.251827,0.568823,0.010395,0.272217,0.506160,-0.009531,0.303288,0.519219,-0.026318,0.320289,0.545497,-0.034406,0.235550,0.565139,0.000751,0.264973,0.495746,-0.018981,0.299734,0.521301,-0.033298,0.314312,0.555699,-0.039005,0.219431,0.568201,-0.011920,0.251910,0.507411,-0.030085,0.288335,0.532604,-0.035646,0.305052,0.566353,-0.034798,0.205213,0.580380,-0.025552,0.239162,0.537701,-0.039559,0.271094,0.548163,-0.041940,0.289736,0.569083,-0.040048
4313,0,0.229844,0.250474,0.584884,2.005913,2.114493,0.205719,0.737505,0.000000,0.251120,0.706574,-0.006522,0.290500,0.658855,-0.014199,0.321198,0.622743,-0.025988,0.337375,0.578873,-0.036057,0.258748,0.574333,0.006377,0.274713,0.505456,-0.015428,0.304674,0.516895,-0.033149,0.322190,0.542282,-0.041773,0.242815,0.570918,-0.001452,0.264194,0.494708,-0.024011,0.298173,0.516951,-0.039979,0.314736,0.549921,-0.046625,0.224843,0.572797,-0.012603,0.247845,0.504492,-0.033100,0.283680,0.526802,-0.040411,0.302874,0.559820,-0.040444,0.206828,0.581553,-0.025008,0.234249,0.535340,-0.041341,0.265821,0.543094,-0.046094,0.286568,0.562726,-0.045828
4341,0,0.156985,0.163657,0.776412,1.896074,2.016702,0.205905,0.737993,0.000000,0.252206,0.708750,-0.007486,0.291610,0.658399,-0.014346,0.322225,0.620609,-0.024507,0.339538,0.577583,-0.033426,0.258289,0.574234,0.002940,0.272587,0.503619,-0.017055,0.302905,0.511397,-0.033760,0.322597,0.532497,-0.042579,0.242370,0.572270,-0.004160,0.259474,0.494008,-0.025391,0.295523,0.510569,-0.041245,0.315336,0.540171,-0.048714,0.223864,0.575963,-0.014196,0.241408,0.504252,-0.033143,0.279258,0.521226,-0.040712,0.300708,0.551472,-0.041912,0.204673,0.585765,-0.025557,0.226556,0.534155,-0.041379,0.257375,0.539165,-0.046313,0.278123,0.558010,-0.046647
4373,0,0.266099,0.274267,0.959363,1.702406,1.840631,0.206081,0.738771,0.000000,0.254053,0.711859,-0.011513,0.295751,0.660355,-0.018703,0.324685,0.619121,-0.027930,0.341469,0.574657,-0.036542,0.259969,0.571880,-0.002307,0.272451,0.503440,-0.022477,0.300851,0.502775,-0.039534,0.324188,0.516694,-0.049110,0.241195,0.570071,-0.007398,0.254786,0.493491,-0.028844,0.289490,0.499997,-0.045419,0.314931,0.522562,-0.053865,0.220932,0.576105,-0.015445,0.234502,0.505722,-0.035079,0.271262,0.513468,-0.044555,0.297926,0.537541,-0.047348,0.199857,0.588916,-0.025021,0.216192,0.534822,-0.041363,0.245736,0.532975,-0.047315,0.269890,0.547212,-0.048611
4407,0,0.274433,0.281077,1.615080,1.511086,1.648917,0.204499,0.740065,0.000000,0.253938,0.714884,-0.013655,0.298616,0.664428,-0.020474,0.328577,0.622186,-0.028222,0.345693,0.578124,-0.035572,0.263201,0.571520,-0.004430,0.280289,0.509080,-0.021552,0.304227,0.498918,-0.036302,0.325667,0.503921,-0.044863,0.241256,0.567358,-0.007698,0.255644,0.496718,-0.025086,0.285314,0.491839,-0.039123,0.310613,0.506353,-0.046887,0.218599,0.574541,-0.013929,0.228912,0.505478,-0.031756,0.260128,0.503228,-0.041479,0.286740,0.520433,-0.045295,0.195152,0.589220,-0.021685,0.206971,0.534086,-0.037729,0.233436,0.527138,-0.044166,0.257785,0.538802,-0.046191
4453,0,0.450098,0.485720,3.048826,1.387987,1.506245,0.201520,0.745792,0.000000,0.253340,0.719265,-0.016576,0.300066,0.671421,-0.022988,0.331345,0.627347,-0.029483,0.350536,0.583195,-0.035466,0.263293,0.583102,-0.000276,0.285686,0.533279,-0.014741,0.306614,0.511213,-0.028905,0.326169,0.497057,-0.038077,0.241164,0.570376,-0.001699,0.262247,0.508754,-0.014551,0.286412,0.489027,-0.026244,0.310899,0.482628,-0.033846,0.217584,0.571033,-0.006999,0.232902,0.506030,-0.022228,0.257806,0.488493,-0.030822,0.284612,0.487678,-0.034904,0.191596,0.582359,-0.014295,0.201266,0.528252,-0.029268,0.223092,0.509170,-0.035267,0.247966,0.508128,-0.037482
4486,0,0.305833,0.307144,1.452261,1.216384,1.342599,0.202679,0.745211,0.000000,0.256402,0.721453,-0.018516,0.304215,0.673684,-0.025097,0.335146,0.630308,-0.031040,0.355647,0.587518,-0.036344,0.266424,0.582558,-0.002689,0.288556,0.528309,-0.015937,0.306856,0.503318,-0.028781,0.325171,0.484977,-0.037228,0.240642,0.569320,-0.002781,0.260438,0.507552,-0.012786,0.279910,0.479824,-0.022772,0.301433,0.462785,-0.030057,0.214389,0.569179,-0.006913,0.227229,0.507656,-0.018843,0.246828,0.481293,-0.026652,0.270192,0.467702,-0.031351,0.186218,0.579359,-0.013367,0.189743,0.525298,-0.025244,0.206010,0.502256,-0.030221,0.227844,0.493448,-0.032513
4519,0,0.227258,0.230358,1.258657,1.041124,1.131609,0.198087,0.744698,0.000000,0.255445,0.724951,-0.020005,0.306468,0.680957,-0.026782,0.338599,0.636714,-0.032448,0.360466,0.595583,-0.037560,0.270070,0.584741,-0.004368,0.293765,0.529805,-0.016290,0.309711,0.499288,-0.028529,0.325245,0.474128,-0.037103,0.241273,0.568581,-0.003719,0.260541,0.505531,-0.012730,0.278054,0.471342,-0.023467,0.296333,0.445582,-0.031648,0.212252,0.566851,-0.006834,0.224396,0.504509,-0.017914,0.240978,0.473079,-0.026880,0.260718,0.451083,-0.032873,0.181784,0.577189,-0.012215,0.184245,0.523994,-0.023695,0.197233,0.498278,-0.028937,0.216158,0.481989,-0.031697
4547,0,0.188213,0.190839,1.143467,0.914530,1.005145,0.196163,0.746644,0.000000,0.255082,0.729933,-0.020716,0.307232,0.688465,-0.027191,0.339339,0.643154,-0.032159,0.363202,0.604010,-0.036498,0.273551,0.587250,-0.004426,0.299827,0.532198,-0.014829,0.314356,0.499108,-0.026264,0.327159,0.469347,-0.034742,0.243287,0.570671,-0.003585,0.263229,0.506100,-0.011219,0.278094,0.468095,-0.021743,0.292061,0.435463,-0.029923,0.212454,0.568436,-0.006392,0.223850,0.505876,-0.016071,0.236871,0.469881,-0.024674,0.251886,0.438423,-0.030851,0.179911,0.578847,-0.011501,0.183062,0.528262,-0.021478,0.190838,0.499395,-0.025717,0.202703,0.472942,-0.028185
4582,0,0.231508,0.258373,0.551458,0.739591,0.756007,0.193083,0.748016,0.000000,0.252661,0.736962,-0.023914,0.306187,0.697379,-0.031935,0.339066,0.650535,-0.037658,0.363779,0.611009,-0.042525,0.276760,0.591093,-0.010136,0.304627,0.533288,-0.021094,0.318376,0.497516,-0.032137,0.328794,0.465158,-0.040276,0.245696,0.571319,-0.007720,0.267697,0.502749,-0.015750,0.280647,0.461943,-0.025626,0.290542,0.426894,-0.032976,0.213708,0.567096,-0.008802,0.224442,0.501294,-0.018191,0.233951,0.462630,-0.026112,0.244139,0.428180,-0.031717,0.179602,0.576930,-0.012410,0.180525,0.525116,-0.022169,0.184869,0.494920,-0.025978,0.192645,0.466386,-0.027857
4615,0,0.267304,0.276698,0.332022,0.557386,0.490485,0.192045,0.753000,0.000000,0.252174,0.744620,-0.023626,0.305308,0.705708,-0.032107,0.338757,0.659214,-0.038528,0.366132,0.622510,-0.044171,0.279393,0.597275,-0.013570,0.307774,0.538333,-0.026066,0.321842,0.500592,-0.037213,0.332095,0.466768,-0.045521,0.248186,0.574883,-0.012159,0.270531,0.503926,-0.022224,0.283112,0.460843,-0.032263,0.291728,0.423748,-0.039532,0.215678,0.569791,-0.014080,0.224589,0.499400,-0.025443,0.231780,0.456758,-0.034080,0.239349,0.418781,-0.039948,0.181482,0.580516,-0.018416,0.178669,0.525155,-0.030134,0.179288,0.489804,-0.035257,0.182947,0.456251,-0.037905
4643,0,0.177588,0.194448,0.166187,0.443810,0.328618,0.190448,0.756483,0.000000,0.250605,0.751471,-0.024822,0.303778,0.714591,-0.034221,0.338583,0.669028,-0.041588,0.367987,0.634156,-0.048125,0.279924,0.601588,-0.015414,0.309456,0.542189,-0.028939,0.324353,0.503463,-0.040563,0.334560,0.468619,-0.049256,0.249364,0.577251,-0.014081,0.272434,0.504652,-0.025758,0.284985,0.459830,-0.036535,0.293031,0.421374,-0.044238,0.217042,0.571424,-0.016174,0.225280,0.499048,-0.029345,0.231580,0.454922,-0.039044,0.237933,0.415991,-0.045369,0.183015,0.582008,-0.020723,0.178734,0.524296,-0.034203,0.177783,0.486853,-0.040599,0.179713,0.451547,-0.043991
4678,0,0.134875,0.171109,0.109523,0.347139,0.249461,0.187739,0.760709,0.000000,0.247506,0.757706,-0.025743,0.302056,0.721063,-0.035671,0.338652,0.676414,-0.043444,0.369377,0.642530,-0.050338,0.280883,0.605445,-0.017117,0.310849,0.545273,-0.031093,0.325880,0.505653,-0.042942,0.336519,0.470128,-0.051954,0.250422,0.579928,-0.015726,0.273581,0.506643,-0.027987,0.285855,0.460600,-0.039136,0.293443,0.421036,-0.047214,0.217697,0.573194,-0.017826,0.226087,0.499673,-0.031686,0.231642,0.454159,-0.042116,0.237107,0.413792,-0.049009,0.183106,0.583302,-0.022440,0.177882,0.524323,-0.036874,0.175535,0.485681,-0.044234,0.175979,0.449036,-0.048255
4715,0,0.133889,0.157453,0.075014,0.284836,0.218916,0.185070,0.763296,0.000000,0.244938,0.762354,-0.027494,0.299388,0.727087,-0.038591,0.337143,0.682896,-0.047300,0.369883,0.649993,-0.055098,0.280827,0.608746,-0.019733,0.311701,0.547526,-0.034746,0.327175,0.507316,-0.047154,0.338019,0.470732,-0.056556,0.250194,0.581975,-0.018011,0.274084,0.506580,-0.031193,0.286484,0.459375,-0.042818,0.294019,0.418654,-0.051163,0.217255,0.574891,-0.019860,0.225455,0.500138,-0.034473,0.230854,0.453782,-0.045259,0.236112,0.412578,-0.052365,0.182481,0.584698,-0.024361,0.176809,0.524612,-0.039392,0.174066,0.485264,-0.047008,0.174232,0.448083,-0.051235
4741,0,0.065861,0.053698,0.066746,0.276725,0.220079,0.184055,0.764532,0.000000,0.243538,0.763548,-0.028051,0.298330,0.728964,-0.039423,0.336493,0.685844,-0.048410,0.369976,0.654076,-0.056546,0.280573,0.609437,-0.020507,0.311136,0.547503,-0.035725,0.326188,0.506730,-0.048262,0.336979,0.469682,-0.057766,0.249522,0.582741,-0.018759,0.272780,0.506224,-0.032212,0.285212,0.458216,-0.044120,0.292716,0.416835,-0.052774,0.216497,0.575831,-0.020618,0.224100,0.500716,-0.035559,0.229475,0.454000,-0.046672,0.234730,0.412648,-0.053994,0.181480,0.585883,-0.025203,0.175691,0.525233,-0.040607,0.172862,0.485644,-0.048558,0.172958,0.448135,-0.052996
4781,0,0.067820,0.069303,0.068681,0.228282,0.177729,0.183270,0.766279,0.000000,0.242806,0.765633,-0.027971,0.297350,0.731018,-0.039338,0.336005,0.688496,-0.048364,0.370689,0.657499,-0.056536,0.278956,0.608877,-0.020040,0.309407,0.546172,-0.035010,0.324545,0.504968,-0.047473,0.335320,0.467355,-0.056982,0.248069,0.582703,-0.018146,0.271100,0.506327,-0.031221,0.283139,0.458068,-0.042941,0.290010,0.416670,-0.051521,0.215230,0.576254,-0.019873,0.222691,0.500827,-0.034416,0.227586,0.453638,-0.045318,0.232328,0.411908,-0.052524,0.180631,0.586482,-0.024349,0.174464,0.525449,-0.039412,0.171511,0.485753,-0.047213,0.171495,0.448328,-0.051559
4831,0,0.056597,0.064677,0.101132,0.229748,0.173050,0.182653,0.767789,0.000000,0.241644,0.766023,-0.027866,0.296070,0.730989,-0.039404,0.335267,0.689737,-0.048649,0.370232,0.660244,-0.057037,0.277671,0.608239,-0.020112,0.308174,0.545192,-0.034986,0.323549,0.503955,-0.047493,0.334621,0.466581,-0.057074,0.246465,0.582445,-0.018397,0.268899,0.505059,-0.031445,0.280849,0.456426,-0.043243,0.287710,0.414945,-0.051929,0.213419,0.576469,-0.020280,0.221510,0.499960,-0.034856,0.226406,0.452546,-0.045890,0.230940,0.410546,-0.053197,0.178760,0.587103,-0.024884,0.173158,0.525473,-0.040112,0.169898,0.485277,-0.048052,0.169491,0.447261,-0.052489
4865,0,0.050600,0.063754,0.079213,0.245850,0.216844,0.181051,0.767637,0.000000,0.240610,0.766310,-0.027954,0.295359,0.732654,-0.039785,0.334616,0.691800,-0.049422,0.369470,0.661975,-0.058196,0.276277,0.608914,-0.020624,0.307597,0.546144,-0.036016,0.323121,0.504958,-0.048822,0.334506,0.467636,-0.058571,0.245444,0.582774,-0.019039,0.268536,0.505327,-0.032623,0.280766,0.456166,-0.044885,0.288177,0.413934,-0.053922,0.212742,0.576666,-0.020999,0.221153,0.500653,-0.035979,0.226444,0.453520,-0.047360,0.231411,0.411837,-0.054897,0.178538,0.587287,-0.025686,0.172741,0.526076,-0.041210,0.169493,0.485712,-0.049384,0.168922,0.447727,-0.053959
4900,0,0.024140,0.025414,0.090469,0.242746,0.234932,0.180917,0.768403,0.000000,0.240443,0.768090,-0.028058,0.294598,0.733900,-0.039938,0.334305,0.693238,-0.049472,0.369680,0.664018,-0.058180,0.275761,0.609635,-0.020832,0.307330,0.546995,-0.036241,0.323172,0.505788,-0.049022,0.334590,0.468430,-0.058743,0.245147,0.583202,-0.019124,0.268577,0.505317,-0.032656,0.280990,0.456183,-0.044743,0.288478,0.414171,-0.053601,0.212486,0.576742,-0.020964,0.221432,0.500339,-0.035884,0.227000,0.453260,-0.047032,0.232039,0.411783,-0.054389,0.178319,0.587231,-0.025562,0.172885,0.525668,-0.040989,0.169880,0.485133,-0.048984,0.169762,0.447132,-0.053413
4933,0,0.032774,0.034602,0.055345,0.229003,0.241110,0.180973,0.769646,0.000000,0.240341,0.768966,-0.028269,0.294392,0.735115,-0.040240,0.333830,0.694385,-0.049876,0.369376,0.665414,-0.058609,0.276334,0.610302,-0.020176,0.307583,0.547912,-0.035403,0.323280,0.506908,-0.048220,0.334519,0.469849,-0.058007,0.245587,0.583517,-0.018416,0.268696,0.505357,-0.031827,0.281262,0.456259,-0.043928,0.289009,0.414386,-0.052812,0.212823,0.577126,-0.020289,0.221570,0.500414,-0.035158,0.227352,0.453178,-0.046338,0.232740,0.411198,-0.053678,0.178408,0.587455,-0.024938,0.173245,0.525791,-0.040202,0.170336,0.485432,-0.048069,0.170218,0.447538,-0.052511
4967,0,0.020092,0.022360,0.065942,0.231716,0.244171,0.180722,0.769631,0.000000,0.240310,0.768276,-0.028228,0.294586,0.734336,-0.040207,0.334311,0.693909,-0.049919,0.370060,0.664708,-0.058761,0.276371,0.610181,-0.020085,0.307500,0.547582,-0.035427,0.323141,0.506435,-0.048370,0.334711,0.469232,-0.058232,0.245633,0.583696,-0.018469,0.268770,0.505902,-0.032026,0.281246,0.456701,-0.044402,0.289255,0.414448,-0.053547,0.212963,0.577392,-0.020500,0.221520,0.501117,-0.035578,0.227237,0.453633,-0.047085,0.232607,0.411280,-0.054718,0.178628,0.587871,-0.025318,0.173044,0.526228,-0.040887,0.170033,0.485641,-0.049088,0.169981,0.447273,-0.053736
5001,0,0.025466,0.043883,0.067755,0.216874,0.221794,0.181405,0.770562,0.000000,0.240598,0.769177,-0.028516,0.294638,0.734579,-0.040500,0.334861,0.693727,-0.050200,0.370657,0.663800,-0.058957,0.276208,0.609879,-0.020344,0.307238,0.547161,-0.035574,0.322789,0.505752,-0.048426,0.334132,0.468275,-0.058240,0.245446,0.583626,-0.018467,0.268357,0.505784,-0.031781,0.280740,0.456753,-0.043897,0.288309,0.414479,-0.052880,0.212721,0.577524,-0.020250,0.221338,0.501149,-0.034989,0.226888,0.454032,-0.046199,0.232296,0.411817,-0.053673,0.178467,0.588103,-0.024855,0.172888,0.526808,-0.040122,0.169896,0.486405,-0.048124,0.169798,0.448012,-0.052691
5037,0,0.018929,0.027285,0.024926,0.206992,0.206790,0.181834,0.770259,0.000000,0.241212,0.768714,-0.028270,0.295246,0.733964,-0.040175,0.334819,0.693256,-0.049813,0.370239,0.663667,-0.058506,0.276442,0.610212,-0.020050,0.307177,0.547826,-0.035186,0.322667,0.506926,-0.047961,0.334016,0.469858,-0.057750,0.245595,0.583937,-0.018349,0.268373,0.505758,-0.031596,0.280640,0.456896,-0.043615,0.288261,0.414844,-0.052496,0.212896,0.577859,-0.020314,0.221376,0.501651,-0.035073,0.226941,0.454408,-0.046260,0.232147,0.412012,-0.053668,0.178649,0.588431,-0.025076,0.172831,0.527180,-0.040289,0.169559,0.486901,-0.048225,0.169137,0.448392,-0.052723
5072,0,0.036169,0.036557,0.075160,0.220964,0.224871,0.182099,0.769856,0.000000,0.241589,0.768073,-0.028506,0.296083,0.734067,-0.040636,0.335466,0.692988,-0.050409,0.370370,0.662447,-0.059313,0.276861,0.610614,-0.020677,0.307324,0.548548,-0.036146,0.322782,0.507712,-0.049164,0.333913,0.470493,-0.059087,0.246164,0.584100,-0.019007,0.269169,0.506394,-0.032581,0.281350,0.457397,-0.044862,0.288906,0.415162,-0.053918,0.213350,0.577759,-0.021016,0.222075,0.501665,-0.036033,0.227623,0.454499,-0.047428,0.232923,0.412241,-0.055012,0.178783,0.588264,-0.025808,0.173235,0.527107,-0.041240,0.170013,0.486750,-0.049277,0.169587,0.448305,-0.053918
5106,0,0.026472,0.022927,0.055014,0.205657,0.210102,0.182577,0.770296,0.000000,0.242473,0.768707,-0.028422,0.296997,0.733959,-0.040280,0.336408,0.692249,-0.049804,0.371663,0.661600,-0.058425,0.277093,0.610827,-0.020498,0.307863,0.548283,-0.035800,0.323250,0.507167,-0.048637,0.334506,0.469855,-0.058425,0.246416,0.584558,-0.018728,0.269296,0.506615,-0.032186,0.281596,0.457628,-0.044383,0.289063,0.415198,-0.053418,0.213639,0.578262,-0.020611,0.222268,0.501878,-0.035555,0.227947,0.454695,-0.046943,0.233260,0.412338,-0.054472,0.179291,0.588546,-0.025260,0.173548,0.527305,-0.040732,0.170464,0.486884,-0.048863,0.170274,0.448449,-0.053493
5141,0,0.029648,0.031886,0.047713,0.193971,0.180936,0.183347,0.769854,0.000000,0.242698,0.767813,-0.027802,0.297507,0.732806,-0.039265,0.337210,0.691583,-0.048450,0.372012,0.661313,-0.056808,0.277654,0.610707,-0.019821,0.308032,0.547899,-0.034841,0.323292,0.506612,-0.047509,0.334400,0.469209,-0.057184,0.246898,0.584640,-0.018315,0.269535,0.506729,-0.031434,0.281752,0.457431,-0.043481,0.289200,0.414913,-0.052441,0.214273,0.578328,-0.020423,0.222770,0.502071,-0.035030,0.228156,0.454812,-0.046267,0.233181,0.412380,-0.053759,0.179767,0.588395,-0.025279,0.174069,0.527231,-0.040394,0.170840,0.487105,-0.048338,0.170605,0.448489,-0.052893
5184,0,0.027058,0.024616,0.056151,0.210228,0.184157,0.183707,0.769512,0.000000,0.243102,0.767222,-0.027968,0.297748,0.732283,-0.039531,0.336943,0.690737,-0.048841,0.371959,0.660378,-0.057288,0.277906,0.610176,-0.020141,0.308021,0.547604,-0.035439,0.323252,0.506351,-0.048203,0.334343,0.468973,-0.057964,0.247285,0.584411,-0.018621,0.269895,0.506918,-0.032079,0.282172,0.457817,-0.044186,0.290002,0.415362,-0.053196,0.214590,0.578211,-0.020742,0.223098,0.502375,-0.035664,0.228775,0.455089,-0.046964,0.234142,0.412473,-0.054548,0.180190,0.588627,-0.025641,0.174388,0.527926,-0.041070,0.171203,0.487590,-0.049217,0.170950,0.448723,-0.053909
5229,0,0.017039,0.019620,0.036088,0.216524,0.170847,0.184434,0.769400,0.000000,0.244157,0.767027,-0.027996,0.298379,0.731586,-0.039577,0.337661,0.689675,-0.048872,0.372451,0.659086,-0.057305,0.277933,0.609993,-0.020238,0.307932,0.546955,-0.035511,0.323188,0.505626,-0.048272,0.334495,0.468017,-0.058054,0.247254,0.584203,-0.018692,0.269717,0.506772,-0.032138,0.281941,0.457469,-0.044225,0.289604,0.414769,-0.053220,0.214780,0.578294,-0.020782,0.223209,0.502014,-0.035736,0.228959,0.454948,-0.046961,0.234452,0.412398,-0.054456,0.180496,0.588905,-0.025673,0.174530,0.527668,-0.041151,0.171506,0.487143,-0.049322,0.171362,0.448409,-0.054007
5265,0,0.023985,0.019731,0.047318,0.219166,0.158422,0.185096,0.769244,0.000000,0.244617,0.766828,-0.028308,0.299294,0.731540,-0.039964,0.338113,0.689485,-0.049282,0.372685,0.658180,-0.057664,0.278210,0.609550,-0.020263,0.308121,0.546365,-0.035474,0.323089,0.505021,-0.048234,0.333967,0.467491,-0.057963,0.247766,0.583963,-0.018523,0.269999,0.506382,-0.031844,0.281997,0.457233,-0.043931,0.289291,0.414816,-0.052949,0.215325,0.578246,-0.020431,0.224251,0.502150,-0.035250,0.229835,0.454769,-0.046513,0.235184,0.412255,-0.053997,0.181119,0.588676,-0.025146,0.175244,0.527915,-0.040488,0.172047,0.487616,-0.048608,0.171672,0.448877,-0.053211
5301,0,0.027220,0.041231,0.030267,0.234435,0.183587,0.184735,0.768812,0.000000,0.244591,0.766842,-0.028384,0.299250,0.732163,-0.040228,0.338244,0.690167,-0.049695,0.372734,0.658941,-0.058340,0.278563,0.609829,-0.020787,0.308635,0.547075,-0.036205,0.323609,0.505556,-0.049059,0.334473,0.467932,-0.058864,0.247982,0.584230,-0.019150,0.270560,0.506516,-0.032706,0.282398,0.457275,-0.044905,0.289685,0.414735,-0.053924,0.215475,0.578363,-0.021143,0.224480,0.502169,-0.036149,0.230131,0.455199,-0.047375,0.235361,0.412892,-0.054822,0.181062,0.588724,-0.025933,0.175386,0.527782,-0.041425,0.172413,0.487476,-0.049508,0.172161,0.448836,-0.054111
5337,0,0.031685,0.033208,0.043178,0.216362,0.157944,0.185113,0.768835,0.000000,0.244643,0.767064,-0.027894,0.299093,0.732198,-0.039400,0.338392,0.690035,-0.048605,0.372995,0.659044,-0.056986,0.279138,0.609730,-0.019981,0.308835,0.546280,-0.034929,0.323537,0.504954,-0.047482,0.334300,0.467345,-0.057136,0.248506,0.584364,-0.018409,0.270622,0.506695,-0.031524,0.282543,0.457829,-0.043553,0.289730,0.415710,-0.052496,0.215924,0.578568,-0.020448,0.224514,0.502185,-0.035135,0.230092,0.454839,-0.046360,0.235231,0.412152,-0.053918,0.181433,0.589199,-0.025219,0.175553,0.527956,-0.040598,0.172512,0.487322,-0.048717,0.172239,0.448406,-0.053394
5373,0,0.018748,0.019736,0.022460,0.227190,0.161926,0.184973,0.768185,0.000000,0.244545,0.766564,-0.028012,0.299176,0.731945,-0.039542,0.338513,0.689738,-0.048773,0.373150,0.658685,-0.057145,0.279278,0.609378,-0.020089,0.308931,0.545829,-0.035076,0.323540,0.504502,-0.047652,0.334185,0.466955,-0.057257,0.248751,0.583855,-0.018416,0.271175,0.506652,-0.031507,0.282986,0.457863,-0.043466,0.290170,0.415874,-0.052399,0.216153,0.577811,-0.020350,0.225224,0.501796,-0.034945,0.230705,0.454873,-0.046120,0.235643,0.412892,-0.053595,0.181578,0.587959,-0.025041,0.175809,0.526991,-0.040252,0.172806,0.486577,-0.048288,0.172519,0.448206,-0.052885
5411,0,0.024598,0.018391,0.028651,0.208292,0.152719,0.185049,0.768726,0.000000,0.244797,0.767076,-0.027808,0.299456,0.732654,-0.039107,0.338730,0.690176,-0.048146,0.373288,0.658829,-0.056326,0.279201,0.609905,-0.019535,0.308951,0.546490,-0.034307,0.323676,0.505092,-0.046726,0.334382,0.467602,-0.056288,0.248847,0.584367,-0.017882,0.271231,0.507004,-0.030815,0.282906,0.458148,-0.042767,0.289946,0.416072,-0.051657,0.216388,0.578289,-0.019852,0.225375,0.502216,-0.034401,0.230854,0.455200,-0.045643,0.235808,0.413049,-0.053151,0.181765,0.588465,-0.024540,0.176158,0.527193,-0.039742,0.173284,0.486828,-0.047847,0.173066,0.448481,-0.052516
5451,0,0.018267,0.027720,0.032082,0.211465,0.147863,0.185542,0.769176,0.000000,0.244890,0.767254,-0.028123,0.299682,0.732524,-0.039614,0.338762,0.689887,-0.048771,0.373504,0.658802,-0.057067,0.279148,0.609715,-0.019994,0.308590,0.546061,-0.034906,0.323323,0.504640,-0.047463,0.334028,0.466773,-0.057142,0.248784,0.584520,-0.018191,0.271079,0.507402,-0.031243,0.282786,0.458446,-0.043240,0.289931,0.416058,-0.052209,0.216472,0.578718,-0.020013,0.225197,0.502611,-0.034625,0.230514,0.455289,-0.045781,0.235489,0.412685,-0.053255,0.181989,0.588823,-0.024628,0.176277,0.527806,-0.039876,0.173239,0.487317,-0.047948,0.172907,0.448523,-0.052620
5488,0,0.024610,0.020064,0.046630,0.209429,0.140717,0.185990,0.769243,0.000000,0.245373,0.766732,-0.027739,0.300009,0.731759,-0.039089,0.338891,0.689823,-0.048236,0.373358,0.659027,-0.056412,0.279845,0.609439,-0.019339,0.309032,0.546201,-0.034030,0.323447,0.504896,-0.046518,0.333857,0.467519,-0.056113,0.249382,0.584212,-0.017743,0.271599,0.507339,-0.030670,0.283104,0.458518,-0.042636,0.290141,0.416456,-0.051521,0.216920,0.578302,-0.019787,0.226061,0.502275,-0.034329,0.231353,0.455398,-0.045510,0.236349,0.413520,-0.052977,0.182393,0.588504,-0.024566,0.176674,0.527680,-0.039761,0.173578,0.487281,-0.047900,0.173193,0.448740,-0.052567
5527,0,0.016741,0.026408,0.050436,0.211384,0.159661,0.185381,0.769357,0.000000,0.245346,0.767537,-0.027904,0.300013,0.732545,-0.039410,0.339134,0.690720,-0.048636,0.373555,0.659339,-0.056929,0.280156,0.610002,-0.019537,0.309517,0.546651,-0.034329,0.324024,0.505463,-0.046843,0.334331,0.467998,-0.056481,0.249559,0.584338,-0.017940,0.271840,0.507277,-0.030967,0.283217,0.458434,-0.042958,0.289820,0.416472,-0.051924,0.216971,0.578357,-0.019966,0.226117,0.502288,-0.034609,0.231470,0.455596,-0.045760,0.236126,0.413921,-0.053194,0.182316,0.588498,-0.024748,0.176695,0.527350,-0.040007,0.173705,0.486996,-0.048113,0.173328,0.448790,-0.052745
5561,0,0.030427,0.035143,0.044420,0.226005,0.179620,0.185079,0.768956,0.000000,0.244636,0.767192,-0.028787,0.299664,0.732917,-0.040653,0.339075,0.691121,-0.050124,0.374222,0.659888,-0.058659,0.279843,0.609567,-0.020345,0.309128,0.546220,-0.035356,0.323553,0.505050,-0.048028,0.334265,0.467639,-0.057798,0.249393,0.584069,-0.018324,0.271863,0.507786,-0.031463,0.283429,0.459346,-0.043573,0.290222,0.417661,-0.052670,0.216925,0.578139,-0.020008,0.226547,0.502609,-0.034739,0.232195,0.455923,-0.046081,0.237229,0.413971,-0.053718,0.182433,0.588418,-0.024519,0.177148,0.527708,-0.040017,0.174252,0.487394,-0.048327,0.173960,0.448893,-0.053156
5598,0,0.021442,0.028331,0.054230,0.232366,0.177992,0.185741,0.768809,0.000000,0.244738,0.767213,-0.028292,0.299656,0.732376,-0.040039,0.339061,0.690583,-0.049376,0.373884,0.659474,-0.057817,0.280041,0.610202,-0.020617,0.309194,0.546613,-0.035631,0.323719,0.505267,-0.048218,0.334162,0.467607,-0.057929,0.249788,0.584790,-0.018862,0.272309,0.508208,-0.031990,0.283771,0.459468,-0.043998,0.290466,0.417462,-0.052999,0.217289,0.578762,-0.020729,0.226832,0.502990,-0.035389,0.232281,0.455924,-0.046575,0.237303,0.413790,-0.054119,0.182651,0.588835,-0.025398,0.177147,0.527729,-0.040748,0.174283,0.487145,-0.048928,0.174122,0.448442,-0.053709
5636,0,0.022249,0.022780,0.048249,0.222391,0.163332,0.185991,0.768755,0.000000,0.245390,0.767131,-0.028285,0.300078,0.732645,-0.039912,0.339173,0.690798,-0.049154,0.373636,0.659047,-0.057465,0.280471,0.609682,-0.019975,0.309288,0.546590,-0.034807,0.323591,0.505480,-0.047366,0.333953,0.468044,-0.057018,0.250014,0.584342,-0.018186,0.272366,0.507857,-0.031136,0.283795,0.459223,-0.043080,0.290577,0.417377,-0.052024,0.217479,0.578268,-0.020087,0.226774,0.502527,-0.034714,0.232102,0.455852,-0.045949,0.237030,0.414026,-0.053477,0.182653,0.588337,-0.024763,0.177365,0.527326,-0.040136,0.174342,0.486909,-0.048372,0.174018,0.448368,-0.053105
5673,0,0.027903,0.021381,0.037637,0.222977,0.182251,0.185625,0.769369,0.000000,0.245164,0.767748,-0.028712,0.299762,0.733471,-0.040718,0.338854,0.691559,-0.050339,0.373635,0.659600,-0.059027,0.279853,0.610323,-0.020378,0.308916,0.547155,-0.035554,0.323475,0.506354,-0.048400,0.333929,0.468953,-0.058244,0.249732,0.584705,-0.018485,0.272216,0.508431,-0.031769,0.283680,0.459968,-0.043962,0.290371,0.417915,-0.053061,0.217334,0.578586,-0.020322,0.226754,0.503071,-0.035181,0.232081,0.456291,-0.046461,0.236873,0.414012,-0.053993,0.182653,0.588622,-0.024983,0.177220,0.527691,-0.040457,0.174279,0.487322,-0.048623,0.174036,0.448650,-0.053322
5711,0,0.018890,0.017178,0.040601,0.210011,0.169421,0.185899,0.769682,0.000000,0.245262,0.768265,-0.028187,0.300088,0.733378,-0.039809,0.339082,0.691008,-0.049061,0.373777,0.659310,-0.057418,0.280004,0.610953,-0.020054,0.308909,0.547462,-0.035070,0.323463,0.506279,-0.047755,0.334020,0.468566,-0.057568,0.249862,0.585329,-0.018347,0.272297,0.509150,-0.031507,0.283702,0.460445,-0.043577,0.290454,0.418187,-0.052643,0.217495,0.579071,-0.020296,0.226801,0.503443,-0.035033,0.232125,0.456636,-0.046263,0.236837,0.414548,-0.053799,0.183006,0.588901,-0.025034,0.177402,0.528014,-0.040406,0.174450,0.487446,-0.048613,0.173988,0.448794,-0.053314
5751,0,0.025403,0.025085,0.055499,0.213658,0.175331,0.186040,0.769911,0.000000,0.245507,0.767905,-0.028456,0.300249,0.733772,-0.040301,0.339121,0.691606,-0.049799,0.373372,0.659537,-0.058365,0.279958,0.611067,-0.020635,0.308862,0.547886,-0.035868,0.323278,0.506699,-0.048719,0.333729,0.468907,-0.058626,0.249755,0.585425,-0.018865,0.271975,0.509089,-0.032218,0.283488,0.460458,-0.044472,0.290368,0.418228,-0.053635,0.217339,0.579475,-0.020728,0.226295,0.503767,-0.035626,0.231812,0.456817,-0.046968,0.236694,0.414649,-0.054566,0.182814,0.589940,-0.025402,0.177258,0.528835,-0.040971,0.174305,0.488335,-0.049203,0.174047,0.449528,-0.053970
5800,0,0.025232,0.030824,0.037959,0.198789,0.176743,0.185607,0.769781,0.000000,0.244979,0.768291,-0.028793,0.299581,0.734328,-0.040749,0.338836,0.692347,-0.050285,0.373532,0.660329,-0.058889,0.279726,0.611499,-0.020505,0.308764,0.548033,-0.035684,0.323131,0.506814,-0.048534,0.333670,0.468994,-0.058368,0.249706,0.586056,-0.018466,0.272052,0.509804,-0.031754,0.283398,0.461079,-0.044027,0.290304,0.418617,-0.053190,0.217383,0.579886,-0.020114,0.226414,0.504436,-0.034901,0.231666,0.457692,-0.046188,0.236306,0.415305,-0.053712,0.182964,0.589783,-0.024602,0.177554,0.529000,-0.040004,0.174609,0.488716,-0.048162,0.174200,0.450018,-0.052855
5853,0,0.025990,0.022934,0.050585,0.182214,0.172292,0.185384,0.770132,0.000000,0.244758,0.768643,-0.028519,0.299559,0.734429,-0.040194,0.338580,0.692009,-0.049453,0.373200,0.660502,-0.057745,0.279493,0.612234,-0.020246,0.308550,0.549307,-0.035193,0.322896,0.508162,-0.047780,0.333202,0.470610,-0.057484,0.249431,0.586413,-0.018275,0.272204,0.510041,-0.031271,0.283663,0.461456,-0.043132,0.290277,0.419468,-0.052019,0.217177,0.579744,-0.019967,0.226339,0.504259,-0.034543,0.231442,0.457630,-0.045549,0.236112,0.415556,-0.052874,0.182633,0.589534,-0.024466,0.177181,0.528695,-0.039711,0.174192,0.488544,-0.047668,0.173943,0.449946,-0.052242
5911,0,0.021614,0.017498,0.027282,0.168709,0.163207,0.184908,0.770675,0.000000,0.244671,0.769372,-0.028737,0.299313,0.734969,-0.040500,0.338156,0.692356,-0.049806,0.372912,0.660517,-0.058144,0.279360,0.612213,-0.020064,0.308275,0.548928,-0.034898,0.322688,0.507944,-0.047535,0.333050,0.470204,-0.057251,0.249101,0.586446,-0.017989,0.271622,0.509990,-0.030840,0.283060,0.461419,-0.042771,0.289835,0.419307,-0.051705,0.216815,0.580133,-0.019636,0.226033,0.504772,-0.034097,0.231027,0.458022,-0.045153,0.235507,0.415692,-0.052561,0.182075,0.590019,-0.024103,0.176612,0.529291,-0.039234,0.173772,0.489020,-0.047238,0.173516,0.450379,-0.051816
5969,0,0.021158,0.024938,0.068616,0.156862,0.152527,0.185300,0.770711,0.000000,0.245367,0.768847,-0.028226,0.300220,0.734825,-0.039673,0.338651,0.692022,-0.048845,0.373050,0.660578,-0.057123,0.279246,0.612456,-0.019314,0.308010,0.549293,-0.034192,0.322370,0.508105,-0.046906,0.332889,0.470300,-0.056713,0.249050,0.586706,-0.017450,0.271421,0.511059,-0.030519,0.282778,0.462343,-0.042730,0.289526,0.419914,-0.051903,0.216654,0.580163,-0.019296,0.225904,0.505034,-0.034043,0.230970,0.458419,-0.045378,0.235444,0.416447,-0.052947,0.182115,0.589692,-0.023919,0.176816,0.529142,-0.039300,0.173873,0.488912,-0.047578,0.173571,0.450350,-0.052313
6018,0,0.020058,0.024202,0.054187,0.168862,0.165184,0.184994,0.770309,0.000000,0.244382,0.769038,-0.028733,0.299559,0.734672,-0.040426,0.338117,0.692337,-0.049670,0.372455,0.660482,-0.057985,0.279438,0.612315,-0.019990,0.308319,0.549035,-0.034895,0.322662,0.507621,-0.047554,0.333162,0.469660,-0.057354,0.249166,0.586860,-0.017921,0.271380,0.510473,-0.030979,0.282642,0.461789,-0.043099,0.289461,0.419376,-0.052194,0.216793,0.580390,-0.019563,0.226058,0.504986,-0.034227,0.231219,0.458340,-0.045401,0.235927,0.415960,-0.052862,0.182159,0.590005,-0.024055,0.176813,0.529420,-0.039387,0.173905,0.489091,-0.047517,0.173631,0.450413,-0.052157
6055,0,0.015263,0.014386,0.034944,0.168977,0.169914,0.184865,0.770368,0.000000,0.244312,0.769042,-0.028316,0.299213,0.734649,-0.039985,0.337982,0.692324,-0.049312,0.372395,0.660754,-0.057673,0.279590,0.612700,-0.020122,0.308732,0.549359,-0.035079,0.323024,0.508122,-0.047677,0.333433,0.470394,-0.057376,0.249145,0.586929,-0.018255,0.271435,0.510298,-0.031270,0.282664,0.461768,-0.043218,0.289326,0.419780,-0.052136,0.216655,0.580574,-0.020048,0.225608,0.504801,-0.034578,0.230693,0.457998,-0.045596,0.235235,0.415677,-0.052991,0.181857,0.590310,-0.024637,0.176515,0.529357,-0.039799,0.173617,0.489258,-0.047788,0.173402,0.450683,-0.052322
6093,0,0.024437,0.027706,0.048371,0.167683,0.169630,0.184271,0.769428,0.000000,0.244531,0.768303,-0.028459,0.299415,0.734233,-0.039954,0.338197,0.691347,-0.049105,0.372456,0.659653,-0.057327,0.279279,0.612282,-0.019791,0.308347,0.549341,-0.034653,0.322686,0.508078,-0.047208,0.332894,0.470258,-0.056917,0.248979,0.586366,-0.017763,0.271464,0.510105,-0.030802,0.282532,0.461756,-0.042781,0.288992,0.419666,-0.051746,0.216561,0.579675,-0.019419,0.225534,0.504330,-0.034076,0.230476,0.457629,-0.045125,0.234876,0.415769,-0.052528,0.181820,0.589088,-0.023864,0.176471,0.528559,-0.039173,0.173496,0.488523,-0.047245,0.173097,0.449946,-0.051858
6129,0,0.013541,0.013623,0.035998,0.163505,0.168875,0.184404,0.769654,0.000000,0.244170,0.768869,-0.028648,0.299174,0.734788,-0.040129,0.338115,0.691833,-0.049121,0.372298,0.659901,-0.057184,0.279248,0.612828,-0.019879,0.308162,0.549738,-0.034593,0.322639,0.508798,-0.047114,0.333192,0.471061,-0.056775,0.248940,0.586746,-0.017742,0.271204,0.510255,-0.030598,0.282345,0.461728,-0.042433,0.288898,0.419717,-0.051313,0.216632,0.580135,-0.019321,0.225450,0.504359,-0.033905,0.230310,0.457526,-0.045034,0.234877,0.415167,-0.052465,0.181966,0.589601,-0.023743,0.176285,0.528635,-0.039014,0.173143,0.488640,-0.047077,0.172784,0.450074,-0.051722
6163,0,0.011867,0.013218,0.027495,0.160516,0.166867,0.184497,0.769502,0.000000,0.244444,0.768822,-0.028725,0.299304,0.735016,-0.040330,0.338109,0.692350,-0.049428,0.372426,0.660697,-0.057598,0.279400,0.612637,-0.019794,0.308335,0.549777,-0.034555,0.322658,0.508854,-0.047163,0.332928,0.471139,-0.056855,0.248993,0.586517,-0.017603,0.271222,0.510056,-0.030470,0.282398,0.461761,-0.042372,0.288789,0.419807,-0.051285,0.216487,0.579790,-0.019144,0.225496,0.504541,-0.033664,0.230313,0.457803,-0.044749,0.234788,0.415679,-0.052139,0.181577,0.589274,-0.023507,0.176206,0.528905,-0.038659,0.173266,0.488893,-0.046680,0.173003,0.450417,-0.051211
6198,0,0.025730,0.032582,0.059648,0.146568,0.155319,0.184303,0.770573,0.000000,0.244028,0.769000,-0.028131,0.299302,0.735423,-0.039476,0.337986,0.693011,-0.048463,0.372238,0.661472,-0.056522,0.279282,0.612492,-0.019144,0.308292,0.549322,-0.033627,0.322597,0.508387,-0.046050,0.332932,0.470802,-0.055631,0.248867,0.586750,-0.017213,0.271276,0.510407,-0.029728,0.282375,0.461891,-0.041519,0.288747,0.419931,-0.050357,0.216255,0.580335,-0.018949,0.225445,0.505215,-0.033107,0.230373,0.458469,-0.044081,0.234590,0.416275,-0.051434,0.181298,0.589990,-0.023470,0.176268,0.529333,-0.038362,0.173361,0.489180,-0.046198,0.172920,0.450600,-0.050617
6234,0,0.028542,0.029456,0.039615,0.152779,0.164138,0.184244,0.771028,0.000000,0.244033,0.769610,-0.028602,0.299106,0.735970,-0.040221,0.337684,0.693075,-0.049420,0.372313,0.661223,-0.057651,0.278938,0.612945,-0.019962,0.307958,0.549890,-0.034747,0.322362,0.508877,-0.047260,0.332922,0.471229,-0.056906,0.248616,0.586977,-0.017876,0.270997,0.510370,-0.030725,0.282099,0.461976,-0.042568,0.288482,0.420132,-0.051357,0.216114,0.580395,-0.019496,0.225132,0.504974,-0.034002,0.230151,0.458082,-0.045025,0.234595,0.415753,-0.052399,0.181335,0.590146,-0.023928,0.175952,0.529334,-0.039141,0.172938,0.489217,-0.047111,0.172395,0.450495,-0.051692