t,missing,delta_l1,delta_l1_wrist,delta_angles,delta_base_l1,delta_base_l1_wrist,x0,y0,z0,x1,y1,z1,x2,y2,z2,x3,y3,z3,x4,y4,z4,x5,y5,z5,x6,y6,z6,x7,y7,z7,x8,y8,z8,x9,y9,z9,x10,y10,z10,x11,y11,z11,x12,y12,z12,x13,y13,z13,x14,y14,z14,x15,y15,z15,x16,y16,z16,x17,y17,z17,x18,y18,z18,x19,y19,z19,x20,y20,z20
38,0,,,,0.000000,0.000000,0.085847,0.790920,0.000000,0.155784,0.787649,-0.034319,0.219486,0.759001,-0.051181,0.269902,0.725433,-0.065779,0.313427,0.699712,-0.079278,0.195608,0.601140,-0.020567,0.225722,0.524726,-0.038562,0.235730,0.475260,-0.055842,0.241028,0.427029,-0.069165,0.158113,0.570349,-0.018105,0.178523,0.478615,-0.033571,0.185163,0.420720,-0.049950,0.187065,0.369269,-0.062350,0.118671,0.561779,-0.020006,0.129567,0.475126,-0.035792,0.132378,0.421851,-0.048367,0.133495,0.373014,-0.056809,0.077054,0.570994,-0.025569,0.079928,0.500746,-0.040474,0.080424,0.454722,-0.047576,0.081836,0.411283,-0.051401
67,0,0.027291,0.033793,0.042055,0.027291,0.033793,0.086214,0.791301,0.000000,0.156259,0.787779,-0.033882,0.219414,0.758850,-0.050472,0.269452,0.725006,-0.064779,0.312527,0.699123,-0.078034,0.195238,0.601023,-0.021275,0.225743,0.524841,-0.039170,0.235902,0.475528,-0.056265,0.241142,0.427600,-0.069432,0.157747,0.570574,-0.018960,0.178092,0.478319,-0.034299,0.184946,0.420486,-0.050384,0.186836,0.369237,-0.062541,0.118237,0.562293,-0.020880,0.129267,0.475373,-0.036537,0.132156,0.422053,-0.049023,0.133296,0.372820,-0.057406,0.076822,0.572149,-0.026377,0.079910,0.501423,-0.041409,0.080307,0.455335,-0.048628,0.081845,0.411359,-0.052491
105,0,0.031739,0.039801,0.035341,0.033026,0.042193,0.085838,0.791654,0.000000,0.155682,0.788006,-0.033094,0.219162,0.758511,-0.049455,0.269645,0.724665,-0.063817,0.312558,0.698865,-0.077081,0.194715,0.600436,-0.020072,0.225173,0.523513,-0.037816,0.235515,0.474506,-0.054813,0.240993,0.426740,-0.067902,0.157487,0.570400,-0.018128,0.178128,0.478094,-0.033380,0.184863,0.420009,-0.049499,0.186750,0.368703,-0.061665,0.118107,0.562238,-0.020423,0.129372,0.475076,-0.035927,0.132366,0.421348,-0.048357,0.133360,0.372281,-0.056702,0.076621,0.572085,-0.026221,0.080117,0.501249,-0.040934,0.080741,0.454933,-0.047918,0.082249,0.411287,-0.051607
139,0,0.032623,0.048205,0.047849,0.035282,0.021869,0.084598,0.790271,0.000000,0.154113,0.787096,-0.034028,0.218126,0.758130,-0.050667,0.268796,0.724834,-0.065150,0.312366,0.699073,-0.078488,0.194657,0.600570,-0.020095,0.224923,0.524137,-0.037989,0.234923,0.475118,-0.055157,0.240307,0.427498,-0.068407,0.157244,0.569829,-0.017773,0.177664,0.477986,-0.033191,0.184432,0.420098,-0.049479,0.186586,0.368739,-0.061760,0.117828,0.561508,-0.019831,0.128667,0.474925,-0.035656,0.131473,0.421588,-0.048202,0.132613,0.372609,-0.056566,0.076237,0.570991,-0.025488,0.079540,0.500507,-0.040498,0.080030,0.454431,-0.047630,0.081458,0.410647,-0.051459
171,0,0.018817,0.019867,0.054512,0.045865,0.023642,0.084846,0.790173,0.000000,0.154574,0.787463,-0.033832,0.218037,0.758021,-0.050277,0.268154,0.724308,-0.064503,0.311209,0.697873,-0.077545,0.194437,0.600448,-0.020517,0.224371,0.523688,-0.038202,0.234403,0.474562,-0.055107,0.239980,0.426779,-0.068236,0.157165,0.569780,-0.018058,0.177428,0.477805,-0.033240,0.184453,0.420211,-0.049267,0.186556,0.369020,-0.061386,0.117834,0.561284,-0.019913,0.128828,0.474449,-0.035501,0.131707,0.420950,-0.047949,0.132814,0.372037,-0.056336,0.076556,0.570510,-0.025336,0.079590,0.500271,-0.040265,0.079999,0.454125,-0.047510,0.081309,0.410568,-0.051331
205,0,0.026215,0.018198,0.046793,0.060893,0.026073,0.084462,0.790109,0.000000,0.153639,0.786928,-0.033685,0.217174,0.757844,-0.050121,0.267593,0.723837,-0.064341,0.310478,0.697654,-0.077464,0.193503,0.600479,-0.020683,0.223575,0.523837,-0.038468,0.233721,0.474615,-0.055431,0.239417,0.426747,-0.068554,0.156264,0.569743,-0.018356,0.176637,0.477498,-0.033619,0.183481,0.419754,-0.049638,0.185571,0.368412,-0.061751,0.116941,0.561346,-0.020266,0.128056,0.474260,-0.035835,0.130903,0.421113,-0.048190,0.131880,0.372183,-0.056441,0.075637,0.570837,-0.025741,0.079075,0.500511,-0.040575,0.079558,0.454671,-0.047575,0.080808,0.411132,-0.051218
239,0,0.029849,0.029752,0.047375,0.088246,0.035194,0.083422,0.790069,0.000000,0.152714,0.786306,-0.033666,0.216200,0.756999,-0.050127,0.266388,0.723328,-0.064392,0.309626,0.697640,-0.077560,0.193346,0.599544,-0.019917,0.223345,0.523037,-0.037683,0.233311,0.474032,-0.054823,0.238573,0.426244,-0.068079,0.155972,0.568687,-0.017678,0.176583,0.477425,-0.032876,0.183415,0.419813,-0.049073,0.185407,0.368458,-0.061319,0.116629,0.560424,-0.019763,0.127662,0.473956,-0.035356,0.130406,0.420793,-0.047844,0.131352,0.371893,-0.056184,0.075082,0.569908,-0.025458,0.078640,0.499714,-0.040294,0.079098,0.453905,-0.047361,0.080386,0.410224,-0.051092
273,0,0.034116,0.045811,0.084927,0.088246,0.046090,0.083810,0.790874,0.000000,0.152975,0.787592,-0.033939,0.216056,0.756878,-0.050426,0.266184,0.722989,-0.064582,0.309137,0.696750,-0.077639,0.192720,0.599901,-0.021058,0.223017,0.523026,-0.039017,0.233144,0.473804,-0.056097,0.238399,0.425796,-0.069242,0.155170,0.569391,-0.018596,0.175948,0.477213,-0.033939,0.183009,0.419189,-0.049986,0.185038,0.367930,-0.062076,0.115850,0.561238,-0.020454,0.127170,0.474326,-0.036138,0.130286,0.420735,-0.048755,0.131313,0.371552,-0.057240,0.074793,0.570738,-0.025894,0.078354,0.500369,-0.040908,0.078694,0.454165,-0.048227,0.079819,0.410686,-0.052140
307,0,0.027800,0.034576,0.050698,0.108802,0.039905,0.083144,0.789829,0.000000,0.152404,0.786392,-0.034206,0.215735,0.756526,-0.050847,0.266436,0.722975,-0.065243,0.309470,0.696841,-0.078538,0.192398,0.599561,-0.021120,0.222783,0.522978,-0.039379,0.232781,0.473347,-0.056746,0.238034,0.425048,-0.070086,0.155027,0.569125,-0.018721,0.175737,0.477048,-0.034448,0.182494,0.418554,-0.050979,0.184357,0.366531,-0.063526,0.115858,0.561016,-0.020647,0.126879,0.474559,-0.036628,0.129965,0.420687,-0.049527,0.130972,0.371036,-0.058199,0.074515,0.570297,-0.026194,0.078085,0.500201,-0.041360,0.078591,0.453948,-0.048778,0.080000,0.409862,-0.052784
342,0,0.032838,0.036694,0.077831,0.098065,0.037494,0.083149,0.789176,0.000000,0.153064,0.786569,-0.033836,0.216610,0.756827,-0.049919,0.266316,0.721991,-0.063761,0.309036,0.696153,-0.076505,0.192828,0.599666,-0.020741,0.223443,0.523214,-0.038626,0.233556,0.473309,-0.055676,0.238772,0.424717,-0.068903,0.155488,0.569011,-0.018368,0.176250,0.477310,-0.033858,0.183155,0.419463,-0.050139,0.185242,0.367793,-0.062487,0.116101,0.560729,-0.020280,0.127417,0.474318,-0.036253,0.130501,0.420572,-0.049040,0.131590,0.370979,-0.057653,0.074620,0.569869,-0.025773,0.078193,0.499597,-0.041065,0.078965,0.453508,-0.048557,0.080632,0.409587,-0.052556
375,0,0.035645,0.026964,0.055890,0.091026,0.058956,0.083745,0.788875,0.000000,0.153297,0.786816,-0.033819,0.217153,0.756774,-0.050005,0.266848,0.722198,-0.063910,0.309208,0.695759,-0.076806,0.193523,0.600066,-0.021592,0.224170,0.523207,-0.039851,0.234376,0.473432,-0.056980,0.239792,0.425110,-0.070095,0.156076,0.569583,-0.019169,0.176864,0.477635,-0.034916,0.183845,0.419587,-0.051146,0.186015,0.368103,-0.063384,0.116779,0.561159,-0.020967,0.128440,0.474436,-0.036934,0.131967,0.420276,-0.049567,0.133251,0.370520,-0.058076,0.075224,0.570041,-0.026319,0.079305,0.499302,-0.041452,0.080172,0.453090,-0.048777,0.081898,0.409130,-0.052725
408,0,0.048480,0.029183,0.021424,0.074409,0.044283,0.084668,0.788771,0.000000,0.154216,0.786523,-0.033366,0.218367,0.756480,-0.049218,0.268016,0.722071,-0.062880,0.310277,0.695938,-0.075534,0.194754,0.599255,-0.020526,0.225311,0.522518,-0.038380,0.235374,0.472946,-0.055348,0.240682,0.424728,-0.068441,0.157166,0.569010,-0.018282,0.177772,0.477113,-0.033695,0.184925,0.418840,-0.050006,0.187267,0.367110,-0.062310,0.117577,0.560704,-0.020263,0.129250,0.473910,-0.035972,0.132779,0.420023,-0.048692,0.134306,0.370262,-0.057319,0.076154,0.569730,-0.025769,0.080064,0.499179,-0.040745,0.080792,0.452934,-0.048079,0.082661,0.409008,-0.052020
441,0,0.046991,0.058040,0.085049,0.073323,0.079524,0.084596,0.788072,0.000000,0.154593,0.785615,-0.034040,0.218724,0.756699,-0.050238,0.268424,0.722237,-0.064222,0.311099,0.695876,-0.077154,0.195144,0.599967,-0.020845,0.226365,0.523519,-0.039015,0.236588,0.473879,-0.056243,0.241824,0.425359,-0.069438,0.158009,0.569587,-0.018346,0.179591,0.478363,-0.034062,0.186714,0.420108,-0.050676,0.188668,0.368090,-0.063213,0.118745,0.561094,-0.020154,0.130816,0.474847,-0.036210,0.134170,0.420489,-0.049317,0.135250,0.370613,-0.058084,0.077321,0.569552,-0.025535,0.081487,0.499282,-0.040856,0.082260,0.452606,-0.048440,0.083712,0.408486,-0.052517
475,0,0.039651,0.025010,0.083626,0.094775,0.080798,0.085797,0.787736,0.000000,0.155006,0.785947,-0.034152,0.219472,0.756664,-0.050463,0.269535,0.722722,-0.064412,0.311902,0.695993,-0.077312,0.196169,0.599555,-0.021755,0.227249,0.523100,-0.039990,0.237658,0.473345,-0.057197,0.243098,0.425078,-0.070316,0.158782,0.569022,-0.019131,0.180127,0.477417,-0.034830,0.187586,0.419203,-0.051206,0.189882,0.367537,-0.063494,0.119347,0.560211,-0.020738,0.131375,0.473809,-0.036513,0.135135,0.420111,-0.049151,0.136784,0.370564,-0.057634,0.077937,0.568860,-0.025953,0.082200,0.498858,-0.040930,0.083289,0.452969,-0.048189,0.085285,0.409374,-0.052037
509,0,0.043147,0.025121,0.044435,0.120582,0.070009,0.086721,0.787639,0.000000,0.156586,0.785160,-0.033934,0.220667,0.755821,-0.050103,0.270212,0.722210,-0.063974,0.312752,0.695641,-0.076839,0.196974,0.598441,-0.021190,0.227880,0.522416,-0.039119,0.238339,0.473085,-0.056185,0.244199,0.425076,-0.069312,0.159631,0.568094,-0.018750,0.180881,0.476602,-0.034219,0.188499,0.418894,-0.050496,0.191248,0.367827,-0.062792,0.120477,0.559814,-0.020577,0.132530,0.473220,-0.036363,0.136218,0.419390,-0.049184,0.138020,0.369749,-0.057848,0.079381,0.569014,-0.025992,0.083244,0.498379,-0.041154,0.084169,0.452000,-0.048659,0.086063,0.407744,-0.052728
543,0,0.035635,0.045560,0.036314,0.131928,0.089423,0.086604,0.786501,0.000000,0.156356,0.784570,-0.034519,0.220670,0.755974,-0.050847,0.270950,0.722009,-0.064830,0.313478,0.695486,-0.077761,0.197283,0.598673,-0.021150,0.228802,0.522844,-0.039165,0.239228,0.473409,-0.056326,0.244949,0.425143,-0.069520,0.160202,0.567738,-0.018377,0.181917,0.476775,-0.033927,0.189488,0.418953,-0.050409,0.192176,0.367374,-0.062813,0.121017,0.558929,-0.019944,0.133269,0.472735,-0.035790,0.136948,0.419136,-0.048568,0.138807,0.369778,-0.057159,0.079892,0.567214,-0.025160,0.083829,0.496945,-0.040151,0.084975,0.451056,-0.047428,0.087101,0.407501,-0.051329
576,0,0.037726,0.036398,0.046693,0.163027,0.079604,0.088012,0.786292,0.000000,0.157503,0.784295,-0.033733,0.222272,0.755203,-0.049703,0.271950,0.721638,-0.063441,0.313610,0.695297,-0.076130,0.198079,0.597616,-0.021089,0.229476,0.521717,-0.038962,0.240082,0.472352,-0.055872,0.245714,0.424473,-0.068867,0.160697,0.567453,-0.018671,0.182221,0.475893,-0.034193,0.190006,0.418139,-0.050447,0.192750,0.367012,-0.062654,0.121254,0.559022,-0.020487,0.133445,0.472243,-0.036315,0.137359,0.418596,-0.049047,0.139257,0.369263,-0.057535,0.080072,0.567798,-0.025836,0.084353,0.497135,-0.040974,0.085766,0.450789,-0.048347,0.088154,0.406988,-0.052284
609,0,0.039627,0.029485,0.037055,0.192810,0.097367,0.088584,0.784751,0.000000,0.158247,0.783621,-0.033412,0.222575,0.755114,-0.049188,0.272449,0.721195,-0.062754,0.314274,0.694726,-0.075314,0.198586,0.597113,-0.020612,0.229903,0.521314,-0.038423,0.240524,0.472193,-0.055315,0.246419,0.424327,-0.068268,0.161441,0.566588,-0.018303,0.182883,0.475021,-0.033675,0.190738,0.417273,-0.049801,0.193731,0.366177,-0.061967,0.122260,0.557984,-0.020218,0.134141,0.471524,-0.036038,0.137913,0.417671,-0.048707,0.139783,0.368307,-0.057153,0.081218,0.566695,-0.025666,0.085300,0.496028,-0.040764,0.086667,0.449741,-0.048050,0.088984,0.405869,-0.051901
644,0,0.036169,0.034794,0.065203,0.211784,0.110422,0.088510,0.784461,0.000000,0.158283,0.782858,-0.033746,0.221920,0.754621,-0.049801,0.272132,0.720722,-0.063649,0.314946,0.695038,-0.076405,0.198985,0.596873,-0.020182,0.230615,0.521037,-0.037918,0.241228,0.471787,-0.054955,0.246995,0.423699,-0.068061,0.162014,0.566124,-0.017649,0.183893,0.475181,-0.032916,0.191771,0.417728,-0.049276,0.194534,0.366288,-0.061595,0.122847,0.557173,-0.019407,0.134918,0.471147,-0.035123,0.138755,0.417901,-0.047922,0.140490,0.368807,-0.056441,0.081793,0.565502,-0.024726,0.085990,0.495180,-0.039797,0.087188,0.449241,-0.047180,0.089417,0.405461,-0.051111
677,0,0.027881,0.043981,0.079561,0.228155,0.090963,0.089801,0.785411,0.000000,0.158962,0.783262,-0.033237,0.222409,0.754261,-0.049037,0.272541,0.721043,-0.062672,0.314919,0.695196,-0.075259,0.199365,0.596710,-0.020126,0.231041,0.520880,-0.037673,0.241860,0.471810,-0.054500,0.247741,0.424138,-0.067393,0.162141,0.566241,-0.017766,0.184325,0.474583,-0.032669,0.192541,0.416956,-0.048643,0.195409,0.365963,-0.060706,0.122985,0.557558,-0.019623,0.135231,0.471121,-0.034898,0.139327,0.417442,-0.047507,0.141384,0.368364,-0.055986,0.081779,0.566077,-0.024999,0.086252,0.495816,-0.039684,0.087605,0.449691,-0.046895,0.089932,0.406108,-0.050741
709,0,0.030066,0.046159,0.063173,0.241917,0.114588,0.088940,0.784651,0.000000,0.158697,0.782480,-0.033559,0.222465,0.753771,-0.049713,0.273396,0.720259,-0.063698,0.316788,0.694540,-0.076587,0.199468,0.596743,-0.019859,0.231101,0.520949,-0.037702,0.242057,0.472358,-0.054711,0.247997,0.424970,-0.067731,0.162579,0.566085,-0.017470,0.184920,0.474488,-0.032770,0.193362,0.416912,-0.048924,0.196775,0.366067,-0.061024,0.123558,0.557315,-0.019421,0.135887,0.470803,-0.035115,0.140048,0.416817,-0.047785,0.142445,0.367620,-0.056246,0.082572,0.565819,-0.024923,0.086808,0.495377,-0.039740,0.088351,0.448949,-0.046864,0.091042,0.405051,-0.050722
743,0,0.025328,0.029715,0.081187,0.245786,0.131704,0.088335,0.784446,0.000000,0.158645,0.783710,-0.033964,0.222572,0.754802,-0.049948,0.272861,0.720663,-0.063630,0.315762,0.694568,-0.076215,0.199999,0.596599,-0.020117,0.231364,0.520467,-0.037823,0.241951,0.471167,-0.054728,0.247768,0.423175,-0.067796,0.163088,0.565652,-0.017409,0.185271,0.474455,-0.032604,0.193161,0.416822,-0.048808,0.196098,0.365531,-0.060955,0.124048,0.556655,-0.019054,0.136315,0.470521,-0.034731,0.140138,0.417095,-0.047404,0.141823,0.368331,-0.055868,0.082886,0.565087,-0.024294,0.087221,0.495102,-0.039226,0.088418,0.449333,-0.046527,0.090591,0.406114,-0.050386
774,0,0.038529,0.051055,0.056195,0.243800,0.106815,0.089489,0.784912,0.000000,0.158582,0.783473,-0.033205,0.222919,0.754317,-0.048852,0.273392,0.720508,-0.062371,0.315495,0.694734,-0.074837,0.199982,0.596853,-0.020684,0.231486,0.520550,-0.038450,0.242380,0.471444,-0.055217,0.248493,0.423614,-0.068077,0.162926,0.566293,-0.018413,0.185546,0.474584,-0.033797,0.193764,0.416701,-0.049862,0.196911,0.365384,-0.061932,0.124023,0.557505,-0.020344,0.136444,0.470635,-0.036102,0.140604,0.416849,-0.048896,0.142668,0.367752,-0.057455,0.082672,0.565990,-0.025787,0.087102,0.495854,-0.040842,0.088411,0.449594,-0.048282,0.090840,0.405678,-0.052320
809,0,0.029867,0.024341,0.037502,0.261746,0.092953,0.090064,0.784604,0.000000,0.159639,0.782905,-0.033304,0.223703,0.753569,-0.049144,0.273886,0.719694,-0.062835,0.316621,0.694048,-0.075516,0.200414,0.596161,-0.020031,0.231576,0.520460,-0.037758,0.242493,0.471436,-0.054673,0.248824,0.423634,-0.067749,0.163403,0.565406,-0.017826,0.185473,0.473881,-0.033172,0.193716,0.416438,-0.049320,0.196937,0.365097,-0.061518,0.124333,0.556446,-0.019899,0.136299,0.470091,-0.035695,0.140406,0.416614,-0.048442,0.142491,0.367463,-0.056955,0.083407,0.565084,-0.025516,0.087627,0.494595,-0.040544,0.088854,0.448626,-0.047828,0.091276,0.405030,-0.051777
843,0,0.021803,0.023127,0.046493,0.270722,0.102228,0.089880,0.784246,0.000000,0.159817,0.781776,-0.033482,0.223358,0.752811,-0.049543,0.273754,0.718969,-0.063409,0.316912,0.693699,-0.076267,0.200251,0.596099,-0.020109,0.232127,0.520194,-0.038002,0.243292,0.471125,-0.055028,0.249588,0.423219,-0.068105,0.163196,0.565430,-0.017761,0.185656,0.474156,-0.033175,0.194293,0.416667,-0.049411,0.197915,0.365291,-0.061610,0.124240,0.556641,-0.019714,0.136590,0.470143,-0.035500,0.140869,0.416389,-0.048182,0.143144,0.367384,-0.056608,0.083125,0.565052,-0.025210,0.087877,0.494516,-0.040174,0.089531,0.448015,-0.047436,0.092173,0.404271,-0.051298
877,0,0.028365,0.015776,0.034464,0.292203,0.107001,0.090542,0.783579,0.000000,0.160413,0.781604,-0.033181,0.224536,0.753128,-0.048960,0.274523,0.719564,-0.062548,0.316765,0.694244,-0.075171,0.200946,0.595178,-0.020360,0.232703,0.519316,-0.038134,0.243729,0.470322,-0.055009,0.249930,0.422819,-0.067939,0.163836,0.564845,-0.018048,0.186197,0.473622,-0.033334,0.194760,0.416044,-0.049398,0.198293,0.365072,-0.061496,0.124744,0.556117,-0.019976,0.137190,0.469561,-0.035635,0.141525,0.415787,-0.048303,0.143978,0.366625,-0.056762,0.083671,0.564475,-0.025400,0.088332,0.493947,-0.040259,0.089890,0.447632,-0.047470,0.092619,0.403980,-0.051327
911,0,0.022812,0.030820,0.029591,0.307066,0.128457,0.090504,0.782488,0.000000,0.160347,0.780914,-0.033162,0.224431,0.752436,-0.049064,0.274699,0.718862,-0.062820,0.317795,0.693668,-0.075612,0.201155,0.594981,-0.020371,0.233081,0.519477,-0.038222,0.244278,0.470415,-0.055154,0.250684,0.422758,-0.068165,0.164177,0.564335,-0.018213,0.186512,0.473156,-0.033644,0.195032,0.415693,-0.049853,0.198457,0.364585,-0.062031,0.125233,0.555699,-0.020272,0.137473,0.469280,-0.036141,0.141612,0.415628,-0.048933,0.143900,0.366500,-0.057432,0.084253,0.564311,-0.025846,0.088710,0.493705,-0.040982,0.090260,0.447415,-0.048364,0.092853,0.403709,-0.052350
944,0,0.027673,0.022373,0.068823,0.318237,0.131820,0.090741,0.781976,0.000000,0.160374,0.780622,-0.033865,0.224426,0.751618,-0.049748,0.275279,0.718441,-0.063399,0.317756,0.693490,-0.075956,0.201693,0.594754,-0.020739,0.233818,0.519310,-0.038569,0.244894,0.470116,-0.055567,0.250897,0.422234,-0.068606,0.164521,0.564002,-0.018103,0.187175,0.473109,-0.033450,0.195694,0.415676,-0.049617,0.199110,0.364568,-0.061780,0.125518,0.555134,-0.019777,0.137892,0.469043,-0.035528,0.142311,0.415468,-0.048216,0.144777,0.366449,-0.056661,0.084442,0.563483,-0.025049,0.088935,0.492905,-0.039991,0.090663,0.446926,-0.047298,0.093548,0.403402,-0.051192
978,0,0.018911,0.026730,0.047061,0.325967,0.135908,0.090480,0.782391,0.000000,0.160454,0.781365,-0.033014,0.224607,0.752124,-0.048669,0.275318,0.718540,-0.062137,0.318101,0.693647,-0.074599,0.201634,0.595506,-0.020497,0.233718,0.519485,-0.038284,0.244970,0.469911,-0.055097,0.251220,0.421889,-0.067996,0.164624,0.564384,-0.018223,0.187263,0.473328,-0.033517,0.195811,0.415523,-0.049500,0.199179,0.364245,-0.061481,0.125455,0.555144,-0.020126,0.138189,0.468691,-0.035682,0.142645,0.415153,-0.048144,0.145088,0.366336,-0.056452,0.084455,0.563264,-0.025537,0.089311,0.492721,-0.040317,0.091131,0.446602,-0.047444,0.093955,0.403153,-0.051249
1012,0,0.032184,0.027705,0.064282,0.348564,0.145078,0.090599,0.781806,0.000000,0.160629,0.780074,-0.033006,0.225761,0.751052,-0.048283,0.275935,0.717552,-0.061371,0.317850,0.692751,-0.073541,0.201802,0.594355,-0.019775,0.233374,0.518339,-0.037317,0.244475,0.468909,-0.054061,0.251065,0.420919,-0.066974,0.165050,0.563705,-0.017477,0.187124,0.472789,-0.032721,0.195525,0.415115,-0.048940,0.198996,0.363661,-0.061153,0.126045,0.554708,-0.019414,0.138080,0.468721,-0.035151,0.142157,0.415070,-0.047933,0.144208,0.365931,-0.056469,0.085061,0.563008,-0.024842,0.089443,0.492881,-0.039878,0.090941,0.446900,-0.047276,0.093496,0.403214,-0.051260
1044,0,0.039539,0.030360,0.072886,0.364059,0.156714,0.090421,0.780215,0.000000,0.159305,0.779559,-0.033401,0.223661,0.750187,-0.048866,0.274460,0.716762,-0.062078,0.317194,0.692345,-0.074284,0.201852,0.593133,-0.020452,0.233414,0.517382,-0.037864,0.244523,0.468085,-0.054422,0.250967,0.420226,-0.067284,0.165209,0.562274,-0.017958,0.187604,0.471605,-0.033008,0.196033,0.414481,-0.048997,0.199355,0.363614,-0.061159,0.126235,0.553220,-0.019697,0.138838,0.467201,-0.035261,0.142941,0.414090,-0.047991,0.145074,0.365317,-0.056566,0.084955,0.561462,-0.024958,0.089516,0.491046,-0.039898,0.091181,0.445173,-0.047379,0.093963,0.401636,-0.051447
1079,0,0.038474,0.056993,0.100715,0.366157,0.110461,0.091676,0.781159,0.000000,0.161527,0.779229,-0.033071,0.225677,0.750291,-0.048819,0.275330,0.716881,-0.062336,0.317394,0.691936,-0.074891,0.201965,0.592686,-0.020560,0.232427,0.516068,-0.038123,0.243237,0.466984,-0.054812,0.249506,0.419406,-0.067629,0.165074,0.562577,-0.018307,0.187518,0.470893,-0.033465,0.195955,0.413130,-0.049475,0.199637,0.362349,-0.061505,0.125881,0.554098,-0.020243,0.138408,0.467375,-0.035827,0.143021,0.413929,-0.048600,0.145539,0.365154,-0.057174,0.084728,0.562726,-0.025678,0.089959,0.492473,-0.040573,0.091870,0.446100,-0.048031,0.094777,0.402404,-0.052100
1113,0,0.062110,0.068179,0.111311,0.383198,0.152428,0.090578,0.779834,0.000000,0.159490,0.778093,-0.033463,0.223366,0.748208,-0.049559,0.274154,0.715104,-0.063374,0.316899,0.691098,-0.076224,0.201784,0.591989,-0.021183,0.231179,0.515873,-0.039647,0.241237,0.466566,-0.057014,0.246555,0.418494,-0.070215,0.165412,0.561676,-0.018946,0.188253,0.470887,-0.034669,0.196713,0.413619,-0.050787,0.200070,0.362710,-0.062891,0.126681,0.553165,-0.020975,0.139600,0.467042,-0.036884,0.144301,0.413557,-0.049339,0.146420,0.364467,-0.057672,0.085269,0.561531,-0.026577,0.091210,0.491321,-0.041270,0.093804,0.445809,-0.048243,0.097087,0.402567,-0.052015
1147,0,0.044453,0.046084,0.077254,0.367767,0.155715,0.091146,0.779939,0.000000,0.159120,0.778398,-0.033172,0.222352,0.748343,-0.048860,0.272011,0.714196,-0.062313,0.313908,0.689875,-0.074802,0.201813,0.592272,-0.020574,0.230751,0.515570,-0.038891,0.240496,0.465936,-0.056135,0.245575,0.418150,-0.069193,0.165676,0.562424,-0.018339,0.188732,0.471555,-0.033808,0.196938,0.414367,-0.049737,0.199741,0.364240,-0.061700,0.126972,0.553667,-0.020421,0.140662,0.467917,-0.036174,0.145588,0.414365,-0.048597,0.147749,0.366521,-0.056880,0.085044,0.561678,-0.026030,0.091470,0.491424,-0.040622,0.094208,0.445691,-0.047590,0.097542,0.402906,-0.051402
1180,0,0.087234,0.105827,0.102645,0.386750,0.234243,0.092243,0.778313,0.000000,0.159197,0.775299,-0.032156,0.220816,0.745935,-0.047687,0.268077,0.713036,-0.061161,0.307856,0.687442,-0.073630,0.202452,0.590310,-0.019589,0.230119,0.514827,-0.037602,0.239331,0.466199,-0.054774,0.243983,0.419585,-0.067680,0.166184,0.561484,-0.017718,0.188993,0.472910,-0.032571,0.196574,0.416996,-0.048124,0.199049,0.368212,-0.059936,0.127369,0.553719,-0.020125,0.142328,0.469959,-0.035152,0.147948,0.417462,-0.047118,0.150636,0.369838,-0.055299,0.085144,0.561953,-0.026009,0.091774,0.492589,-0.040140,0.094923,0.447411,-0.046724,0.098473,0.404849,-0.050355
1213,0,0.169797,0.171590,0.137285,0.465540,0.391709,0.091925,0.777872,0.000000,0.158448,0.772817,-0.030747,0.219931,0.743067,-0.045504,0.264765,0.709783,-0.058505,0.301966,0.681778,-0.070466,0.203130,0.588307,-0.016414,0.229534,0.514748,-0.033023,0.238148,0.468726,-0.049664,0.242674,0.424361,-0.062362,0.166516,0.561273,-0.014951,0.187906,0.477496,-0.028516,0.194826,0.425338,-0.043597,0.197066,0.380075,-0.055211,0.127446,0.554112,-0.017822,0.142878,0.472979,-0.031679,0.149207,0.423411,-0.042882,0.153365,0.377903,-0.050704,0.084652,0.562989,-0.024117,0.091359,0.493591,-0.037551,0.095425,0.449452,-0.043705,0.100096,0.407315,-0.047107
1246,0,0.185554,0.172850,0.185693,0.577882,0.560650,0.090278,0.777813,0.000000,0.155984,0.770026,-0.028809,0.216732,0.741076,-0.042786,0.259781,0.710169,-0.055227,0.294028,0.682028,-0.066622,0.203046,0.587116,-0.012868,0.227639,0.514603,-0.028339,0.235804,0.470556,-0.044728,0.240615,0.428342,-0.057148,0.165908,0.561023,-0.011897,0.186630,0.481484,-0.024135,0.193229,0.434153,-0.038838,0.195632,0.393657,-0.050106,0.126351,0.553920,-0.015258,0.141917,0.476199,-0.027208,0.148723,0.430002,-0.037686,0.153803,0.387452,-0.045240,0.083022,0.562353,-0.022001,0.090295,0.494346,-0.033674,0.095044,0.452093,-0.039116,0.100796,0.411067,-0.042167
1272,0,0.212928,0.225084,0.226891,0.753213,0.774019,0.088313,0.774745,0.000000,0.152342,0.765622,-0.028584,0.212774,0.737108,-0.042284,0.255869,0.709042,-0.054550,0.289916,0.682057,-0.065527,0.200351,0.583492,-0.008666,0.223462,0.514372,-0.023116,0.231704,0.473346,-0.039413,0.237671,0.435371,-0.051552,0.163954,0.558008,-0.007463,0.184575,0.481148,-0.018546,0.192194,0.437240,-0.032954,0.196512,0.401812,-0.043910,0.125278,0.551209,-0.010935,0.141950,0.476645,-0.021554,0.150394,0.435048,-0.031560,0.158107,0.398470,-0.038780,0.082572,0.559601,-0.017933,0.091302,0.494183,-0.028077,0.097565,0.454104,-0.032975,0.105913,0.415733,-0.035825
1299,0,0.264135,0.266693,0.499718,0.965127,1.030554,0.086667,0.773867,0.000000,0.151468,0.762075,-0.026768,0.211399,0.731802,-0.038938,0.254945,0.704261,-0.050269,0.286635,0.674201,-0.060281,0.197573,0.581588,-0.002893,0.217880,0.513334,-0.016442,0.226160,0.476545,-0.032612,0.234949,0.445018,-0.044656,0.162168,0.558911,-0.002309,0.181155,0.483501,-0.013101,0.190441,0.445963,-0.028046,0.199624,0.420020,-0.039357,0.124600,0.553650,-0.006687,0.141537,0.481100,-0.017196,0.151701,0.444015,-0.027711,0.163412,0.415118,-0.035272,0.083025,0.563061,-0.014536,0.092841,0.498482,-0.024506,0.100870,0.459262,-0.030099,0.112249,0.423140,-0.033701
1330,0,0.190885,0.190957,1.104704,1.087989,1.182866,0.085413,0.770494,0.000000,0.149289,0.757374,-0.025010,0.208508,0.726456,-0.036057,0.251547,0.698588,-0.046794,0.281604,0.666021,-0.056268,0.192983,0.579853,0.000705,0.211585,0.511120,-0.013891,0.221454,0.475159,-0.030761,0.232671,0.449820,-0.042450,0.158837,0.558442,0.000882,0.178107,0.479189,-0.012981,0.189910,0.447675,-0.030265,0.201642,0.436536,-0.041767,0.122636,0.553512,-0.003822,0.140065,0.477783,-0.016643,0.152611,0.444591,-0.029644,0.166525,0.428970,-0.037629,0.082988,0.563205,-0.011678,0.094652,0.497702,-0.022983,0.104876,0.457862,-0.030596,0.118948,0.427589,-0.035085
1363,0,0.164616,0.161869,0.829527,1.193759,1.314174,0.081843,0.768814,0.000000,0.145056,0.755623,-0.025250,0.204720,0.724634,-0.035942,0.247583,0.697394,-0.046654,0.274524,0.661396,-0.056332,0.188549,0.580334,0.002395,0.205777,0.511204,-0.013452,0.217145,0.476700,-0.032075,0.228706,0.454979,-0.044462,0.155882,0.560165,0.002745,0.174562,0.480642,-0.013101,0.187031,0.450915,-0.033440,0.197952,0.444768,-0.046365,0.121383,0.555218,-0.001794,0.138494,0.480170,-0.015541,0.152179,0.449059,-0.030441,0.166277,0.438854,-0.039127,0.083351,0.563263,-0.009544,0.097050,0.498361,-0.021032,0.109871,0.460964,-0.029304,0.126815,0.435975,-0.034019
1394,0,0.203596,0.207806,0.622821,1.165749,1.319051,0.079975,0.764287,0.000000,0.142665,0.750042,-0.024074,0.201156,0.719158,-0.035281,0.243392,0.692239,-0.046877,0.269186,0.654432,-0.057818,0.184926,0.577750,0.000617,0.201824,0.509256,-0.017630,0.214352,0.475190,-0.037617,0.226818,0.457078,-0.050401,0.153365,0.558759,-0.000312,0.172804,0.477929,-0.019177,0.187212,0.448747,-0.041468,0.200166,0.445873,-0.055278,0.119762,0.554359,-0.005942,0.137548,0.477321,-0.022189,0.152447,0.447580,-0.038702,0.167977,0.441989,-0.048066,0.082516,0.563335,-0.014485,0.098117,0.498858,-0.027516,0.112107,0.459911,-0.037002,0.129544,0.436056,-0.042493
1424,0,0.196738,0.161803,1.387994,1.193916,1.299089,0.080030,0.760230,0.000000,0.140219,0.747509,-0.023808,0.199832,0.714728,-0.035509,0.242476,0.688044,-0.047535,0.265954,0.648674,-0.058746,0.182589,0.572392,-0.002224,0.198425,0.502056,-0.022708,0.213156,0.470875,-0.043540,0.227476,0.460085,-0.056015,0.151630,0.553874,-0.003417,0.169524,0.469416,-0.024399,0.187138,0.445489,-0.047046,0.202964,0.451785,-0.060214,0.118740,0.550333,-0.009096,0.135803,0.469781,-0.026764,0.153526,0.445152,-0.043091,0.171636,0.447123,-0.051693,0.082273,0.560711,-0.017540,0.096947,0.496000,-0.031147,0.112855,0.457949,-0.040645,0.132631,0.436858,-0.045782
1458,0,0.114743,0.110043,0.701761,1.258508,1.299526,0.076928,0.759223,0.000000,0.134556,0.747981,-0.023140,0.194909,0.713680,-0.034659,0.237561,0.688063,-0.046526,0.260020,0.648879,-0.057532,0.180137,0.567693,-0.002422,0.195931,0.494173,-0.023510,0.211468,0.464791,-0.044925,0.225539,0.459837,-0.057244,0.149405,0.550258,-0.004076,0.168258,0.464718,-0.024844,0.186666,0.442448,-0.047635,0.202098,0.453044,-0.060899,0.117430,0.547522,-0.010199,0.135494,0.466713,-0.027472,0.154578,0.442930,-0.044186,0.173651,0.447287,-0.053179,0.081673,0.558870,-0.019003,0.096929,0.493912,-0.032339,0.114139,0.456869,-0.041824,0.134993,0.437963,-0.047019
1488,0,0.118336,0.127118,0.780874,1.334460,1.365097,0.074327,0.757362,0.000000,0.132860,0.744893,-0.021484,0.192900,0.711393,-0.032768,0.234641,0.687253,-0.044634,0.257419,0.650084,-0.055668,0.176851,0.563242,-0.002447,0.192020,0.489534,-0.023254,0.209997,0.464767,-0.043927,0.227218,0.461404,-0.056001,0.147588,0.547700,-0.005163,0.165678,0.461497,-0.025877,0.187627,0.443430,-0.047341,0.207079,0.455488,-0.059790,0.116512,0.546525,-0.012189,0.133976,0.465032,-0.029958,0.156930,0.444944,-0.045176,0.180125,0.450121,-0.053087,0.081877,0.558822,-0.021797,0.096665,0.493314,-0.035370,0.116020,0.457930,-0.043760,0.139160,0.439823,-0.048174
1521,0,0.154292,0.186092,0.517451,1.478747,1.520603,0.071459,0.757295,0.000000,0.129628,0.744552,-0.018578,0.189669,0.708935,-0.028818,0.231989,0.686236,-0.040123,0.256971,0.650676,-0.050530,0.175407,0.561004,0.000810,0.191182,0.488319,-0.017700,0.210025,0.465953,-0.036801,0.228698,0.462898,-0.048315,0.147393,0.546562,-0.003166,0.166902,0.461635,-0.022151,0.190619,0.445977,-0.042004,0.211849,0.459116,-0.053498,0.116869,0.545919,-0.011232,0.136028,0.464911,-0.027648,0.161589,0.446963,-0.041252,0.187157,0.453265,-0.048357,0.082511,0.558637,-0.021754,0.097572,0.492994,-0.034460,0.118767,0.459786,-0.041753,0.143744,0.444329,-0.045431
1575,0,0.158104,0.147515,0.579596,1.457144,1.474575,0.070408,0.757175,0.000000,0.127586,0.743858,-0.017485,0.188757,0.707201,-0.028052,0.230696,0.686434,-0.039870,0.256308,0.651335,-0.050931,0.173553,0.556413,-0.001476,0.189045,0.482077,-0.021176,0.208991,0.462161,-0.040396,0.229211,0.461662,-0.051857,0.145209,0.544287,-0.006424,0.163354,0.457708,-0.027148,0.189453,0.445554,-0.047062,0.213300,0.462650,-0.058165,0.114769,0.546161,-0.015256,0.132218,0.462322,-0.033204,0.160063,0.447009,-0.046936,0.187816,0.457058,-0.053623,0.081207,0.561570,-0.026391,0.096465,0.494461,-0.040312,0.119455,0.462054,-0.048198,0.146115,0.448767,-0.052067
1605,0,0.138594,0.171182,0.419727,1.501727,1.544346,0.068622,0.754210,0.000000,0.127553,0.741019,-0.016945,0.189864,0.704781,-0.027815,0.232437,0.684471,-0.039733,0.256542,0.650317,-0.051100,0.171310,0.552605,-0.004329,0.187046,0.477405,-0.024725,0.208120,0.459822,-0.043776,0.229411,0.461060,-0.055207,0.143757,0.542823,-0.009520,0.162878,0.455969,-0.030588,0.190453,0.444984,-0.049915,0.215299,0.461552,-0.060923,0.114310,0.546832,-0.018416,0.132446,0.462754,-0.037256,0.162385,0.448065,-0.050846,0.191416,0.457481,-0.057663,0.082226,0.563766,-0.029466,0.098094,0.496642,-0.044962,0.123052,0.466422,-0.053641,0.151342,0.454689,-0.058001
1634,0,0.178918,0.212223,0.586135,1.587537,1.655655,0.068102,0.750038,0.000000,0.125902,0.736532,-0.015919,0.187901,0.701306,-0.028053,0.230510,0.682904,-0.041519,0.257573,0.650978,-0.054584,0.168884,0.549565,-0.007843,0.183554,0.471527,-0.030442,0.207576,0.457261,-0.050567,0.230959,0.461486,-0.062279,0.143058,0.541279,-0.014344,0.162984,0.453197,-0.036615,0.193432,0.444432,-0.055852,0.218724,0.462977,-0.066719,0.115111,0.546841,-0.024269,0.134054,0.462331,-0.043274,0.166016,0.448932,-0.055641,0.194927,0.459486,-0.061560,0.084188,0.565702,-0.036319,0.099523,0.497090,-0.051920,0.125944,0.466954,-0.059742,0.154302,0.455655,-0.063378
1666,0,0.091648,0.098189,0.208622,1.622297,1.716598,0.067642,0.749901,0.000000,0.126013,0.734781,-0.015640,0.188040,0.699244,-0.028012,0.231420,0.681254,-0.041755,0.258493,0.649558,-0.055223,0.167297,0.550229,-0.009121,0.183270,0.470626,-0.032797,0.208564,0.457062,-0.053326,0.232636,0.462987,-0.065003,0.142124,0.542795,-0.016093,0.163559,0.454326,-0.038930,0.195198,0.444751,-0.058469,0.221389,0.463429,-0.069472,0.114734,0.548915,-0.026452,0.134332,0.463858,-0.046034,0.167133,0.449838,-0.058596,0.196624,0.460654,-0.064582,0.084520,0.568198,-0.038888,0.099693,0.499067,-0.055223,0.127080,0.468573,-0.063401,0.156294,0.457835,-0.067069
1695,0,0.109630,0.140345,0.454662,1.701536,1.805401,0.067185,0.744979,0.000000,0.126189,0.730385,-0.014677,0.189104,0.696770,-0.027586,0.232666,0.679793,-0.042273,0.260841,0.647503,-0.056687,0.166090,0.547877,-0.009164,0.182033,0.465606,-0.033562,0.209085,0.454135,-0.054499,0.234016,0.462939,-0.066324,0.141932,0.541068,-0.016949,0.162680,0.451326,-0.040779,0.196613,0.444393,-0.060811,0.222994,0.466101,-0.071879,0.115615,0.547627,-0.028028,0.135068,0.461039,-0.048018,0.170434,0.449746,-0.060433,0.200715,0.463596,-0.066072,0.086834,0.567159,-0.041116,0.101748,0.496792,-0.057739,0.130133,0.467630,-0.065819,0.159442,0.459011,-0.069228
1728,0,0.067145,0.038137,0.237753,1.732489,1.830302,0.068428,0.742773,0.000000,0.126530,0.728076,-0.013787,0.189579,0.693957,-0.026550,0.233132,0.677051,-0.041289,0.261964,0.645092,-0.055818,0.166661,0.545010,-0.008895,0.183501,0.462395,-0.033428,0.210506,0.452309,-0.054313,0.234904,0.463383,-0.065853,0.142642,0.538959,-0.017153,0.164240,0.449130,-0.040745,0.197725,0.443305,-0.060459,0.223549,0.466656,-0.071121,0.116403,0.546167,-0.028641,0.136397,0.459062,-0.048417,0.171536,0.447960,-0.060417,0.201634,0.462983,-0.065560,0.087883,0.566396,-0.042041,0.103695,0.495836,-0.058201,0.131821,0.466993,-0.065644,0.160511,0.459209,-0.068361
1763,0,0.155538,0.132317,0.335512,1.779480,1.864139,0.068420,0.740939,0.000000,0.127244,0.725289,-0.013180,0.190624,0.690748,-0.025229,0.234892,0.674139,-0.039560,0.264035,0.641886,-0.053681,0.165883,0.542199,-0.005638,0.184495,0.462318,-0.028932,0.212123,0.451639,-0.049162,0.237660,0.461261,-0.060501,0.142794,0.536463,-0.014205,0.165605,0.447993,-0.036903,0.199788,0.441793,-0.056442,0.227469,0.464246,-0.067069,0.117745,0.542963,-0.026129,0.139437,0.457539,-0.045815,0.175357,0.446610,-0.058116,0.206619,0.462157,-0.063346,0.090975,0.561856,-0.039957,0.108144,0.490773,-0.056317,0.137142,0.464191,-0.063764,0.166520,0.460518,-0.066316
1791,0,0.098917,0.123530,0.219704,1.823724,1.932786,0.068760,0.736150,0.000000,0.128457,0.721393,-0.013240,0.191266,0.687986,-0.025642,0.234954,0.671339,-0.040378,0.264281,0.639362,-0.054884,0.166757,0.541365,-0.006620,0.184558,0.460313,-0.030917,0.213305,0.449433,-0.051660,0.239556,0.459990,-0.063215,0.144431,0.535554,-0.015186,0.166485,0.445346,-0.038913,0.201768,0.439822,-0.059029,0.229518,0.464182,-0.069746,0.120269,0.542067,-0.027044,0.140788,0.455233,-0.047432,0.177689,0.445295,-0.059991,0.208928,0.462585,-0.065141,0.094270,0.560904,-0.040734,0.111425,0.490965,-0.057396,0.140305,0.463866,-0.064973,0.169038,0.459935,-0.067527
1826,0,0.089263,0.064642,0.171187,1.833323,1.923248,0.072283,0.735507,0.000000,0.131576,0.719074,-0.012894,0.193216,0.684709,-0.025227,0.237380,0.667596,-0.040026,0.267200,0.634797,-0.054575,0.168273,0.538744,-0.005781,0.186992,0.458591,-0.030285,0.216140,0.448742,-0.051411,0.242327,0.460793,-0.063192,0.146194,0.533559,-0.014695,0.168176,0.443662,-0.038173,0.203615,0.438869,-0.058363,0.231412,0.463563,-0.069270,0.122331,0.540909,-0.026954,0.142928,0.453861,-0.046999,0.179613,0.443835,-0.059404,0.210810,0.461170,-0.064566,0.096681,0.560795,-0.041066,0.113209,0.490712,-0.057114,0.141399,0.462586,-0.064316,0.169188,0.456697,-0.066814
1859,0,0.189766,0.176317,0.383829,1.896506,1.973662,0.072294,0.732504,0.000000,0.131802,0.716549,-0.011636,0.194322,0.681187,-0.022834,0.238692,0.663999,-0.036906,0.269473,0.632143,-0.050873,0.168850,0.538320,-0.002089,0.189598,0.460468,-0.024645,0.218684,0.449675,-0.044795,0.244678,0.460514,-0.056243,0.147555,0.532449,-0.011303,0.169863,0.443543,-0.033742,0.205529,0.438657,-0.054162,0.234083,0.462662,-0.065402,0.124999,0.538027,-0.023834,0.145285,0.449772,-0.043338,0.183013,0.439706,-0.056826,0.215415,0.458121,-0.062779,0.101900,0.555525,-0.038134,0.119516,0.483337,-0.054078,0.150327,0.458233,-0.061946,0.180532,0.458076,-0.064944
1893,0,0.185869,0.152761,0.271949,1.948931,2.024383,0.073641,0.730008,0.000000,0.134381,0.713617,-0.009507,0.196029,0.677640,-0.019314,0.240950,0.661056,-0.032480,0.271355,0.629515,-0.045295,0.169399,0.537456,0.003134,0.189074,0.463415,-0.017886,0.218753,0.450197,-0.037387,0.245472,0.458447,-0.048648,0.149278,0.531387,-0.006982,0.170724,0.444085,-0.028464,0.207305,0.438502,-0.048358,0.237134,0.461627,-0.059330,0.127989,0.535816,-0.020525,0.148012,0.448741,-0.039353,0.186152,0.438666,-0.052499,0.219054,0.456441,-0.058378,0.106356,0.552093,-0.035731,0.124832,0.481203,-0.050470,0.155093,0.455902,-0.057633,0.184545,0.455008,-0.060365
1938,0,0.099893,0.080852,0.266958,2.007832,2.079171,0.076763,0.726009,0.000000,0.137212,0.709132,-0.008580,0.197209,0.674255,-0.018420,0.241810,0.657950,-0.031940,0.273429,0.627859,-0.045101,0.170545,0.536512,0.003524,0.190000,0.461741,-0.017631,0.220074,0.449858,-0.036922,0.246640,0.459757,-0.047930,0.151406,0.529920,-0.007021,0.172775,0.442499,-0.028721,0.210098,0.438224,-0.048545,0.239579,0.462402,-0.059411,0.130724,0.533478,-0.020911,0.151145,0.447374,-0.039587,0.190197,0.439367,-0.052605,0.222444,0.458652,-0.058345,0.109898,0.548535,-0.036409,0.128031,0.477971,-0.050801,0.158782,0.453970,-0.057935,0.188179,0.454205,-0.060682
1979,0,0.192125,0.145449,0.223255,2.078610,2.153514,0.078747,0.724012,0.000000,0.139117,0.706762,-0.006857,0.199031,0.671284,-0.015259,0.243694,0.654617,-0.027511,0.275299,0.625538,-0.039255,0.171582,0.536101,0.007381,0.192548,0.464321,-0.011764,0.222709,0.450810,-0.029726,0.249263,0.458502,-0.040068,0.152437,0.529275,-0.003419,0.173971,0.442691,-0.023508,0.211376,0.436946,-0.042018,0.241434,0.459492,-0.051974,0.132528,0.532055,-0.017545,0.153311,0.444764,-0.035578,0.192655,0.436251,-0.047951,0.225818,0.455268,-0.053072,0.113124,0.546085,-0.033119,0.133729,0.476006,-0.046976,0.165232,0.453285,-0.053478,0.195054,0.455124,-0.055632
2015,0,0.089269,0.072080,0.178731,2.133193,2.216707,0.079936,0.721113,0.000000,0.140625,0.704030,-0.005983,0.199801,0.668928,-0.014304,0.244099,0.652295,-0.026774,0.277323,0.624470,-0.038750,0.172516,0.535311,0.008785,0.193412,0.463197,-0.010096,0.223668,0.449962,-0.027984,0.250280,0.458387,-0.038326,0.154208,0.527894,-0.002586,0.175875,0.442015,-0.021976,0.213419,0.435855,-0.040343,0.243239,0.458623,-0.050443,0.135035,0.530316,-0.017298,0.156242,0.444124,-0.034576,0.195991,0.435986,-0.046613,0.229033,0.455248,-0.051855,0.116550,0.543824,-0.033468,0.136448,0.474701,-0.047056,0.167971,0.451707,-0.053548,0.197801,0.452470,-0.055847
2049,0,0.179137,0.125255,0.276682,2.234478,2.300096,0.081880,0.718369,0.000000,0.142108,0.700971,-0.004562,0.200916,0.665636,-0.011862,0.245395,0.650086,-0.023604,0.278178,0.622226,-0.034754,0.174073,0.532263,0.012002,0.196613,0.463034,-0.005279,0.226657,0.450047,-0.022160,0.252897,0.457655,-0.032107,0.156075,0.524274,0.000201,0.179734,0.441364,-0.017618,0.216909,0.435323,-0.034934,0.246334,0.456690,-0.044520,0.137056,0.525985,-0.014991,0.160323,0.442227,-0.031104,0.199924,0.434776,-0.042234,0.232710,0.453068,-0.047087,0.119013,0.538584,-0.031625,0.140842,0.471560,-0.044360,0.171894,0.450020,-0.050095,0.201274,0.451027,-0.051981
2082,0,0.101394,0.062798,0.220244,2.300841,2.349874,0.082704,0.715631,0.000000,0.143569,0.698228,-0.003022,0.202645,0.662316,-0.009670,0.246485,0.646487,-0.021032,0.279196,0.619185,-0.031758,0.175153,0.528245,0.013798,0.197622,0.459546,-0.003182,0.227879,0.447940,-0.020051,0.253746,0.457422,-0.029977,0.157285,0.521176,0.001204,0.181873,0.439144,-0.016729,0.219230,0.434520,-0.034479,0.247700,0.457788,-0.044185,0.138877,0.523722,-0.014648,0.162384,0.440757,-0.030437,0.201740,0.433566,-0.041664,0.233769,0.452459,-0.046546,0.121457,0.537891,-0.031838,0.142768,0.470702,-0.044185,0.173953,0.447730,-0.050148,0.203542,0.447188,-0.052190
2114,0,0.090266,0.087942,0.355672,2.350653,2.418473,0.081725,0.713956,0.000000,0.144063,0.696108,-0.001769,0.201884,0.659754,-0.008308,0.245735,0.644176,-0.020002,0.280013,0.616805,-0.031150,0.173219,0.527816,0.016096,0.196431,0.460491,-0.000094,0.227377,0.448046,-0.016837,0.254191,0.455941,-0.027104,0.155402,0.520540,0.002431,0.180832,0.437811,-0.014804,0.219195,0.431921,-0.032813,0.249274,0.454477,-0.043150,0.137257,0.523045,-0.014463,0.162750,0.439782,-0.030069,0.203569,0.432024,-0.041708,0.236931,0.450204,-0.047237,0.121054,0.537665,-0.032593,0.145566,0.472198,-0.045073,0.178196,0.449079,-0.051283,0.208483,0.448015,-0.053807
2147,0,0.107679,0.081267,0.257837,2.419441,2.456806,0.082418,0.711897,0.000000,0.144664,0.693105,-0.000505,0.201430,0.658272,-0.006884,0.245441,0.641963,-0.018831,0.281007,0.614685,-0.030237,0.171820,0.525865,0.018761,0.195170,0.458923,0.003389,0.226520,0.446323,-0.012887,0.253437,0.453820,-0.022893,0.154812,0.518436,0.004348,0.180009,0.435865,-0.012067,0.218973,0.430785,-0.029277,0.248855,0.453753,-0.039022,0.137725,0.520553,-0.013348,0.162812,0.437522,-0.027956,0.204424,0.430801,-0.038422,0.237835,0.449467,-0.043185,0.122890,0.534388,-0.032319,0.146292,0.468058,-0.043665,0.178434,0.446305,-0.048588,0.207701,0.446581,-0.050189
2181,0,0.182572,0.192008,0.293699,2.541578,2.547734,0.080742,0.711302,0.000000,0.145208,0.691397,0.002157,0.201842,0.655539,-0.002309,0.245629,0.638873,-0.013047,0.281795,0.612117,-0.023300,0.169919,0.524958,0.025056,0.194323,0.460150,0.012049,0.225969,0.446083,-0.003112,0.253360,0.451179,-0.012757,0.153100,0.516493,0.009456,0.180008,0.436016,-0.005237,0.219310,0.429680,-0.022103,0.249906,0.451236,-0.031758,0.136425,0.517470,-0.009486,0.163280,0.435242,-0.023001,0.205098,0.427929,-0.033514,0.238902,0.445924,-0.038461,0.122513,0.530033,-0.029584,0.147208,0.463323,-0.040436,0.179650,0.441115,-0.045403,0.209283,0.441046,-0.047119
2213,0,0.073458,0.064482,0.188477,2.540691,2.547748,0.080297,0.710775,0.000000,0.144911,0.689923,0.003061,0.199822,0.653812,-0.001941,0.243681,0.637574,-0.013671,0.280349,0.610045,-0.025125,0.168732,0.524342,0.025205,0.193089,0.458454,0.011973,0.224800,0.443340,-0.003216,0.252377,0.447959,-0.012902,0.152219,0.516540,0.008688,0.179163,0.435032,-0.005852,0.218327,0.427476,-0.022369,0.249204,0.448030,-0.031895,0.135926,0.518037,-0.011174,0.162700,0.434318,-0.024586,0.204981,0.425700,-0.034592,0.239263,0.442525,-0.039285,0.122366,0.531657,-0.032175,0.148095,0.464400,-0.043020,0.181214,0.441742,-0.047733,0.211140,0.441259,-0.049291
2247,0,0.082920,0.061043,0.105927,2.580998,2.573588,0.079964,0.709562,0.000000,0.145055,0.688519,0.003819,0.199393,0.652299,-0.000456,0.243378,0.635678,-0.011561,0.279299,0.607006,-0.022322,0.168856,0.523261,0.026658,0.193339,0.458364,0.014118,0.224369,0.442733,-0.000438,0.251451,0.446777,-0.009732,0.152155,0.514795,0.010012,0.178927,0.434264,-0.003824,0.217621,0.426413,-0.019634,0.248077,0.446243,-0.028617,0.135682,0.516014,-0.010007,0.161825,0.432204,-0.023261,0.203608,0.423361,-0.032753,0.237868,0.439531,-0.036970,0.122355,0.529435,-0.031075,0.148440,0.462555,-0.042086,0.181272,0.439832,-0.046602,0.211214,0.438919,-0.047921
2282,0,0.065950,0.066342,0.178782,2.577909,2.561531,0.081213,0.707501,0.000000,0.144869,0.686760,0.002475,0.199391,0.650396,-0.002125,0.243334,0.633828,-0.013035,0.278769,0.605674,-0.023434,0.168603,0.521631,0.024432,0.193430,0.457056,0.011697,0.224232,0.441619,-0.002762,0.251139,0.444918,-0.011937,0.152210,0.513161,0.008828,0.180130,0.433887,-0.005110,0.218183,0.426150,-0.020680,0.248111,0.444992,-0.029483,0.135813,0.514214,-0.010140,0.162991,0.432348,-0.023235,0.204244,0.423319,-0.032597,0.238031,0.438355,-0.036748,0.122152,0.526999,-0.030241,0.148008,0.460825,-0.040801,0.179956,0.437771,-0.045152,0.209523,0.435893,-0.046390
2315,0,0.094919,0.106355,0.095526,2.640315,2.636507,0.079426,0.706855,0.000000,0.145171,0.685451,0.004814,0.199940,0.649650,0.001024,0.243476,0.633108,-0.009807,0.279171,0.604042,-0.020379,0.166836,0.521866,0.028860,0.192667,0.458156,0.017519,0.223812,0.442160,0.003357,0.250828,0.444994,-0.006003,0.149860,0.513350,0.011719,0.178292,0.432641,-0.001522,0.217174,0.424851,-0.017767,0.248155,0.444938,-0.027211,0.133605,0.514379,-0.008650,0.161797,0.430488,-0.021352,0.204085,0.421536,-0.031283,0.238802,0.437654,-0.036010,0.121608,0.527656,-0.029972,0.149984,0.460895,-0.040400,0.183206,0.438517,-0.044849,0.213020,0.437616,-0.046398
2349,0,0.038790,0.042364,0.100376,2.664897,2.656550,0.079863,0.706536,0.000000,0.146616,0.683763,0.006048,0.200104,0.648870,0.002718,0.243483,0.632888,-0.008098,0.279289,0.604360,-0.018801,0.166457,0.522109,0.030818,0.192027,0.458280,0.019796,0.223332,0.441936,0.005735,0.250505,0.444076,-0.003604,0.149562,0.513282,0.013012,0.177964,0.432955,-0.000143,0.217163,0.424825,-0.016494,0.248114,0.444399,-0.025944,0.133336,0.514169,-0.008033,0.161322,0.429973,-0.020791,0.203907,0.421133,-0.030938,0.238715,0.437184,-0.035713,0.121435,0.527171,-0.029923,0.150179,0.459748,-0.040428,0.183395,0.437847,-0.044964,0.213204,0.437460,-0.046476
2382,0,0.046131,0.053951,0.127146,2.651629,2.646536,0.080546,0.705248,0.000000,0.146123,0.684287,0.005029,0.200584,0.648557,0.001456,0.243776,0.632420,-0.009156,0.279331,0.603968,-0.019522,0.167095,0.520934,0.028515,0.192751,0.457418,0.017133,0.223969,0.441584,0.003076,0.250806,0.444270,-0.006162,0.150232,0.512218,0.011481,0.178323,0.432021,-0.001927,0.217407,0.424790,-0.018015,0.247943,0.444761,-0.027246,0.134121,0.513406,-0.008725,0.161790,0.429733,-0.021674,0.204246,0.421779,-0.031668,0.238703,0.438370,-0.036308,0.122467,0.526722,-0.029824,0.150652,0.459768,-0.040334,0.183816,0.438233,-0.044776,0.213559,0.438386,-0.046203
2417,0,0.059868,0.068707,0.239078,2.677472,2.678425,0.079888,0.705722,0.000000,0.146045,0.684915,0.005385,0.200657,0.649437,0.002268,0.244062,0.632603,-0.008047,0.279848,0.603468,-0.018193,0.166828,0.522083,0.031021,0.192983,0.459216,0.020588,0.224062,0.442150,0.006696,0.251210,0.443112,-0.002754,0.149826,0.513068,0.013620,0.179042,0.433392,0.000711,0.217914,0.425073,-0.015986,0.248924,0.444348,-0.025874,0.133681,0.513637,-0.007018,0.162532,0.430340,-0.019796,0.204773,0.421678,-0.030348,0.239388,0.437662,-0.035535,0.121752,0.526169,-0.028547,0.151054,0.459336,-0.039138,0.184280,0.437183,-0.043988,0.214107,0.436224,-0.045888
2450,0,0.087293,0.103191,0.171732,2.627370,2.636560,0.081626,0.705506,0.000000,0.146567,0.684450,0.004415,0.201122,0.648680,0.000903,0.244215,0.632127,-0.009349,0.279717,0.604762,-0.019361,0.167621,0.522058,0.027101,0.193649,0.458742,0.015184,0.224790,0.442825,0.000743,0.251800,0.445000,-0.008735,0.150918,0.513369,0.010601,0.179642,0.433936,-0.003561,0.218477,0.427016,-0.020133,0.249032,0.446763,-0.029675,0.134718,0.514421,-0.009052,0.163024,0.430761,-0.022607,0.205225,0.422753,-0.033198,0.239671,0.438838,-0.038147,0.122657,0.527221,-0.029556,0.151330,0.460179,-0.040325,0.184198,0.438429,-0.045056,0.213714,0.437635,-0.046759
2483,0,0.049017,0.047749,0.110156,2.653317,2.662477,0.081387,0.704752,0.000000,0.146897,0.683745,0.005183,0.201472,0.648514,0.001854,0.244507,0.632161,-0.008411,0.279951,0.603572,-0.018457,0.167882,0.521310,0.028656,0.194334,0.458614,0.017501,0.225609,0.442564,0.003375,0.252504,0.444622,-0.005981,0.150726,0.512582,0.011648,0.179421,0.432632,-0.001595,0.218599,0.424904,-0.017866,0.249543,0.444661,-0.027335,0.134432,0.513771,-0.008509,0.162649,0.430142,-0.021462,0.205260,0.421467,-0.031730,0.239985,0.437413,-0.036618,0.122345,0.527240,-0.029503,0.151531,0.460522,-0.040205,0.184879,0.438428,-0.044896,0.214743,0.437740,-0.046512
2518,0,0.043489,0.040696,0.154315,2.662319,2.679790,0.080504,0.705826,0.000000,0.146695,0.684094,0.005310,0.201044,0.649017,0.001879,0.244328,0.632229,-0.008711,0.280014,0.603175,-0.019040,0.166350,0.522331,0.030066,0.192431,0.459640,0.019198,0.223822,0.443068,0.005143,0.251035,0.444025,-0.004383,0.149284,0.513644,0.012723,0.178528,0.433888,-0.000431,0.218028,0.425884,-0.016849,0.249484,0.444420,-0.026552,0.133355,0.514512,-0.007852,0.162575,0.430989,-0.020866,0.205121,0.422346,-0.031171,0.240003,0.437677,-0.036166,0.122085,0.527604,-0.029316,0.151928,0.461176,-0.039937,0.185402,0.439306,-0.044576,0.215117,0.438425,-0.046273
2552,0,0.025621,0.041295,0.151292,2.664472,2.686648,0.081623,0.705951,0.000000,0.146941,0.684205,0.005485,0.200724,0.648260,0.002149,0.243835,0.631611,-0.008302,0.279898,0.603478,-0.018497,0.166284,0.523054,0.029556,0.192609,0.460738,0.018744,0.224025,0.443447,0.005066,0.251195,0.443994,-0.004040,0.149600,0.514132,0.012371,0.178598,0.434831,-0.000413,0.218082,0.426222,-0.015972,0.249249,0.444326,-0.024999,0.133964,0.515059,-0.008025,0.162364,0.432002,-0.020658,0.205116,0.422512,-0.030306,0.240037,0.437243,-0.034805,0.122782,0.527661,-0.029280,0.151835,0.460934,-0.039599,0.185073,0.439020,-0.043802,0.215050,0.437640,-0.045143
2600,0,0.028830,0.029312,0.189024,2.658980,2.669572,0.081658,0.706122,0.000000,0.146963,0.684361,0.005308,0.201420,0.648583,0.001730,0.244519,0.631936,-0.008903,0.279716,0.603159,-0.019201,0.165572,0.522035,0.028816,0.192043,0.459029,0.017737,0.223673,0.442472,0.003872,0.250963,0.444149,-0.005279,0.148434,0.513472,0.011707,0.178142,0.434130,-0.001034,0.217626,0.425581,-0.016618,0.249055,0.444414,-0.025693,0.132816,0.514625,-0.008559,0.162653,0.431831,-0.020880,0.205133,0.422319,-0.030328,0.240004,0.437407,-0.034787,0.121950,0.527747,-0.029739,0.152040,0.461667,-0.039777,0.185290,0.439453,-0.043803,0.215020,0.438230,-0.045021
2649,0,0.106572,0.117514,0.196641,2.587320,2.599905,0.082557,0.705350,0.000000,0.146734,0.684019,0.003340,0.201978,0.648174,-0.000826,0.245116,0.631639,-0.011451,0.279703,0.603056,-0.021663,0.166828,0.521449,0.024930,0.192382,0.456949,0.012179,0.223637,0.440564,-0.002863,0.250835,0.443159,-0.012602,0.149898,0.513421,0.008992,0.178490,0.432827,-0.005549,0.217452,0.425362,-0.022509,0.248308,0.445192,-0.032446,0.134040,0.514974,-0.010069,0.162874,0.432119,-0.023690,0.204771,0.423434,-0.034748,0.238825,0.439333,-0.040198,0.122497,0.527957,-0.030065,0.151698,0.462591,-0.040769,0.184106,0.441362,-0.045845,0.213000,0.441125,-0.047852
2697,0,0.072041,0.078174,0.115920,2.622725,2.620670,0.082388,0.706880,0.000000,0.146999,0.685721,0.004284,0.201465,0.649198,0.000596,0.244664,0.632133,-0.009893,0.280255,0.603546,-0.020149,0.167125,0.522131,0.027640,0.192557,0.458267,0.015858,0.223764,0.441968,0.001235,0.250850,0.444262,-0.008391,0.150547,0.513849,0.010916,0.179185,0.434347,-0.002741,0.218380,0.426554,-0.019588,0.249214,0.446108,-0.029530,0.134616,0.515094,-0.009012,0.163432,0.432356,-0.022010,0.205091,0.423522,-0.032680,0.238855,0.439167,-0.037917,0.122687,0.527806,-0.029865,0.151400,0.461001,-0.040259,0.184089,0.438201,-0.045004,0.213318,0.436832,-0.046815
2747,0,0.055890,0.052771,0.114125,2.581240,2.589319,0.082230,0.706929,0.000000,0.146864,0.685816,0.003370,0.201257,0.650346,-0.000882,0.244269,0.633362,-0.011753,0.279328,0.604225,-0.022342,0.167253,0.522753,0.025912,0.192407,0.458026,0.013399,0.223748,0.441998,-0.001568,0.251021,0.444734,-0.011349,0.150262,0.514353,0.009633,0.178426,0.434199,-0.004674,0.217447,0.426794,-0.021731,0.248307,0.446455,-0.031808,0.134135,0.515641,-0.009865,0.162427,0.432398,-0.023447,0.204167,0.423649,-0.034371,0.238444,0.439239,-0.039755,0.122060,0.528650,-0.030329,0.150975,0.462402,-0.041135,0.183695,0.439793,-0.046183,0.212893,0.438720,-0.048155
2794,0,0.055861,0.073799,0.095546,2.605091,2.608660,0.081261,0.708697,0.000000,0.146091,0.687417,0.003779,0.201014,0.650494,0.000179,0.244173,0.633099,-0.010012,0.279171,0.604157,-0.019837,0.166978,0.523249,0.026922,0.192211,0.459178,0.015087,0.223536,0.442808,0.000637,0.250670,0.444740,-0.008770,0.149891,0.515143,0.010702,0.178021,0.435208,-0.002964,0.216795,0.427694,-0.019285,0.247619,0.446616,-0.028755,0.133604,0.516497,-0.008751,0.162027,0.433020,-0.022074,0.203888,0.424306,-0.032440,0.237993,0.439541,-0.037289,0.121416,0.529416,-0.029149,0.150954,0.462312,-0.039831,0.184061,0.439808,-0.044462,0.213439,0.438603,-0.046079
2842,0,0.026429,0.039727,0.097520,2.597638,2.617517,0.081826,0.708085,0.000000,0.146434,0.686545,0.003752,0.200912,0.651034,0.000096,0.243437,0.633516,-0.010164,0.278012,0.604545,-0.020061,0.167228,0.524283,0.027071,0.192041,0.460428,0.015009,0.223143,0.443835,0.000412,0.250279,0.445666,-0.009057,0.150429,0.515965,0.010886,0.177935,0.436051,-0.002828,0.216302,0.428132,-0.019043,0.246920,0.446418,-0.028475,0.134136,0.516768,-0.008592,0.161601,0.433459,-0.021890,0.203090,0.423888,-0.032193,0.237318,0.438775,-0.037018,0.121828,0.528731,-0.029049,0.150520,0.462679,-0.039786,0.183475,0.440159,-0.044492,0.213066,0.439070,-0.046114
2880,0,0.061003,0.064939,0.172309,2.643502,2.659601,0.081379,0.707947,0.000000,0.146447,0.686476,0.004825,0.200783,0.650645,0.001642,0.243552,0.633641,-0.008352,0.278035,0.604783,-0.018100,0.166300,0.523178,0.028689,0.192662,0.460399,0.017510,0.224042,0.444356,0.003419,0.251113,0.446781,-0.005737,0.149382,0.514711,0.012064,0.179124,0.436034,-0.000712,0.217817,0.427586,-0.016675,0.248374,0.445856,-0.025995,0.133296,0.515910,-0.007787,0.162663,0.433638,-0.020234,0.204776,0.423850,-0.030380,0.239151,0.438522,-0.035257,0.121158,0.528594,-0.028532,0.150690,0.462078,-0.038777,0.183720,0.439551,-0.043221,0.213538,0.438247,-0.044715
2928,0,0.083160,0.091280,0.163113,2.581631,2.607982,0.081665,0.707532,0.000000,0.146166,0.686265,0.003177,0.200422,0.651030,-0.000820,0.243192,0.633847,-0.011259,0.277892,0.604825,-0.021335,0.167467,0.524212,0.026048,0.192241,0.459990,0.013773,0.222830,0.443641,-0.000935,0.249584,0.445451,-0.010500,0.150807,0.515675,0.010224,0.178244,0.436183,-0.003766,0.216318,0.428225,-0.020192,0.246437,0.446433,-0.029775,0.134676,0.516608,-0.008863,0.162011,0.433882,-0.022243,0.202912,0.424273,-0.032615,0.236651,0.439003,-0.037524,0.122145,0.528589,-0.028947,0.150170,0.462705,-0.039575,0.182426,0.440518,-0.044288,0.211562,0.439183,-0.045944
2967,0,0.053746,0.056991,0.126573,2.612450,2.642129,0.081069,0.708040,0.000000,0.146008,0.686852,0.003935,0.200493,0.651039,0.000415,0.243370,0.633971,-0.009737,0.278176,0.605319,-0.019572,0.167035,0.523764,0.027477,0.192757,0.461054,0.015752,0.223949,0.444968,0.001326,0.250922,0.447303,-0.008038,0.150049,0.515148,0.011244,0.179027,0.437028,-0.002122,0.217698,0.428787,-0.018344,0.248250,0.446964,-0.027772,0.133698,0.516267,-0.008269,0.162425,0.434628,-0.021212,0.204094,0.425072,-0.031562,0.238301,0.439753,-0.036492,0.120921,0.529032,-0.028754,0.150103,0.462977,-0.039360,0.183100,0.440421,-0.044113,0.212829,0.439046,-0.045762
3001,0,0.091817,0.076329,0.169994,2.553477,2.580713,0.080265,0.708789,0.000000,0.144267,0.688544,0.002811,0.199108,0.652688,-0.001596,0.242022,0.635433,-0.012355,0.276936,0.606302,-0.022782,0.166613,0.524100,0.024474,0.192175,0.459464,0.011824,0.223474,0.443759,-0.002958,0.250341,0.447203,-0.012414,0.149642,0.516132,0.008686,0.178042,0.436355,-0.005351,0.216514,0.428637,-0.021720,0.246798,0.447714,-0.031261,0.133379,0.517387,-0.010329,0.161414,0.434763,-0.023549,0.202797,0.425193,-0.033878,0.236759,0.440303,-0.038855,0.120721,0.530294,-0.030376,0.149083,0.464108,-0.041000,0.181636,0.441099,-0.045682,0.211016,0.439543,-0.047374
3033,0,0.057010,0.059303,0.232347,2.594934,2.610492,0.080988,0.708284,0.000000,0.145043,0.686903,0.003540,0.199493,0.651784,-0.000422,0.242552,0.634762,-0.010902,0.277155,0.606247,-0.021073,0.167354,0.523485,0.026327,0.192013,0.459078,0.013944,0.223299,0.443876,-0.000927,0.249898,0.447656,-0.010428,0.150615,0.515424,0.010329,0.177929,0.436056,-0.003819,0.216491,0.429799,-0.020461,0.246385,0.450342,-0.030040,0.134287,0.516628,-0.008883,0.161289,0.433496,-0.022041,0.202863,0.425538,-0.032588,0.236288,0.442190,-0.037565,0.121493,0.528939,-0.029072,0.149075,0.462306,-0.039500,0.181696,0.440753,-0.044201,0.211034,0.440501,-0.045860
3077,0,0.044382,0.064511,0.112829,2.608816,2.652848,0.080067,0.707834,0.000000,0.144897,0.687518,0.004035,0.199128,0.652447,0.000494,0.242208,0.635195,-0.009769,0.277139,0.606466,-0.019814,0.167182,0.525387,0.027687,0.191875,0.461745,0.016110,0.222780,0.445552,0.001765,0.249337,0.448141,-0.007602,0.150592,0.516652,0.011351,0.178272,0.437178,-0.002250,0.216942,0.430060,-0.018859,0.246895,0.449827,-0.028534,0.134239,0.517240,-0.008212,0.161383,0.433861,-0.021341,0.203091,0.425726,-0.032140,0.236913,0.442210,-0.037382,0.121523,0.529362,-0.028692,0.149239,0.462446,-0.039491,0.182472,0.440658,-0.044654,0.212590,0.440419,-0.046664
3111,0,0.043281,0.044092,0.228156,2.595908,2.650606,0.079156,0.707754,0.000000,0.144186,0.686855,0.003866,0.199073,0.652094,0.000096,0.241767,0.635662,-0.010263,0.276402,0.606939,-0.020270,0.166420,0.524677,0.027112,0.192299,0.461456,0.015090,0.223374,0.446020,0.000605,0.250303,0.449199,-0.008715,0.149530,0.516078,0.010892,0.178600,0.437171,-0.002551,0.216914,0.429075,-0.018687,0.247179,0.448154,-0.028056,0.132987,0.517083,-0.008602,0.161774,0.435925,-0.021391,0.203405,0.426098,-0.031496,0.237521,0.440893,-0.036372,0.119944,0.529786,-0.029078,0.147734,0.464086,-0.039636,0.180236,0.441070,-0.044354,0.209918,0.439516,-0.046045
3146,0,0.047884,0.055532,0.190218,2.627955,2.682607,0.079081,0.706728,0.000000,0.144121,0.686698,0.004160,0.198977,0.652044,0.000794,0.241973,0.635634,-0.009276,0.276256,0.606323,-0.019084,0.167453,0.524555,0.028257,0.192978,0.462042,0.016946,0.223822,0.446506,0.002741,0.250138,0.449186,-0.006547,0.150458,0.515748,0.011931,0.178824,0.437281,-0.001350,0.217131,0.430064,-0.017754,0.246840,0.449725,-0.027291,0.133821,0.516189,-0.007636,0.161389,0.433815,-0.020434,0.202993,0.425682,-0.030917,0.236728,0.442094,-0.035961,0.120820,0.528421,-0.028158,0.148818,0.462289,-0.038720,0.181764,0.440729,-0.043626,0.211542,0.440538,-0.045439
3180,0,0.046260,0.057041,0.119816,2.649888,2.698673,0.079931,0.706700,0.000000,0.145345,0.685756,0.005084,0.199437,0.651930,0.002240,0.242171,0.635813,-0.007540,0.275835,0.606450,-0.017045,0.166698,0.524503,0.029670,0.192308,0.462103,0.018588,0.223201,0.446747,0.004672,0.249652,0.449814,-0.004288,0.149910,0.515639,0.012880,0.178324,0.436907,0.000092,0.216563,0.428940,-0.015670,0.246564,0.448298,-0.024679,0.133486,0.516225,-0.007226,0.161573,0.434268,-0.019826,0.203302,0.425269,-0.029650,0.237306,0.441125,-0.034111,0.120514,0.528528,-0.028255,0.148555,0.461567,-0.038866,0.181578,0.439474,-0.043424,0.211583,0.439111,-0.044800
3213,0,0.064230,0.056531,0.160811,2.615077,2.667253,0.079303,0.707555,0.000000,0.143591,0.687230,0.003487,0.198404,0.652430,0.000022,0.241196,0.635287,-0.009981,0.275699,0.606507,-0.019569,0.166755,0.525622,0.028053,0.190659,0.462759,0.016636,0.221184,0.446203,0.002428,0.247917,0.448160,-0.006837,0.150333,0.516649,0.012153,0.176772,0.437526,-0.001078,0.214705,0.429317,-0.017166,0.245108,0.447800,-0.026504,0.133826,0.516960,-0.007126,0.160312,0.434693,-0.020167,0.201808,0.425567,-0.030486,0.235852,0.441036,-0.035351,0.120665,0.528633,-0.027426,0.148041,0.462832,-0.038255,0.181050,0.441098,-0.043159,0.211258,0.440865,-0.044925
3246,0,0.082368,0.096603,0.278403,2.572902,2.606178,0.080856,0.706499,0.000000,0.144366,0.686149,0.002616,0.198808,0.651496,-0.001269,0.241451,0.635138,-0.011404,0.275079,0.606946,-0.021044,0.167110,0.524007,0.025277,0.191249,0.459154,0.012344,0.222337,0.444042,-0.002540,0.249111,0.448587,-0.011727,0.150688,0.515447,0.009998,0.176640,0.435717,-0.004032,0.214785,0.427948,-0.019967,0.244654,0.447381,-0.028902,0.134030,0.516458,-0.008661,0.159761,0.434334,-0.021828,0.200824,0.425151,-0.031782,0.234454,0.441301,-0.036152,0.120275,0.528766,-0.028392,0.145369,0.462120,-0.039110,0.177363,0.440130,-0.043656,0.206722,0.440419,-0.044871
3280,0,0.085676,0.081535,0.212424,2.516467,2.541598,0.080277,0.707757,0.000000,0.143395,0.687795,0.000864,0.198384,0.653175,-0.003839,0.241174,0.635677,-0.014319,0.275230,0.606291,-0.024274,0.165916,0.524920,0.022864,0.189126,0.460652,0.010008,0.219737,0.444738,-0.004634,0.246670,0.447454,-0.013810,0.149633,0.516449,0.008280,0.174625,0.436031,-0.005481,0.212607,0.427758,-0.020965,0.243022,0.445986,-0.029794,0.133163,0.517168,-0.009734,0.157643,0.434737,-0.022982,0.198897,0.425170,-0.032632,0.233222,0.440381,-0.036939,0.119150,0.529373,-0.028952,0.141954,0.461672,-0.039719,0.173738,0.438428,-0.044045,0.203376,0.437986,-0.045219
3313,0,0.126152,0.133810,0.302558,2.419376,2.421965,0.080869,0.707920,0.000000,0.141932,0.688966,-0.002719,0.198186,0.654603,-0.008208,0.241775,0.636902,-0.018618,0.274069,0.605887,-0.028543,0.167170,0.524298,0.018725,0.190212,0.458800,0.004767,0.219718,0.442611,-0.010581,0.246040,0.444615,-0.020125,0.150249,0.516056,0.006088,0.173814,0.436581,-0.008506,0.209756,0.427562,-0.024706,0.239899,0.443866,-0.034162,0.132714,0.516712,-0.010160,0.155876,0.435673,-0.024412,0.194778,0.425050,-0.035160,0.228298,0.439371,-0.040094,0.116485,0.528261,-0.027878,0.138049,0.459568,-0.039643,0.169221,0.436934,-0.044870,0.198872,0.438226,-0.046554
3348,0,0.176168,0.196693,0.405393,2.329320,2.277654,0.082682,0.708134,0.000000,0.142714,0.690459,-0.007532,0.199593,0.655562,-0.014207,0.242693,0.635598,-0.024513,0.272728,0.601232,-0.033952,0.168830,0.522332,0.013670,0.191678,0.454800,-0.001566,0.220099,0.438542,-0.017659,0.245873,0.440185,-0.027380,0.150623,0.514032,0.004183,0.175392,0.435532,-0.011204,0.208775,0.425456,-0.027848,0.237635,0.439558,-0.037540,0.131643,0.513930,-0.009156,0.155354,0.435668,-0.023480,0.191506,0.422948,-0.034888,0.223509,0.435666,-0.040290,0.112635,0.524174,-0.024377,0.132085,0.457583,-0.036351,0.161481,0.434093,-0.042435,0.190904,0.434865,-0.044736
3382,0,0.178062,0.180868,0.877426,2.267986,2.172775,0.082291,0.709144,0.000000,0.141924,0.691172,-0.011655,0.200922,0.656559,-0.019308,0.244107,0.633808,-0.029534,0.271049,0.595888,-0.038792,0.167907,0.522161,0.010491,0.190978,0.455974,-0.004568,0.217430,0.439064,-0.020296,0.241957,0.436635,-0.029965,0.147997,0.511891,0.003315,0.175907,0.437480,-0.011929,0.207187,0.427288,-0.028066,0.235183,0.437001,-0.037480,0.126949,0.509950,-0.008005,0.153673,0.434979,-0.022253,0.187446,0.421645,-0.032627,0.218448,0.430290,-0.037539,0.104243,0.518596,-0.021627,0.124154,0.454303,-0.033723,0.152952,0.429174,-0.039536,0.183286,0.425588,-0.041806
3414,0,0.231169,0.219920,0.920878,2.151026,2.065311,0.081547,0.710674,0.000000,0.140992,0.692376,-0.015102,0.201364,0.657819,-0.023128,0.244525,0.629634,-0.032551,0.269870,0.589187,-0.040781,0.164943,0.526477,0.007361,0.187492,0.462071,-0.007708,0.212204,0.443541,-0.023401,0.235654,0.436957,-0.033196,0.143531,0.513900,0.002238,0.171481,0.439922,-0.013548,0.201840,0.426218,-0.029618,0.229465,0.430072,-0.038865,0.120174,0.510397,-0.007180,0.146612,0.436431,-0.022150,0.180366,0.420365,-0.032433,0.212782,0.423419,-0.037204,0.093637,0.517607,-0.019042,0.112573,0.455799,-0.031143,0.138624,0.426737,-0.036656,0.167518,0.415358,-0.038904
3446,0,0.272203,0.236019,0.657302,2.082134,1.925405,0.078644,0.710262,0.000000,0.139568,0.693227,-0.017880,0.201862,0.658674,-0.026390,0.246075,0.626868,-0.035219,0.270156,0.583028,-0.042711,0.163797,0.528981,0.003434,0.186538,0.465562,-0.011675,0.210065,0.445168,-0.027183,0.232163,0.436521,-0.036671,0.139675,0.512554,0.000816,0.166501,0.438342,-0.013940,0.194355,0.421276,-0.028887,0.219965,0.423210,-0.037581,0.113098,0.507297,-0.006089,0.138386,0.431145,-0.020097,0.168861,0.410891,-0.029739,0.199744,0.409334,-0.034367,0.083397,0.513194,-0.015479,0.102041,0.452313,-0.026990,0.125214,0.421768,-0.032217,0.152074,0.406565,-0.034270
3481,0,0.338234,0.274526,0.861801,2.088106,1.851903,0.071222,0.711320,0.000000,0.136590,0.695502,-0.021373,0.199576,0.662282,-0.029466,0.244515,0.627163,-0.037326,0.268148,0.581196,-0.043715,0.162973,0.532533,0.005101,0.183845,0.470387,-0.009041,0.204398,0.445603,-0.025168,0.225147,0.430134,-0.035584,0.136654,0.513204,0.004903,0.160025,0.438670,-0.007986,0.183693,0.415514,-0.023251,0.207620,0.410555,-0.032738,0.107950,0.506324,-0.000062,0.129288,0.430134,-0.012845,0.154238,0.405003,-0.022554,0.181911,0.397907,-0.027356,0.075946,0.511391,-0.007952,0.092731,0.449673,-0.018634,0.111893,0.416615,-0.023716,0.135460,0.397247,-0.025729
3514,0,0.384615,0.359100,1.509621,2.217605,1.833185,0.067239,0.712377,0.000000,0.136119,0.697570,-0.021790,0.198722,0.665627,-0.028243,0.243714,0.628535,-0.034055,0.267783,0.583976,-0.038293,0.163463,0.532656,0.008145,0.186065,0.468359,-0.001438,0.201921,0.437452,-0.014442,0.218274,0.414459,-0.023520,0.134674,0.512010,0.009500,0.156614,0.439883,0.002595,0.175147,0.408290,-0.009700,0.194057,0.391526,-0.018593,0.103899,0.504706,0.006002,0.123957,0.432918,-0.002607,0.142592,0.402656,-0.010953,0.163182,0.386158,-0.015978,0.069899,0.508740,-0.000473,0.086099,0.447736,-0.008830,0.101562,0.415145,-0.012635,0.120556,0.391989,-0.014180
3548,0,0.332227,0.315375,0.941909,2.027275,1.541574,0.063708,0.712940,0.000000,0.134020,0.701845,-0.026643,0.200398,0.670155,-0.035356,0.246836,0.630795,-0.042084,0.272328,0.585524,-0.047374,0.164864,0.536651,-0.001052,0.189181,0.469901,-0.011387,0.203154,0.432795,-0.024057,0.217473,0.401909,-0.033197,0.132694,0.514306,0.002195,0.154562,0.439883,-0.004835,0.171845,0.400676,-0.016997,0.189824,0.373094,-0.026507,0.099198,0.505917,0.000627,0.117990,0.434920,-0.008236,0.134915,0.398776,-0.017814,0.154188,0.372613,-0.024368,0.063247,0.508980,-0.004157,0.079246,0.447409,-0.013205,0.092845,0.412810,-0.018038,0.109886,0.384570,-0.020692
3581,0,0.232951,0.219761,0.635646,1.942562,1.333332,0.065257,0.711479,0.000000,0.136441,0.702616,-0.028808,0.202769,0.673413,-0.039003,0.247946,0.634477,-0.046639,0.275129,0.590178,-0.053084,0.168434,0.536331,-0.006616,0.195250,0.469528,-0.017167,0.208632,0.430312,-0.029882,0.220262,0.394510,-0.039315,0.134050,0.512801,-0.002800,0.157359,0.437914,-0.010175,0.172108,0.394030,-0.022558,0.184829,0.358265,-0.032264,0.098503,0.504743,-0.003467,0.118116,0.432514,-0.012490,0.133308,0.392865,-0.021991,0.148611,0.359176,-0.028593,0.060828,0.508424,-0.007378,0.076039,0.445960,-0.016757,0.088850,0.410528,-0.021054,0.103949,0.379381,-0.023202
3614,0,0.235737,0.228190,0.403533,1.829558,1.119649,0.066758,0.713305,0.000000,0.137708,0.707026,-0.028646,0.203744,0.678457,-0.039116,0.248744,0.638771,-0.047096,0.278366,0.596308,-0.054115,0.172940,0.539827,-0.009725,0.199241,0.470157,-0.021921,0.211211,0.427839,-0.035292,0.221274,0.388579,-0.045292,0.138163,0.514576,-0.006622,0.160860,0.435446,-0.015911,0.173720,0.388233,-0.028999,0.183422,0.348424,-0.038959,0.101461,0.506230,-0.007764,0.119712,0.429495,-0.018587,0.131319,0.384271,-0.028842,0.142202,0.343861,-0.035861,0.062705,0.511014,-0.011980,0.076812,0.446657,-0.022881,0.087335,0.409440,-0.027665,0.099317,0.375168,-0.030018
3651,0,0.249071,0.257976,0.205792,1.709618,0.875750,0.068035,0.715418,0.000000,0.137473,0.710511,-0.029993,0.203864,0.682070,-0.041931,0.250144,0.643051,-0.051258,0.281346,0.601821,-0.059628,0.175484,0.541706,-0.014479,0.203066,0.469954,-0.028658,0.214726,0.424754,-0.043007,0.223674,0.382713,-0.053609,0.140690,0.514612,-0.011589,0.164011,0.431210,-0.023058,0.176280,0.380449,-0.037188,0.184119,0.337170,-0.047710,0.103763,0.505423,-0.012755,0.121467,0.425756,-0.025111,0.131508,0.377994,-0.036151,0.139625,0.335509,-0.043565,0.065014,0.510371,-0.017029,0.077871,0.444579,-0.029037,0.086500,0.405357,-0.034477,0.095840,0.369243,-0.037148
3684,0,0.149387,0.137287,0.255771,1.587905,0.767621,0.069264,0.717150,0.000000,0.138047,0.713289,-0.030212,0.203990,0.683958,-0.043393,0.250340,0.644733,-0.054190,0.284917,0.606726,-0.064050,0.178350,0.544293,-0.017164,0.206412,0.470670,-0.032657,0.218047,0.423584,-0.047386,0.226557,0.380263,-0.058183,0.143780,0.517070,-0.014658,0.166634,0.431143,-0.027401,0.178090,0.378616,-0.041763,0.184844,0.334148,-0.052356,0.107044,0.507597,-0.016043,0.123746,0.426169,-0.029051,0.132974,0.376543,-0.039970,0.139823,0.333396,-0.047345,0.068177,0.511831,-0.020556,0.079087,0.446366,-0.032718,0.086124,0.405277,-0.038137,0.093069,0.368388,-0.040805
3718,0,0.074796,0.053060,0.072710,1.544758,0.748576,0.071069,0.718520,0.000000,0.138393,0.715528,-0.030641,0.203079,0.686835,-0.044248,0.249404,0.648349,-0.055576,0.283803,0.610281,-0.065879,0.180815,0.545368,-0.017168,0.208784,0.471400,-0.033042,0.220385,0.423988,-0.048147,0.228541,0.380243,-0.059229,0.146403,0.517725,-0.014612,0.168528,0.431592,-0.027932,0.179086,0.378380,-0.042729,0.185042,0.333842,-0.053606,0.109597,0.508086,-0.016018,0.126246,0.426706,-0.029348,0.135446,0.376699,-0.040389,0.141927,0.333495,-0.047819,0.070817,0.512614,-0.020615,0.081846,0.447264,-0.032775,0.088997,0.406373,-0.038132,0.095901,0.370024,-0.040779
3750,0,0.105140,0.098212,0.113631,1.459813,0.665979,0.073028,0.721186,0.000000,0.139480,0.718114,-0.030455,0.203459,0.688949,-0.044160,0.249574,0.650844,-0.055684,0.285196,0.614695,-0.066302,0.182196,0.547342,-0.018685,0.210517,0.472182,-0.035209,0.222694,0.423906,-0.050416,0.231701,0.379688,-0.061651,0.147633,0.519418,-0.016514,0.169353,0.432111,-0.030805,0.179759,0.378402,-0.045806,0.185797,0.333060,-0.056712,0.110982,0.510167,-0.018191,0.127262,0.427450,-0.032492,0.136448,0.376558,-0.043831,0.143187,0.332478,-0.051403,0.072614,0.515510,-0.023006,0.083637,0.449123,-0.036196,0.090485,0.407086,-0.042102,0.097106,0.369523,-0.045024
3782,0,0.048471,0.050585,0.097516,1.422794,0.626289,0.074233,0.722149,0.000000,0.140475,0.718682,-0.030313,0.204133,0.688636,-0.044178,0.250290,0.650842,-0.055833,0.286391,0.616189,-0.066660,0.182939,0.547063,-0.019103,0.211675,0.472185,-0.035913,0.224099,0.423782,-0.051245,0.233119,0.379318,-0.062528,0.148360,0.519421,-0.017192,0.170126,0.431602,-0.031884,0.180572,0.377440,-0.046947,0.186710,0.331593,-0.057816,0.112112,0.510781,-0.019093,0.127487,0.427764,-0.033764,0.136364,0.376203,-0.045170,0.143019,0.331342,-0.052651,0.074020,0.516885,-0.024114,0.083706,0.450382,-0.037628,0.089945,0.408004,-0.043641,0.096388,0.370003,-0.046575
3815,0,0.031080,0.035548,0.113797,1.415149,0.601326,0.074429,0.722437,0.000000,0.140898,0.720204,-0.031125,0.204339,0.689890,-0.045247,0.249362,0.650941,-0.057108,0.286145,0.616614,-0.067974,0.182784,0.547212,-0.019938,0.211288,0.471846,-0.036932,0.223439,0.422894,-0.052173,0.232187,0.378307,-0.063453,0.148240,0.519014,-0.017543,0.169713,0.430696,-0.032515,0.180518,0.376606,-0.047445,0.186829,0.331000,-0.058145,0.111957,0.510211,-0.019005,0.127269,0.426902,-0.034111,0.136091,0.375747,-0.045496,0.142643,0.331485,-0.052878,0.074343,0.516923,-0.023619,0.083697,0.450611,-0.037637,0.089540,0.408054,-0.043961,0.095305,0.370086,-0.047030
3849,0,0.030260,0.049970,0.057832,1.414335,0.570718,0.075377,0.723613,0.000000,0.141045,0.720878,-0.031054,0.203973,0.690242,-0.045230,0.249434,0.651494,-0.057036,0.286470,0.617888,-0.067886,0.182933,0.546116,-0.020225,0.211572,0.470216,-0.037248,0.223880,0.421256,-0.052463,0.232757,0.376765,-0.063688,0.148187,0.518545,-0.017803,0.169749,0.429691,-0.032654,0.180455,0.375032,-0.047433,0.186679,0.329293,-0.058034,0.112218,0.510735,-0.019196,0.127020,0.426932,-0.034047,0.135836,0.375381,-0.045230,0.142512,0.330828,-0.052505,0.074772,0.518564,-0.023758,0.083819,0.451940,-0.037539,0.089402,0.409140,-0.043608,0.095183,0.370821,-0.046518
3885,0,0.071325,0.068215,0.090763,1.373702,0.517868,0.076201,0.725094,0.000000,0.142054,0.721982,-0.031205,0.205222,0.690222,-0.045658,0.250633,0.652567,-0.057814,0.288447,0.620312,-0.069176,0.183717,0.545930,-0.021179,0.212348,0.469361,-0.038828,0.224665,0.419793,-0.054389,0.233892,0.375064,-0.065834,0.149061,0.518661,-0.019007,0.170629,0.429625,-0.034484,0.181481,0.374264,-0.049501,0.188277,0.328464,-0.060195,0.112993,0.511266,-0.020678,0.127674,0.426899,-0.036029,0.136646,0.374682,-0.047371,0.143989,0.329828,-0.054723,0.075354,0.519683,-0.025523,0.083702,0.453208,-0.039643,0.089481,0.410415,-0.045825,0.095727,0.372278,-0.048791
3918,0,0.069055,0.066776,0.076397,1.338959,0.470200,0.078304,0.727790,0.000000,0.143494,0.724616,-0.031390,0.205930,0.692672,-0.045951,0.252154,0.656114,-0.058205,0.290833,0.626446,-0.069661,0.185468,0.546322,-0.021433,0.214076,0.468902,-0.038943,0.226623,0.419138,-0.054512,0.235956,0.374169,-0.065926,0.150362,0.519293,-0.019251,0.171788,0.429135,-0.034285,0.183027,0.373073,-0.049099,0.189987,0.326834,-0.059716,0.114062,0.512551,-0.020898,0.128345,0.427753,-0.035691,0.137532,0.375740,-0.046749,0.144976,0.331052,-0.053925,0.076393,0.521615,-0.025808,0.084639,0.454006,-0.039363,0.090304,0.411159,-0.045070,0.096630,0.373302,-0.047714
3952,0,0.072104,0.071216,0.120026,1.307286,0.431897,0.079773,0.731263,0.000000,0.144841,0.727808,-0.031037,0.206830,0.694508,-0.045414,0.253407,0.659120,-0.057634,0.292869,0.632031,-0.069009,0.186859,0.546807,-0.020508,0.215662,0.468971,-0.037866,0.228532,0.418924,-0.053533,0.238615,0.373809,-0.065076,0.151393,0.520179,-0.018531,0.172942,0.429420,-0.033342,0.184579,0.373117,-0.047951,0.192436,0.327105,-0.058480,0.115087,0.514159,-0.020466,0.129283,0.428558,-0.035118,0.138357,0.376130,-0.046048,0.146237,0.331328,-0.053152,0.077372,0.524002,-0.025709,0.086065,0.455485,-0.039071,0.091701,0.412167,-0.044695,0.098217,0.373985,-0.047359
3985,0,0.117209,0.117181,0.080985,1.256352,0.437203,0.079379,0.731581,0.000000,0.143953,0.730089,-0.032245,0.205750,0.698013,-0.047429,0.253830,0.664298,-0.060352,0.294032,0.638558,-0.072465,0.188152,0.548425,-0.021902,0.218009,0.470997,-0.040007,0.231370,0.421192,-0.056172,0.241870,0.375737,-0.068157,0.153267,0.521105,-0.019694,0.175981,0.430452,-0.035209,0.187602,0.373960,-0.050286,0.195509,0.327308,-0.061205,0.117342,0.514998,-0.021539,0.131932,0.429561,-0.036851,0.140862,0.376924,-0.048367,0.148559,0.331746,-0.055874,0.079636,0.524433,-0.026807,0.088017,0.455819,-0.040732,0.093439,0.412647,-0.046917,0.099759,0.374040,-0.050073
4019,0,0.083769,0.039391,0.058696,1.244885,0.448605,0.081252,0.732938,0.000000,0.144940,0.731463,-0.031820,0.206408,0.700637,-0.046992,0.254619,0.667830,-0.059960,0.294599,0.642728,-0.072158,0.189743,0.549922,-0.021774,0.220400,0.472110,-0.039888,0.234330,0.422292,-0.056023,0.245257,0.377035,-0.067921,0.154836,0.522389,-0.019687,0.178887,0.431253,-0.034923,0.191354,0.374934,-0.049732,0.199865,0.328795,-0.060474,0.118975,0.515705,-0.021602,0.134339,0.430161,-0.036485,0.143915,0.377666,-0.047634,0.152033,0.333047,-0.054953,0.081424,0.525150,-0.026920,0.090147,0.456422,-0.040423,0.095830,0.413084,-0.046222,0.102196,0.375039,-0.049090
4052,0,0.086033,0.144636,0.054794,1.254956,0.533884,0.078346,0.732067,0.000000,0.142516,0.731820,-0.033454,0.204412,0.701716,-0.049687,0.253617,0.669642,-0.063472,0.295247,0.645138,-0.076398,0.189583,0.551047,-0.023426,0.221236,0.473935,-0.042300,0.235424,0.423988,-0.059006,0.246664,0.378460,-0.071288,0.154873,0.522511,-0.020882,0.180430,0.431786,-0.036803,0.193945,0.375628,-0.051920,0.203373,0.329203,-0.062914,0.118874,0.515482,-0.022481,0.135598,0.430310,-0.037984,0.145910,0.378003,-0.049300,0.154668,0.333030,-0.056644,0.081085,0.524971,-0.027613,0.090857,0.456492,-0.041570,0.097000,0.413512,-0.047454,0.103637,0.374904,-0.050417
4086,0,0.067438,0.094234,0.058314,1.274876,0.610775,0.075221,0.730979,0.000000,0.139604,0.732625,-0.034064,0.201355,0.703773,-0.050633,0.250890,0.671745,-0.064638,0.293530,0.647463,-0.077781,0.188004,0.552597,-0.024261,0.221073,0.475963,-0.043393,0.236203,0.425933,-0.060070,0.248317,0.380268,-0.072394,0.153736,0.522261,-0.021427,0.180124,0.431748,-0.037684,0.194320,0.375553,-0.052917,0.204491,0.328906,-0.063819,0.117895,0.514293,-0.022731,0.135288,0.429312,-0.038610,0.145974,0.376744,-0.050073,0.155345,0.331415,-0.057484,0.080044,0.523269,-0.027600,0.089999,0.455533,-0.041993,0.096413,0.412349,-0.048133,0.103204,0.374139,-0.051107
4119,0,0.169745,0.180080,0.073928,1.326194,0.666342,0.068855,0.729690,0.000000,0.134199,0.732967,-0.033221,0.196199,0.704975,-0.049173,0.246807,0.671886,-0.062599,0.289933,0.647758,-0.074947,0.184449,0.552658,-0.021985,0.217904,0.476168,-0.040150,0.233483,0.426374,-0.056339,0.245290,0.381143,-0.068255,0.150776,0.520319,-0.018942,0.178405,0.429910,-0.034020,0.193471,0.374590,-0.048525,0.203812,0.329132,-0.058757,0.114830,0.510439,-0.019967,0.133580,0.425759,-0.034732,0.144788,0.374011,-0.045374,0.153742,0.330141,-0.052152,0.077022,0.517917,-0.024479,0.087914,0.450842,-0.037819,0.094542,0.408176,-0.043150,0.100945,0.370738,-0.045417
4152,0,0.210982,0.086251,0.073129,1.418729,0.673685,0.061214,0.729071,0.000000,0.127050,0.731979,-0.033322,0.189240,0.703649,-0.048992,0.239745,0.669762,-0.062111,0.283215,0.644787,-0.074054,0.177707,0.550093,-0.020867,0.211984,0.474138,-0.038378,0.227445,0.424332,-0.054091,0.239144,0.378806,-0.065729,0.144756,0.517855,-0.017500,0.173298,0.428560,-0.032211,0.188576,0.373672,-0.046376,0.198592,0.328007,-0.056445,0.108953,0.507400,-0.018296,0.127103,0.423159,-0.032952,0.137846,0.372110,-0.043609,0.145952,0.328459,-0.050386,0.071003,0.514593,-0.022622,0.081011,0.448170,-0.036112,0.087391,0.405084,-0.041909,0.093489,0.366855,-0.044546
4186,0,0.230762,0.116208,0.072454,1.522928,0.569022,0.054810,0.730182,0.000000,0.120339,0.732459,-0.034003,0.181766,0.703757,-0.049973,0.231652,0.668496,-0.063311,0.275375,0.642210,-0.075376,0.170054,0.548783,-0.021455,0.203076,0.471498,-0.039246,0.218115,0.421073,-0.055238,0.229455,0.374693,-0.067084,0.137016,0.516855,-0.017879,0.164158,0.426864,-0.032906,0.178935,0.371152,-0.047516,0.188962,0.324471,-0.057958,0.100739,0.506828,-0.018537,0.118215,0.422243,-0.033542,0.128780,0.371060,-0.044642,0.136860,0.327234,-0.051684,0.062453,0.514061,-0.022771,0.072393,0.446815,-0.036657,0.078478,0.403792,-0.042909,0.084272,0.365448,-0.045805
4218,0,0.258589,0.059539,0.089559,1.739971,0.535709,0.046300,0.729084,0.000000,0.110998,0.731355,-0.034841,0.172193,0.703235,-0.051250,0.221831,0.668129,-0.064800,0.265152,0.639424,-0.077073,0.160829,0.547739,-0.022810,0.193775,0.470097,-0.040978,0.208867,0.418986,-0.057189,0.220317,0.371904,-0.069199,0.127822,0.515231,-0.018960,0.154585,0.424180,-0.033984,0.168892,0.368182,-0.048655,0.178171,0.320965,-0.059213,0.091750,0.505152,-0.019323,0.109048,0.420428,-0.033940,0.119045,0.368946,-0.044871,0.126560,0.324207,-0.051954,0.053432,0.512566,-0.023360,0.063069,0.445377,-0.036777,0.068926,0.402236,-0.042716,0.074343,0.363870,-0.045487
4251,0,0.283411,0.262887,0.117582,1.947857,0.347946,0.044035,0.730658,0.000000,0.108660,0.730732,-0.035586,0.169423,0.701031,-0.052342,0.217439,0.664874,-0.066277,0.259562,0.637361,-0.078977,0.153916,0.543982,-0.024606,0.185314,0.466292,-0.043699,0.199658,0.414968,-0.060368,0.210710,0.367624,-0.072759,0.120215,0.512912,-0.021001,0.145699,0.420977,-0.037283,0.159244,0.364337,-0.052386,0.168376,0.316622,-0.063190,0.083568,0.504592,-0.021684,0.099658,0.418041,-0.038055,0.109212,0.365958,-0.049608,0.116550,0.320819,-0.056928,0.044975,0.513992,-0.026039,0.053125,0.444843,-0.041208,0.058306,0.400759,-0.047977,0.063760,0.360887,-0.051284
4277,0,0.159876,0.149400,0.118439,2.086400,0.272158,0.043033,0.731443,0.000000,0.106666,0.731203,-0.034515,0.164634,0.700249,-0.051264,0.211520,0.664373,-0.065361,0.252858,0.637928,-0.078354,0.148414,0.543904,-0.024218,0.178750,0.464795,-0.043287,0.192433,0.413137,-0.059970,0.202892,0.365700,-0.072255,0.114088,0.512802,-0.021047,0.138887,0.419340,-0.036989,0.151852,0.362218,-0.051794,0.160499,0.314157,-0.062489,0.077654,0.504784,-0.022041,0.092932,0.417404,-0.037785,0.102058,0.363594,-0.049054,0.108683,0.317697,-0.056346,0.039974,0.514344,-0.026626,0.047947,0.445300,-0.040790,0.052694,0.400720,-0.046800,0.057580,0.361028,-0.049805
4307,0,0.139494,0.062367,0.099021,2.208871,0.281655,0.038997,0.730464,0.000000,0.103741,0.731990,-0.034128,0.162398,0.701137,-0.050487,0.208924,0.663137,-0.064288,0.248763,0.636008,-0.077031,0.144083,0.544116,-0.024538,0.174362,0.463435,-0.043652,0.188014,0.411523,-0.060143,0.198019,0.363633,-0.072313,0.109117,0.513238,-0.021760,0.133600,0.418858,-0.037898,0.146238,0.360693,-0.052780,0.154423,0.312245,-0.063494,0.072644,0.505534,-0.023061,0.087165,0.417010,-0.038890,0.096242,0.362610,-0.050222,0.103040,0.316019,-0.057586,0.034982,0.515847,-0.027933,0.042214,0.446065,-0.042241,0.047167,0.400855,-0.048326,0.052622,0.360878,-0.051325
4335,0,0.121404,0.118903,0.116154,2.280288,0.306152,0.038858,0.731776,0.000000,0.102633,0.733122,-0.034148,0.161028,0.701406,-0.050716,0.207190,0.665793,-0.064603,0.246896,0.639505,-0.077656,0.143293,0.543721,-0.026127,0.172787,0.462691,-0.045662,0.185558,0.410468,-0.062362,0.195271,0.362392,-0.074755,0.107751,0.514071,-0.023644,0.130519,0.418035,-0.040300,0.142429,0.359571,-0.055374,0.150355,0.310857,-0.066273,0.070879,0.508016,-0.025182,0.084039,0.417818,-0.041531,0.092704,0.362674,-0.053133,0.100033,0.314839,-0.060736,0.033102,0.520073,-0.030258,0.039849,0.448851,-0.045354,0.044522,0.403247,-0.051903,0.050243,0.362151,-0.055286
4369,0,0.067902,0.085473,0.058067,2.317734,0.337104,0.040045,0.731804,0.000000,0.104284,0.732368,-0.033975,0.161631,0.701152,-0.050698,0.207559,0.665409,-0.064957,0.247127,0.638891,-0.078512,0.142589,0.544375,-0.027176,0.171703,0.462963,-0.047178,0.184793,0.410675,-0.063989,0.194409,0.362013,-0.076532,0.107048,0.515333,-0.025041,0.129921,0.419081,-0.042249,0.141443,0.360267,-0.057564,0.148952,0.311006,-0.068786,0.070223,0.509685,-0.026845,0.083174,0.418972,-0.043789,0.091491,0.363426,-0.055715,0.098424,0.315470,-0.063549,0.032422,0.521268,-0.032171,0.038524,0.449109,-0.047794,0.043207,0.403130,-0.054747,0.049277,0.361631,-0.058488
4403,0,0.058945,0.050044,0.070821,2.292749,0.349984,0.041970,0.732645,0.000000,0.105613,0.732378,-0.034496,0.163026,0.701843,-0.052007,0.208903,0.666437,-0.066934,0.248986,0.639731,-0.081118,0.142706,0.546056,-0.027667,0.172246,0.464758,-0.047935,0.185220,0.412252,-0.065139,0.194916,0.363376,-0.077922,0.107527,0.516930,-0.025434,0.131084,0.420912,-0.043032,0.142907,0.361473,-0.058748,0.150470,0.311649,-0.070261,0.070953,0.510942,-0.027229,0.083899,0.420102,-0.044346,0.092526,0.364035,-0.056559,0.099538,0.315472,-0.064658,0.033511,0.522104,-0.032548,0.039109,0.449430,-0.048067,0.043711,0.402957,-0.055115,0.049719,0.360925,-0.059055
4431,0,0.061094,0.055211,0.074353,2.247274,0.316308,0.042290,0.732983,0.000000,0.106985,0.732855,-0.033278,0.164888,0.701585,-0.050288,0.210309,0.666241,-0.064943,0.250614,0.640560,-0.078943,0.145140,0.544852,-0.026213,0.174278,0.464664,-0.046188,0.186648,0.412681,-0.063198,0.195771,0.364343,-0.075890,0.109557,0.515938,-0.024621,0.133002,0.420521,-0.041979,0.144320,0.361712,-0.057441,0.151585,0.312549,-0.068694,0.072520,0.510189,-0.026954,0.085161,0.419884,-0.043964,0.093446,0.364033,-0.055784,0.100314,0.315659,-0.063547,0.034233,0.522079,-0.032733,0.039848,0.449044,-0.048020,0.044606,0.403330,-0.054562,0.050831,0.361650,-0.058095
4465,0,0.114425,0.060701,0.073516,2.175406,0.329859,0.044542,0.736036,0.000000,0.108549,0.734746,-0.033727,0.166692,0.702970,-0.051204,0.212449,0.667061,-0.066272,0.253019,0.640809,-0.080595,0.147522,0.548751,-0.027704,0.177731,0.467776,-0.048094,0.190228,0.414865,-0.065177,0.198975,0.365625,-0.077879,0.111992,0.519213,-0.025931,0.136196,0.423090,-0.043692,0.147046,0.363369,-0.059132,0.153176,0.313264,-0.070345,0.074991,0.512581,-0.028011,0.088210,0.421837,-0.045072,0.096214,0.366295,-0.056592,0.102465,0.318693,-0.064082,0.036310,0.523261,-0.033552,0.042145,0.450067,-0.048707,0.046763,0.403776,-0.055015,0.052534,0.362496,-0.058344
4498,0,0.085924,0.044702,0.069189,2.091712,0.313950,0.046288,0.737592,0.000000,0.109994,0.736947,-0.033644,0.168804,0.704634,-0.050818,0.215239,0.668994,-0.065532,0.255615,0.643771,-0.079455,0.149649,0.549714,-0.027342,0.180423,0.469202,-0.047524,0.192791,0.416352,-0.064610,0.201322,0.366930,-0.077435,0.114472,0.519665,-0.025453,0.139054,0.424053,-0.043000,0.149981,0.364690,-0.058504,0.156249,0.314703,-0.069836,0.077613,0.512682,-0.027408,0.090584,0.421908,-0.044362,0.098579,0.366486,-0.056045,0.104742,0.318271,-0.063775,0.039130,0.523302,-0.032788,0.045123,0.450161,-0.047963,0.049577,0.404441,-0.054376,0.055152,0.363119,-0.057846
4530,0,0.122118,0.065245,0.079454,1.984241,0.278552,0.048981,0.738467,0.000000,0.112840,0.736717,-0.032654,0.172038,0.704935,-0.049443,0.218453,0.669983,-0.063898,0.258589,0.644135,-0.077514,0.153143,0.549110,-0.025339,0.184058,0.469594,-0.044905,0.196318,0.417291,-0.061694,0.204669,0.368592,-0.074297,0.118040,0.519369,-0.023730,0.142689,0.424441,-0.040630,0.153466,0.365268,-0.055921,0.159588,0.315866,-0.067158,0.081014,0.512446,-0.025956,0.094061,0.422170,-0.042371,0.102096,0.367264,-0.053982,0.108199,0.319844,-0.061738,0.042204,0.523107,-0.031552,0.048023,0.450184,-0.046138,0.052444,0.404670,-0.052352,0.058030,0.363905,-0.055745
4562,0,0.110575,0.104614,0.040597,1.937501,0.309121,0.049315,0.738412,0.000000,0.113259,0.737614,-0.034400,0.173098,0.706986,-0.052142,0.220590,0.672176,-0.067342,0.261659,0.646822,-0.081659,0.155099,0.550457,-0.027198,0.186864,0.470765,-0.047369,0.199505,0.418505,-0.064602,0.208248,0.369760,-0.077461,0.119765,0.520629,-0.024988,0.145402,0.425540,-0.042442,0.156465,0.366224,-0.058107,0.162873,0.316607,-0.069552,0.082594,0.513750,-0.026778,0.096478,0.423638,-0.043613,0.104812,0.368506,-0.055500,0.110900,0.321321,-0.063321,0.043085,0.524200,-0.032058,0.049802,0.451121,-0.047016,0.054628,0.405471,-0.053467,0.060298,0.364611,-0.056914
4615,0,0.127236,0.097879,0.075519,1.826606,0.285917,0.050633,0.740587,0.000000,0.115576,0.739545,-0.032710,0.175969,0.707809,-0.049242,0.223327,0.672957,-0.063520,0.263905,0.648345,-0.076914,0.158081,0.552247,-0.024975,0.189460,0.472164,-0.044579,0.202258,0.419814,-0.061354,0.211347,0.371676,-0.073820,0.122711,0.522219,-0.023339,0.148016,0.426827,-0.040269,0.159000,0.367334,-0.055431,0.165228,0.318031,-0.066349,0.085450,0.514778,-0.025616,0.099465,0.424094,-0.042015,0.107731,0.369085,-0.053398,0.113980,0.322061,-0.060735,0.045852,0.524717,-0.031274,0.052597,0.451609,-0.045883,0.057248,0.405915,-0.051895,0.062802,0.364975,-0.054945
4647,0,0.076879,0.052614,0.073928,1.751615,0.283298,0.051776,0.740606,0.000000,0.117117,0.739847,-0.033117,0.178446,0.708452,-0.049675,0.226572,0.673724,-0.063969,0.267780,0.647519,-0.077331,0.160195,0.552204,-0.024349,0.191784,0.472701,-0.043837,0.204691,0.420944,-0.060729,0.214284,0.373018,-0.073336,0.124983,0.522204,-0.022540,0.150413,0.426767,-0.039376,0.161566,0.367732,-0.054780,0.168234,0.318782,-0.065967,0.087747,0.514869,-0.024749,0.101969,0.424973,-0.041196,0.110356,0.369993,-0.052871,0.116759,0.322753,-0.060595,0.048198,0.525042,-0.030431,0.055393,0.452324,-0.045214,0.060198,0.406827,-0.051584,0.065870,0.365689,-0.054913
4673,0,0.082998,0.056497,0.055479,1.680106,0.277140,0.053160,0.740362,0.000000,0.118238,0.739437,-0.033030,0.179427,0.707781,-0.049200,0.228318,0.673661,-0.063123,0.269863,0.648218,-0.076202,0.162075,0.551655,-0.023310,0.194197,0.472306,-0.042371,0.207828,0.420518,-0.059209,0.217975,0.372974,-0.071709,0.126552,0.521939,-0.021419,0.152006,0.426858,-0.037545,0.163503,0.368038,-0.052714,0.170635,0.319706,-0.063746,0.089282,0.514730,-0.023621,0.104565,0.425151,-0.039413,0.113303,0.370286,-0.050890,0.120251,0.323406,-0.058452,0.049880,0.525206,-0.029337,0.057233,0.453336,-0.043706,0.062118,0.407914,-0.049778,0.067895,0.367206,-0.052892
4705,0,0.076260,0.029238,0.055031,1.613513,0.279809,0.055065,0.740856,0.000000,0.120353,0.739770,-0.032343,0.181922,0.708470,-0.048370,0.231015,0.674779,-0.062285,0.272559,0.649418,-0.075312,0.164675,0.553004,-0.023007,0.196522,0.473346,-0.041924,0.210003,0.421704,-0.058640,0.219929,0.374048,-0.071044,0.129260,0.523076,-0.021429,0.154962,0.427576,-0.037278,0.166636,0.368888,-0.052238,0.173445,0.320740,-0.063175,0.091889,0.515732,-0.023874,0.106975,0.425649,-0.039323,0.115787,0.370745,-0.050726,0.122456,0.323919,-0.058284,0.052301,0.525808,-0.029765,0.059823,0.453223,-0.043791,0.064676,0.407585,-0.049748,0.070358,0.366832,-0.052816
4736,0,0.040554,0.036003,0.060035,1.581324,0.279784,0.055298,0.741168,0.000000,0.121410,0.740153,-0.032664,0.183396,0.708550,-0.048639,0.232922,0.675319,-0.062435,0.274602,0.650216,-0.075429,0.165372,0.552194,-0.022829,0.197691,0.473179,-0.041786,0.212029,0.421978,-0.058652,0.222821,0.374657,-0.071201,0.129659,0.522182,-0.021060,0.155003,0.427559,-0.036980,0.166911,0.368894,-0.052244,0.174318,0.320476,-0.063325,0.092350,0.514831,-0.023318,0.107881,0.425865,-0.038894,0.117070,0.370961,-0.050464,0.124202,0.323785,-0.058074,0.053142,0.525140,-0.029081,0.061166,0.453717,-0.043233,0.066207,0.408493,-0.049173,0.071924,0.367872,-0.052200
4769,0,0.065236,0.082582,0.057325,1.563582,0.326232,0.055756,0.739524,0.000000,0.121408,0.738968,-0.033351,0.183321,0.708899,-0.049826,0.233373,0.675914,-0.064030,0.275381,0.650738,-0.077388,0.166555,0.553520,-0.023822,0.198974,0.474504,-0.043191,0.213348,0.423085,-0.060289,0.224138,0.375214,-0.073024,0.131042,0.522839,-0.021796,0.156611,0.428718,-0.038226,0.168779,0.370079,-0.053833,0.176241,0.320941,-0.065232,0.093946,0.514834,-0.023844,0.109820,0.426039,-0.039918,0.118762,0.371272,-0.051740,0.125481,0.323821,-0.059622,0.054891,0.524249,-0.029432,0.062761,0.453334,-0.043948,0.067718,0.408250,-0.050182,0.073285,0.367519,-0.053388
4801,0,0.051074,0.039528,0.050163,1.521582,0.302226,0.057097,0.739702,0.000000,0.122615,0.739667,-0.033156,0.185106,0.709305,-0.049313,0.235010,0.676434,-0.063125,0.276682,0.651743,-0.076095,0.167804,0.553168,-0.023550,0.200034,0.473834,-0.042363,0.214381,0.422812,-0.059052,0.225117,0.375781,-0.071447,0.131889,0.522777,-0.021303,0.156906,0.428444,-0.037162,0.169175,0.370470,-0.052456,0.176949,0.322511,-0.063567,0.094566,0.514900,-0.023085,0.110104,0.426079,-0.038490,0.119511,0.371313,-0.050243,0.126885,0.324042,-0.058078,0.055308,0.524399,-0.028397,0.063598,0.453571,-0.042474,0.068631,0.408479,-0.048605,0.074313,0.368184,-0.051748
4832,0,0.048492,0.055430,0.072945,1.542800,0.342978,0.056520,0.738673,0.000000,0.123282,0.738771,-0.033185,0.185687,0.708610,-0.049512,0.235378,0.675907,-0.063538,0.277160,0.650557,-0.076812,0.168401,0.553865,-0.024004,0.200260,0.474536,-0.043384,0.214574,0.422806,-0.060397,0.225318,0.374992,-0.073007,0.132612,0.522689,-0.021957,0.157356,0.428476,-0.038473,0.169655,0.370477,-0.054025,0.177490,0.322040,-0.065264,0.094957,0.514123,-0.023937,0.110744,0.425354,-0.040043,0.120346,0.370568,-0.051857,0.127835,0.323114,-0.059556,0.055917,0.523253,-0.029402,0.064246,0.452547,-0.044070,0.069305,0.407326,-0.050264,0.074898,0.367028,-0.053317
4865,0,0.038827,0.034637,0.095161,1.505386,0.326427,0.057352,0.738954,0.000000,0.123264,0.740108,-0.034001,0.185877,0.709883,-0.050195,0.235486,0.676573,-0.063892,0.277419,0.651528,-0.076706,0.168627,0.553763,-0.023683,0.200655,0.474718,-0.042683,0.214974,0.423554,-0.059606,0.226016,0.375836,-0.072287,0.132889,0.522765,-0.021088,0.157966,0.429033,-0.037226,0.170555,0.370909,-0.052846,0.178945,0.322280,-0.064201,0.095410,0.514488,-0.022623,0.111510,0.426099,-0.038662,0.120944,0.371080,-0.050857,0.128314,0.323106,-0.058899,0.056249,0.523535,-0.027748,0.064795,0.453105,-0.042573,0.069541,0.407634,-0.049223,0.074660,0.366793,-0.052625
4901,0,0.021579,0.026880,0.068194,1.507334,0.317211,0.057448,0.739598,0.000000,0.123673,0.740307,-0.033746,0.186038,0.710621,-0.050188,0.235971,0.677638,-0.064225,0.277927,0.652108,-0.077291,0.168821,0.554128,-0.024123,0.201141,0.474936,-0.043236,0.215518,0.423677,-0.060120,0.226252,0.376052,-0.072700,0.133164,0.522544,-0.021651,0.158125,0.428466,-0.037785,0.170793,0.370596,-0.053146,0.178800,0.322284,-0.064358,0.095698,0.514006,-0.023240,0.111514,0.425390,-0.038999,0.121068,0.370551,-0.050895,0.128359,0.322932,-0.058752,0.056597,0.523202,-0.028405,0.064719,0.452647,-0.042993,0.069417,0.407033,-0.049438,0.074500,0.366042,-0.052704
4928,0,0.025487,0.023299,0.033025,1.503627,0.301293,0.057145,0.739574,0.000000,0.123715,0.739890,-0.033926,0.186155,0.710395,-0.050446,0.236120,0.677602,-0.064530,0.278462,0.652115,-0.077640,0.168682,0.553308,-0.023496,0.200825,0.474083,-0.042496,0.215007,0.422815,-0.059393,0.225726,0.375105,-0.071971,0.132835,0.522240,-0.020905,0.157844,0.428246,-0.036938,0.170370,0.370176,-0.052395,0.178382,0.321694,-0.063645,0.095306,0.513955,-0.022477,0.111270,0.425531,-0.038289,0.120770,0.370670,-0.050225,0.128034,0.322969,-0.058108,0.056206,0.523294,-0.027615,0.064646,0.452909,-0.042275,0.069343,0.407348,-0.048763,0.074424,0.366215,-0.052041
4980,0,0.020135,0.022297,0.078319,1.494340,0.301784,0.056854,0.739976,0.000000,0.122970,0.741183,-0.034278,0.185414,0.710352,-0.050653,0.235892,0.676978,-0.064479,0.278381,0.651946,-0.077331,0.168890,0.554259,-0.023775,0.201144,0.475043,-0.042765,0.215275,0.423396,-0.059560,0.225789,0.375741,-0.072101,0.133191,0.522689,-0.020884,0.157983,0.428711,-0.036848,0.170648,0.370592,-0.052159,0.178643,0.322076,-0.063371,0.095502,0.513926,-0.022180,0.111502,0.425690,-0.037912,0.120794,0.370879,-0.049811,0.128047,0.323568,-0.057699,0.056377,0.522879,-0.027077,0.064601,0.452536,-0.041679,0.069219,0.407117,-0.048260,0.074352,0.366208,-0.051672
5010,0,0.031281,0.048886,0.078844,1.504091,0.332841,0.057240,0.739132,0.000000,0.123121,0.740019,-0.033983,0.185679,0.710695,-0.050675,0.235571,0.678542,-0.064907,0.277941,0.653336,-0.078208,0.168929,0.554310,-0.024362,0.201249,0.475108,-0.043493,0.215509,0.423918,-0.060385,0.226136,0.376283,-0.072932,0.133163,0.522924,-0.021813,0.158429,0.428744,-0.037863,0.170854,0.370829,-0.053158,0.178667,0.322711,-0.064375,0.095544,0.514257,-0.023387,0.111429,0.425631,-0.039015,0.120819,0.370918,-0.050853,0.128085,0.323448,-0.058745,0.056070,0.523487,-0.028508,0.064134,0.452730,-0.042961,0.068922,0.407350,-0.049345,0.074274,0.366314,-0.052582
5041,0,0.024212,0.054371,0.040716,1.509933,0.297335,0.057960,0.740595,0.000000,0.123927,0.739955,-0.033929,0.186212,0.710193,-0.050474,0.236115,0.677771,-0.064541,0.278135,0.652459,-0.077724,0.168794,0.553499,-0.023998,0.200859,0.474984,-0.043131,0.215215,0.423990,-0.060162,0.225976,0.376458,-0.072902,0.132986,0.522523,-0.021610,0.157940,0.428391,-0.037800,0.170526,0.370516,-0.053349,0.178775,0.322115,-0.064762,0.095523,0.514549,-0.023379,0.111245,0.426039,-0.039371,0.120578,0.371112,-0.051536,0.128169,0.323234,-0.059631,0.056209,0.524433,-0.028710,0.064503,0.453363,-0.043661,0.069143,0.407370,-0.050430,0.074284,0.365670,-0.053924
5073,0,0.032942,0.055596,0.063956,1.495102,0.329420,0.057719,0.739357,0.000000,0.123418,0.740259,-0.034456,0.185610,0.710535,-0.051340,0.236250,0.677985,-0.065761,0.278828,0.652315,-0.079162,0.169347,0.554230,-0.024427,0.201821,0.475206,-0.043863,0.215927,0.423909,-0.061013,0.226418,0.376208,-0.073748,0.133621,0.522921,-0.021754,0.158760,0.429070,-0.038139,0.170991,0.371061,-0.053691,0.178639,0.322524,-0.065007,0.095852,0.514379,-0.023251,0.111696,0.426011,-0.039270,0.120877,0.371324,-0.051073,0.128005,0.323821,-0.058883,0.056451,0.523425,-0.028399,0.064699,0.453101,-0.042975,0.069555,0.408047,-0.049254,0.075002,0.367335,-0.052449
5102,0,0.046736,0.047361,0.057280,1.476094,0.318740,0.057671,0.739076,0.000000,0.124389,0.740123,-0.033714,0.186255,0.710913,-0.050051,0.236297,0.677945,-0.064023,0.278599,0.652595,-0.076978,0.169389,0.554297,-0.023213,0.201765,0.475189,-0.042048,0.216146,0.424035,-0.058761,0.226875,0.376516,-0.071318,0.133825,0.522692,-0.020615,0.158975,0.429165,-0.036543,0.171552,0.371221,-0.051908,0.179392,0.323014,-0.063139,0.096364,0.513916,-0.022163,0.112345,0.425426,-0.037914,0.121550,0.370772,-0.049874,0.128581,0.323513,-0.057833,0.057374,0.522561,-0.027258,0.065508,0.452281,-0.041938,0.069934,0.406605,-0.048592,0.074677,0.365521,-0.052041
5136,0,0.027896,0.028830,0.034910,1.482428,0.325374,0.058013,0.739462,0.000000,0.124428,0.740067,-0.033848,0.186292,0.711008,-0.050462,0.236282,0.678339,-0.064735,0.278904,0.653088,-0.077991,0.169687,0.554283,-0.023530,0.202139,0.475293,-0.042685,0.216414,0.424205,-0.059653,0.227322,0.376820,-0.072335,0.133995,0.522709,-0.021089,0.159176,0.429042,-0.037427,0.171688,0.371079,-0.053113,0.179734,0.322494,-0.064514,0.096506,0.514028,-0.022801,0.112523,0.425797,-0.038951,0.121972,0.370686,-0.051169,0.129494,0.323125,-0.059211,0.057280,0.522842,-0.028037,0.065616,0.452283,-0.043039,0.070219,0.406516,-0.049799,0.075451,0.365330,-0.053202
5171,0,0.051918,0.045250,0.067729,1.438567,0.298043,0.059249,0.739997,0.000000,0.124848,0.739909,-0.033732,0.187130,0.710521,-0.050079,0.237533,0.678386,-0.064058,0.279618,0.653715,-0.077020,0.170279,0.553815,-0.023004,0.202879,0.475005,-0.041740,0.217379,0.424415,-0.058573,0.228194,0.377546,-0.071137,0.134584,0.522945,-0.020438,0.159951,0.429284,-0.036121,0.172227,0.371320,-0.051583,0.179890,0.323177,-0.062908,0.097109,0.514576,-0.022042,0.113374,0.426627,-0.037404,0.122654,0.371775,-0.049327,0.129793,0.324658,-0.057334,0.057530,0.523483,-0.027207,0.066120,0.453028,-0.041341,0.071006,0.407824,-0.047646,0.076333,0.367084,-0.050919
5201,0,0.046497,0.038238,0.054735,1.414413,0.290842,0.059851,0.741378,0.000000,0.126475,0.741160,-0.032653,0.189047,0.710831,-0.048581,0.238983,0.678600,-0.062298,0.280878,0.654041,-0.075173,0.171350,0.554797,-0.022510,0.203588,0.475720,-0.041170,0.218155,0.424870,-0.057917,0.229018,0.377846,-0.070350,0.135428,0.524034,-0.020574,0.160568,0.429631,-0.036259,0.172957,0.371669,-0.051546,0.180717,0.323682,-0.062652,0.097856,0.515615,-0.022676,0.113714,0.426641,-0.038007,0.123273,0.371803,-0.049688,0.130678,0.324376,-0.057431,0.058366,0.524986,-0.028251,0.066925,0.453964,-0.042321,0.071860,0.408427,-0.048360,0.077377,0.367432,-0.051369
5234,0,0.040563,0.074544,0.068062,1.417112,0.345560,0.058269,0.740548,0.000000,0.125341,0.740986,-0.033209,0.188496,0.711307,-0.049381,0.238711,0.678698,-0.063313,0.281249,0.654440,-0.076357,0.171743,0.555389,-0.022849,0.204192,0.476804,-0.041905,0.218513,0.425839,-0.058920,0.229140,0.378197,-0.071654,0.135984,0.523818,-0.020820,0.161453,0.429938,-0.036958,0.173790,0.372171,-0.052531,0.181571,0.323257,-0.063934,0.098373,0.515164,-0.022916,0.114599,0.426970,-0.038777,0.123773,0.371919,-0.050757,0.130963,0.323784,-0.058698,0.058822,0.523925,-0.028528,0.067587,0.453432,-0.043014,0.072759,0.408107,-0.049337,0.078316,0.367005,-0.052576
5267,0,0.045542,0.062482,0.047041,1.393124,0.359427,0.058595,0.738820,0.000000,0.124947,0.740689,-0.034299,0.188161,0.712267,-0.050794,0.238830,0.680107,-0.064780,0.281611,0.655671,-0.077790,0.171666,0.555651,-0.023022,0.204402,0.477034,-0.041870,0.218811,0.426017,-0.058742,0.229433,0.378436,-0.071307,0.136173,0.523906,-0.020180,0.161558,0.430386,-0.036053,0.174044,0.372530,-0.051593,0.181975,0.324094,-0.062960,0.098806,0.514552,-0.021568,0.115207,0.426569,-0.037274,0.124476,0.371888,-0.049329,0.131413,0.324439,-0.057321,0.059719,0.522419,-0.026596,0.068050,0.452161,-0.041093,0.072618,0.406648,-0.047686,0.077599,0.365620,-0.051149
5299,0,0.028429,0.049691,0.051990,1.383084,0.329590,0.060132,0.739995,0.000000,0.126442,0.741053,-0.033777,0.188931,0.712342,-0.050169,0.238965,0.680717,-0.064156,0.281079,0.656071,-0.077129,0.172371,0.554884,-0.022878,0.204666,0.476614,-0.041565,0.218952,0.425878,-0.058420,0.229783,0.378542,-0.071084,0.136906,0.523477,-0.020319,0.162112,0.430287,-0.036115,0.174688,0.372663,-0.051537,0.182593,0.324302,-0.062877,0.099602,0.514568,-0.021952,0.115806,0.426599,-0.037594,0.124924,0.371954,-0.049551,0.131902,0.324402,-0.057494,0.060306,0.523021,-0.027158,0.068898,0.452300,-0.041675,0.073642,0.406327,-0.048227,0.078789,0.364812,-0.051625
5352,0,0.036015,0.039231,0.045989,1.392777,0.338363,0.060022,0.740511,0.000000,0.126588,0.740608,-0.033025,0.189173,0.711336,-0.049206,0.239646,0.679508,-0.063132,0.282098,0.655087,-0.076174,0.172523,0.555066,-0.022680,0.204914,0.476839,-0.041535,0.219500,0.426114,-0.058490,0.230356,0.378749,-0.071134,0.136884,0.523762,-0.020668,0.162279,0.430144,-0.036716,0.174860,0.372369,-0.052345,0.183173,0.323787,-0.063795,0.099334,0.515104,-0.022746,0.115737,0.426801,-0.038595,0.125120,0.371787,-0.050753,0.132457,0.323729,-0.058844,0.059819,0.524031,-0.028339,0.068690,0.453503,-0.043016,0.073772,0.407554,-0.049648,0.079311,0.365984,-0.053096
5380,0,0.055056,0.086873,0.075132,1.386742,0.382638,0.059073,0.738809,0.000000,0.124793,0.740785,-0.035026,0.187778,0.712035,-0.051886,0.238997,0.680124,-0.066153,0.282177,0.655636,-0.079357,0.172618,0.555979,-0.023993,0.205209,0.477660,-0.043223,0.219444,0.426575,-0.060437,0.229748,0.378523,-0.073242,0.137336,0.523836,-0.020892,0.162602,0.430519,-0.037020,0.174925,0.372537,-0.052727,0.182633,0.323392,-0.064203,0.099882,0.514225,-0.022066,0.116334,0.426993,-0.037795,0.125426,0.372285,-0.049803,0.132309,0.324551,-0.057779,0.060644,0.521728,-0.026962,0.069354,0.451975,-0.041251,0.074141,0.406987,-0.047632,0.079227,0.366178,-0.050955
5408,0,0.071875,0.077842,0.087147,1.351015,0.333135,0.060093,0.740070,0.000000,0.126682,0.740726,-0.033241,0.189520,0.712004,-0.049134,0.239460,0.680234,-0.062686,0.281779,0.656254,-0.075224,0.173759,0.554484,-0.021686,0.206187,0.476478,-0.039819,0.220219,0.425947,-0.056462,0.230817,0.378719,-0.068999,0.138161,0.523423,-0.019214,0.163342,0.430546,-0.034544,0.175647,0.372779,-0.050061,0.183572,0.324260,-0.061495,0.100545,0.514778,-0.020903,0.116960,0.426834,-0.036288,0.126083,0.372117,-0.048560,0.133046,0.324066,-0.056771,0.061148,0.523243,-0.026090,0.069845,0.452692,-0.040548,0.074509,0.406802,-0.047280,0.079754,0.365077,-0.050811
5440,0,0.070325,0.076124,0.047461,1.347962,0.360440,0.061679,0.740013,0.000000,0.128217,0.740992,-0.033826,0.190395,0.712195,-0.050208,0.240261,0.680403,-0.064288,0.282887,0.656293,-0.077438,0.174056,0.555311,-0.022669,0.206476,0.477830,-0.041663,0.220462,0.427328,-0.058754,0.231107,0.379902,-0.071682,0.138573,0.523923,-0.020311,0.163679,0.431144,-0.036638,0.176260,0.373729,-0.052555,0.184333,0.325148,-0.064244,0.101011,0.515369,-0.022204,0.117211,0.427500,-0.038630,0.126640,0.372653,-0.051182,0.134240,0.324500,-0.059506,0.061716,0.524406,-0.027628,0.070163,0.453770,-0.042903,0.075148,0.408222,-0.049987,0.080918,0.366551,-0.053750
5474,0,0.042797,0.054130,0.045615,1.331865,0.361797,0.061006,0.739327,0.000000,0.127566,0.741301,-0.033855,0.190169,0.712703,-0.050198,0.240489,0.680359,-0.064137,0.283184,0.656058,-0.077106,0.174073,0.555739,-0.022519,0.206907,0.477820,-0.041288,0.221192,0.427238,-0.058226,0.231850,0.380170,-0.070886,0.138724,0.523517,-0.019872,0.164281,0.430654,-0.035774,0.176734,0.373454,-0.051345,0.184447,0.325427,-0.062681,0.101385,0.514056,-0.021438,0.117965,0.426482,-0.037141,0.127287,0.371861,-0.049184,0.134153,0.324437,-0.057168,0.062069,0.522137,-0.026577,0.070866,0.452331,-0.041089,0.075795,0.407003,-0.047640,0.081113,0.366002,-0.050992
5503,0,0.028354,0.031903,0.051646,1.325971,0.342849,0.061407,0.739757,0.000000,0.127673,0.741071,-0.033133,0.190596,0.712073,-0.049125,0.240984,0.680343,-0.062820,0.283515,0.656285,-0.075499,0.174287,0.555116,-0.021779,0.206949,0.477380,-0.040157,0.221156,0.427155,-0.056768,0.231464,0.380259,-0.069270,0.139072,0.523712,-0.019405,0.164688,0.430879,-0.034834,0.177083,0.373592,-0.050097,0.184680,0.325503,-0.061407,0.101715,0.514418,-0.021227,0.118194,0.426740,-0.036623,0.127285,0.372017,-0.048595,0.134017,0.324570,-0.056591,0.062375,0.522510,-0.026551,0.071055,0.451986,-0.040864,0.075773,0.406161,-0.047447,0.080804,0.364844,-0.050892
5537,0,0.059156,0.063282,0.048895,1.339112,0.391594,0.061352,0.739469,0.000000,0.128292,0.740670,-0.033462,0.191102,0.711892,-0.049685,0.241237,0.679897,-0.063565,0.283772,0.655755,-0.076606,0.174710,0.555541,-0.023008,0.207450,0.478211,-0.042038,0.221525,0.427765,-0.059057,0.231731,0.380572,-0.071787,0.139256,0.524262,-0.020765,0.165057,0.431497,-0.036999,0.177249,0.374158,-0.052647,0.185028,0.325856,-0.064140,0.101681,0.515530,-0.022677,0.118342,0.427517,-0.038877,0.127609,0.372576,-0.051144,0.134805,0.324576,-0.059278,0.062012,0.524116,-0.028092,0.070949,0.453532,-0.043143,0.076073,0.407751,-0.049995,0.081604,0.366015,-0.053619
5569,0,0.032807,0.033845,0.046849,1.322916,0.371474,0.061898,0.739576,0.000000,0.127958,0.740966,-0.033491,0.190468,0.712326,-0.049862,0.241093,0.680923,-0.063850,0.283607,0.656995,-0.076911,0.174773,0.555764,-0.022791,0.207880,0.478028,-0.041632,0.222043,0.427729,-0.058510,0.232118,0.380831,-0.071086,0.139262,0.524062,-0.020331,0.165099,0.431063,-0.036271,0.177557,0.373873,-0.051715,0.185260,0.326153,-0.063055,0.101836,0.515026,-0.022030,0.118665,0.426816,-0.037793,0.128136,0.372177,-0.049906,0.135147,0.325053,-0.057893,0.062343,0.523099,-0.027225,0.071296,0.452383,-0.041853,0.076451,0.406663,-0.048582,0.082038,0.365528,-0.052068