t,missing,delta_l1,delta_l1_wrist,delta_angles,delta_base_l1,delta_base_l1_wrist,x0,y0,z0,x1,y1,z1,x2,y2,z2,x3,y3,z3,x4,y4,z4,x5,y5,z5,x6,y6,z6,x7,y7,z7,x8,y8,z8,x9,y9,z9,x10,y10,z10,x11,y11,z11,x12,y12,z12,x13,y13,z13,x14,y14,z14,x15,y15,z15,x16,y16,z16,x17,y17,z17,x18,y18,z18,x19,y19,z19,x20,y20,z20
36,0,,,,0.000000,0.000000,0.204657,0.730069,0.000000,0.256828,0.728483,-0.029882,0.302732,0.699688,-0.044319,0.339088,0.667449,-0.056381,0.372058,0.647062,-0.067863,0.283571,0.574664,-0.025696,0.303407,0.508916,-0.041893,0.310101,0.464185,-0.055766,0.312280,0.422154,-0.066906,0.253208,0.553158,-0.022775,0.259205,0.478510,-0.037895,0.255710,0.432583,-0.050880,0.248430,0.392535,-0.060550,0.222758,0.550798,-0.022963,0.221987,0.482229,-0.037758,0.216599,0.440880,-0.047634,0.209499,0.402249,-0.054263,0.192463,0.564275,-0.026140,0.184034,0.510226,-0.040458,0.177000,0.476075,-0.047292,0.171011,0.442767,-0.051017
63,0,0.025030,0.023982,0.059680,0.025030,0.023982,0.204510,0.730742,0.000000,0.257045,0.729060,-0.030201,0.303074,0.700771,-0.044934,0.338849,0.668276,-0.057226,0.371842,0.647305,-0.068972,0.283354,0.575716,-0.026325,0.303497,0.509239,-0.042783,0.310180,0.464419,-0.056850,0.312111,0.421965,-0.068050,0.253059,0.553994,-0.023269,0.259243,0.478653,-0.038515,0.255735,0.432305,-0.051660,0.248483,0.391784,-0.061392,0.222740,0.551404,-0.023321,0.221963,0.482535,-0.038208,0.216502,0.441044,-0.048109,0.209313,0.402578,-0.054699,0.192564,0.564449,-0.026377,0.184259,0.510483,-0.040734,0.177029,0.476510,-0.047495,0.170655,0.443433,-0.051080
95,0,0.034030,0.039048,0.080717,0.025333,0.024167,0.205197,0.730587,0.000000,0.257335,0.728672,-0.029155,0.303218,0.699593,-0.043322,0.339337,0.667798,-0.055230,0.372345,0.647858,-0.066660,0.283888,0.574919,-0.025100,0.303659,0.509024,-0.041235,0.310133,0.464536,-0.055093,0.311985,0.422331,-0.066215,0.253482,0.553732,-0.022619,0.259381,0.478535,-0.037573,0.255539,0.432459,-0.050508,0.248104,0.392067,-0.060192,0.222981,0.551530,-0.023184,0.222248,0.482833,-0.037813,0.216691,0.441590,-0.047462,0.209472,0.402711,-0.053998,0.192786,0.565237,-0.026708,0.184415,0.510960,-0.040824,0.177191,0.477070,-0.047360,0.170993,0.443695,-0.050884
129,0,0.025876,0.038094,0.079407,0.023656,0.020633,0.204220,0.730848,0.000000,0.256818,0.729038,-0.030068,0.302790,0.700877,-0.044785,0.338734,0.668495,-0.057127,0.371869,0.647794,-0.068922,0.283646,0.575472,-0.025504,0.303738,0.509649,-0.041845,0.310517,0.465064,-0.055999,0.312663,0.422842,-0.067349,0.253424,0.553710,-0.022649,0.259400,0.478669,-0.037845,0.255506,0.432579,-0.051144,0.248011,0.392247,-0.061059,0.223166,0.551240,-0.022923,0.222284,0.482747,-0.037811,0.216581,0.441439,-0.047725,0.209248,0.402823,-0.054392,0.192958,0.564835,-0.026222,0.184416,0.510744,-0.040580,0.177042,0.476856,-0.047315,0.170654,0.443616,-0.050973
161,0,0.027303,0.033412,0.061572,0.030228,0.027605,0.204938,0.730087,0.000000,0.257408,0.728261,-0.029967,0.302971,0.700103,-0.044694,0.338800,0.668255,-0.057091,0.371881,0.647676,-0.068941,0.283450,0.575432,-0.026165,0.303564,0.509496,-0.042810,0.310349,0.464783,-0.056954,0.312443,0.422536,-0.068188,0.253297,0.553717,-0.023323,0.259554,0.478404,-0.038837,0.256083,0.432237,-0.052091,0.248916,0.391622,-0.061920,0.222958,0.551139,-0.023563,0.222277,0.482467,-0.038700,0.216953,0.441146,-0.048598,0.209862,0.402524,-0.055208,0.192778,0.564434,-0.026799,0.184372,0.510291,-0.041337,0.177226,0.476175,-0.048118,0.171026,0.442852,-0.051749
192,0,0.018691,0.028670,0.027216,0.022078,0.019211,0.204505,0.730618,0.000000,0.256866,0.728801,-0.029860,0.302990,0.700195,-0.044380,0.339109,0.668138,-0.056577,0.371962,0.647680,-0.068261,0.283588,0.575417,-0.025641,0.303568,0.509435,-0.042057,0.310304,0.464772,-0.056099,0.312350,0.422666,-0.067305,0.253332,0.553888,-0.022908,0.259469,0.478174,-0.038128,0.256046,0.431851,-0.051282,0.248879,0.391362,-0.061053,0.222955,0.551451,-0.023283,0.222296,0.482455,-0.038128,0.216882,0.441131,-0.047968,0.209855,0.402424,-0.054561,0.192753,0.564982,-0.026666,0.184412,0.510826,-0.040930,0.177307,0.476752,-0.047592,0.171239,0.443352,-0.051145
223,0,0.030368,0.042002,0.046784,0.020835,0.041369,0.203395,0.729870,0.000000,0.256285,0.727784,-0.029560,0.302532,0.699521,-0.043937,0.338788,0.667624,-0.056070,0.371949,0.647456,-0.067654,0.283310,0.574285,-0.024865,0.303403,0.508437,-0.041161,0.310375,0.464034,-0.055247,0.312778,0.422095,-0.066488,0.253026,0.552909,-0.022157,0.259365,0.478090,-0.037288,0.255988,0.432141,-0.050518,0.249024,0.391808,-0.060319,0.222686,0.550736,-0.022603,0.222414,0.482275,-0.037425,0.217126,0.440991,-0.047262,0.210082,0.402181,-0.053876,0.192427,0.564395,-0.026013,0.184241,0.510391,-0.040304,0.177295,0.476399,-0.046987,0.171284,0.443036,-0.050552
271,0,0.019502,0.043425,0.063453,0.019007,0.014835,0.204958,0.729857,0.000000,0.257191,0.727822,-0.029617,0.302684,0.699484,-0.044101,0.338171,0.667584,-0.056290,0.371252,0.647286,-0.067932,0.283477,0.574300,-0.025355,0.303333,0.508255,-0.041738,0.310285,0.463770,-0.055742,0.312604,0.421919,-0.066870,0.253021,0.552905,-0.022598,0.259518,0.477824,-0.037835,0.256404,0.432016,-0.050949,0.249606,0.392068,-0.060604,0.222577,0.550609,-0.022975,0.222341,0.481783,-0.037869,0.217117,0.440449,-0.047696,0.210335,0.402074,-0.054236,0.192358,0.564236,-0.026296,0.184250,0.509688,-0.040643,0.177277,0.475440,-0.047388,0.171440,0.441931,-0.050983
304,0,0.049444,0.075760,0.099946,0.056133,0.074218,0.203344,0.729804,0.000000,0.256312,0.728367,-0.029063,0.302363,0.699823,-0.043004,0.338463,0.667587,-0.054807,0.371484,0.647218,-0.066063,0.283580,0.574621,-0.023794,0.303307,0.508559,-0.039514,0.309985,0.464135,-0.053165,0.312138,0.422527,-0.064113,0.253313,0.552902,-0.021263,0.259467,0.477301,-0.035785,0.256512,0.430977,-0.048683,0.249968,0.390815,-0.058228,0.222928,0.550438,-0.021861,0.222187,0.481539,-0.036264,0.217140,0.439784,-0.046049,0.210700,0.400920,-0.052583,0.192817,0.564153,-0.025402,0.184594,0.509919,-0.039412,0.177689,0.475653,-0.046015,0.172041,0.442322,-0.049538
334,0,0.040111,0.058522,0.095709,0.041075,0.048571,0.204486,0.730518,0.000000,0.256759,0.728587,-0.029439,0.302503,0.700041,-0.043772,0.338628,0.668104,-0.055823,0.371755,0.648128,-0.067324,0.283479,0.574000,-0.024873,0.303834,0.508326,-0.041060,0.310719,0.463895,-0.055033,0.313180,0.422130,-0.066156,0.253184,0.552559,-0.022212,0.259789,0.477435,-0.037181,0.256684,0.431306,-0.050192,0.250080,0.391146,-0.059839,0.222726,0.550353,-0.022659,0.222649,0.481206,-0.037352,0.217707,0.439783,-0.047034,0.211238,0.401185,-0.053488,0.192401,0.563922,-0.026075,0.184265,0.509151,-0.040236,0.177606,0.474459,-0.046794,0.172238,0.440592,-0.050261
368,0,0.026398,0.052415,0.082661,0.054322,0.085079,0.202904,0.730480,0.000000,0.256187,0.728589,-0.029120,0.302227,0.700210,-0.043353,0.338441,0.668331,-0.055455,0.371826,0.648198,-0.067041,0.283324,0.575161,-0.024358,0.303771,0.509089,-0.040362,0.310496,0.464671,-0.054114,0.312915,0.423036,-0.065081,0.253086,0.553162,-0.021849,0.260075,0.477703,-0.036580,0.257792,0.431057,-0.049439,0.251996,0.390645,-0.059031,0.222761,0.550701,-0.022450,0.222476,0.481477,-0.037027,0.217942,0.439502,-0.046791,0.212081,0.400780,-0.053289,0.192620,0.564309,-0.025974,0.184445,0.509785,-0.040190,0.177588,0.475030,-0.046860,0.172044,0.441244,-0.050367
397,0,0.019069,0.041130,0.095525,0.058288,0.071617,0.204188,0.730640,0.000000,0.256302,0.728600,-0.028903,0.302352,0.699475,-0.042863,0.338765,0.667730,-0.054672,0.371672,0.648037,-0.065965,0.283585,0.574281,-0.024341,0.303832,0.508336,-0.040350,0.311052,0.464015,-0.054122,0.313711,0.422377,-0.065070,0.253178,0.552884,-0.021931,0.260086,0.476732,-0.036666,0.257613,0.430392,-0.049508,0.251588,0.390172,-0.059045,0.222635,0.550638,-0.022602,0.222639,0.481158,-0.037079,0.217970,0.439118,-0.046823,0.211863,0.400195,-0.053330,0.192279,0.564403,-0.026183,0.184102,0.509441,-0.040247,0.177393,0.474618,-0.046823,0.172082,0.440675,-0.050334
434,0,0.036688,0.061209,0.083640,0.047253,0.063966,0.203212,0.729645,0.000000,0.255641,0.728326,-0.029490,0.302114,0.700088,-0.043933,0.338730,0.668307,-0.056150,0.371993,0.648373,-0.067780,0.283283,0.574778,-0.025245,0.303848,0.508793,-0.041483,0.310742,0.464417,-0.055218,0.313328,0.422752,-0.066089,0.252891,0.552875,-0.022639,0.260557,0.477410,-0.037479,0.258989,0.430822,-0.050214,0.253876,0.390083,-0.059705,0.222377,0.550584,-0.023140,0.222343,0.481475,-0.037859,0.217684,0.439548,-0.047626,0.211986,0.400876,-0.054148,0.192097,0.564149,-0.026608,0.183406,0.509570,-0.040896,0.176532,0.474634,-0.047626,0.171079,0.440728,-0.051180
464,0,0.019992,0.041626,0.083008,0.050811,0.052750,0.204228,0.730607,0.000000,0.256083,0.728628,-0.029412,0.301652,0.699844,-0.043799,0.338242,0.667862,-0.055935,0.371557,0.648032,-0.067487,0.283088,0.575561,-0.025595,0.303695,0.509121,-0.041977,0.310784,0.464583,-0.055695,0.313568,0.422706,-0.066490,0.252741,0.553689,-0.022965,0.261062,0.477952,-0.037886,0.259914,0.430913,-0.050572,0.254921,0.389837,-0.059992,0.222254,0.551079,-0.023430,0.222279,0.481614,-0.038127,0.217764,0.439290,-0.047925,0.211973,0.400162,-0.054457,0.191839,0.564540,-0.026816,0.183475,0.509629,-0.041015,0.176651,0.474686,-0.047684,0.171340,0.440835,-0.051191
499,0,0.023943,0.030925,0.066192,0.051578,0.054708,0.203649,0.730443,0.000000,0.255730,0.728914,-0.029773,0.301556,0.700721,-0.044401,0.337870,0.668707,-0.056758,0.371549,0.648551,-0.068460,0.283388,0.576008,-0.025539,0.303975,0.509607,-0.041682,0.310772,0.465008,-0.055278,0.313218,0.423328,-0.066085,0.252883,0.553987,-0.022803,0.260866,0.478450,-0.037552,0.259794,0.431715,-0.050252,0.255098,0.391164,-0.059752,0.222177,0.551474,-0.023181,0.222075,0.482085,-0.037896,0.217495,0.439868,-0.047843,0.211812,0.400941,-0.054555,0.191930,0.564878,-0.026520,0.183275,0.510188,-0.040890,0.176082,0.475368,-0.047774,0.170397,0.441460,-0.051457
537,0,0.030474,0.047790,0.034336,0.065033,0.068773,0.204105,0.731428,0.000000,0.256706,0.729366,-0.029110,0.302589,0.700660,-0.043038,0.338594,0.668646,-0.054751,0.371352,0.648784,-0.065880,0.283405,0.575882,-0.024799,0.303851,0.509895,-0.040565,0.310745,0.465320,-0.053961,0.313322,0.423489,-0.064643,0.252839,0.554029,-0.022189,0.260967,0.478470,-0.036512,0.259792,0.431667,-0.048912,0.255056,0.391129,-0.058220,0.222193,0.551748,-0.022670,0.222020,0.482157,-0.037062,0.217448,0.439819,-0.046920,0.211843,0.400878,-0.053549,0.191833,0.565301,-0.026053,0.183267,0.510417,-0.040256,0.176331,0.475503,-0.047091,0.170895,0.441512,-0.050767
577,0,0.029690,0.058462,0.051987,0.056328,0.073676,0.202936,0.730652,0.000000,0.255873,0.729266,-0.029495,0.301843,0.700819,-0.043828,0.338422,0.668915,-0.055923,0.371827,0.649083,-0.067431,0.283126,0.576434,-0.025394,0.303776,0.509984,-0.041485,0.310770,0.465190,-0.055027,0.313509,0.423366,-0.065777,0.252809,0.554459,-0.022672,0.261053,0.478953,-0.037385,0.260235,0.432202,-0.049996,0.255804,0.391569,-0.059403,0.222214,0.551823,-0.023051,0.222115,0.482498,-0.037799,0.217660,0.440282,-0.047688,0.212195,0.401643,-0.054234,0.192106,0.564985,-0.026394,0.183308,0.509985,-0.040796,0.176271,0.475035,-0.047653,0.170859,0.441214,-0.051305
613,0,0.035257,0.035856,0.065444,0.063710,0.074118,0.203293,0.730334,0.000000,0.255243,0.728878,-0.029152,0.301602,0.700007,-0.043050,0.338627,0.668358,-0.054697,0.371667,0.648798,-0.065795,0.283012,0.575321,-0.024789,0.303464,0.509010,-0.040645,0.310372,0.464551,-0.054113,0.313076,0.422793,-0.064798,0.252600,0.553790,-0.022109,0.260747,0.478292,-0.036556,0.259715,0.431538,-0.049166,0.254771,0.390938,-0.058511,0.221954,0.551319,-0.022539,0.221943,0.481982,-0.036934,0.217414,0.439552,-0.046829,0.211737,0.400460,-0.053460,0.191498,0.564824,-0.025888,0.183326,0.509979,-0.039958,0.176509,0.475014,-0.046795,0.171202,0.441143,-0.050437
643,0,0.033147,0.034466,0.065028,0.055876,0.062346,0.203716,0.730989,0.000000,0.255756,0.728941,-0.029678,0.301716,0.700873,-0.044198,0.338155,0.669052,-0.056399,0.371501,0.648841,-0.067982,0.283362,0.575974,-0.025467,0.303695,0.509570,-0.041689,0.310556,0.465106,-0.055403,0.313342,0.423354,-0.066229,0.252960,0.553885,-0.022701,0.261095,0.478281,-0.037428,0.260024,0.431502,-0.050041,0.255409,0.390923,-0.059458,0.222271,0.551274,-0.023096,0.222267,0.481883,-0.037703,0.217981,0.439745,-0.047463,0.212631,0.400910,-0.053959,0.191686,0.564729,-0.026464,0.183338,0.509452,-0.040658,0.176631,0.474322,-0.047395,0.171478,0.440141,-0.050969
673,0,0.016342,0.019025,0.037263,0.057426,0.056620,0.203911,0.730899,0.000000,0.255914,0.729299,-0.029678,0.301951,0.701080,-0.044129,0.338196,0.669150,-0.056290,0.371638,0.648692,-0.067865,0.283306,0.576337,-0.025578,0.303602,0.510204,-0.041856,0.310555,0.465608,-0.055497,0.313284,0.423822,-0.066314,0.252770,0.554390,-0.022840,0.261012,0.478837,-0.037653,0.260199,0.432108,-0.050330,0.255879,0.391462,-0.059769,0.222008,0.551830,-0.023253,0.222098,0.482519,-0.038032,0.217920,0.440137,-0.047919,0.212730,0.401095,-0.054533,0.191547,0.565151,-0.026629,0.183521,0.509807,-0.041029,0.176723,0.474745,-0.047919,0.171431,0.440604,-0.051570
703,0,0.021103,0.022831,0.034630,0.065680,0.067488,0.203946,0.731356,0.000000,0.255885,0.729389,-0.029375,0.302130,0.700716,-0.043358,0.338733,0.668738,-0.055107,0.371702,0.648718,-0.066239,0.283146,0.576840,-0.025097,0.303332,0.510384,-0.041124,0.310381,0.465742,-0.054626,0.313220,0.423910,-0.065311,0.252850,0.554787,-0.022469,0.261210,0.479062,-0.037070,0.260447,0.432118,-0.049645,0.256155,0.391384,-0.059024,0.222412,0.552258,-0.022984,0.222341,0.482618,-0.037654,0.218188,0.440153,-0.047618,0.212907,0.401036,-0.054248,0.192087,0.565462,-0.026420,0.183922,0.510230,-0.040815,0.177131,0.474975,-0.047755,0.171805,0.440774,-0.051466
732,0,0.028239,0.051619,0.091069,0.063006,0.087760,0.202697,0.730535,0.000000,0.254899,0.728698,-0.030232,0.301302,0.701325,-0.044815,0.338572,0.669643,-0.056956,0.372151,0.649279,-0.068443,0.283162,0.576466,-0.025520,0.303762,0.510295,-0.041616,0.310690,0.465692,-0.055271,0.313216,0.423729,-0.066105,0.252917,0.554099,-0.022442,0.261320,0.479086,-0.037076,0.260531,0.432228,-0.049768,0.256144,0.391396,-0.059295,0.222422,0.551224,-0.022579,0.222524,0.482214,-0.037248,0.218263,0.440112,-0.047222,0.212981,0.401181,-0.053895,0.191893,0.564186,-0.025744,0.183785,0.509542,-0.040137,0.176893,0.474820,-0.047085,0.171481,0.440689,-0.050834
767,0,0.023576,0.035444,0.071622,0.060395,0.063513,0.203710,0.730873,0.000000,0.255657,0.729555,-0.029905,0.301814,0.701629,-0.044214,0.338798,0.669565,-0.056135,0.371899,0.649169,-0.067437,0.282923,0.576967,-0.025869,0.303653,0.510497,-0.042049,0.310932,0.465825,-0.055688,0.313920,0.423722,-0.066441,0.252705,0.554811,-0.022914,0.261249,0.479175,-0.037583,0.260611,0.432120,-0.050157,0.256318,0.391109,-0.059570,0.222208,0.552175,-0.023086,0.222483,0.482625,-0.037721,0.218262,0.440158,-0.047615,0.213012,0.401009,-0.054245,0.191856,0.565189,-0.026247,0.183777,0.510491,-0.040572,0.176973,0.475648,-0.047443,0.171757,0.441630,-0.051153
800,0,0.015349,0.017285,0.061388,0.063894,0.074367,0.203610,0.730948,0.000000,0.255905,0.728987,-0.029768,0.302208,0.701092,-0.044154,0.338547,0.669390,-0.056240,0.371765,0.649427,-0.067674,0.283659,0.576755,-0.025493,0.303984,0.510578,-0.041682,0.311067,0.466048,-0.055347,0.313857,0.424197,-0.066128,0.253206,0.554540,-0.022730,0.261660,0.478883,-0.037390,0.261102,0.431881,-0.049991,0.256867,0.391164,-0.059365,0.222507,0.552111,-0.023107,0.222566,0.482378,-0.037837,0.218331,0.440014,-0.047759,0.213125,0.400841,-0.054317,0.191860,0.565542,-0.026472,0.183966,0.510267,-0.040824,0.177291,0.475207,-0.047691,0.172064,0.441040,-0.051330
835,0,0.020049,0.014823,0.051056,0.061312,0.072775,0.203459,0.730681,0.000000,0.255965,0.729020,-0.029930,0.301819,0.700976,-0.044380,0.338394,0.669111,-0.056489,0.371851,0.648857,-0.067980,0.283094,0.575902,-0.025441,0.303637,0.509691,-0.041593,0.310815,0.465244,-0.055251,0.313846,0.423308,-0.066122,0.252870,0.553930,-0.022517,0.261387,0.478711,-0.037086,0.260832,0.431629,-0.049747,0.256532,0.390568,-0.059276,0.222322,0.551454,-0.022792,0.222656,0.482099,-0.037430,0.218590,0.439821,-0.047373,0.213459,0.400614,-0.054047,0.192029,0.564838,-0.026077,0.183739,0.509616,-0.040458,0.177093,0.474428,-0.047407,0.172000,0.440196,-0.051157
862,0,0.025663,0.036944,0.061867,0.063974,0.066188,0.204351,0.730320,0.000000,0.256367,0.728896,-0.029299,0.302313,0.700181,-0.043364,0.338861,0.668085,-0.055160,0.372074,0.648427,-0.066405,0.283566,0.576245,-0.025499,0.303992,0.510002,-0.041611,0.310952,0.465636,-0.055057,0.313731,0.423930,-0.065717,0.253152,0.554128,-0.022903,0.261660,0.478505,-0.037553,0.261047,0.431375,-0.050036,0.256887,0.390448,-0.059355,0.222612,0.551743,-0.023402,0.222627,0.482311,-0.038103,0.218552,0.439856,-0.048041,0.213449,0.400570,-0.054644,0.192212,0.565295,-0.026823,0.183988,0.510198,-0.041267,0.177133,0.474966,-0.048213,0.171934,0.440736,-0.051996
896,0,0.027684,0.046875,0.054944,0.072773,0.084516,0.203832,0.731123,0.000000,0.256130,0.729077,-0.029290,0.302157,0.700350,-0.043471,0.338303,0.668345,-0.055386,0.371712,0.648432,-0.066683,0.283674,0.575810,-0.024672,0.304185,0.509562,-0.040553,0.311067,0.465170,-0.054082,0.313761,0.423517,-0.064795,0.253365,0.553884,-0.022079,0.261854,0.478258,-0.036535,0.260989,0.431355,-0.049103,0.256492,0.390605,-0.058511,0.222661,0.551503,-0.022611,0.222824,0.482006,-0.037085,0.218613,0.439834,-0.046939,0.213281,0.400777,-0.053498,0.192127,0.565037,-0.026097,0.184542,0.509952,-0.040244,0.177924,0.474789,-0.046974,0.172769,0.440680,-0.050614
930,0,0.021256,0.034643,0.059392,0.066287,0.085169,0.203491,0.730129,0.000000,0.256095,0.728896,-0.029536,0.302318,0.700451,-0.043752,0.338698,0.668406,-0.055690,0.372059,0.648535,-0.067008,0.283566,0.575829,-0.025223,0.304050,0.509357,-0.041267,0.311109,0.464962,-0.054793,0.313871,0.423183,-0.065524,0.253394,0.553667,-0.022428,0.261761,0.478337,-0.037092,0.261020,0.431462,-0.049755,0.256617,0.390758,-0.059210,0.222895,0.551198,-0.022773,0.223025,0.481913,-0.037472,0.218953,0.439644,-0.047409,0.213812,0.400692,-0.054034,0.192512,0.564392,-0.026051,0.184525,0.508779,-0.040474,0.177887,0.473398,-0.047444,0.172653,0.438890,-0.051205
958,0,0.014474,0.037019,0.067115,0.068238,0.069846,0.204507,0.730779,0.000000,0.256261,0.728873,-0.029343,0.302074,0.700305,-0.043558,0.338747,0.668275,-0.055522,0.372128,0.648389,-0.066867,0.283719,0.575842,-0.025097,0.304274,0.509537,-0.041117,0.311198,0.464979,-0.054697,0.313936,0.423056,-0.065458,0.253402,0.553897,-0.022415,0.261826,0.478182,-0.036992,0.260824,0.431261,-0.049540,0.256155,0.390470,-0.058891,0.222879,0.551350,-0.022845,0.223141,0.481802,-0.037301,0.219031,0.439490,-0.046996,0.213948,0.400530,-0.053459,0.192447,0.564737,-0.026248,0.184442,0.509639,-0.040327,0.177899,0.474487,-0.047031,0.173089,0.440071,-0.050606
992,0,0.015793,0.032924,0.079069,0.066154,0.083305,0.203445,0.730683,0.000000,0.255529,0.729008,-0.029856,0.301923,0.700895,-0.044285,0.338601,0.668821,-0.056372,0.372052,0.648943,-0.067770,0.283927,0.575870,-0.025207,0.304060,0.509522,-0.041323,0.311052,0.464978,-0.054995,0.313987,0.423099,-0.065876,0.253553,0.553783,-0.022366,0.261752,0.478427,-0.036985,0.260997,0.431700,-0.049691,0.256681,0.390875,-0.059230,0.222941,0.551214,-0.022711,0.223063,0.482307,-0.037329,0.218932,0.440003,-0.047212,0.213871,0.400765,-0.053789,0.192407,0.564552,-0.026051,0.184565,0.509378,-0.040290,0.178057,0.474201,-0.047074,0.173082,0.439641,-0.050725
1039,0,0.037015,0.037642,0.084670,0.056505,0.063385,0.203770,0.729716,0.000000,0.255349,0.728343,-0.029891,0.300966,0.699930,-0.044423,0.337880,0.668119,-0.056614,0.371366,0.648088,-0.068184,0.283046,0.575457,-0.025552,0.303625,0.509194,-0.042047,0.310908,0.464658,-0.055959,0.313855,0.422842,-0.066876,0.252871,0.553231,-0.022711,0.261017,0.477700,-0.037742,0.259749,0.430868,-0.050553,0.254825,0.390104,-0.060092,0.222503,0.550762,-0.023073,0.222716,0.481372,-0.037984,0.218393,0.438948,-0.047798,0.212899,0.399938,-0.054306,0.192157,0.564064,-0.026430,0.184134,0.509168,-0.040876,0.177584,0.473788,-0.047729,0.172587,0.439369,-0.051379
1072,0,0.029878,0.030348,0.048647,0.056978,0.059475,0.203675,0.729480,0.000000,0.255253,0.728090,-0.029494,0.300921,0.699223,-0.043803,0.337648,0.667066,-0.055861,0.371134,0.647066,-0.067302,0.282811,0.575342,-0.025114,0.303210,0.508530,-0.041398,0.310279,0.463649,-0.055106,0.313012,0.421585,-0.066030,0.252715,0.553454,-0.022382,0.260386,0.477662,-0.037310,0.258571,0.430932,-0.050124,0.253340,0.390387,-0.059675,0.222487,0.550951,-0.022777,0.222848,0.481797,-0.037481,0.218576,0.439544,-0.047204,0.213120,0.400611,-0.053697,0.192349,0.564182,-0.026161,0.184790,0.509355,-0.040402,0.178346,0.474077,-0.047170,0.173354,0.439694,-0.050777
1105,0,0.048511,0.047543,0.108778,0.073139,0.065751,0.204039,0.728851,0.000000,0.255378,0.726787,-0.029186,0.300802,0.696965,-0.043076,0.337720,0.664850,-0.054806,0.371203,0.645553,-0.065952,0.283131,0.573631,-0.024299,0.302641,0.507125,-0.040298,0.309428,0.462493,-0.054120,0.311944,0.420466,-0.065163,0.253165,0.552740,-0.021641,0.259737,0.478083,-0.036560,0.256747,0.432313,-0.049661,0.250257,0.392202,-0.059436,0.223014,0.550552,-0.022121,0.222995,0.482094,-0.036732,0.218444,0.440542,-0.046506,0.212520,0.401737,-0.053091,0.192860,0.563555,-0.025585,0.185073,0.508687,-0.039750,0.178534,0.473876,-0.046540,0.173367,0.439607,-0.050244
1133,0,0.081031,0.095431,0.250489,0.122613,0.128549,0.202463,0.726927,0.000000,0.253948,0.725406,-0.029501,0.299964,0.695246,-0.043723,0.337395,0.662430,-0.055762,0.371536,0.642737,-0.067119,0.283261,0.572420,-0.023567,0.302065,0.505514,-0.039698,0.307881,0.461124,-0.053954,0.309189,0.419424,-0.065380,0.253612,0.552346,-0.020668,0.259719,0.479601,-0.036595,0.254394,0.435771,-0.050442,0.245332,0.398060,-0.060434,0.223668,0.550033,-0.020992,0.223925,0.483033,-0.035947,0.218248,0.443697,-0.045633,0.210477,0.407188,-0.052010,0.193697,0.562504,-0.024385,0.186002,0.508590,-0.038471,0.179011,0.474659,-0.045189,0.172797,0.441280,-0.048770
1167,0,0.144580,0.164228,0.450405,0.220470,0.240326,0.203504,0.725126,0.000000,0.254512,0.724125,-0.029929,0.301234,0.693235,-0.044101,0.339175,0.660605,-0.056045,0.372101,0.640030,-0.067349,0.283691,0.571913,-0.023754,0.301607,0.503320,-0.039140,0.306487,0.459171,-0.053042,0.307556,0.418028,-0.064346,0.253779,0.553779,-0.020464,0.258402,0.482588,-0.038229,0.248624,0.442325,-0.053211,0.235076,0.410748,-0.063198,0.223724,0.552005,-0.020313,0.221970,0.487336,-0.035699,0.212913,0.451644,-0.046058,0.201650,0.421365,-0.052536,0.194008,0.563438,-0.023265,0.186818,0.510290,-0.036846,0.178864,0.478287,-0.043999,0.171380,0.448397,-0.048015
1201,0,0.220397,0.228268,0.958575,0.412016,0.441317,0.203752,0.723851,0.000000,0.254435,0.722455,-0.030378,0.301725,0.691094,-0.044577,0.339875,0.658831,-0.056794,0.373155,0.639726,-0.068513,0.284551,0.573287,-0.023137,0.301923,0.502846,-0.038285,0.306645,0.457323,-0.052000,0.308340,0.416533,-0.063153,0.254289,0.557128,-0.019708,0.257535,0.489395,-0.041547,0.243816,0.459424,-0.058958,0.227105,0.443233,-0.069045,0.224854,0.555028,-0.019342,0.222994,0.494361,-0.038085,0.211745,0.470299,-0.050136,0.199337,0.456023,-0.056361,0.196187,0.564507,-0.021989,0.190486,0.512041,-0.036920,0.181792,0.480622,-0.045509,0.173284,0.454505,-0.050203
1231,0,0.405665,0.431741,2.632186,0.741189,0.782627,0.204995,0.723432,0.000000,0.252984,0.723229,-0.035087,0.300012,0.690544,-0.050718,0.339837,0.658794,-0.063655,0.374746,0.641377,-0.076493,0.283655,0.575667,-0.028169,0.300486,0.502636,-0.045197,0.305260,0.455044,-0.059531,0.307582,0.414968,-0.070573,0.252395,0.560231,-0.022299,0.252506,0.491323,-0.050419,0.230578,0.475515,-0.070307,0.209952,0.478861,-0.079619,0.222487,0.558601,-0.019472,0.218566,0.498215,-0.044865,0.200901,0.487222,-0.060429,0.185748,0.492978,-0.066249,0.194880,0.568840,-0.019522,0.189392,0.518495,-0.039510,0.179638,0.497436,-0.050784,0.170434,0.489430,-0.055574
1263,0,0.417792,0.404432,2.780105,1.023662,1.055242,0.202943,0.722766,0.000000,0.251444,0.723986,-0.034046,0.298107,0.690289,-0.048100,0.338538,0.659948,-0.060076,0.374437,0.644776,-0.072249,0.282131,0.575282,-0.022714,0.300741,0.502741,-0.038863,0.306201,0.454048,-0.052191,0.309277,0.413332,-0.062583,0.249184,0.562324,-0.017238,0.242321,0.502009,-0.047902,0.211973,0.500887,-0.067763,0.188784,0.513265,-0.075153,0.218857,0.562274,-0.014821,0.216390,0.507021,-0.044438,0.191084,0.509942,-0.058030,0.172945,0.523488,-0.060076,0.193501,0.574107,-0.014829,0.187183,0.529082,-0.037048,0.174413,0.521237,-0.045164,0.165927,0.524154,-0.045824
1297,0,0.547045,0.602790,4.185798,1.410353,1.482639,0.201429,0.718443,0.000000,0.250699,0.723026,-0.033340,0.298520,0.690124,-0.048275,0.340298,0.659934,-0.061525,0.376762,0.648320,-0.074742,0.281937,0.575579,-0.024055,0.299991,0.502464,-0.043616,0.304827,0.453443,-0.056106,0.309176,0.413305,-0.065424,0.246494,0.560880,-0.019842,0.233713,0.508738,-0.055412,0.205493,0.545358,-0.066581,0.195214,0.578293,-0.065589,0.214154,0.559813,-0.019413,0.198932,0.516238,-0.053364,0.179732,0.551421,-0.053165,0.178755,0.581399,-0.043616,0.187405,0.568994,-0.021874,0.169822,0.528566,-0.045103,0.160424,0.553775,-0.043418,0.166328,0.583003,-0.035521
1325,0,0.575995,0.618215,3.516451,1.890192,1.985345,0.198384,0.715633,-0.000000,0.245293,0.724217,-0.034852,0.297685,0.693917,-0.052006,0.340171,0.665863,-0.066374,0.375587,0.652937,-0.080913,0.279801,0.578289,-0.035769,0.299913,0.501612,-0.058052,0.304244,0.453232,-0.070994,0.305910,0.413420,-0.079826,0.246677,0.560310,-0.029960,0.225966,0.532834,-0.069262,0.204781,0.581660,-0.079826,0.195175,0.617897,-0.077856,0.213663,0.555330,-0.027141,0.189317,0.544797,-0.062842,0.179296,0.594223,-0.059683,0.180032,0.625171,-0.048269,0.182587,0.559169,-0.027294,0.163012,0.552251,-0.051258,0.159082,0.594763,-0.047488,0.165294,0.623615,-0.037637
1379,0,0.485528,0.444742,1.103892,2.198905,2.239158,0.200834,0.720485,-0.000000,0.247938,0.723927,-0.033062,0.298394,0.690228,-0.049995,0.341216,0.663324,-0.064685,0.376103,0.652406,-0.079992,0.278541,0.584919,-0.039208,0.295929,0.503979,-0.061672,0.300596,0.452586,-0.074239,0.302632,0.410973,-0.082868,0.243243,0.574659,-0.034449,0.225722,0.553020,-0.076294,0.211153,0.610481,-0.086224,0.205090,0.654658,-0.083622,0.210049,0.574631,-0.032171,0.192046,0.564621,-0.070815,0.186999,0.620955,-0.066500,0.188242,0.659740,-0.053522,0.178960,0.580712,-0.032514,0.166885,0.568338,-0.059480,0.165871,0.614416,-0.055234,0.171230,0.648860,-0.044413
1410,0,0.396074,0.389617,3.425662,2.453933,2.551546,0.206949,0.724290,-0.000000,0.252360,0.726453,-0.032200,0.301450,0.694061,-0.050114,0.343086,0.667657,-0.065812,0.376961,0.657337,-0.082560,0.280325,0.585935,-0.043513,0.294431,0.507142,-0.067224,0.298632,0.454229,-0.080459,0.299937,0.411355,-0.089523,0.246873,0.572187,-0.039507,0.223904,0.569154,-0.082298,0.210065,0.629682,-0.092413,0.204848,0.675791,-0.089588,0.215065,0.572593,-0.037504,0.190870,0.586864,-0.075992,0.188486,0.645044,-0.072380,0.193181,0.685268,-0.060131,0.186400,0.581766,-0.038226,0.167240,0.593588,-0.064695,0.168249,0.641203,-0.061838,0.178034,0.673879,-0.052118
1438,0,0.167924,0.216484,1.101408,2.530305,2.617388,0.204308,0.723690,-0.000000,0.250871,0.727793,-0.033802,0.300542,0.698696,-0.053499,0.341416,0.673809,-0.070689,0.376313,0.662075,-0.088940,0.280761,0.587088,-0.046173,0.295409,0.510177,-0.071139,0.300209,0.457454,-0.085598,0.301797,0.414553,-0.095366,0.248398,0.570155,-0.041353,0.224018,0.576176,-0.085084,0.210838,0.637612,-0.095752,0.205933,0.683067,-0.093181,0.216640,0.569116,-0.038622,0.191515,0.591981,-0.078144,0.189866,0.650817,-0.074674,0.194512,0.690093,-0.062271,0.187765,0.577195,-0.038718,0.168402,0.595551,-0.066255,0.169357,0.645001,-0.063588,0.178369,0.677053,-0.053531
1471,0,0.092120,0.103217,0.841829,2.531745,2.630308,0.204003,0.723140,-0.000000,0.250237,0.728188,-0.033159,0.300582,0.698616,-0.052157,0.342053,0.673136,-0.068482,0.376357,0.663006,-0.085921,0.281901,0.589689,-0.047765,0.297072,0.512868,-0.072173,0.302118,0.459913,-0.086175,0.303785,0.416163,-0.095849,0.250948,0.569617,-0.042769,0.224930,0.580601,-0.085793,0.211329,0.641755,-0.095531,0.206144,0.687777,-0.092667,0.219847,0.565960,-0.039683,0.192385,0.595888,-0.077456,0.190668,0.654243,-0.073701,0.195352,0.694655,-0.061767,0.190937,0.571920,-0.039555,0.169204,0.596542,-0.066000,0.169628,0.645806,-0.063868,0.178768,0.678927,-0.054607
1505,0,0.047867,0.051415,0.163954,2.538703,2.649062,0.204785,0.723295,-0.000000,0.250123,0.728674,-0.033795,0.300369,0.698118,-0.052577,0.342571,0.672887,-0.068540,0.377128,0.663606,-0.085517,0.281393,0.589519,-0.047414,0.296549,0.513594,-0.071644,0.301771,0.460912,-0.085707,0.303142,0.416995,-0.095589,0.250497,0.569638,-0.042125,0.224012,0.582252,-0.084503,0.212070,0.644442,-0.093879,0.207992,0.689632,-0.091155,0.219346,0.566317,-0.038926,0.191312,0.596818,-0.076332,0.190741,0.655685,-0.072341,0.196399,0.695760,-0.060527,0.190585,0.572533,-0.038799,0.168607,0.597917,-0.065436,0.169809,0.647812,-0.063568,0.179640,0.680547,-0.054699
1533,0,0.067964,0.077806,0.166917,2.482854,2.577774,0.204709,0.723977,-0.000000,0.250430,0.728580,-0.032590,0.300941,0.697701,-0.050649,0.343075,0.672675,-0.066133,0.377462,0.664389,-0.082667,0.281222,0.588865,-0.045816,0.296134,0.513033,-0.069376,0.301267,0.460601,-0.083112,0.302722,0.416975,-0.092778,0.250420,0.569218,-0.040888,0.225192,0.582768,-0.081967,0.213595,0.644141,-0.091124,0.210013,0.687895,-0.088517,0.219221,0.566345,-0.037931,0.192251,0.597112,-0.074336,0.191573,0.654745,-0.070203,0.197350,0.693032,-0.058630,0.190294,0.572761,-0.037963,0.169369,0.597581,-0.063781,0.170486,0.646815,-0.061587,0.180261,0.678484,-0.052684
1566,0,0.064915,0.058815,0.312573,2.446043,2.536256,0.203895,0.723541,-0.000000,0.249395,0.727873,-0.032036,0.299456,0.697242,-0.049936,0.341425,0.671608,-0.065374,0.376780,0.664191,-0.082019,0.281062,0.588232,-0.044790,0.295805,0.513146,-0.067724,0.301053,0.460720,-0.081193,0.302748,0.417489,-0.090723,0.250799,0.567987,-0.039834,0.223711,0.583218,-0.080240,0.212157,0.643796,-0.089388,0.208193,0.688728,-0.086847,0.220133,0.564628,-0.036816,0.191947,0.596515,-0.072108,0.191105,0.653215,-0.068296,0.195744,0.692548,-0.057083,0.191493,0.570691,-0.036785,0.169900,0.596190,-0.061879,0.170438,0.644716,-0.059910,0.179116,0.676869,-0.051174
1602,0,0.064703,0.073822,0.282349,2.469799,2.592761,0.204139,0.721753,-0.000000,0.248996,0.727488,-0.032749,0.299035,0.697048,-0.051110,0.340450,0.671186,-0.066759,0.375274,0.663104,-0.083606,0.281707,0.589235,-0.046252,0.296711,0.513178,-0.069851,0.302009,0.460032,-0.083543,0.303821,0.416036,-0.093198,0.251665,0.568787,-0.041141,0.224390,0.582475,-0.082534,0.212093,0.643422,-0.091746,0.207990,0.687760,-0.089033,0.220970,0.564578,-0.037986,0.192282,0.595545,-0.074583,0.190530,0.653116,-0.070545,0.195298,0.692430,-0.058903,0.192226,0.569596,-0.037828,0.169833,0.593977,-0.063730,0.169814,0.643473,-0.061585,0.178649,0.675996,-0.052562
1629,0,0.057839,0.063687,0.102936,2.501884,2.643533,0.204821,0.721091,-0.000000,0.249389,0.726199,-0.032957,0.298623,0.696380,-0.051618,0.339489,0.671585,-0.067547,0.373368,0.663951,-0.084575,0.282094,0.589043,-0.047471,0.297086,0.513070,-0.071883,0.302309,0.460257,-0.085895,0.304184,0.416253,-0.095697,0.251739,0.568092,-0.042445,0.225705,0.581618,-0.084952,0.212628,0.643676,-0.094126,0.207990,0.688812,-0.090984,0.221034,0.563688,-0.039397,0.192770,0.595901,-0.076909,0.190613,0.654524,-0.072699,0.195281,0.694438,-0.060541,0.192574,0.568708,-0.039334,0.170158,0.594035,-0.065662,0.170293,0.643907,-0.063463,0.179495,0.676775,-0.054289
1664,0,0.029935,0.029990,0.250953,2.485867,2.640604,0.204523,0.720170,-0.000000,0.248972,0.725326,-0.033004,0.298246,0.695801,-0.051729,0.339311,0.670958,-0.067698,0.372947,0.662822,-0.084858,0.282899,0.588122,-0.047815,0.297754,0.513269,-0.072145,0.303119,0.460637,-0.086110,0.305126,0.416956,-0.095817,0.252523,0.566208,-0.042648,0.226491,0.580914,-0.084858,0.212954,0.642595,-0.094001,0.207848,0.687839,-0.090870,0.221576,0.561650,-0.039423,0.193367,0.595711,-0.076528,0.190812,0.654262,-0.072332,0.195057,0.694304,-0.060308,0.192478,0.567107,-0.039204,0.170631,0.594586,-0.065318,0.170558,0.644383,-0.063283,0.179287,0.677081,-0.054171
1697,0,0.019241,0.020002,0.095795,2.488082,2.647702,0.204458,0.719959,-0.000000,0.248559,0.725601,-0.032833,0.297684,0.695808,-0.051469,0.338591,0.670625,-0.067417,0.372478,0.662627,-0.084552,0.282905,0.588631,-0.047748,0.297836,0.513722,-0.072044,0.303488,0.461023,-0.085990,0.305817,0.417348,-0.095621,0.252617,0.566332,-0.042776,0.226241,0.581793,-0.084990,0.212633,0.643385,-0.094120,0.207425,0.688577,-0.090994,0.221773,0.561412,-0.039681,0.193007,0.596254,-0.076672,0.190535,0.654316,-0.072482,0.194701,0.694686,-0.060412,0.192901,0.566316,-0.039649,0.170714,0.594021,-0.065540,0.170327,0.643695,-0.063320,0.178819,0.676662,-0.054127
1727,0,0.032491,0.028234,0.242403,2.487397,2.665275,0.204879,0.719157,-0.000000,0.248426,0.724645,-0.033112,0.297082,0.695675,-0.052024,0.338066,0.670285,-0.068097,0.371611,0.661940,-0.085261,0.282824,0.588998,-0.047967,0.298156,0.513297,-0.072528,0.304101,0.460698,-0.086572,0.306929,0.417111,-0.096309,0.253009,0.567167,-0.042787,0.227226,0.581110,-0.085573,0.212644,0.643331,-0.094499,0.207022,0.688508,-0.091129,0.222548,0.562207,-0.039603,0.194020,0.595155,-0.077147,0.190992,0.653551,-0.072840,0.194997,0.693801,-0.060544,0.193895,0.566830,-0.039354,0.171414,0.592804,-0.065787,0.170735,0.642546,-0.063634,0.179251,0.675524,-0.054396
1780,0,0.033072,0.032858,0.223923,2.473252,2.654652,0.204660,0.718857,-0.000000,0.248323,0.724636,-0.032854,0.297058,0.695374,-0.051369,0.337402,0.669529,-0.067079,0.370927,0.661342,-0.083973,0.283344,0.588627,-0.047535,0.298372,0.513538,-0.071754,0.303923,0.460948,-0.085718,0.306433,0.417726,-0.095444,0.253974,0.566605,-0.042267,0.226547,0.581789,-0.084659,0.212341,0.643296,-0.093823,0.207255,0.688763,-0.090519,0.223865,0.561257,-0.038994,0.194003,0.595325,-0.075993,0.190691,0.653408,-0.071754,0.194694,0.693977,-0.059691,0.195223,0.565451,-0.038714,0.171640,0.592563,-0.064834,0.170485,0.642327,-0.062902,0.179013,0.675653,-0.053862
1808,0,0.044808,0.070838,0.093989,2.508608,2.719536,0.205847,0.717928,-0.000000,0.249189,0.723715,-0.033476,0.297043,0.695517,-0.052551,0.336911,0.670026,-0.068822,0.370178,0.661145,-0.086089,0.282868,0.588998,-0.048842,0.297799,0.513752,-0.073684,0.303614,0.461050,-0.088084,0.306311,0.417415,-0.097996,0.253997,0.566880,-0.043481,0.225914,0.582163,-0.086276,0.212140,0.643404,-0.095378,0.207430,0.689487,-0.092136,0.224236,0.561251,-0.040146,0.193677,0.596159,-0.076988,0.190531,0.653635,-0.072375,0.194817,0.693972,-0.060188,0.195925,0.565057,-0.039990,0.171311,0.592565,-0.065767,0.170716,0.641366,-0.063616,0.179914,0.674130,-0.054577
1838,0,0.056925,0.066658,0.179944,2.466990,2.659665,0.205363,0.718625,-0.000000,0.248527,0.724401,-0.033046,0.295958,0.695292,-0.051761,0.336004,0.669659,-0.067635,0.369673,0.661595,-0.084436,0.283268,0.588496,-0.047159,0.297974,0.513681,-0.071712,0.303409,0.461008,-0.085980,0.305839,0.417548,-0.095987,0.254209,0.566902,-0.041940,0.226923,0.581829,-0.084313,0.213074,0.643777,-0.093145,0.208676,0.688646,-0.089933,0.223954,0.561858,-0.038759,0.194220,0.595195,-0.075603,0.191381,0.652463,-0.070847,0.195960,0.691617,-0.058586,0.195011,0.566340,-0.038697,0.171444,0.592333,-0.064547,0.171104,0.641279,-0.062200,0.180515,0.672889,-0.053089
1873,0,0.033008,0.033929,0.169360,2.490774,2.681543,0.205527,0.718836,-0.000000,0.248604,0.724363,-0.033082,0.295809,0.695579,-0.051951,0.335058,0.669227,-0.067965,0.368341,0.660351,-0.084909,0.282974,0.588886,-0.047948,0.297793,0.513836,-0.072744,0.303468,0.460982,-0.087206,0.306202,0.417397,-0.097199,0.253994,0.566878,-0.042641,0.226302,0.582494,-0.085282,0.212311,0.644148,-0.094157,0.207719,0.689755,-0.090806,0.224088,0.561535,-0.039382,0.194136,0.596216,-0.075971,0.190958,0.653349,-0.071130,0.195400,0.693250,-0.058810,0.195425,0.565594,-0.039258,0.171472,0.593083,-0.064923,0.170779,0.641838,-0.062658,0.179912,0.674072,-0.053472
1901,0,0.030460,0.032219,0.062901,2.493981,2.694772,0.204979,0.717768,-0.000000,0.248312,0.723578,-0.032648,0.295423,0.694936,-0.051221,0.334136,0.668489,-0.067095,0.367266,0.659146,-0.083900,0.282604,0.588671,-0.047500,0.297236,0.513339,-0.072056,0.302660,0.460581,-0.086132,0.305137,0.417186,-0.095868,0.253825,0.566779,-0.042353,0.225556,0.582117,-0.085078,0.211473,0.644495,-0.093946,0.207007,0.690667,-0.090411,0.224065,0.561487,-0.039191,0.193461,0.596244,-0.076025,0.190159,0.653769,-0.071312,0.194774,0.693669,-0.058972,0.195557,0.565288,-0.039098,0.170970,0.592717,-0.064801,0.170224,0.641913,-0.062444,0.179509,0.674135,-0.053205
1935,0,0.037850,0.043253,0.094571,2.466917,2.661468,0.205222,0.718315,-0.000000,0.248363,0.724065,-0.032597,0.294684,0.695016,-0.051017,0.333355,0.667818,-0.066681,0.366708,0.657992,-0.083273,0.282807,0.588267,-0.046652,0.297415,0.513705,-0.071015,0.303084,0.460591,-0.085131,0.306027,0.417351,-0.094789,0.254038,0.566575,-0.041451,0.226268,0.582430,-0.084016,0.211775,0.644211,-0.092808,0.206899,0.691005,-0.089217,0.224447,0.561434,-0.038293,0.194431,0.596180,-0.074915,0.190359,0.652976,-0.070210,0.194029,0.693249,-0.057796,0.196070,0.565383,-0.038262,0.172013,0.591940,-0.063771,0.170388,0.640359,-0.061449,0.178751,0.672999,-0.052162
1968,0,0.030812,0.033382,0.143933,2.450894,2.651033,0.205037,0.718034,-0.000000,0.248200,0.723680,-0.032360,0.294245,0.694938,-0.050661,0.332408,0.667786,-0.066207,0.365697,0.657406,-0.082681,0.282750,0.588207,-0.046791,0.297714,0.513851,-0.071099,0.303665,0.461274,-0.085158,0.306680,0.418270,-0.094758,0.253982,0.566458,-0.041464,0.227031,0.582569,-0.083424,0.212647,0.643990,-0.091909,0.207630,0.690114,-0.088379,0.224152,0.561403,-0.038151,0.194992,0.596712,-0.074010,0.191497,0.652674,-0.069056,0.195213,0.692657,-0.056762,0.195602,0.565611,-0.037934,0.172492,0.593063,-0.062986,0.171354,0.640882,-0.060695,0.179663,0.673163,-0.051529
2001,0,0.036349,0.056841,0.070258,2.430230,2.613086,0.203746,0.718257,-0.000000,0.247590,0.723795,-0.031542,0.294421,0.694723,-0.049216,0.332527,0.667166,-0.064383,0.365407,0.656743,-0.080479,0.282784,0.589042,-0.045687,0.297810,0.515032,-0.069584,0.303657,0.462259,-0.083575,0.306784,0.419036,-0.093232,0.254295,0.566832,-0.040704,0.227212,0.582967,-0.082336,0.212918,0.644275,-0.090880,0.208220,0.690291,-0.087475,0.224642,0.561256,-0.037701,0.194933,0.596485,-0.073174,0.191216,0.652313,-0.068283,0.194899,0.692283,-0.056119,0.195999,0.565075,-0.037763,0.172345,0.592458,-0.062557,0.171080,0.640202,-0.060359,0.179360,0.672481,-0.051414
2031,0,0.037647,0.051717,0.122363,2.442152,2.640692,0.205196,0.717800,-0.000000,0.248638,0.722660,-0.031560,0.295308,0.693164,-0.049176,0.333278,0.666815,-0.064142,0.365787,0.656470,-0.080069,0.282957,0.587624,-0.046325,0.297791,0.513830,-0.070154,0.303555,0.461187,-0.083850,0.306238,0.417895,-0.093332,0.254225,0.565835,-0.041367,0.226638,0.582506,-0.082796,0.212751,0.643948,-0.091225,0.208240,0.689725,-0.087754,0.224363,0.561081,-0.038330,0.194605,0.597206,-0.073810,0.191699,0.652963,-0.069100,0.196152,0.692268,-0.057139,0.195681,0.565322,-0.038361,0.172063,0.593988,-0.063306,0.171244,0.641715,-0.061322,0.180024,0.673768,-0.052553
2063,0,0.029513,0.039923,0.172319,2.432234,2.622419,0.204220,0.717920,-0.000000,0.248030,0.723733,-0.031431,0.294786,0.694086,-0.048825,0.332547,0.666800,-0.063574,0.364847,0.656059,-0.079344,0.282909,0.588238,-0.045980,0.297894,0.514006,-0.069758,0.303927,0.461332,-0.083364,0.307134,0.418530,-0.092702,0.254044,0.565969,-0.040909,0.226996,0.583396,-0.082560,0.213119,0.644441,-0.090970,0.208626,0.690812,-0.087322,0.224250,0.560597,-0.037755,0.194836,0.597968,-0.073283,0.191654,0.653468,-0.068583,0.195784,0.693367,-0.056524,0.195598,0.564542,-0.037662,0.172395,0.593738,-0.062554,0.171628,0.641431,-0.060637,0.180347,0.673644,-0.051793
2097,0,0.040988,0.038234,0.125178,2.457517,2.641851,0.203204,0.717429,-0.000000,0.247463,0.723254,-0.031621,0.294412,0.693858,-0.049254,0.332458,0.666688,-0.064266,0.364848,0.655716,-0.080208,0.282465,0.588862,-0.046928,0.297486,0.514313,-0.070965,0.303496,0.461427,-0.084737,0.306464,0.417926,-0.094228,0.253708,0.566335,-0.041903,0.226588,0.582337,-0.083558,0.212369,0.643156,-0.091932,0.207532,0.688985,-0.088396,0.224030,0.560803,-0.038770,0.194108,0.597461,-0.074315,0.190653,0.653104,-0.069414,0.194595,0.692863,-0.057349,0.195412,0.564747,-0.038708,0.171819,0.593728,-0.063490,0.170651,0.641747,-0.061319,0.179234,0.673837,-0.052449
2125,0,0.023406,0.034350,0.176519,2.453559,2.656117,0.204127,0.716944,-0.000000,0.247689,0.722816,-0.032048,0.294232,0.693869,-0.049932,0.331859,0.666763,-0.065088,0.364271,0.655527,-0.081081,0.282506,0.588318,-0.046708,0.297388,0.513643,-0.070915,0.303090,0.461001,-0.084738,0.305752,0.417558,-0.094284,0.253828,0.566357,-0.041563,0.226057,0.581871,-0.083498,0.212202,0.643360,-0.091929,0.208002,0.689066,-0.088395,0.224129,0.561073,-0.038433,0.193995,0.596228,-0.074386,0.190866,0.652180,-0.069489,0.195374,0.691556,-0.057339,0.195600,0.564788,-0.038371,0.171570,0.592464,-0.063538,0.170401,0.640305,-0.061368,0.179153,0.672380,-0.052442
2180,0,0.019716,0.020325,0.038654,2.448324,2.644324,0.203440,0.716648,-0.000000,0.247114,0.722611,-0.032129,0.293446,0.693707,-0.050156,0.331463,0.666611,-0.065432,0.364158,0.655276,-0.081574,0.282329,0.587483,-0.046538,0.297118,0.513163,-0.070813,0.302907,0.460352,-0.084852,0.305687,0.417093,-0.094623,0.253462,0.565956,-0.041374,0.226117,0.581372,-0.083058,0.212260,0.642650,-0.091593,0.208228,0.687689,-0.088253,0.223639,0.561074,-0.038189,0.194013,0.596101,-0.074152,0.190836,0.651782,-0.069205,0.195206,0.690579,-0.057052,0.194880,0.564933,-0.038128,0.171482,0.592124,-0.063391,0.170372,0.640075,-0.061196,0.179129,0.671666,-0.052259
2208,0,0.017700,0.025257,0.111833,2.453659,2.660971,0.204182,0.716341,-0.000000,0.247824,0.721802,-0.031789,0.293771,0.693245,-0.049790,0.331465,0.666234,-0.065127,0.364021,0.654985,-0.081300,0.282509,0.587032,-0.046630,0.296969,0.512753,-0.070828,0.302666,0.460103,-0.084832,0.305584,0.416913,-0.094561,0.253802,0.565484,-0.041610,0.226182,0.581746,-0.083097,0.212103,0.643048,-0.091586,0.207814,0.688349,-0.088178,0.224028,0.560853,-0.038512,0.194080,0.596461,-0.074112,0.190975,0.652055,-0.069155,0.195287,0.690942,-0.057102,0.195395,0.565038,-0.038543,0.171664,0.593081,-0.063578,0.170680,0.640668,-0.061347,0.179228,0.672534,-0.052393
2239,0,0.035190,0.031696,0.109703,2.436559,2.644125,0.204039,0.716082,-0.000000,0.247621,0.721918,-0.031521,0.293649,0.692780,-0.049129,0.331013,0.665542,-0.064062,0.363490,0.654756,-0.079892,0.282052,0.587084,-0.046192,0.296639,0.512816,-0.069937,0.302358,0.460064,-0.083602,0.305337,0.417059,-0.093063,0.253552,0.565114,-0.041152,0.225731,0.581722,-0.082427,0.211733,0.642317,-0.090837,0.207329,0.688265,-0.087436,0.223982,0.559855,-0.037998,0.193816,0.596315,-0.073338,0.190231,0.651429,-0.068576,0.194222,0.691122,-0.056518,0.195542,0.563803,-0.037936,0.171699,0.591467,-0.062702,0.170174,0.638849,-0.060445,0.178273,0.671168,-0.051479
2273,0,0.023953,0.022057,0.065566,2.421016,2.636969,0.203959,0.715285,-0.000000,0.247648,0.721146,-0.031078,0.293655,0.692040,-0.048514,0.331226,0.664537,-0.063390,0.363593,0.653838,-0.079252,0.281951,0.586970,-0.045984,0.296713,0.512976,-0.069562,0.302473,0.460010,-0.083264,0.305478,0.416869,-0.092770,0.253432,0.564913,-0.041108,0.225767,0.581590,-0.081845,0.211913,0.641269,-0.090177,0.207370,0.686738,-0.086906,0.223911,0.559712,-0.038021,0.194167,0.595488,-0.072710,0.190710,0.649972,-0.067772,0.194460,0.689424,-0.055952,0.195527,0.563699,-0.038052,0.172024,0.591513,-0.062464,0.170445,0.638463,-0.060242,0.178289,0.670548,-0.051446
2301,0,0.063594,0.062772,0.120718,2.451220,2.649880,0.203091,0.715743,-0.000000,0.246554,0.721909,-0.032302,0.292877,0.692665,-0.050483,0.330781,0.664711,-0.065958,0.363977,0.653938,-0.082324,0.282247,0.586444,-0.047007,0.297841,0.512903,-0.071495,0.304130,0.460265,-0.085647,0.307462,0.417045,-0.095429,0.253075,0.563799,-0.041747,0.226310,0.580148,-0.083739,0.211781,0.641234,-0.092230,0.206701,0.687401,-0.088538,0.223033,0.558474,-0.038516,0.193564,0.594068,-0.074387,0.189765,0.650211,-0.069403,0.193578,0.690479,-0.057098,0.194223,0.562952,-0.038424,0.170716,0.591899,-0.063558,0.169703,0.639926,-0.061435,0.178386,0.672463,-0.052422
2335,0,0.170473,0.189744,0.542084,2.405749,2.667328,0.201692,0.713862,-0.000000,0.244517,0.721564,-0.032923,0.293286,0.694870,-0.051630,0.334402,0.670253,-0.067580,0.368721,0.662570,-0.084738,0.284506,0.588769,-0.047944,0.305339,0.515050,-0.072535,0.314841,0.463661,-0.087092,0.320983,0.421270,-0.096879,0.254882,0.566087,-0.042524,0.230577,0.576295,-0.084367,0.214168,0.635279,-0.093039,0.207431,0.681370,-0.089508,0.224322,0.559072,-0.039055,0.196192,0.589008,-0.074580,0.191115,0.644354,-0.069810,0.193260,0.685047,-0.057545,0.195524,0.561660,-0.038745,0.172905,0.586207,-0.063058,0.170108,0.633501,-0.060364,0.177149,0.666118,-0.050917
2368,0,0.675393,0.777066,0.946152,2.334738,2.641425,0.195417,0.717314,0.000000,0.241268,0.728571,-0.027847,0.296796,0.707475,-0.044330,0.340893,0.693183,-0.059576,0.374693,0.696554,-0.076638,0.293907,0.598304,-0.038350,0.324664,0.529303,-0.061235,0.341648,0.481346,-0.076262,0.353478,0.441325,-0.086593,0.264962,0.573559,-0.035094,0.254226,0.576651,-0.073632,0.233266,0.626618,-0.083901,0.219946,0.664623,-0.082273,0.233194,0.564970,-0.033498,0.217559,0.581372,-0.066369,0.209092,0.630142,-0.063677,0.204456,0.666687,-0.053471,0.202421,0.566109,-0.034531,0.189757,0.585051,-0.056852,0.185877,0.628936,-0.054128,0.187671,0.661655,-0.044987
2399,0,0.849557,0.945950,0.709182,2.937105,3.394470,0.189752,0.717529,0.000000,0.239032,0.736490,-0.024399,0.297445,0.729495,-0.040961,0.341744,0.728628,-0.057161,0.373138,0.741672,-0.075139,0.309180,0.623287,-0.035364,0.352027,0.566518,-0.057128,0.377578,0.527965,-0.072044,0.396512,0.492609,-0.082647,0.283065,0.590830,-0.034573,0.285987,0.602298,-0.068554,0.257962,0.642802,-0.078300,0.236574,0.666764,-0.078235,0.251014,0.575026,-0.035034,0.251491,0.594271,-0.063022,0.234103,0.634679,-0.058841,0.219096,0.660531,-0.049489,0.217610,0.569131,-0.038031,0.218659,0.591566,-0.055449,0.209968,0.629675,-0.050115,0.203583,0.655683,-0.040467
2431,0,0.626657,0.798797,1.203211,3.437910,3.924864,0.200240,0.707241,0.000000,0.234623,0.743195,-0.029762,0.291354,0.750024,-0.046361,0.338927,0.755643,-0.059964,0.372817,0.774701,-0.075244,0.318258,0.649516,-0.042184,0.363176,0.608460,-0.065516,0.394554,0.573863,-0.081400,0.419259,0.543983,-0.092557,0.300720,0.608039,-0.036798,0.289134,0.613424,-0.072826,0.253773,0.651160,-0.080081,0.229543,0.678702,-0.077223,0.274060,0.583354,-0.033307,0.253604,0.601314,-0.064306,0.230199,0.641296,-0.059195,0.215635,0.671616,-0.047790,0.244689,0.570350,-0.032538,0.229412,0.583787,-0.054111,0.212335,0.621856,-0.050648,0.204075,0.650592,-0.041332
2465,0,0.442866,0.239559,1.464924,3.715128,4.034745,0.204290,0.713498,0.000000,0.239656,0.750624,-0.027342,0.296215,0.760777,-0.042967,0.343874,0.768421,-0.056269,0.378659,0.788723,-0.070910,0.326656,0.657830,-0.037476,0.370036,0.623471,-0.059984,0.402950,0.592274,-0.074843,0.428747,0.565474,-0.085387,0.310927,0.613183,-0.033707,0.296742,0.625808,-0.069271,0.260929,0.662807,-0.076373,0.235845,0.689354,-0.073259,0.284252,0.586955,-0.031931,0.259875,0.615408,-0.063098,0.235713,0.654427,-0.059055,0.221859,0.681818,-0.048320,0.253981,0.573808,-0.032723,0.234633,0.597213,-0.054275,0.217792,0.636022,-0.052226,0.211099,0.662709,-0.044059
2511,0,0.178685,0.109825,0.252603,3.862355,4.105844,0.205911,0.716263,0.000000,0.240297,0.753184,-0.029223,0.296763,0.765324,-0.045602,0.345569,0.772708,-0.059232,0.381736,0.791910,-0.073703,0.330435,0.665016,-0.039235,0.373859,0.630335,-0.062260,0.405799,0.600185,-0.077237,0.431240,0.574802,-0.087782,0.316610,0.619634,-0.034383,0.299262,0.630964,-0.070281,0.262582,0.668193,-0.076956,0.238081,0.695038,-0.073422,0.290843,0.591669,-0.031803,0.261660,0.618290,-0.062541,0.237244,0.657381,-0.057549,0.224008,0.685837,-0.046303,0.260751,0.575407,-0.032140,0.237998,0.597394,-0.053258,0.220221,0.635648,-0.050874,0.213940,0.662400,-0.042489
2545,0,0.087669,0.166933,0.346852,3.904341,4.226516,0.205314,0.712593,0.000000,0.238773,0.754339,-0.027978,0.296455,0.765576,-0.043155,0.346069,0.773100,-0.055873,0.382467,0.792884,-0.069536,0.331731,0.667019,-0.038406,0.375448,0.632835,-0.060483,0.408405,0.602675,-0.074590,0.434126,0.577071,-0.084698,0.318197,0.620955,-0.034213,0.299520,0.633893,-0.069814,0.263131,0.670451,-0.076034,0.238503,0.696115,-0.072424,0.292504,0.592708,-0.032213,0.261866,0.620774,-0.062816,0.237637,0.659698,-0.057984,0.224217,0.687270,-0.047042,0.262597,0.576635,-0.033018,0.238632,0.599707,-0.054124,0.221030,0.637531,-0.052180,0.215035,0.663469,-0.044376
2577,0,0.089185,0.135094,0.416761,3.921806,4.155487,0.207790,0.715296,0.000000,0.240255,0.754646,-0.029062,0.297434,0.764381,-0.045131,0.346865,0.771269,-0.058343,0.383429,0.790671,-0.072517,0.331172,0.664742,-0.039747,0.375371,0.631245,-0.062463,0.408356,0.601343,-0.076747,0.434037,0.575937,-0.086910,0.316780,0.619523,-0.035242,0.302794,0.631481,-0.071913,0.266025,0.669515,-0.078121,0.240925,0.695813,-0.073945,0.290832,0.592412,-0.032962,0.264462,0.620396,-0.064606,0.239221,0.660183,-0.059442,0.225432,0.687582,-0.047905,0.260745,0.577545,-0.033512,0.239014,0.601283,-0.055349,0.220624,0.640632,-0.053069,0.214198,0.667140,-0.044746
2608,0,0.111881,0.200045,0.423125,3.887123,4.116936,0.203898,0.718493,0.000000,0.240345,0.752998,-0.029327,0.298405,0.763959,-0.045379,0.348004,0.770884,-0.059081,0.384026,0.787936,-0.073485,0.331776,0.663831,-0.040313,0.377944,0.629550,-0.062804,0.409503,0.601944,-0.076170,0.435011,0.577684,-0.085447,0.316968,0.617844,-0.036040,0.298980,0.629905,-0.073485,0.260655,0.667667,-0.080931,0.235009,0.693442,-0.077391,0.291524,0.589990,-0.033813,0.261607,0.617268,-0.066466,0.236441,0.657968,-0.062132,0.222573,0.686473,-0.050719,0.261828,0.574004,-0.034362,0.238654,0.596723,-0.056578,0.220984,0.635625,-0.054320,0.213739,0.662927,-0.045562
2640,0,0.091063,0.104859,0.360810,3.824829,4.044719,0.203471,0.719307,-0.000000,0.240119,0.752489,-0.029438,0.298931,0.762491,-0.045214,0.348403,0.769291,-0.058972,0.384556,0.785095,-0.073588,0.332763,0.661965,-0.038097,0.378849,0.625893,-0.060179,0.409764,0.597524,-0.073079,0.434573,0.573175,-0.081785,0.317820,0.618306,-0.033744,0.297984,0.627641,-0.072253,0.259638,0.665880,-0.080387,0.233662,0.693673,-0.076829,0.292834,0.590839,-0.031504,0.262073,0.613570,-0.065263,0.236195,0.655202,-0.061323,0.221536,0.685772,-0.049599,0.263546,0.573430,-0.032091,0.239355,0.592222,-0.055064,0.220630,0.631351,-0.053062,0.212810,0.660016,-0.044070
2673,0,0.091107,0.114571,0.498043,3.816839,3.995153,0.202534,0.722137,-0.000000,0.240334,0.753641,-0.027665,0.298680,0.763060,-0.042830,0.348052,0.769245,-0.056364,0.384538,0.783642,-0.070350,0.332096,0.661435,-0.036596,0.378279,0.625179,-0.058140,0.409583,0.597220,-0.070414,0.434327,0.573632,-0.078618,0.317108,0.617552,-0.032995,0.298741,0.629693,-0.069897,0.261770,0.668154,-0.077003,0.236416,0.696052,-0.073127,0.292025,0.590639,-0.031428,0.262351,0.617514,-0.063179,0.237266,0.657343,-0.058366,0.223199,0.686140,-0.046738,0.262615,0.573560,-0.032736,0.239775,0.595743,-0.053489,0.222336,0.633299,-0.050776,0.214994,0.660212,-0.041829
2701,0,0.036171,0.035378,0.241241,3.840545,4.014763,0.202540,0.722348,-0.000000,0.240363,0.753647,-0.027912,0.298793,0.764152,-0.043404,0.348211,0.770697,-0.057351,0.384833,0.783688,-0.071917,0.331688,0.663008,-0.036576,0.377822,0.627208,-0.058457,0.409578,0.599439,-0.071202,0.435105,0.575911,-0.079850,0.317292,0.619252,-0.033081,0.298708,0.629879,-0.070616,0.261727,0.668176,-0.078354,0.236119,0.696456,-0.074713,0.292666,0.592010,-0.031618,0.262577,0.617117,-0.063724,0.237517,0.656936,-0.059042,0.223280,0.685895,-0.047338,0.263361,0.574138,-0.033032,0.239637,0.594965,-0.054035,0.221873,0.632846,-0.051207,0.214615,0.660235,-0.042038
2736,0,0.034805,0.048821,0.185434,3.840233,3.985492,0.203401,0.723283,-0.000000,0.240308,0.754626,-0.028556,0.298122,0.764548,-0.044331,0.347359,0.770447,-0.058407,0.384286,0.783564,-0.073001,0.333112,0.663162,-0.036824,0.379275,0.626083,-0.058893,0.410094,0.597739,-0.071448,0.434847,0.574248,-0.079731,0.318121,0.619439,-0.032909,0.298997,0.629190,-0.070865,0.261561,0.667344,-0.078567,0.236329,0.695561,-0.074813,0.293151,0.592134,-0.031145,0.263248,0.616194,-0.064167,0.237811,0.656510,-0.059766,0.224063,0.685854,-0.048020,0.263618,0.574151,-0.032229,0.240244,0.594355,-0.054168,0.222192,0.633040,-0.051741,0.215111,0.660807,-0.042681
2773,0,0.060221,0.043636,0.102023,3.802910,3.968653,0.202365,0.722914,-0.000000,0.240059,0.753213,-0.028679,0.297989,0.761852,-0.044460,0.347247,0.767176,-0.058596,0.384653,0.780362,-0.073350,0.332510,0.661527,-0.036838,0.377579,0.625146,-0.059117,0.408223,0.596743,-0.071982,0.432688,0.572829,-0.080451,0.317134,0.617740,-0.032978,0.298430,0.627682,-0.071461,0.260819,0.666453,-0.079604,0.234685,0.695359,-0.075956,0.291986,0.590487,-0.031236,0.262499,0.614690,-0.064752,0.236884,0.655659,-0.060550,0.222082,0.685683,-0.048596,0.262414,0.572928,-0.032327,0.239721,0.592679,-0.054687,0.221449,0.631298,-0.052309,0.213469,0.659434,-0.043027
2814,0,0.104370,0.090664,0.151272,3.754061,3.934460,0.202186,0.722264,-0.000000,0.240016,0.751930,-0.029054,0.298164,0.759306,-0.044954,0.347880,0.763400,-0.058953,0.384746,0.776044,-0.073602,0.330676,0.660014,-0.038523,0.375489,0.621709,-0.061162,0.405854,0.592389,-0.074057,0.430306,0.567552,-0.082567,0.315043,0.616233,-0.034365,0.296545,0.625517,-0.073537,0.258798,0.664654,-0.081592,0.232396,0.693753,-0.077630,0.289994,0.588781,-0.032270,0.260515,0.612790,-0.066294,0.234828,0.654452,-0.062006,0.219966,0.685542,-0.049858,0.260632,0.571392,-0.033001,0.237566,0.591471,-0.055932,0.219278,0.630658,-0.053821,0.211153,0.659699,-0.044661
2851,0,0.167654,0.145250,0.140744,3.604656,3.811232,0.201399,0.721426,-0.000000,0.240633,0.749989,-0.027615,0.298784,0.754388,-0.042327,0.348036,0.754247,-0.055294,0.384689,0.763045,-0.068939,0.328952,0.654916,-0.036798,0.372060,0.614810,-0.058786,0.401488,0.584472,-0.071397,0.424967,0.557944,-0.079869,0.312272,0.612592,-0.033241,0.293469,0.621215,-0.071332,0.256597,0.661943,-0.079222,0.231842,0.691829,-0.075406,0.286479,0.586895,-0.031576,0.256417,0.610436,-0.065188,0.231921,0.653672,-0.061017,0.218381,0.685289,-0.049118,0.256850,0.570778,-0.032562,0.233169,0.590612,-0.055326,0.215551,0.630858,-0.053127,0.208471,0.660374,-0.044009
2879,0,0.285524,0.310310,0.439814,3.419056,3.596411,0.202248,0.722239,-0.000000,0.242699,0.746994,-0.026315,0.301363,0.744674,-0.039908,0.350518,0.737749,-0.051725,0.386192,0.740761,-0.064253,0.325460,0.647329,-0.038584,0.366789,0.602221,-0.060830,0.393450,0.566153,-0.073745,0.413894,0.532847,-0.082657,0.306777,0.606521,-0.035613,0.287017,0.614519,-0.073164,0.253263,0.658785,-0.080461,0.231715,0.689585,-0.076974,0.280300,0.583085,-0.034354,0.250094,0.605912,-0.067546,0.228984,0.652099,-0.062638,0.218219,0.684915,-0.050950,0.250849,0.568976,-0.035678,0.227891,0.587536,-0.058732,0.212336,0.629389,-0.056375,0.207228,0.659471,-0.047528
2912,0,0.423670,0.481440,0.775494,3.105599,3.213432,0.204560,0.724460,-0.000000,0.247119,0.743729,-0.026598,0.303610,0.730175,-0.040331,0.349914,0.712110,-0.052005,0.385017,0.709390,-0.064388,0.318045,0.633631,-0.040813,0.355418,0.579428,-0.063359,0.378603,0.538505,-0.076738,0.395548,0.502412,-0.085936,0.294153,0.597988,-0.037726,0.277385,0.604868,-0.075644,0.249776,0.652893,-0.083299,0.230714,0.687746,-0.080276,0.265154,0.580277,-0.036150,0.240699,0.601519,-0.069276,0.224973,0.650093,-0.064420,0.215367,0.685651,-0.052970,0.234719,0.571734,-0.037211,0.217062,0.590197,-0.060850,0.205320,0.633560,-0.058824,0.200803,0.665717,-0.050333
2943,0,0.535235,0.568329,0.847334,2.706819,2.792564,0.207318,0.723618,-0.000000,0.251401,0.736064,-0.027083,0.305036,0.711590,-0.041334,0.347672,0.685641,-0.053336,0.381046,0.674838,-0.066071,0.309845,0.616512,-0.042292,0.337497,0.550079,-0.065497,0.352239,0.501480,-0.079285,0.361568,0.461338,-0.088478,0.281451,0.588865,-0.039196,0.262851,0.591614,-0.078775,0.241648,0.643256,-0.087329,0.227873,0.683068,-0.084712,0.250888,0.577353,-0.037696,0.227655,0.595718,-0.071880,0.218067,0.646219,-0.067731,0.213231,0.684665,-0.056751,0.220327,0.574172,-0.038813,0.204954,0.591485,-0.063390,0.197710,0.636296,-0.061954,0.197140,0.669634,-0.053974
2977,0,0.514909,0.489651,1.133387,2.350790,2.446958,0.207353,0.721754,-0.000000,0.253116,0.724491,-0.026441,0.303812,0.690456,-0.039821,0.343747,0.659724,-0.051325,0.375481,0.644012,-0.063592,0.299791,0.599794,-0.037946,0.319888,0.527505,-0.060256,0.327907,0.477122,-0.073476,0.331789,0.436120,-0.082248,0.268698,0.581391,-0.035244,0.248562,0.579888,-0.075256,0.231623,0.634823,-0.084536,0.222783,0.677857,-0.081930,0.237417,0.576194,-0.034323,0.214105,0.588467,-0.069599,0.208638,0.641319,-0.066103,0.208829,0.681185,-0.055012,0.207213,0.578348,-0.035848,0.191405,0.590163,-0.061114,0.188178,0.636102,-0.059556,0.192317,0.670084,-0.051262
3006,0,0.435187,0.299494,0.429441,2.270218,2.393912,0.203730,0.718051,-0.000000,0.249183,0.714924,-0.024860,0.297618,0.673003,-0.036429,0.336182,0.636692,-0.046246,0.367366,0.617945,-0.056923,0.291904,0.589930,-0.035664,0.306477,0.513802,-0.056827,0.309591,0.462763,-0.068524,0.309566,0.422726,-0.075918,0.261158,0.574509,-0.032828,0.236704,0.573431,-0.072285,0.222232,0.630482,-0.080763,0.217023,0.674788,-0.077130,0.230577,0.570935,-0.031696,0.203951,0.585864,-0.066548,0.200422,0.639423,-0.063234,0.203161,0.678966,-0.051792,0.200848,0.574214,-0.032796,0.182440,0.587761,-0.057528,0.179946,0.634226,-0.056062,0.185699,0.667299,-0.047584
3039,0,0.233461,0.164252,0.444446,2.367187,2.430798,0.201113,0.716896,-0.000000,0.245809,0.712646,-0.025288,0.291870,0.667364,-0.037156,0.329524,0.629512,-0.047181,0.360801,0.608973,-0.057880,0.285741,0.585553,-0.036099,0.296783,0.506571,-0.057783,0.297712,0.454326,-0.069699,0.296100,0.413152,-0.077514,0.254801,0.572717,-0.033344,0.227952,0.569859,-0.073030,0.215229,0.627540,-0.081422,0.213055,0.671409,-0.077963,0.223895,0.570646,-0.032479,0.195717,0.585032,-0.067649,0.194004,0.639197,-0.063869,0.199231,0.677239,-0.052338,0.194145,0.575173,-0.033889,0.174539,0.588008,-0.058584,0.173511,0.633643,-0.056855,0.181772,0.664550,-0.048463
3074,0,0.209798,0.193975,0.216844,2.454564,2.462001,0.200329,0.717410,-0.000000,0.243305,0.715420,-0.027827,0.287250,0.673590,-0.041893,0.323197,0.634647,-0.053987,0.354127,0.611953,-0.066401,0.281516,0.582904,-0.038108,0.290390,0.502533,-0.061653,0.290490,0.449221,-0.074420,0.288276,0.407463,-0.082568,0.250114,0.570768,-0.034740,0.223313,0.568637,-0.077179,0.211211,0.627504,-0.086481,0.209305,0.672541,-0.082953,0.219546,0.569164,-0.033553,0.191992,0.584780,-0.071276,0.190690,0.640654,-0.067748,0.196886,0.679194,-0.055558,0.190425,0.573752,-0.034804,0.170728,0.587612,-0.061108,0.171157,0.634225,-0.059632,0.181053,0.665137,-0.050811
3101,0,0.107019,0.072336,0.579637,2.455300,2.427478,0.199254,0.720188,-0.000000,0.242742,0.716540,-0.026323,0.287043,0.675662,-0.040094,0.321842,0.637372,-0.052485,0.351205,0.614744,-0.065390,0.280469,0.582106,-0.035568,0.288461,0.504633,-0.058167,0.288942,0.451728,-0.070430,0.287384,0.409262,-0.078455,0.249335,0.569079,-0.033096,0.222523,0.570341,-0.075502,0.210563,0.630876,-0.084940,0.208294,0.676867,-0.081088,0.218637,0.567188,-0.032583,0.190898,0.586442,-0.069916,0.190242,0.642785,-0.066385,0.196186,0.682072,-0.053930,0.189066,0.572482,-0.034445,0.168554,0.590159,-0.060190,0.169699,0.636747,-0.058520,0.179769,0.667412,-0.049404
3136,0,0.090654,0.064587,0.644416,2.432656,2.399248,0.200646,0.724450,-0.000000,0.243929,0.720742,-0.026655,0.288738,0.678890,-0.040376,0.321936,0.640720,-0.052605,0.351351,0.619054,-0.065314,0.281388,0.586732,-0.035594,0.289374,0.507856,-0.058478,0.289492,0.454895,-0.070867,0.287682,0.411628,-0.078891,0.249716,0.574440,-0.032898,0.225424,0.570643,-0.075746,0.212861,0.631743,-0.084989,0.209972,0.676577,-0.080752,0.218806,0.572221,-0.032224,0.193259,0.586449,-0.069776,0.192173,0.643936,-0.065539,0.197651,0.682687,-0.052444,0.188845,0.577183,-0.033925,0.170013,0.591545,-0.059537,0.170878,0.638938,-0.057066,0.180334,0.669265,-0.047341
3170,0,0.073291,0.037600,0.225134,2.429802,2.404491,0.201896,0.726515,-0.000000,0.244986,0.722347,-0.026880,0.289727,0.682194,-0.041085,0.322843,0.644455,-0.053825,0.352459,0.621919,-0.067112,0.281918,0.588149,-0.035615,0.289445,0.510272,-0.058361,0.289379,0.457490,-0.070651,0.287594,0.414581,-0.078695,0.250251,0.575658,-0.032977,0.224966,0.573417,-0.075413,0.212786,0.633505,-0.085065,0.210326,0.678326,-0.081204,0.219457,0.574053,-0.032350,0.193242,0.589443,-0.069686,0.192741,0.645946,-0.065954,0.198741,0.684671,-0.053375,0.189735,0.579697,-0.034103,0.170106,0.594940,-0.059809,0.171763,0.641605,-0.057814,0.182001,0.672027,-0.048420
3197,0,0.074479,0.052054,0.127254,2.453198,2.424658,0.202030,0.727607,-0.000000,0.244649,0.723516,-0.028250,0.289409,0.684579,-0.043400,0.323330,0.646631,-0.056885,0.353485,0.622895,-0.070850,0.282131,0.590100,-0.037026,0.290257,0.511760,-0.060600,0.289912,0.458909,-0.073476,0.287814,0.416185,-0.081804,0.250842,0.577379,-0.033920,0.225095,0.575048,-0.077192,0.212670,0.634774,-0.087121,0.210272,0.679613,-0.083277,0.220101,0.575269,-0.032991,0.193312,0.591124,-0.070978,0.192237,0.647622,-0.067262,0.198055,0.686511,-0.054547,0.190464,0.580365,-0.034624,0.170431,0.596429,-0.060664,0.171778,0.643153,-0.058679,0.181866,0.673793,-0.049198
3232,0,0.057593,0.050602,0.425161,2.432812,2.405084,0.202215,0.728135,-0.000000,0.245403,0.724004,-0.027059,0.290717,0.684056,-0.041173,0.324688,0.646536,-0.053797,0.354013,0.623020,-0.066966,0.282592,0.589575,-0.036207,0.291471,0.512446,-0.059116,0.291628,0.459921,-0.071580,0.289841,0.417648,-0.079719,0.251134,0.576257,-0.033419,0.225701,0.576208,-0.076002,0.213248,0.635385,-0.085678,0.210458,0.680976,-0.081898,0.220358,0.574403,-0.032698,0.193566,0.592985,-0.069658,0.192861,0.648177,-0.066261,0.198452,0.686752,-0.054054,0.190716,0.579944,-0.034444,0.170629,0.598594,-0.059693,0.172065,0.644286,-0.058059,0.181956,0.674633,-0.049023
3265,0,0.049665,0.064578,0.212399,2.403400,2.368184,0.200969,0.727525,-0.000000,0.244245,0.724160,-0.027499,0.290031,0.684582,-0.041650,0.325044,0.647069,-0.054196,0.354408,0.623295,-0.067256,0.282415,0.590253,-0.035553,0.292089,0.513227,-0.058303,0.292793,0.460705,-0.070593,0.291299,0.418260,-0.078551,0.251251,0.576936,-0.032489,0.226036,0.575177,-0.075021,0.213394,0.634316,-0.084840,0.210863,0.679787,-0.080925,0.220768,0.574485,-0.031526,0.194092,0.591460,-0.068796,0.192438,0.646865,-0.065555,0.197475,0.685703,-0.053137,0.191342,0.579382,-0.033050,0.171057,0.596362,-0.058464,0.171853,0.642286,-0.056763,0.181462,0.673035,-0.047522
3312,0,0.055975,0.053070,0.245884,2.395996,2.370829,0.201246,0.727813,-0.000000,0.244098,0.725224,-0.028466,0.289730,0.686714,-0.043356,0.325265,0.648698,-0.056546,0.355808,0.624653,-0.070153,0.283514,0.591182,-0.036328,0.293365,0.513369,-0.059659,0.293960,0.460704,-0.072271,0.292610,0.418367,-0.080422,0.252402,0.577877,-0.033055,0.227161,0.574150,-0.076443,0.213719,0.633388,-0.086392,0.210206,0.679395,-0.082476,0.221908,0.575326,-0.032028,0.194852,0.590806,-0.070153,0.192400,0.646933,-0.066880,0.197150,0.685917,-0.054203,0.192577,0.579949,-0.033536,0.171963,0.595726,-0.059466,0.172224,0.641915,-0.057701,0.181626,0.672890,-0.048298
3346,0,0.045694,0.054197,0.321545,2.359592,2.337632,0.200825,0.727068,-0.000000,0.244410,0.725584,-0.028694,0.291067,0.686913,-0.043476,0.326898,0.648656,-0.056455,0.357792,0.625220,-0.069884,0.284254,0.591026,-0.036198,0.294939,0.513405,-0.059289,0.296053,0.461292,-0.071687,0.295241,0.419274,-0.079674,0.252810,0.578214,-0.032800,0.228341,0.572449,-0.076260,0.214552,0.632239,-0.086244,0.210850,0.678733,-0.082251,0.222419,0.575750,-0.031657,0.196100,0.588991,-0.070013,0.193345,0.645162,-0.066728,0.197783,0.684275,-0.054039,0.192971,0.580689,-0.033010,0.172972,0.594056,-0.059224,0.172862,0.640352,-0.057517,0.182103,0.671227,-0.048114
3378,0,0.085963,0.087061,0.640242,2.347626,2.329268,0.200619,0.727059,-0.000000,0.244235,0.726376,-0.030559,0.291401,0.689802,-0.046396,0.327508,0.652156,-0.060182,0.358718,0.627574,-0.074259,0.284344,0.591024,-0.037162,0.297154,0.514476,-0.060731,0.299715,0.462774,-0.073420,0.300093,0.420710,-0.081685,0.252465,0.578714,-0.033384,0.228816,0.569952,-0.077294,0.214932,0.629645,-0.087626,0.211349,0.676196,-0.083881,0.221802,0.577094,-0.032093,0.196571,0.586858,-0.071806,0.193050,0.644130,-0.068512,0.197321,0.684072,-0.055501,0.192489,0.582588,-0.033320,0.173806,0.591322,-0.060764,0.173092,0.638170,-0.058762,0.181868,0.669987,-0.049011
3406,0,0.128754,0.120450,0.802257,2.334418,2.336677,0.201738,0.726670,-0.000000,0.245359,0.727519,-0.032602,0.292543,0.691184,-0.049227,0.329564,0.653121,-0.063426,0.361211,0.628153,-0.077754,0.285430,0.591239,-0.039071,0.301133,0.514378,-0.063587,0.305080,0.462988,-0.076525,0.306833,0.421250,-0.084740,0.252118,0.579213,-0.034640,0.232043,0.563531,-0.079953,0.216334,0.623109,-0.090497,0.211051,0.669902,-0.086487,0.221180,0.578178,-0.032910,0.199042,0.584274,-0.075231,0.193457,0.642802,-0.072514,0.195957,0.683233,-0.058962,0.192243,0.584687,-0.033605,0.176705,0.589325,-0.063264,0.174488,0.636846,-0.061550,0.181326,0.669640,-0.051361
3439,0,0.175650,0.174467,1.316848,2.243488,2.314898,0.201451,0.722936,-0.000000,0.246067,0.725444,-0.034613,0.294694,0.693083,-0.051903,0.332136,0.654637,-0.066528,0.363762,0.628788,-0.081316,0.285447,0.590163,-0.038350,0.304600,0.513608,-0.062563,0.310030,0.463617,-0.075661,0.313572,0.422901,-0.083851,0.252267,0.579650,-0.033345,0.234588,0.551880,-0.079626,0.216214,0.607629,-0.092106,0.207539,0.654438,-0.088531,0.221989,0.580146,-0.031103,0.200549,0.578056,-0.074816,0.192854,0.635131,-0.073906,0.193320,0.675561,-0.060483,0.194211,0.587569,-0.031282,0.180138,0.583812,-0.061848,0.176012,0.630099,-0.060418,0.180095,0.664828,-0.049823
3469,0,0.290442,0.285995,1.254128,2.031172,2.154804,0.200445,0.719626,-0.000000,0.247827,0.725207,-0.036526,0.297015,0.694615,-0.053620,0.335504,0.656584,-0.067593,0.368171,0.631271,-0.081697,0.286720,0.586653,-0.035129,0.308798,0.514462,-0.058559,0.315148,0.465585,-0.071883,0.319479,0.426003,-0.080462,0.253213,0.576382,-0.029166,0.240160,0.536539,-0.072988,0.218862,0.586087,-0.085727,0.207947,0.630367,-0.082672,0.222109,0.577864,-0.026387,0.202863,0.565006,-0.068958,0.193085,0.619442,-0.068698,0.192418,0.659136,-0.055959,0.193847,0.587064,-0.026176,0.179589,0.575915,-0.056154,0.174857,0.619905,-0.054887,0.178801,0.653654,-0.044781
3504,0,0.336671,0.339390,1.624527,1.776061,1.889195,0.201844,0.722250,0.000000,0.250615,0.730058,-0.036408,0.300393,0.697840,-0.052192,0.339597,0.660335,-0.064567,0.372653,0.636541,-0.076908,0.289485,0.585895,-0.032364,0.311959,0.515170,-0.054433,0.317372,0.466934,-0.067360,0.321593,0.428264,-0.076064,0.255095,0.573983,-0.026551,0.245013,0.518688,-0.065898,0.220811,0.559034,-0.077818,0.208601,0.599099,-0.075349,0.222963,0.577270,-0.023969,0.204411,0.546390,-0.063527,0.190867,0.593944,-0.063235,0.189405,0.631489,-0.051315,0.194971,0.590815,-0.023953,0.178561,0.569774,-0.052615,0.172675,0.609299,-0.051283,0.177085,0.643046,-0.041799
3537,0,0.184109,0.202014,1.098829,1.712385,1.786540,0.202907,0.725266,0.000000,0.250893,0.733294,-0.036866,0.301054,0.701824,-0.052150,0.342144,0.664504,-0.063859,0.376362,0.641226,-0.075699,0.290687,0.587458,-0.031126,0.313636,0.515155,-0.053888,0.317788,0.467201,-0.067008,0.321104,0.429671,-0.074846,0.257285,0.572682,-0.024976,0.252602,0.507549,-0.064121,0.223039,0.535003,-0.077142,0.204666,0.571742,-0.074256,0.225416,0.573921,-0.022123,0.203485,0.544710,-0.062481,0.185176,0.590086,-0.065138,0.183004,0.630522,-0.053757,0.197984,0.587161,-0.021778,0.177343,0.569273,-0.050936,0.168787,0.609857,-0.051133,0.173842,0.649455,-0.041818
3567,0,0.488954,0.499596,1.441210,1.361282,1.401741,0.203715,0.727499,0.000000,0.249241,0.734615,-0.035270,0.301686,0.702098,-0.049106,0.344564,0.665363,-0.059325,0.378154,0.641629,-0.070075,0.291901,0.591265,-0.027456,0.313368,0.518576,-0.043897,0.318911,0.470155,-0.055642,0.323176,0.429375,-0.064534,0.261563,0.573753,-0.020804,0.259513,0.507738,-0.051694,0.231089,0.511354,-0.067587,0.206736,0.530888,-0.071071,0.232294,0.570033,-0.016789,0.217887,0.520213,-0.049404,0.193060,0.549216,-0.057069,0.178624,0.585816,-0.053519,0.204985,0.578008,-0.015304,0.185049,0.551854,-0.043001,0.169787,0.584758,-0.048343,0.165767,0.624713,-0.045058
3598,0,0.369303,0.344109,2.290528,1.102108,1.181698,0.203421,0.725203,0.000000,0.250938,0.732482,-0.035628,0.303156,0.702062,-0.049376,0.344992,0.664029,-0.058961,0.379017,0.641886,-0.068611,0.293529,0.587563,-0.029117,0.316138,0.516165,-0.042469,0.323359,0.469488,-0.053177,0.328260,0.430657,-0.062067,0.262297,0.568632,-0.021796,0.263857,0.502437,-0.045311,0.246408,0.486635,-0.060811,0.227635,0.491181,-0.067950,0.232289,0.565614,-0.017268,0.220411,0.510172,-0.044485,0.197311,0.517138,-0.057473,0.177976,0.541447,-0.061241,0.204007,0.575365,-0.015269,0.188275,0.542815,-0.041676,0.171934,0.565533,-0.051624,0.161311,0.599162,-0.053904
3633,0,0.260894,0.264680,2.186194,0.949370,1.009750,0.203763,0.726846,0.000000,0.253017,0.731363,-0.032881,0.304035,0.703172,-0.046373,0.345647,0.667055,-0.056834,0.380203,0.644795,-0.067327,0.294062,0.587162,-0.026684,0.317814,0.516328,-0.040643,0.325385,0.470502,-0.052403,0.329023,0.431726,-0.062164,0.264266,0.568059,-0.021321,0.269845,0.497976,-0.043708,0.254660,0.472144,-0.060165,0.234364,0.465991,-0.068827,0.233760,0.567187,-0.018806,0.222968,0.508060,-0.042575,0.203602,0.499508,-0.057833,0.183780,0.507604,-0.064696,0.203543,0.580117,-0.018856,0.184340,0.546234,-0.042009,0.169497,0.552322,-0.054002,0.156497,0.569442,-0.059066
3679,0,0.354226,0.359599,1.775676,0.760572,0.821923,0.203641,0.727214,0.000000,0.253810,0.731371,-0.031156,0.304875,0.703157,-0.043693,0.346644,0.668317,-0.053507,0.381499,0.647431,-0.063220,0.294632,0.582660,-0.022586,0.319158,0.515613,-0.034954,0.327072,0.472434,-0.046920,0.330640,0.434159,-0.057238,0.264738,0.561711,-0.017662,0.272810,0.494867,-0.035828,0.260770,0.460213,-0.052028,0.241257,0.441874,-0.062111,0.233548,0.559269,-0.015629,0.230204,0.501145,-0.034333,0.212192,0.480210,-0.049575,0.190152,0.473294,-0.058481,0.202162,0.572216,-0.016309,0.185659,0.538583,-0.035694,0.169119,0.534198,-0.047390,0.151751,0.538132,-0.053373
3714,0,0.292689,0.244083,1.914927,0.558954,0.644108,0.205753,0.724889,0.000000,0.256692,0.730374,-0.030570,0.307123,0.703243,-0.043203,0.347900,0.669629,-0.053540,0.382168,0.650041,-0.063572,0.296227,0.580544,-0.023713,0.319724,0.513217,-0.036887,0.328255,0.469809,-0.048270,0.331616,0.431117,-0.057593,0.266015,0.558318,-0.019541,0.275401,0.488938,-0.035299,0.269715,0.447923,-0.049148,0.256751,0.418803,-0.058167,0.234164,0.555808,-0.018359,0.231979,0.494310,-0.035502,0.217204,0.464378,-0.048642,0.200139,0.443235,-0.056208,0.201988,0.569218,-0.019879,0.185740,0.527645,-0.037191,0.170697,0.509797,-0.047020,0.156030,0.497042,-0.051783
3745,0,0.269755,0.277031,0.990141,0.363155,0.389495,0.208540,0.725572,0.000000,0.260432,0.731253,-0.030361,0.309892,0.704616,-0.043575,0.349172,0.671118,-0.054334,0.382730,0.651132,-0.064589,0.296662,0.578317,-0.026024,0.318929,0.512022,-0.040818,0.327404,0.469045,-0.053022,0.331032,0.429757,-0.062773,0.266305,0.554335,-0.022376,0.276954,0.482152,-0.037993,0.273182,0.438872,-0.050803,0.263284,0.404679,-0.059075,0.234533,0.550379,-0.021754,0.231928,0.485150,-0.036850,0.222066,0.447461,-0.048013,0.211023,0.415714,-0.054804,0.202200,0.563492,-0.024040,0.185900,0.515806,-0.038699,0.172945,0.487280,-0.046903,0.161853,0.461580,-0.051072
3773,0,0.217352,0.229895,0.473199,0.350175,0.314335,0.208475,0.726968,0.000000,0.261226,0.731596,-0.030253,0.309403,0.705658,-0.044494,0.347963,0.674621,-0.056383,0.381954,0.656111,-0.067583,0.296727,0.577636,-0.026886,0.319638,0.513751,-0.043051,0.328457,0.470344,-0.056211,0.332363,0.430295,-0.066656,0.266363,0.552699,-0.024326,0.278901,0.478894,-0.039753,0.278318,0.432216,-0.052122,0.272020,0.393326,-0.060815,0.234538,0.548814,-0.024979,0.234693,0.479671,-0.040371,0.227732,0.436743,-0.051229,0.219621,0.399243,-0.058272,0.202257,0.562724,-0.028586,0.187336,0.509019,-0.043979,0.176134,0.474865,-0.052191,0.167006,0.443115,-0.056554
3807,0,0.083522,0.079691,0.236353,0.409846,0.330543,0.208863,0.727007,0.000000,0.262346,0.731793,-0.029912,0.310104,0.705862,-0.044211,0.348727,0.676026,-0.056224,0.382735,0.658321,-0.067580,0.296613,0.577498,-0.026814,0.320092,0.513518,-0.042964,0.329681,0.470331,-0.056086,0.334449,0.430230,-0.066437,0.265602,0.552083,-0.024511,0.279752,0.477267,-0.039398,0.281843,0.429300,-0.051723,0.278212,0.388496,-0.060690,0.233363,0.548148,-0.025377,0.234697,0.477743,-0.040679,0.229423,0.433188,-0.051793,0.223005,0.393780,-0.059028,0.200719,0.561488,-0.029116,0.187788,0.505648,-0.044557,0.178191,0.469507,-0.052797,0.170785,0.435503,-0.057263
3841,0,0.077617,0.088257,0.199353,0.474169,0.400085,0.208177,0.727708,0.000000,0.262368,0.731776,-0.029483,0.310962,0.706814,-0.043936,0.350445,0.678415,-0.056245,0.385379,0.662950,-0.067927,0.296031,0.578181,-0.026676,0.320940,0.513976,-0.042716,0.331436,0.470703,-0.055548,0.337163,0.431121,-0.065591,0.265124,0.552569,-0.024688,0.280919,0.476135,-0.039473,0.285056,0.427391,-0.051573,0.283475,0.386292,-0.060255,0.232844,0.547956,-0.025804,0.233867,0.474826,-0.041356,0.229405,0.428075,-0.052689,0.224097,0.387172,-0.060011,0.200220,0.560881,-0.029692,0.187512,0.503880,-0.045192,0.178727,0.466453,-0.053421,0.172322,0.431412,-0.057954
3873,0,0.087481,0.089869,0.215652,0.542835,0.476222,0.207940,0.728429,0.000000,0.262181,0.732263,-0.029209,0.310923,0.708166,-0.044077,0.351284,0.681079,-0.056903,0.387709,0.667288,-0.069234,0.295005,0.579313,-0.027394,0.321488,0.515382,-0.043937,0.333399,0.472595,-0.056867,0.340778,0.433045,-0.066979,0.264322,0.552913,-0.025791,0.281713,0.475537,-0.040871,0.288220,0.426013,-0.052992,0.288959,0.384174,-0.061694,0.231901,0.548021,-0.027306,0.232785,0.473533,-0.043091,0.229814,0.425797,-0.054718,0.226551,0.384303,-0.062223,0.199585,0.560957,-0.031534,0.186705,0.503155,-0.047249,0.178389,0.465166,-0.055634,0.172930,0.429526,-0.060320
3903,0,0.057410,0.079072,0.184988,0.584203,0.533015,0.207223,0.729996,0.000000,0.262294,0.733641,-0.028753,0.311244,0.710469,-0.044038,0.351853,0.685408,-0.057470,0.388870,0.672024,-0.070474,0.293813,0.579108,-0.027381,0.322073,0.515125,-0.044465,0.335746,0.472409,-0.057719,0.344433,0.433501,-0.067802,0.263603,0.552484,-0.026116,0.282992,0.475348,-0.041508,0.291058,0.425454,-0.053729,0.292753,0.383578,-0.062387,0.231114,0.547932,-0.027915,0.232464,0.473031,-0.043717,0.230465,0.424972,-0.055296,0.227993,0.383275,-0.062778,0.198680,0.561007,-0.032405,0.186199,0.503749,-0.047957,0.178505,0.465058,-0.056187,0.173513,0.428942,-0.060748
3937,0,0.047951,0.057566,0.129510,0.598781,0.557582,0.206621,0.730115,0.000000,0.262182,0.733089,-0.027895,0.311723,0.710196,-0.042849,0.352567,0.686297,-0.056113,0.389647,0.674767,-0.068982,0.294055,0.580017,-0.026475,0.322434,0.516507,-0.043460,0.336862,0.474362,-0.056545,0.346446,0.435940,-0.066574,0.263794,0.553536,-0.025738,0.283417,0.476453,-0.041159,0.292230,0.426891,-0.053273,0.294921,0.384993,-0.061865,0.231287,0.548654,-0.028039,0.232282,0.473358,-0.044035,0.230919,0.425028,-0.055574,0.229186,0.382668,-0.063015,0.198960,0.561757,-0.032981,0.186611,0.503830,-0.048564,0.179181,0.465119,-0.056688,0.174525,0.428676,-0.061254
3965,0,0.053958,0.063031,0.111374,0.633073,0.569915,0.207946,0.731434,0.000000,0.262895,0.734442,-0.028941,0.312262,0.711943,-0.044595,0.353321,0.688600,-0.058388,0.390603,0.676676,-0.071785,0.293556,0.581397,-0.028183,0.322442,0.517727,-0.045533,0.337367,0.475652,-0.058858,0.347666,0.437255,-0.069004,0.263180,0.554109,-0.026901,0.282569,0.476772,-0.042428,0.292022,0.427186,-0.054597,0.295755,0.385350,-0.063299,0.230917,0.548947,-0.028689,0.231796,0.473357,-0.044667,0.230623,0.425353,-0.056222,0.229487,0.383348,-0.063768,0.199257,0.561819,-0.033202,0.186600,0.503864,-0.048747,0.179153,0.465474,-0.056944,0.174634,0.429310,-0.061602
3998,0,0.020090,0.032418,0.074864,0.632799,0.559273,0.208430,0.730802,0.000000,0.263849,0.734678,-0.028677,0.312758,0.712372,-0.044174,0.353418,0.689083,-0.057861,0.390802,0.676864,-0.071222,0.293384,0.581202,-0.027989,0.322742,0.517936,-0.045333,0.337922,0.475844,-0.058585,0.348113,0.437555,-0.068615,0.263169,0.554343,-0.026830,0.283047,0.476976,-0.042400,0.292429,0.427401,-0.054494,0.295682,0.385600,-0.063147,0.231011,0.549380,-0.028731,0.231724,0.474078,-0.044862,0.230497,0.425793,-0.056449,0.229131,0.383473,-0.064016,0.198908,0.562410,-0.033330,0.186592,0.505072,-0.049062,0.179499,0.466304,-0.057318,0.175050,0.429707,-0.062025
4046,0,0.031436,0.029006,0.101748,0.635460,0.570978,0.207979,0.731961,0.000000,0.263171,0.734272,-0.029244,0.312731,0.711957,-0.044959,0.353778,0.689533,-0.058740,0.390972,0.677670,-0.072159,0.293398,0.581576,-0.028466,0.322253,0.518760,-0.045864,0.337381,0.477023,-0.059319,0.347581,0.438538,-0.069591,0.263030,0.554895,-0.027146,0.282336,0.477811,-0.042789,0.291646,0.428268,-0.055051,0.295355,0.386080,-0.063876,0.230703,0.550232,-0.028936,0.231259,0.474805,-0.045249,0.230277,0.426410,-0.056968,0.229223,0.383589,-0.064600,0.198711,0.563522,-0.033512,0.186608,0.505419,-0.049336,0.179535,0.466910,-0.057547,0.175242,0.430137,-0.062321
4079,0,0.034679,0.047580,0.076390,0.639576,0.572855,0.208270,0.732774,0.000000,0.262943,0.735134,-0.030115,0.311790,0.713038,-0.046423,0.352988,0.689641,-0.060738,0.390701,0.677205,-0.074654,0.292666,0.581470,-0.029100,0.321447,0.518302,-0.046822,0.336630,0.476502,-0.060665,0.347391,0.437911,-0.071211,0.262577,0.554885,-0.027470,0.281039,0.477821,-0.043343,0.290375,0.428265,-0.055845,0.294635,0.385957,-0.064978,0.230358,0.550441,-0.029046,0.231115,0.474788,-0.045589,0.229812,0.426605,-0.057440,0.228782,0.383700,-0.065195,0.198724,0.563962,-0.033467,0.186588,0.505876,-0.049503,0.179428,0.467398,-0.057911,0.175096,0.430519,-0.062840
4113,0,0.042062,0.039704,0.094938,0.615910,0.558901,0.207614,0.733010,0.000000,0.262521,0.735498,-0.029197,0.311176,0.713210,-0.044957,0.352345,0.690100,-0.058790,0.389725,0.677539,-0.072227,0.292419,0.582449,-0.028188,0.322186,0.519055,-0.045570,0.337286,0.476658,-0.059042,0.347600,0.437598,-0.069273,0.261930,0.555717,-0.026891,0.281290,0.478060,-0.042508,0.290584,0.427864,-0.054756,0.294321,0.385073,-0.063617,0.229696,0.550988,-0.028693,0.230754,0.475166,-0.044921,0.229643,0.427106,-0.056449,0.228627,0.384343,-0.063906,0.197894,0.564479,-0.033232,0.186342,0.506466,-0.049064,0.179524,0.467893,-0.057133,0.175483,0.431025,-0.061672
4143,0,0.026331,0.040829,0.065342,0.624238,0.573272,0.207146,0.732146,0.000000,0.262098,0.735168,-0.029534,0.310804,0.712748,-0.045543,0.352038,0.689489,-0.059572,0.389719,0.677558,-0.073206,0.292334,0.582666,-0.028959,0.321679,0.519338,-0.046550,0.336712,0.476978,-0.060076,0.347278,0.438116,-0.070436,0.261925,0.555895,-0.027538,0.281003,0.478358,-0.043348,0.290248,0.428195,-0.055759,0.294145,0.385532,-0.064716,0.229591,0.551176,-0.029193,0.230692,0.475261,-0.045578,0.229671,0.427194,-0.057234,0.228853,0.384647,-0.064824,0.197665,0.564651,-0.033635,0.186254,0.506549,-0.049572,0.179393,0.467953,-0.057809,0.175355,0.431097,-0.062522
4173,0,0.014878,0.044315,0.067404,0.628225,0.557884,0.208401,0.732832,0.000000,0.262875,0.735635,-0.029665,0.311276,0.712341,-0.045558,0.352153,0.689126,-0.059437,0.389604,0.677472,-0.072921,0.292423,0.582202,-0.029089,0.321521,0.519000,-0.046600,0.336576,0.476770,-0.060120,0.347243,0.437725,-0.070512,0.261932,0.555465,-0.027597,0.280776,0.478133,-0.043364,0.289901,0.428218,-0.055733,0.294012,0.385425,-0.064687,0.229692,0.550735,-0.029179,0.230773,0.475026,-0.045558,0.229781,0.427056,-0.057244,0.228947,0.384092,-0.064867,0.197897,0.564254,-0.033566,0.186443,0.505954,-0.049477,0.179782,0.467360,-0.057783,0.175928,0.430354,-0.062601
4208,0,0.018799,0.022334,0.134672,0.631119,0.548516,0.208898,0.732422,0.000000,0.263432,0.734586,-0.028998,0.311698,0.712466,-0.044805,0.352727,0.689680,-0.058677,0.389930,0.676867,-0.072226,0.292437,0.582469,-0.028836,0.321891,0.519253,-0.046382,0.336933,0.476985,-0.059895,0.347203,0.437719,-0.070218,0.262163,0.555587,-0.027654,0.281373,0.478145,-0.043407,0.290361,0.428168,-0.055702,0.293917,0.385339,-0.064483,0.229970,0.550974,-0.029464,0.230744,0.474984,-0.045737,0.229941,0.426990,-0.057064,0.229099,0.383937,-0.064376,0.198213,0.564628,-0.034016,0.186795,0.506421,-0.049823,0.180148,0.467705,-0.057709,0.176258,0.430504,-0.062118
4237,0,0.022714,0.036956,0.097447,0.626010,0.555467,0.208157,0.732693,0.000000,0.263270,0.735089,-0.029130,0.312250,0.712281,-0.044808,0.353475,0.688864,-0.058476,0.390740,0.676681,-0.071821,0.292999,0.582252,-0.028287,0.322201,0.519316,-0.045597,0.337081,0.477078,-0.059014,0.347270,0.437979,-0.069274,0.262744,0.555580,-0.027050,0.281392,0.477759,-0.042655,0.289973,0.427768,-0.054817,0.293366,0.384945,-0.063606,0.230521,0.550998,-0.028915,0.231205,0.475084,-0.045274,0.229881,0.427029,-0.056718,0.228756,0.383965,-0.064144,0.198682,0.564499,-0.033525,0.187315,0.506142,-0.049435,0.180339,0.467568,-0.057471,0.176176,0.430535,-0.061992
4270,0,0.022064,0.028691,0.061327,0.628016,0.549871,0.208588,0.732161,0.000000,0.263428,0.735259,-0.029749,0.311829,0.712438,-0.045685,0.352970,0.688879,-0.059535,0.390756,0.676758,-0.073060,0.292735,0.581697,-0.028904,0.321669,0.518830,-0.046297,0.336648,0.476862,-0.059858,0.347184,0.437897,-0.070290,0.262470,0.554911,-0.027285,0.281157,0.477811,-0.042807,0.290164,0.428250,-0.055038,0.293891,0.385927,-0.063959,0.230417,0.550433,-0.028778,0.231125,0.474910,-0.045038,0.230149,0.426913,-0.056657,0.229116,0.384045,-0.064247,0.198897,0.564068,-0.033095,0.187363,0.505991,-0.048887,0.180715,0.467468,-0.057088,0.176675,0.430574,-0.061909
4306,0,0.026206,0.035530,0.065579,0.607188,0.520276,0.209191,0.732294,0.000000,0.263419,0.734815,-0.029570,0.311479,0.712068,-0.045377,0.352603,0.688463,-0.059176,0.390554,0.675851,-0.072581,0.293015,0.581478,-0.028065,0.322100,0.518758,-0.045162,0.336820,0.476651,-0.058531,0.346929,0.437788,-0.068854,0.262557,0.554855,-0.026506,0.281233,0.478097,-0.041936,0.289809,0.428203,-0.054158,0.293267,0.385576,-0.063047,0.230244,0.550552,-0.028101,0.231355,0.475168,-0.044266,0.230135,0.427221,-0.055807,0.229049,0.384233,-0.063334,0.198373,0.564375,-0.032473,0.187080,0.506301,-0.048316,0.180413,0.467676,-0.056452,0.176501,0.430575,-0.061147
4334,0,0.021058,0.017431,0.037581,0.593319,0.514749,0.208663,0.732252,0.000000,0.262969,0.734601,-0.029261,0.311347,0.711612,-0.044830,0.352719,0.688087,-0.058450,0.390062,0.676041,-0.071678,0.292594,0.581318,-0.027634,0.321674,0.518584,-0.044615,0.336338,0.476569,-0.057950,0.346308,0.437754,-0.068210,0.262137,0.554923,-0.026258,0.280695,0.477362,-0.041469,0.289335,0.427599,-0.053553,0.292765,0.385123,-0.062276,0.229832,0.550599,-0.028010,0.230956,0.475040,-0.044008,0.229898,0.427058,-0.055412,0.228869,0.384204,-0.062812,0.197917,0.564296,-0.032550,0.187186,0.506157,-0.048190,0.180573,0.467583,-0.056162,0.176606,0.430458,-0.060667
4366,0,0.025566,0.025844,0.062770,0.597652,0.529611,0.208029,0.732069,0.000000,0.262437,0.734535,-0.029832,0.310953,0.711998,-0.045794,0.352214,0.688120,-0.059664,0.389694,0.675693,-0.073106,0.292324,0.581545,-0.028456,0.321298,0.518107,-0.045651,0.335715,0.475793,-0.059092,0.345773,0.436780,-0.069424,0.262034,0.555035,-0.026740,0.280234,0.477605,-0.042148,0.288778,0.427864,-0.054409,0.292244,0.385358,-0.063311,0.229925,0.550452,-0.028170,0.230990,0.474838,-0.044185,0.229940,0.426927,-0.055696,0.228831,0.384014,-0.063239,0.198195,0.563889,-0.032406,0.187149,0.505877,-0.048082,0.180507,0.467268,-0.056161,0.176422,0.430393,-0.060773
4419,0,0.019674,0.043179,0.044799,0.598422,0.517795,0.208846,0.733166,0.000000,0.263065,0.734850,-0.029856,0.311384,0.711790,-0.045704,0.352191,0.688195,-0.059497,0.389737,0.675837,-0.072862,0.291950,0.581607,-0.028480,0.320492,0.518342,-0.045775,0.335010,0.476196,-0.059461,0.345272,0.436972,-0.069967,0.261728,0.555423,-0.026836,0.279736,0.477890,-0.042238,0.288157,0.427901,-0.054602,0.291597,0.385139,-0.063571,0.229621,0.551147,-0.028355,0.230750,0.475313,-0.044417,0.229724,0.427017,-0.055959,0.228836,0.383835,-0.063499,0.197941,0.564944,-0.032697,0.186894,0.506298,-0.048455,0.180215,0.467581,-0.056495,0.176237,0.430529,-0.061105
4449,0,0.017685,0.024418,0.085409,0.607689,0.525434,0.208780,0.732616,0.000000,0.263034,0.734381,-0.029397,0.311252,0.711868,-0.045317,0.352270,0.688744,-0.059222,0.389436,0.675849,-0.072770,0.291641,0.582077,-0.028488,0.320685,0.518987,-0.045816,0.335416,0.476638,-0.059329,0.345390,0.437380,-0.069740,0.261482,0.555751,-0.027151,0.280178,0.477707,-0.042714,0.288475,0.427774,-0.055014,0.291523,0.384975,-0.063928,0.229591,0.551307,-0.028898,0.230800,0.475296,-0.045103,0.229769,0.426884,-0.056583,0.228519,0.383443,-0.064035,0.197740,0.564942,-0.033390,0.186978,0.506425,-0.049239,0.180235,0.467482,-0.057189,0.175995,0.430222,-0.061682
4480,0,0.026278,0.052614,0.054668,0.608886,0.541649,0.207946,0.731523,0.000000,0.262071,0.733913,-0.030367,0.310468,0.711831,-0.046638,0.351957,0.688963,-0.060733,0.389542,0.676469,-0.074436,0.291579,0.581776,-0.029260,0.320663,0.519147,-0.046674,0.335495,0.476979,-0.060305,0.345564,0.437898,-0.070760,0.261666,0.555369,-0.027369,0.279870,0.478295,-0.042998,0.288267,0.428529,-0.055381,0.291577,0.385743,-0.064373,0.229709,0.551027,-0.028654,0.230986,0.475295,-0.044997,0.229833,0.427337,-0.056594,0.228724,0.384086,-0.064159,0.197909,0.564357,-0.032757,0.186930,0.505976,-0.048743,0.180182,0.467474,-0.056879,0.176025,0.430378,-0.061518
4511,0,0.025157,0.042220,0.085449,0.595963,0.520374,0.208426,0.732739,0.000000,0.262423,0.735242,-0.029825,0.310473,0.712306,-0.045703,0.351603,0.688508,-0.059506,0.389086,0.676404,-0.072952,0.292008,0.581939,-0.028555,0.320572,0.518953,-0.045846,0.335090,0.476767,-0.059506,0.345199,0.437590,-0.070020,0.261650,0.555691,-0.026928,0.279713,0.478291,-0.042341,0.288165,0.428529,-0.054679,0.291552,0.385874,-0.063690,0.229518,0.551428,-0.028484,0.230839,0.475653,-0.044594,0.229710,0.427603,-0.056181,0.228669,0.384641,-0.063762,0.197651,0.564994,-0.032846,0.186746,0.506567,-0.048599,0.180175,0.468223,-0.056753,0.176183,0.431144,-0.061402
4541,0,0.028018,0.041669,0.083900,0.580578,0.522100,0.207537,0.732988,0.000000,0.261851,0.735092,-0.029590,0.310102,0.712847,-0.045391,0.351207,0.688994,-0.059180,0.388725,0.675996,-0.072541,0.291529,0.581755,-0.027826,0.320378,0.518830,-0.044821,0.334947,0.476684,-0.058218,0.345048,0.437845,-0.068515,0.261531,0.555489,-0.026205,0.280059,0.478045,-0.041365,0.288305,0.428415,-0.053479,0.291655,0.385883,-0.062280,0.229441,0.551246,-0.027773,0.230724,0.475378,-0.043717,0.229709,0.427009,-0.055261,0.228767,0.383608,-0.062814,0.197486,0.564986,-0.032120,0.186808,0.506566,-0.047885,0.180183,0.467616,-0.056044,0.176100,0.430220,-0.060676
4575,0,0.031891,0.035783,0.049072,0.600300,0.539379,0.207526,0.732784,0.000000,0.261772,0.735436,-0.029995,0.309895,0.713302,-0.046018,0.351083,0.689640,-0.059884,0.388487,0.676563,-0.073286,0.291457,0.582763,-0.028748,0.320641,0.519869,-0.046018,0.335271,0.477576,-0.059492,0.345255,0.438314,-0.069865,0.261456,0.556139,-0.027001,0.280057,0.478834,-0.042453,0.288465,0.429151,-0.054680,0.291755,0.386396,-0.063555,0.229555,0.551514,-0.028409,0.230812,0.475982,-0.044592,0.229908,0.427656,-0.056141,0.228958,0.384244,-0.063698,0.197548,0.565104,-0.032615,0.186729,0.506770,-0.048584,0.180121,0.468051,-0.056783,0.176139,0.430618,-0.061452
4609,0,0.023194,0.024230,0.052883,0.599734,0.529286,0.207798,0.733710,0.000000,0.261807,0.735685,-0.029289,0.310143,0.713089,-0.044923,0.351283,0.689793,-0.058507,0.388238,0.677520,-0.071699,0.291704,0.583381,-0.028184,0.320551,0.520302,-0.045351,0.335153,0.477904,-0.058792,0.345060,0.438665,-0.069132,0.261641,0.556966,-0.026794,0.280280,0.479485,-0.042214,0.288628,0.429412,-0.054443,0.291834,0.386700,-0.063320,0.229546,0.552493,-0.028469,0.230922,0.476467,-0.044531,0.230121,0.427987,-0.055976,0.229141,0.384434,-0.063392,0.197515,0.566016,-0.032926,0.186835,0.507025,-0.048596,0.180370,0.468171,-0.056511,0.176582,0.430639,-0.061003
4641,0,0.018367,0.019524,0.050286,0.610922,0.542826,0.207702,0.733941,0.000000,0.261641,0.736463,-0.030001,0.309747,0.713685,-0.045991,0.350744,0.689935,-0.059895,0.388408,0.677682,-0.073301,0.291849,0.583538,-0.028700,0.320796,0.520340,-0.045991,0.335343,0.477993,-0.059503,0.345452,0.438790,-0.069878,0.261811,0.557025,-0.027006,0.280583,0.479299,-0.042497,0.288699,0.429439,-0.054762,0.291806,0.386935,-0.063603,0.229758,0.552455,-0.028486,0.231330,0.476406,-0.044636,0.230408,0.427801,-0.056116,0.229491,0.384140,-0.063568,0.197527,0.565905,-0.032782,0.187022,0.507217,-0.048594,0.180484,0.468514,-0.056615,0.176518,0.431071,-0.061179
4669,0,0.019278,0.036427,0.045296,0.606281,0.547128,0.207276,0.733177,0.000000,0.261794,0.735812,-0.029467,0.310317,0.713374,-0.045144,0.351016,0.689881,-0.058755,0.388118,0.677894,-0.071974,0.291718,0.583622,-0.028344,0.320987,0.520833,-0.045607,0.335698,0.478528,-0.059076,0.345655,0.439180,-0.069480,0.261876,0.556986,-0.026830,0.280693,0.479821,-0.042400,0.288814,0.430147,-0.054729,0.291777,0.387488,-0.063601,0.229934,0.552076,-0.028398,0.231754,0.476334,-0.044574,0.230946,0.427955,-0.056011,0.229949,0.384330,-0.063422,0.197753,0.565316,-0.032745,0.187133,0.507035,-0.048493,0.180649,0.468513,-0.056439,0.176796,0.431453,-0.060893
4705,0,0.023449,0.039356,0.094276,0.617265,0.545997,0.207859,0.733923,0.000000,0.262456,0.736607,-0.030054,0.310391,0.713427,-0.046035,0.351137,0.689500,-0.059859,0.388832,0.677553,-0.073328,0.291767,0.583468,-0.028789,0.320513,0.520442,-0.046177,0.335284,0.478097,-0.059824,0.345584,0.438928,-0.070299,0.261523,0.557036,-0.027061,0.280164,0.479410,-0.042578,0.288564,0.429435,-0.054907,0.292042,0.386796,-0.063814,0.229465,0.552354,-0.028504,0.231480,0.476425,-0.044645,0.230881,0.427902,-0.056225,0.230280,0.384658,-0.063779,0.197615,0.565777,-0.032780,0.187220,0.506954,-0.048600,0.180850,0.468054,-0.056795,0.177167,0.430831,-0.061498
4736,0,0.022759,0.045347,0.106394,0.601711,0.546541,0.207106,0.732325,0.000000,0.261674,0.735161,-0.029513,0.309698,0.713028,-0.045435,0.350713,0.689656,-0.059275,0.387911,0.676994,-0.072724,0.291463,0.583199,-0.028481,0.320924,0.520431,-0.045720,0.335591,0.478333,-0.059204,0.345285,0.439159,-0.069558,0.261400,0.556591,-0.026969,0.280465,0.478886,-0.042446,0.288899,0.429077,-0.054721,0.291824,0.386702,-0.063616,0.229408,0.552082,-0.028517,0.231458,0.475997,-0.044581,0.230660,0.427749,-0.056073,0.229670,0.384487,-0.063545,0.197360,0.565615,-0.032822,0.187076,0.507040,-0.048530,0.180569,0.468455,-0.056500,0.176577,0.431095,-0.060983
4780,0,0.018952,0.028384,0.074740,0.604207,0.549137,0.207056,0.733382,0.000000,0.261549,0.735679,-0.029312,0.309937,0.713133,-0.044928,0.351026,0.689448,-0.058481,0.388323,0.676975,-0.071679,0.291407,0.583797,-0.028085,0.320393,0.521028,-0.045391,0.335121,0.478740,-0.059015,0.345243,0.439298,-0.069473,0.261543,0.557130,-0.026768,0.280059,0.479416,-0.042260,0.288378,0.429656,-0.054604,0.291655,0.386861,-0.063533,0.229684,0.552401,-0.028565,0.231347,0.476416,-0.044750,0.230473,0.427994,-0.056134,0.229702,0.384324,-0.063604,0.197787,0.565768,-0.033136,0.187120,0.506901,-0.048912,0.180796,0.468098,-0.056774,0.177182,0.430490,-0.061256
4818,0,0.039185,0.049007,0.063968,0.593408,0.535612,0.207465,0.734370,0.000000,0.262212,0.736448,-0.029131,0.310621,0.713198,-0.044658,0.351335,0.689252,-0.058191,0.389005,0.677280,-0.071260,0.291965,0.583660,-0.027279,0.320967,0.520481,-0.044302,0.335689,0.478216,-0.057834,0.345734,0.439010,-0.068269,0.261857,0.556844,-0.025908,0.280604,0.479162,-0.041132,0.288889,0.429486,-0.053347,0.291942,0.386970,-0.062108,0.229842,0.551712,-0.027653,0.232137,0.475996,-0.043447,0.231427,0.427778,-0.054665,0.230418,0.384421,-0.061965,0.197848,0.564895,-0.032158,0.187554,0.506508,-0.047507,0.181178,0.467802,-0.055199,0.177367,0.430373,-0.059473
4857,0,0.035637,0.050623,0.051636,0.620754,0.557632,0.207502,0.733532,0.000000,0.262465,0.736398,-0.029322,0.310903,0.713831,-0.045073,0.351677,0.689638,-0.058823,0.389172,0.677491,-0.072110,0.292685,0.583789,-0.028072,0.321440,0.520864,-0.045430,0.336079,0.478483,-0.059038,0.345974,0.438991,-0.069538,0.262680,0.557004,-0.026733,0.281729,0.479591,-0.042251,0.289850,0.429946,-0.054466,0.292597,0.387176,-0.063252,0.230664,0.552055,-0.028483,0.232648,0.476533,-0.044430,0.231902,0.428307,-0.055573,0.230814,0.384929,-0.062788,0.198505,0.565357,-0.033055,0.188082,0.506706,-0.048502,0.181496,0.468027,-0.056145,0.177441,0.430758,-0.060431
4883,0,0.031879,0.036781,0.079800,0.610740,0.556012,0.207087,0.733759,0.000000,0.262168,0.736303,-0.029180,0.311176,0.713254,-0.044465,0.352367,0.689068,-0.057790,0.389625,0.677190,-0.070723,0.292503,0.583999,-0.027345,0.320880,0.520806,-0.044393,0.335606,0.478609,-0.057968,0.345920,0.439358,-0.068443,0.262731,0.557333,-0.025973,0.281100,0.479696,-0.041222,0.289407,0.430051,-0.053479,0.292852,0.387475,-0.062386,0.230881,0.552291,-0.027701,0.233084,0.476374,-0.043610,0.232329,0.427942,-0.054939,0.231543,0.384449,-0.062243,0.199088,0.565292,-0.032262,0.188683,0.506337,-0.047778,0.182261,0.467491,-0.055616,0.178453,0.429965,-0.060034
4909,0,0.034176,0.055264,0.066399,0.631022,0.554571,0.208151,0.733027,0.000000,0.262766,0.735838,-0.029920,0.311572,0.713128,-0.045647,0.352648,0.688968,-0.059270,0.389848,0.676831,-0.072464,0.292625,0.583857,-0.028690,0.320964,0.520602,-0.046075,0.335628,0.478575,-0.059840,0.345937,0.439270,-0.070396,0.262482,0.557144,-0.026978,0.280987,0.479311,-0.042437,0.289498,0.429784,-0.054812,0.293186,0.387513,-0.063834,0.230570,0.552107,-0.028387,0.233114,0.476389,-0.044363,0.232484,0.428249,-0.055846,0.231805,0.385463,-0.063335,0.198778,0.565190,-0.032630,0.188918,0.506378,-0.048250,0.182691,0.467700,-0.056274,0.179033,0.430494,-0.060839
4941,0,0.026807,0.028055,0.061342,0.623858,0.540821,0.208478,0.733385,0.000000,0.263113,0.736079,-0.029661,0.311519,0.713523,-0.045337,0.352082,0.689196,-0.058931,0.389636,0.677512,-0.072098,0.293052,0.583521,-0.027971,0.321270,0.520454,-0.045088,0.335704,0.478311,-0.058682,0.345742,0.439134,-0.069179,0.263281,0.556903,-0.026334,0.281715,0.479439,-0.041565,0.289926,0.430009,-0.053735,0.293131,0.387817,-0.062560,0.231306,0.552114,-0.027864,0.233836,0.476093,-0.043771,0.233038,0.428190,-0.055123,0.232014,0.385104,-0.062489,0.199275,0.565089,-0.032188,0.189374,0.506303,-0.047757,0.182853,0.467707,-0.055692,0.178799,0.430497,-0.060141
4975,0,0.030230,0.023445,0.059347,0.640262,0.539086,0.209365,0.732369,0.000000,0.263965,0.735152,-0.029394,0.312484,0.713086,-0.044954,0.353165,0.689237,-0.058469,0.390244,0.677525,-0.071557,0.293938,0.583013,-0.027936,0.322362,0.520288,-0.045061,0.336849,0.478124,-0.058575,0.346811,0.438928,-0.068996,0.264225,0.556701,-0.026425,0.282973,0.479292,-0.041753,0.290800,0.430077,-0.054023,0.293600,0.387749,-0.062914,0.232527,0.551840,-0.028007,0.234843,0.476369,-0.043852,0.234096,0.428086,-0.055232,0.232923,0.384258,-0.062630,0.200504,0.564756,-0.032382,0.190320,0.506290,-0.047799,0.183742,0.467817,-0.055552,0.179664,0.430423,-0.059962
5010,0,0.026985,0.021897,0.095174,0.638737,0.531948,0.209538,0.732685,0.000000,0.263735,0.735786,-0.029447,0.312083,0.713509,-0.044979,0.352851,0.690222,-0.058433,0.389940,0.677688,-0.071497,0.294044,0.583596,-0.027779,0.322088,0.520495,-0.044730,0.336240,0.478483,-0.058185,0.346123,0.439398,-0.068586,0.264325,0.557183,-0.026128,0.282647,0.479675,-0.041145,0.290863,0.430344,-0.053215,0.294226,0.388094,-0.062054,0.232798,0.552296,-0.027601,0.235310,0.476353,-0.043310,0.234766,0.428552,-0.054599,0.233954,0.385456,-0.062019,0.201064,0.565071,-0.031879,0.191035,0.506373,-0.047286,0.184690,0.468039,-0.055132,0.180847,0.430959,-0.059605
5039,0,0.022260,0.027869,0.056875,0.637128,0.539187,0.209121,0.733237,0.000000,0.263509,0.735851,-0.029309,0.312196,0.713861,-0.044761,0.353197,0.690465,-0.058158,0.390390,0.678220,-0.071165,0.293895,0.583984,-0.027342,0.322110,0.521115,-0.044265,0.336229,0.478840,-0.057804,0.345960,0.439497,-0.068259,0.264468,0.557250,-0.025765,0.283143,0.480253,-0.040721,0.291353,0.431007,-0.052842,0.294475,0.388815,-0.061737,0.232934,0.552164,-0.027307,0.235723,0.476665,-0.042848,0.235269,0.429074,-0.054047,0.234421,0.386189,-0.061383,0.201148,0.564849,-0.031666,0.191561,0.506484,-0.046923,0.185531,0.468053,-0.054649,0.181901,0.430984,-0.059009
5071,0,0.027810,0.041886,0.056235,0.656501,0.533297,0.210247,0.733353,0.000000,0.264509,0.736015,-0.029534,0.312685,0.713777,-0.045153,0.353253,0.689831,-0.058677,0.390317,0.677558,-0.071847,0.294244,0.584274,-0.028025,0.322312,0.521548,-0.045117,0.336436,0.479526,-0.058713,0.346054,0.440368,-0.069184,0.264621,0.557628,-0.026428,0.282934,0.480266,-0.041603,0.291054,0.430776,-0.053778,0.294240,0.388561,-0.062724,0.233150,0.552499,-0.027936,0.235608,0.476789,-0.043697,0.235211,0.429189,-0.054950,0.234471,0.386501,-0.062333,0.201456,0.565368,-0.032249,0.191333,0.506692,-0.047708,0.185261,0.468290,-0.055553,0.181889,0.431102,-0.060026
5105,0,0.014777,0.029994,0.069394,0.651990,0.548317,0.209250,0.732924,0.000000,0.263533,0.735576,-0.029598,0.312056,0.713661,-0.045309,0.353190,0.690213,-0.058912,0.390292,0.677950,-0.072090,0.294201,0.583856,-0.027915,0.322161,0.521169,-0.045061,0.336290,0.479247,-0.058770,0.345876,0.440017,-0.069327,0.264737,0.557599,-0.026339,0.283408,0.480335,-0.041483,0.291679,0.431261,-0.053705,0.294855,0.388959,-0.062632,0.233205,0.552654,-0.027915,0.235850,0.477037,-0.043715,0.235175,0.429409,-0.055015,0.234100,0.386151,-0.062384,0.201167,0.565634,-0.032326,0.191529,0.507058,-0.047789,0.185250,0.468582,-0.055582,0.181252,0.431061,-0.060010
5133,0,0.023333,0.034163,0.051539,0.657333,0.533938,0.210082,0.733534,0.000000,0.263756,0.736053,-0.030298,0.312211,0.713826,-0.046235,0.353488,0.690109,-0.059922,0.390828,0.677802,-0.073253,0.293949,0.584219,-0.028347,0.321925,0.521390,-0.045597,0.336125,0.479388,-0.059390,0.346059,0.439878,-0.070062,0.264419,0.557853,-0.026486,0.282541,0.480792,-0.041697,0.290689,0.431523,-0.054036,0.293995,0.388820,-0.063148,0.232961,0.553113,-0.027851,0.235557,0.477836,-0.043682,0.235009,0.430239,-0.054958,0.234365,0.386953,-0.062403,0.201192,0.566152,-0.032124,0.191425,0.507325,-0.047618,0.185417,0.468781,-0.055489,0.182037,0.431089,-0.059992
5186,0,0.020841,0.030013,0.079152,0.664504,0.544283,0.209962,0.732615,0.000000,0.264367,0.735364,-0.029851,0.312424,0.713909,-0.045837,0.353159,0.689974,-0.059631,0.390408,0.677836,-0.073071,0.294098,0.583885,-0.028525,0.322003,0.521291,-0.045837,0.335960,0.479106,-0.059631,0.345507,0.439600,-0.070277,0.264678,0.557680,-0.026827,0.283008,0.480695,-0.042230,0.291072,0.431511,-0.054609,0.294148,0.388775,-0.063663,0.233299,0.552810,-0.028259,0.235779,0.477395,-0.044281,0.235371,0.429752,-0.055634,0.234528,0.386205,-0.063097,0.201567,0.565758,-0.032521,0.191831,0.507220,-0.048207,0.185704,0.468727,-0.056130,0.181907,0.431217,-0.060657
5215,0,0.032668,0.050170,0.079215,0.641163,0.536045,0.209274,0.733337,0.000000,0.263660,0.736085,-0.029709,0.312255,0.713927,-0.045261,0.353194,0.690364,-0.058712,0.390248,0.678184,-0.071774,0.294178,0.583787,-0.027644,0.322035,0.520857,-0.044555,0.335963,0.478831,-0.058182,0.345690,0.439574,-0.068703,0.264694,0.557695,-0.025878,0.282636,0.480451,-0.040812,0.290643,0.431210,-0.053063,0.293804,0.388671,-0.062101,0.233298,0.552949,-0.027273,0.235829,0.477425,-0.042930,0.235249,0.429690,-0.054299,0.234401,0.386633,-0.061713,0.201645,0.565906,-0.031509,0.191873,0.506969,-0.046955,0.185817,0.468485,-0.054863,0.182136,0.431023,-0.059347
5245,0,0.030390,0.031187,0.040403,0.657614,0.540474,0.209692,0.733380,0.000000,0.263966,0.736196,-0.029892,0.312799,0.714165,-0.045574,0.353831,0.690294,-0.059147,0.391055,0.678229,-0.072365,0.294315,0.584723,-0.027943,0.322089,0.521974,-0.045149,0.336091,0.479719,-0.058970,0.345810,0.440028,-0.069672,0.264888,0.558463,-0.026260,0.282580,0.481044,-0.041498,0.290231,0.431690,-0.053937,0.293151,0.388964,-0.063081,0.233488,0.553623,-0.027766,0.236080,0.478241,-0.043696,0.235226,0.430759,-0.055036,0.234205,0.387624,-0.062478,0.201878,0.566274,-0.032160,0.192079,0.507488,-0.047771,0.185900,0.469049,-0.055709,0.182155,0.431677,-0.060210
5279,0,0.014363,0.027701,0.060920,0.662352,0.526786,0.210559,0.733122,0.000000,0.264711,0.735931,-0.030020,0.313138,0.714108,-0.045755,0.353782,0.690448,-0.059298,0.390878,0.678548,-0.072487,0.294428,0.584637,-0.028606,0.322690,0.521851,-0.045684,0.336476,0.479502,-0.059262,0.345608,0.439740,-0.069764,0.264710,0.558396,-0.026785,0.282602,0.480793,-0.041936,0.290339,0.431609,-0.054171,0.293279,0.389281,-0.063187,0.233128,0.553586,-0.028093,0.235907,0.478155,-0.043987,0.235182,0.430769,-0.055302,0.234259,0.388196,-0.062728,0.201603,0.566545,-0.032248,0.191811,0.507554,-0.047912,0.185691,0.469062,-0.055903,0.182059,0.431833,-0.060465
5308,0,0.023609,0.040936,0.081616,0.648991,0.537984,0.209414,0.733134,0.000000,0.263845,0.735659,-0.029588,0.312751,0.713796,-0.045116,0.353784,0.690442,-0.058576,0.390702,0.678517,-0.071613,0.294642,0.584292,-0.027857,0.322388,0.521540,-0.044833,0.336102,0.479437,-0.058470,0.345431,0.439936,-0.068998,0.265121,0.558165,-0.026214,0.282895,0.480793,-0.041300,0.290644,0.431565,-0.053524,0.293434,0.389075,-0.062533,0.233587,0.553488,-0.027716,0.236153,0.478019,-0.043455,0.235455,0.430658,-0.054690,0.234462,0.387713,-0.062038,0.201883,0.566388,-0.032026,0.192183,0.507736,-0.047518,0.185997,0.469557,-0.055326,0.182182,0.432223,-0.059742
5341,0,0.033348,0.051264,0.073999,0.665636,0.532954,0.210373,0.733821,0.000000,0.264622,0.736251,-0.030318,0.313396,0.713794,-0.046096,0.353999,0.689900,-0.059610,0.390771,0.677775,-0.072806,0.294796,0.584397,-0.028903,0.322749,0.521262,-0.046096,0.336287,0.478910,-0.059787,0.345565,0.439029,-0.070435,0.264887,0.558370,-0.026922,0.282379,0.481120,-0.042275,0.290009,0.431894,-0.054728,0.292982,0.389394,-0.063891,0.233166,0.553837,-0.028107,0.235773,0.478339,-0.044080,0.235437,0.430839,-0.055400,0.234803,0.387856,-0.062900,0.201296,0.566824,-0.032158,0.191739,0.507653,-0.047865,0.185917,0.469237,-0.055825,0.182671,0.431817,-0.060388