t,missing,delta_l1,delta_l1_wrist,delta_angles,delta_base_l1,delta_base_l1_wrist,x0,y0,z0,x1,y1,z1,x2,y2,z2,x3,y3,z3,x4,y4,z4,x5,y5,z5,x6,y6,z6,x7,y7,z7,x8,y8,z8,x9,y9,z9,x10,y10,z10,x11,y11,z11,x12,y12,z12,x13,y13,z13,x14,y14,z14,x15,y15,z15,x16,y16,z16,x17,y17,z17,x18,y18,z18,x19,y19,z19,x20,y20,z20
27,0,,,,0.000000,0.000000,0.131186,0.747985,0.000000,0.192463,0.738856,-0.028426,0.248497,0.702818,-0.041179,0.287784,0.658968,-0.051820,0.321077,0.622922,-0.061615,0.225151,0.582228,-0.020878,0.259610,0.519734,-0.037434,0.277073,0.478007,-0.051666,0.289216,0.438672,-0.062383,0.191937,0.556596,-0.019860,0.214884,0.476267,-0.034188,0.225075,0.425556,-0.047364,0.230177,0.380671,-0.057121,0.156964,0.551363,-0.022433,0.165738,0.474330,-0.037376,0.171011,0.426421,-0.048017,0.175749,0.382664,-0.055277,0.119671,0.562461,-0.027888,0.116675,0.500983,-0.042677,0.115131,0.460317,-0.049323,0.115524,0.421117,-0.052972
60,0,0.013067,0.015730,0.027027,0.013067,0.015730,0.131285,0.747828,0.000000,0.192571,0.738831,-0.028598,0.248422,0.702785,-0.041332,0.287712,0.659172,-0.051895,0.321048,0.623198,-0.061613,0.224949,0.582169,-0.020916,0.259531,0.519601,-0.037337,0.276995,0.478063,-0.051434,0.288935,0.438701,-0.061998,0.191718,0.556616,-0.019763,0.214713,0.476490,-0.033957,0.224715,0.425748,-0.047017,0.229620,0.380820,-0.056658,0.156865,0.551373,-0.022222,0.165845,0.474426,-0.037049,0.171039,0.426540,-0.047516,0.175442,0.382751,-0.054661,0.119608,0.562240,-0.027580,0.116566,0.500509,-0.042292,0.114903,0.459744,-0.048861,0.115173,0.420449,-0.052433
88,0,0.011473,0.015538,0.032570,0.017774,0.025056,0.131666,0.747833,0.000000,0.192422,0.739207,-0.028397,0.248465,0.702944,-0.040995,0.288015,0.659007,-0.051426,0.321257,0.623030,-0.061052,0.225096,0.581969,-0.020651,0.259329,0.519310,-0.037026,0.276568,0.477453,-0.051119,0.288672,0.438263,-0.061665,0.191845,0.556672,-0.019587,0.214653,0.476420,-0.033728,0.224657,0.425517,-0.046863,0.229543,0.380541,-0.056603,0.156980,0.551288,-0.022108,0.166024,0.474366,-0.036892,0.171046,0.426484,-0.047476,0.175420,0.382684,-0.054724,0.119748,0.562358,-0.027496,0.116806,0.500649,-0.042261,0.114989,0.459889,-0.048933,0.115057,0.420744,-0.052577
120,0,0.013132,0.014471,0.034662,0.017132,0.019832,0.131510,0.747886,0.000000,0.192884,0.739155,-0.028287,0.248724,0.702361,-0.040820,0.288377,0.658641,-0.051246,0.321558,0.622612,-0.060866,0.225302,0.582081,-0.020621,0.259667,0.519510,-0.037026,0.276797,0.477788,-0.051131,0.288823,0.438668,-0.061709,0.192085,0.556718,-0.019624,0.215010,0.476588,-0.033787,0.225124,0.425970,-0.046876,0.230054,0.381109,-0.056535,0.157023,0.551648,-0.022192,0.165857,0.474683,-0.037083,0.170891,0.426591,-0.047719,0.175346,0.382793,-0.054925,0.119711,0.562728,-0.027635,0.116753,0.501090,-0.042392,0.115049,0.460271,-0.049061,0.115125,0.421178,-0.052702
153,0,0.021120,0.024192,0.031213,0.027519,0.029892,0.131891,0.748603,0.000000,0.193085,0.739920,-0.028378,0.248565,0.703014,-0.040957,0.288038,0.659409,-0.051349,0.321296,0.623459,-0.060936,0.225574,0.581850,-0.020402,0.260012,0.519499,-0.036719,0.277422,0.478011,-0.050850,0.289246,0.438926,-0.061435,0.192446,0.556591,-0.019347,0.215242,0.476508,-0.033383,0.225309,0.425904,-0.046364,0.230119,0.381233,-0.056028,0.157536,0.551329,-0.021897,0.166566,0.474565,-0.036661,0.171683,0.426462,-0.047207,0.176125,0.382516,-0.054417,0.120202,0.562669,-0.027343,0.117239,0.501109,-0.042069,0.115546,0.460230,-0.048703,0.115793,0.421000,-0.052269
187,0,0.017709,0.017520,0.053706,0.028618,0.019301,0.132197,0.748208,0.000000,0.193292,0.739228,-0.028481,0.249106,0.702965,-0.041126,0.288382,0.659037,-0.051581,0.321748,0.623507,-0.061190,0.225688,0.581819,-0.020755,0.260184,0.519459,-0.037148,0.277577,0.477835,-0.051273,0.289552,0.438914,-0.061843,0.192726,0.556561,-0.019641,0.215529,0.476458,-0.033843,0.225453,0.426016,-0.046891,0.230192,0.381711,-0.056539,0.157842,0.551437,-0.022120,0.167063,0.474456,-0.036994,0.172416,0.426576,-0.047545,0.177075,0.382939,-0.054732,0.120649,0.562656,-0.027481,0.117596,0.500964,-0.042279,0.116013,0.460093,-0.048967,0.116433,0.420903,-0.052580
238,0,0.018802,0.018420,0.027060,0.023916,0.015811,0.132121,0.748307,0.000000,0.193247,0.739069,-0.028756,0.249009,0.702877,-0.041617,0.288303,0.658868,-0.052252,0.321561,0.622815,-0.062042,0.225718,0.582070,-0.021116,0.260081,0.519733,-0.037759,0.277540,0.477939,-0.052060,0.289659,0.438617,-0.062772,0.192575,0.556693,-0.019964,0.215651,0.476670,-0.034342,0.225563,0.425925,-0.047530,0.230367,0.381081,-0.057282,0.157732,0.551556,-0.022421,0.166966,0.474666,-0.037433,0.172175,0.426488,-0.048067,0.176898,0.382311,-0.055362,0.120464,0.562678,-0.027777,0.117772,0.501246,-0.042692,0.116365,0.460335,-0.049411,0.116796,0.421189,-0.053058
265,0,0.024408,0.022402,0.040342,0.027763,0.028344,0.132429,0.747556,0.000000,0.193233,0.738490,-0.028814,0.248866,0.701868,-0.041694,0.287885,0.657881,-0.052291,0.321273,0.622258,-0.062081,0.225462,0.580996,-0.021269,0.260035,0.518423,-0.037740,0.277470,0.476705,-0.051868,0.289564,0.437457,-0.062465,0.192222,0.555921,-0.020041,0.215185,0.475833,-0.034304,0.225210,0.425152,-0.047376,0.230115,0.380411,-0.057013,0.157282,0.551084,-0.022402,0.166403,0.474130,-0.037279,0.171701,0.426092,-0.047722,0.176464,0.382205,-0.054824,0.120030,0.562572,-0.027681,0.117379,0.500807,-0.042462,0.115979,0.460079,-0.049027,0.116523,0.420998,-0.052521
297,0,0.028429,0.017395,0.046311,0.039444,0.036598,0.132160,0.747190,0.000000,0.192888,0.738172,-0.028707,0.248770,0.700814,-0.041497,0.288067,0.656919,-0.052006,0.321263,0.621304,-0.061671,0.225316,0.580538,-0.021132,0.259276,0.517804,-0.037624,0.276340,0.475908,-0.051737,0.288279,0.436712,-0.062323,0.192018,0.555303,-0.019982,0.214697,0.474811,-0.034210,0.224695,0.424118,-0.047173,0.229424,0.379510,-0.056723,0.157083,0.550294,-0.022417,0.166009,0.473221,-0.037278,0.171132,0.425281,-0.047672,0.175532,0.381287,-0.054729,0.119905,0.561970,-0.027767,0.117013,0.500253,-0.042456,0.115379,0.459511,-0.048938,0.115634,0.420372,-0.052428
333,0,0.036073,0.020821,0.021591,0.063440,0.046356,0.131684,0.746708,0.000000,0.192611,0.737372,-0.028947,0.248263,0.700126,-0.041912,0.287530,0.656459,-0.052631,0.320830,0.620634,-0.062542,0.225223,0.579904,-0.021648,0.259062,0.516786,-0.038340,0.275928,0.474692,-0.052631,0.287756,0.435001,-0.063349,0.191708,0.554714,-0.020418,0.214281,0.474540,-0.034882,0.224117,0.423483,-0.048098,0.228748,0.378295,-0.057817,0.156618,0.549999,-0.022781,0.165464,0.473098,-0.037802,0.170368,0.424950,-0.048328,0.174687,0.380743,-0.055512,0.119313,0.561479,-0.028063,0.116529,0.499723,-0.042873,0.115006,0.458977,-0.049442,0.115375,0.419836,-0.052976
360,0,0.027478,0.022441,0.055679,0.084688,0.062791,0.131939,0.746282,0.000000,0.192724,0.736970,-0.029218,0.248147,0.699691,-0.042234,0.287116,0.655394,-0.052946,0.321054,0.620170,-0.062775,0.224806,0.579101,-0.021674,0.258543,0.515635,-0.038337,0.275432,0.473588,-0.052562,0.287211,0.434161,-0.063236,0.191330,0.553880,-0.020234,0.213725,0.473654,-0.034689,0.223457,0.422652,-0.047878,0.228022,0.377797,-0.057592,0.156377,0.549185,-0.022442,0.165259,0.471975,-0.037473,0.170173,0.423936,-0.048070,0.174676,0.380115,-0.055173,0.119424,0.560801,-0.027586,0.116575,0.499012,-0.042503,0.114857,0.458159,-0.049183,0.115208,0.419192,-0.052754
392,0,0.023154,0.019983,0.039744,0.102519,0.075577,0.132169,0.745843,0.000000,0.192815,0.736107,-0.029144,0.248154,0.699229,-0.042199,0.287158,0.654975,-0.052951,0.320624,0.618992,-0.062857,0.224762,0.578075,-0.021445,0.258129,0.514492,-0.037995,0.274832,0.472493,-0.052183,0.286457,0.433069,-0.062857,0.191151,0.553201,-0.020063,0.213460,0.473115,-0.034424,0.223249,0.422178,-0.047652,0.227916,0.377344,-0.057443,0.156228,0.548561,-0.022328,0.164710,0.471746,-0.037284,0.169692,0.423801,-0.047997,0.174026,0.380025,-0.055254,0.118923,0.560357,-0.027512,0.115982,0.498644,-0.042391,0.114345,0.457743,-0.049188,0.114670,0.418652,-0.052874
426,0,0.019322,0.019667,0.050694,0.114274,0.086742,0.132267,0.745684,0.000000,0.192861,0.735725,-0.028918,0.248056,0.697927,-0.041871,0.287174,0.653676,-0.052578,0.320952,0.617988,-0.062480,0.224637,0.577932,-0.021396,0.257806,0.514407,-0.037956,0.274411,0.472366,-0.052156,0.285791,0.432566,-0.062864,0.191104,0.553260,-0.020187,0.213279,0.472979,-0.034617,0.222730,0.421905,-0.047858,0.227054,0.376586,-0.057683,0.156142,0.548904,-0.022624,0.164391,0.471882,-0.037687,0.169042,0.423817,-0.048357,0.173102,0.379770,-0.055572,0.118928,0.560684,-0.027959,0.115726,0.498585,-0.042830,0.114164,0.457622,-0.049546,0.114397,0.418367,-0.053192
460,0,0.028906,0.032878,0.048147,0.130432,0.106976,0.132582,0.745646,0.000000,0.193459,0.735467,-0.028806,0.248380,0.697520,-0.041733,0.286870,0.652581,-0.052396,0.320340,0.616911,-0.062216,0.224466,0.577357,-0.021077,0.257182,0.513438,-0.037609,0.273508,0.471356,-0.051744,0.284817,0.431720,-0.062407,0.190940,0.552725,-0.019888,0.212661,0.472068,-0.034234,0.222125,0.421304,-0.047333,0.226523,0.376548,-0.056999,0.156108,0.548464,-0.022324,0.163865,0.471226,-0.037360,0.168449,0.422894,-0.047908,0.172623,0.378855,-0.055004,0.119053,0.560695,-0.027675,0.115437,0.498595,-0.042538,0.113527,0.457650,-0.049174,0.113525,0.418473,-0.052741
486,0,0.028124,0.026625,0.039077,0.154329,0.122727,0.132574,0.745075,0.000000,0.193175,0.734767,-0.028783,0.248418,0.697062,-0.041744,0.286965,0.652312,-0.052497,0.320198,0.616161,-0.062443,0.224102,0.577024,-0.021486,0.257137,0.513120,-0.038192,0.273438,0.470683,-0.052420,0.284676,0.430869,-0.063096,0.190516,0.552374,-0.020411,0.212270,0.471641,-0.035023,0.221541,0.420557,-0.048311,0.225654,0.375412,-0.058104,0.155631,0.548276,-0.022927,0.163415,0.471034,-0.038173,0.168053,0.422899,-0.048849,0.172089,0.378863,-0.056068,0.118612,0.560549,-0.028322,0.114890,0.498607,-0.043357,0.113150,0.457779,-0.050116,0.113429,0.418591,-0.053764
521,0,0.041954,0.047617,0.029706,0.165539,0.133868,0.132386,0.745467,0.000000,0.193433,0.734588,-0.028138,0.248426,0.696347,-0.040663,0.287184,0.651363,-0.051059,0.320279,0.615314,-0.060650,0.223954,0.576505,-0.020293,0.256810,0.512733,-0.036578,0.273006,0.470373,-0.050599,0.283874,0.430675,-0.061148,0.190434,0.552186,-0.019344,0.211996,0.471633,-0.033528,0.221089,0.420441,-0.046571,0.225071,0.375523,-0.056238,0.155560,0.547821,-0.021943,0.163265,0.470489,-0.036827,0.167892,0.422608,-0.047261,0.171854,0.379050,-0.054320,0.118486,0.560118,-0.027409,0.114720,0.498102,-0.042159,0.113071,0.457051,-0.048758,0.113347,0.417935,-0.052287
554,0,0.027417,0.033315,0.045972,0.158154,0.133860,0.132704,0.745428,0.000000,0.193514,0.735016,-0.028496,0.248318,0.696549,-0.041132,0.286865,0.651349,-0.051616,0.319567,0.614823,-0.061256,0.223679,0.576384,-0.021123,0.256466,0.512290,-0.037560,0.272655,0.469866,-0.051578,0.283716,0.430311,-0.062139,0.190060,0.552225,-0.020047,0.211644,0.471406,-0.034392,0.220807,0.420285,-0.047469,0.224641,0.375287,-0.057185,0.155279,0.548319,-0.022563,0.163173,0.471017,-0.037541,0.167846,0.422848,-0.048045,0.171742,0.378947,-0.055188,0.118238,0.560885,-0.027959,0.114704,0.498774,-0.042860,0.112971,0.457647,-0.049581,0.113156,0.418274,-0.053268
584,0,0.013413,0.020319,0.033058,0.161403,0.138829,0.132441,0.745781,0.000000,0.193078,0.735018,-0.028233,0.248298,0.696247,-0.040766,0.286657,0.651034,-0.051169,0.319425,0.614643,-0.060727,0.223618,0.576231,-0.020671,0.256624,0.512408,-0.037119,0.272940,0.469972,-0.051169,0.283911,0.430308,-0.061763,0.190042,0.551943,-0.019731,0.211555,0.470969,-0.034106,0.220709,0.420255,-0.047177,0.224680,0.375712,-0.056773,0.155313,0.548056,-0.022379,0.162992,0.470753,-0.037388,0.167646,0.422647,-0.047868,0.171467,0.378597,-0.054969,0.118484,0.560704,-0.027868,0.114908,0.498885,-0.042762,0.113064,0.457787,-0.049441,0.113131,0.418250,-0.053011
637,0,0.020901,0.024317,0.043636,0.157117,0.133157,0.132489,0.745594,0.000000,0.193412,0.734895,-0.028350,0.248477,0.696227,-0.041034,0.286864,0.651213,-0.051581,0.319734,0.614739,-0.061396,0.223236,0.576288,-0.020555,0.256329,0.512824,-0.037242,0.272680,0.470355,-0.051581,0.283945,0.430633,-0.062320,0.189871,0.552251,-0.019708,0.211351,0.471887,-0.034394,0.220318,0.420913,-0.047770,0.224292,0.375882,-0.057624,0.155114,0.548549,-0.022480,0.162974,0.471463,-0.037858,0.167656,0.423226,-0.048501,0.171661,0.378965,-0.055622,0.118111,0.560999,-0.028119,0.114726,0.499282,-0.043305,0.113438,0.458010,-0.050079,0.113963,0.418426,-0.053736
665,0,0.020491,0.020030,0.055617,0.170390,0.144629,0.132565,0.745423,0.000000,0.193245,0.734701,-0.028757,0.248208,0.696550,-0.041641,0.286282,0.651244,-0.052300,0.318959,0.614147,-0.062193,0.223291,0.576560,-0.021280,0.255877,0.512242,-0.038056,0.272162,0.469845,-0.052300,0.283405,0.430114,-0.062960,0.189699,0.552468,-0.020188,0.211163,0.471574,-0.034835,0.220179,0.420410,-0.048159,0.224202,0.375246,-0.057937,0.155008,0.548605,-0.022680,0.162861,0.471142,-0.037941,0.167473,0.422723,-0.048543,0.171505,0.378403,-0.055674,0.118316,0.560955,-0.028067,0.114931,0.498966,-0.043136,0.113292,0.457855,-0.049923,0.113564,0.418302,-0.053527
696,0,0.016490,0.016810,0.026615,0.177284,0.152066,0.132497,0.745528,0.000000,0.193060,0.734711,-0.028566,0.248103,0.696227,-0.041334,0.286119,0.651052,-0.051917,0.318557,0.613815,-0.061656,0.223196,0.576098,-0.021012,0.255671,0.512065,-0.037615,0.271716,0.469537,-0.051764,0.282627,0.429980,-0.062385,0.189551,0.552176,-0.020015,0.210877,0.471208,-0.034605,0.219991,0.420100,-0.047891,0.224068,0.375147,-0.057669,0.154812,0.548483,-0.022604,0.162414,0.470893,-0.037903,0.166989,0.422547,-0.048620,0.171121,0.378285,-0.055828,0.117918,0.561095,-0.028067,0.114549,0.498773,-0.043251,0.112887,0.457480,-0.050153,0.113193,0.417775,-0.053873
730,0,0.019798,0.011909,0.024452,0.188634,0.152554,0.132093,0.745453,0.000000,0.193035,0.734344,-0.028656,0.247558,0.695787,-0.041458,0.285758,0.650774,-0.052091,0.318427,0.613563,-0.061880,0.222764,0.576048,-0.020921,0.255104,0.511829,-0.037543,0.271082,0.469379,-0.051784,0.282313,0.429502,-0.062456,0.189150,0.551850,-0.019827,0.210404,0.471272,-0.034337,0.219528,0.419939,-0.047677,0.223683,0.374548,-0.057542,0.154301,0.547996,-0.022341,0.161817,0.470822,-0.037543,0.166216,0.422428,-0.048329,0.170153,0.378200,-0.055546,0.117582,0.560439,-0.027754,0.114175,0.498416,-0.042802,0.112485,0.457262,-0.049635,0.112663,0.417815,-0.053358
760,0,0.017680,0.015038,0.055301,0.196268,0.162274,0.131974,0.745530,0.000000,0.192786,0.734683,-0.028583,0.247354,0.695799,-0.041359,0.285102,0.650383,-0.051986,0.317918,0.613441,-0.061731,0.222473,0.576297,-0.021044,0.254630,0.511662,-0.037599,0.270603,0.469145,-0.051603,0.281513,0.429387,-0.062153,0.188821,0.552291,-0.019970,0.209776,0.471254,-0.034568,0.218872,0.419942,-0.047804,0.222913,0.374876,-0.057511,0.153943,0.548619,-0.022483,0.161330,0.470904,-0.037829,0.165887,0.422366,-0.048495,0.169916,0.378220,-0.055593,0.117432,0.561359,-0.027854,0.113577,0.498795,-0.043085,0.111801,0.457451,-0.049953,0.112121,0.417935,-0.053636
792,0,0.021608,0.018553,0.052996,0.206157,0.160448,0.131690,0.745167,0.000000,0.192350,0.734215,-0.028491,0.246916,0.696038,-0.041259,0.284851,0.650739,-0.051881,0.317177,0.613547,-0.061659,0.221789,0.575984,-0.020706,0.254013,0.511418,-0.037252,0.270186,0.469034,-0.051459,0.281368,0.429183,-0.062119,0.188145,0.552018,-0.019652,0.209074,0.471372,-0.034127,0.218028,0.420020,-0.047548,0.222092,0.374824,-0.057441,0.153398,0.548437,-0.022202,0.160814,0.470971,-0.037348,0.165164,0.422623,-0.048200,0.168920,0.378452,-0.055524,0.116844,0.560986,-0.027589,0.113146,0.498733,-0.042640,0.111249,0.457535,-0.049580,0.111175,0.418192,-0.053338
827,0,0.017466,0.026864,0.023538,0.218263,0.181927,0.131721,0.745676,0.000000,0.192209,0.734221,-0.028505,0.246778,0.695374,-0.041169,0.284651,0.649769,-0.051653,0.316986,0.612117,-0.061294,0.221366,0.575742,-0.020470,0.253762,0.511413,-0.036903,0.269836,0.469078,-0.051079,0.280956,0.429209,-0.061715,0.187759,0.551919,-0.019408,0.208838,0.471212,-0.033765,0.217786,0.420085,-0.047099,0.221738,0.374651,-0.056971,0.152969,0.548379,-0.021962,0.160638,0.471093,-0.037075,0.164883,0.422476,-0.047865,0.168631,0.378164,-0.055096,0.116470,0.561151,-0.027395,0.112935,0.498650,-0.042393,0.111025,0.457396,-0.049204,0.110982,0.417836,-0.052839
856,0,0.018160,0.018344,0.035450,0.222815,0.179466,0.131494,0.745345,0.000000,0.192330,0.734411,-0.028401,0.247021,0.695641,-0.041011,0.284601,0.649644,-0.051474,0.316656,0.611641,-0.061095,0.220765,0.575692,-0.020486,0.253445,0.511477,-0.037025,0.269675,0.469031,-0.051129,0.280610,0.429339,-0.061746,0.187260,0.552119,-0.019499,0.208462,0.470979,-0.034074,0.217415,0.419701,-0.047488,0.221131,0.374549,-0.057300,0.152742,0.548930,-0.022115,0.160382,0.470862,-0.037485,0.164857,0.421802,-0.048332,0.168597,0.377013,-0.055614,0.116260,0.561758,-0.027577,0.112825,0.499316,-0.042812,0.111259,0.457541,-0.049788,0.111522,0.417606,-0.053544
891,0,0.015130,0.013559,0.023217,0.228806,0.178247,0.131382,0.745076,0.000000,0.192181,0.734114,-0.028175,0.247148,0.695152,-0.040605,0.284877,0.649432,-0.050948,0.316813,0.611737,-0.060448,0.221143,0.575250,-0.020532,0.253740,0.511206,-0.037062,0.269744,0.468578,-0.051101,0.280660,0.428903,-0.061636,0.187421,0.551589,-0.019671,0.208473,0.470423,-0.034246,0.217224,0.419337,-0.047539,0.220868,0.374397,-0.057230,0.152807,0.548361,-0.022352,0.160285,0.470788,-0.037694,0.164653,0.422056,-0.048458,0.168265,0.377671,-0.055660,0.116419,0.561414,-0.027868,0.112762,0.499252,-0.043095,0.111038,0.457775,-0.049990,0.111085,0.418106,-0.053706
921,0,0.012729,0.017111,0.041066,0.225228,0.176518,0.131222,0.745484,0.000000,0.191985,0.734565,-0.028416,0.246597,0.695424,-0.040995,0.284688,0.649692,-0.051464,0.316927,0.612137,-0.061051,0.221147,0.575583,-0.020593,0.253664,0.511257,-0.037083,0.269958,0.468734,-0.051234,0.280952,0.428959,-0.061856,0.187572,0.551740,-0.019635,0.208688,0.470677,-0.034207,0.217434,0.419339,-0.047552,0.221186,0.374167,-0.057370,0.152969,0.548290,-0.022281,0.160627,0.470342,-0.037639,0.164984,0.421795,-0.048434,0.168739,0.377504,-0.055682,0.116413,0.561229,-0.027764,0.112749,0.498781,-0.043027,0.110908,0.457347,-0.050007,0.110883,0.417575,-0.053726
951,0,0.041911,0.057249,0.054612,0.242131,0.190001,0.131393,0.744658,0.000000,0.192142,0.734130,-0.028966,0.246897,0.695764,-0.042076,0.284251,0.650139,-0.052941,0.316604,0.612442,-0.063037,0.220890,0.576118,-0.021921,0.253318,0.511502,-0.039005,0.269737,0.468730,-0.053363,0.281097,0.428746,-0.064074,0.187300,0.552195,-0.020750,0.208353,0.471170,-0.035857,0.217201,0.419638,-0.049447,0.221043,0.374270,-0.059352,0.152891,0.548807,-0.023150,0.160309,0.470970,-0.038832,0.164646,0.422163,-0.049716,0.168513,0.377602,-0.057048,0.116671,0.561729,-0.028428,0.112912,0.499481,-0.043880,0.111163,0.458030,-0.050906,0.111301,0.418457,-0.054707
1005,0,0.036869,0.055698,0.060276,0.224160,0.186401,0.131619,0.745619,0.000000,0.192082,0.733751,-0.028247,0.246604,0.694549,-0.040833,0.284588,0.649059,-0.051261,0.316734,0.611703,-0.060887,0.220797,0.575715,-0.020665,0.253449,0.511453,-0.037300,0.269807,0.468819,-0.051567,0.280951,0.428689,-0.062262,0.187286,0.552216,-0.019786,0.208255,0.471082,-0.034283,0.217125,0.419582,-0.047671,0.221050,0.374101,-0.057526,0.152822,0.548724,-0.022479,0.160248,0.471127,-0.037682,0.164722,0.422474,-0.048358,0.168434,0.378152,-0.055540,0.116284,0.561493,-0.028018,0.112952,0.499071,-0.043049,0.111212,0.457828,-0.049734,0.111280,0.418242,-0.053362
1033,0,0.024308,0.021528,0.050939,0.237688,0.196177,0.131431,0.745661,0.000000,0.191880,0.734439,-0.028941,0.246272,0.695469,-0.041946,0.283967,0.649698,-0.052711,0.316465,0.611742,-0.062632,0.220335,0.575509,-0.021165,0.253044,0.511328,-0.038077,0.269310,0.468570,-0.052481,0.280788,0.428662,-0.063245,0.186913,0.551708,-0.019977,0.208088,0.470784,-0.034783,0.216890,0.419382,-0.048190,0.220704,0.374193,-0.057997,0.152614,0.548340,-0.022429,0.160078,0.470605,-0.037943,0.164524,0.421927,-0.048612,0.168240,0.377520,-0.055737,0.116439,0.561198,-0.027773,0.112838,0.498918,-0.043095,0.111082,0.457444,-0.049914,0.111100,0.417774,-0.053553
1067,0,0.017154,0.016155,0.046324,0.229057,0.196131,0.131479,0.745827,0.000000,0.191868,0.734386,-0.028591,0.246498,0.695359,-0.041381,0.284218,0.649291,-0.051927,0.316568,0.611671,-0.061668,0.220508,0.575748,-0.020997,0.252982,0.511143,-0.037737,0.269371,0.468644,-0.051966,0.280490,0.428848,-0.062627,0.187174,0.551907,-0.019981,0.208148,0.470780,-0.034746,0.216846,0.419450,-0.048092,0.220684,0.374374,-0.057872,0.152901,0.548831,-0.022550,0.160153,0.470929,-0.038063,0.164560,0.422109,-0.048859,0.168445,0.377320,-0.056108,0.116612,0.562096,-0.027977,0.112661,0.499969,-0.043337,0.110860,0.458633,-0.050355,0.110982,0.418826,-0.054152
1097,0,0.015678,0.027492,0.067831,0.222792,0.174213,0.130789,0.745607,0.000000,0.192112,0.734387,-0.028606,0.246951,0.695867,-0.041288,0.284055,0.649487,-0.051802,0.316188,0.611941,-0.061471,0.220592,0.575539,-0.020740,0.253450,0.511292,-0.037431,0.269664,0.468682,-0.051610,0.280831,0.428886,-0.062315,0.187106,0.551715,-0.019665,0.207974,0.470830,-0.034534,0.216527,0.419734,-0.048003,0.220199,0.374924,-0.057826,0.152704,0.548514,-0.022217,0.160182,0.471008,-0.037853,0.164735,0.422306,-0.048693,0.168717,0.377789,-0.055946,0.116497,0.561776,-0.027589,0.112863,0.500094,-0.043091,0.111333,0.458852,-0.050113,0.111637,0.419447,-0.053874
1129,0,0.023748,0.039818,0.075228,0.225992,0.204708,0.131463,0.746456,0.000000,0.192196,0.734520,-0.028604,0.246229,0.695799,-0.041592,0.283282,0.650221,-0.052450,0.315245,0.611992,-0.062503,0.220605,0.575375,-0.021180,0.253303,0.511119,-0.038120,0.269410,0.468475,-0.052527,0.280484,0.428542,-0.063270,0.187099,0.551686,-0.020201,0.207993,0.471157,-0.034993,0.216396,0.420216,-0.048422,0.219662,0.375453,-0.058244,0.152618,0.548613,-0.022810,0.160297,0.471668,-0.038158,0.164853,0.423449,-0.048767,0.168509,0.379597,-0.055904,0.116399,0.562055,-0.028278,0.112772,0.500267,-0.043472,0.111315,0.459173,-0.050187,0.111584,0.420047,-0.053717
1161,0,0.041612,0.046982,0.083307,0.249677,0.244839,0.131828,0.746786,0.000000,0.191887,0.734377,-0.029238,0.244780,0.695041,-0.042695,0.280239,0.648584,-0.053829,0.311688,0.609538,-0.064081,0.220941,0.574891,-0.021424,0.252737,0.509830,-0.038548,0.268349,0.467218,-0.052985,0.279374,0.427674,-0.063735,0.187265,0.551601,-0.020138,0.207546,0.470890,-0.035150,0.215392,0.420113,-0.048608,0.218695,0.375856,-0.058322,0.152818,0.549006,-0.022519,0.159847,0.472137,-0.038107,0.164084,0.424233,-0.048646,0.167870,0.380578,-0.055596,0.116430,0.562984,-0.027836,0.112689,0.501091,-0.043117,0.111223,0.460071,-0.049952,0.111799,0.420637,-0.053484
1193,0,0.079802,0.092913,0.116703,0.287737,0.302677,0.132958,0.746105,0.000000,0.191928,0.731931,-0.028967,0.244028,0.692409,-0.042144,0.277116,0.644816,-0.053016,0.306007,0.603493,-0.062966,0.220839,0.573537,-0.020937,0.251729,0.508107,-0.038052,0.266589,0.465158,-0.052517,0.277276,0.425677,-0.063158,0.186982,0.550763,-0.019516,0.206294,0.470735,-0.034326,0.213720,0.420251,-0.047753,0.216865,0.376784,-0.057472,0.152468,0.548394,-0.021763,0.159167,0.472746,-0.036862,0.163078,0.425280,-0.047177,0.166914,0.382610,-0.054053,0.116190,0.562517,-0.026931,0.113671,0.501795,-0.041683,0.112626,0.461173,-0.048214,0.113365,0.422351,-0.051671
1226,0,0.157247,0.190098,0.184555,0.400026,0.452998,0.135146,0.744557,0.000000,0.192992,0.727666,-0.026939,0.243777,0.687704,-0.038804,0.274095,0.639706,-0.048834,0.298865,0.597455,-0.058043,0.220639,0.571848,-0.017912,0.249413,0.505298,-0.034505,0.263093,0.462519,-0.048758,0.273354,0.423507,-0.059113,0.186497,0.551179,-0.017195,0.204016,0.471296,-0.031601,0.210688,0.421417,-0.045089,0.214041,0.379103,-0.054910,0.152209,0.549953,-0.020061,0.157540,0.475264,-0.034772,0.162140,0.428088,-0.044936,0.166665,0.386712,-0.051814,0.116221,0.564427,-0.025716,0.114888,0.504507,-0.039854,0.115482,0.464551,-0.046045,0.117663,0.426613,-0.049407
1255,0,0.181223,0.200262,0.178773,0.541939,0.616827,0.136466,0.741911,0.000000,0.192826,0.724359,-0.026498,0.242539,0.684087,-0.037372,0.270525,0.635012,-0.046362,0.291444,0.590216,-0.054579,0.220114,0.569899,-0.016067,0.248225,0.502920,-0.031794,0.261808,0.460562,-0.045759,0.271353,0.421725,-0.055748,0.186356,0.552024,-0.014983,0.203869,0.473073,-0.028232,0.210812,0.423995,-0.041537,0.214090,0.382724,-0.051300,0.152618,0.552464,-0.017518,0.159179,0.479334,-0.030870,0.164887,0.433850,-0.040595,0.170217,0.394000,-0.047267,0.117227,0.566989,-0.022861,0.118250,0.507604,-0.035865,0.120556,0.469199,-0.041349,0.123909,0.432840,-0.044289
1288,0,0.199994,0.198130,0.237025,0.683360,0.773371,0.137677,0.740273,0.000000,0.194253,0.720643,-0.025723,0.243212,0.679220,-0.035601,0.270360,0.629878,-0.043699,0.287787,0.582939,-0.051112,0.220324,0.568121,-0.013946,0.246919,0.500704,-0.029096,0.260104,0.458287,-0.042958,0.269895,0.419119,-0.053003,0.187527,0.553262,-0.012917,0.203489,0.478066,-0.025575,0.211542,0.430841,-0.038844,0.217001,0.390440,-0.048851,0.154821,0.554914,-0.015623,0.161801,0.484995,-0.028466,0.169682,0.441217,-0.037843,0.178176,0.402184,-0.044478,0.120879,0.569583,-0.021238,0.123448,0.511836,-0.033896,0.127731,0.474400,-0.039363,0.132992,0.438944,-0.042402
1322,0,0.217054,0.218984,0.244069,0.881629,0.975803,0.140088,0.739932,0.000000,0.195307,0.718449,-0.025270,0.242944,0.675565,-0.034597,0.270123,0.627359,-0.042225,0.288090,0.580431,-0.048949,0.218895,0.565595,-0.011207,0.245757,0.498689,-0.024962,0.258644,0.456848,-0.037995,0.268507,0.418875,-0.047394,0.187337,0.553578,-0.009716,0.202852,0.483141,-0.021221,0.211993,0.438335,-0.033711,0.219514,0.400375,-0.043165,0.156273,0.556900,-0.012147,0.164830,0.490311,-0.024113,0.174861,0.449465,-0.032699,0.186157,0.413008,-0.038718,0.123914,0.571740,-0.017506,0.128015,0.515628,-0.029662,0.134487,0.479704,-0.034814,0.142561,0.446034,-0.037561
1351,0,0.242249,0.241336,0.337589,1.103753,1.205403,0.143441,0.739990,0.000000,0.198193,0.717028,-0.022886,0.244506,0.671400,-0.030987,0.269545,0.623561,-0.037886,0.285938,0.577236,-0.044123,0.218540,0.564748,-0.008607,0.243311,0.497366,-0.021721,0.256526,0.455805,-0.034230,0.267796,0.418929,-0.043442,0.188149,0.555580,-0.008051,0.201723,0.491123,-0.019373,0.211207,0.453180,-0.030879,0.220403,0.423359,-0.039786,0.158763,0.560308,-0.011470,0.168615,0.498503,-0.023818,0.179960,0.461338,-0.031488,0.192819,0.429565,-0.036955,0.127873,0.575507,-0.017680,0.131997,0.521741,-0.030377,0.141171,0.488267,-0.035754,0.153296,0.457450,-0.038818
1404,0,0.300246,0.284532,1.833177,1.202057,1.298849,0.145639,0.742369,0.000000,0.199208,0.717069,-0.023336,0.245182,0.669213,-0.032129,0.270839,0.621983,-0.040121,0.285074,0.573387,-0.047419,0.216548,0.568078,-0.008477,0.240374,0.499237,-0.023069,0.253589,0.455231,-0.036810,0.265895,0.418264,-0.046956,0.188113,0.559357,-0.008508,0.199983,0.493716,-0.026860,0.211583,0.466837,-0.042293,0.224320,0.455663,-0.051726,0.160344,0.563411,-0.012389,0.169120,0.501044,-0.029352,0.185114,0.473866,-0.039302,0.204137,0.462028,-0.044713,0.131579,0.577267,-0.019135,0.135971,0.522403,-0.034176,0.150051,0.491820,-0.041723,0.169047,0.473329,-0.045781
1436,0,0.245000,0.224939,3.256329,1.299852,1.396033,0.147876,0.740911,0.000000,0.199739,0.718546,-0.021074,0.246593,0.667846,-0.029705,0.272696,0.620720,-0.037948,0.284626,0.571410,-0.045925,0.219599,0.567849,-0.008591,0.241450,0.499185,-0.022539,0.255024,0.452938,-0.035530,0.265678,0.416003,-0.044902,0.192208,0.559461,-0.009866,0.207065,0.482320,-0.032353,0.219046,0.472760,-0.049491,0.225885,0.487885,-0.056904,0.164149,0.564376,-0.013794,0.174134,0.495291,-0.031894,0.191128,0.482078,-0.040736,0.205129,0.490982,-0.043278,0.134171,0.579382,-0.020209,0.140310,0.520522,-0.034841,0.157925,0.496198,-0.041195,0.176329,0.490530,-0.043278
1464,0,0.506039,0.491415,5.961206,1.644143,1.745621,0.153135,0.736366,0.000000,0.200495,0.714985,-0.015351,0.245975,0.663226,-0.024251,0.274544,0.617199,-0.034309,0.285722,0.568272,-0.044578,0.219386,0.561908,-0.009607,0.237923,0.488106,-0.021388,0.253926,0.446151,-0.030155,0.262535,0.410945,-0.036447,0.193332,0.555984,-0.014141,0.205657,0.469753,-0.036076,0.229287,0.499391,-0.047300,0.236665,0.542676,-0.049033,0.166982,0.563750,-0.020044,0.174669,0.484689,-0.038781,0.202510,0.508876,-0.040301,0.212991,0.546856,-0.035953,0.138930,0.580298,-0.027663,0.145708,0.512116,-0.042740,0.172364,0.514651,-0.043977,0.188468,0.537159,-0.040972
1498,0,0.279003,0.268605,1.022060,1.846149,1.910519,0.152280,0.739041,0.000000,0.201176,0.712499,-0.012943,0.245365,0.659971,-0.020176,0.273776,0.613288,-0.029958,0.286772,0.565530,-0.039776,0.217190,0.565908,-0.003461,0.236006,0.489823,-0.016114,0.252208,0.447052,-0.024806,0.261584,0.408354,-0.031291,0.193842,0.560512,-0.009710,0.208581,0.479572,-0.036209,0.232401,0.514226,-0.048603,0.238915,0.556678,-0.050188,0.169858,0.566422,-0.017771,0.181222,0.489742,-0.041901,0.209746,0.524365,-0.044135,0.219607,0.566401,-0.038731,0.143313,0.578848,-0.027310,0.152593,0.514015,-0.045829,0.180768,0.525211,-0.047954,0.197610,0.552395,-0.044964
1531,0,0.249406,0.263897,0.722595,2.061882,2.094555,0.153246,0.736717,0.000000,0.202656,0.709822,-0.011795,0.245892,0.658131,-0.018960,0.273837,0.612249,-0.029371,0.283868,0.563623,-0.039623,0.215493,0.564963,-0.000217,0.232815,0.488930,-0.013755,0.251234,0.447625,-0.023678,0.263164,0.411137,-0.030702,0.194648,0.560514,-0.006833,0.212967,0.489341,-0.034001,0.238371,0.526953,-0.047108,0.243949,0.569427,-0.049201,0.172709,0.565760,-0.015519,0.188410,0.497615,-0.040652,0.216939,0.538123,-0.042638,0.224662,0.582606,-0.036537,0.147599,0.578403,-0.025629,0.162644,0.520613,-0.044518,0.190161,0.541183,-0.045583,0.202418,0.575509,-0.041361
1559,0,0.249685,0.252791,0.625003,2.258033,2.285180,0.156189,0.736197,0.000000,0.204063,0.707998,-0.011349,0.245331,0.655987,-0.019225,0.273225,0.610748,-0.030117,0.280745,0.563058,-0.040519,0.215648,0.564549,-0.002914,0.231282,0.486057,-0.016506,0.250443,0.445384,-0.025416,0.264052,0.410262,-0.031591,0.195944,0.561752,-0.009375,0.219255,0.498575,-0.035520,0.241494,0.543875,-0.045255,0.241709,0.585245,-0.045220,0.175651,0.568909,-0.017804,0.195711,0.507033,-0.042729,0.220672,0.554263,-0.040519,0.222476,0.597871,-0.031643,0.152717,0.583745,-0.027556,0.172293,0.528885,-0.046448,0.195836,0.555742,-0.044062,0.199961,0.591537,-0.037116
1594,0,0.271273,0.274469,0.979451,2.460090,2.471219,0.157540,0.735308,0.000000,0.204781,0.707316,-0.010026,0.245296,0.654937,-0.018420,0.271718,0.611679,-0.029991,0.274295,0.566808,-0.040527,0.215984,0.558134,-0.001209,0.229943,0.483753,-0.015127,0.249741,0.444757,-0.023319,0.263642,0.411968,-0.028709,0.197121,0.556837,-0.008200,0.227093,0.505314,-0.034627,0.244407,0.559271,-0.041721,0.238861,0.597128,-0.039333,0.178575,0.563349,-0.017340,0.207252,0.518977,-0.044285,0.225443,0.574234,-0.039017,0.219120,0.612399,-0.027182,0.157453,0.576958,-0.027498,0.185760,0.535726,-0.046427,0.202192,0.572080,-0.040632,0.196463,0.605629,-0.030764
1627,0,0.301675,0.306952,2.675234,2.654585,2.663139,0.156728,0.733231,0.000000,0.204089,0.704255,-0.003868,0.245217,0.650250,-0.010990,0.271292,0.611520,-0.022279,0.268384,0.573264,-0.032452,0.208318,0.544890,0.003477,0.223398,0.476725,-0.011447,0.246890,0.443223,-0.020663,0.263572,0.417566,-0.026566,0.188845,0.544311,-0.006681,0.231529,0.508458,-0.033313,0.245947,0.569154,-0.039884,0.235380,0.603123,-0.037108,0.172045,0.553252,-0.018730,0.214938,0.529534,-0.045964,0.228515,0.587703,-0.040201,0.217204,0.617149,-0.028253,0.156239,0.571355,-0.031240,0.196299,0.548228,-0.048529,0.209720,0.587239,-0.041466,0.200206,0.612864,-0.031222
1656,0,0.188943,0.194123,1.216129,2.749107,2.758478,0.154694,0.732719,0.000000,0.204925,0.699199,-0.000120,0.246088,0.643964,-0.007712,0.273706,0.605700,-0.020095,0.265996,0.572957,-0.031449,0.197069,0.537183,0.002662,0.215492,0.470664,-0.012829,0.242967,0.441796,-0.021666,0.262874,0.424956,-0.026823,0.176362,0.538761,-0.009818,0.232037,0.506631,-0.033780,0.247202,0.568942,-0.037047,0.235698,0.599396,-0.032703,0.162970,0.552219,-0.023856,0.217785,0.531584,-0.047783,0.230591,0.588824,-0.039201,0.217239,0.613283,-0.026646,0.154192,0.576406,-0.038247,0.200256,0.552726,-0.051067,0.212175,0.589260,-0.040790,0.200244,0.610914,-0.029454
1690,0,0.210467,0.241500,0.722512,2.840196,2.853630,0.149700,0.732979,0.000000,0.203206,0.693361,0.006415,0.242139,0.639184,-0.000047,0.271593,0.603985,-0.012589,0.266400,0.576881,-0.024468,0.186072,0.532883,0.004160,0.208345,0.467995,-0.012509,0.238891,0.441716,-0.022691,0.261773,0.430894,-0.028413,0.167236,0.537983,-0.012438,0.231825,0.505705,-0.033761,0.248448,0.565426,-0.035769,0.237135,0.593683,-0.031931,0.158108,0.555040,-0.030136,0.218991,0.530403,-0.051033,0.233267,0.584847,-0.041153,0.219980,0.607601,-0.029230,0.155435,0.584264,-0.047835,0.204102,0.555880,-0.057075,0.215888,0.589343,-0.044352,0.202637,0.610876,-0.032464
1725,0,0.179890,0.214855,0.654655,2.923072,2.951956,0.144915,0.732526,-0.000000,0.201411,0.688789,0.012417,0.239116,0.634806,0.007071,0.270787,0.601103,-0.005427,0.268502,0.578670,-0.017366,0.179786,0.531487,0.004493,0.203451,0.465982,-0.012712,0.236778,0.441897,-0.022708,0.261389,0.436133,-0.027800,0.162361,0.539195,-0.015472,0.232513,0.508449,-0.034626,0.247651,0.566042,-0.034643,0.234303,0.590049,-0.030409,0.155563,0.557948,-0.036019,0.221440,0.530567,-0.055458,0.235400,0.583941,-0.044416,0.220910,0.604505,-0.032642,0.156953,0.588989,-0.056101,0.208978,0.558278,-0.063462,0.220253,0.590838,-0.048955,0.205521,0.611511,-0.036502
1770,0,0.112178,0.144026,0.933174,3.001819,3.046091,0.142591,0.730046,-0.000000,0.201110,0.686197,0.014314,0.236647,0.633393,0.008887,0.268492,0.601267,-0.004291,0.271075,0.578986,-0.016821,0.176703,0.531089,0.004124,0.199740,0.463551,-0.012625,0.233594,0.441018,-0.021135,0.258528,0.440273,-0.024945,0.159962,0.538945,-0.017010,0.234415,0.511404,-0.035709,0.247210,0.567387,-0.034380,0.232296,0.588749,-0.029276,0.154706,0.557938,-0.038495,0.225246,0.534463,-0.056754,0.236489,0.586438,-0.044534,0.220415,0.604486,-0.032600,0.158188,0.588790,-0.059522,0.212801,0.563257,-0.065956,0.222613,0.595761,-0.050824,0.207092,0.614067,-0.038136
1804,0,0.152888,0.224863,0.756146,3.087144,3.138533,0.137906,0.728345,-0.000000,0.197962,0.685949,0.017464,0.232194,0.634283,0.013621,0.263915,0.602727,0.001350,0.271221,0.580127,-0.010541,0.171294,0.531154,0.007911,0.198639,0.463620,-0.007251,0.233284,0.441601,-0.016441,0.259606,0.441909,-0.021316,0.157215,0.540074,-0.014402,0.234706,0.512620,-0.032145,0.248211,0.565203,-0.032253,0.234923,0.590529,-0.028787,0.155193,0.559967,-0.036724,0.227384,0.535370,-0.051504,0.238761,0.583987,-0.039472,0.224613,0.605433,-0.028823,0.161830,0.591113,-0.058543,0.216516,0.565184,-0.062709,0.225201,0.596722,-0.048020,0.210794,0.616261,-0.036365
1831,0,0.124564,0.134769,0.335884,3.099982,3.166613,0.137051,0.726427,-0.000000,0.196902,0.685918,0.015565,0.230014,0.631940,0.010723,0.260340,0.600148,-0.002168,0.271226,0.579230,-0.014758,0.167215,0.530790,0.004837,0.194806,0.461839,-0.010356,0.229961,0.440146,-0.020084,0.257254,0.440327,-0.025822,0.154869,0.541632,-0.016587,0.234775,0.513162,-0.035756,0.247759,0.563672,-0.037263,0.234289,0.588686,-0.034860,0.155496,0.563463,-0.037836,0.229517,0.539468,-0.052182,0.239367,0.585123,-0.040383,0.224669,0.605845,-0.030431,0.164562,0.594383,-0.058817,0.219255,0.568733,-0.062582,0.226788,0.598860,-0.048309,0.213043,0.617461,-0.037298
1865,0,0.192742,0.231736,0.747822,3.166648,3.257494,0.137552,0.722333,-0.000000,0.200137,0.682443,0.013428,0.231322,0.629922,0.007889,0.258962,0.597038,-0.005669,0.272410,0.576816,-0.018333,0.165875,0.530528,0.004932,0.193987,0.460560,-0.011847,0.227850,0.438906,-0.023872,0.255333,0.438387,-0.031251,0.154491,0.541918,-0.014831,0.237303,0.518221,-0.037059,0.244782,0.567585,-0.041311,0.228022,0.589440,-0.040060,0.157527,0.563678,-0.034557,0.236155,0.547143,-0.050495,0.240132,0.591776,-0.040275,0.223355,0.609770,-0.030858,0.169699,0.591483,-0.054355,0.229303,0.577361,-0.058608,0.233624,0.608025,-0.046100,0.220239,0.622706,-0.036022
1899,0,0.182808,0.199612,0.598670,3.189507,3.282242,0.137061,0.719914,-0.000000,0.197366,0.683179,0.011104,0.227738,0.630229,0.004097,0.255400,0.595791,-0.010354,0.272202,0.575139,-0.023799,0.165914,0.528596,0.000852,0.193306,0.458864,-0.017174,0.226459,0.436308,-0.030531,0.253532,0.435690,-0.038835,0.155243,0.540744,-0.017182,0.237279,0.523880,-0.039860,0.240668,0.570798,-0.045266,0.221589,0.588389,-0.045443,0.159977,0.564141,-0.035018,0.239897,0.553707,-0.051450,0.237896,0.596772,-0.042439,0.218121,0.611474,-0.034435,0.173935,0.591873,-0.052969,0.236007,0.585400,-0.057528,0.234850,0.617198,-0.046043,0.218772,0.629608,-0.036962
1928,0,0.118359,0.110358,0.548124,3.241158,3.320475,0.135459,0.719680,-0.000000,0.193715,0.683162,0.010040,0.223416,0.629616,0.002817,0.250724,0.595230,-0.011161,0.271051,0.571811,-0.024156,0.164688,0.526052,-0.001962,0.191547,0.455848,-0.018986,0.224110,0.432551,-0.031250,0.251252,0.429726,-0.039066,0.155387,0.537267,-0.018757,0.238058,0.527084,-0.040231,0.239769,0.572953,-0.045419,0.220258,0.588921,-0.046089,0.160680,0.561797,-0.035079,0.242219,0.558843,-0.050430,0.237246,0.600479,-0.042313,0.216880,0.613205,-0.035502,0.174735,0.590411,-0.051383,0.237653,0.591716,-0.055229,0.233478,0.623303,-0.044536,0.216213,0.634122,-0.036278
1960,0,0.140262,0.150093,0.226703,3.351885,3.437484,0.132255,0.717508,-0.000000,0.191508,0.680374,0.012710,0.221089,0.628257,0.007136,0.247685,0.593525,-0.005378,0.267510,0.569727,-0.017241,0.161263,0.524460,-0.001466,0.189131,0.452778,-0.016849,0.221386,0.429649,-0.027668,0.248724,0.425383,-0.034715,0.154857,0.537025,-0.019088,0.239017,0.529057,-0.038818,0.239140,0.573906,-0.043028,0.219184,0.589019,-0.043527,0.161541,0.562854,-0.035803,0.243690,0.563998,-0.049485,0.235709,0.605250,-0.040851,0.214480,0.616819,-0.034340,0.176065,0.592528,-0.052233,0.237694,0.597215,-0.054837,0.231935,0.628632,-0.043706,0.215091,0.638600,-0.035535
1996,0,0.056943,0.065394,0.479613,3.379235,3.460224,0.133019,0.717832,-0.000000,0.191354,0.679636,0.012200,0.220744,0.627374,0.006015,0.246236,0.592193,-0.007203,0.266069,0.566928,-0.019591,0.159824,0.524682,-0.001148,0.186654,0.450700,-0.017349,0.218751,0.426358,-0.028364,0.246020,0.423066,-0.035038,0.154921,0.538227,-0.018909,0.239192,0.528288,-0.039685,0.238914,0.573447,-0.043991,0.219296,0.590033,-0.043883,0.162474,0.564207,-0.035935,0.244507,0.563982,-0.050593,0.235636,0.605506,-0.041874,0.214541,0.618589,-0.034626,0.177652,0.594038,-0.052674,0.238101,0.596632,-0.055401,0.232140,0.627837,-0.043668,0.215563,0.638819,-0.034661
2025,0,0.072664,0.094979,0.203845,3.432975,3.504822,0.131201,0.719065,-0.000000,0.189154,0.679793,0.013850,0.218719,0.626165,0.008656,0.244650,0.590727,-0.003744,0.265626,0.567040,-0.015482,0.158677,0.525214,-0.000179,0.185401,0.450197,-0.014896,0.217152,0.425074,-0.024580,0.244368,0.420343,-0.030567,0.154437,0.538553,-0.018430,0.239356,0.528629,-0.037871,0.238542,0.574154,-0.041585,0.218680,0.589978,-0.041297,0.162591,0.564726,-0.035652,0.245032,0.564826,-0.049376,0.235899,0.606063,-0.040684,0.214672,0.618255,-0.033723,0.177880,0.594419,-0.052333,0.239106,0.596691,-0.054534,0.233720,0.628066,-0.042776,0.217826,0.639095,-0.033831
2058,0,0.060690,0.063886,0.172487,3.459671,3.527846,0.130149,0.719862,-0.000000,0.186295,0.679378,0.014651,0.216543,0.625736,0.009646,0.243443,0.589856,-0.002620,0.265184,0.566362,-0.014196,0.155935,0.526296,0.000841,0.183369,0.449313,-0.013706,0.215881,0.424317,-0.023416,0.243680,0.419884,-0.029338,0.153355,0.539678,-0.017621,0.238522,0.528823,-0.036695,0.237926,0.574335,-0.040655,0.217861,0.590528,-0.040582,0.162557,0.565496,-0.034951,0.244615,0.564407,-0.047921,0.235462,0.605289,-0.039129,0.214434,0.617594,-0.032208,0.178513,0.594519,-0.051663,0.238799,0.595583,-0.052535,0.233417,0.627031,-0.039928,0.217747,0.638379,-0.030591
2092,0,0.074470,0.074000,0.227796,3.514274,3.574794,0.129352,0.721050,-0.000000,0.185351,0.678912,0.017635,0.215936,0.625020,0.013308,0.243263,0.589961,0.001131,0.264983,0.568673,-0.010625,0.155636,0.526149,0.002405,0.182343,0.449329,-0.011200,0.214538,0.424043,-0.020282,0.242206,0.418923,-0.026087,0.153445,0.540181,-0.017954,0.238866,0.529426,-0.036292,0.237777,0.575502,-0.039943,0.217948,0.592047,-0.039980,0.162945,0.566968,-0.036822,0.244721,0.565575,-0.048889,0.235096,0.606552,-0.039469,0.214386,0.618580,-0.032605,0.179327,0.597149,-0.054877,0.239567,0.597247,-0.055096,0.234229,0.628553,-0.041806,0.219681,0.639976,-0.032313
2138,0,0.046980,0.053430,0.121711,3.538861,3.597883,0.129663,0.721581,-0.000000,0.182719,0.678138,0.018901,0.213795,0.624924,0.014025,0.242836,0.589037,0.001047,0.263541,0.567817,-0.011596,0.154966,0.526816,0.002036,0.182319,0.448492,-0.011238,0.214560,0.423048,-0.019580,0.242205,0.418389,-0.024731,0.153028,0.541138,-0.018901,0.237729,0.529714,-0.036024,0.236512,0.575515,-0.038206,0.217313,0.591556,-0.037472,0.162662,0.568324,-0.038242,0.243823,0.566797,-0.048655,0.234149,0.606801,-0.038096,0.213923,0.618573,-0.031038,0.179424,0.598234,-0.056722,0.239734,0.598414,-0.055402,0.234105,0.629137,-0.041322,0.219495,0.640192,-0.031661
2170,0,0.051898,0.071269,0.229251,3.521448,3.579778,0.128399,0.721696,-0.000000,0.183062,0.677806,0.016882,0.214114,0.623854,0.011617,0.242704,0.588148,-0.001307,0.263835,0.568733,-0.013632,0.155158,0.526497,0.000962,0.181709,0.448620,-0.012776,0.213724,0.423025,-0.021300,0.241053,0.419334,-0.026455,0.153404,0.540767,-0.018833,0.238047,0.528793,-0.036415,0.237364,0.573931,-0.038918,0.217982,0.589643,-0.038182,0.163457,0.567755,-0.037206,0.244259,0.566299,-0.048086,0.234624,0.605396,-0.038182,0.214310,0.616859,-0.031333,0.180494,0.597864,-0.054898,0.240506,0.599739,-0.054125,0.234783,0.630258,-0.040796,0.219782,0.640719,-0.031444
2204,0,0.051439,0.042985,0.200619,3.528744,3.587132,0.128757,0.722246,-0.000000,0.181423,0.677833,0.017307,0.212589,0.624515,0.012008,0.242793,0.589571,-0.001162,0.265212,0.569645,-0.013778,0.155588,0.527904,0.002737,0.182747,0.448717,-0.011538,0.215150,0.423548,-0.020901,0.242930,0.419343,-0.026542,0.154217,0.541984,-0.017307,0.238603,0.530385,-0.035536,0.237293,0.575498,-0.038817,0.217958,0.591144,-0.038338,0.164305,0.568267,-0.036015,0.244773,0.567787,-0.047185,0.234504,0.607020,-0.037398,0.214183,0.618212,-0.030375,0.181267,0.597598,-0.054078,0.240819,0.600590,-0.053120,0.233802,0.631411,-0.039517,0.218692,0.641650,-0.029859
2231,0,0.061267,0.050405,0.117698,3.525634,3.584311,0.128851,0.722724,-0.000000,0.182231,0.679215,0.017543,0.213206,0.626116,0.011954,0.242874,0.591022,-0.001503,0.265031,0.570398,-0.014503,0.156147,0.528497,0.000632,0.183565,0.449240,-0.013432,0.216029,0.423887,-0.021949,0.243526,0.419772,-0.027030,0.154458,0.542848,-0.019677,0.239660,0.530949,-0.037524,0.238443,0.576384,-0.039760,0.218884,0.592104,-0.038762,0.164250,0.569326,-0.038503,0.245242,0.568643,-0.049330,0.235059,0.608146,-0.038725,0.214521,0.619397,-0.031409,0.180669,0.598978,-0.056646,0.240430,0.601773,-0.055649,0.234551,0.632504,-0.041755,0.219843,0.642832,-0.031981
2265,0,0.054704,0.068068,0.105025,3.503666,3.566814,0.128869,0.721890,-0.000000,0.183324,0.679069,0.015391,0.214329,0.626307,0.009295,0.243618,0.590965,-0.004222,0.265507,0.570769,-0.017110,0.156884,0.528378,-0.000693,0.184038,0.449182,-0.015631,0.216691,0.423758,-0.024977,0.244405,0.419993,-0.030504,0.155293,0.542767,-0.019800,0.239909,0.531332,-0.038454,0.238714,0.576330,-0.041449,0.219661,0.591691,-0.040746,0.165358,0.569691,-0.037603,0.245914,0.569194,-0.049398,0.235729,0.608392,-0.039452,0.215306,0.619488,-0.032279,0.182050,0.599802,-0.054834,0.241474,0.602776,-0.054649,0.235300,0.633602,-0.041227,0.220340,0.643841,-0.031558
2299,0,0.067526,0.073334,0.217077,3.523908,3.592393,0.128382,0.721552,-0.000000,0.181158,0.677833,0.016856,0.212594,0.624240,0.011228,0.243376,0.589811,-0.002104,0.266459,0.571811,-0.014882,0.156928,0.528542,0.000926,0.184778,0.450014,-0.013258,0.217494,0.425029,-0.022032,0.245162,0.421615,-0.027254,0.155813,0.543213,-0.018951,0.240483,0.531690,-0.036758,0.239150,0.575976,-0.039304,0.219756,0.590714,-0.038529,0.165995,0.569943,-0.037459,0.246144,0.568855,-0.048161,0.236151,0.607026,-0.037828,0.215720,0.617101,-0.030687,0.182518,0.600003,-0.055321,0.241890,0.601629,-0.054103,0.235663,0.631722,-0.040153,0.220958,0.641559,-0.030410
2327,0,0.033085,0.038619,0.194582,3.530525,3.603089,0.129292,0.721316,-0.000000,0.180282,0.677321,0.017469,0.212001,0.624513,0.011873,0.244021,0.590978,-0.001615,0.267147,0.573251,-0.014625,0.158038,0.528817,0.001644,0.185382,0.449522,-0.012600,0.218117,0.425152,-0.021445,0.245361,0.422792,-0.026581,0.156553,0.543029,-0.018555,0.240443,0.531854,-0.036208,0.239325,0.576159,-0.038840,0.220074,0.591046,-0.038177,0.166243,0.569535,-0.037368,0.246518,0.569501,-0.048081,0.236515,0.607856,-0.037736,0.216201,0.618387,-0.030594,0.182417,0.599802,-0.055481,0.242552,0.602294,-0.054266,0.235503,0.633335,-0.040129,0.219649,0.643945,-0.030244
2360,0,0.032530,0.031854,0.187501,3.542154,3.613373,0.129310,0.722095,-0.000000,0.180743,0.678130,0.017791,0.212071,0.624487,0.012441,0.243640,0.590586,-0.000816,0.267247,0.572796,-0.013490,0.158420,0.529130,0.001693,0.185506,0.450173,-0.012533,0.218361,0.425692,-0.021216,0.245551,0.423666,-0.026226,0.157178,0.543422,-0.018693,0.241683,0.532918,-0.036300,0.240635,0.577094,-0.038933,0.221405,0.591221,-0.038233,0.167014,0.569959,-0.037626,0.247392,0.570127,-0.048215,0.237473,0.608212,-0.037828,0.217115,0.617642,-0.030719,0.183393,0.599942,-0.055877,0.243429,0.603096,-0.054477,0.237024,0.633386,-0.040296,0.221843,0.642943,-0.030369
2396,0,0.040574,0.037011,0.139237,3.540204,3.617844,0.129585,0.721664,-0.000000,0.180955,0.678498,0.017674,0.212676,0.624395,0.012569,0.245212,0.589921,-0.000325,0.268548,0.572777,-0.012625,0.158747,0.529519,0.001944,0.185268,0.450389,-0.011906,0.218134,0.426513,-0.020181,0.245074,0.425503,-0.024881,0.157748,0.543579,-0.018181,0.241928,0.532388,-0.035367,0.241012,0.576508,-0.037653,0.221703,0.590703,-0.036731,0.167774,0.570102,-0.036897,0.247767,0.569722,-0.047181,0.238019,0.607551,-0.036842,0.217849,0.616957,-0.029746,0.184081,0.600187,-0.054848,0.243560,0.602165,-0.053189,0.237147,0.631985,-0.038924,0.221928,0.641474,-0.029027
2429,0,0.042087,0.046503,0.105592,3.537618,3.615067,0.129260,0.721690,-0.000000,0.180697,0.678871,0.016837,0.212671,0.624459,0.011571,0.244680,0.590362,-0.001334,0.268448,0.573496,-0.013694,0.159115,0.529481,0.000935,0.186043,0.450278,-0.013225,0.218899,0.426438,-0.021836,0.245755,0.425609,-0.026725,0.158432,0.543608,-0.018794,0.242268,0.532882,-0.036155,0.241463,0.577104,-0.038636,0.222378,0.591412,-0.037901,0.168523,0.570627,-0.037147,0.248295,0.569904,-0.048084,0.239180,0.607810,-0.037974,0.219051,0.617761,-0.030861,0.184783,0.601034,-0.054774,0.244516,0.602234,-0.053929,0.238662,0.632624,-0.039849,0.223585,0.642713,-0.029905
2455,0,0.046009,0.037118,0.208966,3.550297,3.629266,0.129132,0.722425,-0.000000,0.179450,0.677272,0.017394,0.211995,0.622480,0.011768,0.245362,0.589140,-0.001664,0.269734,0.575203,-0.014540,0.159824,0.530053,0.001652,0.186360,0.450996,-0.012551,0.219289,0.427379,-0.021142,0.246002,0.427219,-0.026004,0.158981,0.544658,-0.018554,0.242545,0.534050,-0.035838,0.241562,0.578043,-0.038158,0.222393,0.592048,-0.037274,0.169005,0.571518,-0.037422,0.248590,0.571426,-0.047919,0.238856,0.608865,-0.037679,0.218606,0.618153,-0.030608,0.185252,0.602172,-0.055580,0.244752,0.604468,-0.054143,0.237784,0.634716,-0.040000,0.222167,0.644535,-0.030166
2490,0,0.051448,0.050882,0.226851,3.567857,3.653795,0.129731,0.721781,-0.000000,0.178772,0.674509,0.018817,0.211383,0.618227,0.013269,0.245763,0.585704,-0.000366,0.271185,0.575817,-0.013555,0.160114,0.530097,0.001596,0.186780,0.451589,-0.012422,0.219783,0.428414,-0.020475,0.246788,0.428288,-0.025064,0.159615,0.545164,-0.019480,0.243507,0.533911,-0.036638,0.242408,0.577624,-0.038260,0.222998,0.591773,-0.036878,0.169512,0.572266,-0.039071,0.249239,0.572272,-0.048838,0.239236,0.608983,-0.038112,0.219135,0.617717,-0.030962,0.185392,0.603132,-0.057906,0.245011,0.605387,-0.055362,0.237717,0.634084,-0.040914,0.221936,0.643115,-0.031164
2538,0,0.050778,0.061876,0.258666,3.582624,3.672504,0.129383,0.721472,-0.000000,0.178180,0.674770,0.018880,0.211538,0.619383,0.013944,0.245959,0.588070,0.000956,0.270703,0.576130,-0.011605,0.160982,0.530597,0.002371,0.187837,0.451747,-0.011458,0.220908,0.428941,-0.019632,0.247580,0.429341,-0.024237,0.160617,0.545483,-0.018559,0.244230,0.535213,-0.035448,0.243278,0.579110,-0.037576,0.223917,0.592680,-0.036677,0.170652,0.572703,-0.037980,0.249997,0.572954,-0.047961,0.240442,0.609795,-0.037650,0.220224,0.618238,-0.030696,0.186669,0.603527,-0.056621,0.246051,0.605690,-0.054566,0.239113,0.635010,-0.040218,0.223395,0.643982,-0.030366
2571,0,0.049043,0.047428,0.365141,3.599601,3.690109,0.129813,0.722075,-0.000000,0.175833,0.673014,0.019639,0.209004,0.616409,0.014637,0.245312,0.585336,0.001468,0.272037,0.577800,-0.011407,0.160106,0.531902,0.003180,0.187891,0.453190,-0.010526,0.221244,0.430396,-0.019162,0.248330,0.429702,-0.024319,0.160847,0.546727,-0.018079,0.243929,0.535325,-0.034799,0.243365,0.579156,-0.037057,0.224274,0.594204,-0.036212,0.171610,0.573618,-0.037809,0.250135,0.573094,-0.046876,0.240626,0.609281,-0.036653,0.220755,0.618393,-0.029807,0.188243,0.604007,-0.056751,0.246833,0.606099,-0.053484,0.239776,0.634721,-0.038984,0.223695,0.643695,-0.029311
2603,0,0.040364,0.047532,0.173168,3.591979,3.683431,0.130044,0.721316,-0.000000,0.175628,0.672906,0.019700,0.208652,0.617570,0.014478,0.244345,0.587669,0.001067,0.271720,0.578757,-0.012109,0.160899,0.531706,0.002203,0.188487,0.452719,-0.011533,0.221650,0.429603,-0.019902,0.248845,0.428449,-0.024822,0.161538,0.546440,-0.019207,0.244353,0.535424,-0.035724,0.243213,0.578570,-0.037681,0.223753,0.592800,-0.036785,0.172090,0.573635,-0.038998,0.250114,0.574184,-0.047961,0.239963,0.610181,-0.037444,0.219719,0.618497,-0.030547,0.188269,0.604228,-0.057985,0.246432,0.606775,-0.054656,0.238973,0.635156,-0.039950,0.222846,0.643445,-0.030145
2633,0,0.043317,0.052939,0.108066,3.577331,3.675551,0.130695,0.719738,-0.000000,0.174979,0.672058,0.018759,0.208038,0.616882,0.013100,0.244941,0.586938,-0.000521,0.272121,0.579230,-0.013877,0.160841,0.531226,0.000948,0.189110,0.451937,-0.013283,0.222725,0.428824,-0.021812,0.249994,0.428005,-0.026731,0.161550,0.545998,-0.019984,0.244562,0.535010,-0.037079,0.243294,0.578130,-0.039127,0.223777,0.591759,-0.038103,0.172159,0.573124,-0.039346,0.250461,0.573711,-0.048890,0.240435,0.609718,-0.038505,0.220235,0.617621,-0.031503,0.188383,0.603678,-0.057923,0.246821,0.606800,-0.055034,0.239311,0.634978,-0.040407,0.223394,0.643257,-0.030534
2664,0,0.056060,0.076549,0.151197,3.573313,3.662934,0.130878,0.721537,-0.000000,0.177235,0.674937,0.018204,0.210474,0.618958,0.013218,0.245856,0.587195,0.000479,0.271937,0.577120,-0.011868,0.161506,0.531382,0.001801,0.189082,0.452539,-0.012224,0.222434,0.429314,-0.020820,0.249525,0.428271,-0.025761,0.161937,0.545840,-0.018532,0.245053,0.534508,-0.035696,0.244478,0.578196,-0.038139,0.225245,0.592096,-0.037210,0.172353,0.572766,-0.037374,0.251025,0.573075,-0.047437,0.241563,0.609175,-0.037665,0.221719,0.617558,-0.030719,0.188458,0.603276,-0.055423,0.247442,0.606233,-0.053162,0.240412,0.634819,-0.039087,0.224560,0.643140,-0.029316
2700,0,0.067369,0.069492,0.282108,3.595171,3.690756,0.130899,0.720060,-0.000000,0.174060,0.671090,0.019363,0.207780,0.614661,0.014092,0.245045,0.585433,0.000784,0.273382,0.579094,-0.012290,0.162699,0.530993,0.001369,0.190263,0.451463,-0.012464,0.223297,0.428436,-0.020901,0.250448,0.427576,-0.025860,0.163568,0.545814,-0.019839,0.245884,0.535063,-0.036311,0.245066,0.577857,-0.038507,0.226110,0.591956,-0.037848,0.174042,0.573474,-0.039385,0.251713,0.573540,-0.048427,0.242450,0.608736,-0.038251,0.222881,0.616654,-0.031552,0.189949,0.604303,-0.058090,0.248123,0.605696,-0.054686,0.241354,0.633042,-0.039971,0.226186,0.641352,-0.030161
2728,0,0.054641,0.065257,0.192035,3.602098,3.692278,0.130939,0.721824,-0.000000,0.174793,0.672053,0.020157,0.208629,0.616039,0.015296,0.245475,0.586226,0.002216,0.273349,0.578247,-0.010628,0.162095,0.531375,0.003188,0.190670,0.453036,-0.010509,0.224465,0.429805,-0.019095,0.251611,0.428930,-0.024075,0.163074,0.546147,-0.018354,0.246064,0.534775,-0.034712,0.245180,0.578183,-0.036946,0.226007,0.592897,-0.036067,0.173801,0.573218,-0.038264,0.251955,0.572392,-0.047198,0.242638,0.608353,-0.036854,0.222934,0.617366,-0.029842,0.189983,0.603897,-0.057304,0.248693,0.604891,-0.053789,0.242174,0.633126,-0.038850,0.226673,0.642376,-0.028744
2761,0,0.051624,0.073724,0.173765,3.586738,3.685960,0.131430,0.719215,-0.000000,0.176275,0.671086,0.019297,0.210001,0.615437,0.014010,0.246062,0.585708,0.000550,0.273655,0.578862,-0.012627,0.164105,0.530626,0.002290,0.191340,0.451624,-0.011747,0.224732,0.428552,-0.020488,0.251825,0.427840,-0.025565,0.164214,0.545233,-0.019022,0.246560,0.534737,-0.036047,0.245535,0.577427,-0.038594,0.226274,0.591772,-0.037935,0.174156,0.572567,-0.038778,0.252245,0.573018,-0.048344,0.242716,0.608472,-0.038228,0.223041,0.617005,-0.031319,0.189885,0.603742,-0.057727,0.249245,0.604970,-0.054611,0.242453,0.632820,-0.039841,0.226872,0.641515,-0.029853
2796,0,0.067061,0.059687,0.177305,3.627974,3.725286,0.131740,0.720104,-0.000000,0.173730,0.669902,0.021143,0.207602,0.613814,0.016606,0.245785,0.584999,0.003738,0.273795,0.578468,-0.009097,0.163528,0.531395,0.002949,0.192293,0.453072,-0.010243,0.225573,0.429811,-0.018486,0.252688,0.428204,-0.023388,0.164938,0.546293,-0.018988,0.247251,0.535606,-0.034708,0.246349,0.578742,-0.036607,0.227242,0.593225,-0.035804,0.175622,0.573804,-0.039108,0.253307,0.573215,-0.047361,0.243778,0.608824,-0.036808,0.223953,0.617388,-0.029961,0.191723,0.604434,-0.058243,0.250076,0.605317,-0.054299,0.243091,0.633295,-0.039181,0.227233,0.642021,-0.029158
2823,0,0.054092,0.051444,0.191590,3.602350,3.697544,0.131771,0.719922,-0.000000,0.175624,0.672187,0.019661,0.209696,0.616149,0.015147,0.246692,0.586227,0.002581,0.273233,0.578603,-0.009685,0.163898,0.531206,0.002916,0.192130,0.452011,-0.010651,0.225972,0.428513,-0.019187,0.253048,0.427629,-0.024057,0.165070,0.545369,-0.018147,0.246813,0.534425,-0.034416,0.246159,0.577147,-0.036842,0.226905,0.591666,-0.036112,0.175741,0.572090,-0.037571,0.253187,0.572479,-0.046435,0.244347,0.607972,-0.036422,0.224898,0.616443,-0.029601,0.192030,0.602667,-0.056174,0.250676,0.604337,-0.052600,0.243908,0.632198,-0.037827,0.228502,0.641035,-0.027814
2858,0,0.039217,0.042015,0.115130,3.625256,3.722719,0.131983,0.719482,-0.000000,0.174279,0.670344,0.021161,0.208290,0.614902,0.016799,0.245928,0.586392,0.003971,0.272511,0.578897,-0.008751,0.164639,0.531050,0.004261,0.192937,0.452277,-0.008998,0.226457,0.428965,-0.017594,0.253414,0.427844,-0.022606,0.165926,0.545294,-0.017631,0.247309,0.535398,-0.033378,0.246008,0.577838,-0.035847,0.226568,0.591863,-0.035372,0.176627,0.572090,-0.037786,0.253632,0.572722,-0.045943,0.244153,0.607763,-0.035774,0.224117,0.615899,-0.029153,0.192655,0.602477,-0.056990,0.251207,0.604218,-0.052893,0.244195,0.632074,-0.037786,0.228295,0.640768,-0.027708
2905,0,0.063055,0.074165,0.149009,3.661996,3.759881,0.131326,0.719688,-0.000000,0.170847,0.668524,0.023575,0.205735,0.612860,0.020069,0.245800,0.586032,0.007697,0.273497,0.580286,-0.004812,0.164819,0.531515,0.005186,0.193449,0.452113,-0.007281,0.227276,0.428923,-0.015166,0.254421,0.428070,-0.019758,0.166596,0.545464,-0.017777,0.247628,0.535062,-0.032121,0.246457,0.577211,-0.033655,0.226996,0.591083,-0.032906,0.177403,0.572375,-0.038786,0.254250,0.572539,-0.045506,0.244910,0.607396,-0.034677,0.225020,0.615277,-0.028067,0.193290,0.602822,-0.058690,0.251774,0.603670,-0.053431,0.244700,0.631284,-0.037763,0.228728,0.640157,-0.027574
2936,0,0.067171,0.071627,0.245991,3.619075,3.712285,0.131063,0.719716,-0.000000,0.172150,0.669959,0.020110,0.207582,0.614250,0.015833,0.247005,0.585990,0.003274,0.273641,0.578145,-0.009121,0.165281,0.530979,0.004831,0.193400,0.452388,-0.008539,0.227697,0.428560,-0.017381,0.254965,0.426742,-0.022527,0.166585,0.544515,-0.016557,0.247799,0.534516,-0.033077,0.246790,0.576950,-0.036190,0.227238,0.591468,-0.035733,0.177262,0.570991,-0.036392,0.254352,0.571433,-0.045494,0.245359,0.606843,-0.035751,0.225562,0.615240,-0.028846,0.193070,0.601911,-0.055311,0.252399,0.602588,-0.051795,0.245244,0.630736,-0.036776,0.228809,0.639957,-0.026429
2971,0,0.039630,0.045200,0.227879,3.609159,3.703805,0.130386,0.719581,-0.000000,0.170042,0.668683,0.019239,0.206344,0.613054,0.014626,0.246253,0.586513,0.001882,0.273138,0.578641,-0.010663,0.165430,0.531595,0.003986,0.193605,0.452435,-0.009702,0.228060,0.428480,-0.018589,0.255361,0.427038,-0.023577,0.167498,0.544939,-0.017024,0.247728,0.534344,-0.033608,0.246534,0.576366,-0.036885,0.226712,0.590422,-0.036482,0.178634,0.571439,-0.036537,0.254446,0.571486,-0.045653,0.245341,0.606180,-0.036207,0.225471,0.614355,-0.029416,0.194704,0.602149,-0.055208,0.252672,0.601723,-0.051474,0.245568,0.629548,-0.036427,0.229652,0.638620,-0.025993
2999,0,0.079095,0.091668,0.260005,3.607674,3.706194,0.129774,0.718480,-0.000000,0.165359,0.665007,0.018080,0.202279,0.609463,0.012768,0.245295,0.585020,-0.000354,0.274889,0.578963,-0.013253,0.165466,0.531153,0.001955,0.194573,0.451981,-0.012383,0.229383,0.428027,-0.021469,0.257136,0.425714,-0.026598,0.167996,0.545756,-0.018566,0.248354,0.535425,-0.036105,0.246443,0.576824,-0.039714,0.226552,0.590279,-0.039384,0.179242,0.572585,-0.037589,0.255041,0.572490,-0.047481,0.245503,0.606523,-0.037882,0.225349,0.613656,-0.030720,0.194793,0.603625,-0.055834,0.253258,0.602660,-0.052464,0.245300,0.629818,-0.037150,0.228879,0.638314,-0.026378
3032,0,0.051213,0.072094,0.136582,3.642096,3.734328,0.128255,0.718953,0.000000,0.163008,0.664446,0.019218,0.200270,0.608706,0.014510,0.244037,0.585571,0.001768,0.274750,0.579546,-0.010882,0.165252,0.531553,0.003481,0.194325,0.452335,-0.010433,0.229362,0.427637,-0.019310,0.257382,0.424654,-0.024329,0.168331,0.545486,-0.017533,0.249321,0.535484,-0.034680,0.247471,0.577348,-0.038070,0.227371,0.590982,-0.037520,0.179669,0.572265,-0.037007,0.256022,0.572438,-0.046424,0.246226,0.606345,-0.036494,0.226021,0.613702,-0.029129,0.194874,0.603469,-0.055657,0.253456,0.602845,-0.051920,0.245480,0.630141,-0.036274,0.228734,0.638470,-0.025282
3066,0,0.116997,0.152560,0.195443,3.614988,3.729760,0.130909,0.715633,0.000000,0.162819,0.659711,0.017435,0.200343,0.605105,0.011229,0.244444,0.583424,-0.002695,0.274612,0.579538,-0.016480,0.166171,0.530667,0.000019,0.195464,0.451318,-0.014910,0.230587,0.427914,-0.023945,0.258586,0.426291,-0.028866,0.169401,0.545618,-0.020548,0.250654,0.535335,-0.038671,0.248925,0.576320,-0.041830,0.228664,0.589681,-0.041059,0.180351,0.572877,-0.039626,0.256685,0.572970,-0.049689,0.247876,0.605560,-0.039369,0.227971,0.612477,-0.031602,0.195026,0.604086,-0.058026,0.253369,0.602367,-0.054353,0.246997,0.628109,-0.038231,0.231109,0.636299,-0.026883
3094,0,0.098008,0.123673,0.338728,3.641018,3.733091,0.130506,0.719176,0.000000,0.161233,0.662963,0.018387,0.198103,0.606623,0.013061,0.242610,0.584379,-0.000075,0.274327,0.579613,-0.013097,0.165414,0.531588,0.002395,0.195024,0.452726,-0.011889,0.229395,0.427911,-0.020832,0.257605,0.423999,-0.025904,0.169230,0.545619,-0.018324,0.250469,0.535764,-0.035884,0.247304,0.577109,-0.039010,0.227086,0.589922,-0.038247,0.180786,0.572110,-0.037556,0.257213,0.573550,-0.047081,0.246227,0.606801,-0.036956,0.225778,0.612994,-0.029503,0.196092,0.603313,-0.056098,0.254450,0.604146,-0.052353,0.245259,0.630997,-0.036738,0.227799,0.638478,-0.025813
3130,0,0.089672,0.103504,0.280474,3.620877,3.731421,0.130225,0.715908,0.000000,0.159660,0.659530,0.017678,0.197450,0.604727,0.011499,0.243110,0.583429,-0.002362,0.274782,0.578498,-0.016186,0.165883,0.530347,-0.000003,0.196195,0.451222,-0.014794,0.231289,0.427822,-0.023784,0.259175,0.425875,-0.028692,0.169778,0.544951,-0.020489,0.250349,0.534525,-0.038231,0.248216,0.575429,-0.041417,0.227640,0.589001,-0.040721,0.181139,0.572068,-0.039439,0.256925,0.571909,-0.049144,0.247781,0.605085,-0.038854,0.227545,0.612079,-0.031200,0.196176,0.603366,-0.057676,0.254527,0.601551,-0.053904,0.246651,0.628380,-0.037792,0.229653,0.636747,-0.026421
3161,0,0.068818,0.087549,0.110814,3.643262,3.747322,0.131159,0.717433,0.000000,0.161416,0.661560,0.019371,0.198502,0.605899,0.014273,0.243070,0.584161,0.001077,0.274212,0.579473,-0.012093,0.166245,0.531447,0.002957,0.195695,0.451953,-0.011199,0.230639,0.427878,-0.019918,0.258465,0.425175,-0.024697,0.169720,0.545752,-0.018267,0.250310,0.534904,-0.035659,0.247993,0.576162,-0.038778,0.227543,0.589310,-0.037975,0.181018,0.572175,-0.037939,0.257063,0.572276,-0.047496,0.247340,0.605697,-0.037355,0.227056,0.612200,-0.029767,0.196206,0.603253,-0.056762,0.254639,0.602018,-0.052968,0.246485,0.629081,-0.037063,0.229454,0.637339,-0.025864
3195,0,0.044353,0.066784,0.239023,3.651693,3.747199,0.130095,0.718417,0.000000,0.158358,0.660498,0.018633,0.196015,0.603811,0.013213,0.241928,0.582701,-0.000072,0.274029,0.578750,-0.013423,0.165194,0.530960,0.001557,0.195603,0.452372,-0.012538,0.230383,0.427570,-0.021134,0.258461,0.424027,-0.025915,0.169645,0.545616,-0.019382,0.250374,0.535288,-0.036646,0.247669,0.576159,-0.039639,0.227322,0.589382,-0.038873,0.181631,0.572812,-0.038727,0.257424,0.572313,-0.048290,0.247262,0.605421,-0.038033,0.226859,0.612242,-0.030441,0.196981,0.604387,-0.057232,0.255210,0.601947,-0.053509,0.246875,0.628476,-0.037522,0.230142,0.636865,-0.026262
3224,0,0.055394,0.075760,0.367417,3.631546,3.741968,0.130591,0.715806,0.000000,0.160652,0.659837,0.017350,0.198388,0.604735,0.011262,0.243860,0.583065,-0.002525,0.274637,0.579172,-0.016215,0.166644,0.529821,0.000958,0.196252,0.450977,-0.013523,0.230891,0.427233,-0.022194,0.258475,0.425816,-0.026845,0.170575,0.544510,-0.019392,0.251911,0.534959,-0.037044,0.249344,0.575750,-0.039992,0.228656,0.588296,-0.039040,0.181946,0.571632,-0.038344,0.258404,0.571960,-0.048196,0.248939,0.604661,-0.037868,0.228440,0.610880,-0.030159,0.196600,0.602973,-0.056583,0.255190,0.602281,-0.053103,0.247249,0.628742,-0.037154,0.230020,0.636709,-0.025838
3277,0,0.068849,0.113590,0.185611,3.641746,3.733865,0.131433,0.718933,0.000000,0.162491,0.662811,0.019061,0.199641,0.606922,0.013853,0.244285,0.584195,0.000731,0.274217,0.578575,-0.012403,0.165671,0.531385,0.002693,0.195044,0.452378,-0.011099,0.229809,0.427331,-0.019718,0.257806,0.423561,-0.024588,0.169599,0.545258,-0.018377,0.250654,0.534863,-0.035404,0.248263,0.576115,-0.038304,0.228047,0.589148,-0.037429,0.181257,0.572060,-0.037903,0.257302,0.571421,-0.047133,0.248035,0.604712,-0.036809,0.227739,0.611643,-0.029221,0.196758,0.603187,-0.056618,0.254714,0.601599,-0.052641,0.247064,0.628389,-0.036681,0.230313,0.636396,-0.025554
3305,0,0.096106,0.129559,0.268466,3.639440,3.747526,0.130023,0.715857,0.000000,0.157167,0.657846,0.017771,0.195337,0.601993,0.011725,0.241461,0.581694,-0.001966,0.274218,0.578054,-0.015713,0.166378,0.529515,-0.000367,0.197059,0.450734,-0.014634,0.231526,0.426787,-0.023048,0.259156,0.424602,-0.027585,0.170472,0.544969,-0.020798,0.251500,0.534852,-0.037719,0.248702,0.574907,-0.040426,0.228355,0.587337,-0.039621,0.181910,0.572492,-0.039621,0.257769,0.571829,-0.048804,0.248238,0.603997,-0.038450,0.227847,0.610355,-0.030951,0.196509,0.603792,-0.057694,0.254827,0.601026,-0.053596,0.246921,0.627330,-0.037426,0.229999,0.635630,-0.026103
3337,0,0.031665,0.041730,0.153261,3.635136,3.740494,0.131243,0.716535,0.000000,0.159595,0.658411,0.017619,0.197201,0.602783,0.011463,0.242820,0.581542,-0.002365,0.274079,0.578082,-0.016119,0.165775,0.529913,0.000517,0.196014,0.451551,-0.014107,0.231048,0.427217,-0.023090,0.259102,0.424216,-0.028067,0.169971,0.545132,-0.020071,0.250711,0.535501,-0.037764,0.248161,0.576029,-0.040947,0.227811,0.588656,-0.040289,0.181700,0.572618,-0.039191,0.257574,0.572008,-0.049108,0.248113,0.604665,-0.038715,0.227699,0.611169,-0.031031,0.196865,0.604115,-0.057560,0.255339,0.601477,-0.053938,0.247296,0.627522,-0.037800,0.230397,0.635765,-0.026457
3372,0,0.046822,0.079148,0.176305,3.654248,3.765057,0.129433,0.715563,0.000000,0.157110,0.656202,0.017870,0.195359,0.599743,0.012311,0.241538,0.580503,-0.000951,0.274504,0.578958,-0.014261,0.166256,0.529917,0.001046,0.196771,0.451680,-0.013341,0.231499,0.428100,-0.022290,0.259658,0.425147,-0.027357,0.170989,0.545344,-0.019501,0.251516,0.536097,-0.036998,0.248475,0.576126,-0.040497,0.228100,0.588463,-0.040133,0.182787,0.572623,-0.038529,0.258264,0.573136,-0.048152,0.247562,0.605305,-0.038310,0.227136,0.611248,-0.030983,0.197976,0.604133,-0.056791,0.255689,0.602092,-0.052963,0.246710,0.628138,-0.037071,0.229841,0.636097,-0.025917
3400,0,0.051282,0.056796,0.240807,3.628642,3.736963,0.130517,0.716523,0.000000,0.157698,0.658278,0.015831,0.195896,0.601816,0.009242,0.242250,0.581527,-0.004628,0.275329,0.578657,-0.018301,0.166182,0.530702,-0.000542,0.196919,0.452538,-0.015366,0.231739,0.428172,-0.024043,0.259578,0.425523,-0.028764,0.171338,0.545583,-0.020233,0.252062,0.536019,-0.038461,0.249082,0.576116,-0.041377,0.228215,0.588064,-0.040284,0.183402,0.572860,-0.038643,0.258811,0.572861,-0.049069,0.249072,0.604744,-0.038680,0.228477,0.610400,-0.030732,0.198200,0.604358,-0.056470,0.256063,0.602533,-0.053444,0.247961,0.628094,-0.037622,0.230708,0.635618,-0.026376
3433,0,0.039099,0.040360,0.153483,3.648476,3.766437,0.131341,0.715385,0.000000,0.156698,0.655631,0.015969,0.195203,0.598359,0.009368,0.242471,0.578822,-0.004561,0.276193,0.577782,-0.018327,0.166415,0.530441,-0.000564,0.197286,0.451850,-0.015313,0.232405,0.428314,-0.023980,0.260324,0.426874,-0.028642,0.172078,0.545950,-0.020229,0.252776,0.536230,-0.038128,0.250071,0.576015,-0.041114,0.229434,0.588035,-0.040204,0.184485,0.573191,-0.038565,0.260103,0.573319,-0.048543,0.250681,0.604664,-0.038310,0.230027,0.610444,-0.030590,0.199311,0.604475,-0.056336,0.256767,0.602978,-0.052731,0.248875,0.628287,-0.036799,0.231458,0.635855,-0.025528
3466,0,0.056003,0.053406,0.121318,3.647643,3.763438,0.130905,0.716628,0.000000,0.157635,0.657022,0.017077,0.195900,0.599857,0.011200,0.242534,0.580212,-0.002414,0.275484,0.579092,-0.015915,0.167482,0.530661,0.001876,0.198152,0.452701,-0.013017,0.233346,0.429757,-0.022110,0.261275,0.429064,-0.026960,0.172453,0.545848,-0.018458,0.252832,0.536904,-0.036462,0.249755,0.576934,-0.040041,0.228819,0.588736,-0.039387,0.184471,0.572904,-0.037498,0.259477,0.573478,-0.047744,0.249300,0.605708,-0.037897,0.228502,0.611187,-0.030267,0.199265,0.604001,-0.055883,0.256999,0.602482,-0.052504,0.248356,0.628694,-0.036607,0.230893,0.636502,-0.025235
3495,0,0.046962,0.057626,0.134974,3.647475,3.767551,0.130590,0.715629,0.000000,0.156958,0.656005,0.016250,0.195775,0.599297,0.009770,0.242698,0.579538,-0.004129,0.274293,0.577584,-0.017955,0.167349,0.530654,-0.000133,0.198462,0.452646,-0.015138,0.233678,0.429489,-0.024079,0.261485,0.428347,-0.028892,0.172547,0.546364,-0.020033,0.252969,0.536874,-0.038097,0.249656,0.576479,-0.041196,0.228913,0.588017,-0.040357,0.184411,0.574014,-0.038644,0.260152,0.574057,-0.048742,0.250294,0.605559,-0.038388,0.229852,0.611149,-0.030569,0.198828,0.605633,-0.056689,0.256872,0.603971,-0.053263,0.248609,0.629296,-0.037277,0.231362,0.636846,-0.025939
3529,0,0.051003,0.050907,0.147884,3.668281,3.786981,0.130761,0.716169,0.000000,0.155209,0.655885,0.017332,0.193719,0.598871,0.011576,0.240750,0.580359,-0.001682,0.274181,0.579839,-0.014995,0.166997,0.531985,0.000406,0.198161,0.453624,-0.014059,0.233487,0.429899,-0.022570,0.261466,0.428069,-0.027081,0.172866,0.547218,-0.019642,0.252966,0.537554,-0.037066,0.250208,0.577208,-0.039866,0.229462,0.589070,-0.038884,0.185339,0.574410,-0.038230,0.260145,0.574115,-0.047760,0.250668,0.605538,-0.037357,0.230102,0.611072,-0.029554,0.200054,0.605279,-0.056089,0.256952,0.603207,-0.052197,0.249051,0.628624,-0.036029,0.232034,0.636143,-0.024571
3571,0,0.027385,0.029748,0.138507,3.654686,3.777367,0.130722,0.715625,0.000000,0.156828,0.656297,0.017039,0.195898,0.600091,0.011087,0.242888,0.581081,-0.002284,0.275600,0.579343,-0.015615,0.167199,0.531981,0.000343,0.198241,0.453464,-0.013800,0.233528,0.430282,-0.021957,0.261222,0.428901,-0.026276,0.172708,0.547038,-0.019616,0.252575,0.536872,-0.036855,0.249700,0.576724,-0.039523,0.228839,0.588612,-0.038434,0.184903,0.574092,-0.038107,0.260095,0.573717,-0.047471,0.250822,0.605153,-0.037019,0.230586,0.610933,-0.029252,0.199549,0.604921,-0.055927,0.256721,0.603322,-0.051899,0.248770,0.628812,-0.035803,0.231563,0.636176,-0.024461
3604,0,0.047521,0.043624,0.111808,3.652948,3.779860,0.130931,0.714543,0.000000,0.156789,0.655178,0.016930,0.195553,0.599567,0.010640,0.242606,0.580141,-0.003025,0.275100,0.578157,-0.016667,0.166918,0.531877,-0.000859,0.197860,0.452761,-0.015489,0.233166,0.429386,-0.023854,0.260809,0.428079,-0.028241,0.172602,0.547165,-0.020809,0.252796,0.535895,-0.038391,0.250182,0.575659,-0.040893,0.229158,0.587774,-0.039624,0.184744,0.574335,-0.039298,0.260051,0.572742,-0.049049,0.251445,0.604451,-0.038282,0.231193,0.610370,-0.030271,0.199297,0.605421,-0.057097,0.256823,0.602708,-0.053436,0.249614,0.628186,-0.037267,0.232787,0.636039,-0.025830
3638,0,0.036101,0.048429,0.131431,3.650940,3.772663,0.131235,0.715143,0.000000,0.157485,0.656442,0.017019,0.196226,0.600153,0.011023,0.242923,0.579810,-0.002423,0.274548,0.577111,-0.015807,0.166842,0.531442,0.000459,0.197536,0.453067,-0.013863,0.232851,0.429360,-0.022173,0.260585,0.427456,-0.026604,0.172299,0.546591,-0.019587,0.252382,0.535495,-0.037293,0.249711,0.575463,-0.039933,0.228666,0.587367,-0.038704,0.184462,0.573547,-0.038269,0.259775,0.572649,-0.048217,0.250942,0.604336,-0.037799,0.230409,0.610101,-0.029914,0.199102,0.604607,-0.056211,0.256564,0.602551,-0.052774,0.248827,0.628208,-0.036913,0.231386,0.635747,-0.025718
3694,0,0.026514,0.024750,0.149629,3.643765,3.768828,0.131429,0.714383,0.000000,0.157443,0.655806,0.017128,0.196250,0.599835,0.010970,0.243247,0.580430,-0.002625,0.275729,0.578848,-0.016197,0.166693,0.531267,-0.000489,0.197905,0.452551,-0.014442,0.233070,0.429186,-0.022301,0.260575,0.427442,-0.026497,0.172440,0.546472,-0.020601,0.252327,0.534813,-0.037621,0.249516,0.574166,-0.039827,0.228673,0.586148,-0.038525,0.184762,0.573672,-0.039212,0.259341,0.572145,-0.048292,0.250511,0.603513,-0.037584,0.230480,0.609502,-0.029735,0.199618,0.604809,-0.057082,0.256344,0.601782,-0.052886,0.248877,0.626920,-0.036698,0.232201,0.634612,-0.025412
3720,0,0.089514,0.101321,0.447597,3.579582,3.698811,0.132746,0.714467,0.000000,0.164069,0.661970,0.016712,0.201080,0.607357,0.010493,0.245232,0.584746,-0.003080,0.276218,0.580393,-0.016377,0.166449,0.529755,-0.000103,0.197859,0.451845,-0.014534,0.233360,0.429090,-0.023301,0.261359,0.427768,-0.028181,0.169960,0.544097,-0.020029,0.251599,0.532686,-0.037852,0.249856,0.573492,-0.040636,0.229554,0.587164,-0.039552,0.181168,0.570789,-0.038539,0.257316,0.569254,-0.048518,0.249191,0.602557,-0.038106,0.229885,0.610486,-0.030260,0.196109,0.601971,-0.056435,0.254479,0.600093,-0.053109,0.247652,0.626488,-0.037382,0.231231,0.635091,-0.026338
3744,0,0.210467,0.253267,0.966530,3.438539,3.550309,0.136535,0.714555,0.000000,0.184717,0.674456,0.015472,0.218421,0.623162,0.009857,0.251007,0.590640,-0.003136,0.273794,0.574090,-0.015436,0.167654,0.528165,0.001963,0.198532,0.451122,-0.013555,0.234243,0.429601,-0.023837,0.262046,0.429444,-0.029461,0.165788,0.540807,-0.017082,0.248387,0.528765,-0.036117,0.247678,0.570664,-0.039752,0.228385,0.585758,-0.038884,0.174353,0.565871,-0.035122,0.252544,0.565413,-0.046914,0.244065,0.601656,-0.037365,0.224956,0.611815,-0.029642,0.189431,0.595746,-0.052629,0.249545,0.595852,-0.051436,0.243639,0.625244,-0.037256,0.227968,0.635216,-0.026821
3768,0,0.152402,0.145587,0.545570,3.374911,3.479423,0.135081,0.714517,-0.000000,0.194307,0.678070,0.015184,0.226274,0.628455,0.010381,0.254056,0.594885,-0.002237,0.273257,0.569719,-0.014157,0.169295,0.525543,0.004564,0.199314,0.451984,-0.010057,0.233722,0.431311,-0.020150,0.261502,0.430864,-0.026097,0.163988,0.536778,-0.014346,0.246954,0.524694,-0.033360,0.246763,0.569008,-0.037307,0.227193,0.585334,-0.036875,0.170776,0.560902,-0.032513,0.250785,0.560200,-0.044697,0.243681,0.599524,-0.035793,0.223576,0.612345,-0.028728,0.185345,0.589828,-0.050356,0.245997,0.592210,-0.050644,0.241264,0.622654,-0.038353,0.224935,0.633716,-0.029359
3800,0,0.259057,0.253666,0.723109,3.264510,3.338017,0.136179,0.715000,0.000000,0.198790,0.676213,0.011119,0.231058,0.626924,0.003955,0.261501,0.595388,-0.010714,0.283179,0.566378,-0.024237,0.172182,0.526004,0.001450,0.200188,0.453976,-0.015684,0.234577,0.430050,-0.027334,0.262296,0.425069,-0.034446,0.162613,0.536810,-0.016899,0.247706,0.519728,-0.040299,0.252666,0.568473,-0.045556,0.235008,0.589775,-0.044656,0.166569,0.559923,-0.035077,0.247680,0.552933,-0.051679,0.246859,0.596319,-0.042099,0.228151,0.613641,-0.032880,0.178990,0.588636,-0.053335,0.241977,0.585399,-0.057585,0.242304,0.616031,-0.045520,0.226929,0.628744,-0.035473
3830,0,0.254623,0.257720,0.754435,3.129144,3.176207,0.140825,0.714967,0.000000,0.202156,0.675949,0.007792,0.234753,0.628547,-0.001635,0.265787,0.599292,-0.018016,0.289835,0.565575,-0.033170,0.175594,0.526614,-0.001966,0.203267,0.456442,-0.019920,0.236586,0.430304,-0.030685,0.263862,0.421739,-0.037051,0.162939,0.535458,-0.019437,0.247641,0.508052,-0.045384,0.259428,0.556684,-0.049890,0.246452,0.583269,-0.047136,0.163450,0.556580,-0.037122,0.242803,0.543359,-0.056113,0.248944,0.587935,-0.045848,0.233441,0.609373,-0.034798,0.172662,0.585187,-0.055147,0.234947,0.579160,-0.061513,0.240233,0.608769,-0.049747,0.225622,0.623592,-0.039089
3862,0,0.249906,0.264614,0.743274,2.971195,3.005546,0.144169,0.716558,0.000000,0.202883,0.675828,0.006029,0.238276,0.627903,-0.005778,0.270503,0.598775,-0.024435,0.298557,0.563524,-0.042381,0.179887,0.525947,-0.002387,0.208185,0.460274,-0.021596,0.241640,0.432993,-0.033567,0.267888,0.422248,-0.040971,0.164611,0.532300,-0.020239,0.241741,0.500114,-0.045484,0.262988,0.550436,-0.048834,0.257254,0.580678,-0.045943,0.160725,0.552905,-0.038820,0.234176,0.535095,-0.058424,0.248672,0.581238,-0.047106,0.237129,0.605551,-0.035612,0.165194,0.583307,-0.057966,0.223011,0.571146,-0.065829,0.231277,0.599917,-0.053629,0.215773,0.616628,-0.042804
3895,0,0.286745,0.289171,0.942185,2.859664,2.874121,0.150996,0.717336,0.000000,0.206823,0.676603,0.006339,0.243212,0.625670,-0.004217,0.275519,0.594970,-0.020955,0.303214,0.559585,-0.037301,0.187013,0.526760,-0.005806,0.211695,0.461955,-0.025164,0.247532,0.435542,-0.037231,0.272705,0.423241,-0.044705,0.168037,0.530576,-0.023453,0.234326,0.487855,-0.046905,0.264729,0.537914,-0.049490,0.260816,0.571794,-0.046835,0.161012,0.551647,-0.041527,0.226155,0.520457,-0.063286,0.252653,0.568260,-0.052598,0.243976,0.598629,-0.040689,0.161568,0.584282,-0.059548,0.215042,0.558281,-0.071353,0.233011,0.587800,-0.059444,0.220993,0.612414,-0.048023
3929,0,0.424282,0.414532,1.543005,2.621403,2.624553,0.162045,0.716630,0.000000,0.211181,0.682675,0.000675,0.252486,0.626315,-0.008140,0.282841,0.592275,-0.021562,0.307112,0.556599,-0.034461,0.204304,0.527290,-0.003689,0.221152,0.463473,-0.021181,0.255080,0.439673,-0.033735,0.279944,0.429166,-0.041879,0.183970,0.529137,-0.017135,0.229030,0.479326,-0.040772,0.267246,0.522424,-0.048034,0.273484,0.561370,-0.048691,0.170341,0.546311,-0.031522,0.215815,0.505975,-0.053153,0.250677,0.551103,-0.046997,0.252898,0.587922,-0.038144,0.160718,0.575897,-0.046374,0.200859,0.546451,-0.060899,0.226063,0.573589,-0.054259,0.224645,0.601794,-0.045925
3963,0,0.589180,0.604663,2.504081,2.236489,2.242299,0.170158,0.718304,0.000000,0.215296,0.686653,-0.005431,0.256244,0.632021,-0.014223,0.286122,0.594056,-0.026314,0.309879,0.558562,-0.038672,0.219412,0.545186,-0.007902,0.233440,0.472500,-0.024888,0.259465,0.442807,-0.037607,0.280556,0.425453,-0.045960,0.200473,0.546663,-0.017978,0.222096,0.473926,-0.042075,0.262145,0.492301,-0.055241,0.281130,0.525209,-0.060157,0.182399,0.559647,-0.029082,0.200141,0.490190,-0.051941,0.240964,0.514694,-0.055413,0.258605,0.549378,-0.053179,0.164490,0.582638,-0.040666,0.183435,0.531610,-0.058610,0.212167,0.548591,-0.059297,0.224343,0.578901,-0.056341
3991,0,0.395778,0.403806,1.319288,2.043641,2.078995,0.170274,0.723213,0.000000,0.216482,0.695002,-0.010050,0.259670,0.637303,-0.019255,0.290518,0.597320,-0.030608,0.315342,0.559855,-0.042435,0.220813,0.550989,-0.012766,0.238359,0.479251,-0.032080,0.264193,0.446047,-0.046158,0.287289,0.424290,-0.055227,0.198987,0.550950,-0.021201,0.213493,0.471996,-0.046361,0.254010,0.474630,-0.061183,0.282158,0.494526,-0.067511,0.177849,0.564351,-0.031251,0.190210,0.491094,-0.056445,0.234873,0.501597,-0.064702,0.264836,0.526234,-0.065751,0.157165,0.587553,-0.042029,0.171369,0.531820,-0.063112,0.202783,0.540438,-0.067748,0.224960,0.563165,-0.067578
4045,0,0.477475,0.479126,1.683289,1.599666,1.632348,0.165119,0.725309,0.000000,0.215394,0.700126,-0.015246,0.262659,0.646559,-0.024789,0.295480,0.607504,-0.034829,0.321310,0.570459,-0.045898,0.227204,0.555288,-0.016545,0.248440,0.490705,-0.034137,0.270228,0.456566,-0.048126,0.290766,0.430392,-0.057677,0.201917,0.551587,-0.021819,0.212078,0.474037,-0.041039,0.242019,0.456999,-0.054167,0.267659,0.454751,-0.061625,0.177067,0.564118,-0.029260,0.181512,0.486307,-0.051366,0.216851,0.481101,-0.060174,0.246722,0.489739,-0.063144,0.153077,0.586510,-0.037967,0.159083,0.528078,-0.058757,0.185818,0.527197,-0.064494,0.209548,0.541944,-0.065810
4074,0,0.382573,0.385788,1.906761,1.294950,1.280678,0.163696,0.724277,0.000000,0.216574,0.702026,-0.020323,0.265481,0.654484,-0.031086,0.300198,0.616189,-0.041357,0.329582,0.580643,-0.052086,0.228745,0.557433,-0.018293,0.256701,0.496827,-0.035232,0.277222,0.460033,-0.048938,0.297512,0.430518,-0.058855,0.202352,0.548129,-0.021000,0.217916,0.477618,-0.037161,0.243655,0.446902,-0.049108,0.269623,0.429129,-0.057738,0.176084,0.556914,-0.026788,0.180669,0.481407,-0.047145,0.205006,0.461800,-0.057399,0.231589,0.457271,-0.062984,0.149644,0.578414,-0.034402,0.149671,0.522042,-0.055132,0.170533,0.512970,-0.062848,0.194101,0.521783,-0.066402
4104,0,0.371877,0.379665,1.894616,1.060959,1.003020,0.163197,0.726893,0.000000,0.217938,0.706295,-0.020859,0.267825,0.661886,-0.031398,0.304417,0.624131,-0.041080,0.335578,0.591538,-0.050929,0.234243,0.558717,-0.016481,0.263992,0.499498,-0.032659,0.282872,0.462582,-0.046223,0.300169,0.431697,-0.055905,0.204233,0.546840,-0.018657,0.223641,0.477187,-0.032491,0.241925,0.437935,-0.043937,0.260439,0.407126,-0.052375,0.174876,0.553497,-0.024070,0.178456,0.486786,-0.040441,0.194130,0.454128,-0.050022,0.214654,0.431350,-0.056039,0.145667,0.574441,-0.031617,0.142163,0.521966,-0.047736,0.155627,0.502350,-0.053619,0.175878,0.493242,-0.056543
4138,0,0.276571,0.283613,1.183927,0.876545,0.772106,0.159369,0.726645,0.000000,0.217614,0.708925,-0.021963,0.270472,0.668089,-0.033098,0.309040,0.631260,-0.043307,0.341304,0.600697,-0.053740,0.238865,0.561608,-0.017587,0.269884,0.501067,-0.035346,0.288450,0.463174,-0.049862,0.304910,0.431306,-0.059882,0.205770,0.546715,-0.019475,0.224918,0.474007,-0.034488,0.240735,0.430670,-0.047391,0.255589,0.394372,-0.056210,0.172981,0.551590,-0.024519,0.176312,0.485472,-0.040596,0.186598,0.446576,-0.050788,0.201097,0.412279,-0.057309,0.140584,0.572431,-0.031726,0.135371,0.525299,-0.047220,0.138907,0.498238,-0.052985,0.147677,0.472902,-0.055764
4172,0,0.249987,0.265585,0.623806,0.718032,0.619115,0.156736,0.728693,0.000000,0.216208,0.714363,-0.022499,0.270441,0.677304,-0.033809,0.311777,0.641434,-0.043983,0.344866,0.613380,-0.054122,0.240840,0.567108,-0.019632,0.274576,0.505336,-0.036291,0.293665,0.467427,-0.049612,0.308673,0.434160,-0.058842,0.206709,0.548144,-0.020715,0.228435,0.472155,-0.034229,0.242982,0.426325,-0.045557,0.253353,0.386832,-0.053283,0.172680,0.549800,-0.024736,0.175882,0.480098,-0.038214,0.181247,0.438004,-0.047060,0.188340,0.400128,-0.052934,0.139159,0.568312,-0.031047,0.132874,0.519135,-0.043739,0.132375,0.487723,-0.048424,0.135385,0.457177,-0.050591
4200,0,0.281188,0.300580,0.303984,0.589013,0.507222,0.154488,0.732261,0.000000,0.214605,0.720888,-0.023632,0.270885,0.685996,-0.035788,0.314612,0.651281,-0.046619,0.349667,0.627207,-0.057468,0.242257,0.572284,-0.022593,0.278004,0.509663,-0.039315,0.297418,0.470798,-0.052348,0.312093,0.435660,-0.061658,0.207518,0.550103,-0.023560,0.230875,0.470743,-0.037668,0.245298,0.422730,-0.049126,0.254110,0.381066,-0.056967,0.172158,0.549017,-0.027356,0.173935,0.474411,-0.041785,0.177559,0.427299,-0.052097,0.181889,0.385448,-0.058936,0.137154,0.565599,-0.033425,0.128070,0.510821,-0.047443,0.123749,0.475454,-0.053566,0.122080,0.441105,-0.056752
4233,0,0.166489,0.208057,0.236494,0.547674,0.422489,0.151236,0.734945,0.000000,0.213550,0.726571,-0.024082,0.271463,0.694094,-0.036224,0.315603,0.659058,-0.047127,0.351175,0.636473,-0.057862,0.243327,0.575760,-0.021823,0.280491,0.514573,-0.038390,0.300363,0.475398,-0.051199,0.314893,0.440440,-0.060380,0.208854,0.550299,-0.022693,0.233132,0.470361,-0.037131,0.247165,0.421282,-0.048644,0.255122,0.379303,-0.056382,0.172927,0.546340,-0.026506,0.174263,0.468493,-0.041796,0.176549,0.419463,-0.052680,0.179555,0.376341,-0.059565,0.137040,0.561446,-0.032596,0.125151,0.503948,-0.047571,0.119298,0.466150,-0.054382,0.116591,0.429344,-0.057751
4269,0,0.123538,0.137944,0.123676,0.567630,0.407364,0.149835,0.735706,0.000000,0.212486,0.729494,-0.025163,0.270030,0.698597,-0.037696,0.314625,0.664635,-0.048940,0.350684,0.643145,-0.059952,0.242558,0.577468,-0.022525,0.281479,0.518499,-0.039853,0.302995,0.479646,-0.053368,0.317924,0.444642,-0.062994,0.208841,0.550111,-0.023161,0.234847,0.469523,-0.037812,0.249776,0.420681,-0.049210,0.258126,0.379442,-0.057103,0.173092,0.544634,-0.026954,0.176028,0.465412,-0.042433,0.178742,0.416241,-0.053099,0.181920,0.373583,-0.059991,0.136891,0.558186,-0.033211,0.124409,0.497887,-0.048439,0.118556,0.458137,-0.055255,0.115828,0.420340,-0.058759
4295,0,0.104035,0.138330,0.133398,0.606002,0.386918,0.146894,0.736855,0.000000,0.209709,0.732393,-0.025849,0.266417,0.702223,-0.038832,0.310697,0.668332,-0.050447,0.347987,0.648406,-0.061670,0.242758,0.578560,-0.022701,0.283279,0.520135,-0.040162,0.305594,0.481654,-0.053810,0.321253,0.446875,-0.063586,0.209730,0.549673,-0.023033,0.236804,0.469665,-0.037952,0.251894,0.421103,-0.049313,0.260849,0.380090,-0.057212,0.174306,0.542857,-0.026709,0.177815,0.463608,-0.042508,0.180764,0.414218,-0.053340,0.184433,0.371427,-0.060301,0.138120,0.555602,-0.032927,0.125994,0.494054,-0.048530,0.120111,0.453384,-0.055609,0.117451,0.414756,-0.059285
4330,0,0.088613,0.119124,0.074884,0.621912,0.406759,0.145181,0.735041,0.000000,0.206520,0.732756,-0.026401,0.263276,0.704039,-0.039505,0.307768,0.671308,-0.051058,0.345281,0.651783,-0.062107,0.242382,0.579111,-0.022602,0.282894,0.521769,-0.039776,0.305103,0.484014,-0.053345,0.321040,0.449439,-0.063154,0.209948,0.549173,-0.022524,0.238077,0.470651,-0.037043,0.253827,0.422687,-0.048305,0.263160,0.381908,-0.056137,0.174712,0.541351,-0.025820,0.180417,0.462993,-0.041250,0.184284,0.413884,-0.052105,0.188430,0.371128,-0.059083,0.138493,0.553117,-0.031732,0.127665,0.491966,-0.046910,0.122161,0.451698,-0.053927,0.119873,0.413389,-0.057571
4362,0,0.069443,0.091626,0.093440,0.608523,0.419795,0.142516,0.734720,0.000000,0.203909,0.735398,-0.027032,0.260653,0.706653,-0.039962,0.305167,0.673268,-0.051106,0.343137,0.653710,-0.061634,0.241182,0.579160,-0.022498,0.282129,0.522115,-0.039252,0.304438,0.484594,-0.052528,0.320393,0.450407,-0.062211,0.209125,0.548755,-0.021845,0.238293,0.470484,-0.035966,0.254449,0.423090,-0.047033,0.263832,0.382892,-0.054679,0.174343,0.540575,-0.024573,0.180853,0.462506,-0.039655,0.185409,0.413682,-0.050337,0.190011,0.371236,-0.057139,0.138280,0.552085,-0.029972,0.128724,0.490900,-0.044996,0.123954,0.450517,-0.051913,0.122298,0.412282,-0.055448
4411,0,0.048245,0.045140,0.099850,0.610625,0.438432,0.142089,0.734953,0.000000,0.202302,0.735814,-0.027156,0.257893,0.707076,-0.040188,0.302793,0.673942,-0.051434,0.340821,0.654379,-0.062066,0.240602,0.580160,-0.023184,0.281639,0.523202,-0.040111,0.303899,0.485470,-0.053583,0.319423,0.450467,-0.063486,0.208837,0.549686,-0.022646,0.238393,0.471423,-0.036963,0.254425,0.423816,-0.048248,0.263792,0.382854,-0.056155,0.174111,0.541517,-0.025467,0.181530,0.463265,-0.040687,0.186207,0.414201,-0.051472,0.190654,0.370999,-0.058458,0.137998,0.552851,-0.030956,0.129338,0.491115,-0.046060,0.124960,0.450378,-0.053046,0.123400,0.411836,-0.056692
4442,0,0.037628,0.043565,0.082215,0.604158,0.457891,0.140905,0.734325,0.000000,0.201160,0.735422,-0.027893,0.257065,0.707448,-0.041254,0.301475,0.675065,-0.052642,0.339432,0.655042,-0.063339,0.240202,0.579675,-0.023522,0.280621,0.522826,-0.040411,0.302473,0.484909,-0.053945,0.317813,0.449844,-0.063837,0.208629,0.549220,-0.022544,0.238330,0.471710,-0.036826,0.254197,0.424056,-0.048309,0.263602,0.383202,-0.056361,0.174063,0.540672,-0.024960,0.182528,0.462956,-0.040219,0.187196,0.414546,-0.051146,0.191709,0.372137,-0.058163,0.137862,0.551823,-0.030097,0.129802,0.490456,-0.045280,0.125385,0.450229,-0.052373,0.123997,0.411982,-0.056016
4472,0,0.024880,0.024874,0.067424,0.591347,0.445740,0.140650,0.734667,0.000000,0.200646,0.736093,-0.027475,0.256203,0.707553,-0.040619,0.300621,0.675099,-0.051923,0.338698,0.654510,-0.062614,0.239861,0.579866,-0.023030,0.279739,0.522493,-0.039737,0.301253,0.484625,-0.053111,0.316192,0.449702,-0.062959,0.208441,0.549545,-0.022264,0.238195,0.471949,-0.036538,0.254043,0.424301,-0.048091,0.262884,0.383328,-0.056176,0.173879,0.541242,-0.024888,0.182354,0.463053,-0.040120,0.187233,0.414342,-0.051118,0.191794,0.371627,-0.058207,0.137704,0.552320,-0.030177,0.130140,0.490339,-0.045409,0.126067,0.449844,-0.052574,0.125179,0.411643,-0.056291
4504,0,0.045387,0.060589,0.051608,0.577082,0.407326,0.140903,0.735347,0.000000,0.200712,0.735912,-0.026973,0.256304,0.707372,-0.039644,0.301025,0.674180,-0.050495,0.339072,0.653736,-0.060693,0.239863,0.579902,-0.021816,0.279499,0.522509,-0.037823,0.300838,0.484407,-0.050840,0.315543,0.449396,-0.060463,0.208485,0.549409,-0.021087,0.237883,0.471706,-0.034641,0.253611,0.424036,-0.045817,0.262463,0.383042,-0.053715,0.173960,0.540946,-0.023752,0.182397,0.462862,-0.038360,0.187341,0.414344,-0.049076,0.191911,0.371607,-0.056093,0.137598,0.551728,-0.029062,0.129985,0.490040,-0.043747,0.126080,0.449448,-0.050687,0.125307,0.410932,-0.054367
4540,0,0.047562,0.046779,0.052968,0.582393,0.430446,0.140244,0.735059,0.000000,0.199825,0.735531,-0.027652,0.255886,0.707006,-0.040825,0.300609,0.674309,-0.052116,0.339003,0.653527,-0.062716,0.239348,0.579900,-0.022851,0.278645,0.522617,-0.039596,0.300044,0.484803,-0.053115,0.315216,0.449744,-0.063100,0.208122,0.549482,-0.022102,0.237503,0.471967,-0.036428,0.253175,0.424080,-0.047968,0.262167,0.382760,-0.056110,0.173683,0.541070,-0.024829,0.182231,0.462819,-0.040211,0.186991,0.414420,-0.051118,0.191443,0.371665,-0.058146,0.137340,0.551872,-0.030244,0.129956,0.489815,-0.045510,0.125842,0.449098,-0.052615,0.124813,0.410412,-0.056341
4569,0,0.018475,0.027474,0.068238,0.578844,0.418546,0.140715,0.735152,0.000000,0.199788,0.735526,-0.027851,0.255289,0.706486,-0.041125,0.300680,0.673676,-0.052480,0.339233,0.653334,-0.063145,0.239003,0.580201,-0.023344,0.278250,0.522671,-0.040165,0.299364,0.484385,-0.053707,0.314364,0.449268,-0.063720,0.207758,0.549642,-0.022519,0.237137,0.471505,-0.036828,0.252770,0.424016,-0.048375,0.261691,0.383138,-0.056546,0.173264,0.541055,-0.025127,0.181835,0.462847,-0.040357,0.186788,0.414224,-0.051214,0.191368,0.371386,-0.058311,0.136887,0.551873,-0.030460,0.129570,0.489825,-0.045536,0.125645,0.449213,-0.052518,0.124798,0.410640,-0.056201
4600,0,0.021748,0.028114,0.038272,0.571303,0.403093,0.141158,0.735223,0.000000,0.200233,0.735210,-0.027794,0.255848,0.705952,-0.041164,0.300462,0.673145,-0.052519,0.338721,0.652407,-0.063261,0.239316,0.579550,-0.023555,0.278188,0.521838,-0.040281,0.299081,0.483634,-0.053747,0.313758,0.448202,-0.063721,0.207684,0.549198,-0.022807,0.236504,0.471237,-0.037021,0.251825,0.423646,-0.048453,0.260556,0.382820,-0.056586,0.173050,0.541130,-0.025454,0.181498,0.462790,-0.040627,0.186357,0.414646,-0.051330,0.190947,0.372068,-0.058351,0.136658,0.552332,-0.030806,0.129387,0.490329,-0.045883,0.125533,0.449704,-0.052865,0.124709,0.411060,-0.056509
4635,0,0.023670,0.025589,0.039176,0.561020,0.408527,0.140963,0.734151,0.000000,0.199869,0.734510,-0.027802,0.255455,0.705449,-0.041042,0.300364,0.672014,-0.052309,0.338798,0.651108,-0.062885,0.239139,0.578893,-0.023146,0.277867,0.521274,-0.039701,0.298551,0.483230,-0.053075,0.313034,0.447985,-0.063000,0.207679,0.548872,-0.022322,0.236417,0.470781,-0.036482,0.251674,0.423313,-0.047940,0.260486,0.382303,-0.056064,0.173114,0.540835,-0.024928,0.181338,0.462540,-0.040161,0.185839,0.414283,-0.050967,0.190386,0.371509,-0.058018,0.136847,0.552056,-0.030235,0.129469,0.490193,-0.045411,0.125507,0.449631,-0.052462,0.124687,0.410923,-0.056217
4663,0,0.015475,0.026518,0.059680,0.559603,0.392956,0.140788,0.734909,0.000000,0.200027,0.734652,-0.027832,0.255675,0.704798,-0.041050,0.300844,0.671562,-0.052259,0.339413,0.650377,-0.062856,0.238747,0.578923,-0.023298,0.277625,0.521599,-0.040017,0.298478,0.483321,-0.053521,0.312889,0.447746,-0.063545,0.207395,0.548850,-0.022514,0.236007,0.470841,-0.036765,0.251189,0.423504,-0.048280,0.259692,0.382487,-0.056429,0.172793,0.540643,-0.025173,0.181147,0.462506,-0.040399,0.185892,0.414270,-0.051073,0.190318,0.371366,-0.058036,0.136349,0.551948,-0.030548,0.129150,0.489835,-0.045679,0.125324,0.449365,-0.052565,0.124576,0.410719,-0.056199
4697,0,0.014090,0.018021,0.040434,0.554861,0.376279,0.140991,0.735186,0.000000,0.200328,0.734718,-0.027860,0.256453,0.704903,-0.041081,0.301030,0.671609,-0.052309,0.339127,0.650113,-0.062809,0.239025,0.578734,-0.023223,0.277306,0.521184,-0.039816,0.297791,0.482919,-0.053343,0.312129,0.447307,-0.063384,0.207451,0.548650,-0.022437,0.235572,0.470341,-0.036616,0.250548,0.422873,-0.048132,0.259010,0.381683,-0.056332,0.172831,0.540769,-0.025120,0.180990,0.462618,-0.040276,0.185704,0.414502,-0.051006,0.190326,0.371507,-0.058057,0.136401,0.552074,-0.030542,0.129234,0.490173,-0.045641,0.125374,0.449500,-0.052654,0.124709,0.410351,-0.056409
4726,0,0.016658,0.019583,0.048752,0.552492,0.367631,0.141272,0.735513,0.000000,0.200676,0.734932,-0.028160,0.256069,0.705576,-0.041549,0.300272,0.671726,-0.052905,0.338549,0.649692,-0.063570,0.238701,0.578709,-0.023268,0.276803,0.521463,-0.040091,0.297217,0.483263,-0.053825,0.311780,0.447653,-0.064030,0.207333,0.548645,-0.022347,0.235463,0.470780,-0.036657,0.250378,0.423303,-0.048301,0.258900,0.381793,-0.056626,0.172830,0.540745,-0.024918,0.181192,0.462853,-0.040283,0.185644,0.414897,-0.051063,0.189675,0.371854,-0.058084,0.136589,0.551910,-0.030270,0.129513,0.490059,-0.045539,0.125497,0.449460,-0.052521,0.124350,0.410349,-0.056242
4759,0,0.012901,0.017696,0.050328,0.549800,0.363593,0.141664,0.735183,0.000000,0.201223,0.734488,-0.028186,0.256598,0.705360,-0.041618,0.300670,0.671356,-0.053038,0.338515,0.648602,-0.063730,0.238559,0.579008,-0.023319,0.276860,0.521360,-0.040124,0.297485,0.482960,-0.053728,0.311698,0.447258,-0.063845,0.207095,0.548896,-0.022399,0.235220,0.470770,-0.036751,0.249946,0.423063,-0.048363,0.258207,0.381601,-0.056641,0.172664,0.541007,-0.024948,0.180712,0.462727,-0.040315,0.185121,0.414584,-0.051122,0.189349,0.371857,-0.058135,0.136543,0.552168,-0.030275,0.129485,0.490157,-0.045604,0.125481,0.449325,-0.052732,0.124298,0.410480,-0.056449
4813,0,0.021084,0.024733,0.037610,0.534907,0.347262,0.141925,0.735133,0.000000,0.201350,0.734260,-0.027952,0.256659,0.704737,-0.041143,0.300628,0.670530,-0.052309,0.338298,0.647861,-0.062786,0.238832,0.578784,-0.023095,0.276567,0.521086,-0.039652,0.296587,0.482576,-0.053150,0.310682,0.446984,-0.063168,0.207224,0.548909,-0.022178,0.235040,0.470438,-0.036326,0.249653,0.422793,-0.047835,0.257733,0.381657,-0.056018,0.172582,0.541147,-0.024720,0.180534,0.462871,-0.039920,0.184931,0.414600,-0.050665,0.189046,0.371664,-0.057662,0.136397,0.552469,-0.030016,0.129359,0.490505,-0.045158,0.125350,0.449811,-0.052194,0.124265,0.410796,-0.055980
4841,0,0.021659,0.024045,0.036101,0.535241,0.340573,0.141740,0.735521,0.000000,0.200944,0.734444,-0.027875,0.256445,0.704271,-0.041067,0.300394,0.670016,-0.052194,0.338103,0.647159,-0.062671,0.238488,0.578484,-0.023440,0.276409,0.520885,-0.040150,0.296432,0.482279,-0.053686,0.310558,0.446525,-0.063780,0.206862,0.548644,-0.022618,0.234683,0.469994,-0.036880,0.249188,0.422554,-0.048371,0.257477,0.381513,-0.056553,0.172215,0.540919,-0.025237,0.180282,0.462556,-0.040494,0.184540,0.414211,-0.051200,0.188571,0.371053,-0.058198,0.135932,0.552575,-0.030590,0.129184,0.490646,-0.045809,0.125206,0.449991,-0.052806,0.123987,0.410908,-0.056515
4872,0,0.016258,0.022508,0.061008,0.528080,0.330894,0.142293,0.735653,0.000000,0.201523,0.734676,-0.028091,0.256102,0.703991,-0.041389,0.299917,0.669228,-0.052657,0.337943,0.646188,-0.063234,0.238376,0.578477,-0.023358,0.276061,0.520851,-0.040086,0.296201,0.482455,-0.053730,0.310319,0.446500,-0.063924,0.206957,0.548883,-0.022458,0.234375,0.470487,-0.036752,0.248767,0.422676,-0.048288,0.256909,0.381005,-0.056604,0.172440,0.541394,-0.025083,0.180113,0.463202,-0.040431,0.184513,0.414874,-0.051162,0.188800,0.371450,-0.058214,0.136370,0.553186,-0.030448,0.129161,0.490930,-0.045835,0.125207,0.450084,-0.052925,0.124296,0.410796,-0.056757
4907,0,0.018641,0.022550,0.039538,0.515843,0.331999,0.142113,0.735324,0.000000,0.201404,0.734644,-0.028224,0.256435,0.704267,-0.041389,0.300437,0.669142,-0.052472,0.338091,0.645893,-0.062829,0.238613,0.578869,-0.023351,0.275962,0.520836,-0.039899,0.295801,0.482189,-0.053313,0.309561,0.446220,-0.063326,0.207053,0.549182,-0.022300,0.234122,0.470473,-0.036459,0.248295,0.422600,-0.047810,0.256469,0.381013,-0.055912,0.172610,0.541471,-0.024765,0.179775,0.463261,-0.039975,0.184067,0.415052,-0.050562,0.188249,0.371368,-0.057555,0.136333,0.553150,-0.030020,0.129245,0.491413,-0.045173,0.125276,0.450729,-0.052167,0.124289,0.411553,-0.055988
4936,0,0.018878,0.017914,0.068279,0.522374,0.337289,0.142094,0.735096,0.000000,0.201634,0.733791,-0.028401,0.256791,0.704123,-0.041839,0.300231,0.669391,-0.053138,0.337834,0.645752,-0.063712,0.238257,0.578674,-0.023496,0.275483,0.520730,-0.040312,0.295473,0.481993,-0.053978,0.309189,0.445691,-0.064132,0.206753,0.549030,-0.022446,0.234199,0.470305,-0.036838,0.248583,0.422618,-0.048443,0.256725,0.381081,-0.056688,0.172264,0.541473,-0.024889,0.179826,0.463159,-0.040350,0.183868,0.414524,-0.051153,0.187854,0.370990,-0.058215,0.136110,0.553051,-0.030119,0.129126,0.491319,-0.045465,0.125150,0.450594,-0.052565,0.123932,0.411432,-0.056345
4967,0,0.015876,0.021413,0.045619,0.518141,0.321917,0.142038,0.735565,0.000000,0.201577,0.734131,-0.027924,0.256582,0.703908,-0.041037,0.300304,0.668926,-0.052108,0.337711,0.644918,-0.062491,0.238115,0.578638,-0.023076,0.275661,0.521037,-0.039778,0.295550,0.482404,-0.053329,0.309118,0.446366,-0.063446,0.206626,0.548915,-0.022256,0.234249,0.470121,-0.036571,0.248627,0.422255,-0.048176,0.256504,0.380924,-0.056383,0.172128,0.541432,-0.024890,0.179809,0.462876,-0.040350,0.184012,0.414371,-0.051192,0.187919,0.370901,-0.058216,0.135824,0.553167,-0.030253,0.129032,0.491077,-0.045656,0.125169,0.450283,-0.052719,0.124124,0.411262,-0.056498
5002,0,0.019771,0.018340,0.035670,0.519755,0.330287,0.142055,0.735719,0.000000,0.201399,0.734309,-0.028217,0.256491,0.703899,-0.041550,0.300164,0.669039,-0.052837,0.337742,0.645331,-0.063435,0.238435,0.578588,-0.023415,0.275610,0.520716,-0.040249,0.295445,0.482100,-0.054023,0.309273,0.445943,-0.064277,0.206787,0.549014,-0.022554,0.233946,0.470436,-0.036997,0.248108,0.422584,-0.048667,0.256265,0.381023,-0.057084,0.172313,0.541660,-0.025194,0.179818,0.463571,-0.040670,0.183867,0.415243,-0.051498,0.188061,0.371876,-0.058576,0.135995,0.553351,-0.030608,0.129281,0.491424,-0.045988,0.125307,0.450695,-0.053066,0.124212,0.411588,-0.056931
5036,0,0.017506,0.029614,0.024460,0.518776,0.351734,0.141774,0.734606,0.000000,0.200838,0.733503,-0.028548,0.255786,0.703497,-0.042077,0.299711,0.668727,-0.053427,0.337369,0.644801,-0.064090,0.238341,0.578432,-0.023618,0.275466,0.520824,-0.040433,0.295140,0.481992,-0.054153,0.308784,0.445681,-0.064434,0.206915,0.548771,-0.022548,0.233940,0.470396,-0.036937,0.248019,0.422912,-0.048612,0.256048,0.381450,-0.057020,0.172374,0.541309,-0.025032,0.180041,0.463388,-0.040395,0.184207,0.415263,-0.051134,0.188286,0.371590,-0.058243,0.135919,0.552651,-0.030306,0.129158,0.491262,-0.045555,0.125224,0.450755,-0.052586,0.124156,0.411509,-0.056446
5065,0,0.023757,0.035337,0.064477,0.505698,0.320892,0.142316,0.735094,0.000000,0.201866,0.733991,-0.028391,0.256956,0.703766,-0.041577,0.299966,0.668035,-0.052591,0.337524,0.643790,-0.062880,0.238277,0.578280,-0.023189,0.275297,0.520739,-0.039748,0.294833,0.481905,-0.053315,0.308544,0.445767,-0.063452,0.206810,0.548764,-0.022065,0.234039,0.470603,-0.036261,0.248100,0.422892,-0.047751,0.255800,0.381273,-0.055982,0.172447,0.541361,-0.024466,0.180150,0.463413,-0.039786,0.184224,0.415306,-0.050495,0.188230,0.371928,-0.057469,0.136066,0.552847,-0.029668,0.128953,0.491247,-0.044931,0.125092,0.450799,-0.051981,0.124196,0.411694,-0.055754
5097,0,0.016863,0.024700,0.037026,0.499946,0.330985,0.142203,0.734448,0.000000,0.201433,0.733493,-0.028145,0.257081,0.703338,-0.041083,0.300136,0.667623,-0.051907,0.337351,0.643879,-0.062006,0.238623,0.578380,-0.022809,0.275390,0.520754,-0.039216,0.294933,0.482156,-0.052707,0.308467,0.446079,-0.062807,0.207052,0.549060,-0.021761,0.233903,0.471021,-0.035862,0.247771,0.423294,-0.047448,0.255462,0.381622,-0.055756,0.172603,0.541655,-0.024219,0.180033,0.463657,-0.039521,0.184184,0.415587,-0.050344,0.188090,0.372036,-0.057433,0.136145,0.552936,-0.029441,0.129301,0.491144,-0.044780,0.125240,0.450503,-0.051945,0.124093,0.411151,-0.055832
5131,0,0.017367,0.022096,0.044373,0.497624,0.337845,0.141841,0.734003,0.000000,0.201631,0.733135,-0.028354,0.256639,0.703398,-0.041401,0.300033,0.667738,-0.052263,0.337183,0.643552,-0.062405,0.238018,0.578199,-0.022884,0.275316,0.520375,-0.039198,0.294770,0.481655,-0.052567,0.308394,0.445700,-0.062557,0.206914,0.548800,-0.021612,0.234179,0.470801,-0.035627,0.248256,0.423381,-0.047136,0.256035,0.381928,-0.055378,0.172605,0.541233,-0.023872,0.180248,0.463539,-0.039046,0.184364,0.415370,-0.049871,0.188144,0.371921,-0.056973,0.136184,0.552424,-0.028885,0.129340,0.491209,-0.044097,0.125417,0.450684,-0.051276,0.124394,0.411458,-0.055188
5178,0,0.046199,0.040250,0.041330,0.510511,0.359388,0.141756,0.734452,0.000000,0.201360,0.733541,-0.028654,0.256311,0.703446,-0.042107,0.299269,0.667704,-0.053356,0.336734,0.643558,-0.063883,0.237532,0.578880,-0.024056,0.274633,0.521091,-0.040967,0.294378,0.482448,-0.054686,0.308340,0.446415,-0.064909,0.206439,0.549414,-0.022821,0.233842,0.471270,-0.037338,0.247913,0.423630,-0.049024,0.255690,0.381914,-0.057385,0.172284,0.542072,-0.025063,0.179945,0.464132,-0.040625,0.184077,0.415653,-0.051494,0.188030,0.371821,-0.058563,0.135891,0.553427,-0.030079,0.129095,0.491804,-0.045528,0.125263,0.451466,-0.052672,0.124276,0.412218,-0.056586
5210,0,0.034062,0.039894,0.046648,0.492378,0.323591,0.141818,0.734993,0.000000,0.201602,0.733730,-0.028259,0.256382,0.703825,-0.041401,0.299273,0.668009,-0.052340,0.336521,0.643509,-0.062557,0.237670,0.578782,-0.023055,0.274575,0.521237,-0.039616,0.294210,0.482718,-0.053213,0.307823,0.446756,-0.063316,0.206500,0.549184,-0.021878,0.233741,0.471169,-0.035950,0.247719,0.423599,-0.047402,0.255498,0.382104,-0.055568,0.172078,0.541566,-0.024214,0.180021,0.463714,-0.039388,0.184044,0.415761,-0.049985,0.187947,0.372307,-0.056935,0.135608,0.552924,-0.029322,0.129174,0.491265,-0.044477,0.125293,0.450777,-0.051466,0.124148,0.411482,-0.055188
5244,0,0.026971,0.036446,0.043348,0.492403,0.344099,0.141875,0.734096,0.000000,0.201434,0.732823,-0.028877,0.255936,0.702873,-0.042308,0.298741,0.667174,-0.053531,0.336078,0.643111,-0.063994,0.237616,0.578596,-0.023532,0.274282,0.521078,-0.040329,0.293891,0.482441,-0.054102,0.307524,0.446234,-0.064413,0.206349,0.549033,-0.022086,0.233308,0.471400,-0.036525,0.247212,0.423784,-0.048243,0.254966,0.382125,-0.056651,0.171967,0.541565,-0.024217,0.179486,0.464077,-0.039720,0.183469,0.415960,-0.050564,0.187422,0.372490,-0.057678,0.135615,0.552963,-0.029182,0.128868,0.491805,-0.044552,0.125025,0.451146,-0.051743,0.124146,0.411815,-0.055662
5273,0,0.030048,0.039121,0.047061,0.472160,0.311950,0.141887,0.734962,0.000000,0.201619,0.734020,-0.028369,0.256422,0.703510,-0.041285,0.299363,0.667128,-0.052042,0.336261,0.642489,-0.062004,0.237468,0.578928,-0.022783,0.274255,0.520966,-0.039088,0.293653,0.482161,-0.052421,0.306997,0.446062,-0.062420,0.206302,0.549617,-0.021495,0.233326,0.471554,-0.035566,0.247183,0.423801,-0.047118,0.254632,0.382018,-0.055337,0.171915,0.542232,-0.023749,0.179529,0.464082,-0.039051,0.183620,0.415891,-0.049845,0.187620,0.372111,-0.056928,0.135502,0.553411,-0.028767,0.128691,0.491730,-0.044088,0.124827,0.451034,-0.051285,0.123966,0.411698,-0.055186
5305,0,0.019864,0.021344,0.038986,0.484582,0.323615,0.142014,0.734826,0.000000,0.201439,0.733509,-0.028737,0.256129,0.703427,-0.042023,0.299030,0.667187,-0.053070,0.336260,0.642424,-0.063395,0.237458,0.578873,-0.023156,0.274067,0.521308,-0.039821,0.293396,0.482603,-0.053487,0.306788,0.446255,-0.063737,0.206357,0.549470,-0.021847,0.233267,0.471481,-0.036196,0.247059,0.423745,-0.047831,0.254758,0.381848,-0.056183,0.172049,0.542047,-0.024105,0.179613,0.464072,-0.039632,0.183560,0.415696,-0.050451,0.187581,0.371666,-0.057511,0.135564,0.553311,-0.029173,0.128688,0.491864,-0.044605,0.124780,0.451265,-0.051817,0.123879,0.411660,-0.055765
5339,0,0.016617,0.036008,0.049465,0.480660,0.349451,0.140609,0.734445,0.000000,0.200886,0.734009,-0.028816,0.255860,0.703760,-0.042000,0.298829,0.667224,-0.052927,0.335979,0.642601,-0.063133,0.237045,0.578854,-0.023314,0.273564,0.521447,-0.040103,0.292896,0.482681,-0.053837,0.305998,0.446354,-0.064119,0.205951,0.549485,-0.022005,0.233146,0.471369,-0.036480,0.246916,0.423652,-0.048222,0.254559,0.381884,-0.056569,0.171712,0.541937,-0.024263,0.179307,0.464217,-0.039951,0.183346,0.415935,-0.050878,0.187164,0.372078,-0.057897,0.135360,0.553284,-0.029328,0.128360,0.491806,-0.044921,0.124549,0.451120,-0.052168,0.123584,0.411684,-0.056076
5368,0,0.022009,0.037148,0.077845,0.476868,0.332032,0.141338,0.735055,0.000000,0.200605,0.733386,-0.028483,0.255605,0.703455,-0.041765,0.298394,0.666977,-0.052823,0.335671,0.642078,-0.063160,0.236606,0.579280,-0.023485,0.273416,0.521176,-0.040359,0.293059,0.482306,-0.054039,0.306696,0.445889,-0.064186,0.205567,0.550085,-0.022383,0.232824,0.471667,-0.036957,0.246944,0.423781,-0.048757,0.254746,0.381836,-0.057194,0.171263,0.542718,-0.024778,0.178835,0.464662,-0.040435,0.182965,0.416053,-0.051379,0.186933,0.372017,-0.058524,0.134960,0.554034,-0.029946,0.128156,0.492140,-0.045375,0.124550,0.451353,-0.052633,0.123841,0.411699,-0.056586
5401,0,0.026487,0.025760,0.052529,0.466374,0.319560,0.141369,0.735218,0.000000,0.200803,0.734227,-0.028510,0.255911,0.703664,-0.041607,0.298362,0.667122,-0.052502,0.335417,0.642051,-0.062600,0.237257,0.579333,-0.023100,0.273906,0.521959,-0.039709,0.293003,0.483104,-0.053262,0.306357,0.446820,-0.063436,0.205873,0.549955,-0.021885,0.232648,0.471878,-0.036216,0.246315,0.424064,-0.047833,0.253755,0.382096,-0.056109,0.171393,0.542267,-0.024220,0.178771,0.464363,-0.039671,0.182733,0.416272,-0.050414,0.186772,0.372527,-0.057400,0.134910,0.553553,-0.029345,0.128227,0.491884,-0.044682,0.124361,0.451321,-0.051781,0.123395,0.411862,-0.055577
5430,0,0.024239,0.026121,0.033903,0.470432,0.321648,0.141301,0.735676,0.000000,0.201128,0.734335,-0.028797,0.255795,0.703603,-0.042115,0.298139,0.666719,-0.053193,0.335028,0.641439,-0.063513,0.236941,0.579466,-0.023542,0.273287,0.521615,-0.040369,0.292628,0.482952,-0.054180,0.306086,0.446491,-0.064500,0.205712,0.550124,-0.022290,0.232653,0.472204,-0.036860,0.246299,0.424223,-0.048678,0.253902,0.381925,-0.057139,0.171265,0.542746,-0.024624,0.178819,0.464967,-0.040293,0.183037,0.416686,-0.051183,0.187056,0.372757,-0.058315,0.134792,0.553966,-0.029784,0.127950,0.492183,-0.045264,0.124282,0.451378,-0.052510,0.123621,0.411751,-0.056418
5464,0,0.018580,0.021686,0.040943,0.463003,0.316101,0.141616,0.735659,0.000000,0.201366,0.734151,-0.028396,0.256372,0.703882,-0.041493,0.298654,0.667055,-0.052426,0.335218,0.641855,-0.062676,0.237012,0.579645,-0.023119,0.273436,0.521771,-0.039861,0.292778,0.482981,-0.053489,0.305835,0.446779,-0.063625,0.205635,0.550630,-0.022037,0.232345,0.471975,-0.036596,0.246175,0.424083,-0.048288,0.253770,0.382436,-0.056602,0.171323,0.543226,-0.024524,0.178481,0.465183,-0.040164,0.182625,0.416580,-0.051060,0.186664,0.372835,-0.058159,0.134840,0.554512,-0.029782,0.127828,0.492636,-0.045289,0.124068,0.451960,-0.052502,0.123209,0.412389,-0.056412
5497,0,0.020530,0.016926,0.039639,0.455644,0.316838,0.141420,0.734964,0.000000,0.201246,0.733445,-0.028418,0.255992,0.703703,-0.041546,0.298391,0.667123,-0.052474,0.334967,0.641741,-0.062718,0.236696,0.578759,-0.023126,0.273113,0.521083,-0.039763,0.292390,0.482361,-0.053422,0.305683,0.446152,-0.063553,0.205424,0.549871,-0.021892,0.232227,0.471508,-0.036159,0.246019,0.423985,-0.047731,0.253662,0.382493,-0.055964,0.171022,0.542811,-0.024207,0.178387,0.464793,-0.039611,0.182389,0.416504,-0.050349,0.186205,0.372928,-0.057330,0.134568,0.554141,-0.029310,0.127783,0.492299,-0.044620,0.123885,0.451582,-0.051677,0.122837,0.412293,-0.055509
5546,0,0.019784,0.030847,0.044364,0.451287,0.316330,0.140633,0.735687,0.000000,0.200638,0.733912,-0.028516,0.255434,0.703141,-0.041637,0.298173,0.666256,-0.052558,0.334889,0.641151,-0.062759,0.236293,0.579283,-0.023321,0.272943,0.521611,-0.040082,0.292223,0.482827,-0.053847,0.305601,0.446337,-0.064124,0.205022,0.550067,-0.022146,0.232007,0.471870,-0.036612,0.245718,0.424151,-0.048273,0.253376,0.382206,-0.056578,0.170579,0.542815,-0.024516,0.178136,0.464973,-0.040082,0.182146,0.416635,-0.050814,0.186024,0.372862,-0.057753,0.134258,0.554226,-0.029654,0.127678,0.492560,-0.045088,0.123876,0.451756,-0.052141,0.122869,0.412342,-0.055933
5577,0,0.019383,0.031958,0.053088,0.445375,0.295789,0.141607,0.735724,0.000000,0.201197,0.733698,-0.028257,0.256039,0.703241,-0.041274,0.298143,0.666223,-0.052105,0.334964,0.641122,-0.062176,0.236593,0.579379,-0.022841,0.273158,0.521500,-0.039373,0.292296,0.482523,-0.052827,0.305388,0.446203,-0.062898,0.205286,0.550409,-0.021720,0.231859,0.472100,-0.036029,0.245644,0.424297,-0.047620,0.253105,0.382606,-0.055905,0.170883,0.543154,-0.024114,0.178198,0.464944,-0.039601,0.182320,0.416721,-0.050433,0.186279,0.373146,-0.057502,0.134355,0.554100,-0.029283,0.127486,0.492079,-0.044694,0.123610,0.451471,-0.051915,0.122746,0.412038,-0.055867
5611,0,0.018385,0.017120,0.032065,0.444678,0.304945,0.141020,0.735859,0.000000,0.200785,0.734475,-0.028387,0.255611,0.703970,-0.041387,0.297717,0.666985,-0.052189,0.334265,0.642067,-0.062270,0.236398,0.579442,-0.023176,0.272762,0.521758,-0.039758,0.291960,0.482932,-0.053364,0.304967,0.446502,-0.063521,0.205091,0.550344,-0.021982,0.231536,0.472042,-0.036271,0.245178,0.424230,-0.047792,0.252664,0.382539,-0.056055,0.170704,0.543061,-0.024313,0.178107,0.464875,-0.039795,0.182025,0.416550,-0.050597,0.185872,0.372641,-0.057647,0.134314,0.554517,-0.029430,0.127672,0.492579,-0.044912,0.123690,0.451921,-0.052075,0.122442,0.412249,-0.055941
5640,0,0.012870,0.011771,0.033021,0.443463,0.306204,0.141014,0.735999,0.000000,0.200730,0.734344,-0.028495,0.255547,0.703525,-0.041622,0.297704,0.666760,-0.052588,0.334652,0.641758,-0.062756,0.236414,0.579824,-0.023145,0.272685,0.522039,-0.039877,0.291692,0.483231,-0.053536,0.304717,0.446943,-0.063743,0.204954,0.550687,-0.022006,0.231490,0.472156,-0.036481,0.245084,0.424333,-0.048149,0.252448,0.382406,-0.056496,0.170593,0.543157,-0.024435,0.177968,0.465345,-0.040029,0.181829,0.416982,-0.050842,0.185611,0.373040,-0.057862,0.134197,0.554380,-0.029652,0.127377,0.492727,-0.045075,0.123508,0.452048,-0.052246,0.122701,0.412389,-0.056154
5672,0,0.009903,0.019121,0.034057,0.441648,0.306816,0.141397,0.735666,0.000000,0.200899,0.734219,-0.028627,0.255725,0.704109,-0.041736,0.297980,0.667039,-0.052588,0.334485,0.641752,-0.062756,0.236126,0.579776,-0.023334,0.272551,0.521903,-0.039991,0.291603,0.482943,-0.053612,0.304674,0.446505,-0.063781,0.204721,0.550863,-0.022044,0.231186,0.472109,-0.036519,0.244773,0.424283,-0.048187,0.252079,0.382500,-0.056534,0.170417,0.543557,-0.024340,0.177663,0.465313,-0.039991,0.181653,0.416944,-0.050843,0.185538,0.373069,-0.057900,0.134023,0.554790,-0.029405,0.127131,0.492743,-0.044961,0.123308,0.451918,-0.052208,0.122597,0.411966,-0.056192
5707,0,0.028263,0.030328,0.044435,0.419037,0.296422,0.140583,0.736372,0.000000,0.200391,0.734991,-0.028451,0.255460,0.704304,-0.041417,0.297767,0.667303,-0.052169,0.334192,0.641796,-0.062164,0.235979,0.580159,-0.022829,0.272207,0.522284,-0.039335,0.291140,0.483343,-0.052926,0.304110,0.446939,-0.063110,0.204526,0.551205,-0.021598,0.231047,0.472522,-0.035833,0.244509,0.424753,-0.047437,0.251818,0.382744,-0.055766,0.170114,0.543755,-0.023908,0.177680,0.465783,-0.039297,0.181564,0.417507,-0.050049,0.185160,0.373506,-0.057015,0.133494,0.554887,-0.029019,0.127153,0.493409,-0.044294,0.123367,0.452757,-0.051336,0.122260,0.413232,-0.055122
5735,0,0.020162,0.018146,0.069183,0.419766,0.307427,0.140213,0.736284,0.000000,0.200142,0.734404,-0.028362,0.255075,0.704014,-0.041433,0.297283,0.667101,-0.052322,0.334115,0.641668,-0.062529,0.235831,0.580245,-0.022746,0.271772,0.522252,-0.039498,0.290804,0.483371,-0.053271,0.303712,0.446652,-0.063553,0.204540,0.551392,-0.021665,0.231125,0.472714,-0.036159,0.244642,0.425111,-0.048035,0.251921,0.383042,-0.056496,0.170236,0.544078,-0.024131,0.177229,0.466206,-0.039839,0.181083,0.417481,-0.050767,0.184586,0.373186,-0.057862,0.133679,0.555380,-0.029367,0.126738,0.493115,-0.044886,0.122814,0.452402,-0.052057,0.121734,0.412752,-0.055927
5769,0,0.022899,0.035885,0.070794,0.415554,0.287857,0.140600,0.737387,0.000000,0.200086,0.735097,-0.027716,0.254632,0.703916,-0.040559,0.297085,0.667450,-0.051334,0.333815,0.642597,-0.061465,0.235665,0.580801,-0.022651,0.271885,0.522508,-0.039155,0.291025,0.483627,-0.052662,0.304179,0.447243,-0.062755,0.204275,0.551908,-0.021873,0.230854,0.472686,-0.036196,0.244440,0.424847,-0.047806,0.251758,0.382953,-0.056039,0.169936,0.544610,-0.024586,0.176922,0.466120,-0.040028,0.180770,0.417342,-0.050841,0.184394,0.372989,-0.057936,0.133465,0.555841,-0.029974,0.126444,0.493775,-0.045264,0.122553,0.453014,-0.052397,0.121720,0.413283,-0.056267
5802,0,0.015769,0.018021,0.050657,0.411262,0.293257,0.140657,0.737208,0.000000,0.200174,0.735164,-0.027780,0.255284,0.704247,-0.040538,0.297643,0.667555,-0.051300,0.334038,0.642553,-0.061378,0.235846,0.580470,-0.022380,0.271676,0.522895,-0.038941,0.290608,0.484090,-0.052669,0.303653,0.447533,-0.063013,0.204384,0.551793,-0.021619,0.230582,0.473376,-0.035937,0.243938,0.425556,-0.047725,0.251105,0.383155,-0.056244,0.169998,0.544927,-0.024376,0.177148,0.466848,-0.039892,0.180936,0.418364,-0.050768,0.184457,0.374100,-0.057841,0.133267,0.556295,-0.029852,0.126639,0.493822,-0.045254,0.122799,0.452950,-0.052365,0.121706,0.413247,-0.056244
5830,0,0.025336,0.028705,0.048405,0.421806,0.306962,0.140469,0.736877,0.000000,0.200557,0.735367,-0.028767,0.255393,0.704891,-0.041956,0.297510,0.667928,-0.052909,0.334321,0.642296,-0.063105,0.235521,0.580811,-0.023252,0.271630,0.523156,-0.039985,0.290594,0.484276,-0.053781,0.303663,0.447706,-0.064090,0.204383,0.551618,-0.021926,0.230961,0.473398,-0.036347,0.244269,0.425823,-0.048058,0.251438,0.383930,-0.056472,0.170108,0.544386,-0.024181,0.177372,0.466282,-0.039834,0.181144,0.418037,-0.050635,0.184758,0.374066,-0.057647,0.133597,0.555393,-0.029221,0.126430,0.493470,-0.044761,0.122461,0.452810,-0.051886,0.121334,0.413206,-0.055752