t,missing,delta_l1,delta_l1_wrist,delta_angles,delta_base_l1,delta_base_l1_wrist,x0,y0,z0,x1,y1,z1,x2,y2,z2,x3,y3,z3,x4,y4,z4,x5,y5,z5,x6,y6,z6,x7,y7,z7,x8,y8,z8,x9,y9,z9,x10,y10,z10,x11,y11,z11,x12,y12,z12,x13,y13,z13,x14,y14,z14,x15,y15,z15,x16,y16,z16,x17,y17,z17,x18,y18,z18,x19,y19,z19,x20,y20,z20
30,0,,,,0.000000,0.000000,0.151357,0.790076,0.000000,0.224517,0.770567,-0.034468,0.287564,0.716680,-0.046841,0.320138,0.650200,-0.056227,0.339689,0.589101,-0.064356,0.246016,0.574887,-0.016931,0.265098,0.490891,-0.033997,0.268838,0.439326,-0.050389,0.269420,0.391558,-0.062469,0.204941,0.554229,-0.013293,0.216825,0.457969,-0.027687,0.219218,0.398708,-0.043967,0.218241,0.347975,-0.056092,0.164724,0.554822,-0.014416,0.169146,0.465274,-0.029753,0.171448,0.409590,-0.042530,0.172686,0.359687,-0.051242,0.123767,0.572583,-0.019120,0.124544,0.500388,-0.034042,0.125604,0.454427,-0.041452,0.127722,0.411322,-0.045628
65,0,0.025546,0.015057,0.072377,0.025546,0.015057,0.151869,0.789647,0.000000,0.224686,0.770137,-0.034368,0.288274,0.716725,-0.046975,0.320057,0.650119,-0.056487,0.340026,0.589036,-0.064743,0.246630,0.574948,-0.017509,0.265609,0.490398,-0.034682,0.269352,0.438923,-0.050924,0.269908,0.391439,-0.062858,0.205491,0.554071,-0.013875,0.217342,0.457543,-0.028333,0.219784,0.398110,-0.044440,0.218457,0.347739,-0.056353,0.165494,0.554718,-0.014941,0.169771,0.464872,-0.030195,0.172015,0.408865,-0.042848,0.173083,0.359187,-0.051417,0.124664,0.572463,-0.019551,0.125385,0.499786,-0.034323,0.126397,0.453894,-0.041569,0.128430,0.411032,-0.045607
93,0,0.018158,0.015915,0.030776,0.042067,0.025392,0.151978,0.789050,0.000000,0.224858,0.770060,-0.034344,0.288483,0.716735,-0.046884,0.320631,0.650105,-0.056305,0.340644,0.589051,-0.064470,0.247075,0.574361,-0.017733,0.266073,0.490023,-0.034837,0.269696,0.438590,-0.051101,0.270077,0.390720,-0.063080,0.205910,0.553613,-0.014144,0.218012,0.456979,-0.028489,0.220340,0.397587,-0.044528,0.219094,0.347034,-0.056395,0.165871,0.554391,-0.015209,0.170078,0.464497,-0.030351,0.172436,0.408827,-0.042868,0.173678,0.359210,-0.051370,0.124988,0.572263,-0.019841,0.125806,0.499408,-0.034434,0.126808,0.453702,-0.041522,0.128831,0.411027,-0.045448
124,0,0.025693,0.028081,0.047655,0.040838,0.030368,0.151774,0.789125,0.000000,0.225074,0.770049,-0.034293,0.288339,0.716255,-0.046726,0.320823,0.649968,-0.056108,0.340927,0.588932,-0.064277,0.246973,0.574263,-0.016720,0.266418,0.490468,-0.033754,0.270154,0.438835,-0.050138,0.270715,0.391092,-0.062212,0.205816,0.553407,-0.013129,0.217924,0.457304,-0.027403,0.220427,0.398129,-0.043562,0.219385,0.347606,-0.055569,0.165757,0.554089,-0.014274,0.170411,0.464700,-0.029423,0.172867,0.408918,-0.041969,0.174176,0.359280,-0.050497,0.124967,0.571930,-0.018998,0.125891,0.499648,-0.033642,0.126912,0.454105,-0.040734,0.128924,0.411386,-0.044684
160,0,0.020212,0.024120,0.046309,0.049554,0.017677,0.152539,0.789607,0.000000,0.225750,0.770138,-0.034184,0.289261,0.716506,-0.046565,0.321231,0.649852,-0.055852,0.341059,0.588742,-0.063926,0.247759,0.574708,-0.017081,0.266787,0.490189,-0.034072,0.270435,0.438347,-0.050289,0.271024,0.390539,-0.062267,0.206312,0.553921,-0.013469,0.218239,0.457396,-0.027724,0.220814,0.397981,-0.043762,0.219737,0.347669,-0.055627,0.166002,0.554478,-0.014557,0.170565,0.464295,-0.029653,0.173186,0.408512,-0.042214,0.174617,0.359051,-0.050737,0.125275,0.572115,-0.019178,0.126158,0.499451,-0.033847,0.127272,0.453570,-0.041025,0.129469,0.410750,-0.045018
188,0,0.026822,0.032538,0.030445,0.049841,0.034871,0.152039,0.789559,0.000000,0.224779,0.770137,-0.034519,0.288461,0.716834,-0.047133,0.321162,0.650605,-0.056649,0.341530,0.589467,-0.064909,0.247377,0.575071,-0.017753,0.266646,0.490395,-0.035013,0.270221,0.438605,-0.051397,0.270667,0.390527,-0.063517,0.206243,0.554096,-0.014095,0.218352,0.457603,-0.028527,0.221003,0.398204,-0.044664,0.219937,0.347589,-0.056649,0.166225,0.554660,-0.015127,0.170749,0.464835,-0.030345,0.173176,0.408955,-0.042913,0.174578,0.359369,-0.051487,0.125312,0.572509,-0.019740,0.126300,0.499673,-0.034385,0.127349,0.454154,-0.041499,0.129529,0.411516,-0.045472
220,0,0.036567,0.030147,0.031750,0.050202,0.035398,0.152038,0.790121,0.000000,0.225938,0.770624,-0.034224,0.289168,0.717316,-0.046589,0.321532,0.650612,-0.055970,0.341699,0.589617,-0.064138,0.247549,0.575687,-0.016719,0.266850,0.491636,-0.033775,0.270546,0.439773,-0.050135,0.271085,0.391703,-0.062208,0.206280,0.554699,-0.013095,0.218531,0.458442,-0.027424,0.221138,0.399092,-0.043582,0.220350,0.348354,-0.055521,0.166129,0.555067,-0.014172,0.170825,0.465269,-0.029376,0.173361,0.409403,-0.041921,0.174815,0.360011,-0.050404,0.125135,0.572351,-0.018817,0.126134,0.500074,-0.033483,0.127315,0.454382,-0.040620,0.129602,0.411968,-0.044547
273,0,0.041152,0.048686,0.047560,0.060746,0.042190,0.152565,0.789700,0.000000,0.225345,0.770983,-0.034563,0.288994,0.717107,-0.047146,0.321349,0.650450,-0.056611,0.341283,0.589197,-0.064910,0.247736,0.575481,-0.018033,0.266988,0.491059,-0.035348,0.270784,0.439467,-0.051721,0.271308,0.391515,-0.063788,0.206450,0.554676,-0.014467,0.218161,0.458246,-0.029090,0.220797,0.398839,-0.045351,0.219744,0.348015,-0.057463,0.166236,0.555398,-0.015577,0.170806,0.465595,-0.030974,0.173413,0.409488,-0.043669,0.174795,0.359187,-0.052349,0.125270,0.573267,-0.020253,0.126135,0.500368,-0.035214,0.127434,0.454549,-0.042593,0.129899,0.411429,-0.046697
301,0,0.021094,0.016486,0.040289,0.065130,0.042071,0.152263,0.789333,0.000000,0.224992,0.770147,-0.034552,0.288670,0.716719,-0.047115,0.321408,0.650520,-0.056520,0.341246,0.589330,-0.064760,0.247863,0.574418,-0.017970,0.266773,0.490404,-0.035224,0.270372,0.438831,-0.051638,0.270888,0.390772,-0.063775,0.206485,0.553666,-0.014410,0.218213,0.457426,-0.028954,0.220762,0.398202,-0.045211,0.219930,0.347576,-0.057281,0.166336,0.554461,-0.015541,0.170711,0.464554,-0.030925,0.173119,0.408475,-0.043711,0.174626,0.358128,-0.052444,0.125275,0.572502,-0.020243,0.126422,0.499469,-0.035179,0.127645,0.453510,-0.042547,0.130173,0.410301,-0.046667
331,0,0.041852,0.042275,0.038349,0.065011,0.038623,0.151743,0.788874,0.000000,0.225739,0.769445,-0.034115,0.289107,0.715436,-0.046204,0.321913,0.649365,-0.055310,0.341434,0.588539,-0.063205,0.247783,0.574002,-0.016923,0.266893,0.490122,-0.033891,0.270724,0.438346,-0.050197,0.271168,0.390062,-0.062353,0.206811,0.553141,-0.013390,0.218557,0.457130,-0.027767,0.221004,0.397847,-0.044006,0.219965,0.346931,-0.056118,0.166459,0.553817,-0.014545,0.171110,0.464251,-0.029831,0.173276,0.408062,-0.042548,0.174470,0.357885,-0.051183,0.125402,0.571456,-0.019255,0.126393,0.498615,-0.034115,0.127522,0.452526,-0.041472,0.129754,0.409410,-0.045576
365,0,0.050362,0.028020,0.052201,0.108783,0.029956,0.153184,0.787638,0.000000,0.225991,0.768817,-0.034442,0.289528,0.715088,-0.046851,0.322064,0.648548,-0.056140,0.341569,0.587310,-0.064173,0.249332,0.572724,-0.017490,0.267804,0.488129,-0.034487,0.271500,0.436234,-0.050755,0.272009,0.388207,-0.062737,0.207678,0.552156,-0.013788,0.219182,0.455747,-0.028092,0.221629,0.396486,-0.044338,0.220775,0.345968,-0.056454,0.167264,0.552823,-0.014798,0.171926,0.462945,-0.029977,0.174221,0.406835,-0.042834,0.175506,0.356827,-0.051652,0.126188,0.570092,-0.019375,0.127374,0.497226,-0.034173,0.128539,0.451490,-0.041645,0.130843,0.408550,-0.045863
400,0,0.057830,0.047614,0.057319,0.166562,0.067793,0.154096,0.785374,0.000000,0.226755,0.766734,-0.034292,0.290556,0.713823,-0.046695,0.323165,0.647709,-0.056025,0.342440,0.586995,-0.064188,0.249901,0.572120,-0.018368,0.268878,0.487988,-0.035593,0.272475,0.436199,-0.051808,0.273091,0.388068,-0.063785,0.208595,0.551424,-0.014858,0.220765,0.454771,-0.029380,0.223074,0.395108,-0.045461,0.221936,0.344227,-0.057370,0.168245,0.552014,-0.015946,0.172814,0.461983,-0.031197,0.175140,0.406042,-0.043757,0.176487,0.356112,-0.052302,0.126940,0.569268,-0.020589,0.128241,0.496126,-0.035301,0.129586,0.450312,-0.042478,0.132052,0.407381,-0.046470
429,0,0.054050,0.036007,0.058226,0.204786,0.059716,0.154570,0.784935,0.000000,0.227899,0.766065,-0.034552,0.290937,0.712366,-0.047187,0.322942,0.646460,-0.056714,0.343412,0.586061,-0.065033,0.250386,0.571106,-0.017980,0.269721,0.486586,-0.035267,0.273592,0.434647,-0.051660,0.274422,0.386623,-0.063691,0.209267,0.550199,-0.014301,0.221698,0.453726,-0.028894,0.224229,0.394206,-0.045107,0.223384,0.343765,-0.057072,0.169076,0.550521,-0.015297,0.174056,0.460692,-0.030660,0.176643,0.404701,-0.043273,0.178411,0.355273,-0.051794,0.128097,0.567935,-0.019870,0.129618,0.495064,-0.034753,0.130946,0.449355,-0.042021,0.133366,0.406614,-0.046024
461,0,0.049005,0.041152,0.057887,0.251856,0.097643,0.155067,0.783299,0.000000,0.227527,0.765554,-0.034450,0.291438,0.712448,-0.047068,0.323875,0.646147,-0.056572,0.343571,0.585264,-0.064865,0.251748,0.570676,-0.018547,0.270945,0.486091,-0.035862,0.274803,0.434127,-0.052089,0.275570,0.386269,-0.064013,0.210581,0.549540,-0.014939,0.223083,0.452669,-0.029519,0.225712,0.393256,-0.045589,0.224757,0.343159,-0.057423,0.170480,0.549738,-0.015947,0.175471,0.459709,-0.031222,0.178201,0.403651,-0.043796,0.179771,0.354327,-0.052358,0.129497,0.566827,-0.020508,0.130748,0.493677,-0.035212,0.132104,0.448077,-0.042384,0.134557,0.405754,-0.046351
495,0,0.038063,0.037256,0.046573,0.254258,0.083086,0.155384,0.783598,0.000000,0.228127,0.765334,-0.033772,0.292120,0.711919,-0.045910,0.324950,0.645377,-0.055048,0.344576,0.584760,-0.062975,0.251539,0.570698,-0.017670,0.271219,0.485786,-0.034690,0.275321,0.433804,-0.050792,0.276475,0.385869,-0.062707,0.210453,0.549445,-0.014221,0.223227,0.452691,-0.028554,0.226178,0.393075,-0.044589,0.225823,0.342676,-0.056436,0.170432,0.549757,-0.015318,0.175760,0.459418,-0.030435,0.178709,0.403519,-0.043066,0.180693,0.354035,-0.051688,0.129729,0.567058,-0.019898,0.131479,0.494460,-0.034556,0.132963,0.448878,-0.041767,0.135505,0.406369,-0.045798
524,0,0.030944,0.039556,0.037465,0.250648,0.078652,0.155077,0.784430,0.000000,0.228651,0.766236,-0.033930,0.292214,0.712793,-0.045987,0.325289,0.645837,-0.055041,0.345251,0.584495,-0.062884,0.251443,0.571081,-0.016741,0.271325,0.486396,-0.033661,0.275545,0.434058,-0.049886,0.276666,0.385812,-0.061853,0.210509,0.549661,-0.013166,0.223002,0.453157,-0.027475,0.226103,0.393607,-0.043611,0.225846,0.342960,-0.055578,0.170593,0.549575,-0.014253,0.175922,0.459636,-0.029470,0.178936,0.403565,-0.042087,0.180796,0.354130,-0.050648,0.129850,0.566616,-0.018859,0.131177,0.493844,-0.033683,0.132675,0.447469,-0.041034,0.135106,0.404710,-0.045068
556,0,0.029226,0.024137,0.039038,0.239135,0.083367,0.155040,0.784978,0.000000,0.228706,0.766862,-0.033742,0.292651,0.713564,-0.045722,0.325767,0.646762,-0.054696,0.345619,0.586109,-0.062503,0.252214,0.571763,-0.017129,0.271767,0.486231,-0.033944,0.275894,0.433784,-0.049940,0.277122,0.385821,-0.061740,0.210847,0.550694,-0.013663,0.223147,0.453381,-0.027864,0.226204,0.393530,-0.043882,0.225918,0.343102,-0.055728,0.170663,0.550862,-0.014807,0.175699,0.460475,-0.029838,0.178917,0.404315,-0.042469,0.180953,0.354889,-0.051061,0.129957,0.568108,-0.019451,0.131520,0.495137,-0.034101,0.132965,0.449078,-0.041392,0.135567,0.406335,-0.045430
591,0,0.060834,0.022798,0.044856,0.235147,0.077306,0.156460,0.786564,0.000000,0.229827,0.768525,-0.034247,0.294308,0.715167,-0.046441,0.326687,0.648430,-0.055558,0.346730,0.587609,-0.063463,0.253219,0.573085,-0.017415,0.272651,0.487605,-0.034516,0.276733,0.435153,-0.050707,0.277948,0.386996,-0.062565,0.212309,0.551838,-0.013800,0.224780,0.454657,-0.028273,0.227874,0.394517,-0.044397,0.227441,0.343828,-0.056277,0.172359,0.551975,-0.014833,0.177134,0.461522,-0.030159,0.179903,0.405172,-0.042825,0.181704,0.355859,-0.051336,0.131713,0.569147,-0.019403,0.132705,0.496600,-0.034202,0.133817,0.450717,-0.041478,0.136012,0.408128,-0.045452
637,0,0.086891,0.062703,0.054448,0.268675,0.086956,0.158855,0.788574,0.000000,0.232701,0.769421,-0.034196,0.296870,0.716196,-0.046449,0.328619,0.649484,-0.055667,0.348887,0.588879,-0.063580,0.255031,0.573504,-0.016266,0.274402,0.488093,-0.032892,0.278536,0.435911,-0.049012,0.279823,0.387941,-0.060793,0.213931,0.552813,-0.012556,0.226510,0.455570,-0.026484,0.229443,0.395299,-0.042537,0.228806,0.344676,-0.054318,0.174028,0.553224,-0.013557,0.178631,0.462604,-0.028440,0.181448,0.406520,-0.040963,0.183369,0.357816,-0.049327,0.133206,0.570388,-0.018121,0.134164,0.497151,-0.032420,0.135143,0.451367,-0.039322,0.137256,0.409305,-0.043009
670,0,0.100883,0.052263,0.053340,0.287945,0.089784,0.160718,0.789935,0.000000,0.234683,0.771442,-0.034686,0.299265,0.718245,-0.047285,0.331109,0.651267,-0.056751,0.352060,0.590542,-0.064955,0.257221,0.574874,-0.017546,0.276353,0.488936,-0.034754,0.280086,0.436205,-0.051027,0.281075,0.387957,-0.062927,0.216346,0.553983,-0.013816,0.228898,0.456348,-0.028285,0.231742,0.395967,-0.044400,0.231023,0.345373,-0.056210,0.176753,0.554238,-0.014808,0.181016,0.463362,-0.030179,0.183832,0.407513,-0.042710,0.185733,0.359250,-0.051027,0.136397,0.571535,-0.019405,0.136568,0.497693,-0.034078,0.137329,0.451972,-0.041110,0.139333,0.410216,-0.044829
703,0,0.093866,0.030108,0.058450,0.351151,0.099430,0.163428,0.790860,0.000000,0.237450,0.772544,-0.035437,0.302101,0.720209,-0.048424,0.333282,0.653035,-0.058271,0.354679,0.592379,-0.066854,0.259620,0.575291,-0.018170,0.278608,0.489491,-0.035618,0.282756,0.436690,-0.052083,0.284305,0.388338,-0.064098,0.218845,0.554873,-0.014206,0.231400,0.457386,-0.028955,0.234332,0.397072,-0.045284,0.233717,0.346370,-0.057232,0.179172,0.555590,-0.015019,0.183496,0.464480,-0.030671,0.186367,0.408799,-0.043342,0.188352,0.360534,-0.051721,0.138468,0.573082,-0.019503,0.138842,0.499511,-0.034398,0.139769,0.453727,-0.041603,0.141772,0.411648,-0.045488
732,0,0.081480,0.038633,0.029488,0.416844,0.121198,0.166316,0.792262,0.000000,0.240282,0.773817,-0.035419,0.304571,0.721270,-0.048580,0.335579,0.654439,-0.058558,0.357496,0.593825,-0.067182,0.263047,0.575147,-0.017834,0.282029,0.489597,-0.035171,0.286120,0.436814,-0.051651,0.287254,0.388732,-0.063660,0.221951,0.554880,-0.013895,0.234674,0.457536,-0.028421,0.237745,0.397031,-0.044675,0.237055,0.346446,-0.056572,0.182205,0.555428,-0.014764,0.186982,0.464591,-0.030182,0.189838,0.408749,-0.042824,0.191793,0.360412,-0.051154,0.141358,0.573111,-0.019313,0.141606,0.499150,-0.034088,0.142529,0.453204,-0.041244,0.144325,0.410870,-0.045014
766,0,0.095423,0.049447,0.051781,0.489661,0.149886,0.168454,0.792528,0.000000,0.242114,0.774531,-0.035037,0.306738,0.722598,-0.047955,0.338631,0.656028,-0.057791,0.360715,0.596020,-0.066312,0.266797,0.576082,-0.017337,0.286060,0.490488,-0.034561,0.290107,0.437680,-0.051128,0.291049,0.389534,-0.063185,0.225850,0.555079,-0.013575,0.238825,0.457650,-0.027944,0.241918,0.397425,-0.044306,0.241099,0.347102,-0.056341,0.185854,0.555408,-0.014606,0.191082,0.464205,-0.029870,0.193755,0.408879,-0.042629,0.195570,0.360904,-0.051173,0.144571,0.572452,-0.019286,0.145351,0.498437,-0.033813,0.146130,0.452862,-0.040884,0.147970,0.410789,-0.044737
800,0,0.104842,0.077844,0.053126,0.578068,0.212691,0.169813,0.793291,0.000000,0.244040,0.775004,-0.034986,0.309249,0.723330,-0.047753,0.341745,0.656604,-0.057431,0.363997,0.595361,-0.065701,0.269621,0.576982,-0.016209,0.289996,0.491224,-0.033191,0.294237,0.438368,-0.049662,0.295174,0.390180,-0.061657,0.228898,0.555944,-0.012268,0.242909,0.458187,-0.026398,0.246195,0.397456,-0.042823,0.245451,0.346790,-0.054887,0.188805,0.555808,-0.013176,0.194366,0.464327,-0.028352,0.197315,0.408655,-0.041188,0.199058,0.360924,-0.049707,0.147358,0.572228,-0.017731,0.148716,0.498291,-0.032146,0.149772,0.452402,-0.039234,0.151684,0.410158,-0.043028
828,0,0.090349,0.024555,0.049861,0.641496,0.214122,0.172712,0.793949,0.000000,0.246442,0.775614,-0.034974,0.311376,0.724107,-0.047832,0.344404,0.657506,-0.057590,0.366746,0.596537,-0.066026,0.272378,0.577970,-0.016586,0.293040,0.491578,-0.033811,0.297741,0.438737,-0.050386,0.299212,0.390699,-0.062424,0.231549,0.556773,-0.012699,0.246174,0.459010,-0.026880,0.250127,0.398227,-0.043273,0.250249,0.347624,-0.055311,0.191544,0.556500,-0.013668,0.197741,0.465189,-0.028727,0.201395,0.409202,-0.041517,0.203789,0.361172,-0.050067,0.150078,0.572828,-0.018319,0.151670,0.498951,-0.032671,0.152994,0.452696,-0.039716,0.155061,0.410477,-0.043523
861,0,0.072369,0.062301,0.039995,0.699314,0.253097,0.173296,0.793145,0.000000,0.247382,0.775718,-0.034223,0.313117,0.724515,-0.046580,0.346800,0.657575,-0.055951,0.369477,0.596337,-0.063976,0.274216,0.578293,-0.015880,0.295427,0.491942,-0.032832,0.300467,0.438852,-0.049111,0.301933,0.390718,-0.060876,0.233743,0.556895,-0.012301,0.248865,0.458749,-0.026334,0.253106,0.397900,-0.042544,0.253036,0.347325,-0.054446,0.193831,0.556297,-0.013509,0.200252,0.464486,-0.028477,0.203919,0.408309,-0.041199,0.206285,0.360274,-0.049658,0.152466,0.572300,-0.018308,0.154017,0.497804,-0.032627,0.155245,0.451515,-0.039672,0.157610,0.409233,-0.043411
897,0,0.046486,0.053447,0.081260,0.733883,0.293182,0.172920,0.793547,0.000000,0.247703,0.775606,-0.034020,0.314029,0.724433,-0.046182,0.348843,0.657744,-0.055400,0.371273,0.595803,-0.063340,0.275160,0.579460,-0.015538,0.297164,0.493187,-0.032492,0.302344,0.439807,-0.048783,0.304286,0.391106,-0.060648,0.234942,0.557618,-0.012093,0.250610,0.459521,-0.026308,0.255116,0.398092,-0.042668,0.255514,0.347021,-0.054624,0.195281,0.556661,-0.013428,0.201509,0.464476,-0.028658,0.205524,0.407872,-0.041413,0.208203,0.359308,-0.049878,0.154004,0.572483,-0.018334,0.155048,0.498302,-0.032994,0.156435,0.451714,-0.040158,0.158796,0.409087,-0.043946
925,0,0.066271,0.046562,0.049311,0.778860,0.281918,0.175872,0.793470,0.000000,0.250455,0.776160,-0.034248,0.315818,0.725018,-0.046700,0.349954,0.658296,-0.056205,0.371936,0.596317,-0.064339,0.277366,0.579400,-0.016130,0.299088,0.492437,-0.033266,0.304292,0.439099,-0.049625,0.305850,0.390643,-0.061414,0.236862,0.557305,-0.012463,0.252129,0.458549,-0.026777,0.256773,0.397485,-0.043068,0.257238,0.346745,-0.054971,0.196831,0.555947,-0.013560,0.203571,0.463465,-0.028696,0.207703,0.406609,-0.041400,0.210323,0.358248,-0.049762,0.155587,0.571202,-0.018209,0.157393,0.496452,-0.032718,0.158875,0.449721,-0.039755,0.161157,0.407516,-0.043433
957,0,0.054055,0.050736,0.043292,0.801307,0.284219,0.176451,0.791838,0.000000,0.250726,0.775044,-0.034094,0.316750,0.723746,-0.046350,0.351632,0.657594,-0.055657,0.374549,0.596781,-0.063615,0.278699,0.578392,-0.016510,0.300655,0.491884,-0.033431,0.305933,0.438500,-0.049529,0.307745,0.390004,-0.061237,0.238164,0.556224,-0.012988,0.253794,0.457843,-0.027120,0.258503,0.396639,-0.043195,0.258886,0.345919,-0.054971,0.198281,0.555053,-0.014189,0.205267,0.462952,-0.029201,0.209448,0.406673,-0.041777,0.212413,0.358513,-0.050169,0.157069,0.570638,-0.018968,0.158870,0.496376,-0.033431,0.160240,0.449844,-0.040451,0.162548,0.407685,-0.044155
992,0,0.045999,0.028342,0.070904,0.830962,0.294687,0.177453,0.792068,0.000000,0.251848,0.774603,-0.033707,0.317968,0.723794,-0.046015,0.352716,0.658004,-0.055492,0.375191,0.596290,-0.063759,0.280115,0.578626,-0.015814,0.301899,0.491743,-0.033021,0.307135,0.438149,-0.049418,0.309193,0.389453,-0.061339,0.239664,0.556412,-0.012640,0.255075,0.457999,-0.027221,0.259771,0.396592,-0.043800,0.260409,0.345666,-0.055904,0.199513,0.555041,-0.014193,0.206506,0.462543,-0.029687,0.210668,0.405435,-0.042658,0.213536,0.356609,-0.051245,0.158064,0.570644,-0.019251,0.160414,0.496008,-0.034140,0.161979,0.449147,-0.041380,0.164602,0.406724,-0.045216
1040,0,0.051658,0.031086,0.039799,0.859641,0.289794,0.179087,0.791776,0.000000,0.253268,0.774368,-0.033951,0.319043,0.723079,-0.046265,0.353631,0.657219,-0.055701,0.375835,0.595770,-0.063881,0.281576,0.577626,-0.016541,0.303127,0.490994,-0.033814,0.308470,0.437297,-0.050172,0.310414,0.388702,-0.062053,0.240765,0.555529,-0.013331,0.256006,0.457162,-0.027942,0.260746,0.395922,-0.044369,0.261499,0.345407,-0.056341,0.200450,0.554601,-0.014851,0.207770,0.461961,-0.030387,0.211956,0.404496,-0.043250,0.214861,0.355222,-0.051817,0.158908,0.570284,-0.019911,0.161607,0.495319,-0.034933,0.163223,0.448224,-0.042244,0.165942,0.405388,-0.046128
1073,0,0.058885,0.051311,0.069847,0.903299,0.327167,0.179147,0.791141,0.000000,0.253319,0.774640,-0.033632,0.319668,0.722931,-0.045704,0.355323,0.657034,-0.054826,0.377721,0.595396,-0.062691,0.282703,0.577744,-0.016233,0.304160,0.490593,-0.033175,0.309517,0.436901,-0.049293,0.311208,0.388198,-0.060999,0.242096,0.555319,-0.012986,0.257310,0.456083,-0.027139,0.261956,0.394596,-0.043257,0.262362,0.343728,-0.055009,0.201996,0.553643,-0.014438,0.209149,0.460723,-0.029425,0.213452,0.403422,-0.042023,0.216354,0.354259,-0.050436,0.160383,0.568647,-0.019422,0.162856,0.493801,-0.033861,0.164538,0.447165,-0.040834,0.167245,0.404537,-0.044515
1100,0,0.041978,0.025395,0.055558,0.921010,0.328927,0.180091,0.791767,0.000000,0.255034,0.774077,-0.033417,0.320889,0.722823,-0.045450,0.356801,0.656595,-0.054733,0.379075,0.594561,-0.062709,0.283163,0.578740,-0.015414,0.305091,0.491139,-0.032409,0.310654,0.437115,-0.048636,0.312842,0.388007,-0.060463,0.242523,0.556066,-0.012274,0.257917,0.456961,-0.026610,0.262896,0.395367,-0.042952,0.264196,0.344370,-0.054870,0.202233,0.554380,-0.013855,0.209288,0.461215,-0.029063,0.214014,0.403972,-0.041714,0.217430,0.354941,-0.050149,0.160941,0.569487,-0.018932,0.163472,0.495148,-0.033532,0.165195,0.448312,-0.040522,0.168081,0.405789,-0.044213
1135,0,0.035206,0.025991,0.054448,0.951917,0.324726,0.181878,0.791964,0.000000,0.256375,0.774702,-0.033544,0.322264,0.722536,-0.045497,0.357686,0.656300,-0.054633,0.380319,0.594701,-0.062464,0.284258,0.578292,-0.015421,0.306169,0.491204,-0.032239,0.311622,0.437214,-0.048405,0.313875,0.388122,-0.060220,0.243526,0.555531,-0.012193,0.258800,0.456722,-0.026332,0.263629,0.395264,-0.042566,0.264741,0.344063,-0.054495,0.203410,0.554053,-0.013681,0.210779,0.461405,-0.028759,0.215326,0.403861,-0.041467,0.218468,0.354367,-0.049962,0.162101,0.569037,-0.018718,0.164861,0.494528,-0.033270,0.166698,0.447833,-0.040368,0.169479,0.405125,-0.044146
1168,0,0.055323,0.037960,0.064147,0.968451,0.311044,0.183112,0.791472,0.000000,0.257961,0.775184,-0.033758,0.324315,0.723735,-0.045873,0.359064,0.656638,-0.055057,0.381894,0.595703,-0.063027,0.286061,0.578155,-0.016272,0.307954,0.491045,-0.033140,0.313563,0.437484,-0.049148,0.315826,0.388867,-0.060828,0.245243,0.555638,-0.012940,0.260555,0.456478,-0.027254,0.265337,0.394950,-0.043491,0.266175,0.344100,-0.055378,0.204976,0.554338,-0.014268,0.212264,0.461324,-0.029590,0.216516,0.404108,-0.042415,0.219617,0.355268,-0.050980,0.163660,0.569762,-0.019100,0.166075,0.494971,-0.033918,0.167802,0.448071,-0.041178,0.170457,0.405554,-0.045049
1199,0,0.059352,0.027185,0.048509,0.983033,0.303585,0.184546,0.793157,0.000000,0.259581,0.776020,-0.034211,0.325399,0.724964,-0.046645,0.360027,0.657893,-0.056102,0.383799,0.596409,-0.064346,0.287074,0.579662,-0.016487,0.308758,0.492460,-0.033478,0.314431,0.438588,-0.049645,0.317260,0.389478,-0.061461,0.246316,0.556975,-0.013052,0.261675,0.458013,-0.027547,0.266629,0.396423,-0.043920,0.267988,0.345256,-0.055873,0.206195,0.555571,-0.014335,0.213242,0.462586,-0.029906,0.217704,0.405122,-0.042844,0.221159,0.356000,-0.051477,0.164937,0.571066,-0.019144,0.166880,0.496400,-0.034234,0.168561,0.449231,-0.041676,0.171299,0.406515,-0.045661
1228,0,0.069754,0.059014,0.029096,1.038301,0.350564,0.185366,0.794545,0.000000,0.260895,0.777016,-0.033688,0.326733,0.725395,-0.045642,0.360879,0.658452,-0.054780,0.384405,0.597445,-0.062612,0.288264,0.579822,-0.014932,0.310034,0.492864,-0.031421,0.315732,0.439128,-0.047406,0.318244,0.390306,-0.059131,0.247277,0.557370,-0.011577,0.262426,0.458537,-0.025420,0.267304,0.396834,-0.041566,0.268416,0.345685,-0.053360,0.207012,0.556017,-0.012974,0.214183,0.463134,-0.027962,0.218827,0.405782,-0.040719,0.222202,0.356646,-0.049192,0.165500,0.571503,-0.017909,0.167971,0.496719,-0.032474,0.169920,0.449704,-0.039573,0.172814,0.407292,-0.043306
1261,0,0.042772,0.030540,0.052036,1.069304,0.377556,0.185702,0.795287,0.000000,0.260919,0.778265,-0.033236,0.327259,0.726237,-0.044690,0.362203,0.658642,-0.053389,0.385656,0.597846,-0.060780,0.289191,0.580629,-0.014564,0.310744,0.493141,-0.030642,0.316594,0.439253,-0.046319,0.319405,0.390886,-0.057796,0.248101,0.558159,-0.011310,0.263151,0.458840,-0.024858,0.268264,0.397218,-0.040856,0.269648,0.346611,-0.052608,0.207844,0.556466,-0.012762,0.215128,0.463434,-0.027498,0.219771,0.406476,-0.040237,0.223309,0.357726,-0.048798,0.166155,0.571770,-0.017708,0.168737,0.496881,-0.032065,0.170590,0.450345,-0.039158,0.173422,0.408018,-0.042922
1296,0,0.029274,0.020242,0.072758,1.059097,0.372138,0.185410,0.796147,0.000000,0.260976,0.778620,-0.033127,0.327065,0.726106,-0.044851,0.362976,0.659109,-0.053886,0.386683,0.597931,-0.061610,0.288822,0.581617,-0.014506,0.310856,0.494201,-0.031012,0.316631,0.440367,-0.047058,0.319200,0.391458,-0.058805,0.247901,0.558852,-0.011425,0.263117,0.459616,-0.025311,0.268119,0.398219,-0.041495,0.269401,0.347129,-0.053380,0.207346,0.557321,-0.013058,0.214772,0.464354,-0.027954,0.219495,0.406888,-0.040598,0.222930,0.357665,-0.049058,0.165978,0.572704,-0.018184,0.168422,0.498194,-0.032575,0.170329,0.451157,-0.039495,0.173298,0.408590,-0.043173
1326,0,0.030326,0.039949,0.051983,1.049898,0.383485,0.185233,0.797481,0.000000,0.260384,0.779288,-0.033238,0.326780,0.726859,-0.044922,0.362602,0.660184,-0.053824,0.385532,0.598382,-0.061507,0.288239,0.580925,-0.014388,0.310083,0.493571,-0.030707,0.316131,0.439839,-0.046717,0.319035,0.391378,-0.058424,0.246865,0.558579,-0.011282,0.261521,0.459017,-0.024911,0.266882,0.397968,-0.041035,0.268523,0.347232,-0.052904,0.206325,0.557494,-0.012915,0.213741,0.464472,-0.027625,0.218710,0.407197,-0.040161,0.222379,0.357643,-0.048626,0.164926,0.573517,-0.018068,0.167874,0.498794,-0.032409,0.170053,0.451863,-0.039264,0.173324,0.409002,-0.042898
1358,0,0.019880,0.025724,0.054381,1.033591,0.380804,0.184356,0.796817,0.000000,0.259305,0.779447,-0.033243,0.325888,0.726803,-0.044902,0.362705,0.659940,-0.053744,0.385671,0.598048,-0.061362,0.287669,0.581170,-0.014809,0.309530,0.493270,-0.031258,0.315449,0.439546,-0.047164,0.318098,0.391072,-0.058776,0.246470,0.558646,-0.011664,0.261619,0.458813,-0.025256,0.266817,0.397751,-0.041208,0.268302,0.347162,-0.052959,0.205927,0.557321,-0.013263,0.213412,0.464536,-0.027795,0.218348,0.407424,-0.040238,0.222103,0.358321,-0.048711,0.164506,0.572923,-0.018399,0.167401,0.498660,-0.032482,0.169419,0.451978,-0.039269,0.172551,0.409372,-0.042916
1405,0,0.027384,0.035388,0.029535,1.020093,0.356213,0.184860,0.797643,0.000000,0.259859,0.779348,-0.033262,0.325822,0.726226,-0.044918,0.362466,0.659583,-0.053828,0.385249,0.597851,-0.061491,0.287242,0.581367,-0.014761,0.308932,0.493813,-0.031392,0.314814,0.440148,-0.047550,0.317350,0.391374,-0.059414,0.246093,0.559294,-0.011691,0.260962,0.459714,-0.025529,0.266330,0.398589,-0.041687,0.267846,0.347763,-0.053597,0.205648,0.558049,-0.013376,0.213037,0.464740,-0.028207,0.217830,0.407525,-0.040740,0.221637,0.358102,-0.049258,0.164187,0.574095,-0.018604,0.166891,0.499472,-0.032962,0.168792,0.452487,-0.039886,0.171747,0.409769,-0.043649
1438,0,0.026852,0.019764,0.030023,0.999993,0.362389,0.183577,0.797208,0.000000,0.258623,0.779401,-0.033260,0.324759,0.726568,-0.044923,0.361389,0.659918,-0.053797,0.384245,0.598076,-0.061449,0.286893,0.581257,-0.015109,0.308475,0.493386,-0.031669,0.314230,0.439483,-0.047619,0.316817,0.391080,-0.059328,0.245406,0.558912,-0.012020,0.260133,0.459075,-0.025746,0.265135,0.397941,-0.041719,0.266533,0.347522,-0.053520,0.204827,0.558046,-0.013680,0.212149,0.464957,-0.028327,0.216640,0.407544,-0.040843,0.220174,0.357917,-0.049371,0.163344,0.574268,-0.018866,0.166342,0.499375,-0.033145,0.168468,0.452424,-0.040082,0.171621,0.409289,-0.043862
1471,0,0.017481,0.014847,0.034007,1.002864,0.372593,0.183425,0.796886,0.000000,0.258689,0.779049,-0.033061,0.324751,0.726350,-0.044735,0.360989,0.659735,-0.053709,0.383983,0.598129,-0.061415,0.286584,0.580829,-0.014708,0.308234,0.493098,-0.031330,0.313877,0.439570,-0.047434,0.316318,0.391002,-0.059154,0.245396,0.558396,-0.011726,0.260168,0.458841,-0.025540,0.265175,0.397699,-0.041574,0.266595,0.347081,-0.053340,0.204880,0.556965,-0.013485,0.212221,0.464128,-0.028193,0.216772,0.407053,-0.040605,0.220205,0.357701,-0.049003,0.163503,0.572884,-0.018791,0.166606,0.498305,-0.032945,0.168553,0.451593,-0.039659,0.171558,0.409142,-0.043235
1501,0,0.035227,0.033996,0.043746,1.017611,0.377665,0.183455,0.797067,0.000000,0.259473,0.778752,-0.032599,0.325356,0.725551,-0.043858,0.361643,0.658750,-0.052556,0.383703,0.597119,-0.060031,0.285999,0.581555,-0.013658,0.308017,0.494207,-0.030015,0.313709,0.440493,-0.046096,0.316388,0.391620,-0.057908,0.245139,0.559068,-0.010826,0.259910,0.459513,-0.024548,0.265106,0.398252,-0.040743,0.266536,0.347011,-0.052648,0.204762,0.557703,-0.012724,0.211825,0.464734,-0.027478,0.216474,0.407288,-0.040005,0.220031,0.357473,-0.048495,0.163573,0.573503,-0.018111,0.166299,0.499163,-0.032415,0.168295,0.452265,-0.039244,0.171449,0.409257,-0.042912
1534,0,0.021697,0.021777,0.029524,1.007438,0.366080,0.183815,0.796570,0.000000,0.259082,0.778728,-0.032823,0.324818,0.725526,-0.044247,0.360947,0.658971,-0.052977,0.383580,0.597303,-0.060532,0.286417,0.580412,-0.014154,0.308194,0.493111,-0.030427,0.313837,0.439477,-0.046366,0.316402,0.390958,-0.058090,0.245279,0.558070,-0.011223,0.259715,0.458962,-0.024853,0.264782,0.398071,-0.040907,0.266073,0.347283,-0.052793,0.204729,0.557065,-0.013014,0.211850,0.464303,-0.027663,0.216449,0.406945,-0.040239,0.219849,0.357048,-0.048831,0.163382,0.573199,-0.018300,0.166285,0.498672,-0.032592,0.168501,0.451760,-0.039571,0.171805,0.408699,-0.043395
1567,0,0.025043,0.043862,0.042934,0.986650,0.335100,0.183724,0.795444,0.000000,0.258738,0.778192,-0.033267,0.324837,0.725508,-0.044825,0.361147,0.659039,-0.053596,0.383090,0.597278,-0.061147,0.286657,0.580306,-0.015034,0.307854,0.492990,-0.031518,0.313430,0.439370,-0.047472,0.315960,0.390776,-0.059214,0.245463,0.558247,-0.011914,0.259962,0.459036,-0.025647,0.264816,0.398099,-0.041670,0.266094,0.347147,-0.053504,0.204981,0.557144,-0.013537,0.211841,0.464967,-0.028202,0.216157,0.407840,-0.040727,0.219586,0.358210,-0.049268,0.163583,0.573106,-0.018717,0.166298,0.498980,-0.032968,0.168220,0.452391,-0.039921,0.171353,0.409496,-0.043742
1596,0,0.031516,0.040780,0.047384,0.996809,0.362255,0.182690,0.795536,0.000000,0.258374,0.777808,-0.032871,0.324225,0.725060,-0.044234,0.360735,0.658387,-0.052888,0.383315,0.597163,-0.060371,0.285981,0.580914,-0.014209,0.307977,0.493839,-0.030576,0.313501,0.440427,-0.046598,0.316001,0.391921,-0.058397,0.245060,0.558376,-0.011208,0.259753,0.459519,-0.024906,0.264713,0.398874,-0.040997,0.265922,0.348196,-0.052934,0.204561,0.557039,-0.012935,0.211818,0.464425,-0.027683,0.216193,0.407141,-0.040308,0.219176,0.357409,-0.048893,0.163108,0.572713,-0.018157,0.165765,0.498500,-0.032504,0.167891,0.451688,-0.039505,0.171166,0.408748,-0.043316
1629,0,0.030862,0.042294,0.063157,0.975398,0.327505,0.183490,0.795669,0.000000,0.258412,0.778283,-0.033188,0.324195,0.725302,-0.044824,0.360848,0.658784,-0.053706,0.382229,0.596812,-0.061372,0.286002,0.580893,-0.015205,0.307636,0.493653,-0.031857,0.313354,0.439994,-0.047969,0.315735,0.391189,-0.059766,0.244949,0.558314,-0.012164,0.259397,0.459515,-0.026096,0.264379,0.398740,-0.042208,0.265449,0.347850,-0.054166,0.204548,0.557066,-0.013840,0.211635,0.464731,-0.028643,0.216113,0.407565,-0.041152,0.219395,0.357734,-0.049713,0.163431,0.572957,-0.019038,0.166165,0.498514,-0.033440,0.168276,0.451869,-0.040418,0.171578,0.408915,-0.044250
1663,0,0.017899,0.025269,0.056084,0.967006,0.319923,0.183156,0.794432,0.000000,0.258031,0.777473,-0.033227,0.324208,0.725269,-0.044853,0.360551,0.658771,-0.053659,0.382481,0.597301,-0.061318,0.286125,0.580245,-0.015467,0.307579,0.493017,-0.032081,0.313107,0.439372,-0.048110,0.315531,0.390384,-0.059896,0.244844,0.558056,-0.012406,0.259314,0.459020,-0.026302,0.264083,0.398269,-0.042446,0.265353,0.347179,-0.054439,0.204385,0.556806,-0.014045,0.211564,0.464706,-0.028847,0.215842,0.407564,-0.041482,0.218999,0.357573,-0.050127,0.163083,0.572802,-0.019205,0.166072,0.498237,-0.033617,0.168001,0.451403,-0.040703,0.171182,0.408066,-0.044601
1692,0,0.033035,0.041546,0.032836,0.977930,0.348399,0.182193,0.793724,0.000000,0.258129,0.776778,-0.033076,0.324110,0.724397,-0.044452,0.360665,0.657593,-0.053059,0.382399,0.596178,-0.060521,0.286002,0.579740,-0.014547,0.307400,0.492861,-0.030901,0.313023,0.439332,-0.046924,0.315325,0.390651,-0.058827,0.244839,0.557448,-0.011422,0.259288,0.458758,-0.025202,0.264029,0.398068,-0.041477,0.265183,0.347285,-0.053562,0.204407,0.556245,-0.013013,0.211574,0.463836,-0.027926,0.215704,0.406588,-0.040721,0.218765,0.356817,-0.049442,0.162872,0.571938,-0.018083,0.165675,0.497570,-0.032641,0.167711,0.451044,-0.039851,0.170871,0.408164,-0.043834
1724,0,0.029230,0.041131,0.045089,0.962218,0.311517,0.183238,0.793565,0.000000,0.258530,0.776793,-0.033366,0.324514,0.724361,-0.045128,0.360433,0.657600,-0.054053,0.381889,0.595894,-0.061788,0.286167,0.579522,-0.015653,0.307657,0.492490,-0.032336,0.313315,0.439036,-0.048378,0.315748,0.390567,-0.060186,0.244722,0.557198,-0.012449,0.259259,0.458495,-0.026500,0.264037,0.397968,-0.042657,0.265030,0.347348,-0.054557,0.204066,0.556027,-0.013925,0.211488,0.463439,-0.028880,0.215918,0.406483,-0.041421,0.219226,0.357086,-0.049888,0.162708,0.571759,-0.018891,0.165700,0.497178,-0.033434,0.167890,0.450460,-0.040460,0.171297,0.407862,-0.044236
1772,0,0.033504,0.033183,0.067225,0.980339,0.337828,0.182806,0.793111,0.000000,0.258610,0.775648,-0.032813,0.324758,0.723365,-0.044291,0.360673,0.656320,-0.053049,0.382841,0.595386,-0.060640,0.286808,0.579225,-0.014897,0.307891,0.492094,-0.031395,0.313168,0.438574,-0.047378,0.315342,0.389692,-0.059131,0.245583,0.556762,-0.011925,0.259756,0.458275,-0.025861,0.264470,0.397550,-0.042050,0.265496,0.346569,-0.054009,0.204916,0.555483,-0.013594,0.211770,0.463464,-0.028514,0.215966,0.406428,-0.041136,0.218824,0.356731,-0.049665,0.163485,0.571032,-0.018727,0.166279,0.496554,-0.033178,0.168514,0.449772,-0.040198,0.171707,0.406966,-0.044017
1805,0,0.041286,0.031404,0.067527,1.012295,0.358407,0.183260,0.792667,0.000000,0.259128,0.775408,-0.032729,0.324915,0.722539,-0.043845,0.361483,0.655733,-0.052285,0.383621,0.595022,-0.059558,0.287118,0.578828,-0.014009,0.308434,0.491972,-0.030099,0.313641,0.438535,-0.046018,0.315787,0.390052,-0.057774,0.246028,0.556445,-0.010876,0.260210,0.458038,-0.024381,0.265052,0.397364,-0.040483,0.266172,0.346930,-0.052468,0.205445,0.555071,-0.012431,0.212464,0.462955,-0.027126,0.216632,0.405900,-0.039797,0.219465,0.356608,-0.048442,0.164156,0.570589,-0.017451,0.166979,0.496168,-0.031815,0.168857,0.449528,-0.038928,0.171811,0.406939,-0.042816
1839,0,0.032270,0.035095,0.040117,1.004491,0.329417,0.184256,0.792485,0.000000,0.259707,0.775469,-0.032940,0.325457,0.722630,-0.044346,0.361779,0.655544,-0.052987,0.383504,0.594051,-0.060485,0.287269,0.578799,-0.014835,0.308809,0.491692,-0.031203,0.314364,0.438142,-0.047044,0.316783,0.389819,-0.058702,0.246063,0.556362,-0.011727,0.260063,0.457510,-0.025556,0.264902,0.396870,-0.041603,0.266021,0.346465,-0.053490,0.205553,0.554805,-0.013281,0.212668,0.462374,-0.028117,0.216972,0.405418,-0.040666,0.220266,0.356169,-0.049147,0.164375,0.570565,-0.018299,0.167197,0.496185,-0.032757,0.169448,0.449337,-0.039843,0.172726,0.406722,-0.043706
1872,0,0.027262,0.038022,0.045981,1.014342,0.344721,0.183572,0.791082,0.000000,0.259117,0.774110,-0.032929,0.325392,0.721649,-0.044218,0.361875,0.655177,-0.052742,0.384336,0.594648,-0.060146,0.287658,0.577509,-0.014694,0.309020,0.490980,-0.030987,0.314527,0.437480,-0.046938,0.317154,0.388922,-0.058729,0.246576,0.555212,-0.011597,0.260547,0.456871,-0.025297,0.265240,0.396562,-0.041407,0.266535,0.346023,-0.053382,0.206162,0.554152,-0.013174,0.213135,0.462206,-0.027925,0.217242,0.405242,-0.040539,0.220189,0.355491,-0.049131,0.164875,0.569659,-0.018224,0.167716,0.495418,-0.032632,0.169894,0.448821,-0.039671,0.173241,0.405681,-0.043533
1901,0,0.018196,0.033276,0.052869,1.016316,0.325576,0.184740,0.791401,0.000000,0.260188,0.773806,-0.033060,0.325938,0.721203,-0.044499,0.362541,0.654611,-0.053152,0.384057,0.593115,-0.060687,0.288059,0.577261,-0.014704,0.309603,0.490681,-0.031120,0.315043,0.437326,-0.047216,0.317557,0.388976,-0.059088,0.246699,0.555041,-0.011576,0.260591,0.456644,-0.025389,0.265302,0.396297,-0.041668,0.266245,0.345729,-0.053746,0.206227,0.553996,-0.013140,0.213283,0.461810,-0.027992,0.217716,0.404750,-0.040618,0.220855,0.355252,-0.049225,0.165024,0.569811,-0.018197,0.167816,0.495461,-0.032695,0.169878,0.448758,-0.039773,0.173146,0.406168,-0.043609
1932,0,0.042270,0.029209,0.042019,1.035247,0.334357,0.184865,0.790384,0.000000,0.260436,0.772704,-0.032865,0.326056,0.720446,-0.044216,0.362883,0.654000,-0.052803,0.384090,0.592504,-0.060249,0.288155,0.576216,-0.014114,0.309144,0.489562,-0.030170,0.314631,0.436282,-0.045997,0.316975,0.388331,-0.057645,0.246736,0.554123,-0.010963,0.260158,0.455774,-0.024483,0.264585,0.395464,-0.040516,0.265461,0.345465,-0.052392,0.206070,0.552890,-0.012516,0.213006,0.460755,-0.027110,0.217095,0.404010,-0.039602,0.219947,0.354749,-0.048098,0.164747,0.568527,-0.017552,0.167819,0.494214,-0.031792,0.169905,0.447796,-0.038735,0.173060,0.405202,-0.042503
1967,0,0.026854,0.040798,0.080874,1.026273,0.310378,0.184860,0.788893,0.000000,0.259929,0.770975,-0.032350,0.325906,0.719351,-0.043643,0.362918,0.654310,-0.052290,0.383800,0.592733,-0.059818,0.287844,0.575242,-0.014168,0.308861,0.488915,-0.030320,0.314356,0.436120,-0.046221,0.316401,0.388088,-0.057856,0.246411,0.553389,-0.011287,0.260148,0.454901,-0.024594,0.264558,0.395177,-0.040426,0.265175,0.345532,-0.052153,0.205878,0.552438,-0.013050,0.212391,0.460633,-0.027308,0.216327,0.404405,-0.039400,0.219281,0.355876,-0.047636,0.164508,0.568458,-0.018274,0.167051,0.494608,-0.032122,0.168909,0.448141,-0.038624,0.172178,0.405656,-0.042046
1995,0,0.074245,0.086743,0.149671,0.995747,0.265095,0.185602,0.788999,0.000000,0.259091,0.769554,-0.032502,0.324571,0.718215,-0.043571,0.362326,0.653654,-0.052021,0.380439,0.591905,-0.059264,0.287303,0.574940,-0.013392,0.308102,0.489908,-0.029609,0.312891,0.438008,-0.045963,0.314085,0.390276,-0.057897,0.246442,0.552976,-0.010375,0.259783,0.455924,-0.023460,0.263124,0.396727,-0.039494,0.262554,0.346915,-0.051520,0.206025,0.551865,-0.012083,0.211126,0.462443,-0.026033,0.213862,0.407809,-0.038036,0.215556,0.360521,-0.046259,0.164865,0.567946,-0.017378,0.166833,0.495400,-0.030634,0.168085,0.449759,-0.036852,0.170561,0.408212,-0.040200
2028,0,0.177834,0.193837,0.193052,1.103483,0.387763,0.186333,0.787454,0.000000,0.258562,0.767574,-0.030568,0.323789,0.716485,-0.040575,0.361425,0.653265,-0.048382,0.375858,0.590444,-0.054827,0.287963,0.574022,-0.009633,0.308307,0.490570,-0.024781,0.311800,0.441193,-0.040644,0.311050,0.396803,-0.051786,0.247259,0.552654,-0.006723,0.260652,0.459370,-0.018052,0.263368,0.402442,-0.033041,0.261617,0.355427,-0.044320,0.206848,0.551749,-0.008646,0.211617,0.464887,-0.020787,0.213537,0.412718,-0.032020,0.213915,0.368140,-0.039804,0.165729,0.566936,-0.014070,0.168098,0.495577,-0.025621,0.169064,0.451685,-0.031067,0.170895,0.412100,-0.033949
2075,0,0.143637,0.181887,0.203189,1.201441,0.547961,0.185350,0.784720,0.000000,0.257443,0.765660,-0.029193,0.322495,0.715309,-0.038394,0.359977,0.653156,-0.045626,0.371516,0.592537,-0.051446,0.288088,0.573007,-0.007601,0.308434,0.491820,-0.022399,0.310633,0.444625,-0.038439,0.307907,0.402805,-0.049566,0.247913,0.552012,-0.004838,0.260954,0.461702,-0.015425,0.262149,0.406838,-0.030492,0.258385,0.361488,-0.041842,0.208009,0.550601,-0.006811,0.212747,0.467516,-0.017731,0.213993,0.418756,-0.028611,0.213421,0.376839,-0.036268,0.167066,0.565115,-0.012257,0.169655,0.496418,-0.022376,0.170506,0.454869,-0.027246,0.172185,0.417358,-0.029887
2111,0,0.109725,0.170111,0.153047,1.286670,0.637713,0.187335,0.782637,0.000000,0.257624,0.763156,-0.029816,0.321456,0.714004,-0.039187,0.359546,0.653274,-0.046370,0.369042,0.592429,-0.052028,0.288568,0.572784,-0.007156,0.308143,0.493363,-0.021262,0.309536,0.447742,-0.037065,0.306424,0.407552,-0.048006,0.248450,0.551569,-0.003597,0.261105,0.463342,-0.013350,0.262151,0.410219,-0.028114,0.258429,0.366217,-0.039342,0.208342,0.550045,-0.004871,0.212534,0.470136,-0.014742,0.213697,0.424805,-0.025351,0.213531,0.385954,-0.032954,0.167297,0.564535,-0.009747,0.169860,0.498494,-0.019019,0.170734,0.459148,-0.023826,0.172839,0.423818,-0.026545
2141,0,0.131053,0.169806,0.150266,1.405236,0.793308,0.187927,0.780308,0.000000,0.256801,0.761139,-0.028350,0.320850,0.713125,-0.036992,0.359600,0.654342,-0.043801,0.366847,0.595666,-0.049017,0.288584,0.572119,-0.004990,0.308189,0.494635,-0.018463,0.309526,0.451232,-0.033937,0.305984,0.413799,-0.044478,0.248969,0.551699,-0.001786,0.261563,0.466096,-0.010705,0.262323,0.415488,-0.025054,0.258128,0.373881,-0.035901,0.209144,0.550183,-0.003383,0.212652,0.473478,-0.012080,0.213682,0.431214,-0.022130,0.213519,0.395009,-0.029419,0.168422,0.564072,-0.008566,0.171170,0.500067,-0.016608,0.171823,0.462769,-0.020799,0.173783,0.428870,-0.023156
2174,0,0.117775,0.147429,0.222350,1.511525,0.934282,0.188340,0.778322,0.000000,0.256113,0.759600,-0.027892,0.319927,0.712408,-0.036387,0.359609,0.654895,-0.043011,0.366131,0.596553,-0.048086,0.289727,0.572241,-0.003761,0.308697,0.496693,-0.016882,0.309214,0.455553,-0.032623,0.304807,0.420130,-0.043290,0.250165,0.551910,-0.000466,0.262406,0.468808,-0.009016,0.262240,0.421577,-0.023656,0.256938,0.382987,-0.034623,0.210102,0.550080,-0.001933,0.214362,0.476389,-0.009613,0.214892,0.436816,-0.019452,0.213941,0.402677,-0.026753,0.169126,0.563427,-0.007011,0.172930,0.501620,-0.013946,0.173785,0.466500,-0.017688,0.175469,0.434515,-0.019860
2208,0,0.130874,0.123214,0.453127,1.614997,1.025836,0.189889,0.777310,0.000000,0.257210,0.757679,-0.025998,0.320290,0.710067,-0.033936,0.360296,0.653747,-0.040600,0.363827,0.595227,-0.045587,0.291239,0.571304,-0.000112,0.308556,0.496036,-0.013997,0.308546,0.457013,-0.030922,0.302207,0.428767,-0.041831,0.251615,0.550741,0.002602,0.264080,0.468439,-0.006818,0.262756,0.425288,-0.022751,0.255430,0.396941,-0.034084,0.211578,0.548325,0.000542,0.216865,0.474641,-0.007221,0.217308,0.438160,-0.018050,0.215595,0.413071,-0.025722,0.170041,0.561199,-0.004940,0.173502,0.500327,-0.011864,0.174684,0.466915,-0.016490,0.176871,0.440568,-0.019069
2238,0,0.137196,0.170669,0.514446,1.646589,1.068986,0.191457,0.775925,0.000000,0.257229,0.756710,-0.026337,0.319416,0.708735,-0.034579,0.359070,0.652341,-0.041741,0.360499,0.594053,-0.047250,0.291920,0.570241,-0.000643,0.308313,0.496587,-0.017035,0.309078,0.461009,-0.035723,0.302768,0.441027,-0.046868,0.251920,0.549734,0.002237,0.264069,0.468973,-0.008936,0.263552,0.429678,-0.025956,0.256158,0.410993,-0.037630,0.211666,0.548380,0.000116,0.216954,0.476187,-0.009116,0.217225,0.442390,-0.021093,0.214989,0.425960,-0.029155,0.170082,0.562757,-0.005400,0.173762,0.503652,-0.013200,0.174975,0.471669,-0.018794,0.176796,0.450782,-0.021845
2267,0,0.204517,0.231314,2.424749,1.623137,1.084143,0.192274,0.774183,0.000000,0.256663,0.756530,-0.027000,0.317698,0.707080,-0.035811,0.357853,0.650178,-0.043991,0.358385,0.592581,-0.050510,0.291434,0.570804,-0.001515,0.306502,0.495624,-0.021974,0.308516,0.463568,-0.043528,0.302584,0.455918,-0.055346,0.251078,0.549704,0.001460,0.262812,0.466798,-0.013258,0.263251,0.433691,-0.032720,0.256456,0.431828,-0.045253,0.211295,0.548549,-0.000852,0.216543,0.474718,-0.013563,0.217005,0.445728,-0.028346,0.214200,0.445513,-0.037409,0.170672,0.563599,-0.006461,0.174194,0.503442,-0.017380,0.175105,0.475433,-0.025423,0.175117,0.466465,-0.029523
2300,0,0.172374,0.177681,3.874567,1.600681,1.052600,0.193850,0.774326,0.000000,0.256363,0.757353,-0.028368,0.316890,0.706314,-0.037440,0.357389,0.647998,-0.046112,0.355753,0.590309,-0.052999,0.291238,0.571687,-0.001254,0.305433,0.494912,-0.024022,0.307530,0.465842,-0.047414,0.301934,0.467548,-0.059593,0.251557,0.549887,0.002064,0.262983,0.463225,-0.015854,0.263855,0.434998,-0.038028,0.257478,0.449177,-0.051403,0.212696,0.547891,-0.000217,0.218124,0.469214,-0.016610,0.218520,0.442758,-0.035046,0.215256,0.457567,-0.045230,0.172504,0.562009,-0.005685,0.175780,0.499053,-0.020547,0.176204,0.472229,-0.031938,0.175434,0.473765,-0.037419
2334,0,0.292431,0.293867,2.141044,1.612649,1.077538,0.195158,0.773943,0.000000,0.254151,0.759057,-0.031152,0.314267,0.705590,-0.041833,0.355300,0.648157,-0.052174,0.354760,0.591352,-0.060778,0.291648,0.571716,-0.005685,0.303129,0.493328,-0.032551,0.305766,0.469165,-0.058617,0.300465,0.483260,-0.071417,0.252834,0.550443,-0.002156,0.263132,0.460189,-0.023502,0.264876,0.438866,-0.047597,0.260599,0.463794,-0.061584,0.214682,0.548458,-0.004556,0.218455,0.465496,-0.024244,0.220196,0.449635,-0.044206,0.219392,0.479930,-0.054505,0.174412,0.561583,-0.010331,0.176485,0.492968,-0.027571,0.179747,0.473794,-0.039841,0.182647,0.488957,-0.045478
2367,0,0.311406,0.356729,2.940229,1.749611,1.278895,0.195887,0.769038,0.000000,0.255734,0.756666,-0.030553,0.315566,0.702230,-0.042365,0.356187,0.644934,-0.053985,0.352861,0.588581,-0.063835,0.293009,0.568153,-0.010708,0.304605,0.486019,-0.040958,0.305012,0.474635,-0.066948,0.297607,0.506458,-0.078205,0.252548,0.549899,-0.008081,0.261410,0.452396,-0.032045,0.262015,0.452295,-0.053345,0.259267,0.494410,-0.063323,0.213742,0.550557,-0.011002,0.217359,0.464672,-0.031534,0.219970,0.463006,-0.045499,0.220121,0.501275,-0.050531,0.172636,0.565375,-0.017238,0.174467,0.495820,-0.032749,0.178049,0.487472,-0.039252,0.180044,0.510017,-0.039977
2396,0,0.316275,0.323099,7.166764,1.894384,1.518671,0.195491,0.768230,-0.000000,0.258228,0.754463,-0.027038,0.316350,0.700100,-0.037751,0.355659,0.642071,-0.049835,0.348463,0.584928,-0.060547,0.291729,0.573406,-0.007258,0.304561,0.486940,-0.037258,0.301793,0.486406,-0.062047,0.294216,0.527440,-0.072802,0.251574,0.558089,-0.007183,0.263490,0.457027,-0.032309,0.258228,0.472967,-0.052363,0.253932,0.518076,-0.061104,0.213094,0.558891,-0.012448,0.220257,0.468578,-0.033466,0.218359,0.482812,-0.044136,0.215897,0.527043,-0.046749,0.172650,0.572538,-0.020900,0.177118,0.500544,-0.035330,0.179282,0.503896,-0.038822,0.179051,0.534827,-0.037944
2429,0,0.424197,0.412464,5.624530,2.153845,1.814507,0.195094,0.769343,-0.000000,0.258185,0.754742,-0.023243,0.316306,0.700440,-0.034009,0.356628,0.637465,-0.046614,0.341501,0.582246,-0.056935,0.292424,0.580426,-0.006699,0.306346,0.488635,-0.036589,0.296171,0.505775,-0.055708,0.285962,0.550375,-0.062307,0.252558,0.564456,-0.008164,0.264493,0.461513,-0.034305,0.252321,0.503812,-0.043357,0.250102,0.549232,-0.042046,0.214202,0.561904,-0.014963,0.220410,0.470390,-0.036695,0.213422,0.510603,-0.031661,0.211829,0.554791,-0.021551,0.174249,0.569911,-0.025041,0.177352,0.501287,-0.037350,0.178135,0.522614,-0.030498,0.179795,0.554936,-0.021065
2464,0,0.215223,0.194927,0.996066,2.257331,1.931208,0.194417,0.770683,-0.000000,0.255901,0.754169,-0.023311,0.314399,0.700506,-0.034338,0.352240,0.635728,-0.046958,0.332529,0.580275,-0.056769,0.291697,0.580894,-0.006535,0.305560,0.491048,-0.037483,0.292782,0.524560,-0.057859,0.281379,0.571798,-0.065490,0.251643,0.564288,-0.007688,0.263417,0.468204,-0.035764,0.250853,0.518489,-0.046455,0.246770,0.565249,-0.046036,0.212615,0.559123,-0.014150,0.218758,0.474149,-0.037378,0.211749,0.522097,-0.032724,0.209532,0.566360,-0.022515,0.173396,0.563629,-0.023773,0.176063,0.501782,-0.036812,0.176882,0.532463,-0.029663,0.178371,0.567317,-0.019800
2494,0,0.193175,0.201335,0.532980,2.395609,2.077952,0.195345,0.770923,-0.000000,0.254890,0.756422,-0.022282,0.313614,0.699368,-0.032970,0.348888,0.632421,-0.044895,0.324400,0.580243,-0.054096,0.292411,0.578104,-0.006757,0.303749,0.493496,-0.037839,0.291884,0.534006,-0.057728,0.281266,0.580598,-0.065279,0.251875,0.562267,-0.008588,0.261411,0.470546,-0.037859,0.250344,0.532715,-0.047164,0.246446,0.580988,-0.045225,0.212748,0.558424,-0.015474,0.216228,0.479654,-0.040500,0.211903,0.538435,-0.033300,0.210791,0.582839,-0.020745,0.172792,0.564513,-0.025295,0.174227,0.505974,-0.039345,0.177446,0.546532,-0.030143,0.180253,0.582557,-0.018476
2544,0,0.244128,0.229084,0.728287,2.557050,2.220770,0.194339,0.772435,-0.000000,0.256022,0.757442,-0.022792,0.315204,0.699612,-0.033228,0.344701,0.629228,-0.044563,0.316213,0.580114,-0.052487,0.293485,0.577669,-0.008261,0.302839,0.497009,-0.040417,0.289593,0.549936,-0.058124,0.280223,0.592880,-0.064006,0.252305,0.563364,-0.009926,0.261136,0.478547,-0.041438,0.250900,0.552828,-0.047912,0.247487,0.597402,-0.043297,0.212412,0.561023,-0.016859,0.215871,0.486566,-0.047014,0.213517,0.558037,-0.037925,0.213164,0.602629,-0.022322,0.171291,0.568666,-0.026244,0.172009,0.508650,-0.044726,0.178020,0.556929,-0.035311,0.182755,0.596221,-0.022077
2575,0,0.134553,0.160753,0.487033,2.605484,2.270896,0.196663,0.773383,-0.000000,0.256550,0.755987,-0.025098,0.314706,0.699787,-0.037192,0.339865,0.629390,-0.049832,0.310230,0.579870,-0.058594,0.293445,0.577691,-0.008970,0.301873,0.499064,-0.043088,0.288520,0.551644,-0.061542,0.279717,0.595463,-0.067317,0.251946,0.564742,-0.009747,0.260468,0.484321,-0.043976,0.250938,0.561473,-0.051124,0.248908,0.607224,-0.046036,0.212065,0.563655,-0.016224,0.214946,0.492920,-0.048216,0.213666,0.564829,-0.039615,0.214437,0.608490,-0.023603,0.170734,0.571599,-0.025299,0.170711,0.512109,-0.044218,0.177420,0.559677,-0.035193,0.182737,0.597522,-0.021786
2605,0,0.110545,0.140620,0.217273,2.649589,2.309687,0.199522,0.776717,-0.000000,0.256999,0.758323,-0.025805,0.312175,0.698201,-0.038277,0.330385,0.623913,-0.051090,0.297711,0.576814,-0.059924,0.294196,0.578749,-0.010109,0.301740,0.499146,-0.043694,0.289327,0.551018,-0.061523,0.282736,0.594450,-0.066960,0.251639,0.567150,-0.010454,0.260390,0.490122,-0.044294,0.250352,0.568888,-0.051130,0.247969,0.612350,-0.045853,0.211057,0.566839,-0.016450,0.215732,0.495827,-0.048651,0.214119,0.567587,-0.039936,0.213657,0.609979,-0.023906,0.169748,0.575244,-0.025005,0.171773,0.514019,-0.044214,0.178294,0.561767,-0.034939,0.182163,0.599716,-0.021267
2638,0,0.179832,0.162384,0.467675,2.741577,2.408489,0.200192,0.780418,-0.000000,0.255182,0.760843,-0.025066,0.309743,0.696621,-0.037439,0.322145,0.620194,-0.049571,0.287178,0.575463,-0.056950,0.291429,0.577928,-0.011691,0.300547,0.500557,-0.045039,0.290119,0.560711,-0.061041,0.285454,0.600343,-0.065533,0.249016,0.568318,-0.012613,0.258698,0.491925,-0.045721,0.251017,0.575367,-0.050493,0.248443,0.609981,-0.044317,0.208951,0.570250,-0.018890,0.214345,0.500591,-0.051857,0.214641,0.578246,-0.040126,0.214381,0.612822,-0.022359,0.167796,0.580725,-0.027372,0.171156,0.522252,-0.045841,0.178411,0.575227,-0.033208,0.180952,0.609445,-0.017546
2667,0,0.159448,0.142516,0.467207,2.775001,2.419671,0.199567,0.784252,-0.000000,0.253621,0.760229,-0.024403,0.305670,0.696193,-0.037136,0.314037,0.620824,-0.049890,0.276909,0.577744,-0.058085,0.289447,0.582289,-0.009284,0.299234,0.510033,-0.041093,0.292068,0.564343,-0.057603,0.288322,0.599606,-0.063548,0.246895,0.573587,-0.011318,0.257907,0.498431,-0.044025,0.251992,0.574829,-0.051296,0.247586,0.606041,-0.047520,0.206879,0.575833,-0.018468,0.213676,0.508250,-0.050573,0.215500,0.579273,-0.041133,0.212958,0.610009,-0.025748,0.165332,0.585701,-0.027837,0.171184,0.533534,-0.045471,0.179058,0.581222,-0.033762,0.179410,0.609401,-0.019492
2700,0,0.160885,0.144149,0.459255,2.813816,2.468140,0.198325,0.785290,-0.000000,0.253109,0.758171,-0.027080,0.304944,0.694676,-0.040926,0.305900,0.617350,-0.054200,0.267382,0.573950,-0.062354,0.289346,0.587352,-0.009759,0.300404,0.517686,-0.041438,0.290030,0.571808,-0.058218,0.284992,0.602798,-0.064954,0.246364,0.578167,-0.010655,0.256412,0.505449,-0.043092,0.249811,0.576943,-0.051482,0.245616,0.601421,-0.049001,0.206534,0.580472,-0.016947,0.211310,0.514032,-0.048922,0.213382,0.579939,-0.040689,0.211578,0.604343,-0.026686,0.164972,0.590858,-0.025662,0.169610,0.541593,-0.043565,0.178390,0.585283,-0.032851,0.179560,0.608797,-0.019537
2734,0,0.164634,0.192968,0.682559,2.925599,2.627887,0.201118,0.786269,-0.000000,0.254521,0.757249,-0.028774,0.302341,0.691149,-0.042628,0.298203,0.613726,-0.055106,0.260841,0.567477,-0.061423,0.291616,0.590101,-0.010628,0.299799,0.525377,-0.042163,0.287132,0.584899,-0.058284,0.283319,0.611739,-0.065260,0.247977,0.579364,-0.010502,0.255484,0.513659,-0.043248,0.248404,0.586835,-0.050495,0.245765,0.605497,-0.047705,0.207099,0.582123,-0.016073,0.209953,0.521728,-0.049410,0.211711,0.588421,-0.040264,0.211258,0.606104,-0.025848,0.164967,0.592851,-0.024065,0.168652,0.549123,-0.042783,0.177160,0.592480,-0.031952,0.179179,0.610171,-0.018727
2763,0,0.184786,0.161397,0.584625,3.010862,2.713890,0.200562,0.787520,-0.000000,0.252654,0.757607,-0.025840,0.299748,0.689063,-0.037432,0.294327,0.611680,-0.047874,0.254339,0.570308,-0.052661,0.289258,0.596603,-0.008849,0.299886,0.533803,-0.037168,0.287160,0.591520,-0.051417,0.282464,0.617029,-0.057750,0.246764,0.584345,-0.009513,0.255973,0.518428,-0.038902,0.248775,0.588718,-0.045084,0.245299,0.609005,-0.042031,0.206548,0.586678,-0.015267,0.209348,0.526017,-0.045913,0.211502,0.591430,-0.037262,0.210710,0.612664,-0.023560,0.164854,0.597494,-0.023126,0.167630,0.553163,-0.040410,0.176819,0.593871,-0.029949,0.179278,0.613086,-0.017246
2796,0,0.135683,0.157467,0.934865,3.087643,2.838506,0.202096,0.786974,-0.000000,0.251002,0.756962,-0.026488,0.296561,0.688008,-0.038203,0.290832,0.612337,-0.048481,0.250586,0.571687,-0.052791,0.288681,0.597278,-0.007649,0.298599,0.544432,-0.036177,0.285432,0.599547,-0.050728,0.280994,0.620588,-0.057617,0.247393,0.583201,-0.008312,0.254681,0.526294,-0.037134,0.248286,0.593619,-0.042476,0.247252,0.607515,-0.039308,0.207455,0.585496,-0.014460,0.207598,0.534833,-0.046013,0.210394,0.600883,-0.036766,0.211280,0.616074,-0.022859,0.165597,0.597036,-0.022767,0.167968,0.561630,-0.041003,0.176729,0.603816,-0.030301,0.180245,0.617797,-0.017517
2831,0,0.169979,0.188353,1.148502,3.186547,2.976426,0.204148,0.787619,-0.000000,0.251100,0.757274,-0.028141,0.296037,0.687707,-0.041003,0.287963,0.612499,-0.052048,0.246050,0.573279,-0.056741,0.288436,0.600100,-0.008517,0.296921,0.551609,-0.039239,0.285034,0.608791,-0.054200,0.280092,0.628346,-0.060728,0.247395,0.585472,-0.008667,0.252682,0.535996,-0.039098,0.247446,0.606426,-0.043967,0.246068,0.614522,-0.040086,0.207966,0.587552,-0.014820,0.206761,0.542206,-0.048590,0.210655,0.611939,-0.038533,0.212113,0.622604,-0.023536,0.166552,0.597797,-0.023219,0.167386,0.567288,-0.042838,0.177257,0.611905,-0.031934,0.182054,0.623455,-0.018508
2861,0,0.158295,0.182110,1.734620,3.302982,3.107035,0.204775,0.785858,-0.000000,0.250630,0.758842,-0.029581,0.296234,0.686432,-0.041697,0.286945,0.608618,-0.051129,0.243231,0.571116,-0.053590,0.290876,0.604231,-0.008057,0.297685,0.558870,-0.038176,0.283347,0.617695,-0.051574,0.278306,0.632287,-0.057487,0.250719,0.588338,-0.007382,0.253573,0.541274,-0.038689,0.246321,0.613973,-0.042346,0.245877,0.618055,-0.037048,0.211459,0.589061,-0.012979,0.206802,0.549692,-0.048190,0.209561,0.621452,-0.036843,0.212765,0.626051,-0.020472,0.169589,0.596968,-0.020882,0.167773,0.573152,-0.040979,0.176307,0.620272,-0.029410,0.182189,0.626682,-0.015354
2914,0,0.104873,0.157333,1.464609,3.358035,3.203933,0.205358,0.782954,-0.000000,0.249958,0.757282,-0.030680,0.296582,0.686232,-0.043265,0.286756,0.608764,-0.052661,0.242813,0.570041,-0.055185,0.291902,0.605894,-0.008380,0.297862,0.564118,-0.038981,0.283174,0.620030,-0.053425,0.276835,0.634437,-0.059900,0.251680,0.589415,-0.006786,0.252370,0.548228,-0.038350,0.245702,0.619587,-0.043165,0.245362,0.622416,-0.038749,0.212063,0.589548,-0.011572,0.206148,0.556411,-0.047415,0.209551,0.626691,-0.037653,0.213338,0.629042,-0.022379,0.169730,0.596854,-0.018611,0.168890,0.580292,-0.039380,0.176690,0.627016,-0.029153,0.181831,0.630239,-0.016087
2944,0,0.117222,0.155811,2.569558,3.443320,3.284604,0.205495,0.780525,-0.000000,0.249936,0.757679,-0.031445,0.299003,0.686805,-0.043431,0.286652,0.609822,-0.051711,0.241863,0.572638,-0.052839,0.293782,0.607292,-0.008723,0.298315,0.568482,-0.038533,0.282541,0.624807,-0.051904,0.276036,0.636288,-0.057961,0.253835,0.589720,-0.006351,0.252874,0.554733,-0.037567,0.245798,0.625122,-0.041755,0.246707,0.624072,-0.036923,0.214152,0.588753,-0.010479,0.206943,0.564202,-0.046330,0.210168,0.634167,-0.036697,0.215315,0.633085,-0.021506,0.171825,0.594587,-0.016899,0.170194,0.586644,-0.037664,0.177238,0.633975,-0.027789,0.182584,0.633849,-0.015006
2973,0,0.129064,0.134006,3.448800,3.440410,3.304096,0.206867,0.779850,-0.000000,0.250847,0.758317,-0.033485,0.302370,0.688782,-0.046242,0.287763,0.613503,-0.054653,0.240401,0.578158,-0.055440,0.294872,0.605831,-0.010403,0.299805,0.568713,-0.041139,0.282189,0.624301,-0.054558,0.273234,0.631691,-0.060732,0.254996,0.586451,-0.007099,0.253065,0.558115,-0.039690,0.246093,0.629417,-0.044195,0.247740,0.623066,-0.039312,0.215702,0.584974,-0.010584,0.205327,0.571515,-0.046683,0.208796,0.640806,-0.037580,0.215513,0.634233,-0.022901,0.173960,0.590473,-0.016664,0.168454,0.593196,-0.037107,0.175874,0.639848,-0.028287,0.183530,0.635414,-0.016459
3006,0,0.234677,0.258800,3.883157,3.441473,3.300350,0.203411,0.778676,-0.000000,0.250356,0.759283,-0.035914,0.303634,0.691871,-0.050060,0.288231,0.616870,-0.059501,0.239078,0.582241,-0.060944,0.297420,0.600826,-0.012789,0.300232,0.571565,-0.046798,0.279294,0.626948,-0.062073,0.268724,0.633457,-0.069193,0.257193,0.577745,-0.008775,0.251806,0.563140,-0.044006,0.242741,0.637206,-0.048585,0.244615,0.630705,-0.043379,0.217786,0.574689,-0.012240,0.203161,0.579639,-0.049338,0.205964,0.647927,-0.041026,0.213440,0.638174,-0.027037,0.177038,0.579789,-0.018835,0.167447,0.599892,-0.039270,0.173851,0.646205,-0.032620,0.182307,0.637180,-0.022630
3039,0,0.184488,0.188257,4.015596,3.432504,3.323235,0.203720,0.778372,-0.000000,0.252017,0.760839,-0.036311,0.307521,0.696269,-0.050154,0.290356,0.624794,-0.058967,0.242243,0.592561,-0.060123,0.299498,0.590069,-0.013281,0.299257,0.577025,-0.046373,0.278395,0.631861,-0.062310,0.268970,0.635908,-0.070435,0.258126,0.564689,-0.009257,0.248920,0.570264,-0.042655,0.241803,0.642486,-0.047967,0.245669,0.633869,-0.044030,0.217393,0.564053,-0.012632,0.200679,0.589529,-0.047842,0.205370,0.654468,-0.041655,0.214083,0.641407,-0.030124,0.176465,0.573406,-0.019343,0.165664,0.608739,-0.039374,0.172667,0.654072,-0.034780,0.181974,0.642723,-0.026608
3068,0,0.275498,0.360093,2.654064,3.454296,3.547283,0.207601,0.776453,-0.000000,0.254580,0.761075,-0.038531,0.308241,0.699536,-0.054320,0.289575,0.631915,-0.064431,0.240747,0.605381,-0.067407,0.301225,0.581350,-0.019023,0.291233,0.581758,-0.052225,0.273491,0.638261,-0.069046,0.266428,0.643196,-0.077791,0.258244,0.554117,-0.014013,0.237544,0.579584,-0.045211,0.234873,0.650821,-0.050251,0.241507,0.640469,-0.047245,0.216190,0.555461,-0.016138,0.192651,0.595251,-0.048764,0.200126,0.658052,-0.043025,0.210119,0.644328,-0.033066,0.175334,0.568897,-0.021953,0.160729,0.611903,-0.040869,0.170234,0.657394,-0.036497,0.181284,0.647871,-0.028769
3101,0,0.210291,0.251436,0.839224,3.543969,3.734567,0.211194,0.777528,-0.000000,0.258363,0.761734,-0.040083,0.308316,0.699664,-0.056797,0.283674,0.636559,-0.067220,0.232951,0.613473,-0.070259,0.302276,0.578578,-0.022822,0.287968,0.583033,-0.056979,0.270108,0.641326,-0.074453,0.261057,0.648126,-0.083570,0.257667,0.552488,-0.017398,0.233731,0.584300,-0.049200,0.233280,0.655212,-0.055733,0.238699,0.645662,-0.054396,0.214744,0.555928,-0.018963,0.189952,0.598256,-0.052087,0.198796,0.662199,-0.047285,0.207742,0.649373,-0.038533,0.173722,0.572674,-0.024281,0.159029,0.615848,-0.044186,0.170694,0.662895,-0.040296,0.182497,0.654804,-0.033094
3137,0,0.126825,0.155484,1.281794,3.620625,3.860979,0.213547,0.776640,-0.000000,0.262215,0.763029,-0.040264,0.310560,0.700916,-0.057481,0.280085,0.641407,-0.068318,0.227106,0.621250,-0.071676,0.302134,0.575862,-0.023749,0.285216,0.586457,-0.057542,0.269131,0.646020,-0.074912,0.262443,0.651589,-0.084436,0.256930,0.550282,-0.018560,0.232615,0.589075,-0.050063,0.234392,0.658190,-0.057054,0.241313,0.648239,-0.056352,0.214162,0.554905,-0.020208,0.190049,0.605024,-0.052444,0.199389,0.666872,-0.047926,0.208475,0.652058,-0.039837,0.173982,0.572987,-0.025764,0.159693,0.621854,-0.045332,0.171773,0.667678,-0.041852,0.183418,0.657502,-0.035197
3166,0,0.168875,0.219273,0.717164,3.712519,4.011663,0.211508,0.773320,-0.000000,0.261154,0.763531,-0.040760,0.310892,0.705456,-0.059032,0.280251,0.647400,-0.071070,0.226248,0.630527,-0.075837,0.303573,0.577724,-0.026292,0.288168,0.589898,-0.061018,0.268889,0.647523,-0.078648,0.258118,0.655280,-0.087936,0.257044,0.549351,-0.020945,0.230930,0.596164,-0.053043,0.232509,0.662323,-0.060437,0.239012,0.652635,-0.060101,0.213810,0.552928,-0.022290,0.188049,0.611070,-0.054601,0.197583,0.670895,-0.050843,0.206432,0.657592,-0.043326,0.173524,0.570787,-0.027621,0.158550,0.625631,-0.047512,0.170254,0.671385,-0.044793,0.181940,0.662604,-0.038499
3197,0,0.206822,0.233430,0.876168,3.808043,4.217254,0.210066,0.770992,-0.000000,0.259530,0.764547,-0.043184,0.309064,0.708837,-0.062151,0.279844,0.651087,-0.074047,0.227626,0.636010,-0.078720,0.304092,0.578590,-0.031075,0.282716,0.596292,-0.066885,0.265196,0.653444,-0.085093,0.256470,0.660215,-0.094501,0.256907,0.549945,-0.024961,0.225650,0.600509,-0.057660,0.229069,0.667402,-0.064821,0.237462,0.658888,-0.064215,0.212793,0.553583,-0.025552,0.183653,0.616402,-0.058297,0.194464,0.676150,-0.054443,0.205020,0.663208,-0.046613,0.172436,0.572661,-0.030393,0.155329,0.629298,-0.050740,0.168120,0.676063,-0.047706,0.180794,0.668779,-0.040908
3237,0,0.259571,0.309163,1.397267,3.943684,4.506035,0.212629,0.770513,-0.000000,0.262396,0.764612,-0.044699,0.310127,0.710826,-0.065065,0.278600,0.654430,-0.077742,0.225549,0.641372,-0.083750,0.302601,0.577572,-0.037249,0.274165,0.601579,-0.073717,0.258173,0.657413,-0.092341,0.251609,0.665236,-0.101834,0.254126,0.551220,-0.030850,0.219845,0.604066,-0.063984,0.225198,0.668516,-0.071253,0.235109,0.664564,-0.070773,0.209672,0.556691,-0.030790,0.179045,0.622357,-0.063503,0.191220,0.679621,-0.060259,0.203582,0.670090,-0.052839,0.169594,0.577810,-0.035116,0.152039,0.635029,-0.055573,0.165811,0.681560,-0.052599,0.179469,0.677894,-0.045810
3271,0,0.183380,0.208526,0.786607,3.946762,4.365256,0.209844,0.771712,-0.000000,0.260268,0.767529,-0.044040,0.309376,0.715319,-0.063176,0.278500,0.659335,-0.074829,0.225773,0.644272,-0.079561,0.304685,0.582728,-0.034250,0.281495,0.604487,-0.069742,0.264975,0.661293,-0.088080,0.258653,0.667395,-0.097781,0.256782,0.554887,-0.027994,0.225709,0.606099,-0.059686,0.229100,0.669632,-0.066666,0.237465,0.663608,-0.066252,0.211870,0.558950,-0.028290,0.183581,0.624092,-0.060514,0.194830,0.681681,-0.057261,0.205930,0.671801,-0.050014,0.170730,0.578603,-0.032860,0.154827,0.637460,-0.053445,0.169264,0.684561,-0.050606,0.182766,0.680765,-0.043862
3316,0,0.204640,0.254540,0.665817,4.066863,4.595766,0.213726,0.772866,-0.000000,0.263368,0.767744,-0.045922,0.310840,0.714618,-0.066109,0.278997,0.658650,-0.077914,0.226473,0.644833,-0.082754,0.303584,0.581230,-0.039931,0.272781,0.608478,-0.075848,0.257387,0.664226,-0.093792,0.251235,0.670416,-0.103118,0.255060,0.555084,-0.033025,0.220213,0.609122,-0.065578,0.226059,0.673886,-0.072543,0.236241,0.669069,-0.072248,0.210238,0.560715,-0.032405,0.180066,0.627576,-0.065047,0.192499,0.685537,-0.061918,0.204940,0.675581,-0.054806,0.169835,0.582881,-0.036271,0.152950,0.641052,-0.057167,0.167959,0.687949,-0.054481,0.182081,0.684467,-0.047959
3349,0,0.154320,0.163280,0.788316,4.062498,4.528825,0.213026,0.772979,-0.000000,0.262393,0.768071,-0.043539,0.310858,0.716894,-0.063105,0.279788,0.663329,-0.075033,0.227217,0.649829,-0.080438,0.305072,0.583217,-0.035959,0.279686,0.611637,-0.070979,0.263213,0.668297,-0.088899,0.256369,0.673764,-0.098477,0.255801,0.556231,-0.030113,0.224747,0.611825,-0.061401,0.229171,0.674928,-0.068452,0.238190,0.668813,-0.068334,0.210236,0.561593,-0.030436,0.182356,0.630912,-0.062106,0.194611,0.687994,-0.059110,0.206464,0.677960,-0.052294,0.169323,0.582766,-0.034990,0.153819,0.643797,-0.055349,0.168979,0.691536,-0.052382,0.182964,0.689275,-0.045654
3385,0,0.080342,0.108275,0.185796,4.100764,4.620638,0.213407,0.771667,-0.000000,0.264280,0.767757,-0.042675,0.312107,0.717009,-0.061903,0.280743,0.664041,-0.073744,0.228402,0.650785,-0.079313,0.304935,0.582939,-0.036696,0.277039,0.613842,-0.071985,0.260439,0.669855,-0.090216,0.253314,0.675512,-0.099830,0.255278,0.556400,-0.031186,0.222097,0.615328,-0.062372,0.227451,0.677178,-0.069465,0.236866,0.670816,-0.069582,0.209761,0.562175,-0.031655,0.180488,0.633595,-0.062782,0.193660,0.689267,-0.059998,0.206021,0.679067,-0.053549,0.169328,0.584125,-0.036315,0.153152,0.647177,-0.056217,0.168522,0.694449,-0.053374,0.182682,0.691931,-0.046867
3417,0,0.061172,0.057971,0.630854,4.120348,4.635399,0.213981,0.773080,-0.000000,0.264649,0.769540,-0.043230,0.313254,0.718016,-0.062790,0.282292,0.663780,-0.074742,0.229532,0.649388,-0.080456,0.304527,0.581645,-0.037925,0.277793,0.615414,-0.073168,0.261125,0.671599,-0.091416,0.252997,0.676736,-0.101328,0.254321,0.556322,-0.032299,0.223491,0.615939,-0.063373,0.228401,0.677745,-0.070545,0.236672,0.670984,-0.071011,0.208381,0.563667,-0.032590,0.181475,0.635179,-0.063315,0.193772,0.690286,-0.060109,0.204795,0.679119,-0.053666,0.167693,0.587009,-0.037109,0.153095,0.650021,-0.056552,0.167474,0.695314,-0.053287,0.180101,0.690414,-0.046758
3450,0,0.109412,0.085876,0.491930,4.097079,4.579340,0.215284,0.772679,-0.000000,0.265082,0.769321,-0.041980,0.313963,0.718349,-0.060951,0.284271,0.664845,-0.072895,0.231697,0.650943,-0.078750,0.305916,0.582167,-0.034867,0.280027,0.615928,-0.069675,0.264595,0.671210,-0.088059,0.258493,0.674612,-0.098072,0.256053,0.556560,-0.029612,0.225373,0.616409,-0.060541,0.230310,0.677458,-0.067977,0.239105,0.670742,-0.068328,0.210496,0.562965,-0.030270,0.183332,0.634392,-0.061302,0.195913,0.690127,-0.058433,0.207419,0.680492,-0.051875,0.169754,0.584894,-0.035042,0.155079,0.648325,-0.054832,0.170183,0.695260,-0.051905,0.184252,0.692731,-0.045230
3484,0,0.148985,0.207388,0.695065,4.180429,4.784138,0.218737,0.771442,-0.000000,0.268061,0.767188,-0.043802,0.314931,0.717515,-0.064057,0.283638,0.664747,-0.076471,0.230752,0.650220,-0.082592,0.307221,0.582033,-0.039547,0.275505,0.615882,-0.075364,0.259146,0.671312,-0.093549,0.253044,0.676211,-0.103108,0.257380,0.555721,-0.033456,0.220679,0.618684,-0.065397,0.226824,0.679841,-0.072508,0.236960,0.672650,-0.072683,0.211833,0.561840,-0.033252,0.179477,0.635368,-0.064639,0.193070,0.690691,-0.061317,0.205954,0.680878,-0.054672,0.171709,0.584444,-0.037391,0.152978,0.648553,-0.057907,0.168255,0.695981,-0.055168,0.183119,0.694085,-0.048611
3518,0,0.083237,0.152975,0.568804,4.151358,4.673419,0.214661,0.770092,-0.000000,0.265706,0.768425,-0.044571,0.316002,0.719069,-0.064341,0.287254,0.664984,-0.076297,0.234843,0.650288,-0.082039,0.307278,0.582788,-0.038474,0.279068,0.615808,-0.074699,0.262698,0.671750,-0.093640,0.256759,0.675203,-0.103821,0.257781,0.556441,-0.032229,0.224537,0.616288,-0.064163,0.228909,0.678242,-0.071562,0.238076,0.671195,-0.071976,0.212463,0.562401,-0.032170,0.182741,0.632959,-0.063867,0.194508,0.688957,-0.060612,0.206213,0.678864,-0.054012,0.171936,0.584195,-0.036432,0.154276,0.647387,-0.056853,0.168533,0.694458,-0.053923,0.182095,0.691512,-0.047382
3551,0,0.123677,0.127866,0.693626,4.097830,4.621114,0.216488,0.770043,-0.000000,0.267863,0.766470,-0.041394,0.316260,0.716950,-0.060220,0.285405,0.663652,-0.071860,0.233217,0.650309,-0.077502,0.307505,0.581948,-0.035485,0.277808,0.615283,-0.070138,0.260303,0.670538,-0.088429,0.253604,0.676415,-0.098169,0.258586,0.555225,-0.030125,0.223705,0.617287,-0.060517,0.228204,0.677784,-0.067821,0.237591,0.672276,-0.068356,0.213971,0.560458,-0.030526,0.183118,0.632757,-0.060576,0.195542,0.687187,-0.058082,0.207816,0.677905,-0.052143,0.174360,0.581967,-0.035009,0.156720,0.645211,-0.054222,0.171158,0.692107,-0.051519,0.185164,0.690867,-0.045254
3584,0,0.087387,0.103853,0.557862,4.136282,4.718764,0.217818,0.769132,-0.000000,0.268100,0.765717,-0.043450,0.316250,0.716065,-0.063269,0.286133,0.663467,-0.075407,0.234270,0.650194,-0.081330,0.308034,0.581870,-0.038407,0.276162,0.614191,-0.073941,0.260442,0.669905,-0.091943,0.255504,0.674435,-0.101325,0.258824,0.555428,-0.032397,0.222391,0.615661,-0.064384,0.228188,0.677932,-0.071420,0.238104,0.671483,-0.071303,0.213759,0.560909,-0.032338,0.181852,0.631651,-0.063680,0.194768,0.687344,-0.060572,0.207076,0.677368,-0.053946,0.173926,0.582614,-0.036502,0.155175,0.645383,-0.056526,0.169535,0.692523,-0.053800,0.183557,0.690196,-0.047379
3617,0,0.063299,0.086263,0.151742,4.189534,4.804715,0.219471,0.767868,-0.000000,0.269482,0.765664,-0.044652,0.317263,0.715898,-0.064792,0.286422,0.662641,-0.076900,0.234336,0.649595,-0.082688,0.308098,0.580537,-0.040281,0.277902,0.614230,-0.076132,0.260812,0.670053,-0.094265,0.253926,0.674995,-0.103715,0.258414,0.554781,-0.033932,0.223141,0.616666,-0.065796,0.228896,0.679092,-0.072588,0.238948,0.672558,-0.072529,0.213426,0.561160,-0.033607,0.182093,0.633487,-0.065087,0.195628,0.689468,-0.061780,0.208308,0.679186,-0.055076,0.173775,0.583843,-0.037623,0.155912,0.646569,-0.057468,0.171038,0.693332,-0.054397,0.184514,0.690654,-0.047841
3650,0,0.092887,0.105156,0.255082,4.162071,4.699560,0.218594,0.767716,-0.000000,0.270388,0.764907,-0.044037,0.318650,0.714798,-0.063576,0.286274,0.661761,-0.075205,0.233887,0.649136,-0.080458,0.308890,0.580087,-0.038871,0.280512,0.612384,-0.074142,0.263108,0.668410,-0.091910,0.255392,0.673925,-0.101178,0.259424,0.554032,-0.032496,0.225273,0.616337,-0.063398,0.231380,0.677417,-0.070069,0.241028,0.671012,-0.070069,0.214707,0.560083,-0.032171,0.184302,0.632671,-0.062926,0.198083,0.687960,-0.060004,0.210392,0.677926,-0.053599,0.175338,0.582701,-0.036156,0.158046,0.645143,-0.055725,0.173403,0.691871,-0.052891,0.186933,0.690069,-0.046457
3683,0,0.073358,0.086635,0.603810,4.151637,4.662679,0.220732,0.769535,-0.000000,0.270672,0.765300,-0.043861,0.319521,0.714357,-0.063482,0.289176,0.660407,-0.075249,0.237110,0.647349,-0.080544,0.309493,0.581019,-0.038507,0.281759,0.610752,-0.073248,0.267571,0.667780,-0.090545,0.262338,0.672383,-0.099782,0.260438,0.555136,-0.032417,0.227071,0.613393,-0.063835,0.233475,0.676600,-0.070777,0.242605,0.669639,-0.070836,0.215650,0.561373,-0.032300,0.186174,0.630670,-0.063658,0.199512,0.687159,-0.060599,0.211151,0.676036,-0.054186,0.175835,0.583857,-0.036389,0.158606,0.645503,-0.056510,0.173804,0.692651,-0.053774,0.187376,0.689255,-0.047538
3717,0,0.048839,0.074245,0.567879,4.178754,4.734006,0.222636,0.768500,-0.000000,0.271006,0.764714,-0.044968,0.318499,0.713613,-0.064980,0.288143,0.660231,-0.076929,0.235773,0.647290,-0.082461,0.308865,0.579990,-0.038935,0.282122,0.610851,-0.073868,0.268383,0.667574,-0.091408,0.264304,0.671465,-0.100826,0.260107,0.554684,-0.032402,0.227986,0.613261,-0.063980,0.233999,0.677961,-0.070925,0.243515,0.671694,-0.070866,0.215523,0.561489,-0.031931,0.186338,0.630836,-0.064274,0.199815,0.688808,-0.061390,0.212285,0.679423,-0.054651,0.175837,0.584167,-0.035727,0.158344,0.644117,-0.057064,0.174381,0.692340,-0.054415,0.189006,0.691763,-0.047823
3751,0,0.099869,0.118032,0.229281,4.224081,4.812787,0.221107,0.766215,-0.000000,0.271223,0.763822,-0.046028,0.318913,0.713466,-0.066508,0.287312,0.660305,-0.078461,0.235053,0.647813,-0.083794,0.310775,0.580372,-0.041838,0.280998,0.612466,-0.077641,0.264280,0.668747,-0.095161,0.257209,0.673480,-0.104244,0.261423,0.553386,-0.034660,0.225265,0.614923,-0.066683,0.231448,0.678437,-0.073070,0.241314,0.672186,-0.072719,0.216788,0.559020,-0.033576,0.184295,0.630924,-0.065804,0.198070,0.687946,-0.062582,0.210482,0.678419,-0.055843,0.177184,0.581145,-0.036887,0.157626,0.644083,-0.058363,0.173195,0.692811,-0.056019,0.187202,0.692318,-0.049632
3785,0,0.083272,0.100613,0.599347,4.260928,4.825615,0.220863,0.768011,-0.000000,0.272480,0.763913,-0.046169,0.319901,0.713420,-0.067364,0.287093,0.659975,-0.080235,0.234504,0.647153,-0.086434,0.310017,0.580691,-0.043217,0.279149,0.611317,-0.080825,0.261929,0.668258,-0.099600,0.254451,0.675218,-0.109164,0.260644,0.554415,-0.036162,0.223653,0.614277,-0.069903,0.230362,0.677234,-0.076987,0.240618,0.671537,-0.076751,0.215990,0.560371,-0.035276,0.183449,0.631100,-0.067954,0.197545,0.687064,-0.064648,0.210470,0.677371,-0.057711,0.176831,0.582658,-0.038848,0.158042,0.645167,-0.059600,0.173370,0.691920,-0.057003,0.187201,0.689338,-0.050597
3820,0,0.139802,0.159848,0.575677,4.203777,4.748839,0.220657,0.765791,-0.000000,0.271473,0.761863,-0.043766,0.319083,0.711627,-0.063520,0.287326,0.658730,-0.075467,0.235170,0.646780,-0.080849,0.309633,0.580209,-0.039537,0.282112,0.609232,-0.074816,0.264265,0.666357,-0.092500,0.255792,0.674974,-0.101727,0.260643,0.553844,-0.033327,0.226420,0.614044,-0.064466,0.232783,0.677919,-0.071090,0.242747,0.673616,-0.071090,0.216344,0.559951,-0.032943,0.185987,0.631704,-0.064171,0.200215,0.688052,-0.061095,0.212937,0.679243,-0.054501,0.177280,0.582535,-0.036817,0.160208,0.644373,-0.057251,0.176256,0.691835,-0.054382,0.190312,0.691071,-0.047817
3853,0,0.118561,0.206697,0.740974,4.240847,4.765934,0.224273,0.769376,-0.000000,0.273474,0.764968,-0.046318,0.319411,0.711912,-0.067256,0.287038,0.658716,-0.079685,0.235163,0.645868,-0.085319,0.311391,0.578151,-0.041324,0.280340,0.608963,-0.078117,0.265924,0.666534,-0.096528,0.260429,0.672774,-0.106111,0.261986,0.552588,-0.034441,0.227301,0.610454,-0.067837,0.234793,0.674863,-0.075039,0.245334,0.668895,-0.074748,0.217169,0.559596,-0.033860,0.186670,0.629614,-0.066850,0.200730,0.686758,-0.063713,0.213492,0.676455,-0.056657,0.177631,0.582871,-0.037752,0.160088,0.644965,-0.059241,0.176267,0.692091,-0.056860,0.190783,0.688833,-0.050442
3888,0,0.066643,0.101452,0.289341,4.261817,4.827391,0.223464,0.766908,-0.000000,0.272204,0.763854,-0.047205,0.319124,0.711835,-0.068450,0.287438,0.658355,-0.081139,0.235429,0.646508,-0.086785,0.311582,0.580243,-0.042461,0.285413,0.607403,-0.079043,0.269061,0.665320,-0.096505,0.261660,0.672082,-0.105702,0.262130,0.553122,-0.035214,0.227279,0.611952,-0.068857,0.233929,0.677230,-0.075667,0.244086,0.670613,-0.075202,0.217369,0.559540,-0.034254,0.185809,0.630590,-0.067810,0.199745,0.688173,-0.064492,0.212562,0.677576,-0.057420,0.177959,0.581803,-0.037834,0.158812,0.645705,-0.060476,0.174499,0.693888,-0.058526,0.188997,0.690756,-0.052327
3922,0,0.063317,0.115475,0.317778,4.249037,4.714597,0.220510,0.767458,-0.000000,0.271352,0.763862,-0.046068,0.318808,0.712465,-0.067232,0.286766,0.657488,-0.080152,0.234804,0.643951,-0.086290,0.311531,0.580618,-0.041333,0.283390,0.608144,-0.078339,0.268731,0.664796,-0.096638,0.263660,0.670519,-0.106284,0.262325,0.553861,-0.034522,0.228829,0.611489,-0.068401,0.236089,0.675183,-0.075475,0.246677,0.668914,-0.075124,0.217685,0.559853,-0.034025,0.188196,0.630199,-0.067524,0.202076,0.687158,-0.064250,0.214932,0.677163,-0.057059,0.178283,0.581435,-0.038001,0.161406,0.644536,-0.060041,0.176913,0.691364,-0.058199,0.191318,0.687828,-0.052119
3955,0,0.118461,0.133724,0.338348,4.191134,4.654531,0.223291,0.768083,-0.000000,0.272912,0.763770,-0.046363,0.319582,0.710281,-0.066397,0.286945,0.657228,-0.077887,0.235159,0.646671,-0.082333,0.310377,0.579116,-0.039348,0.285330,0.606247,-0.074365,0.272229,0.663394,-0.091397,0.266804,0.670072,-0.100231,0.261856,0.553405,-0.032131,0.230495,0.607982,-0.064665,0.237167,0.673759,-0.071651,0.246852,0.669176,-0.071074,0.217639,0.559855,-0.031264,0.189605,0.628328,-0.064261,0.203295,0.686228,-0.061952,0.215823,0.676309,-0.055081,0.178587,0.582419,-0.034729,0.162942,0.642327,-0.056351,0.179240,0.689817,-0.054359,0.193553,0.686954,-0.048152
3989,0,0.152102,0.168840,0.617308,4.302549,4.807826,0.224738,0.767407,-0.000000,0.272879,0.763992,-0.049278,0.319163,0.710613,-0.071536,0.287502,0.655954,-0.084642,0.235819,0.643540,-0.090589,0.312776,0.578882,-0.044429,0.284810,0.607359,-0.082333,0.270775,0.664615,-0.100866,0.265158,0.668548,-0.110566,0.263659,0.552596,-0.036143,0.229861,0.609978,-0.071132,0.236406,0.675270,-0.078291,0.246226,0.668321,-0.077772,0.219137,0.558517,-0.034498,0.189007,0.628592,-0.069111,0.202841,0.686708,-0.066051,0.215520,0.676284,-0.058632,0.179839,0.580204,-0.037558,0.162220,0.642723,-0.060508,0.178269,0.690533,-0.059065,0.193069,0.687444,-0.053031
4022,0,0.064808,0.044924,0.891197,4.259344,4.810290,0.223869,0.765936,-0.000000,0.272158,0.762705,-0.049129,0.318762,0.710499,-0.071382,0.287128,0.654899,-0.084676,0.235709,0.641259,-0.091092,0.311283,0.579549,-0.044997,0.285927,0.603925,-0.082653,0.270345,0.659687,-0.101264,0.262966,0.667206,-0.110801,0.262227,0.553223,-0.036442,0.228614,0.608377,-0.070920,0.235277,0.672567,-0.077856,0.245440,0.668427,-0.077335,0.217825,0.559067,-0.034362,0.187453,0.627563,-0.068608,0.201427,0.684593,-0.065429,0.214664,0.676418,-0.058002,0.178468,0.580530,-0.036905,0.160864,0.640562,-0.059764,0.176509,0.687979,-0.058088,0.191325,0.685952,-0.051875
4055,0,0.214269,0.276799,1.165878,4.140098,4.537102,0.221820,0.768714,-0.000000,0.269423,0.764905,-0.048167,0.318493,0.712883,-0.069761,0.290589,0.653312,-0.083018,0.239443,0.634351,-0.089097,0.315175,0.583447,-0.039859,0.296207,0.597468,-0.078271,0.275284,0.654307,-0.097491,0.264035,0.666004,-0.107159,0.266461,0.554864,-0.031320,0.233216,0.605177,-0.065882,0.236178,0.670087,-0.073234,0.244786,0.665135,-0.072771,0.221890,0.558821,-0.029699,0.190523,0.623679,-0.063740,0.202288,0.680644,-0.060266,0.213571,0.671254,-0.052769,0.181889,0.577992,-0.032680,0.163336,0.637174,-0.054651,0.176748,0.684119,-0.052653,0.189798,0.680437,-0.046343
4089,0,0.395680,0.446469,0.966876,3.953055,4.130387,0.219058,0.769536,-0.000000,0.268825,0.767480,-0.043804,0.317788,0.711889,-0.062354,0.287337,0.648331,-0.073559,0.235164,0.622827,-0.077449,0.315610,0.584702,-0.030248,0.301222,0.591035,-0.065895,0.279414,0.646494,-0.084357,0.267840,0.657168,-0.093995,0.269591,0.555040,-0.023020,0.240728,0.597769,-0.055532,0.242534,0.662937,-0.062992,0.250760,0.658176,-0.062470,0.226329,0.557468,-0.022773,0.198389,0.615674,-0.054806,0.208493,0.673138,-0.051497,0.218341,0.662817,-0.044153,0.186552,0.574962,-0.026793,0.170093,0.630983,-0.046852,0.182859,0.676453,-0.044878,0.195139,0.670450,-0.038927
4122,0,0.411230,0.474790,2.572250,3.853537,3.730167,0.217538,0.772670,-0.000000,0.264627,0.767012,-0.040516,0.314751,0.710367,-0.057657,0.289436,0.643838,-0.068683,0.240349,0.612412,-0.072094,0.316035,0.592542,-0.021375,0.309534,0.583597,-0.056893,0.289880,0.642845,-0.075210,0.282257,0.656000,-0.084854,0.274240,0.562085,-0.015730,0.255710,0.582850,-0.049366,0.250828,0.650463,-0.057246,0.255819,0.645925,-0.056069,0.232317,0.561301,-0.017538,0.210965,0.602227,-0.050689,0.216068,0.662352,-0.046896,0.224855,0.650900,-0.038575,0.191918,0.573346,-0.023286,0.178361,0.622202,-0.043250,0.188109,0.667198,-0.041280,0.199905,0.658395,-0.035371
4155,0,0.376373,0.407974,2.235849,3.783959,3.519251,0.215898,0.773562,-0.000000,0.260620,0.766168,-0.035992,0.313350,0.708929,-0.049540,0.296619,0.640690,-0.058348,0.252600,0.605808,-0.059869,0.313913,0.603044,-0.012722,0.315702,0.583019,-0.046438,0.294353,0.636636,-0.062854,0.284746,0.649589,-0.070696,0.275014,0.574164,-0.008135,0.265887,0.575366,-0.042342,0.256233,0.640778,-0.049803,0.258551,0.638198,-0.046819,0.235309,0.569661,-0.011017,0.218816,0.596915,-0.044917,0.220327,0.655608,-0.041610,0.228120,0.645220,-0.032159,0.195255,0.576440,-0.017323,0.184303,0.617497,-0.036606,0.191186,0.660872,-0.034675,0.201797,0.651481,-0.028516
4190,0,0.241457,0.318349,4.355561,3.768062,3.379285,0.220011,0.779722,-0.000000,0.263048,0.769187,-0.036961,0.315290,0.708627,-0.051692,0.302980,0.635478,-0.061651,0.261564,0.594337,-0.064200,0.314435,0.607968,-0.013338,0.314863,0.581035,-0.046742,0.296162,0.631647,-0.062362,0.286756,0.640338,-0.069476,0.274870,0.583937,-0.008344,0.267566,0.569605,-0.041526,0.259726,0.638661,-0.046238,0.263300,0.630632,-0.041526,0.235513,0.581724,-0.010870,0.220004,0.584241,-0.045942,0.222465,0.649732,-0.037495,0.231058,0.641693,-0.023994,0.194918,0.589623,-0.016776,0.184336,0.608051,-0.037080,0.190715,0.652459,-0.030707,0.200274,0.644944,-0.020896
4223,0,0.276015,0.271586,7.364280,3.749489,3.309388,0.220488,0.780077,-0.000000,0.264924,0.770295,-0.037891,0.316431,0.710172,-0.054678,0.313804,0.633879,-0.067329,0.277472,0.587226,-0.073126,0.313389,0.610202,-0.012228,0.315430,0.573707,-0.046526,0.299703,0.623196,-0.062015,0.292252,0.638974,-0.067751,0.271624,0.592784,-0.007005,0.269621,0.559183,-0.041726,0.261128,0.635984,-0.045470,0.264020,0.636364,-0.038586,0.231670,0.593133,-0.009397,0.225560,0.565155,-0.047281,0.226868,0.637046,-0.035295,0.231765,0.638729,-0.017662,0.189474,0.602684,-0.015028,0.188001,0.592543,-0.038556,0.195862,0.640466,-0.029332,0.202694,0.641900,-0.016002
4256,0,0.369530,0.375470,4.800266,3.622944,3.294692,0.220239,0.775247,-0.000000,0.266405,0.768354,-0.032771,0.317220,0.713335,-0.046669,0.324739,0.642979,-0.057179,0.293486,0.595129,-0.062433,0.311083,0.608491,-0.016215,0.314340,0.560021,-0.050338,0.297642,0.611671,-0.066786,0.291773,0.640760,-0.072383,0.270161,0.594911,-0.012414,0.270769,0.546034,-0.050152,0.259531,0.622037,-0.057116,0.260243,0.650032,-0.051302,0.230742,0.595974,-0.014551,0.226816,0.552619,-0.053385,0.225489,0.626648,-0.044120,0.230115,0.653205,-0.026693,0.190406,0.607067,-0.019044,0.188634,0.579815,-0.044524,0.194348,0.630021,-0.036502,0.201157,0.649594,-0.022635
4289,0,0.288866,0.265141,1.245673,3.563293,3.297231,0.217970,0.772456,-0.000000,0.268182,0.767653,-0.032269,0.320200,0.714772,-0.046122,0.337045,0.645557,-0.057500,0.308613,0.593177,-0.064506,0.310647,0.605354,-0.020200,0.310978,0.545455,-0.057082,0.292585,0.603106,-0.074309,0.286572,0.645094,-0.078873,0.268997,0.593221,-0.016456,0.269806,0.536279,-0.056407,0.257005,0.617955,-0.063060,0.258777,0.660803,-0.056278,0.229052,0.594420,-0.018626,0.225881,0.539864,-0.058721,0.221480,0.618310,-0.049207,0.226977,0.659670,-0.030743,0.189532,0.606102,-0.023061,0.186218,0.567314,-0.050397,0.189967,0.621576,-0.043165,0.197956,0.654956,-0.028975
4323,0,0.281898,0.290422,0.722543,3.469608,3.277641,0.218641,0.772620,-0.000000,0.272258,0.769769,-0.032731,0.323443,0.717710,-0.047679,0.344999,0.653471,-0.061000,0.320742,0.602441,-0.069992,0.309622,0.603419,-0.021222,0.309841,0.535691,-0.060463,0.289550,0.592059,-0.079052,0.283145,0.637594,-0.083950,0.266222,0.592222,-0.018354,0.268195,0.524407,-0.060195,0.252655,0.603145,-0.066671,0.255111,0.649907,-0.059054,0.225137,0.593599,-0.021894,0.225151,0.528146,-0.062443,0.218130,0.604553,-0.052444,0.224511,0.650898,-0.033318,0.187039,0.606826,-0.028168,0.184087,0.561957,-0.056135,0.186560,0.615950,-0.049592,0.196166,0.655212,-0.035869
4357,0,0.348994,0.334977,0.602217,3.220383,3.046693,0.213766,0.768196,-0.000000,0.269153,0.770802,-0.030354,0.325521,0.720885,-0.042845,0.352253,0.657123,-0.054178,0.331104,0.605983,-0.062125,0.308068,0.599874,-0.017673,0.311063,0.527390,-0.052623,0.291213,0.576209,-0.070210,0.283697,0.621186,-0.075531,0.265029,0.588179,-0.015263,0.268314,0.512465,-0.052623,0.251208,0.586677,-0.059119,0.253151,0.636224,-0.052657,0.224439,0.589114,-0.018814,0.225469,0.516073,-0.055491,0.215776,0.588536,-0.046472,0.220704,0.637485,-0.029093,0.185825,0.601821,-0.025067,0.183571,0.553850,-0.051172,0.183467,0.606170,-0.045125,0.191108,0.646866,-0.032531
4391,0,0.311065,0.283397,0.617374,2.977088,2.834683,0.213284,0.766773,-0.000000,0.271763,0.771236,-0.028640,0.328909,0.720340,-0.040412,0.359975,0.655195,-0.051562,0.337758,0.601148,-0.060511,0.307598,0.596647,-0.016078,0.313715,0.519630,-0.048864,0.294999,0.556400,-0.067543,0.285284,0.602419,-0.074361,0.263730,0.582720,-0.014258,0.268388,0.501526,-0.048260,0.249860,0.567190,-0.056534,0.250415,0.619378,-0.052699,0.223296,0.582460,-0.017907,0.224431,0.504961,-0.050355,0.213177,0.569537,-0.043395,0.217164,0.620423,-0.029137,0.184157,0.594427,-0.024308,0.180934,0.544264,-0.047905,0.178654,0.591557,-0.042472,0.184890,0.633529,-0.031552
4425,0,0.292814,0.307316,1.091138,2.768997,2.590217,0.212295,0.768069,-0.000000,0.271996,0.771620,-0.029546,0.328169,0.722195,-0.042588,0.359284,0.658290,-0.055376,0.346395,0.600090,-0.065795,0.307307,0.598138,-0.016403,0.314040,0.516936,-0.049802,0.297158,0.540823,-0.068309,0.287557,0.583844,-0.074283,0.262850,0.582173,-0.014135,0.268044,0.494541,-0.046304,0.249280,0.551386,-0.052898,0.251891,0.594424,-0.048126,0.222428,0.579215,-0.017733,0.224804,0.494482,-0.048162,0.211430,0.551223,-0.039601,0.214940,0.595047,-0.024773,0.182823,0.588304,-0.024427,0.180092,0.532740,-0.045576,0.175821,0.572137,-0.038836,0.181560,0.608111,-0.027305
4458,0,0.392511,0.392805,1.492105,2.501198,2.308526,0.209311,0.766369,-0.000000,0.270790,0.772604,-0.033199,0.326361,0.726294,-0.046090,0.356856,0.664869,-0.058297,0.354292,0.606752,-0.068285,0.307436,0.593521,-0.015000,0.316337,0.511815,-0.045091,0.299358,0.519989,-0.064623,0.287423,0.557338,-0.072391,0.263604,0.575401,-0.010357,0.269823,0.487964,-0.039654,0.251998,0.526911,-0.051010,0.251210,0.570023,-0.050677,0.223167,0.572138,-0.011615,0.225659,0.485360,-0.038581,0.212071,0.526770,-0.036454,0.212874,0.571862,-0.027188,0.183936,0.582971,-0.016378,0.177233,0.520921,-0.037157,0.172206,0.547910,-0.035215,0.176508,0.584640,-0.027373
4492,0,0.598795,0.625818,9.792648,2.181482,1.940524,0.208409,0.769501,0.000000,0.269215,0.775336,-0.038870,0.324535,0.728731,-0.052255,0.349852,0.666593,-0.063333,0.358162,0.609242,-0.072521,0.303440,0.592900,-0.018310,0.314247,0.512939,-0.047415,0.306177,0.497969,-0.071765,0.295567,0.525171,-0.083184,0.260578,0.571154,-0.010455,0.267623,0.479692,-0.037225,0.257616,0.477920,-0.060649,0.251654,0.518474,-0.071727,0.221251,0.569631,-0.008323,0.221552,0.482090,-0.033028,0.213854,0.483953,-0.051120,0.212621,0.526984,-0.058115,0.183084,0.585353,-0.009509,0.171696,0.520291,-0.031515,0.167617,0.515382,-0.044277,0.170372,0.544209,-0.048625
4525,0,0.342506,0.493741,4.007968,2.044274,1.567522,0.206321,0.778229,0.000000,0.268031,0.775972,-0.038694,0.324287,0.729437,-0.053119,0.351801,0.667099,-0.065136,0.367769,0.610866,-0.075666,0.302583,0.590796,-0.019190,0.312117,0.515239,-0.047247,0.309773,0.487330,-0.071869,0.301350,0.494691,-0.084630,0.261309,0.568167,-0.012360,0.268089,0.480773,-0.037148,0.264582,0.458076,-0.060987,0.255448,0.482608,-0.074217,0.222879,0.567734,-0.011411,0.220200,0.487106,-0.034721,0.215484,0.463464,-0.056446,0.210307,0.482813,-0.067719,0.183447,0.586019,-0.013818,0.171085,0.524143,-0.036306,0.167388,0.506510,-0.052414,0.166210,0.517851,-0.060282
4558,0,0.520038,0.605126,6.252353,1.745768,1.145864,0.201343,0.781080,0.000000,0.266058,0.775877,-0.034550,0.323785,0.732948,-0.047368,0.354595,0.673149,-0.057831,0.377485,0.620294,-0.066886,0.302194,0.587859,-0.014438,0.315945,0.515234,-0.034087,0.311356,0.478759,-0.053807,0.299576,0.456614,-0.066323,0.262566,0.564835,-0.008859,0.271398,0.487636,-0.023965,0.266071,0.449343,-0.042820,0.252927,0.431197,-0.055940,0.222990,0.563759,-0.008356,0.224407,0.492652,-0.023281,0.218070,0.459076,-0.039278,0.207282,0.444353,-0.049621,0.181031,0.579979,-0.011339,0.174185,0.523870,-0.026340,0.168220,0.501252,-0.036381,0.160400,0.491986,-0.041733
4592,0,0.273810,0.236205,1.316876,1.596761,1.023748,0.203827,0.778463,0.000000,0.267674,0.774285,-0.034311,0.326033,0.730117,-0.046432,0.356455,0.670045,-0.055718,0.381999,0.621066,-0.063477,0.301775,0.585698,-0.015628,0.318182,0.512133,-0.032723,0.316360,0.470448,-0.049688,0.307203,0.437391,-0.061306,0.262279,0.561618,-0.010322,0.271506,0.480481,-0.023236,0.267211,0.437335,-0.038814,0.255762,0.404566,-0.049849,0.222705,0.560123,-0.009904,0.224171,0.485279,-0.023276,0.216943,0.445584,-0.036563,0.205703,0.412094,-0.045588,0.180825,0.577487,-0.012985,0.173983,0.520792,-0.026533,0.165970,0.493292,-0.034553,0.156335,0.469001,-0.038894
4619,0,0.295185,0.304159,0.618228,1.439572,0.823377,0.204254,0.779191,0.000000,0.268271,0.774815,-0.035934,0.326127,0.730067,-0.049511,0.358959,0.671533,-0.059957,0.387773,0.624516,-0.068859,0.301909,0.583577,-0.020457,0.319201,0.507046,-0.038698,0.318804,0.461376,-0.055527,0.312283,0.422305,-0.067355,0.261786,0.559220,-0.015558,0.271988,0.472733,-0.029084,0.269582,0.423301,-0.044064,0.261179,0.382011,-0.054998,0.221514,0.558453,-0.015477,0.222951,0.480594,-0.029593,0.216288,0.434522,-0.042600,0.206999,0.392426,-0.051624,0.179372,0.577470,-0.019024,0.171219,0.518741,-0.033170,0.162470,0.485970,-0.041015,0.153422,0.454530,-0.045364
4644,0,0.266178,0.282253,0.326906,1.501390,0.821741,0.203211,0.779600,0.000000,0.268946,0.775065,-0.037003,0.328025,0.731430,-0.052063,0.362831,0.674693,-0.063911,0.393500,0.628080,-0.074423,0.302949,0.583521,-0.024613,0.321560,0.505250,-0.043928,0.322592,0.457059,-0.060865,0.318521,0.413616,-0.073172,0.262538,0.558176,-0.020327,0.274448,0.468954,-0.035752,0.273867,0.416212,-0.051062,0.267848,0.370515,-0.062325,0.221419,0.557639,-0.020744,0.222261,0.476366,-0.036690,0.216659,0.425953,-0.049810,0.209729,0.379160,-0.058905,0.178582,0.576699,-0.024863,0.169328,0.514806,-0.040633,0.160614,0.477559,-0.048893,0.152798,0.440931,-0.053607
4671,0,0.163316,0.206955,0.260924,1.501783,0.736124,0.203469,0.782579,0.000000,0.270587,0.777203,-0.036611,0.330076,0.732244,-0.051374,0.366508,0.675440,-0.062786,0.398395,0.629911,-0.073095,0.302924,0.583264,-0.026323,0.322591,0.503811,-0.045223,0.325781,0.453803,-0.061428,0.324208,0.407443,-0.073604,0.262215,0.557783,-0.022548,0.275121,0.465581,-0.038414,0.276604,0.410209,-0.053368,0.272833,0.361329,-0.064356,0.220868,0.557245,-0.023269,0.221119,0.472161,-0.040132,0.216799,0.418965,-0.053410,0.211806,0.369006,-0.062531,0.178173,0.576867,-0.027596,0.168494,0.511606,-0.044502,0.160242,0.471140,-0.053368,0.153613,0.431081,-0.058416
4701,0,0.121611,0.182227,0.117444,1.449433,0.638553,0.201981,0.784770,0.000000,0.270423,0.777803,-0.035592,0.331554,0.732866,-0.049820,0.369768,0.675832,-0.060978,0.402097,0.630885,-0.071054,0.303020,0.583279,-0.025018,0.324156,0.502234,-0.043398,0.328517,0.450328,-0.059205,0.328307,0.402318,-0.071227,0.262204,0.557362,-0.021904,0.276436,0.462054,-0.037819,0.279154,0.404760,-0.052934,0.276619,0.355005,-0.063919,0.220853,0.556468,-0.023137,0.221409,0.467771,-0.040349,0.217643,0.412188,-0.053972,0.213566,0.361062,-0.063140,0.178121,0.576078,-0.027851,0.167707,0.508019,-0.045279,0.159429,0.464884,-0.054404,0.153414,0.422632,-0.059507
4732,0,0.091184,0.130660,0.128788,1.478863,0.570049,0.203708,0.788166,0.000000,0.272988,0.779599,-0.036035,0.333336,0.734291,-0.050811,0.372066,0.677940,-0.062543,0.405524,0.633254,-0.073173,0.303658,0.583848,-0.025008,0.325109,0.502138,-0.043599,0.330476,0.449787,-0.059720,0.331469,0.400828,-0.072114,0.262514,0.557369,-0.022009,0.277199,0.460781,-0.038439,0.281078,0.402307,-0.054031,0.280139,0.351064,-0.065410,0.220924,0.556294,-0.023465,0.221193,0.466353,-0.041306,0.218452,0.409586,-0.055398,0.215644,0.357490,-0.064881,0.178447,0.575607,-0.028493,0.167833,0.505830,-0.046532,0.159726,0.461082,-0.056148,0.154236,0.417197,-0.061661
4768,0,0.108052,0.142772,0.084288,1.511863,0.566108,0.203233,0.789721,0.000000,0.273325,0.780342,-0.035185,0.334174,0.733980,-0.050143,0.374563,0.677904,-0.062288,0.409264,0.634316,-0.073406,0.305140,0.582882,-0.025719,0.327372,0.499602,-0.044695,0.332936,0.446503,-0.060904,0.334190,0.397151,-0.073406,0.263478,0.556452,-0.023308,0.278725,0.458222,-0.040297,0.282826,0.397987,-0.056037,0.282005,0.346156,-0.067557,0.221327,0.555619,-0.025205,0.222142,0.463391,-0.043423,0.219640,0.405836,-0.057600,0.216918,0.354332,-0.067021,0.178330,0.575376,-0.030541,0.168132,0.503853,-0.048982,0.160094,0.457343,-0.058850,0.154707,0.412267,-0.064431
4814,0,0.079364,0.069634,0.094269,1.548774,0.598957,0.203164,0.789033,0.000000,0.273391,0.779104,-0.034357,0.334935,0.733539,-0.049294,0.376168,0.678814,-0.061607,0.411742,0.636172,-0.073014,0.305681,0.581902,-0.025711,0.329125,0.497494,-0.044541,0.335937,0.443963,-0.060611,0.338321,0.394390,-0.073014,0.263931,0.555677,-0.023810,0.279931,0.455882,-0.040581,0.284600,0.394787,-0.056265,0.284208,0.342933,-0.067853,0.221933,0.554736,-0.026096,0.222826,0.460932,-0.043998,0.220729,0.402180,-0.058212,0.218293,0.349926,-0.067898,0.179102,0.574909,-0.031754,0.168327,0.502237,-0.049973,0.159983,0.454881,-0.059796,0.154528,0.409090,-0.065545
4847,0,0.063772,0.037265,0.075498,1.584337,0.610664,0.203894,0.788308,0.000000,0.274663,0.778217,-0.034222,0.336300,0.732844,-0.049181,0.377574,0.677999,-0.061476,0.413530,0.636096,-0.072997,0.306397,0.580840,-0.025843,0.330710,0.496273,-0.044787,0.338696,0.442106,-0.060839,0.342306,0.392151,-0.073225,0.264403,0.554484,-0.024021,0.280759,0.453965,-0.040961,0.285909,0.392468,-0.056604,0.285850,0.340614,-0.068079,0.222292,0.553444,-0.026321,0.223203,0.459197,-0.044286,0.221727,0.399914,-0.058425,0.220023,0.347845,-0.067943,0.179670,0.573407,-0.031990,0.168866,0.500408,-0.050183,0.160808,0.452435,-0.059928,0.155926,0.406178,-0.065529
4879,0,0.072230,0.080434,0.086331,1.644157,0.650591,0.204953,0.789387,0.000000,0.275910,0.778657,-0.033951,0.337697,0.732980,-0.048938,0.379166,0.678528,-0.061276,0.415594,0.637207,-0.072791,0.307160,0.580581,-0.026343,0.333477,0.495594,-0.045580,0.343014,0.441046,-0.061733,0.347867,0.390697,-0.074070,0.264759,0.553922,-0.024789,0.282008,0.452859,-0.042039,0.287400,0.390561,-0.057712,0.287506,0.338227,-0.069090,0.222315,0.553099,-0.027325,0.223572,0.457923,-0.045511,0.222595,0.397992,-0.059494,0.221277,0.345761,-0.068861,0.179437,0.573169,-0.033174,0.168210,0.498983,-0.051589,0.160372,0.449979,-0.061230,0.155881,0.402971,-0.066668
4913,0,0.066596,0.058080,0.082665,1.693497,0.688174,0.205248,0.787613,0.000000,0.276919,0.778084,-0.034328,0.339363,0.732279,-0.049204,0.380720,0.677723,-0.061436,0.417324,0.637789,-0.072887,0.307937,0.579326,-0.026947,0.335770,0.494809,-0.046353,0.346834,0.439904,-0.062494,0.352918,0.389750,-0.074864,0.265104,0.553003,-0.025384,0.282354,0.451731,-0.042950,0.288102,0.388541,-0.058815,0.288434,0.335354,-0.070496,0.222575,0.552375,-0.027936,0.223943,0.457027,-0.046606,0.223351,0.397231,-0.060931,0.222383,0.344843,-0.070450,0.179370,0.572832,-0.033822,0.167527,0.497944,-0.052837,0.159500,0.448720,-0.062862,0.154851,0.401479,-0.068564
4940,0,0.086675,0.081680,0.108143,1.764464,0.760784,0.204502,0.785355,0.000000,0.276892,0.776406,-0.034130,0.339665,0.730592,-0.049164,0.382216,0.677619,-0.061651,0.420412,0.640044,-0.073448,0.308211,0.578939,-0.027841,0.337962,0.495294,-0.047833,0.351102,0.440521,-0.064405,0.359151,0.390323,-0.076983,0.265316,0.551440,-0.026556,0.282966,0.449278,-0.044528,0.289279,0.386129,-0.060365,0.290074,0.333322,-0.071842,0.222633,0.550395,-0.029287,0.223484,0.454708,-0.048292,0.222958,0.394488,-0.062477,0.222251,0.342069,-0.071842,0.179663,0.570591,-0.035370,0.167243,0.496101,-0.054627,0.158951,0.446781,-0.064497,0.154305,0.399580,-0.070005
4974,0,0.076484,0.081135,0.096152,1.780812,0.750342,0.206358,0.785572,0.000000,0.277883,0.775860,-0.033141,0.339603,0.729806,-0.047837,0.383669,0.678473,-0.060302,0.422697,0.642455,-0.072077,0.308553,0.577280,-0.025988,0.339211,0.493724,-0.045721,0.353925,0.439359,-0.062234,0.363278,0.389839,-0.074837,0.265461,0.549681,-0.025229,0.283425,0.447579,-0.042892,0.290643,0.384436,-0.058692,0.292147,0.331544,-0.070099,0.222738,0.548723,-0.028541,0.223702,0.452907,-0.047377,0.223638,0.392444,-0.061544,0.223407,0.339612,-0.070881,0.180274,0.569560,-0.035119,0.167397,0.495079,-0.054276,0.159127,0.445713,-0.063982,0.154707,0.398598,-0.069317
5008,0,0.073242,0.062628,0.079565,1.790970,0.735881,0.206770,0.784678,0.000000,0.278472,0.775090,-0.033037,0.340861,0.729557,-0.047466,0.385301,0.678493,-0.059656,0.423879,0.642865,-0.071014,0.308720,0.576871,-0.025003,0.340779,0.493870,-0.044488,0.356087,0.439433,-0.060810,0.366262,0.390348,-0.073138,0.265471,0.548890,-0.024148,0.284081,0.445963,-0.041440,0.292396,0.382899,-0.056931,0.295343,0.330340,-0.068013,0.222588,0.547330,-0.027357,0.224419,0.451285,-0.045850,0.225492,0.391459,-0.059609,0.226601,0.339358,-0.068521,0.179963,0.567766,-0.033868,0.167477,0.493276,-0.052453,0.159404,0.444357,-0.061595,0.155453,0.397330,-0.066443
5036,0,0.047829,0.039837,0.079931,1.804500,0.746975,0.206780,0.784014,0.000000,0.279525,0.773782,-0.032419,0.341980,0.729224,-0.047089,0.387278,0.679553,-0.059747,0.427060,0.644063,-0.071733,0.308414,0.575137,-0.023996,0.341306,0.492680,-0.043526,0.357591,0.438960,-0.060024,0.368203,0.390271,-0.072520,0.265352,0.547151,-0.023440,0.284123,0.444689,-0.040749,0.292734,0.381835,-0.056368,0.295735,0.329258,-0.067568,0.222460,0.545955,-0.026981,0.223444,0.449989,-0.045585,0.224051,0.390268,-0.059376,0.224871,0.338260,-0.068308,0.180236,0.566558,-0.033784,0.167394,0.492460,-0.052388,0.159578,0.443610,-0.061459,0.155822,0.397237,-0.066272
5070,0,0.057506,0.077207,0.091463,1.790597,0.733762,0.207323,0.785262,0.000001,0.280413,0.774484,-0.031965,0.342812,0.728785,-0.046268,0.388853,0.679649,-0.058553,0.428454,0.644727,-0.070143,0.308320,0.574463,-0.023516,0.342116,0.491583,-0.042420,0.358668,0.437661,-0.058460,0.369426,0.389263,-0.070514,0.264618,0.546740,-0.022705,0.284326,0.444739,-0.039453,0.293528,0.381536,-0.054612,0.296620,0.329406,-0.065461,0.221556,0.545419,-0.025939,0.222757,0.449035,-0.043996,0.223499,0.389522,-0.057719,0.224228,0.338673,-0.066527,0.179670,0.565937,-0.032383,0.167057,0.491500,-0.050672,0.159193,0.442400,-0.059758,0.155420,0.396616,-0.064487
5100,0,0.041594,0.061975,0.053209,1.821906,0.742902,0.208275,0.783342,0.000001,0.281192,0.773666,-0.032574,0.344062,0.728640,-0.047292,0.390642,0.679784,-0.059801,0.430665,0.646009,-0.071659,0.308924,0.573796,-0.024994,0.342541,0.490604,-0.043990,0.359042,0.436649,-0.059894,0.369719,0.388488,-0.071798,0.264965,0.546286,-0.023878,0.284424,0.443068,-0.040456,0.293683,0.380387,-0.055244,0.296826,0.329116,-0.065846,0.221859,0.545062,-0.026738,0.222932,0.448374,-0.044525,0.223588,0.389425,-0.057941,0.224520,0.338852,-0.066590,0.179832,0.565418,-0.032853,0.166810,0.491147,-0.050733,0.158900,0.442739,-0.059475,0.155325,0.397076,-0.064079
5133,0,0.072481,0.077698,0.066601,1.821365,0.720987,0.207260,0.781812,0.000001,0.281695,0.772358,-0.030896,0.345084,0.727192,-0.044870,0.392350,0.678913,-0.056963,0.432332,0.646204,-0.068477,0.308803,0.571967,-0.023491,0.342866,0.489114,-0.041759,0.359298,0.435225,-0.057149,0.369851,0.387411,-0.068802,0.265365,0.544560,-0.022818,0.284481,0.442426,-0.038788,0.293231,0.379744,-0.053203,0.296166,0.329211,-0.063648,0.222563,0.543082,-0.025998,0.223468,0.446927,-0.043245,0.224172,0.388325,-0.056545,0.224832,0.338775,-0.065273,0.181042,0.563021,-0.032242,0.167612,0.489769,-0.049860,0.159819,0.441514,-0.058727,0.156265,0.396995,-0.063416
5188,0,0.054260,0.054988,0.070275,1.844154,0.710947,0.207887,0.781843,0.000001,0.282320,0.772253,-0.031992,0.345103,0.726960,-0.046620,0.392787,0.678229,-0.059208,0.433492,0.644734,-0.071170,0.308383,0.572298,-0.024991,0.341975,0.488229,-0.043652,0.357932,0.433711,-0.059161,0.368478,0.385740,-0.070799,0.264623,0.544725,-0.023727,0.283618,0.442206,-0.039920,0.293236,0.379312,-0.054339,0.297302,0.328484,-0.064679,0.221837,0.543054,-0.026335,0.223740,0.446848,-0.043560,0.225394,0.388833,-0.056565,0.227309,0.340327,-0.064957,0.180786,0.563035,-0.032131,0.168635,0.489326,-0.049703,0.161869,0.440786,-0.058512,0.159153,0.396359,-0.063056
5216,0,0.041251,0.044239,0.048562,1.825050,0.687258,0.206781,0.780691,0.000001,0.280913,0.771215,-0.032287,0.344169,0.726165,-0.046740,0.392180,0.677125,-0.059062,0.432826,0.643995,-0.070735,0.307805,0.572023,-0.024551,0.340675,0.487616,-0.043150,0.356350,0.433010,-0.058737,0.366698,0.384804,-0.070411,0.264559,0.544289,-0.023092,0.283551,0.441511,-0.039143,0.292689,0.378623,-0.053595,0.296198,0.327777,-0.063972,0.222226,0.542552,-0.025570,0.224361,0.446728,-0.042640,0.225661,0.389034,-0.055587,0.226914,0.340371,-0.064018,0.181168,0.562184,-0.031314,0.169371,0.488958,-0.048593,0.162306,0.441115,-0.057255,0.159352,0.396535,-0.061841
5246,0,0.032206,0.052711,0.062915,1.818340,0.675812,0.207908,0.781363,0.000001,0.281980,0.770388,-0.031702,0.344783,0.724753,-0.045944,0.392408,0.676062,-0.058171,0.432878,0.642092,-0.069889,0.307232,0.571765,-0.024477,0.339887,0.486962,-0.043142,0.355584,0.432185,-0.058727,0.365925,0.383763,-0.070305,0.264170,0.544735,-0.023261,0.283459,0.441636,-0.039298,0.293033,0.378901,-0.053725,0.296911,0.328205,-0.064099,0.221993,0.543330,-0.025936,0.223177,0.446913,-0.042864,0.224587,0.388647,-0.055902,0.226094,0.339910,-0.064423,0.181177,0.563176,-0.031795,0.169028,0.489550,-0.048908,0.161957,0.441344,-0.057615,0.159144,0.396716,-0.062200
5279,0,0.036543,0.038544,0.047503,1.835230,0.688941,0.207374,0.781297,0.000001,0.281216,0.771495,-0.032429,0.343374,0.725401,-0.047161,0.390704,0.676168,-0.059762,0.431298,0.641673,-0.071668,0.307288,0.571778,-0.025364,0.339887,0.486588,-0.044289,0.355267,0.431529,-0.059947,0.365330,0.382886,-0.071621,0.264136,0.544222,-0.023812,0.283582,0.441440,-0.040165,0.293187,0.378768,-0.054573,0.297194,0.328107,-0.064904,0.221796,0.542600,-0.026221,0.223595,0.446263,-0.043385,0.225157,0.388401,-0.056334,0.226923,0.339882,-0.064765,0.180719,0.562534,-0.031850,0.169112,0.489049,-0.049246,0.162299,0.440532,-0.058048,0.159508,0.395642,-0.062680
5312,0,0.069146,0.057349,0.050062,1.805317,0.646137,0.207394,0.780639,0.000001,0.281281,0.770589,-0.032023,0.343857,0.724739,-0.046098,0.391498,0.674830,-0.058017,0.431767,0.640850,-0.069240,0.307496,0.570232,-0.023791,0.339932,0.485104,-0.041901,0.354874,0.430313,-0.057089,0.364600,0.382086,-0.068498,0.263920,0.542969,-0.022191,0.283261,0.440008,-0.037843,0.292621,0.377453,-0.051988,0.296394,0.327393,-0.062144,0.221586,0.541668,-0.024579,0.223159,0.445487,-0.041205,0.224788,0.387662,-0.054028,0.226489,0.339034,-0.062376,0.180529,0.561761,-0.030168,0.168976,0.488356,-0.047095,0.162418,0.440268,-0.055651,0.160258,0.395570,-0.060150
5341,0,0.049678,0.056719,0.057125,1.824965,0.685510,0.206298,0.781161,0.000001,0.280677,0.770701,-0.031892,0.343500,0.725153,-0.046293,0.390748,0.675510,-0.058581,0.430906,0.640706,-0.070334,0.306727,0.571204,-0.024552,0.339502,0.485615,-0.043250,0.354645,0.430387,-0.058766,0.364547,0.381838,-0.070380,0.263845,0.543909,-0.023239,0.283251,0.440796,-0.039603,0.292935,0.377863,-0.054214,0.296896,0.327395,-0.064666,0.221438,0.542687,-0.025853,0.222675,0.446025,-0.043204,0.224219,0.387565,-0.056351,0.226104,0.338536,-0.064899,0.180378,0.562704,-0.031636,0.168915,0.489068,-0.049150,0.162504,0.440376,-0.058070,0.160150,0.395544,-0.062762
5374,0,0.037490,0.066794,0.063992,1.813564,0.683510,0.208097,0.782128,0.000001,0.281416,0.770392,-0.031975,0.343304,0.724734,-0.046638,0.390519,0.675065,-0.059163,0.431339,0.639693,-0.071154,0.306422,0.571860,-0.025120,0.338961,0.486826,-0.044012,0.354242,0.431956,-0.059675,0.364350,0.383357,-0.071294,0.263200,0.544713,-0.023865,0.282522,0.441057,-0.040178,0.292417,0.378255,-0.054562,0.296541,0.327258,-0.064973,0.220873,0.543465,-0.026538,0.221854,0.446708,-0.043641,0.223449,0.388265,-0.056607,0.225373,0.339166,-0.065112,0.179911,0.563724,-0.032393,0.168407,0.489638,-0.049682,0.161914,0.440978,-0.058327,0.159582,0.396049,-0.062974
5403,0,0.052623,0.071570,0.111334,1.804614,0.679521,0.205504,0.780358,0.000001,0.279682,0.771595,-0.033044,0.342600,0.725170,-0.047557,0.389313,0.674755,-0.059679,0.429499,0.639865,-0.071103,0.305948,0.571435,-0.025497,0.338374,0.486229,-0.044283,0.353385,0.430737,-0.059725,0.363030,0.382008,-0.071289,0.262585,0.543398,-0.023570,0.281727,0.440053,-0.039824,0.291078,0.377574,-0.054013,0.294705,0.327270,-0.064183,0.220409,0.541661,-0.025636,0.221946,0.445379,-0.042890,0.223282,0.387703,-0.055592,0.224724,0.338704,-0.063812,0.179522,0.561898,-0.031024,0.168300,0.488264,-0.048486,0.161852,0.439962,-0.057124,0.159380,0.394601,-0.061676
5438,0,0.053871,0.088378,0.097555,1.796968,0.681856,0.207473,0.781814,0.000001,0.280240,0.770615,-0.032524,0.342501,0.724289,-0.047195,0.389488,0.673915,-0.059662,0.429769,0.637896,-0.071548,0.305630,0.571869,-0.025420,0.338022,0.486436,-0.044549,0.353010,0.431286,-0.060312,0.362552,0.382284,-0.072058,0.262570,0.544872,-0.024050,0.282026,0.440978,-0.040695,0.291463,0.377944,-0.055437,0.294978,0.326743,-0.065930,0.220190,0.544060,-0.026604,0.220906,0.446897,-0.044015,0.222406,0.388072,-0.057108,0.224149,0.338330,-0.065651,0.179098,0.564481,-0.032431,0.167617,0.490516,-0.049865,0.161092,0.441914,-0.058547,0.158751,0.396626,-0.063190
5471,0,0.050617,0.053936,0.087508,1.805362,0.697131,0.205886,0.780472,0.000001,0.279130,0.770950,-0.033445,0.341283,0.725093,-0.048508,0.387750,0.674416,-0.061181,0.427868,0.638500,-0.073111,0.304975,0.571537,-0.026506,0.337313,0.486140,-0.045862,0.352382,0.431120,-0.061552,0.362014,0.382515,-0.073296,0.261692,0.543929,-0.024602,0.280853,0.440645,-0.041685,0.290122,0.377952,-0.056260,0.293862,0.327251,-0.066612,0.219544,0.542798,-0.026738,0.220257,0.446202,-0.044702,0.221626,0.387835,-0.057746,0.223194,0.338390,-0.066148,0.178439,0.563322,-0.032192,0.167217,0.489501,-0.050226,0.160851,0.440623,-0.059278,0.158529,0.394718,-0.064105
5501,0,0.065635,0.078696,0.050955,1.759802,0.661461,0.204917,0.781049,0.000001,0.279002,0.771207,-0.032625,0.341733,0.724859,-0.046981,0.387751,0.672925,-0.058999,0.427854,0.636295,-0.070299,0.304621,0.571007,-0.024660,0.337006,0.485526,-0.043300,0.351865,0.430364,-0.058675,0.361253,0.381659,-0.070160,0.261169,0.543436,-0.022912,0.280333,0.439962,-0.039363,0.289574,0.377169,-0.053858,0.293222,0.326443,-0.064139,0.218892,0.542346,-0.025146,0.219677,0.445862,-0.042559,0.221139,0.387487,-0.055572,0.222744,0.338108,-0.063908,0.177904,0.562802,-0.030611,0.166956,0.488863,-0.048209,0.160668,0.440217,-0.057054,0.158312,0.394939,-0.061685
5532,0,0.026713,0.024626,0.045636,1.742477,0.653595,0.204850,0.781187,0.000000,0.278190,0.770538,-0.032194,0.340918,0.723973,-0.046466,0.386923,0.672843,-0.058530,0.427117,0.636502,-0.069920,0.304585,0.570659,-0.024151,0.336551,0.485460,-0.042608,0.351254,0.430514,-0.057972,0.360646,0.381916,-0.069548,0.261366,0.543921,-0.022699,0.279838,0.440331,-0.038958,0.288669,0.377405,-0.053509,0.291854,0.326680,-0.063923,0.219067,0.542832,-0.025244,0.219225,0.446294,-0.042608,0.220267,0.387699,-0.055694,0.221587,0.338197,-0.064249,0.178092,0.563184,-0.031032,0.166642,0.489137,-0.048628,0.160038,0.440359,-0.057554,0.157637,0.394871,-0.062342
5586,0,0.066633,0.063872,0.044112,1.764411,0.689982,0.204857,0.781356,0.000000,0.277888,0.771154,-0.033016,0.340021,0.724498,-0.047829,0.386113,0.673126,-0.060367,0.426715,0.636451,-0.072161,0.304012,0.571364,-0.025934,0.335784,0.486004,-0.045112,0.350542,0.431051,-0.060785,0.360061,0.382148,-0.072533,0.260631,0.544275,-0.024402,0.279224,0.440646,-0.041421,0.288149,0.377619,-0.056095,0.291362,0.326378,-0.066589,0.218385,0.543745,-0.026886,0.218536,0.447069,-0.044927,0.219677,0.388354,-0.058138,0.221134,0.338535,-0.066728,0.177441,0.564633,-0.032644,0.166094,0.490245,-0.050847,0.159635,0.441136,-0.060088,0.157276,0.395070,-0.065103
5615,0,0.073002,0.087819,0.067940,1.721955,0.656151,0.202884,0.780670,0.000000,0.277795,0.771035,-0.032495,0.340230,0.724794,-0.046644,0.386011,0.672599,-0.058496,0.425877,0.635740,-0.069629,0.303661,0.570401,-0.024284,0.335911,0.485303,-0.042562,0.350528,0.430347,-0.057754,0.359715,0.381676,-0.069212,0.260168,0.543268,-0.022510,0.278694,0.440167,-0.038781,0.287419,0.377357,-0.053347,0.290595,0.326451,-0.063831,0.217772,0.542412,-0.024748,0.218362,0.446327,-0.042237,0.219344,0.387763,-0.055527,0.220474,0.338209,-0.064109,0.176915,0.562820,-0.030176,0.165786,0.488926,-0.048105,0.159337,0.439736,-0.057336,0.156900,0.393946,-0.062300
5645,0,0.036976,0.052346,0.077431,1.702111,0.649279,0.203923,0.782133,0.000000,0.276790,0.770593,-0.032478,0.338876,0.723794,-0.046756,0.385454,0.672626,-0.058828,0.425887,0.636061,-0.070250,0.303172,0.571226,-0.023738,0.334837,0.486307,-0.042275,0.349581,0.431570,-0.057853,0.359255,0.382728,-0.069646,0.260071,0.544395,-0.022345,0.278335,0.441010,-0.038677,0.286990,0.378042,-0.053488,0.290237,0.326716,-0.064121,0.217926,0.543875,-0.025073,0.217964,0.447651,-0.042623,0.218775,0.388512,-0.055995,0.220107,0.337956,-0.064771,0.176827,0.564278,-0.031062,0.165765,0.490274,-0.048845,0.159276,0.441260,-0.057992,0.156876,0.394685,-0.063006
5679,0,0.044527,0.072675,0.064876,1.724924,0.667628,0.203565,0.780061,0.000000,0.276121,0.770268,-0.033391,0.338372,0.723919,-0.048159,0.384618,0.672713,-0.060606,0.425163,0.635911,-0.072262,0.303276,0.571178,-0.025682,0.334814,0.486089,-0.044723,0.349317,0.431119,-0.060327,0.358612,0.382121,-0.072123,0.259844,0.544218,-0.023871,0.277606,0.440653,-0.040659,0.286168,0.378001,-0.055265,0.289211,0.326448,-0.065761,0.217497,0.543565,-0.026146,0.217629,0.447565,-0.043887,0.218506,0.388874,-0.056844,0.219825,0.337980,-0.065296,0.176676,0.564202,-0.031789,0.165463,0.490370,-0.049738,0.158990,0.441306,-0.058748,0.156595,0.394427,-0.063624
5708,0,0.058006,0.056041,0.043377,1.703551,0.643548,0.202444,0.779320,0.000000,0.275679,0.769514,-0.032458,0.337909,0.722925,-0.046596,0.383854,0.671686,-0.058447,0.423907,0.635501,-0.069628,0.303178,0.570318,-0.024233,0.334669,0.485555,-0.042691,0.348951,0.430807,-0.058031,0.358084,0.381791,-0.069674,0.259661,0.542935,-0.022686,0.277677,0.439605,-0.038926,0.286138,0.376908,-0.053503,0.289104,0.325759,-0.063945,0.217252,0.541978,-0.025134,0.217478,0.446410,-0.042484,0.218423,0.387682,-0.055628,0.219627,0.337368,-0.064176,0.176122,0.562334,-0.030840,0.165288,0.488894,-0.048467,0.158923,0.440241,-0.057523,0.156633,0.393997,-0.062374
5741,0,0.050228,0.060346,0.047041,1.735274,0.675081,0.203056,0.779342,0.000000,0.275819,0.768809,-0.032896,0.337578,0.722978,-0.047503,0.383269,0.671457,-0.059773,0.423100,0.634613,-0.071394,0.302937,0.570542,-0.025395,0.334203,0.485532,-0.044471,0.348597,0.430502,-0.060143,0.357766,0.381373,-0.071996,0.259792,0.543228,-0.023867,0.277803,0.440035,-0.040836,0.286084,0.376976,-0.055791,0.288870,0.325268,-0.066486,0.217391,0.542277,-0.026391,0.217550,0.446137,-0.044424,0.218147,0.386948,-0.057874,0.219141,0.336160,-0.066625,0.176298,0.562940,-0.032155,0.165115,0.489035,-0.050374,0.158541,0.440088,-0.059680,0.155973,0.393548,-0.064819
5785,0,0.021181,0.033944,0.037678,1.733388,0.669498,0.203859,0.779031,0.000000,0.276019,0.768884,-0.033006,0.337683,0.722532,-0.047613,0.383152,0.671118,-0.059863,0.423081,0.634503,-0.071327,0.303073,0.569960,-0.025609,0.334027,0.484725,-0.044539,0.348171,0.429575,-0.060002,0.357088,0.380430,-0.071697,0.259428,0.543031,-0.024015,0.277017,0.439439,-0.040818,0.285510,0.376293,-0.055472,0.288352,0.324626,-0.066011,0.217140,0.542667,-0.026488,0.216732,0.446306,-0.044423,0.217421,0.386990,-0.057690,0.218662,0.336122,-0.066381,0.176153,0.563443,-0.032243,0.164793,0.489258,-0.050525,0.158061,0.439758,-0.059956,0.155474,0.392708,-0.065087
5813,0,0.040611,0.059067,0.041702,1.722358,0.648562,0.202499,0.777779,0.000000,0.275817,0.767697,-0.032490,0.338088,0.721335,-0.046715,0.383226,0.670034,-0.058653,0.422651,0.633248,-0.069876,0.302973,0.568954,-0.024985,0.334555,0.484015,-0.043666,0.348592,0.428976,-0.058976,0.357407,0.380064,-0.070522,0.259311,0.542160,-0.023484,0.277003,0.438978,-0.040110,0.285155,0.376208,-0.054727,0.287880,0.324865,-0.065165,0.216731,0.541528,-0.025978,0.216752,0.445813,-0.043643,0.217684,0.387166,-0.056667,0.218801,0.336680,-0.065165,0.175813,0.562127,-0.031705,0.164812,0.488364,-0.049693,0.158459,0.439199,-0.058792,0.156095,0.392799,-0.063687
5841,0,0.021655,0.032361,0.052600,1.714107,0.644557,0.202503,0.778776,0.000000,0.275624,0.767597,-0.032096,0.337886,0.721316,-0.046171,0.383332,0.670075,-0.058054,0.422485,0.632851,-0.069222,0.302797,0.569249,-0.024158,0.333882,0.484466,-0.042756,0.348038,0.429530,-0.058239,0.357132,0.380547,-0.069960,0.259488,0.542594,-0.022936,0.277110,0.439399,-0.039387,0.285470,0.376500,-0.054085,0.288362,0.324926,-0.064653,0.217132,0.542089,-0.025727,0.216968,0.445953,-0.043379,0.217835,0.386894,-0.056670,0.219058,0.336396,-0.065345,0.176099,0.562503,-0.031727,0.165093,0.488330,-0.049794,0.158636,0.438993,-0.059069,0.156173,0.392049,-0.064146
5870,0,0.023249,0.033559,0.066781,1.722227,0.654514,0.203122,0.778801,0.000000,0.276039,0.768290,-0.032173,0.337843,0.721682,-0.046433,0.382758,0.670294,-0.058429,0.422117,0.633694,-0.069708,0.302649,0.569548,-0.025123,0.333552,0.484312,-0.043845,0.347732,0.429284,-0.059168,0.356841,0.380219,-0.070771,0.259174,0.542599,-0.023783,0.276779,0.438795,-0.040285,0.285433,0.375916,-0.054684,0.288705,0.324628,-0.064993,0.216747,0.542094,-0.026395,0.216489,0.445547,-0.043960,0.217451,0.386638,-0.056996,0.218770,0.336305,-0.065455,0.175926,0.562666,-0.032242,0.164692,0.488275,-0.050062,0.158177,0.439043,-0.059122,0.155874,0.392301,-0.064022
5901,0,0.035980,0.031028,0.058050,1.716792,0.642614,0.202441,0.777839,0.000000,0.275281,0.767239,-0.032289,0.337437,0.720831,-0.046467,0.383047,0.669492,-0.058425,0.422633,0.632555,-0.069666,0.303036,0.568361,-0.024170,0.334225,0.483115,-0.042697,0.348246,0.428489,-0.058009,0.357120,0.379612,-0.069620,0.259107,0.541730,-0.022875,0.276549,0.438237,-0.039413,0.284637,0.375417,-0.054123,0.287415,0.324091,-0.064670,0.216507,0.541428,-0.025604,0.216426,0.445246,-0.043275,0.217181,0.386289,-0.056436,0.218439,0.335442,-0.064948,0.175494,0.561961,-0.031572,0.164482,0.487801,-0.049543,0.158116,0.438510,-0.058610,0.155858,0.391840,-0.063467
5955,0,0.028180,0.029506,0.039420,1.694371,0.645875,0.201601,0.778882,0.000000,0.275308,0.768206,-0.032267,0.337734,0.721385,-0.046089,0.383079,0.669309,-0.057692,0.422177,0.632342,-0.068648,0.302376,0.570103,-0.023969,0.333450,0.485132,-0.042506,0.347752,0.430051,-0.057969,0.356847,0.380878,-0.069711,0.258878,0.543212,-0.022675,0.276499,0.439628,-0.039201,0.284730,0.376361,-0.054040,0.287517,0.324351,-0.064718,0.216542,0.542390,-0.025425,0.216444,0.446150,-0.043176,0.217174,0.386739,-0.056582,0.218079,0.335405,-0.065319,0.175501,0.562708,-0.031411,0.164490,0.488453,-0.049509,0.158077,0.439289,-0.058801,0.155761,0.392143,-0.063886
5985,0,0.019491,0.034554,0.045676,1.696766,0.655488,0.202027,0.780070,0.000000,0.275192,0.769487,-0.032124,0.337545,0.722461,-0.046152,0.382972,0.670788,-0.057916,0.422255,0.633633,-0.069009,0.302118,0.570410,-0.024405,0.333128,0.485469,-0.043056,0.347338,0.430148,-0.058563,0.356490,0.380680,-0.070303,0.258695,0.543322,-0.023180,0.276162,0.439644,-0.039589,0.284721,0.376392,-0.054126,0.287772,0.324511,-0.064618,0.216320,0.542491,-0.025953,0.216052,0.446075,-0.043448,0.217052,0.386831,-0.056483,0.218255,0.335476,-0.065034,0.175558,0.563178,-0.031962,0.164531,0.488787,-0.049827,0.158154,0.439351,-0.058886,0.155844,0.392355,-0.063786
6012,0,0.030830,0.051172,0.050887,1.696965,0.671667,0.200882,0.779733,0.000000,0.274655,0.769290,-0.032132,0.337371,0.722760,-0.046217,0.383149,0.671489,-0.058148,0.422303,0.634376,-0.069500,0.302450,0.571061,-0.024371,0.333940,0.486031,-0.043159,0.348037,0.430926,-0.058704,0.356944,0.381658,-0.070519,0.258874,0.543991,-0.023329,0.276206,0.439830,-0.040078,0.284352,0.376592,-0.054998,0.286865,0.324772,-0.065747,0.216207,0.543549,-0.026271,0.216255,0.446776,-0.044156,0.216955,0.387133,-0.057453,0.218098,0.335804,-0.066164,0.174997,0.564355,-0.032433,0.164222,0.489884,-0.050642,0.157959,0.440086,-0.059862,0.155549,0.393023,-0.064866
6047,0,0.074880,0.058748,0.068054,1.708786,0.705563,0.200974,0.781194,0.000000,0.273715,0.770238,-0.033119,0.336509,0.723906,-0.047848,0.382635,0.672963,-0.060262,0.422475,0.635666,-0.072120,0.301028,0.572240,-0.026148,0.332468,0.487327,-0.045695,0.347391,0.432303,-0.061883,0.357325,0.382746,-0.074065,0.257959,0.545269,-0.024804,0.275595,0.441390,-0.042035,0.284454,0.378201,-0.057251,0.288388,0.325777,-0.068275,0.215681,0.544739,-0.027514,0.215666,0.448118,-0.045718,0.216591,0.388439,-0.059243,0.218026,0.336607,-0.068136,0.174591,0.565404,-0.033536,0.163971,0.490493,-0.051925,0.157829,0.440767,-0.061327,0.155614,0.393442,-0.066562
6076,0,0.040646,0.077121,0.051973,1.685214,0.710843,0.198325,0.781018,0.000000,0.271937,0.771203,-0.033205,0.335226,0.725182,-0.047806,0.381980,0.674120,-0.060069,0.422139,0.636990,-0.071639,0.300812,0.573424,-0.025661,0.332561,0.488035,-0.044798,0.347421,0.432822,-0.060532,0.356970,0.383266,-0.072472,0.257759,0.545806,-0.024134,0.275776,0.441637,-0.041095,0.284379,0.377720,-0.056136,0.287487,0.325204,-0.066919,0.215611,0.544600,-0.026680,0.215836,0.447942,-0.044682,0.216715,0.388092,-0.058079,0.217809,0.336140,-0.066826,0.174365,0.564811,-0.032534,0.163785,0.490205,-0.050767,0.157645,0.440664,-0.060023,0.155347,0.393243,-0.065114
6110,0,0.035790,0.025708,0.063403,1.684401,0.713985,0.197624,0.780861,0.000000,0.270591,0.770312,-0.033102,0.333527,0.725370,-0.047937,0.380283,0.675015,-0.060455,0.420763,0.637875,-0.072369,0.299607,0.572451,-0.025869,0.331788,0.487059,-0.045155,0.346871,0.432272,-0.061104,0.356952,0.382809,-0.073111,0.256715,0.544801,-0.024363,0.274909,0.440774,-0.041238,0.284138,0.377721,-0.056236,0.288084,0.325883,-0.067131,0.214593,0.543690,-0.026889,0.215357,0.446865,-0.044692,0.216270,0.387389,-0.058137,0.217359,0.336267,-0.067038,0.173530,0.563804,-0.032684,0.163213,0.489275,-0.050765,0.156964,0.440089,-0.060037,0.154562,0.393317,-0.065137
6142,0,0.033651,0.043453,0.050812,1.665441,0.731431,0.195453,0.781289,0.000000,0.268667,0.770488,-0.033254,0.331612,0.725208,-0.048302,0.378850,0.675018,-0.061074,0.419598,0.637776,-0.073196,0.298637,0.572986,-0.025567,0.331004,0.487879,-0.044958,0.346129,0.432997,-0.061027,0.356114,0.383405,-0.073149,0.256031,0.545030,-0.024081,0.274440,0.440936,-0.041057,0.283565,0.377639,-0.056104,0.287356,0.325253,-0.067019,0.213836,0.543462,-0.026729,0.214704,0.447029,-0.044540,0.215767,0.386945,-0.057916,0.217099,0.334949,-0.066740,0.172561,0.563276,-0.032697,0.162288,0.488972,-0.050717,0.156340,0.439291,-0.059866,0.154134,0.392167,-0.064929
6171,0,0.077515,0.063355,0.040898,1.683467,0.767471,0.193808,0.779842,0.000000,0.266461,0.769736,-0.033921,0.329702,0.725299,-0.049356,0.377270,0.675606,-0.062347,0.418034,0.638514,-0.074732,0.297014,0.572190,-0.027332,0.329152,0.487025,-0.047121,0.344320,0.432012,-0.063371,0.354638,0.382199,-0.075664,0.254437,0.544397,-0.025702,0.273054,0.440453,-0.043000,0.282391,0.377015,-0.058249,0.286679,0.324317,-0.069378,0.212417,0.543195,-0.028170,0.213599,0.446648,-0.046283,0.214738,0.386732,-0.059833,0.216178,0.334644,-0.068866,0.171258,0.563250,-0.034014,0.161134,0.488564,-0.052289,0.155381,0.438891,-0.061695,0.153443,0.391220,-0.066957
6209,0,0.066784,0.049689,0.037495,1.619502,0.752928,0.191371,0.780121,0.000000,0.264109,0.769889,-0.033425,0.328019,0.725209,-0.048453,0.375688,0.675173,-0.061135,0.416453,0.638069,-0.073260,0.295263,0.572435,-0.026108,0.327482,0.487348,-0.045596,0.342657,0.432589,-0.061786,0.353153,0.382979,-0.074004,0.253008,0.544492,-0.024598,0.271430,0.440695,-0.041508,0.280823,0.377423,-0.056722,0.285115,0.325042,-0.067825,0.211136,0.543015,-0.027176,0.212482,0.446505,-0.044969,0.213388,0.386690,-0.058487,0.214674,0.334939,-0.067500,0.170096,0.562747,-0.033123,0.159847,0.488519,-0.051101,0.153719,0.439155,-0.060346,0.151365,0.392204,-0.065456
6239,0,0.073649,0.053084,0.047389,1.611481,0.778027,0.190550,0.780318,0.000000,0.263392,0.770531,-0.033619,0.326397,0.725672,-0.049010,0.373676,0.675806,-0.062076,0.414710,0.638549,-0.074631,0.294417,0.573313,-0.027179,0.326674,0.488842,-0.047220,0.341751,0.434086,-0.063750,0.352201,0.384174,-0.076212,0.251841,0.545320,-0.025784,0.270213,0.441968,-0.043360,0.279597,0.379002,-0.058775,0.283886,0.326138,-0.069981,0.209935,0.543579,-0.028481,0.211141,0.447601,-0.046871,0.212156,0.388109,-0.060356,0.213461,0.336345,-0.069284,0.168687,0.563447,-0.034526,0.158791,0.488712,-0.053009,0.152830,0.439264,-0.062355,0.150499,0.392188,-0.067517
6270,0,0.065648,0.057579,0.032738,1.559199,0.755673,0.189751,0.782205,0.000000,0.262067,0.772257,-0.033368,0.325881,0.727152,-0.048291,0.373688,0.677123,-0.060850,0.414239,0.640008,-0.072807,0.293440,0.574248,-0.026208,0.325891,0.489353,-0.045626,0.341182,0.434275,-0.061731,0.351714,0.384588,-0.073919,0.250763,0.546062,-0.024748,0.269227,0.442294,-0.041826,0.278790,0.379224,-0.057050,0.283105,0.326879,-0.068173,0.208616,0.544601,-0.027320,0.209834,0.448129,-0.045325,0.210995,0.388183,-0.058904,0.212307,0.335871,-0.067941,0.167185,0.564488,-0.033229,0.157407,0.489857,-0.051489,0.151683,0.440273,-0.060850,0.149628,0.392863,-0.066041
6302,0,0.078104,0.040581,0.048599,1.539705,0.772589,0.189393,0.783889,0.000000,0.261878,0.773981,-0.033456,0.325084,0.728917,-0.048625,0.372588,0.678732,-0.061468,0.413679,0.641943,-0.073799,0.292573,0.576356,-0.026453,0.324770,0.491108,-0.046368,0.340293,0.436413,-0.062771,0.350984,0.386803,-0.075102,0.250031,0.548618,-0.025243,0.268291,0.443916,-0.042832,0.277963,0.380339,-0.058350,0.282366,0.327644,-0.069564,0.207851,0.547388,-0.028128,0.208483,0.450137,-0.046648,0.209750,0.389637,-0.060444,0.211162,0.336895,-0.069518,0.166580,0.567658,-0.034363,0.156481,0.492292,-0.052953,0.150740,0.442377,-0.062492,0.148828,0.394698,-0.067796
6357,0,0.056587,0.044486,0.026967,1.511497,0.775725,0.189067,0.786430,0.000000,0.261325,0.775921,-0.033602,0.324564,0.730420,-0.048833,0.372005,0.680196,-0.061762,0.412716,0.643425,-0.074086,0.291953,0.577982,-0.026811,0.323977,0.492481,-0.046786,0.338938,0.437341,-0.063250,0.349215,0.387356,-0.075667,0.249321,0.550063,-0.025532,0.267491,0.445391,-0.043159,0.276779,0.381888,-0.058692,0.280958,0.328708,-0.069947,0.207121,0.548451,-0.028323,0.207578,0.451624,-0.046856,0.208443,0.391301,-0.060599,0.209435,0.338827,-0.069621,0.165325,0.568502,-0.034485,0.155033,0.493123,-0.053018,0.149208,0.443429,-0.062413,0.147231,0.396184,-0.067622
6386,0,0.053668,0.029850,0.038242,1.492059,0.784329,0.188877,0.787774,0.000000,0.260519,0.777394,-0.033961,0.323592,0.732243,-0.049461,0.371430,0.682507,-0.062468,0.412374,0.645779,-0.074961,0.291126,0.579042,-0.027225,0.323095,0.493444,-0.047061,0.338371,0.438301,-0.063307,0.348914,0.388535,-0.075614,0.248320,0.551254,-0.025803,0.266212,0.446437,-0.043378,0.275804,0.382844,-0.058785,0.280024,0.330073,-0.069973,0.206059,0.550275,-0.028530,0.206173,0.452962,-0.047154,0.207239,0.392343,-0.061023,0.208641,0.339467,-0.070206,0.164638,0.570764,-0.034614,0.154084,0.494812,-0.053377,0.148213,0.444652,-0.063074,0.146236,0.396521,-0.068528
6412,0,0.048315,0.019698,0.039211,1.458712,0.773395,0.187995,0.788798,0.000000,0.260563,0.778486,-0.033761,0.323374,0.733385,-0.049069,0.371041,0.683408,-0.061978,0.411759,0.646847,-0.074326,0.290691,0.580110,-0.026702,0.322569,0.494878,-0.046437,0.337620,0.439861,-0.062723,0.347842,0.390087,-0.075072,0.247865,0.552379,-0.025373,0.265618,0.447383,-0.042872,0.274656,0.383915,-0.058343,0.278567,0.331706,-0.069573,0.205384,0.551313,-0.028193,0.205482,0.454168,-0.046739,0.206527,0.393538,-0.060673,0.207693,0.340958,-0.069899,0.163951,0.571767,-0.034367,0.153541,0.496285,-0.053124,0.147639,0.446022,-0.062816,0.145466,0.398108,-0.068315
6447,0,0.041124,0.026369,0.035657,1.445573,0.785518,0.186812,0.790103,0.000000,0.259712,0.780115,-0.033661,0.322720,0.734788,-0.049000,0.370303,0.684410,-0.062007,0.411010,0.647061,-0.074502,0.289876,0.581596,-0.027064,0.321907,0.495781,-0.046948,0.337050,0.440779,-0.063219,0.347377,0.390915,-0.075527,0.246981,0.553481,-0.025735,0.265087,0.448990,-0.043405,0.274558,0.385460,-0.058837,0.278532,0.332701,-0.070026,0.204672,0.552176,-0.028509,0.204918,0.454986,-0.047158,0.205775,0.394199,-0.061028,0.206906,0.341437,-0.070166,0.163187,0.572527,-0.034617,0.152889,0.496981,-0.053429,0.147082,0.446899,-0.063126,0.145003,0.399177,-0.068534
6475,0,0.037547,0.028002,0.034644,1.422521,0.779887,0.186194,0.789562,0.000000,0.258158,0.779715,-0.034172,0.321500,0.734659,-0.049649,0.369373,0.684708,-0.062702,0.410307,0.647956,-0.075196,0.289374,0.580598,-0.027295,0.321268,0.495168,-0.047062,0.336220,0.439978,-0.063262,0.346442,0.390168,-0.075569,0.246368,0.552955,-0.025780,0.263798,0.448558,-0.043286,0.273131,0.385268,-0.058600,0.277261,0.332775,-0.069789,0.204147,0.552441,-0.028438,0.204274,0.455567,-0.046992,0.204965,0.395095,-0.060884,0.205929,0.342021,-0.070115,0.162775,0.573394,-0.034475,0.152069,0.498230,-0.053332,0.145944,0.448382,-0.063215,0.143621,0.400307,-0.068763
6510,0,0.031955,0.028297,0.029923,1.402953,0.789586,0.184335,0.789704,0.000000,0.257121,0.779485,-0.034249,0.320503,0.734140,-0.049733,0.368337,0.684272,-0.062818,0.409285,0.647396,-0.075391,0.288312,0.580799,-0.027195,0.320337,0.495549,-0.047241,0.335314,0.440336,-0.063749,0.345497,0.390147,-0.076275,0.245553,0.553042,-0.025704,0.263186,0.448651,-0.043353,0.272197,0.385494,-0.058906,0.276210,0.332950,-0.070315,0.203198,0.551999,-0.028382,0.203685,0.455179,-0.046962,0.204113,0.394645,-0.060908,0.204877,0.341847,-0.070175,0.161444,0.572709,-0.034459,0.150985,0.497723,-0.053272,0.144692,0.448050,-0.063050,0.142126,0.400117,-0.068545
6543,0,0.058295,0.068214,0.052013,1.410064,0.804090,0.184789,0.789243,0.000000,0.256552,0.778490,-0.033974,0.319343,0.733074,-0.049760,0.366480,0.683406,-0.063191,0.407437,0.646224,-0.076109,0.287526,0.580939,-0.028448,0.319425,0.495750,-0.048780,0.334312,0.440510,-0.065336,0.344316,0.389923,-0.077881,0.244701,0.553249,-0.027258,0.262486,0.449122,-0.045190,0.271311,0.385728,-0.060672,0.275256,0.332323,-0.072005,0.202378,0.552193,-0.030150,0.202684,0.455408,-0.048874,0.203110,0.395002,-0.062631,0.203970,0.341877,-0.071772,0.160911,0.572873,-0.036422,0.150138,0.497445,-0.055309,0.143799,0.447559,-0.064963,0.141067,0.399594,-0.070373
6571,0,0.070852,0.051567,0.080686,1.380883,0.780013,0.183462,0.786694,0.000000,0.255660,0.776200,-0.033849,0.319051,0.731370,-0.049345,0.366033,0.681843,-0.062448,0.406399,0.644355,-0.074994,0.287322,0.578857,-0.027623,0.318789,0.493552,-0.047417,0.333244,0.438335,-0.063564,0.343036,0.388298,-0.075877,0.244445,0.551342,-0.026345,0.261768,0.447276,-0.043955,0.270594,0.384085,-0.059428,0.274325,0.331332,-0.070719,0.201943,0.550670,-0.029110,0.201833,0.454238,-0.047719,0.202023,0.393958,-0.061751,0.202513,0.340956,-0.071137,0.160156,0.571328,-0.035243,0.149591,0.496487,-0.054178,0.143040,0.446614,-0.064168,0.140189,0.398251,-0.069836
6604,0,0.040558,0.049756,0.043769,1.363164,0.765474,0.183693,0.786972,0.000000,0.255959,0.775476,-0.033316,0.318455,0.730338,-0.048489,0.365526,0.680398,-0.061435,0.405834,0.642796,-0.073916,0.285986,0.578105,-0.026820,0.317953,0.493250,-0.046772,0.332814,0.438206,-0.063198,0.342905,0.388041,-0.075680,0.243389,0.550520,-0.025752,0.260901,0.446612,-0.043408,0.269759,0.383357,-0.058975,0.273608,0.330596,-0.070297,0.201039,0.549743,-0.028722,0.201396,0.452819,-0.047329,0.201452,0.392425,-0.061295,0.201818,0.339428,-0.070576,0.159722,0.570473,-0.035009,0.149097,0.496074,-0.053871,0.142463,0.446268,-0.063662,0.139605,0.398256,-0.069184
6639,0,0.023047,0.028738,0.066518,1.360261,0.764327,0.183980,0.787273,0.000000,0.256548,0.776338,-0.033319,0.318950,0.730064,-0.048468,0.366008,0.679844,-0.061340,0.406273,0.642431,-0.073562,0.286327,0.577735,-0.026767,0.318182,0.492783,-0.046447,0.332952,0.437810,-0.062455,0.342645,0.387835,-0.074677,0.243312,0.550080,-0.025698,0.260998,0.445775,-0.043147,0.270011,0.382684,-0.058227,0.273602,0.330149,-0.069147,0.200664,0.549456,-0.028695,0.200457,0.452827,-0.047190,0.201075,0.392360,-0.060782,0.201881,0.339639,-0.069751,0.159325,0.570424,-0.035038,0.148505,0.495539,-0.053812,0.142117,0.445367,-0.063478,0.139424,0.397325,-0.068868
6667,0,0.018343,0.034476,0.046737,1.363603,0.769642,0.182951,0.786548,0.000000,0.254994,0.776260,-0.033578,0.318515,0.730525,-0.048841,0.365843,0.680310,-0.061658,0.406335,0.643152,-0.073868,0.286249,0.578005,-0.026961,0.318123,0.492318,-0.046604,0.332686,0.437070,-0.062590,0.342376,0.387262,-0.074753,0.243244,0.550299,-0.025726,0.261104,0.445571,-0.043226,0.269900,0.382107,-0.058489,0.273159,0.329719,-0.069487,0.200709,0.549513,-0.028615,0.200260,0.452793,-0.047047,0.200901,0.392213,-0.060772,0.201819,0.339120,-0.069907,0.159155,0.569994,-0.034837,0.148578,0.495124,-0.053502,0.142446,0.445212,-0.063149,0.140051,0.397014,-0.068602
6721,0,0.037459,0.029245,0.039165,1.357616,0.773937,0.183384,0.787762,0.000000,0.255092,0.777072,-0.033664,0.318068,0.731115,-0.049016,0.365110,0.680861,-0.061969,0.405817,0.643867,-0.074316,0.285726,0.579036,-0.027187,0.317288,0.493940,-0.047222,0.332391,0.438961,-0.063553,0.342811,0.389164,-0.075947,0.242765,0.551349,-0.025929,0.260506,0.446724,-0.043728,0.269858,0.383576,-0.059080,0.273898,0.331004,-0.070216,0.200526,0.550336,-0.028818,0.199925,0.453562,-0.047525,0.200688,0.393031,-0.061224,0.201808,0.340147,-0.070309,0.159118,0.570780,-0.035038,0.148477,0.495643,-0.053769,0.142534,0.445880,-0.063320,0.140460,0.397927,-0.068678
6749,0,0.032963,0.034659,0.033901,1.334852,0.773147,0.182476,0.789193,0.000000,0.255163,0.778142,-0.033330,0.317821,0.732209,-0.048506,0.364691,0.681520,-0.061354,0.405279,0.644117,-0.073596,0.285308,0.579788,-0.026720,0.317158,0.494017,-0.046504,0.332102,0.438807,-0.062610,0.342056,0.388861,-0.074853,0.242528,0.552086,-0.025626,0.260636,0.447583,-0.043315,0.269432,0.383865,-0.058700,0.272531,0.331180,-0.069779,0.200043,0.551208,-0.028652,0.199622,0.454346,-0.047272,0.200268,0.393492,-0.061074,0.201035,0.340678,-0.070152,0.158323,0.571698,-0.034959,0.147687,0.496607,-0.053719,0.141672,0.446551,-0.063402,0.139409,0.398436,-0.068802
6781,0,0.033664,0.035910,0.044432,1.327379,0.782531,0.181388,0.788435,0.000000,0.253766,0.777732,-0.033981,0.316469,0.732597,-0.049524,0.364058,0.682348,-0.062547,0.404863,0.644766,-0.075010,0.284150,0.579486,-0.027516,0.316353,0.494265,-0.047330,0.331514,0.439198,-0.063527,0.341687,0.389304,-0.075850,0.241437,0.551658,-0.026069,0.259564,0.447044,-0.043643,0.268782,0.383843,-0.058999,0.272497,0.331427,-0.070155,0.199213,0.551046,-0.028753,0.198509,0.454354,-0.047330,0.199409,0.393937,-0.061147,0.200425,0.340955,-0.070389,0.157913,0.571740,-0.034774,0.146982,0.496662,-0.053585,0.141000,0.446863,-0.063294,0.138946,0.398676,-0.068802
6814,0,0.042906,0.031387,0.047517,1.291884,0.773800,0.181008,0.789692,0.000000,0.253265,0.778191,-0.033774,0.315873,0.732268,-0.049122,0.363416,0.682288,-0.062090,0.404452,0.645092,-0.074546,0.282949,0.580143,-0.026730,0.314854,0.495064,-0.046696,0.330181,0.440112,-0.063163,0.340686,0.390296,-0.075665,0.240321,0.552726,-0.025447,0.258269,0.447874,-0.043174,0.267711,0.384599,-0.058825,0.271885,0.331785,-0.070207,0.198122,0.552069,-0.028316,0.197717,0.455123,-0.047092,0.197999,0.394227,-0.061250,0.198835,0.341178,-0.070580,0.156834,0.572706,-0.034544,0.146097,0.497725,-0.053367,0.139937,0.447851,-0.063116,0.137463,0.399903,-0.068714
6848,0,0.046979,0.028189,0.038153,1.287089,0.791536,0.180270,0.789943,0.000000,0.252167,0.778715,-0.033920,0.315105,0.733061,-0.049597,0.362164,0.682860,-0.062848,0.403087,0.645423,-0.075585,0.282066,0.580853,-0.027598,0.314033,0.495518,-0.047824,0.329258,0.440187,-0.064247,0.339511,0.390049,-0.076705,0.239488,0.553110,-0.026338,0.257101,0.448139,-0.044301,0.266530,0.384675,-0.059861,0.270535,0.331829,-0.071106,0.197236,0.552254,-0.029184,0.196519,0.455294,-0.048057,0.196862,0.394610,-0.062008,0.197574,0.341674,-0.071199,0.155725,0.573000,-0.035390,0.144934,0.497945,-0.054309,0.138824,0.448196,-0.064061,0.136407,0.400350,-0.069520
6877,0,0.029213,0.028646,0.030524,1.269729,0.787123,0.179935,0.789116,0.000000,0.251834,0.778296,-0.034111,0.314627,0.733009,-0.049757,0.361645,0.682810,-0.062907,0.402204,0.645430,-0.075497,0.281325,0.580584,-0.027933,0.313438,0.495155,-0.048078,0.328731,0.440098,-0.064492,0.338939,0.390076,-0.076850,0.238338,0.552686,-0.026510,0.255866,0.447320,-0.044371,0.265129,0.383821,-0.059829,0.268829,0.331501,-0.071021,0.196012,0.552229,-0.029192,0.194983,0.455193,-0.047984,0.195522,0.394324,-0.061928,0.196195,0.341195,-0.071114,0.154622,0.573239,-0.035231,0.143885,0.498264,-0.054047,0.137953,0.448420,-0.063700,0.135690,0.400258,-0.069156
6909,0,0.053174,0.078126,0.061475,1.226390,0.760606,0.179527,0.791198,0.000000,0.252086,0.779598,-0.033565,0.314718,0.732841,-0.048589,0.361621,0.682311,-0.061307,0.401958,0.645178,-0.073373,0.281473,0.581084,-0.026205,0.313312,0.495168,-0.045887,0.328229,0.439787,-0.062053,0.337981,0.389833,-0.074305,0.238465,0.553390,-0.024854,0.256297,0.448313,-0.042393,0.265029,0.384459,-0.057860,0.268040,0.331920,-0.068947,0.195852,0.552539,-0.027649,0.194742,0.455667,-0.046213,0.194998,0.394792,-0.060189,0.195478,0.341682,-0.069320,0.154317,0.573382,-0.033775,0.143607,0.498400,-0.052409,0.137496,0.448599,-0.062006,0.135243,0.400338,-0.067363
6944,0,0.050980,0.065529,0.037854,1.252902,0.788258,0.179789,0.790643,0.000000,0.252016,0.779599,-0.033836,0.314713,0.733451,-0.049386,0.361483,0.682809,-0.062481,0.402084,0.645176,-0.075015,0.281102,0.580956,-0.027850,0.313040,0.495543,-0.047820,0.327959,0.440238,-0.063931,0.337765,0.390095,-0.076231,0.238122,0.553637,-0.026611,0.255675,0.448411,-0.044429,0.264365,0.384691,-0.059722,0.267416,0.331901,-0.070759,0.195813,0.553394,-0.029440,0.194207,0.456330,-0.048264,0.194601,0.395377,-0.062060,0.195171,0.341778,-0.071227,0.154536,0.574489,-0.035613,0.143192,0.499141,-0.054624,0.136931,0.449079,-0.064399,0.134494,0.400753,-0.069917
6971,0,0.033473,0.033025,0.045097,1.237555,0.765847,0.180333,0.790636,0.000000,0.252349,0.779465,-0.033697,0.315197,0.733056,-0.048879,0.361964,0.682955,-0.061611,0.402030,0.645585,-0.073738,0.281397,0.580799,-0.026865,0.313663,0.495363,-0.046430,0.328662,0.440052,-0.062404,0.338356,0.390118,-0.074577,0.238217,0.553520,-0.025582,0.255973,0.448293,-0.043095,0.264632,0.384445,-0.058486,0.267504,0.331587,-0.069633,0.195789,0.553054,-0.028404,0.194588,0.456073,-0.046943,0.195095,0.395161,-0.060912,0.195481,0.341547,-0.070193,0.154226,0.573990,-0.034537,0.143316,0.499096,-0.053356,0.136987,0.448963,-0.063104,0.134475,0.400554,-0.068607
7006,0,0.017926,0.035149,0.066633,1.224341,0.765689,0.178742,0.790512,0.000000,0.251735,0.779547,-0.033771,0.314596,0.733810,-0.048930,0.360804,0.682920,-0.061664,0.401136,0.645354,-0.073791,0.280892,0.580769,-0.026541,0.313286,0.495346,-0.046155,0.328351,0.439950,-0.062177,0.338142,0.389855,-0.074398,0.238036,0.553379,-0.025165,0.256165,0.448337,-0.042680,0.264731,0.384360,-0.058119,0.267519,0.331442,-0.069314,0.195651,0.552863,-0.027893,0.194648,0.456255,-0.046504,0.194949,0.395084,-0.060544,0.195306,0.341811,-0.069827,0.154312,0.573811,-0.033980,0.143144,0.499103,-0.052848,0.136651,0.448955,-0.062690,0.133719,0.400611,-0.068241
7035,0,0.031500,0.076237,0.065586,1.236685,0.770553,0.180946,0.791691,0.000000,0.252694,0.779479,-0.033328,0.315229,0.733117,-0.048440,0.361865,0.682207,-0.061145,0.402263,0.644455,-0.073337,0.281087,0.580479,-0.026719,0.313076,0.495036,-0.046454,0.328070,0.439948,-0.062546,0.338112,0.389967,-0.074831,0.238261,0.553471,-0.025621,0.255779,0.448750,-0.043255,0.264642,0.384951,-0.058669,0.267936,0.331719,-0.069833,0.195906,0.553445,-0.028611,0.194226,0.456362,-0.047365,0.194540,0.395072,-0.061379,0.195297,0.341256,-0.070674,0.154678,0.574800,-0.034870,0.143058,0.499715,-0.053905,0.136606,0.449338,-0.063807,0.134089,0.400555,-0.069413
7087,0,0.054037,0.070353,0.046526,1.204427,0.743294,0.179346,0.791153,0.000000,0.252217,0.779658,-0.033168,0.314683,0.733365,-0.047942,0.360938,0.682648,-0.060453,0.400650,0.645619,-0.072357,0.280835,0.579972,-0.025348,0.313333,0.494654,-0.044535,0.328261,0.439560,-0.060453,0.338120,0.389678,-0.072591,0.237991,0.552891,-0.024205,0.256283,0.448091,-0.041360,0.264725,0.384262,-0.056765,0.267387,0.331047,-0.067876,0.195617,0.552452,-0.027169,0.194650,0.456151,-0.045468,0.195042,0.394959,-0.059333,0.195399,0.340885,-0.068483,0.154035,0.573552,-0.033424,0.143138,0.498884,-0.051957,0.136888,0.448924,-0.061480,0.134373,0.400401,-0.066755
7119,0,0.052245,0.058647,0.032912,1.236980,0.766261,0.179765,0.790245,0.000000,0.252312,0.779121,-0.033838,0.315267,0.732892,-0.049049,0.362041,0.681894,-0.061872,0.402234,0.644370,-0.074088,0.281395,0.579746,-0.026677,0.313885,0.494690,-0.046404,0.328964,0.439620,-0.062528,0.338793,0.389665,-0.074837,0.238434,0.552779,-0.025367,0.256638,0.448631,-0.043128,0.265352,0.384998,-0.058783,0.267957,0.331732,-0.070110,0.196046,0.552843,-0.028198,0.194852,0.456599,-0.047013,0.195223,0.395316,-0.061124,0.195712,0.341044,-0.070437,0.154581,0.574193,-0.034400,0.143322,0.499549,-0.053401,0.136907,0.449435,-0.063183,0.134228,0.400795,-0.068752
7151,0,0.025546,0.027943,0.026273,1.238684,0.768325,0.179910,0.790899,0.000000,0.252418,0.779644,-0.033494,0.315270,0.733341,-0.048482,0.362243,0.682574,-0.061115,0.402744,0.644838,-0.073142,0.281603,0.580485,-0.026455,0.313917,0.495134,-0.045848,0.328950,0.439870,-0.061767,0.338700,0.389880,-0.073888,0.238748,0.553291,-0.025173,0.256807,0.448455,-0.042585,0.265581,0.384368,-0.057991,0.268245,0.331271,-0.069086,0.196245,0.553146,-0.028017,0.195023,0.455958,-0.046547,0.195247,0.394508,-0.060602,0.195486,0.340417,-0.069879,0.154639,0.574204,-0.034124,0.143414,0.498952,-0.053003,0.137102,0.448615,-0.062793,0.134582,0.399787,-0.068294
7181,0,0.016965,0.021846,0.034718,1.234231,0.761871,0.179577,0.790495,0.000000,0.252295,0.779696,-0.033428,0.315866,0.733582,-0.048215,0.362676,0.682599,-0.060643,0.402712,0.644545,-0.072463,0.281461,0.580678,-0.026187,0.314014,0.495220,-0.045506,0.329239,0.439906,-0.061344,0.339026,0.389810,-0.073444,0.238567,0.553211,-0.024902,0.256888,0.448029,-0.042212,0.265488,0.384023,-0.057559,0.268008,0.330840,-0.068632,0.196208,0.552730,-0.027728,0.194917,0.455703,-0.046160,0.195206,0.394559,-0.060176,0.195226,0.340346,-0.069380,0.154741,0.573499,-0.033849,0.143772,0.498612,-0.052607,0.137484,0.448381,-0.062325,0.134806,0.399788,-0.067791
7214,0,0.050819,0.041888,0.031513,1.270037,0.790311,0.180188,0.790943,0.000000,0.252865,0.779393,-0.034146,0.315475,0.733745,-0.049502,0.362598,0.683143,-0.062403,0.402930,0.645465,-0.074743,0.281686,0.581333,-0.027205,0.314347,0.495894,-0.047165,0.329615,0.440676,-0.063478,0.339627,0.390543,-0.075865,0.238941,0.553835,-0.025779,0.257336,0.448823,-0.043752,0.266033,0.384707,-0.059552,0.268790,0.331425,-0.071004,0.196513,0.553461,-0.028490,0.195374,0.456195,-0.047539,0.195636,0.394767,-0.061889,0.195879,0.340497,-0.071331,0.154906,0.574539,-0.034567,0.144038,0.499184,-0.053755,0.137779,0.448695,-0.063712,0.135271,0.399915,-0.069368
7243,0,0.022082,0.021148,0.044367,1.262507,0.786952,0.180009,0.791030,0.000000,0.252502,0.779751,-0.033363,0.315568,0.734306,-0.048515,0.362215,0.683930,-0.061356,0.402372,0.646603,-0.073636,0.282244,0.581740,-0.026756,0.314557,0.496022,-0.046460,0.329805,0.440649,-0.062476,0.339736,0.390648,-0.074617,0.239237,0.554213,-0.025658,0.257422,0.449031,-0.043379,0.266216,0.384939,-0.058834,0.268909,0.331757,-0.069947,0.196619,0.553592,-0.028623,0.195250,0.456367,-0.047418,0.195362,0.394752,-0.061496,0.195648,0.340792,-0.070741,0.155076,0.574715,-0.034904,0.143867,0.499330,-0.053931,0.137617,0.448717,-0.063784,0.134996,0.399961,-0.069294
7276,0,0.019919,0.036727,0.078796,1.262317,0.790760,0.180417,0.791806,0.000000,0.252555,0.779793,-0.033336,0.315438,0.733205,-0.048416,0.362753,0.683272,-0.061116,0.402704,0.645973,-0.073395,0.282012,0.581594,-0.026986,0.314224,0.495879,-0.046782,0.329210,0.440817,-0.062890,0.339388,0.390925,-0.075122,0.239021,0.554094,-0.025936,0.257006,0.448798,-0.043631,0.265889,0.384935,-0.059155,0.268942,0.332040,-0.070407,0.196312,0.553686,-0.028947,0.195059,0.456214,-0.047693,0.195045,0.394382,-0.062003,0.195189,0.340206,-0.071481,0.154348,0.574896,-0.035203,0.143634,0.499418,-0.054159,0.137325,0.449130,-0.064057,0.134950,0.400435,-0.069707
7310,0,0.025853,0.033679,0.070065,1.250330,0.783682,0.179798,0.791274,0.000000,0.252307,0.780196,-0.033725,0.315145,0.734406,-0.048927,0.361812,0.683842,-0.061790,0.402181,0.646868,-0.074092,0.281479,0.582025,-0.026896,0.313838,0.496340,-0.046705,0.328950,0.441215,-0.062866,0.338930,0.391358,-0.075121,0.238696,0.554482,-0.025610,0.256642,0.449013,-0.043384,0.265325,0.384979,-0.058984,0.268028,0.332046,-0.070210,0.196144,0.554017,-0.028439,0.194606,0.456814,-0.047313,0.194618,0.395185,-0.061556,0.194650,0.341257,-0.070958,0.154603,0.575078,-0.034567,0.143565,0.499714,-0.053605,0.137288,0.449468,-0.063568,0.134815,0.400729,-0.069181
7344,0,0.019592,0.040261,0.055550,1.257079,0.790767,0.180290,0.792930,0.000000,0.253123,0.781062,-0.033595,0.315851,0.734694,-0.048747,0.362585,0.684196,-0.061494,0.402583,0.646420,-0.073727,0.281650,0.582896,-0.026918,0.313698,0.497284,-0.046786,0.328872,0.441776,-0.062988,0.338773,0.391443,-0.075315,0.238525,0.555245,-0.025704,0.256367,0.449898,-0.043611,0.265118,0.385568,-0.059159,0.268054,0.332219,-0.070366,0.195908,0.554565,-0.028599,0.194429,0.456835,-0.047603,0.194423,0.395252,-0.061727,0.194540,0.341198,-0.070926,0.154350,0.575630,-0.034786,0.143319,0.500076,-0.053976,0.137179,0.449487,-0.063782,0.134857,0.400638,-0.069292
7374,0,0.027420,0.041816,0.044755,1.262016,0.796751,0.179757,0.792438,0.000000,0.252784,0.781463,-0.033732,0.315819,0.735687,-0.048950,0.362353,0.685235,-0.061760,0.402326,0.648254,-0.074056,0.281607,0.583073,-0.027561,0.313751,0.497107,-0.047477,0.328908,0.441504,-0.063583,0.338776,0.391209,-0.075879,0.238527,0.555509,-0.026298,0.256762,0.450244,-0.044134,0.265245,0.386064,-0.059703,0.268001,0.332679,-0.070924,0.196043,0.554947,-0.029080,0.194578,0.457670,-0.047921,0.194585,0.396419,-0.062087,0.194646,0.342453,-0.071438,0.154358,0.576213,-0.035181,0.143306,0.500942,-0.054280,0.136828,0.450670,-0.064191,0.134085,0.401865,-0.069802
7405,0,0.022660,0.059011,0.042366,1.274050,0.804645,0.181028,0.794027,0.000000,0.253153,0.781798,-0.033433,0.315773,0.735773,-0.048702,0.362162,0.685309,-0.061589,0.402102,0.647699,-0.074010,0.281577,0.583169,-0.027409,0.313742,0.497603,-0.047534,0.328828,0.442367,-0.063877,0.338855,0.392092,-0.076251,0.238725,0.555670,-0.026382,0.256582,0.450751,-0.044429,0.265383,0.386761,-0.060142,0.268243,0.333646,-0.071488,0.196294,0.555517,-0.029417,0.194644,0.457721,-0.048515,0.194313,0.396101,-0.062850,0.194248,0.342076,-0.072329,0.154551,0.576730,-0.035697,0.143356,0.501114,-0.054912,0.137082,0.450684,-0.064858,0.134626,0.401990,-0.070508
7439,0,0.063598,0.090599,0.046161,1.227716,0.770457,0.179561,0.794805,0.000000,0.252853,0.782337,-0.032732,0.315771,0.736247,-0.047345,0.362175,0.685560,-0.059713,0.402194,0.649072,-0.071636,0.281609,0.583145,-0.025297,0.314090,0.497261,-0.044445,0.329191,0.441828,-0.060227,0.338994,0.391824,-0.072291,0.238399,0.555976,-0.024362,0.256821,0.451236,-0.041687,0.265532,0.386658,-0.057141,0.268319,0.333172,-0.068270,0.195860,0.555810,-0.027518,0.194459,0.458462,-0.046059,0.194582,0.396696,-0.060227,0.194589,0.342344,-0.069532,0.153943,0.577157,-0.033878,0.143108,0.501486,-0.052745,0.136965,0.450607,-0.062565,0.134537,0.401587,-0.068036
7486,0,0.076710,0.105923,0.066946,1.269222,0.816663,0.178907,0.792567,0.000000,0.251345,0.781799,-0.033732,0.314617,0.736051,-0.049226,0.361967,0.685641,-0.062259,0.402530,0.648216,-0.074777,0.281042,0.583377,-0.028270,0.313630,0.497570,-0.048242,0.328809,0.442229,-0.064275,0.338844,0.392167,-0.076418,0.238117,0.555949,-0.027074,0.256405,0.450372,-0.044960,0.265237,0.386354,-0.060337,0.267872,0.333000,-0.071495,0.195658,0.555344,-0.029911,0.194133,0.457920,-0.048804,0.194083,0.396435,-0.062916,0.193887,0.342065,-0.072292,0.153922,0.576821,-0.036029,0.142682,0.501407,-0.055086,0.136279,0.451201,-0.064979,0.133477,0.402412,-0.070604
7520,0,0.030275,0.087779,0.052790,1.261767,0.802182,0.180867,0.794477,0.000000,0.252821,0.781532,-0.033426,0.315372,0.735183,-0.048633,0.362160,0.684976,-0.061527,0.401956,0.647160,-0.073954,0.280770,0.583768,-0.027400,0.312875,0.497947,-0.047535,0.327954,0.442574,-0.063910,0.338128,0.392118,-0.076290,0.238181,0.556432,-0.026372,0.255914,0.450948,-0.044405,0.264746,0.386701,-0.060172,0.267980,0.333115,-0.071524,0.195636,0.555886,-0.029362,0.193884,0.457906,-0.048399,0.193433,0.395936,-0.062788,0.193353,0.341409,-0.072319,0.153925,0.577225,-0.035645,0.142675,0.501658,-0.054706,0.136394,0.451559,-0.064564,0.133978,0.403022,-0.070170
7549,0,0.038078,0.068855,0.083814,1.245631,0.795460,0.179177,0.793481,0.000001,0.251657,0.782118,-0.033766,0.314320,0.736590,-0.049106,0.361167,0.686196,-0.062061,0.401747,0.649643,-0.074454,0.280604,0.583879,-0.027195,0.313230,0.498010,-0.047025,0.328357,0.442049,-0.063183,0.338076,0.391376,-0.075483,0.237625,0.556330,-0.025886,0.256015,0.451581,-0.043774,0.264500,0.386809,-0.059395,0.267149,0.332865,-0.070713,0.195173,0.555913,-0.028692,0.193891,0.458679,-0.047586,0.193886,0.396998,-0.061733,0.193730,0.342290,-0.071040,0.153426,0.576821,-0.034795,0.142463,0.501801,-0.053876,0.136328,0.451185,-0.063697,0.133675,0.402101,-0.069263
7581,0,0.036517,0.051252,0.060110,1.238673,0.785213,0.180271,0.794143,0.000000,0.252690,0.781484,-0.032959,0.315845,0.735211,-0.047771,0.362398,0.684796,-0.060274,0.401963,0.646986,-0.072357,0.281024,0.583275,-0.026755,0.313220,0.497576,-0.046488,0.328233,0.442256,-0.062606,0.338175,0.391999,-0.074829,0.238169,0.555916,-0.025822,0.256089,0.450731,-0.043456,0.264644,0.386712,-0.059014,0.267340,0.333337,-0.070257,0.195493,0.555749,-0.028901,0.193981,0.458174,-0.047585,0.193512,0.396170,-0.061813,0.192991,0.341499,-0.071237,0.153725,0.577431,-0.035175,0.142259,0.502259,-0.054069,0.135725,0.452016,-0.063819,0.132986,0.403278,-0.069324
7616,0,0.039477,0.061417,0.072525,1.220365,0.782288,0.179280,0.795133,0.000000,0.252626,0.782740,-0.033034,0.315426,0.736187,-0.047796,0.361560,0.685583,-0.060266,0.401581,0.649306,-0.072244,0.280676,0.583073,-0.025735,0.313517,0.497297,-0.045059,0.328521,0.441783,-0.060921,0.338244,0.391599,-0.073086,0.237788,0.555775,-0.024682,0.256146,0.450925,-0.042135,0.264501,0.386663,-0.057692,0.266863,0.333097,-0.068875,0.195269,0.555371,-0.027700,0.193881,0.458148,-0.046369,0.193452,0.396185,-0.060640,0.192973,0.341671,-0.070045,0.153453,0.576748,-0.033946,0.142446,0.501552,-0.052920,0.136166,0.450980,-0.062746,0.133459,0.402210,-0.068267
7645,0,0.052603,0.084382,0.054834,1.249679,0.806655,0.179365,0.793228,0.000000,0.251733,0.782110,-0.033635,0.314231,0.736569,-0.048963,0.360775,0.686419,-0.061919,0.401122,0.649552,-0.074312,0.280432,0.583250,-0.027462,0.313309,0.497399,-0.047319,0.328558,0.441897,-0.063374,0.338382,0.391573,-0.075580,0.237440,0.555757,-0.026289,0.255767,0.450290,-0.044174,0.264523,0.385965,-0.059713,0.267369,0.332516,-0.070932,0.194972,0.555755,-0.029152,0.193381,0.458272,-0.048071,0.193249,0.396516,-0.062388,0.193128,0.341633,-0.071871,0.153607,0.577165,-0.035325,0.142073,0.501851,-0.054502,0.135556,0.451604,-0.064501,0.132742,0.402381,-0.070228
7677,0,0.027333,0.025370,0.044775,1.246170,0.791415,0.179911,0.793641,0.000000,0.252520,0.782439,-0.033643,0.315552,0.736626,-0.048677,0.361796,0.686017,-0.061302,0.401670,0.649389,-0.073459,0.281106,0.583500,-0.026863,0.313374,0.497570,-0.046526,0.328470,0.442140,-0.062564,0.338492,0.391802,-0.074768,0.237917,0.556331,-0.025601,0.256078,0.451230,-0.043416,0.264759,0.386817,-0.059151,0.267430,0.333075,-0.070513,0.195331,0.556167,-0.028453,0.193603,0.458560,-0.047438,0.193477,0.396510,-0.061956,0.193337,0.341401,-0.071542,0.153504,0.577393,-0.034555,0.142335,0.501862,-0.053773,0.135962,0.451429,-0.063873,0.133372,0.402272,-0.069625