t,missing,delta_l1,delta_l1_wrist,delta_angles,delta_base_l1,delta_base_l1_wrist,x0,y0,z0,x1,y1,z1,x2,y2,z2,x3,y3,z3,x4,y4,z4,x5,y5,z5,x6,y6,z6,x7,y7,z7,x8,y8,z8,x9,y9,z9,x10,y10,z10,x11,y11,z11,x12,y12,z12,x13,y13,z13,x14,y14,z14,x15,y15,z15,x16,y16,z16,x17,y17,z17,x18,y18,z18,x19,y19,z19,x20,y20,z20
38,0,,,,0.000000,0.000000,0.184552,0.716413,0.000000,0.241140,0.702491,-0.028135,0.293258,0.655561,-0.038100,0.326548,0.601602,-0.045508,0.353471,0.556177,-0.051988,0.275152,0.545138,-0.015564,0.300683,0.476142,-0.030105,0.309736,0.429835,-0.043386,0.314764,0.388377,-0.053238,0.243461,0.524248,-0.013092,0.261820,0.445452,-0.025539,0.267880,0.393613,-0.038385,0.269918,0.349956,-0.047858,0.210662,0.521500,-0.014465,0.222672,0.446164,-0.027529,0.229636,0.399389,-0.037210,0.234924,0.358778,-0.043765,0.175422,0.531937,-0.018813,0.180027,0.470517,-0.031867,0.183377,0.430838,-0.037759,0.187333,0.394040,-0.040885
87,0,0.027019,0.031653,0.046860,0.027019,0.031653,0.184838,0.716011,0.000000,0.240992,0.702366,-0.028611,0.293061,0.655973,-0.038634,0.326343,0.601597,-0.046043,0.353049,0.555652,-0.052409,0.275421,0.545107,-0.015205,0.300820,0.476016,-0.029577,0.309649,0.429687,-0.042822,0.314415,0.388370,-0.052674,0.243621,0.524113,-0.012363,0.261894,0.445458,-0.024499,0.267854,0.393594,-0.037346,0.269819,0.349889,-0.046876,0.210796,0.521116,-0.013462,0.222903,0.446218,-0.026261,0.229707,0.399640,-0.036019,0.234912,0.359442,-0.042670,0.175489,0.531104,-0.017593,0.180246,0.469638,-0.030411,0.183380,0.430392,-0.036304,0.187115,0.393845,-0.039449
119,0,0.028804,0.035061,0.040555,0.024693,0.029765,0.185069,0.716279,0.000000,0.241426,0.702108,-0.027731,0.293587,0.655183,-0.037510,0.326712,0.601186,-0.044869,0.353274,0.555609,-0.051225,0.275484,0.544767,-0.015123,0.300701,0.475363,-0.029452,0.309531,0.429034,-0.042561,0.314372,0.387921,-0.052322,0.243372,0.524140,-0.012768,0.261630,0.445102,-0.025026,0.267619,0.393174,-0.037832,0.269505,0.349765,-0.047290,0.210330,0.521181,-0.014234,0.222369,0.445685,-0.027126,0.229313,0.399095,-0.036848,0.234391,0.358901,-0.043431,0.174945,0.531609,-0.018613,0.179554,0.469822,-0.031533,0.182937,0.430436,-0.037416,0.186875,0.393892,-0.040480
153,0,0.019674,0.027150,0.049525,0.032424,0.025774,0.184223,0.716304,0.000000,0.240540,0.702520,-0.027879,0.292739,0.655004,-0.037575,0.326532,0.600863,-0.044810,0.353188,0.555383,-0.051098,0.274940,0.544693,-0.014697,0.300275,0.475935,-0.028939,0.309335,0.429694,-0.042083,0.314370,0.388409,-0.051931,0.243099,0.523861,-0.012263,0.261330,0.445427,-0.024469,0.267284,0.393545,-0.037310,0.269255,0.349874,-0.046856,0.210326,0.520872,-0.013712,0.222385,0.445862,-0.026629,0.229332,0.399246,-0.036401,0.234608,0.358879,-0.043068,0.175062,0.531024,-0.018106,0.179876,0.469686,-0.031060,0.183108,0.430206,-0.036988,0.186856,0.393718,-0.040151
178,0,0.015055,0.016186,0.051014,0.033348,0.034104,0.184217,0.716440,0.000000,0.240560,0.702882,-0.028103,0.292952,0.655279,-0.037856,0.326239,0.600755,-0.045071,0.353441,0.555634,-0.051283,0.275178,0.544784,-0.014913,0.300599,0.475921,-0.029145,0.309649,0.429659,-0.042269,0.314641,0.388409,-0.052078,0.243162,0.523702,-0.012281,0.261567,0.445348,-0.024410,0.267636,0.393495,-0.037137,0.269546,0.349923,-0.046548,0.210400,0.520584,-0.013531,0.222578,0.445778,-0.026342,0.229582,0.399343,-0.035943,0.234789,0.359088,-0.042458,0.175387,0.530570,-0.017744,0.180225,0.469195,-0.030584,0.183554,0.429911,-0.036379,0.187439,0.393473,-0.039390
204,0,0.027402,0.025840,0.036601,0.049387,0.055369,0.184327,0.716992,0.000000,0.240398,0.703247,-0.027774,0.292856,0.655605,-0.037462,0.326141,0.601179,-0.044666,0.354006,0.556537,-0.050809,0.275153,0.544323,-0.014409,0.300836,0.475515,-0.028552,0.309880,0.429278,-0.041709,0.314991,0.388482,-0.051416,0.243282,0.523483,-0.011859,0.261785,0.445259,-0.023717,0.267775,0.393648,-0.036249,0.269542,0.350514,-0.045538,0.210773,0.520689,-0.013186,0.222594,0.445766,-0.025651,0.229608,0.399717,-0.034979,0.235139,0.359679,-0.041368,0.175738,0.531037,-0.017499,0.180610,0.469956,-0.029936,0.184023,0.431022,-0.035471,0.188165,0.394594,-0.038353
235,0,0.022969,0.022766,0.046200,0.043638,0.047518,0.184040,0.716973,0.000000,0.240319,0.702809,-0.028103,0.292573,0.655874,-0.038022,0.326334,0.601520,-0.045452,0.353689,0.555911,-0.051836,0.274835,0.545303,-0.014536,0.300627,0.476360,-0.028844,0.309673,0.429929,-0.042107,0.314718,0.388746,-0.051912,0.243145,0.524441,-0.011942,0.261910,0.446346,-0.023923,0.267891,0.394533,-0.036597,0.269840,0.351024,-0.045984,0.210428,0.521268,-0.013273,0.222882,0.446529,-0.025823,0.230007,0.400352,-0.035191,0.235492,0.360290,-0.041575,0.175191,0.531272,-0.017614,0.180357,0.470231,-0.030079,0.183902,0.431115,-0.035533,0.187904,0.394972,-0.038364
268,0,0.028898,0.035709,0.049476,0.030916,0.026605,0.184464,0.716999,0.000000,0.240715,0.703086,-0.027872,0.292761,0.656000,-0.037649,0.326059,0.601641,-0.044943,0.352685,0.556010,-0.051272,0.274808,0.545808,-0.015016,0.300275,0.476583,-0.029388,0.309388,0.430233,-0.042518,0.314484,0.388745,-0.052295,0.243015,0.524798,-0.012543,0.261423,0.446216,-0.024878,0.267558,0.394268,-0.037687,0.269795,0.350577,-0.047141,0.210237,0.521634,-0.013917,0.222143,0.446618,-0.026811,0.229344,0.400081,-0.036398,0.234943,0.359924,-0.042897,0.175152,0.531728,-0.018237,0.179974,0.470115,-0.031055,0.183539,0.430579,-0.036815,0.187757,0.394208,-0.039828
301,0,0.014675,0.019101,0.033650,0.036762,0.030896,0.184053,0.716562,0.000000,0.240015,0.702707,-0.027862,0.292046,0.655912,-0.037723,0.325652,0.601742,-0.045086,0.352432,0.556041,-0.051446,0.274960,0.545434,-0.014944,0.300220,0.476342,-0.029244,0.308987,0.429960,-0.042361,0.313680,0.388672,-0.052127,0.243206,0.524406,-0.012492,0.261508,0.446053,-0.024644,0.267219,0.394313,-0.037326,0.269041,0.350871,-0.046714,0.210298,0.521446,-0.013893,0.222381,0.446652,-0.026613,0.229415,0.400362,-0.036058,0.234683,0.360179,-0.042474,0.174998,0.531675,-0.018265,0.180031,0.470296,-0.030928,0.183526,0.430968,-0.036531,0.187668,0.394621,-0.039484
333,0,0.029339,0.018531,0.043486,0.042092,0.023667,0.183424,0.716702,0.000000,0.239305,0.703052,-0.027954,0.291549,0.656213,-0.037927,0.324849,0.601960,-0.045422,0.351302,0.556142,-0.051895,0.274538,0.545541,-0.015576,0.299580,0.476179,-0.030092,0.308153,0.430017,-0.043265,0.312951,0.389191,-0.052955,0.242591,0.524748,-0.013116,0.260953,0.445708,-0.025342,0.266891,0.394138,-0.038003,0.268724,0.351046,-0.047315,0.209807,0.521694,-0.014469,0.221801,0.446630,-0.027121,0.228846,0.400317,-0.036489,0.234151,0.360387,-0.042886,0.174613,0.532177,-0.018774,0.179494,0.471002,-0.031303,0.182991,0.431813,-0.036811,0.186969,0.395694,-0.039669
361,0,0.045310,0.046387,0.056529,0.084043,0.050549,0.183518,0.717597,0.000000,0.240135,0.703637,-0.027924,0.291952,0.656824,-0.037668,0.324668,0.602142,-0.044890,0.351145,0.556426,-0.051070,0.274007,0.546111,-0.014540,0.299085,0.476810,-0.028682,0.307835,0.430570,-0.041781,0.312643,0.389756,-0.051412,0.242180,0.525163,-0.011839,0.260702,0.446585,-0.023677,0.266591,0.394799,-0.036151,0.268342,0.351575,-0.045383,0.209390,0.521920,-0.013024,0.221625,0.447020,-0.025440,0.228439,0.400662,-0.034805,0.233524,0.361056,-0.041175,0.174208,0.531723,-0.017185,0.179104,0.470963,-0.029554,0.182480,0.431980,-0.035109,0.186393,0.396104,-0.037990
394,0,0.028202,0.034143,0.030753,0.106804,0.064155,0.182857,0.717721,0.000000,0.239536,0.703875,-0.027419,0.291408,0.656918,-0.036932,0.324704,0.602150,-0.044075,0.351521,0.556405,-0.050253,0.273825,0.546214,-0.013738,0.299077,0.477201,-0.027685,0.307902,0.431056,-0.040703,0.312692,0.390295,-0.050367,0.242123,0.525726,-0.011313,0.260569,0.447352,-0.023080,0.266360,0.395767,-0.035700,0.268109,0.352539,-0.045099,0.209403,0.522878,-0.012762,0.221352,0.448091,-0.025183,0.228400,0.401752,-0.034658,0.233565,0.361898,-0.041157,0.174332,0.533084,-0.017139,0.179241,0.472085,-0.029561,0.182979,0.433019,-0.035150,0.187379,0.396681,-0.038144
428,0,0.031445,0.033462,0.040462,0.100991,0.044653,0.183003,0.717943,0.000000,0.239416,0.703959,-0.027764,0.291153,0.657239,-0.037454,0.324223,0.603055,-0.044664,0.350263,0.557023,-0.050947,0.273544,0.547041,-0.014648,0.298814,0.477987,-0.028937,0.307668,0.431889,-0.042128,0.312632,0.391058,-0.051856,0.241837,0.526332,-0.012141,0.260323,0.447529,-0.024130,0.266233,0.395757,-0.036772,0.267999,0.352568,-0.046140,0.209102,0.523085,-0.013503,0.221170,0.448399,-0.026060,0.228096,0.401748,-0.035580,0.233320,0.361763,-0.042090,0.173931,0.533012,-0.017828,0.179127,0.471821,-0.030281,0.182709,0.432669,-0.035902,0.186746,0.396661,-0.038873
476,0,0.020467,0.025195,0.043472,0.118651,0.055609,0.182895,0.718723,0.000000,0.239166,0.704894,-0.027599,0.290994,0.657463,-0.037208,0.324060,0.602921,-0.044377,0.350241,0.556967,-0.050582,0.273387,0.547281,-0.014452,0.298411,0.477772,-0.028677,0.307215,0.431598,-0.041767,0.312004,0.390712,-0.051414,0.241488,0.526392,-0.011955,0.259912,0.447791,-0.023778,0.265878,0.396016,-0.036243,0.267836,0.352856,-0.045474,0.208812,0.523085,-0.013298,0.220809,0.448255,-0.025594,0.227839,0.401882,-0.034825,0.233177,0.362176,-0.041124,0.173719,0.532951,-0.017601,0.178951,0.472199,-0.029793,0.182697,0.433181,-0.035146,0.186902,0.397305,-0.037927
508,0,0.044795,0.039974,0.059055,0.092265,0.032791,0.182917,0.718175,0.000000,0.238894,0.703966,-0.027707,0.290962,0.657158,-0.037631,0.324054,0.603018,-0.045112,0.349737,0.556679,-0.051627,0.273724,0.546700,-0.015407,0.298561,0.477328,-0.029961,0.306999,0.431172,-0.043142,0.311539,0.390384,-0.052801,0.241480,0.525914,-0.013030,0.259449,0.446975,-0.025359,0.264831,0.395457,-0.038010,0.266363,0.352526,-0.047309,0.208665,0.523005,-0.014469,0.220477,0.447838,-0.027196,0.227163,0.401413,-0.036533,0.232324,0.361580,-0.042839,0.173298,0.533381,-0.018844,0.178389,0.471819,-0.031362,0.182116,0.432593,-0.036817,0.186318,0.396692,-0.039620
537,0,0.030478,0.024620,0.039510,0.121111,0.042137,0.182135,0.718582,0.000000,0.238656,0.704352,-0.027593,0.290737,0.657573,-0.037309,0.323761,0.602879,-0.044619,0.349680,0.556678,-0.050944,0.273104,0.547220,-0.014933,0.297876,0.477290,-0.029392,0.306240,0.431002,-0.042574,0.310680,0.390156,-0.052232,0.240820,0.526566,-0.012537,0.259064,0.447252,-0.024658,0.264889,0.395624,-0.037290,0.266492,0.352509,-0.046551,0.207941,0.523429,-0.013939,0.219934,0.448181,-0.026457,0.226768,0.401747,-0.035775,0.231806,0.361931,-0.042081,0.172795,0.533909,-0.018285,0.177811,0.472649,-0.030605,0.181606,0.433457,-0.035964,0.185683,0.397571,-0.038691
570,0,0.025876,0.024577,0.042499,0.146046,0.054544,0.181779,0.718525,0.000000,0.238391,0.704715,-0.027490,0.290563,0.657955,-0.037008,0.323663,0.603245,-0.044136,0.349422,0.556904,-0.050279,0.272359,0.547808,-0.014380,0.297546,0.478021,-0.028666,0.305953,0.431695,-0.041786,0.310541,0.390872,-0.051417,0.240484,0.526976,-0.011906,0.258826,0.447961,-0.023907,0.264608,0.396148,-0.036591,0.266156,0.352852,-0.045957,0.207731,0.523705,-0.013252,0.219700,0.448690,-0.025746,0.226464,0.402153,-0.035207,0.231402,0.362313,-0.041672,0.172725,0.533552,-0.017537,0.177812,0.472593,-0.029860,0.181490,0.433632,-0.035358,0.185609,0.397893,-0.038240
605,0,0.030977,0.043879,0.034287,0.137020,0.047384,0.182185,0.719940,0.000000,0.238434,0.705722,-0.027977,0.290472,0.658388,-0.037851,0.323345,0.603554,-0.045248,0.349606,0.557289,-0.051641,0.272768,0.548002,-0.015067,0.297706,0.478269,-0.029528,0.306120,0.431619,-0.042751,0.310720,0.390457,-0.052474,0.240816,0.527279,-0.012541,0.258928,0.448333,-0.024780,0.264520,0.396443,-0.037511,0.265942,0.352859,-0.046875,0.208045,0.524287,-0.013885,0.219685,0.449265,-0.026558,0.226255,0.402639,-0.035960,0.231362,0.362371,-0.042335,0.172815,0.534619,-0.018197,0.177741,0.473528,-0.030701,0.181531,0.434539,-0.036206,0.185921,0.398244,-0.039081
637,0,0.023973,0.023805,0.049375,0.153909,0.057966,0.182005,0.719980,0.000000,0.238389,0.705543,-0.028380,0.290437,0.658929,-0.038415,0.322943,0.604159,-0.045871,0.349243,0.557527,-0.052283,0.272895,0.547809,-0.014759,0.297660,0.478606,-0.029177,0.306011,0.432231,-0.042456,0.310593,0.391223,-0.052207,0.240749,0.526916,-0.011989,0.258923,0.448470,-0.024055,0.264298,0.396862,-0.036670,0.265767,0.353610,-0.045909,0.207925,0.523870,-0.013185,0.219391,0.449256,-0.025781,0.226163,0.402886,-0.035020,0.231414,0.362685,-0.041280,0.172659,0.534194,-0.017424,0.177780,0.473247,-0.029784,0.181577,0.434346,-0.035152,0.186126,0.398313,-0.037903
665,0,0.031139,0.034349,0.043910,0.179725,0.085866,0.182203,0.720931,0.000000,0.238701,0.706570,-0.028266,0.290625,0.659547,-0.037979,0.322829,0.604090,-0.045150,0.349089,0.557615,-0.051296,0.272743,0.547876,-0.014038,0.297519,0.478680,-0.028114,0.306170,0.432208,-0.041204,0.310893,0.391188,-0.050879,0.240778,0.527249,-0.011212,0.258758,0.449045,-0.022916,0.264258,0.397065,-0.035399,0.265779,0.353664,-0.044581,0.208020,0.524406,-0.012369,0.219451,0.449944,-0.024643,0.226094,0.403589,-0.033862,0.231375,0.363315,-0.040179,0.172753,0.534720,-0.016571,0.177678,0.474012,-0.028778,0.181537,0.435143,-0.034166,0.186002,0.398975,-0.036973
700,0,0.027372,0.025999,0.063037,0.174082,0.066073,0.181931,0.720922,0.000000,0.238552,0.706435,-0.028170,0.290332,0.659518,-0.038060,0.323086,0.604443,-0.045406,0.348877,0.557459,-0.051708,0.272459,0.548828,-0.014579,0.297537,0.479034,-0.028929,0.305998,0.432443,-0.042103,0.310718,0.391594,-0.051746,0.240417,0.527928,-0.011855,0.258454,0.449018,-0.023918,0.264020,0.397336,-0.036427,0.265462,0.354339,-0.045596,0.207568,0.524975,-0.013088,0.219124,0.450043,-0.025664,0.225870,0.403474,-0.034871,0.231261,0.363431,-0.041078,0.172634,0.535592,-0.017331,0.177771,0.474654,-0.029708,0.181711,0.435480,-0.035137,0.186577,0.399265,-0.037927
733,0,0.016900,0.011053,0.034928,0.186546,0.067055,0.181747,0.721311,0.000000,0.237925,0.706637,-0.028074,0.290049,0.659600,-0.038021,0.322696,0.605010,-0.045443,0.348515,0.558056,-0.051821,0.272560,0.548719,-0.014550,0.297249,0.479067,-0.028910,0.305533,0.432724,-0.042140,0.310006,0.391907,-0.051859,0.240392,0.528234,-0.011978,0.258410,0.449134,-0.023917,0.263983,0.397534,-0.036559,0.265384,0.354328,-0.045823,0.207340,0.525484,-0.013316,0.218941,0.450566,-0.025702,0.225556,0.404094,-0.034946,0.230769,0.363859,-0.041267,0.172130,0.536090,-0.017682,0.177462,0.475072,-0.029916,0.181164,0.436109,-0.035212,0.185510,0.399953,-0.037945
761,0,0.026649,0.034752,0.044048,0.204434,0.085521,0.182194,0.720996,0.000000,0.238328,0.706289,-0.027915,0.290027,0.660017,-0.037683,0.322424,0.604696,-0.044999,0.348291,0.557710,-0.051308,0.272184,0.548964,-0.014129,0.296885,0.479406,-0.028333,0.305241,0.433305,-0.041464,0.309714,0.392522,-0.051118,0.240262,0.528405,-0.011525,0.257971,0.449559,-0.023316,0.263325,0.397857,-0.035877,0.264700,0.354755,-0.045113,0.207446,0.525600,-0.012836,0.218887,0.450847,-0.025122,0.225438,0.404629,-0.034338,0.230605,0.364579,-0.040628,0.172510,0.536014,-0.017169,0.177848,0.475444,-0.029245,0.181694,0.436684,-0.034490,0.186240,0.400766,-0.037246
795,0,0.045753,0.042390,0.071799,0.236226,0.110796,0.181646,0.721534,0.000000,0.238414,0.706820,-0.027979,0.290194,0.659352,-0.037520,0.322675,0.603954,-0.044638,0.348353,0.557059,-0.050733,0.272086,0.549593,-0.013535,0.296828,0.480189,-0.027581,0.305426,0.433910,-0.040700,0.310164,0.392941,-0.050392,0.239976,0.529250,-0.010828,0.256996,0.450038,-0.022546,0.261669,0.398210,-0.035135,0.262801,0.354921,-0.044373,0.207438,0.526480,-0.012078,0.218487,0.452211,-0.024288,0.224656,0.405739,-0.033355,0.229369,0.365280,-0.039526,0.172768,0.537036,-0.016365,0.178845,0.476809,-0.028244,0.183004,0.438579,-0.033242,0.187406,0.402751,-0.035778
842,0,0.030682,0.031990,0.076574,0.241710,0.117245,0.181302,0.721834,0.000000,0.237707,0.706795,-0.028642,0.289775,0.659672,-0.038271,0.322042,0.603738,-0.045441,0.347808,0.556100,-0.051570,0.273166,0.550088,-0.013337,0.297431,0.480663,-0.027393,0.305602,0.434423,-0.040635,0.310134,0.393165,-0.050397,0.241054,0.529429,-0.010405,0.257167,0.450797,-0.022285,0.261471,0.399282,-0.035074,0.262175,0.356003,-0.044495,0.208162,0.526505,-0.011559,0.219378,0.452685,-0.023988,0.225369,0.406293,-0.033163,0.230144,0.365519,-0.039387,0.173091,0.536529,-0.015844,0.179784,0.476462,-0.027847,0.184401,0.438308,-0.032879,0.189412,0.402903,-0.035471
875,0,0.084449,0.075524,0.099814,0.296464,0.187441,0.182223,0.722493,0.000000,0.238247,0.706074,-0.027955,0.289176,0.658069,-0.037160,0.320995,0.601577,-0.044078,0.344792,0.552998,-0.050013,0.273781,0.550819,-0.012352,0.297655,0.481272,-0.026349,0.305354,0.435006,-0.039618,0.309340,0.393828,-0.049371,0.242142,0.530896,-0.009602,0.257357,0.452619,-0.021415,0.260454,0.401397,-0.034212,0.260047,0.357920,-0.043625,0.209776,0.528599,-0.010897,0.220674,0.455244,-0.023098,0.226220,0.408729,-0.031944,0.230335,0.367973,-0.037973,0.175029,0.538793,-0.015310,0.182517,0.479101,-0.027086,0.187563,0.440796,-0.031868,0.192515,0.405064,-0.034268
907,0,0.239989,0.225184,0.271808,0.507176,0.410143,0.183125,0.723842,0.000000,0.238977,0.702515,-0.025442,0.288370,0.651017,-0.033020,0.318787,0.592590,-0.038887,0.339407,0.542731,-0.043889,0.276039,0.550725,-0.007244,0.297855,0.482361,-0.020158,0.304498,0.436954,-0.033227,0.306995,0.396343,-0.042912,0.244746,0.532797,-0.005162,0.257668,0.457469,-0.016153,0.258332,0.408669,-0.028583,0.255982,0.366442,-0.037722,0.212458,0.530697,-0.007207,0.222922,0.459381,-0.018701,0.226588,0.414289,-0.026608,0.228540,0.374154,-0.031986,0.178058,0.540129,-0.012270,0.187458,0.481985,-0.023223,0.192601,0.444969,-0.027135,0.196674,0.410484,-0.028921
937,0,0.275388,0.293484,0.379804,0.771186,0.686468,0.182038,0.721963,0.000000,0.237250,0.699524,-0.026510,0.284242,0.648776,-0.033898,0.311117,0.588198,-0.039764,0.325297,0.532320,-0.044628,0.276249,0.554550,-0.003601,0.297360,0.486634,-0.016624,0.303738,0.442286,-0.030649,0.306538,0.401731,-0.041064,0.245178,0.536603,-0.000270,0.256411,0.466384,-0.011649,0.254731,0.422092,-0.025674,0.250401,0.384295,-0.035829,0.213904,0.532715,-0.001405,0.223321,0.466452,-0.012410,0.225607,0.424300,-0.020328,0.226033,0.387028,-0.025674,0.181460,0.539904,-0.005838,0.190892,0.485060,-0.015891,0.195250,0.450428,-0.019381,0.197983,0.419170,-0.020885
969,0,0.321684,0.316354,0.548941,1.086509,1.001609,0.182983,0.722340,0.000000,0.235683,0.699094,-0.022900,0.283051,0.647591,-0.028156,0.305823,0.586390,-0.032594,0.306493,0.531223,-0.036214,0.277368,0.558237,0.002234,0.296974,0.490637,-0.007971,0.302230,0.447021,-0.021263,0.304344,0.408393,-0.031685,0.246996,0.541898,0.004270,0.257006,0.476076,-0.006089,0.254112,0.437095,-0.020844,0.247481,0.407780,-0.031521,0.216753,0.538124,0.002118,0.225671,0.476929,-0.007494,0.227159,0.439368,-0.016261,0.226122,0.408715,-0.022518,0.184659,0.544493,-0.003131,0.194132,0.491679,-0.012487,0.197974,0.459162,-0.016834,0.200335,0.430177,-0.019317
1005,0,0.337323,0.358447,2.029178,1.225016,1.160004,0.185311,0.721589,0.000000,0.235665,0.699478,-0.022653,0.280535,0.646621,-0.028240,0.297959,0.585668,-0.033036,0.292684,0.536681,-0.036970,0.278628,0.562875,-0.000010,0.298811,0.495696,-0.011713,0.303224,0.448506,-0.025330,0.304244,0.410708,-0.035408,0.247948,0.546065,0.002028,0.260082,0.476440,-0.015476,0.256533,0.455530,-0.032695,0.247216,0.456948,-0.041713,0.218080,0.542198,0.000538,0.227110,0.480108,-0.013150,0.228206,0.453758,-0.023749,0.224584,0.447179,-0.029012,0.187674,0.550066,-0.003772,0.194788,0.500698,-0.014425,0.198692,0.472578,-0.020803,0.199642,0.456173,-0.024000
1038,0,0.706224,0.752964,9.032021,1.754232,1.798263,0.187835,0.712329,-0.000000,0.237271,0.691573,-0.023548,0.279175,0.637856,-0.029449,0.290197,0.568459,-0.035366,0.282529,0.512848,-0.040263,0.285282,0.565440,0.002543,0.304074,0.496736,-0.009731,0.305094,0.449265,-0.019850,0.305362,0.411417,-0.027353,0.255042,0.548003,0.004445,0.263908,0.473866,-0.020642,0.247216,0.503821,-0.032936,0.237398,0.542078,-0.033693,0.223933,0.541536,0.002855,0.232416,0.469824,-0.022051,0.221842,0.501908,-0.022456,0.214509,0.541943,-0.014839,0.191481,0.543222,-0.001139,0.197612,0.485862,-0.019409,0.194647,0.505332,-0.018212,0.190782,0.537922,-0.011827
1067,0,0.601251,0.630632,1.557108,2.030144,2.117196,0.188389,0.709846,-0.000000,0.235050,0.692793,-0.022312,0.280144,0.633901,-0.028295,0.289755,0.564491,-0.033812,0.273754,0.511845,-0.038795,0.286098,0.562972,-0.002826,0.307115,0.495245,-0.018656,0.309995,0.449370,-0.028157,0.311130,0.411960,-0.034450,0.255429,0.546924,-0.001838,0.260860,0.491246,-0.034157,0.239871,0.543696,-0.043209,0.230636,0.586652,-0.039071,0.223480,0.541870,-0.003959,0.224910,0.490976,-0.039312,0.211297,0.550880,-0.034122,0.206276,0.594924,-0.019208,0.189605,0.544810,-0.007651,0.192094,0.505960,-0.034485,0.186902,0.550720,-0.029605,0.185491,0.586666,-0.017829
1100,0,0.893746,0.931669,2.735315,2.542031,2.694014,0.192399,0.712275,-0.000000,0.238873,0.694020,-0.021549,0.280097,0.628490,-0.026911,0.287122,0.555698,-0.031788,0.266368,0.508254,-0.036700,0.280823,0.569604,-0.012089,0.303221,0.496379,-0.029073,0.310431,0.448372,-0.038014,0.315152,0.409073,-0.044206,0.246624,0.562342,-0.011467,0.243169,0.522306,-0.049118,0.229736,0.580391,-0.057903,0.223257,0.631810,-0.053165,0.213941,0.564812,-0.013430,0.208854,0.541462,-0.052265,0.203548,0.604048,-0.049083,0.202015,0.651194,-0.035109,0.180646,0.573920,-0.016888,0.180376,0.560890,-0.046247,0.179456,0.607477,-0.045244,0.181384,0.642668,-0.036250
1128,0,0.271482,0.265335,0.889941,2.652424,2.796704,0.193517,0.712818,-0.000000,0.238046,0.694415,-0.024390,0.279446,0.631563,-0.032621,0.282755,0.559276,-0.039430,0.258433,0.512645,-0.046577,0.279863,0.576231,-0.020511,0.302644,0.499674,-0.039599,0.311256,0.451266,-0.049524,0.317497,0.410244,-0.056062,0.247011,0.567665,-0.018021,0.244095,0.540602,-0.057214,0.229241,0.598360,-0.065479,0.222347,0.646045,-0.060635,0.215884,0.566521,-0.017987,0.210206,0.552469,-0.056435,0.203503,0.612045,-0.051726,0.201635,0.655623,-0.037330,0.184200,0.571780,-0.019715,0.184353,0.561243,-0.047390,0.183025,0.606627,-0.044375,0.184220,0.639971,-0.034230
1182,0,0.102376,0.067936,0.411194,2.695487,2.825981,0.192682,0.713984,-0.000000,0.236455,0.696321,-0.023265,0.277879,0.635890,-0.031628,0.279821,0.563895,-0.038836,0.254257,0.519168,-0.046497,0.278320,0.579977,-0.021191,0.301524,0.501767,-0.039372,0.310479,0.453147,-0.048872,0.317057,0.411799,-0.055395,0.245635,0.570406,-0.019184,0.242882,0.547806,-0.057469,0.228797,0.604012,-0.065697,0.221663,0.650018,-0.061416,0.214712,0.568561,-0.019268,0.209841,0.556680,-0.056365,0.203414,0.614496,-0.051715,0.200784,0.657447,-0.037933,0.183351,0.573289,-0.021057,0.184174,0.564738,-0.047868,0.183027,0.608841,-0.044791,0.183471,0.642032,-0.034822
1226,0,0.101643,0.091531,0.463155,2.742369,2.880673,0.193239,0.715439,-0.000000,0.236472,0.697946,-0.023193,0.277339,0.638290,-0.031940,0.278831,0.567842,-0.039455,0.252814,0.523833,-0.047386,0.277618,0.581191,-0.022427,0.300916,0.503555,-0.041088,0.310433,0.455512,-0.050718,0.317304,0.414487,-0.057283,0.244873,0.570546,-0.020494,0.239805,0.548531,-0.059449,0.226409,0.606547,-0.067646,0.220232,0.653646,-0.062981,0.214070,0.568044,-0.020544,0.206121,0.558739,-0.057916,0.201022,0.617223,-0.053317,0.199716,0.660266,-0.039488,0.182923,0.572473,-0.022310,0.180499,0.566871,-0.049185,0.179953,0.611378,-0.046386,0.181619,0.644002,-0.036522
1258,0,0.048766,0.034439,0.161851,2.754097,2.868323,0.192776,0.716837,-0.000000,0.235498,0.698955,-0.023674,0.276551,0.639430,-0.032587,0.278116,0.569857,-0.040192,0.252011,0.526357,-0.048309,0.277127,0.582264,-0.022581,0.300539,0.505166,-0.041848,0.311005,0.457088,-0.052087,0.318518,0.416134,-0.058813,0.244555,0.571357,-0.020361,0.239586,0.549426,-0.059509,0.225502,0.607421,-0.067693,0.219296,0.654489,-0.063021,0.213710,0.568644,-0.020278,0.205623,0.559783,-0.057554,0.200030,0.618097,-0.052716,0.198769,0.660983,-0.038701,0.182401,0.573019,-0.021984,0.180166,0.566539,-0.048376,0.179580,0.610807,-0.045095,0.181268,0.643344,-0.034990
1311,0,0.039364,0.033301,0.468906,2.766780,2.877892,0.192095,0.716521,-0.000000,0.235255,0.699225,-0.023774,0.276003,0.639697,-0.032615,0.277423,0.569793,-0.040065,0.250882,0.526549,-0.047945,0.276633,0.582315,-0.023410,0.300538,0.504349,-0.042647,0.310775,0.456168,-0.052514,0.318267,0.415202,-0.058971,0.243926,0.570572,-0.020893,0.238157,0.550507,-0.060296,0.224220,0.608855,-0.068275,0.218103,0.656719,-0.063309,0.213092,0.566950,-0.020463,0.204270,0.560770,-0.057779,0.199101,0.619297,-0.053044,0.197967,0.662533,-0.039005,0.181894,0.570473,-0.021837,0.179159,0.566662,-0.048144,0.178935,0.610957,-0.045197,0.181023,0.643401,-0.035230
1339,0,0.048362,0.044537,0.185844,2.783458,2.890917,0.191844,0.716800,-0.000000,0.234758,0.699796,-0.024300,0.276039,0.640158,-0.033468,0.277289,0.570408,-0.041158,0.249980,0.527566,-0.049297,0.276346,0.581453,-0.023984,0.300343,0.503719,-0.043484,0.310591,0.455689,-0.053582,0.318137,0.414772,-0.060259,0.243345,0.570528,-0.021459,0.236967,0.549398,-0.061123,0.223544,0.608764,-0.069228,0.218185,0.656015,-0.064411,0.212368,0.567682,-0.021028,0.202506,0.560366,-0.058797,0.197784,0.619841,-0.054047,0.197517,0.662507,-0.039962,0.181314,0.571874,-0.022406,0.177087,0.567254,-0.049264,0.176797,0.612583,-0.046207,0.179288,0.645061,-0.036109
1391,0,0.036949,0.037226,0.147596,2.788171,2.882635,0.192088,0.718029,-0.000000,0.234518,0.701065,-0.024986,0.275686,0.641339,-0.034547,0.277262,0.572009,-0.042543,0.250151,0.528767,-0.050938,0.276135,0.581696,-0.024603,0.300357,0.504012,-0.044642,0.311404,0.455656,-0.055103,0.319352,0.414580,-0.061866,0.242963,0.570686,-0.021838,0.237421,0.549312,-0.061999,0.223898,0.608146,-0.070161,0.218249,0.655309,-0.065131,0.211890,0.567961,-0.021288,0.202801,0.561346,-0.059367,0.198101,0.620315,-0.054636,0.197733,0.662347,-0.040344,0.180806,0.572483,-0.022587,0.177329,0.568677,-0.049406,0.177140,0.613820,-0.046208,0.179517,0.645940,-0.035913
1435,0,0.060100,0.058607,0.258865,2.820807,2.911900,0.192427,0.718684,-0.000000,0.234749,0.701853,-0.025479,0.276284,0.641862,-0.035373,0.278004,0.572258,-0.043483,0.250139,0.529541,-0.052126,0.276293,0.581099,-0.026196,0.300811,0.503794,-0.046720,0.311781,0.455435,-0.057499,0.319853,0.414267,-0.064507,0.243000,0.570076,-0.023276,0.237200,0.549425,-0.063973,0.223840,0.608876,-0.072215,0.218304,0.656559,-0.067110,0.211621,0.567657,-0.022526,0.202025,0.562408,-0.060869,0.197930,0.621703,-0.056097,0.197798,0.664126,-0.041814,0.180567,0.572998,-0.023677,0.175993,0.570908,-0.050858,0.176063,0.616765,-0.047854,0.178620,0.648915,-0.037709
1468,0,0.037286,0.039885,0.084416,2.826293,2.925892,0.193651,0.719568,-0.000000,0.236010,0.702691,-0.025893,0.277387,0.642236,-0.036196,0.278289,0.572596,-0.044627,0.250022,0.529739,-0.053559,0.276882,0.580696,-0.026980,0.300991,0.503402,-0.047637,0.311906,0.455156,-0.058610,0.320062,0.414486,-0.065735,0.243221,0.569909,-0.023952,0.237713,0.549812,-0.064698,0.224525,0.609320,-0.072928,0.218845,0.657111,-0.067876,0.211710,0.567854,-0.023116,0.202554,0.562967,-0.061320,0.198742,0.621989,-0.056435,0.198688,0.664138,-0.042184,0.180798,0.573566,-0.024220,0.176741,0.571997,-0.051351,0.177105,0.618025,-0.048306,0.179891,0.649656,-0.038170
1520,0,0.060264,0.073272,0.085800,2.799285,2.872055,0.192876,0.719852,-0.000000,0.235727,0.702770,-0.025409,0.277056,0.642743,-0.035185,0.278497,0.572735,-0.043219,0.250618,0.530179,-0.051756,0.277122,0.581627,-0.025476,0.301510,0.504311,-0.045562,0.312733,0.456050,-0.056041,0.321088,0.415190,-0.062837,0.243723,0.570548,-0.022513,0.238339,0.550047,-0.062770,0.225318,0.609140,-0.070905,0.219938,0.657166,-0.065783,0.212388,0.567929,-0.021743,0.203341,0.563405,-0.059489,0.199460,0.621903,-0.054802,0.199429,0.664223,-0.040641,0.181371,0.573029,-0.022915,0.177486,0.571309,-0.049345,0.178105,0.616217,-0.046332,0.181034,0.648094,-0.036289
1548,0,0.069913,0.053896,0.467541,2.797779,2.867299,0.191968,0.719731,-0.000000,0.235175,0.700432,-0.024106,0.276044,0.641001,-0.033367,0.278184,0.571752,-0.041167,0.250550,0.530136,-0.049454,0.275837,0.581191,-0.024408,0.300522,0.503666,-0.043683,0.311701,0.455341,-0.053749,0.320104,0.414293,-0.060258,0.242638,0.569437,-0.021808,0.236473,0.550455,-0.061231,0.223103,0.608789,-0.069249,0.217353,0.657167,-0.064150,0.211496,0.566379,-0.021221,0.202076,0.563851,-0.057607,0.198247,0.621315,-0.053111,0.198005,0.664426,-0.039389,0.180717,0.571442,-0.022563,0.175931,0.572262,-0.047877,0.176618,0.616107,-0.045193,0.179693,0.648014,-0.035531
1598,0,0.133553,0.064612,0.275673,2.778832,2.847704,0.189798,0.718209,-0.000000,0.233072,0.697773,-0.023427,0.273143,0.637974,-0.032445,0.273275,0.569103,-0.040271,0.245862,0.526859,-0.048534,0.273624,0.577680,-0.022117,0.297668,0.501251,-0.040910,0.308349,0.453218,-0.050986,0.316061,0.412750,-0.057636,0.240071,0.566219,-0.019934,0.234072,0.548648,-0.058812,0.221279,0.606902,-0.067208,0.215215,0.654930,-0.062607,0.208910,0.564274,-0.019817,0.199787,0.560879,-0.056158,0.196648,0.618594,-0.052027,0.196526,0.661752,-0.038626,0.177850,0.570597,-0.021546,0.173849,0.570190,-0.047157,0.175266,0.613347,-0.044604,0.178532,0.645333,-0.035032
1643,0,0.150440,0.077125,0.294801,2.860038,2.900594,0.187102,0.717020,-0.000000,0.230747,0.694591,-0.022940,0.268934,0.634379,-0.032048,0.266694,0.565948,-0.040098,0.239665,0.522841,-0.048602,0.269479,0.575819,-0.022284,0.292272,0.499059,-0.041275,0.302184,0.450807,-0.051761,0.309587,0.409934,-0.058786,0.235743,0.564244,-0.020268,0.228264,0.550118,-0.058853,0.215756,0.607745,-0.067189,0.210468,0.655249,-0.062987,0.204498,0.562362,-0.020335,0.194793,0.559645,-0.055828,0.192022,0.616072,-0.051291,0.192579,0.659237,-0.038216,0.173606,0.569512,-0.022318,0.169262,0.569090,-0.047560,0.171002,0.611553,-0.044972,0.175281,0.643427,-0.035561
1676,0,0.222864,0.141297,0.555381,3.047580,3.019762,0.183260,0.716464,-0.000000,0.226198,0.693485,-0.022087,0.262812,0.632385,-0.031457,0.259468,0.564839,-0.039790,0.232329,0.521764,-0.048792,0.263298,0.574549,-0.024747,0.284655,0.497240,-0.044074,0.294131,0.447990,-0.055017,0.300716,0.406134,-0.062479,0.228415,0.562956,-0.023091,0.219815,0.553895,-0.060973,0.208665,0.610038,-0.068871,0.204415,0.656177,-0.065157,0.196443,0.562096,-0.023258,0.186148,0.562487,-0.057125,0.185231,0.616644,-0.051804,0.186965,0.658790,-0.039221,0.165505,0.570563,-0.025417,0.160882,0.572545,-0.049528,0.163364,0.614191,-0.046450,0.168417,0.645492,-0.037213
1721,0,0.220985,0.138192,0.207495,3.232185,3.092902,0.178810,0.717851,-0.000000,0.221026,0.691437,-0.021740,0.254923,0.629784,-0.031456,0.250409,0.562803,-0.040258,0.223446,0.519469,-0.049757,0.255091,0.572676,-0.025311,0.275425,0.495276,-0.045140,0.283956,0.444986,-0.056534,0.289648,0.402146,-0.064206,0.219678,0.562395,-0.023999,0.211464,0.552446,-0.061848,0.201236,0.607936,-0.069753,0.197611,0.654916,-0.066067,0.187188,0.562869,-0.024430,0.178224,0.563680,-0.057729,0.178190,0.616578,-0.051917,0.180503,0.659121,-0.039128,0.156200,0.573486,-0.026922,0.153173,0.575519,-0.050488,0.156421,0.616122,-0.047067,0.161677,0.647105,-0.037700
1756,0,0.246846,0.112924,0.205944,3.413163,3.084582,0.171093,0.719947,-0.000000,0.213223,0.689840,-0.021325,0.245572,0.627342,-0.030927,0.239926,0.560729,-0.039735,0.212371,0.518682,-0.049305,0.246512,0.573386,-0.024619,0.265765,0.495229,-0.044205,0.273151,0.443267,-0.055828,0.277679,0.399316,-0.063576,0.211048,0.563283,-0.023179,0.202435,0.553101,-0.060464,0.191854,0.606447,-0.068676,0.188034,0.653597,-0.065265,0.178621,0.563968,-0.023444,0.169768,0.564191,-0.055530,0.169470,0.614549,-0.049735,0.171541,0.657036,-0.037219,0.148036,0.574864,-0.025811,0.144759,0.576134,-0.048146,0.147915,0.614636,-0.044404,0.153096,0.645702,-0.034901
1805,0,0.286522,0.145039,0.608710,3.629442,3.135356,0.164805,0.722519,-0.000000,0.206707,0.689335,-0.019559,0.235245,0.626581,-0.028658,0.228922,0.561861,-0.037492,0.201626,0.520635,-0.046956,0.237142,0.573388,-0.022316,0.253686,0.494629,-0.041311,0.259368,0.442464,-0.052601,0.262169,0.398635,-0.060239,0.202102,0.564427,-0.021618,0.191543,0.557060,-0.057749,0.183074,0.609116,-0.065586,0.180939,0.654686,-0.062398,0.169647,0.566147,-0.022581,0.159928,0.569240,-0.053398,0.161083,0.617708,-0.047421,0.163923,0.658104,-0.035300,0.139116,0.577635,-0.025653,0.135439,0.581314,-0.046923,0.139627,0.618739,-0.043137,0.145123,0.648665,-0.033872
1851,0,0.276307,0.085798,0.695087,3.882549,3.162898,0.157015,0.727287,-0.000000,0.198014,0.692740,-0.019801,0.224636,0.628459,-0.029246,0.216848,0.563517,-0.038309,0.189031,0.522597,-0.047986,0.228250,0.576198,-0.022585,0.242917,0.496022,-0.041623,0.247351,0.443597,-0.053123,0.248979,0.399472,-0.060977,0.193334,0.568925,-0.021972,0.182083,0.559284,-0.057928,0.174114,0.612479,-0.065616,0.172440,0.657254,-0.062468,0.161022,0.572002,-0.023015,0.150796,0.572322,-0.054017,0.152397,0.621492,-0.047621,0.155626,0.661257,-0.035227,0.130573,0.584808,-0.026114,0.126717,0.585068,-0.047555,0.131142,0.622676,-0.043115,0.136699,0.652448,-0.033405
1885,0,0.335940,0.120012,1.048630,4.176745,3.238433,0.149609,0.732641,-0.000000,0.189772,0.696444,-0.018580,0.215301,0.632277,-0.027837,0.205724,0.568375,-0.036826,0.177879,0.527666,-0.046366,0.219430,0.577143,-0.022700,0.231958,0.497937,-0.041596,0.234751,0.445598,-0.052938,0.234950,0.401831,-0.060810,0.184241,0.570208,-0.022816,0.170175,0.565318,-0.058075,0.163299,0.619292,-0.065213,0.162888,0.663007,-0.062044,0.151747,0.574561,-0.024451,0.138882,0.580179,-0.054439,0.142374,0.628676,-0.047868,0.146932,0.667023,-0.035892,0.121633,0.589173,-0.028170,0.115582,0.594383,-0.048868,0.120740,0.632088,-0.044398,0.127376,0.660265,-0.034958
1931,0,0.275859,0.088521,0.303931,4.378106,3.252171,0.143599,0.737850,-0.000000,0.183257,0.701577,-0.018562,0.207206,0.636771,-0.027910,0.195491,0.572993,-0.037024,0.166434,0.533546,-0.046573,0.212055,0.578464,-0.021980,0.222185,0.500324,-0.040173,0.223279,0.448886,-0.051029,0.221963,0.405816,-0.058568,0.176644,0.572289,-0.022147,0.162184,0.569435,-0.056691,0.156696,0.624062,-0.063794,0.156744,0.667304,-0.060645,0.143913,0.577750,-0.023789,0.131287,0.585305,-0.053609,0.135495,0.634505,-0.047377,0.140042,0.672064,-0.035449,0.113518,0.593371,-0.027408,0.108360,0.598496,-0.047645,0.114262,0.635992,-0.042887,0.120624,0.663831,-0.033237
1963,0,0.400162,0.092673,0.868687,4.668985,3.226823,0.135792,0.748476,-0.000000,0.174519,0.713376,-0.019518,0.199407,0.648193,-0.029092,0.185597,0.584066,-0.038062,0.155665,0.545525,-0.047166,0.203787,0.590472,-0.021836,0.212213,0.510003,-0.039574,0.211507,0.457992,-0.050089,0.208549,0.414149,-0.057580,0.168748,0.584103,-0.021467,0.153263,0.578099,-0.055497,0.147855,0.632170,-0.062754,0.148472,0.674928,-0.059797,0.136632,0.588924,-0.022609,0.122519,0.591902,-0.052104,0.126929,0.641114,-0.045856,0.131707,0.678862,-0.034014,0.107028,0.603146,-0.025783,0.100849,0.604438,-0.046091,0.106410,0.642178,-0.041220,0.112503,0.670893,-0.031427
2009,0,0.389501,0.102059,0.395531,4.987225,3.297383,0.130408,0.757319,-0.000000,0.168939,0.722469,-0.019684,0.192767,0.657455,-0.029871,0.177187,0.593467,-0.039369,0.146982,0.555175,-0.049051,0.198091,0.597642,-0.022878,0.203539,0.516882,-0.040713,0.200946,0.466120,-0.051270,0.196708,0.422713,-0.058902,0.162214,0.592979,-0.022878,0.145227,0.586088,-0.057120,0.141228,0.642223,-0.064415,0.142638,0.684731,-0.061625,0.129855,0.599298,-0.024307,0.114318,0.600983,-0.054497,0.120564,0.652430,-0.048210,0.126444,0.690639,-0.036343,0.100045,0.615346,-0.027703,0.093100,0.615451,-0.048883,0.100063,0.654359,-0.043974,0.107176,0.682902,-0.034174
2062,0,0.411714,0.152062,0.880787,5.363044,3.402490,0.128105,0.768815,-0.000000,0.164192,0.734458,-0.019856,0.187670,0.670264,-0.030617,0.171170,0.606131,-0.040655,0.140035,0.567994,-0.050760,0.192194,0.605951,-0.023611,0.195807,0.526278,-0.041699,0.191858,0.476259,-0.052309,0.186770,0.432976,-0.060056,0.156309,0.601234,-0.023729,0.137840,0.598165,-0.057867,0.134651,0.654771,-0.065243,0.137112,0.696142,-0.062616,0.123918,0.608490,-0.025228,0.107039,0.615221,-0.056183,0.114752,0.668156,-0.050355,0.122017,0.706194,-0.038533,0.094062,0.625291,-0.028664,0.086263,0.629631,-0.050962,0.094120,0.670263,-0.046617,0.102197,0.698769,-0.036882
2092,0,0.397824,0.122533,0.123207,5.743440,3.488084,0.126507,0.782269,-0.000000,0.161854,0.746557,-0.021040,0.183502,0.681518,-0.032173,0.165908,0.617991,-0.042315,0.134539,0.578697,-0.052558,0.186984,0.616808,-0.024381,0.189337,0.538495,-0.043255,0.185236,0.489217,-0.054371,0.179835,0.445418,-0.062431,0.150864,0.612530,-0.024096,0.131807,0.609783,-0.058939,0.129562,0.668110,-0.066394,0.132588,0.709101,-0.063708,0.118415,0.620593,-0.025406,0.101313,0.628029,-0.057898,0.110268,0.682954,-0.052054,0.118685,0.720928,-0.039863,0.088696,0.638198,-0.028613,0.080770,0.643069,-0.052659,0.089961,0.685409,-0.048528,0.098909,0.714128,-0.038587
2145,0,0.326043,0.071287,0.591897,6.034749,3.493081,0.125069,0.794509,-0.000000,0.160840,0.762254,-0.023579,0.182426,0.694748,-0.034926,0.161680,0.630087,-0.044552,0.130092,0.590872,-0.054010,0.186288,0.627555,-0.024565,0.186163,0.547795,-0.043716,0.181059,0.499426,-0.054846,0.175242,0.457922,-0.062800,0.149125,0.624374,-0.022911,0.129668,0.619564,-0.059525,0.127663,0.680274,-0.067814,0.131517,0.723213,-0.064806,0.116286,0.632978,-0.023178,0.098786,0.637571,-0.057620,0.108531,0.694902,-0.052540,0.117761,0.734053,-0.040107,0.086494,0.650988,-0.025367,0.077952,0.654068,-0.051002,0.087090,0.698141,-0.047526,0.096840,0.726667,-0.037566
2190,0,0.322849,0.072664,1.099083,6.292193,3.454477,0.125607,0.808862,-0.000000,0.161564,0.774731,-0.022499,0.183222,0.708300,-0.033597,0.161545,0.644524,-0.043346,0.129423,0.604819,-0.052791,0.187034,0.639007,-0.022499,0.186975,0.563249,-0.041761,0.181254,0.516362,-0.053331,0.174770,0.474555,-0.061798,0.149990,0.633509,-0.021572,0.130386,0.635755,-0.057109,0.129349,0.696836,-0.065508,0.133845,0.736496,-0.063248,0.116730,0.641646,-0.022601,0.098690,0.651797,-0.056535,0.109297,0.709384,-0.051611,0.119362,0.746423,-0.039770,0.086367,0.659806,-0.025569,0.078108,0.667873,-0.051206,0.087852,0.712166,-0.047934,0.097686,0.739748,-0.038320
2219,0,0.397644,0.079772,0.378177,6.537104,3.493240,0.129773,0.823505,-0.000000,0.166689,0.787027,-0.022921,0.188393,0.719989,-0.034256,0.165720,0.656807,-0.044096,0.130594,0.619424,-0.053567,0.192533,0.650248,-0.023358,0.190661,0.578203,-0.042585,0.183428,0.532135,-0.054540,0.176418,0.490506,-0.063541,0.154246,0.645478,-0.022417,0.132189,0.649486,-0.057529,0.132660,0.709482,-0.066194,0.138792,0.749640,-0.064414,0.119791,0.655585,-0.023374,0.101001,0.667896,-0.057093,0.112700,0.725283,-0.052257,0.123464,0.763733,-0.040637,0.088757,0.676664,-0.026380,0.080645,0.685638,-0.052257,0.091191,0.729288,-0.049301,0.101401,0.757371,-0.039999
2270,0,0.495368,0.083056,1.067993,6.694616,3.520497,0.138701,0.838176,-0.000000,0.175983,0.802096,-0.021805,0.196759,0.736092,-0.032967,0.173967,0.675106,-0.043006,0.139597,0.638799,-0.052627,0.198015,0.660071,-0.022425,0.197344,0.591272,-0.042202,0.190741,0.546651,-0.054805,0.184040,0.506448,-0.064124,0.159370,0.654564,-0.022341,0.141233,0.664284,-0.057051,0.141703,0.724726,-0.065800,0.147269,0.765217,-0.064292,0.124307,0.666451,-0.024235,0.110200,0.684501,-0.057286,0.121825,0.741134,-0.052559,0.132200,0.779376,-0.041230,0.092867,0.690204,-0.028190,0.088777,0.704005,-0.053163,0.100117,0.746868,-0.050314,0.110153,0.773949,-0.041297
2301,0,0.505585,0.133369,1.852022,6.791786,3.475520,0.145682,0.851078,-0.000000,0.183805,0.815797,-0.020823,0.206031,0.750187,-0.031528,0.186187,0.689479,-0.041244,0.151846,0.653613,-0.050826,0.205334,0.671133,-0.023403,0.207063,0.606207,-0.043455,0.201359,0.561553,-0.056154,0.194765,0.520691,-0.065334,0.166656,0.662282,-0.023202,0.151232,0.681280,-0.057226,0.151626,0.740289,-0.065166,0.157034,0.781984,-0.063290,0.130764,0.672704,-0.024927,0.121079,0.701760,-0.056221,0.131989,0.755490,-0.051329,0.141752,0.793484,-0.040306,0.099035,0.695453,-0.028881,0.099468,0.720738,-0.051999,0.110450,0.763045,-0.049620,0.119737,0.789644,-0.041244
2361,0,0.447727,0.137988,1.347940,6.761176,3.407461,0.153489,0.860306,-0.000000,0.194300,0.824268,-0.019763,0.218501,0.758001,-0.029720,0.199849,0.696568,-0.038761,0.164320,0.663960,-0.048118,0.214375,0.679475,-0.023926,0.219473,0.619707,-0.043123,0.215219,0.575239,-0.056010,0.209321,0.533735,-0.065633,0.176215,0.666451,-0.023559,0.161347,0.694690,-0.056076,0.161410,0.750936,-0.064235,0.166992,0.792374,-0.063002,0.140385,0.675775,-0.024825,0.131512,0.714474,-0.053812,0.142129,0.764445,-0.049949,0.152273,0.801948,-0.040425,0.108412,0.698131,-0.028404,0.109669,0.732336,-0.050249,0.121344,0.773324,-0.049150,0.131975,0.800287,-0.042024
2408,0,0.397952,0.095703,0.514137,6.623646,3.424792,0.165711,0.865103,-0.000000,0.208166,0.825758,-0.019177,0.231126,0.761051,-0.028856,0.211418,0.702899,-0.037860,0.177763,0.670293,-0.047078,0.226690,0.684763,-0.021481,0.232235,0.627897,-0.041317,0.228563,0.583383,-0.055144,0.222791,0.542036,-0.065119,0.188729,0.673133,-0.021317,0.172307,0.699701,-0.055506,0.173103,0.758816,-0.064428,0.179773,0.804987,-0.062782,0.152387,0.682076,-0.022930,0.142331,0.717590,-0.052444,0.152366,0.768488,-0.048362,0.162666,0.808625,-0.038090,0.119887,0.704820,-0.026831,0.118831,0.734912,-0.048527,0.130761,0.776546,-0.046848,0.142399,0.805873,-0.038913
2440,0,0.357948,0.154364,0.971698,6.482536,3.409971,0.174465,0.866604,-0.000000,0.217306,0.830303,-0.018467,0.242711,0.767332,-0.027960,0.224534,0.708711,-0.036511,0.191981,0.673889,-0.045289,0.237866,0.688195,-0.022824,0.244642,0.632463,-0.042266,0.242127,0.586897,-0.055563,0.237434,0.545240,-0.065219,0.199268,0.671294,-0.022775,0.183725,0.706084,-0.055986,0.182574,0.767430,-0.063594,0.187141,0.815141,-0.061155,0.163177,0.677314,-0.024384,0.153052,0.723579,-0.052052,0.162355,0.773893,-0.047370,0.172329,0.812965,-0.037356,0.131612,0.698548,-0.028367,0.129579,0.740006,-0.048703,0.141280,0.782979,-0.047143,0.152968,0.811744,-0.039600
2481,0,0.279196,0.229338,0.629804,6.287125,3.325917,0.178785,0.862706,-0.000000,0.221947,0.832120,-0.018621,0.252136,0.769880,-0.027535,0.235548,0.708805,-0.034883,0.202712,0.674935,-0.042668,0.248270,0.692239,-0.024467,0.254965,0.632937,-0.042280,0.253499,0.587508,-0.054134,0.250468,0.547481,-0.062661,0.211595,0.669774,-0.023320,0.193479,0.710113,-0.055232,0.189051,0.770516,-0.061821,0.191513,0.818702,-0.058656,0.176680,0.670967,-0.023579,0.161581,0.725606,-0.049354,0.168105,0.775601,-0.044606,0.176527,0.814569,-0.034916,0.145847,0.687134,-0.026211,0.137076,0.735302,-0.045025,0.145937,0.780394,-0.043378,0.156549,0.810085,-0.035917
2515,0,0.205474,0.199778,0.474016,6.205503,3.370129,0.181441,0.857710,-0.000000,0.224934,0.831793,-0.019949,0.257271,0.770619,-0.029656,0.243298,0.706990,-0.037733,0.208433,0.673022,-0.046681,0.254076,0.692973,-0.027540,0.261185,0.631475,-0.045841,0.261149,0.585071,-0.057730,0.259689,0.545477,-0.066129,0.217630,0.669696,-0.026151,0.195846,0.708566,-0.060508,0.191763,0.769179,-0.068164,0.194323,0.818718,-0.064869,0.182902,0.669627,-0.025957,0.163836,0.726071,-0.053659,0.170928,0.777609,-0.050041,0.179769,0.817517,-0.040091,0.151718,0.684277,-0.028170,0.140314,0.734077,-0.047909,0.148416,0.778143,-0.047069,0.159366,0.807385,-0.039671
2562,0,0.165273,0.151705,0.312762,6.190224,3.430499,0.183910,0.855578,-0.000000,0.226417,0.832385,-0.022494,0.259957,0.771590,-0.032985,0.247279,0.707359,-0.041062,0.212492,0.673040,-0.050040,0.257097,0.691393,-0.031794,0.266292,0.631849,-0.051392,0.267673,0.585719,-0.063781,0.267206,0.545076,-0.072727,0.220112,0.666949,-0.029654,0.198248,0.705193,-0.064650,0.194204,0.768283,-0.072019,0.196940,0.816737,-0.068673,0.184736,0.667388,-0.028866,0.164460,0.724252,-0.057828,0.172100,0.778011,-0.053998,0.181703,0.816695,-0.043990,0.153187,0.683266,-0.030636,0.139317,0.735311,-0.051874,0.147779,0.781263,-0.051295,0.159010,0.809724,-0.044151
2609,0,0.104168,0.085110,0.200752,6.115803,3.410190,0.184601,0.854243,-0.000000,0.226852,0.830049,-0.021475,0.259931,0.768682,-0.031836,0.245508,0.704353,-0.040103,0.210532,0.670123,-0.049218,0.256301,0.690689,-0.030589,0.265648,0.629331,-0.050081,0.267061,0.583223,-0.062138,0.266461,0.542400,-0.070741,0.219236,0.666872,-0.028846,0.199813,0.701894,-0.063897,0.195383,0.765147,-0.070805,0.196868,0.813702,-0.067095,0.184311,0.666701,-0.028447,0.166115,0.720947,-0.057245,0.173320,0.774791,-0.052576,0.181733,0.813105,-0.041926,0.152105,0.681484,-0.030509,0.140749,0.730684,-0.050721,0.148737,0.775343,-0.049346,0.158984,0.801882,-0.041766
2641,0,0.196033,0.141713,0.565118,6.161480,3.421707,0.180098,0.851393,-0.000000,0.222996,0.824975,-0.019754,0.253175,0.764263,-0.029375,0.238105,0.703339,-0.037395,0.205184,0.668998,-0.046360,0.249738,0.685902,-0.028559,0.259878,0.627033,-0.047321,0.260933,0.581189,-0.059519,0.260716,0.540268,-0.068260,0.212040,0.665293,-0.027422,0.197543,0.704601,-0.060287,0.193931,0.764732,-0.067171,0.195740,0.811633,-0.064418,0.176482,0.669126,-0.027390,0.165042,0.721057,-0.054172,0.170985,0.770653,-0.048793,0.177568,0.808758,-0.038356,0.144765,0.687545,-0.029824,0.140008,0.731196,-0.049210,0.147163,0.773450,-0.046808,0.154599,0.801691,-0.038676
2692,0,0.280274,0.253828,0.653407,6.259474,3.482008,0.177913,0.853035,-0.000000,0.219734,0.820701,-0.018896,0.244390,0.759426,-0.028781,0.228297,0.702516,-0.037760,0.197304,0.667886,-0.047295,0.239827,0.678039,-0.024982,0.250055,0.624830,-0.045737,0.250664,0.579136,-0.059659,0.249637,0.537868,-0.069671,0.200628,0.663373,-0.025491,0.189887,0.695077,-0.058547,0.189157,0.755936,-0.065539,0.192671,0.801977,-0.063346,0.163936,0.673083,-0.027732,0.160207,0.716940,-0.056131,0.167806,0.765267,-0.050791,0.174359,0.800845,-0.040493,0.131439,0.697808,-0.032388,0.135442,0.735916,-0.053270,0.145328,0.775631,-0.051204,0.152747,0.800607,-0.043672
2726,0,0.350931,0.149788,1.048269,6.433014,3.456542,0.167463,0.853238,-0.000000,0.209638,0.816926,-0.018792,0.231693,0.756144,-0.028298,0.214860,0.699397,-0.037016,0.183034,0.665596,-0.046097,0.227973,0.679166,-0.022118,0.236914,0.623333,-0.043417,0.236414,0.577374,-0.057857,0.233739,0.535631,-0.068104,0.188503,0.667651,-0.023143,0.176769,0.686693,-0.056533,0.177905,0.746168,-0.063943,0.183451,0.791085,-0.061641,0.151808,0.677776,-0.026233,0.148219,0.712441,-0.055934,0.157903,0.761022,-0.050605,0.166091,0.795620,-0.039759,0.119576,0.702692,-0.031609,0.124783,0.734979,-0.052718,0.136313,0.773880,-0.049943,0.144589,0.798128,-0.041809
2770,0,0.354539,0.167480,0.578496,6.659123,3.538331,0.158624,0.850906,-0.000000,0.198252,0.815416,-0.016675,0.218043,0.753270,-0.025447,0.200084,0.699148,-0.034013,0.167833,0.666686,-0.042928,0.214998,0.674888,-0.020500,0.222424,0.618423,-0.040557,0.220054,0.573517,-0.054181,0.215791,0.533261,-0.063886,0.176421,0.664293,-0.022365,0.164810,0.690900,-0.053738,0.166769,0.748558,-0.060630,0.172932,0.790042,-0.058765,0.140136,0.676320,-0.026063,0.136257,0.714421,-0.053707,0.145805,0.761822,-0.047859,0.153992,0.794177,-0.037427,0.108268,0.702682,-0.031974,0.113595,0.734970,-0.051557,0.124799,0.772890,-0.047954,0.132979,0.795955,-0.039640
2819,0,0.402994,0.149636,0.812883,6.874127,3.525695,0.146989,0.850004,-0.000000,0.184765,0.814885,-0.018294,0.203222,0.751770,-0.027212,0.186141,0.698717,-0.035672,0.153605,0.669153,-0.044368,0.200546,0.671498,-0.020508,0.205607,0.613591,-0.040510,0.201373,0.569800,-0.054172,0.195305,0.530989,-0.063944,0.162319,0.663782,-0.021678,0.149285,0.682534,-0.052654,0.154225,0.737481,-0.060117,0.162312,0.776520,-0.058662,0.126529,0.677338,-0.024904,0.120450,0.709056,-0.052591,0.131715,0.756021,-0.047562,0.140863,0.787627,-0.037601,0.095667,0.704719,-0.030422,0.099056,0.732699,-0.049966,0.110824,0.769679,-0.046772,0.119464,0.792207,-0.038834
2852,0,0.382899,0.097113,0.373099,7.239986,3.574726,0.134305,0.852239,-0.000000,0.171546,0.818053,-0.019428,0.188260,0.754338,-0.028792,0.171441,0.701406,-0.037453,0.140079,0.672373,-0.046545,0.188250,0.672791,-0.022650,0.189483,0.614464,-0.043355,0.182679,0.571529,-0.057806,0.174384,0.533843,-0.067824,0.150509,0.664824,-0.022778,0.136181,0.686289,-0.054074,0.139635,0.740417,-0.061922,0.146510,0.779046,-0.060741,0.114888,0.678295,-0.024884,0.106132,0.711186,-0.052638,0.116282,0.758140,-0.047949,0.125053,0.791583,-0.038123,0.084166,0.705004,-0.029382,0.084056,0.733082,-0.049703,0.094802,0.770947,-0.046768,0.103506,0.796980,-0.038665
2895,0,0.519995,0.195293,0.784299,7.716622,3.686968,0.121472,0.855209,-0.000000,0.155822,0.821986,-0.021049,0.170082,0.761241,-0.032086,0.154323,0.710189,-0.042386,0.126302,0.677929,-0.052767,0.174982,0.678722,-0.025182,0.173703,0.618468,-0.048442,0.164878,0.576261,-0.064172,0.154148,0.539045,-0.074649,0.137901,0.671974,-0.024990,0.119628,0.693227,-0.059110,0.122652,0.747982,-0.067408,0.130067,0.784174,-0.065934,0.103006,0.685277,-0.027056,0.090668,0.718379,-0.057701,0.102059,0.766376,-0.052959,0.112492,0.797828,-0.042290,0.073346,0.710178,-0.031606,0.071182,0.737092,-0.054144,0.081401,0.776497,-0.051293,0.090804,0.801170,-0.042643
2927,0,0.435363,0.133829,0.914003,8.137682,3.768793,0.108796,0.858380,-0.000000,0.144075,0.828996,-0.022225,0.156917,0.765389,-0.033521,0.138720,0.712560,-0.043781,0.109238,0.678925,-0.054105,0.161655,0.683279,-0.026320,0.157614,0.618868,-0.049963,0.146841,0.578740,-0.065513,0.133542,0.544625,-0.075454,0.124492,0.678493,-0.025348,0.104137,0.699029,-0.061243,0.108007,0.758752,-0.069273,0.116094,0.797946,-0.067106,0.089465,0.691200,-0.026861,0.074070,0.719017,-0.059108,0.086388,0.770988,-0.054042,0.097795,0.805537,-0.042730,0.059255,0.713768,-0.030797,0.054215,0.735390,-0.055061,0.065510,0.777594,-0.052321,0.076575,0.803862,-0.043399
2980,0,0.550653,0.173446,0.616324,8.644198,3.866966,0.100071,0.870317,-0.000000,0.132117,0.837460,-0.022782,0.143821,0.773632,-0.034542,0.123005,0.720896,-0.044953,0.090889,0.688404,-0.055428,0.151439,0.695733,-0.026284,0.144673,0.629974,-0.048905,0.132244,0.588493,-0.063557,0.118692,0.552423,-0.073004,0.114575,0.691055,-0.024983,0.087244,0.711012,-0.060858,0.089336,0.772411,-0.068955,0.098292,0.814495,-0.066385,0.079901,0.703036,-0.025963,0.058279,0.729595,-0.057838,0.070499,0.782299,-0.052857,0.083120,0.818355,-0.041322,0.050123,0.724801,-0.029353,0.038823,0.745045,-0.052986,0.049921,0.787481,-0.049676,0.061970,0.815154,-0.040133
3027,0,0.535924,0.152198,0.971926,9.160130,3.976762,0.092132,0.881628,-0.000000,0.124438,0.848774,-0.025468,0.135743,0.787056,-0.039245,0.111516,0.733150,-0.051289,0.079525,0.697366,-0.063075,0.144041,0.707363,-0.027571,0.134419,0.641206,-0.052252,0.121112,0.599864,-0.068471,0.106362,0.563267,-0.079069,0.106348,0.704223,-0.026126,0.075544,0.718411,-0.066094,0.079417,0.782862,-0.076050,0.090311,0.827007,-0.073866,0.071635,0.715745,-0.027330,0.047150,0.739450,-0.062690,0.061023,0.794671,-0.058129,0.075510,0.831918,-0.046182,0.042162,0.737309,-0.031168,0.027766,0.756763,-0.057712,0.040011,0.800839,-0.055399,0.054037,0.827809,-0.046054
3058,0,0.400181,0.092907,0.454538,9.555080,3.923822,0.086042,0.894859,-0.000000,0.118176,0.863681,-0.026146,0.131488,0.805097,-0.040646,0.107473,0.752786,-0.053286,0.075597,0.718560,-0.065541,0.140619,0.720660,-0.028311,0.130456,0.656279,-0.052869,0.115430,0.614781,-0.069037,0.100209,0.577938,-0.079752,0.103110,0.714643,-0.026482,0.071124,0.733306,-0.065765,0.072978,0.796967,-0.075967,0.083336,0.839885,-0.074106,0.068539,0.724919,-0.027220,0.042643,0.750852,-0.062557,0.054948,0.807158,-0.058258,0.069602,0.845774,-0.046388,0.039279,0.745515,-0.030637,0.022924,0.765056,-0.057585,0.033455,0.810756,-0.055243,0.047274,0.839876,-0.045586
3104,0,0.364853,0.124262,0.485587,9.911319,3.998776,0.086556,0.909921,-0.000000,0.119504,0.875940,-0.026286,0.131934,0.816258,-0.040971,0.104583,0.765251,-0.054010,0.069901,0.733703,-0.066730,0.139334,0.732833,-0.027325,0.128371,0.669773,-0.052444,0.112552,0.629231,-0.069414,0.096499,0.593050,-0.080728,0.101190,0.727355,-0.026014,0.067860,0.745720,-0.066794,0.070678,0.810755,-0.078299,0.082087,0.854082,-0.077020,0.065922,0.738354,-0.027373,0.038291,0.761595,-0.064493,0.051575,0.821082,-0.061041,0.067449,0.861083,-0.049280,0.036474,0.760168,-0.031335,0.018960,0.777247,-0.060146,0.030696,0.824485,-0.058388,0.046060,0.854213,-0.048833
3155,0,0.332395,0.137015,0.395628,10.120360,3.990841,0.089819,0.924838,-0.000000,0.121895,0.889021,-0.026717,0.133083,0.828546,-0.041037,0.103626,0.777538,-0.053243,0.067290,0.746528,-0.064711,0.140914,0.744719,-0.025596,0.128898,0.682896,-0.049687,0.111654,0.643456,-0.066185,0.094825,0.607588,-0.077525,0.102198,0.740173,-0.024475,0.069914,0.752020,-0.063622,0.072036,0.813705,-0.075603,0.082365,0.854358,-0.074770,0.067047,0.752957,-0.026045,0.039788,0.773553,-0.063750,0.054953,0.834756,-0.061444,0.071612,0.875001,-0.049879,0.038419,0.777471,-0.030033,0.021405,0.794130,-0.060002,0.034072,0.841193,-0.058753,0.048892,0.870426,-0.049206
3188,0,0.417956,0.135467,0.284655,10.290043,4.001975,0.097127,0.940243,-0.000000,0.128203,0.902949,-0.027431,0.139115,0.841785,-0.040905,0.107416,0.792005,-0.051870,0.069295,0.763443,-0.061743,0.145530,0.757424,-0.024054,0.133334,0.698338,-0.048076,0.114295,0.659176,-0.064541,0.095450,0.623002,-0.075892,0.106747,0.753315,-0.022671,0.071681,0.763341,-0.061325,0.074930,0.824565,-0.073448,0.086926,0.865288,-0.072548,0.071962,0.766549,-0.024247,0.042411,0.788740,-0.061904,0.058930,0.849493,-0.060071,0.077354,0.888576,-0.048558,0.043931,0.791971,-0.028347,0.025084,0.809220,-0.057369,0.038542,0.855374,-0.055955,0.054227,0.883896,-0.046404
3234,0,0.519919,0.124036,0.667914,10.377295,3.935143,0.104892,0.955686,-0.000000,0.137692,0.918501,-0.029213,0.150551,0.856500,-0.041866,0.116737,0.808590,-0.051315,0.078094,0.780057,-0.058811,0.152384,0.768410,-0.023479,0.142449,0.712962,-0.048913,0.122628,0.675477,-0.066178,0.101779,0.639737,-0.077966,0.112661,0.765536,-0.021670,0.080651,0.776757,-0.059355,0.086322,0.838344,-0.070791,0.099757,0.874278,-0.069894,0.077379,0.779983,-0.023544,0.050772,0.804374,-0.060957,0.069510,0.864022,-0.058587,0.089425,0.894594,-0.047151,0.049049,0.807486,-0.028252,0.033686,0.827693,-0.055704,0.050426,0.872193,-0.053365,0.067428,0.894513,-0.043788
3266,0,0.706336,0.295409,2.943865,10.517185,3.943380,0.114231,0.969489,-0.000000,0.147772,0.935286,-0.027428,0.163330,0.876776,-0.040861,0.128524,0.829768,-0.051742,0.089332,0.801326,-0.060473,0.161982,0.780052,-0.025165,0.154955,0.728954,-0.052223,0.135006,0.694119,-0.070102,0.113292,0.659614,-0.082299,0.120068,0.771963,-0.024298,0.099526,0.807681,-0.061050,0.109555,0.869188,-0.070808,0.123280,0.896428,-0.070102,0.083682,0.786025,-0.027107,0.066533,0.832599,-0.061436,0.086013,0.885852,-0.056814,0.104935,0.905573,-0.045836,0.054082,0.813152,-0.033157,0.047715,0.853780,-0.057488,0.066078,0.895960,-0.054374,0.082428,0.911346,-0.045322
3313,0,0.648629,0.219404,1.436331,10.650899,3.996741,0.124155,0.981663,-0.000000,0.160018,0.948495,-0.025262,0.177602,0.892386,-0.038766,0.141991,0.848467,-0.050364,0.102053,0.822178,-0.060373,0.171955,0.793457,-0.026310,0.167979,0.747581,-0.053002,0.149725,0.713171,-0.071558,0.129215,0.679221,-0.084586,0.128979,0.780268,-0.025976,0.112319,0.833452,-0.060723,0.121483,0.892978,-0.069906,0.133596,0.920123,-0.069970,0.091813,0.793937,-0.028900,0.079281,0.856493,-0.059992,0.098500,0.905831,-0.054940,0.116504,0.925225,-0.045185,0.061355,0.821494,-0.035175,0.059648,0.874999,-0.057800,0.078249,0.916423,-0.055130,0.094456,0.932167,-0.047028
3363,0,0.656194,0.182750,0.599106,10.671495,3.991808,0.135903,0.992476,-0.000000,0.173519,0.962153,-0.023140,0.192862,0.908866,-0.036542,0.158564,0.867028,-0.048476,0.119273,0.841803,-0.059420,0.185417,0.808098,-0.026433,0.182663,0.764503,-0.051753,0.165320,0.731162,-0.069931,0.145472,0.698734,-0.082668,0.141622,0.793574,-0.026386,0.125503,0.851270,-0.058709,0.134372,0.907891,-0.067705,0.146806,0.936857,-0.068385,0.103846,0.807384,-0.029076,0.093312,0.873058,-0.057688,0.112590,0.920109,-0.053082,0.130754,0.943331,-0.044271,0.072934,0.835583,-0.034935,0.072967,0.889848,-0.056112,0.092045,0.930814,-0.053515,0.108871,0.949470,-0.045693
3396,0,0.625204,0.172546,0.470760,10.728994,4.088718,0.149204,1.001724,-0.000000,0.185929,0.974263,-0.022565,0.207519,0.924896,-0.036135,0.174442,0.883735,-0.047999,0.134797,0.860317,-0.059048,0.197497,0.821183,-0.027230,0.196818,0.782706,-0.051772,0.180414,0.750850,-0.069794,0.161929,0.717758,-0.082956,0.154011,0.804730,-0.027818,0.138897,0.867040,-0.058323,0.146630,0.923657,-0.067259,0.157606,0.950701,-0.068587,0.116072,0.818182,-0.030912,0.106731,0.891582,-0.058202,0.125865,0.938258,-0.053614,0.143460,0.959039,-0.045493,0.085001,0.847053,-0.037131,0.085339,0.907431,-0.057659,0.105641,0.948769,-0.054882,0.122851,0.966945,-0.047304
3442,0,0.693413,0.365785,0.591160,10.934417,4.385148,0.162196,1.009013,-0.000000,0.197657,0.983351,-0.023010,0.222111,0.939474,-0.039093,0.189353,0.902298,-0.053612,0.149436,0.879682,-0.067754,0.207094,0.830927,-0.031385,0.210843,0.801442,-0.057379,0.197359,0.770955,-0.076680,0.181184,0.737590,-0.091112,0.161127,0.811672,-0.032399,0.147978,0.884548,-0.065262,0.158257,0.944922,-0.074999,0.171241,0.973647,-0.076796,0.122234,0.825873,-0.035674,0.116121,0.907821,-0.064740,0.137555,0.956344,-0.060162,0.156941,0.979500,-0.052105,0.090696,0.856467,-0.041991,0.092141,0.923012,-0.065146,0.113861,0.965611,-0.063523,0.132853,0.983793,-0.056568
3474,0,0.871776,0.729123,2.705789,11.140266,4.900597,0.174632,1.003619,-0.000000,0.208782,0.992011,-0.034286,0.235729,0.952049,-0.057098,0.206295,0.911831,-0.075587,0.163227,0.887998,-0.092717,0.221353,0.839656,-0.051742,0.226838,0.815329,-0.087605,0.214064,0.787519,-0.110064,0.197315,0.752141,-0.125725,0.172187,0.817986,-0.048914,0.165817,0.893467,-0.085104,0.179896,0.944721,-0.091140,0.190322,0.948965,-0.092010,0.131321,0.833958,-0.049839,0.129603,0.921883,-0.082439,0.151976,0.965651,-0.072216,0.167104,0.968767,-0.061775,0.097620,0.865292,-0.054814,0.102396,0.938178,-0.079992,0.124962,0.977074,-0.076349,0.140956,0.981124,-0.068953
3522,0,0.496566,0.303445,0.718937,10.855169,4.962451,0.187017,0.999249,0.000000,0.220068,0.992827,-0.032424,0.246288,0.958091,-0.054417,0.218659,0.921667,-0.072179,0.178858,0.899878,-0.088563,0.234557,0.844774,-0.047381,0.239392,0.823239,-0.080592,0.228632,0.797615,-0.101060,0.215811,0.765124,-0.115722,0.185547,0.823650,-0.045511,0.178683,0.891482,-0.079018,0.193352,0.941705,-0.085070,0.205012,0.946070,-0.085906,0.144566,0.839862,-0.047209,0.144828,0.927191,-0.077394,0.166875,0.966995,-0.068636,0.181358,0.965681,-0.059682,0.110390,0.872318,-0.052695,0.117865,0.945765,-0.075918,0.139511,0.981792,-0.072966,0.153760,0.982159,-0.066717
3573,0,0.517142,0.447191,1.814009,10.628085,4.706365,0.189530,1.002903,-0.000000,0.222909,0.997016,-0.026905,0.254171,0.964164,-0.045261,0.229511,0.929371,-0.060079,0.191807,0.909803,-0.074375,0.244504,0.851542,-0.041676,0.248237,0.825017,-0.068533,0.238297,0.797046,-0.086296,0.226537,0.767697,-0.099452,0.198384,0.826149,-0.040037,0.182014,0.906808,-0.068058,0.191330,0.963196,-0.072143,0.204114,0.981507,-0.072238,0.158598,0.839295,-0.041153,0.151837,0.932978,-0.064591,0.169116,0.970971,-0.055663,0.183920,0.975312,-0.047684,0.124683,0.870206,-0.045760,0.126338,0.946004,-0.063926,0.144614,0.981368,-0.060222,0.158741,0.983476,-0.053905
3608,0,0.351412,0.195352,1.028755,10.327031,4.594998,0.197903,1.001445,-0.000000,0.229570,0.996112,-0.021932,0.263574,0.965723,-0.038408,0.240221,0.929377,-0.052444,0.202542,0.908626,-0.066385,0.251497,0.855098,-0.037447,0.258388,0.828799,-0.061482,0.251281,0.799248,-0.077873,0.243078,0.767466,-0.090660,0.207501,0.826751,-0.037855,0.199916,0.906174,-0.063837,0.204773,0.961870,-0.068788,0.212260,0.981635,-0.069990,0.169236,0.837629,-0.040114,0.168416,0.931078,-0.061385,0.179199,0.968497,-0.053694,0.188001,0.973385,-0.047157,0.135136,0.865846,-0.045354,0.139789,0.940865,-0.060809,0.153574,0.974708,-0.056963,0.162759,0.977168,-0.051387
3651,0,0.392204,0.197632,1.174094,10.005717,4.597058,0.209913,0.996913,-0.000000,0.241082,0.986344,-0.018400,0.272838,0.955737,-0.032600,0.250819,0.921953,-0.045086,0.213753,0.904575,-0.058018,0.261488,0.852645,-0.032881,0.267941,0.826067,-0.055483,0.261903,0.794585,-0.070363,0.254633,0.761247,-0.081581,0.218813,0.825553,-0.034548,0.209925,0.894167,-0.063040,0.212274,0.955974,-0.068673,0.217392,0.986542,-0.067640,0.180135,0.834525,-0.037528,0.178241,0.922570,-0.061069,0.187966,0.966555,-0.054450,0.195714,0.980345,-0.046048,0.145079,0.860918,-0.042833,0.149011,0.934576,-0.057924,0.161848,0.971491,-0.053417,0.170275,0.978526,-0.046259
3683,0,0.355621,0.094125,0.697244,9.701899,4.576429,0.216575,0.988727,-0.000000,0.248795,0.978508,-0.018012,0.280318,0.947944,-0.032426,0.258808,0.914512,-0.044960,0.223910,0.895328,-0.057935,0.268116,0.844975,-0.034213,0.275521,0.816417,-0.057006,0.272830,0.784777,-0.072604,0.269767,0.751904,-0.084395,0.225426,0.816699,-0.035466,0.221036,0.891141,-0.063505,0.221395,0.953678,-0.068008,0.224639,0.986024,-0.066894,0.187098,0.825660,-0.038089,0.188644,0.913960,-0.060674,0.196520,0.958334,-0.053200,0.202491,0.975277,-0.045053,0.153040,0.852571,-0.043056,0.159473,0.925503,-0.057981,0.171656,0.962793,-0.053618,0.179392,0.971580,-0.046817
3730,0,0.422916,0.194730,0.732606,9.427213,4.557432,0.221298,0.980144,-0.000000,0.255286,0.971071,-0.019278,0.287932,0.941108,-0.034292,0.268484,0.904390,-0.047339,0.234732,0.882674,-0.061177,0.275038,0.836290,-0.034456,0.281825,0.806012,-0.058055,0.280292,0.772337,-0.074875,0.278685,0.739875,-0.086803,0.232331,0.808116,-0.035504,0.231227,0.877606,-0.069051,0.230248,0.943818,-0.076646,0.232318,0.989519,-0.074922,0.193556,0.815971,-0.037787,0.197679,0.900290,-0.063926,0.204712,0.949223,-0.058521,0.210624,0.979783,-0.049389,0.159393,0.841980,-0.042446,0.166957,0.912212,-0.059825,0.179209,0.951639,-0.056937,0.187974,0.968547,-0.049715
3779,0,0.277560,0.166932,0.443656,9.231409,4.471467,0.226566,0.978275,-0.000000,0.260252,0.967855,-0.019906,0.292909,0.932105,-0.034789,0.275455,0.889788,-0.047183,0.241883,0.865577,-0.060430,0.277913,0.829558,-0.037277,0.285838,0.798542,-0.061141,0.286104,0.761849,-0.078251,0.286910,0.726115,-0.090574,0.237031,0.800121,-0.037348,0.234100,0.875022,-0.070336,0.231771,0.941772,-0.076450,0.234077,0.986980,-0.074222,0.199258,0.807059,-0.038651,0.201181,0.894685,-0.064079,0.209166,0.943483,-0.057444,0.217340,0.974221,-0.048107,0.165864,0.833162,-0.042562,0.170500,0.906717,-0.060525,0.183606,0.947042,-0.058107,0.194780,0.963949,-0.051377
3812,0,0.296652,0.302179,0.586727,9.104445,4.294814,0.230985,0.982007,-0.000000,0.267041,0.967512,-0.023075,0.297827,0.925300,-0.038731,0.279178,0.879016,-0.051624,0.244675,0.852532,-0.065054,0.282267,0.820816,-0.035762,0.289578,0.790783,-0.061550,0.290024,0.753529,-0.080186,0.289994,0.718720,-0.093226,0.240392,0.794711,-0.035471,0.237750,0.859112,-0.072839,0.237238,0.927933,-0.081062,0.240077,0.978080,-0.078629,0.201669,0.803472,-0.037174,0.205034,0.885673,-0.066903,0.214855,0.937791,-0.061794,0.224364,0.972262,-0.051722,0.167091,0.831584,-0.041747,0.173706,0.903123,-0.062961,0.188997,0.943488,-0.062426,0.201888,0.960018,-0.056101
3860,0,0.130486,0.267388,0.216927,9.024187,4.043574,0.228761,0.988030,-0.000000,0.266257,0.971591,-0.022602,0.299575,0.925680,-0.037259,0.283270,0.875943,-0.049396,0.248745,0.847572,-0.062072,0.283173,0.819818,-0.033222,0.290703,0.789114,-0.057650,0.290523,0.751797,-0.074929,0.290585,0.716016,-0.087117,0.241582,0.793812,-0.033273,0.239315,0.855197,-0.070301,0.239325,0.924406,-0.078786,0.243136,0.974746,-0.076420,0.202731,0.802192,-0.035279,0.206199,0.881654,-0.065672,0.216632,0.935966,-0.061507,0.227224,0.971590,-0.051838,0.167887,0.830013,-0.040062,0.174563,0.902429,-0.062227,0.190864,0.945014,-0.062741,0.204765,0.963149,-0.056930
3893,0,0.143830,0.159610,0.483665,8.954403,3.917547,0.226392,0.989433,-0.000000,0.264609,0.972436,-0.019826,0.298953,0.926533,-0.033025,0.282452,0.877170,-0.044285,0.246967,0.849485,-0.056461,0.283329,0.819893,-0.030628,0.292803,0.787285,-0.052798,0.293077,0.750195,-0.068475,0.292713,0.714727,-0.079735,0.241583,0.792553,-0.031275,0.238933,0.858723,-0.065135,0.237523,0.926901,-0.072570,0.240224,0.976673,-0.070307,0.203193,0.801213,-0.033457,0.205071,0.882518,-0.061364,0.215087,0.935315,-0.057162,0.225185,0.971494,-0.048245,0.169469,0.829068,-0.038090,0.174286,0.900938,-0.058562,0.189614,0.943798,-0.058401,0.202782,0.963977,-0.052501
3937,0,0.148945,0.058856,0.278593,9.075928,3.935711,0.225266,0.994094,-0.000000,0.264276,0.975141,-0.018229,0.298534,0.929651,-0.030778,0.281406,0.882643,-0.041975,0.246130,0.855738,-0.054164,0.282561,0.825380,-0.030336,0.290424,0.791519,-0.052123,0.290740,0.754499,-0.067016,0.291834,0.718781,-0.077716,0.241303,0.797805,-0.031550,0.238018,0.867535,-0.065196,0.234965,0.933509,-0.072256,0.237619,0.981520,-0.069829,0.203084,0.805391,-0.034197,0.203561,0.890375,-0.061776,0.212895,0.941294,-0.057805,0.223996,0.975664,-0.049200,0.168880,0.830993,-0.039217,0.172375,0.905067,-0.058963,0.187377,0.947845,-0.058908,0.201489,0.967749,-0.053254
3987,0,0.102486,0.079645,0.241297,9.141708,3.979029,0.225978,0.996442,-0.000000,0.264273,0.976872,-0.017976,0.296801,0.932142,-0.030587,0.278766,0.886727,-0.042064,0.243014,0.859999,-0.054371,0.281192,0.827814,-0.029176,0.289445,0.795379,-0.051024,0.289845,0.759080,-0.066041,0.290756,0.723039,-0.077048,0.240199,0.799895,-0.030780,0.236500,0.872033,-0.063829,0.234013,0.937591,-0.070687,0.236482,0.982666,-0.068641,0.201945,0.808063,-0.033933,0.201738,0.893948,-0.061340,0.211825,0.944514,-0.056915,0.223126,0.975548,-0.048259,0.167640,0.834329,-0.039464,0.170843,0.908516,-0.059183,0.186054,0.950630,-0.058574,0.200000,0.968062,-0.052684
4023,0,0.107511,0.146018,0.228701,9.192537,4.067295,0.223280,0.992404,-0.000000,0.261581,0.973906,-0.018767,0.294034,0.932782,-0.032207,0.276442,0.888689,-0.044281,0.240607,0.862880,-0.057092,0.279740,0.829498,-0.030759,0.287838,0.796184,-0.053241,0.287871,0.760382,-0.068456,0.287332,0.725145,-0.079492,0.238540,0.801524,-0.032207,0.233931,0.871664,-0.065233,0.232277,0.936714,-0.071625,0.235543,0.980775,-0.069166,0.199969,0.810138,-0.035266,0.199781,0.895437,-0.062883,0.210612,0.946076,-0.057748,0.222185,0.976309,-0.048515,0.165684,0.836704,-0.040729,0.168943,0.911824,-0.060425,0.184226,0.952896,-0.059114,0.197880,0.969124,-0.052667
4073,0,0.052225,0.066674,0.203890,9.207586,4.098252,0.224463,0.992680,-0.000000,0.261667,0.974991,-0.019802,0.293771,0.933717,-0.033736,0.276660,0.888578,-0.046170,0.241527,0.861928,-0.059273,0.279196,0.828081,-0.030655,0.286469,0.796293,-0.053753,0.285785,0.760733,-0.069456,0.285180,0.726251,-0.080603,0.237901,0.800817,-0.031807,0.234654,0.870411,-0.066615,0.233104,0.937393,-0.073904,0.236064,0.983436,-0.071331,0.199173,0.809290,-0.034674,0.200425,0.894549,-0.063453,0.210417,0.946061,-0.058952,0.221432,0.977014,-0.049600,0.164460,0.835999,-0.040060,0.169192,0.911095,-0.060238,0.184292,0.952583,-0.059434,0.198113,0.969239,-0.053030
4118,0,0.046119,0.047249,0.173816,9.189218,4.070476,0.224207,0.993194,-0.000000,0.261076,0.975373,-0.019765,0.293648,0.933186,-0.033532,0.278273,0.887866,-0.045900,0.244477,0.861292,-0.058961,0.278145,0.827142,-0.030067,0.285609,0.794780,-0.053097,0.284753,0.759108,-0.069143,0.283771,0.725076,-0.080392,0.237058,0.800599,-0.031053,0.233920,0.869222,-0.065731,0.232721,0.936052,-0.073461,0.236091,0.983616,-0.071222,0.198542,0.809733,-0.033772,0.199977,0.892473,-0.062533,0.210026,0.944608,-0.058428,0.221196,0.978834,-0.049259,0.164107,0.837147,-0.038996,0.168642,0.909678,-0.059654,0.183854,0.951545,-0.059334,0.197754,0.970367,-0.053177
4157,0,0.181007,0.184210,0.318965,9.052871,3.903728,0.222163,0.993019,-0.000000,0.259836,0.976513,-0.019508,0.294899,0.932018,-0.032299,0.281484,0.881768,-0.043423,0.247874,0.852381,-0.055461,0.279079,0.825123,-0.029343,0.285494,0.789558,-0.050920,0.283384,0.752420,-0.065994,0.280956,0.717256,-0.076528,0.238226,0.797900,-0.029907,0.234020,0.862206,-0.063415,0.231188,0.930148,-0.070831,0.233079,0.980851,-0.068251,0.200078,0.805589,-0.032003,0.199335,0.885093,-0.060190,0.208050,0.939337,-0.056106,0.218410,0.978244,-0.046755,0.165920,0.831885,-0.036463,0.168206,0.900726,-0.056912,0.182629,0.944311,-0.056375,0.196267,0.966828,-0.049872
4198,0,0.329036,0.311372,0.991978,8.815485,3.619948,0.215815,0.989717,-0.000000,0.257028,0.977705,-0.021772,0.298146,0.929923,-0.033615,0.295774,0.874721,-0.043100,0.263224,0.847000,-0.054083,0.279000,0.824610,-0.032172,0.285585,0.781147,-0.052225,0.282707,0.741537,-0.066286,0.279441,0.704248,-0.075993,0.240110,0.796829,-0.030591,0.231396,0.849069,-0.062958,0.227130,0.915486,-0.069781,0.228458,0.968376,-0.066619,0.202903,0.800065,-0.030342,0.196843,0.869533,-0.057799,0.202268,0.925580,-0.054027,0.210873,0.970097,-0.044376,0.170761,0.820557,-0.032505,0.167145,0.878736,-0.052724,0.177045,0.927751,-0.051587,0.188686,0.960358,-0.044154
4228,0,0.385107,0.323363,1.376712,8.742562,3.553640,0.212315,0.986725,-0.000000,0.255635,0.974896,-0.029293,0.299024,0.925143,-0.043193,0.305990,0.870137,-0.053803,0.280816,0.839915,-0.065225,0.279606,0.816512,-0.034729,0.286441,0.770960,-0.057862,0.283103,0.731034,-0.073052,0.279749,0.696161,-0.082734,0.241007,0.792276,-0.030670,0.227660,0.829435,-0.069051,0.221919,0.898551,-0.078270,0.222582,0.954991,-0.074385,0.203682,0.796608,-0.029061,0.191407,0.855379,-0.064123,0.196311,0.915338,-0.063602,0.205587,0.963018,-0.053166,0.172035,0.816987,-0.030148,0.163325,0.868815,-0.056557,0.172629,0.920522,-0.058413,0.184841,0.956084,-0.051368
4271,0,0.521036,0.423061,4.173261,8.301527,3.233546,0.208583,0.977105,-0.000000,0.253511,0.971024,-0.033488,0.302070,0.915335,-0.046586,0.316411,0.857208,-0.056267,0.293808,0.826998,-0.065887,0.283388,0.806205,-0.026666,0.289916,0.750013,-0.052001,0.284039,0.713931,-0.066855,0.278232,0.685050,-0.075446,0.245061,0.793280,-0.022098,0.230600,0.783894,-0.067157,0.222998,0.858505,-0.077866,0.223469,0.916097,-0.071695,0.207752,0.798031,-0.021493,0.191055,0.820320,-0.066371,0.194422,0.891757,-0.065584,0.203062,0.940000,-0.050761,0.173555,0.815238,-0.023369,0.161855,0.844833,-0.056600,0.169475,0.904130,-0.057749,0.181589,0.940150,-0.048160
4325,0,0.673835,0.636095,4.542574,7.736902,2.820149,0.210978,0.974367,0.000000,0.260675,0.960942,-0.029441,0.309844,0.902346,-0.040129,0.329017,0.842285,-0.048841,0.308899,0.805167,-0.057780,0.282531,0.795427,-0.016332,0.290245,0.735708,-0.041327,0.284035,0.698352,-0.057586,0.277704,0.673128,-0.066784,0.241863,0.791511,-0.015052,0.236290,0.744217,-0.056355,0.226453,0.805383,-0.069699,0.225579,0.857923,-0.066072,0.204464,0.803109,-0.017538,0.194605,0.787774,-0.060857,0.192656,0.853961,-0.061181,0.198056,0.899473,-0.047384,0.170445,0.826538,-0.021894,0.161965,0.825457,-0.054250,0.168272,0.878605,-0.053667,0.179665,0.914266,-0.043173
4357,0,0.867746,0.791040,4.436943,7.096526,2.374108,0.214172,0.970194,0.000000,0.266710,0.952020,-0.024999,0.314915,0.890409,-0.032012,0.336153,0.830309,-0.037784,0.323308,0.781985,-0.043757,0.284114,0.787737,-0.009043,0.291461,0.729441,-0.027029,0.285244,0.692913,-0.040669,0.279272,0.665582,-0.049394,0.242294,0.785895,-0.009211,0.242915,0.716361,-0.039428,0.229601,0.761008,-0.052011,0.223536,0.803967,-0.051307,0.204281,0.800552,-0.012407,0.199436,0.741947,-0.043455,0.193343,0.790046,-0.042649,0.194504,0.831455,-0.032364,0.169869,0.829141,-0.017566,0.163634,0.790841,-0.041743,0.165647,0.826193,-0.039159,0.171429,0.860819,-0.029965
4401,0,0.836817,0.666502,2.221820,6.567332,1.994536,0.212130,0.960042,0.000000,0.265051,0.944412,-0.025970,0.314948,0.884778,-0.031501,0.337745,0.823973,-0.035098,0.334484,0.774620,-0.038325,0.282608,0.777638,-0.005308,0.290890,0.719491,-0.017263,0.285775,0.681637,-0.029887,0.279680,0.653259,-0.039098,0.242279,0.770471,-0.002589,0.243752,0.697239,-0.022071,0.236128,0.705616,-0.037115,0.230222,0.730625,-0.042527,0.204765,0.779957,-0.002853,0.197862,0.716353,-0.021970,0.194313,0.732208,-0.027819,0.194897,0.759959,-0.027012,0.169435,0.805915,-0.005694,0.159972,0.762265,-0.021684,0.161249,0.774809,-0.023415,0.165540,0.798342,-0.020474
4435,0,0.958343,0.861868,8.341101,6.188892,1.758474,0.206720,0.951881,0.000000,0.265503,0.931302,-0.024673,0.316485,0.874093,-0.029816,0.342040,0.813613,-0.032770,0.345356,0.760831,-0.034472,0.281347,0.764220,-0.004246,0.290256,0.700411,-0.010434,0.287352,0.663786,-0.019286,0.282460,0.633634,-0.026150,0.243797,0.753719,0.000673,0.244324,0.689632,-0.001995,0.239240,0.665423,-0.009287,0.232602,0.651234,-0.014500,0.207722,0.760361,0.001981,0.201642,0.705861,0.000462,0.196317,0.681049,-0.002111,0.192416,0.662050,-0.004991,0.172412,0.783630,-0.000126,0.161837,0.744508,-0.001765,0.156549,0.725630,-0.001051,0.153048,0.711077,-0.000092
4481,0,0.740461,0.500956,0.570665,5.451535,1.286558,0.205165,0.939278,0.000000,0.262999,0.918488,-0.025566,0.314502,0.860662,-0.031953,0.341184,0.799004,-0.036104,0.350910,0.746219,-0.039032,0.281637,0.753388,-0.005837,0.292896,0.686591,-0.014380,0.292892,0.648365,-0.024945,0.289063,0.614767,-0.033230,0.245058,0.738796,-0.001988,0.248653,0.668585,-0.007234,0.246089,0.632686,-0.016952,0.241195,0.605210,-0.024448,0.209409,0.741251,-0.002000,0.205888,0.678133,-0.007740,0.201260,0.641994,-0.014318,0.197009,0.609971,-0.019676,0.173695,0.761037,-0.005087,0.165086,0.712119,-0.011843,0.158711,0.683509,-0.014397,0.154088,0.656752,-0.015480
4534,0,0.657987,0.381400,0.475102,4.812441,0.936838,0.204056,0.924613,0.000000,0.263705,0.904410,-0.026572,0.313541,0.848344,-0.034688,0.339584,0.786666,-0.040526,0.357611,0.734864,-0.045334,0.281362,0.741838,-0.010475,0.295411,0.671962,-0.021637,0.298134,0.630504,-0.032934,0.297566,0.593406,-0.041755,0.244956,0.724606,-0.007483,0.250741,0.647649,-0.015898,0.250419,0.603485,-0.026608,0.247815,0.566966,-0.034832,0.208988,0.725759,-0.008378,0.206478,0.654180,-0.018121,0.202585,0.612236,-0.026752,0.199529,0.574992,-0.033061,0.172705,0.743105,-0.012165,0.164043,0.687836,-0.022830,0.157644,0.654333,-0.027783,0.153011,0.622752,-0.030277
4569,0,0.534889,0.298243,0.231040,4.301401,0.862677,0.203631,0.913416,0.000000,0.263311,0.892641,-0.028531,0.311620,0.837398,-0.038450,0.337868,0.775730,-0.045902,0.360114,0.723741,-0.052243,0.279368,0.726306,-0.013617,0.295665,0.654520,-0.026566,0.299510,0.610368,-0.038746,0.299902,0.570924,-0.048164,0.243535,0.708009,-0.010716,0.251792,0.626981,-0.021190,0.253417,0.578140,-0.032833,0.252516,0.537228,-0.041490,0.207572,0.709705,-0.011874,0.205648,0.633749,-0.023804,0.201890,0.587664,-0.033834,0.199227,0.546341,-0.040749,0.171255,0.728354,-0.015990,0.162612,0.669440,-0.028717,0.156365,0.632283,-0.035076,0.152389,0.596630,-0.038450
4603,0,0.467992,0.254446,0.196126,3.936462,0.849742,0.200880,0.901740,0.000000,0.261275,0.879071,-0.028274,0.311008,0.823164,-0.038767,0.338831,0.761202,-0.046842,0.364324,0.710948,-0.054131,0.278192,0.712321,-0.016458,0.296626,0.640095,-0.031113,0.302156,0.593787,-0.044387,0.304067,0.551618,-0.054592,0.241996,0.694438,-0.014454,0.252147,0.611493,-0.026989,0.255094,0.560292,-0.039860,0.254711,0.516253,-0.049374,0.205851,0.696726,-0.016257,0.205355,0.618143,-0.029962,0.203076,0.568311,-0.040896,0.201221,0.523371,-0.048377,0.169169,0.715759,-0.020889,0.161762,0.654037,-0.035064,0.156500,0.614412,-0.041970,0.153169,0.576570,-0.045614
4636,0,0.455601,0.249470,0.190907,3.646298,0.920194,0.197879,0.889765,0.000000,0.258406,0.868568,-0.028590,0.309058,0.811407,-0.040030,0.338722,0.749416,-0.049073,0.367526,0.700553,-0.057376,0.277525,0.699551,-0.019109,0.298097,0.626346,-0.035412,0.305630,0.578496,-0.049541,0.308963,0.535417,-0.060182,0.241381,0.680281,-0.017560,0.254446,0.595058,-0.031689,0.259102,0.542291,-0.044942,0.260045,0.497616,-0.054452,0.204900,0.681740,-0.019752,0.207302,0.599382,-0.034612,0.206906,0.548580,-0.045292,0.206484,0.503626,-0.052347,0.167562,0.700119,-0.024751,0.161232,0.635282,-0.039602,0.156848,0.594239,-0.046228,0.154333,0.555766,-0.049541
4668,0,0.366465,0.163090,0.093610,3.334050,0.938910,0.195257,0.877627,0.000000,0.256448,0.857355,-0.028935,0.308419,0.800793,-0.040351,0.339157,0.738325,-0.049160,0.369115,0.690732,-0.057235,0.277481,0.686802,-0.020235,0.299510,0.612401,-0.036791,0.307489,0.563030,-0.050911,0.311577,0.518892,-0.061490,0.241102,0.666884,-0.018545,0.255329,0.579394,-0.033072,0.260817,0.524937,-0.046297,0.262587,0.479261,-0.055803,0.204320,0.668157,-0.020563,0.208954,0.583480,-0.036015,0.210128,0.531273,-0.047052,0.211452,0.485826,-0.054291,0.166097,0.686170,-0.025356,0.161267,0.619260,-0.040888,0.158243,0.576844,-0.048047,0.157523,0.537592,-0.051666
4706,0,0.323747,0.086521,0.084793,3.047198,0.976536,0.194270,0.865879,0.000000,0.256518,0.844159,-0.028524,0.309559,0.787527,-0.039728,0.341094,0.725796,-0.048409,0.371769,0.678819,-0.056524,0.276930,0.673802,-0.020056,0.299735,0.598014,-0.036781,0.308605,0.547886,-0.050993,0.313440,0.503170,-0.061571,0.240023,0.654341,-0.018653,0.254497,0.565731,-0.033490,0.260484,0.509790,-0.047117,0.262907,0.462591,-0.056928,0.203260,0.655422,-0.020894,0.208905,0.570146,-0.036619,0.211445,0.516974,-0.047803,0.213895,0.470864,-0.055111,0.165195,0.673239,-0.025880,0.161511,0.605653,-0.041706,0.159413,0.562415,-0.048974,0.159439,0.522353,-0.052648
4746,0,0.315431,0.052148,0.087009,2.750092,0.986666,0.194972,0.853649,0.000000,0.257163,0.831182,-0.027705,0.310239,0.774031,-0.038775,0.342273,0.712738,-0.047529,0.372954,0.666095,-0.055735,0.276977,0.660597,-0.019733,0.301171,0.583922,-0.036276,0.310718,0.533553,-0.050291,0.316298,0.488849,-0.060650,0.240003,0.641496,-0.018676,0.255519,0.552000,-0.033189,0.262660,0.495982,-0.046473,0.266175,0.448973,-0.056019,0.203102,0.642849,-0.021185,0.208791,0.556707,-0.036358,0.211593,0.503135,-0.047285,0.214540,0.456851,-0.054435,0.165015,0.660543,-0.026385,0.162240,0.592391,-0.041598,0.160881,0.549018,-0.048545,0.161742,0.508780,-0.052079
4780,0,0.368304,0.107073,0.067141,2.421840,0.939525,0.194735,0.840641,0.000000,0.257982,0.817580,-0.025622,0.311073,0.758663,-0.035483,0.343710,0.697457,-0.043405,0.374503,0.652228,-0.050795,0.277974,0.647541,-0.017201,0.302813,0.571528,-0.033054,0.312980,0.521675,-0.046630,0.318786,0.477483,-0.056675,0.240684,0.628218,-0.016986,0.257202,0.537921,-0.030808,0.264856,0.482108,-0.043650,0.268588,0.435571,-0.052837,0.203707,0.629334,-0.020253,0.209677,0.543120,-0.034769,0.213519,0.489823,-0.045283,0.217194,0.444171,-0.052183,0.165713,0.646382,-0.026071,0.163679,0.577570,-0.040485,0.163058,0.534156,-0.046834,0.164714,0.494344,-0.050019
4812,0,0.284011,0.046080,0.088122,2.160195,0.917913,0.194743,0.828368,0.000000,0.257120,0.804758,-0.025804,0.310519,0.746914,-0.035904,0.344696,0.686780,-0.044094,0.375769,0.641864,-0.051772,0.277887,0.635931,-0.017357,0.303677,0.559882,-0.033358,0.314319,0.510098,-0.047174,0.320790,0.465519,-0.057397,0.241101,0.616479,-0.017120,0.258112,0.526278,-0.031039,0.266131,0.469795,-0.044177,0.270055,0.421882,-0.053661,0.204533,0.617026,-0.020384,0.210843,0.531827,-0.034918,0.215303,0.478416,-0.045490,0.219600,0.432522,-0.052511,0.167077,0.633299,-0.026276,0.165077,0.564550,-0.040564,0.164656,0.521087,-0.046845,0.166195,0.481138,-0.050048
4844,0,0.267277,0.045204,0.050543,1.913269,0.878319,0.194740,0.816821,0.000000,0.257163,0.793854,-0.026478,0.310713,0.735928,-0.036610,0.344811,0.675541,-0.044753,0.376203,0.630882,-0.052341,0.278848,0.625121,-0.017464,0.305179,0.548666,-0.033513,0.316100,0.498766,-0.047378,0.322648,0.453698,-0.057674,0.242224,0.605765,-0.016972,0.259683,0.515725,-0.031032,0.267746,0.459021,-0.044343,0.271755,0.410611,-0.053982,0.205814,0.606223,-0.020048,0.212840,0.521157,-0.034764,0.217824,0.467792,-0.045409,0.222398,0.421754,-0.052423,0.168055,0.621855,-0.025843,0.166818,0.552856,-0.040241,0.166704,0.509698,-0.046476,0.168289,0.469958,-0.049634
4876,0,0.226456,0.090855,0.059780,1.761297,0.892272,0.197591,0.807164,0.000000,0.258467,0.783479,-0.026938,0.311128,0.726432,-0.037508,0.345320,0.666202,-0.046009,0.376796,0.621317,-0.053957,0.279346,0.616838,-0.018672,0.305845,0.541200,-0.035480,0.317204,0.491359,-0.049696,0.324457,0.446234,-0.060102,0.242842,0.597298,-0.018068,0.260751,0.507164,-0.032755,0.269111,0.450698,-0.046009,0.273530,0.402400,-0.055473,0.206812,0.597703,-0.021038,0.213453,0.513008,-0.036279,0.218788,0.460148,-0.046623,0.223833,0.414484,-0.053301,0.169685,0.613569,-0.026794,0.168068,0.545057,-0.041400,0.167976,0.502042,-0.047443,0.169639,0.462124,-0.050434
4908,0,0.178699,0.045443,0.095138,1.624280,0.877716,0.197845,0.800157,0.000000,0.258397,0.777224,-0.027058,0.311338,0.718663,-0.037530,0.345590,0.658544,-0.045721,0.376731,0.613699,-0.053341,0.279892,0.608932,-0.019376,0.307187,0.533567,-0.036043,0.318478,0.483807,-0.050041,0.325345,0.439286,-0.060350,0.243746,0.589808,-0.018724,0.262825,0.499968,-0.033415,0.271272,0.444013,-0.046536,0.275480,0.396768,-0.055868,0.208128,0.591014,-0.021618,0.215083,0.506190,-0.037001,0.220912,0.453465,-0.047473,0.226279,0.408353,-0.054197,0.171350,0.607897,-0.027241,0.169115,0.539398,-0.042176,0.168899,0.496167,-0.048492,0.170623,0.456147,-0.051671
4940,0,0.140527,0.047725,0.098790,1.542732,0.862406,0.198868,0.795251,0.000000,0.258995,0.773002,-0.028665,0.312485,0.714624,-0.039555,0.346849,0.653897,-0.047891,0.378267,0.608737,-0.055573,0.281024,0.604179,-0.020012,0.307613,0.529434,-0.037042,0.318876,0.480425,-0.051487,0.326374,0.436647,-0.062111,0.245241,0.584818,-0.018664,0.264593,0.496087,-0.033589,0.273260,0.440402,-0.046992,0.277959,0.393279,-0.056553,0.209522,0.585863,-0.021105,0.217017,0.501322,-0.036858,0.223563,0.449613,-0.047605,0.229739,0.405035,-0.054551,0.172473,0.602573,-0.026438,0.171249,0.534392,-0.041680,0.171246,0.491808,-0.048340,0.173085,0.451962,-0.051854
4971,0,0.084063,0.034997,0.059877,1.484306,0.842847,0.200293,0.792699,0.000000,0.260894,0.770530,-0.028804,0.313627,0.713226,-0.039670,0.347294,0.652261,-0.047946,0.378111,0.606321,-0.055529,0.282630,0.601945,-0.019478,0.308648,0.527189,-0.036388,0.319962,0.478321,-0.050800,0.327134,0.434511,-0.061360,0.246795,0.582647,-0.017959,0.265414,0.494201,-0.032739,0.273590,0.438712,-0.046111,0.277660,0.391749,-0.055652,0.211067,0.583376,-0.020294,0.218348,0.499278,-0.035919,0.224653,0.447853,-0.046438,0.230489,0.403325,-0.053246,0.174114,0.599783,-0.025563,0.172709,0.531817,-0.040648,0.172783,0.488971,-0.047172,0.174672,0.448944,-0.050596
5004,0,0.048168,0.049201,0.065356,1.477575,0.812739,0.200302,0.791035,0.000000,0.260976,0.769841,-0.029516,0.314436,0.712753,-0.040677,0.348313,0.652113,-0.049072,0.379199,0.605854,-0.056716,0.283280,0.600868,-0.020033,0.309954,0.526449,-0.036794,0.321223,0.477985,-0.051105,0.328608,0.434659,-0.061635,0.247475,0.581350,-0.018092,0.266708,0.493599,-0.032749,0.275111,0.437998,-0.046145,0.279673,0.391539,-0.055740,0.211847,0.582019,-0.020033,0.219921,0.497922,-0.035656,0.226646,0.446719,-0.046511,0.232861,0.402558,-0.053585,0.175070,0.598536,-0.024922,0.173531,0.531041,-0.040290,0.173457,0.488240,-0.047202,0.175347,0.447863,-0.050902
5038,0,0.037808,0.018065,0.071407,1.496264,0.813997,0.201317,0.791597,0.000000,0.262209,0.770917,-0.030014,0.315681,0.713494,-0.041196,0.348909,0.651934,-0.049475,0.379732,0.605513,-0.056984,0.284520,0.601787,-0.019979,0.310462,0.527636,-0.036853,0.321576,0.479471,-0.051342,0.329118,0.436183,-0.062098,0.248635,0.581813,-0.017919,0.267234,0.494141,-0.032571,0.275654,0.438802,-0.046107,0.280236,0.391853,-0.055888,0.212865,0.582540,-0.019847,0.220932,0.498701,-0.035615,0.227824,0.447627,-0.046594,0.234116,0.403282,-0.053737,0.175807,0.598864,-0.024778,0.174668,0.531361,-0.040222,0.174930,0.488709,-0.047203,0.177096,0.448107,-0.050977
5074,0,0.035306,0.017671,0.049689,1.510705,0.816098,0.202271,0.792496,0.000000,0.263018,0.771843,-0.029774,0.316246,0.714408,-0.040828,0.349740,0.653021,-0.049042,0.380573,0.606659,-0.056465,0.284760,0.602743,-0.019957,0.311219,0.528319,-0.036832,0.322413,0.479946,-0.051313,0.329996,0.436607,-0.061901,0.248993,0.582958,-0.017929,0.268112,0.494466,-0.032451,0.276599,0.439002,-0.045756,0.281026,0.392282,-0.055329,0.213529,0.583583,-0.019846,0.221633,0.499253,-0.035392,0.228467,0.447999,-0.046081,0.234724,0.403934,-0.052976,0.176682,0.599578,-0.024744,0.175414,0.531679,-0.039955,0.175778,0.488721,-0.046608,0.177891,0.448476,-0.050137
5100,0,0.037882,0.039814,0.043716,1.519597,0.799350,0.201838,0.793552,0.000000,0.262716,0.772286,-0.028951,0.316477,0.714408,-0.039719,0.350349,0.653149,-0.047785,0.381301,0.607016,-0.055099,0.285267,0.603100,-0.019270,0.311861,0.529091,-0.035899,0.323366,0.481206,-0.050182,0.330749,0.438261,-0.060747,0.249518,0.583476,-0.017604,0.268727,0.495405,-0.032019,0.277151,0.440194,-0.045265,0.281431,0.393584,-0.054814,0.213947,0.583864,-0.019819,0.222169,0.499841,-0.035229,0.229166,0.448491,-0.045834,0.235390,0.404076,-0.052783,0.177160,0.600252,-0.024928,0.175908,0.532675,-0.040024,0.176261,0.489859,-0.046647,0.178386,0.449396,-0.050141
5128,0,0.037818,0.032570,0.046223,1.555316,0.802203,0.201937,0.793739,0.000000,0.262989,0.772815,-0.029752,0.316962,0.715509,-0.040842,0.350643,0.653988,-0.049165,0.381674,0.607371,-0.056735,0.285763,0.604054,-0.019851,0.312658,0.530090,-0.036772,0.323890,0.481827,-0.051241,0.331493,0.438608,-0.061945,0.249862,0.584292,-0.017898,0.268920,0.496539,-0.032641,0.277235,0.440888,-0.046154,0.281522,0.393752,-0.055921,0.214278,0.584843,-0.019912,0.222232,0.500860,-0.035694,0.228988,0.449563,-0.046520,0.235004,0.404961,-0.053602,0.177413,0.600864,-0.024908,0.176279,0.533666,-0.040415,0.176470,0.490654,-0.047334,0.178281,0.449767,-0.051078
5164,0,0.026263,0.038655,0.077975,1.547350,0.795318,0.202887,0.793192,0.000000,0.264009,0.772263,-0.028917,0.317617,0.715533,-0.039773,0.350620,0.653829,-0.047931,0.381159,0.607245,-0.055399,0.285742,0.604418,-0.019755,0.312738,0.530043,-0.036547,0.324340,0.481812,-0.050772,0.331941,0.438442,-0.061162,0.249942,0.584750,-0.018111,0.268648,0.495845,-0.032691,0.276820,0.440194,-0.045861,0.281199,0.393165,-0.055277,0.214582,0.585227,-0.020293,0.221850,0.500981,-0.035735,0.228518,0.449419,-0.046064,0.234559,0.404582,-0.052761,0.177751,0.601239,-0.025366,0.176334,0.533689,-0.040402,0.176958,0.490763,-0.046795,0.179301,0.450370,-0.050123
5197,0,0.031561,0.034371,0.054575,1.524693,0.805335,0.203060,0.793408,0.000000,0.264183,0.772254,-0.028238,0.317561,0.714231,-0.038819,0.350817,0.652801,-0.046785,0.381863,0.606755,-0.054083,0.286073,0.603479,-0.019024,0.312999,0.528938,-0.035515,0.324475,0.480619,-0.049502,0.332035,0.437475,-0.059840,0.250134,0.583956,-0.017656,0.268738,0.494940,-0.032089,0.277016,0.439328,-0.045204,0.281394,0.392338,-0.054610,0.214689,0.584554,-0.020058,0.221919,0.500083,-0.035515,0.228543,0.448677,-0.045975,0.234769,0.404259,-0.052786,0.178064,0.600779,-0.025278,0.176378,0.533092,-0.040441,0.176760,0.490158,-0.047029,0.179114,0.449847,-0.050515
5227,0,0.022719,0.026362,0.054799,1.523016,0.794786,0.203264,0.792911,0.000000,0.264249,0.771816,-0.028841,0.317849,0.714276,-0.039560,0.351198,0.652420,-0.047675,0.382096,0.605901,-0.055038,0.285819,0.602884,-0.018824,0.312738,0.528764,-0.035370,0.324132,0.480595,-0.049587,0.331659,0.437377,-0.060082,0.250075,0.583673,-0.017166,0.268766,0.495642,-0.031668,0.277213,0.440180,-0.045031,0.281859,0.392919,-0.054672,0.214636,0.584381,-0.019404,0.221995,0.500597,-0.034922,0.228824,0.449193,-0.045560,0.235356,0.404386,-0.052516,0.177655,0.600618,-0.024549,0.176494,0.533677,-0.039784,0.177087,0.490700,-0.046536,0.179326,0.450032,-0.050157
5257,0,0.032506,0.029828,0.039525,1.511632,0.801720,0.204231,0.793088,0.000000,0.264981,0.771233,-0.028384,0.318378,0.713470,-0.038940,0.351485,0.651947,-0.046923,0.382455,0.605644,-0.054176,0.286386,0.602961,-0.018589,0.313425,0.528295,-0.034949,0.324829,0.479793,-0.048989,0.332207,0.436428,-0.059322,0.250758,0.583902,-0.017120,0.269459,0.495346,-0.031424,0.277548,0.439434,-0.044572,0.281766,0.392113,-0.054054,0.215372,0.584468,-0.019470,0.222914,0.500218,-0.034645,0.229816,0.448884,-0.045018,0.236125,0.404269,-0.051785,0.178420,0.600125,-0.024697,0.177048,0.532849,-0.039507,0.177587,0.490037,-0.045910,0.179873,0.449657,-0.049273
5293,0,0.028709,0.033286,0.041901,1.511482,0.785443,0.204073,0.792084,0.000000,0.265332,0.770970,-0.027950,0.319284,0.712882,-0.038254,0.352306,0.651374,-0.046043,0.383134,0.605440,-0.053142,0.286618,0.602671,-0.018458,0.313634,0.528236,-0.034847,0.325463,0.479935,-0.048883,0.333287,0.436704,-0.059268,0.250837,0.583461,-0.017200,0.269562,0.494809,-0.031561,0.278205,0.439066,-0.044745,0.282716,0.391914,-0.054237,0.215411,0.584113,-0.019705,0.223295,0.499569,-0.035070,0.230440,0.448012,-0.045556,0.236981,0.403266,-0.052371,0.178563,0.599928,-0.025009,0.177297,0.532298,-0.040120,0.177940,0.489322,-0.046692,0.180540,0.448767,-0.050140
5323,0,0.033273,0.035381,0.054784,1.507695,0.765558,0.204359,0.790899,0.000000,0.265510,0.770338,-0.028931,0.319030,0.713382,-0.039649,0.352451,0.651823,-0.047652,0.383231,0.605278,-0.054986,0.287278,0.602021,-0.018892,0.314275,0.527708,-0.035232,0.325665,0.479381,-0.049313,0.333434,0.436174,-0.059727,0.251326,0.582615,-0.017140,0.270068,0.494076,-0.031363,0.278354,0.438602,-0.044572,0.282966,0.391437,-0.054135,0.215815,0.583102,-0.019247,0.223854,0.499226,-0.034422,0.231047,0.447917,-0.044856,0.237662,0.403244,-0.051663,0.178904,0.599109,-0.024292,0.177812,0.531934,-0.039203,0.178618,0.489224,-0.045666,0.181189,0.448865,-0.049110
5354,0,0.022234,0.016601,0.035556,1.512358,0.771998,0.205315,0.791075,0.000000,0.266378,0.770306,-0.028898,0.319743,0.713114,-0.039584,0.353001,0.651439,-0.047597,0.383811,0.605023,-0.054883,0.287981,0.602081,-0.018527,0.314601,0.528096,-0.034949,0.326043,0.479851,-0.049176,0.333987,0.436764,-0.059659,0.252134,0.582445,-0.016787,0.270566,0.494064,-0.031064,0.279081,0.438560,-0.044360,0.283914,0.391345,-0.053911,0.216663,0.582844,-0.018942,0.224275,0.499045,-0.034302,0.231387,0.447844,-0.044805,0.238179,0.403288,-0.051685,0.179772,0.598744,-0.024021,0.178649,0.531591,-0.039098,0.179327,0.488856,-0.045695,0.181947,0.448276,-0.049176
5387,0,0.033866,0.030820,0.053480,1.534825,0.785916,0.205565,0.791322,0.000000,0.266930,0.770208,-0.028393,0.320312,0.712584,-0.038997,0.353676,0.651277,-0.046991,0.384399,0.604966,-0.054358,0.287783,0.602067,-0.019023,0.314858,0.528067,-0.035618,0.326764,0.479921,-0.049784,0.334662,0.436817,-0.060226,0.252086,0.582930,-0.017607,0.270786,0.494118,-0.032117,0.279280,0.438432,-0.045372,0.284120,0.390960,-0.054924,0.216825,0.583662,-0.019984,0.224547,0.499568,-0.035476,0.231662,0.448104,-0.045979,0.238236,0.403103,-0.052779,0.180283,0.599949,-0.025196,0.179127,0.532632,-0.040353,0.179921,0.489781,-0.046870,0.182517,0.449112,-0.050310
5417,0,0.038252,0.053399,0.055822,1.516300,0.740060,0.204781,0.790425,0.000000,0.266255,0.769944,-0.028895,0.320598,0.712589,-0.039384,0.353744,0.650752,-0.047180,0.384225,0.604091,-0.054308,0.288294,0.601676,-0.018680,0.315506,0.527302,-0.034990,0.326919,0.479285,-0.049084,0.334776,0.436141,-0.059451,0.252718,0.582481,-0.016938,0.271469,0.494179,-0.031082,0.279889,0.438528,-0.044345,0.284662,0.391101,-0.053943,0.217475,0.583115,-0.019075,0.225247,0.499555,-0.034180,0.232520,0.448314,-0.044588,0.239260,0.403541,-0.051433,0.180634,0.598999,-0.024137,0.179615,0.531912,-0.038939,0.180451,0.489250,-0.045358,0.183071,0.448851,-0.048760
5470,0,0.031908,0.044425,0.065051,1.529248,0.761012,0.206424,0.789813,0.000000,0.267575,0.768842,-0.028840,0.320844,0.712343,-0.039640,0.353414,0.650397,-0.047771,0.384455,0.604095,-0.055173,0.289206,0.601677,-0.019072,0.315894,0.527304,-0.035555,0.327302,0.479079,-0.049632,0.334964,0.435793,-0.060027,0.253562,0.582525,-0.017434,0.271723,0.493707,-0.031814,0.280012,0.438017,-0.045101,0.284535,0.390787,-0.054688,0.218118,0.583181,-0.019618,0.226023,0.499280,-0.034969,0.233052,0.447765,-0.045425,0.239648,0.402673,-0.052301,0.181139,0.598936,-0.024715,0.180076,0.531712,-0.039742,0.180988,0.488845,-0.046274,0.183726,0.448012,-0.049793
5500,0,0.016182,0.035439,0.034517,1.536021,0.786779,0.207460,0.790747,0.000000,0.267844,0.769614,-0.028919,0.321225,0.712395,-0.039736,0.353745,0.650673,-0.047829,0.384615,0.604139,-0.055215,0.289302,0.601051,-0.018879,0.315828,0.526746,-0.035377,0.327274,0.478830,-0.049605,0.335157,0.435750,-0.060099,0.253554,0.582082,-0.017265,0.271813,0.493348,-0.031523,0.280531,0.437989,-0.044842,0.285441,0.390836,-0.054489,0.218312,0.582980,-0.019525,0.225944,0.499218,-0.034792,0.233152,0.448013,-0.045286,0.240127,0.403023,-0.052229,0.181754,0.599383,-0.024702,0.180327,0.532425,-0.039757,0.181106,0.489645,-0.046295,0.183567,0.448645,-0.049766
5530,0,0.041943,0.062638,0.073831,1.552065,0.746340,0.206068,0.791052,0.000000,0.267595,0.770399,-0.029449,0.321619,0.712435,-0.040116,0.354904,0.650435,-0.048009,0.385595,0.603449,-0.055174,0.289019,0.602024,-0.018641,0.316035,0.528293,-0.035116,0.327676,0.480569,-0.049547,0.335828,0.437483,-0.060194,0.253580,0.582856,-0.016657,0.272766,0.495320,-0.030886,0.281399,0.439977,-0.044285,0.286479,0.392539,-0.054000,0.218392,0.583458,-0.018692,0.226441,0.500271,-0.033983,0.233794,0.449375,-0.044609,0.240617,0.404399,-0.051612,0.181477,0.599423,-0.023721,0.180613,0.532851,-0.038820,0.181458,0.490065,-0.045540,0.183998,0.449046,-0.049224
5563,0,0.034024,0.028587,0.070613,1.537244,0.740790,0.206674,0.790726,0.000000,0.267976,0.770023,-0.028655,0.321929,0.713046,-0.039176,0.354593,0.651002,-0.047011,0.385273,0.604378,-0.054119,0.289671,0.602144,-0.018296,0.316603,0.528147,-0.034531,0.328189,0.479806,-0.048546,0.336045,0.436411,-0.058925,0.254239,0.582887,-0.016660,0.272578,0.494123,-0.030795,0.281155,0.438392,-0.043982,0.286059,0.390836,-0.053554,0.219090,0.583244,-0.018881,0.226753,0.499604,-0.034006,0.234005,0.448377,-0.044345,0.240981,0.403533,-0.051171,0.182241,0.598960,-0.024010,0.181197,0.532276,-0.038792,0.182195,0.489547,-0.045194,0.185021,0.448843,-0.048626
5600,0,0.021120,0.022248,0.029243,1.529757,0.731508,0.206496,0.790797,0.000000,0.268037,0.770177,-0.028197,0.321944,0.712731,-0.038432,0.354376,0.650846,-0.046078,0.384811,0.604404,-0.053076,0.290186,0.601271,-0.017608,0.317008,0.527458,-0.033618,0.328488,0.479708,-0.047534,0.336228,0.436909,-0.057850,0.254506,0.582221,-0.016212,0.272691,0.493772,-0.030240,0.281161,0.438617,-0.043448,0.286272,0.391419,-0.053036,0.219144,0.583200,-0.018670,0.226670,0.499707,-0.033860,0.233946,0.448485,-0.044379,0.240791,0.403142,-0.051337,0.182233,0.599447,-0.023990,0.181104,0.532600,-0.038978,0.181944,0.489724,-0.045592,0.184653,0.448714,-0.049152
5627,0,0.026622,0.032849,0.025600,1.514096,0.736796,0.207140,0.790125,0.000000,0.268439,0.769465,-0.028689,0.321941,0.712178,-0.039062,0.354472,0.650434,-0.046802,0.384981,0.604155,-0.053772,0.290205,0.600786,-0.017769,0.316684,0.527256,-0.033754,0.327962,0.479517,-0.047653,0.335591,0.436861,-0.057986,0.254493,0.581619,-0.016046,0.272340,0.493407,-0.030006,0.280633,0.438160,-0.043115,0.285462,0.391247,-0.052596,0.219110,0.582348,-0.018235,0.226886,0.498788,-0.033329,0.234042,0.447777,-0.043763,0.240643,0.403149,-0.050611,0.182070,0.598151,-0.023320,0.180790,0.531633,-0.038191,0.181573,0.489184,-0.044695,0.184287,0.448633,-0.048180
5658,0,0.017453,0.033757,0.054592,1.523565,0.764115,0.207497,0.791501,0.000000,0.268185,0.770037,-0.028425,0.321483,0.712271,-0.038857,0.354545,0.650636,-0.046701,0.385140,0.604239,-0.053817,0.289657,0.601170,-0.017599,0.316313,0.527488,-0.033620,0.327857,0.479700,-0.047671,0.335528,0.436902,-0.058103,0.254252,0.582165,-0.016082,0.272501,0.493980,-0.029961,0.281083,0.438552,-0.043143,0.286119,0.391365,-0.052725,0.219110,0.582960,-0.018488,0.226790,0.499429,-0.033439,0.233737,0.448111,-0.043911,0.240309,0.403051,-0.050825,0.182319,0.598970,-0.023775,0.180927,0.532274,-0.038553,0.181539,0.489532,-0.045043,0.183937,0.448433,-0.048561
5694,0,0.023738,0.064324,0.034980,1.508276,0.714910,0.205717,0.790559,0.000000,0.267880,0.769590,-0.028105,0.321681,0.712311,-0.038298,0.354767,0.650753,-0.045998,0.385436,0.604483,-0.052969,0.289340,0.601326,-0.017204,0.316162,0.527454,-0.033029,0.327520,0.479648,-0.046849,0.335120,0.437000,-0.057102,0.253947,0.582392,-0.015653,0.272251,0.494203,-0.029463,0.280756,0.438726,-0.042594,0.285584,0.391605,-0.052117,0.218841,0.582921,-0.017974,0.226445,0.499414,-0.032908,0.233374,0.448448,-0.043404,0.240056,0.403890,-0.050294,0.182099,0.598874,-0.023141,0.180795,0.532351,-0.037933,0.181378,0.489558,-0.044539,0.183741,0.448755,-0.048105
5722,0,0.038311,0.038496,0.037943,1.475690,0.704647,0.205870,0.790407,0.000000,0.267295,0.769638,-0.028096,0.321273,0.712770,-0.038007,0.354645,0.651183,-0.045390,0.385329,0.605480,-0.051984,0.289474,0.600843,-0.016425,0.316279,0.526886,-0.031797,0.327532,0.478951,-0.045349,0.334935,0.436360,-0.055463,0.254051,0.581898,-0.014806,0.271848,0.493273,-0.028298,0.280007,0.437784,-0.041324,0.284743,0.390989,-0.050770,0.218726,0.582549,-0.017082,0.226384,0.498875,-0.031777,0.233117,0.447673,-0.042275,0.239352,0.403140,-0.049193,0.181929,0.597968,-0.022209,0.180733,0.531557,-0.036834,0.181197,0.489023,-0.043408,0.183749,0.448276,-0.046968
5754,0,0.018444,0.023061,0.041796,1.478975,0.723405,0.206096,0.790646,0.000000,0.267114,0.769551,-0.028001,0.321218,0.712185,-0.038051,0.354443,0.651108,-0.045629,0.385145,0.605287,-0.052437,0.289814,0.600155,-0.016584,0.316283,0.526262,-0.032054,0.327336,0.478426,-0.045750,0.334576,0.435783,-0.055922,0.254115,0.581503,-0.015156,0.271960,0.492921,-0.028670,0.280175,0.437544,-0.041739,0.284616,0.390642,-0.051262,0.218854,0.582255,-0.017617,0.226507,0.498811,-0.032236,0.233317,0.447647,-0.042711,0.239626,0.402619,-0.049641,0.181766,0.598192,-0.022936,0.180439,0.532000,-0.037463,0.181220,0.489359,-0.043967,0.183784,0.448375,-0.047493
5789,0,0.019093,0.026190,0.023585,1.482161,0.722764,0.205330,0.790471,0.000000,0.266677,0.769329,-0.028150,0.320982,0.712197,-0.038380,0.354199,0.650954,-0.046112,0.385191,0.604935,-0.053094,0.289250,0.600697,-0.016927,0.315934,0.526732,-0.032676,0.327118,0.478680,-0.046478,0.334488,0.435839,-0.056707,0.253836,0.581689,-0.015486,0.271825,0.493191,-0.029226,0.280015,0.437622,-0.042378,0.284606,0.390395,-0.051917,0.218594,0.582178,-0.017931,0.226256,0.498795,-0.032758,0.233167,0.447501,-0.043149,0.239706,0.402405,-0.050050,0.181661,0.597933,-0.023259,0.180425,0.531518,-0.037852,0.181161,0.488803,-0.044286,0.183748,0.447770,-0.047736
5837,0,0.031623,0.031399,0.042406,1.453133,0.710329,0.205757,0.789707,0.000000,0.266991,0.768774,-0.028133,0.320650,0.711583,-0.038214,0.354026,0.650346,-0.045841,0.385064,0.604646,-0.052656,0.289270,0.599692,-0.016470,0.315982,0.525828,-0.031825,0.327105,0.477964,-0.045395,0.334405,0.435291,-0.055577,0.253718,0.580830,-0.014878,0.271696,0.492737,-0.028336,0.279760,0.437130,-0.041399,0.284159,0.390051,-0.050912,0.218418,0.581506,-0.017180,0.226266,0.498205,-0.031764,0.233106,0.447165,-0.042190,0.239502,0.402566,-0.049127,0.181511,0.596938,-0.022353,0.180387,0.530723,-0.036794,0.180996,0.488123,-0.043245,0.183596,0.447456,-0.046774
5868,0,0.032146,0.031963,0.038411,1.452353,0.712884,0.205812,0.788426,0.000000,0.267066,0.767696,-0.027582,0.320747,0.710470,-0.037505,0.354167,0.649292,-0.045038,0.385214,0.603966,-0.051842,0.289277,0.599494,-0.016879,0.315883,0.525140,-0.032442,0.327197,0.477079,-0.046010,0.334544,0.434331,-0.056054,0.253614,0.580764,-0.015583,0.271589,0.492294,-0.029222,0.279590,0.436959,-0.042243,0.283943,0.390195,-0.051721,0.218488,0.581097,-0.018064,0.225998,0.497845,-0.032746,0.232885,0.446663,-0.043053,0.239163,0.402109,-0.049858,0.181594,0.596446,-0.023369,0.180181,0.529745,-0.037808,0.180848,0.487099,-0.044147,0.183368,0.446677,-0.047508
5901,0,0.018021,0.019176,0.045688,1.447805,0.721866,0.205462,0.788785,0.000000,0.266591,0.767486,-0.028009,0.320412,0.710597,-0.038227,0.353823,0.649472,-0.045961,0.384765,0.603389,-0.052908,0.288984,0.599293,-0.016953,0.315656,0.525401,-0.032734,0.326995,0.477408,-0.046648,0.334574,0.434430,-0.056947,0.253351,0.580352,-0.015580,0.271258,0.491938,-0.029301,0.279298,0.436687,-0.042448,0.283752,0.389732,-0.052060,0.218123,0.580913,-0.018074,0.225752,0.497577,-0.032835,0.232659,0.446548,-0.043134,0.239089,0.401552,-0.049960,0.181081,0.596610,-0.023425,0.180131,0.530086,-0.037965,0.181029,0.487284,-0.044225,0.183875,0.446563,-0.047577