t,missing,delta_l1,delta_l1_wrist,delta_angles,delta_base_l1,delta_base_l1_wrist,x0,y0,z0,x1,y1,z1,x2,y2,z2,x3,y3,z3,x4,y4,z4,x5,y5,z5,x6,y6,z6,x7,y7,z7,x8,y8,z8,x9,y9,z9,x10,y10,z10,x11,y11,z11,x12,y12,z12,x13,y13,z13,x14,y14,z14,x15,y15,z15,x16,y16,z16,x17,y17,z17,x18,y18,z18,x19,y19,z19,x20,y20,z20
31,0,,,,0.000000,0.000000,0.178434,0.783069,0.000000,0.239136,0.778545,-0.028575,0.294406,0.741503,-0.040875,0.334492,0.698624,-0.050922,0.370537,0.667798,-0.060167,0.272901,0.616741,-0.020590,0.302177,0.550992,-0.036329,0.316955,0.508115,-0.049853,0.327830,0.468891,-0.060282,0.241129,0.592089,-0.019158,0.263052,0.513924,-0.032949,0.273759,0.463620,-0.045842,0.280024,0.420176,-0.055545,0.207661,0.587673,-0.021355,0.218027,0.510831,-0.036368,0.223864,0.463070,-0.047637,0.229295,0.420512,-0.055277,0.172205,0.599568,-0.026416,0.168385,0.537480,-0.041907,0.166714,0.496135,-0.049891,0.167523,0.456982,-0.054437
69,0,0.013779,0.013306,0.032431,0.013779,0.013306,0.179008,0.783197,0.000000,0.239543,0.778943,-0.028715,0.294616,0.741482,-0.040945,0.334695,0.698481,-0.050904,0.371014,0.667505,-0.060024,0.273309,0.616639,-0.020682,0.302248,0.550600,-0.036346,0.316885,0.507695,-0.049797,0.327625,0.468443,-0.060139,0.241515,0.592180,-0.019165,0.263156,0.513593,-0.032874,0.273885,0.463191,-0.045714,0.280117,0.419828,-0.055369,0.208194,0.587853,-0.021293,0.218402,0.510660,-0.036251,0.224354,0.462941,-0.047508,0.229742,0.420502,-0.055102,0.172781,0.599754,-0.026292,0.168940,0.537555,-0.041746,0.167253,0.496075,-0.049721,0.167882,0.456864,-0.054338
104,0,0.025705,0.023721,0.051496,0.028475,0.026104,0.179497,0.783273,0.000000,0.239517,0.778969,-0.028750,0.294396,0.742008,-0.041274,0.334466,0.698928,-0.051506,0.370659,0.667455,-0.060899,0.273156,0.617401,-0.021019,0.302459,0.551699,-0.037036,0.317011,0.508535,-0.050666,0.327641,0.469105,-0.061166,0.241698,0.592657,-0.019539,0.263565,0.513979,-0.033561,0.274400,0.463525,-0.046505,0.280615,0.420091,-0.056203,0.208454,0.588074,-0.021687,0.218609,0.510823,-0.036807,0.224828,0.462977,-0.047917,0.230435,0.420564,-0.055477,0.173240,0.599798,-0.026727,0.169567,0.537518,-0.042190,0.168233,0.496066,-0.050017,0.169267,0.456733,-0.054523
140,0,0.027299,0.030873,0.044808,0.033319,0.023786,0.179395,0.782287,0.000000,0.240028,0.778635,-0.029101,0.295031,0.741743,-0.041534,0.334963,0.698784,-0.051603,0.371034,0.667426,-0.060795,0.273819,0.616502,-0.020805,0.303133,0.550882,-0.036557,0.317463,0.507820,-0.050040,0.327990,0.468561,-0.060414,0.242047,0.592008,-0.019051,0.263870,0.513590,-0.032896,0.274640,0.463170,-0.045844,0.280803,0.419772,-0.055532,0.208624,0.587724,-0.020996,0.219071,0.510587,-0.036099,0.225207,0.462856,-0.047408,0.230628,0.420487,-0.055074,0.173126,0.599303,-0.025840,0.169825,0.536998,-0.041420,0.168610,0.495511,-0.049544,0.169706,0.456103,-0.054197
176,0,0.020036,0.018931,0.033551,0.040670,0.025688,0.179795,0.782668,0.000000,0.239697,0.778913,-0.028894,0.295156,0.741870,-0.041104,0.335255,0.698857,-0.050970,0.371022,0.667148,-0.059922,0.274197,0.616611,-0.020514,0.303146,0.550730,-0.036075,0.317600,0.507715,-0.049446,0.328270,0.468405,-0.059770,0.242590,0.592209,-0.018866,0.264203,0.513575,-0.032399,0.274824,0.463283,-0.045142,0.280961,0.419975,-0.054741,0.209330,0.587835,-0.020933,0.219428,0.510872,-0.035713,0.225550,0.463236,-0.046894,0.230981,0.420440,-0.054475,0.173855,0.599593,-0.025923,0.170182,0.537378,-0.041256,0.168758,0.496099,-0.049180,0.169688,0.456759,-0.053789
210,0,0.030456,0.040442,0.044475,0.040368,0.041713,0.179007,0.781983,0.000000,0.239199,0.778389,-0.029289,0.294531,0.741928,-0.041912,0.334588,0.699186,-0.052171,0.370504,0.667165,-0.061514,0.273859,0.616504,-0.021337,0.303094,0.551063,-0.037240,0.317799,0.508141,-0.050798,0.328543,0.468645,-0.061171,0.242374,0.591613,-0.019545,0.264381,0.513467,-0.033388,0.275090,0.463340,-0.046145,0.281283,0.420277,-0.055679,0.209240,0.587135,-0.021471,0.219384,0.510456,-0.036497,0.225502,0.462844,-0.047556,0.230913,0.420516,-0.055069,0.173995,0.598872,-0.026333,0.169964,0.536898,-0.041797,0.168334,0.495621,-0.049654,0.168965,0.456765,-0.054154
245,0,0.019974,0.022558,0.060019,0.035619,0.026954,0.179410,0.782013,0.000000,0.239597,0.778360,-0.028657,0.295006,0.741456,-0.040879,0.335009,0.698638,-0.050831,0.370862,0.667246,-0.059907,0.273947,0.616559,-0.020802,0.303416,0.551124,-0.036322,0.317884,0.508153,-0.049573,0.328442,0.468804,-0.059793,0.242435,0.591807,-0.019286,0.264490,0.513498,-0.032833,0.275281,0.463215,-0.045417,0.281114,0.420029,-0.054912,0.209155,0.587243,-0.021412,0.219507,0.510259,-0.036207,0.225401,0.462555,-0.047323,0.230624,0.419983,-0.054912,0.173830,0.598948,-0.026388,0.169809,0.536859,-0.041756,0.168135,0.495658,-0.049649,0.168705,0.456527,-0.054187
278,0,0.016911,0.020032,0.029926,0.039803,0.020574,0.179443,0.782175,0.000000,0.239693,0.778067,-0.028909,0.294374,0.741359,-0.041391,0.334565,0.698442,-0.051492,0.370624,0.666956,-0.060753,0.273944,0.616176,-0.021077,0.303189,0.550628,-0.036665,0.317671,0.507781,-0.050005,0.328078,0.468283,-0.060296,0.242351,0.591305,-0.019409,0.264277,0.512977,-0.032930,0.274911,0.462913,-0.045508,0.280825,0.419689,-0.054998,0.209019,0.586617,-0.021401,0.219150,0.509941,-0.036132,0.225056,0.462387,-0.047223,0.230348,0.419815,-0.054808,0.173679,0.598559,-0.026279,0.169840,0.536498,-0.041544,0.168166,0.495538,-0.049357,0.168744,0.456822,-0.053893
338,0,0.021370,0.023089,0.045462,0.048431,0.035459,0.178707,0.781521,0.000000,0.239066,0.777609,-0.029303,0.294455,0.741092,-0.041921,0.334277,0.698307,-0.052115,0.370129,0.666537,-0.061354,0.273379,0.616209,-0.021228,0.302737,0.550388,-0.037015,0.317169,0.507065,-0.050473,0.327559,0.467397,-0.060820,0.242017,0.591216,-0.019366,0.264036,0.512976,-0.033159,0.274577,0.462508,-0.045930,0.280411,0.419268,-0.055513,0.208833,0.586378,-0.021190,0.219412,0.509512,-0.036194,0.225343,0.462001,-0.047342,0.230765,0.419988,-0.054902,0.173538,0.597773,-0.025943,0.169828,0.535931,-0.041386,0.168146,0.494938,-0.049328,0.168778,0.456220,-0.053833
388,0,0.017986,0.017196,0.034926,0.055478,0.038869,0.178565,0.781221,0.000000,0.238518,0.777023,-0.029230,0.294034,0.740504,-0.041642,0.334069,0.697506,-0.051710,0.370231,0.665923,-0.060824,0.273747,0.615943,-0.020821,0.302843,0.549919,-0.036361,0.317206,0.506794,-0.049727,0.327797,0.467288,-0.060023,0.242113,0.591149,-0.019019,0.264022,0.512753,-0.032604,0.274543,0.462400,-0.045379,0.280654,0.419121,-0.054989,0.208880,0.586463,-0.020935,0.219259,0.509684,-0.035808,0.225354,0.462109,-0.047019,0.230917,0.419659,-0.054608,0.173498,0.597980,-0.025798,0.169717,0.535698,-0.041185,0.168247,0.494632,-0.049155,0.169184,0.455552,-0.053731
423,0,0.049156,0.029040,0.029410,0.090412,0.045588,0.178891,0.779059,0.000000,0.238182,0.774633,-0.028866,0.293735,0.737553,-0.041106,0.333616,0.694540,-0.050982,0.369182,0.663387,-0.060058,0.273967,0.614380,-0.020877,0.303080,0.549104,-0.036607,0.317453,0.505809,-0.050105,0.327936,0.466053,-0.060591,0.242264,0.589427,-0.019247,0.263928,0.511410,-0.033003,0.274531,0.461090,-0.045911,0.280777,0.417646,-0.055634,0.209041,0.584643,-0.021278,0.219334,0.508128,-0.036206,0.225457,0.460722,-0.047322,0.231039,0.418438,-0.054948,0.173643,0.596057,-0.026197,0.170146,0.534413,-0.041602,0.168689,0.493311,-0.049495,0.169579,0.454169,-0.053995
454,0,0.049647,0.024529,0.025887,0.135268,0.045942,0.179346,0.777696,0.000000,0.238649,0.773057,-0.028826,0.293795,0.735966,-0.041120,0.333473,0.692520,-0.051040,0.369343,0.661016,-0.060123,0.274244,0.612763,-0.020655,0.303240,0.546981,-0.036218,0.317504,0.503616,-0.049595,0.327867,0.463852,-0.059933,0.242487,0.587974,-0.018945,0.263948,0.509426,-0.032494,0.274540,0.459202,-0.045263,0.280838,0.416081,-0.054878,0.208993,0.583153,-0.020883,0.219291,0.506384,-0.035648,0.225419,0.459062,-0.046669,0.231204,0.417055,-0.054156,0.173602,0.594461,-0.025710,0.170323,0.532614,-0.040930,0.168982,0.491717,-0.048683,0.170140,0.452693,-0.053092
487,0,0.061280,0.025512,0.078131,0.176484,0.045712,0.179404,0.775735,0.000000,0.238748,0.770207,-0.028308,0.294246,0.733489,-0.040560,0.333654,0.690626,-0.050643,0.368803,0.658735,-0.059851,0.274398,0.610853,-0.020394,0.303300,0.545790,-0.036317,0.317737,0.502470,-0.050034,0.328411,0.462758,-0.060535,0.242616,0.585971,-0.019158,0.264106,0.507704,-0.033026,0.274882,0.457452,-0.046039,0.281594,0.414058,-0.055741,0.209126,0.581086,-0.021536,0.219382,0.504414,-0.036508,0.225779,0.457222,-0.047485,0.231754,0.415210,-0.054904,0.173811,0.592206,-0.026767,0.170703,0.530100,-0.042006,0.169731,0.489064,-0.049539,0.171171,0.450373,-0.053801
520,0,0.065866,0.027154,0.056706,0.236385,0.064190,0.179392,0.772664,0.000000,0.238826,0.767600,-0.028901,0.294081,0.730799,-0.041221,0.333752,0.687967,-0.051222,0.368819,0.655536,-0.060349,0.274402,0.608651,-0.020535,0.303458,0.543197,-0.036411,0.317789,0.499843,-0.050082,0.328358,0.460093,-0.060539,0.242808,0.583686,-0.018833,0.264147,0.505556,-0.032703,0.274882,0.455486,-0.045709,0.281440,0.412600,-0.055443,0.209438,0.578490,-0.020820,0.219822,0.501935,-0.035821,0.226204,0.454846,-0.046849,0.232038,0.413305,-0.054303,0.174129,0.589222,-0.025706,0.171163,0.527580,-0.041031,0.170098,0.486681,-0.048713,0.171493,0.447979,-0.053086
557,0,0.058956,0.022378,0.080501,0.289036,0.059927,0.180025,0.770346,0.000000,0.239418,0.765931,-0.028761,0.295010,0.728972,-0.040990,0.333767,0.685864,-0.050848,0.368747,0.653794,-0.059835,0.275265,0.605820,-0.020665,0.303702,0.540251,-0.036269,0.317882,0.496862,-0.049635,0.328422,0.457484,-0.059873,0.243277,0.581204,-0.018950,0.264587,0.502943,-0.032591,0.275134,0.452631,-0.045350,0.281422,0.410088,-0.054868,0.209811,0.576496,-0.020893,0.220295,0.499473,-0.035776,0.226471,0.452193,-0.046867,0.232088,0.410442,-0.054337,0.174391,0.588025,-0.025690,0.171428,0.525940,-0.041066,0.170115,0.484952,-0.048953,0.171306,0.446199,-0.053389
590,0,0.061062,0.030422,0.077398,0.323829,0.059305,0.180169,0.768797,0.000000,0.239373,0.764182,-0.028816,0.294653,0.727303,-0.041241,0.333799,0.684544,-0.051257,0.368388,0.652003,-0.060477,0.274391,0.604194,-0.021436,0.303298,0.538678,-0.037409,0.317545,0.495389,-0.050992,0.328143,0.455755,-0.061425,0.242691,0.579437,-0.019805,0.264459,0.501229,-0.033748,0.275424,0.451145,-0.046667,0.281977,0.408122,-0.056266,0.209585,0.574816,-0.021797,0.219818,0.497964,-0.036878,0.226240,0.450637,-0.048032,0.232071,0.408555,-0.055545,0.174473,0.586229,-0.026653,0.171687,0.524064,-0.042152,0.170404,0.483088,-0.049967,0.171461,0.444244,-0.054444
627,0,0.081390,0.042706,0.040678,0.380091,0.063254,0.180215,0.766837,0.000000,0.239300,0.761791,-0.028402,0.294359,0.724864,-0.040412,0.333804,0.682125,-0.050125,0.368407,0.649795,-0.059005,0.274804,0.601658,-0.020339,0.303488,0.535957,-0.035782,0.317587,0.492576,-0.049101,0.327889,0.452953,-0.059346,0.243065,0.576946,-0.018716,0.264699,0.499384,-0.032158,0.275109,0.449176,-0.044889,0.281204,0.406632,-0.054413,0.209878,0.572313,-0.020699,0.220240,0.495803,-0.035384,0.226289,0.448660,-0.046369,0.231837,0.407341,-0.053806,0.174519,0.583596,-0.025556,0.171679,0.521360,-0.040715,0.170470,0.480339,-0.048494,0.171670,0.441649,-0.052895
660,0,0.040814,0.026487,0.052137,0.389539,0.054112,0.180084,0.765479,0.000000,0.239402,0.760991,-0.028724,0.294704,0.724256,-0.040904,0.333781,0.681146,-0.050694,0.368281,0.648426,-0.059649,0.274720,0.600551,-0.020794,0.303321,0.534454,-0.036484,0.317495,0.490941,-0.049935,0.327735,0.451190,-0.060256,0.243007,0.576168,-0.019133,0.264393,0.497922,-0.032917,0.274834,0.447726,-0.045875,0.280722,0.404694,-0.055589,0.209785,0.572009,-0.021078,0.220009,0.494869,-0.036066,0.226150,0.447150,-0.047203,0.231566,0.405122,-0.054716,0.174430,0.583616,-0.025897,0.171456,0.521098,-0.041359,0.170476,0.479666,-0.049252,0.171910,0.440750,-0.053691
693,0,0.030414,0.019772,0.052111,0.411631,0.063639,0.180303,0.764688,0.000000,0.239725,0.760031,-0.028154,0.294847,0.723283,-0.040106,0.334295,0.680096,-0.049819,0.368440,0.647037,-0.058697,0.274148,0.599730,-0.020432,0.302706,0.533268,-0.036065,0.316611,0.489949,-0.049439,0.326873,0.450295,-0.059722,0.242797,0.575480,-0.019009,0.264548,0.497269,-0.032669,0.274963,0.446957,-0.045455,0.280878,0.404013,-0.055017,0.209682,0.570956,-0.021172,0.220009,0.494203,-0.035932,0.226268,0.446713,-0.046973,0.231794,0.404913,-0.054448,0.174526,0.582259,-0.026162,0.171647,0.520460,-0.041358,0.170563,0.479290,-0.049098,0.171566,0.440802,-0.053537
726,0,0.015667,0.025517,0.038914,0.408810,0.060125,0.179498,0.764347,0.000000,0.239235,0.760377,-0.028368,0.294690,0.723691,-0.040390,0.334293,0.680352,-0.050136,0.368397,0.647024,-0.058973,0.274243,0.599528,-0.020726,0.303069,0.532887,-0.036445,0.317079,0.489304,-0.049757,0.327222,0.449703,-0.059921,0.242792,0.575201,-0.019209,0.264505,0.496498,-0.032994,0.274862,0.446383,-0.045813,0.280627,0.403584,-0.055370,0.209732,0.570664,-0.021276,0.219992,0.493973,-0.036161,0.226029,0.446415,-0.047178,0.231409,0.404761,-0.054611,0.174568,0.582250,-0.026187,0.171547,0.520312,-0.041489,0.170320,0.479314,-0.049302,0.171347,0.440906,-0.053663
759,0,0.022884,0.031518,0.039058,0.406063,0.056864,0.179743,0.765708,0.000000,0.239191,0.761149,-0.028063,0.294373,0.724051,-0.039927,0.334250,0.680873,-0.049547,0.368303,0.647707,-0.058293,0.274215,0.600223,-0.020572,0.303046,0.533404,-0.036067,0.316906,0.489676,-0.049129,0.326737,0.449918,-0.059168,0.242836,0.575828,-0.019165,0.264864,0.497215,-0.032664,0.275223,0.446904,-0.045136,0.281010,0.404113,-0.054453,0.209928,0.571184,-0.021313,0.219860,0.494320,-0.035896,0.225964,0.446685,-0.046733,0.231350,0.404675,-0.054110,0.174908,0.582906,-0.026257,0.171470,0.520923,-0.041372,0.170129,0.479821,-0.049091,0.171087,0.441184,-0.053426
792,0,0.024349,0.020139,0.054894,0.395755,0.057569,0.179818,0.766967,0.000000,0.239272,0.761760,-0.028070,0.294408,0.724683,-0.040057,0.333991,0.682156,-0.049776,0.367835,0.648662,-0.058656,0.274396,0.600544,-0.020276,0.303173,0.533835,-0.035788,0.316940,0.490470,-0.049051,0.326974,0.451010,-0.059190,0.242897,0.576203,-0.018885,0.264883,0.497548,-0.032320,0.274992,0.447604,-0.044935,0.280668,0.405206,-0.054387,0.209854,0.571810,-0.021076,0.219942,0.495085,-0.035559,0.226028,0.447534,-0.046422,0.231329,0.405846,-0.053854,0.174554,0.583546,-0.026088,0.171755,0.521538,-0.041010,0.170653,0.480184,-0.048594,0.171649,0.441523,-0.052901
825,0,0.034910,0.046772,0.061315,0.400567,0.080635,0.179247,0.766768,0.000000,0.239319,0.762035,-0.028093,0.294584,0.725449,-0.039865,0.334222,0.682706,-0.049496,0.368289,0.649318,-0.058173,0.274398,0.600858,-0.019569,0.303512,0.534456,-0.034839,0.317569,0.491209,-0.047967,0.327590,0.451978,-0.057943,0.242938,0.576441,-0.018040,0.264853,0.498388,-0.031303,0.274750,0.447996,-0.043992,0.279826,0.405530,-0.053510,0.209957,0.572033,-0.020085,0.220378,0.495847,-0.034475,0.226240,0.448668,-0.045445,0.231163,0.407451,-0.052860,0.174724,0.583442,-0.024977,0.171850,0.521811,-0.039865,0.170588,0.480640,-0.047509,0.171435,0.442164,-0.051790
859,0,0.019276,0.015598,0.032907,0.391503,0.081609,0.179458,0.767396,0.000000,0.239285,0.762612,-0.028179,0.294526,0.725723,-0.039962,0.334198,0.682597,-0.049533,0.368402,0.649200,-0.058189,0.274221,0.601476,-0.019771,0.302990,0.534923,-0.034986,0.316770,0.491446,-0.048046,0.326585,0.451728,-0.058113,0.242818,0.577219,-0.018189,0.264829,0.499053,-0.031421,0.274988,0.448907,-0.044004,0.280509,0.406448,-0.053384,0.209879,0.572768,-0.020210,0.219922,0.496272,-0.034566,0.226196,0.448862,-0.045415,0.231639,0.407026,-0.052812,0.174750,0.584149,-0.025072,0.172034,0.522431,-0.039962,0.170973,0.481382,-0.047550,0.172218,0.442807,-0.051821
892,0,0.020981,0.023330,0.045960,0.395805,0.085546,0.179677,0.767315,0.000000,0.239144,0.762551,-0.028756,0.294206,0.725845,-0.040780,0.333729,0.682067,-0.050461,0.368243,0.648295,-0.059226,0.274106,0.601036,-0.020028,0.302832,0.534664,-0.035273,0.316274,0.491190,-0.048479,0.325918,0.451403,-0.058617,0.242738,0.576720,-0.018103,0.264592,0.499052,-0.031271,0.274466,0.449137,-0.043867,0.279803,0.406657,-0.053395,0.209810,0.572350,-0.019837,0.220027,0.496219,-0.034129,0.226022,0.449047,-0.044972,0.231305,0.407516,-0.052404,0.174764,0.583661,-0.024468,0.172189,0.522115,-0.039370,0.171184,0.481158,-0.046954,0.172320,0.442566,-0.051299
924,0,0.015527,0.022817,0.024321,0.405777,0.093767,0.179919,0.766177,0.000000,0.239658,0.761776,-0.028706,0.294390,0.725510,-0.040851,0.333686,0.681938,-0.050598,0.368048,0.648231,-0.059431,0.274552,0.600659,-0.020292,0.303058,0.534042,-0.035445,0.316265,0.490575,-0.048466,0.325636,0.450952,-0.058517,0.243059,0.576410,-0.018332,0.264627,0.498682,-0.031486,0.274419,0.448711,-0.044049,0.279308,0.406531,-0.053491,0.209985,0.571877,-0.019988,0.220315,0.495776,-0.034246,0.226385,0.448915,-0.045039,0.231492,0.408068,-0.052387,0.174937,0.583083,-0.024499,0.172245,0.521610,-0.039329,0.171217,0.480733,-0.046905,0.172343,0.442574,-0.051169
957,0,0.020544,0.027953,0.044716,0.414093,0.103139,0.179930,0.767037,0.000000,0.239053,0.762179,-0.028492,0.294206,0.725410,-0.040470,0.333727,0.682052,-0.050113,0.367992,0.648679,-0.058844,0.275155,0.600833,-0.019627,0.303236,0.534214,-0.034756,0.316214,0.490484,-0.047911,0.325582,0.450710,-0.058047,0.243576,0.576797,-0.017796,0.264646,0.499013,-0.030941,0.274288,0.449003,-0.043621,0.279292,0.406373,-0.053150,0.210492,0.572122,-0.019608,0.220425,0.496507,-0.033731,0.226401,0.449440,-0.044494,0.231534,0.408000,-0.051897,0.175144,0.583150,-0.024316,0.172713,0.521764,-0.038913,0.171804,0.481034,-0.046392,0.173030,0.442657,-0.050606
983,0,0.027311,0.031742,0.036899,0.432603,0.117982,0.180049,0.766182,0.000000,0.239708,0.761379,-0.028481,0.294904,0.724993,-0.040421,0.334282,0.681683,-0.050004,0.368380,0.648360,-0.058673,0.275524,0.600404,-0.019345,0.303761,0.534115,-0.034394,0.316809,0.490785,-0.047570,0.326091,0.451052,-0.057723,0.244041,0.576313,-0.017454,0.265322,0.498674,-0.030554,0.274817,0.448911,-0.043273,0.279729,0.406705,-0.052817,0.211081,0.571825,-0.019203,0.221033,0.496047,-0.033329,0.226988,0.449215,-0.044072,0.232201,0.408084,-0.051449,0.175882,0.582911,-0.023842,0.173654,0.521668,-0.038406,0.172976,0.481151,-0.045745,0.174326,0.443113,-0.049928
1016,0,0.023493,0.020391,0.019726,0.435795,0.124035,0.180080,0.766701,0.000000,0.239491,0.762003,-0.028292,0.295157,0.725406,-0.040015,0.334708,0.681986,-0.049478,0.368790,0.648244,-0.057990,0.275636,0.600913,-0.019096,0.303994,0.534416,-0.034087,0.317071,0.490951,-0.047198,0.326511,0.451059,-0.057306,0.244397,0.576994,-0.017310,0.265838,0.499490,-0.030363,0.275430,0.449434,-0.043093,0.280462,0.406801,-0.052632,0.211630,0.572298,-0.019172,0.221533,0.496835,-0.033308,0.227555,0.449768,-0.044082,0.232822,0.408395,-0.051454,0.176539,0.583304,-0.023922,0.174496,0.521763,-0.038571,0.173844,0.480873,-0.046020,0.175270,0.442502,-0.050276
1047,0,0.021485,0.024257,0.040442,0.428894,0.119884,0.180565,0.766427,0.000000,0.240080,0.761593,-0.028670,0.295374,0.725599,-0.040621,0.334716,0.682298,-0.050273,0.368897,0.648500,-0.058975,0.275989,0.601208,-0.019532,0.304274,0.534507,-0.034522,0.317467,0.490932,-0.047613,0.326881,0.450926,-0.057721,0.244677,0.577139,-0.017575,0.265791,0.499425,-0.030646,0.275644,0.449244,-0.043433,0.280739,0.406627,-0.053085,0.211766,0.572798,-0.019266,0.221713,0.496788,-0.033496,0.227685,0.449310,-0.044535,0.232895,0.407523,-0.052097,0.176941,0.584062,-0.023845,0.174777,0.522745,-0.038740,0.174021,0.481754,-0.046473,0.175232,0.443400,-0.050881
1092,0,0.013069,0.015409,0.041016,0.424748,0.118287,0.180665,0.766988,0.000000,0.239852,0.761649,-0.028831,0.295048,0.725700,-0.040895,0.334589,0.682449,-0.050606,0.369030,0.648540,-0.059408,0.275447,0.601024,-0.019480,0.304006,0.534630,-0.034560,0.317119,0.491271,-0.047799,0.326673,0.451250,-0.058004,0.244404,0.577140,-0.017498,0.265853,0.499606,-0.030519,0.275682,0.449506,-0.043285,0.281148,0.406617,-0.052958,0.211768,0.572950,-0.019233,0.221967,0.497414,-0.033422,0.227948,0.449941,-0.044423,0.233270,0.407854,-0.052010,0.177113,0.584272,-0.023881,0.175105,0.522979,-0.038733,0.174399,0.482090,-0.046396,0.175759,0.443540,-0.050834
1125,0,0.016868,0.020727,0.040291,0.414319,0.114736,0.180402,0.766614,0.000000,0.239786,0.762155,-0.029094,0.295058,0.725618,-0.041286,0.334587,0.681989,-0.051048,0.369155,0.648166,-0.059859,0.275508,0.601297,-0.020130,0.304094,0.534614,-0.035323,0.317139,0.491070,-0.048503,0.326602,0.450958,-0.058720,0.244308,0.577310,-0.017994,0.265807,0.499720,-0.031202,0.275495,0.449589,-0.044021,0.280672,0.406777,-0.053668,0.211612,0.572900,-0.019523,0.221852,0.497362,-0.033842,0.227780,0.450019,-0.044819,0.232815,0.408011,-0.052377,0.176663,0.584043,-0.023986,0.174883,0.522921,-0.038893,0.174188,0.482234,-0.046604,0.175457,0.443812,-0.051010
1158,0,0.012034,0.019025,0.060514,0.411773,0.114155,0.180802,0.766645,0.000000,0.239893,0.761868,-0.028832,0.294839,0.725695,-0.040934,0.334462,0.682810,-0.050684,0.368654,0.648710,-0.059524,0.275407,0.601396,-0.019993,0.303958,0.534807,-0.035111,0.317135,0.491132,-0.048256,0.326679,0.451020,-0.058423,0.244231,0.577492,-0.017992,0.265663,0.499774,-0.031052,0.275498,0.449510,-0.043704,0.280494,0.406702,-0.053264,0.211420,0.573072,-0.019633,0.221603,0.497370,-0.033802,0.227381,0.449965,-0.044690,0.232429,0.408168,-0.052164,0.176604,0.584167,-0.024204,0.174592,0.522728,-0.038962,0.173749,0.482133,-0.046549,0.175028,0.443907,-0.050874
1190,0,0.015863,0.014178,0.033203,0.400239,0.105047,0.180725,0.766741,0.000000,0.239875,0.762538,-0.029011,0.294788,0.725904,-0.041195,0.334601,0.682755,-0.050935,0.368636,0.648711,-0.059765,0.275326,0.601579,-0.020427,0.303930,0.535088,-0.035719,0.317026,0.491335,-0.048926,0.326391,0.451089,-0.059159,0.244064,0.577241,-0.018362,0.265591,0.499872,-0.031588,0.275260,0.449771,-0.044303,0.280198,0.406879,-0.053891,0.211107,0.572666,-0.019934,0.221341,0.497140,-0.034184,0.227159,0.450117,-0.044985,0.232199,0.408486,-0.052413,0.176240,0.583812,-0.024463,0.174272,0.522726,-0.039224,0.173455,0.482243,-0.046766,0.174708,0.444086,-0.051049
1224,0,0.021966,0.030406,0.053270,0.398629,0.112611,0.179793,0.767384,0.000000,0.239262,0.762926,-0.028822,0.294807,0.726605,-0.040817,0.334462,0.682963,-0.050444,0.368246,0.648730,-0.059123,0.275113,0.601879,-0.019973,0.303597,0.535126,-0.035133,0.316740,0.491491,-0.048321,0.326068,0.451230,-0.058478,0.243887,0.577804,-0.017955,0.265396,0.500251,-0.031077,0.274935,0.449993,-0.043736,0.279873,0.406981,-0.053286,0.210926,0.573282,-0.019575,0.221253,0.497656,-0.033730,0.226918,0.450556,-0.044531,0.231700,0.408782,-0.051922,0.175897,0.584203,-0.024123,0.174250,0.522991,-0.038809,0.173391,0.482327,-0.046313,0.174500,0.444100,-0.050557
1257,0,0.021800,0.035653,0.048379,0.384673,0.106567,0.180595,0.767304,0.000000,0.239753,0.762536,-0.028979,0.294867,0.726042,-0.041056,0.334149,0.682700,-0.050817,0.368673,0.649283,-0.059628,0.275065,0.602267,-0.020129,0.303497,0.535690,-0.035359,0.316669,0.492043,-0.048538,0.326119,0.451821,-0.058755,0.243748,0.578261,-0.018126,0.264993,0.500326,-0.031409,0.274575,0.450020,-0.044170,0.279582,0.407165,-0.053779,0.210850,0.573975,-0.019768,0.220885,0.497909,-0.034163,0.226599,0.450672,-0.045082,0.231599,0.408616,-0.052602,0.175993,0.585074,-0.024364,0.173886,0.523860,-0.039309,0.173098,0.483072,-0.046943,0.174325,0.444589,-0.051311
1290,0,0.016874,0.018159,0.033276,0.379216,0.101053,0.180392,0.767324,0.000000,0.239608,0.762732,-0.029280,0.294901,0.726295,-0.041629,0.334113,0.683130,-0.051515,0.368369,0.649034,-0.060530,0.274844,0.601945,-0.020398,0.303321,0.535588,-0.035757,0.316591,0.491970,-0.049128,0.325964,0.451583,-0.059469,0.243695,0.578099,-0.018314,0.265029,0.500667,-0.031723,0.274673,0.450502,-0.044659,0.279607,0.407514,-0.054469,0.210811,0.573794,-0.019962,0.220910,0.498075,-0.034488,0.226672,0.450706,-0.045606,0.231686,0.408653,-0.053257,0.175701,0.585004,-0.024545,0.173939,0.523578,-0.039659,0.173180,0.482643,-0.047462,0.174438,0.443995,-0.051969
1323,0,0.014220,0.014517,0.024455,0.389046,0.108946,0.180673,0.766926,0.000000,0.239746,0.762286,-0.029339,0.294692,0.726044,-0.041605,0.334209,0.682754,-0.051410,0.368622,0.648967,-0.060269,0.274825,0.601679,-0.020556,0.303286,0.535006,-0.035737,0.316445,0.491349,-0.048949,0.325794,0.451061,-0.059171,0.243637,0.577624,-0.018342,0.264921,0.500389,-0.031554,0.274567,0.450255,-0.044369,0.279530,0.407218,-0.054060,0.210723,0.573460,-0.019818,0.220988,0.497706,-0.034166,0.226813,0.450579,-0.045239,0.231781,0.408699,-0.052849,0.175902,0.584641,-0.024229,0.174044,0.523363,-0.039258,0.173191,0.482745,-0.047019,0.174354,0.444413,-0.051448
1357,0,0.012828,0.014238,0.041827,0.392042,0.104298,0.180687,0.767076,0.000000,0.240010,0.762123,-0.028892,0.295384,0.725745,-0.041031,0.334695,0.682690,-0.050788,0.368579,0.648582,-0.059637,0.275303,0.601712,-0.020383,0.303634,0.535035,-0.035567,0.316738,0.491316,-0.048746,0.326102,0.451185,-0.058957,0.244002,0.577699,-0.018407,0.265197,0.500343,-0.031634,0.274733,0.450310,-0.044435,0.279416,0.407533,-0.054116,0.211106,0.573267,-0.020043,0.221407,0.497486,-0.034338,0.227106,0.450541,-0.045267,0.231906,0.408986,-0.052793,0.175958,0.584477,-0.024600,0.174005,0.523088,-0.039443,0.173203,0.482582,-0.047082,0.174417,0.444354,-0.051431
1389,0,0.022226,0.018067,0.035800,0.408721,0.114931,0.181032,0.766363,0.000000,0.240646,0.761696,-0.028980,0.295813,0.725587,-0.041189,0.335109,0.682162,-0.050956,0.369131,0.647961,-0.059814,0.275785,0.601302,-0.020159,0.303985,0.535003,-0.035340,0.316908,0.491647,-0.048533,0.326267,0.451719,-0.058754,0.244376,0.577113,-0.018058,0.265560,0.500172,-0.031270,0.274969,0.450339,-0.044066,0.279744,0.407853,-0.053682,0.211452,0.572588,-0.019610,0.221777,0.497049,-0.033939,0.227392,0.450149,-0.044861,0.232319,0.408776,-0.052357,0.176250,0.583717,-0.024077,0.174291,0.522732,-0.038917,0.173499,0.482328,-0.046527,0.174726,0.444390,-0.050880
1421,0,0.042073,0.039693,0.045554,0.440845,0.142818,0.181324,0.766682,0.000000,0.240520,0.762230,-0.028345,0.295810,0.725639,-0.039947,0.335109,0.682173,-0.049282,0.368938,0.648496,-0.057635,0.276342,0.600948,-0.018906,0.304244,0.534437,-0.033542,0.317165,0.491164,-0.046524,0.326255,0.451324,-0.056577,0.244897,0.577069,-0.016979,0.265909,0.499994,-0.029649,0.275350,0.450179,-0.042253,0.280258,0.407800,-0.051815,0.211930,0.572819,-0.018708,0.222221,0.497562,-0.032578,0.227923,0.450526,-0.043462,0.232775,0.409087,-0.050983,0.176842,0.584114,-0.023318,0.174905,0.522871,-0.037869,0.174022,0.482468,-0.045428,0.175264,0.444595,-0.049736
1460,0,0.037432,0.038330,0.043470,0.410111,0.117895,0.180927,0.767292,0.000000,0.240112,0.762813,-0.028903,0.295510,0.726205,-0.040960,0.335234,0.683260,-0.050613,0.369235,0.649261,-0.059320,0.276286,0.601426,-0.019836,0.304535,0.534814,-0.034903,0.317606,0.491547,-0.048115,0.327051,0.451488,-0.058336,0.244970,0.577764,-0.017849,0.266202,0.500137,-0.030777,0.275791,0.450314,-0.043496,0.280802,0.407648,-0.053188,0.211950,0.573480,-0.019553,0.222292,0.498107,-0.033578,0.228024,0.450997,-0.044443,0.233004,0.409200,-0.051976,0.176689,0.584699,-0.024190,0.174836,0.523567,-0.038840,0.173964,0.482915,-0.046373,0.175211,0.444440,-0.050689
1493,0,0.026756,0.025052,0.060271,0.412928,0.127276,0.181348,0.768049,0.000000,0.240464,0.762903,-0.028564,0.295540,0.726411,-0.040426,0.335116,0.682922,-0.049954,0.369445,0.649230,-0.058609,0.276041,0.602189,-0.019425,0.304556,0.535708,-0.034334,0.317747,0.492369,-0.047449,0.327134,0.452314,-0.057546,0.244847,0.578275,-0.017499,0.266186,0.500805,-0.030272,0.275627,0.450891,-0.042894,0.280302,0.408218,-0.052421,0.212128,0.573921,-0.019226,0.222543,0.498673,-0.033062,0.228331,0.451602,-0.043805,0.233228,0.410223,-0.051207,0.177071,0.584890,-0.023857,0.175281,0.523732,-0.038338,0.174380,0.483080,-0.045703,0.175438,0.444697,-0.049916
1525,0,0.025466,0.020189,0.054007,0.393508,0.116396,0.180881,0.768264,0.000000,0.240197,0.763711,-0.029196,0.295155,0.726987,-0.041394,0.335044,0.683608,-0.051183,0.369422,0.649334,-0.059985,0.275551,0.602322,-0.020033,0.304044,0.535663,-0.035172,0.317280,0.492204,-0.048413,0.326611,0.451978,-0.058619,0.244522,0.578332,-0.017870,0.265926,0.500789,-0.030865,0.275260,0.450782,-0.043557,0.279960,0.408101,-0.053156,0.211747,0.573914,-0.019398,0.222127,0.498574,-0.033464,0.227988,0.451707,-0.044240,0.232853,0.410104,-0.051638,0.176684,0.585183,-0.023903,0.174794,0.524096,-0.038529,0.173901,0.483534,-0.045985,0.174972,0.445231,-0.050196
1559,0,0.017891,0.020855,0.044845,0.386842,0.121698,0.180273,0.768037,0.000000,0.239655,0.763495,-0.028924,0.295123,0.727014,-0.040984,0.334790,0.683610,-0.050708,0.369162,0.649455,-0.059444,0.275203,0.602728,-0.019732,0.303909,0.536284,-0.034831,0.317141,0.492854,-0.048049,0.326684,0.452794,-0.058229,0.244143,0.578703,-0.017643,0.265693,0.501146,-0.030634,0.275020,0.451160,-0.043339,0.279558,0.408550,-0.052949,0.211433,0.573976,-0.019239,0.221896,0.498769,-0.033274,0.227474,0.451939,-0.044099,0.232114,0.410593,-0.051544,0.176481,0.584806,-0.023778,0.174608,0.524012,-0.038401,0.173614,0.483519,-0.045884,0.174370,0.445335,-0.050138
1591,0,0.014686,0.012961,0.047123,0.379861,0.123735,0.180382,0.768246,0.000000,0.239703,0.763915,-0.029251,0.294835,0.727104,-0.041391,0.334320,0.683754,-0.051103,0.368887,0.650041,-0.059867,0.275181,0.602897,-0.020032,0.303711,0.536643,-0.035093,0.316816,0.493102,-0.048220,0.326180,0.453061,-0.058388,0.244094,0.578725,-0.017746,0.265226,0.501360,-0.030749,0.274445,0.451257,-0.043364,0.279072,0.408676,-0.052886,0.211331,0.574186,-0.019168,0.221546,0.499049,-0.033291,0.227124,0.452152,-0.044123,0.231864,0.410797,-0.051521,0.176468,0.585458,-0.023541,0.174656,0.524516,-0.038299,0.173793,0.483920,-0.045868,0.174838,0.445737,-0.050193
1624,0,0.017655,0.015190,0.049327,0.375762,0.131534,0.180320,0.768351,0.000000,0.239362,0.764156,-0.028802,0.294622,0.727432,-0.040740,0.334346,0.683906,-0.050366,0.368574,0.650187,-0.059044,0.274777,0.603685,-0.019726,0.303588,0.537151,-0.034733,0.316851,0.493409,-0.047827,0.326049,0.452967,-0.057983,0.243752,0.579442,-0.017660,0.265325,0.501740,-0.030545,0.274343,0.451321,-0.043127,0.278524,0.408400,-0.052602,0.211181,0.574879,-0.019252,0.221579,0.499434,-0.033198,0.226999,0.452511,-0.043848,0.231561,0.411200,-0.051162,0.176136,0.585699,-0.023781,0.174537,0.524632,-0.038277,0.173749,0.484149,-0.045591,0.174763,0.446187,-0.049722
1655,0,0.032005,0.030419,0.052775,0.352515,0.123964,0.180314,0.768489,0.000000,0.239303,0.763559,-0.028862,0.294105,0.727294,-0.041096,0.333530,0.683794,-0.051020,0.368006,0.650072,-0.059997,0.274372,0.604049,-0.020378,0.302987,0.537262,-0.035718,0.316126,0.493474,-0.048974,0.325449,0.453046,-0.059125,0.243421,0.580041,-0.018332,0.264970,0.502377,-0.031513,0.274222,0.452045,-0.044164,0.278826,0.409053,-0.053671,0.210918,0.575343,-0.019904,0.221138,0.500017,-0.034032,0.226683,0.453112,-0.044657,0.231262,0.411749,-0.051967,0.176164,0.586154,-0.024393,0.174287,0.525134,-0.038975,0.173387,0.484787,-0.046285,0.174395,0.446845,-0.050414
1686,0,0.017887,0.022031,0.054354,0.366773,0.138582,0.180597,0.767739,0.000000,0.239692,0.763580,-0.029214,0.294340,0.727308,-0.041497,0.333690,0.683694,-0.051361,0.367789,0.650004,-0.060243,0.274681,0.603565,-0.020219,0.303073,0.537173,-0.035450,0.316253,0.493527,-0.048753,0.325519,0.453173,-0.059033,0.243606,0.579379,-0.017933,0.264838,0.502438,-0.031142,0.273888,0.452208,-0.043991,0.278113,0.409104,-0.053742,0.210950,0.574610,-0.019284,0.221460,0.499486,-0.033504,0.226926,0.452750,-0.044369,0.231238,0.411337,-0.051852,0.176173,0.585385,-0.023564,0.174520,0.524670,-0.038285,0.173641,0.484446,-0.045805,0.174507,0.446700,-0.050038
1719,0,0.014407,0.015049,0.031017,0.373477,0.142372,0.180520,0.767834,0.000000,0.239516,0.763365,-0.029023,0.294391,0.726732,-0.041095,0.333476,0.682817,-0.050775,0.367721,0.649208,-0.059476,0.274810,0.603266,-0.019907,0.303027,0.536868,-0.034993,0.316066,0.493221,-0.048139,0.325154,0.453004,-0.058309,0.243832,0.579178,-0.017722,0.264860,0.502416,-0.030887,0.273915,0.452203,-0.043619,0.278185,0.409416,-0.053186,0.211073,0.574668,-0.019191,0.221357,0.499510,-0.033430,0.226900,0.452993,-0.044221,0.231429,0.411777,-0.051604,0.176256,0.585506,-0.023598,0.174481,0.524927,-0.038364,0.173693,0.484546,-0.045916,0.174705,0.446845,-0.050173
1751,0,0.026710,0.022563,0.043457,0.391699,0.157080,0.180471,0.767592,0.000000,0.238844,0.762798,-0.029302,0.293555,0.726086,-0.041494,0.332155,0.682225,-0.051217,0.365835,0.648097,-0.059960,0.274764,0.602782,-0.019918,0.302667,0.536333,-0.035087,0.315257,0.492559,-0.048315,0.324270,0.452266,-0.058528,0.243688,0.578933,-0.017543,0.264505,0.501811,-0.030659,0.273233,0.451889,-0.043340,0.277512,0.409159,-0.052875,0.211185,0.574364,-0.018891,0.221160,0.499485,-0.033052,0.226277,0.452758,-0.043717,0.230730,0.411458,-0.050953,0.176291,0.585308,-0.023196,0.174724,0.524795,-0.037838,0.173811,0.484650,-0.045187,0.174792,0.446718,-0.049333
1783,0,0.048828,0.047284,0.079164,0.428202,0.191005,0.180339,0.767654,0.000000,0.237527,0.761748,-0.029394,0.291285,0.724759,-0.041555,0.327993,0.680235,-0.051283,0.359891,0.643572,-0.059994,0.274143,0.601527,-0.019401,0.301622,0.535125,-0.034729,0.313952,0.491695,-0.048154,0.322779,0.451530,-0.058373,0.243215,0.577952,-0.017044,0.263832,0.501367,-0.030072,0.272567,0.451774,-0.042799,0.277072,0.409511,-0.052302,0.210752,0.573602,-0.018515,0.220692,0.499544,-0.032505,0.225889,0.452928,-0.043063,0.230398,0.411818,-0.050228,0.175910,0.585134,-0.023002,0.174767,0.524674,-0.037388,0.174232,0.484741,-0.044534,0.175277,0.447360,-0.048531
1826,0,0.112896,0.124607,0.177719,0.511935,0.308359,0.181545,0.766754,0.000000,0.236969,0.758733,-0.028980,0.288485,0.721522,-0.040678,0.321720,0.674916,-0.050036,0.350195,0.635340,-0.058413,0.275281,0.601099,-0.017763,0.300772,0.534300,-0.033036,0.311683,0.490262,-0.046413,0.319600,0.449988,-0.056488,0.243677,0.578224,-0.015452,0.262477,0.501047,-0.028508,0.269952,0.451501,-0.041206,0.274051,0.409198,-0.050602,0.211249,0.574633,-0.017018,0.219885,0.500884,-0.030961,0.225018,0.454346,-0.041206,0.229811,0.413519,-0.048111,0.176790,0.586067,-0.021641,0.176264,0.525710,-0.035772,0.176467,0.485922,-0.042791,0.178310,0.448532,-0.046640
1861,0,0.145238,0.152226,0.278580,0.609310,0.455540,0.182025,0.765428,0.000000,0.236252,0.755142,-0.028749,0.286500,0.716872,-0.039844,0.314933,0.667633,-0.048616,0.335093,0.623430,-0.056225,0.276123,0.600190,-0.016755,0.299568,0.533759,-0.032179,0.307988,0.489273,-0.045879,0.313643,0.449090,-0.055925,0.244345,0.577816,-0.014169,0.261935,0.502616,-0.027044,0.267508,0.453705,-0.039657,0.270247,0.411249,-0.048915,0.211694,0.574029,-0.015490,0.219955,0.502708,-0.028618,0.224175,0.457808,-0.038045,0.228099,0.418078,-0.044380,0.176707,0.584974,-0.019960,0.177255,0.526389,-0.032948,0.178166,0.488186,-0.039057,0.180112,0.452180,-0.042356
1891,0,0.149620,0.187944,0.270333,0.638780,0.589588,0.182654,0.762823,0.000000,0.234413,0.750316,-0.029686,0.281148,0.714644,-0.042250,0.303358,0.666083,-0.052478,0.318985,0.619276,-0.061484,0.276295,0.600460,-0.017539,0.297219,0.534980,-0.033818,0.303137,0.491081,-0.048365,0.306361,0.451284,-0.058853,0.244605,0.578387,-0.014713,0.261279,0.505483,-0.028037,0.265401,0.457289,-0.041212,0.266855,0.415035,-0.050885,0.211955,0.574480,-0.015899,0.219781,0.505784,-0.028778,0.223590,0.462347,-0.037876,0.226712,0.423617,-0.044177,0.176703,0.585144,-0.020365,0.178204,0.528947,-0.032651,0.179582,0.492288,-0.038136,0.181448,0.457833,-0.041101
1929,0,0.206244,0.220333,0.179491,0.751385,0.801665,0.182803,0.761686,0.000000,0.233804,0.747473,-0.029539,0.278604,0.710738,-0.041503,0.298647,0.659758,-0.051162,0.308661,0.608963,-0.059513,0.274768,0.601241,-0.014188,0.293844,0.537064,-0.029466,0.298702,0.494966,-0.043791,0.301154,0.457278,-0.053994,0.243687,0.579731,-0.010902,0.259833,0.508826,-0.022767,0.264169,0.462662,-0.035476,0.265640,0.422246,-0.044916,0.211345,0.575681,-0.011901,0.219320,0.508481,-0.023620,0.223611,0.466548,-0.032534,0.227110,0.429158,-0.038780,0.176401,0.585547,-0.016240,0.178939,0.531216,-0.027469,0.181146,0.496104,-0.032571,0.183661,0.462884,-0.035439
1970,0,0.232910,0.244356,0.244694,0.925719,1.036976,0.183503,0.760908,0.000000,0.233595,0.743804,-0.025982,0.277275,0.705427,-0.036040,0.296446,0.654363,-0.044261,0.300958,0.605109,-0.051358,0.273350,0.598567,-0.009808,0.291115,0.539127,-0.023700,0.294883,0.500874,-0.037877,0.295988,0.466021,-0.048077,0.242966,0.578473,-0.007360,0.258087,0.512081,-0.017440,0.261975,0.469804,-0.029567,0.263274,0.431808,-0.038875,0.210994,0.574801,-0.008948,0.219049,0.511480,-0.018724,0.223333,0.472453,-0.026749,0.226842,0.436800,-0.032759,0.176073,0.584553,-0.013624,0.179735,0.532277,-0.022790,0.182809,0.499370,-0.026660,0.186393,0.468276,-0.028996
2007,0,0.290136,0.302175,0.342589,1.164627,1.329762,0.184585,0.760041,0.000000,0.235669,0.740459,-0.020472,0.278247,0.699206,-0.027599,0.296731,0.649319,-0.033904,0.293670,0.604553,-0.039332,0.272036,0.597368,-0.002859,0.288211,0.541875,-0.014631,0.291805,0.508460,-0.028195,0.292650,0.478164,-0.038142,0.242017,0.578875,-0.002318,0.255416,0.517337,-0.010122,0.259687,0.480399,-0.021330,0.261928,0.447740,-0.030366,0.210637,0.575590,-0.005560,0.219647,0.516205,-0.013423,0.225161,0.481062,-0.020559,0.230237,0.449091,-0.026338,0.176183,0.584545,-0.011514,0.180942,0.533927,-0.019193,0.185598,0.502853,-0.022346,0.191020,0.473537,-0.024465
2036,0,0.295051,0.315762,0.566146,1.434936,1.623515,0.187673,0.761619,0.000000,0.238317,0.736861,-0.018893,0.278013,0.693825,-0.025293,0.295454,0.644060,-0.031523,0.289608,0.597407,-0.036697,0.270513,0.594857,0.004142,0.284280,0.542515,-0.006693,0.289090,0.513577,-0.020170,0.292654,0.489616,-0.029889,0.240697,0.578111,0.004459,0.251647,0.520522,-0.002196,0.257230,0.491394,-0.012570,0.263204,0.467311,-0.020748,0.210202,0.575992,0.000502,0.218520,0.519584,-0.006987,0.224932,0.490456,-0.012876,0.232930,0.466346,-0.017327,0.177185,0.585390,-0.006179,0.181868,0.536227,-0.013676,0.188816,0.507643,-0.016425,0.198338,0.482113,-0.017974
2070,0,0.259923,0.274261,2.020804,1.462390,1.678605,0.187673,0.760516,0.000000,0.236979,0.738174,-0.019088,0.277372,0.690647,-0.024621,0.296417,0.640699,-0.030237,0.288940,0.594205,-0.034901,0.266827,0.597512,0.004668,0.279406,0.545718,-0.010121,0.287179,0.520442,-0.026075,0.293370,0.507975,-0.036204,0.238792,0.581486,0.004818,0.248485,0.521137,-0.007396,0.256810,0.495155,-0.021545,0.264700,0.488247,-0.030906,0.209838,0.579534,0.000347,0.217313,0.520477,-0.012319,0.227135,0.492136,-0.022916,0.238590,0.483261,-0.029000,0.179174,0.588483,-0.006632,0.184549,0.538134,-0.018570,0.193832,0.509282,-0.025791,0.206737,0.492739,-0.029652
2095,0,0.364350,0.341373,4.480057,1.480722,1.705944,0.190960,0.753569,0.000000,0.237731,0.735679,-0.018495,0.278282,0.686484,-0.025397,0.297475,0.636702,-0.032844,0.287255,0.589889,-0.039631,0.263942,0.592526,0.000800,0.277082,0.535093,-0.016653,0.289249,0.514624,-0.033224,0.296858,0.518471,-0.041910,0.237988,0.578090,0.000220,0.249736,0.509439,-0.016406,0.264111,0.494641,-0.032085,0.273625,0.509894,-0.039928,0.211744,0.577554,-0.004467,0.220481,0.510297,-0.019139,0.237270,0.491079,-0.030896,0.251924,0.501503,-0.036064,0.183413,0.587727,-0.011468,0.190431,0.530310,-0.024175,0.206302,0.502535,-0.032481,0.224146,0.498439,-0.036196
2120,0,0.355677,0.281719,3.500989,1.596640,1.772341,0.195312,0.747891,0.000000,0.240911,0.732592,-0.016152,0.279914,0.680009,-0.024462,0.301400,0.629729,-0.034012,0.288640,0.583672,-0.042892,0.265846,0.583565,-0.001806,0.278935,0.515972,-0.021697,0.294850,0.509926,-0.038838,0.301203,0.530126,-0.046545,0.240454,0.572915,-0.003908,0.252665,0.497669,-0.023189,0.271491,0.501024,-0.038570,0.280911,0.530472,-0.044635,0.215021,0.574114,-0.009651,0.224465,0.503991,-0.024194,0.247956,0.499035,-0.033510,0.264799,0.518849,-0.036492,0.188222,0.585757,-0.017609,0.196261,0.526211,-0.028969,0.218180,0.502767,-0.035721,0.240507,0.500822,-0.038268
2145,0,0.293525,0.338785,2.441575,1.735910,1.867519,0.194052,0.744336,0.000000,0.240958,0.727265,-0.011985,0.279774,0.678291,-0.019217,0.303920,0.632211,-0.028363,0.294093,0.588369,-0.036860,0.265284,0.580650,-0.002817,0.278258,0.512203,-0.023080,0.297509,0.514382,-0.039801,0.306145,0.540668,-0.047289,0.242025,0.571656,-0.006433,0.254130,0.494149,-0.026790,0.278221,0.506158,-0.041306,0.287793,0.541690,-0.046811,0.217884,0.573534,-0.013002,0.228323,0.499731,-0.029116,0.256926,0.507354,-0.037271,0.273339,0.537576,-0.038844,0.192149,0.585023,-0.021251,0.203844,0.525871,-0.034621,0.230059,0.514760,-0.041100,0.252094,0.524884,-0.042776
2170,0,0.211668,0.231845,1.404465,1.840859,1.960374,0.193884,0.742500,0.000000,0.240562,0.724536,-0.010518,0.280060,0.677031,-0.018017,0.306718,0.631399,-0.027866,0.298789,0.586160,-0.036720,0.265795,0.585472,-0.002737,0.283810,0.511756,-0.024005,0.303092,0.523264,-0.040975,0.307869,0.555514,-0.048251,0.245113,0.576861,-0.007035,0.261762,0.494646,-0.026442,0.286406,0.513366,-0.040529,0.293485,0.549111,-0.046466,0.222388,0.576769,-0.014259,0.235774,0.498239,-0.029513,0.264787,0.512262,-0.036960,0.278304,0.545125,-0.038642,0.197584,0.584081,-0.023061,0.212222,0.525721,-0.035999,0.239122,0.521802,-0.041936,0.258367,0.537199,-0.043686
2220,0,0.215792,0.215487,0.994362,1.994742,2.092457,0.193265,0.743879,-0.000000,0.241166,0.725717,-0.006659,0.282303,0.677399,-0.012318,0.311026,0.630991,-0.021050,0.302540,0.589059,-0.028704,0.265275,0.586021,0.001520,0.285002,0.513956,-0.018136,0.305591,0.530723,-0.034204,0.310391,0.562981,-0.041376,0.246518,0.577588,-0.004590,0.264535,0.494869,-0.022636,0.290891,0.517681,-0.035549,0.298183,0.553065,-0.041169,0.225537,0.577481,-0.013421,0.239648,0.498499,-0.028205,0.270275,0.517935,-0.035066,0.283601,0.552347,-0.036721,0.202982,0.583988,-0.023550,0.219733,0.526520,-0.036376,0.247686,0.528403,-0.042031,0.266430,0.547654,-0.043962
2253,0,0.202281,0.191370,0.519916,2.096901,2.217668,0.192751,0.745008,-0.000000,0.241316,0.723251,-0.003300,0.282245,0.675800,-0.007719,0.312990,0.632885,-0.016196,0.308932,0.591129,-0.023668,0.264513,0.588256,0.006796,0.284826,0.518536,-0.012139,0.307065,0.538013,-0.028631,0.313840,0.569035,-0.036712,0.247942,0.580580,-0.001572,0.267576,0.497865,-0.019593,0.294662,0.521885,-0.034013,0.303005,0.556711,-0.041066,0.228448,0.580127,-0.012609,0.244717,0.500342,-0.027604,0.275782,0.520651,-0.035737,0.289496,0.554985,-0.038523,0.207975,0.585743,-0.024730,0.227943,0.529567,-0.037478,0.256688,0.532550,-0.043783,0.275664,0.551620,-0.046534
2282,0,0.151197,0.143863,0.532995,2.201514,2.309824,0.194123,0.743676,0.000000,0.244033,0.719675,-0.002104,0.285315,0.672958,-0.006680,0.317829,0.632740,-0.016076,0.316771,0.592882,-0.024210,0.262318,0.584879,0.011147,0.283167,0.514602,-0.008208,0.306837,0.537973,-0.025761,0.314218,0.571341,-0.034661,0.246604,0.578942,0.001519,0.269073,0.498724,-0.017766,0.296980,0.528035,-0.033616,0.305659,0.564455,-0.041349,0.228733,0.578719,-0.011078,0.248008,0.500019,-0.026893,0.280472,0.523741,-0.035706,0.294743,0.560234,-0.038667,0.210718,0.584759,-0.024820,0.233934,0.530380,-0.037831,0.263580,0.536635,-0.044241,0.282239,0.557836,-0.047027
2315,0,0.217355,0.191778,0.569741,2.328240,2.425669,0.196348,0.744421,0.000000,0.246702,0.718057,0.001663,0.286820,0.670191,-0.000852,0.319962,0.633293,-0.009203,0.322034,0.600312,-0.016503,0.259806,0.581961,0.016304,0.280353,0.512446,-0.001724,0.307324,0.534271,-0.018856,0.318504,0.565285,-0.028059,0.245664,0.577651,0.004610,0.270043,0.501004,-0.015015,0.301338,0.530405,-0.031432,0.311722,0.567704,-0.039372,0.229616,0.578198,-0.009929,0.253205,0.504791,-0.026311,0.288617,0.529946,-0.035566,0.304001,0.567025,-0.038403,0.213717,0.585082,-0.025377,0.240709,0.532359,-0.038611,0.272320,0.539972,-0.045081,0.292094,0.561736,-0.047710
2350,0,0.172538,0.173151,0.814575,2.388404,2.501988,0.196232,0.744486,0.000000,0.247901,0.714604,0.004203,0.288393,0.666583,0.001456,0.321292,0.631894,-0.007858,0.323449,0.602174,-0.015930,0.253166,0.577906,0.017698,0.277268,0.509011,-0.001354,0.308016,0.533637,-0.019037,0.320889,0.566832,-0.028306,0.238709,0.574889,0.003955,0.269927,0.500282,-0.016187,0.304763,0.531459,-0.032580,0.316170,0.570024,-0.040270,0.224419,0.577310,-0.012514,0.256971,0.509385,-0.029439,0.294540,0.535699,-0.038107,0.309855,0.572221,-0.040099,0.212569,0.587466,-0.029696,0.246714,0.538949,-0.042365,0.279367,0.546315,-0.047789,0.297956,0.566138,-0.049437
2381,0,0.182925,0.187033,1.014599,2.509652,2.613447,0.195921,0.743232,0.000000,0.248834,0.710676,0.008034,0.288319,0.664659,0.005474,0.320116,0.633448,-0.004219,0.328845,0.605337,-0.012494,0.244656,0.570606,0.017323,0.275733,0.506883,-0.001197,0.308537,0.532764,-0.017564,0.322057,0.565147,-0.025727,0.229845,0.568130,0.001712,0.271855,0.499725,-0.016868,0.308363,0.532995,-0.030367,0.318842,0.571439,-0.036021,0.218600,0.572672,-0.016034,0.262125,0.510209,-0.032034,0.300418,0.539175,-0.037361,0.314622,0.576198,-0.036914,0.212549,0.586511,-0.034062,0.252835,0.540080,-0.045679,0.285678,0.550194,-0.047879,0.302948,0.570953,-0.046744
2411,0,0.159754,0.184008,1.118827,2.619555,2.719044,0.192346,0.742076,0.000000,0.247823,0.707217,0.010240,0.287881,0.661717,0.006949,0.320930,0.631384,-0.003757,0.329143,0.600640,-0.012847,0.232524,0.561763,0.017095,0.271710,0.505381,-0.001199,0.306195,0.529926,-0.017078,0.319856,0.562289,-0.024582,0.218240,0.560136,0.000282,0.271496,0.499113,-0.017420,0.309356,0.533924,-0.029078,0.319847,0.573612,-0.033096,0.211694,0.567917,-0.018223,0.265024,0.511602,-0.032873,0.304297,0.541632,-0.035660,0.317898,0.578805,-0.033403,0.213159,0.586562,-0.036822,0.257045,0.540617,-0.046464,0.290321,0.551441,-0.045848,0.307754,0.572918,-0.042463
2446,0,0.140437,0.110626,0.514725,2.567574,2.687861,0.191845,0.739102,0.000000,0.248054,0.703169,0.008080,0.289981,0.658575,0.002811,0.324011,0.627761,-0.009233,0.326672,0.596285,-0.019618,0.229076,0.558909,0.012480,0.270289,0.503184,-0.006456,0.305206,0.527430,-0.022586,0.319401,0.558822,-0.030182,0.214777,0.558220,-0.003292,0.270123,0.497819,-0.020890,0.308461,0.532168,-0.032336,0.320151,0.571144,-0.036286,0.209179,0.567168,-0.020534,0.263464,0.510760,-0.034472,0.303152,0.538536,-0.036626,0.318583,0.574110,-0.034082,0.212617,0.587175,-0.038084,0.256574,0.540923,-0.046799,0.289966,0.549974,-0.045680,0.308703,0.570650,-0.041950
2474,0,0.120147,0.112512,0.523195,2.578660,2.709389,0.191649,0.735967,0.000000,0.248617,0.698100,0.008496,0.289369,0.654432,0.002743,0.322942,0.626872,-0.009632,0.327168,0.598379,-0.020220,0.222369,0.552517,0.010253,0.268342,0.499674,-0.009440,0.304431,0.524857,-0.026290,0.319643,0.557193,-0.034338,0.209838,0.553896,-0.005981,0.269747,0.496677,-0.023691,0.308353,0.530351,-0.035277,0.320591,0.569076,-0.039468,0.207227,0.565471,-0.023372,0.263049,0.510141,-0.036886,0.302914,0.536415,-0.038764,0.318779,0.571097,-0.036115,0.214543,0.587971,-0.041044,0.258538,0.542203,-0.048925,0.291569,0.550318,-0.046980,0.310565,0.570499,-0.042687
2509,0,0.144741,0.130606,0.448676,2.517345,2.667626,0.190777,0.733053,0.000000,0.246616,0.697188,0.004950,0.288548,0.652209,-0.002545,0.323370,0.622583,-0.015420,0.326398,0.596280,-0.026335,0.217958,0.549867,0.004492,0.265475,0.497199,-0.015106,0.302390,0.520851,-0.032242,0.319707,0.552317,-0.041053,0.206838,0.552719,-0.009702,0.269714,0.495644,-0.028001,0.307482,0.528589,-0.040888,0.320257,0.566105,-0.046399,0.205742,0.565030,-0.024734,0.262420,0.511673,-0.038116,0.301960,0.535721,-0.041449,0.318812,0.569370,-0.040228,0.214539,0.587914,-0.040228,0.258373,0.544036,-0.047521,0.290859,0.549546,-0.046597,0.310927,0.567329,-0.043561
2539,0,0.069363,0.079251,0.178532,2.537708,2.700949,0.191894,0.732248,0.000000,0.247675,0.695053,0.005787,0.287876,0.650468,-0.001670,0.322165,0.621102,-0.014824,0.325300,0.595100,-0.026023,0.216197,0.548843,0.005420,0.264696,0.496514,-0.013918,0.301716,0.519837,-0.030480,0.318543,0.550666,-0.038757,0.205037,0.552681,-0.009191,0.267235,0.495438,-0.026888,0.305622,0.526891,-0.038561,0.318917,0.563254,-0.043165,0.204408,0.565786,-0.024717,0.261678,0.511286,-0.038071,0.301018,0.534616,-0.040259,0.317893,0.567002,-0.038136,0.214003,0.589085,-0.040618,0.259051,0.544555,-0.047997,0.291158,0.549244,-0.046332,0.310457,0.565482,-0.042544
2590,0,0.053765,0.058203,0.415429,2.544288,2.710773,0.191471,0.730626,0.000000,0.248045,0.692663,0.005270,0.289332,0.648673,-0.002326,0.323548,0.619803,-0.015248,0.326298,0.593588,-0.026215,0.215471,0.546349,0.004272,0.264234,0.496740,-0.015127,0.300893,0.518780,-0.031788,0.319472,0.548647,-0.040316,0.204477,0.550577,-0.009869,0.267912,0.496350,-0.027588,0.305151,0.527088,-0.039347,0.319050,0.562738,-0.044096,0.204273,0.564564,-0.024826,0.262198,0.513767,-0.038249,0.300844,0.535706,-0.040542,0.318250,0.567053,-0.038475,0.214721,0.588703,-0.040155,0.259093,0.546311,-0.047326,0.290258,0.550548,-0.045517,0.310194,0.566333,-0.041544
2621,0,0.051090,0.073735,0.244481,2.571665,2.734217,0.189906,0.729665,0.000000,0.247075,0.691647,0.005610,0.289335,0.648537,-0.001929,0.324064,0.619499,-0.014692,0.326054,0.594660,-0.025465,0.212994,0.544315,0.004923,0.263838,0.496232,-0.013948,0.300878,0.517997,-0.030871,0.320441,0.548560,-0.039893,0.203167,0.549368,-0.009317,0.269549,0.495755,-0.026744,0.306390,0.527934,-0.039349,0.319517,0.563671,-0.044947,0.203482,0.563298,-0.024169,0.263225,0.514827,-0.036885,0.301460,0.537055,-0.039541,0.318667,0.568622,-0.038069,0.214811,0.587894,-0.039381,0.259541,0.545997,-0.045395,0.290675,0.550616,-0.043348,0.310581,0.566802,-0.039605
2654,0,0.062028,0.071325,0.369429,2.579931,2.743756,0.191592,0.730041,0.000000,0.248050,0.692457,0.006743,0.289233,0.649162,-0.000266,0.323107,0.620807,-0.012965,0.326111,0.596249,-0.023865,0.216137,0.545208,0.005710,0.265473,0.496048,-0.013613,0.301813,0.518971,-0.030092,0.319058,0.550161,-0.038287,0.204902,0.549763,-0.009236,0.268866,0.496170,-0.026747,0.306154,0.528183,-0.038223,0.319004,0.564732,-0.042705,0.204386,0.563711,-0.024970,0.263478,0.513888,-0.038639,0.302199,0.537875,-0.040656,0.318522,0.570157,-0.038255,0.214088,0.588073,-0.040912,0.259112,0.545659,-0.048339,0.290475,0.551430,-0.046226,0.309797,0.568506,-0.041904
2684,0,0.037827,0.045427,0.152655,2.574156,2.736331,0.190792,0.730298,0.000000,0.248009,0.692175,0.006918,0.289777,0.649384,0.000078,0.323415,0.621371,-0.012342,0.326524,0.598235,-0.022957,0.215023,0.545522,0.005875,0.265246,0.496938,-0.013693,0.302096,0.519176,-0.030903,0.321126,0.550520,-0.039776,0.204495,0.550298,-0.009153,0.270244,0.496363,-0.027514,0.307401,0.528954,-0.040255,0.320336,0.566195,-0.045499,0.204371,0.564293,-0.024812,0.263777,0.514428,-0.038688,0.302448,0.538193,-0.041502,0.319072,0.571077,-0.039616,0.214452,0.588574,-0.040639,0.259063,0.546238,-0.047865,0.290418,0.551660,-0.046010,0.310218,0.568700,-0.042014
2717,0,0.052991,0.043998,0.161520,2.574156,2.736518,0.191319,0.731045,0.000000,0.248087,0.693461,0.006551,0.289450,0.650333,-0.000754,0.323032,0.622193,-0.013702,0.326952,0.597482,-0.024889,0.216398,0.545556,0.004740,0.266261,0.496512,-0.015073,0.302894,0.519572,-0.031828,0.320512,0.550552,-0.040226,0.205098,0.550464,-0.010313,0.270231,0.497160,-0.028655,0.307711,0.530140,-0.040482,0.320442,0.567074,-0.045002,0.204604,0.564850,-0.026107,0.264720,0.515550,-0.040386,0.303457,0.540468,-0.042566,0.319678,0.573149,-0.040065,0.214220,0.589565,-0.042085,0.259427,0.547339,-0.049841,0.290913,0.553302,-0.047694,0.310196,0.570638,-0.043335
2750,0,0.046527,0.047304,0.116877,2.587963,2.745007,0.191011,0.731656,0.000000,0.248071,0.694475,0.007190,0.289276,0.651106,0.000275,0.322831,0.623424,-0.012481,0.327188,0.598655,-0.023456,0.216750,0.546059,0.006040,0.267385,0.496802,-0.013603,0.303383,0.520904,-0.030201,0.320084,0.552579,-0.038389,0.205296,0.550375,-0.009205,0.270527,0.497456,-0.026949,0.307452,0.530527,-0.038260,0.319721,0.567672,-0.042522,0.204589,0.564724,-0.025267,0.264914,0.514580,-0.039190,0.303280,0.539897,-0.040920,0.319054,0.572659,-0.038164,0.213879,0.589394,-0.041497,0.259537,0.547033,-0.049252,0.291176,0.553474,-0.046944,0.310123,0.570916,-0.042394
2779,0,0.036556,0.053303,0.237624,2.575204,2.738445,0.190135,0.731066,0.000000,0.248028,0.693555,0.006578,0.289698,0.651094,-0.000433,0.323656,0.623231,-0.012939,0.327142,0.599625,-0.023579,0.215677,0.546113,0.005155,0.266284,0.497971,-0.014393,0.302455,0.521080,-0.031374,0.320409,0.552590,-0.040086,0.204967,0.550803,-0.009660,0.271043,0.498083,-0.027838,0.307547,0.530788,-0.040086,0.320008,0.567730,-0.045068,0.204644,0.565126,-0.025154,0.264541,0.516341,-0.038929,0.302739,0.539930,-0.041500,0.319148,0.572423,-0.039507,0.214529,0.589882,-0.040825,0.259527,0.548398,-0.048122,0.290627,0.553923,-0.046226,0.310167,0.570908,-0.042207
2814,0,0.019557,0.024264,0.071502,2.566782,2.730826,0.190512,0.731242,0.000000,0.247620,0.694036,0.006220,0.289464,0.651138,-0.000991,0.323437,0.623139,-0.013618,0.326602,0.599286,-0.024369,0.215422,0.546688,0.004806,0.266268,0.498464,-0.014852,0.303017,0.521274,-0.031979,0.321455,0.552613,-0.040791,0.204528,0.551271,-0.009909,0.270861,0.498024,-0.028230,0.307887,0.530671,-0.040726,0.320794,0.567803,-0.045853,0.204088,0.565258,-0.025282,0.264222,0.516170,-0.039060,0.302634,0.539959,-0.041688,0.319299,0.572506,-0.039797,0.213907,0.589580,-0.040919,0.259257,0.547844,-0.048128,0.290634,0.553724,-0.046174,0.310149,0.570912,-0.042168
2844,0,0.022007,0.025686,0.125419,2.578032,2.737865,0.190296,0.731591,0.000000,0.247579,0.694064,0.006725,0.289365,0.651206,-0.000360,0.323163,0.623118,-0.012993,0.327238,0.599439,-0.023794,0.214967,0.546350,0.005109,0.266342,0.498070,-0.014882,0.303170,0.521401,-0.032195,0.321224,0.553441,-0.041028,0.204310,0.551044,-0.009945,0.271093,0.498035,-0.028403,0.308201,0.531595,-0.040868,0.320984,0.569226,-0.045925,0.204134,0.565050,-0.025667,0.264566,0.515938,-0.039684,0.303210,0.540810,-0.042212,0.319524,0.573799,-0.040100,0.214134,0.589420,-0.041572,0.259349,0.547408,-0.048965,0.290954,0.553769,-0.046885,0.310454,0.571464,-0.042660
2875,0,0.018682,0.017943,0.103031,2.572980,2.734453,0.190009,0.731378,0.000000,0.247396,0.693492,0.006443,0.289616,0.650885,-0.000833,0.323433,0.623008,-0.013590,0.326452,0.599529,-0.024488,0.215174,0.545921,0.004920,0.265980,0.497710,-0.015185,0.302782,0.520906,-0.032662,0.321077,0.553020,-0.041605,0.204490,0.550764,-0.009993,0.270916,0.497978,-0.028719,0.307990,0.531555,-0.041444,0.320587,0.569339,-0.046637,0.204292,0.565063,-0.025562,0.264321,0.516591,-0.039682,0.302765,0.541024,-0.042438,0.319317,0.574090,-0.040451,0.214301,0.589602,-0.041348,0.259207,0.548129,-0.048624,0.290595,0.554026,-0.046637,0.310283,0.571212,-0.042534
2908,0,0.031388,0.032392,0.124076,2.584809,2.744243,0.189951,0.731755,0.000000,0.247160,0.694059,0.006835,0.288878,0.650687,-0.000044,0.322975,0.623119,-0.012483,0.326436,0.599983,-0.023090,0.214309,0.545819,0.005336,0.265620,0.498427,-0.014327,0.302267,0.521921,-0.031332,0.320351,0.553423,-0.040023,0.203620,0.550479,-0.009717,0.270204,0.498105,-0.027885,0.307377,0.531207,-0.040087,0.320560,0.568494,-0.044994,0.203487,0.564803,-0.025447,0.264016,0.516224,-0.039318,0.302723,0.540897,-0.041851,0.319238,0.573649,-0.039799,0.213439,0.589399,-0.041370,0.258818,0.547755,-0.048714,0.290283,0.554088,-0.046758,0.309708,0.571609,-0.042653
2954,0,0.029820,0.035602,0.122973,2.579078,2.741526,0.189733,0.731279,0.000000,0.247802,0.693342,0.007113,0.289463,0.650818,-0.000069,0.323141,0.623380,-0.013010,0.326218,0.598690,-0.024243,0.215015,0.545703,0.005180,0.266104,0.497138,-0.014747,0.302784,0.520564,-0.031784,0.320354,0.552042,-0.040415,0.203931,0.550651,-0.010200,0.270580,0.497863,-0.028550,0.307362,0.531491,-0.040703,0.319671,0.568586,-0.045539,0.203637,0.565194,-0.026260,0.264462,0.516279,-0.040319,0.302951,0.541375,-0.042625,0.318757,0.574081,-0.040383,0.213449,0.590046,-0.042465,0.258784,0.547980,-0.049894,0.290336,0.554058,-0.047749,0.309713,0.571376,-0.043489
2987,0,0.032705,0.027043,0.139305,2.574720,2.737788,0.189243,0.731582,0.000000,0.246944,0.693332,0.006563,0.289304,0.651118,-0.000629,0.323380,0.623223,-0.013303,0.326025,0.599682,-0.024154,0.214308,0.545701,0.004985,0.265351,0.498057,-0.014569,0.301614,0.521263,-0.031510,0.319915,0.552883,-0.040197,0.203412,0.550482,-0.009897,0.269881,0.498269,-0.027984,0.306680,0.531077,-0.040197,0.319479,0.568388,-0.045166,0.203168,0.565054,-0.025420,0.263589,0.516647,-0.039107,0.302039,0.540772,-0.041640,0.318596,0.573340,-0.039620,0.213003,0.590009,-0.041159,0.258315,0.548292,-0.048307,0.289709,0.554134,-0.046320,0.309272,0.571355,-0.042217
3021,0,0.027118,0.024141,0.109315,2.591652,2.751382,0.189546,0.731468,0.000000,0.247357,0.693495,0.007135,0.289380,0.650949,0.000274,0.323171,0.623415,-0.012267,0.326068,0.599246,-0.022965,0.214397,0.545557,0.005978,0.265652,0.498222,-0.013669,0.302432,0.521186,-0.030588,0.320547,0.552593,-0.039140,0.203512,0.550345,-0.009201,0.270216,0.498022,-0.027161,0.307068,0.531191,-0.039044,0.319700,0.568153,-0.043689,0.203404,0.564651,-0.025079,0.264169,0.516154,-0.038852,0.302436,0.540883,-0.040902,0.318567,0.573611,-0.038436,0.213372,0.589323,-0.041158,0.258917,0.547780,-0.048429,0.290137,0.554111,-0.046059,0.309249,0.571637,-0.041575
3071,0,0.033402,0.032856,0.171795,2.608222,2.766365,0.189708,0.731880,0.000000,0.247717,0.693562,0.008109,0.288966,0.651090,0.001612,0.322073,0.623933,-0.010884,0.326333,0.600399,-0.021639,0.214999,0.545866,0.007140,0.266430,0.498331,-0.012405,0.302425,0.522201,-0.029215,0.319684,0.554259,-0.037576,0.203736,0.550335,-0.008529,0.269825,0.498481,-0.026220,0.306906,0.531758,-0.037832,0.319526,0.569246,-0.042349,0.203325,0.564728,-0.024923,0.264214,0.515456,-0.038729,0.302512,0.541222,-0.040619,0.318423,0.574434,-0.038024,0.213014,0.589335,-0.041420,0.258866,0.547350,-0.048852,0.290262,0.554067,-0.046385,0.309369,0.571832,-0.041804
3114,0,0.060836,0.055200,0.274716,2.586993,2.746372,0.188739,0.731003,0.000000,0.246276,0.693206,0.006728,0.288561,0.650671,-0.000374,0.322322,0.623102,-0.012976,0.325494,0.600225,-0.023631,0.213449,0.545117,0.005880,0.264973,0.497647,-0.013809,0.301568,0.520388,-0.031252,0.320500,0.552034,-0.040281,0.202978,0.549985,-0.009038,0.270311,0.497983,-0.027249,0.306565,0.530994,-0.039897,0.319411,0.568099,-0.045116,0.203020,0.563897,-0.024607,0.263808,0.516728,-0.038072,0.301535,0.540621,-0.040473,0.318128,0.572980,-0.038424,0.213562,0.588091,-0.040441,0.259050,0.547740,-0.047005,0.290100,0.553590,-0.044604,0.309689,0.570475,-0.040313
3157,0,0.047902,0.055272,0.108053,2.578117,2.737499,0.189244,0.730923,0.000000,0.246700,0.693203,0.006479,0.288023,0.650299,-0.000829,0.321662,0.622075,-0.013750,0.325006,0.597580,-0.024795,0.212748,0.545295,0.005771,0.263972,0.497030,-0.013806,0.301164,0.519790,-0.030989,0.320104,0.551051,-0.039761,0.201792,0.549790,-0.009076,0.268280,0.497340,-0.026828,0.305580,0.529892,-0.038897,0.318862,0.566400,-0.043859,0.201848,0.563428,-0.024667,0.262615,0.514700,-0.038000,0.301038,0.538629,-0.040049,0.317614,0.570871,-0.037776,0.212609,0.587261,-0.040562,0.258263,0.545496,-0.047445,0.289811,0.551476,-0.045012,0.309343,0.568795,-0.040562
3198,0,0.240110,0.331339,0.359193,2.552231,2.710584,0.193091,0.732166,0.000000,0.245023,0.693466,0.005118,0.284905,0.646628,-0.001813,0.319202,0.615799,-0.014059,0.322248,0.589811,-0.024064,0.208576,0.547577,0.007903,0.256308,0.495491,-0.011330,0.294313,0.517445,-0.028676,0.313237,0.548557,-0.037341,0.198406,0.551101,-0.006096,0.259064,0.493307,-0.023857,0.299253,0.522171,-0.036862,0.315402,0.559302,-0.042097,0.198594,0.563327,-0.021144,0.254504,0.510567,-0.034182,0.295196,0.531148,-0.037277,0.314051,0.563071,-0.035586,0.209147,0.585354,-0.036703,0.252757,0.540591,-0.043469,0.285300,0.543485,-0.041745,0.305962,0.559100,-0.037820
3239,0,0.284046,0.383702,0.761851,2.595389,2.719623,0.198180,0.732675,0.000000,0.246896,0.693467,0.007317,0.282973,0.642100,0.001976,0.315079,0.608942,-0.009639,0.319308,0.582582,-0.019245,0.206652,0.550173,0.012697,0.249573,0.494168,-0.005891,0.288664,0.513308,-0.022543,0.306534,0.543447,-0.030445,0.195593,0.553117,-0.002605,0.249370,0.489522,-0.019038,0.292298,0.514275,-0.030684,0.309503,0.550217,-0.035081,0.194407,0.563783,-0.019309,0.247052,0.502686,-0.032723,0.290124,0.521867,-0.034858,0.309138,0.553865,-0.032277,0.203854,0.583454,-0.036324,0.247008,0.531417,-0.044289,0.281172,0.534918,-0.041931,0.300642,0.551972,-0.037280
3282,0,0.487658,0.596151,0.745119,2.668163,2.792811,0.202446,0.735491,0.000000,0.248404,0.691756,0.010730,0.278990,0.634745,0.009769,0.305012,0.599444,0.001376,0.314151,0.573659,-0.005401,0.208837,0.553979,0.023527,0.239423,0.497782,0.007543,0.277077,0.511981,-0.008322,0.298054,0.540036,-0.016199,0.194696,0.554945,0.007046,0.235146,0.491411,-0.009236,0.279619,0.510621,-0.021572,0.301720,0.544915,-0.026214,0.189003,0.562548,-0.011398,0.231078,0.494129,-0.026548,0.276261,0.508862,-0.031015,0.299886,0.540441,-0.029489,0.192879,0.577059,-0.029854,0.231299,0.519767,-0.040664,0.267417,0.519860,-0.040951,0.289912,0.535976,-0.037835
3324,0,1.154662,1.266243,1.088215,2.857218,3.276063,0.210196,0.731921,0.000000,0.246381,0.680146,0.009869,0.263199,0.615397,0.014253,0.281565,0.570839,0.010557,0.287537,0.541575,0.007720,0.200970,0.564676,0.038493,0.215900,0.507603,0.026575,0.248832,0.510219,0.011752,0.270581,0.531170,0.004115,0.186712,0.562636,0.023631,0.200897,0.494790,0.007886,0.241845,0.497632,-0.008254,0.269824,0.523236,-0.015337,0.174715,0.564795,0.005397,0.188788,0.490196,-0.009916,0.230866,0.490272,-0.020608,0.260426,0.514571,-0.023188,0.167219,0.571433,-0.013097,0.181648,0.504926,-0.025087,0.214597,0.491995,-0.030643,0.243891,0.501438,-0.031719
3375,0,0.542271,0.442296,1.204765,3.105121,3.578287,0.205752,0.730903,0.000000,0.241089,0.672467,0.011510,0.253984,0.605550,0.016053,0.268168,0.557197,0.012336,0.266662,0.524907,0.009643,0.181337,0.567617,0.040701,0.198814,0.508546,0.030073,0.230935,0.504625,0.015895,0.252058,0.522381,0.008785,0.165741,0.567674,0.025800,0.182510,0.494307,0.012423,0.222597,0.491212,-0.002482,0.250204,0.513323,-0.008920,0.155982,0.571140,0.007788,0.170680,0.490146,-0.005401,0.213104,0.483729,-0.014655,0.243002,0.504458,-0.016602,0.154263,0.577481,-0.010326,0.168113,0.504683,-0.020240,0.200945,0.487776,-0.023973,0.230236,0.494185,-0.023941
3416,0,0.416766,0.344113,0.566175,3.103917,3.599422,0.202479,0.730116,0.000000,0.234632,0.667772,0.009018,0.247576,0.601556,0.010356,0.262115,0.551067,0.003838,0.255188,0.516484,-0.001401,0.171167,0.571200,0.035212,0.186810,0.508694,0.022529,0.218496,0.501595,0.007580,0.239823,0.514840,0.000133,0.155057,0.572723,0.021032,0.169392,0.494796,0.005804,0.210029,0.488910,-0.008676,0.239195,0.507689,-0.014539,0.146082,0.576369,0.003706,0.157833,0.490263,-0.010850,0.200030,0.480581,-0.018833,0.231534,0.497945,-0.019645,0.146320,0.580974,-0.013910,0.156322,0.506873,-0.024378,0.187560,0.485274,-0.027628,0.216635,0.486550,-0.027118
3461,0,0.235989,0.182432,0.444031,3.199290,3.695151,0.199955,0.730659,0.000000,0.230266,0.665385,0.006889,0.242760,0.597881,0.007467,0.256170,0.544871,0.000503,0.246688,0.510011,-0.005118,0.165862,0.573387,0.034371,0.177940,0.510501,0.021819,0.207659,0.498797,0.006970,0.228957,0.506563,-0.000503,0.149786,0.575246,0.021290,0.161080,0.497945,0.005535,0.200759,0.489453,-0.009202,0.230882,0.504100,-0.014997,0.140784,0.578728,0.004958,0.150044,0.493675,-0.010476,0.191881,0.482013,-0.018676,0.224310,0.496641,-0.019254,0.140851,0.582362,-0.011815,0.148829,0.507656,-0.022267,0.179475,0.484762,-0.025233,0.209013,0.484157,-0.024336
3503,0,0.239471,0.212563,0.415612,3.338561,3.850637,0.198661,0.731200,0.000000,0.227846,0.665370,0.006532,0.239425,0.596019,0.007167,0.251332,0.539781,0.000403,0.236959,0.505811,-0.004994,0.161625,0.575693,0.036466,0.171080,0.511953,0.024880,0.199184,0.496943,0.010315,0.219794,0.502636,0.002938,0.145238,0.577847,0.023858,0.153618,0.498604,0.009244,0.192428,0.486661,-0.005573,0.222532,0.499344,-0.011426,0.136292,0.581483,0.007946,0.142495,0.495621,-0.006100,0.183493,0.480396,-0.014094,0.216004,0.492628,-0.014797,0.136331,0.585155,-0.008493,0.143538,0.509960,-0.017785,0.173618,0.486025,-0.020262,0.202545,0.484294,-0.019144
3547,0,0.122991,0.150022,0.443802,3.309025,3.813344,0.198857,0.734508,0.000000,0.228416,0.665413,0.005846,0.240375,0.594245,0.005649,0.251807,0.538566,-0.001471,0.234666,0.509774,-0.006950,0.155993,0.578248,0.033050,0.167955,0.511435,0.021230,0.197733,0.496146,0.006604,0.219363,0.501816,-0.001061,0.140401,0.581131,0.020781,0.148881,0.498975,0.006339,0.187891,0.485667,-0.007990,0.218268,0.498566,-0.013948,0.133838,0.585063,0.005468,0.140681,0.496377,-0.008094,0.181276,0.479414,-0.015610,0.213237,0.491664,-0.016340,0.137708,0.587853,-0.010439,0.144064,0.510426,-0.019448,0.173700,0.486358,-0.021680,0.201823,0.485883,-0.020604
3588,0,0.060569,0.053441,0.285503,3.338563,3.834762,0.199020,0.733908,0.000000,0.227969,0.663868,0.006381,0.240579,0.593704,0.006150,0.252170,0.537763,-0.001406,0.234719,0.508476,-0.007488,0.158580,0.575875,0.035256,0.167680,0.510313,0.023888,0.196879,0.495420,0.009171,0.218799,0.500992,0.001345,0.143383,0.578859,0.022428,0.148586,0.498275,0.008255,0.186779,0.485217,-0.006596,0.217613,0.497760,-0.012909,0.136020,0.583355,0.006499,0.140289,0.496448,-0.006860,0.180134,0.479076,-0.014749,0.212277,0.490149,-0.015706,0.138408,0.587343,-0.010030,0.143727,0.510536,-0.018747,0.173033,0.486175,-0.020888,0.201261,0.485320,-0.019720
3627,0,0.109966,0.135645,0.422297,3.343402,3.780365,0.197006,0.734968,0.000000,0.226935,0.666406,0.009657,0.238457,0.597287,0.011306,0.250354,0.542448,0.005007,0.240093,0.510901,-0.000041,0.158819,0.575097,0.037295,0.168493,0.509562,0.026574,0.198309,0.495137,0.012345,0.221091,0.501700,0.004751,0.143363,0.577760,0.022952,0.149599,0.497699,0.009056,0.189321,0.485410,-0.005490,0.220800,0.500200,-0.011663,0.135684,0.582039,0.005754,0.140107,0.495766,-0.007553,0.181184,0.479128,-0.015594,0.214056,0.491989,-0.016780,0.137175,0.586007,-0.011760,0.142935,0.510516,-0.020905,0.172338,0.485655,-0.023797,0.200327,0.484117,-0.023277
3668,0,0.047872,0.058524,0.240969,3.372660,3.768302,0.195151,0.733743,0.000000,0.226320,0.664979,0.009920,0.237758,0.596220,0.011984,0.250667,0.541961,0.006049,0.239588,0.510431,0.001340,0.156954,0.574988,0.037887,0.169155,0.509584,0.027330,0.199194,0.495171,0.013208,0.220974,0.501721,0.005690,0.141213,0.577066,0.023496,0.149740,0.496021,0.009545,0.189960,0.484462,-0.004899,0.220852,0.499968,-0.010883,0.133917,0.580886,0.006200,0.140205,0.493396,-0.007179,0.182017,0.478015,-0.015215,0.214198,0.491548,-0.016317,0.136367,0.584165,-0.011356,0.142186,0.508053,-0.020477,0.172159,0.484097,-0.023202,0.200333,0.483401,-0.022566
3712,0,0.049907,0.035489,0.157258,3.383093,3.761617,0.194637,0.732646,0.000000,0.225958,0.663949,0.009184,0.238019,0.595346,0.010856,0.250516,0.540794,0.004641,0.238496,0.509374,-0.000364,0.157700,0.573458,0.037746,0.169036,0.508175,0.027274,0.198905,0.493605,0.013017,0.220701,0.499777,0.005363,0.142116,0.575342,0.023604,0.149094,0.494516,0.009975,0.188607,0.482175,-0.004637,0.219623,0.497217,-0.010815,0.134478,0.579847,0.006537,0.139907,0.492629,-0.006553,0.180855,0.476700,-0.014616,0.212870,0.489936,-0.015766,0.136709,0.584163,-0.010897,0.142600,0.507631,-0.019705,0.172143,0.483817,-0.022201,0.199968,0.483389,-0.021385
3780,0,0.036449,0.036362,0.141143,3.358991,3.745490,0.194738,0.732406,0.000000,0.226376,0.664282,0.008723,0.238680,0.595735,0.010541,0.251231,0.540980,0.004618,0.238759,0.509361,-0.000075,0.160026,0.573750,0.037435,0.170512,0.509426,0.026935,0.199942,0.494668,0.012717,0.221295,0.500294,0.005026,0.144449,0.575111,0.023641,0.149905,0.495194,0.009766,0.188887,0.482228,-0.004977,0.220167,0.496094,-0.011250,0.136657,0.579125,0.006827,0.140353,0.493403,-0.006607,0.180948,0.476634,-0.015179,0.213282,0.488835,-0.016655,0.138250,0.583361,-0.010353,0.143423,0.507848,-0.019581,0.172967,0.483937,-0.022598,0.201315,0.483430,-0.022141
3849,0,0.179881,0.183604,0.379582,3.283824,3.605910,0.194391,0.732116,0.000000,0.227449,0.663870,0.008983,0.241841,0.595663,0.010064,0.255438,0.542745,0.003402,0.242222,0.511590,-0.001868,0.160300,0.569892,0.035248,0.169728,0.504559,0.023753,0.201147,0.491521,0.009373,0.224809,0.498191,0.001628,0.145267,0.572590,0.020843,0.153011,0.491228,0.006207,0.193610,0.480954,-0.008275,0.224492,0.497164,-0.014323,0.138367,0.577576,0.003615,0.146107,0.490366,-0.010356,0.187991,0.476236,-0.018095,0.219536,0.490582,-0.018957,0.141383,0.582972,-0.013950,0.151622,0.507143,-0.023639,0.182561,0.486716,-0.026111,0.209824,0.489010,-0.025135
3909,0,0.252405,0.265034,0.405554,3.142930,3.406291,0.193711,0.731699,0.000000,0.228491,0.667162,0.009149,0.243987,0.599064,0.009604,0.258716,0.547621,0.002279,0.249388,0.517645,-0.003634,0.163075,0.566384,0.031217,0.174550,0.499807,0.018233,0.208221,0.491169,0.003551,0.232248,0.502817,-0.004063,0.148158,0.568873,0.016307,0.159271,0.488621,0.000949,0.201433,0.482220,-0.012887,0.231402,0.501473,-0.018509,0.141265,0.574293,-0.001251,0.153075,0.487710,-0.015917,0.196234,0.477503,-0.023189,0.227175,0.494754,-0.023677,0.144315,0.580439,-0.019062,0.157171,0.504935,-0.029169,0.189099,0.485883,-0.031493,0.216146,0.489231,-0.030356
3962,0,0.512647,0.496163,0.512351,2.853793,3.066966,0.194249,0.732442,-0.000000,0.231626,0.674610,0.008448,0.252077,0.609576,0.006717,0.269999,0.562212,-0.002611,0.267496,0.528278,-0.010516,0.175724,0.560497,0.026189,0.192252,0.496455,0.011286,0.227750,0.495228,-0.004257,0.250723,0.512624,-0.012154,0.160263,0.562444,0.011035,0.177941,0.486681,-0.004930,0.220421,0.486823,-0.018340,0.247434,0.510226,-0.023886,0.152155,0.568374,-0.006580,0.170087,0.486169,-0.021891,0.213290,0.482438,-0.028070,0.242137,0.503643,-0.027745,0.154109,0.577289,-0.024437,0.170876,0.505930,-0.034832,0.202154,0.489815,-0.036194,0.227234,0.495768,-0.034280
4032,0,0.436496,0.434575,0.713522,2.679205,2.843166,0.194179,0.732863,-0.000000,0.234049,0.679340,0.007512,0.257621,0.616277,0.003901,0.279540,0.572515,-0.006822,0.283689,0.540585,-0.015862,0.176730,0.557160,0.020419,0.199821,0.491563,0.003159,0.239613,0.495855,-0.013758,0.263177,0.517846,-0.022322,0.161964,0.559030,0.005181,0.190939,0.484059,-0.011927,0.236969,0.489792,-0.025515,0.263451,0.517043,-0.031306,0.156373,0.565465,-0.012242,0.185512,0.486320,-0.027128,0.230855,0.487883,-0.032354,0.258481,0.512192,-0.031725,0.161782,0.575988,-0.030080,0.186323,0.509616,-0.039805,0.218911,0.496750,-0.040418,0.243013,0.503650,-0.038096
4077,0,1.162182,1.260613,1.273219,2.557622,2.599975,0.187800,0.734661,-0.000000,0.239673,0.688294,0.006506,0.276419,0.634877,-0.001779,0.306298,0.603370,-0.016760,0.309340,0.581105,-0.029716,0.190316,0.542213,0.011460,0.228887,0.483634,-0.009494,0.269951,0.498586,-0.029064,0.292045,0.529558,-0.038868,0.179628,0.546899,-0.004122,0.232147,0.485557,-0.019466,0.277267,0.505812,-0.032104,0.297437,0.540164,-0.038550,0.180180,0.559136,-0.021249,0.230653,0.497448,-0.034762,0.276497,0.513437,-0.037308,0.298767,0.544215,-0.035558,0.192835,0.579075,-0.038677,0.233078,0.524720,-0.045840,0.267902,0.527794,-0.042370,0.289590,0.546763,-0.037213
4110,0,0.794316,0.757885,0.909179,2.552694,2.664114,0.186704,0.737606,-0.000000,0.243318,0.695809,0.006104,0.283608,0.647904,-0.002651,0.314944,0.621850,-0.017567,0.321478,0.602762,-0.030418,0.200916,0.544076,0.005307,0.252292,0.490462,-0.019015,0.292735,0.516447,-0.039787,0.311075,0.552734,-0.049742,0.190837,0.548621,-0.010549,0.257586,0.493386,-0.030385,0.300320,0.526615,-0.044048,0.315860,0.566935,-0.050067,0.192910,0.562683,-0.027652,0.254869,0.511166,-0.043951,0.298176,0.538949,-0.047399,0.316929,0.575075,-0.045415,0.206165,0.585201,-0.044959,0.252493,0.540736,-0.053190,0.286645,0.550931,-0.050327,0.306878,0.573368,-0.045317
4147,0,0.490538,0.410980,0.318033,2.621358,2.742774,0.186211,0.741897,-0.000000,0.248159,0.702881,0.008849,0.290511,0.658595,0.001213,0.322382,0.634936,-0.012974,0.331393,0.619684,-0.025422,0.213996,0.547776,0.007128,0.268058,0.500217,-0.015990,0.306909,0.527865,-0.036121,0.323215,0.563942,-0.046408,0.203896,0.552983,-0.010312,0.273207,0.503237,-0.029202,0.312834,0.538099,-0.042365,0.324809,0.577250,-0.048544,0.205478,0.569379,-0.028709,0.268164,0.522129,-0.043910,0.308590,0.549885,-0.047197,0.324535,0.584393,-0.045783,0.217938,0.595926,-0.047065,0.265894,0.556516,-0.054888,0.299073,0.567348,-0.052094,0.318255,0.588878,-0.047690
4188,0,0.308621,0.143427,0.466098,2.689142,2.796250,0.189796,0.746746,0.000000,0.251961,0.706618,0.011549,0.294194,0.664293,0.006400,0.325789,0.642028,-0.005233,0.336889,0.627526,-0.015435,0.219550,0.552067,0.008539,0.276426,0.509028,-0.012767,0.313891,0.535103,-0.031720,0.332596,0.568851,-0.041793,0.209381,0.559129,-0.009556,0.283563,0.509857,-0.029369,0.320614,0.546496,-0.043761,0.332431,0.585937,-0.050199,0.210651,0.575922,-0.027918,0.275625,0.530880,-0.042794,0.314033,0.559155,-0.046830,0.328930,0.594167,-0.045763,0.222060,0.602479,-0.045929,0.269866,0.563409,-0.053067,0.301259,0.573184,-0.050799,0.319529,0.593324,-0.046763
4231,0,0.147393,0.151094,0.324843,2.740326,2.857821,0.189013,0.747266,0.000000,0.253345,0.709193,0.012597,0.295383,0.667750,0.007469,0.327781,0.645463,-0.004552,0.339485,0.632347,-0.015344,0.224204,0.554569,0.008319,0.280429,0.510588,-0.011369,0.315749,0.536993,-0.028149,0.332460,0.569573,-0.036979,0.212721,0.561420,-0.010191,0.288283,0.514145,-0.028979,0.323408,0.553707,-0.040829,0.333212,0.593551,-0.045443,0.212852,0.578091,-0.028896,0.279784,0.534552,-0.042688,0.316623,0.565300,-0.044613,0.329939,0.601023,-0.042290,0.223079,0.604683,-0.047302,0.270978,0.566369,-0.053941,0.302446,0.575732,-0.051252,0.320976,0.595075,-0.046937
4282,0,0.067579,0.075424,0.303337,2.767323,2.874543,0.190861,0.746697,0.000000,0.255675,0.707647,0.011697,0.297281,0.666386,0.006316,0.329767,0.643686,-0.005677,0.339995,0.628751,-0.016217,0.224541,0.554381,0.007649,0.280670,0.510621,-0.010987,0.315292,0.536255,-0.026752,0.332452,0.568131,-0.035191,0.213056,0.560713,-0.010160,0.289314,0.515611,-0.028724,0.322514,0.555546,-0.039703,0.331404,0.594874,-0.043613,0.213765,0.577598,-0.028173,0.281359,0.536651,-0.041373,0.316987,0.566610,-0.042543,0.329859,0.601011,-0.039769,0.224337,0.604579,-0.046052,0.272006,0.568078,-0.052335,0.302729,0.576294,-0.049528,0.321250,0.594288,-0.045217
4333,0,0.042284,0.046623,0.168166,2.772405,2.878455,0.191118,0.746875,0.000000,0.255636,0.707369,0.011984,0.296943,0.666214,0.007034,0.328308,0.643937,-0.004552,0.340414,0.628180,-0.014797,0.225398,0.554378,0.008673,0.280629,0.510150,-0.009453,0.315012,0.534983,-0.025080,0.332036,0.566655,-0.033495,0.213931,0.560787,-0.009071,0.289201,0.516137,-0.027055,0.322378,0.555219,-0.038209,0.331468,0.594309,-0.042425,0.214299,0.577726,-0.027022,0.280861,0.536704,-0.039869,0.316378,0.565847,-0.041396,0.329827,0.599956,-0.039039,0.224393,0.604822,-0.044782,0.271462,0.568101,-0.051023,0.302285,0.575645,-0.048500,0.321037,0.593196,-0.044384
4374,0,0.039422,0.037085,0.264190,2.754416,2.865904,0.191176,0.746138,0.000000,0.255580,0.707573,0.011399,0.297030,0.666456,0.005945,0.328846,0.643751,-0.006270,0.339934,0.626569,-0.017053,0.225796,0.555270,0.008301,0.279979,0.509959,-0.010300,0.314349,0.535458,-0.025745,0.330675,0.567438,-0.033755,0.213992,0.560563,-0.009284,0.287778,0.514654,-0.027494,0.321271,0.554102,-0.038035,0.330246,0.593644,-0.041599,0.214204,0.576808,-0.027261,0.280454,0.534366,-0.040600,0.316101,0.564666,-0.041532,0.329422,0.599510,-0.038401,0.224212,0.603596,-0.045129,0.271450,0.566816,-0.051690,0.302294,0.574953,-0.048893,0.320792,0.593018,-0.044363
4411,0,0.032707,0.032584,0.106849,2.753472,2.865105,0.190853,0.746749,0.000000,0.255554,0.707606,0.011686,0.296969,0.666366,0.006503,0.328949,0.643672,-0.005473,0.339773,0.626774,-0.016121,0.225719,0.555012,0.008870,0.279406,0.510363,-0.009194,0.313540,0.535232,-0.024385,0.330070,0.566787,-0.032408,0.213882,0.560695,-0.008837,0.287057,0.515169,-0.026760,0.320452,0.553699,-0.037441,0.329833,0.592979,-0.041195,0.213899,0.577431,-0.026893,0.279182,0.535693,-0.039999,0.315188,0.564926,-0.041262,0.328948,0.599247,-0.038471,0.223659,0.604834,-0.044816,0.270322,0.567797,-0.051394,0.301240,0.574838,-0.049002,0.320214,0.592150,-0.044883
4440,0,0.037444,0.050538,0.157763,2.736558,2.850112,0.191512,0.746453,0.000000,0.255710,0.708355,0.011238,0.297075,0.667099,0.005706,0.328923,0.644089,-0.006579,0.339328,0.627222,-0.017488,0.226605,0.555493,0.008200,0.279269,0.510155,-0.010456,0.313375,0.535357,-0.025933,0.329553,0.567876,-0.033913,0.214233,0.561036,-0.009384,0.286256,0.515093,-0.027695,0.320053,0.553931,-0.038201,0.329151,0.593617,-0.041726,0.213652,0.577348,-0.027429,0.278508,0.535373,-0.040961,0.314759,0.565301,-0.041958,0.328242,0.600028,-0.038833,0.222713,0.604319,-0.045383,0.269517,0.567466,-0.052365,0.300775,0.575346,-0.049905,0.319446,0.593336,-0.045549
4470,0,0.031459,0.034739,0.100617,2.736059,2.847662,0.191088,0.747039,0.000000,0.255173,0.708576,0.011411,0.296876,0.667118,0.006407,0.328774,0.644681,-0.005265,0.339656,0.627225,-0.015543,0.226355,0.555990,0.008772,0.278922,0.511049,-0.009444,0.312922,0.535966,-0.024713,0.329174,0.567979,-0.032680,0.214089,0.560996,-0.008631,0.285755,0.515493,-0.026655,0.319502,0.553748,-0.037410,0.329054,0.593453,-0.041161,0.213549,0.577144,-0.026456,0.277666,0.535375,-0.039933,0.314101,0.564503,-0.041593,0.328500,0.598935,-0.039003,0.222943,0.604130,-0.044115,0.269253,0.567568,-0.051319,0.300406,0.575060,-0.049427,0.319442,0.592638,-0.045510
4500,0,0.061172,0.075654,0.297939,2.729351,2.845790,0.192028,0.745662,0.000000,0.255751,0.707541,0.010747,0.297425,0.666465,0.004901,0.329936,0.642816,-0.007617,0.338264,0.625180,-0.018675,0.226735,0.555356,0.007621,0.279465,0.509428,-0.011527,0.313720,0.536049,-0.027431,0.328877,0.569386,-0.035525,0.214329,0.560588,-0.009802,0.285857,0.514637,-0.028310,0.319801,0.554141,-0.039041,0.328204,0.593989,-0.042656,0.213545,0.576810,-0.027747,0.278113,0.535012,-0.041495,0.314523,0.565487,-0.042590,0.327716,0.600491,-0.039406,0.222364,0.603800,-0.045609,0.268964,0.566844,-0.052773,0.300280,0.575298,-0.050352,0.318522,0.593713,-0.045940
4527,0,0.058343,0.076558,0.208587,2.707199,2.817710,0.193277,0.746085,0.000000,0.255045,0.708916,0.010649,0.296289,0.667277,0.005200,0.328211,0.643914,-0.006696,0.339345,0.625797,-0.017122,0.227410,0.556147,0.007744,0.278966,0.510140,-0.010856,0.313209,0.535527,-0.026470,0.328994,0.568027,-0.034475,0.215105,0.560889,-0.009224,0.285335,0.514006,-0.027199,0.319725,0.552373,-0.038022,0.328913,0.592024,-0.041901,0.213948,0.576281,-0.026635,0.276883,0.533790,-0.039978,0.313709,0.563119,-0.041569,0.327896,0.597815,-0.038950,0.222050,0.602721,-0.043923,0.267906,0.565956,-0.051116,0.299391,0.573838,-0.049094,0.318173,0.591686,-0.045083
4556,0,0.028050,0.032569,0.163343,2.707156,2.816921,0.193963,0.745505,0.000000,0.255324,0.708403,0.010318,0.296682,0.666791,0.004825,0.329060,0.643208,-0.007119,0.339371,0.624067,-0.017532,0.227668,0.556067,0.007722,0.279338,0.509628,-0.011341,0.313764,0.535343,-0.026991,0.328894,0.568025,-0.034733,0.215049,0.560484,-0.009129,0.284617,0.513470,-0.027090,0.319514,0.551607,-0.037507,0.328795,0.591045,-0.040940,0.213635,0.575746,-0.026578,0.276680,0.533323,-0.040346,0.313408,0.563454,-0.041370,0.326972,0.598194,-0.038068,0.221565,0.602122,-0.043945,0.267550,0.565199,-0.051506,0.298871,0.574139,-0.049029,0.317156,0.592978,-0.044407
4590,0,0.076582,0.081169,0.427099,2.664250,2.776268,0.195209,0.743911,0.000000,0.254910,0.709005,0.009078,0.296828,0.667674,0.002696,0.329580,0.643190,-0.010059,0.338671,0.621187,-0.021287,0.232052,0.556674,0.006574,0.281358,0.508785,-0.013024,0.315142,0.536065,-0.028833,0.328195,0.568793,-0.036511,0.218423,0.560207,-0.009869,0.284441,0.512215,-0.027795,0.319596,0.551090,-0.037994,0.328174,0.590197,-0.041421,0.215045,0.574549,-0.027087,0.276255,0.530576,-0.041388,0.313275,0.561749,-0.042080,0.326490,0.596512,-0.038554,0.220649,0.600404,-0.044321,0.266029,0.562876,-0.052756,0.297908,0.572014,-0.050417,0.316159,0.590395,-0.045803
4620,0,0.081702,0.127811,0.424532,2.612762,2.721520,0.198991,0.742402,0.000000,0.254767,0.710929,0.007746,0.296776,0.669661,0.001139,0.330222,0.644721,-0.011662,0.338356,0.620829,-0.022945,0.237603,0.559619,0.006661,0.282632,0.509223,-0.013577,0.316308,0.535527,-0.030093,0.328529,0.569018,-0.037934,0.223484,0.561350,-0.008947,0.284644,0.512456,-0.027501,0.319961,0.550647,-0.038561,0.328083,0.590269,-0.042457,0.217959,0.573715,-0.025586,0.275232,0.528713,-0.040278,0.312315,0.559034,-0.041863,0.325831,0.594000,-0.038957,0.220658,0.597053,-0.042325,0.264353,0.559796,-0.051437,0.296352,0.569188,-0.049819,0.314887,0.587788,-0.045725
4652,0,0.125216,0.148394,1.037476,2.596977,2.693124,0.202463,0.743153,-0.000000,0.253923,0.714916,0.007485,0.296350,0.673450,0.001088,0.329925,0.646166,-0.011965,0.337577,0.619267,-0.023652,0.246963,0.566848,0.009115,0.285639,0.511133,-0.010679,0.318550,0.537685,-0.026682,0.329138,0.571279,-0.034102,0.231544,0.566318,-0.006711,0.285372,0.511489,-0.025175,0.320573,0.551333,-0.035969,0.326766,0.591456,-0.039573,0.222503,0.574606,-0.023996,0.275698,0.524740,-0.039343,0.312868,0.558551,-0.040654,0.324692,0.595324,-0.037443,0.220151,0.593934,-0.041473,0.263463,0.553700,-0.051792,0.296550,0.566902,-0.050317,0.313628,0.589251,-0.046190
4686,0,0.226407,0.258927,1.602489,2.512141,2.585996,0.208106,0.743015,-0.000000,0.256090,0.719416,0.003129,0.298865,0.676913,-0.003419,0.332696,0.644143,-0.015959,0.331556,0.617440,-0.026792,0.260183,0.576867,0.009396,0.291776,0.515036,-0.011252,0.322517,0.543496,-0.028008,0.329805,0.579461,-0.035548,0.244493,0.573983,-0.004047,0.286371,0.508309,-0.023343,0.320341,0.547279,-0.034957,0.325609,0.587365,-0.038866,0.231372,0.577372,-0.019844,0.274027,0.519571,-0.036369,0.310515,0.553425,-0.039293,0.321037,0.591264,-0.037059,0.221497,0.590557,-0.036238,0.260528,0.548469,-0.048131,0.293046,0.562511,-0.048952,0.308499,0.585189,-0.046686
4714,0,0.263257,0.268468,1.585278,2.378855,2.444782,0.209762,0.743488,-0.000000,0.256256,0.722655,-0.001676,0.298713,0.680384,-0.007951,0.332006,0.647399,-0.019283,0.331521,0.617432,-0.029074,0.276276,0.588901,0.007964,0.300012,0.520752,-0.013538,0.326418,0.549058,-0.031372,0.331411,0.583760,-0.039698,0.260642,0.584236,-0.002429,0.289174,0.507456,-0.023196,0.317910,0.544825,-0.037467,0.321987,0.583167,-0.043228,0.242990,0.583668,-0.015678,0.270238,0.515715,-0.033920,0.302386,0.548203,-0.040164,0.312514,0.585813,-0.040031,0.224283,0.590387,-0.029823,0.254539,0.544505,-0.043994,0.285006,0.557963,-0.048024,0.300458,0.580037,-0.048257
4748,0,0.202049,0.215292,0.701226,2.249836,2.282020,0.212107,0.744314,-0.000000,0.256473,0.724267,-0.004698,0.299219,0.681979,-0.011188,0.332266,0.649098,-0.021582,0.333135,0.616819,-0.030631,0.279862,0.589489,0.001652,0.304112,0.524032,-0.020466,0.328582,0.554659,-0.038597,0.334710,0.588232,-0.047528,0.263345,0.583747,-0.007057,0.289185,0.506646,-0.028077,0.317492,0.542581,-0.042454,0.324438,0.579126,-0.048949,0.243759,0.583951,-0.018504,0.266397,0.510996,-0.036872,0.298048,0.542708,-0.043502,0.309913,0.579686,-0.044179,0.222058,0.590797,-0.031104,0.247483,0.540117,-0.045938,0.276709,0.552112,-0.050708,0.293127,0.574418,-0.051621
4781,0,0.392322,0.411983,0.932652,1.957352,1.980221,0.214531,0.743924,0.000000,0.259380,0.727174,-0.010549,0.303116,0.685008,-0.019100,0.336560,0.650059,-0.029801,0.342743,0.607579,-0.039622,0.281908,0.590524,-0.008513,0.301463,0.518874,-0.030140,0.325643,0.540200,-0.047309,0.334799,0.570309,-0.055674,0.262319,0.584025,-0.013919,0.283029,0.500946,-0.035050,0.311137,0.530292,-0.049951,0.319675,0.566799,-0.056893,0.239898,0.585342,-0.021606,0.256117,0.507888,-0.037895,0.286643,0.532950,-0.044770,0.299572,0.567854,-0.046497,0.214740,0.593430,-0.030800,0.230430,0.535446,-0.044499,0.259039,0.541698,-0.049409,0.277443,0.563060,-0.050628
4811,0,0.255765,0.257118,1.768805,1.820559,1.816009,0.214267,0.744220,0.000000,0.260858,0.730260,-0.013119,0.306392,0.687688,-0.021639,0.340057,0.651605,-0.031466,0.350795,0.606956,-0.040597,0.285780,0.591361,-0.009538,0.305270,0.521272,-0.030125,0.326850,0.532397,-0.047046,0.333978,0.561421,-0.054785,0.263880,0.582093,-0.013009,0.282281,0.500363,-0.031398,0.306418,0.520166,-0.045213,0.312005,0.557102,-0.051323,0.238932,0.583834,-0.018975,0.251673,0.506585,-0.033808,0.278907,0.521484,-0.040733,0.289371,0.555394,-0.042430,0.210507,0.592927,-0.026442,0.222025,0.532329,-0.040461,0.247603,0.533571,-0.045281,0.263634,0.555469,-0.045790
4844,0,0.321173,0.370056,3.995585,1.673941,1.581157,0.209603,0.748702,0.000000,0.260157,0.736432,-0.018740,0.309294,0.692350,-0.027379,0.344727,0.651931,-0.036663,0.357673,0.606627,-0.045132,0.286233,0.594975,-0.008418,0.308418,0.531034,-0.030133,0.328247,0.526947,-0.048023,0.335227,0.550973,-0.055437,0.262145,0.579968,-0.008970,0.281488,0.503819,-0.027243,0.303920,0.507734,-0.041527,0.311723,0.543651,-0.046935,0.235616,0.578680,-0.013103,0.248001,0.507204,-0.029402,0.272135,0.506717,-0.038330,0.283700,0.538414,-0.040031,0.204547,0.586832,-0.019233,0.213501,0.525401,-0.035099,0.236159,0.517838,-0.041561,0.252726,0.540504,-0.041697
4899,0,0.606218,0.667304,4.684789,1.634821,1.471172,0.203589,0.756922,0.000000,0.258557,0.741814,-0.021954,0.311071,0.703384,-0.028866,0.347966,0.660368,-0.035416,0.366683,0.616741,-0.041158,0.290556,0.600468,0.001163,0.312377,0.551895,-0.011261,0.326304,0.530726,-0.025445,0.337525,0.520450,-0.034660,0.264371,0.580913,0.002467,0.284339,0.520012,-0.009129,0.298750,0.501100,-0.023381,0.309527,0.505529,-0.032493,0.235382,0.575220,-0.000494,0.249902,0.511913,-0.014596,0.264806,0.494470,-0.026373,0.277506,0.503789,-0.032356,0.201849,0.580192,-0.005850,0.208124,0.524526,-0.020648,0.222138,0.508018,-0.028195,0.236676,0.515660,-0.030963
4930,0,0.357406,0.414205,3.779243,1.648475,1.512081,0.198342,0.754443,0.000000,0.256439,0.746220,-0.021526,0.312462,0.714299,-0.027925,0.351735,0.673931,-0.033149,0.372376,0.630514,-0.037199,0.294480,0.606628,0.001258,0.318410,0.557562,-0.006675,0.329588,0.532702,-0.017493,0.339283,0.512447,-0.025730,0.265813,0.583438,0.003488,0.285452,0.525312,-0.001649,0.297720,0.499046,-0.011929,0.309415,0.483391,-0.020352,0.234330,0.574195,0.001678,0.249139,0.515801,-0.005871,0.261602,0.491736,-0.014209,0.276234,0.480061,-0.020471,0.200225,0.576618,-0.002678,0.204243,0.526112,-0.010772,0.213465,0.506525,-0.014601,0.227192,0.499173,-0.016736
4959,0,0.295761,0.318337,1.725139,1.440229,1.379724,0.196368,0.753498,0.000000,0.255563,0.750969,-0.023817,0.312755,0.721702,-0.030905,0.351813,0.682344,-0.035943,0.374316,0.641157,-0.039874,0.297153,0.611802,-0.004787,0.322881,0.560078,-0.013983,0.334600,0.528536,-0.025127,0.343421,0.500296,-0.033306,0.267804,0.586787,-0.001855,0.290979,0.524976,-0.007457,0.303958,0.489051,-0.017501,0.314208,0.460281,-0.025513,0.235348,0.576287,-0.002803,0.250110,0.516955,-0.009725,0.260874,0.485061,-0.017535,0.272424,0.460053,-0.023481,0.199290,0.578492,-0.006521,0.204160,0.528706,-0.013697,0.210333,0.501918,-0.016872,0.219825,0.480240,-0.018660
4987,0,0.385380,0.405572,0.622779,1.109919,1.065415,0.195210,0.756105,0.000000,0.255295,0.756302,-0.024951,0.311972,0.727973,-0.033536,0.351751,0.689150,-0.039936,0.379088,0.651676,-0.045295,0.297037,0.614545,-0.011614,0.325594,0.557660,-0.022767,0.339394,0.520860,-0.033997,0.349539,0.486963,-0.042428,0.267570,0.587643,-0.009242,0.292274,0.520726,-0.017698,0.305725,0.479200,-0.028262,0.314819,0.443946,-0.036181,0.234916,0.577123,-0.010394,0.249362,0.510882,-0.020156,0.258267,0.471405,-0.029047,0.266962,0.437653,-0.035226,0.199555,0.581001,-0.014199,0.202490,0.526918,-0.024713,0.205700,0.492725,-0.029867,0.211452,0.461835,-0.032495
5018,0,0.332898,0.364683,0.334025,0.860390,0.829368,0.191938,0.758909,0.000000,0.251842,0.761610,-0.026289,0.309736,0.731913,-0.036387,0.351364,0.693611,-0.044289,0.384508,0.662258,-0.051384,0.296932,0.615959,-0.016911,0.328171,0.556447,-0.030504,0.343763,0.517053,-0.042673,0.355242,0.480539,-0.051875,0.266840,0.587469,-0.015199,0.293103,0.517001,-0.026535,0.307259,0.472250,-0.038037,0.316520,0.433068,-0.046467,0.233646,0.576851,-0.016946,0.247336,0.506008,-0.029573,0.254792,0.462916,-0.039583,0.261762,0.424819,-0.046256,0.197653,0.581914,-0.021354,0.198177,0.524446,-0.034683,0.199137,0.486722,-0.041304,0.202657,0.451326,-0.044746
5052,0,0.226044,0.235695,0.252149,0.717489,0.644711,0.190211,0.761281,0.000000,0.249371,0.764521,-0.026417,0.306590,0.733911,-0.036919,0.349769,0.696709,-0.045375,0.386040,0.670213,-0.053197,0.294513,0.615214,-0.019446,0.328065,0.553894,-0.034095,0.345621,0.513437,-0.046461,0.358501,0.475932,-0.055804,0.264155,0.586227,-0.018333,0.292105,0.512047,-0.030872,0.307307,0.465064,-0.042406,0.316633,0.424036,-0.050735,0.230744,0.576555,-0.020605,0.243289,0.501889,-0.034547,0.249977,0.455277,-0.045230,0.255995,0.414422,-0.052219,0.194942,0.583491,-0.025512,0.193230,0.522889,-0.040124,0.192169,0.483269,-0.047512,0.193632,0.446000,-0.051459
5089,0,0.146180,0.160088,0.126772,0.660930,0.548308,0.187282,0.764299,0.000000,0.247326,0.768571,-0.026149,0.304930,0.737755,-0.036876,0.348988,0.700238,-0.045728,0.385991,0.674670,-0.053894,0.292076,0.613845,-0.020043,0.328688,0.552565,-0.035038,0.347939,0.512243,-0.047287,0.361839,0.475133,-0.056566,0.261153,0.584188,-0.019264,0.290193,0.508359,-0.032552,0.306063,0.460616,-0.044169,0.315651,0.418887,-0.052446,0.227234,0.574875,-0.021806,0.239067,0.498309,-0.036338,0.245641,0.450854,-0.047250,0.251444,0.409015,-0.054339,0.191603,0.583239,-0.026891,0.188041,0.522104,-0.042091,0.185930,0.481793,-0.049848,0.186476,0.444060,-0.053931
5117,0,0.143754,0.133150,0.176417,0.623148,0.462342,0.184797,0.765940,0.000000,0.244793,0.767841,-0.025824,0.302515,0.736893,-0.037027,0.347080,0.700810,-0.046445,0.384754,0.677228,-0.055180,0.287701,0.612193,-0.020849,0.326492,0.551975,-0.036628,0.347707,0.512182,-0.049256,0.363088,0.476031,-0.058636,0.256660,0.582275,-0.020412,0.286730,0.504638,-0.034103,0.303839,0.456694,-0.045496,0.314294,0.415354,-0.053433,0.222956,0.573380,-0.023261,0.233067,0.495570,-0.037996,0.239813,0.446792,-0.048724,0.245840,0.404064,-0.055712,0.187608,0.582737,-0.028653,0.181729,0.521059,-0.043749,0.178849,0.480340,-0.051154,0.178663,0.441994,-0.055028
5155,0,0.116122,0.103973,0.081401,0.549378,0.377619,0.183199,0.767189,0.000000,0.243390,0.768562,-0.026733,0.299793,0.737088,-0.038655,0.343664,0.700631,-0.048651,0.382149,0.677669,-0.057973,0.284068,0.609946,-0.021591,0.323143,0.550168,-0.037577,0.344135,0.510512,-0.050423,0.359350,0.474484,-0.059976,0.252925,0.580219,-0.020705,0.283620,0.502952,-0.034399,0.300966,0.454939,-0.045647,0.311544,0.413387,-0.053543,0.218949,0.571939,-0.023189,0.228420,0.494323,-0.037962,0.234962,0.446091,-0.048613,0.240949,0.403796,-0.055508,0.183572,0.582213,-0.028332,0.176428,0.519990,-0.043374,0.173396,0.479302,-0.050731,0.173630,0.440930,-0.054622
5189,0,0.104437,0.090103,0.093919,0.493864,0.335140,0.180925,0.768766,0.000000,0.241474,0.768164,-0.026287,0.297939,0.735152,-0.038181,0.342218,0.699097,-0.048235,0.380623,0.676306,-0.057650,0.281596,0.607733,-0.021018,0.320373,0.547390,-0.036903,0.341490,0.507915,-0.049824,0.356549,0.471947,-0.059432,0.249886,0.578896,-0.020495,0.280472,0.500974,-0.034055,0.297688,0.452748,-0.045291,0.308404,0.411019,-0.053194,0.215374,0.571331,-0.023343,0.223949,0.493177,-0.038007,0.230050,0.444577,-0.048623,0.235987,0.401889,-0.055558,0.179345,0.582384,-0.028825,0.172333,0.520014,-0.043547,0.169058,0.479441,-0.050599,0.169267,0.441222,-0.054395
5221,0,0.097339,0.074613,0.061378,0.441115,0.296412,0.179339,0.769360,0.000000,0.240310,0.767795,-0.026914,0.296005,0.734867,-0.039384,0.340052,0.698741,-0.049997,0.379339,0.675480,-0.060004,0.278247,0.606403,-0.021304,0.316991,0.546149,-0.037703,0.338310,0.506610,-0.051169,0.353964,0.470319,-0.061177,0.246577,0.577768,-0.020601,0.276520,0.499453,-0.034478,0.293719,0.451068,-0.046010,0.304539,0.408994,-0.054179,0.212144,0.570934,-0.023415,0.219880,0.493080,-0.038367,0.225496,0.443959,-0.049137,0.231359,0.400579,-0.056134,0.176390,0.582757,-0.028927,0.169420,0.520525,-0.043820,0.166064,0.479637,-0.050896,0.165960,0.440888,-0.054688
5268,0,0.075334,0.050640,0.087195,0.438085,0.283204,0.178469,0.768215,0.000000,0.239653,0.766753,-0.027254,0.294775,0.732936,-0.039765,0.339328,0.696843,-0.050396,0.378566,0.673289,-0.060499,0.276437,0.605233,-0.021654,0.314474,0.544268,-0.038199,0.335550,0.504729,-0.051689,0.351065,0.468319,-0.061713,0.244709,0.577108,-0.020832,0.274373,0.498793,-0.035066,0.291541,0.450384,-0.046872,0.302571,0.407884,-0.055213,0.210205,0.570726,-0.023554,0.217227,0.492456,-0.039060,0.222251,0.443455,-0.050161,0.227716,0.399825,-0.057327,0.174451,0.582983,-0.028977,0.167122,0.520393,-0.044366,0.163632,0.479677,-0.051728,0.163811,0.440738,-0.055722
5302,0,0.046308,0.056682,0.033200,0.445266,0.277132,0.178488,0.768742,0.000000,0.239420,0.766517,-0.027128,0.293871,0.732634,-0.039804,0.338224,0.696092,-0.050628,0.377434,0.671774,-0.060809,0.275351,0.604948,-0.021843,0.313122,0.543675,-0.038420,0.333878,0.503636,-0.051877,0.349081,0.466826,-0.061862,0.243744,0.576467,-0.021082,0.273113,0.497965,-0.035260,0.290003,0.449338,-0.046884,0.300735,0.406825,-0.055114,0.209180,0.570041,-0.023851,0.215935,0.491510,-0.039141,0.220562,0.442452,-0.050082,0.225906,0.399178,-0.057142,0.173325,0.582119,-0.029293,0.165633,0.520087,-0.044388,0.161783,0.479412,-0.051603,0.161536,0.440447,-0.055543
5336,0,0.031133,0.017530,0.072200,0.457209,0.278661,0.177909,0.768166,0.000000,0.238736,0.766613,-0.027701,0.294287,0.731721,-0.040242,0.338834,0.695210,-0.050830,0.377748,0.671023,-0.060754,0.274976,0.603135,-0.021996,0.312567,0.542530,-0.038484,0.333100,0.503017,-0.051924,0.348342,0.466862,-0.061965,0.243367,0.575097,-0.020981,0.272653,0.497095,-0.035046,0.289364,0.448719,-0.046650,0.300316,0.406258,-0.054972,0.208758,0.568892,-0.023579,0.215559,0.491029,-0.039051,0.219984,0.442358,-0.050166,0.225233,0.398873,-0.057355,0.172815,0.581689,-0.028912,0.164667,0.519607,-0.044266,0.160448,0.479024,-0.051651,0.160067,0.439882,-0.055714
5370,0,0.024352,0.044515,0.054961,0.458433,0.273107,0.178688,0.767321,0.000000,0.239477,0.766020,-0.027556,0.294409,0.731372,-0.040091,0.339270,0.694772,-0.050652,0.377883,0.670690,-0.060587,0.274084,0.603371,-0.022295,0.311803,0.542738,-0.038762,0.332516,0.503455,-0.052138,0.347453,0.467336,-0.062112,0.242654,0.575466,-0.021336,0.271980,0.496829,-0.035476,0.288854,0.448305,-0.047093,0.299747,0.405939,-0.055385,0.208398,0.569340,-0.023938,0.215109,0.491164,-0.039446,0.219788,0.442050,-0.050691,0.225101,0.398285,-0.058045,0.172814,0.582238,-0.029237,0.164686,0.520128,-0.044707,0.160600,0.479049,-0.052217,0.160144,0.439828,-0.056441
5403,0,0.035445,0.034831,0.055522,0.453482,0.254042,0.178863,0.766478,0.000000,0.239189,0.766038,-0.027821,0.294170,0.731373,-0.040340,0.339115,0.694848,-0.050814,0.377775,0.670395,-0.060588,0.274876,0.602845,-0.022078,0.312127,0.541437,-0.038315,0.332391,0.501874,-0.051476,0.346920,0.465508,-0.061289,0.243449,0.574950,-0.020832,0.272398,0.496498,-0.034772,0.288964,0.447683,-0.046259,0.299791,0.405299,-0.054397,0.208978,0.568924,-0.023168,0.215684,0.490729,-0.038452,0.220458,0.442003,-0.049491,0.226078,0.398439,-0.056655,0.173149,0.581408,-0.028250,0.164995,0.519595,-0.043455,0.160973,0.479057,-0.050776,0.160846,0.440139,-0.054825
5436,0,0.037539,0.033519,0.077163,0.479237,0.266797,0.179325,0.766176,0.000000,0.239783,0.765088,-0.028024,0.295036,0.730897,-0.040685,0.340023,0.693913,-0.051226,0.378366,0.669118,-0.061144,0.275267,0.602595,-0.022618,0.312438,0.541318,-0.039187,0.332425,0.501406,-0.052509,0.347127,0.464932,-0.062467,0.243631,0.574725,-0.021451,0.272611,0.496226,-0.035804,0.289168,0.447562,-0.047492,0.299721,0.405227,-0.055815,0.209174,0.569041,-0.023882,0.215492,0.490774,-0.039635,0.220059,0.441549,-0.050914,0.225215,0.397793,-0.058188,0.173365,0.582059,-0.029055,0.165502,0.519597,-0.044730,0.161541,0.478676,-0.052354,0.161462,0.439210,-0.056554
5470,0,0.028280,0.030225,0.056556,0.481968,0.262303,0.179165,0.765131,0.000000,0.240277,0.764745,-0.027911,0.295369,0.730800,-0.040507,0.340355,0.693625,-0.051041,0.378864,0.668189,-0.060954,0.275227,0.602240,-0.022527,0.312494,0.540865,-0.038971,0.332692,0.501010,-0.052246,0.347183,0.464248,-0.062159,0.243968,0.574113,-0.021264,0.272934,0.495839,-0.035453,0.289280,0.447261,-0.047076,0.299555,0.404836,-0.055318,0.209681,0.568026,-0.023558,0.215997,0.490014,-0.039107,0.220509,0.441257,-0.050186,0.225525,0.397821,-0.057300,0.174109,0.580482,-0.028592,0.166218,0.518622,-0.044083,0.162346,0.477983,-0.051508,0.162303,0.438944,-0.055629
5503,0,0.021439,0.026467,0.054284,0.491477,0.269809,0.179636,0.765566,0.000000,0.240334,0.764883,-0.027978,0.295435,0.730488,-0.040773,0.340467,0.693562,-0.051412,0.379225,0.668469,-0.061470,0.275778,0.602788,-0.023046,0.312703,0.541004,-0.039530,0.332833,0.500922,-0.052810,0.347230,0.463978,-0.062751,0.244297,0.574711,-0.021784,0.272921,0.496159,-0.036035,0.289148,0.447572,-0.047762,0.299184,0.405033,-0.056150,0.209837,0.568334,-0.024056,0.216730,0.490124,-0.039627,0.221025,0.441234,-0.050908,0.225809,0.397661,-0.058247,0.174099,0.580324,-0.029026,0.166367,0.518125,-0.044501,0.162440,0.477595,-0.052111,0.162277,0.438645,-0.056383
5536,0,0.018667,0.021609,0.056401,0.504752,0.273507,0.180029,0.765223,0.000000,0.241257,0.764838,-0.028137,0.296311,0.730418,-0.040905,0.341179,0.693035,-0.051539,0.379608,0.667198,-0.061552,0.275817,0.602320,-0.023150,0.312598,0.541212,-0.039780,0.332474,0.500998,-0.053169,0.346871,0.463988,-0.063259,0.244279,0.574065,-0.021908,0.272913,0.495754,-0.036326,0.288996,0.447111,-0.048163,0.299084,0.404362,-0.056623,0.209898,0.567939,-0.024198,0.216361,0.489711,-0.039974,0.220830,0.441058,-0.051306,0.225617,0.397430,-0.058641,0.174255,0.580541,-0.029204,0.166330,0.518280,-0.044941,0.162382,0.477590,-0.052664,0.162031,0.438559,-0.056972
5570,0,0.018084,0.024318,0.041044,0.507654,0.276260,0.179972,0.764607,0.000000,0.241052,0.763937,-0.028160,0.295698,0.730247,-0.041115,0.340313,0.693180,-0.051975,0.379069,0.667647,-0.062254,0.275527,0.602637,-0.023428,0.312434,0.541052,-0.040262,0.332219,0.500790,-0.053798,0.346535,0.463750,-0.063844,0.244116,0.574427,-0.022128,0.272681,0.495758,-0.036751,0.288485,0.446799,-0.048640,0.298093,0.403983,-0.057095,0.209957,0.568193,-0.024359,0.216427,0.489904,-0.040184,0.220710,0.441120,-0.051510,0.225331,0.397725,-0.058802,0.174566,0.580311,-0.029304,0.166471,0.518263,-0.045071,0.162332,0.477542,-0.052790,0.161740,0.438616,-0.057057
5602,0,0.016814,0.037876,0.039259,0.507531,0.271271,0.180415,0.765386,0.000000,0.241124,0.764327,-0.028368,0.295441,0.729940,-0.041488,0.339822,0.692752,-0.052363,0.378396,0.666912,-0.062619,0.275286,0.602658,-0.023666,0.311839,0.541073,-0.040481,0.331649,0.500864,-0.053988,0.346024,0.463784,-0.064050,0.243863,0.574382,-0.022273,0.272387,0.495724,-0.036785,0.288208,0.446904,-0.048570,0.297853,0.404164,-0.056929,0.209562,0.567960,-0.024420,0.216265,0.489776,-0.040172,0.220693,0.440808,-0.051395,0.225505,0.397069,-0.058710,0.173959,0.579996,-0.029297,0.165944,0.517887,-0.044932,0.161965,0.477133,-0.052556,0.161581,0.438211,-0.056813
5635,0,0.024372,0.015726,0.029820,0.503006,0.264021,0.179915,0.765231,0.000000,0.240811,0.764115,-0.027993,0.295482,0.729520,-0.040875,0.339588,0.692384,-0.051607,0.377935,0.666654,-0.061758,0.274888,0.602180,-0.023557,0.311488,0.540586,-0.040217,0.331335,0.500383,-0.053661,0.345531,0.463220,-0.063696,0.243352,0.573978,-0.022297,0.271672,0.495439,-0.036633,0.287160,0.446814,-0.048275,0.296531,0.404213,-0.056644,0.208922,0.567609,-0.024525,0.215727,0.489557,-0.040023,0.219948,0.440869,-0.051104,0.224387,0.397570,-0.058271,0.173284,0.580098,-0.029446,0.165361,0.517854,-0.044905,0.161361,0.477190,-0.052344,0.160747,0.438379,-0.056412
5668,0,0.025925,0.021744,0.039485,0.506586,0.265202,0.179568,0.765530,0.000000,0.240576,0.764432,-0.028070,0.295005,0.729658,-0.040953,0.339575,0.691867,-0.051724,0.377734,0.665820,-0.061875,0.274352,0.602334,-0.023653,0.310975,0.540559,-0.040449,0.330629,0.500054,-0.053893,0.344834,0.462805,-0.063967,0.242690,0.574090,-0.022414,0.270574,0.495106,-0.036923,0.286028,0.446099,-0.048663,0.295355,0.403159,-0.057032,0.208371,0.567817,-0.024680,0.214851,0.489405,-0.040294,0.219127,0.440487,-0.051336,0.223560,0.396740,-0.058543,0.172903,0.580251,-0.029639,0.164730,0.518063,-0.045176,0.160497,0.477636,-0.052653,0.159973,0.438709,-0.056760
5703,0,0.042036,0.037420,0.061669,0.490111,0.244167,0.179112,0.765765,0.000000,0.240355,0.763915,-0.027446,0.294993,0.729123,-0.039890,0.339083,0.690933,-0.050318,0.377177,0.664929,-0.060203,0.273890,0.602164,-0.022542,0.310159,0.539912,-0.038979,0.329970,0.499547,-0.052295,0.344307,0.462529,-0.062258,0.242121,0.574132,-0.021496,0.269849,0.494819,-0.035606,0.285131,0.445678,-0.047294,0.294291,0.403031,-0.055590,0.207773,0.567939,-0.023919,0.214201,0.489317,-0.039289,0.218298,0.440294,-0.050434,0.222573,0.396814,-0.057684,0.172190,0.580400,-0.029016,0.164091,0.518114,-0.044426,0.159795,0.477489,-0.051908,0.159053,0.438625,-0.056056
5739,0,0.025069,0.014728,0.039388,0.483117,0.245996,0.178613,0.766338,0.000000,0.239923,0.764403,-0.027496,0.294697,0.729197,-0.040012,0.338580,0.690769,-0.050452,0.376521,0.664398,-0.060310,0.273548,0.602713,-0.022839,0.309709,0.540645,-0.039333,0.329284,0.500073,-0.052664,0.343156,0.462724,-0.062638,0.241722,0.574693,-0.021811,0.269421,0.495253,-0.035957,0.284179,0.445918,-0.047580,0.292800,0.403130,-0.055924,0.207382,0.568388,-0.024217,0.213871,0.489737,-0.039566,0.217772,0.440738,-0.050607,0.221854,0.397287,-0.057787,0.171932,0.580827,-0.029282,0.163614,0.518566,-0.044708,0.159326,0.477566,-0.052160,0.158390,0.438743,-0.056235
5776,0,0.023920,0.033674,0.075737,0.491070,0.250200,0.177765,0.765615,0.000000,0.239134,0.764469,-0.028211,0.294408,0.729557,-0.040811,0.338185,0.689966,-0.051257,0.376033,0.663174,-0.061081,0.273407,0.602684,-0.023260,0.309617,0.540610,-0.039918,0.329221,0.500032,-0.053354,0.343344,0.462808,-0.063411,0.241463,0.574554,-0.021901,0.268936,0.495109,-0.036385,0.283699,0.445834,-0.048306,0.292584,0.402718,-0.056848,0.207056,0.568369,-0.024056,0.213256,0.489847,-0.039763,0.217105,0.441050,-0.051024,0.221260,0.397427,-0.058324,0.171580,0.580786,-0.028929,0.163178,0.518601,-0.044655,0.158805,0.477877,-0.052344,0.157937,0.438881,-0.056577
5825,0,0.037513,0.055966,0.045638,0.471138,0.236201,0.177612,0.767121,0.000000,0.238977,0.764595,-0.027403,0.294295,0.729343,-0.039583,0.337714,0.689807,-0.049687,0.375443,0.663004,-0.059190,0.273134,0.603176,-0.022070,0.309396,0.540600,-0.038341,0.329003,0.499757,-0.051548,0.343349,0.462366,-0.061400,0.241288,0.575391,-0.021023,0.268558,0.495571,-0.035161,0.283248,0.445942,-0.046972,0.292042,0.402833,-0.055388,0.206779,0.569072,-0.023466,0.212919,0.490474,-0.038846,0.216834,0.440874,-0.049997,0.221122,0.396588,-0.057328,0.171185,0.581176,-0.028548,0.163179,0.518740,-0.043907,0.158960,0.478033,-0.051432,0.158388,0.438623,-0.055582
5876,0,0.026358,0.027073,0.048643,0.469280,0.239901,0.177945,0.767831,0.000000,0.239147,0.765297,-0.027674,0.294340,0.729661,-0.039946,0.337871,0.689746,-0.050176,0.375614,0.662917,-0.059783,0.273359,0.602729,-0.022035,0.309927,0.540607,-0.038371,0.329626,0.500111,-0.051693,0.343853,0.462879,-0.061767,0.241331,0.575104,-0.021043,0.268299,0.495743,-0.035376,0.282966,0.446306,-0.047414,0.291606,0.402985,-0.056049,0.206902,0.569519,-0.023571,0.212611,0.490851,-0.039246,0.216447,0.441548,-0.050604,0.220515,0.397209,-0.058033,0.171250,0.582495,-0.028802,0.162796,0.520072,-0.044536,0.158447,0.479229,-0.052276,0.157763,0.439861,-0.056594
5927,0,0.029260,0.040696,0.029945,0.456058,0.217845,0.178803,0.767760,0.000000,0.239807,0.764842,-0.027593,0.294620,0.729129,-0.039716,0.337655,0.689486,-0.049815,0.375358,0.662489,-0.059311,0.273908,0.602549,-0.021347,0.309862,0.540495,-0.037400,0.329227,0.499836,-0.050633,0.343175,0.462314,-0.060674,0.241696,0.575341,-0.020354,0.268045,0.495555,-0.034326,0.282329,0.446047,-0.046235,0.290951,0.402848,-0.054836,0.207071,0.569977,-0.022942,0.212553,0.491392,-0.038315,0.216304,0.441970,-0.049543,0.220527,0.397649,-0.056937,0.171251,0.582817,-0.028255,0.162929,0.520376,-0.043744,0.158535,0.479376,-0.051333,0.157692,0.439584,-0.055575
5967,0,0.027579,0.025607,0.037975,0.459682,0.223910,0.178616,0.767795,0.000000,0.239413,0.764987,-0.027975,0.294853,0.729256,-0.040291,0.338123,0.689220,-0.050432,0.375991,0.662128,-0.059951,0.273502,0.603055,-0.022380,0.309775,0.540734,-0.038640,0.329059,0.500004,-0.051870,0.342915,0.462499,-0.061816,0.241231,0.575777,-0.021195,0.267832,0.495937,-0.035357,0.282053,0.446313,-0.047246,0.290379,0.402947,-0.055755,0.206640,0.570163,-0.023545,0.212475,0.491809,-0.039009,0.216382,0.442515,-0.050199,0.220593,0.398027,-0.057542,0.170904,0.583099,-0.028635,0.162646,0.520704,-0.044254,0.158298,0.479854,-0.051831,0.157611,0.440265,-0.056066
6002,0,0.015651,0.027156,0.042064,0.452292,0.221554,0.179021,0.768542,0.000000,0.239963,0.765435,-0.027653,0.294866,0.729416,-0.039936,0.337685,0.689697,-0.050143,0.375318,0.662309,-0.059768,0.273625,0.603294,-0.022064,0.309253,0.540668,-0.038325,0.328743,0.500021,-0.051618,0.342637,0.462316,-0.061670,0.241374,0.576082,-0.021074,0.267556,0.496100,-0.035162,0.281403,0.446684,-0.047038,0.289555,0.403367,-0.055577,0.206819,0.570511,-0.023616,0.212486,0.492171,-0.038966,0.216068,0.442575,-0.050066,0.220234,0.397762,-0.057362,0.171016,0.583404,-0.028875,0.162609,0.520836,-0.044322,0.158241,0.480036,-0.051773,0.157524,0.440307,-0.055926
6035,0,0.023924,0.021223,0.044642,0.449450,0.220589,0.178490,0.768375,0.000000,0.239588,0.765506,-0.027610,0.295012,0.729252,-0.039687,0.337783,0.689371,-0.049706,0.375161,0.661712,-0.059143,0.273102,0.603599,-0.021960,0.309040,0.541240,-0.038192,0.328240,0.500374,-0.051454,0.341820,0.462544,-0.061511,0.241010,0.576609,-0.020989,0.267138,0.497086,-0.035241,0.280915,0.447151,-0.047376,0.288852,0.403383,-0.056152,0.206374,0.571300,-0.023533,0.212115,0.492659,-0.039144,0.215812,0.443233,-0.050599,0.219773,0.398760,-0.058094,0.170561,0.583946,-0.028795,0.162192,0.521099,-0.044580,0.157797,0.480138,-0.052386,0.156958,0.440540,-0.056774
6069,0,0.017766,0.013945,0.078760,0.439763,0.217781,0.178336,0.768789,0.000000,0.239573,0.766295,-0.027769,0.295192,0.730145,-0.039864,0.337552,0.689056,-0.049810,0.374795,0.661741,-0.059137,0.273093,0.604588,-0.022254,0.308803,0.541513,-0.038548,0.327899,0.500325,-0.051784,0.341642,0.462206,-0.061808,0.240810,0.577402,-0.021209,0.266996,0.497327,-0.035568,0.280764,0.447304,-0.047604,0.288829,0.403440,-0.056235,0.206236,0.571798,-0.023647,0.211951,0.493002,-0.039302,0.215710,0.443752,-0.050429,0.219890,0.399355,-0.057667,0.170587,0.584523,-0.028833,0.162392,0.521714,-0.044585,0.158238,0.480794,-0.052171,0.157561,0.441025,-0.056351
6102,0,0.032265,0.037968,0.070214,0.423805,0.199582,0.178337,0.769296,0.000000,0.239458,0.765693,-0.027242,0.295029,0.729885,-0.039111,0.337513,0.689406,-0.048947,0.374618,0.661832,-0.058241,0.272831,0.604318,-0.021453,0.308260,0.541047,-0.037465,0.326888,0.499739,-0.050612,0.340385,0.461631,-0.060564,0.240560,0.577451,-0.020543,0.266469,0.497160,-0.034639,0.280087,0.447283,-0.046662,0.287831,0.403648,-0.055259,0.205983,0.572177,-0.023099,0.211573,0.493058,-0.038414,0.215364,0.443785,-0.049450,0.219598,0.399292,-0.056653,0.170357,0.584718,-0.028346,0.162699,0.521983,-0.043797,0.158787,0.480986,-0.051232,0.158411,0.441177,-0.055298
6133,0,0.031818,0.029264,0.043586,0.424704,0.206468,0.177885,0.769175,0.000000,0.238869,0.765975,-0.027700,0.294338,0.730249,-0.039970,0.336596,0.690191,-0.050127,0.373565,0.662029,-0.059703,0.272553,0.604643,-0.022078,0.307870,0.541705,-0.038361,0.326469,0.500214,-0.051716,0.340113,0.462228,-0.061796,0.240183,0.577480,-0.021032,0.266038,0.497232,-0.035356,0.279768,0.447094,-0.047568,0.287744,0.403290,-0.056330,0.205593,0.571791,-0.023474,0.211336,0.492916,-0.038962,0.215232,0.444229,-0.050049,0.219441,0.400335,-0.057299,0.169886,0.584245,-0.028630,0.162716,0.521461,-0.044196,0.159172,0.480512,-0.051678,0.159121,0.440893,-0.055826
6165,0,0.017596,0.027604,0.046267,0.419616,0.202433,0.177989,0.769742,0.000000,0.239040,0.766308,-0.027529,0.294046,0.730394,-0.039715,0.335951,0.689835,-0.049789,0.372917,0.661729,-0.059282,0.272173,0.604550,-0.021737,0.307331,0.541402,-0.037971,0.326122,0.500239,-0.051261,0.339555,0.462156,-0.061335,0.239951,0.577435,-0.020749,0.265727,0.497193,-0.035026,0.279342,0.447107,-0.047193,0.287113,0.403204,-0.055949,0.205448,0.571930,-0.023248,0.211122,0.493039,-0.038707,0.214918,0.443947,-0.049789,0.219139,0.399714,-0.056996,0.169867,0.584405,-0.028459,0.162569,0.521548,-0.043938,0.158832,0.480670,-0.051377,0.158634,0.440973,-0.055484
6199,0,0.030736,0.032623,0.023972,0.430103,0.208745,0.178083,0.769580,0.000000,0.239195,0.765877,-0.027929,0.294076,0.729988,-0.040381,0.336058,0.689638,-0.050660,0.373126,0.661776,-0.060358,0.272114,0.604598,-0.022402,0.306768,0.541178,-0.038829,0.325202,0.499906,-0.052290,0.338533,0.461797,-0.062414,0.239789,0.577592,-0.021315,0.265350,0.497298,-0.035823,0.278808,0.447248,-0.048139,0.286520,0.403554,-0.056944,0.205233,0.572229,-0.023740,0.210622,0.493527,-0.039469,0.214442,0.444353,-0.050699,0.218446,0.399985,-0.058031,0.169478,0.584957,-0.028899,0.162119,0.521757,-0.044648,0.158214,0.480630,-0.052251,0.157906,0.440520,-0.056479
6231,0,0.019889,0.023242,0.047964,0.423396,0.198839,0.177689,0.769495,0.000000,0.238939,0.766234,-0.027999,0.293806,0.730042,-0.040275,0.336297,0.689524,-0.050382,0.373562,0.661650,-0.059831,0.271840,0.604365,-0.021996,0.306787,0.541060,-0.038222,0.325191,0.499761,-0.051544,0.338575,0.461398,-0.061729,0.239602,0.577287,-0.020834,0.265348,0.497080,-0.035163,0.278704,0.447251,-0.047400,0.286386,0.403177,-0.056269,0.205150,0.571819,-0.023177,0.210595,0.493308,-0.038745,0.214394,0.444582,-0.049918,0.218413,0.400131,-0.057198,0.169349,0.584499,-0.028289,0.161984,0.521966,-0.043915,0.158175,0.480978,-0.051467,0.157793,0.441085,-0.055688
6265,0,0.016387,0.013651,0.033612,0.416967,0.197897,0.177812,0.769712,0.000000,0.239232,0.766210,-0.027662,0.294082,0.730340,-0.039777,0.336368,0.689842,-0.049857,0.373464,0.661844,-0.059316,0.272054,0.604433,-0.021672,0.306866,0.541332,-0.037780,0.325340,0.499932,-0.051097,0.338688,0.461768,-0.061177,0.239811,0.577660,-0.020703,0.265080,0.497430,-0.034969,0.278279,0.447351,-0.047259,0.285809,0.403397,-0.056176,0.205225,0.572452,-0.023223,0.211001,0.493841,-0.038808,0.214794,0.444771,-0.050089,0.218845,0.400275,-0.057494,0.169489,0.585173,-0.028476,0.162077,0.521975,-0.044235,0.158175,0.480871,-0.051950,0.157809,0.440750,-0.056254
6297,0,0.018944,0.018255,0.034162,0.414703,0.194046,0.177810,0.769494,0.000000,0.238722,0.766149,-0.027572,0.294308,0.730460,-0.039577,0.336337,0.689909,-0.049452,0.373078,0.662142,-0.058746,0.272411,0.604525,-0.021647,0.307362,0.541069,-0.037641,0.325583,0.499673,-0.050769,0.338656,0.461582,-0.060721,0.240103,0.577689,-0.020621,0.265594,0.497333,-0.034795,0.278825,0.447245,-0.046935,0.286381,0.403716,-0.055648,0.205494,0.572241,-0.023080,0.211400,0.493421,-0.038532,0.215374,0.444324,-0.049646,0.219455,0.400250,-0.056887,0.169567,0.584786,-0.028250,0.162241,0.521502,-0.043837,0.158468,0.480323,-0.051388,0.158285,0.440161,-0.055571
6329,0,0.017699,0.013171,0.040333,0.404654,0.192640,0.177714,0.769943,0.000000,0.238878,0.766542,-0.027742,0.294426,0.730563,-0.039637,0.336470,0.689528,-0.049401,0.373277,0.661856,-0.058584,0.272138,0.605052,-0.021465,0.307001,0.541901,-0.037409,0.325502,0.500746,-0.050603,0.338721,0.462447,-0.060677,0.239858,0.578105,-0.020419,0.265220,0.497800,-0.034562,0.278592,0.447573,-0.046883,0.286324,0.403333,-0.055795,0.205416,0.572836,-0.022918,0.211343,0.493924,-0.038456,0.215352,0.444964,-0.049828,0.219570,0.400283,-0.057267,0.169562,0.585348,-0.028130,0.162508,0.522108,-0.043861,0.158859,0.480929,-0.051610,0.158743,0.440745,-0.055988
6362,0,0.019865,0.019146,0.055645,0.397645,0.185658,0.177619,0.770032,0.000000,0.238961,0.766347,-0.027398,0.294363,0.730646,-0.039248,0.336214,0.690053,-0.049026,0.372458,0.661513,-0.058203,0.271789,0.604719,-0.020950,0.306667,0.541793,-0.036885,0.325114,0.500722,-0.050149,0.338511,0.462641,-0.060256,0.239741,0.577947,-0.020021,0.265166,0.497732,-0.034039,0.278508,0.447522,-0.046276,0.286103,0.403641,-0.055105,0.205253,0.572491,-0.022577,0.211254,0.493684,-0.037892,0.215326,0.444890,-0.048987,0.219536,0.400600,-0.056228,0.169474,0.584874,-0.027863,0.162289,0.521792,-0.043294,0.158629,0.480824,-0.050730,0.158559,0.440880,-0.054834
6401,0,0.021834,0.019352,0.038839,0.398792,0.185393,0.177445,0.770074,0.000000,0.238705,0.766222,-0.027665,0.294005,0.730713,-0.039754,0.335794,0.690180,-0.049790,0.372436,0.661982,-0.059205,0.271645,0.604950,-0.021330,0.306421,0.541714,-0.037449,0.324640,0.500381,-0.050797,0.338034,0.462181,-0.060910,0.239668,0.578281,-0.020323,0.264870,0.498064,-0.034543,0.278060,0.447738,-0.046884,0.285795,0.403697,-0.055796,0.205318,0.572793,-0.022861,0.211151,0.494235,-0.038359,0.215118,0.445188,-0.049596,0.219289,0.400866,-0.056919,0.169643,0.585308,-0.028130,0.162233,0.522287,-0.043745,0.158358,0.481017,-0.051340,0.158073,0.440766,-0.055563
6433,0,0.013130,0.021541,0.046460,0.399647,0.185883,0.177464,0.769508,0.000000,0.238671,0.766128,-0.027673,0.294269,0.730579,-0.039593,0.335870,0.689876,-0.049385,0.372220,0.661787,-0.058558,0.271509,0.605328,-0.021461,0.305913,0.542171,-0.037561,0.324425,0.500895,-0.050895,0.337638,0.462552,-0.060996,0.239415,0.578353,-0.020397,0.264662,0.498267,-0.034601,0.277720,0.448103,-0.046908,0.285297,0.403878,-0.055771,0.204996,0.572749,-0.022854,0.210894,0.494288,-0.038336,0.214876,0.445379,-0.049540,0.219107,0.401038,-0.056816,0.169237,0.585124,-0.028040,0.161779,0.522096,-0.043657,0.157945,0.480866,-0.051282,0.157534,0.440745,-0.055500
6468,0,0.014724,0.017931,0.045724,0.398930,0.182576,0.177590,0.769366,0.000000,0.238527,0.766281,-0.027924,0.294064,0.730515,-0.039869,0.335692,0.689462,-0.049672,0.372212,0.661423,-0.058858,0.271660,0.605082,-0.021671,0.305796,0.542176,-0.037804,0.324024,0.500878,-0.051100,0.337395,0.462846,-0.061251,0.239326,0.578359,-0.020533,0.264427,0.498273,-0.034832,0.277403,0.447953,-0.047241,0.285052,0.403548,-0.056195,0.204853,0.573232,-0.022926,0.210822,0.494688,-0.038557,0.214835,0.445763,-0.049904,0.219060,0.401101,-0.057314,0.168983,0.585818,-0.028078,0.161805,0.522766,-0.043844,0.157863,0.481586,-0.051602,0.157497,0.441425,-0.055925