t,missing,delta_l1,delta_l1_wrist,delta_angles,delta_base_l1,delta_base_l1_wrist,x0,y0,z0,x1,y1,z1,x2,y2,z2,x3,y3,z3,x4,y4,z4,x5,y5,z5,x6,y6,z6,x7,y7,z7,x8,y8,z8,x9,y9,z9,x10,y10,z10,x11,y11,z11,x12,y12,z12,x13,y13,z13,x14,y14,z14,x15,y15,z15,x16,y16,z16,x17,y17,z17,x18,y18,z18,x19,y19,z19,x20,y20,z20
44,0,,,,0.000000,0.000000,0.172398,0.637152,0.000000,0.226626,0.654276,-0.031377,0.281473,0.638603,-0.046181,0.327448,0.616497,-0.058468,0.365684,0.602161,-0.070183,0.277703,0.508084,-0.027180,0.304045,0.445597,-0.045181,0.314781,0.401925,-0.059611,0.320920,0.360025,-0.070968,0.251885,0.475390,-0.024073,0.268502,0.399115,-0.041181,0.272268,0.349330,-0.054932,0.271910,0.303937,-0.065040,0.222000,0.461246,-0.024501,0.227839,0.386737,-0.041788,0.226610,0.340202,-0.052682,0.224508,0.296371,-0.059718,0.190300,0.463077,-0.028037,0.189158,0.401411,-0.043788,0.186119,0.362609,-0.051789,0.184458,0.325033,-0.056539
77,0,0.020912,0.020762,0.036067,0.020912,0.020762,0.172628,0.637126,0.000000,0.226888,0.654222,-0.031723,0.281515,0.638736,-0.046756,0.327339,0.616715,-0.059203,0.365507,0.602338,-0.071043,0.277854,0.508244,-0.027961,0.304132,0.446017,-0.046150,0.314940,0.402412,-0.060629,0.321127,0.360373,-0.072006,0.251948,0.475555,-0.024715,0.268725,0.399407,-0.041941,0.272282,0.349730,-0.055565,0.271662,0.304298,-0.065587,0.222157,0.461353,-0.025001,0.228173,0.386986,-0.042441,0.226793,0.340605,-0.053211,0.224512,0.296714,-0.060166,0.190410,0.463149,-0.028407,0.189436,0.401405,-0.044260,0.186413,0.362706,-0.052284,0.184625,0.325104,-0.056992
125,0,0.035076,0.033904,0.050674,0.030915,0.026624,0.172665,0.636891,0.000000,0.227180,0.653867,-0.031597,0.282056,0.638300,-0.046523,0.328329,0.615829,-0.058884,0.366703,0.602048,-0.070640,0.278633,0.508553,-0.027483,0.305219,0.445970,-0.045454,0.316197,0.402034,-0.059775,0.322275,0.359958,-0.070996,0.252721,0.475698,-0.024223,0.269435,0.399424,-0.041251,0.273107,0.349826,-0.054716,0.272639,0.304679,-0.064584,0.222868,0.461437,-0.024526,0.228992,0.386902,-0.041750,0.227781,0.340639,-0.052365,0.225701,0.297075,-0.059169,0.191032,0.462944,-0.027964,0.189954,0.401189,-0.043709,0.186945,0.362368,-0.051617,0.185328,0.324599,-0.056248
178,0,0.041424,0.031470,0.058424,0.061609,0.043739,0.173264,0.637085,0.000000,0.227571,0.653900,-0.031484,0.282879,0.638194,-0.046191,0.329338,0.616012,-0.058328,0.367847,0.602482,-0.069893,0.279756,0.508322,-0.027236,0.306683,0.446015,-0.045013,0.317894,0.402280,-0.059256,0.324441,0.360417,-0.070429,0.253639,0.475506,-0.024059,0.270699,0.399197,-0.040908,0.274898,0.349441,-0.054330,0.274772,0.304157,-0.064182,0.223497,0.461293,-0.024470,0.230444,0.386737,-0.041693,0.229625,0.340371,-0.052295,0.227894,0.296767,-0.059077,0.191525,0.462698,-0.027968,0.191412,0.400348,-0.043764,0.188872,0.361343,-0.051617,0.187659,0.323528,-0.056150
213,0,0.097289,0.078314,0.066917,0.152451,0.117556,0.174003,0.637260,0.000000,0.228738,0.654128,-0.030391,0.284646,0.638971,-0.044462,0.331326,0.616987,-0.056140,0.369416,0.603268,-0.067246,0.281233,0.508910,-0.026123,0.309216,0.446223,-0.043283,0.320926,0.402629,-0.057032,0.327875,0.360819,-0.067818,0.255214,0.476143,-0.023213,0.273266,0.400116,-0.039319,0.278090,0.350514,-0.052211,0.278427,0.305699,-0.061711,0.225287,0.461732,-0.023749,0.232967,0.387406,-0.040176,0.233055,0.341448,-0.050390,0.231879,0.298397,-0.056925,0.193334,0.462774,-0.027320,0.193310,0.400819,-0.042533,0.191041,0.361838,-0.049997,0.190223,0.324347,-0.054211
254,0,0.069120,0.056284,0.112972,0.206120,0.161692,0.174546,0.637067,0.000000,0.229819,0.654112,-0.030432,0.285533,0.638604,-0.044457,0.331828,0.616549,-0.056100,0.370409,0.604127,-0.067205,0.282843,0.508410,-0.025793,0.311680,0.446193,-0.042917,0.324171,0.402591,-0.056744,0.332164,0.360722,-0.067671,0.256863,0.475663,-0.022909,0.276402,0.400161,-0.039048,0.282652,0.350316,-0.052123,0.284474,0.305045,-0.061652,0.226876,0.461297,-0.023500,0.236233,0.386698,-0.040122,0.237524,0.340296,-0.050583,0.237408,0.296775,-0.057174,0.194908,0.462713,-0.027101,0.195985,0.400748,-0.042630,0.194351,0.361677,-0.050189,0.194120,0.324069,-0.054380
301,0,0.074426,0.057081,0.080443,0.276358,0.209800,0.175580,0.637061,0.000000,0.230362,0.653967,-0.029769,0.286088,0.638883,-0.043417,0.332355,0.617479,-0.054770,0.370731,0.605415,-0.065588,0.284488,0.508740,-0.024965,0.313774,0.446392,-0.041709,0.326964,0.402801,-0.055446,0.335772,0.360986,-0.066265,0.258624,0.475851,-0.022420,0.279297,0.400208,-0.038364,0.287103,0.350178,-0.051567,0.290415,0.304543,-0.061140,0.228640,0.461316,-0.023292,0.239072,0.386200,-0.039858,0.241499,0.339334,-0.050677,0.242722,0.295326,-0.057474,0.196496,0.462696,-0.027065,0.198456,0.400446,-0.042705,0.197437,0.361294,-0.050428,0.197881,0.323860,-0.054627
335,0,0.051356,0.035711,0.045675,0.314723,0.240462,0.175922,0.636412,0.000000,0.231163,0.653232,-0.029515,0.286825,0.638070,-0.043119,0.333192,0.616674,-0.054489,0.371610,0.604065,-0.065322,0.285113,0.508100,-0.024491,0.314263,0.446304,-0.041439,0.327688,0.403079,-0.055168,0.336733,0.361823,-0.065930,0.259617,0.475249,-0.022185,0.281030,0.399180,-0.038221,0.289449,0.349527,-0.051199,0.293411,0.304656,-0.060531,0.229985,0.460687,-0.023329,0.241042,0.385211,-0.040080,0.243834,0.338041,-0.050627,0.245430,0.294223,-0.057134,0.197780,0.461964,-0.027387,0.199945,0.399605,-0.043083,0.199403,0.360402,-0.050591,0.200325,0.322933,-0.054596
397,0,0.047656,0.045148,0.113202,0.342328,0.253531,0.176016,0.636275,0.000000,0.231114,0.651996,-0.028756,0.287291,0.636117,-0.041958,0.333862,0.615533,-0.053094,0.371734,0.602906,-0.063727,0.285158,0.506477,-0.023314,0.313766,0.444295,-0.040162,0.327085,0.401222,-0.053920,0.336368,0.360734,-0.064625,0.259531,0.473805,-0.021392,0.280114,0.397533,-0.037252,0.288576,0.348215,-0.050220,0.292746,0.304100,-0.059560,0.229884,0.459665,-0.022937,0.240596,0.384251,-0.039407,0.243531,0.337149,-0.049825,0.245635,0.293485,-0.056327,0.197890,0.461690,-0.027355,0.200185,0.399557,-0.042784,0.199932,0.359959,-0.050184,0.201059,0.322407,-0.054171
440,0,0.052934,0.034179,0.065431,0.365746,0.262814,0.175838,0.635510,0.000000,0.231103,0.650927,-0.028671,0.287020,0.634747,-0.041864,0.333360,0.613786,-0.053059,0.371777,0.601000,-0.063714,0.284399,0.505194,-0.022768,0.312502,0.442572,-0.039524,0.325827,0.399354,-0.053131,0.335208,0.359116,-0.063786,0.258928,0.472536,-0.020842,0.279129,0.396019,-0.036609,0.287530,0.346913,-0.049424,0.291823,0.302977,-0.058675,0.229558,0.458346,-0.022408,0.239806,0.382875,-0.038805,0.242740,0.335898,-0.049100,0.244836,0.292540,-0.055507,0.197891,0.460369,-0.026908,0.199722,0.398044,-0.042224,0.199361,0.358580,-0.049640,0.200616,0.320994,-0.053635
471,0,0.050207,0.028444,0.059140,0.380140,0.254548,0.175778,0.634484,0.000000,0.230879,0.649791,-0.028645,0.286447,0.633402,-0.041806,0.332997,0.612249,-0.053004,0.371265,0.598963,-0.063663,0.283683,0.503656,-0.022613,0.311842,0.440707,-0.039285,0.324918,0.397660,-0.052860,0.334278,0.357726,-0.063411,0.258139,0.471330,-0.020651,0.278196,0.394560,-0.036314,0.286364,0.345309,-0.049115,0.290530,0.301614,-0.058370,0.228465,0.457236,-0.022217,0.238822,0.381611,-0.038493,0.241559,0.334730,-0.048791,0.243463,0.291751,-0.055201,0.196699,0.459331,-0.026682,0.198722,0.396943,-0.041914,0.198408,0.357430,-0.049259,0.199616,0.320253,-0.053256
510,0,0.047820,0.018119,0.054122,0.379027,0.256762,0.174898,0.633830,0.000000,0.230306,0.649005,-0.028679,0.286151,0.632589,-0.041814,0.332267,0.611208,-0.052933,0.370142,0.597194,-0.063476,0.282979,0.503038,-0.022526,0.310618,0.439891,-0.039367,0.323423,0.396697,-0.053113,0.332494,0.356702,-0.063728,0.257172,0.470398,-0.020583,0.277236,0.393462,-0.036416,0.285431,0.344021,-0.049370,0.289360,0.300454,-0.058654,0.227433,0.456305,-0.022166,0.237748,0.380154,-0.038683,0.240301,0.333287,-0.049118,0.241858,0.290534,-0.055487,0.195668,0.458406,-0.026646,0.197801,0.395627,-0.042029,0.197333,0.356143,-0.049370,0.198347,0.318940,-0.053256
542,0,0.027039,0.022802,0.038679,0.378878,0.268175,0.174569,0.634053,0.000000,0.229801,0.648586,-0.028461,0.285893,0.632264,-0.041431,0.331986,0.610936,-0.052419,0.369447,0.597199,-0.062867,0.282674,0.502223,-0.022282,0.310149,0.439012,-0.038981,0.322972,0.395966,-0.052707,0.331870,0.355955,-0.063299,0.256687,0.469825,-0.020409,0.276694,0.393118,-0.035955,0.284837,0.343673,-0.048816,0.288807,0.300201,-0.058075,0.226870,0.456089,-0.022048,0.237147,0.380391,-0.038260,0.239690,0.333572,-0.048672,0.241241,0.290597,-0.055049,0.194938,0.458480,-0.026588,0.196954,0.395921,-0.041755,0.196320,0.356261,-0.049032,0.197122,0.318839,-0.052887
592,0,0.024119,0.024294,0.058393,0.358628,0.259192,0.174405,0.634425,0.000000,0.229841,0.648844,-0.028825,0.285522,0.632613,-0.042064,0.331053,0.611108,-0.053320,0.368852,0.597676,-0.063962,0.282136,0.502153,-0.022565,0.309823,0.439219,-0.039431,0.322505,0.395914,-0.053320,0.331198,0.355512,-0.064035,0.256202,0.469774,-0.020617,0.276158,0.392969,-0.036382,0.284106,0.343338,-0.049388,0.287665,0.299595,-0.058731,0.226538,0.455969,-0.022205,0.236721,0.380555,-0.038601,0.239081,0.333682,-0.049027,0.240458,0.290663,-0.055412,0.194728,0.458450,-0.026714,0.196494,0.395882,-0.041956,0.195800,0.356385,-0.049244,0.196520,0.318909,-0.053104
626,0,0.020824,0.027018,0.033571,0.343922,0.241168,0.173766,0.633628,0.000000,0.229212,0.648521,-0.029028,0.284964,0.632482,-0.042459,0.330739,0.610822,-0.053796,0.368600,0.597656,-0.064556,0.281635,0.502061,-0.023071,0.309329,0.439266,-0.040076,0.321955,0.396090,-0.053977,0.330404,0.355663,-0.064736,0.255831,0.469590,-0.020995,0.275950,0.393116,-0.036791,0.284113,0.343608,-0.049753,0.287673,0.299624,-0.059104,0.226177,0.455765,-0.022457,0.236391,0.380422,-0.038885,0.238695,0.333546,-0.049355,0.239961,0.290380,-0.055818,0.194317,0.458161,-0.026844,0.195974,0.395750,-0.042062,0.195127,0.356351,-0.049392,0.195746,0.319013,-0.053327
681,0,0.025485,0.019983,0.034935,0.345074,0.254002,0.173388,0.633807,0.000000,0.228916,0.648738,-0.029044,0.284538,0.632540,-0.042305,0.330471,0.610736,-0.053476,0.368419,0.597502,-0.064035,0.281561,0.502017,-0.022594,0.308906,0.439243,-0.039351,0.321355,0.396158,-0.053296,0.329789,0.355759,-0.064071,0.255500,0.469708,-0.020396,0.275222,0.393163,-0.036017,0.283329,0.343549,-0.049044,0.287082,0.299751,-0.058377,0.225616,0.455865,-0.021765,0.235735,0.380666,-0.038017,0.238226,0.334146,-0.048504,0.239703,0.291262,-0.054918,0.193811,0.458121,-0.026072,0.195663,0.395881,-0.041260,0.194912,0.356555,-0.048576,0.195619,0.319291,-0.052467
723,0,0.017005,0.022598,0.047527,0.332541,0.236040,0.173761,0.633921,0.000000,0.229162,0.648758,-0.029280,0.284623,0.632823,-0.042714,0.330531,0.611031,-0.053987,0.368588,0.597551,-0.064683,0.281172,0.501941,-0.023050,0.308757,0.439248,-0.039869,0.321233,0.395847,-0.053735,0.329760,0.355279,-0.064503,0.255221,0.469737,-0.020745,0.275217,0.393493,-0.036483,0.283224,0.343821,-0.049485,0.286818,0.299811,-0.058849,0.225449,0.455988,-0.021987,0.235466,0.380744,-0.038428,0.237750,0.333972,-0.048945,0.239003,0.291003,-0.055463,0.193692,0.458456,-0.026183,0.195495,0.396207,-0.041490,0.194697,0.356860,-0.048945,0.195356,0.319574,-0.052906
757,0,0.020120,0.023275,0.024453,0.317685,0.225123,0.173377,0.633724,0.000000,0.228906,0.648758,-0.029637,0.284626,0.632893,-0.043304,0.330213,0.611268,-0.054741,0.368178,0.597603,-0.065603,0.281202,0.502209,-0.023612,0.308818,0.439498,-0.040606,0.321307,0.396047,-0.054561,0.329860,0.355448,-0.065387,0.255223,0.469846,-0.021220,0.275284,0.393516,-0.037190,0.283196,0.343741,-0.050317,0.286733,0.299613,-0.059705,0.225260,0.456103,-0.022371,0.235422,0.380697,-0.038988,0.237627,0.333572,-0.049706,0.238912,0.290059,-0.056252,0.193267,0.458479,-0.026471,0.195153,0.396179,-0.041937,0.194414,0.356678,-0.049418,0.195073,0.319355,-0.053410
793,0,0.021495,0.022580,0.036151,0.299230,0.209391,0.173568,0.634045,0.000000,0.228828,0.648707,-0.029538,0.284350,0.632460,-0.043210,0.330255,0.611056,-0.054687,0.368327,0.597411,-0.065624,0.280991,0.502443,-0.023926,0.308596,0.439863,-0.041123,0.321219,0.396385,-0.055191,0.329772,0.355445,-0.066092,0.255011,0.470093,-0.021659,0.274899,0.393688,-0.037741,0.282766,0.343970,-0.050873,0.286291,0.299788,-0.060300,0.225165,0.456312,-0.022936,0.235020,0.381046,-0.039576,0.237091,0.334253,-0.050082,0.238264,0.291007,-0.056522,0.193187,0.458775,-0.027182,0.194782,0.396629,-0.042634,0.193971,0.357153,-0.050010,0.194571,0.319691,-0.053931
826,0,0.016614,0.012002,0.043678,0.293002,0.199128,0.173276,0.633560,0.000000,0.228573,0.648458,-0.029493,0.284014,0.632049,-0.043134,0.329967,0.610264,-0.054601,0.368043,0.596935,-0.065564,0.280616,0.502334,-0.024047,0.308212,0.439469,-0.041193,0.320872,0.396013,-0.055176,0.329567,0.355191,-0.066031,0.254667,0.469969,-0.021783,0.274368,0.393358,-0.037850,0.282010,0.343639,-0.051006,0.285358,0.299401,-0.060496,0.224823,0.456297,-0.023023,0.234469,0.381196,-0.039683,0.236422,0.334503,-0.050179,0.237421,0.291483,-0.056685,0.192879,0.458859,-0.027228,0.194489,0.396511,-0.042631,0.193704,0.357160,-0.050072,0.194331,0.319817,-0.054097
878,0,0.029198,0.022112,0.064418,0.305492,0.215927,0.172704,0.633194,0.000000,0.228342,0.648136,-0.029279,0.283917,0.631977,-0.042724,0.329577,0.609669,-0.054069,0.367741,0.596696,-0.064840,0.280317,0.501602,-0.023409,0.307759,0.438882,-0.040355,0.320398,0.395555,-0.054249,0.328916,0.354894,-0.065056,0.254290,0.469502,-0.021165,0.273949,0.393129,-0.037052,0.281580,0.343540,-0.050192,0.285013,0.299507,-0.059670,0.224489,0.455814,-0.022439,0.233755,0.380809,-0.038918,0.235749,0.334279,-0.049438,0.236788,0.291418,-0.055936,0.192582,0.458339,-0.026658,0.194211,0.396236,-0.041898,0.193498,0.356973,-0.049294,0.194258,0.319591,-0.053315
925,0,0.021692,0.035478,0.055011,0.312139,0.224976,0.173043,0.633647,0.000000,0.228321,0.647965,-0.028900,0.283651,0.631269,-0.042255,0.329701,0.609355,-0.053527,0.367935,0.596296,-0.064262,0.280159,0.501112,-0.023120,0.307670,0.438086,-0.039921,0.320080,0.394730,-0.053707,0.328462,0.354122,-0.064441,0.254119,0.469326,-0.021002,0.273473,0.392849,-0.036708,0.280974,0.343312,-0.049722,0.284179,0.299241,-0.059128,0.224296,0.455946,-0.022366,0.233320,0.380698,-0.038629,0.235182,0.334216,-0.049040,0.236119,0.291336,-0.055538,0.192484,0.458523,-0.026674,0.193817,0.396126,-0.041752,0.192984,0.356736,-0.049112,0.193784,0.319187,-0.053097
956,0,0.018271,0.013318,0.064521,0.309563,0.226776,0.172480,0.633292,0.000000,0.228117,0.647518,-0.029055,0.283472,0.630888,-0.042451,0.329462,0.608671,-0.053729,0.367599,0.596043,-0.064503,0.279830,0.501170,-0.023075,0.307476,0.438624,-0.039901,0.319894,0.395130,-0.053765,0.328102,0.354240,-0.064539,0.253667,0.468985,-0.020867,0.273136,0.392695,-0.036651,0.280493,0.343304,-0.049598,0.283446,0.299110,-0.058936,0.223879,0.455323,-0.022177,0.233020,0.380329,-0.038573,0.234604,0.333901,-0.048916,0.235244,0.291147,-0.055273,0.192192,0.457850,-0.026415,0.193636,0.395717,-0.041589,0.192646,0.356487,-0.048844,0.193072,0.319258,-0.052723
1003,0,0.030414,0.025359,0.036529,0.290582,0.203394,0.172115,0.632745,0.000000,0.227609,0.647298,-0.029502,0.283100,0.630489,-0.043094,0.329294,0.608505,-0.054514,0.367820,0.595717,-0.065360,0.279365,0.500605,-0.023935,0.307055,0.438102,-0.041011,0.319441,0.394754,-0.054981,0.327774,0.353965,-0.065863,0.253259,0.468601,-0.021547,0.272624,0.392385,-0.037492,0.279763,0.342964,-0.050636,0.282557,0.298607,-0.060153,0.223452,0.455240,-0.022660,0.232519,0.380519,-0.039144,0.234106,0.334160,-0.049594,0.234714,0.291262,-0.056094,0.191701,0.457852,-0.026754,0.193239,0.395769,-0.041945,0.192278,0.356541,-0.049271,0.192860,0.319061,-0.053293
1036,0,0.020061,0.025434,0.050075,0.279406,0.182465,0.172197,0.632229,0.000000,0.227531,0.646695,-0.029540,0.282961,0.629919,-0.043297,0.329042,0.608100,-0.054847,0.367399,0.595591,-0.065860,0.279377,0.500479,-0.024159,0.306727,0.437586,-0.041216,0.318851,0.394248,-0.055134,0.327053,0.353760,-0.065896,0.252986,0.468588,-0.021738,0.271832,0.392377,-0.037593,0.278874,0.343205,-0.050543,0.281639,0.299514,-0.059941,0.222960,0.455191,-0.022832,0.231806,0.380726,-0.039100,0.233381,0.334590,-0.049431,0.234074,0.292271,-0.055887,0.190927,0.457875,-0.026903,0.192631,0.395821,-0.041898,0.191885,0.356638,-0.049251,0.192614,0.319328,-0.053305
1084,0,0.037929,0.037577,0.038210,0.297483,0.209588,0.171884,0.632463,0.000000,0.227233,0.646661,-0.029230,0.282887,0.629569,-0.042629,0.328971,0.607417,-0.053921,0.367239,0.594799,-0.064605,0.278752,0.499995,-0.023244,0.306032,0.437196,-0.039842,0.318375,0.393995,-0.053492,0.326528,0.353657,-0.064105,0.252544,0.468333,-0.020850,0.271251,0.392189,-0.036376,0.278086,0.342967,-0.049133,0.280536,0.299188,-0.058388,0.222628,0.455011,-0.021976,0.231279,0.380530,-0.038056,0.232622,0.334570,-0.048168,0.233040,0.292096,-0.054457,0.190878,0.457669,-0.026085,0.192294,0.395810,-0.040914,0.191549,0.356609,-0.048097,0.192164,0.319358,-0.052027
1134,0,0.026920,0.033725,0.068702,0.296082,0.210413,0.172105,0.632806,0.000000,0.227617,0.646923,-0.029109,0.283092,0.629471,-0.042340,0.328727,0.606945,-0.053461,0.366747,0.594703,-0.064011,0.278563,0.499855,-0.022743,0.305593,0.436963,-0.039050,0.317772,0.393606,-0.052532,0.325986,0.353233,-0.063117,0.252278,0.468252,-0.020348,0.270292,0.392033,-0.035796,0.276949,0.342668,-0.048598,0.279480,0.299081,-0.057896,0.222252,0.455143,-0.021492,0.230364,0.380578,-0.037620,0.231467,0.334346,-0.047919,0.231841,0.292050,-0.054355,0.190578,0.457988,-0.025586,0.191694,0.395908,-0.040481,0.190751,0.356934,-0.047847,0.191443,0.319780,-0.051888
1167,0,0.029697,0.025449,0.063580,0.274351,0.207152,0.170946,0.632662,0.000000,0.226808,0.646802,-0.029481,0.282286,0.629924,-0.042998,0.327857,0.607059,-0.054284,0.366106,0.594546,-0.064997,0.277692,0.499869,-0.023106,0.305006,0.437000,-0.039570,0.317261,0.393465,-0.053176,0.325469,0.352848,-0.063819,0.251411,0.468320,-0.020517,0.269809,0.392484,-0.036016,0.276310,0.343150,-0.048855,0.278676,0.299396,-0.058212,0.221544,0.455345,-0.021499,0.229805,0.381172,-0.037606,0.230769,0.335270,-0.047891,0.230873,0.292902,-0.054319,0.189984,0.458227,-0.025445,0.191184,0.396645,-0.040356,0.190079,0.357686,-0.047712,0.190611,0.320535,-0.051748
1214,0,0.030745,0.021661,0.054104,0.254174,0.193501,0.170254,0.632561,0.000000,0.225728,0.647313,-0.029439,0.281227,0.630630,-0.042918,0.326894,0.607799,-0.054236,0.365286,0.594618,-0.064912,0.277203,0.501052,-0.023351,0.304347,0.438037,-0.039918,0.316557,0.394533,-0.053486,0.324874,0.353890,-0.064091,0.250957,0.469208,-0.020798,0.269212,0.393199,-0.036312,0.275775,0.343687,-0.049095,0.278066,0.299718,-0.058414,0.221090,0.455921,-0.021780,0.229333,0.381835,-0.037883,0.230228,0.335990,-0.048023,0.230414,0.293632,-0.054343,0.189245,0.458441,-0.025761,0.190358,0.396877,-0.040632,0.189328,0.357923,-0.047881,0.189933,0.320782,-0.051844
1245,0,0.029768,0.026839,0.048164,0.237066,0.192528,0.170003,0.633580,0.000000,0.225256,0.647845,-0.029844,0.280728,0.630840,-0.043519,0.326729,0.608113,-0.054915,0.365440,0.595518,-0.065706,0.276552,0.501068,-0.023611,0.303634,0.438199,-0.040278,0.315633,0.394685,-0.053882,0.323424,0.354086,-0.064495,0.250284,0.469539,-0.020851,0.268446,0.393575,-0.036396,0.274799,0.344374,-0.049110,0.277000,0.300701,-0.058298,0.220472,0.456247,-0.021670,0.228485,0.382187,-0.037785,0.229410,0.336549,-0.047792,0.229538,0.294407,-0.054025,0.188670,0.458920,-0.025534,0.189848,0.397226,-0.040385,0.188879,0.358494,-0.047579,0.189503,0.321368,-0.051532
1291,0,0.026061,0.022781,0.040849,0.240210,0.189060,0.169840,0.633583,0.000000,0.225164,0.647862,-0.029480,0.280378,0.631009,-0.043062,0.326408,0.608403,-0.054433,0.364860,0.595518,-0.065198,0.275975,0.500970,-0.023295,0.302835,0.437665,-0.039782,0.314823,0.394058,-0.053328,0.322671,0.353541,-0.063879,0.249637,0.469445,-0.020640,0.267492,0.393425,-0.036110,0.273999,0.344328,-0.048801,0.276306,0.300641,-0.058033,0.219688,0.456448,-0.021531,0.227549,0.382353,-0.037536,0.228572,0.336708,-0.047553,0.228920,0.294482,-0.053863,0.188055,0.459486,-0.025416,0.189054,0.397938,-0.040210,0.188094,0.359300,-0.047446,0.188735,0.322261,-0.051439
1342,0,0.024390,0.022488,0.039875,0.236301,0.171008,0.169478,0.633046,0.000000,0.225010,0.647672,-0.029385,0.280173,0.631045,-0.042965,0.326025,0.608415,-0.054392,0.364268,0.595649,-0.065213,0.275327,0.501251,-0.023476,0.302261,0.437970,-0.040011,0.314134,0.394376,-0.053502,0.321975,0.353695,-0.064110,0.249081,0.469622,-0.020913,0.266837,0.393722,-0.036522,0.272972,0.344628,-0.049337,0.275177,0.300720,-0.058699,0.219334,0.456382,-0.021839,0.226829,0.382194,-0.037946,0.227684,0.336462,-0.048091,0.227857,0.294042,-0.054463,0.187878,0.459287,-0.025754,0.188563,0.397486,-0.040616,0.187581,0.358781,-0.047913,0.188311,0.321580,-0.051936
1375,0,0.028173,0.033031,0.056576,0.248999,0.175882,0.169345,0.633437,0.000000,0.224707,0.647751,-0.029249,0.279878,0.630330,-0.042605,0.326093,0.607919,-0.053779,0.364152,0.595374,-0.064422,0.274894,0.500934,-0.023271,0.301403,0.437572,-0.039518,0.313363,0.393955,-0.052821,0.321175,0.353214,-0.063357,0.248699,0.469505,-0.020717,0.265945,0.393263,-0.036131,0.271749,0.344221,-0.048884,0.273538,0.300259,-0.058213,0.219064,0.456271,-0.021675,0.226177,0.381804,-0.037709,0.226780,0.335980,-0.047926,0.226464,0.293520,-0.054382,0.187777,0.458999,-0.025577,0.188237,0.396993,-0.040476,0.186940,0.358295,-0.047890,0.187301,0.321057,-0.052041
1420,0,0.023469,0.019384,0.042100,0.255397,0.166752,0.169090,0.632996,0.000000,0.224404,0.647355,-0.029397,0.279648,0.630120,-0.042889,0.325788,0.607634,-0.054179,0.363975,0.594674,-0.064901,0.274780,0.500634,-0.023521,0.301232,0.436988,-0.039906,0.312820,0.393311,-0.053256,0.320138,0.352509,-0.063729,0.248241,0.469243,-0.020858,0.265458,0.393163,-0.036356,0.271126,0.344121,-0.049066,0.272725,0.300306,-0.058333,0.218395,0.456160,-0.021711,0.225442,0.381686,-0.037741,0.225866,0.336117,-0.047788,0.225535,0.293875,-0.054108,0.186803,0.458764,-0.025527,0.187347,0.397082,-0.040332,0.186105,0.358482,-0.047611,0.186463,0.321463,-0.051658
1453,0,0.018792,0.034847,0.033482,0.255034,0.159474,0.169608,0.633594,0.000000,0.224456,0.647568,-0.029420,0.279539,0.629913,-0.042889,0.325408,0.607273,-0.054125,0.363273,0.593730,-0.064795,0.274641,0.500642,-0.023642,0.300906,0.437339,-0.040018,0.312493,0.393664,-0.053381,0.319913,0.352946,-0.063944,0.248103,0.469107,-0.021037,0.264985,0.392893,-0.036544,0.270408,0.343826,-0.049305,0.271708,0.300106,-0.058627,0.218240,0.456188,-0.021905,0.224939,0.381919,-0.037927,0.225316,0.336215,-0.048029,0.224893,0.293791,-0.054409,0.186576,0.459057,-0.025751,0.186754,0.397353,-0.040550,0.185313,0.358651,-0.047887,0.185470,0.321527,-0.051963
1500,0,0.022021,0.020002,0.044572,0.257391,0.157008,0.169439,0.633592,0.000000,0.224757,0.647482,-0.029294,0.279735,0.630067,-0.042699,0.325782,0.607101,-0.053941,0.363608,0.593260,-0.064652,0.274181,0.500685,-0.023779,0.300752,0.437096,-0.040039,0.312282,0.393328,-0.053267,0.319813,0.352506,-0.063729,0.247746,0.469375,-0.021225,0.264531,0.393366,-0.036564,0.269837,0.344042,-0.049260,0.270946,0.300016,-0.058587,0.217811,0.456678,-0.022112,0.224193,0.382320,-0.037982,0.224215,0.336635,-0.048054,0.223513,0.294110,-0.054509,0.186205,0.459666,-0.025978,0.185898,0.398100,-0.040749,0.184132,0.359434,-0.048054,0.184081,0.322249,-0.052204
1550,0,0.042780,0.053753,0.041828,0.290950,0.184486,0.169799,0.634046,0.000000,0.225248,0.647355,-0.028770,0.280468,0.629174,-0.041792,0.326404,0.606221,-0.052762,0.364013,0.592089,-0.063272,0.274113,0.499966,-0.023055,0.300122,0.436084,-0.039138,0.311264,0.392556,-0.052337,0.318355,0.352096,-0.062812,0.247033,0.469051,-0.020701,0.263211,0.392911,-0.036042,0.268266,0.343862,-0.049011,0.269230,0.300184,-0.058530,0.216784,0.456622,-0.021745,0.222800,0.381966,-0.037652,0.222701,0.335754,-0.048126,0.221931,0.293009,-0.054850,0.185002,0.460135,-0.025691,0.184805,0.398283,-0.040554,0.183054,0.359367,-0.048126,0.183014,0.321927,-0.052444
1584,0,0.040904,0.045377,0.060210,0.311049,0.207456,0.170062,0.634092,0.000000,0.225411,0.647323,-0.028537,0.280651,0.628938,-0.041592,0.326559,0.605333,-0.052610,0.364132,0.591322,-0.063168,0.273412,0.500119,-0.023418,0.298807,0.435849,-0.039750,0.309635,0.392279,-0.053035,0.316451,0.351488,-0.063522,0.246296,0.469082,-0.021203,0.262052,0.392345,-0.036774,0.266529,0.343215,-0.049670,0.267101,0.299462,-0.059129,0.216179,0.456458,-0.022373,0.221024,0.381758,-0.038368,0.220438,0.335502,-0.048678,0.219263,0.292596,-0.055267,0.184470,0.459856,-0.026429,0.183847,0.397897,-0.041132,0.181891,0.359165,-0.048571,0.181513,0.321771,-0.052787
1629,0,0.058670,0.070404,0.044199,0.328395,0.251951,0.171158,0.634045,0.000000,0.226581,0.646794,-0.028400,0.282167,0.627850,-0.041429,0.327740,0.603391,-0.052434,0.365137,0.588900,-0.063084,0.273075,0.499544,-0.023803,0.297652,0.435347,-0.040506,0.307878,0.391957,-0.053925,0.314031,0.351238,-0.064469,0.245708,0.468782,-0.021708,0.260380,0.392006,-0.037559,0.264466,0.342854,-0.050659,0.264566,0.299038,-0.060280,0.215259,0.456541,-0.022933,0.219223,0.381715,-0.039121,0.218025,0.335384,-0.049487,0.216396,0.292536,-0.056126,0.183476,0.460529,-0.026998,0.182196,0.398840,-0.041713,0.180007,0.360173,-0.049061,0.179429,0.323212,-0.053286
1676,0,0.068227,0.080129,0.044956,0.350784,0.290766,0.172117,0.634069,0.000000,0.227920,0.646133,-0.028903,0.282827,0.626104,-0.042348,0.328407,0.600775,-0.053674,0.366254,0.585882,-0.064644,0.272414,0.498922,-0.024860,0.296114,0.434522,-0.041992,0.305802,0.391023,-0.055669,0.311582,0.350213,-0.066354,0.244768,0.468329,-0.022581,0.258740,0.391353,-0.038680,0.262335,0.342789,-0.051786,0.262309,0.299199,-0.061439,0.214024,0.456411,-0.023632,0.217464,0.381705,-0.039855,0.215833,0.335646,-0.050113,0.213983,0.292972,-0.056737,0.182252,0.460405,-0.027567,0.180275,0.399095,-0.042206,0.177741,0.360674,-0.049436,0.176897,0.323811,-0.053639
1708,0,0.055236,0.069658,0.103326,0.381148,0.333993,0.173107,0.634032,0.000000,0.228544,0.644701,-0.028889,0.283560,0.623852,-0.042539,0.328830,0.598638,-0.054102,0.366468,0.582784,-0.065272,0.271752,0.497546,-0.025053,0.294841,0.433297,-0.042468,0.304006,0.390425,-0.056243,0.309045,0.349950,-0.066914,0.244171,0.467338,-0.022965,0.258020,0.390443,-0.039221,0.260941,0.341909,-0.052318,0.259860,0.298174,-0.061989,0.213468,0.455738,-0.024214,0.216299,0.381796,-0.040505,0.214077,0.336448,-0.050641,0.211492,0.293999,-0.057171,0.181419,0.460257,-0.028354,0.179203,0.398966,-0.042968,0.176326,0.360893,-0.050105,0.175019,0.324066,-0.054245
1759,0,0.079597,0.089309,0.085431,0.449396,0.411901,0.173902,0.633059,0.000000,0.229970,0.643599,-0.027923,0.284914,0.622690,-0.040904,0.329180,0.596007,-0.051959,0.365710,0.578650,-0.062622,0.271760,0.496189,-0.023590,0.294233,0.431610,-0.040333,0.302623,0.388864,-0.053671,0.307110,0.348734,-0.064012,0.243608,0.466572,-0.021664,0.256715,0.389850,-0.037373,0.259167,0.341647,-0.050283,0.257694,0.298238,-0.059840,0.212978,0.455433,-0.023002,0.215145,0.382052,-0.038835,0.212572,0.337532,-0.048785,0.209711,0.295954,-0.055240,0.181070,0.460007,-0.027174,0.179148,0.398940,-0.041546,0.176003,0.361361,-0.048535,0.174446,0.324832,-0.052565
1793,0,0.068440,0.093218,0.119665,0.500598,0.481107,0.175123,0.631539,0.000000,0.231209,0.640647,-0.027609,0.286282,0.619370,-0.040633,0.329854,0.591979,-0.051740,0.366058,0.574503,-0.062528,0.271580,0.494628,-0.023741,0.292722,0.430706,-0.040491,0.300328,0.388395,-0.053870,0.304444,0.348749,-0.064161,0.243047,0.465661,-0.021789,0.254651,0.389798,-0.037332,0.256616,0.342336,-0.050143,0.255180,0.299783,-0.059654,0.212243,0.455179,-0.023049,0.212865,0.383005,-0.038575,0.209729,0.339076,-0.048404,0.206477,0.298020,-0.054899,0.180360,0.460081,-0.027112,0.178611,0.400044,-0.041023,0.175421,0.363130,-0.047872,0.173557,0.327395,-0.051882
1838,0,0.119292,0.120757,0.165368,0.602775,0.588303,0.175103,0.630116,0.000000,0.231717,0.637719,-0.027059,0.286677,0.616201,-0.039628,0.329513,0.587230,-0.050311,0.365230,0.567263,-0.060605,0.270918,0.492237,-0.021912,0.291558,0.429220,-0.038006,0.298357,0.388210,-0.051262,0.301620,0.349482,-0.061452,0.242362,0.464144,-0.019867,0.252688,0.389337,-0.034657,0.253765,0.343476,-0.047349,0.251283,0.302117,-0.056868,0.211687,0.454108,-0.021030,0.211655,0.384005,-0.035820,0.207809,0.341892,-0.045445,0.203730,0.302189,-0.051862,0.180157,0.459104,-0.024979,0.178970,0.400886,-0.038218,0.175710,0.365407,-0.044670,0.173223,0.331017,-0.048477
1883,0,0.188960,0.198517,0.303278,0.759411,0.744694,0.173894,0.627321,0.000000,0.231415,0.634705,-0.027040,0.287053,0.611923,-0.038995,0.328699,0.579368,-0.049074,0.364136,0.556305,-0.058597,0.270610,0.489788,-0.019602,0.290264,0.428714,-0.034720,0.295772,0.388655,-0.047858,0.297742,0.350399,-0.058076,0.241762,0.462496,-0.017074,0.251268,0.391258,-0.031297,0.250066,0.348385,-0.044035,0.244910,0.309549,-0.053419,0.211037,0.452958,-0.017795,0.211515,0.387278,-0.031766,0.206091,0.349091,-0.040872,0.199801,0.312384,-0.046920,0.179484,0.457712,-0.021374,0.179215,0.403673,-0.033591,0.176033,0.372043,-0.039412,0.172544,0.340696,-0.042749
1916,0,0.244428,0.274730,1.011225,0.969407,0.949303,0.171371,0.621919,0.000000,0.229773,0.630324,-0.027485,0.288193,0.605179,-0.038560,0.329177,0.569334,-0.047699,0.364869,0.545486,-0.056328,0.269633,0.487133,-0.017445,0.287965,0.428384,-0.032071,0.292195,0.389257,-0.045355,0.292228,0.353890,-0.055343,0.240464,0.461354,-0.014040,0.250602,0.394822,-0.030542,0.244667,0.358236,-0.044811,0.233190,0.330388,-0.053848,0.209964,0.451196,-0.013912,0.213818,0.388942,-0.029965,0.204592,0.360781,-0.040089,0.192761,0.338817,-0.045287,0.177971,0.454379,-0.016503,0.177989,0.402884,-0.029761,0.173822,0.376177,-0.036556,0.167658,0.353627,-0.039851
1963,0,0.480060,0.542821,5.288707,1.285092,1.332873,0.174251,0.620666,0.000000,0.229967,0.629437,-0.032333,0.288117,0.600730,-0.043639,0.328802,0.561065,-0.052145,0.364587,0.538266,-0.060346,0.266825,0.489012,-0.021178,0.282474,0.429978,-0.035708,0.285192,0.388718,-0.048803,0.286047,0.356265,-0.058658,0.235739,0.463755,-0.014724,0.244616,0.391928,-0.035978,0.232111,0.373661,-0.052381,0.216457,0.377964,-0.060683,0.204691,0.454378,-0.011298,0.204918,0.387147,-0.031759,0.191779,0.380732,-0.043639,0.178576,0.397126,-0.047892,0.173847,0.458507,-0.010775,0.168352,0.406167,-0.028772,0.161474,0.396462,-0.038104,0.154117,0.406238,-0.041614
2000,0,0.772234,0.829472,8.342042,1.882071,2.008622,0.174835,0.615077,-0.000000,0.231900,0.623388,-0.030809,0.290678,0.592817,-0.043338,0.331643,0.556473,-0.053608,0.366390,0.531263,-0.063980,0.268720,0.485143,-0.020437,0.279092,0.430908,-0.040565,0.275812,0.391772,-0.053505,0.274740,0.361672,-0.061858,0.233329,0.462496,-0.016817,0.235890,0.397705,-0.049123,0.210642,0.430203,-0.059633,0.198056,0.466449,-0.058058,0.199300,0.454080,-0.016705,0.194971,0.402097,-0.048815,0.175391,0.439972,-0.048062,0.170047,0.476755,-0.038169,0.166328,0.458186,-0.019016,0.154213,0.415055,-0.041558,0.144873,0.446164,-0.039675,0.146658,0.481911,-0.031956
2047,0,1.178993,1.249764,6.909161,2.774016,2.926906,0.171608,0.602119,-0.000000,0.227856,0.616258,-0.032468,0.290345,0.587223,-0.048701,0.331816,0.548121,-0.061552,0.367674,0.521916,-0.074798,0.266257,0.483711,-0.039847,0.271689,0.433026,-0.067383,0.266927,0.401567,-0.084444,0.260469,0.376381,-0.094523,0.232199,0.450955,-0.034681,0.211352,0.443092,-0.074798,0.190094,0.504190,-0.084013,0.178611,0.549760,-0.081349,0.198139,0.437984,-0.032540,0.172554,0.446408,-0.070154,0.160932,0.507499,-0.065763,0.159250,0.549015,-0.053525,0.164304,0.436972,-0.033007,0.143870,0.442242,-0.060112,0.136966,0.494844,-0.057700,0.140276,0.530144,-0.048917
2095,0,0.613094,0.586571,3.519738,3.230608,3.409011,0.173604,0.608994,-0.000000,0.227950,0.618328,-0.028131,0.289961,0.582942,-0.042355,0.331974,0.545243,-0.054138,0.367049,0.515542,-0.066134,0.261491,0.484005,-0.040621,0.265029,0.431761,-0.067797,0.257574,0.407295,-0.084852,0.246267,0.394309,-0.094335,0.227149,0.455429,-0.037048,0.196951,0.488032,-0.072892,0.183141,0.552890,-0.080535,0.178997,0.598478,-0.079474,0.191542,0.451448,-0.036021,0.164484,0.487400,-0.069814,0.157076,0.546797,-0.063303,0.160083,0.587304,-0.051874,0.156559,0.458449,-0.037614,0.136215,0.475544,-0.064294,0.133055,0.527031,-0.061392,0.141278,0.562757,-0.052581
2127,0,0.547008,0.537510,3.017071,3.490682,3.707732,0.175359,0.610921,-0.000000,0.227870,0.615040,-0.021522,0.287115,0.577291,-0.033290,0.328645,0.541486,-0.044502,0.362640,0.511528,-0.055818,0.254915,0.488240,-0.034088,0.254654,0.438430,-0.059463,0.246654,0.425076,-0.075258,0.236353,0.423559,-0.083450,0.222212,0.456235,-0.033168,0.195310,0.511621,-0.065017,0.183817,0.576570,-0.071717,0.181138,0.621206,-0.070537,0.188480,0.452006,-0.034453,0.165177,0.518250,-0.062657,0.161531,0.574100,-0.057311,0.167326,0.612340,-0.047869,0.155878,0.460009,-0.038358,0.137824,0.506939,-0.059845,0.139293,0.558182,-0.057797,0.150696,0.591473,-0.050507
2170,0,0.391722,0.470585,2.082071,3.726300,4.062332,0.177196,0.606954,-0.000000,0.228266,0.612775,-0.024741,0.284254,0.575877,-0.037063,0.325485,0.541511,-0.047861,0.359580,0.510499,-0.058529,0.250436,0.487875,-0.036674,0.236299,0.462388,-0.059470,0.224322,0.454322,-0.073673,0.217998,0.448675,-0.082817,0.215626,0.459052,-0.034858,0.189558,0.533138,-0.063620,0.185204,0.590131,-0.069976,0.191209,0.621414,-0.070754,0.181001,0.458549,-0.035474,0.158968,0.540901,-0.060183,0.161254,0.585407,-0.055157,0.174414,0.608995,-0.048477,0.148327,0.470246,-0.039366,0.130521,0.527952,-0.060054,0.138206,0.570684,-0.059567,0.155327,0.593491,-0.054703
2203,0,0.425738,0.417922,1.807479,3.999095,4.400288,0.181285,0.608745,-0.000000,0.232689,0.608880,-0.021712,0.285045,0.569418,-0.032601,0.324218,0.536413,-0.042188,0.356840,0.504661,-0.051107,0.251964,0.489639,-0.036979,0.240617,0.490188,-0.060808,0.228530,0.493039,-0.075587,0.221045,0.494872,-0.084571,0.213458,0.463397,-0.036133,0.191398,0.559555,-0.060287,0.193186,0.602109,-0.063477,0.203181,0.622337,-0.064096,0.176683,0.466525,-0.037728,0.158733,0.567931,-0.056739,0.164042,0.598004,-0.046941,0.178259,0.608458,-0.038802,0.142565,0.481438,-0.043034,0.128224,0.550156,-0.060222,0.137109,0.582557,-0.057227,0.153168,0.594792,-0.051205
2252,0,0.529233,0.569414,1.998721,4.418417,4.891379,0.183859,0.607775,-0.000000,0.235145,0.605856,-0.024006,0.283079,0.566178,-0.035839,0.321423,0.532609,-0.045227,0.353300,0.500669,-0.052738,0.244993,0.486024,-0.044223,0.229695,0.533762,-0.067727,0.217008,0.572749,-0.079317,0.209005,0.590531,-0.085339,0.204374,0.473597,-0.041925,0.187736,0.574356,-0.058630,0.194550,0.608500,-0.059051,0.204693,0.617974,-0.061123,0.168617,0.483342,-0.041666,0.157219,0.581234,-0.054421,0.164532,0.605450,-0.044612,0.173787,0.606731,-0.039367,0.135439,0.502860,-0.045098,0.127274,0.564312,-0.056429,0.134937,0.586357,-0.052285,0.143460,0.589358,-0.047979
2302,0,0.599435,0.667103,7.302725,4.592728,5.060169,0.177989,0.600543,-0.000000,0.228855,0.601039,-0.029083,0.277590,0.564938,-0.044519,0.317069,0.531884,-0.055307,0.349116,0.493614,-0.063333,0.238626,0.489566,-0.050888,0.224489,0.590916,-0.073634,0.227597,0.604072,-0.084423,0.232068,0.585802,-0.091247,0.195729,0.486063,-0.047086,0.191804,0.611514,-0.060701,0.204171,0.608975,-0.058654,0.212013,0.581484,-0.060669,0.158713,0.501381,-0.045461,0.159863,0.611301,-0.057354,0.172311,0.607649,-0.043284,0.178621,0.579131,-0.035322,0.125228,0.526713,-0.048223,0.131383,0.598485,-0.060474,0.140478,0.599226,-0.055015,0.141668,0.580824,-0.049685
2359,0,0.497707,0.697928,5.141413,4.888727,5.472521,0.174435,0.586030,-0.000000,0.225907,0.581392,-0.022553,0.274006,0.549317,-0.036465,0.315570,0.523240,-0.048216,0.349807,0.489863,-0.058625,0.236805,0.499452,-0.042586,0.235319,0.590917,-0.071751,0.231368,0.622099,-0.093158,0.228437,0.632087,-0.105139,0.192745,0.499225,-0.041767,0.200304,0.620753,-0.054042,0.203602,0.616042,-0.056432,0.205071,0.594127,-0.062815,0.156621,0.516956,-0.043437,0.168458,0.626334,-0.050213,0.170940,0.617067,-0.037087,0.172449,0.590002,-0.031440,0.125329,0.541497,-0.049722,0.138386,0.618699,-0.055744,0.142521,0.615970,-0.047299,0.139066,0.598833,-0.041145
2408,0,0.453557,0.507673,3.879362,5.136573,5.541166,0.166467,0.589049,-0.000000,0.219088,0.578254,-0.022524,0.269829,0.543970,-0.035325,0.311450,0.520614,-0.046156,0.346212,0.489761,-0.055079,0.235196,0.511654,-0.042494,0.247630,0.614672,-0.075819,0.243852,0.661109,-0.100435,0.239767,0.689447,-0.113297,0.193393,0.516411,-0.042248,0.210990,0.637585,-0.054125,0.204673,0.619062,-0.058556,0.196044,0.587640,-0.067695,0.158427,0.537156,-0.044864,0.177535,0.643375,-0.050864,0.173274,0.624924,-0.038709,0.170029,0.593098,-0.034617,0.127614,0.561241,-0.052248,0.145476,0.637616,-0.057049,0.144942,0.626327,-0.048094,0.137742,0.603823,-0.042371
2466,0,0.426130,0.381992,1.546848,5.297783,5.812764,0.171331,0.588300,-0.000000,0.222359,0.576303,-0.024053,0.275868,0.542700,-0.038227,0.312136,0.519354,-0.050110,0.345796,0.489251,-0.059824,0.237835,0.523068,-0.047695,0.248039,0.624825,-0.084248,0.250834,0.675935,-0.107903,0.253021,0.712124,-0.118331,0.196345,0.529544,-0.047667,0.213588,0.649116,-0.064270,0.208461,0.630575,-0.065697,0.201624,0.597101,-0.069704,0.162424,0.550879,-0.050576,0.181243,0.654871,-0.060538,0.178086,0.633772,-0.043908,0.177373,0.602964,-0.033974,0.134276,0.574753,-0.058233,0.152354,0.653543,-0.065642,0.153852,0.639112,-0.054446,0.150279,0.616365,-0.044896
2510,0,0.334312,0.381108,1.288904,5.462466,5.908489,0.168121,0.588440,-0.000000,0.219303,0.569533,-0.022498,0.274195,0.539528,-0.037427,0.310935,0.517670,-0.050501,0.345721,0.490458,-0.061630,0.239057,0.535200,-0.048856,0.253562,0.638312,-0.087060,0.258064,0.691286,-0.112431,0.260924,0.731255,-0.123620,0.196949,0.546298,-0.050022,0.219852,0.660517,-0.066537,0.214464,0.636941,-0.066716,0.206608,0.599945,-0.070247,0.162378,0.566993,-0.054061,0.187345,0.666703,-0.063066,0.185610,0.641731,-0.044757,0.183689,0.609893,-0.034136,0.134584,0.588551,-0.062887,0.157772,0.667821,-0.068990,0.160903,0.650429,-0.056335,0.156791,0.627047,-0.046193
2555,0,0.460422,0.779709,2.473213,5.641543,5.974241,0.155436,0.579459,-0.000000,0.217365,0.558099,-0.019312,0.275349,0.530714,-0.033665,0.316385,0.506708,-0.047262,0.351420,0.477775,-0.059447,0.237671,0.543540,-0.040463,0.257825,0.648492,-0.075672,0.265254,0.701758,-0.101290,0.268953,0.743057,-0.114756,0.198258,0.558610,-0.045784,0.224663,0.676173,-0.066968,0.212499,0.647390,-0.073833,0.202369,0.602890,-0.082700,0.163923,0.578241,-0.053732,0.194722,0.681721,-0.067658,0.188188,0.654635,-0.058560,0.182785,0.619446,-0.055046,0.136501,0.597712,-0.065556,0.161134,0.681051,-0.071796,0.162780,0.666813,-0.062731,0.157369,0.645696,-0.057279
2606,0,0.546920,1.186410,3.174697,5.703543,6.097849,0.124118,0.567723,-0.000000,0.191822,0.532783,-0.014081,0.260339,0.522674,-0.027340,0.310222,0.505958,-0.040600,0.352721,0.485301,-0.052568,0.238089,0.552986,-0.036308,0.266483,0.656462,-0.064269,0.274023,0.715250,-0.083211,0.283344,0.760869,-0.096152,0.205583,0.574909,-0.044388,0.235199,0.679197,-0.067521,0.222497,0.642179,-0.075299,0.216571,0.597908,-0.084954,0.173619,0.596288,-0.053440,0.210042,0.691649,-0.071745,0.197919,0.656032,-0.064436,0.191797,0.618185,-0.061788,0.147007,0.611955,-0.064772,0.176463,0.696702,-0.074025,0.168862,0.669171,-0.065878,0.159624,0.635131,-0.061419
2650,0,0.298316,0.569039,1.973741,5.790526,6.461350,0.125924,0.549905,0.000000,0.188649,0.520720,-0.014155,0.260211,0.519955,-0.028407,0.308182,0.504209,-0.041933,0.345718,0.478229,-0.055315,0.247372,0.559172,-0.040531,0.274326,0.656322,-0.065576,0.283134,0.712667,-0.083674,0.291828,0.760829,-0.096930,0.212082,0.583098,-0.047668,0.241014,0.683688,-0.073478,0.232007,0.654573,-0.080042,0.222083,0.614888,-0.085650,0.176086,0.606827,-0.054774,0.211475,0.692308,-0.073350,0.201499,0.664198,-0.062772,0.192086,0.630824,-0.055634,0.145878,0.627105,-0.063441,0.178240,0.697066,-0.071056,0.172114,0.671741,-0.059107,0.160960,0.640533,-0.050982
2705,0,0.365945,0.350633,1.094925,5.797625,6.604219,0.136288,0.545729,0.000000,0.191677,0.521934,-0.013667,0.262757,0.518152,-0.030296,0.309588,0.499124,-0.045054,0.344944,0.472759,-0.059706,0.254770,0.565777,-0.046275,0.281757,0.660777,-0.071245,0.294948,0.714125,-0.087301,0.303447,0.760513,-0.097496,0.219777,0.594451,-0.051007,0.251394,0.689202,-0.080952,0.242097,0.659860,-0.085408,0.228032,0.615935,-0.084126,0.184655,0.620907,-0.054456,0.220210,0.695619,-0.076800,0.208096,0.672241,-0.064529,0.195415,0.638340,-0.051678,0.154355,0.645289,-0.058150,0.189056,0.700964,-0.065872,0.179485,0.679921,-0.049786,0.166199,0.652566,-0.036172
2748,0,0.248834,0.206137,0.764024,5.686155,6.541082,0.138992,0.548483,0.000000,0.194726,0.524461,-0.009423,0.263881,0.517878,-0.024904,0.310830,0.498175,-0.039287,0.345736,0.474627,-0.053555,0.257672,0.566394,-0.043065,0.287258,0.659651,-0.064403,0.300502,0.712277,-0.075837,0.308377,0.755897,-0.082938,0.224274,0.596492,-0.048571,0.255482,0.687202,-0.073882,0.244577,0.660613,-0.073491,0.229848,0.620610,-0.069191,0.189816,0.623555,-0.052610,0.224730,0.695503,-0.070625,0.211308,0.673520,-0.055347,0.197365,0.641240,-0.041339,0.158432,0.648151,-0.056747,0.191587,0.702424,-0.061666,0.182813,0.682215,-0.045020,0.171225,0.654929,-0.031696
2799,0,0.115741,0.144749,0.323832,5.671375,6.561179,0.136759,0.549070,0.000000,0.193251,0.522649,-0.009650,0.262771,0.515395,-0.025408,0.310014,0.495382,-0.040234,0.346123,0.472955,-0.054996,0.257967,0.562995,-0.043566,0.289196,0.656134,-0.066002,0.303291,0.708651,-0.078183,0.312145,0.752218,-0.085564,0.225013,0.593440,-0.049444,0.255703,0.684317,-0.076028,0.243005,0.657936,-0.076028,0.227092,0.618296,-0.071651,0.190708,0.621323,-0.053951,0.224704,0.693657,-0.073088,0.210237,0.671124,-0.057804,0.195336,0.638387,-0.043500,0.159144,0.646955,-0.058588,0.192371,0.700747,-0.064369,0.182470,0.679544,-0.047517,0.169611,0.651866,-0.033768
2863,0,0.119767,0.088229,0.157401,5.712830,6.619573,0.134026,0.546559,0.000000,0.190381,0.520400,-0.010711,0.261244,0.512649,-0.026629,0.309450,0.493113,-0.041261,0.345740,0.469196,-0.055909,0.256690,0.559714,-0.045561,0.287851,0.653995,-0.068423,0.302065,0.707009,-0.081163,0.311204,0.750724,-0.089053,0.223158,0.590746,-0.051253,0.254292,0.682363,-0.078706,0.241663,0.656055,-0.079482,0.225540,0.615786,-0.075925,0.188352,0.619230,-0.055489,0.223034,0.691848,-0.075537,0.208255,0.670066,-0.060565,0.192783,0.637338,-0.046402,0.157018,0.645170,-0.059919,0.191483,0.700011,-0.066677,0.181187,0.679575,-0.050024,0.167758,0.652574,-0.036281
2910,0,0.093869,0.039140,0.135854,5.743618,6.635671,0.130920,0.544738,0.000000,0.188174,0.518741,-0.010261,0.259245,0.511339,-0.026047,0.306832,0.491461,-0.040654,0.342811,0.467072,-0.055278,0.254170,0.557455,-0.045302,0.285134,0.651677,-0.067855,0.299575,0.703966,-0.080399,0.308910,0.747250,-0.088133,0.220174,0.587913,-0.051411,0.252411,0.681134,-0.078839,0.240140,0.655320,-0.079944,0.224089,0.615095,-0.076434,0.185258,0.616885,-0.056026,0.220907,0.690505,-0.075654,0.206199,0.669111,-0.060576,0.190731,0.636411,-0.046407,0.153735,0.642794,-0.060836,0.188986,0.699377,-0.067010,0.178958,0.679095,-0.050274,0.165172,0.651948,-0.036462
2943,0,0.104635,0.075077,0.128037,5.792201,6.605617,0.129694,0.544485,0.000000,0.186495,0.519530,-0.011149,0.257418,0.511552,-0.027360,0.304963,0.490931,-0.042285,0.340921,0.466067,-0.057129,0.251492,0.556391,-0.046289,0.281727,0.650952,-0.069597,0.296223,0.703396,-0.082683,0.305736,0.747243,-0.090821,0.217164,0.586690,-0.052181,0.249231,0.680211,-0.080404,0.237351,0.654124,-0.081771,0.221580,0.613765,-0.078516,0.182308,0.615257,-0.056641,0.217789,0.689603,-0.077019,0.203391,0.667916,-0.062142,0.188036,0.635433,-0.047949,0.150998,0.640953,-0.061426,0.186195,0.698331,-0.068490,0.176277,0.678502,-0.052181,0.162676,0.650997,-0.038574
2988,0,0.079861,0.050641,0.140835,5.840344,6.605998,0.126915,0.545101,0.000000,0.183548,0.519553,-0.011376,0.255096,0.511311,-0.027663,0.302783,0.491067,-0.042576,0.339172,0.467190,-0.057343,0.249407,0.555475,-0.046837,0.279667,0.650152,-0.070256,0.293587,0.702809,-0.083396,0.302783,0.746720,-0.091528,0.214664,0.585152,-0.052854,0.247611,0.680525,-0.081835,0.235582,0.654131,-0.083591,0.219431,0.612644,-0.080274,0.179445,0.613718,-0.057408,0.216081,0.689625,-0.078192,0.201275,0.667800,-0.063328,0.185711,0.634407,-0.048951,0.148122,0.639724,-0.062287,0.183740,0.698041,-0.069540,0.173875,0.677990,-0.053212,0.160125,0.650183,-0.039486
3038,0,0.067643,0.076791,0.126362,5.881623,6.612888,0.126368,0.543101,0.000000,0.183254,0.518817,-0.011941,0.254027,0.510740,-0.028615,0.301232,0.490145,-0.043885,0.337465,0.466318,-0.058911,0.247502,0.555551,-0.047278,0.277367,0.649942,-0.071288,0.291519,0.702973,-0.084925,0.301117,0.747529,-0.093457,0.212829,0.584820,-0.053192,0.245500,0.680630,-0.082599,0.233594,0.653670,-0.084538,0.217901,0.611591,-0.081371,0.177803,0.612908,-0.057748,0.213736,0.689517,-0.079109,0.199452,0.667595,-0.064502,0.184439,0.633981,-0.050251,0.146352,0.638542,-0.062692,0.181519,0.697616,-0.070513,0.171934,0.677826,-0.054613,0.158791,0.649722,-0.041138
3073,0,0.075237,0.079699,0.131273,5.893440,6.578523,0.124661,0.545000,0.000000,0.181046,0.519272,-0.011573,0.252279,0.510421,-0.027872,0.299970,0.490205,-0.042868,0.336566,0.466738,-0.057636,0.245409,0.555609,-0.046715,0.276841,0.649912,-0.070284,0.290687,0.702967,-0.083454,0.299706,0.747202,-0.091474,0.211157,0.585596,-0.052452,0.244398,0.680176,-0.081433,0.232010,0.652949,-0.082933,0.215527,0.610899,-0.079282,0.176303,0.614111,-0.056788,0.212665,0.688903,-0.077717,0.198052,0.666226,-0.062754,0.182545,0.632478,-0.048214,0.145088,0.640233,-0.061417,0.180442,0.697395,-0.068719,0.170415,0.676621,-0.052224,0.156695,0.648165,-0.038337
3118,0,0.078114,0.070509,0.137427,5.950748,6.611672,0.124103,0.544548,0.000000,0.180481,0.519178,-0.011693,0.251463,0.510294,-0.028611,0.298819,0.489962,-0.044077,0.335209,0.466135,-0.059332,0.244373,0.555400,-0.048946,0.275667,0.650516,-0.073224,0.289676,0.703692,-0.086661,0.298722,0.748101,-0.094840,0.209695,0.584866,-0.054755,0.243632,0.681653,-0.084324,0.231613,0.654049,-0.085622,0.215058,0.611423,-0.081857,0.174572,0.613097,-0.059072,0.211716,0.689667,-0.080234,0.197375,0.667143,-0.064882,0.181745,0.633163,-0.050082,0.143545,0.639130,-0.063681,0.179202,0.698284,-0.070887,0.169538,0.677645,-0.054074,0.155920,0.649003,-0.040052
3151,0,0.058826,0.053358,0.093526,5.951747,6.607185,0.122638,0.544818,0.000000,0.179775,0.520233,-0.011718,0.250688,0.511388,-0.028410,0.298177,0.490252,-0.043675,0.334721,0.466574,-0.058679,0.243815,0.556401,-0.047589,0.274777,0.650982,-0.071367,0.288671,0.704092,-0.084544,0.297782,0.748475,-0.092634,0.209201,0.585775,-0.053297,0.242718,0.681994,-0.082065,0.230896,0.654632,-0.083305,0.214857,0.612612,-0.079652,0.174139,0.613908,-0.057602,0.210833,0.690080,-0.078217,0.196475,0.667725,-0.063017,0.181228,0.634040,-0.048470,0.142734,0.639917,-0.062234,0.178317,0.698460,-0.069214,0.168755,0.678055,-0.052579,0.155554,0.650047,-0.038750
3197,0,0.048782,0.034467,0.174180,5.967585,6.606436,0.121092,0.545030,0.000000,0.178247,0.520673,-0.011593,0.250025,0.512198,-0.027950,0.297837,0.491347,-0.043108,0.334278,0.467438,-0.057923,0.243019,0.555852,-0.045979,0.273860,0.650667,-0.069834,0.287712,0.704423,-0.083409,0.296810,0.749153,-0.091763,0.208393,0.585043,-0.052049,0.241742,0.682514,-0.081582,0.229509,0.655502,-0.083670,0.213356,0.612328,-0.080342,0.173215,0.613385,-0.056748,0.209497,0.690975,-0.077861,0.195128,0.668274,-0.063209,0.180286,0.633540,-0.048851,0.141895,0.639702,-0.061839,0.176592,0.699420,-0.069246,0.167019,0.678679,-0.052963,0.153922,0.649490,-0.039257
3246,0,0.042758,0.042353,0.084926,5.949222,6.584326,0.120865,0.545489,0.000000,0.178442,0.521357,-0.011344,0.249976,0.512859,-0.027332,0.297803,0.491919,-0.042212,0.334249,0.468282,-0.056750,0.242387,0.556142,-0.044592,0.273174,0.650907,-0.068191,0.287029,0.704277,-0.081621,0.296322,0.748800,-0.089901,0.207998,0.585718,-0.050622,0.241480,0.682008,-0.079600,0.229774,0.654611,-0.081621,0.214201,0.612218,-0.078427,0.173155,0.614057,-0.055414,0.209201,0.690495,-0.076471,0.195353,0.668001,-0.062096,0.180983,0.633802,-0.048014,0.141723,0.640278,-0.060596,0.176588,0.699419,-0.067996,0.167280,0.678997,-0.052121,0.154789,0.650361,-0.038757
3279,0,0.044467,0.060553,0.085153,5.979417,6.586241,0.121266,0.544837,0.000000,0.178830,0.521471,-0.011543,0.250013,0.513603,-0.027837,0.297321,0.492432,-0.042985,0.333800,0.468203,-0.057790,0.242161,0.556836,-0.045392,0.271904,0.651527,-0.069439,0.285858,0.705204,-0.083236,0.295197,0.750305,-0.091826,0.207441,0.585984,-0.051477,0.240492,0.683219,-0.080698,0.228970,0.655323,-0.082845,0.213374,0.612491,-0.079721,0.172333,0.614072,-0.056261,0.208198,0.691015,-0.077118,0.194466,0.668271,-0.062573,0.180127,0.633797,-0.048419,0.140867,0.639572,-0.061467,0.175141,0.699636,-0.068593,0.166301,0.678843,-0.052421,0.153968,0.649400,-0.038950
3322,0,0.034879,0.043053,0.104599,5.983960,6.579220,0.120154,0.545788,0.000000,0.177678,0.521602,-0.011111,0.249113,0.513495,-0.027156,0.296798,0.492480,-0.042188,0.333329,0.468758,-0.056926,0.241761,0.557218,-0.044704,0.272025,0.652108,-0.068428,0.285711,0.705379,-0.081957,0.294757,0.749638,-0.090323,0.207241,0.586706,-0.050880,0.239968,0.682766,-0.080193,0.227992,0.654877,-0.082284,0.212082,0.611798,-0.079081,0.172046,0.614985,-0.055749,0.207827,0.690886,-0.076990,0.193660,0.667876,-0.062579,0.178880,0.633031,-0.048331,0.140563,0.640586,-0.060912,0.175053,0.699298,-0.068298,0.165783,0.678318,-0.052187,0.153201,0.648957,-0.038528
3355,0,0.053614,0.076195,0.083469,6.009991,6.617366,0.119545,0.543714,0.000000,0.177687,0.520702,-0.011555,0.249087,0.513597,-0.027943,0.296707,0.493247,-0.043258,0.333381,0.469401,-0.058230,0.241243,0.556875,-0.045764,0.271179,0.652095,-0.070111,0.285093,0.705392,-0.084042,0.294212,0.750269,-0.092570,0.206423,0.585635,-0.052013,0.239366,0.682848,-0.081959,0.227794,0.655073,-0.084302,0.212112,0.612280,-0.081177,0.170954,0.613503,-0.056961,0.206892,0.690925,-0.078639,0.192959,0.667932,-0.064317,0.178469,0.633201,-0.050061,0.139438,0.638508,-0.062266,0.174084,0.699433,-0.069981,0.165134,0.678475,-0.053966,0.152756,0.649146,-0.040393
3407,0,0.343475,0.953606,2.268744,5.913902,6.564068,0.107597,0.566704,-0.000000,0.177397,0.517338,-0.010810,0.245952,0.504907,-0.023953,0.294444,0.489646,-0.036716,0.334663,0.470175,-0.048548,0.242611,0.550883,-0.042970,0.273798,0.649921,-0.065283,0.284286,0.706587,-0.078299,0.295687,0.750797,-0.088239,0.212347,0.580193,-0.051895,0.238060,0.675327,-0.070794,0.219867,0.645255,-0.074851,0.208131,0.609367,-0.081815,0.179746,0.607738,-0.060178,0.213457,0.693060,-0.075324,0.196964,0.661223,-0.067008,0.186730,0.627822,-0.063593,0.151434,0.630387,-0.069915,0.178769,0.701942,-0.077894,0.167127,0.675086,-0.069374,0.154784,0.644886,-0.064201
3453,0,0.321346,0.837824,2.231055,5.941327,6.585772,0.117848,0.546498,0.000000,0.177820,0.514325,-0.013284,0.248254,0.508974,-0.027025,0.295999,0.492277,-0.039530,0.332779,0.468133,-0.051531,0.240557,0.559303,-0.042554,0.272418,0.654543,-0.066083,0.285218,0.706360,-0.080068,0.294225,0.750953,-0.089265,0.208468,0.589435,-0.047562,0.238802,0.681918,-0.071374,0.227598,0.652708,-0.072697,0.214413,0.615691,-0.072886,0.174240,0.616868,-0.052287,0.206443,0.690013,-0.070241,0.194373,0.664475,-0.057956,0.182485,0.634909,-0.048066,0.144168,0.638478,-0.057988,0.175238,0.700413,-0.064193,0.167589,0.676778,-0.050775,0.155607,0.648550,-0.040790
3485,0,0.177938,0.191857,0.811235,6.027258,6.593081,0.118522,0.546139,0.000000,0.176284,0.522111,-0.011793,0.247928,0.514349,-0.028160,0.295760,0.493938,-0.043384,0.332588,0.470285,-0.058248,0.240949,0.557177,-0.045540,0.270609,0.652656,-0.069715,0.284110,0.706274,-0.083566,0.293102,0.751571,-0.092191,0.206008,0.585852,-0.051616,0.238355,0.683331,-0.081279,0.226558,0.656223,-0.083697,0.211120,0.613517,-0.080822,0.170714,0.613770,-0.056451,0.206050,0.691522,-0.077751,0.191821,0.668592,-0.063344,0.177241,0.633973,-0.049199,0.139187,0.639171,-0.061744,0.173508,0.700192,-0.069388,0.164209,0.679576,-0.053478,0.151743,0.650381,-0.040084
3530,0,0.040384,0.058213,0.104419,6.021644,6.592588,0.119652,0.545212,0.000000,0.178127,0.521888,-0.010779,0.249321,0.515262,-0.026644,0.296685,0.495597,-0.041562,0.333097,0.472511,-0.056172,0.241024,0.557775,-0.044575,0.270054,0.652782,-0.068870,0.283577,0.706769,-0.082994,0.292496,0.751960,-0.091805,0.206065,0.586334,-0.051118,0.239050,0.684297,-0.080791,0.227752,0.656419,-0.083188,0.211992,0.612950,-0.080273,0.170617,0.614234,-0.056366,0.206467,0.692330,-0.077876,0.192789,0.669506,-0.063687,0.178307,0.634350,-0.049596,0.138852,0.639275,-0.061938,0.173228,0.700358,-0.069583,0.164360,0.679709,-0.053807,0.151922,0.649857,-0.040428
3563,0,0.042019,0.046798,0.108197,6.030544,6.585033,0.120145,0.546275,0.000000,0.177586,0.522689,-0.010692,0.248932,0.515551,-0.026966,0.296642,0.495797,-0.042347,0.333226,0.472305,-0.057469,0.241506,0.559054,-0.045397,0.270931,0.654438,-0.069767,0.283908,0.708215,-0.083656,0.292276,0.753042,-0.092287,0.206526,0.587275,-0.052017,0.239368,0.684722,-0.082228,0.227555,0.655895,-0.084629,0.211672,0.611762,-0.081449,0.170833,0.614863,-0.057274,0.206698,0.692730,-0.079308,0.192612,0.668702,-0.064932,0.178013,0.632968,-0.050557,0.139378,0.640202,-0.062791,0.173609,0.700244,-0.070611,0.164344,0.678799,-0.054451,0.151664,0.648679,-0.040725
3615,0,0.021906,0.022184,0.095421,6.016737,6.573172,0.120825,0.546212,0.000000,0.178327,0.522726,-0.011163,0.249196,0.515103,-0.027442,0.296697,0.495309,-0.042774,0.333395,0.472523,-0.057831,0.242049,0.559661,-0.045041,0.271423,0.654512,-0.069293,0.284562,0.707948,-0.083217,0.293293,0.752552,-0.091895,0.207030,0.587495,-0.051549,0.239522,0.684262,-0.081598,0.227681,0.656073,-0.084059,0.212065,0.612753,-0.081015,0.171397,0.614745,-0.056795,0.206800,0.691925,-0.078748,0.192595,0.668480,-0.064534,0.178236,0.633233,-0.050319,0.139756,0.640220,-0.062396,0.173674,0.700276,-0.070459,0.164420,0.678883,-0.054528,0.151950,0.648930,-0.040993
3662,0,0.018450,0.020461,0.086412,6.012041,6.577618,0.120738,0.546025,0.000000,0.178459,0.522688,-0.011366,0.249621,0.515051,-0.027734,0.297214,0.494894,-0.043094,0.333701,0.471490,-0.058098,0.242261,0.559665,-0.045270,0.271589,0.654644,-0.069172,0.284695,0.707718,-0.082682,0.293448,0.751940,-0.091125,0.207374,0.587588,-0.051603,0.239363,0.684575,-0.081188,0.227575,0.656566,-0.083201,0.212096,0.613544,-0.080019,0.171844,0.614615,-0.056701,0.206697,0.691922,-0.078265,0.192528,0.668662,-0.063911,0.178160,0.633826,-0.049719,0.139931,0.639691,-0.062190,0.173652,0.700265,-0.070146,0.164640,0.679176,-0.054331,0.152057,0.649609,-0.040919
3694,0,0.024446,0.027506,0.075517,6.021327,6.588475,0.119442,0.545967,0.000000,0.177237,0.522833,-0.011492,0.248677,0.515223,-0.027771,0.296602,0.495044,-0.043007,0.333311,0.471717,-0.057821,0.241677,0.558951,-0.045254,0.271247,0.653953,-0.069150,0.284295,0.707707,-0.082694,0.293147,0.752372,-0.091159,0.206836,0.586860,-0.051439,0.238800,0.684483,-0.080936,0.227010,0.656711,-0.083084,0.211653,0.613807,-0.079959,0.171406,0.614488,-0.056355,0.206177,0.692203,-0.077615,0.192000,0.669193,-0.063160,0.177596,0.634270,-0.048998,0.139608,0.639720,-0.061727,0.173148,0.700614,-0.069411,0.163917,0.679379,-0.053588,0.151569,0.649570,-0.040207
3738,0,0.030328,0.049880,0.126206,6.021991,6.577699,0.120372,0.545429,0.000000,0.178328,0.522877,-0.011383,0.249383,0.516301,-0.027510,0.297271,0.496827,-0.042703,0.334003,0.473676,-0.057555,0.241631,0.559991,-0.044360,0.270474,0.654751,-0.068637,0.283457,0.708437,-0.082741,0.292115,0.753634,-0.091580,0.206803,0.587633,-0.050730,0.238505,0.685347,-0.080531,0.226901,0.656993,-0.082936,0.211856,0.613657,-0.080076,0.171391,0.614561,-0.055995,0.205923,0.692731,-0.077801,0.192058,0.669198,-0.063762,0.178132,0.634173,-0.049755,0.139455,0.639588,-0.061649,0.172574,0.700933,-0.069807,0.163517,0.679650,-0.054272,0.151571,0.649666,-0.041045
3772,0,0.030568,0.035476,0.086030,6.040484,6.567773,0.120320,0.547495,0.000000,0.178467,0.523794,-0.011200,0.249493,0.517006,-0.027493,0.297192,0.497453,-0.042850,0.333794,0.473900,-0.057848,0.241865,0.561028,-0.044672,0.270322,0.656617,-0.068911,0.283264,0.709918,-0.082706,0.291692,0.754813,-0.091360,0.206717,0.588985,-0.051146,0.238463,0.686324,-0.081274,0.226655,0.657813,-0.083747,0.211252,0.614102,-0.080623,0.171160,0.616004,-0.056384,0.205801,0.693471,-0.078411,0.191684,0.669747,-0.064258,0.177589,0.634210,-0.049975,0.139271,0.640966,-0.062013,0.172365,0.701423,-0.070017,0.163209,0.679819,-0.054172,0.151198,0.650027,-0.040637
3819,0,0.054739,0.102380,0.142239,6.060489,6.597777,0.121457,0.545409,0.000000,0.179881,0.523465,-0.011320,0.250314,0.518003,-0.027931,0.297833,0.498863,-0.043560,0.334689,0.475877,-0.058848,0.242147,0.561914,-0.045962,0.270389,0.657951,-0.070890,0.283132,0.711711,-0.085237,0.291431,0.757168,-0.094065,0.206991,0.589244,-0.052453,0.237831,0.687112,-0.082510,0.226623,0.658214,-0.084652,0.211781,0.614926,-0.081666,0.171229,0.615548,-0.057744,0.205321,0.693933,-0.079913,0.191663,0.670043,-0.065534,0.177862,0.635197,-0.051350,0.139010,0.640163,-0.063392,0.172070,0.701870,-0.071474,0.163301,0.680317,-0.055569,0.151325,0.650170,-0.042099
3870,0,0.047477,0.069077,0.112763,6.054045,6.575921,0.120740,0.547294,0.000000,0.178675,0.524677,-0.011145,0.249630,0.518247,-0.027513,0.297378,0.498780,-0.042820,0.334092,0.476068,-0.057767,0.241997,0.562363,-0.045659,0.270710,0.658279,-0.069647,0.283052,0.711695,-0.083224,0.291087,0.756352,-0.091644,0.207006,0.589981,-0.051925,0.238045,0.687531,-0.081331,0.226479,0.659263,-0.083159,0.211274,0.616015,-0.079764,0.171249,0.616760,-0.056886,0.205519,0.694489,-0.078067,0.191754,0.670764,-0.063446,0.177510,0.635463,-0.049086,0.139171,0.641243,-0.062173,0.172063,0.701568,-0.069647,0.163249,0.680072,-0.053459,0.151299,0.650415,-0.039817
3903,0,0.025078,0.026341,0.079395,6.054719,6.578111,0.120936,0.547124,0.000000,0.179230,0.524649,-0.011442,0.250365,0.518553,-0.027915,0.298050,0.499186,-0.043300,0.334750,0.476096,-0.058329,0.242129,0.562187,-0.045800,0.270276,0.657888,-0.070111,0.282874,0.711656,-0.083939,0.291164,0.756800,-0.092638,0.206888,0.589393,-0.052097,0.237767,0.687624,-0.081667,0.226565,0.659354,-0.083679,0.211557,0.616063,-0.080563,0.171012,0.615695,-0.057095,0.205232,0.694310,-0.078551,0.191541,0.671014,-0.064009,0.177618,0.635790,-0.049824,0.139068,0.639803,-0.062548,0.171947,0.702102,-0.070306,0.163491,0.681094,-0.054401,0.151480,0.650949,-0.040996
3948,0,0.024105,0.026352,0.063705,6.050811,6.575612,0.120490,0.547188,0.000000,0.178936,0.524866,-0.011382,0.250133,0.518986,-0.027654,0.297829,0.499890,-0.042928,0.334633,0.477303,-0.057778,0.242434,0.562188,-0.045007,0.269842,0.658490,-0.069217,0.282084,0.712350,-0.083126,0.290073,0.757922,-0.091900,0.207173,0.589224,-0.051377,0.237561,0.687577,-0.080916,0.226395,0.659356,-0.083126,0.211821,0.616171,-0.080266,0.171434,0.615583,-0.056479,0.205098,0.694417,-0.077796,0.191424,0.670876,-0.063335,0.177645,0.636057,-0.049199,0.139228,0.639980,-0.062068,0.171957,0.702107,-0.069672,0.163358,0.681053,-0.053716,0.151477,0.651005,-0.040295
3999,0,0.026297,0.034798,0.161877,6.058596,6.570409,0.121042,0.547109,0.000000,0.179467,0.525008,-0.011386,0.250435,0.519545,-0.027512,0.298295,0.501070,-0.042699,0.335053,0.478473,-0.057482,0.242112,0.563088,-0.044349,0.269107,0.658948,-0.068707,0.281565,0.713129,-0.082939,0.289786,0.758801,-0.091932,0.206869,0.590234,-0.050786,0.237261,0.688178,-0.080675,0.226127,0.659890,-0.083392,0.211368,0.616194,-0.080740,0.171085,0.616532,-0.056026,0.204995,0.695476,-0.077699,0.191352,0.671553,-0.063563,0.177668,0.636452,-0.049557,0.139174,0.640738,-0.061752,0.171711,0.702869,-0.069742,0.163129,0.681394,-0.054085,0.151278,0.651291,-0.040790
4033,0,0.025965,0.032460,0.108680,6.061712,6.566453,0.121281,0.548127,0.000000,0.179552,0.525661,-0.011267,0.250635,0.519970,-0.027632,0.298501,0.500951,-0.042990,0.335449,0.477944,-0.057990,0.242203,0.563695,-0.045425,0.269588,0.659541,-0.069680,0.281729,0.712976,-0.083706,0.289567,0.758041,-0.092473,0.206719,0.590765,-0.051789,0.237788,0.688900,-0.081498,0.226660,0.660241,-0.083706,0.211744,0.616663,-0.080719,0.170932,0.616943,-0.056887,0.205341,0.695736,-0.078381,0.191949,0.671568,-0.063932,0.178123,0.635935,-0.049776,0.139012,0.641210,-0.062406,0.171871,0.702653,-0.069939,0.163343,0.680920,-0.053867,0.151437,0.650688,-0.040392
4078,0,0.021455,0.016046,0.068990,6.057545,6.571649,0.121751,0.548096,0.000000,0.180262,0.525781,-0.011116,0.251202,0.520420,-0.027534,0.298805,0.501471,-0.043004,0.335580,0.478470,-0.058084,0.242972,0.563733,-0.045306,0.269842,0.659779,-0.069727,0.281999,0.713959,-0.083802,0.289916,0.759535,-0.092623,0.207327,0.590617,-0.051857,0.238306,0.689000,-0.081597,0.227428,0.660559,-0.083867,0.212615,0.616872,-0.080883,0.171244,0.616693,-0.057144,0.205618,0.695795,-0.078548,0.192318,0.672056,-0.064051,0.178538,0.636561,-0.049847,0.139287,0.640685,-0.062819,0.172105,0.702769,-0.070375,0.163764,0.681495,-0.054322,0.152081,0.651177,-0.040831
4112,0,0.044981,0.075741,0.107399,6.030722,6.555314,0.123604,0.546589,0.000000,0.181545,0.525036,-0.010910,0.252196,0.520532,-0.026983,0.299669,0.502046,-0.042117,0.336321,0.479160,-0.056911,0.243619,0.564023,-0.044739,0.270231,0.659711,-0.068630,0.282314,0.713138,-0.082486,0.290085,0.758241,-0.091097,0.208219,0.591139,-0.051149,0.238317,0.688995,-0.080090,0.227700,0.660458,-0.082162,0.213095,0.617275,-0.079184,0.172259,0.617093,-0.056329,0.205571,0.695471,-0.077241,0.192638,0.671681,-0.062933,0.179096,0.636981,-0.049077,0.140452,0.640831,-0.061864,0.172584,0.702417,-0.069019,0.164313,0.680935,-0.053124,0.152650,0.650996,-0.039818
4156,0,0.039233,0.067081,0.084468,6.040437,6.551127,0.123819,0.548306,0.000000,0.181609,0.525848,-0.011211,0.252567,0.520122,-0.027670,0.300333,0.501351,-0.043057,0.336957,0.478679,-0.058135,0.243557,0.563966,-0.045982,0.270779,0.660013,-0.070062,0.282791,0.713083,-0.083710,0.290448,0.757615,-0.092224,0.207879,0.591007,-0.052384,0.238665,0.689368,-0.082150,0.227757,0.660414,-0.084165,0.212786,0.616817,-0.080850,0.171907,0.617149,-0.057453,0.206310,0.695656,-0.078836,0.192934,0.671665,-0.064147,0.178868,0.635991,-0.049719,0.140001,0.641250,-0.062912,0.172856,0.702262,-0.070452,0.164319,0.680806,-0.054203,0.152327,0.650985,-0.040523
4203,0,0.038009,0.050227,0.129606,6.026402,6.556012,0.123188,0.548005,0.000000,0.181485,0.525804,-0.011010,0.252421,0.521251,-0.027147,0.300157,0.502595,-0.042319,0.336795,0.479807,-0.057150,0.244425,0.563412,-0.044947,0.271475,0.660025,-0.069060,0.282990,0.714423,-0.082820,0.290396,0.760227,-0.091453,0.209051,0.590542,-0.051470,0.238867,0.689145,-0.080743,0.227643,0.660663,-0.082690,0.213253,0.617546,-0.079640,0.173218,0.616551,-0.056760,0.206298,0.695480,-0.077952,0.192631,0.671685,-0.063348,0.179238,0.636774,-0.049296,0.140941,0.640211,-0.062504,0.173144,0.702703,-0.069969,0.164331,0.681364,-0.054099,0.152894,0.651292,-0.040826
4236,0,0.028226,0.060837,0.169618,6.018430,6.559530,0.124746,0.546623,0.000000,0.182839,0.525849,-0.011352,0.253424,0.521491,-0.027684,0.301041,0.502811,-0.042992,0.337847,0.479902,-0.057945,0.245007,0.564548,-0.044990,0.271396,0.660526,-0.069354,0.283152,0.714696,-0.083470,0.290846,0.760120,-0.092365,0.209772,0.591309,-0.051371,0.239343,0.689295,-0.080827,0.228257,0.660670,-0.082954,0.213872,0.617371,-0.080118,0.173881,0.616868,-0.056624,0.206390,0.695925,-0.078249,0.193075,0.671772,-0.064069,0.179794,0.636787,-0.050211,0.141592,0.640537,-0.062264,0.173101,0.702975,-0.070127,0.164623,0.681206,-0.054529,0.153024,0.650862,-0.041413
4286,0,0.033456,0.037302,0.103388,6.008960,6.546797,0.125262,0.547544,0.000000,0.183087,0.525772,-0.010845,0.253692,0.520970,-0.027072,0.301173,0.502060,-0.042405,0.337403,0.478458,-0.057428,0.245469,0.565256,-0.044746,0.271961,0.661382,-0.068615,0.283590,0.714562,-0.082273,0.290781,0.759458,-0.090793,0.210086,0.592058,-0.051282,0.239677,0.689806,-0.080452,0.228846,0.660890,-0.082403,0.214329,0.617528,-0.079216,0.174232,0.617421,-0.056583,0.207012,0.695971,-0.077720,0.193789,0.671766,-0.063314,0.180354,0.636124,-0.049201,0.142078,0.640845,-0.062209,0.173710,0.702400,-0.069591,0.165331,0.680729,-0.053526,0.153759,0.650532,-0.040063
4320,0,0.032769,0.047680,0.225713,6.014001,6.563430,0.124053,0.547739,0.000000,0.182708,0.525910,-0.011512,0.253670,0.521514,-0.027980,0.301004,0.502121,-0.043351,0.337400,0.478143,-0.058332,0.245945,0.564234,-0.045528,0.271849,0.660957,-0.069219,0.283385,0.714908,-0.082738,0.290895,0.760507,-0.091252,0.210436,0.591279,-0.051833,0.238955,0.689366,-0.080333,0.228363,0.661514,-0.081893,0.214577,0.619044,-0.078903,0.174320,0.616966,-0.056935,0.206414,0.695627,-0.077213,0.193533,0.672537,-0.062459,0.180258,0.638224,-0.048583,0.141703,0.639862,-0.062589,0.173258,0.702462,-0.069544,0.165586,0.681789,-0.053685,0.154404,0.652140,-0.040589
4367,0,0.070345,0.059856,0.163842,5.967998,6.522329,0.125378,0.547190,0.000000,0.183740,0.525390,-0.011060,0.254458,0.520990,-0.027266,0.302073,0.501993,-0.042655,0.338776,0.478340,-0.057607,0.246049,0.563391,-0.044500,0.272427,0.658622,-0.068935,0.283626,0.711731,-0.082916,0.291022,0.756739,-0.091719,0.211321,0.589656,-0.051199,0.239589,0.687604,-0.080133,0.229202,0.659684,-0.081945,0.215805,0.617717,-0.079226,0.175527,0.614207,-0.056863,0.206349,0.693668,-0.078126,0.193997,0.670369,-0.064242,0.181505,0.635788,-0.050843,0.143104,0.636611,-0.062947,0.172964,0.700249,-0.070553,0.165168,0.679233,-0.055245,0.153959,0.649130,-0.042526
4414,0,0.184179,0.274256,0.515665,5.905455,6.453989,0.123382,0.551396,0.000000,0.181789,0.529397,-0.010982,0.253495,0.522683,-0.027743,0.301365,0.501572,-0.043445,0.338453,0.476485,-0.058408,0.244593,0.553352,-0.047073,0.272946,0.648577,-0.072633,0.285095,0.700960,-0.086504,0.293117,0.745481,-0.094981,0.210271,0.579723,-0.054202,0.241808,0.682057,-0.084578,0.230434,0.656623,-0.085926,0.216208,0.615336,-0.082523,0.175193,0.606453,-0.060142,0.207836,0.690498,-0.082137,0.195077,0.667304,-0.067303,0.182361,0.632451,-0.053174,0.143027,0.630963,-0.066468,0.173641,0.697370,-0.074046,0.164597,0.676582,-0.058312,0.153201,0.646465,-0.045339
4447,0,0.345788,0.346349,1.008433,5.819095,6.373080,0.128372,0.548187,0.000000,0.188842,0.534187,-0.012730,0.258324,0.525263,-0.030562,0.303736,0.501222,-0.047390,0.339762,0.471718,-0.063146,0.243344,0.545551,-0.049352,0.273850,0.634195,-0.078903,0.286514,0.686089,-0.096712,0.296678,0.732390,-0.107941,0.208094,0.564104,-0.057170,0.242073,0.678155,-0.091762,0.230617,0.654507,-0.096772,0.216276,0.613601,-0.095927,0.172022,0.589813,-0.063931,0.207096,0.686054,-0.089105,0.196021,0.664122,-0.076307,0.183912,0.625672,-0.063207,0.141660,0.613150,-0.071538,0.171972,0.691518,-0.081438,0.165725,0.670373,-0.067493,0.154983,0.634758,-0.055751
4489,0,0.487834,0.497699,8.782665,5.791594,6.297465,0.126476,0.552149,0.000000,0.187715,0.541952,-0.012506,0.255948,0.528773,-0.029968,0.300467,0.502558,-0.046059,0.336629,0.470194,-0.061451,0.241791,0.534574,-0.051715,0.274560,0.612740,-0.080458,0.286525,0.664458,-0.097716,0.293339,0.707085,-0.108152,0.207206,0.544905,-0.058186,0.241499,0.663764,-0.086289,0.232259,0.692980,-0.090078,0.217935,0.693321,-0.091478,0.170961,0.568486,-0.063609,0.205181,0.672827,-0.082266,0.197050,0.681861,-0.069730,0.184450,0.658627,-0.059702,0.140100,0.591374,-0.070139,0.168128,0.675673,-0.075328,0.166166,0.674732,-0.061976,0.158044,0.650477,-0.052619
4522,0,0.670390,0.832206,8.358266,5.501912,5.751710,0.134453,0.567517,0.000000,0.202844,0.556471,-0.013904,0.261510,0.540552,-0.029306,0.302690,0.511528,-0.044647,0.338445,0.479116,-0.060018,0.241645,0.519213,-0.036763,0.268782,0.594995,-0.062035,0.281706,0.644986,-0.079209,0.288272,0.687982,-0.090883,0.204272,0.530176,-0.043241,0.225819,0.633891,-0.068452,0.228546,0.686730,-0.077987,0.226840,0.720737,-0.086482,0.168262,0.551510,-0.050300,0.194604,0.655252,-0.073220,0.198895,0.690269,-0.072609,0.197039,0.701059,-0.071508,0.137927,0.572827,-0.058337,0.159648,0.658006,-0.070592,0.165558,0.673635,-0.066925,0.164835,0.668712,-0.064602
4574,0,0.560986,0.827562,5.146044,5.260619,5.202219,0.138949,0.598734,0.000000,0.210790,0.587775,-0.020031,0.266728,0.561712,-0.032759,0.307566,0.528217,-0.044631,0.344737,0.493529,-0.056322,0.245368,0.516343,-0.030115,0.262208,0.574211,-0.058426,0.272643,0.617193,-0.079464,0.281078,0.659252,-0.093049,0.206456,0.520294,-0.033601,0.224703,0.621512,-0.064497,0.232102,0.682688,-0.080065,0.235163,0.731238,-0.090344,0.169663,0.538106,-0.039161,0.186750,0.639215,-0.070568,0.196241,0.691694,-0.076879,0.202027,0.730140,-0.077180,0.139739,0.564007,-0.046374,0.152661,0.641325,-0.067683,0.163985,0.679764,-0.070328,0.172857,0.707927,-0.069666
4634,0,0.380770,0.733899,1.447479,5.258491,4.941213,0.139836,0.623227,0.000000,0.210057,0.609298,-0.020144,0.269134,0.572325,-0.031335,0.311664,0.532155,-0.041498,0.347651,0.487811,-0.050814,0.241772,0.519268,-0.034904,0.253892,0.551786,-0.065998,0.266088,0.595771,-0.085900,0.280792,0.634483,-0.096909,0.202820,0.519834,-0.038110,0.218751,0.603066,-0.074951,0.227938,0.670961,-0.088017,0.233281,0.723337,-0.092614,0.166486,0.535764,-0.043313,0.182874,0.631887,-0.079609,0.192286,0.690828,-0.082996,0.200709,0.732777,-0.078157,0.135361,0.562529,-0.050270,0.150230,0.640402,-0.075858,0.162606,0.686701,-0.078096,0.173234,0.720863,-0.074164
4677,0,0.379205,0.491646,0.884873,5.160217,5.023734,0.151626,0.618352,-0.000000,0.217935,0.610689,-0.022053,0.276265,0.571006,-0.033217,0.317104,0.533096,-0.042509,0.350973,0.492718,-0.050842,0.239904,0.508522,-0.042422,0.252436,0.535136,-0.075204,0.265251,0.576395,-0.094135,0.279168,0.609629,-0.103137,0.201015,0.509580,-0.044367,0.213117,0.586331,-0.081940,0.223307,0.654234,-0.091696,0.229363,0.707021,-0.092393,0.165812,0.529316,-0.048142,0.179526,0.619780,-0.086470,0.187364,0.681430,-0.085250,0.193280,0.725268,-0.075668,0.135496,0.558023,-0.053775,0.146578,0.633125,-0.082753,0.157311,0.681461,-0.083392,0.166011,0.716742,-0.076365
4714,0,0.698524,1.043054,0.863051,4.905686,5.120171,0.173625,0.619327,-0.000000,0.230481,0.619748,-0.021291,0.283548,0.582107,-0.034423,0.322821,0.549949,-0.047135,0.354767,0.514592,-0.060715,0.244770,0.510544,-0.042148,0.252456,0.523889,-0.077032,0.257717,0.553998,-0.099963,0.259925,0.582310,-0.111564,0.204957,0.500690,-0.046241,0.208926,0.562295,-0.085001,0.214665,0.625146,-0.098282,0.216968,0.678028,-0.101426,0.167590,0.514812,-0.052475,0.173628,0.588788,-0.091018,0.178590,0.653035,-0.092156,0.183231,0.702147,-0.084784,0.136660,0.541343,-0.060498,0.137678,0.604677,-0.090639,0.143130,0.655312,-0.092373,0.149312,0.692267,-0.086790
4743,0,0.713609,0.838535,1.327643,4.399281,4.523781,0.175755,0.630985,-0.000000,0.228800,0.632468,-0.029056,0.282866,0.596577,-0.046238,0.325368,0.563978,-0.061528,0.359977,0.531750,-0.078386,0.248637,0.515752,-0.048576,0.254750,0.518693,-0.083493,0.257552,0.534419,-0.106935,0.257157,0.552884,-0.119548,0.208744,0.500552,-0.047715,0.210697,0.537460,-0.085216,0.209616,0.587293,-0.097583,0.206493,0.632448,-0.101090,0.170926,0.507727,-0.049776,0.170703,0.554905,-0.085339,0.172735,0.608974,-0.086816,0.176055,0.653308,-0.081278,0.139140,0.528328,-0.054452,0.134980,0.568049,-0.082816,0.135623,0.614401,-0.086016,0.138523,0.649822,-0.082755
4782,0,0.598426,0.668226,3.770860,3.973791,3.976183,0.168676,0.632003,-0.000000,0.226080,0.639581,-0.029045,0.283558,0.609027,-0.046196,0.328352,0.578101,-0.061241,0.363299,0.546411,-0.077604,0.252468,0.534753,-0.044460,0.263089,0.522048,-0.077926,0.260368,0.525266,-0.099207,0.255944,0.531167,-0.110652,0.213061,0.517115,-0.043592,0.216624,0.518087,-0.079469,0.206963,0.561406,-0.089306,0.199807,0.592955,-0.090335,0.175977,0.516465,-0.045810,0.173352,0.535607,-0.079276,0.167924,0.584734,-0.076383,0.167203,0.614692,-0.067831,0.143351,0.528721,-0.050632,0.136912,0.549249,-0.073168,0.132857,0.591019,-0.070467,0.132963,0.615253,-0.063941
4829,0,0.812878,0.820370,8.751097,3.380821,3.347611,0.167915,0.634410,0.000000,0.224076,0.646302,-0.028738,0.285097,0.616389,-0.042352,0.329789,0.584137,-0.053451,0.367668,0.557949,-0.066782,0.252663,0.553436,-0.036913,0.262203,0.526303,-0.060620,0.266838,0.511800,-0.077661,0.273350,0.499721,-0.089169,0.212891,0.537822,-0.036630,0.224641,0.495959,-0.065147,0.214339,0.515676,-0.077347,0.204686,0.534640,-0.082189,0.175267,0.535508,-0.038705,0.179245,0.498406,-0.067663,0.171695,0.532470,-0.067537,0.168426,0.559098,-0.062663,0.139616,0.546217,-0.042824,0.133751,0.521228,-0.064518,0.132029,0.548975,-0.062726,0.133774,0.573123,-0.058262
4861,0,0.840476,0.869893,7.793598,2.636183,2.576188,0.168796,0.638166,0.000000,0.227977,0.651720,-0.026116,0.288611,0.628071,-0.038146,0.331366,0.598019,-0.048254,0.368889,0.575576,-0.060517,0.252883,0.552199,-0.033921,0.267563,0.517191,-0.052463,0.276135,0.493924,-0.067742,0.283619,0.470809,-0.079540,0.215410,0.534871,-0.033656,0.223121,0.493143,-0.050873,0.226174,0.471329,-0.063699,0.226493,0.449675,-0.074834,0.178589,0.532280,-0.035694,0.181214,0.490863,-0.053193,0.179421,0.469906,-0.060451,0.178419,0.448624,-0.067046,0.143115,0.543005,-0.040068,0.135439,0.511546,-0.056175,0.130786,0.493338,-0.061644,0.127854,0.475105,-0.066151
4909,0,0.970582,1.038234,0.553336,1.770396,1.621986,0.167325,0.642651,0.000000,0.225637,0.657893,-0.027532,0.287076,0.639491,-0.039436,0.330388,0.612469,-0.049469,0.367993,0.591417,-0.060412,0.260583,0.541874,-0.026273,0.278954,0.499661,-0.042372,0.286211,0.471841,-0.056042,0.291654,0.443386,-0.066635,0.226339,0.516981,-0.024368,0.236759,0.464435,-0.037758,0.240501,0.433417,-0.049469,0.241837,0.401621,-0.059748,0.191657,0.509323,-0.025504,0.194368,0.457732,-0.040065,0.193580,0.428211,-0.048316,0.194369,0.397720,-0.055308,0.156421,0.516336,-0.029367,0.149284,0.473068,-0.043701,0.143121,0.448388,-0.049714,0.138227,0.422831,-0.054154
4957,0,0.875009,1.033866,0.462276,1.077148,0.711743,0.163729,0.651809,0.000000,0.222096,0.666264,-0.028990,0.284615,0.647284,-0.042174,0.329016,0.620443,-0.053064,0.366929,0.604108,-0.064317,0.266721,0.534855,-0.029409,0.290512,0.480976,-0.047382,0.301395,0.445112,-0.061258,0.309808,0.411189,-0.071820,0.233754,0.503817,-0.027679,0.249436,0.434613,-0.043995,0.256074,0.394623,-0.056487,0.260096,0.358021,-0.066175,0.198950,0.492295,-0.029045,0.206298,0.423673,-0.046362,0.208268,0.382432,-0.056596,0.211335,0.344080,-0.063844,0.163276,0.496866,-0.033087,0.159296,0.439570,-0.049604,0.156489,0.405312,-0.057288,0.156551,0.371864,-0.062132
5003,0,0.640908,0.744174,0.308225,0.690590,0.386540,0.157769,0.654781,0.000000,0.215789,0.671181,-0.031538,0.276692,0.657100,-0.047242,0.323548,0.637016,-0.060211,0.362982,0.624511,-0.072804,0.270751,0.531197,-0.030596,0.300873,0.473073,-0.049127,0.315523,0.434358,-0.063605,0.327553,0.398075,-0.074538,0.242057,0.495283,-0.027994,0.265528,0.420675,-0.044188,0.276370,0.375890,-0.056630,0.283253,0.336886,-0.065942,0.209110,0.479655,-0.028729,0.223244,0.405030,-0.045432,0.228870,0.360625,-0.055951,0.234040,0.321003,-0.062850,0.173472,0.479913,-0.032500,0.175262,0.417816,-0.048561,0.175102,0.378955,-0.056215,0.176711,0.342964,-0.060588
5056,0,0.489529,0.562158,0.202917,0.702276,0.828137,0.153426,0.645646,0.000000,0.212367,0.668418,-0.028259,0.272929,0.661423,-0.042521,0.320433,0.643900,-0.054745,0.360073,0.634899,-0.066366,0.276030,0.529599,-0.024354,0.310133,0.471286,-0.041540,0.327024,0.431668,-0.055311,0.340688,0.395004,-0.065800,0.250454,0.491814,-0.023034,0.280628,0.419825,-0.038163,0.296093,0.374578,-0.050519,0.306566,0.335006,-0.059688,0.219323,0.472889,-0.025071,0.239337,0.399889,-0.040823,0.248590,0.355134,-0.051236,0.255789,0.315844,-0.057877,0.184537,0.469296,-0.029900,0.191296,0.405995,-0.045162,0.194408,0.364772,-0.052708,0.198313,0.327182,-0.056783
5102,0,0.203230,0.168389,0.223378,0.790004,0.927959,0.154858,0.644440,0.000000,0.212042,0.667299,-0.027443,0.271934,0.659709,-0.040362,0.320908,0.645119,-0.051601,0.361207,0.638665,-0.062354,0.278146,0.528446,-0.021712,0.313512,0.468156,-0.037898,0.331491,0.427868,-0.051078,0.346272,0.390851,-0.061234,0.253568,0.490780,-0.020722,0.285787,0.417259,-0.035265,0.304474,0.371700,-0.047643,0.318262,0.332554,-0.056604,0.223615,0.471300,-0.023168,0.244974,0.397554,-0.038383,0.256598,0.351487,-0.049510,0.267216,0.311400,-0.056641,0.190462,0.468085,-0.028451,0.198171,0.405816,-0.043461,0.202614,0.365186,-0.051339,0.208583,0.328182,-0.055670
5134,0,0.062264,0.105238,0.122056,0.765979,0.841483,0.158073,0.645379,0.000000,0.214703,0.667529,-0.028313,0.274112,0.658205,-0.041142,0.323094,0.642490,-0.051951,0.363410,0.634700,-0.062200,0.279048,0.527672,-0.022553,0.313638,0.468379,-0.038412,0.331629,0.428432,-0.051054,0.346187,0.391799,-0.060778,0.254275,0.490028,-0.021020,0.286214,0.415597,-0.035251,0.304105,0.370455,-0.046678,0.316708,0.331712,-0.054794,0.224200,0.471197,-0.022984,0.244328,0.396384,-0.038300,0.254624,0.351208,-0.048697,0.263856,0.311673,-0.055168,0.191150,0.468590,-0.027846,0.197891,0.406379,-0.042975,0.201374,0.366412,-0.050530,0.206384,0.329698,-0.054570
5177,0,0.063086,0.062412,0.116975,0.773145,0.846289,0.158015,0.645480,0.000000,0.215514,0.667784,-0.027758,0.275524,0.658323,-0.040002,0.323976,0.640920,-0.050395,0.363950,0.631521,-0.060264,0.279432,0.527103,-0.021122,0.313772,0.467864,-0.036562,0.331353,0.428290,-0.049161,0.345465,0.391497,-0.058881,0.254340,0.490052,-0.019683,0.285322,0.415806,-0.033590,0.302873,0.370575,-0.045236,0.315229,0.331608,-0.053535,0.224186,0.471704,-0.021758,0.242746,0.397089,-0.036880,0.252080,0.351510,-0.047554,0.260510,0.311584,-0.054246,0.191029,0.469781,-0.026674,0.196702,0.407815,-0.041647,0.199512,0.367636,-0.049348,0.203798,0.330569,-0.053498
5231,0,0.048558,0.037849,0.055517,0.820287,0.883032,0.157633,0.646465,0.000000,0.215752,0.669225,-0.027643,0.275289,0.660326,-0.040001,0.323660,0.642442,-0.050551,0.363602,0.632980,-0.060579,0.279630,0.528872,-0.021100,0.314222,0.469565,-0.036515,0.331939,0.430099,-0.049097,0.346080,0.393584,-0.058752,0.254519,0.491579,-0.019590,0.285568,0.418118,-0.033309,0.303287,0.373458,-0.044847,0.316015,0.334736,-0.053160,0.224247,0.472605,-0.021566,0.243001,0.398870,-0.036366,0.252627,0.353449,-0.046972,0.261220,0.313624,-0.053719,0.191142,0.469989,-0.026375,0.197469,0.408298,-0.041082,0.200533,0.368094,-0.048724,0.204869,0.331187,-0.052825
5264,0,0.047051,0.025888,0.053891,0.863856,0.894620,0.157073,0.648080,0.000000,0.214617,0.670266,-0.027738,0.274557,0.661441,-0.040035,0.323226,0.643827,-0.050528,0.363275,0.634367,-0.060462,0.279097,0.529613,-0.020725,0.313991,0.470821,-0.035998,0.331954,0.431289,-0.048444,0.346403,0.395070,-0.058006,0.254104,0.492819,-0.019199,0.285479,0.419433,-0.032742,0.303396,0.375062,-0.044016,0.316275,0.336650,-0.052053,0.224069,0.474262,-0.021208,0.242902,0.400224,-0.035980,0.252563,0.354843,-0.046323,0.261478,0.315176,-0.052834,0.191154,0.472014,-0.026101,0.197483,0.410273,-0.040854,0.200714,0.370215,-0.048407,0.205572,0.333246,-0.052425
5308,0,0.050877,0.038192,0.067736,0.855839,0.869267,0.157028,0.649031,0.000000,0.214428,0.672170,-0.028733,0.274809,0.662807,-0.041020,0.323787,0.644315,-0.051276,0.363895,0.634364,-0.060934,0.278234,0.530912,-0.021349,0.312698,0.472249,-0.036620,0.330612,0.432739,-0.049113,0.345017,0.396042,-0.058808,0.253495,0.493787,-0.019317,0.284597,0.420481,-0.033059,0.302384,0.375509,-0.044600,0.314954,0.336531,-0.052916,0.223555,0.475186,-0.020920,0.241918,0.401251,-0.035967,0.251327,0.355678,-0.046614,0.259789,0.315290,-0.053327,0.190138,0.472885,-0.025451,0.195881,0.411178,-0.040387,0.198921,0.371444,-0.048106,0.203642,0.334234,-0.052320
5359,0,0.049987,0.044312,0.058564,0.824193,0.826212,0.156584,0.649527,0.000000,0.214218,0.672352,-0.028602,0.274239,0.662582,-0.041025,0.322924,0.644644,-0.051476,0.362906,0.634568,-0.061370,0.277284,0.530917,-0.021870,0.311702,0.472259,-0.037324,0.329456,0.432338,-0.049728,0.343708,0.395744,-0.059324,0.252197,0.494021,-0.019954,0.283095,0.419997,-0.033846,0.300611,0.375035,-0.045228,0.312951,0.336294,-0.053373,0.221960,0.475619,-0.021610,0.239725,0.400952,-0.036803,0.248887,0.354803,-0.047385,0.257150,0.314387,-0.054080,0.188549,0.473571,-0.026184,0.194132,0.411781,-0.041174,0.197143,0.371794,-0.048947,0.201727,0.334613,-0.053187
5392,0,0.043176,0.031610,0.085303,0.837100,0.822066,0.155929,0.650204,0.000000,0.213517,0.672071,-0.028410,0.273394,0.663021,-0.040718,0.322073,0.644625,-0.051018,0.361748,0.634190,-0.060724,0.276362,0.530411,-0.021252,0.311074,0.471913,-0.036405,0.328880,0.432526,-0.048713,0.343038,0.396004,-0.058270,0.251211,0.493578,-0.019336,0.282207,0.420208,-0.032946,0.299633,0.375236,-0.044399,0.311765,0.336255,-0.052692,0.220925,0.475615,-0.021010,0.238514,0.401390,-0.035996,0.247469,0.355472,-0.046705,0.255395,0.314916,-0.053547,0.187361,0.474045,-0.025546,0.193065,0.412637,-0.040458,0.195963,0.372690,-0.048304,0.200477,0.335363,-0.052617
5437,0,0.061360,0.056347,0.063095,0.795676,0.767511,0.155631,0.650453,0.000000,0.212896,0.672687,-0.028732,0.272757,0.662779,-0.041311,0.321409,0.644040,-0.051844,0.361413,0.633287,-0.061818,0.275275,0.530708,-0.022405,0.309704,0.471825,-0.038055,0.327474,0.431878,-0.050616,0.341695,0.394923,-0.060330,0.250040,0.493889,-0.020451,0.280477,0.419499,-0.034557,0.297564,0.374169,-0.046150,0.309580,0.334789,-0.054524,0.219735,0.475992,-0.022033,0.236707,0.401406,-0.037329,0.245504,0.355500,-0.047862,0.253406,0.314784,-0.054598,0.186121,0.474423,-0.026536,0.191460,0.412772,-0.041535,0.194515,0.372902,-0.049202,0.199226,0.335471,-0.053482
5469,0,0.045026,0.043786,0.042397,0.762977,0.729467,0.155309,0.650675,0.000000,0.213050,0.672264,-0.028729,0.272795,0.662032,-0.041402,0.321058,0.642966,-0.052031,0.360896,0.632124,-0.062177,0.274219,0.530222,-0.022411,0.308595,0.471428,-0.038169,0.326381,0.431415,-0.050842,0.340501,0.394371,-0.060579,0.248718,0.493397,-0.020534,0.278390,0.419230,-0.034787,0.295087,0.373728,-0.046457,0.306776,0.334135,-0.054856,0.218399,0.475697,-0.022206,0.234758,0.400942,-0.037611,0.243100,0.355034,-0.048166,0.250739,0.314404,-0.054819,0.185087,0.474399,-0.026815,0.189565,0.412498,-0.041885,0.192305,0.372466,-0.049578,0.196890,0.335061,-0.053852
5516,0,0.041421,0.026760,0.065767,0.772812,0.727755,0.154638,0.650928,0.000000,0.212328,0.672343,-0.028574,0.272145,0.661536,-0.041074,0.320473,0.642034,-0.051593,0.360003,0.631546,-0.061593,0.273367,0.530099,-0.022148,0.307979,0.471090,-0.037648,0.325583,0.431148,-0.050148,0.339496,0.394038,-0.059778,0.247759,0.493642,-0.020259,0.277546,0.419703,-0.034111,0.293926,0.373980,-0.045556,0.305255,0.334093,-0.053815,0.217268,0.476091,-0.021908,0.233933,0.401444,-0.036926,0.242206,0.355532,-0.047408,0.249641,0.314910,-0.054074,0.183879,0.474912,-0.026482,0.188394,0.413186,-0.041371,0.190820,0.373168,-0.049000,0.194858,0.335897,-0.053185
5568,0,0.036331,0.025096,0.039361,0.776191,0.712474,0.154077,0.652109,0.000000,0.211794,0.673017,-0.028897,0.271203,0.662125,-0.041736,0.319678,0.642156,-0.052577,0.359819,0.631486,-0.062900,0.273279,0.531115,-0.022477,0.307851,0.471959,-0.038147,0.325438,0.431670,-0.050801,0.339306,0.394280,-0.060569,0.247463,0.494560,-0.020498,0.276694,0.420573,-0.034447,0.292774,0.374720,-0.045991,0.304075,0.334278,-0.054353,0.216794,0.476902,-0.022070,0.233359,0.402512,-0.037203,0.241450,0.356811,-0.047656,0.248647,0.316125,-0.054316,0.183161,0.475508,-0.026621,0.187873,0.413736,-0.041625,0.190122,0.373826,-0.049284,0.194059,0.336534,-0.053428
5601,0,0.034043,0.028483,0.054520,0.797228,0.708199,0.153878,0.653273,0.000000,0.211937,0.673390,-0.028526,0.271164,0.662349,-0.041105,0.319795,0.642174,-0.051687,0.359901,0.632103,-0.061788,0.273040,0.531271,-0.021922,0.307822,0.472343,-0.037424,0.325520,0.432168,-0.050096,0.339625,0.394927,-0.059864,0.247112,0.495164,-0.020053,0.275950,0.421152,-0.033928,0.291791,0.375239,-0.045508,0.302888,0.334672,-0.053870,0.216470,0.477704,-0.021718,0.232919,0.403576,-0.036832,0.240680,0.357710,-0.047321,0.247747,0.316771,-0.053981,0.182800,0.476850,-0.026306,0.187466,0.415207,-0.041364,0.189641,0.375201,-0.049060,0.193429,0.337938,-0.053204
5645,0,0.042385,0.044637,0.070371,0.783075,0.683891,0.154055,0.653220,0.000000,0.212237,0.674025,-0.028993,0.271452,0.662776,-0.041815,0.320051,0.642428,-0.052584,0.360108,0.631772,-0.062871,0.273128,0.532336,-0.023221,0.307652,0.472512,-0.039114,0.325496,0.432405,-0.051918,0.339808,0.394899,-0.061798,0.247124,0.496313,-0.021093,0.275618,0.421770,-0.035358,0.291224,0.375535,-0.047181,0.302226,0.334700,-0.055766,0.216443,0.478957,-0.022462,0.232491,0.404686,-0.037800,0.240237,0.358661,-0.048402,0.247346,0.317618,-0.055211,0.182748,0.477998,-0.026773,0.187386,0.416427,-0.042037,0.189363,0.376481,-0.049882,0.193106,0.339026,-0.054175
5678,0,0.026650,0.026038,0.058563,0.800537,0.671959,0.154698,0.654071,0.000000,0.212386,0.675183,-0.029278,0.271528,0.663525,-0.042110,0.320223,0.643077,-0.052840,0.360126,0.632178,-0.063091,0.273034,0.533061,-0.023175,0.307737,0.473565,-0.038865,0.325572,0.433229,-0.051439,0.339606,0.395679,-0.061173,0.247130,0.497184,-0.020889,0.275582,0.422700,-0.035030,0.291091,0.376434,-0.046682,0.301906,0.335683,-0.055126,0.216449,0.480011,-0.022161,0.232131,0.405354,-0.037519,0.239780,0.358934,-0.048120,0.246838,0.317634,-0.054905,0.182802,0.479043,-0.026402,0.186938,0.417240,-0.041704,0.189054,0.377100,-0.049595,0.193016,0.339547,-0.053946
5726,0,0.029555,0.021690,0.024378,0.799452,0.652443,0.154367,0.654683,0.000000,0.211993,0.675489,-0.029219,0.271502,0.663731,-0.042062,0.319973,0.643225,-0.052771,0.359620,0.632410,-0.063001,0.272817,0.533277,-0.023497,0.307554,0.473815,-0.039302,0.325250,0.433479,-0.051961,0.339233,0.395818,-0.061824,0.246762,0.497271,-0.021270,0.274984,0.423028,-0.035549,0.290306,0.376844,-0.047361,0.300995,0.335875,-0.055973,0.215841,0.480200,-0.022522,0.231318,0.405841,-0.037904,0.238842,0.359589,-0.048613,0.245724,0.318181,-0.055494,0.182020,0.479534,-0.026717,0.186191,0.418253,-0.041952,0.188145,0.378527,-0.049827,0.191883,0.341106,-0.054206
5771,0,0.031123,0.032730,0.045300,0.817797,0.640878,0.154370,0.656453,0.000000,0.211994,0.676681,-0.029131,0.271641,0.664532,-0.041883,0.319906,0.643711,-0.052593,0.359838,0.633314,-0.062825,0.272797,0.534280,-0.022947,0.307201,0.474655,-0.038755,0.324844,0.434271,-0.051526,0.338906,0.396608,-0.061426,0.246617,0.498456,-0.020831,0.274558,0.423940,-0.035111,0.289561,0.377641,-0.046925,0.300343,0.336647,-0.055464,0.215669,0.481457,-0.022248,0.230936,0.406734,-0.037724,0.238159,0.360104,-0.048361,0.245012,0.318502,-0.055170,0.181751,0.480775,-0.026628,0.185664,0.418889,-0.041920,0.187499,0.378884,-0.049759,0.191187,0.341449,-0.054065
5804,0,0.029030,0.024878,0.050936,0.835793,0.626259,0.154337,0.657782,0.000000,0.212221,0.677589,-0.029168,0.271443,0.665514,-0.042011,0.319398,0.644549,-0.052735,0.359177,0.633804,-0.062980,0.272327,0.534869,-0.023143,0.307267,0.475289,-0.038842,0.325204,0.434961,-0.051482,0.339285,0.397580,-0.061211,0.246024,0.498869,-0.020913,0.274278,0.424206,-0.035028,0.289339,0.377831,-0.046654,0.299871,0.337055,-0.055094,0.215095,0.482054,-0.022203,0.230401,0.407156,-0.037478,0.237580,0.360882,-0.048092,0.244095,0.319523,-0.054909,0.181224,0.481587,-0.026441,0.185059,0.420049,-0.041643,0.186818,0.379986,-0.049529,0.190411,0.342662,-0.053841
5850,0,0.040692,0.035811,0.037686,0.838852,0.603479,0.154746,0.658368,0.000000,0.212475,0.678207,-0.029392,0.271032,0.666470,-0.042416,0.319324,0.645616,-0.053352,0.358976,0.634361,-0.063808,0.272215,0.535347,-0.023628,0.306730,0.476077,-0.039608,0.324461,0.435923,-0.052539,0.338555,0.398379,-0.062515,0.245976,0.499736,-0.021393,0.273946,0.425021,-0.035636,0.289193,0.378868,-0.047404,0.299697,0.337976,-0.056012,0.215158,0.483172,-0.022686,0.230186,0.408757,-0.038056,0.237012,0.362622,-0.048623,0.243422,0.321158,-0.055458,0.181198,0.482949,-0.026953,0.184699,0.421127,-0.042194,0.186226,0.381072,-0.050027,0.189682,0.343232,-0.054350
5883,0,0.035365,0.021780,0.041234,0.864657,0.616760,0.154305,0.658867,0.000000,0.212276,0.678916,-0.029129,0.271323,0.666975,-0.041933,0.319315,0.646322,-0.052619,0.358588,0.634942,-0.062826,0.272033,0.536477,-0.023307,0.306530,0.477045,-0.039133,0.324091,0.437084,-0.051993,0.338066,0.399672,-0.061942,0.245730,0.500922,-0.021133,0.273514,0.426126,-0.035338,0.288514,0.379810,-0.047276,0.298941,0.339005,-0.055973,0.214861,0.484151,-0.022459,0.229831,0.409780,-0.037770,0.236785,0.363665,-0.048566,0.243127,0.322299,-0.055494,0.180898,0.483905,-0.026697,0.184548,0.422483,-0.041933,0.185904,0.382608,-0.049782,0.189139,0.344889,-0.054130
5935,0,0.029668,0.024145,0.046156,0.883970,0.605289,0.154837,0.659584,0.000000,0.212177,0.680128,-0.029129,0.271101,0.668007,-0.041781,0.319156,0.646898,-0.052337,0.358381,0.635698,-0.062415,0.272013,0.537659,-0.023465,0.306209,0.478089,-0.039244,0.323607,0.438142,-0.052043,0.337455,0.400663,-0.061937,0.245912,0.501942,-0.021295,0.273648,0.427425,-0.035474,0.288560,0.381282,-0.047335,0.298967,0.340498,-0.056015,0.214901,0.485227,-0.022583,0.229734,0.410766,-0.037883,0.236548,0.364523,-0.048696,0.242870,0.323053,-0.055721,0.180858,0.485092,-0.026812,0.184243,0.423584,-0.042076,0.185640,0.383741,-0.050020,0.188909,0.346057,-0.054507
5983,0,0.027912,0.013197,0.060880,0.899981,0.610053,0.154541,0.660229,0.000000,0.212166,0.680667,-0.029380,0.270814,0.669171,-0.042145,0.318608,0.647725,-0.052745,0.357861,0.636246,-0.062832,0.271948,0.538339,-0.023567,0.305925,0.478999,-0.039321,0.323332,0.439228,-0.052122,0.337089,0.401609,-0.062062,0.245700,0.502567,-0.021201,0.273129,0.428234,-0.035359,0.287958,0.382192,-0.047280,0.298281,0.341283,-0.056010,0.214831,0.485825,-0.022320,0.229319,0.411691,-0.037597,0.236118,0.365611,-0.048454,0.242422,0.324181,-0.055460,0.180839,0.485306,-0.026391,0.184087,0.424082,-0.041595,0.185537,0.384442,-0.049554,0.188809,0.346903,-0.053993
6015,0,0.026950,0.019778,0.048268,0.913452,0.622523,0.153636,0.660633,0.000000,0.211326,0.680863,-0.029273,0.270531,0.668898,-0.041913,0.318795,0.647669,-0.052427,0.358049,0.636684,-0.062502,0.271381,0.538836,-0.023374,0.305498,0.479355,-0.039055,0.322777,0.439115,-0.051695,0.336484,0.401396,-0.061550,0.245277,0.503174,-0.021066,0.272666,0.429300,-0.035153,0.287542,0.383266,-0.046932,0.297841,0.342478,-0.055505,0.214362,0.486322,-0.022275,0.228950,0.412167,-0.037589,0.235533,0.366298,-0.048287,0.241524,0.324976,-0.055175,0.180338,0.485890,-0.026433,0.183619,0.424742,-0.041656,0.184880,0.385127,-0.049533,0.187960,0.347614,-0.053929
6058,0,0.027076,0.023736,0.059845,0.919805,0.604832,0.153815,0.661379,0.000000,0.211144,0.681520,-0.029050,0.270437,0.669102,-0.041735,0.318308,0.648244,-0.052352,0.357594,0.637852,-0.062529,0.271046,0.538998,-0.023284,0.304862,0.479864,-0.039062,0.321901,0.439489,-0.051839,0.335273,0.401524,-0.061797,0.244748,0.503755,-0.021124,0.272199,0.430161,-0.035475,0.286941,0.384086,-0.047336,0.297042,0.343075,-0.056013,0.213726,0.486826,-0.022460,0.228387,0.412904,-0.037928,0.234979,0.367106,-0.048581,0.240954,0.326131,-0.055390,0.179656,0.486389,-0.026743,0.183209,0.425054,-0.041991,0.184836,0.385373,-0.049826,0.188057,0.348167,-0.054146
6090,0,0.033648,0.028154,0.028515,0.932580,0.614155,0.153417,0.661127,0.000000,0.210746,0.681315,-0.028775,0.269923,0.668993,-0.041254,0.317742,0.648195,-0.051741,0.356846,0.637705,-0.061753,0.270501,0.539176,-0.022691,0.304120,0.479824,-0.038221,0.321171,0.439613,-0.050827,0.334534,0.401892,-0.060620,0.244183,0.503821,-0.020590,0.271327,0.430199,-0.034658,0.285825,0.383963,-0.046406,0.295655,0.342903,-0.054993,0.213142,0.486896,-0.021961,0.227499,0.412806,-0.037216,0.233966,0.367103,-0.047758,0.239742,0.326122,-0.054518,0.179115,0.486451,-0.026254,0.182403,0.425162,-0.041290,0.183935,0.385596,-0.049000,0.187186,0.348414,-0.053312
6144,0,0.015124,0.013844,0.046817,0.928906,0.609396,0.152878,0.661330,0.000000,0.210343,0.680862,-0.028793,0.269269,0.669040,-0.041388,0.317305,0.648435,-0.051955,0.356506,0.637826,-0.062046,0.270104,0.538995,-0.022833,0.303916,0.479590,-0.038390,0.320875,0.439543,-0.051041,0.334252,0.401803,-0.060876,0.243939,0.503585,-0.020731,0.270947,0.429952,-0.034826,0.285388,0.383815,-0.046617,0.295266,0.342672,-0.055246,0.212994,0.486956,-0.022120,0.227299,0.412948,-0.037421,0.233602,0.367136,-0.047970,0.239348,0.325694,-0.054770,0.178947,0.486502,-0.026435,0.182266,0.425396,-0.041535,0.183569,0.385956,-0.049286,0.186761,0.348485,-0.053600
6190,0,0.027990,0.019223,0.049013,0.948947,0.622342,0.152548,0.661566,0.000000,0.210172,0.681738,-0.028435,0.269002,0.669522,-0.040725,0.316883,0.648648,-0.051062,0.355862,0.637879,-0.060960,0.269875,0.539610,-0.022390,0.303506,0.480310,-0.037803,0.320459,0.440314,-0.050404,0.333907,0.402497,-0.060303,0.243839,0.504318,-0.020399,0.270401,0.430514,-0.034388,0.284658,0.384239,-0.046277,0.294536,0.342894,-0.055043,0.212931,0.487690,-0.021860,0.226915,0.413819,-0.037054,0.233180,0.368009,-0.047701,0.238968,0.326551,-0.054568,0.178991,0.487095,-0.026207,0.182068,0.425985,-0.041310,0.183290,0.386489,-0.049126,0.186398,0.348963,-0.053472
6223,0,0.029037,0.013418,0.058269,0.969449,0.628064,0.152022,0.662130,0.000000,0.209505,0.682043,-0.028167,0.268479,0.670237,-0.040463,0.316093,0.649482,-0.050897,0.355091,0.639297,-0.060894,0.269533,0.540591,-0.022366,0.303041,0.481061,-0.037799,0.320054,0.441167,-0.050423,0.333524,0.403498,-0.060311,0.243338,0.505177,-0.020560,0.270088,0.431422,-0.034552,0.284164,0.385177,-0.046373,0.293984,0.343875,-0.055020,0.212568,0.488337,-0.022165,0.226681,0.414594,-0.037252,0.232983,0.368807,-0.047723,0.238790,0.327256,-0.054509,0.178613,0.487966,-0.026653,0.181853,0.426980,-0.041557,0.183268,0.387457,-0.049183,0.186374,0.350104,-0.053378
6279,0,0.029007,0.017810,0.040480,0.988562,0.630854,0.151844,0.662893,0.000000,0.209145,0.682794,-0.028570,0.268059,0.671112,-0.041106,0.315676,0.650908,-0.051674,0.354671,0.640250,-0.061768,0.269373,0.541163,-0.022448,0.302812,0.481671,-0.037863,0.319791,0.441700,-0.050508,0.333285,0.404102,-0.060347,0.243157,0.505646,-0.020371,0.269807,0.432275,-0.034218,0.284023,0.385929,-0.045953,0.293856,0.344478,-0.054589,0.212278,0.488795,-0.021737,0.226379,0.415289,-0.036696,0.232649,0.369693,-0.047119,0.238476,0.328482,-0.053824,0.178254,0.488046,-0.026037,0.181534,0.426922,-0.040851,0.182917,0.387571,-0.048394,0.186150,0.350366,-0.052548
6329,0,0.035521,0.023589,0.049245,0.993342,0.623531,0.151244,0.663685,0.000000,0.208843,0.683736,-0.029039,0.267888,0.672393,-0.041688,0.315533,0.651654,-0.052274,0.354548,0.640487,-0.062385,0.268943,0.542245,-0.022943,0.302486,0.482703,-0.038512,0.319445,0.442421,-0.051252,0.332914,0.404522,-0.061217,0.242910,0.506773,-0.020716,0.269368,0.433047,-0.034807,0.283482,0.386506,-0.046798,0.293390,0.344817,-0.055632,0.212130,0.489908,-0.021957,0.226181,0.416038,-0.037234,0.232509,0.370342,-0.047857,0.238296,0.328834,-0.054756,0.178138,0.489299,-0.026119,0.181287,0.427969,-0.041286,0.182551,0.388453,-0.049061,0.185578,0.350987,-0.053405
6368,0,0.026808,0.025207,0.076466,1.012974,0.628312,0.151141,0.664611,0.000000,0.208863,0.684640,-0.028356,0.268206,0.672588,-0.040607,0.316057,0.651775,-0.050869,0.354930,0.641555,-0.060765,0.268825,0.542839,-0.022495,0.302048,0.482916,-0.037832,0.319006,0.442587,-0.050358,0.332432,0.404689,-0.060217,0.242621,0.507403,-0.020541,0.269206,0.433312,-0.034473,0.283478,0.386964,-0.046304,0.293277,0.345384,-0.054995,0.211792,0.490539,-0.022002,0.225893,0.416380,-0.037120,0.232202,0.370764,-0.047582,0.237979,0.329555,-0.054338,0.177809,0.490022,-0.026347,0.181232,0.428437,-0.041338,0.182744,0.388886,-0.049043,0.186134,0.351318,-0.053316
6406,0,0.020411,0.026387,0.043846,1.027459,0.654492,0.150666,0.664572,0.000000,0.208694,0.685113,-0.028256,0.268224,0.672661,-0.040282,0.316351,0.651783,-0.050371,0.355432,0.641653,-0.060021,0.268760,0.542880,-0.021932,0.301954,0.483037,-0.037029,0.318874,0.442627,-0.049420,0.332226,0.404721,-0.059143,0.242647,0.507447,-0.019940,0.269340,0.433412,-0.033629,0.283308,0.386914,-0.045363,0.292934,0.345483,-0.054026,0.211745,0.490421,-0.021384,0.225871,0.416470,-0.036316,0.232134,0.370904,-0.046752,0.237788,0.329764,-0.053514,0.177781,0.489644,-0.025734,0.181144,0.428209,-0.040538,0.182696,0.388712,-0.048177,0.186221,0.351293,-0.052454
6439,0,0.029012,0.039443,0.041707,1.007895,0.649134,0.150927,0.663594,0.000000,0.208825,0.684538,-0.028566,0.268239,0.672752,-0.040861,0.316272,0.651916,-0.051158,0.355472,0.641896,-0.061053,0.268884,0.542887,-0.022757,0.302390,0.483325,-0.038149,0.319231,0.442958,-0.050682,0.332618,0.405124,-0.060503,0.242847,0.507151,-0.020669,0.269607,0.433265,-0.034704,0.283830,0.386734,-0.046541,0.293635,0.345359,-0.055299,0.212084,0.490168,-0.021988,0.226152,0.416227,-0.037196,0.232411,0.370750,-0.047714,0.238179,0.329745,-0.054530,0.178126,0.489368,-0.026221,0.181518,0.428083,-0.041264,0.183078,0.388613,-0.048996,0.186376,0.351381,-0.053321
6475,0,0.031482,0.028787,0.038300,1.024728,0.676507,0.151147,0.663370,0.000000,0.208937,0.684033,-0.028145,0.268518,0.672624,-0.040250,0.316555,0.651943,-0.050431,0.355529,0.642411,-0.060136,0.269305,0.542964,-0.022029,0.302962,0.483415,-0.037155,0.319787,0.443245,-0.049515,0.333064,0.405499,-0.059184,0.243197,0.507417,-0.020033,0.270045,0.433437,-0.033786,0.284354,0.387195,-0.045523,0.294131,0.346028,-0.054203,0.212462,0.490135,-0.021462,0.226718,0.416158,-0.036404,0.233085,0.370667,-0.046842,0.238799,0.329778,-0.053654,0.178600,0.489113,-0.025747,0.182119,0.427704,-0.040506,0.183744,0.388264,-0.048087,0.187101,0.351064,-0.052372
6532,0,0.017716,0.014857,0.030794,1.033984,0.678336,0.151320,0.664064,0.000000,0.209236,0.684641,-0.028205,0.268807,0.672951,-0.040183,0.316628,0.652322,-0.050184,0.355513,0.642576,-0.059781,0.269791,0.543270,-0.021923,0.303452,0.483704,-0.037033,0.320121,0.443437,-0.049451,0.333420,0.405781,-0.059195,0.243731,0.507647,-0.019945,0.270605,0.433628,-0.033663,0.285023,0.387356,-0.045458,0.294845,0.346239,-0.054213,0.212853,0.490303,-0.021374,0.227077,0.416597,-0.036264,0.233605,0.371212,-0.046777,0.239381,0.330331,-0.053627,0.178749,0.489337,-0.025696,0.182498,0.428073,-0.040403,0.184274,0.388728,-0.048022,0.187807,0.351458,-0.052308
6565,0,0.024239,0.016497,0.041611,1.047194,0.668765,0.152235,0.664774,0.000000,0.209903,0.685149,-0.028193,0.269083,0.673536,-0.040214,0.316673,0.652747,-0.050240,0.355225,0.642509,-0.059863,0.270158,0.543872,-0.021973,0.303719,0.484501,-0.037012,0.320504,0.444319,-0.049398,0.333795,0.406706,-0.059131,0.244132,0.508280,-0.019942,0.270914,0.434470,-0.033481,0.285361,0.388191,-0.045190,0.295069,0.347053,-0.053899,0.213289,0.490947,-0.021333,0.227673,0.417299,-0.036061,0.234238,0.371904,-0.046544,0.240097,0.331056,-0.053460,0.179368,0.489729,-0.025595,0.182885,0.428678,-0.040287,0.184528,0.389229,-0.047934,0.187944,0.352073,-0.052289
6605,0,0.018797,0.021352,0.063569,1.054169,0.675977,0.151918,0.664882,0.000000,0.209699,0.686388,-0.028510,0.269224,0.674709,-0.040557,0.316800,0.653535,-0.050595,0.355348,0.643482,-0.060196,0.270258,0.544423,-0.022414,0.303732,0.484595,-0.037527,0.320514,0.444476,-0.049829,0.333817,0.406936,-0.059503,0.244194,0.508801,-0.020224,0.271056,0.434789,-0.033822,0.285328,0.388622,-0.045412,0.295030,0.347609,-0.053990,0.213294,0.491535,-0.021446,0.227952,0.417710,-0.036286,0.234471,0.372274,-0.046726,0.240324,0.331207,-0.053516,0.179122,0.490505,-0.025590,0.182967,0.429292,-0.040411,0.184517,0.389929,-0.048077,0.187868,0.352677,-0.052348
6638,0,0.018759,0.009945,0.025019,1.063699,0.673321,0.152330,0.665541,0.000000,0.210097,0.686900,-0.028329,0.269366,0.675086,-0.040282,0.316950,0.653784,-0.050261,0.355575,0.643893,-0.059838,0.270278,0.545142,-0.022206,0.303950,0.485387,-0.037394,0.320766,0.445194,-0.049822,0.334164,0.407444,-0.059546,0.244435,0.509330,-0.020141,0.271285,0.435488,-0.033885,0.285639,0.389166,-0.045619,0.295331,0.347856,-0.054245,0.213702,0.491877,-0.021457,0.228331,0.418166,-0.036371,0.234857,0.372772,-0.046825,0.240621,0.331761,-0.053661,0.179652,0.490666,-0.025679,0.183330,0.429436,-0.040465,0.184909,0.390150,-0.048104,0.188287,0.352985,-0.052381
6686,0,0.014644,0.013338,0.025613,1.070020,0.684802,0.152298,0.665656,0.000000,0.210693,0.686790,-0.028030,0.270080,0.675071,-0.039881,0.317454,0.653941,-0.049815,0.355962,0.644109,-0.059384,0.270617,0.545385,-0.022004,0.304215,0.485838,-0.037142,0.321047,0.445528,-0.049596,0.334302,0.407689,-0.059384,0.244522,0.509799,-0.020032,0.271362,0.436069,-0.033764,0.285564,0.389663,-0.045542,0.295131,0.348244,-0.054234,0.213871,0.492297,-0.021438,0.228574,0.418599,-0.036339,0.235000,0.373184,-0.046784,0.240707,0.332090,-0.053577,0.179831,0.490932,-0.025693,0.183587,0.429506,-0.040502,0.185288,0.390227,-0.048099,0.188597,0.353259,-0.052299
6736,0,0.015168,0.018691,0.039506,1.063200,0.682784,0.152421,0.665314,0.000000,0.210273,0.686393,-0.028513,0.269954,0.675010,-0.040639,0.317763,0.653926,-0.050771,0.356749,0.644012,-0.060465,0.270559,0.545585,-0.022405,0.303952,0.485864,-0.037676,0.320780,0.445437,-0.050150,0.334077,0.407635,-0.059916,0.244641,0.509849,-0.020265,0.271561,0.436197,-0.034073,0.285909,0.389915,-0.045833,0.295773,0.348841,-0.054539,0.213986,0.492457,-0.021563,0.228567,0.418609,-0.036469,0.235237,0.373116,-0.046894,0.241033,0.332192,-0.053698,0.179968,0.490877,-0.025752,0.183658,0.429388,-0.040493,0.185302,0.390125,-0.048101,0.188791,0.353035,-0.052344
6769,0,0.037634,0.032630,0.055809,1.052918,0.659726,0.153840,0.665306,0.000000,0.211352,0.685677,-0.028608,0.270979,0.674618,-0.040989,0.318397,0.653873,-0.051355,0.357372,0.644130,-0.061318,0.271208,0.545086,-0.022820,0.304811,0.485653,-0.038241,0.321570,0.445660,-0.050842,0.334974,0.407987,-0.060659,0.245414,0.509795,-0.020714,0.272273,0.436108,-0.034725,0.286610,0.389907,-0.046593,0.296470,0.348633,-0.055421,0.214841,0.492647,-0.022033,0.229545,0.419160,-0.037124,0.235990,0.373821,-0.047619,0.241749,0.332861,-0.054432,0.180886,0.491328,-0.026263,0.184554,0.430272,-0.041135,0.186117,0.391030,-0.048681,0.189405,0.354039,-0.052930
6815,0,0.029997,0.027434,0.044652,1.076343,0.685807,0.153915,0.665366,0.000000,0.211424,0.686335,-0.028787,0.270785,0.675015,-0.041010,0.318613,0.654012,-0.051116,0.357479,0.643986,-0.060749,0.271461,0.545869,-0.022639,0.304998,0.486353,-0.037836,0.321813,0.446286,-0.050314,0.335202,0.408449,-0.060092,0.245867,0.510266,-0.020304,0.272829,0.436780,-0.033986,0.287177,0.390602,-0.045753,0.297007,0.349227,-0.054509,0.215329,0.492904,-0.021399,0.230020,0.419703,-0.036267,0.236519,0.374534,-0.046775,0.242165,0.333536,-0.053670,0.181486,0.491544,-0.025430,0.185228,0.430394,-0.040134,0.186763,0.391395,-0.047760,0.189960,0.354364,-0.052065
6847,0,0.022220,0.022844,0.043097,1.063750,0.668125,0.154373,0.665343,0.000000,0.211686,0.686442,-0.028979,0.270981,0.674950,-0.041336,0.318815,0.654172,-0.051506,0.357997,0.644276,-0.061238,0.271459,0.545783,-0.023420,0.305036,0.486588,-0.038821,0.321968,0.446571,-0.051323,0.335508,0.408706,-0.061092,0.245812,0.510127,-0.020996,0.272908,0.436608,-0.034939,0.287481,0.390572,-0.046694,0.297439,0.349218,-0.055442,0.215363,0.492869,-0.022017,0.229943,0.419508,-0.037071,0.236509,0.374471,-0.047569,0.242412,0.333512,-0.054422,0.181573,0.491583,-0.025935,0.185550,0.430605,-0.040825,0.187297,0.391577,-0.048517,0.190698,0.354522,-0.052854
6894,0,0.028969,0.037236,0.040775,1.082935,0.705274,0.154187,0.664887,0.000000,0.211967,0.686666,-0.028562,0.271349,0.675159,-0.040558,0.319081,0.654226,-0.050461,0.357940,0.644121,-0.059963,0.271881,0.546096,-0.022554,0.305528,0.486700,-0.037609,0.322482,0.446704,-0.049878,0.335981,0.408992,-0.059526,0.246171,0.510361,-0.020261,0.273242,0.436804,-0.033877,0.287809,0.390588,-0.045509,0.297594,0.349118,-0.054138,0.215612,0.492923,-0.021371,0.230093,0.419475,-0.036189,0.236628,0.374346,-0.046602,0.242319,0.333487,-0.053410,0.181914,0.491427,-0.025412,0.185739,0.430288,-0.040085,0.187383,0.391083,-0.047694,0.190702,0.354059,-0.051990