t,missing,delta_l1,delta_l1_wrist,delta_angles,delta_base_l1,delta_base_l1_wrist,x0,y0,z0,x1,y1,z1,x2,y2,z2,x3,y3,z3,x4,y4,z4,x5,y5,z5,x6,y6,z6,x7,y7,z7,x8,y8,z8,x9,y9,z9,x10,y10,z10,x11,y11,z11,x12,y12,z12,x13,y13,z13,x14,y14,z14,x15,y15,z15,x16,y16,z16,x17,y17,z17,x18,y18,z18,x19,y19,z19,x20,y20,z20
32,0,,,,0.000000,0.000000,0.195799,0.700025,0.000000,0.255888,0.679270,-0.025510,0.307143,0.626180,-0.032854,0.336676,0.566123,-0.038256,0.353969,0.511896,-0.042754,0.283858,0.520807,-0.006743,0.306042,0.451513,-0.020224,0.314805,0.406698,-0.033815,0.320731,0.366665,-0.043600,0.251503,0.502736,-0.005017,0.270129,0.423872,-0.016321,0.278962,0.371531,-0.029278,0.285034,0.327352,-0.038775,0.218142,0.499975,-0.007613,0.233764,0.422378,-0.020128,0.243717,0.375274,-0.029740,0.252638,0.335376,-0.036007,0.182508,0.508705,-0.013101,0.192849,0.446149,-0.025587,0.201177,0.406474,-0.031066,0.210133,0.370551,-0.033892
60,0,0.021896,0.035718,0.027269,0.021896,0.035718,0.195061,0.699789,0.000000,0.255106,0.679217,-0.025187,0.306656,0.625926,-0.032265,0.336686,0.565175,-0.037502,0.353885,0.510677,-0.041857,0.284030,0.520994,-0.006513,0.306326,0.451920,-0.019892,0.314923,0.406796,-0.033359,0.320680,0.366533,-0.043123,0.251582,0.503058,-0.004988,0.270504,0.424204,-0.016372,0.279358,0.371763,-0.029388,0.285272,0.327286,-0.038922,0.218286,0.500461,-0.007740,0.234213,0.422884,-0.020372,0.244243,0.375511,-0.030040,0.253126,0.335351,-0.036332,0.182708,0.509493,-0.013342,0.193335,0.446740,-0.025973,0.201742,0.406864,-0.031536,0.210829,0.370576,-0.034395
93,0,0.061978,0.059909,0.072214,0.061166,0.050018,0.195691,0.699203,0.000000,0.254908,0.678649,-0.024992,0.306683,0.624024,-0.031610,0.336532,0.563288,-0.036347,0.353933,0.509090,-0.040203,0.284161,0.519776,-0.005567,0.306130,0.450385,-0.018260,0.315047,0.405396,-0.031341,0.321263,0.365151,-0.040855,0.251393,0.502068,-0.003987,0.269302,0.422667,-0.014654,0.278190,0.370110,-0.027428,0.284740,0.325561,-0.036846,0.217910,0.499445,-0.006704,0.233302,0.421899,-0.018768,0.243640,0.374749,-0.028330,0.253231,0.334676,-0.034640,0.182365,0.508398,-0.012304,0.193050,0.445621,-0.024494,0.201550,0.406124,-0.029903,0.210965,0.370262,-0.032703
124,0,0.028022,0.031379,0.096593,0.054798,0.042210,0.195630,0.698611,0.000000,0.254770,0.677618,-0.024785,0.306029,0.624554,-0.031768,0.336185,0.564400,-0.036928,0.353364,0.510067,-0.041168,0.283634,0.519870,-0.005846,0.306120,0.450717,-0.018867,0.314901,0.405944,-0.032152,0.320748,0.365895,-0.041743,0.251351,0.501813,-0.004391,0.270080,0.422853,-0.015145,0.278914,0.370570,-0.027759,0.284919,0.326308,-0.037024,0.218143,0.498883,-0.007179,0.233947,0.421411,-0.019040,0.244004,0.374485,-0.028123,0.253002,0.334906,-0.034108,0.182735,0.507277,-0.012843,0.193303,0.444835,-0.024651,0.201667,0.405634,-0.029543,0.210666,0.370175,-0.031960
156,0,0.050672,0.053472,0.062753,0.056674,0.056271,0.193946,0.697891,0.000000,0.253537,0.677913,-0.024527,0.305299,0.624866,-0.031291,0.335669,0.564912,-0.036235,0.352299,0.510720,-0.040355,0.283604,0.520791,-0.006414,0.305961,0.450788,-0.019373,0.314353,0.405607,-0.032422,0.319906,0.365279,-0.041926,0.250861,0.502655,-0.005140,0.268983,0.422258,-0.016134,0.277638,0.369768,-0.029030,0.283513,0.325577,-0.038535,0.217189,0.499631,-0.007991,0.232945,0.421526,-0.020197,0.243382,0.373800,-0.029893,0.252580,0.333583,-0.036312,0.181458,0.508337,-0.013605,0.192208,0.445360,-0.025849,0.200794,0.405444,-0.031272,0.210061,0.369554,-0.034108
209,0,0.045972,0.053557,0.060042,0.092443,0.036422,0.193730,0.698621,0.000000,0.253073,0.678154,-0.024861,0.304464,0.623959,-0.031532,0.334421,0.563758,-0.036324,0.350273,0.509323,-0.040215,0.282469,0.520060,-0.006795,0.305078,0.449485,-0.019743,0.313671,0.403978,-0.032816,0.319022,0.363183,-0.042247,0.249557,0.502035,-0.005334,0.267737,0.421919,-0.016245,0.276237,0.369152,-0.029059,0.281792,0.324552,-0.038452,0.216061,0.499352,-0.008032,0.231241,0.421350,-0.020108,0.241422,0.374041,-0.029692,0.250512,0.333983,-0.035998,0.180483,0.507707,-0.013542,0.191134,0.444555,-0.025570,0.199542,0.405018,-0.030842,0.208739,0.369500,-0.033564
246,0,0.034522,0.023605,0.088414,0.108693,0.041658,0.193345,0.698915,0.000000,0.251718,0.678315,-0.024352,0.302920,0.624177,-0.031189,0.333705,0.564119,-0.036240,0.348973,0.509439,-0.040407,0.282035,0.520021,-0.006962,0.304184,0.449733,-0.020050,0.312217,0.404597,-0.033167,0.317103,0.364431,-0.042558,0.249038,0.502021,-0.005795,0.267192,0.422306,-0.016584,0.275360,0.369864,-0.029115,0.280651,0.325559,-0.038333,0.215479,0.499188,-0.008719,0.230844,0.421377,-0.020377,0.240638,0.374248,-0.029461,0.249133,0.334354,-0.035510,0.180001,0.508013,-0.014452,0.190419,0.445048,-0.025984,0.198552,0.405495,-0.030766,0.207340,0.370055,-0.033186
274,0,0.044369,0.047390,0.057557,0.127300,0.051099,0.191543,0.698485,0.000000,0.251099,0.678068,-0.024704,0.302272,0.624593,-0.031441,0.333021,0.564356,-0.036355,0.347996,0.509560,-0.040386,0.281333,0.520378,-0.006186,0.303168,0.449968,-0.019051,0.311079,0.404630,-0.032171,0.315964,0.364322,-0.041653,0.248334,0.502448,-0.004727,0.266008,0.422718,-0.015471,0.274162,0.370135,-0.028274,0.279644,0.325923,-0.037757,0.214587,0.499925,-0.007462,0.229590,0.422162,-0.019339,0.239304,0.374675,-0.028850,0.247933,0.334616,-0.035223,0.179066,0.508600,-0.013024,0.189440,0.446013,-0.024877,0.197686,0.406372,-0.030136,0.206473,0.370340,-0.032919
300,0,0.030198,0.047283,0.065570,0.131757,0.063860,0.192360,0.700107,0.000000,0.251117,0.678179,-0.024792,0.301914,0.624682,-0.031727,0.331643,0.564896,-0.036881,0.347322,0.509873,-0.041077,0.281316,0.520629,-0.005724,0.302753,0.450529,-0.018680,0.310440,0.405198,-0.031996,0.315144,0.364627,-0.041614,0.248580,0.502961,-0.004325,0.265989,0.423727,-0.015030,0.273824,0.371183,-0.027800,0.279192,0.326569,-0.037245,0.215006,0.500663,-0.007209,0.229668,0.423152,-0.019111,0.239008,0.375787,-0.028547,0.247516,0.335716,-0.034831,0.179322,0.509555,-0.012961,0.189363,0.446837,-0.024792,0.197328,0.407272,-0.029927,0.205925,0.371375,-0.032590
332,0,0.040245,0.033114,0.077371,0.151755,0.067874,0.191240,0.701775,0.000000,0.249365,0.680501,-0.025136,0.300154,0.625982,-0.032019,0.330748,0.565796,-0.036985,0.346668,0.510854,-0.040954,0.279789,0.521480,-0.006121,0.301611,0.451162,-0.018991,0.309573,0.405977,-0.032230,0.314548,0.365656,-0.041759,0.247248,0.503489,-0.004503,0.265230,0.424178,-0.014945,0.273355,0.371622,-0.027609,0.278830,0.327305,-0.037004,0.214002,0.501097,-0.007175,0.229084,0.423623,-0.018751,0.238670,0.376469,-0.028203,0.247040,0.336230,-0.034569,0.178647,0.510070,-0.012760,0.188963,0.447682,-0.024407,0.196884,0.408089,-0.029584,0.205430,0.372238,-0.032326
366,0,0.054006,0.053018,0.060005,0.161161,0.043993,0.190422,0.701146,0.000000,0.249136,0.680089,-0.025038,0.300000,0.626160,-0.032010,0.329776,0.565688,-0.037133,0.345240,0.510930,-0.041332,0.279480,0.522054,-0.007006,0.301343,0.451909,-0.020223,0.308944,0.406601,-0.033551,0.313529,0.365824,-0.043181,0.246477,0.504147,-0.005581,0.264507,0.424829,-0.016573,0.272216,0.372712,-0.029391,0.277277,0.328438,-0.038905,0.212933,0.501450,-0.008359,0.227850,0.424239,-0.020339,0.237171,0.377080,-0.029795,0.245265,0.336951,-0.036151,0.177322,0.510545,-0.014021,0.187777,0.447951,-0.025943,0.195920,0.408111,-0.031182,0.204496,0.372276,-0.033955
398,0,0.048515,0.046361,0.076274,0.196438,0.067469,0.189779,0.702008,0.000000,0.248159,0.680812,-0.025322,0.298415,0.626307,-0.032152,0.328507,0.565989,-0.037044,0.343645,0.510961,-0.040976,0.278582,0.522051,-0.006628,0.300009,0.451660,-0.019481,0.307572,0.405982,-0.032708,0.311939,0.364976,-0.042319,0.245586,0.504196,-0.004978,0.262940,0.424689,-0.015568,0.270667,0.372077,-0.028296,0.275777,0.327594,-0.037773,0.211819,0.501735,-0.007611,0.226341,0.424281,-0.019328,0.235897,0.377172,-0.028948,0.244354,0.337042,-0.035432,0.175944,0.510648,-0.013160,0.186223,0.447856,-0.024958,0.194207,0.408448,-0.030329,0.203273,0.372580,-0.033245
427,0,0.055888,0.046585,0.063401,0.229952,0.091062,0.189163,0.702537,0.000000,0.246704,0.680954,-0.024964,0.296919,0.626142,-0.031959,0.326691,0.565474,-0.037071,0.342097,0.510826,-0.041279,0.277105,0.522115,-0.007423,0.298447,0.451356,-0.020793,0.305941,0.405930,-0.034207,0.310383,0.365181,-0.043854,0.244167,0.504272,-0.006058,0.261593,0.424670,-0.016988,0.269329,0.372432,-0.029729,0.274299,0.328003,-0.039184,0.210494,0.501855,-0.008878,0.225000,0.424627,-0.020640,0.234390,0.377183,-0.030018,0.242652,0.336889,-0.036340,0.174604,0.511300,-0.014596,0.184867,0.448412,-0.026270,0.192975,0.408654,-0.031363,0.201676,0.372797,-0.034053
462,0,0.050217,0.046826,0.081443,0.250822,0.080327,0.187130,0.702360,0.000000,0.245572,0.681164,-0.025135,0.295451,0.625521,-0.032020,0.325496,0.564669,-0.037001,0.340643,0.510022,-0.041039,0.276863,0.521704,-0.006616,0.297796,0.451199,-0.019808,0.304970,0.405706,-0.033270,0.309066,0.365068,-0.043001,0.243569,0.503611,-0.004971,0.260734,0.424555,-0.015779,0.268122,0.372243,-0.028597,0.272922,0.327707,-0.038097,0.209603,0.500960,-0.007587,0.224173,0.424110,-0.019308,0.233358,0.377082,-0.028693,0.241437,0.336775,-0.035020,0.173742,0.510157,-0.013125,0.184154,0.448053,-0.024808,0.192045,0.408880,-0.029943,0.200653,0.373222,-0.032655
503,0,0.034677,0.057429,0.054575,0.262555,0.121088,0.187908,0.702900,0.000000,0.245622,0.680044,-0.024903,0.294840,0.623946,-0.031933,0.324288,0.564040,-0.037152,0.339416,0.509815,-0.041408,0.276687,0.520763,-0.006784,0.297492,0.450080,-0.020069,0.304392,0.404223,-0.033647,0.308114,0.363428,-0.043450,0.243301,0.503273,-0.005393,0.260108,0.424022,-0.016188,0.267173,0.371647,-0.028928,0.271421,0.327202,-0.038365,0.209425,0.501206,-0.008234,0.223780,0.424042,-0.019780,0.232521,0.376842,-0.028967,0.240208,0.336496,-0.035149,0.173626,0.510831,-0.014011,0.184003,0.448357,-0.025558,0.191606,0.408760,-0.030546,0.200044,0.372675,-0.033165
548,0,0.053090,0.052628,0.069399,0.303397,0.118835,0.186506,0.702337,0.000000,0.244313,0.679300,-0.024223,0.293974,0.622985,-0.031243,0.323775,0.563208,-0.036508,0.338764,0.509185,-0.040886,0.275492,0.521214,-0.008023,0.296246,0.450038,-0.021658,0.302877,0.404130,-0.035139,0.306332,0.363397,-0.044781,0.242326,0.503688,-0.006981,0.259375,0.424147,-0.018090,0.266437,0.372036,-0.030606,0.270491,0.327780,-0.039844,0.208682,0.501397,-0.009971,0.223245,0.424125,-0.021581,0.231942,0.376967,-0.030452,0.239254,0.336588,-0.036469,0.173136,0.510988,-0.015805,0.183682,0.448405,-0.027270,0.191376,0.409009,-0.031995,0.199377,0.373195,-0.034425
588,0,0.041317,0.049964,0.094604,0.307783,0.142350,0.187097,0.702426,0.000000,0.245398,0.678933,-0.024713,0.294285,0.621454,-0.031628,0.323445,0.560986,-0.036752,0.337606,0.505912,-0.040990,0.275115,0.520064,-0.007257,0.295445,0.448952,-0.020861,0.302188,0.403213,-0.034518,0.305924,0.362455,-0.044303,0.241868,0.502992,-0.005918,0.258090,0.423635,-0.017191,0.265235,0.371415,-0.030145,0.269909,0.326912,-0.039719,0.208213,0.501191,-0.008774,0.222405,0.424320,-0.020765,0.231118,0.376768,-0.030184,0.238996,0.335828,-0.036521,0.172982,0.510903,-0.014514,0.183853,0.448880,-0.026505,0.191720,0.408901,-0.031898,0.199926,0.372350,-0.034787
621,0,0.055996,0.054636,0.090780,0.325581,0.153591,0.187051,0.701843,0.000000,0.245112,0.678462,-0.023903,0.293401,0.620433,-0.030177,0.321273,0.559270,-0.034776,0.336240,0.505716,-0.038529,0.274733,0.519322,-0.006332,0.294214,0.448207,-0.019390,0.300630,0.402673,-0.032659,0.304005,0.362375,-0.042263,0.241694,0.502557,-0.005119,0.257961,0.423185,-0.015849,0.265059,0.370979,-0.028406,0.269383,0.326816,-0.037644,0.208535,0.500804,-0.008021,0.222903,0.423994,-0.019563,0.231760,0.376780,-0.028695,0.239251,0.336337,-0.034815,0.173663,0.510819,-0.013732,0.184609,0.448607,-0.025308,0.192693,0.409335,-0.030408,0.201178,0.373329,-0.033102
652,0,0.075168,0.068728,0.080677,0.344798,0.169167,0.186361,0.702340,0.000000,0.244673,0.678400,-0.023505,0.291919,0.620239,-0.029987,0.318988,0.559067,-0.034930,0.334169,0.505653,-0.039143,0.274171,0.521050,-0.007208,0.293040,0.450201,-0.021004,0.299288,0.404787,-0.034642,0.302467,0.364242,-0.044432,0.241580,0.504167,-0.006434,0.257566,0.424355,-0.018052,0.264443,0.371985,-0.030891,0.268359,0.327865,-0.040201,0.208986,0.502345,-0.009670,0.223233,0.424997,-0.021928,0.231818,0.377328,-0.031180,0.238606,0.336562,-0.037219,0.174610,0.512074,-0.015647,0.186217,0.449354,-0.027660,0.194578,0.409543,-0.032872,0.202771,0.373152,-0.035565
682,0,0.066893,0.060893,0.089809,0.380569,0.190152,0.186452,0.702877,0.000000,0.243751,0.677852,-0.024498,0.290461,0.619799,-0.031410,0.317031,0.557708,-0.036709,0.331002,0.502045,-0.041202,0.273743,0.521835,-0.006936,0.291864,0.451099,-0.020985,0.297993,0.405928,-0.034924,0.301695,0.365139,-0.044965,0.241382,0.505319,-0.005822,0.256373,0.426170,-0.017625,0.262913,0.374463,-0.030853,0.267376,0.330072,-0.040549,0.208998,0.503683,-0.008918,0.222458,0.427615,-0.021427,0.230721,0.380019,-0.030815,0.237796,0.338918,-0.036978,0.175134,0.513738,-0.014899,0.186460,0.451658,-0.027129,0.194740,0.411867,-0.032447,0.202882,0.375334,-0.035269
712,0,0.088751,0.088788,0.103217,0.417826,0.232364,0.186756,0.703169,0.000000,0.243435,0.677760,-0.025971,0.289540,0.619173,-0.033184,0.315429,0.555451,-0.038565,0.326472,0.497131,-0.043011,0.273825,0.522134,-0.006774,0.291524,0.450457,-0.020742,0.297304,0.404716,-0.034806,0.300388,0.363885,-0.044843,0.241565,0.506058,-0.004663,0.255816,0.428118,-0.015934,0.261536,0.376603,-0.029100,0.264933,0.332360,-0.038851,0.209449,0.504675,-0.006984,0.222523,0.429971,-0.018796,0.230213,0.383018,-0.027917,0.236521,0.342330,-0.033985,0.175770,0.514342,-0.012413,0.187175,0.452897,-0.024120,0.195267,0.413282,-0.029329,0.203338,0.376965,-0.032077
736,0,0.138352,0.146903,0.192953,0.532718,0.337789,0.185181,0.702168,0.000000,0.241256,0.676829,-0.025531,0.286920,0.618230,-0.032222,0.312650,0.552178,-0.037264,0.319302,0.491207,-0.041472,0.273007,0.524588,-0.005819,0.291438,0.452263,-0.019618,0.296727,0.406167,-0.033682,0.299137,0.365191,-0.043632,0.241420,0.508840,-0.003547,0.255060,0.432371,-0.014111,0.259314,0.381690,-0.026953,0.261049,0.337607,-0.036600,0.210118,0.506722,-0.005667,0.222244,0.434678,-0.016395,0.229115,0.388947,-0.024242,0.234242,0.348908,-0.029606,0.176764,0.515502,-0.010993,0.187731,0.455322,-0.021684,0.195802,0.416335,-0.025797,0.203043,0.380733,-0.027768
764,0,0.273988,0.265294,0.325248,0.800945,0.575315,0.183211,0.701951,0.000000,0.239509,0.674817,-0.023533,0.286495,0.616766,-0.028997,0.310803,0.549498,-0.033529,0.307746,0.491421,-0.037258,0.271219,0.526751,0.000449,0.290308,0.455878,-0.010825,0.295798,0.410091,-0.023664,0.298468,0.369490,-0.033081,0.240457,0.511906,0.002320,0.252959,0.439442,-0.005925,0.255848,0.390744,-0.018042,0.256491,0.347022,-0.027394,0.210109,0.509084,-0.000253,0.220742,0.441625,-0.009021,0.226930,0.399114,-0.015879,0.231094,0.361697,-0.020736,0.177151,0.515497,-0.006088,0.187524,0.457140,-0.014965,0.195212,0.419955,-0.017948,0.202204,0.386851,-0.019282
799,0,0.270316,0.281504,0.383406,1.059782,0.831179,0.181565,0.700510,0.000000,0.237919,0.673804,-0.022207,0.285380,0.616257,-0.026667,0.307187,0.548463,-0.030555,0.299045,0.493566,-0.033817,0.271398,0.529294,0.004370,0.289933,0.458868,-0.005073,0.295223,0.414605,-0.017738,0.298535,0.375127,-0.027846,0.240576,0.514702,0.006266,0.250037,0.449353,-0.001584,0.250740,0.406752,-0.015056,0.250011,0.369233,-0.025800,0.210695,0.512005,0.003849,0.219412,0.450328,-0.004451,0.224472,0.411802,-0.012357,0.228016,0.377801,-0.018613,0.178353,0.518161,-0.001699,0.186149,0.464477,-0.010385,0.192713,0.431018,-0.014163,0.198950,0.401118,-0.016586
828,0,0.341509,0.348882,0.379203,1.398847,1.161345,0.181727,0.700060,0.000000,0.237536,0.670786,-0.021576,0.283520,0.610568,-0.024551,0.303089,0.543108,-0.027198,0.295477,0.488837,-0.029096,0.271051,0.532797,0.010843,0.289034,0.461200,0.004461,0.293266,0.416721,-0.007388,0.296201,0.376246,-0.017633,0.240216,0.519955,0.013170,0.249119,0.461453,0.005225,0.249621,0.425345,-0.010113,0.248886,0.396585,-0.021886,0.209664,0.517626,0.011080,0.219313,0.461929,0.003443,0.224773,0.427405,-0.005631,0.228325,0.399163,-0.012860,0.177164,0.522489,0.005846,0.184791,0.472245,-0.001735,0.190855,0.442142,-0.005718,0.197155,0.416416,-0.008671
860,0,0.601294,0.669808,6.413677,1.428576,1.266728,0.184796,0.695595,0.000000,0.236777,0.670509,-0.025274,0.279000,0.606857,-0.029808,0.297306,0.537597,-0.034234,0.291213,0.483328,-0.038154,0.269778,0.533743,0.005745,0.287825,0.460289,-0.003602,0.290761,0.410812,-0.017533,0.291422,0.374738,-0.029284,0.239968,0.519962,0.008658,0.250057,0.446892,-0.013368,0.248406,0.440029,-0.039202,0.243306,0.463142,-0.054377,0.209951,0.515996,0.007971,0.217394,0.449796,-0.010406,0.220539,0.436819,-0.032572,0.218339,0.459949,-0.045489,0.178059,0.521541,0.004643,0.182722,0.468361,-0.010460,0.188122,0.447783,-0.026267,0.190734,0.454030,-0.036980
894,0,0.500006,0.544409,8.782304,1.674609,1.611648,0.187518,0.690385,0.000000,0.236157,0.666133,-0.022394,0.277677,0.601316,-0.026883,0.293468,0.529313,-0.031072,0.282882,0.475318,-0.034695,0.272483,0.530383,0.000625,0.288141,0.458797,-0.008082,0.290307,0.410296,-0.016844,0.290840,0.370785,-0.024497,0.241509,0.517281,0.002541,0.248269,0.445083,-0.018541,0.244625,0.471202,-0.031266,0.239273,0.508478,-0.034695,0.209926,0.514974,0.001609,0.215694,0.444345,-0.018823,0.218645,0.470592,-0.022075,0.215451,0.509581,-0.018947,0.176606,0.518894,-0.001746,0.182654,0.458582,-0.017984,0.188809,0.472060,-0.019283,0.188327,0.502917,-0.016464
941,0,0.555239,0.565608,1.756416,2.133590,2.086262,0.186212,0.686243,-0.000000,0.235013,0.659634,-0.019742,0.274284,0.594874,-0.025506,0.286335,0.522381,-0.032347,0.276565,0.463999,-0.038580,0.272126,0.529191,0.001236,0.288220,0.456879,-0.012605,0.290975,0.409230,-0.019012,0.290743,0.370273,-0.023180,0.239630,0.516405,0.000633,0.246412,0.462497,-0.026166,0.233765,0.519703,-0.030229,0.228677,0.552216,-0.024204,0.207925,0.513710,-0.003462,0.210438,0.461102,-0.033042,0.204323,0.520530,-0.022763,0.200907,0.554624,-0.006463,0.174117,0.516908,-0.009524,0.180462,0.469345,-0.029743,0.180532,0.509578,-0.020610,0.178361,0.538585,-0.007644
976,0,0.640361,0.649915,2.143696,2.497109,2.460468,0.186716,0.686017,-0.000000,0.233999,0.661618,-0.025171,0.274487,0.590837,-0.031187,0.275224,0.515698,-0.036027,0.258195,0.459956,-0.040280,0.271242,0.531878,-0.009162,0.287974,0.456386,-0.026381,0.290877,0.410155,-0.033763,0.294482,0.368493,-0.038067,0.238229,0.524140,-0.006491,0.241318,0.482586,-0.040902,0.226944,0.546588,-0.046746,0.223202,0.589053,-0.040418,0.206107,0.524129,-0.007438,0.208231,0.491971,-0.047887,0.198425,0.562746,-0.040730,0.196688,0.605712,-0.023165,0.172159,0.527569,-0.009776,0.180787,0.491256,-0.037791,0.175788,0.542150,-0.030616,0.173101,0.577195,-0.017175
1005,0,0.604650,0.632534,2.136769,2.988292,2.984280,0.187875,0.685206,-0.000000,0.233307,0.662819,-0.022471,0.272508,0.589301,-0.028504,0.270603,0.513993,-0.033689,0.246383,0.466332,-0.038996,0.268183,0.536375,-0.016672,0.284908,0.456358,-0.034415,0.288309,0.408598,-0.042487,0.291733,0.366352,-0.047984,0.233994,0.532940,-0.015298,0.234011,0.506444,-0.054241,0.222325,0.569761,-0.061743,0.218149,0.616193,-0.056385,0.201856,0.536948,-0.016352,0.200128,0.519569,-0.057941,0.196045,0.588062,-0.052893,0.196403,0.633887,-0.037302,0.168780,0.545718,-0.018599,0.174563,0.527839,-0.049609,0.176131,0.578859,-0.046186,0.178249,0.614774,-0.035262
1037,0,0.138955,0.108103,0.792277,3.084098,3.047645,0.188050,0.688264,-0.000000,0.231881,0.663897,-0.020782,0.268757,0.592214,-0.027300,0.265419,0.518373,-0.033255,0.238957,0.473381,-0.039619,0.266733,0.540052,-0.017864,0.284007,0.458036,-0.035524,0.287498,0.408284,-0.043987,0.290719,0.365118,-0.049754,0.232442,0.535173,-0.017097,0.233111,0.513958,-0.056204,0.221360,0.573967,-0.064326,0.215259,0.620705,-0.059514,0.200460,0.537712,-0.018274,0.198477,0.525433,-0.058217,0.195540,0.590930,-0.053679,0.195420,0.637814,-0.038868,0.168365,0.546332,-0.020697,0.174370,0.534203,-0.050539,0.177010,0.583238,-0.047707,0.179354,0.619506,-0.037196
1090,0,0.113332,0.105791,0.421899,3.163247,3.111306,0.187916,0.688946,-0.000000,0.231705,0.665059,-0.020632,0.268323,0.594109,-0.027840,0.263730,0.520973,-0.034501,0.235394,0.476676,-0.041674,0.265804,0.540099,-0.019829,0.282542,0.456917,-0.037917,0.286039,0.406400,-0.046764,0.288882,0.362829,-0.052776,0.230919,0.534829,-0.019283,0.230775,0.515938,-0.058788,0.220179,0.578067,-0.066576,0.215196,0.626857,-0.061589,0.198549,0.537315,-0.020564,0.196986,0.528336,-0.060359,0.194802,0.593814,-0.055235,0.195033,0.641284,-0.040308,0.166052,0.546162,-0.023109,0.172607,0.536771,-0.052742,0.175359,0.586044,-0.049565,0.177411,0.622248,-0.038907
1119,0,0.111771,0.069448,0.673914,3.234883,3.108266,0.185785,0.691113,-0.000000,0.230019,0.666115,-0.021776,0.266520,0.595262,-0.029360,0.261533,0.522654,-0.036088,0.232976,0.479478,-0.043278,0.263818,0.540867,-0.021194,0.281074,0.456137,-0.039991,0.285165,0.405048,-0.049133,0.288373,0.361132,-0.055090,0.228749,0.534721,-0.019841,0.226985,0.517556,-0.060397,0.216067,0.580180,-0.068204,0.211602,0.628889,-0.062725,0.196476,0.536413,-0.020423,0.192873,0.530979,-0.060431,0.191139,0.595938,-0.055501,0.192327,0.642524,-0.040367,0.164647,0.544742,-0.022443,0.168604,0.540348,-0.051872,0.171653,0.589446,-0.049064,0.175049,0.624646,-0.038416
1169,0,0.051366,0.042364,0.116794,3.263060,3.085962,0.184219,0.692662,-0.000000,0.228881,0.666176,-0.021290,0.264850,0.595069,-0.028733,0.259238,0.522794,-0.035588,0.229822,0.480699,-0.042962,0.262392,0.540953,-0.020044,0.279591,0.455834,-0.038773,0.283702,0.404862,-0.048016,0.286975,0.361045,-0.054039,0.227456,0.535548,-0.018936,0.225715,0.518256,-0.059751,0.214652,0.580414,-0.068060,0.209688,0.629379,-0.062798,0.195221,0.537340,-0.019767,0.191261,0.531246,-0.060063,0.189764,0.596002,-0.055563,0.190740,0.643217,-0.040573,0.163081,0.545495,-0.022017,0.167405,0.540250,-0.051720,0.170920,0.589372,-0.049158,0.174400,0.625217,-0.038600
1213,0,0.055716,0.042547,0.106784,3.291364,3.096072,0.183511,0.692751,-0.000000,0.227978,0.664886,-0.020997,0.263443,0.593405,-0.028769,0.257062,0.521549,-0.036070,0.227187,0.479677,-0.043772,0.260929,0.539066,-0.019673,0.278216,0.454317,-0.038405,0.282413,0.404065,-0.047745,0.285625,0.360668,-0.053879,0.225707,0.534234,-0.018959,0.224411,0.516897,-0.059943,0.213652,0.579820,-0.068481,0.208367,0.629286,-0.063288,0.193346,0.536561,-0.020161,0.190065,0.530462,-0.060535,0.188623,0.595843,-0.056004,0.189475,0.642991,-0.040949,0.161291,0.545397,-0.022722,0.166089,0.539387,-0.052275,0.169602,0.588507,-0.049418,0.172845,0.623826,-0.038649
1247,0,0.069719,0.046589,0.316857,3.342390,3.120660,0.182484,0.693331,-0.000000,0.227602,0.665118,-0.022355,0.263260,0.594034,-0.030518,0.255835,0.521986,-0.037999,0.225980,0.479668,-0.045829,0.260098,0.541210,-0.020188,0.276847,0.455682,-0.039397,0.281396,0.404706,-0.049045,0.284849,0.360777,-0.055442,0.224721,0.537327,-0.018912,0.221854,0.517355,-0.060476,0.211674,0.580198,-0.069250,0.207308,0.629200,-0.064217,0.192320,0.539975,-0.019751,0.187550,0.531301,-0.060651,0.186666,0.596289,-0.056141,0.188046,0.643006,-0.041075,0.160429,0.548586,-0.022093,0.163475,0.541812,-0.051982,0.167147,0.590598,-0.049255,0.170650,0.625647,-0.038593
1299,0,0.038119,0.039969,0.229157,3.339354,3.141761,0.183416,0.692650,-0.000000,0.228162,0.664020,-0.021843,0.262171,0.592310,-0.030019,0.255073,0.521199,-0.037620,0.225066,0.479370,-0.045639,0.260132,0.538936,-0.019908,0.277028,0.454312,-0.039294,0.281467,0.403748,-0.049161,0.284764,0.360275,-0.055646,0.224550,0.534653,-0.018932,0.222022,0.515947,-0.060632,0.211838,0.579456,-0.069453,0.207392,0.629620,-0.064397,0.192172,0.537668,-0.020065,0.188251,0.530808,-0.061085,0.187303,0.596192,-0.056622,0.188543,0.643458,-0.041525,0.160307,0.546967,-0.022645,0.163752,0.540580,-0.052787,0.167517,0.589889,-0.050137,0.171054,0.625915,-0.039468
1343,0,0.046588,0.035317,0.140733,3.360664,3.144146,0.182744,0.693403,-0.000000,0.227951,0.664443,-0.022078,0.262254,0.593162,-0.030093,0.254877,0.520938,-0.037534,0.224279,0.479166,-0.045445,0.260229,0.540708,-0.019569,0.276167,0.455765,-0.038684,0.280608,0.404818,-0.048512,0.283980,0.360941,-0.055133,0.224628,0.536980,-0.018384,0.220446,0.516821,-0.060222,0.211122,0.579336,-0.069561,0.207642,0.629794,-0.064787,0.192196,0.539977,-0.019272,0.186717,0.532150,-0.060187,0.186567,0.596674,-0.056249,0.188534,0.644047,-0.041472,0.160360,0.549576,-0.021660,0.162577,0.543527,-0.051788,0.166359,0.592082,-0.049697,0.170390,0.627805,-0.039416
1375,0,0.034554,0.031566,0.074375,3.365783,3.155455,0.182874,0.692961,-0.000000,0.227461,0.664206,-0.022094,0.261651,0.592710,-0.030288,0.254272,0.521395,-0.037855,0.224202,0.479446,-0.045823,0.259779,0.539279,-0.020059,0.276406,0.454901,-0.039526,0.280719,0.404424,-0.049511,0.283900,0.360628,-0.056157,0.224432,0.535393,-0.019032,0.220728,0.515704,-0.061063,0.211338,0.579430,-0.070144,0.207358,0.629992,-0.065168,0.191986,0.538624,-0.020145,0.186907,0.531231,-0.061411,0.186844,0.596841,-0.057096,0.188713,0.644260,-0.042031,0.160131,0.548313,-0.022720,0.162773,0.542175,-0.053199,0.166881,0.591798,-0.050799,0.170752,0.627229,-0.040256
1421,0,0.053190,0.048485,0.081525,3.359405,3.136731,0.182585,0.693580,-0.000000,0.227809,0.664515,-0.021646,0.261718,0.592854,-0.029308,0.253855,0.520949,-0.036430,0.223832,0.479598,-0.043988,0.259258,0.540781,-0.019208,0.275727,0.455648,-0.038102,0.280105,0.404583,-0.047714,0.283472,0.360735,-0.054088,0.223899,0.536995,-0.018093,0.220639,0.517564,-0.059521,0.210381,0.580252,-0.068437,0.206326,0.630129,-0.063422,0.191481,0.539842,-0.019068,0.186663,0.531828,-0.059799,0.185739,0.596807,-0.055550,0.187374,0.644057,-0.040609,0.159508,0.548909,-0.021471,0.162490,0.542289,-0.051406,0.166355,0.590931,-0.048968,0.170396,0.626699,-0.038450
1455,0,0.050085,0.035888,0.127722,3.392753,3.155500,0.181869,0.693361,-0.000000,0.226274,0.665851,-0.021969,0.260657,0.593255,-0.029814,0.253240,0.520694,-0.036946,0.222794,0.479326,-0.044495,0.258637,0.540504,-0.020578,0.275067,0.454667,-0.039659,0.279364,0.403938,-0.049192,0.282538,0.360403,-0.055523,0.223070,0.536760,-0.019430,0.220003,0.516654,-0.061124,0.210100,0.579752,-0.069856,0.206078,0.629903,-0.064638,0.190584,0.539554,-0.020265,0.185847,0.531270,-0.061333,0.185124,0.596746,-0.056950,0.186938,0.643715,-0.041921,0.158751,0.548662,-0.022543,0.161843,0.541630,-0.052949,0.165401,0.591334,-0.050409,0.169152,0.627240,-0.039799
1501,0,0.044673,0.026330,0.344294,3.421822,3.163151,0.181213,0.694121,-0.000000,0.225618,0.666447,-0.021784,0.259658,0.594222,-0.029773,0.252452,0.522234,-0.037081,0.222370,0.480374,-0.044755,0.257719,0.540910,-0.020598,0.273940,0.454726,-0.039871,0.278080,0.403946,-0.049499,0.281173,0.360099,-0.055848,0.222273,0.536819,-0.019447,0.218847,0.517921,-0.061045,0.208948,0.581199,-0.069522,0.205303,0.631030,-0.064219,0.189776,0.539370,-0.020319,0.184883,0.532899,-0.061150,0.184410,0.598184,-0.056510,0.186539,0.645098,-0.041371,0.157757,0.548480,-0.022639,0.160726,0.544530,-0.052743,0.164567,0.594326,-0.050266,0.168754,0.629256,-0.039767
1554,0,0.048026,0.030771,0.163700,3.442442,3.154439,0.180403,0.695760,-0.000000,0.225111,0.666767,-0.021743,0.258937,0.594746,-0.029602,0.251470,0.522639,-0.036920,0.220797,0.481243,-0.044709,0.256548,0.542634,-0.019857,0.272788,0.456518,-0.039050,0.276963,0.405166,-0.048831,0.280065,0.360900,-0.055362,0.221438,0.538535,-0.018792,0.217488,0.518762,-0.060427,0.207931,0.581317,-0.069299,0.204562,0.630996,-0.064269,0.188903,0.541207,-0.019787,0.183547,0.533742,-0.060462,0.183500,0.598462,-0.056096,0.185832,0.645481,-0.041181,0.156966,0.550495,-0.022285,0.159345,0.545615,-0.052114,0.163593,0.594341,-0.049774,0.167992,0.629683,-0.039435
1583,0,0.054807,0.050095,0.121417,3.483985,3.192589,0.180165,0.695773,-0.000000,0.225346,0.666084,-0.022467,0.258313,0.594379,-0.030770,0.250631,0.523067,-0.038515,0.220259,0.481569,-0.046644,0.255938,0.542193,-0.020304,0.271890,0.457007,-0.040050,0.276187,0.406023,-0.050202,0.279092,0.362003,-0.056935,0.220643,0.538972,-0.019031,0.215877,0.519156,-0.061715,0.207062,0.582134,-0.071169,0.203842,0.633078,-0.066215,0.188247,0.542190,-0.019903,0.182360,0.534959,-0.061436,0.183014,0.599762,-0.057458,0.185427,0.647383,-0.042457,0.156556,0.552066,-0.022345,0.158659,0.546429,-0.052923,0.163099,0.595332,-0.050969,0.167721,0.630728,-0.040713
1629,0,0.035162,0.024205,0.206257,3.507971,3.205290,0.179817,0.696364,-0.000000,0.224041,0.667185,-0.022483,0.258153,0.595614,-0.030864,0.250457,0.523670,-0.038532,0.219535,0.481846,-0.046669,0.255437,0.542705,-0.021039,0.271571,0.457927,-0.040723,0.275483,0.406730,-0.050808,0.278271,0.362439,-0.057589,0.219970,0.539344,-0.019840,0.215676,0.519059,-0.062214,0.206841,0.582571,-0.071360,0.204133,0.633234,-0.066422,0.187258,0.542949,-0.020726,0.181634,0.534786,-0.062144,0.182384,0.599989,-0.057797,0.185104,0.647548,-0.042705,0.155331,0.553379,-0.023126,0.157496,0.547003,-0.053798,0.162060,0.596062,-0.051573,0.166776,0.631657,-0.041175
1663,0,0.019658,0.025109,0.179725,3.499099,3.207169,0.179949,0.695610,-0.000000,0.224031,0.667239,-0.022518,0.257935,0.595644,-0.031077,0.249673,0.523643,-0.038925,0.218638,0.481814,-0.047224,0.255673,0.542463,-0.020782,0.271460,0.457373,-0.040383,0.275619,0.406644,-0.050453,0.278413,0.362892,-0.057224,0.220179,0.539525,-0.019636,0.215779,0.519099,-0.061842,0.207196,0.583066,-0.070974,0.204467,0.633285,-0.066148,0.187524,0.543252,-0.020608,0.182285,0.534522,-0.062224,0.182784,0.600224,-0.057745,0.185363,0.647274,-0.042640,0.155637,0.553462,-0.023056,0.158085,0.545500,-0.053890,0.162639,0.594887,-0.051390,0.166933,0.630492,-0.040800
1709,0,0.049336,0.037159,0.285699,3.535399,3.224451,0.179795,0.697233,-0.000000,0.223416,0.668176,-0.022223,0.257044,0.596413,-0.030880,0.249798,0.524696,-0.038825,0.218656,0.482698,-0.047221,0.255081,0.544301,-0.021754,0.270915,0.458812,-0.041635,0.275030,0.407759,-0.051732,0.278070,0.363422,-0.058463,0.219700,0.540500,-0.020748,0.215341,0.520075,-0.063078,0.206511,0.583586,-0.071890,0.204213,0.634004,-0.066790,0.186898,0.543410,-0.021789,0.181869,0.536172,-0.063078,0.182251,0.601356,-0.058463,0.185159,0.648575,-0.043335,0.155023,0.553038,-0.024322,0.157692,0.547858,-0.054716,0.162194,0.596613,-0.052356,0.166880,0.631795,-0.041948
1761,0,0.051819,0.038576,0.197148,3.510570,3.231692,0.180933,0.696321,-0.000000,0.224508,0.666752,-0.023060,0.257531,0.595300,-0.032075,0.249707,0.523660,-0.040294,0.218836,0.481731,-0.048928,0.256039,0.542586,-0.021846,0.271654,0.457713,-0.042201,0.275953,0.406673,-0.052846,0.278922,0.362967,-0.059886,0.220809,0.538899,-0.020442,0.215115,0.519329,-0.063007,0.206535,0.582246,-0.072126,0.204254,0.633206,-0.067306,0.188313,0.542280,-0.021274,0.181965,0.535098,-0.062590,0.182461,0.599258,-0.058117,0.185236,0.646614,-0.043137,0.156587,0.552601,-0.023701,0.157603,0.546022,-0.054199,0.162159,0.594206,-0.051910,0.166882,0.629620,-0.041542
1790,0,0.026311,0.027175,0.105623,3.499038,3.212814,0.180724,0.696662,-0.000000,0.224696,0.666292,-0.022952,0.258492,0.595190,-0.031759,0.250363,0.523615,-0.039837,0.219284,0.481969,-0.048366,0.256109,0.543033,-0.021305,0.272105,0.458204,-0.041570,0.276607,0.407123,-0.052318,0.279793,0.363341,-0.059426,0.220917,0.539259,-0.019866,0.215030,0.519932,-0.062408,0.206468,0.582992,-0.071630,0.204554,0.633158,-0.066915,0.188392,0.542829,-0.020647,0.181943,0.534673,-0.061853,0.182598,0.598871,-0.057484,0.185768,0.645754,-0.042541,0.156680,0.553195,-0.023056,0.157339,0.546610,-0.053463,0.162077,0.594689,-0.051313,0.167216,0.629956,-0.041016
1838,0,0.052942,0.043406,0.194453,3.451267,3.203249,0.182903,0.697491,-0.000000,0.226100,0.666519,-0.022817,0.259712,0.594989,-0.031648,0.253176,0.524009,-0.039699,0.222393,0.482181,-0.048166,0.257313,0.543197,-0.021272,0.273864,0.458680,-0.041642,0.278993,0.407345,-0.052400,0.282643,0.363436,-0.059514,0.222202,0.539353,-0.019971,0.217236,0.518836,-0.061978,0.208660,0.581505,-0.070757,0.206326,0.632499,-0.065830,0.189432,0.542720,-0.020943,0.183658,0.534690,-0.061457,0.183953,0.598521,-0.056495,0.186934,0.645407,-0.041434,0.157531,0.553082,-0.023580,0.158695,0.546409,-0.053164,0.163243,0.594498,-0.050422,0.168290,0.629486,-0.039977
1871,0,0.096614,0.053161,0.169365,3.392390,3.195607,0.185166,0.697080,-0.000000,0.228611,0.666460,-0.023425,0.263011,0.595948,-0.032390,0.257442,0.524968,-0.040504,0.227280,0.482844,-0.049035,0.260194,0.544502,-0.022159,0.277291,0.459110,-0.043313,0.282794,0.407218,-0.054584,0.286726,0.362857,-0.061866,0.225227,0.540052,-0.020599,0.219750,0.517876,-0.063149,0.210337,0.580497,-0.071923,0.208035,0.630872,-0.066895,0.192649,0.542780,-0.021431,0.186197,0.534071,-0.062213,0.186081,0.597471,-0.056976,0.188992,0.643490,-0.041649,0.160988,0.552020,-0.023997,0.160705,0.544859,-0.053335,0.164942,0.592572,-0.050214,0.170011,0.627379,-0.039499
1918,0,0.103291,0.049618,0.301590,3.318154,3.190451,0.187798,0.695923,-0.000000,0.231599,0.666477,-0.023669,0.266883,0.596389,-0.032773,0.261645,0.524831,-0.040888,0.231707,0.482052,-0.049454,0.263897,0.544060,-0.023375,0.281366,0.459409,-0.044599,0.287266,0.408161,-0.055870,0.291946,0.364260,-0.063188,0.228683,0.538478,-0.021589,0.223074,0.518156,-0.063743,0.213737,0.580733,-0.072135,0.211521,0.630483,-0.067037,0.195846,0.540429,-0.022143,0.189149,0.533236,-0.062356,0.189003,0.596175,-0.056980,0.192169,0.641534,-0.041894,0.164128,0.549327,-0.024502,0.163617,0.544544,-0.053512,0.167601,0.592165,-0.050599,0.172574,0.626141,-0.040160
1969,0,0.148922,0.066583,0.421429,3.181293,3.150844,0.191368,0.693979,-0.000000,0.235131,0.665196,-0.022810,0.271303,0.595668,-0.031549,0.266398,0.525007,-0.039458,0.236766,0.482278,-0.047869,0.268249,0.541871,-0.022360,0.286480,0.458510,-0.043023,0.292889,0.408023,-0.054030,0.297737,0.364711,-0.061091,0.233038,0.535055,-0.020715,0.227477,0.517999,-0.062060,0.217620,0.580095,-0.070436,0.214991,0.629631,-0.065487,0.200087,0.536519,-0.021321,0.192974,0.531893,-0.060572,0.192706,0.594617,-0.055345,0.195780,0.639960,-0.040600,0.168111,0.545342,-0.023658,0.167065,0.542652,-0.051849,0.170916,0.589930,-0.048942,0.176093,0.623418,-0.038662
1998,0,0.126870,0.060250,0.243521,3.083548,3.146019,0.194947,0.692368,-0.000000,0.239103,0.665522,-0.023642,0.276588,0.597065,-0.032757,0.272151,0.525318,-0.040816,0.241975,0.482335,-0.049429,0.272161,0.541004,-0.023417,0.291273,0.457794,-0.044206,0.298383,0.407804,-0.055240,0.303982,0.364736,-0.062331,0.236922,0.533858,-0.021342,0.231858,0.516850,-0.062746,0.222034,0.579104,-0.071048,0.219300,0.628131,-0.066102,0.204271,0.535006,-0.021532,0.197366,0.531387,-0.060948,0.197124,0.594308,-0.055759,0.200299,0.639734,-0.041093,0.172475,0.543464,-0.023539,0.171583,0.542409,-0.051954,0.175417,0.590190,-0.049291,0.180692,0.623449,-0.039225
2047,0,0.148607,0.069576,0.116661,2.951202,3.084905,0.198694,0.692739,-0.000000,0.243423,0.666382,-0.023319,0.280911,0.597910,-0.031910,0.277661,0.526028,-0.039550,0.248615,0.482298,-0.047882,0.276077,0.540484,-0.022022,0.296227,0.458749,-0.042419,0.304382,0.408948,-0.053240,0.310685,0.365940,-0.060189,0.241009,0.533542,-0.019948,0.237754,0.516114,-0.060777,0.227740,0.577492,-0.069109,0.224444,0.626743,-0.064200,0.208222,0.535081,-0.020173,0.202701,0.531151,-0.059325,0.202357,0.593759,-0.054485,0.204986,0.638975,-0.039965,0.176372,0.543979,-0.022143,0.176324,0.542857,-0.050475,0.180655,0.590467,-0.048020,0.185861,0.624062,-0.038029
2080,0,0.142988,0.067744,0.163669,2.828193,3.030700,0.202281,0.692722,-0.000000,0.247188,0.667107,-0.023338,0.285432,0.599481,-0.031671,0.283201,0.527438,-0.039070,0.254703,0.483463,-0.047126,0.280948,0.541729,-0.021661,0.301708,0.459651,-0.041663,0.310701,0.409462,-0.052209,0.317812,0.366168,-0.059020,0.246249,0.533836,-0.019397,0.243153,0.517576,-0.059884,0.232626,0.578560,-0.068079,0.228794,0.627095,-0.063100,0.213646,0.534653,-0.019449,0.208042,0.531461,-0.058156,0.207336,0.593131,-0.053350,0.209810,0.637975,-0.038966,0.181912,0.542641,-0.021264,0.181675,0.542213,-0.049166,0.185605,0.589491,-0.046780,0.190663,0.622716,-0.036892
2126,0,0.128799,0.041898,0.138868,2.776242,3.037448,0.206938,0.692986,-0.000000,0.251116,0.668496,-0.023456,0.290007,0.601664,-0.032066,0.289203,0.529337,-0.039741,0.260615,0.484718,-0.048056,0.285967,0.542404,-0.022174,0.307724,0.460759,-0.042235,0.316892,0.410933,-0.052595,0.324195,0.367673,-0.059316,0.251171,0.533851,-0.019957,0.247549,0.517797,-0.060668,0.236712,0.579348,-0.068671,0.233094,0.628419,-0.063474,0.218495,0.534114,-0.020026,0.212220,0.531579,-0.059005,0.211218,0.593984,-0.054050,0.213786,0.639222,-0.039463,0.186749,0.541958,-0.021897,0.185723,0.542231,-0.049858,0.189246,0.589532,-0.047467,0.194360,0.622462,-0.037523
2178,0,0.126558,0.069748,0.227138,2.733693,2.987431,0.209491,0.693458,-0.000000,0.253895,0.667909,-0.023224,0.292525,0.601486,-0.031450,0.293670,0.530126,-0.038862,0.265360,0.486362,-0.046898,0.289266,0.543072,-0.020505,0.311496,0.462640,-0.040352,0.320659,0.413055,-0.050570,0.328049,0.369685,-0.057081,0.254825,0.534936,-0.018427,0.252204,0.516689,-0.059056,0.241014,0.578369,-0.066988,0.236857,0.628280,-0.061411,0.222159,0.535131,-0.018738,0.216851,0.532123,-0.057774,0.214998,0.594744,-0.052890,0.216941,0.640316,-0.038031,0.190453,0.542770,-0.020851,0.190532,0.542494,-0.048665,0.193792,0.589683,-0.046240,0.198659,0.622508,-0.036195
2208,0,0.085666,0.060130,0.314190,2.709898,2.967605,0.210942,0.692756,-0.000000,0.255953,0.666429,-0.021964,0.293886,0.600142,-0.029782,0.294466,0.529948,-0.037045,0.265994,0.487572,-0.044863,0.291006,0.541772,-0.019076,0.313194,0.462700,-0.038360,0.322995,0.413778,-0.048425,0.331151,0.371288,-0.054824,0.256545,0.533666,-0.017511,0.255471,0.516632,-0.057868,0.243958,0.577495,-0.066170,0.238769,0.627707,-0.060808,0.224050,0.533870,-0.018159,0.219993,0.532710,-0.056900,0.217924,0.595001,-0.052576,0.218859,0.641745,-0.037910,0.192425,0.541656,-0.020512,0.193994,0.542789,-0.048045,0.197273,0.589644,-0.045866,0.201498,0.623525,-0.035904
2256,0,0.061465,0.051571,0.636507,2.718954,2.962994,0.211158,0.693628,-0.000000,0.255812,0.667587,-0.022851,0.294258,0.602088,-0.031187,0.293865,0.531502,-0.038833,0.265219,0.488873,-0.047083,0.291024,0.544412,-0.019486,0.313308,0.464467,-0.039144,0.323024,0.415210,-0.049430,0.331537,0.372878,-0.055885,0.256892,0.537037,-0.017613,0.257113,0.517698,-0.058302,0.245140,0.577876,-0.067000,0.239738,0.628199,-0.061823,0.224749,0.537026,-0.018070,0.221771,0.532625,-0.057439,0.218836,0.595148,-0.053262,0.218998,0.642680,-0.038488,0.193116,0.543766,-0.020228,0.195867,0.540456,-0.048153,0.198546,0.587089,-0.045633,0.201531,0.622176,-0.035330
2302,0,0.070214,0.030264,0.150920,2.746105,2.952336,0.211193,0.695987,-0.000000,0.255570,0.670528,-0.022917,0.294828,0.605026,-0.031354,0.294506,0.533844,-0.039050,0.265464,0.490900,-0.047246,0.291451,0.547246,-0.019749,0.314119,0.467397,-0.039223,0.324072,0.418199,-0.049278,0.332662,0.375948,-0.055614,0.257331,0.539563,-0.018062,0.257842,0.519590,-0.058576,0.245957,0.580019,-0.067081,0.240527,0.629959,-0.061813,0.225287,0.539624,-0.018647,0.222846,0.534690,-0.058162,0.219660,0.597367,-0.053892,0.219588,0.644459,-0.039016,0.193699,0.546097,-0.020885,0.197153,0.542079,-0.048899,0.199639,0.588948,-0.046213,0.202418,0.623320,-0.035745
2335,0,0.098664,0.051892,0.164576,2.791334,2.939165,0.210463,0.698889,-0.000000,0.255586,0.674963,-0.023555,0.295645,0.609193,-0.032044,0.295402,0.536832,-0.039638,0.266479,0.493742,-0.047731,0.291980,0.551310,-0.020129,0.314997,0.471163,-0.039500,0.325314,0.422055,-0.049384,0.333900,0.379462,-0.055582,0.257737,0.543538,-0.018114,0.258572,0.522285,-0.058957,0.246208,0.583284,-0.067532,0.240329,0.633825,-0.062091,0.225630,0.543248,-0.018407,0.223798,0.537512,-0.058613,0.220167,0.601457,-0.054515,0.219798,0.649096,-0.039466,0.194146,0.549154,-0.020353,0.198368,0.545401,-0.049108,0.200475,0.593102,-0.046732,0.202706,0.628197,-0.036366
2380,0,0.101677,0.040531,0.087041,2.828390,2.943496,0.211171,0.701640,-0.000000,0.256411,0.677285,-0.023269,0.296081,0.612867,-0.031756,0.295722,0.541105,-0.039466,0.267059,0.497659,-0.047642,0.292515,0.554471,-0.019250,0.315893,0.474815,-0.038397,0.326092,0.425954,-0.048229,0.334977,0.383617,-0.054507,0.258474,0.547095,-0.017404,0.258600,0.525967,-0.057923,0.246577,0.587206,-0.066547,0.240973,0.637815,-0.061234,0.226493,0.546918,-0.017870,0.223575,0.541317,-0.057819,0.220344,0.605034,-0.053748,0.220248,0.652158,-0.038811,0.195044,0.553091,-0.019974,0.198404,0.549214,-0.048470,0.200534,0.597252,-0.045986,0.202959,0.632065,-0.035568
2413,0,0.081397,0.031781,0.264188,2.857716,2.922426,0.211465,0.704477,-0.000000,0.256591,0.679634,-0.022729,0.296653,0.615698,-0.031263,0.296551,0.544365,-0.039161,0.267721,0.501908,-0.047591,0.293301,0.557034,-0.018995,0.316480,0.477656,-0.038231,0.327147,0.429100,-0.048211,0.336177,0.386913,-0.054474,0.259363,0.548806,-0.017455,0.260178,0.529053,-0.058087,0.248044,0.589918,-0.066862,0.241972,0.640951,-0.061563,0.227506,0.548417,-0.018152,0.225627,0.544508,-0.057880,0.221811,0.607774,-0.053854,0.221178,0.655152,-0.038885,0.196026,0.554444,-0.020475,0.199983,0.551714,-0.048452,0.202096,0.598711,-0.045802,0.204180,0.633600,-0.035306
2466,0,0.074351,0.032931,0.353319,2.896871,2.942410,0.212709,0.706257,-0.000000,0.257868,0.680541,-0.022319,0.297452,0.617115,-0.030981,0.296475,0.546595,-0.039093,0.268036,0.504050,-0.047669,0.294322,0.557981,-0.018892,0.317430,0.480068,-0.038197,0.327791,0.431996,-0.048220,0.336922,0.390487,-0.054489,0.260079,0.549803,-0.017514,0.261457,0.531767,-0.057898,0.249688,0.592280,-0.066440,0.243670,0.643262,-0.061205,0.228092,0.549264,-0.018392,0.226994,0.547055,-0.057933,0.223257,0.610154,-0.053903,0.222289,0.658386,-0.039058,0.196446,0.555610,-0.020907,0.201246,0.554792,-0.049150,0.203400,0.602222,-0.046842,0.205156,0.637634,-0.036578
2510,0,0.059446,0.054796,0.254919,2.878547,2.918086,0.212832,0.707086,-0.000000,0.257853,0.679941,-0.021568,0.296744,0.616618,-0.029770,0.295187,0.547311,-0.037645,0.267532,0.505443,-0.045916,0.293985,0.558848,-0.017193,0.317297,0.481389,-0.036479,0.327444,0.433351,-0.046636,0.336461,0.392017,-0.052985,0.260282,0.551039,-0.016095,0.261658,0.533576,-0.056245,0.249529,0.593752,-0.064687,0.243911,0.644050,-0.059471,0.228350,0.550544,-0.017364,0.227213,0.547698,-0.056520,0.223181,0.610120,-0.052127,0.222583,0.657641,-0.037199,0.196710,0.556388,-0.020264,0.201241,0.553658,-0.047872,0.203362,0.600459,-0.045024,0.205424,0.635187,-0.034557
2543,0,0.062985,0.046157,0.113683,2.875366,2.905676,0.211016,0.706842,-0.000000,0.256353,0.680005,-0.021025,0.295021,0.616595,-0.028627,0.293566,0.547954,-0.035920,0.266205,0.506598,-0.043693,0.293097,0.559397,-0.016770,0.316097,0.482277,-0.035578,0.326461,0.434392,-0.045508,0.335473,0.393153,-0.051740,0.259350,0.551202,-0.015580,0.259566,0.534085,-0.055302,0.247521,0.594641,-0.063725,0.242034,0.645534,-0.058452,0.227572,0.550420,-0.016659,0.224845,0.548124,-0.055165,0.221392,0.610418,-0.050953,0.221084,0.658003,-0.036297,0.196302,0.556401,-0.019330,0.199560,0.553930,-0.046364,0.201601,0.600441,-0.043659,0.203952,0.635262,-0.033369
2592,0,0.076688,0.043117,0.204027,2.894666,2.930052,0.208464,0.705529,-0.000000,0.253075,0.680650,-0.021215,0.292197,0.616554,-0.028754,0.291003,0.546970,-0.035798,0.264411,0.504239,-0.043320,0.290772,0.559672,-0.017813,0.313971,0.481362,-0.036105,0.323927,0.433913,-0.045303,0.332823,0.392796,-0.051149,0.257099,0.551596,-0.016548,0.256869,0.534358,-0.055936,0.244702,0.595133,-0.064039,0.239238,0.645275,-0.058706,0.225533,0.550730,-0.017429,0.222030,0.547168,-0.056107,0.218648,0.610209,-0.051902,0.218463,0.657945,-0.037370,0.194377,0.556431,-0.019814,0.197412,0.553233,-0.047457,0.199265,0.600536,-0.044892,0.201709,0.635499,-0.034704
2631,0,0.091550,0.033379,0.393958,2.887970,2.944999,0.206649,0.704295,-0.000000,0.251416,0.677888,-0.020507,0.289281,0.613826,-0.028083,0.288289,0.544604,-0.035403,0.261661,0.501973,-0.043237,0.288313,0.557808,-0.017548,0.311393,0.480484,-0.035780,0.321192,0.433195,-0.045084,0.330077,0.392054,-0.050967,0.255024,0.548696,-0.016650,0.254830,0.533805,-0.055927,0.242052,0.594004,-0.064034,0.235856,0.644158,-0.058800,0.223549,0.547618,-0.017804,0.220045,0.545922,-0.056132,0.216289,0.608444,-0.051959,0.215975,0.656257,-0.037524,0.192424,0.553574,-0.020490,0.195271,0.552508,-0.047820,0.197245,0.598774,-0.045426,0.199810,0.633621,-0.035369
2676,0,0.121055,0.060734,0.180772,2.912216,2.998648,0.204484,0.702566,-0.000000,0.248457,0.677513,-0.020959,0.286281,0.612187,-0.028473,0.285158,0.542695,-0.035477,0.258553,0.499705,-0.043076,0.285502,0.557261,-0.019289,0.308538,0.478839,-0.037794,0.318384,0.431103,-0.047064,0.326939,0.389664,-0.052960,0.251853,0.548351,-0.018062,0.250447,0.533027,-0.057663,0.237939,0.593235,-0.065535,0.232459,0.642887,-0.060184,0.220174,0.547029,-0.018880,0.215756,0.544532,-0.057322,0.212406,0.607232,-0.052857,0.212590,0.654715,-0.038305,0.188974,0.552769,-0.021214,0.190988,0.550906,-0.048768,0.193089,0.597577,-0.046246,0.195999,0.632387,-0.036158
2722,0,0.100661,0.045002,0.133521,2.901671,2.991182,0.202368,0.701824,-0.000000,0.246596,0.675571,-0.020621,0.282904,0.611077,-0.028152,0.281767,0.541866,-0.035394,0.255333,0.499103,-0.043214,0.282894,0.555550,-0.018139,0.305304,0.477473,-0.036584,0.314581,0.429179,-0.046002,0.322684,0.387621,-0.051952,0.249253,0.546981,-0.017077,0.247945,0.531623,-0.056440,0.235564,0.590923,-0.064600,0.229809,0.640399,-0.059398,0.217703,0.546029,-0.018054,0.213320,0.544210,-0.056134,0.209856,0.606289,-0.051952,0.209803,0.653760,-0.037570,0.186510,0.552197,-0.020553,0.188545,0.550974,-0.047532,0.190470,0.597033,-0.044982,0.193197,0.631901,-0.034850
2755,0,0.157442,0.067030,0.317895,2.988964,3.031800,0.198590,0.700809,-0.000000,0.242440,0.675095,-0.021693,0.279097,0.609969,-0.029864,0.277250,0.540407,-0.037474,0.250262,0.497302,-0.045730,0.278921,0.555131,-0.020232,0.300602,0.475321,-0.039139,0.309576,0.427015,-0.048787,0.317322,0.385327,-0.054903,0.244932,0.546753,-0.018839,0.243417,0.530390,-0.058708,0.231017,0.589747,-0.066930,0.225268,0.638654,-0.061834,0.213118,0.546161,-0.019484,0.209030,0.542653,-0.057893,0.205775,0.604384,-0.053408,0.205658,0.651061,-0.038935,0.181888,0.552792,-0.021744,0.183831,0.549941,-0.049059,0.185955,0.596599,-0.046307,0.188907,0.631478,-0.036081
2809,0,0.176294,0.104255,0.958328,3.054067,3.031331,0.195051,0.700566,-0.000000,0.239894,0.672379,-0.022194,0.276116,0.607591,-0.031044,0.271590,0.538218,-0.039554,0.243295,0.494763,-0.048575,0.273470,0.552752,-0.019318,0.294061,0.472961,-0.038806,0.302577,0.424318,-0.049052,0.309835,0.382051,-0.055587,0.238379,0.546243,-0.018279,0.239247,0.526619,-0.058242,0.227800,0.586296,-0.067093,0.221508,0.634981,-0.062566,0.206107,0.547401,-0.019454,0.205806,0.538443,-0.058379,0.202597,0.600436,-0.053715,0.201559,0.646975,-0.039044,0.174170,0.555495,-0.022245,0.180203,0.546239,-0.049835,0.183076,0.591937,-0.046362,0.185013,0.626916,-0.035572
2846,0,0.246379,0.108700,0.428061,3.257290,3.093083,0.188389,0.700687,-0.000000,0.232391,0.672630,-0.022617,0.268709,0.605820,-0.031691,0.264075,0.535535,-0.040136,0.235523,0.491967,-0.049108,0.266888,0.550809,-0.021292,0.286003,0.469724,-0.041496,0.293386,0.420372,-0.052405,0.299339,0.376774,-0.059508,0.231458,0.543954,-0.020051,0.229583,0.527452,-0.061071,0.218744,0.589169,-0.070077,0.214017,0.637398,-0.065625,0.199078,0.545503,-0.020901,0.195997,0.538016,-0.060018,0.194153,0.600468,-0.054954,0.195501,0.646224,-0.040170,0.167663,0.555007,-0.023433,0.170164,0.548367,-0.051555,0.173597,0.594571,-0.048225,0.177823,0.628752,-0.037452
2882,0,0.191468,0.092753,0.297180,3.427410,3.155701,0.183594,0.701209,-0.000000,0.227504,0.670808,-0.021782,0.261614,0.603419,-0.031036,0.256356,0.533859,-0.039896,0.227338,0.490627,-0.049219,0.260190,0.549704,-0.021576,0.278320,0.467541,-0.041850,0.283879,0.417735,-0.052578,0.288116,0.373830,-0.059535,0.224451,0.543420,-0.020685,0.222156,0.528350,-0.062209,0.211741,0.590325,-0.071086,0.207231,0.639330,-0.066459,0.191841,0.545122,-0.021816,0.188194,0.539376,-0.060975,0.187150,0.601384,-0.055902,0.188910,0.647295,-0.041061,0.160321,0.554564,-0.024575,0.163361,0.549218,-0.052509,0.167419,0.594880,-0.049219,0.172181,0.628547,-0.038525
2933,0,0.208236,0.098136,0.097743,3.623173,3.240247,0.178382,0.701346,-0.000000,0.221718,0.669685,-0.021304,0.254001,0.602136,-0.030608,0.247255,0.532682,-0.039621,0.217966,0.489529,-0.049097,0.251830,0.549164,-0.021716,0.268749,0.466228,-0.041818,0.273087,0.415959,-0.052496,0.276149,0.371771,-0.059500,0.215696,0.544280,-0.021115,0.214218,0.529737,-0.062349,0.204930,0.591105,-0.071207,0.200639,0.639452,-0.066744,0.183232,0.547049,-0.022420,0.180398,0.541504,-0.061525,0.180356,0.602755,-0.056444,0.182641,0.648318,-0.041749,0.152286,0.557227,-0.025304,0.155698,0.552316,-0.053457,0.160030,0.598074,-0.050195,0.164969,0.631523,-0.039483
2962,0,0.241926,0.078971,0.195972,3.827875,3.252003,0.171869,0.705667,-0.000000,0.214180,0.673001,-0.021658,0.245665,0.604015,-0.030925,0.238463,0.534329,-0.039765,0.208415,0.492500,-0.049118,0.243699,0.551339,-0.021726,0.258596,0.468954,-0.041779,0.261643,0.417862,-0.052668,0.263900,0.373245,-0.059802,0.208072,0.546616,-0.020856,0.205989,0.532674,-0.061850,0.196582,0.593243,-0.070793,0.193043,0.641667,-0.066424,0.176064,0.550070,-0.021914,0.172836,0.545437,-0.060655,0.172618,0.606046,-0.055706,0.175562,0.651485,-0.041165,0.145634,0.561114,-0.024627,0.148000,0.555712,-0.052395,0.152083,0.600730,-0.049084,0.157305,0.634596,-0.038434
3006,0,0.278364,0.061854,0.153778,4.040683,3.250253,0.165212,0.711833,-0.000000,0.207799,0.678205,-0.021109,0.237625,0.608121,-0.029883,0.229691,0.538176,-0.038367,0.199383,0.496632,-0.047362,0.236310,0.557572,-0.020955,0.249685,0.473411,-0.040684,0.251938,0.421312,-0.051349,0.253212,0.375776,-0.058334,0.200940,0.552923,-0.020223,0.198910,0.539266,-0.060958,0.190170,0.599461,-0.070056,0.186859,0.646847,-0.065796,0.169186,0.556195,-0.021347,0.166015,0.550748,-0.060072,0.166004,0.611257,-0.055336,0.168772,0.656624,-0.040854,0.138934,0.566654,-0.024022,0.141443,0.560391,-0.051690,0.145513,0.605086,-0.048317,0.150344,0.638821,-0.037549
3040,0,0.305391,0.081199,0.378143,4.302660,3.294302,0.159244,0.718635,-0.000000,0.202060,0.683294,-0.020116,0.230724,0.612475,-0.028619,0.221387,0.543131,-0.036952,0.190189,0.502714,-0.045832,0.229755,0.561711,-0.020782,0.240909,0.478132,-0.040094,0.241406,0.425993,-0.050647,0.240889,0.380644,-0.057683,0.193776,0.557464,-0.020508,0.190109,0.545717,-0.060449,0.182643,0.605646,-0.069499,0.180207,0.652860,-0.065469,0.161450,0.561598,-0.021926,0.157770,0.558240,-0.059971,0.159328,0.618252,-0.055429,0.163004,0.662813,-0.041392,0.130695,0.573711,-0.024811,0.133188,0.569404,-0.052423,0.138527,0.614198,-0.049247,0.144319,0.647734,-0.038763
3086,0,0.302561,0.083675,0.377132,4.548982,3.326585,0.154330,0.726859,-0.000000,0.196114,0.691033,-0.020713,0.223528,0.620280,-0.029813,0.212914,0.551060,-0.038690,0.181609,0.510643,-0.047926,0.223860,0.566511,-0.020628,0.232762,0.482487,-0.040058,0.231635,0.430653,-0.050560,0.229716,0.385965,-0.057470,0.187963,0.563102,-0.020269,0.182698,0.551881,-0.060310,0.176411,0.611361,-0.069785,0.174931,0.657975,-0.065920,0.155354,0.567999,-0.021688,0.150371,0.566787,-0.060275,0.152934,0.627032,-0.056273,0.157342,0.670802,-0.042282,0.124365,0.580999,-0.024596,0.126384,0.578601,-0.052442,0.132482,0.623498,-0.049363,0.138839,0.656468,-0.038724
3138,0,0.329466,0.109943,0.583119,4.799677,3.324639,0.149521,0.736784,-0.000000,0.191406,0.700649,-0.021603,0.218792,0.628125,-0.030690,0.206424,0.558589,-0.039414,0.174262,0.518414,-0.048483,0.217973,0.572753,-0.019310,0.225445,0.488709,-0.038724,0.223722,0.437047,-0.049483,0.221021,0.392662,-0.056689,0.181944,0.571186,-0.018776,0.174516,0.557054,-0.058207,0.169884,0.617550,-0.067689,0.169964,0.663465,-0.064069,0.149349,0.578262,-0.020207,0.142477,0.573365,-0.059103,0.146652,0.635056,-0.054896,0.151943,0.678051,-0.040896,0.117929,0.593278,-0.023138,0.118408,0.587800,-0.051448,0.125582,0.633803,-0.047965,0.132575,0.666124,-0.037103
3173,0,0.312480,0.121120,0.744670,5.095870,3.424392,0.147365,0.745660,-0.000000,0.189670,0.708385,-0.021704,0.214968,0.635121,-0.031199,0.201507,0.566432,-0.040381,0.169494,0.526549,-0.049807,0.213848,0.580587,-0.021234,0.219584,0.495782,-0.041494,0.216733,0.444082,-0.052555,0.213020,0.399451,-0.059789,0.177620,0.578390,-0.020608,0.169929,0.567456,-0.061145,0.165715,0.628362,-0.070710,0.165773,0.674515,-0.066884,0.144670,0.584454,-0.021930,0.137748,0.583332,-0.061285,0.142565,0.645200,-0.057250,0.148390,0.688520,-0.043233,0.113357,0.598336,-0.024851,0.114606,0.597866,-0.053389,0.122659,0.643838,-0.050676,0.130379,0.676157,-0.040311
3227,0,0.266992,0.073442,0.104210,5.323327,3.453974,0.146259,0.754588,-0.000000,0.188424,0.717002,-0.022249,0.213557,0.643137,-0.031426,0.199189,0.573801,-0.040082,0.166646,0.534629,-0.049016,0.211618,0.590037,-0.020928,0.214769,0.503775,-0.040847,0.210535,0.451897,-0.051624,0.206014,0.407645,-0.058646,0.175951,0.588203,-0.019572,0.166055,0.576789,-0.060419,0.161327,0.637293,-0.070152,0.162002,0.683699,-0.066120,0.143247,0.593782,-0.020215,0.134560,0.592406,-0.059862,0.138978,0.653674,-0.056386,0.144888,0.697856,-0.042342,0.112051,0.606593,-0.022475,0.111781,0.606197,-0.051415,0.119391,0.652323,-0.049329,0.127196,0.685211,-0.039109
3265,0,0.232731,0.072649,0.210519,5.552679,3.496828,0.146625,0.763982,-0.000000,0.188234,0.725193,-0.022718,0.213084,0.651453,-0.032280,0.198265,0.582516,-0.041270,0.165037,0.543829,-0.050364,0.211018,0.598302,-0.021121,0.212539,0.513384,-0.041860,0.206624,0.461865,-0.053349,0.200808,0.417854,-0.060708,0.175508,0.596693,-0.019611,0.164574,0.586539,-0.061576,0.160357,0.648301,-0.071711,0.161762,0.695133,-0.067789,0.142601,0.602041,-0.020236,0.133198,0.601542,-0.060812,0.137927,0.663806,-0.057480,0.144553,0.708389,-0.043249,0.110977,0.614065,-0.022509,0.110894,0.613275,-0.052065,0.119006,0.659719,-0.050191,0.127165,0.692299,-0.039986
3302,0,0.258201,0.080509,0.318760,5.698448,3.481632,0.147979,0.773320,-0.000000,0.189575,0.733787,-0.022610,0.214676,0.659328,-0.031938,0.197914,0.590227,-0.040661,0.164038,0.551454,-0.049366,0.212737,0.605230,-0.019000,0.211458,0.521950,-0.039002,0.204112,0.472046,-0.050092,0.197644,0.429315,-0.057312,0.176700,0.605316,-0.017636,0.166334,0.593998,-0.059039,0.162636,0.656762,-0.069714,0.164216,0.703322,-0.066086,0.143538,0.612222,-0.018430,0.135042,0.609527,-0.059661,0.140153,0.673873,-0.056690,0.146387,0.719181,-0.042422,0.110914,0.625662,-0.020745,0.112686,0.622739,-0.051577,0.121517,0.670690,-0.049988,0.129737,0.703598,-0.039659
3357,0,0.274211,0.065777,0.521537,5.896180,3.496233,0.150858,0.784341,-0.000000,0.191966,0.744584,-0.022918,0.216865,0.670652,-0.032537,0.199725,0.601963,-0.041552,0.165114,0.563966,-0.050567,0.214958,0.615994,-0.018876,0.212191,0.534113,-0.039583,0.204072,0.484389,-0.051362,0.196532,0.441662,-0.059202,0.179123,0.616981,-0.017702,0.167485,0.603173,-0.058788,0.164540,0.665995,-0.069184,0.167080,0.711313,-0.065765,0.146063,0.624747,-0.018807,0.135959,0.619599,-0.059824,0.141602,0.683306,-0.056197,0.148414,0.726940,-0.041828,0.113550,0.639045,-0.021501,0.113522,0.633434,-0.051914,0.122224,0.681145,-0.049462,0.130694,0.713489,-0.038858
3388,0,0.242595,0.061489,0.315994,6.011566,3.509518,0.154709,0.791970,-0.000000,0.196090,0.752534,-0.022673,0.221452,0.678367,-0.032174,0.203999,0.610580,-0.041058,0.169085,0.574334,-0.049976,0.218086,0.624124,-0.019500,0.214714,0.542831,-0.040406,0.205505,0.494286,-0.052480,0.196799,0.453186,-0.060301,0.182067,0.624502,-0.018128,0.169548,0.612948,-0.059100,0.166994,0.675269,-0.069596,0.170053,0.721601,-0.066338,0.149139,0.631701,-0.019071,0.138506,0.628697,-0.059032,0.143958,0.690350,-0.055739,0.150879,0.734577,-0.041950,0.116767,0.645384,-0.021661,0.116496,0.640491,-0.051177,0.124795,0.686499,-0.049153,0.133118,0.718839,-0.039069
3423,0,0.297496,0.050125,0.248858,6.086738,3.501133,0.159732,0.799570,-0.000000,0.201066,0.761634,-0.022312,0.227216,0.687949,-0.031755,0.210065,0.620289,-0.040602,0.174872,0.584468,-0.049500,0.221983,0.631788,-0.019244,0.218899,0.552415,-0.039954,0.209040,0.504403,-0.052159,0.199974,0.464236,-0.060102,0.186366,0.632078,-0.017932,0.174929,0.622364,-0.058193,0.172550,0.683834,-0.068522,0.175377,0.729128,-0.065454,0.153438,0.639592,-0.018869,0.143457,0.637774,-0.058193,0.148935,0.699079,-0.054750,0.155803,0.742311,-0.041216,0.120988,0.653514,-0.021443,0.120845,0.649743,-0.050454,0.129659,0.695351,-0.048238,0.138027,0.727106,-0.038216
3455,0,0.356384,0.088042,1.266031,6.195664,3.541468,0.165415,0.808438,-0.000000,0.206602,0.769437,-0.022130,0.233468,0.696427,-0.031861,0.216954,0.628713,-0.040882,0.181557,0.592955,-0.050004,0.227504,0.639922,-0.020728,0.224648,0.563221,-0.041828,0.213856,0.515190,-0.054430,0.203863,0.474404,-0.062775,0.191440,0.637768,-0.019410,0.180270,0.634347,-0.059228,0.178936,0.695504,-0.069262,0.182733,0.740304,-0.066357,0.158277,0.644877,-0.020255,0.148636,0.650318,-0.058552,0.155181,0.710683,-0.054937,0.163230,0.753187,-0.041692,0.125937,0.659755,-0.022857,0.126320,0.664147,-0.051322,0.136170,0.709836,-0.049632,0.145852,0.740420,-0.040138
3503,0,0.339239,0.058789,0.261251,6.273045,3.529938,0.170656,0.818513,-0.000000,0.213375,0.779418,-0.022473,0.240656,0.705704,-0.032042,0.225808,0.636315,-0.040588,0.190314,0.600269,-0.049570,0.234080,0.650492,-0.021987,0.231611,0.574952,-0.042800,0.221268,0.526204,-0.055235,0.211591,0.484296,-0.063714,0.197610,0.647499,-0.020294,0.185219,0.642683,-0.059927,0.183851,0.704422,-0.069446,0.187993,0.751491,-0.066329,0.164295,0.654314,-0.020713,0.153928,0.658841,-0.058218,0.160549,0.718597,-0.054062,0.168716,0.762418,-0.040890,0.132425,0.669285,-0.023009,0.130404,0.674415,-0.050777,0.139563,0.720270,-0.049101,0.149415,0.751411,-0.040052
3548,0,0.319368,0.073534,0.295475,6.230825,3.502760,0.177769,0.823628,-0.000000,0.221069,0.787869,-0.022040,0.249135,0.714395,-0.031340,0.235132,0.643928,-0.039538,0.199050,0.608573,-0.048353,0.241948,0.655695,-0.022808,0.239785,0.582420,-0.043411,0.228957,0.534544,-0.055834,0.219163,0.493679,-0.064215,0.205175,0.651792,-0.021071,0.195074,0.648690,-0.059907,0.193086,0.709957,-0.068990,0.196624,0.758253,-0.065751,0.171750,0.658787,-0.021322,0.164264,0.665057,-0.058338,0.169597,0.724381,-0.054331,0.176745,0.769358,-0.041341,0.139744,0.673782,-0.023342,0.140310,0.678323,-0.051125,0.148837,0.723558,-0.049589,0.157583,0.756166,-0.040539
3582,0,0.329705,0.078751,0.747879,6.187551,3.480867,0.185305,0.829459,-0.000000,0.228962,0.795770,-0.022256,0.258206,0.722162,-0.031570,0.245712,0.651229,-0.039640,0.209521,0.616145,-0.048390,0.248816,0.659974,-0.023234,0.248263,0.589110,-0.044048,0.238259,0.542314,-0.056610,0.228988,0.501531,-0.065095,0.211786,0.654630,-0.021477,0.204746,0.653844,-0.059825,0.203069,0.715933,-0.068475,0.206378,0.764436,-0.064896,0.178262,0.661483,-0.021742,0.174037,0.670514,-0.058433,0.179171,0.730859,-0.054025,0.186174,0.776112,-0.040800,0.146195,0.677171,-0.023847,0.148861,0.687234,-0.051705,0.157359,0.733945,-0.050279,0.166471,0.765916,-0.041264
3634,0,0.315139,0.087735,0.192782,6.048651,3.427349,0.193493,0.833045,-0.000000,0.238566,0.799704,-0.022279,0.269145,0.727106,-0.031131,0.255029,0.656981,-0.038678,0.219730,0.621486,-0.046870,0.257403,0.665145,-0.021948,0.258169,0.595199,-0.042510,0.249095,0.549049,-0.054632,0.240911,0.508841,-0.062625,0.220786,0.658955,-0.019835,0.214451,0.658026,-0.058133,0.211599,0.720033,-0.066291,0.214311,0.769497,-0.062229,0.187382,0.664481,-0.019950,0.183940,0.673880,-0.056878,0.187155,0.734435,-0.052320,0.193464,0.780307,-0.038777,0.155127,0.678400,-0.021866,0.158299,0.687654,-0.049710,0.165645,0.735837,-0.048092,0.174240,0.769389,-0.038843
3677,0,0.315445,0.094135,1.694050,5.969028,3.451710,0.202807,0.836164,-0.000000,0.247547,0.802518,-0.021582,0.278958,0.731603,-0.030635,0.265564,0.662655,-0.038441,0.230369,0.627027,-0.046871,0.265868,0.666038,-0.022730,0.267851,0.600288,-0.043099,0.259910,0.555065,-0.055268,0.252915,0.515203,-0.063304,0.229039,0.656723,-0.020828,0.222627,0.665024,-0.058384,0.220260,0.727223,-0.066288,0.223044,0.777030,-0.062156,0.195808,0.661495,-0.020992,0.192602,0.682335,-0.056416,0.196330,0.741442,-0.052053,0.203042,0.786952,-0.038999,0.164011,0.675853,-0.023042,0.166926,0.694754,-0.049429,0.174496,0.742234,-0.048117,0.183421,0.774922,-0.039294
3711,0,0.346672,0.107234,0.648888,5.833474,3.421179,0.211811,0.838746,-0.000000,0.256922,0.805809,-0.019924,0.288172,0.735376,-0.028326,0.275009,0.666499,-0.035525,0.239660,0.631323,-0.043521,0.276131,0.671621,-0.022638,0.278987,0.606286,-0.041863,0.272733,0.561461,-0.053239,0.267057,0.522528,-0.060682,0.239482,0.660015,-0.020932,0.234193,0.671590,-0.056424,0.230524,0.731180,-0.063412,0.232462,0.781264,-0.059155,0.206138,0.663473,-0.020997,0.204839,0.687044,-0.054052,0.207276,0.744910,-0.049436,0.212983,0.791214,-0.036923,0.174302,0.677114,-0.022882,0.178438,0.698493,-0.047584,0.184936,0.745864,-0.046316,0.192816,0.779455,-0.037833
3757,0,0.270068,0.093731,0.503636,5.694146,3.387771,0.220053,0.838996,-0.000000,0.265497,0.806608,-0.019334,0.297927,0.738260,-0.027738,0.285791,0.670363,-0.035127,0.251178,0.635599,-0.043305,0.285817,0.671495,-0.021781,0.289659,0.609067,-0.040793,0.284627,0.564875,-0.052255,0.280209,0.526625,-0.059725,0.249295,0.658811,-0.020477,0.244552,0.673042,-0.055797,0.241126,0.732918,-0.063009,0.242675,0.784255,-0.058791,0.215770,0.662036,-0.020912,0.214807,0.689310,-0.053640,0.217464,0.747434,-0.049454,0.222922,0.794842,-0.037123,0.183870,0.675995,-0.023166,0.188440,0.700372,-0.047651,0.195013,0.747400,-0.046750,0.202701,0.781115,-0.038443
3791,0,0.294855,0.111326,0.929577,5.616544,3.308050,0.228250,0.841308,-0.000000,0.273458,0.809607,-0.017911,0.306289,0.741387,-0.025482,0.296583,0.673742,-0.032205,0.263768,0.638181,-0.039760,0.294902,0.671272,-0.021561,0.299901,0.612278,-0.039728,0.296540,0.567842,-0.050612,0.293613,0.529490,-0.057687,0.258664,0.655825,-0.020536,0.255105,0.676738,-0.053558,0.251273,0.735665,-0.059608,0.252193,0.785805,-0.055126,0.225010,0.658527,-0.021032,0.225263,0.692219,-0.051477,0.227238,0.749121,-0.046899,0.232226,0.795730,-0.034926,0.192961,0.672780,-0.023353,0.198666,0.700978,-0.046003,0.205043,0.747448,-0.044754,0.212098,0.780676,-0.036527
3842,0,0.268909,0.090748,0.819730,5.626474,3.310870,0.236793,0.841787,-0.000000,0.282320,0.807797,-0.015626,0.315212,0.740970,-0.022567,0.306001,0.674735,-0.029156,0.274045,0.640062,-0.036721,0.302358,0.670264,-0.020264,0.308221,0.614089,-0.038033,0.306388,0.569707,-0.048941,0.305059,0.531570,-0.056010,0.266376,0.653543,-0.020232,0.264594,0.680441,-0.051788,0.261357,0.737836,-0.057481,0.262698,0.787528,-0.053227,0.233075,0.656681,-0.021511,0.234235,0.697638,-0.050284,0.236496,0.752371,-0.045870,0.241797,0.797951,-0.034450,0.201348,0.672061,-0.024518,0.207799,0.704831,-0.045614,0.215156,0.750059,-0.044175,0.222604,0.783134,-0.036146
3886,0,0.203158,0.094276,0.164612,5.641162,3.264340,0.242310,0.840464,-0.000000,0.287914,0.809443,-0.017199,0.323024,0.743012,-0.024822,0.314366,0.675671,-0.031730,0.281560,0.640512,-0.039480,0.309044,0.670085,-0.020931,0.316169,0.614313,-0.038845,0.314900,0.570300,-0.049834,0.314164,0.531890,-0.057139,0.273531,0.652586,-0.020312,0.273086,0.679237,-0.052629,0.270079,0.738437,-0.058505,0.270993,0.788382,-0.054186,0.240539,0.655116,-0.021169,0.242200,0.696121,-0.050819,0.244976,0.752440,-0.046499,0.250480,0.797903,-0.035001,0.209165,0.669914,-0.023853,0.215434,0.703808,-0.045769,0.223166,0.749647,-0.044752,0.230755,0.781847,-0.036971
3920,0,0.152173,0.082952,0.315807,5.666060,3.194866,0.245613,0.840208,-0.000000,0.291292,0.810718,-0.017909,0.326699,0.743863,-0.025063,0.319624,0.676776,-0.031408,0.288167,0.640772,-0.038578,0.313786,0.670800,-0.020304,0.322406,0.614132,-0.037658,0.322124,0.570271,-0.047810,0.322430,0.532012,-0.054440,0.278527,0.653629,-0.019162,0.279386,0.676823,-0.051553,0.275291,0.736838,-0.057232,0.275093,0.787637,-0.052410,0.245676,0.655546,-0.019654,0.247904,0.693617,-0.049618,0.249663,0.751136,-0.045335,0.254378,0.797065,-0.033533,0.214327,0.669185,-0.022017,0.221277,0.702882,-0.044225,0.228465,0.749575,-0.043622,0.235668,0.781822,-0.036008
3967,0,0.114882,0.105004,0.567315,5.626033,3.102685,0.245682,0.838941,-0.000000,0.291660,0.809705,-0.018524,0.327525,0.744067,-0.025752,0.320244,0.677468,-0.032325,0.288141,0.642271,-0.039569,0.314622,0.669176,-0.016944,0.324087,0.612131,-0.033729,0.324543,0.569729,-0.043430,0.325444,0.531188,-0.049908,0.279580,0.653346,-0.015772,0.280871,0.670873,-0.049238,0.277590,0.733731,-0.056130,0.276927,0.785809,-0.051376,0.247315,0.654969,-0.016402,0.250656,0.687610,-0.048280,0.253334,0.747232,-0.045217,0.257585,0.794332,-0.033282,0.215999,0.667979,-0.018811,0.224689,0.700130,-0.042951,0.231645,0.749097,-0.043462,0.238036,0.782878,-0.036059
3999,0,0.215276,0.122056,0.501309,5.492726,3.194279,0.243405,0.833473,-0.000000,0.289216,0.804615,-0.018003,0.325175,0.738473,-0.025006,0.316458,0.673009,-0.031462,0.282534,0.640144,-0.038866,0.310601,0.664799,-0.018469,0.320679,0.607552,-0.034947,0.320006,0.564404,-0.044551,0.320096,0.526147,-0.050943,0.274777,0.649108,-0.017538,0.275383,0.670384,-0.050429,0.271723,0.731789,-0.056949,0.271386,0.783008,-0.052324,0.241561,0.652543,-0.018116,0.244171,0.686096,-0.049240,0.246730,0.743813,-0.045257,0.251071,0.789974,-0.033052,0.209878,0.667389,-0.020428,0.218194,0.694392,-0.043202,0.225401,0.740535,-0.041724,0.231178,0.774173,-0.033180
4046,0,0.330572,0.102128,0.352064,5.382825,3.275372,0.234395,0.828773,-0.000000,0.280035,0.798524,-0.017732,0.315403,0.733018,-0.025013,0.306786,0.666144,-0.031529,0.273129,0.632137,-0.039033,0.301760,0.662594,-0.021747,0.311065,0.603359,-0.038778,0.309725,0.558565,-0.048879,0.309352,0.518341,-0.055698,0.264243,0.645530,-0.020951,0.267507,0.668364,-0.052894,0.262944,0.726867,-0.058789,0.261193,0.776061,-0.054455,0.230315,0.648888,-0.021397,0.236114,0.684544,-0.050600,0.237832,0.740147,-0.045438,0.240403,0.785680,-0.033361,0.197977,0.664488,-0.023707,0.208329,0.694601,-0.044992,0.215028,0.739905,-0.042602,0.219919,0.773597,-0.033839
4097,0,0.396355,0.133899,1.014019,5.331849,3.309718,0.223165,0.825994,-0.000000,0.268608,0.796317,-0.019022,0.302807,0.727350,-0.026827,0.291383,0.659526,-0.033538,0.257326,0.625044,-0.040963,0.289944,0.658807,-0.022512,0.297861,0.598446,-0.040613,0.294416,0.553213,-0.051592,0.291435,0.512534,-0.059112,0.250707,0.644684,-0.021528,0.255524,0.661443,-0.054860,0.252766,0.720887,-0.061396,0.251594,0.770537,-0.057493,0.216295,0.649685,-0.022020,0.224725,0.678110,-0.052671,0.228275,0.734210,-0.047530,0.231234,0.779849,-0.035378,0.183952,0.666849,-0.024384,0.196946,0.690563,-0.047308,0.204311,0.736025,-0.045151,0.209562,0.769587,-0.036489
4125,0,0.382552,0.089483,0.897495,5.498058,3.287367,0.209010,0.826178,-0.000000,0.254727,0.795197,-0.019984,0.287010,0.723756,-0.027643,0.275969,0.654512,-0.034045,0.242342,0.620861,-0.041115,0.275805,0.658080,-0.022564,0.282964,0.596191,-0.040860,0.277866,0.550011,-0.051656,0.273492,0.508351,-0.059076,0.236341,0.645542,-0.021099,0.241089,0.656094,-0.055127,0.237778,0.715482,-0.061720,0.236922,0.765570,-0.057516,0.201994,0.650894,-0.021258,0.210190,0.673567,-0.052898,0.213790,0.730229,-0.047962,0.217297,0.776574,-0.035573,0.169758,0.668258,-0.023328,0.182673,0.687570,-0.047102,0.190054,0.732534,-0.045414,0.195793,0.766455,-0.036975
4156,0,0.387161,0.194589,1.841760,5.759117,3.350994,0.198871,0.827851,-0.000000,0.243678,0.792259,-0.020899,0.272939,0.720902,-0.029333,0.262782,0.652610,-0.036819,0.229775,0.620078,-0.044915,0.261645,0.658312,-0.021076,0.268276,0.594166,-0.040835,0.262521,0.547342,-0.052658,0.257574,0.505906,-0.060433,0.222731,0.651144,-0.019630,0.225569,0.649860,-0.055678,0.222378,0.709670,-0.063132,0.222488,0.761456,-0.058891,0.188382,0.658619,-0.020192,0.194910,0.670883,-0.054136,0.198517,0.727045,-0.049445,0.202591,0.774506,-0.036369,0.156275,0.677540,-0.022666,0.167446,0.687778,-0.047871,0.175073,0.731496,-0.045975,0.181450,0.766719,-0.036979
4191,0,0.377839,0.120597,0.513334,6.061476,3.415156,0.186404,0.828130,-0.000000,0.230529,0.788655,-0.020156,0.256605,0.717457,-0.028134,0.247391,0.650810,-0.035564,0.215129,0.618382,-0.043736,0.248756,0.659581,-0.020124,0.253347,0.592830,-0.040280,0.246071,0.545557,-0.052360,0.239134,0.504687,-0.059951,0.210818,0.654048,-0.018751,0.208086,0.651100,-0.056269,0.204956,0.710648,-0.064344,0.206291,0.763342,-0.059983,0.176637,0.661128,-0.019429,0.177157,0.671367,-0.053620,0.180978,0.726525,-0.049066,0.186339,0.773937,-0.035725,0.144397,0.678813,-0.022046,0.150458,0.686405,-0.046514,0.157616,0.728665,-0.044317,0.164799,0.764194,-0.035015
4225,0,0.347328,0.128314,0.264651,6.398538,3.511921,0.176027,0.830306,-0.000000,0.219954,0.788249,-0.019651,0.243219,0.715619,-0.028122,0.232237,0.650473,-0.036155,0.199047,0.618007,-0.044788,0.236121,0.659261,-0.020349,0.238559,0.592149,-0.041250,0.229940,0.545341,-0.054394,0.221029,0.504774,-0.062898,0.198008,0.655704,-0.019668,0.194399,0.653623,-0.056893,0.192621,0.712722,-0.065040,0.194759,0.763255,-0.061405,0.163397,0.664928,-0.021079,0.163513,0.673428,-0.054687,0.168835,0.728189,-0.049267,0.174450,0.774557,-0.036090,0.130862,0.685145,-0.024520,0.137147,0.692731,-0.048942,0.145729,0.734800,-0.046313,0.153197,0.768670,-0.037128
4254,0,0.334446,0.110330,0.361586,6.729213,3.615592,0.166003,0.831148,-0.000000,0.207929,0.788289,-0.019562,0.229164,0.716384,-0.028635,0.216267,0.651916,-0.037267,0.183237,0.618534,-0.046454,0.224786,0.660289,-0.021224,0.224670,0.592075,-0.042349,0.214653,0.546502,-0.055510,0.204591,0.507623,-0.063817,0.186852,0.658919,-0.020702,0.182427,0.657165,-0.058116,0.180752,0.715778,-0.066228,0.182715,0.765371,-0.062677,0.151992,0.669431,-0.022217,0.151157,0.677280,-0.056162,0.156594,0.731791,-0.050493,0.162293,0.777188,-0.037072,0.119092,0.689866,-0.025670,0.125475,0.695191,-0.049940,0.134028,0.737453,-0.046617,0.141260,0.771355,-0.036942
4285,0,0.371145,0.086538,0.428455,7.025918,3.603114,0.155037,0.834405,-0.000000,0.196374,0.791959,-0.018272,0.216560,0.719923,-0.026766,0.201610,0.656670,-0.035113,0.168174,0.624853,-0.044062,0.214073,0.663302,-0.019460,0.211124,0.593760,-0.039636,0.199403,0.549057,-0.052295,0.187844,0.511362,-0.060235,0.176050,0.663261,-0.019314,0.171075,0.660864,-0.055386,0.169756,0.719156,-0.063424,0.171477,0.767715,-0.060073,0.141251,0.674374,-0.021006,0.140466,0.679688,-0.054085,0.145782,0.734839,-0.048357,0.150523,0.780422,-0.035113,0.108274,0.695196,-0.024488,0.114790,0.697943,-0.048227,0.123203,0.740417,-0.044420,0.129516,0.774526,-0.034495
4334,0,0.475759,0.174977,0.455061,7.491041,3.752408,0.145301,0.839633,-0.000000,0.186549,0.796498,-0.018415,0.202894,0.724420,-0.028317,0.186095,0.663243,-0.037843,0.153987,0.630941,-0.047876,0.203457,0.667667,-0.023186,0.197233,0.598597,-0.045817,0.183374,0.554864,-0.060490,0.169235,0.519840,-0.069477,0.165028,0.668577,-0.023301,0.157839,0.669185,-0.059379,0.157354,0.727795,-0.066765,0.159896,0.774510,-0.063758,0.129812,0.681547,-0.025359,0.126804,0.689202,-0.057483,0.133498,0.741543,-0.050817,0.139190,0.783606,-0.037908,0.097255,0.703477,-0.029330,0.102055,0.706564,-0.051928,0.111503,0.746663,-0.047320,0.118620,0.777735,-0.037418
4367,0,0.506166,0.071620,1.029691,7.979057,3.772618,0.134332,0.851443,-0.000000,0.174513,0.807792,-0.018810,0.189907,0.735385,-0.028272,0.172292,0.672985,-0.037098,0.140624,0.640904,-0.046316,0.192751,0.679260,-0.023744,0.183891,0.610032,-0.045567,0.168708,0.565761,-0.059507,0.153881,0.529804,-0.068008,0.154744,0.678326,-0.023337,0.144561,0.683014,-0.059377,0.143999,0.740338,-0.066836,0.147622,0.786745,-0.063644,0.119476,0.689533,-0.024738,0.114439,0.702238,-0.056641,0.120732,0.753589,-0.050680,0.127255,0.795275,-0.037978,0.086857,0.710186,-0.028092,0.089725,0.718694,-0.050876,0.099054,0.759018,-0.047000,0.106817,0.790554,-0.037326
4426,0,0.517684,0.107142,0.490660,8.477659,3.817254,0.127264,0.865205,-0.000000,0.165767,0.823847,-0.019765,0.181493,0.751557,-0.029728,0.161205,0.689490,-0.038878,0.128987,0.655490,-0.048190,0.184367,0.692626,-0.023249,0.174196,0.623074,-0.045032,0.157780,0.580026,-0.058610,0.142047,0.544240,-0.066946,0.146595,0.691478,-0.022597,0.135125,0.698806,-0.059912,0.135663,0.760883,-0.067987,0.140263,0.808085,-0.064764,0.111832,0.701837,-0.023867,0.104428,0.715553,-0.057600,0.111759,0.770538,-0.051967,0.118856,0.812939,-0.038910,0.079749,0.721235,-0.026993,0.080578,0.728177,-0.051186,0.089902,0.771351,-0.047246,0.097709,0.802925,-0.037054
4471,0,0.484617,0.100911,0.467892,8.905291,3.837912,0.123931,0.881211,-0.000000,0.160149,0.840416,-0.019434,0.175781,0.766639,-0.029266,0.154115,0.705172,-0.038543,0.120088,0.672614,-0.047886,0.179411,0.705257,-0.020737,0.166756,0.637097,-0.041473,0.149483,0.595668,-0.054364,0.133938,0.561068,-0.062340,0.142510,0.706121,-0.020330,0.129017,0.715955,-0.057880,0.129596,0.779201,-0.066995,0.134970,0.825875,-0.063903,0.108271,0.717524,-0.021681,0.098887,0.731871,-0.056969,0.107309,0.790290,-0.052379,0.115773,0.833111,-0.039194,0.075876,0.737466,-0.024692,0.075999,0.742694,-0.050491,0.086327,0.787592,-0.046942,0.095187,0.818967,-0.036395
4505,0,0.422177,0.104164,1.306892,9.321163,3.858890,0.121846,0.896698,-0.000000,0.158969,0.858672,-0.019901,0.175316,0.786075,-0.029999,0.151982,0.724215,-0.039247,0.116306,0.691481,-0.048561,0.176920,0.716757,-0.021241,0.163491,0.652350,-0.042287,0.146084,0.613162,-0.055260,0.129940,0.579722,-0.063397,0.138872,0.715693,-0.020604,0.124739,0.731497,-0.057515,0.127072,0.796804,-0.066208,0.133265,0.841731,-0.063103,0.104538,0.727771,-0.021846,0.094693,0.750628,-0.057221,0.105626,0.810875,-0.052907,0.115353,0.852556,-0.040064,0.072281,0.748719,-0.024787,0.072428,0.762563,-0.050979,0.084383,0.808916,-0.048103,0.093882,0.838429,-0.038038
4548,0,0.408688,0.111200,0.253484,9.701727,3.930442,0.124231,0.914383,-0.000000,0.162050,0.872834,-0.020907,0.176811,0.801848,-0.031760,0.150794,0.742228,-0.041683,0.115611,0.708647,-0.051411,0.177349,0.733929,-0.022115,0.163897,0.670945,-0.044131,0.146329,0.632025,-0.057743,0.130087,0.597699,-0.066458,0.139091,0.731835,-0.021413,0.122990,0.749320,-0.059147,0.126424,0.814439,-0.068025,0.133815,0.857082,-0.065251,0.104504,0.743470,-0.022784,0.092815,0.767369,-0.059179,0.105440,0.828096,-0.054707,0.116781,0.869200,-0.041749,0.072235,0.764515,-0.025983,0.070991,0.778907,-0.053271,0.084135,0.825113,-0.050562,0.094792,0.853165,-0.040541
4581,0,0.432354,0.146169,0.711368,9.899718,3.881119,0.127935,0.930678,-0.000000,0.166794,0.886889,-0.021711,0.181200,0.815866,-0.032429,0.153535,0.757480,-0.042028,0.117968,0.724744,-0.051237,0.183676,0.747432,-0.021257,0.169675,0.688121,-0.043617,0.150166,0.648636,-0.057820,0.132107,0.614044,-0.067128,0.143676,0.746045,-0.020657,0.126575,0.753954,-0.057788,0.130360,0.807068,-0.068100,0.137840,0.841954,-0.066414,0.107060,0.758422,-0.022327,0.097212,0.781259,-0.061225,0.111517,0.844240,-0.058664,0.123466,0.886512,-0.045789,0.073090,0.781104,-0.025667,0.075651,0.797108,-0.055259,0.089971,0.844488,-0.053864,0.100475,0.872324,-0.044233
4626,0,0.584970,0.181079,1.778979,10.056071,3.883144,0.134737,0.944698,-0.000000,0.174525,0.901080,-0.019261,0.189378,0.830029,-0.029507,0.161062,0.772267,-0.039008,0.125776,0.741617,-0.048008,0.190881,0.758891,-0.020168,0.177846,0.702920,-0.041792,0.158223,0.663062,-0.055809,0.140450,0.629210,-0.065100,0.150025,0.754886,-0.020297,0.136525,0.780379,-0.056845,0.141657,0.841743,-0.066363,0.150203,0.884042,-0.064485,0.113139,0.767946,-0.022401,0.106518,0.801516,-0.057752,0.120036,0.861322,-0.054256,0.131743,0.903301,-0.042116,0.079617,0.792129,-0.026318,0.084985,0.814431,-0.052799,0.099423,0.859637,-0.051083,0.110200,0.887829,-0.041889
4679,0,0.545881,0.147674,1.445666,10.174261,3.928490,0.143842,0.957045,-0.000000,0.183851,0.914751,-0.016560,0.200497,0.843574,-0.026245,0.175654,0.785339,-0.035413,0.140155,0.756088,-0.044580,0.198578,0.768252,-0.022016,0.187667,0.717183,-0.043160,0.169013,0.678495,-0.057170,0.151682,0.644868,-0.066693,0.156832,0.761601,-0.023194,0.146675,0.799123,-0.057461,0.151859,0.860948,-0.065144,0.160419,0.904440,-0.062981,0.119580,0.776037,-0.025922,0.116722,0.819273,-0.057170,0.129440,0.874646,-0.052231,0.140823,0.914418,-0.040933,0.086666,0.802658,-0.030538,0.093918,0.834991,-0.053522,0.107680,0.878462,-0.051101,0.118549,0.905119,-0.042579
4713,0,0.483312,0.113647,0.556179,10.088763,3.899369,0.156117,0.965903,-0.000000,0.195585,0.925874,-0.015850,0.214384,0.855428,-0.024890,0.190874,0.798181,-0.033602,0.155648,0.768585,-0.042490,0.205860,0.773565,-0.020766,0.199491,0.726392,-0.042458,0.182894,0.689590,-0.057101,0.166714,0.658257,-0.066757,0.165226,0.766970,-0.022140,0.159016,0.806315,-0.054576,0.164306,0.866642,-0.061641,0.172748,0.909427,-0.059723,0.129354,0.783484,-0.025274,0.130987,0.827976,-0.055119,0.142043,0.881251,-0.050132,0.152742,0.919947,-0.039549,0.097482,0.812589,-0.030341,0.107527,0.847636,-0.052529,0.120876,0.890795,-0.050419,0.131973,0.917207,-0.042522
4755,0,0.480631,0.161687,0.295239,9.922018,3.773223,0.166208,0.974037,-0.000000,0.207356,0.932803,-0.015462,0.227991,0.863249,-0.023710,0.204093,0.806603,-0.031767,0.168057,0.776813,-0.039920,0.217167,0.783236,-0.018005,0.214336,0.736880,-0.039125,0.200154,0.700733,-0.053554,0.184614,0.669011,-0.063058,0.177028,0.774945,-0.019229,0.169574,0.813392,-0.050185,0.174415,0.873669,-0.056701,0.182353,0.916022,-0.054572,0.141568,0.789801,-0.022439,0.141906,0.835104,-0.050472,0.153723,0.886934,-0.044941,0.164587,0.924126,-0.034358,0.110105,0.817679,-0.027651,0.119077,0.852109,-0.048056,0.132841,0.894199,-0.045354,0.143905,0.919990,-0.037218
4787,0,0.464031,0.229214,0.845750,9.726975,3.699825,0.175643,0.976269,-0.000000,0.218121,0.936032,-0.012855,0.241547,0.869204,-0.020242,0.218474,0.812538,-0.027938,0.183497,0.782568,-0.035965,0.230490,0.788967,-0.016134,0.229057,0.743348,-0.035681,0.216649,0.707815,-0.048923,0.203146,0.676830,-0.057519,0.190263,0.776549,-0.017998,0.185011,0.823597,-0.047058,0.187778,0.883706,-0.052589,0.193526,0.926825,-0.049997,0.154928,0.788348,-0.021538,0.156137,0.842467,-0.047374,0.165610,0.894251,-0.041591,0.174665,0.931510,-0.031256,0.123235,0.813402,-0.026942,0.132123,0.854973,-0.045320,0.144532,0.898692,-0.042128,0.154556,0.925234,-0.033879
4835,0,0.300320,0.162061,0.268785,9.515350,3.607662,0.182230,0.976259,-0.000000,0.226032,0.938306,-0.013425,0.252880,0.871159,-0.020889,0.231228,0.813211,-0.028305,0.195564,0.783713,-0.036364,0.244068,0.791707,-0.017337,0.241943,0.746269,-0.036113,0.231022,0.709827,-0.048881,0.219518,0.678067,-0.057112,0.203649,0.777233,-0.018636,0.197403,0.822797,-0.049226,0.197587,0.885817,-0.055328,0.201607,0.933948,-0.052073,0.167777,0.785985,-0.021421,0.167296,0.841118,-0.048255,0.175219,0.895726,-0.043186,0.183288,0.937463,-0.032452,0.135342,0.808130,-0.025943,0.142017,0.849664,-0.045001,0.153334,0.896036,-0.042278,0.163121,0.925396,-0.033891
4887,0,0.264381,0.131828,0.254662,9.287512,3.564103,0.189963,0.973374,-0.000000,0.234904,0.938606,-0.012075,0.262883,0.872726,-0.018982,0.241942,0.814006,-0.026281,0.207025,0.783766,-0.034300,0.252808,0.792185,-0.016523,0.252412,0.745169,-0.034989,0.244033,0.707451,-0.047456,0.234947,0.674929,-0.055506,0.213428,0.776709,-0.018559,0.208871,0.822698,-0.049085,0.209094,0.885098,-0.055255,0.211833,0.934630,-0.052029,0.178194,0.784816,-0.021911,0.178485,0.841414,-0.048583,0.186073,0.895469,-0.043916,0.193104,0.937776,-0.033548,0.145472,0.806159,-0.026939,0.153028,0.850063,-0.045702,0.164384,0.895296,-0.043446,0.173322,0.924744,-0.035521
4920,0,0.313005,0.101798,0.282409,8.999725,3.491904,0.198923,0.972010,-0.000000,0.243799,0.937065,-0.010963,0.272762,0.871155,-0.017285,0.253015,0.811578,-0.024130,0.219279,0.780332,-0.031757,0.262437,0.791945,-0.015683,0.263760,0.745297,-0.033351,0.257404,0.706299,-0.045104,0.251169,0.672673,-0.052793,0.223770,0.774593,-0.017988,0.220754,0.820989,-0.047323,0.219087,0.882172,-0.052824,0.220763,0.931535,-0.049354,0.188788,0.781489,-0.021520,0.190371,0.839489,-0.046885,0.196262,0.892385,-0.041947,0.202667,0.934168,-0.031694,0.156326,0.801949,-0.026693,0.164447,0.846965,-0.044166,0.174889,0.891293,-0.041759,0.183441,0.920307,-0.033945
4972,0,0.238539,0.080033,0.196769,8.795741,3.456884,0.206537,0.972048,-0.000000,0.251313,0.938430,-0.012286,0.281010,0.869977,-0.018336,0.262186,0.809507,-0.024572,0.227764,0.778287,-0.031698,0.270772,0.787907,-0.015100,0.272842,0.743930,-0.032462,0.267592,0.704621,-0.044031,0.262591,0.670238,-0.051795,0.231990,0.770242,-0.017073,0.228243,0.814628,-0.047180,0.226883,0.877430,-0.053230,0.229021,0.929308,-0.049488,0.196695,0.777878,-0.020472,0.197933,0.836435,-0.047118,0.204244,0.891205,-0.043220,0.211090,0.934478,-0.032992,0.164038,0.799798,-0.025570,0.171853,0.846412,-0.044498,0.182745,0.892006,-0.043220,0.191719,0.921730,-0.035861
5018,0,0.243252,0.096629,0.144272,8.565347,3.362184,0.211504,0.969806,-0.000000,0.257028,0.936590,-0.013490,0.288003,0.868848,-0.019882,0.270247,0.808092,-0.026337,0.236060,0.776080,-0.033514,0.277762,0.785655,-0.014456,0.280493,0.741105,-0.031347,0.276357,0.702059,-0.042277,0.273217,0.667745,-0.049564,0.239480,0.767368,-0.015987,0.236160,0.809462,-0.046674,0.234160,0.872841,-0.053270,0.235946,0.925552,-0.049218,0.204286,0.773919,-0.019034,0.205379,0.831775,-0.046643,0.211513,0.887842,-0.043502,0.218534,0.932004,-0.033011,0.171885,0.794619,-0.023777,0.178615,0.841706,-0.043314,0.188939,0.887884,-0.042465,0.197915,0.917537,-0.034959
5063,0,0.146625,0.094655,0.240372,8.452790,3.287639,0.213518,0.968514,-0.000000,0.259776,0.938166,-0.014383,0.292536,0.870990,-0.020803,0.276804,0.807841,-0.027151,0.242255,0.774478,-0.034291,0.281324,0.786856,-0.015309,0.285440,0.740439,-0.031220,0.282497,0.701336,-0.041036,0.280402,0.666309,-0.047812,0.243484,0.767503,-0.016370,0.239085,0.806689,-0.047052,0.238005,0.869727,-0.054113,0.239828,0.921408,-0.050282,0.208863,0.771975,-0.018776,0.208517,0.828597,-0.046830,0.216025,0.886576,-0.044519,0.223726,0.931254,-0.034355,0.177350,0.790472,-0.022877,0.182783,0.840065,-0.043157,0.193154,0.886952,-0.043379,0.202534,0.916650,-0.036540
5103,0,0.150652,0.129353,0.271834,8.447302,3.357118,0.215314,0.966358,-0.000000,0.261731,0.937539,-0.017586,0.295119,0.869465,-0.025228,0.279642,0.805556,-0.031836,0.244234,0.772492,-0.039335,0.282833,0.784010,-0.019636,0.288095,0.738801,-0.037269,0.286016,0.699291,-0.048167,0.284644,0.663858,-0.055602,0.244416,0.764093,-0.019381,0.239431,0.804254,-0.052298,0.237864,0.870170,-0.059733,0.239238,0.924028,-0.055571,0.209600,0.769428,-0.020668,0.208535,0.826896,-0.050201,0.216161,0.884586,-0.047850,0.224169,0.928668,-0.037301,0.178106,0.789272,-0.023909,0.182454,0.840085,-0.045816,0.193828,0.887189,-0.046579,0.204321,0.916175,-0.039748
5135,0,0.047373,0.057357,0.113109,8.433995,3.368098,0.216761,0.967138,-0.000000,0.263082,0.937783,-0.018576,0.296192,0.868940,-0.026326,0.281501,0.805308,-0.032841,0.246926,0.772154,-0.040258,0.283320,0.782612,-0.020652,0.289699,0.738243,-0.038515,0.288147,0.698341,-0.049736,0.286733,0.662273,-0.057408,0.244585,0.763096,-0.019986,0.239131,0.804128,-0.053033,0.238457,0.870066,-0.060673,0.240983,0.923209,-0.056710,0.209375,0.769249,-0.020874,0.207869,0.827092,-0.050497,0.216570,0.884538,-0.048151,0.225590,0.928406,-0.037627,0.178119,0.790143,-0.023806,0.181849,0.840163,-0.045901,0.193885,0.886646,-0.046535,0.204938,0.915882,-0.039497
5171,0,0.099925,0.095161,0.139458,8.346754,3.289894,0.216878,0.967003,-0.000000,0.263512,0.936466,-0.017813,0.296999,0.868666,-0.025177,0.282756,0.805406,-0.031587,0.248230,0.772574,-0.038871,0.284583,0.781408,-0.018290,0.290525,0.736217,-0.035308,0.288636,0.696399,-0.046092,0.287266,0.660863,-0.053408,0.246303,0.761570,-0.017781,0.240677,0.801728,-0.050354,0.239443,0.868042,-0.058307,0.241666,0.921978,-0.054330,0.211431,0.766804,-0.018831,0.209660,0.824685,-0.048191,0.217630,0.882593,-0.046442,0.226159,0.927374,-0.036104,0.180259,0.786541,-0.021837,0.183566,0.837300,-0.043706,0.195222,0.884824,-0.044629,0.206118,0.914734,-0.037694
5221,0,0.034368,0.033958,0.219299,8.350176,3.289848,0.216391,0.966983,-0.000000,0.262791,0.937835,-0.018204,0.296948,0.867746,-0.025370,0.283259,0.803193,-0.031379,0.247323,0.771797,-0.038432,0.283945,0.782115,-0.019425,0.290750,0.735970,-0.035894,0.289183,0.696586,-0.046145,0.288153,0.661264,-0.053214,0.246112,0.761817,-0.018493,0.240687,0.803718,-0.050547,0.238865,0.869535,-0.058034,0.240919,0.922970,-0.053953,0.211415,0.767129,-0.019056,0.209448,0.824933,-0.047623,0.217282,0.882448,-0.045566,0.225886,0.927301,-0.035315,0.180502,0.786893,-0.021610,0.183207,0.837426,-0.042867,0.194026,0.884277,-0.043670,0.204777,0.914322,-0.036826
5254,0,0.032212,0.026045,0.139941,8.363868,3.294014,0.215985,0.967265,-0.000000,0.262888,0.937150,-0.018676,0.296768,0.867161,-0.026066,0.282836,0.803059,-0.032281,0.246443,0.772234,-0.039445,0.283936,0.782184,-0.019336,0.290535,0.736444,-0.036032,0.288777,0.697190,-0.046529,0.287804,0.661725,-0.053742,0.245870,0.762261,-0.018322,0.239308,0.802962,-0.050876,0.238159,0.868699,-0.058733,0.240588,0.922090,-0.054773,0.210952,0.767740,-0.018853,0.207647,0.825596,-0.047850,0.216509,0.882986,-0.045982,0.225637,0.926986,-0.035678,0.179684,0.787816,-0.021445,0.181394,0.838347,-0.042826,0.193102,0.884733,-0.043664,0.204301,0.913873,-0.036741
5302,0,0.032595,0.035899,0.090325,8.355100,3.283721,0.215633,0.967000,-0.000000,0.261783,0.936478,-0.017930,0.295610,0.867237,-0.025124,0.281921,0.803323,-0.031273,0.245991,0.772427,-0.038371,0.283707,0.782219,-0.018413,0.290345,0.736504,-0.034862,0.288378,0.697473,-0.045099,0.287497,0.662315,-0.052148,0.245893,0.762164,-0.017705,0.240083,0.803197,-0.050024,0.238393,0.868639,-0.057685,0.240328,0.922175,-0.053597,0.211245,0.767237,-0.018542,0.208676,0.825426,-0.047577,0.216837,0.882915,-0.045742,0.225639,0.927398,-0.035441,0.180031,0.786854,-0.021342,0.182643,0.838052,-0.042910,0.194202,0.885115,-0.043972,0.205229,0.914504,-0.037180
5335,0,0.079141,0.065330,0.182922,8.405231,3.311551,0.215014,0.967501,-0.000000,0.261353,0.937478,-0.018965,0.294995,0.867609,-0.026284,0.281393,0.803955,-0.032380,0.245317,0.773734,-0.039571,0.281913,0.781805,-0.019287,0.289175,0.736712,-0.035871,0.287782,0.697204,-0.046391,0.287169,0.662120,-0.053694,0.243991,0.762709,-0.018048,0.236410,0.803788,-0.050573,0.235805,0.869521,-0.058616,0.238830,0.922803,-0.054820,0.209186,0.768737,-0.018338,0.204089,0.826211,-0.047292,0.213052,0.882545,-0.045619,0.222293,0.926338,-0.035485,0.177928,0.789071,-0.020686,0.177707,0.838226,-0.042048,0.189460,0.884119,-0.042755,0.200626,0.913584,-0.035839
5381,0,0.042280,0.056632,0.134225,8.395026,3.296935,0.213950,0.965931,-0.000000,0.259805,0.937044,-0.018156,0.293859,0.867962,-0.025370,0.280200,0.803781,-0.031491,0.243938,0.773565,-0.038689,0.281852,0.782969,-0.019361,0.288442,0.736209,-0.035765,0.286824,0.696629,-0.046144,0.285803,0.661473,-0.053342,0.244522,0.762675,-0.018397,0.237246,0.804219,-0.050515,0.235720,0.869666,-0.058163,0.238125,0.922878,-0.054274,0.210118,0.767629,-0.018895,0.205728,0.825601,-0.047333,0.213599,0.882227,-0.045148,0.222113,0.926161,-0.034898,0.179024,0.786886,-0.021417,0.179755,0.836576,-0.042288,0.190508,0.883065,-0.042706,0.201058,0.912721,-0.035669
5426,0,0.067406,0.041619,0.113656,8.427603,3.297921,0.212553,0.966488,-0.000000,0.258456,0.937197,-0.018096,0.292380,0.867717,-0.024898,0.279436,0.803886,-0.030642,0.243386,0.773828,-0.037412,0.280641,0.783096,-0.018481,0.287541,0.737046,-0.034653,0.285847,0.697524,-0.044759,0.284687,0.662561,-0.051754,0.243011,0.763646,-0.017471,0.234229,0.803706,-0.049797,0.233529,0.868860,-0.057722,0.236775,0.922394,-0.053808,0.208411,0.768703,-0.017952,0.202557,0.826663,-0.046492,0.211422,0.882484,-0.044824,0.220674,0.925961,-0.034813,0.177114,0.787986,-0.020439,0.176195,0.838665,-0.041262,0.187502,0.884402,-0.042128,0.198609,0.913569,-0.035455
5453,0,0.058151,0.055399,0.064506,8.467503,3.322161,0.212051,0.967577,-0.000000,0.257686,0.937100,-0.018630,0.291771,0.867705,-0.025973,0.278840,0.803785,-0.032098,0.242303,0.773621,-0.039280,0.279236,0.782781,-0.019688,0.286215,0.737483,-0.036458,0.284353,0.697662,-0.046976,0.283169,0.662158,-0.054287,0.241423,0.763304,-0.018630,0.233218,0.803780,-0.051048,0.232915,0.869141,-0.058872,0.236357,0.922133,-0.054992,0.206583,0.768718,-0.019063,0.201322,0.827645,-0.047874,0.210555,0.883809,-0.046014,0.220199,0.926804,-0.035913,0.175182,0.788807,-0.021564,0.175302,0.839603,-0.042711,0.187238,0.885342,-0.043449,0.198689,0.914303,-0.036619
5506,0,0.030793,0.027100,0.079963,8.479537,3.326005,0.211703,0.967315,-0.000000,0.257319,0.937212,-0.018741,0.291282,0.868084,-0.026276,0.278008,0.803914,-0.032577,0.241303,0.774031,-0.039919,0.278813,0.783473,-0.019783,0.284902,0.736542,-0.036392,0.282767,0.696880,-0.046781,0.281217,0.661634,-0.053867,0.241062,0.763915,-0.018645,0.232873,0.803997,-0.051430,0.231978,0.869780,-0.059382,0.234748,0.923852,-0.055342,0.206361,0.769051,-0.018982,0.201336,0.826879,-0.048031,0.210279,0.883735,-0.046268,0.219447,0.928091,-0.035975,0.175233,0.788554,-0.021354,0.175556,0.838754,-0.042581,0.186995,0.884700,-0.043286,0.197904,0.914171,-0.036360
5534,0,0.054830,0.035523,0.125503,8.489336,3.317500,0.210127,0.966720,-0.000000,0.256067,0.937232,-0.018776,0.289956,0.867826,-0.026100,0.276961,0.803174,-0.032139,0.241017,0.772015,-0.039286,0.277777,0.784093,-0.019836,0.284068,0.737406,-0.036588,0.281500,0.697895,-0.047124,0.279224,0.662659,-0.054320,0.240291,0.764405,-0.018503,0.231055,0.804277,-0.051140,0.230521,0.869592,-0.059074,0.233627,0.922747,-0.055187,0.205786,0.769163,-0.018679,0.199650,0.825823,-0.047702,0.208291,0.882579,-0.045775,0.217571,0.926220,-0.035496,0.174712,0.787861,-0.020880,0.174201,0.836537,-0.042145,0.184987,0.882685,-0.042756,0.195754,0.912464,-0.035785
5586,0,0.166999,0.162270,0.329229,8.374269,3.205587,0.207871,0.964525,-0.000000,0.253536,0.937690,-0.017377,0.289661,0.866467,-0.023473,0.280620,0.800313,-0.028642,0.246516,0.767043,-0.034658,0.277702,0.781637,-0.016417,0.282855,0.735644,-0.032546,0.279023,0.697528,-0.042530,0.275747,0.663195,-0.049283,0.241246,0.762637,-0.015793,0.234770,0.797099,-0.047395,0.232182,0.863345,-0.054467,0.233788,0.916254,-0.050115,0.207150,0.767180,-0.016849,0.203327,0.818011,-0.046403,0.209239,0.878126,-0.043939,0.217045,0.923564,-0.033090,0.175569,0.784984,-0.019745,0.176892,0.829722,-0.042018,0.186339,0.878689,-0.042530,0.196460,0.909427,-0.035394
5629,0,0.358759,0.282994,2.164929,8.237147,3.139160,0.206770,0.957830,-0.000000,0.252769,0.934597,-0.021980,0.295436,0.863654,-0.028739,0.295703,0.796382,-0.033780,0.265133,0.767700,-0.039303,0.276453,0.777234,-0.018046,0.280907,0.724751,-0.036478,0.275111,0.687600,-0.047524,0.270200,0.656910,-0.054427,0.240466,0.762773,-0.015718,0.232653,0.776818,-0.051088,0.227850,0.842270,-0.058859,0.228656,0.894827,-0.053561,0.206338,0.768008,-0.015871,0.198260,0.801235,-0.049932,0.202253,0.862789,-0.048359,0.209945,0.908468,-0.036478,0.173964,0.785033,-0.018046,0.170553,0.820542,-0.043799,0.179531,0.870976,-0.045372,0.190869,0.902310,-0.038180
5663,0,0.458037,0.385887,5.721618,8.034761,3.036311,0.204834,0.949303,-0.000000,0.252226,0.927760,-0.023824,0.298023,0.861864,-0.030061,0.309815,0.797429,-0.035074,0.288035,0.769123,-0.040332,0.276184,0.774078,-0.010769,0.281466,0.715372,-0.031384,0.271078,0.679887,-0.043402,0.261252,0.652033,-0.050260,0.239337,0.771622,-0.009830,0.229875,0.736362,-0.050097,0.224892,0.802972,-0.061135,0.227616,0.855996,-0.055550,0.204383,0.781950,-0.012083,0.192623,0.778623,-0.055289,0.197388,0.847201,-0.055714,0.205983,0.892071,-0.041377,0.169973,0.800618,-0.015643,0.164463,0.806165,-0.047321,0.173609,0.860525,-0.047582,0.185619,0.894163,-0.037719
5709,0,0.659889,0.497876,3.401407,7.490444,2.662152,0.202705,0.938748,-0.000000,0.251329,0.918172,-0.023585,0.298712,0.854149,-0.028635,0.316811,0.790041,-0.032646,0.299165,0.749348,-0.036772,0.276038,0.765452,-0.003730,0.281432,0.705272,-0.022776,0.271193,0.668531,-0.035550,0.261468,0.642324,-0.042581,0.240140,0.763448,-0.002993,0.233423,0.702596,-0.038026,0.223711,0.757593,-0.050074,0.223581,0.808424,-0.046047,0.205870,0.775143,-0.005682,0.194609,0.742412,-0.044958,0.192310,0.805153,-0.045585,0.197925,0.851325,-0.032134,0.172997,0.796229,-0.009672,0.165656,0.778306,-0.039115,0.170439,0.827535,-0.037861,0.179922,0.865319,-0.027348
5743,0,0.728884,0.601464,2.877375,6.892688,2.335180,0.205745,0.931796,0.000000,0.256185,0.908179,-0.022885,0.303087,0.840849,-0.027860,0.321946,0.772277,-0.031310,0.299205,0.728865,-0.034991,0.275460,0.752312,-0.003748,0.279684,0.693939,-0.018275,0.271871,0.656075,-0.030795,0.264151,0.625326,-0.039402,0.236772,0.748673,-0.002915,0.234851,0.675506,-0.027727,0.226487,0.715003,-0.039369,0.223377,0.756260,-0.039369,0.201032,0.760788,-0.004801,0.195421,0.701368,-0.032039,0.194373,0.749332,-0.031011,0.197863,0.791256,-0.021542,0.168225,0.785702,-0.008549,0.164760,0.747180,-0.029767,0.168895,0.783162,-0.026666,0.174826,0.818520,-0.018043
5795,0,0.827935,0.439975,1.442072,6.204272,2.004829,0.204274,0.912490,0.000000,0.256546,0.888373,-0.023973,0.301802,0.824863,-0.029565,0.321069,0.758792,-0.033079,0.307275,0.710003,-0.036458,0.270982,0.734860,-0.008329,0.276507,0.674235,-0.019699,0.272099,0.633293,-0.031491,0.266205,0.600104,-0.040547,0.232552,0.728526,-0.006116,0.228637,0.649076,-0.023297,0.229515,0.666684,-0.034414,0.231431,0.696619,-0.037810,0.197409,0.739375,-0.006340,0.190286,0.669876,-0.022740,0.196207,0.691000,-0.022706,0.202419,0.720511,-0.018651,0.164967,0.763816,-0.009131,0.160238,0.714032,-0.021591,0.167366,0.727093,-0.018854,0.173552,0.751115,-0.013617
5839,0,1.068565,0.866795,8.826864,5.718540,1.747876,0.201999,0.901694,0.000000,0.256432,0.872396,-0.022887,0.300865,0.810490,-0.027485,0.321603,0.746741,-0.030078,0.316426,0.694847,-0.031789,0.270950,0.717065,-0.003533,0.276195,0.650440,-0.010233,0.272374,0.611839,-0.019447,0.266652,0.580085,-0.026310,0.234064,0.709312,0.000928,0.232935,0.642209,-0.001834,0.229218,0.613447,-0.008812,0.224608,0.594388,-0.013924,0.199547,0.716275,0.001881,0.194223,0.658302,-0.000089,0.191442,0.629356,-0.002006,0.189614,0.607099,-0.004194,0.165849,0.737055,-0.000341,0.160639,0.693753,-0.001721,0.158762,0.673897,0.000218,0.158083,0.660270,0.002028
5872,0,0.844092,0.543402,0.375669,4.890290,1.233976,0.202280,0.885690,0.000000,0.255487,0.858623,-0.022826,0.299955,0.799195,-0.028921,0.322038,0.736551,-0.033078,0.321174,0.683213,-0.036571,0.272131,0.703455,-0.009055,0.279067,0.631563,-0.019578,0.276775,0.589791,-0.030580,0.272353,0.554362,-0.038492,0.236550,0.692967,-0.006436,0.237027,0.618629,-0.013849,0.233198,0.578449,-0.023804,0.228177,0.547806,-0.031104,0.202202,0.697235,-0.007152,0.199243,0.629487,-0.014216,0.195741,0.589408,-0.020713,0.192959,0.556433,-0.025638,0.167468,0.714997,-0.010549,0.162461,0.662067,-0.017718,0.158486,0.631019,-0.020119,0.155821,0.604657,-0.020940
5918,0,0.598001,0.334159,0.316784,4.314601,0.962400,0.201023,0.872323,0.000000,0.255025,0.846586,-0.022839,0.300561,0.785390,-0.029009,0.324348,0.723040,-0.033389,0.328989,0.669570,-0.037130,0.272199,0.686924,-0.009283,0.281995,0.612937,-0.020888,0.281723,0.569084,-0.032360,0.279008,0.531562,-0.040677,0.236969,0.674533,-0.007731,0.240290,0.595715,-0.016757,0.238714,0.549413,-0.027857,0.235788,0.512407,-0.036031,0.202219,0.677406,-0.009673,0.201656,0.604489,-0.019150,0.199607,0.560136,-0.027857,0.198028,0.522788,-0.034098,0.166618,0.693863,-0.014177,0.161446,0.636891,-0.024346,0.157033,0.602905,-0.029045,0.154202,0.572081,-0.031332
5951,0,0.577201,0.351801,0.295510,3.911216,0.898253,0.200630,0.861010,0.000000,0.254801,0.834961,-0.025219,0.300135,0.774964,-0.033601,0.325437,0.713193,-0.039850,0.338425,0.658987,-0.045328,0.272080,0.672285,-0.013188,0.284364,0.595788,-0.026561,0.286078,0.549410,-0.038968,0.285306,0.509240,-0.048048,0.237394,0.658719,-0.011451,0.243948,0.575884,-0.022590,0.244786,0.525095,-0.034722,0.243827,0.484621,-0.043526,0.202675,0.661625,-0.013372,0.204498,0.582721,-0.025145,0.203899,0.534447,-0.035457,0.203754,0.494161,-0.042497,0.167549,0.678456,-0.017922,0.162436,0.616651,-0.030623,0.158014,0.578506,-0.037111,0.154924,0.543953,-0.040438
5997,0,0.428822,0.228071,0.301686,3.627583,0.890631,0.199092,0.849275,0.000000,0.253094,0.823640,-0.025280,0.299422,0.765735,-0.034555,0.326153,0.704040,-0.041702,0.346915,0.652909,-0.048164,0.272018,0.660126,-0.015614,0.287687,0.583757,-0.030069,0.290958,0.535713,-0.042842,0.290694,0.493898,-0.052118,0.237766,0.645490,-0.014474,0.248300,0.560995,-0.026534,0.250898,0.507801,-0.038699,0.250359,0.464767,-0.047632,0.203253,0.648479,-0.016888,0.207347,0.567625,-0.029423,0.208240,0.517545,-0.040029,0.208971,0.475765,-0.047328,0.166936,0.665242,-0.021877,0.162948,0.600938,-0.034973,0.159626,0.560411,-0.041664,0.157313,0.523559,-0.045313
6030,0,0.385549,0.174489,0.089742,3.358256,0.900557,0.198362,0.837578,0.000000,0.253220,0.813542,-0.026728,0.300465,0.756908,-0.036932,0.328750,0.695280,-0.044759,0.351935,0.644159,-0.051871,0.273073,0.648349,-0.017712,0.290403,0.572049,-0.033125,0.294421,0.522931,-0.046460,0.294939,0.480018,-0.056123,0.238876,0.632319,-0.016388,0.250922,0.546364,-0.029492,0.254732,0.491725,-0.042092,0.255350,0.446972,-0.051291,0.203971,0.635121,-0.018698,0.209487,0.552539,-0.032448,0.211311,0.501559,-0.043329,0.212729,0.458615,-0.050712,0.167063,0.652222,-0.023636,0.163360,0.586905,-0.037918,0.160781,0.545140,-0.044991,0.159216,0.507044,-0.048818
6063,0,0.343030,0.136146,0.073480,3.021494,0.858555,0.198282,0.827654,0.000000,0.254356,0.802380,-0.025945,0.303546,0.744888,-0.035774,0.332687,0.683861,-0.043352,0.357103,0.633427,-0.050206,0.274171,0.636124,-0.016340,0.292536,0.559653,-0.031251,0.297859,0.510609,-0.044488,0.299503,0.467602,-0.054044,0.239686,0.620506,-0.015293,0.253089,0.533871,-0.027883,0.258193,0.478175,-0.040415,0.259847,0.432533,-0.049579,0.204665,0.623035,-0.017838,0.211324,0.539610,-0.031173,0.214558,0.488695,-0.041825,0.217105,0.446357,-0.049031,0.167918,0.639304,-0.022969,0.164695,0.572760,-0.036734,0.162523,0.530983,-0.043391,0.161303,0.493180,-0.046838
6092,0,0.306398,0.096889,0.088952,2.751899,0.806462,0.197720,0.816040,0.000000,0.255484,0.792153,-0.027037,0.305812,0.735820,-0.037270,0.335872,0.674598,-0.045048,0.361552,0.624566,-0.052055,0.275183,0.625844,-0.017329,0.295075,0.548164,-0.032579,0.301251,0.498508,-0.045880,0.303694,0.454939,-0.055499,0.240429,0.609584,-0.015706,0.255580,0.522311,-0.028541,0.261379,0.466131,-0.041129,0.263684,0.420017,-0.050313,0.205490,0.611633,-0.017764,0.213889,0.527866,-0.031292,0.218103,0.476887,-0.041842,0.221619,0.434494,-0.048928,0.168683,0.627358,-0.022524,0.167164,0.561352,-0.036340,0.165709,0.519521,-0.042871,0.164901,0.481599,-0.046196
6126,0,0.274145,0.058968,0.115269,2.518885,0.803960,0.199187,0.806873,0.000000,0.257634,0.782709,-0.026131,0.308661,0.726182,-0.036358,0.339638,0.665819,-0.044280,0.367086,0.617157,-0.051468,0.276313,0.616854,-0.017295,0.298059,0.538940,-0.032624,0.305569,0.489037,-0.045789,0.309394,0.445319,-0.055241,0.241583,0.600637,-0.016054,0.257750,0.512265,-0.029130,0.264927,0.455811,-0.041580,0.268396,0.409407,-0.050634,0.206518,0.602251,-0.018328,0.215223,0.517324,-0.032188,0.220179,0.465758,-0.042652,0.224304,0.423121,-0.049522,0.169849,0.617697,-0.023153,0.169247,0.550575,-0.037152,0.168295,0.508848,-0.043565,0.167964,0.471051,-0.046782
6160,0,0.282394,0.067518,0.044829,2.264038,0.762143,0.200425,0.797588,0.000000,0.260032,0.773543,-0.025828,0.311828,0.717274,-0.035673,0.342934,0.657353,-0.043366,0.370762,0.609277,-0.050262,0.278894,0.607168,-0.015933,0.300971,0.529048,-0.030771,0.308749,0.479325,-0.043725,0.312784,0.435448,-0.053092,0.243890,0.590941,-0.014877,0.260019,0.502657,-0.027582,0.267610,0.446243,-0.039998,0.271582,0.399516,-0.048986,0.208645,0.592282,-0.017408,0.216801,0.507913,-0.031010,0.222383,0.456665,-0.041293,0.227492,0.413982,-0.048029,0.171915,0.607019,-0.022540,0.170806,0.539680,-0.036072,0.170339,0.498009,-0.042130,0.171021,0.460650,-0.045120
6188,0,0.225299,0.047563,0.063473,2.084833,0.767793,0.201427,0.789957,0.000000,0.260779,0.766157,-0.025744,0.313328,0.709625,-0.035850,0.345336,0.649688,-0.043699,0.374461,0.601946,-0.050769,0.280089,0.599977,-0.016916,0.303481,0.521331,-0.031876,0.312380,0.471190,-0.044618,0.317257,0.427404,-0.053765,0.244803,0.583501,-0.015918,0.262123,0.494118,-0.028620,0.270252,0.437656,-0.040723,0.274356,0.391271,-0.049451,0.209687,0.584817,-0.018394,0.218702,0.499444,-0.031896,0.224897,0.448273,-0.041942,0.230388,0.405961,-0.048453,0.173303,0.599476,-0.023427,0.172638,0.531328,-0.036889,0.172299,0.489541,-0.042780,0.172837,0.452342,-0.045577
6221,0,0.206628,0.101807,0.053077,1.935013,0.722340,0.202008,0.781064,0.000000,0.261791,0.757619,-0.025651,0.314788,0.702385,-0.035920,0.347476,0.643484,-0.044002,0.376525,0.596546,-0.051343,0.281231,0.593247,-0.017388,0.306014,0.515838,-0.032791,0.315812,0.465905,-0.045807,0.321673,0.422480,-0.055073,0.246173,0.576825,-0.016536,0.264615,0.487913,-0.029803,0.273024,0.431397,-0.042197,0.277592,0.384673,-0.051142,0.211262,0.577728,-0.019123,0.221134,0.492662,-0.033172,0.228164,0.441939,-0.043320,0.234431,0.399737,-0.049939,0.174916,0.592147,-0.024227,0.174287,0.524254,-0.038046,0.174294,0.482598,-0.044002,0.175260,0.444868,-0.046930
6256,0,0.182309,0.062830,0.039361,1.784845,0.673889,0.202861,0.774094,0.000000,0.262968,0.751263,-0.026509,0.316122,0.697327,-0.036874,0.348876,0.638210,-0.044886,0.377946,0.590943,-0.052102,0.282923,0.587636,-0.017351,0.308063,0.510631,-0.032748,0.317873,0.460847,-0.045843,0.323808,0.417165,-0.055251,0.248039,0.570377,-0.016065,0.266626,0.482107,-0.029180,0.275320,0.425944,-0.041618,0.280265,0.379524,-0.050587,0.213412,0.570597,-0.018327,0.223754,0.486533,-0.032389,0.231237,0.436455,-0.042574,0.237718,0.395116,-0.049152,0.177282,0.584234,-0.023181,0.176724,0.516987,-0.037093,0.176845,0.475541,-0.043132,0.177824,0.438334,-0.046042
6285,0,0.152655,0.047846,0.111367,1.661268,0.633492,0.204207,0.768396,0.000000,0.263858,0.746366,-0.026329,0.316593,0.692115,-0.036889,0.350112,0.633480,-0.045062,0.379759,0.586047,-0.052420,0.283996,0.583224,-0.017629,0.309673,0.505822,-0.032971,0.320429,0.456087,-0.045977,0.326931,0.412791,-0.055204,0.249491,0.565933,-0.016257,0.268946,0.477866,-0.029133,0.277939,0.421835,-0.041363,0.282672,0.375786,-0.050193,0.214821,0.565775,-0.018345,0.226552,0.481860,-0.031898,0.234322,0.431806,-0.041642,0.240972,0.390786,-0.048045,0.178860,0.578923,-0.023028,0.179383,0.511585,-0.036372,0.180127,0.470221,-0.041960,0.181449,0.433345,-0.044665
6318,0,0.127071,0.037380,0.062972,1.559796,0.606714,0.205694,0.763837,0.000000,0.265683,0.741512,-0.026023,0.318308,0.687558,-0.036349,0.351433,0.629579,-0.044435,0.380516,0.582336,-0.051769,0.285895,0.578054,-0.016411,0.311154,0.501679,-0.031394,0.321441,0.452552,-0.044316,0.327760,0.409771,-0.053592,0.251137,0.561295,-0.015291,0.270281,0.473953,-0.027965,0.279276,0.418291,-0.040273,0.284404,0.372595,-0.049152,0.216436,0.561708,-0.017709,0.227830,0.478115,-0.031255,0.235896,0.428264,-0.041145,0.243114,0.387350,-0.047646,0.180469,0.575220,-0.022693,0.180476,0.508397,-0.036131,0.181282,0.466826,-0.041898,0.183040,0.429795,-0.044673
6373,0,0.084778,0.027753,0.043204,1.494977,0.592209,0.206884,0.760229,0.000000,0.266639,0.738002,-0.025905,0.318953,0.684156,-0.036010,0.352094,0.626200,-0.043940,0.380876,0.579172,-0.051059,0.286612,0.575862,-0.016324,0.311521,0.499551,-0.031482,0.321849,0.450471,-0.044454,0.328285,0.407392,-0.053670,0.252337,0.558538,-0.015365,0.271155,0.471274,-0.027982,0.279976,0.415492,-0.040084,0.285208,0.369584,-0.048845,0.217788,0.558571,-0.017976,0.228916,0.475408,-0.031442,0.237094,0.425892,-0.040974,0.244297,0.385243,-0.047183,0.181563,0.571684,-0.023196,0.181510,0.504962,-0.036347,0.182618,0.463769,-0.041725,0.184788,0.426892,-0.044296
6401,0,0.066480,0.021968,0.070540,1.444026,0.574367,0.207384,0.757407,0.000000,0.267313,0.735468,-0.025956,0.319318,0.681440,-0.036166,0.352309,0.624036,-0.044266,0.380688,0.576356,-0.051558,0.287383,0.573041,-0.016230,0.312097,0.497125,-0.031337,0.322420,0.448220,-0.044345,0.329011,0.405794,-0.053608,0.252956,0.555799,-0.015136,0.271848,0.469059,-0.027770,0.280561,0.413956,-0.039950,0.285388,0.368873,-0.048720,0.218402,0.555746,-0.017590,0.229942,0.472861,-0.031061,0.237984,0.423551,-0.040718,0.244854,0.383350,-0.047025,0.182495,0.569035,-0.022626,0.182845,0.502684,-0.035929,0.183853,0.461582,-0.041546,0.185584,0.425085,-0.044226
6429,0,0.046350,0.017307,0.045827,1.435000,0.581568,0.208318,0.756175,0.000000,0.267775,0.734896,-0.026031,0.319566,0.680610,-0.036223,0.352656,0.622866,-0.044191,0.381228,0.575564,-0.051393,0.288471,0.571585,-0.016547,0.313202,0.495830,-0.031678,0.323443,0.446892,-0.044624,0.329777,0.404608,-0.053793,0.253958,0.554437,-0.015465,0.272838,0.467498,-0.028097,0.281616,0.412339,-0.040197,0.286468,0.367339,-0.048914,0.219388,0.554657,-0.017934,0.230648,0.471619,-0.031442,0.238732,0.422323,-0.041161,0.245843,0.382378,-0.047497,0.183179,0.568259,-0.023001,0.183181,0.502032,-0.036420,0.184053,0.460581,-0.042224,0.185882,0.423826,-0.045057
6463,0,0.052190,0.060080,0.043651,1.390499,0.549502,0.207082,0.755456,0.000000,0.267362,0.733791,-0.025981,0.319710,0.679670,-0.035987,0.352928,0.621558,-0.043847,0.381343,0.573961,-0.050859,0.288614,0.570507,-0.015876,0.313793,0.494669,-0.030827,0.324227,0.446103,-0.043728,0.330702,0.403824,-0.052907,0.254021,0.552951,-0.014783,0.273161,0.466716,-0.027143,0.281929,0.411661,-0.039178,0.286633,0.366765,-0.047865,0.219366,0.552782,-0.017294,0.230989,0.469966,-0.030492,0.239124,0.421071,-0.040006,0.246357,0.381215,-0.046210,0.183187,0.566057,-0.022435,0.183330,0.499807,-0.035515,0.184576,0.458458,-0.041050,0.186919,0.421781,-0.043728
6493,0,0.032364,0.033406,0.041713,1.372940,0.548497,0.207949,0.753842,0.000000,0.267900,0.731737,-0.025446,0.320159,0.677777,-0.035316,0.353040,0.620606,-0.043074,0.381166,0.573445,-0.050062,0.289135,0.569326,-0.016039,0.313880,0.493362,-0.030973,0.324131,0.445035,-0.043785,0.330521,0.402945,-0.052786,0.254444,0.551896,-0.015102,0.273348,0.465347,-0.027400,0.282083,0.410553,-0.039205,0.287065,0.366015,-0.047733,0.219759,0.551780,-0.017678,0.231081,0.469281,-0.030756,0.239188,0.420495,-0.040133,0.246326,0.380839,-0.046232,0.183719,0.565226,-0.022840,0.183970,0.499264,-0.035770,0.185017,0.458193,-0.041179,0.186997,0.421577,-0.043785
6527,0,0.034421,0.032510,0.047493,1.346210,0.527187,0.206710,0.753465,0.000000,0.267014,0.731452,-0.024950,0.319910,0.677435,-0.034430,0.352530,0.619696,-0.041899,0.380266,0.572605,-0.048600,0.288939,0.568598,-0.015510,0.313577,0.492538,-0.030193,0.323782,0.444106,-0.042806,0.330028,0.402390,-0.051674,0.254123,0.551391,-0.014712,0.272961,0.465150,-0.026823,0.281764,0.410315,-0.038628,0.286361,0.366059,-0.047181,0.219376,0.551310,-0.017373,0.230528,0.469080,-0.030232,0.238713,0.420244,-0.039672,0.245646,0.380666,-0.045841,0.182932,0.564619,-0.022566,0.183250,0.498656,-0.035376,0.184496,0.457404,-0.040874,0.186641,0.420759,-0.043555
6557,0,0.039863,0.034175,0.067416,1.329950,0.528562,0.206521,0.752112,0.000000,0.266747,0.730798,-0.025850,0.319256,0.677576,-0.035630,0.351687,0.619682,-0.043222,0.379101,0.571660,-0.049965,0.287914,0.567940,-0.015853,0.312958,0.492234,-0.030780,0.323025,0.443619,-0.043577,0.329123,0.401615,-0.052607,0.253392,0.550574,-0.014650,0.272270,0.464113,-0.026994,0.280847,0.409563,-0.038923,0.285636,0.365278,-0.047520,0.218868,0.550341,-0.017017,0.229685,0.468217,-0.030129,0.237556,0.419372,-0.039534,0.244471,0.379482,-0.045667,0.182833,0.563597,-0.022005,0.183027,0.498142,-0.035059,0.184164,0.456937,-0.040619,0.186378,0.420078,-0.043261
6587,0,0.037799,0.050159,0.059920,1.318275,0.559769,0.207163,0.752172,0.000000,0.266996,0.729517,-0.024922,0.319225,0.675456,-0.034529,0.351653,0.617964,-0.042127,0.379052,0.570508,-0.049017,0.288090,0.567325,-0.015542,0.312380,0.491242,-0.030513,0.322095,0.442570,-0.043308,0.328100,0.400613,-0.052324,0.253192,0.550116,-0.014863,0.271786,0.463521,-0.027284,0.280297,0.408790,-0.039233,0.284881,0.364470,-0.047836,0.218528,0.550276,-0.017648,0.229000,0.467826,-0.030769,0.236799,0.418874,-0.040178,0.243505,0.378975,-0.046301,0.182300,0.563694,-0.022973,0.182599,0.497917,-0.035946,0.183750,0.456641,-0.041418,0.185866,0.419649,-0.044056
6623,0,0.023282,0.035427,0.055423,1.320084,0.535848,0.206275,0.751593,0.000000,0.266429,0.729699,-0.024288,0.318875,0.675744,-0.033625,0.351327,0.618079,-0.040972,0.378271,0.570454,-0.047669,0.287164,0.568255,-0.015640,0.312195,0.492025,-0.030512,0.322355,0.443341,-0.043060,0.328533,0.401544,-0.051885,0.252647,0.550959,-0.015089,0.271648,0.463781,-0.027400,0.280237,0.408813,-0.039140,0.284623,0.364513,-0.047591,0.218233,0.550779,-0.017906,0.228568,0.467931,-0.030887,0.236366,0.418620,-0.040283,0.242772,0.378677,-0.046487,0.182307,0.563879,-0.023145,0.182336,0.498058,-0.036047,0.183356,0.456588,-0.041602,0.185306,0.419903,-0.044281
6657,0,0.028463,0.039852,0.069175,1.330323,0.550258,0.207161,0.751402,0.000000,0.266587,0.728864,-0.025151,0.318859,0.675171,-0.034629,0.350665,0.617630,-0.042043,0.377941,0.570326,-0.048768,0.287704,0.566902,-0.015555,0.312206,0.491691,-0.030519,0.322275,0.443493,-0.043419,0.328501,0.401509,-0.052583,0.253145,0.550098,-0.014906,0.271622,0.464086,-0.027432,0.280021,0.409556,-0.039565,0.284502,0.364904,-0.048335,0.218526,0.550861,-0.017777,0.228692,0.468748,-0.031207,0.236462,0.419672,-0.040902,0.243181,0.378950,-0.047234,0.182239,0.564823,-0.023184,0.182541,0.499326,-0.036536,0.183717,0.457772,-0.042278,0.185840,0.420310,-0.045110
6684,0,0.020968,0.020096,0.032292,1.322777,0.541943,0.206767,0.751729,0.000000,0.266061,0.729718,-0.025376,0.318126,0.675613,-0.034946,0.350324,0.617644,-0.042398,0.377716,0.570125,-0.049104,0.287090,0.567566,-0.015384,0.311764,0.492278,-0.030416,0.321996,0.443946,-0.043417,0.328391,0.401909,-0.052674,0.252732,0.550327,-0.014571,0.271407,0.464138,-0.027082,0.279837,0.409449,-0.039260,0.284246,0.364660,-0.048046,0.218359,0.550608,-0.017326,0.228443,0.468565,-0.030671,0.236064,0.419587,-0.040319,0.242742,0.379157,-0.046634,0.182201,0.564170,-0.022670,0.182610,0.498792,-0.035828,0.183758,0.457556,-0.041456,0.185957,0.420262,-0.044241
6719,0,0.019723,0.015500,0.028474,1.326063,0.539895,0.206453,0.751740,0.000000,0.265855,0.730057,-0.024972,0.317970,0.675877,-0.034396,0.350120,0.618155,-0.041778,0.377424,0.571055,-0.048374,0.287115,0.567288,-0.015411,0.311730,0.492229,-0.030195,0.321827,0.443871,-0.042916,0.328011,0.402135,-0.051947,0.252522,0.550309,-0.014714,0.271084,0.463969,-0.027073,0.279163,0.409597,-0.039029,0.283134,0.365497,-0.047628,0.217953,0.550710,-0.017502,0.227997,0.468732,-0.030685,0.235703,0.419908,-0.040168,0.242427,0.379800,-0.046372,0.181838,0.564506,-0.022832,0.181841,0.499066,-0.035908,0.182961,0.457599,-0.041464,0.185180,0.420447,-0.044212
6777,0,0.030159,0.026324,0.043706,1.330846,0.548393,0.206100,0.752787,0.000000,0.265260,0.730671,-0.025595,0.317113,0.676724,-0.035142,0.349420,0.618516,-0.042586,0.377113,0.571032,-0.049226,0.286441,0.567410,-0.015047,0.311029,0.492650,-0.029917,0.321180,0.444723,-0.042901,0.327405,0.402889,-0.052212,0.251994,0.550284,-0.014173,0.270336,0.464500,-0.026518,0.278305,0.410136,-0.038717,0.282522,0.365624,-0.047576,0.217526,0.550707,-0.016932,0.227464,0.469331,-0.030172,0.234918,0.420547,-0.039836,0.241601,0.380133,-0.046161,0.181430,0.564851,-0.022334,0.181545,0.499584,-0.035476,0.182527,0.458205,-0.041172,0.184757,0.420505,-0.044001
6812,0,0.042745,0.039243,0.059260,1.364177,0.573503,0.205847,0.752823,0.000000,0.265587,0.730352,-0.025310,0.317318,0.676482,-0.035044,0.349676,0.618674,-0.042714,0.376826,0.570841,-0.049676,0.285895,0.568173,-0.016028,0.310836,0.492909,-0.031249,0.320876,0.444441,-0.044287,0.326924,0.402408,-0.053569,0.251494,0.551198,-0.015379,0.269920,0.464821,-0.028201,0.277893,0.410496,-0.040472,0.281712,0.366140,-0.049322,0.217108,0.551792,-0.018250,0.227045,0.469647,-0.031799,0.234727,0.420559,-0.041455,0.241514,0.379884,-0.047827,0.181036,0.565918,-0.023678,0.180782,0.500478,-0.037090,0.181999,0.458826,-0.042871,0.184434,0.421014,-0.045742
6842,0,0.028563,0.029553,0.031818,1.384756,0.594311,0.206389,0.753538,0.000000,0.265818,0.730976,-0.025635,0.317484,0.677153,-0.035398,0.349520,0.619462,-0.043059,0.376707,0.571354,-0.049974,0.286422,0.568061,-0.015911,0.310492,0.493058,-0.031116,0.320061,0.444894,-0.044316,0.325873,0.402727,-0.053785,0.251863,0.551385,-0.015224,0.269423,0.465283,-0.028032,0.277037,0.410788,-0.040506,0.280697,0.365981,-0.049620,0.217246,0.552579,-0.018131,0.226689,0.470855,-0.031843,0.234132,0.421641,-0.041802,0.240656,0.380380,-0.048442,0.181106,0.567180,-0.023612,0.180842,0.501812,-0.037264,0.181713,0.460243,-0.043295,0.183854,0.422004,-0.046399
6867,0,0.042746,0.046602,0.049902,1.373686,0.584849,0.206818,0.753853,0.000000,0.266905,0.731454,-0.025602,0.318397,0.677854,-0.035163,0.349653,0.619661,-0.042644,0.376278,0.571316,-0.049358,0.286277,0.568343,-0.015128,0.309871,0.493174,-0.030000,0.319249,0.444963,-0.042997,0.324927,0.403125,-0.052343,0.251594,0.551711,-0.014264,0.268547,0.465415,-0.026682,0.275998,0.410721,-0.039031,0.279697,0.366059,-0.048062,0.217154,0.552877,-0.017012,0.225926,0.471298,-0.030353,0.233196,0.421962,-0.040248,0.239688,0.381158,-0.046767,0.181247,0.567287,-0.022382,0.180376,0.501918,-0.035693,0.181131,0.460345,-0.041583,0.183167,0.422626,-0.044607
6892,0,0.057042,0.068299,0.055498,1.423250,0.645180,0.207420,0.756334,0.000000,0.266539,0.733311,-0.025673,0.317798,0.678445,-0.035460,0.349611,0.620284,-0.043148,0.376105,0.571693,-0.050052,0.285841,0.569569,-0.015847,0.309663,0.494023,-0.031243,0.318724,0.445397,-0.044560,0.324035,0.403477,-0.053974,0.251386,0.553229,-0.015170,0.268217,0.466297,-0.028066,0.275420,0.411414,-0.040598,0.278773,0.366562,-0.049699,0.217227,0.554667,-0.018103,0.225863,0.472649,-0.031773,0.232761,0.423151,-0.041658,0.238877,0.381730,-0.048208,0.181446,0.569615,-0.023633,0.180508,0.504368,-0.037186,0.181094,0.462466,-0.043109,0.182829,0.424175,-0.046090
6925,0,0.049791,0.050410,0.062672,1.401726,0.602546,0.207141,0.756013,0.000000,0.267161,0.733059,-0.025816,0.318565,0.679023,-0.035504,0.349640,0.620655,-0.043085,0.375492,0.571619,-0.049859,0.285988,0.569287,-0.014719,0.308972,0.494063,-0.029656,0.318024,0.446116,-0.042849,0.323415,0.404610,-0.052262,0.251234,0.552962,-0.013696,0.267593,0.466717,-0.026131,0.274767,0.412422,-0.038694,0.278142,0.368150,-0.047851,0.216895,0.554323,-0.016364,0.225483,0.472900,-0.029656,0.232467,0.423611,-0.039600,0.238668,0.382600,-0.046197,0.181114,0.569308,-0.021661,0.180155,0.504273,-0.034854,0.181018,0.462735,-0.040683,0.183051,0.424812,-0.043715
6959,0,0.045280,0.043317,0.036570,1.440422,0.640167,0.207650,0.756704,0.000000,0.266989,0.733335,-0.025861,0.318530,0.679616,-0.035719,0.349285,0.621520,-0.043475,0.374933,0.572239,-0.050465,0.286321,0.569870,-0.015356,0.308971,0.494585,-0.030652,0.317727,0.446401,-0.043985,0.322843,0.404554,-0.053568,0.251520,0.553657,-0.014609,0.267658,0.467581,-0.027550,0.274545,0.413064,-0.040333,0.277725,0.368136,-0.049719,0.217205,0.555289,-0.017535,0.225661,0.473690,-0.031359,0.232578,0.424341,-0.041590,0.238743,0.383084,-0.048345,0.181285,0.570618,-0.023073,0.180209,0.505348,-0.036818,0.180775,0.463625,-0.043004,0.182662,0.425395,-0.046224
6988,0,0.024311,0.027593,0.032122,1.431671,0.628273,0.208189,0.756707,0.000000,0.267441,0.733268,-0.025754,0.318325,0.679655,-0.035503,0.349546,0.621441,-0.043153,0.375325,0.572428,-0.050018,0.286291,0.570177,-0.014907,0.308898,0.495306,-0.029873,0.317720,0.447207,-0.043074,0.322949,0.405285,-0.052607,0.251910,0.554019,-0.014093,0.267712,0.467916,-0.026794,0.274403,0.413481,-0.039504,0.277763,0.368772,-0.048763,0.217550,0.555497,-0.016937,0.226079,0.473860,-0.030580,0.232943,0.424554,-0.040720,0.239100,0.383172,-0.047429,0.181549,0.570291,-0.022400,0.180223,0.505368,-0.035954,0.180751,0.463689,-0.042054,0.182601,0.425498,-0.045232
7022,0,0.019891,0.022989,0.041684,1.435167,0.619155,0.207712,0.756311,0.000000,0.267305,0.733692,-0.026084,0.318536,0.680274,-0.035934,0.349448,0.621851,-0.043551,0.374935,0.572623,-0.050405,0.286081,0.570359,-0.015519,0.308929,0.495188,-0.030509,0.317452,0.447061,-0.043630,0.322412,0.405025,-0.053068,0.251658,0.554076,-0.014422,0.267460,0.467609,-0.027102,0.273989,0.413125,-0.039713,0.277026,0.368551,-0.048917,0.217426,0.555286,-0.016958,0.225866,0.473771,-0.030529,0.232466,0.424889,-0.040614,0.238313,0.384159,-0.047272,0.181774,0.570048,-0.022109,0.180582,0.504961,-0.035640,0.181156,0.463557,-0.041711,0.182862,0.425907,-0.044805
7055,0,0.015685,0.018460,0.033278,1.429338,0.627769,0.207954,0.756546,0.000000,0.267484,0.733369,-0.026044,0.318393,0.679595,-0.035854,0.349125,0.621332,-0.043510,0.374729,0.572021,-0.050325,0.286604,0.569778,-0.015381,0.308891,0.494234,-0.030234,0.316996,0.446023,-0.043276,0.321611,0.404102,-0.052675,0.251946,0.553987,-0.014344,0.267425,0.467909,-0.026944,0.273907,0.413480,-0.039594,0.276871,0.368989,-0.048837,0.217607,0.555576,-0.016928,0.225907,0.474155,-0.030450,0.232522,0.425006,-0.040573,0.238370,0.384008,-0.047309,0.181740,0.570505,-0.022147,0.180813,0.505304,-0.035697,0.181192,0.463625,-0.041826,0.182912,0.425614,-0.044960
7084,0,0.019740,0.025339,0.040234,1.438963,0.646145,0.208664,0.756618,0.000000,0.267992,0.733038,-0.025638,0.318802,0.679615,-0.035423,0.349481,0.621544,-0.043095,0.374519,0.572391,-0.050023,0.287101,0.569539,-0.015412,0.309064,0.494262,-0.030335,0.317165,0.446078,-0.043486,0.321778,0.404181,-0.052958,0.252223,0.553662,-0.014668,0.267453,0.467537,-0.027399,0.273895,0.413298,-0.040159,0.276765,0.368664,-0.049514,0.217712,0.555523,-0.017506,0.225767,0.474052,-0.031098,0.232462,0.425139,-0.041294,0.238565,0.384178,-0.048105,0.181794,0.570763,-0.022917,0.180747,0.505551,-0.036460,0.181425,0.464014,-0.042586,0.183660,0.426054,-0.045835