t,missing,delta_l1,delta_l1_wrist,delta_angles,delta_base_l1,delta_base_l1_wrist,x0,y0,z0,x1,y1,z1,x2,y2,z2,x3,y3,z3,x4,y4,z4,x5,y5,z5,x6,y6,z6,x7,y7,z7,x8,y8,z8,x9,y9,z9,x10,y10,z10,x11,y11,z11,x12,y12,z12,x13,y13,z13,x14,y14,z14,x15,y15,z15,x16,y16,z16,x17,y17,z17,x18,y18,z18,x19,y19,z19,x20,y20,z20
34,0,,,,0.000000,0.000000,0.163542,0.693442,0.000000,0.224117,0.689384,-0.026892,0.281140,0.654290,-0.038395,0.323269,0.613597,-0.047984,0.358641,0.585487,-0.056967,0.259693,0.534063,-0.021794,0.284004,0.464956,-0.037334,0.294189,0.420464,-0.049614,0.300850,0.379593,-0.059089,0.227220,0.507855,-0.020903,0.246201,0.426744,-0.035116,0.255945,0.376192,-0.046657,0.261039,0.333288,-0.054958,0.192987,0.501402,-0.023442,0.195451,0.421707,-0.038888,0.196003,0.372625,-0.049728,0.197158,0.329524,-0.056739,0.157902,0.511700,-0.028673,0.150337,0.448632,-0.044080,0.145364,0.407995,-0.052040,0.143148,0.369232,-0.056588
67,0,0.050788,0.049241,0.059116,0.050788,0.049241,0.163652,0.693297,0.000000,0.223808,0.689192,-0.026487,0.280737,0.653607,-0.037478,0.322884,0.613084,-0.046565,0.358113,0.585477,-0.055011,0.260115,0.533366,-0.020606,0.284362,0.464482,-0.035386,0.294230,0.419938,-0.047282,0.300884,0.379251,-0.056519,0.227411,0.506977,-0.019606,0.245915,0.426352,-0.032991,0.255557,0.375986,-0.044077,0.260716,0.333482,-0.052070,0.193168,0.500579,-0.022038,0.195614,0.421323,-0.036894,0.195922,0.372516,-0.047470,0.196927,0.330089,-0.054332,0.158238,0.510974,-0.027166,0.150712,0.448415,-0.042229,0.145521,0.407902,-0.050109,0.143125,0.369484,-0.054521
97,0,0.028823,0.028983,0.040583,0.029956,0.030063,0.163688,0.693462,0.000000,0.223851,0.689667,-0.026714,0.280868,0.653745,-0.037913,0.323100,0.612895,-0.047094,0.358369,0.585113,-0.055691,0.260418,0.534012,-0.021643,0.284357,0.464757,-0.036763,0.294172,0.419917,-0.048753,0.300639,0.378942,-0.058067,0.227642,0.507434,-0.020625,0.246204,0.426142,-0.034256,0.255613,0.375990,-0.045398,0.260651,0.333772,-0.053429,0.193285,0.500996,-0.022982,0.195739,0.421230,-0.038007,0.196160,0.372417,-0.048565,0.196978,0.329706,-0.055465,0.158141,0.511284,-0.028034,0.150739,0.448291,-0.043173,0.145744,0.407737,-0.051053,0.143436,0.369208,-0.055503
145,0,0.018781,0.020459,0.057314,0.021721,0.018894,0.163550,0.693162,0.000000,0.223596,0.689371,-0.027078,0.280328,0.653976,-0.038540,0.322412,0.613173,-0.048000,0.358096,0.585276,-0.056799,0.260052,0.533498,-0.021791,0.284459,0.464756,-0.037067,0.294467,0.420296,-0.049171,0.300975,0.379345,-0.058612,0.227428,0.507081,-0.020752,0.246408,0.426055,-0.034612,0.255848,0.375993,-0.045923,0.260746,0.333547,-0.054080,0.193135,0.500617,-0.023131,0.195979,0.421082,-0.038445,0.196146,0.372347,-0.049171,0.196939,0.329430,-0.056157,0.158037,0.511265,-0.028230,0.150874,0.448257,-0.043619,0.145769,0.407885,-0.051588,0.143185,0.369264,-0.056082
177,0,0.032879,0.042357,0.050584,0.045796,0.050809,0.163756,0.693788,0.000000,0.223904,0.689640,-0.026550,0.280719,0.653891,-0.037673,0.322948,0.613324,-0.046869,0.358346,0.585398,-0.055442,0.260099,0.533440,-0.020659,0.284247,0.464533,-0.035558,0.294254,0.419988,-0.047549,0.300905,0.379311,-0.056877,0.227568,0.507126,-0.019733,0.246331,0.425794,-0.033140,0.255902,0.375642,-0.044301,0.260833,0.333403,-0.052383,0.193379,0.500767,-0.022264,0.195795,0.421167,-0.037049,0.196280,0.372202,-0.047700,0.197185,0.329457,-0.054687,0.158338,0.511307,-0.027494,0.150760,0.448426,-0.042450,0.145681,0.407911,-0.050268,0.143344,0.369282,-0.054724
208,0,0.013843,0.018050,0.036781,0.040580,0.053486,0.163899,0.694376,0.000000,0.223851,0.689885,-0.026441,0.280856,0.653638,-0.037570,0.323031,0.613179,-0.046788,0.358426,0.585259,-0.055418,0.260000,0.533461,-0.020914,0.284288,0.464626,-0.035942,0.294407,0.420313,-0.047999,0.301135,0.379595,-0.057387,0.227471,0.507224,-0.020082,0.246407,0.426162,-0.033614,0.256159,0.376009,-0.044781,0.261333,0.333616,-0.052806,0.193196,0.500924,-0.022656,0.195741,0.421272,-0.037532,0.196336,0.372475,-0.047999,0.197492,0.329727,-0.054851,0.158138,0.511417,-0.027898,0.150741,0.448577,-0.042851,0.145821,0.408117,-0.050497,0.143648,0.369359,-0.054851
243,0,0.030332,0.034684,0.044739,0.018273,0.021228,0.163766,0.694080,0.000000,0.223977,0.689873,-0.026970,0.280864,0.654419,-0.038486,0.322718,0.613797,-0.048031,0.358234,0.585295,-0.056933,0.260021,0.533862,-0.021591,0.284241,0.464749,-0.037027,0.294306,0.420297,-0.049281,0.301034,0.379309,-0.058789,0.227419,0.507721,-0.020644,0.246420,0.426312,-0.034660,0.256216,0.376087,-0.046099,0.261374,0.333464,-0.054319,0.193058,0.501683,-0.023163,0.195448,0.421968,-0.038467,0.196159,0.372911,-0.049206,0.197576,0.329719,-0.056138,0.157996,0.512306,-0.028372,0.150628,0.449190,-0.043713,0.145727,0.408426,-0.051592,0.143527,0.369503,-0.056062
271,0,0.018738,0.018612,0.054016,0.027400,0.031116,0.163676,0.694167,0.000000,0.224261,0.690416,-0.026881,0.280816,0.655330,-0.038231,0.322722,0.614013,-0.047595,0.357972,0.585661,-0.056334,0.260023,0.534214,-0.021319,0.284430,0.464964,-0.036528,0.294388,0.420314,-0.048578,0.300965,0.379620,-0.057886,0.227555,0.507862,-0.020279,0.246398,0.426619,-0.034107,0.256046,0.376347,-0.045400,0.261082,0.333943,-0.053535,0.193296,0.501583,-0.022681,0.195538,0.421622,-0.037985,0.195975,0.372496,-0.048805,0.196924,0.329561,-0.055805,0.158370,0.512157,-0.027789,0.150680,0.449004,-0.043244,0.145634,0.408139,-0.051340,0.143289,0.369482,-0.055918
304,0,0.016065,0.024193,0.059236,0.020541,0.032862,0.164038,0.694535,0.000000,0.224041,0.690559,-0.026618,0.280583,0.654880,-0.038075,0.322624,0.614097,-0.047603,0.358101,0.585964,-0.056488,0.260267,0.534365,-0.021722,0.284244,0.465078,-0.037092,0.294268,0.420401,-0.049267,0.300960,0.379526,-0.058644,0.227738,0.507900,-0.020909,0.246538,0.426315,-0.034766,0.256182,0.376239,-0.045902,0.261112,0.333911,-0.053917,0.193398,0.501493,-0.023499,0.195832,0.421654,-0.038699,0.196186,0.372564,-0.049229,0.197070,0.329589,-0.056072,0.158431,0.512141,-0.028774,0.150754,0.448799,-0.043973,0.145699,0.407915,-0.051762,0.143233,0.369176,-0.056110
334,0,0.015325,0.018112,0.049108,0.022107,0.030122,0.163418,0.694650,0.000000,0.223623,0.690228,-0.026949,0.280554,0.654916,-0.038502,0.322679,0.614534,-0.048103,0.358181,0.586267,-0.057080,0.259928,0.534170,-0.021609,0.284351,0.465190,-0.036930,0.294501,0.420693,-0.049088,0.301233,0.379871,-0.058519,0.227365,0.507952,-0.020662,0.246212,0.426968,-0.034525,0.255992,0.376629,-0.045831,0.261098,0.333954,-0.054012,0.193065,0.501685,-0.023181,0.195564,0.421983,-0.038426,0.195826,0.372879,-0.049126,0.196793,0.330002,-0.056095,0.157933,0.512007,-0.028389,0.150545,0.448991,-0.043710,0.145485,0.408262,-0.051702,0.143233,0.369450,-0.056209
367,0,0.023688,0.020081,0.055335,0.029342,0.032679,0.163225,0.693960,0.000000,0.223480,0.690086,-0.026936,0.280264,0.654492,-0.038399,0.321827,0.613536,-0.047895,0.357097,0.585233,-0.056710,0.259461,0.533646,-0.021545,0.283979,0.464647,-0.036792,0.293945,0.420085,-0.048879,0.300577,0.379329,-0.058223,0.227074,0.507466,-0.020448,0.245984,0.426613,-0.034200,0.255645,0.376430,-0.045398,0.260662,0.334180,-0.053457,0.192821,0.501142,-0.022794,0.195511,0.421606,-0.037946,0.195883,0.372775,-0.048538,0.196682,0.330175,-0.055424,0.157888,0.511668,-0.027844,0.150466,0.448644,-0.043091,0.145455,0.407955,-0.050922,0.143037,0.369589,-0.055348
401,0,0.026540,0.029726,0.041889,0.046415,0.057315,0.163332,0.694169,0.000000,0.223521,0.690267,-0.026302,0.280334,0.654389,-0.037318,0.322210,0.613154,-0.046407,0.357382,0.585008,-0.054872,0.259889,0.533385,-0.020974,0.284132,0.463952,-0.035920,0.294150,0.419214,-0.047843,0.300949,0.378348,-0.057101,0.227208,0.507407,-0.020105,0.245949,0.425844,-0.033690,0.255473,0.375642,-0.044820,0.260291,0.333191,-0.052869,0.193101,0.501176,-0.022618,0.195266,0.421240,-0.037545,0.195675,0.372316,-0.048069,0.196452,0.329402,-0.054910,0.158048,0.511788,-0.027757,0.150286,0.448633,-0.042817,0.145214,0.407957,-0.050564,0.142886,0.369162,-0.054910
435,0,0.030774,0.038053,0.059883,0.026616,0.024232,0.163454,0.693317,0.000000,0.223905,0.688765,-0.026811,0.280897,0.653527,-0.038275,0.322200,0.612647,-0.047824,0.357642,0.584716,-0.056730,0.259777,0.532855,-0.021544,0.284105,0.463596,-0.036948,0.294140,0.419172,-0.049151,0.300802,0.378272,-0.058587,0.227067,0.507011,-0.020596,0.246049,0.425870,-0.034599,0.255717,0.375600,-0.046043,0.260678,0.333063,-0.054266,0.192815,0.500900,-0.023059,0.195124,0.421533,-0.038369,0.195540,0.372473,-0.049113,0.196411,0.329582,-0.056085,0.157773,0.511600,-0.028232,0.150443,0.448721,-0.043542,0.145472,0.407999,-0.051462,0.143147,0.369276,-0.055934
463,0,0.017864,0.020785,0.056728,0.026221,0.034346,0.163882,0.693724,0.000000,0.224070,0.689773,-0.026851,0.280664,0.654435,-0.038377,0.322420,0.613457,-0.047957,0.357682,0.584990,-0.056838,0.259682,0.533679,-0.021635,0.284054,0.464146,-0.037168,0.294187,0.419395,-0.049431,0.300884,0.378381,-0.058879,0.227200,0.507503,-0.020672,0.246174,0.425912,-0.034749,0.255888,0.375478,-0.046143,0.260750,0.332839,-0.054268,0.193081,0.500939,-0.023128,0.195211,0.421000,-0.038396,0.195859,0.371704,-0.048977,0.196782,0.328890,-0.055780,0.158186,0.511141,-0.028287,0.150665,0.447980,-0.043498,0.145786,0.407083,-0.051207,0.143448,0.368650,-0.055477
497,0,0.019614,0.017439,0.026050,0.035490,0.045441,0.164149,0.694031,0.000000,0.224260,0.689864,-0.026641,0.281264,0.653915,-0.037986,0.323161,0.613092,-0.047383,0.358304,0.584814,-0.056118,0.260485,0.533190,-0.021460,0.284457,0.463712,-0.036757,0.294324,0.419132,-0.048933,0.300808,0.378155,-0.058349,0.227836,0.507008,-0.020572,0.246720,0.425680,-0.034431,0.256269,0.375483,-0.045757,0.261026,0.332951,-0.053849,0.193535,0.500962,-0.023067,0.195565,0.421327,-0.038175,0.196070,0.372218,-0.048744,0.196931,0.329194,-0.055626,0.158471,0.511333,-0.028248,0.151024,0.448253,-0.043336,0.146035,0.407487,-0.051013,0.143634,0.368675,-0.055362
545,0,0.012051,0.016902,0.058565,0.041751,0.043124,0.163967,0.693705,0.000000,0.224102,0.689525,-0.026756,0.281254,0.653559,-0.038069,0.322827,0.612419,-0.047449,0.358454,0.584535,-0.056203,0.260459,0.533054,-0.021223,0.284365,0.463528,-0.036439,0.294339,0.419076,-0.048548,0.301031,0.378298,-0.057947,0.227923,0.507062,-0.020219,0.246686,0.425802,-0.034033,0.256397,0.375572,-0.045402,0.261460,0.332942,-0.053551,0.193712,0.500887,-0.022682,0.195802,0.421441,-0.037823,0.196262,0.372445,-0.048510,0.197205,0.329362,-0.055445,0.158564,0.511244,-0.027836,0.151253,0.448266,-0.043015,0.146171,0.407518,-0.050860,0.143734,0.368583,-0.055332
577,0,0.017323,0.025617,0.048818,0.051340,0.066276,0.163864,0.694496,0.000000,0.224028,0.689846,-0.026610,0.281170,0.654092,-0.037758,0.322812,0.612978,-0.046975,0.358054,0.584815,-0.055567,0.260373,0.533175,-0.020838,0.284526,0.463725,-0.035979,0.294724,0.419279,-0.048110,0.301442,0.378283,-0.057498,0.227921,0.507119,-0.019891,0.246795,0.426012,-0.033556,0.256442,0.375877,-0.044893,0.261313,0.333287,-0.053031,0.193761,0.500850,-0.022390,0.196090,0.421575,-0.037341,0.196496,0.372644,-0.047959,0.197374,0.329622,-0.054886,0.158587,0.511236,-0.027575,0.151331,0.448099,-0.042584,0.146433,0.407454,-0.050306,0.144068,0.368740,-0.054697
610,0,0.034517,0.045754,0.042123,0.030217,0.028547,0.164092,0.693709,0.000000,0.224287,0.689261,-0.027031,0.281005,0.654093,-0.038716,0.322608,0.613124,-0.048410,0.358350,0.585122,-0.057439,0.260400,0.533134,-0.021966,0.284623,0.464071,-0.037521,0.294487,0.419666,-0.049889,0.301165,0.378641,-0.059450,0.227964,0.507130,-0.020961,0.246982,0.425735,-0.035036,0.256646,0.375762,-0.046513,0.261399,0.332963,-0.054783,0.193832,0.500961,-0.023370,0.196217,0.421571,-0.038640,0.196781,0.372738,-0.049320,0.197794,0.329719,-0.056263,0.158799,0.511193,-0.028473,0.151317,0.448000,-0.043667,0.146433,0.407303,-0.051483,0.144139,0.368392,-0.055884
638,0,0.036069,0.040675,0.034358,0.053412,0.060128,0.163921,0.694102,0.000000,0.224126,0.689778,-0.026720,0.281187,0.654267,-0.037950,0.322841,0.613108,-0.047229,0.358094,0.584909,-0.055864,0.260386,0.532784,-0.020812,0.284540,0.463643,-0.035943,0.294569,0.419244,-0.048100,0.301364,0.378362,-0.057569,0.227798,0.506662,-0.019827,0.246600,0.425284,-0.033538,0.256483,0.375179,-0.044957,0.261479,0.332556,-0.053213,0.193616,0.500408,-0.022327,0.195872,0.421232,-0.037344,0.196509,0.372337,-0.048024,0.197646,0.329279,-0.055031,0.158594,0.511102,-0.027497,0.151158,0.448190,-0.042533,0.146461,0.407481,-0.050373,0.144405,0.368589,-0.054804
672,0,0.017822,0.023024,0.052436,0.041013,0.048433,0.164214,0.694069,0.000000,0.224230,0.689764,-0.026687,0.280939,0.653775,-0.038056,0.322757,0.612862,-0.047452,0.358007,0.584670,-0.056221,0.260239,0.533132,-0.021277,0.284475,0.463848,-0.036462,0.294643,0.419609,-0.048553,0.301437,0.378907,-0.057891,0.227713,0.507303,-0.020328,0.246570,0.425766,-0.034127,0.256305,0.375456,-0.045440,0.261372,0.332792,-0.053640,0.193555,0.501176,-0.022815,0.195823,0.421520,-0.037886,0.196479,0.372290,-0.048591,0.197592,0.329057,-0.055576,0.158568,0.511676,-0.027997,0.151086,0.448308,-0.043048,0.146270,0.407299,-0.050906,0.144051,0.368255,-0.055386
709,0,0.030212,0.032730,0.086597,0.021492,0.021136,0.164241,0.693872,0.000000,0.224554,0.689406,-0.026913,0.281349,0.654278,-0.038447,0.322977,0.612822,-0.047992,0.358230,0.584351,-0.056931,0.260603,0.533927,-0.021780,0.284674,0.464547,-0.037291,0.294558,0.419893,-0.049583,0.301214,0.378769,-0.059128,0.228120,0.507836,-0.020852,0.246765,0.426384,-0.035019,0.256356,0.376030,-0.046590,0.261100,0.333103,-0.054924,0.193871,0.501848,-0.023314,0.195744,0.422159,-0.038750,0.196302,0.372821,-0.049507,0.197372,0.329320,-0.056515,0.158859,0.512304,-0.028466,0.151074,0.449095,-0.043863,0.146237,0.408183,-0.051742,0.143935,0.369012,-0.056174
736,0,0.039070,0.036156,0.080025,0.053877,0.052090,0.164253,0.693666,0.000000,0.224433,0.689518,-0.026772,0.281382,0.653460,-0.037976,0.322642,0.611898,-0.047234,0.358060,0.583959,-0.055812,0.260587,0.532660,-0.021066,0.284646,0.464009,-0.036162,0.294609,0.419587,-0.048254,0.301290,0.378815,-0.057663,0.227987,0.506477,-0.020046,0.246770,0.425462,-0.033725,0.256187,0.375361,-0.044929,0.261147,0.333027,-0.053053,0.193787,0.500473,-0.022465,0.196206,0.420831,-0.037598,0.196616,0.372058,-0.048217,0.197523,0.329290,-0.055056,0.158785,0.511232,-0.027566,0.151362,0.448058,-0.042851,0.146494,0.407297,-0.050786,0.144207,0.368501,-0.055207
769,0,0.019233,0.020801,0.053580,0.045838,0.045836,0.164590,0.693660,0.000000,0.224581,0.689418,-0.026893,0.281819,0.653904,-0.038199,0.323201,0.612506,-0.047536,0.358470,0.584075,-0.056209,0.260752,0.532755,-0.021287,0.284807,0.463190,-0.036438,0.294854,0.418544,-0.048520,0.301620,0.377570,-0.057914,0.228134,0.507069,-0.020245,0.246668,0.425720,-0.034014,0.256214,0.375598,-0.045490,0.261030,0.332929,-0.053747,0.193840,0.501189,-0.022650,0.195931,0.421789,-0.037725,0.196578,0.372668,-0.048445,0.197680,0.329350,-0.055452,0.158771,0.511753,-0.027745,0.151136,0.448606,-0.042915,0.146219,0.407803,-0.050793,0.143941,0.368631,-0.055263
803,0,0.027719,0.029261,0.041209,0.032282,0.028825,0.164671,0.693497,0.000000,0.224773,0.689021,-0.027056,0.281370,0.653572,-0.038684,0.322574,0.612525,-0.048288,0.358001,0.584268,-0.057288,0.260488,0.532912,-0.021951,0.284560,0.464032,-0.037436,0.294499,0.419316,-0.049839,0.301298,0.378262,-0.059443,0.228132,0.507053,-0.020968,0.246784,0.425756,-0.034997,0.256221,0.375574,-0.046473,0.261184,0.332896,-0.054755,0.193894,0.501193,-0.023388,0.196342,0.421620,-0.038703,0.197116,0.372575,-0.049385,0.198209,0.329329,-0.056305,0.158944,0.511962,-0.028531,0.151308,0.448742,-0.043864,0.146389,0.407828,-0.051729,0.144110,0.368722,-0.056191
834,0,0.028420,0.031689,0.038976,0.051104,0.031159,0.164069,0.692557,0.000000,0.224475,0.688615,-0.027079,0.281352,0.652997,-0.038549,0.322792,0.611939,-0.047998,0.358410,0.583814,-0.056841,0.260445,0.532414,-0.021505,0.284584,0.463265,-0.036792,0.294478,0.418641,-0.049018,0.301101,0.377684,-0.058542,0.227879,0.506451,-0.020371,0.246495,0.425187,-0.034279,0.256048,0.375021,-0.045730,0.260991,0.332761,-0.053969,0.193869,0.500387,-0.022695,0.196401,0.420923,-0.037888,0.197270,0.371973,-0.048640,0.198572,0.329065,-0.055632,0.159042,0.510877,-0.027722,0.151345,0.448021,-0.043085,0.146416,0.407132,-0.051059,0.144079,0.368374,-0.055594
867,0,0.020257,0.022930,0.039110,0.061420,0.049740,0.163852,0.692920,0.000000,0.223671,0.688555,-0.027003,0.280700,0.652931,-0.038465,0.322588,0.611791,-0.047926,0.358253,0.583848,-0.056688,0.260381,0.531969,-0.021300,0.284564,0.462552,-0.036426,0.294372,0.417796,-0.048568,0.301121,0.376826,-0.058009,0.227751,0.506314,-0.020205,0.246177,0.424775,-0.033744,0.255665,0.374840,-0.045018,0.260578,0.332637,-0.053213,0.193621,0.500177,-0.022584,0.196253,0.421074,-0.037351,0.196926,0.372318,-0.047850,0.198173,0.329345,-0.054762,0.158690,0.510792,-0.027683,0.151101,0.447733,-0.042563,0.146179,0.407142,-0.050267,0.143940,0.368222,-0.054610
913,0,0.016387,0.024220,0.027118,0.070488,0.062753,0.164187,0.693271,0.000000,0.224570,0.688743,-0.026686,0.281371,0.652411,-0.037909,0.322788,0.611152,-0.047202,0.358297,0.582971,-0.055832,0.260508,0.531646,-0.020800,0.284543,0.462123,-0.035884,0.294380,0.417543,-0.048035,0.301203,0.376614,-0.057498,0.227848,0.506182,-0.019854,0.246163,0.424731,-0.033499,0.255643,0.374672,-0.044893,0.260554,0.332332,-0.053145,0.193804,0.500350,-0.022352,0.196124,0.421075,-0.037322,0.196981,0.371983,-0.047997,0.198366,0.328833,-0.054999,0.158801,0.511028,-0.027556,0.151156,0.447833,-0.042660,0.146250,0.407009,-0.050533,0.143927,0.367969,-0.054999
946,0,0.030633,0.038040,0.055225,0.062739,0.031542,0.164418,0.692131,0.000000,0.224732,0.687716,-0.027082,0.281644,0.652344,-0.038578,0.322851,0.610653,-0.048029,0.358286,0.582495,-0.056854,0.260516,0.531706,-0.021761,0.284781,0.462270,-0.037101,0.294762,0.417406,-0.049279,0.301658,0.376424,-0.058786,0.227784,0.505961,-0.020643,0.246196,0.424537,-0.034601,0.255625,0.374344,-0.046097,0.260579,0.332030,-0.054392,0.193649,0.500011,-0.022935,0.196161,0.420519,-0.038199,0.197123,0.371240,-0.049014,0.198493,0.328091,-0.056059,0.158742,0.510505,-0.027916,0.150988,0.447292,-0.043370,0.146010,0.406455,-0.051400,0.143680,0.367610,-0.055907
975,0,0.032291,0.043226,0.091601,0.075588,0.065178,0.164447,0.693356,0.000000,0.224566,0.689332,-0.026652,0.281378,0.653081,-0.037807,0.323381,0.611937,-0.046961,0.358533,0.583602,-0.055493,0.260864,0.532102,-0.021216,0.284823,0.462050,-0.036240,0.294938,0.417261,-0.048320,0.301951,0.376413,-0.057720,0.228296,0.506288,-0.020234,0.246752,0.424491,-0.033805,0.256022,0.374474,-0.045149,0.260856,0.332235,-0.053341,0.194167,0.500282,-0.022650,0.196667,0.420337,-0.037486,0.197490,0.370869,-0.048169,0.198828,0.327579,-0.055191,0.159215,0.510809,-0.027765,0.151320,0.447164,-0.042771,0.146307,0.406249,-0.050585,0.144037,0.367208,-0.055002
1009,0,0.017673,0.020211,0.068176,0.078154,0.058443,0.164422,0.693126,0.000000,0.225048,0.688559,-0.026557,0.281740,0.652640,-0.037920,0.323112,0.611514,-0.047347,0.358743,0.583789,-0.056187,0.261102,0.531691,-0.020999,0.285239,0.462040,-0.036174,0.295336,0.417694,-0.048372,0.302417,0.377012,-0.057856,0.228616,0.506212,-0.020126,0.247170,0.424535,-0.033803,0.256550,0.374568,-0.045223,0.261433,0.332123,-0.053493,0.194541,0.500275,-0.022649,0.197065,0.420805,-0.037578,0.197964,0.371742,-0.048220,0.199178,0.328497,-0.055238,0.159518,0.510886,-0.027866,0.151799,0.447560,-0.042946,0.146734,0.406583,-0.050762,0.144099,0.367468,-0.055201
1039,0,0.012409,0.013255,0.034668,0.078499,0.054996,0.164722,0.693099,0.000000,0.225130,0.688575,-0.026858,0.281876,0.652827,-0.038257,0.323143,0.611543,-0.047684,0.358750,0.583349,-0.056523,0.261059,0.531771,-0.020902,0.285426,0.462628,-0.036114,0.295564,0.418028,-0.048442,0.302653,0.377156,-0.058040,0.228508,0.506130,-0.019897,0.247153,0.425025,-0.033705,0.256614,0.375090,-0.045294,0.261581,0.332628,-0.053715,0.194395,0.500239,-0.022381,0.197059,0.421147,-0.037460,0.198226,0.371940,-0.048215,0.199732,0.328840,-0.055233,0.159469,0.510814,-0.027559,0.152018,0.447394,-0.042828,0.147182,0.406328,-0.050719,0.144939,0.367234,-0.055195
1073,0,0.016416,0.014273,0.038357,0.088848,0.059552,0.164655,0.692844,0.000000,0.224934,0.688496,-0.026952,0.281934,0.652913,-0.038365,0.323412,0.611281,-0.047734,0.358893,0.583032,-0.056441,0.261367,0.531731,-0.021161,0.285380,0.462013,-0.036359,0.295576,0.417396,-0.048605,0.302686,0.376656,-0.058106,0.228882,0.505742,-0.020044,0.247442,0.424456,-0.033728,0.256767,0.374670,-0.045198,0.261570,0.332501,-0.053450,0.194662,0.499691,-0.022372,0.197330,0.420318,-0.037286,0.198405,0.371212,-0.047961,0.199796,0.327911,-0.054926,0.159719,0.510288,-0.027425,0.151792,0.447149,-0.042472,0.146845,0.406513,-0.050233,0.144591,0.367543,-0.054586
1104,0,0.019357,0.020385,0.042002,0.087855,0.044967,0.165119,0.692561,0.000000,0.225603,0.688091,-0.026729,0.282312,0.652347,-0.038122,0.323549,0.611075,-0.047544,0.359082,0.583032,-0.056416,0.261539,0.531217,-0.021175,0.285603,0.461753,-0.036454,0.295728,0.417175,-0.048757,0.302613,0.376113,-0.058311,0.228899,0.505892,-0.020284,0.247682,0.424748,-0.034122,0.257046,0.374697,-0.045686,0.261796,0.332083,-0.054065,0.194804,0.500014,-0.022805,0.197557,0.420672,-0.037895,0.198631,0.371350,-0.048605,0.200041,0.327950,-0.055695,0.159738,0.510671,-0.028037,0.152012,0.447478,-0.043260,0.147174,0.406436,-0.051146,0.144925,0.367365,-0.055619
1136,0,0.022733,0.024791,0.044417,0.096547,0.058651,0.164599,0.692382,0.000000,0.224947,0.687791,-0.027144,0.282032,0.651982,-0.038683,0.323452,0.610554,-0.048198,0.358823,0.582642,-0.057013,0.261377,0.531294,-0.021280,0.285466,0.461850,-0.036640,0.295508,0.416986,-0.049106,0.302514,0.375846,-0.058753,0.228982,0.505508,-0.020108,0.247516,0.424431,-0.033973,0.256664,0.374473,-0.045550,0.261437,0.332082,-0.053873,0.195106,0.499278,-0.022378,0.197976,0.420236,-0.037435,0.198971,0.371453,-0.047933,0.200362,0.328612,-0.054781,0.160179,0.509841,-0.027409,0.152233,0.446879,-0.042599,0.147195,0.406014,-0.050279,0.144688,0.367076,-0.054592
1169,0,0.035875,0.038530,0.066362,0.127478,0.072369,0.165531,0.691679,0.000000,0.225625,0.687498,-0.026754,0.282412,0.651625,-0.038020,0.323973,0.610334,-0.047336,0.359174,0.582556,-0.056046,0.261480,0.530389,-0.020563,0.285599,0.461059,-0.035559,0.295766,0.416556,-0.047866,0.302698,0.375919,-0.057409,0.229130,0.505162,-0.019521,0.247606,0.424095,-0.032984,0.256942,0.374343,-0.044420,0.261815,0.332329,-0.052789,0.195134,0.499072,-0.021926,0.198907,0.420233,-0.036581,0.200653,0.371891,-0.047109,0.202595,0.329650,-0.054076,0.160250,0.509203,-0.027076,0.152394,0.446113,-0.041996,0.147614,0.405290,-0.049759,0.145418,0.366440,-0.054114
1203,0,0.034013,0.036538,0.067530,0.131405,0.089244,0.165141,0.691936,0.000000,0.225717,0.687458,-0.027044,0.282355,0.651770,-0.038564,0.323722,0.610195,-0.048083,0.359112,0.581978,-0.056921,0.261565,0.531096,-0.020396,0.285501,0.461871,-0.035599,0.295485,0.417063,-0.048234,0.302282,0.376057,-0.057979,0.229535,0.505969,-0.019339,0.248032,0.425566,-0.032823,0.256925,0.375465,-0.044494,0.261825,0.333019,-0.053106,0.195759,0.499657,-0.021794,0.200847,0.421801,-0.036374,0.203111,0.373908,-0.046723,0.205595,0.332279,-0.053635,0.160443,0.509268,-0.027025,0.152668,0.446376,-0.041775,0.148136,0.405384,-0.049253,0.146088,0.366638,-0.053484
1231,0,0.079634,0.084685,0.095854,0.195858,0.160789,0.164539,0.691344,0.000000,0.225521,0.687314,-0.026713,0.282990,0.649812,-0.037320,0.324352,0.607359,-0.045967,0.359452,0.579631,-0.053879,0.261322,0.530336,-0.018782,0.284515,0.461207,-0.033100,0.294015,0.416533,-0.045251,0.300326,0.375989,-0.054783,0.229331,0.505827,-0.017548,0.247587,0.426140,-0.030293,0.256728,0.376444,-0.041709,0.262070,0.334492,-0.050224,0.196096,0.499192,-0.019856,0.202263,0.422048,-0.034004,0.205563,0.374552,-0.044422,0.208871,0.333456,-0.051354,0.160821,0.508156,-0.024980,0.153285,0.445868,-0.039599,0.148726,0.405166,-0.047210,0.146900,0.366535,-0.051580
1264,0,0.062932,0.062392,0.129057,0.236593,0.212651,0.165194,0.692256,0.000000,0.225945,0.686742,-0.026413,0.283406,0.648642,-0.036813,0.324953,0.606673,-0.045317,0.359993,0.578496,-0.053089,0.261238,0.530510,-0.017740,0.282959,0.460560,-0.031688,0.291456,0.415044,-0.043815,0.297280,0.374043,-0.053352,0.229333,0.506939,-0.016651,0.246387,0.426941,-0.028985,0.254844,0.377055,-0.040549,0.260114,0.334994,-0.049222,0.196238,0.500527,-0.019148,0.203398,0.423662,-0.032927,0.207218,0.376338,-0.043214,0.211111,0.335533,-0.050198,0.161172,0.509358,-0.024442,0.153717,0.446826,-0.038822,0.149115,0.405785,-0.046218,0.147129,0.367109,-0.050461
1312,0,0.081192,0.094154,0.136532,0.287085,0.277092,0.164083,0.691347,0.000000,0.225073,0.686529,-0.027153,0.283634,0.648071,-0.037577,0.325250,0.605872,-0.045923,0.360635,0.577589,-0.053596,0.260302,0.531095,-0.018161,0.278855,0.460849,-0.032206,0.285709,0.414767,-0.044426,0.290347,0.373471,-0.054082,0.228762,0.508321,-0.016646,0.244368,0.429169,-0.029193,0.251458,0.379793,-0.040983,0.255974,0.337715,-0.049853,0.196021,0.502087,-0.018770,0.204137,0.426533,-0.032898,0.208532,0.380673,-0.043116,0.212704,0.340321,-0.050003,0.161071,0.509997,-0.023766,0.155383,0.447317,-0.038250,0.151380,0.406692,-0.045624,0.149660,0.367850,-0.049928
1344,0,0.148517,0.171158,0.221943,0.418960,0.410814,0.163921,0.689285,0.000000,0.225673,0.684700,-0.027359,0.284691,0.646872,-0.037527,0.326728,0.605179,-0.045550,0.362375,0.577594,-0.052870,0.260049,0.531200,-0.016739,0.274642,0.460750,-0.030354,0.278635,0.415013,-0.042777,0.281263,0.374528,-0.052427,0.228458,0.509589,-0.014549,0.240093,0.430948,-0.026398,0.245848,0.382140,-0.038488,0.249760,0.340638,-0.047842,0.196208,0.503303,-0.016101,0.202297,0.429863,-0.029393,0.206504,0.386450,-0.039301,0.210382,0.348689,-0.045920,0.162256,0.509402,-0.020649,0.158257,0.446129,-0.033830,0.155326,0.405411,-0.040706,0.154166,0.366700,-0.044736
1378,0,0.209035,0.219221,0.237376,0.569793,0.619450,0.163455,0.688775,0.000000,0.225679,0.684248,-0.026347,0.285389,0.647158,-0.036299,0.328131,0.605727,-0.044261,0.363925,0.577645,-0.051571,0.257822,0.537639,-0.014748,0.268093,0.468034,-0.028735,0.268833,0.423413,-0.041800,0.268471,0.383916,-0.051716,0.227891,0.516960,-0.012712,0.237750,0.440385,-0.024700,0.242760,0.391842,-0.037385,0.245902,0.349814,-0.047192,0.197433,0.509339,-0.014449,0.203955,0.436951,-0.027704,0.207787,0.393740,-0.037312,0.210882,0.356064,-0.043610,0.164722,0.512452,-0.019090,0.162963,0.448077,-0.031793,0.161323,0.407492,-0.037964,0.160353,0.369832,-0.041511
1412,0,0.308664,0.373512,0.426265,0.839265,0.967698,0.162309,0.685427,0.000000,0.224368,0.683260,-0.025338,0.284983,0.650274,-0.035301,0.328041,0.610576,-0.043496,0.363167,0.583101,-0.051306,0.259005,0.547323,-0.013002,0.265911,0.481764,-0.027807,0.263502,0.438973,-0.041990,0.260110,0.402054,-0.052356,0.229696,0.525935,-0.010821,0.234070,0.455809,-0.023359,0.235611,0.409914,-0.037052,0.236446,0.369826,-0.047734,0.200330,0.515574,-0.012389,0.205038,0.448524,-0.025828,0.208558,0.407659,-0.035126,0.211501,0.371935,-0.041080,0.169061,0.514483,-0.016740,0.169640,0.451338,-0.029015,0.170149,0.411114,-0.034531,0.171220,0.373868,-0.037543
1440,0,0.340834,0.433177,0.334126,1.166636,1.378201,0.163962,0.680415,0.000000,0.226313,0.681139,-0.024266,0.286583,0.649892,-0.033001,0.329450,0.611421,-0.040088,0.364269,0.584017,-0.047090,0.259904,0.556757,-0.011009,0.264605,0.498405,-0.024540,0.260897,0.458438,-0.038200,0.256163,0.422920,-0.048291,0.230118,0.535345,-0.008572,0.232328,0.475427,-0.020507,0.232394,0.434631,-0.034391,0.232293,0.397759,-0.045374,0.201276,0.522927,-0.009722,0.204522,0.462956,-0.023236,0.207241,0.425706,-0.032177,0.210285,0.391237,-0.037994,0.171025,0.518207,-0.013480,0.173515,0.457490,-0.025793,0.174214,0.416841,-0.030718,0.175709,0.378318,-0.033464
1474,0,0.381797,0.408794,0.487461,1.532587,1.768489,0.165439,0.678588,-0.000000,0.227617,0.679193,-0.021109,0.287548,0.649674,-0.028223,0.331233,0.614685,-0.034731,0.366344,0.588859,-0.041509,0.261408,0.566629,-0.006276,0.264552,0.517263,-0.018596,0.259294,0.481604,-0.031680,0.254201,0.447773,-0.041475,0.232608,0.546383,-0.005631,0.232201,0.495098,-0.017517,0.230026,0.461817,-0.031578,0.228551,0.431400,-0.042487,0.204400,0.533058,-0.008464,0.204820,0.478901,-0.022137,0.206130,0.448501,-0.030685,0.208743,0.419939,-0.036181,0.174000,0.525538,-0.013732,0.175184,0.466597,-0.026150,0.175680,0.423337,-0.031123,0.177395,0.382099,-0.034074
1507,0,0.433577,0.424576,5.015093,1.860169,2.111644,0.167765,0.677086,-0.000000,0.228794,0.680485,-0.021976,0.289363,0.650081,-0.029089,0.333988,0.613873,-0.035435,0.368032,0.585601,-0.041279,0.261452,0.570171,-0.003949,0.268611,0.525370,-0.018118,0.261945,0.506110,-0.031778,0.254219,0.494182,-0.039543,0.232857,0.547403,-0.001209,0.238131,0.493434,-0.016223,0.233365,0.490101,-0.029390,0.227991,0.496241,-0.036403,0.204305,0.531591,-0.002223,0.208853,0.473498,-0.017317,0.208160,0.469058,-0.023395,0.208341,0.474239,-0.024581,0.174117,0.521716,-0.005607,0.178478,0.460339,-0.014795,0.180397,0.416266,-0.017834,0.183303,0.379584,-0.018953
1538,0,0.364872,0.318793,4.858487,2.062594,2.201007,0.169884,0.682204,-0.000000,0.232798,0.680013,-0.021190,0.291938,0.648853,-0.027427,0.336443,0.613147,-0.033968,0.371734,0.586837,-0.039885,0.263554,0.572938,-0.002160,0.271585,0.521795,-0.019858,0.261188,0.519169,-0.035334,0.250102,0.531218,-0.042245,0.233954,0.553985,-0.000167,0.237092,0.500675,-0.018661,0.229073,0.505416,-0.035502,0.223007,0.523743,-0.044268,0.204627,0.539623,-0.002248,0.205688,0.488086,-0.020870,0.201439,0.497975,-0.030967,0.200643,0.520549,-0.033446,0.174412,0.528284,-0.006431,0.182721,0.466093,-0.015914,0.184682,0.419193,-0.020162,0.187765,0.382260,-0.021949
1568,0,0.309272,0.407599,2.479292,2.248646,2.542124,0.169084,0.674310,-0.000000,0.231511,0.675375,-0.023777,0.290611,0.646996,-0.030554,0.336266,0.612490,-0.037661,0.371938,0.587682,-0.043597,0.263991,0.570703,-0.003224,0.273169,0.520765,-0.022392,0.251743,0.530201,-0.036408,0.234661,0.553712,-0.041322,0.235081,0.550359,0.000890,0.239714,0.503126,-0.022046,0.218138,0.522435,-0.037595,0.204787,0.550651,-0.042806,0.206387,0.535635,0.000655,0.208379,0.490612,-0.022639,0.192093,0.512293,-0.031115,0.183710,0.542762,-0.029532,0.177596,0.523878,-0.001548,0.186225,0.462931,-0.013265,0.186255,0.418013,-0.016967,0.188377,0.382181,-0.016621
1601,0,0.487752,0.478100,1.499506,2.312589,2.577285,0.167861,0.675624,-0.000000,0.226302,0.677048,-0.027453,0.287610,0.644495,-0.035374,0.334333,0.608434,-0.042821,0.371852,0.583719,-0.048080,0.266916,0.566831,-0.012453,0.270179,0.524479,-0.036909,0.242456,0.545109,-0.050627,0.221926,0.576750,-0.052946,0.235891,0.546542,-0.006696,0.235264,0.510931,-0.036844,0.208095,0.544620,-0.049974,0.191865,0.582613,-0.050464,0.206103,0.533272,-0.005822,0.198964,0.502577,-0.036190,0.180504,0.538261,-0.043311,0.173384,0.577260,-0.037236,0.176856,0.522581,-0.006876,0.188213,0.462586,-0.021884,0.188680,0.417898,-0.025412,0.190746,0.381350,-0.022962
1631,0,0.207774,0.210882,0.762422,2.467413,2.759796,0.164487,0.674076,-0.000000,0.221722,0.675928,-0.026906,0.286758,0.642479,-0.034210,0.334678,0.606391,-0.040797,0.370784,0.580650,-0.044743,0.266388,0.567276,-0.015148,0.265847,0.525354,-0.040383,0.236459,0.553746,-0.052349,0.216903,0.589016,-0.052508,0.234995,0.547841,-0.008815,0.229203,0.517103,-0.040670,0.201911,0.561187,-0.051521,0.187074,0.602128,-0.049485,0.205562,0.534785,-0.007291,0.194819,0.508839,-0.038506,0.176608,0.551402,-0.043884,0.169952,0.591801,-0.035769,0.176200,0.523464,-0.007550,0.187586,0.463870,-0.022483,0.188503,0.420165,-0.025697,0.190392,0.383983,-0.022403
1685,0,0.196158,0.228116,0.921500,2.531410,2.681688,0.168219,0.680578,-0.000000,0.225075,0.679386,-0.025424,0.288638,0.639807,-0.032843,0.333350,0.600672,-0.040039,0.370788,0.577438,-0.044350,0.267646,0.562160,-0.013584,0.262853,0.527414,-0.040990,0.235304,0.562359,-0.053987,0.216889,0.600950,-0.054019,0.235102,0.544152,-0.008750,0.227863,0.520855,-0.043272,0.204065,0.569790,-0.054685,0.189425,0.612712,-0.052022,0.204758,0.533465,-0.008813,0.193672,0.512897,-0.042860,0.178719,0.561957,-0.047901,0.172378,0.604622,-0.038517,0.175602,0.524492,-0.010414,0.184658,0.464874,-0.026439,0.186097,0.424888,-0.028817,0.188404,0.390537,-0.024236
1718,0,0.147178,0.110032,0.317746,2.585344,2.688115,0.167355,0.684080,-0.000000,0.224619,0.682514,-0.023869,0.288356,0.638337,-0.030909,0.333291,0.597893,-0.037996,0.370125,0.574583,-0.042018,0.267767,0.565010,-0.014024,0.264192,0.532316,-0.041138,0.235687,0.570140,-0.053301,0.217865,0.608610,-0.053018,0.235257,0.546859,-0.009845,0.229750,0.524054,-0.044375,0.207261,0.575460,-0.054432,0.194651,0.618734,-0.050818,0.204639,0.536036,-0.010332,0.195643,0.517058,-0.043873,0.181493,0.569441,-0.047078,0.175521,0.612983,-0.036519,0.174967,0.527185,-0.012312,0.183543,0.469031,-0.028222,0.184156,0.429424,-0.030249,0.185589,0.393612,-0.025472
1745,0,0.103576,0.130902,0.150194,2.614651,2.715279,0.169075,0.684020,-0.000000,0.225205,0.682307,-0.025372,0.288081,0.636140,-0.032877,0.331252,0.593860,-0.040055,0.368012,0.570920,-0.043939,0.266650,0.565110,-0.015545,0.262901,0.532653,-0.043380,0.235295,0.572124,-0.055282,0.218445,0.611661,-0.054722,0.233919,0.547551,-0.010767,0.229252,0.525459,-0.046612,0.207362,0.578534,-0.056307,0.195158,0.622402,-0.052112,0.203477,0.537803,-0.010923,0.195295,0.519108,-0.045586,0.181844,0.572567,-0.048538,0.176398,0.616109,-0.037569,0.174049,0.530083,-0.012710,0.182189,0.473135,-0.029397,0.182641,0.434379,-0.031883,0.184032,0.398865,-0.027408
1777,0,0.047889,0.040071,0.159397,2.621528,2.714699,0.168634,0.684828,-0.000000,0.224718,0.683227,-0.025461,0.287249,0.636184,-0.032924,0.330284,0.593466,-0.040160,0.366312,0.568497,-0.044051,0.266275,0.564872,-0.014699,0.262876,0.533952,-0.042713,0.235928,0.574346,-0.055026,0.219468,0.613914,-0.054692,0.233622,0.547617,-0.009949,0.229428,0.526677,-0.045723,0.208265,0.579493,-0.055725,0.196266,0.622763,-0.051743,0.203067,0.538206,-0.010260,0.195556,0.520273,-0.044750,0.182685,0.573920,-0.047790,0.177542,0.617397,-0.036937,0.173746,0.530789,-0.012252,0.181574,0.474638,-0.028957,0.181573,0.436375,-0.031587,0.182597,0.401009,-0.027209
1806,0,0.051977,0.066427,0.087870,2.641593,2.745343,0.169372,0.683757,-0.000000,0.225299,0.681885,-0.025110,0.288020,0.634143,-0.032180,0.330244,0.590697,-0.039040,0.365589,0.565729,-0.042605,0.265264,0.564208,-0.013937,0.261629,0.533453,-0.041910,0.235764,0.574257,-0.054208,0.219998,0.613935,-0.053846,0.232791,0.547602,-0.009261,0.228990,0.526219,-0.045083,0.208840,0.579464,-0.055115,0.197564,0.622703,-0.051005,0.202548,0.538748,-0.009669,0.195326,0.520865,-0.044146,0.182988,0.574852,-0.047077,0.177935,0.618078,-0.036109,0.173371,0.531733,-0.011769,0.180575,0.476700,-0.028494,0.180257,0.438979,-0.031183,0.180949,0.404046,-0.026832
1839,0,0.037926,0.048840,0.194684,2.632994,2.760801,0.170595,0.682257,-0.000000,0.226252,0.680848,-0.025056,0.288470,0.632479,-0.031947,0.329814,0.588734,-0.038732,0.365208,0.564158,-0.042245,0.264631,0.563553,-0.013346,0.261678,0.532969,-0.041255,0.236626,0.573822,-0.053445,0.221389,0.613430,-0.053054,0.231987,0.547730,-0.008790,0.230017,0.525113,-0.044737,0.210313,0.578392,-0.054826,0.199293,0.621573,-0.050682,0.201696,0.538910,-0.009353,0.195321,0.520758,-0.044167,0.183355,0.574522,-0.047380,0.178702,0.617482,-0.036481,0.172497,0.531623,-0.011552,0.179938,0.476605,-0.028344,0.179560,0.438944,-0.031076,0.180120,0.403975,-0.026767
1876,0,0.034730,0.038611,0.197281,2.620886,2.751892,0.171386,0.682032,-0.000000,0.226952,0.679998,-0.025164,0.288770,0.631695,-0.032304,0.330111,0.587613,-0.039280,0.365381,0.562340,-0.042902,0.265031,0.561439,-0.013308,0.261333,0.531890,-0.041166,0.236297,0.572952,-0.053411,0.221455,0.612243,-0.053111,0.232410,0.545502,-0.008720,0.229466,0.524251,-0.044459,0.210215,0.577337,-0.054548,0.199835,0.619879,-0.050447,0.201801,0.537102,-0.009259,0.194912,0.519950,-0.043980,0.183227,0.573748,-0.047064,0.178910,0.616356,-0.036076,0.172453,0.530351,-0.011444,0.179860,0.475562,-0.028382,0.179290,0.438226,-0.031046,0.179749,0.403399,-0.026601
1905,0,0.075705,0.049434,0.246025,2.604616,2.763950,0.171662,0.679244,-0.000000,0.227765,0.677754,-0.024511,0.289320,0.630630,-0.031351,0.330622,0.586988,-0.038161,0.365443,0.561465,-0.041671,0.265407,0.560691,-0.012533,0.262058,0.529641,-0.039811,0.236727,0.570068,-0.051571,0.221890,0.609427,-0.050941,0.232738,0.545094,-0.008100,0.230271,0.521955,-0.043531,0.210755,0.574751,-0.053432,0.200380,0.617136,-0.049171,0.202224,0.536344,-0.008678,0.195830,0.518109,-0.043201,0.184361,0.571746,-0.046321,0.180390,0.614386,-0.035221,0.172854,0.529272,-0.010823,0.180680,0.473275,-0.027571,0.180578,0.435120,-0.030226,0.181524,0.399839,-0.025711
1936,0,0.055254,0.027817,0.123687,2.585645,2.755004,0.172179,0.678167,-0.000000,0.228009,0.676651,-0.024980,0.289617,0.628899,-0.032074,0.330708,0.584856,-0.039047,0.366291,0.559953,-0.042715,0.266059,0.558855,-0.013076,0.262279,0.527808,-0.040761,0.237228,0.568515,-0.052875,0.222483,0.608238,-0.052484,0.233351,0.543273,-0.008514,0.230702,0.520255,-0.044248,0.211535,0.573376,-0.054468,0.201142,0.616396,-0.050380,0.202974,0.534600,-0.009018,0.196241,0.516957,-0.043767,0.184754,0.570845,-0.047103,0.180620,0.613308,-0.036192,0.173571,0.527487,-0.011115,0.180964,0.471571,-0.027895,0.180888,0.433777,-0.030586,0.181814,0.398698,-0.026122
1969,0,0.041902,0.038987,0.129264,2.568759,2.746918,0.171403,0.676692,-0.000000,0.228063,0.675243,-0.025202,0.290217,0.628356,-0.032313,0.331284,0.584100,-0.039153,0.366334,0.558664,-0.042634,0.266202,0.558438,-0.013344,0.263565,0.527368,-0.041044,0.238411,0.567735,-0.053045,0.223461,0.607033,-0.052564,0.233527,0.542487,-0.008543,0.231010,0.519191,-0.044194,0.211630,0.571693,-0.054065,0.201605,0.613998,-0.049864,0.203055,0.533469,-0.008836,0.196303,0.515411,-0.043444,0.184802,0.568690,-0.046504,0.180936,0.611105,-0.035493,0.173637,0.526072,-0.010756,0.181557,0.470293,-0.027602,0.181414,0.432021,-0.030318,0.182253,0.396743,-0.025892
1998,0,0.047073,0.045326,0.105415,2.555769,2.765468,0.171733,0.674021,-0.000000,0.228076,0.673547,-0.025732,0.290326,0.627452,-0.032998,0.331772,0.583549,-0.039934,0.366684,0.557779,-0.043296,0.266265,0.557533,-0.013744,0.263208,0.525577,-0.041915,0.237567,0.566566,-0.053865,0.223063,0.605866,-0.053235,0.233734,0.541531,-0.008767,0.230796,0.517249,-0.044918,0.211227,0.570616,-0.054616,0.201808,0.612374,-0.050172,0.203362,0.532495,-0.009000,0.196393,0.513608,-0.044257,0.184593,0.567602,-0.047049,0.180938,0.609664,-0.035700,0.174084,0.524985,-0.010907,0.182093,0.468560,-0.028299,0.181917,0.430394,-0.031046,0.182935,0.394746,-0.026587
2052,0,0.055041,0.020352,0.110404,2.532610,2.757034,0.172164,0.672468,-0.000000,0.228232,0.672021,-0.025385,0.290405,0.625139,-0.032502,0.331896,0.581380,-0.039333,0.367264,0.556630,-0.042734,0.266889,0.556102,-0.013919,0.263700,0.523846,-0.041921,0.238240,0.564179,-0.053778,0.223527,0.603295,-0.053146,0.234107,0.540105,-0.009179,0.231488,0.515491,-0.045322,0.212179,0.568516,-0.055133,0.202375,0.610741,-0.050769,0.203728,0.531024,-0.009600,0.196947,0.512008,-0.044780,0.185399,0.565999,-0.047760,0.181423,0.608458,-0.036625,0.174411,0.523303,-0.011639,0.181913,0.466786,-0.028725,0.181813,0.428551,-0.031539,0.183010,0.393094,-0.027250
2080,0,0.052114,0.027612,0.139213,2.510770,2.750089,0.171985,0.671131,-0.000000,0.228083,0.670715,-0.025759,0.290799,0.624720,-0.033061,0.332377,0.580852,-0.040047,0.367817,0.555537,-0.043600,0.266894,0.554075,-0.013663,0.263565,0.522588,-0.041583,0.237916,0.562790,-0.053807,0.222784,0.602037,-0.053476,0.234203,0.537835,-0.008747,0.231228,0.513964,-0.044654,0.211699,0.566692,-0.054861,0.201559,0.609121,-0.050947,0.203943,0.528693,-0.009011,0.196662,0.509997,-0.043901,0.184818,0.563626,-0.047183,0.180804,0.606392,-0.036373,0.174909,0.521051,-0.010953,0.181919,0.464984,-0.028078,0.181494,0.426595,-0.031074,0.182285,0.390917,-0.026934
2110,0,0.034185,0.018957,0.108389,2.502328,2.753479,0.171456,0.669852,-0.000000,0.228166,0.668702,-0.025458,0.290772,0.623712,-0.032845,0.332494,0.580127,-0.039867,0.367784,0.554816,-0.043500,0.266766,0.552792,-0.013963,0.262882,0.521012,-0.041865,0.237098,0.561286,-0.053944,0.222101,0.600615,-0.053490,0.234081,0.536827,-0.009089,0.230767,0.512268,-0.044893,0.211101,0.565701,-0.054852,0.201237,0.608470,-0.050795,0.203816,0.527816,-0.009263,0.196422,0.508674,-0.044075,0.184712,0.562279,-0.047133,0.180725,0.604526,-0.036235,0.174620,0.520174,-0.011064,0.181828,0.463971,-0.027986,0.181341,0.426041,-0.030650,0.181890,0.390751,-0.026245
2154,0,0.042794,0.050043,0.178957,2.480431,2.738655,0.172275,0.669575,-0.000000,0.228396,0.668435,-0.025709,0.290668,0.622445,-0.033197,0.332294,0.578148,-0.040231,0.368061,0.553199,-0.043899,0.266487,0.552240,-0.014901,0.262703,0.519639,-0.042595,0.237140,0.559550,-0.054601,0.221958,0.598972,-0.054298,0.233477,0.536275,-0.009982,0.230704,0.511150,-0.045567,0.211366,0.564230,-0.055601,0.201397,0.607193,-0.051812,0.203273,0.527171,-0.010073,0.196294,0.507667,-0.044596,0.184819,0.561178,-0.047840,0.180900,0.603787,-0.037290,0.174247,0.519690,-0.011816,0.181128,0.463629,-0.028695,0.180315,0.425578,-0.031590,0.180614,0.390246,-0.027604
2190,0,0.032331,0.038970,0.229102,2.467180,2.718512,0.172506,0.670208,-0.000000,0.228524,0.668849,-0.025974,0.290391,0.622953,-0.033683,0.331800,0.578712,-0.040953,0.367515,0.552897,-0.044830,0.266683,0.551254,-0.014267,0.263217,0.520437,-0.042225,0.237667,0.560398,-0.054553,0.222526,0.599148,-0.054432,0.233907,0.534826,-0.009314,0.230411,0.511612,-0.044981,0.211071,0.564395,-0.055159,0.201331,0.606746,-0.051433,0.203351,0.525595,-0.009481,0.196161,0.507072,-0.044194,0.184557,0.560680,-0.047435,0.180786,0.602989,-0.036833,0.173965,0.518257,-0.011344,0.180680,0.462392,-0.028397,0.179545,0.424675,-0.031260,0.179670,0.389386,-0.027140
2227,0,0.024166,0.037279,0.140606,2.474424,2.718528,0.171049,0.670675,-0.000000,0.227622,0.669106,-0.025762,0.289968,0.623013,-0.033305,0.331894,0.579004,-0.040452,0.367324,0.553441,-0.044011,0.266441,0.552347,-0.014181,0.262859,0.520098,-0.042308,0.237014,0.560278,-0.054383,0.222514,0.599437,-0.053987,0.233770,0.535937,-0.009170,0.229711,0.511380,-0.045106,0.210290,0.565097,-0.054869,0.201154,0.607000,-0.050733,0.203250,0.526487,-0.009307,0.195567,0.507030,-0.044254,0.183854,0.561151,-0.047052,0.180424,0.603335,-0.035981,0.173715,0.518613,-0.011109,0.180385,0.462165,-0.028210,0.179363,0.424397,-0.030932,0.179753,0.389015,-0.026583
2277,0,0.030695,0.037447,0.154281,2.480403,2.733179,0.171318,0.670490,-0.000000,0.227700,0.669785,-0.026059,0.290091,0.623160,-0.033394,0.331062,0.577838,-0.040225,0.366933,0.552470,-0.043641,0.265532,0.551857,-0.014272,0.261664,0.520389,-0.041963,0.235738,0.560561,-0.054040,0.220575,0.599972,-0.053765,0.232663,0.535928,-0.009172,0.229192,0.511884,-0.044616,0.209742,0.564926,-0.054711,0.199889,0.607749,-0.051082,0.202512,0.526918,-0.009210,0.195065,0.507833,-0.043732,0.183526,0.561248,-0.046995,0.179653,0.603889,-0.036504,0.173170,0.519365,-0.010956,0.179687,0.462782,-0.027935,0.178479,0.424627,-0.030908,0.178696,0.389064,-0.026959
2304,0,0.027698,0.024102,0.179552,2.484866,2.727761,0.170784,0.671320,-0.000000,0.227118,0.669555,-0.026127,0.289654,0.622886,-0.033581,0.330833,0.578326,-0.040595,0.366234,0.553005,-0.044026,0.264905,0.551372,-0.014339,0.261034,0.520690,-0.042447,0.235113,0.561740,-0.054562,0.220180,0.601076,-0.054106,0.232391,0.535216,-0.009139,0.227788,0.512473,-0.044876,0.208795,0.566141,-0.054744,0.199540,0.608512,-0.050766,0.202121,0.526264,-0.009124,0.194115,0.507868,-0.043813,0.182969,0.561641,-0.046880,0.179430,0.604027,-0.036071,0.172748,0.518821,-0.010817,0.179050,0.462553,-0.027736,0.178053,0.424490,-0.030590,0.178362,0.389267,-0.026400
2338,0,0.030288,0.032786,0.148423,2.480853,2.729773,0.170768,0.670839,-0.000000,0.227435,0.669489,-0.025585,0.289545,0.622957,-0.032824,0.330365,0.577852,-0.039712,0.366144,0.553048,-0.043095,0.264960,0.551534,-0.013235,0.261303,0.520561,-0.041174,0.235764,0.561126,-0.053365,0.221344,0.600450,-0.053060,0.232173,0.535708,-0.008335,0.228350,0.511781,-0.044070,0.209348,0.565212,-0.054066,0.200604,0.607374,-0.050104,0.201731,0.526702,-0.008602,0.193980,0.507793,-0.043613,0.182734,0.561801,-0.046752,0.179645,0.603879,-0.035871,0.172195,0.519205,-0.010499,0.178480,0.462795,-0.027597,0.177245,0.425105,-0.030386,0.177529,0.389582,-0.026073
2369,0,0.046565,0.039489,0.111153,2.483539,2.730828,0.170018,0.671163,-0.000000,0.226186,0.669887,-0.026469,0.288639,0.622774,-0.033942,0.330055,0.577534,-0.040882,0.365721,0.552067,-0.044140,0.264471,0.551476,-0.014703,0.260195,0.519984,-0.042952,0.234174,0.561439,-0.054764,0.219805,0.600753,-0.054124,0.231763,0.535307,-0.009383,0.226913,0.512203,-0.045662,0.207704,0.566618,-0.055312,0.199053,0.608669,-0.051019,0.201482,0.526491,-0.009315,0.193145,0.507688,-0.044596,0.181773,0.562006,-0.047366,0.178616,0.604317,-0.036255,0.172155,0.519075,-0.010997,0.178276,0.462864,-0.028386,0.176883,0.425044,-0.031354,0.177035,0.389571,-0.027169
2402,0,0.026899,0.020326,0.037617,2.483262,2.726523,0.169962,0.671660,-0.000000,0.226236,0.670281,-0.026598,0.288776,0.622954,-0.034198,0.329989,0.577676,-0.041220,0.365374,0.552304,-0.044472,0.264057,0.551837,-0.014979,0.259884,0.520455,-0.043408,0.233841,0.562407,-0.055233,0.219588,0.601900,-0.054595,0.231217,0.535816,-0.009659,0.226487,0.512521,-0.046235,0.207395,0.567090,-0.055841,0.198902,0.609211,-0.051494,0.200901,0.526920,-0.009629,0.192738,0.507805,-0.045232,0.181471,0.562284,-0.047968,0.178413,0.604779,-0.036812,0.171485,0.519532,-0.011338,0.177417,0.463234,-0.028984,0.175816,0.425586,-0.032070,0.175979,0.389930,-0.027966
2451,0,0.044526,0.048675,0.060590,2.479921,2.719949,0.169589,0.671879,-0.000000,0.226222,0.670367,-0.025715,0.288818,0.623163,-0.032853,0.329914,0.578335,-0.039625,0.365330,0.552764,-0.042919,0.263895,0.551512,-0.013285,0.260220,0.520987,-0.041028,0.234747,0.561519,-0.053199,0.220049,0.600808,-0.052925,0.231116,0.535616,-0.008366,0.227076,0.512585,-0.043926,0.208054,0.566206,-0.053962,0.198939,0.608547,-0.050149,0.200588,0.526762,-0.008648,0.192678,0.507892,-0.043377,0.181439,0.561786,-0.046580,0.178265,0.604418,-0.035934,0.170916,0.519528,-0.010615,0.177020,0.463101,-0.027667,0.175408,0.425252,-0.030580,0.175282,0.389769,-0.026493
2482,0,0.023050,0.030137,0.150563,2.475803,2.721461,0.169212,0.671347,-0.000000,0.225996,0.670412,-0.026168,0.288712,0.623743,-0.033483,0.329547,0.578132,-0.040339,0.365300,0.552501,-0.043583,0.264097,0.551254,-0.013536,0.260640,0.521123,-0.041808,0.235229,0.562218,-0.054051,0.220752,0.601553,-0.053683,0.231259,0.535193,-0.008424,0.226917,0.512461,-0.044532,0.208384,0.566561,-0.054510,0.199745,0.608694,-0.050470,0.200764,0.526266,-0.008608,0.192282,0.508266,-0.043951,0.181506,0.562751,-0.047164,0.178629,0.604859,-0.036299,0.170909,0.518940,-0.010483,0.176880,0.462657,-0.027852,0.175191,0.425084,-0.030790,0.174998,0.389503,-0.026566
2511,0,0.056661,0.052781,0.135690,2.487705,2.727400,0.169062,0.672009,-0.000000,0.225369,0.670118,-0.026119,0.287835,0.622629,-0.033612,0.329059,0.577203,-0.040616,0.364702,0.551659,-0.043949,0.263478,0.552512,-0.014833,0.259082,0.520907,-0.043307,0.233008,0.562754,-0.055235,0.218726,0.602542,-0.054593,0.230666,0.536384,-0.009756,0.225672,0.512734,-0.046427,0.206667,0.567352,-0.056183,0.198075,0.610012,-0.051871,0.200387,0.527426,-0.009902,0.191595,0.508464,-0.045509,0.180515,0.562890,-0.048506,0.177546,0.605600,-0.037466,0.171066,0.519876,-0.011729,0.176425,0.463014,-0.029193,0.174641,0.424816,-0.032236,0.174573,0.389115,-0.028107
2544,0,0.018547,0.025448,0.105261,2.480268,2.719671,0.168328,0.672004,-0.000000,0.224712,0.670247,-0.026406,0.287387,0.622868,-0.033998,0.329051,0.577713,-0.041011,0.364670,0.551977,-0.044365,0.263449,0.551644,-0.014766,0.259385,0.520883,-0.043115,0.233154,0.562724,-0.055251,0.218542,0.602538,-0.054854,0.230557,0.535473,-0.009590,0.225615,0.513018,-0.045829,0.206575,0.567539,-0.055617,0.197825,0.610055,-0.051561,0.200178,0.526736,-0.009696,0.191627,0.508339,-0.044884,0.180788,0.562752,-0.047902,0.177976,0.605585,-0.037108,0.170836,0.519470,-0.011541,0.176281,0.463200,-0.028860,0.174236,0.425383,-0.031894,0.173903,0.390053,-0.027930
2575,0,0.026211,0.032650,0.053780,2.490886,2.733813,0.168627,0.671911,-0.000000,0.224922,0.670137,-0.026288,0.287365,0.623138,-0.033799,0.328694,0.577491,-0.040791,0.364215,0.551191,-0.044088,0.262905,0.552515,-0.014907,0.258241,0.521333,-0.043172,0.231996,0.562771,-0.055232,0.217585,0.602522,-0.054866,0.230072,0.536319,-0.009778,0.224872,0.513437,-0.046012,0.205791,0.567878,-0.055843,0.197143,0.610569,-0.051843,0.199715,0.527393,-0.009869,0.190875,0.508857,-0.045065,0.179841,0.563071,-0.048057,0.177003,0.606133,-0.037280,0.170344,0.520054,-0.011694,0.175783,0.463652,-0.029189,0.173480,0.425685,-0.032333,0.172974,0.390281,-0.028379
2607,0,0.049233,0.044354,0.139691,2.497070,2.720495,0.168278,0.673827,-0.000000,0.224529,0.671853,-0.026651,0.286900,0.623035,-0.034324,0.328273,0.577409,-0.041402,0.363727,0.551470,-0.044758,0.262417,0.552328,-0.015789,0.257666,0.522235,-0.044331,0.231081,0.564443,-0.056444,0.216108,0.604138,-0.056017,0.229441,0.536304,-0.010518,0.224202,0.514686,-0.046925,0.204893,0.569172,-0.056657,0.195800,0.612032,-0.052600,0.199017,0.527894,-0.010503,0.190126,0.509693,-0.045735,0.179292,0.563976,-0.048786,0.176409,0.607060,-0.038046,0.169664,0.521134,-0.012242,0.174911,0.464540,-0.029717,0.172586,0.426497,-0.032890,0.172008,0.391121,-0.028985
2641,0,0.047373,0.035379,0.138376,2.506056,2.720051,0.167834,0.674683,-0.000000,0.224056,0.672688,-0.026248,0.286417,0.624620,-0.033696,0.327879,0.579277,-0.040654,0.363356,0.553086,-0.044012,0.262179,0.552414,-0.014666,0.256891,0.523140,-0.042791,0.230735,0.565491,-0.055061,0.216130,0.605316,-0.054847,0.229415,0.536537,-0.009538,0.223287,0.515878,-0.045172,0.204469,0.569964,-0.054999,0.195633,0.612176,-0.051276,0.199031,0.528227,-0.009652,0.189524,0.510468,-0.044225,0.178798,0.564101,-0.047308,0.176074,0.606693,-0.036809,0.169378,0.521575,-0.011529,0.174520,0.465399,-0.028675,0.172150,0.427213,-0.031742,0.171285,0.391618,-0.027851
2674,0,0.058157,0.037222,0.152770,2.528447,2.713156,0.167254,0.677173,-0.000000,0.223841,0.674192,-0.026490,0.286311,0.626180,-0.034137,0.327318,0.580005,-0.041203,0.362653,0.553291,-0.044690,0.261733,0.553993,-0.014767,0.255890,0.525116,-0.043100,0.229373,0.567157,-0.055549,0.214467,0.606853,-0.055366,0.228954,0.537943,-0.009467,0.222317,0.517587,-0.045333,0.203148,0.571395,-0.055457,0.194121,0.614027,-0.051787,0.198289,0.529566,-0.009391,0.188533,0.512026,-0.044262,0.177540,0.565745,-0.047535,0.174504,0.608807,-0.037012,0.168522,0.522986,-0.011058,0.173349,0.466710,-0.028356,0.170950,0.428404,-0.031445,0.170190,0.393033,-0.027453
2703,0,0.046761,0.032013,0.096094,2.542771,2.724424,0.166681,0.677605,-0.000000,0.223226,0.675194,-0.025940,0.285362,0.626571,-0.033249,0.326755,0.581247,-0.040205,0.361981,0.555092,-0.043667,0.261195,0.555008,-0.013974,0.255393,0.526350,-0.042074,0.228757,0.568439,-0.054638,0.213948,0.608447,-0.054577,0.228354,0.539243,-0.008940,0.222230,0.518879,-0.044372,0.203168,0.572570,-0.054485,0.193937,0.614934,-0.050899,0.197800,0.530819,-0.009109,0.188188,0.513603,-0.043575,0.177435,0.566656,-0.047100,0.174577,0.609113,-0.036864,0.167983,0.524057,-0.010970,0.172773,0.467728,-0.027901,0.170357,0.429577,-0.030889,0.169581,0.394504,-0.026875
2736,0,0.039380,0.023785,0.224730,2.548472,2.720021,0.166168,0.678380,-0.000000,0.222660,0.676102,-0.026473,0.285256,0.627949,-0.033877,0.326422,0.582480,-0.040744,0.361468,0.555471,-0.044147,0.261210,0.555034,-0.014570,0.254818,0.527504,-0.042645,0.228188,0.569294,-0.055245,0.212990,0.609176,-0.055245,0.228488,0.538922,-0.009305,0.221637,0.520204,-0.044607,0.202273,0.574007,-0.054785,0.192735,0.616333,-0.051413,0.197733,0.530833,-0.009251,0.187407,0.514197,-0.043779,0.176525,0.567527,-0.047335,0.173648,0.610353,-0.037249,0.167711,0.524409,-0.010945,0.172185,0.468641,-0.028220,0.169271,0.430459,-0.031455,0.167961,0.395184,-0.027653
2771,0,0.030127,0.025710,0.085310,2.557399,2.712422,0.165766,0.679907,-0.000000,0.222302,0.677340,-0.026370,0.285026,0.628236,-0.033788,0.325619,0.581718,-0.040576,0.361114,0.554922,-0.043955,0.260733,0.555709,-0.014836,0.254248,0.528341,-0.042849,0.227633,0.570715,-0.055474,0.212358,0.610944,-0.055474,0.227943,0.539813,-0.009530,0.221429,0.521323,-0.044784,0.202057,0.574799,-0.055044,0.192095,0.617503,-0.051757,0.197270,0.531623,-0.009376,0.186919,0.515234,-0.043801,0.176283,0.567979,-0.047579,0.173469,0.610659,-0.037658,0.167061,0.525190,-0.010920,0.171310,0.468791,-0.028075,0.168640,0.430557,-0.031346,0.167682,0.395249,-0.027599
2817,0,0.026842,0.034599,0.079440,2.560744,2.727832,0.165344,0.679085,-0.000000,0.221901,0.677304,-0.026483,0.284264,0.628357,-0.033920,0.325142,0.582265,-0.040851,0.360638,0.555614,-0.044255,0.260063,0.556064,-0.014637,0.253626,0.528541,-0.043151,0.227468,0.571520,-0.055725,0.212829,0.611864,-0.055511,0.227253,0.540146,-0.009392,0.220524,0.521104,-0.045359,0.201688,0.575498,-0.055449,0.192462,0.618068,-0.051677,0.196409,0.531778,-0.009438,0.186171,0.515411,-0.044470,0.175702,0.569061,-0.047997,0.173107,0.611934,-0.037600,0.166351,0.524962,-0.011179,0.170734,0.468544,-0.028430,0.168089,0.430773,-0.031497,0.167127,0.395737,-0.027464
2850,0,0.020263,0.030511,0.164006,2.558871,2.740094,0.166091,0.678379,-0.000000,0.222437,0.676430,-0.026525,0.284697,0.628641,-0.034024,0.324821,0.581959,-0.041063,0.360357,0.554957,-0.044597,0.259511,0.555328,-0.014377,0.253088,0.528498,-0.042907,0.227132,0.570848,-0.055601,0.212571,0.610915,-0.055447,0.226681,0.539493,-0.009175,0.219987,0.521342,-0.045058,0.201359,0.575145,-0.055293,0.192373,0.617117,-0.051697,0.196081,0.531140,-0.009259,0.185482,0.515503,-0.044382,0.175422,0.569185,-0.048040,0.173031,0.611586,-0.037713,0.166083,0.524500,-0.011034,0.170602,0.468328,-0.028384,0.168076,0.430538,-0.031396,0.166973,0.395434,-0.027309
2883,0,0.026345,0.036290,0.206815,2.560431,2.726042,0.166559,0.679823,-0.000000,0.222777,0.676852,-0.026519,0.284618,0.628483,-0.034151,0.324924,0.582240,-0.041245,0.360600,0.556111,-0.044685,0.259828,0.555905,-0.014181,0.254207,0.528269,-0.043088,0.228184,0.571206,-0.055771,0.213766,0.611457,-0.055526,0.226986,0.540065,-0.008876,0.220393,0.520501,-0.045268,0.201700,0.575200,-0.055249,0.193254,0.617445,-0.051165,0.196339,0.531608,-0.008899,0.185878,0.515074,-0.044347,0.175627,0.569305,-0.047633,0.173569,0.611585,-0.036731,0.166488,0.524697,-0.010634,0.171028,0.468527,-0.027870,0.168683,0.430988,-0.030665,0.167770,0.395879,-0.026258
2912,0,0.026603,0.026252,0.075199,2.555724,2.721092,0.166635,0.679723,-0.000000,0.222656,0.676967,-0.026807,0.284607,0.628589,-0.034629,0.325327,0.582359,-0.041898,0.360803,0.556238,-0.045486,0.260280,0.555537,-0.014492,0.255054,0.528187,-0.043339,0.229061,0.571257,-0.056099,0.214785,0.611534,-0.055915,0.227312,0.539651,-0.009117,0.221260,0.520613,-0.045763,0.202459,0.576020,-0.055854,0.193820,0.618753,-0.051744,0.196644,0.531192,-0.009079,0.186856,0.515447,-0.044689,0.176670,0.570182,-0.048002,0.174495,0.612983,-0.037082,0.166725,0.524386,-0.010774,0.171157,0.468623,-0.028034,0.168837,0.431479,-0.030917,0.168162,0.396541,-0.026531
2945,0,0.024727,0.046184,0.140792,2.561839,2.747125,0.167900,0.678190,-0.000000,0.223531,0.676050,-0.026951,0.285642,0.628633,-0.034768,0.326253,0.582847,-0.042017,0.361364,0.556169,-0.045641,0.261202,0.555495,-0.014658,0.255252,0.528736,-0.043583,0.229610,0.571398,-0.056514,0.214980,0.611624,-0.056391,0.228421,0.539562,-0.009145,0.221786,0.520788,-0.045702,0.203218,0.575568,-0.055930,0.194230,0.618261,-0.051968,0.197717,0.531050,-0.008961,0.187071,0.515661,-0.044412,0.177164,0.569958,-0.047914,0.175053,0.612589,-0.037164,0.167678,0.524128,-0.010512,0.171747,0.468579,-0.027642,0.169318,0.431427,-0.030484,0.168417,0.396622,-0.026137
2974,0,0.026221,0.033901,0.181530,2.569694,2.743526,0.167114,0.678615,-0.000000,0.223339,0.676742,-0.026978,0.285879,0.629115,-0.034585,0.326349,0.582632,-0.041576,0.361667,0.555914,-0.044871,0.261479,0.556851,-0.015060,0.255573,0.529229,-0.043608,0.229119,0.571543,-0.055927,0.214304,0.611164,-0.055557,0.228647,0.540740,-0.009493,0.221815,0.521100,-0.045672,0.202816,0.575750,-0.055496,0.193956,0.617956,-0.051523,0.197948,0.532439,-0.009224,0.187389,0.515499,-0.044563,0.176856,0.569679,-0.047797,0.174471,0.612282,-0.037079,0.167794,0.525487,-0.010694,0.172146,0.469612,-0.028179,0.169474,0.432172,-0.031274,0.168474,0.396898,-0.027178
3007,0,0.032194,0.042301,0.248199,2.570822,2.753554,0.168710,0.678601,-0.000000,0.224522,0.677355,-0.026379,0.286469,0.628719,-0.033844,0.326585,0.582115,-0.040772,0.361748,0.555915,-0.044267,0.262108,0.555806,-0.015175,0.255756,0.529977,-0.043776,0.229929,0.571949,-0.056468,0.214847,0.611770,-0.056284,0.229141,0.540223,-0.009971,0.222836,0.522088,-0.045953,0.203800,0.575851,-0.056069,0.193970,0.618252,-0.052268,0.198444,0.531994,-0.009955,0.187836,0.516492,-0.045064,0.177415,0.569746,-0.048743,0.174636,0.612051,-0.038381,0.168343,0.525476,-0.011573,0.172334,0.469453,-0.028694,0.169864,0.432228,-0.031545,0.169049,0.397417,-0.027391
3042,0,0.032603,0.056277,0.243653,2.566091,2.723524,0.168229,0.680266,-0.000000,0.224221,0.677852,-0.026406,0.286276,0.629412,-0.033961,0.326856,0.583553,-0.041072,0.362059,0.557397,-0.044505,0.262232,0.556735,-0.014574,0.257087,0.529664,-0.043248,0.230763,0.572232,-0.055815,0.215551,0.611905,-0.055539,0.229376,0.540839,-0.009417,0.223190,0.521465,-0.045516,0.204009,0.575643,-0.055417,0.194724,0.617893,-0.051401,0.198573,0.532358,-0.009578,0.188441,0.515939,-0.044474,0.177990,0.569744,-0.047662,0.175586,0.612435,-0.036965,0.168464,0.525646,-0.011471,0.172822,0.469893,-0.028306,0.170360,0.432471,-0.031049,0.169638,0.397800,-0.026789
3072,0,0.024644,0.030233,0.171748,2.579065,2.739316,0.168049,0.679859,-0.000000,0.224440,0.677818,-0.026618,0.286749,0.630163,-0.034212,0.326780,0.583211,-0.041147,0.361989,0.556208,-0.044491,0.262439,0.558328,-0.014882,0.256811,0.530052,-0.043172,0.230430,0.572324,-0.055629,0.215395,0.612504,-0.055445,0.229666,0.542128,-0.009358,0.223391,0.521420,-0.045289,0.203981,0.575956,-0.055200,0.194641,0.618997,-0.051303,0.199125,0.533197,-0.009036,0.189065,0.515573,-0.043847,0.178157,0.569259,-0.047069,0.175587,0.611745,-0.036452,0.169158,0.525791,-0.010425,0.173319,0.469932,-0.027462,0.170786,0.432836,-0.030361,0.170033,0.398149,-0.026188
3104,0,0.036127,0.042883,0.261228,2.586241,2.749986,0.169100,0.679988,-0.000000,0.225131,0.678205,-0.026161,0.287005,0.629092,-0.033465,0.327012,0.582203,-0.040311,0.362248,0.555262,-0.043734,0.262592,0.557001,-0.014173,0.257234,0.530649,-0.042573,0.231160,0.572372,-0.055164,0.215914,0.612211,-0.054981,0.229819,0.541498,-0.009085,0.224369,0.522861,-0.045170,0.205038,0.576636,-0.055439,0.194690,0.619541,-0.051650,0.199169,0.533373,-0.009245,0.188908,0.517239,-0.044437,0.178437,0.570430,-0.048379,0.175724,0.612670,-0.038111,0.169318,0.526509,-0.011025,0.173153,0.470670,-0.028041,0.170705,0.433702,-0.031005,0.169980,0.398976,-0.026894
3138,0,0.030442,0.032314,0.135943,2.580121,2.738753,0.169001,0.680426,-0.000000,0.224563,0.678288,-0.026975,0.286427,0.629603,-0.034817,0.326760,0.583781,-0.042019,0.362160,0.557084,-0.045619,0.262854,0.556822,-0.015021,0.256992,0.530309,-0.043727,0.230873,0.572593,-0.056544,0.215836,0.612484,-0.056452,0.230078,0.540866,-0.009513,0.223205,0.522952,-0.045436,0.204352,0.576941,-0.055506,0.195046,0.619275,-0.051722,0.199355,0.532765,-0.009322,0.188651,0.517561,-0.044216,0.178571,0.570503,-0.047755,0.176332,0.612553,-0.037380,0.169236,0.526359,-0.010878,0.173468,0.470729,-0.027799,0.171218,0.433747,-0.030606,0.170553,0.399318,-0.026380
3184,0,0.040617,0.040645,0.338625,2.589657,2.750403,0.168812,0.680165,-0.000000,0.225360,0.678134,-0.026777,0.287188,0.629483,-0.034318,0.326917,0.581906,-0.041249,0.362401,0.554996,-0.044608,0.262078,0.557466,-0.013999,0.257523,0.530022,-0.042531,0.231357,0.572463,-0.055263,0.216464,0.612344,-0.055111,0.229309,0.541706,-0.008435,0.223845,0.521883,-0.044577,0.204454,0.576390,-0.054683,0.195447,0.619135,-0.050684,0.198715,0.533289,-0.008190,0.189436,0.516651,-0.043539,0.178171,0.570797,-0.046837,0.175347,0.613456,-0.035967,0.168910,0.526412,-0.009663,0.173563,0.470644,-0.027052,0.171035,0.433588,-0.029906,0.170303,0.398872,-0.025494
3217,0,0.033060,0.032585,0.155116,2.583765,2.741651,0.168644,0.680499,-0.000000,0.225103,0.677902,-0.026239,0.286878,0.628912,-0.033678,0.326719,0.581840,-0.040553,0.361607,0.554479,-0.043869,0.262083,0.557848,-0.014542,0.256374,0.530045,-0.042622,0.230462,0.572317,-0.055095,0.215764,0.612315,-0.054973,0.228988,0.542137,-0.009332,0.222996,0.521816,-0.044995,0.204174,0.575611,-0.055065,0.195226,0.618212,-0.051384,0.198415,0.533718,-0.009309,0.188707,0.516640,-0.043961,0.178249,0.569977,-0.047368,0.175812,0.612462,-0.036994,0.168697,0.527187,-0.010983,0.173090,0.471449,-0.028080,0.170363,0.433928,-0.031122,0.169370,0.398994,-0.027137
3250,0,0.032212,0.026953,0.092408,2.575219,2.740377,0.168001,0.679873,-0.000000,0.224580,0.677684,-0.026772,0.286598,0.629081,-0.034267,0.326510,0.581801,-0.041078,0.361698,0.553721,-0.044332,0.261253,0.557019,-0.014215,0.256126,0.528942,-0.042325,0.230052,0.571354,-0.054822,0.215502,0.611290,-0.054700,0.228424,0.541526,-0.008673,0.223084,0.521281,-0.044149,0.203914,0.575365,-0.054092,0.195077,0.617722,-0.050382,0.197934,0.533475,-0.008453,0.188897,0.516184,-0.043115,0.178101,0.569518,-0.046490,0.175688,0.611691,-0.036061,0.168282,0.526844,-0.009981,0.173022,0.470967,-0.027213,0.170082,0.433302,-0.030284,0.168751,0.398500,-0.026271
3278,0,0.036586,0.042858,0.164326,2.587857,2.756948,0.168369,0.679590,-0.000000,0.224645,0.676875,-0.027266,0.286595,0.628516,-0.035006,0.326297,0.580757,-0.041941,0.361763,0.553122,-0.045134,0.261500,0.556911,-0.015009,0.254660,0.528363,-0.043522,0.228534,0.571351,-0.055901,0.214435,0.611509,-0.055596,0.228618,0.541507,-0.009193,0.221028,0.520973,-0.045286,0.202539,0.575770,-0.055201,0.194555,0.618219,-0.051278,0.198289,0.533570,-0.008721,0.187385,0.516143,-0.043978,0.177072,0.569884,-0.047293,0.174996,0.612043,-0.036679,0.168532,0.527145,-0.010014,0.172505,0.471236,-0.027585,0.169401,0.433571,-0.030809,0.168029,0.398492,-0.026795
3312,0,0.047284,0.049543,0.133394,2.552757,2.719671,0.167882,0.679769,-0.000000,0.223630,0.677305,-0.026818,0.285394,0.629236,-0.034654,0.326028,0.583384,-0.041882,0.361053,0.556155,-0.045466,0.261764,0.556302,-0.015717,0.255118,0.528393,-0.044069,0.229011,0.570854,-0.056278,0.214598,0.610692,-0.055944,0.228594,0.540654,-0.010433,0.222150,0.520901,-0.046407,0.203102,0.575157,-0.056308,0.194246,0.617750,-0.052512,0.197874,0.532686,-0.010357,0.188303,0.515878,-0.045314,0.177671,0.569279,-0.048685,0.175148,0.611625,-0.038298,0.168009,0.526603,-0.012012,0.171893,0.470707,-0.029308,0.168660,0.433139,-0.032437,0.167333,0.398520,-0.028504
3347,0,0.049878,0.053094,0.151998,2.532647,2.717035,0.167715,0.678172,-0.000000,0.224169,0.677994,-0.027739,0.285882,0.631327,-0.035750,0.326449,0.585506,-0.043041,0.361533,0.558077,-0.046502,0.262398,0.556215,-0.015516,0.254532,0.526836,-0.044236,0.228953,0.568742,-0.056428,0.215238,0.608361,-0.056030,0.228672,0.540522,-0.009895,0.220723,0.518989,-0.046778,0.202569,0.573644,-0.056887,0.194912,0.615793,-0.052997,0.197418,0.532575,-0.009642,0.186467,0.514439,-0.045859,0.176517,0.568613,-0.049351,0.174947,0.611187,-0.038691,0.167144,0.526777,-0.011166,0.170945,0.470913,-0.029424,0.167465,0.432999,-0.032932,0.165882,0.397734,-0.029010
3376,0,0.062691,0.056046,0.484924,2.506675,2.696322,0.167050,0.677282,-0.000000,0.223747,0.677625,-0.027044,0.285545,0.633295,-0.035233,0.327682,0.589935,-0.042787,0.362809,0.562534,-0.046657,0.262303,0.558196,-0.016146,0.254629,0.524834,-0.044273,0.228506,0.565055,-0.055914,0.214602,0.604633,-0.055233,0.228330,0.542218,-0.010960,0.220566,0.516966,-0.047245,0.201916,0.571088,-0.057059,0.194018,0.613504,-0.053158,0.196971,0.533752,-0.010906,0.185829,0.513649,-0.046440,0.175471,0.567358,-0.049846,0.173792,0.609850,-0.039319,0.166728,0.527421,-0.012539,0.170401,0.470327,-0.030000,0.166553,0.432486,-0.032942,0.164780,0.397477,-0.028855
3408,0,0.092462,0.079256,0.260680,2.473679,2.671588,0.166572,0.676308,-0.000000,0.223194,0.677179,-0.026994,0.285345,0.636523,-0.035340,0.329651,0.594898,-0.043008,0.363581,0.565366,-0.046984,0.263413,0.556454,-0.016440,0.253253,0.519542,-0.043860,0.226671,0.557287,-0.055251,0.212725,0.597240,-0.054620,0.228949,0.540636,-0.011430,0.218035,0.514030,-0.047520,0.198861,0.568037,-0.057712,0.191079,0.611344,-0.054273,0.197032,0.532625,-0.011399,0.183417,0.512340,-0.046826,0.173114,0.565920,-0.050581,0.171955,0.608524,-0.040578,0.166524,0.527206,-0.013063,0.169230,0.470673,-0.030592,0.165219,0.432032,-0.033637,0.163401,0.396471,-0.029771
3442,0,0.108314,0.095598,0.315909,2.412066,2.649765,0.166613,0.674585,-0.000000,0.224512,0.677474,-0.027110,0.286378,0.639535,-0.035888,0.331010,0.598237,-0.043906,0.365117,0.567345,-0.048788,0.263039,0.554490,-0.017701,0.254052,0.514703,-0.043971,0.227653,0.546350,-0.055869,0.211090,0.584608,-0.056257,0.228488,0.539392,-0.012609,0.216351,0.512770,-0.047236,0.196572,0.565114,-0.058261,0.186888,0.608482,-0.056289,0.196565,0.532199,-0.012165,0.182182,0.510863,-0.046137,0.172011,0.562784,-0.050502,0.170092,0.605490,-0.041804,0.166162,0.527745,-0.013450,0.167549,0.469442,-0.030731,0.163014,0.429801,-0.033819,0.160507,0.393895,-0.030424
3470,0,0.156780,0.159228,0.487055,2.356687,2.615338,0.166924,0.674416,-0.000000,0.225867,0.675289,-0.027804,0.286298,0.640250,-0.037601,0.330833,0.601276,-0.046737,0.365764,0.572114,-0.053423,0.261752,0.551458,-0.016897,0.254148,0.509626,-0.043063,0.226472,0.534513,-0.057759,0.206313,0.570004,-0.060506,0.227279,0.536519,-0.011676,0.215301,0.509863,-0.045545,0.193777,0.559710,-0.059116,0.181372,0.604504,-0.059182,0.195161,0.529876,-0.011014,0.180328,0.509834,-0.043361,0.169224,0.557713,-0.049352,0.165926,0.599611,-0.042301,0.164287,0.526437,-0.012247,0.164875,0.469282,-0.028002,0.160774,0.429706,-0.030700,0.158225,0.394675,-0.027357
3503,0,0.226321,0.214858,0.759298,2.262313,2.544965,0.165202,0.673832,-0.000000,0.227284,0.672420,-0.027431,0.288080,0.641667,-0.037102,0.332540,0.604752,-0.046470,0.367450,0.578481,-0.053749,0.260900,0.550453,-0.012746,0.255138,0.501122,-0.037776,0.228249,0.520721,-0.053446,0.209085,0.554190,-0.057523,0.226081,0.535914,-0.007915,0.213473,0.501562,-0.040438,0.191140,0.548253,-0.055198,0.180215,0.591646,-0.056411,0.193804,0.529435,-0.007767,0.177912,0.503521,-0.039023,0.165988,0.547458,-0.045864,0.164048,0.588467,-0.039663,0.162805,0.525986,-0.009570,0.163242,0.469703,-0.024229,0.157463,0.431752,-0.026217,0.153881,0.398568,-0.022629
3539,0,0.195367,0.193514,0.548425,2.268470,2.562596,0.165258,0.674617,-0.000000,0.227131,0.673999,-0.028176,0.288457,0.643624,-0.036984,0.333689,0.607327,-0.045000,0.369438,0.583459,-0.050951,0.258312,0.551988,-0.011525,0.253755,0.496715,-0.034541,0.229448,0.510930,-0.048543,0.212378,0.541257,-0.051777,0.224145,0.538553,-0.005732,0.208911,0.498348,-0.036124,0.186770,0.544139,-0.050195,0.177720,0.586577,-0.051330,0.192475,0.532956,-0.004679,0.173938,0.501752,-0.035263,0.161696,0.544707,-0.042041,0.161469,0.584129,-0.036089,0.161270,0.530307,-0.005492,0.160432,0.470654,-0.019782,0.153293,0.433019,-0.021278,0.149902,0.399602,-0.017537
3584,0,0.264145,0.320344,1.429236,2.147963,2.411669,0.167857,0.678057,-0.000000,0.229729,0.675702,-0.026364,0.287656,0.645173,-0.035351,0.333254,0.610660,-0.044092,0.370411,0.588110,-0.051500,0.256726,0.551330,-0.008166,0.259750,0.492454,-0.029085,0.239213,0.488435,-0.043425,0.220000,0.504082,-0.048270,0.222540,0.536890,-0.003603,0.209215,0.496618,-0.031928,0.184753,0.531445,-0.047954,0.171439,0.568802,-0.051640,0.190455,0.531245,-0.003368,0.174380,0.496286,-0.032069,0.159783,0.531239,-0.040126,0.156097,0.567489,-0.036439,0.159493,0.531010,-0.004954,0.157105,0.472563,-0.018465,0.149406,0.434467,-0.020273,0.145503,0.402671,-0.017579
3617,0,0.501315,0.484104,2.775376,1.884986,2.220584,0.170187,0.676189,-0.000000,0.229618,0.675536,-0.023620,0.288710,0.644907,-0.032146,0.332073,0.610389,-0.040014,0.367143,0.589608,-0.047347,0.256153,0.549035,-0.006461,0.260153,0.498404,-0.021466,0.250995,0.474404,-0.034069,0.240272,0.464081,-0.040263,0.222333,0.533572,-0.003139,0.217544,0.484297,-0.022285,0.204388,0.502162,-0.035724,0.195678,0.527981,-0.040939,0.190810,0.526606,-0.003357,0.183207,0.480844,-0.023104,0.172041,0.498568,-0.029797,0.167216,0.523693,-0.029423,0.159001,0.527173,-0.005714,0.154480,0.471383,-0.015263,0.147483,0.431721,-0.017853,0.142712,0.398788,-0.018227
3650,0,0.359421,0.366882,4.047696,1.662143,2.030107,0.169612,0.674669,-0.000000,0.230530,0.674623,-0.021911,0.289556,0.645791,-0.030152,0.332995,0.611348,-0.038304,0.368381,0.590850,-0.046402,0.256398,0.551702,-0.003682,0.261844,0.497896,-0.015981,0.255646,0.467264,-0.029006,0.246600,0.444904,-0.037193,0.223737,0.535897,-0.001674,0.223184,0.482363,-0.017253,0.216007,0.471763,-0.032893,0.207136,0.471486,-0.041636,0.192408,0.527476,-0.002840,0.189137,0.474693,-0.017925,0.182934,0.468332,-0.026712,0.178575,0.471066,-0.029883,0.159129,0.526302,-0.006311,0.151346,0.472731,-0.015175,0.144328,0.434715,-0.018955,0.139053,0.403502,-0.020478
3680,0,0.315608,0.309516,2.568995,1.448770,1.807004,0.168554,0.675308,-0.000000,0.228063,0.676512,-0.022252,0.287588,0.647776,-0.031591,0.332217,0.613970,-0.040784,0.368603,0.594244,-0.050305,0.255364,0.552055,-0.008732,0.261383,0.496059,-0.021961,0.256747,0.460540,-0.035203,0.248713,0.429579,-0.044541,0.223542,0.535721,-0.007989,0.220784,0.482856,-0.023037,0.212069,0.459253,-0.037683,0.201630,0.438659,-0.047168,0.192827,0.527569,-0.010406,0.184460,0.475848,-0.025317,0.175083,0.454243,-0.033397,0.167189,0.434391,-0.037501,0.160311,0.526601,-0.015330,0.149849,0.472341,-0.025700,0.142368,0.435339,-0.029238,0.136022,0.401959,-0.030953
3712,0,0.325433,0.332760,0.487926,1.178185,1.521834,0.168108,0.676132,0.000000,0.227148,0.678071,-0.024864,0.286344,0.647719,-0.035383,0.331656,0.614036,-0.045203,0.368735,0.596193,-0.055171,0.253824,0.544553,-0.012275,0.262106,0.484063,-0.025838,0.257962,0.447188,-0.039392,0.249472,0.414151,-0.049323,0.222292,0.526658,-0.010749,0.220907,0.467630,-0.026041,0.211263,0.438131,-0.041084,0.198866,0.411828,-0.051162,0.191590,0.519326,-0.012524,0.181958,0.461884,-0.027438,0.172447,0.433548,-0.036762,0.163050,0.407252,-0.042150,0.159284,0.520639,-0.017039,0.147636,0.463893,-0.028155,0.139651,0.428103,-0.032735,0.132608,0.395120,-0.035364
3747,0,0.293561,0.374540,0.517543,0.913527,1.173730,0.167405,0.680193,0.000000,0.228854,0.680007,-0.025291,0.288685,0.647731,-0.035914,0.333223,0.612694,-0.045674,0.370750,0.595863,-0.055753,0.255740,0.539559,-0.015849,0.265965,0.476219,-0.030293,0.263915,0.436266,-0.044101,0.258608,0.400053,-0.054704,0.223394,0.521466,-0.014603,0.223530,0.456119,-0.029937,0.215514,0.419637,-0.044812,0.204428,0.386750,-0.055641,0.191683,0.515739,-0.016561,0.183897,0.454089,-0.031698,0.176214,0.420680,-0.041628,0.168002,0.389240,-0.048185,0.158079,0.520176,-0.021320,0.146071,0.462522,-0.033647,0.137950,0.426684,-0.039305,0.130638,0.392092,-0.043014
3775,0,0.229845,0.309099,0.446183,0.721539,0.903647,0.168536,0.685443,0.000000,0.228749,0.682044,-0.025448,0.287316,0.648860,-0.036749,0.331608,0.615678,-0.047141,0.368659,0.599579,-0.057722,0.257076,0.534837,-0.017569,0.269094,0.470541,-0.032540,0.268836,0.429076,-0.046382,0.265476,0.391728,-0.057229,0.223854,0.515684,-0.016573,0.224997,0.444952,-0.031193,0.219332,0.405407,-0.045207,0.210921,0.370115,-0.055864,0.191017,0.511143,-0.018792,0.184389,0.444405,-0.033014,0.177984,0.406540,-0.042741,0.171500,0.371318,-0.049682,0.157179,0.518709,-0.023912,0.143373,0.460296,-0.036503,0.134550,0.424651,-0.042666,0.127103,0.390606,-0.046686
3808,0,0.202148,0.268949,0.398497,0.554630,0.663763,0.168738,0.689460,0.000000,0.228470,0.683088,-0.025973,0.287016,0.648146,-0.038060,0.332536,0.616911,-0.049077,0.370148,0.601350,-0.060132,0.257538,0.530098,-0.019355,0.272020,0.464200,-0.034733,0.273533,0.420709,-0.048274,0.272461,0.380955,-0.059061,0.223862,0.509768,-0.018514,0.227047,0.437171,-0.032839,0.223751,0.395650,-0.045749,0.218154,0.358214,-0.055733,0.190206,0.506241,-0.020943,0.186009,0.435696,-0.035019,0.180655,0.395724,-0.044219,0.175867,0.357873,-0.050951,0.156250,0.516468,-0.026336,0.142610,0.458364,-0.039438,0.133993,0.422351,-0.045711,0.127333,0.387500,-0.049651
3843,0,0.176495,0.200973,0.242994,0.458811,0.522082,0.167932,0.690762,0.000000,0.227722,0.683127,-0.026626,0.286009,0.650038,-0.039370,0.331961,0.621297,-0.051015,0.370822,0.606612,-0.062622,0.258561,0.526616,-0.019280,0.275920,0.459432,-0.034511,0.279868,0.415349,-0.047853,0.280931,0.374917,-0.058573,0.224515,0.505105,-0.018653,0.229575,0.429804,-0.032487,0.227925,0.384379,-0.045192,0.223667,0.344275,-0.055025,0.190131,0.502134,-0.021439,0.186987,0.428673,-0.035919,0.181650,0.386896,-0.045771,0.176887,0.347760,-0.052712,0.155840,0.514199,-0.027204,0.141883,0.455568,-0.041259,0.133497,0.418599,-0.048084,0.127652,0.382694,-0.052133
3875,0,0.175571,0.183875,0.132771,0.379353,0.425103,0.167291,0.691063,0.000000,0.226760,0.683400,-0.027563,0.285588,0.650553,-0.040838,0.332890,0.622645,-0.052829,0.371581,0.608490,-0.064820,0.259921,0.524406,-0.021509,0.278911,0.455780,-0.037432,0.284070,0.411146,-0.051155,0.286352,0.369683,-0.062056,0.225357,0.501989,-0.020847,0.232442,0.423520,-0.035096,0.232723,0.376359,-0.047924,0.230261,0.334962,-0.057812,0.190197,0.499212,-0.023631,0.187095,0.423547,-0.038580,0.181886,0.379277,-0.049131,0.177465,0.338322,-0.056488,0.155195,0.512355,-0.029412,0.141212,0.451882,-0.043953,0.132556,0.414335,-0.051194,0.126564,0.377546,-0.055515
3904,0,0.174622,0.181749,0.265053,0.427680,0.469598,0.167847,0.691568,0.000000,0.226881,0.683677,-0.028176,0.285025,0.651188,-0.042343,0.332699,0.623252,-0.055129,0.372120,0.610237,-0.067914,0.258974,0.524157,-0.024585,0.280201,0.454048,-0.041751,0.287752,0.408701,-0.055918,0.292520,0.366545,-0.066928,0.224064,0.500622,-0.024111,0.234625,0.418708,-0.039285,0.238920,0.369349,-0.051972,0.239852,0.326327,-0.061600,0.188778,0.497874,-0.027032,0.185929,0.419416,-0.042698,0.182058,0.373161,-0.053590,0.179244,0.331603,-0.061008,0.154105,0.511899,-0.032971,0.140077,0.449832,-0.047907,0.131624,0.410964,-0.055208,0.125916,0.373814,-0.059548
3958,0,0.119775,0.108873,0.168189,0.421814,0.429651,0.166971,0.690718,0.000000,0.226687,0.682687,-0.026930,0.283973,0.651474,-0.040703,0.330278,0.624024,-0.053385,0.368781,0.612437,-0.065949,0.258354,0.521766,-0.023205,0.282905,0.451821,-0.040089,0.292596,0.407075,-0.053901,0.298913,0.365803,-0.064483,0.223401,0.498069,-0.023403,0.236885,0.414523,-0.038404,0.242724,0.363971,-0.050849,0.244310,0.321160,-0.060004,0.188056,0.495127,-0.026911,0.185778,0.415329,-0.042526,0.182110,0.367053,-0.053663,0.179327,0.324904,-0.061035,0.153551,0.509772,-0.033272,0.139571,0.447207,-0.048352,0.130943,0.407205,-0.055843,0.125125,0.369441,-0.060083
3986,0,0.091915,0.091599,0.208343,0.441260,0.423880,0.167444,0.690442,0.000000,0.226273,0.683044,-0.026723,0.283189,0.652126,-0.040696,0.330439,0.626205,-0.053682,0.368488,0.614601,-0.066471,0.257373,0.523853,-0.023249,0.285690,0.454072,-0.039906,0.298492,0.409204,-0.053287,0.307024,0.368586,-0.063431,0.222553,0.498902,-0.023663,0.239618,0.414038,-0.038387,0.247193,0.361660,-0.050327,0.249650,0.319068,-0.058932,0.187207,0.494715,-0.027374,0.186070,0.412464,-0.042630,0.182902,0.362330,-0.053603,0.180574,0.319812,-0.060787,0.152699,0.508574,-0.033926,0.138102,0.445077,-0.048669,0.129112,0.404352,-0.055932,0.123370,0.366632,-0.059958
4013,0,0.070452,0.066389,0.203433,0.494793,0.472321,0.167619,0.689967,0.000000,0.226365,0.682376,-0.026264,0.283260,0.652236,-0.040603,0.331362,0.627725,-0.054243,0.369956,0.618708,-0.067724,0.255471,0.522820,-0.023173,0.285841,0.453350,-0.040284,0.301388,0.409021,-0.053805,0.312213,0.369073,-0.063895,0.221258,0.497927,-0.023991,0.240255,0.412617,-0.038888,0.249886,0.359516,-0.050654,0.254014,0.316238,-0.059069,0.186139,0.493771,-0.028119,0.183629,0.411628,-0.043395,0.181279,0.361020,-0.054363,0.179768,0.318260,-0.061502,0.151668,0.507876,-0.035079,0.135813,0.444700,-0.049537,0.126514,0.404164,-0.056596,0.120782,0.366413,-0.060545
4045,0,0.068233,0.059408,0.095732,0.518606,0.484436,0.167056,0.689605,0.000000,0.226269,0.681335,-0.025931,0.282781,0.652513,-0.040350,0.330947,0.630146,-0.054325,0.370023,0.622156,-0.068219,0.255068,0.520583,-0.021669,0.286313,0.451441,-0.038310,0.302457,0.407545,-0.051659,0.313832,0.368234,-0.061636,0.220539,0.496212,-0.022800,0.239471,0.411592,-0.037200,0.249698,0.358880,-0.048751,0.254540,0.315327,-0.057112,0.184972,0.492892,-0.027405,0.181853,0.410898,-0.042531,0.179334,0.360192,-0.053436,0.178010,0.316917,-0.060545,0.150059,0.507609,-0.034837,0.133476,0.444408,-0.049276,0.123927,0.403777,-0.056102,0.117818,0.365632,-0.059899
4079,0,0.052177,0.078325,0.076762,0.563240,0.537499,0.168546,0.688835,0.000000,0.227105,0.681082,-0.026434,0.281995,0.653254,-0.041732,0.330400,0.631093,-0.056499,0.370228,0.622476,-0.071226,0.254396,0.520503,-0.023334,0.285879,0.451138,-0.040651,0.302216,0.406709,-0.054215,0.313923,0.367300,-0.064250,0.219918,0.495907,-0.024272,0.239140,0.410702,-0.038958,0.249560,0.358089,-0.050380,0.254657,0.314426,-0.058743,0.184538,0.492251,-0.028617,0.180638,0.410857,-0.043568,0.178335,0.360309,-0.054133,0.177451,0.317079,-0.061191,0.149789,0.506584,-0.035919,0.132676,0.444030,-0.050013,0.123186,0.403354,-0.056581,0.117144,0.365529,-0.060293
4114,0,0.040628,0.071953,0.080566,0.563147,0.518952,0.166945,0.689035,0.000000,0.226978,0.681109,-0.025619,0.282860,0.653778,-0.040457,0.331088,0.631621,-0.054907,0.370871,0.623138,-0.069337,0.254605,0.519627,-0.022175,0.286910,0.449971,-0.039295,0.303138,0.405188,-0.052706,0.314163,0.365749,-0.062570,0.219897,0.495226,-0.023459,0.239360,0.409542,-0.038276,0.249681,0.356901,-0.049812,0.254609,0.313860,-0.058005,0.184313,0.491865,-0.028126,0.180586,0.410306,-0.043249,0.178369,0.359363,-0.053888,0.177619,0.315514,-0.060817,0.149647,0.506529,-0.035626,0.133046,0.444454,-0.049852,0.123537,0.403209,-0.056334,0.117361,0.364503,-0.059921
4148,0,0.024473,0.024106,0.078971,0.562203,0.530199,0.167082,0.689459,0.000000,0.226340,0.680917,-0.026143,0.282446,0.653668,-0.041240,0.331235,0.632096,-0.055968,0.370863,0.623295,-0.070696,0.253991,0.520101,-0.022215,0.285459,0.450048,-0.039399,0.301871,0.405858,-0.053104,0.313622,0.366336,-0.063291,0.219542,0.495893,-0.023381,0.238777,0.410630,-0.038110,0.249223,0.357791,-0.049831,0.254503,0.313934,-0.058423,0.184294,0.492527,-0.028025,0.180489,0.410711,-0.043162,0.178082,0.359865,-0.054004,0.177109,0.315880,-0.061205,0.149822,0.506872,-0.035594,0.132987,0.443915,-0.049872,0.123338,0.402975,-0.056582,0.117064,0.364459,-0.060387
4175,0,0.025505,0.025546,0.074876,0.575736,0.532738,0.166616,0.688930,0.000000,0.225995,0.680948,-0.026421,0.281748,0.653288,-0.041721,0.330711,0.631969,-0.056571,0.370636,0.624081,-0.071399,0.253456,0.519508,-0.022878,0.285091,0.450321,-0.040267,0.301582,0.405996,-0.054113,0.313595,0.366731,-0.064354,0.219176,0.494959,-0.023902,0.238669,0.410092,-0.038751,0.249158,0.357682,-0.050385,0.254435,0.313977,-0.058864,0.184047,0.491607,-0.028408,0.180522,0.410110,-0.043626,0.178236,0.359412,-0.054359,0.177276,0.315518,-0.061445,0.149469,0.506418,-0.035864,0.133273,0.443642,-0.050221,0.123885,0.402672,-0.056857,0.117634,0.363996,-0.060585
4209,0,0.033589,0.039001,0.036570,0.549849,0.512428,0.166527,0.689385,0.000000,0.225814,0.681101,-0.025932,0.282191,0.653174,-0.040756,0.331185,0.631266,-0.055213,0.370542,0.622998,-0.069669,0.253463,0.519175,-0.021664,0.284847,0.449753,-0.038592,0.301219,0.405809,-0.052231,0.313072,0.366604,-0.062359,0.219198,0.495028,-0.022828,0.238477,0.409975,-0.037305,0.249101,0.357622,-0.048964,0.254362,0.314051,-0.057500,0.184008,0.491790,-0.027463,0.180585,0.410216,-0.042390,0.178229,0.359450,-0.053252,0.177172,0.315549,-0.060440,0.149536,0.506556,-0.034998,0.133190,0.443687,-0.049128,0.123770,0.402813,-0.055744,0.117493,0.364419,-0.059501
4244,0,0.033347,0.036237,0.042581,0.567705,0.534257,0.166725,0.689548,0.000000,0.226303,0.680968,-0.026171,0.282169,0.653073,-0.041322,0.330643,0.631208,-0.056104,0.370188,0.622426,-0.070907,0.253400,0.519843,-0.022552,0.284600,0.450586,-0.039952,0.300910,0.406355,-0.053814,0.312595,0.366727,-0.064078,0.219175,0.495346,-0.023738,0.238576,0.410786,-0.038643,0.248882,0.358015,-0.050338,0.253866,0.313875,-0.058844,0.184029,0.491787,-0.028359,0.180666,0.410329,-0.043632,0.178107,0.359680,-0.054305,0.176851,0.315906,-0.061298,0.149436,0.506358,-0.035924,0.132783,0.443647,-0.050298,0.123236,0.402854,-0.056881,0.116945,0.364410,-0.060562
4271,0,0.031102,0.031869,0.059344,0.586445,0.546132,0.166670,0.689096,0.000000,0.226068,0.680378,-0.026190,0.282019,0.652873,-0.041532,0.330769,0.630750,-0.056424,0.370429,0.622366,-0.071337,0.253824,0.519936,-0.023350,0.284529,0.450675,-0.041103,0.300466,0.406114,-0.055076,0.311819,0.366546,-0.065372,0.219241,0.495329,-0.024576,0.238492,0.410037,-0.039918,0.248892,0.357275,-0.051766,0.254104,0.313204,-0.060306,0.183954,0.491926,-0.029213,0.180450,0.410318,-0.044780,0.177965,0.359308,-0.055607,0.176850,0.315194,-0.062716,0.149525,0.506595,-0.036731,0.133310,0.444009,-0.051235,0.123952,0.402998,-0.057854,0.117725,0.364268,-0.061613
4324,0,0.029669,0.033986,0.050880,0.581580,0.537499,0.167474,0.688533,0.000000,0.226889,0.680047,-0.026443,0.282646,0.652682,-0.041673,0.331087,0.630608,-0.056475,0.370616,0.621571,-0.071236,0.253891,0.519349,-0.022916,0.284971,0.450101,-0.040328,0.300919,0.405751,-0.054110,0.312252,0.365986,-0.064345,0.219412,0.494701,-0.023936,0.238446,0.410221,-0.038901,0.248803,0.357449,-0.050563,0.253847,0.313277,-0.059044,0.184033,0.491317,-0.028421,0.180487,0.409965,-0.043753,0.177814,0.359010,-0.054559,0.176559,0.314971,-0.061654,0.149605,0.506030,-0.035822,0.133391,0.443465,-0.050236,0.123883,0.402584,-0.056924,0.117557,0.364018,-0.060675
4352,0,0.021091,0.034393,0.098718,0.578274,0.523969,0.166371,0.688498,0.000000,0.225927,0.680113,-0.026286,0.281908,0.651826,-0.041560,0.330844,0.630480,-0.056406,0.370598,0.621332,-0.071252,0.254074,0.518739,-0.022758,0.284601,0.449504,-0.040235,0.300341,0.405298,-0.054163,0.311625,0.365682,-0.064563,0.219876,0.494464,-0.023880,0.238683,0.409693,-0.038950,0.248781,0.357177,-0.050818,0.253950,0.313004,-0.059424,0.184690,0.491017,-0.028489,0.181002,0.409728,-0.043926,0.178363,0.359061,-0.054815,0.177048,0.314968,-0.061994,0.150225,0.505709,-0.035993,0.134217,0.443241,-0.050492,0.124864,0.402362,-0.057222,0.118518,0.363691,-0.061056
4385,0,0.024716,0.043151,0.080072,0.582367,0.547749,0.167957,0.688818,0.000000,0.226550,0.679965,-0.026648,0.281984,0.651712,-0.041855,0.330918,0.630220,-0.056553,0.370373,0.621608,-0.071210,0.253668,0.519662,-0.023472,0.285067,0.450775,-0.041000,0.301072,0.406370,-0.055005,0.312498,0.366351,-0.065428,0.219451,0.494896,-0.024388,0.238846,0.410339,-0.039473,0.249298,0.357489,-0.051341,0.254635,0.313396,-0.060013,0.184381,0.491416,-0.028724,0.180931,0.409881,-0.044175,0.178587,0.358967,-0.055168,0.177535,0.314825,-0.062415,0.150030,0.506114,-0.035992,0.133986,0.443319,-0.050527,0.124744,0.402309,-0.057367,0.118793,0.363691,-0.061235
4418,0,0.056488,0.063610,0.072571,0.559675,0.511374,0.166369,0.688796,0.000000,0.225905,0.680338,-0.026117,0.282085,0.652193,-0.040983,0.330951,0.630098,-0.055402,0.370609,0.620511,-0.069780,0.253604,0.518975,-0.021893,0.284035,0.449259,-0.038932,0.299871,0.404746,-0.052559,0.311046,0.365169,-0.062672,0.219218,0.494427,-0.022928,0.238466,0.409904,-0.037632,0.248544,0.357078,-0.049309,0.253431,0.313172,-0.057758,0.183803,0.490950,-0.027478,0.180623,0.409595,-0.042648,0.178165,0.358635,-0.053493,0.176844,0.314678,-0.060601,0.149145,0.505534,-0.034890,0.133508,0.443044,-0.049188,0.124317,0.402102,-0.055930,0.118204,0.363570,-0.059667
4450,0,0.026122,0.029234,0.062562,0.575308,0.527732,0.167104,0.688649,0.000000,0.226262,0.679662,-0.026023,0.282525,0.651052,-0.040932,0.331228,0.629100,-0.055392,0.370344,0.620598,-0.069831,0.253745,0.518773,-0.022597,0.284674,0.449611,-0.039729,0.300440,0.405434,-0.053352,0.311735,0.365822,-0.063509,0.219458,0.494396,-0.023678,0.238550,0.409729,-0.038464,0.248648,0.356903,-0.050130,0.253384,0.312842,-0.058573,0.184235,0.490902,-0.028185,0.180864,0.409421,-0.043400,0.178317,0.358510,-0.054331,0.176737,0.314388,-0.061551,0.149673,0.505554,-0.035568,0.133750,0.442925,-0.049926,0.124303,0.402060,-0.056738,0.117873,0.363614,-0.060613
4481,0,0.028907,0.034764,0.062507,0.590698,0.532659,0.166202,0.688302,0.000000,0.225434,0.679940,-0.026674,0.281547,0.651166,-0.041946,0.330861,0.629426,-0.056607,0.370855,0.620336,-0.071268,0.253114,0.519118,-0.023539,0.284260,0.449967,-0.040928,0.300143,0.405454,-0.054734,0.311138,0.365580,-0.065037,0.219010,0.494256,-0.024374,0.238306,0.409670,-0.039340,0.248421,0.356868,-0.051028,0.252868,0.313044,-0.059539,0.183881,0.490736,-0.028650,0.180678,0.409191,-0.043982,0.178151,0.358431,-0.054815,0.176419,0.314355,-0.061942,0.149527,0.505554,-0.035837,0.133694,0.442625,-0.050335,0.124389,0.401594,-0.057096,0.117932,0.363070,-0.060883
4511,0,0.026080,0.030305,0.048701,0.581985,0.531169,0.166682,0.688686,0.000000,0.226225,0.679600,-0.026011,0.282302,0.650999,-0.040880,0.331195,0.629223,-0.055362,0.370446,0.620102,-0.069864,0.253710,0.519481,-0.022568,0.284454,0.450527,-0.039861,0.300016,0.406131,-0.053651,0.310988,0.366231,-0.063957,0.219398,0.494892,-0.023811,0.238294,0.410060,-0.038802,0.248151,0.357186,-0.050596,0.252796,0.313041,-0.059150,0.183976,0.491261,-0.028475,0.180649,0.409333,-0.043955,0.177969,0.358039,-0.054955,0.176244,0.313799,-0.062165,0.149209,0.505754,-0.036012,0.133295,0.442809,-0.050677,0.123964,0.401664,-0.057521,0.117661,0.363131,-0.061432
4543,0,0.028943,0.029390,0.048337,0.593197,0.539815,0.165951,0.688700,0.000000,0.224930,0.679581,-0.026318,0.281133,0.650879,-0.041468,0.330381,0.629145,-0.056107,0.369786,0.620754,-0.070767,0.253165,0.519426,-0.023521,0.284160,0.450574,-0.041100,0.299653,0.406390,-0.055086,0.310416,0.366185,-0.065540,0.219052,0.494756,-0.024644,0.238120,0.410158,-0.039834,0.248038,0.357457,-0.051615,0.252658,0.313285,-0.060191,0.183835,0.491095,-0.029176,0.180337,0.409462,-0.044714,0.177597,0.358679,-0.055617,0.175931,0.314559,-0.062763,0.149280,0.505600,-0.036629,0.133308,0.442514,-0.051125,0.123911,0.401633,-0.057863,0.117535,0.363174,-0.061701
4579,0,0.015759,0.027030,0.051992,0.591244,0.547941,0.166733,0.688889,0.000000,0.225794,0.679697,-0.026273,0.281567,0.651433,-0.041426,0.330331,0.629325,-0.056089,0.369543,0.620459,-0.070713,0.253607,0.519719,-0.023299,0.284101,0.451047,-0.040753,0.299429,0.406734,-0.054623,0.310208,0.366741,-0.065010,0.219131,0.494769,-0.024481,0.237768,0.409807,-0.039531,0.247648,0.357124,-0.051161,0.252426,0.313219,-0.059592,0.183672,0.491220,-0.029083,0.180162,0.409334,-0.044603,0.177480,0.358283,-0.055438,0.175935,0.314105,-0.062525,0.149088,0.505915,-0.036578,0.133013,0.442819,-0.051161,0.123508,0.401729,-0.057922,0.117133,0.363124,-0.061711
4609,0,0.034414,0.032683,0.080911,0.599206,0.548491,0.165625,0.689187,0.000000,0.225556,0.680851,-0.026468,0.281735,0.651417,-0.041616,0.330745,0.628830,-0.056234,0.370386,0.619046,-0.070853,0.253299,0.520620,-0.023740,0.283362,0.451512,-0.041412,0.298464,0.406901,-0.055379,0.309054,0.366556,-0.065804,0.218799,0.495714,-0.024880,0.237033,0.410612,-0.040150,0.246828,0.357564,-0.051918,0.251331,0.313117,-0.060429,0.183308,0.491984,-0.029441,0.179501,0.409758,-0.045281,0.176555,0.358598,-0.056153,0.174806,0.314414,-0.063238,0.148629,0.506427,-0.036872,0.132718,0.442882,-0.051796,0.123295,0.401594,-0.058678,0.116781,0.362845,-0.062546
4638,0,0.039342,0.045874,0.108285,0.621235,0.579420,0.165524,0.689803,0.000000,0.225350,0.680231,-0.026793,0.281410,0.651267,-0.042223,0.329632,0.628815,-0.057060,0.368852,0.620487,-0.071938,0.252477,0.520206,-0.024667,0.282543,0.451052,-0.042631,0.297217,0.406331,-0.056774,0.307634,0.365814,-0.067319,0.218110,0.495385,-0.025689,0.236480,0.410699,-0.041364,0.246301,0.357405,-0.053218,0.251352,0.312622,-0.061842,0.182946,0.491772,-0.030124,0.179349,0.409698,-0.046146,0.176578,0.358956,-0.057142,0.175039,0.315255,-0.064254,0.148563,0.506244,-0.037481,0.132198,0.442744,-0.052482,0.122646,0.401462,-0.059471,0.116201,0.363038,-0.063436
4673,0,0.054649,0.049315,0.043129,0.590021,0.550191,0.164763,0.690326,0.000000,0.224617,0.680899,-0.025802,0.280827,0.651522,-0.040647,0.329373,0.628746,-0.055106,0.368423,0.620189,-0.069565,0.252193,0.520158,-0.022951,0.282139,0.451172,-0.040342,0.296861,0.406552,-0.054129,0.307001,0.366437,-0.064392,0.217733,0.495593,-0.024335,0.236071,0.410331,-0.039425,0.245704,0.356999,-0.050992,0.250069,0.312651,-0.059383,0.182436,0.492105,-0.029121,0.178727,0.409694,-0.044680,0.175791,0.358601,-0.055513,0.174003,0.314650,-0.062519,0.147772,0.506897,-0.036737,0.131565,0.443526,-0.051400,0.122106,0.402188,-0.058242,0.115844,0.363351,-0.062111
4720,0,0.030095,0.024981,0.041060,0.605608,0.562520,0.164448,0.690259,0.000000,0.224497,0.681020,-0.026154,0.280588,0.652009,-0.041198,0.328570,0.628631,-0.055773,0.367807,0.619666,-0.070369,0.252004,0.520772,-0.023626,0.281458,0.451483,-0.041280,0.296031,0.406648,-0.055162,0.306178,0.366211,-0.065558,0.217464,0.495879,-0.024910,0.235397,0.410495,-0.040260,0.244963,0.357152,-0.051982,0.249412,0.312687,-0.060421,0.182014,0.492246,-0.029599,0.178286,0.409684,-0.045459,0.175122,0.358574,-0.056385,0.173343,0.314737,-0.063479,0.147419,0.507035,-0.037121,0.131154,0.443502,-0.052023,0.121677,0.402070,-0.059035,0.115307,0.363475,-0.062949
4752,0,0.022199,0.013971,0.041019,0.606687,0.562139,0.163959,0.690451,0.000000,0.223804,0.681234,-0.026401,0.279467,0.652147,-0.041688,0.327638,0.628980,-0.056466,0.367205,0.619706,-0.071204,0.251696,0.521595,-0.023796,0.280922,0.451769,-0.041505,0.295327,0.406651,-0.055367,0.305241,0.366163,-0.065708,0.217069,0.496252,-0.024976,0.235152,0.411072,-0.040324,0.244785,0.357654,-0.051907,0.249325,0.313015,-0.060252,0.181596,0.492359,-0.029577,0.177759,0.410014,-0.045352,0.174678,0.358813,-0.056059,0.172976,0.314874,-0.063021,0.147010,0.506701,-0.037088,0.130566,0.443120,-0.051866,0.121023,0.401870,-0.058746,0.114794,0.363191,-0.062573
4786,0,0.031342,0.030456,0.030105,0.619238,0.582268,0.164215,0.690756,0.000000,0.224021,0.681241,-0.026536,0.279692,0.652242,-0.042043,0.328158,0.629109,-0.057021,0.367965,0.620016,-0.071998,0.251668,0.521503,-0.024481,0.280562,0.452105,-0.042409,0.295030,0.407406,-0.056491,0.305051,0.367167,-0.066992,0.217102,0.496503,-0.025702,0.234929,0.411028,-0.041290,0.244434,0.357740,-0.053113,0.248963,0.313283,-0.061660,0.181551,0.492887,-0.030321,0.177491,0.410600,-0.046235,0.174521,0.359163,-0.057143,0.172808,0.314656,-0.064306,0.146825,0.507662,-0.037831,0.130666,0.444004,-0.052666,0.121265,0.402619,-0.059625,0.115160,0.363617,-0.063614
4814,0,0.023078,0.024275,0.044958,0.621228,0.582600,0.163584,0.690988,0.000000,0.223341,0.682043,-0.026872,0.279484,0.653148,-0.042507,0.327894,0.630057,-0.057490,0.367506,0.620585,-0.072474,0.251539,0.521994,-0.024979,0.280599,0.452624,-0.043118,0.294747,0.407836,-0.057328,0.304666,0.367253,-0.067954,0.216896,0.496678,-0.026058,0.234895,0.411636,-0.041856,0.244457,0.358367,-0.053745,0.249021,0.313556,-0.062336,0.181372,0.492979,-0.030537,0.177571,0.410852,-0.046619,0.174343,0.359586,-0.057531,0.172587,0.315258,-0.064656,0.146698,0.507678,-0.037927,0.130709,0.444346,-0.052930,0.121313,0.402997,-0.059893,0.114942,0.364259,-0.063842
4847,0,0.032299,0.032402,0.044812,0.603877,0.562694,0.163567,0.690880,0.000000,0.223078,0.681649,-0.026511,0.278926,0.652774,-0.041904,0.327591,0.630145,-0.056808,0.367474,0.620941,-0.071672,0.250626,0.521738,-0.024047,0.280217,0.452098,-0.041863,0.294630,0.407253,-0.055831,0.304834,0.366984,-0.066256,0.216304,0.496797,-0.025146,0.234729,0.411929,-0.040621,0.244450,0.358523,-0.052370,0.249186,0.313945,-0.060840,0.181026,0.493086,-0.029667,0.177396,0.410930,-0.045447,0.174352,0.359867,-0.056238,0.172758,0.316023,-0.063283,0.146650,0.507454,-0.037078,0.130624,0.444153,-0.051840,0.121328,0.402955,-0.058722,0.115221,0.364278,-0.062632
4882,0,0.030537,0.028699,0.047376,0.622118,0.584135,0.163194,0.691325,0.000000,0.223204,0.682135,-0.026655,0.278926,0.653433,-0.042208,0.327018,0.630209,-0.057172,0.366664,0.620389,-0.072136,0.250343,0.522172,-0.024926,0.280077,0.452680,-0.042940,0.294709,0.407548,-0.056969,0.304618,0.366928,-0.067378,0.215854,0.496979,-0.026004,0.234213,0.411501,-0.041639,0.243949,0.358028,-0.053390,0.248608,0.313331,-0.061808,0.180465,0.492990,-0.030416,0.176963,0.410767,-0.046315,0.174080,0.359752,-0.057050,0.172299,0.315757,-0.064003,0.146132,0.507658,-0.037735,0.130133,0.444422,-0.052618,0.120835,0.403002,-0.059530,0.114576,0.364380,-0.063353
4912,0,0.016295,0.017933,0.048094,0.626863,0.592179,0.163378,0.691409,0.000000,0.223213,0.682099,-0.026918,0.278994,0.653415,-0.042581,0.327322,0.630112,-0.057615,0.366976,0.620092,-0.072648,0.250471,0.522350,-0.024988,0.279527,0.452578,-0.043109,0.293830,0.407508,-0.057290,0.303993,0.366866,-0.067854,0.215948,0.497379,-0.026004,0.233659,0.412033,-0.041769,0.243376,0.358509,-0.053755,0.248092,0.313517,-0.062409,0.180462,0.493374,-0.030392,0.176499,0.411202,-0.046441,0.173509,0.360008,-0.057371,0.171890,0.315866,-0.064481,0.145967,0.507787,-0.037705,0.129985,0.444456,-0.052698,0.120774,0.402947,-0.059727,0.114828,0.364158,-0.063669
4942,0,0.034450,0.042058,0.042597,0.623955,0.589051,0.164182,0.690739,0.000000,0.223624,0.681155,-0.026677,0.279066,0.652940,-0.042487,0.326998,0.630280,-0.057708,0.366624,0.620558,-0.072969,0.251104,0.522908,-0.025374,0.279983,0.453280,-0.043749,0.294035,0.408094,-0.057993,0.303997,0.367649,-0.068533,0.216779,0.497478,-0.026514,0.234415,0.412314,-0.042609,0.243727,0.358683,-0.054655,0.248186,0.314046,-0.063283,0.181434,0.493760,-0.030990,0.177239,0.411722,-0.047208,0.173847,0.360346,-0.058237,0.172202,0.315941,-0.065481,0.147053,0.508103,-0.038316,0.130916,0.445356,-0.053394,0.121576,0.403916,-0.060516,0.115493,0.365005,-0.064585
4976,0,0.040509,0.058617,0.071377,0.590887,0.565577,0.163506,0.691868,0.000000,0.223489,0.682894,-0.026472,0.279029,0.653663,-0.041893,0.327048,0.630103,-0.056789,0.366850,0.620159,-0.071644,0.251171,0.523057,-0.024205,0.280242,0.453446,-0.042096,0.294420,0.408516,-0.056141,0.304038,0.368051,-0.066625,0.216732,0.497889,-0.025440,0.234441,0.412518,-0.041043,0.243552,0.358997,-0.052903,0.247680,0.314430,-0.061484,0.181173,0.494091,-0.030054,0.177530,0.411960,-0.045941,0.174533,0.360731,-0.056789,0.172644,0.316684,-0.063791,0.146626,0.508481,-0.037522,0.130791,0.444813,-0.052377,0.121601,0.403413,-0.059258,0.115494,0.364831,-0.063103
5010,0,0.027486,0.029058,0.050502,0.597104,0.573456,0.163684,0.691893,0.000000,0.223483,0.682201,-0.026883,0.279293,0.653155,-0.042413,0.327345,0.630029,-0.057334,0.367053,0.620841,-0.072255,0.250813,0.523126,-0.024693,0.279678,0.453851,-0.042737,0.293794,0.408988,-0.056969,0.303789,0.368442,-0.067633,0.216389,0.498191,-0.025748,0.234099,0.413375,-0.041520,0.243252,0.360032,-0.053604,0.247390,0.315178,-0.062321,0.181094,0.494618,-0.030187,0.177499,0.412656,-0.046346,0.174444,0.361349,-0.057537,0.172720,0.316896,-0.064835,0.146704,0.509045,-0.037547,0.130818,0.445703,-0.052671,0.121458,0.404273,-0.059888,0.115272,0.365351,-0.064024
5039,0,0.016747,0.021989,0.050708,0.608691,0.584061,0.164145,0.691474,0.000000,0.223435,0.681743,-0.026886,0.278946,0.652804,-0.042589,0.327369,0.629943,-0.057623,0.366945,0.620960,-0.072656,0.250543,0.522903,-0.025326,0.279707,0.453983,-0.043521,0.293901,0.409002,-0.057744,0.303917,0.368591,-0.068361,0.216185,0.497768,-0.026339,0.233900,0.412847,-0.042143,0.243075,0.359569,-0.054057,0.247428,0.315154,-0.062728,0.180952,0.494147,-0.030675,0.177502,0.412206,-0.046682,0.174699,0.361202,-0.057582,0.172967,0.317277,-0.064754,0.146730,0.508734,-0.037929,0.130863,0.445541,-0.052881,0.121723,0.404125,-0.059892,0.115761,0.365205,-0.063903
5091,0,0.049627,0.080504,0.078767,0.574361,0.545816,0.162522,0.692513,0.000000,0.222689,0.682945,-0.026169,0.278295,0.653853,-0.041389,0.326530,0.629986,-0.056062,0.366015,0.619867,-0.070756,0.250655,0.523147,-0.023538,0.279665,0.453819,-0.041146,0.293949,0.408929,-0.055050,0.303686,0.368529,-0.065453,0.216181,0.498005,-0.024793,0.234070,0.412935,-0.040134,0.243193,0.359725,-0.051933,0.247450,0.315173,-0.060434,0.180821,0.494137,-0.029407,0.177334,0.412040,-0.045133,0.174135,0.360988,-0.055981,0.172193,0.316899,-0.063024,0.146317,0.508717,-0.036876,0.130606,0.445474,-0.051691,0.121349,0.404153,-0.058612,0.115168,0.365441,-0.062458
5121,0,0.027907,0.047682,0.063923,0.584505,0.556778,0.163426,0.691909,0.000000,0.223018,0.682338,-0.026534,0.278841,0.652788,-0.041734,0.326881,0.628742,-0.056307,0.366490,0.619842,-0.070839,0.250672,0.523666,-0.024470,0.279521,0.454365,-0.042260,0.293607,0.409394,-0.056185,0.303360,0.368983,-0.066629,0.216148,0.498394,-0.025502,0.233809,0.413325,-0.041066,0.242909,0.360036,-0.052866,0.247110,0.315269,-0.061407,0.180888,0.494346,-0.029914,0.177427,0.412511,-0.045823,0.174358,0.361141,-0.056873,0.172578,0.316969,-0.064119,0.146367,0.508754,-0.037180,0.130499,0.445605,-0.052137,0.121219,0.404219,-0.059302,0.115166,0.365376,-0.063472
5151,0,0.014348,0.019176,0.043286,0.591763,0.550169,0.162982,0.691419,0.000000,0.223110,0.681849,-0.026495,0.278990,0.652860,-0.041785,0.326592,0.628787,-0.056509,0.366040,0.619083,-0.071273,0.250148,0.523635,-0.024412,0.279139,0.454415,-0.042432,0.293274,0.409222,-0.056590,0.303092,0.368608,-0.067107,0.215953,0.498194,-0.025544,0.233674,0.413437,-0.041320,0.242658,0.359979,-0.053233,0.246703,0.315304,-0.061848,0.180753,0.494168,-0.030055,0.177268,0.412148,-0.046113,0.174106,0.361133,-0.057075,0.172177,0.317083,-0.064235,0.146420,0.508805,-0.037437,0.130668,0.445742,-0.052504,0.121441,0.404332,-0.059624,0.115446,0.365447,-0.063669
5184,0,0.014711,0.031051,0.074197,0.587194,0.567199,0.163625,0.692202,0.000000,0.222978,0.682805,-0.026435,0.278720,0.652838,-0.041682,0.326750,0.628224,-0.056262,0.366060,0.618948,-0.070802,0.250043,0.523903,-0.024839,0.279094,0.454310,-0.042853,0.293387,0.409278,-0.056868,0.303098,0.368768,-0.067289,0.215963,0.498806,-0.025910,0.234038,0.413249,-0.041641,0.243145,0.359650,-0.053435,0.247098,0.315072,-0.061876,0.180942,0.494766,-0.030272,0.177341,0.412196,-0.046165,0.174363,0.360847,-0.056989,0.172538,0.316698,-0.064057,0.146445,0.509020,-0.037481,0.130662,0.445764,-0.052264,0.121548,0.404234,-0.059211,0.115445,0.365494,-0.063169
5219,0,0.031741,0.053118,0.075756,0.567987,0.532622,0.162069,0.692632,0.000000,0.222142,0.682941,-0.026184,0.278330,0.652987,-0.041252,0.326864,0.628807,-0.055756,0.366234,0.618832,-0.070199,0.249978,0.523792,-0.023662,0.278728,0.454272,-0.041474,0.292958,0.409349,-0.055554,0.302838,0.368706,-0.066044,0.215945,0.498595,-0.024892,0.234272,0.414035,-0.040526,0.243703,0.360601,-0.052488,0.247809,0.315464,-0.061122,0.180829,0.494701,-0.029492,0.177316,0.412967,-0.045428,0.174176,0.361693,-0.056401,0.171855,0.317153,-0.063583,0.146372,0.509297,-0.036935,0.131203,0.446046,-0.051722,0.122208,0.404734,-0.058661,0.116032,0.365911,-0.062615
5248,0,0.050559,0.068747,0.065209,0.595417,0.562949,0.163028,0.691973,0.000000,0.222238,0.682453,-0.027233,0.278292,0.652919,-0.042838,0.326816,0.628976,-0.057615,0.366323,0.619270,-0.072352,0.250118,0.524482,-0.026102,0.279277,0.455392,-0.044291,0.293383,0.410109,-0.058382,0.302966,0.369080,-0.068880,0.216051,0.498989,-0.026829,0.234436,0.414327,-0.042757,0.243897,0.361080,-0.054506,0.248098,0.316136,-0.062945,0.180934,0.494702,-0.030887,0.177567,0.412687,-0.046996,0.174751,0.361805,-0.057736,0.172931,0.317874,-0.064761,0.146407,0.508766,-0.037851,0.130956,0.445701,-0.052891,0.121999,0.404521,-0.059957,0.116257,0.365884,-0.063954
5280,0,0.029812,0.024394,0.051289,0.572244,0.549519,0.163596,0.692002,0.000000,0.222963,0.682650,-0.026398,0.278545,0.653368,-0.041769,0.326744,0.629231,-0.056473,0.366246,0.619339,-0.071177,0.250858,0.524491,-0.025025,0.279732,0.455172,-0.043062,0.293903,0.410164,-0.057038,0.303656,0.369575,-0.067420,0.216708,0.499142,-0.026136,0.235095,0.414090,-0.041971,0.244446,0.360692,-0.053766,0.248708,0.316069,-0.062209,0.181471,0.495336,-0.030579,0.177649,0.413174,-0.046657,0.174738,0.361654,-0.057604,0.172940,0.317225,-0.064754,0.146917,0.509727,-0.037851,0.131735,0.446368,-0.052837,0.122758,0.404885,-0.059947,0.116793,0.366195,-0.063987
5315,0,0.023178,0.031733,0.043604,0.557176,0.535547,0.162876,0.692713,0.000000,0.222602,0.683384,-0.026724,0.278782,0.653932,-0.042058,0.327001,0.629296,-0.056667,0.366349,0.618561,-0.071196,0.250798,0.525257,-0.024812,0.279460,0.455784,-0.042823,0.293487,0.410898,-0.056869,0.303012,0.370268,-0.067333,0.216760,0.499580,-0.025798,0.235134,0.414863,-0.041575,0.244674,0.361491,-0.053407,0.249039,0.316716,-0.061859,0.181550,0.495145,-0.030185,0.178081,0.413242,-0.046243,0.175192,0.361988,-0.057110,0.173263,0.317821,-0.064194,0.147039,0.509222,-0.037450,0.131833,0.446019,-0.052321,0.122916,0.404678,-0.059364,0.116937,0.366094,-0.063348
5344,0,0.027001,0.031184,0.073357,0.544165,0.519157,0.163065,0.692282,0.000000,0.222346,0.682950,-0.026782,0.278616,0.653678,-0.041947,0.327014,0.629251,-0.056306,0.366250,0.619510,-0.070584,0.250585,0.524934,-0.024765,0.279928,0.455490,-0.042310,0.294094,0.410200,-0.055862,0.303574,0.369714,-0.065986,0.216294,0.499438,-0.025451,0.235041,0.414860,-0.040858,0.244477,0.361464,-0.052313,0.248775,0.316877,-0.060541,0.181292,0.495309,-0.029484,0.178232,0.413110,-0.045174,0.175378,0.362133,-0.055943,0.173729,0.318304,-0.062921,0.146905,0.509351,-0.036401,0.131767,0.446251,-0.051184,0.122851,0.404903,-0.058282,0.117143,0.366104,-0.062316
5376,0,0.016908,0.023435,0.068628,0.548283,0.518841,0.162600,0.692449,0.000000,0.222422,0.683207,-0.026541,0.279044,0.653608,-0.041635,0.327219,0.629501,-0.056024,0.366452,0.619460,-0.070373,0.250930,0.524960,-0.024485,0.279865,0.455335,-0.042159,0.293714,0.410286,-0.055984,0.303269,0.369694,-0.066342,0.216731,0.499671,-0.025412,0.235091,0.414802,-0.040970,0.244598,0.361228,-0.052759,0.248891,0.316335,-0.061223,0.181670,0.495453,-0.029705,0.178199,0.413203,-0.045625,0.175331,0.361951,-0.056629,0.173600,0.317888,-0.063843,0.147291,0.509773,-0.036859,0.132063,0.446423,-0.051752,0.122946,0.405077,-0.059007,0.116874,0.366367,-0.063118
5411,0,0.021078,0.020444,0.045653,0.533997,0.509094,0.162798,0.692526,0.000000,0.222452,0.683195,-0.026267,0.279346,0.653647,-0.041015,0.327326,0.629130,-0.054995,0.365918,0.618988,-0.068916,0.250977,0.524835,-0.024270,0.280326,0.455947,-0.041680,0.294083,0.410986,-0.055197,0.303403,0.370395,-0.065325,0.216796,0.499435,-0.025238,0.235426,0.414927,-0.040611,0.244824,0.361562,-0.052171,0.249135,0.316751,-0.060483,0.181789,0.495184,-0.029535,0.178386,0.413242,-0.045392,0.175485,0.362255,-0.056327,0.173632,0.318441,-0.063469,0.147437,0.509336,-0.036637,0.131872,0.445884,-0.051566,0.122805,0.404559,-0.058748,0.116897,0.365955,-0.062863
5457,0,0.020577,0.032305,0.050097,0.538559,0.526658,0.163562,0.692704,0.000000,0.223179,0.683583,-0.026659,0.279047,0.653736,-0.041685,0.326859,0.628826,-0.055902,0.365817,0.618409,-0.070080,0.250765,0.524957,-0.024740,0.279958,0.455884,-0.042290,0.293710,0.410772,-0.055822,0.302834,0.370220,-0.066000,0.216477,0.499750,-0.025548,0.234850,0.414836,-0.041038,0.244425,0.361601,-0.052510,0.248582,0.317137,-0.060790,0.181550,0.495616,-0.029708,0.177989,0.413370,-0.045603,0.175202,0.362234,-0.056468,0.173570,0.318419,-0.063577,0.147341,0.509743,-0.036736,0.132000,0.446403,-0.051702,0.122990,0.404919,-0.058932,0.117145,0.366153,-0.063092
5490,0,0.021765,0.037536,0.058190,0.531517,0.500036,0.162577,0.692382,0.000000,0.222368,0.683434,-0.026306,0.278663,0.653694,-0.041278,0.326996,0.629315,-0.055506,0.366194,0.618868,-0.069694,0.250871,0.525346,-0.024095,0.279688,0.456053,-0.041559,0.293260,0.411191,-0.055225,0.302316,0.370665,-0.065433,0.216862,0.499745,-0.025040,0.235154,0.415120,-0.040434,0.244645,0.361808,-0.052130,0.248688,0.317129,-0.060490,0.181576,0.495298,-0.029300,0.178343,0.413469,-0.045096,0.175279,0.362308,-0.056109,0.173098,0.318272,-0.063263,0.147046,0.509176,-0.036374,0.132118,0.446227,-0.051205,0.123080,0.405083,-0.058319,0.116978,0.366689,-0.062379
5519,0,0.027183,0.023453,0.062017,0.528288,0.491028,0.162814,0.691769,0.000000,0.222563,0.682939,-0.026464,0.279082,0.653662,-0.041076,0.327361,0.629009,-0.054943,0.365967,0.618748,-0.068688,0.250771,0.524568,-0.023884,0.279882,0.455647,-0.040975,0.293428,0.410537,-0.054136,0.302471,0.370029,-0.064093,0.216709,0.499388,-0.024650,0.234876,0.414729,-0.039786,0.244364,0.361645,-0.051073,0.248552,0.317362,-0.059216,0.181858,0.495175,-0.028761,0.178346,0.412864,-0.044543,0.175322,0.361479,-0.055507,0.173297,0.317422,-0.062682,0.147504,0.508903,-0.035715,0.131770,0.445759,-0.050750,0.122716,0.404275,-0.058127,0.116710,0.365641,-0.062360
5551,0,0.023833,0.020881,0.038244,0.537260,0.503175,0.162720,0.692156,0.000000,0.222475,0.682754,-0.026516,0.278638,0.653053,-0.041391,0.326886,0.628732,-0.055538,0.366025,0.618784,-0.069645,0.250738,0.524890,-0.024252,0.279862,0.455730,-0.041552,0.293258,0.410491,-0.054972,0.302166,0.369795,-0.065077,0.216558,0.499699,-0.025101,0.234676,0.415322,-0.040421,0.243994,0.362094,-0.051819,0.248197,0.317522,-0.060106,0.181487,0.495473,-0.029305,0.178035,0.413388,-0.045069,0.174935,0.362412,-0.055902,0.173020,0.318411,-0.062975,0.147052,0.509298,-0.036379,0.131455,0.446131,-0.051253,0.122457,0.404610,-0.058448,0.116625,0.365812,-0.062612
5586,0,0.032090,0.032277,0.045174,0.541045,0.519516,0.163027,0.692606,0.000000,0.222806,0.683228,-0.026132,0.279108,0.653648,-0.040943,0.326833,0.628917,-0.055048,0.365321,0.618100,-0.069173,0.250420,0.525501,-0.024618,0.279465,0.456424,-0.042255,0.293060,0.411367,-0.055774,0.302055,0.370788,-0.065904,0.216373,0.500057,-0.025728,0.234652,0.414992,-0.041266,0.243976,0.361678,-0.052707,0.248129,0.317252,-0.060900,0.181429,0.496090,-0.030107,0.177794,0.413691,-0.046048,0.174692,0.362254,-0.056904,0.172850,0.318001,-0.063967,0.147204,0.510368,-0.037291,0.131647,0.447151,-0.052344,0.122674,0.405351,-0.059568,0.116758,0.366396,-0.063725
5615,0,0.032117,0.039200,0.045786,0.534487,0.501254,0.161880,0.692895,0.000000,0.221746,0.683807,-0.026483,0.278161,0.653882,-0.041335,0.326755,0.629192,-0.055503,0.365550,0.618653,-0.069549,0.249926,0.525798,-0.024149,0.279235,0.456492,-0.041536,0.292880,0.411323,-0.054979,0.301925,0.370718,-0.065082,0.216006,0.500238,-0.025035,0.234525,0.415573,-0.040409,0.244111,0.362389,-0.051880,0.248122,0.317684,-0.060091,0.181043,0.495818,-0.029261,0.177518,0.413619,-0.045119,0.174504,0.362615,-0.056026,0.172499,0.318730,-0.063029,0.146838,0.509591,-0.036324,0.131152,0.446226,-0.051277,0.122079,0.404927,-0.058401,0.116060,0.366453,-0.062385
5647,0,0.022393,0.038549,0.038943,0.537701,0.516573,0.162914,0.692752,0.000000,0.222212,0.683537,-0.026533,0.278474,0.653565,-0.041386,0.326774,0.629126,-0.055450,0.365523,0.618643,-0.069434,0.250257,0.525754,-0.024633,0.279197,0.456887,-0.042154,0.292831,0.411869,-0.055774,0.302095,0.371451,-0.065999,0.216140,0.500377,-0.025482,0.234192,0.415419,-0.041022,0.243677,0.362187,-0.052621,0.247999,0.317765,-0.061028,0.181149,0.496345,-0.029685,0.177494,0.414144,-0.045670,0.174609,0.362992,-0.056703,0.172904,0.318815,-0.063938,0.146907,0.510424,-0.036718,0.131267,0.447029,-0.051732,0.122123,0.405606,-0.059007,0.116188,0.366746,-0.063251
5682,0,0.020729,0.021864,0.048673,0.526199,0.503458,0.162320,0.693151,0.000000,0.222275,0.684011,-0.026202,0.278556,0.654266,-0.041158,0.326931,0.629547,-0.055388,0.365828,0.618806,-0.069577,0.250579,0.526726,-0.024449,0.279123,0.457633,-0.042004,0.292441,0.412585,-0.055589,0.301222,0.371870,-0.065828,0.216475,0.501086,-0.025557,0.234345,0.416134,-0.041077,0.243686,0.362739,-0.052687,0.248044,0.317682,-0.061031,0.181290,0.496781,-0.029951,0.177640,0.414777,-0.045834,0.174483,0.363635,-0.056718,0.172551,0.319361,-0.063772,0.147112,0.510818,-0.037147,0.131529,0.447807,-0.052042,0.122534,0.406319,-0.059096,0.116704,0.367528,-0.063168