t,missing,delta_l1,delta_l1_wrist,delta_angles,delta_base_l1,delta_base_l1_wrist,x0,y0,z0,x1,y1,z1,x2,y2,z2,x3,y3,z3,x4,y4,z4,x5,y5,z5,x6,y6,z6,x7,y7,z7,x8,y8,z8,x9,y9,z9,x10,y10,z10,x11,y11,z11,x12,y12,z12,x13,y13,z13,x14,y14,z14,x15,y15,z15,x16,y16,z16,x17,y17,z17,x18,y18,z18,x19,y19,z19,x20,y20,z20
33,0,,,,0.000000,0.000000,0.113982,0.681326,0.000000,0.164855,0.695096,-0.036633,0.211137,0.678565,-0.054458,0.243622,0.643500,-0.068004,0.276214,0.614133,-0.080396,0.199616,0.551468,-0.035004,0.221033,0.493994,-0.053914,0.231190,0.454286,-0.068480,0.238200,0.415608,-0.079717,0.172682,0.517237,-0.029571,0.190180,0.442602,-0.046717,0.198347,0.396063,-0.059415,0.202747,0.352930,-0.068717,0.142424,0.504512,-0.027840,0.148562,0.430929,-0.046785,0.149101,0.384465,-0.059075,0.148987,0.340638,-0.066850,0.110541,0.508598,-0.029164,0.104460,0.446934,-0.047871,0.098280,0.408531,-0.057411,0.093077,0.370595,-0.062878
69,0,0.038100,0.036482,0.043686,0.038100,0.036482,0.113520,0.682763,0.000000,0.164170,0.695979,-0.036364,0.210591,0.679122,-0.053885,0.242987,0.643848,-0.067204,0.275537,0.615427,-0.079370,0.199245,0.551826,-0.034263,0.220590,0.494277,-0.052902,0.230808,0.454676,-0.067373,0.237690,0.416290,-0.078557,0.172285,0.517952,-0.028908,0.189797,0.442804,-0.045853,0.197800,0.396382,-0.058426,0.202089,0.353862,-0.067576,0.142060,0.505273,-0.027264,0.148183,0.431264,-0.046090,0.148448,0.384569,-0.058392,0.148153,0.340566,-0.066051,0.109987,0.509565,-0.028654,0.104134,0.447569,-0.047276,0.097942,0.408988,-0.056766,0.092774,0.370910,-0.062120
105,0,0.045606,0.058094,0.080699,0.050191,0.037391,0.114228,0.682704,0.000000,0.164733,0.695955,-0.036461,0.210765,0.679202,-0.054198,0.243080,0.644229,-0.067747,0.275254,0.614976,-0.080207,0.198948,0.552460,-0.035235,0.220236,0.495194,-0.054198,0.230583,0.455718,-0.068768,0.237651,0.417270,-0.079935,0.171732,0.518420,-0.029975,0.189002,0.443227,-0.047185,0.197310,0.396703,-0.059849,0.201902,0.354074,-0.069143,0.141406,0.505935,-0.028375,0.147484,0.432229,-0.047355,0.148213,0.385572,-0.059747,0.148286,0.341558,-0.067577,0.109389,0.510435,-0.029805,0.103643,0.448783,-0.048580,0.097531,0.410296,-0.058147,0.092348,0.372249,-0.063662
139,0,0.026907,0.028734,0.064206,0.055670,0.018862,0.113468,0.682990,0.000000,0.164297,0.696356,-0.036562,0.210327,0.679775,-0.054419,0.242219,0.644936,-0.068075,0.274532,0.615646,-0.080511,0.198825,0.552546,-0.034597,0.220254,0.495214,-0.053403,0.230254,0.455766,-0.067973,0.237042,0.417242,-0.079223,0.171802,0.518582,-0.029277,0.189392,0.444082,-0.046456,0.197568,0.397633,-0.059231,0.201854,0.354680,-0.068583,0.141451,0.506045,-0.027684,0.147462,0.432362,-0.046727,0.147974,0.385852,-0.059062,0.147678,0.342111,-0.066821,0.109308,0.510303,-0.029141,0.103269,0.448507,-0.047947,0.097034,0.409964,-0.057503,0.091729,0.372011,-0.062924
173,0,0.013049,0.020024,0.040119,0.063067,0.030137,0.113534,0.682518,0.000000,0.163842,0.695908,-0.036438,0.209947,0.679624,-0.054200,0.241783,0.644856,-0.067792,0.274261,0.615639,-0.080199,0.198770,0.552670,-0.034642,0.220171,0.495140,-0.053387,0.230343,0.455681,-0.067826,0.237107,0.417321,-0.078910,0.171671,0.518715,-0.029388,0.189005,0.444123,-0.046472,0.196820,0.397529,-0.059183,0.200879,0.354662,-0.068470,0.141263,0.506236,-0.027846,0.147206,0.432510,-0.046811,0.147476,0.385802,-0.059217,0.147191,0.341628,-0.066979,0.109000,0.510545,-0.029354,0.103090,0.448788,-0.048133,0.096900,0.410291,-0.057691,0.091708,0.372195,-0.063149
206,0,0.018424,0.016897,0.047759,0.063419,0.036729,0.113372,0.682222,0.000000,0.163631,0.695328,-0.035897,0.209603,0.678457,-0.053440,0.241354,0.643796,-0.066859,0.273753,0.615314,-0.079163,0.198577,0.552240,-0.034258,0.220075,0.495133,-0.053000,0.230493,0.456040,-0.067535,0.237630,0.417718,-0.078689,0.171512,0.518504,-0.029289,0.189051,0.444121,-0.046409,0.197117,0.397589,-0.059152,0.201265,0.354584,-0.068448,0.141238,0.505921,-0.027971,0.147270,0.432143,-0.046984,0.147714,0.385435,-0.059389,0.147436,0.341384,-0.067163,0.109112,0.510079,-0.029644,0.103080,0.448239,-0.048370,0.096864,0.409816,-0.057868,0.091671,0.372052,-0.063276
238,0,0.020021,0.022725,0.055525,0.054324,0.042620,0.113380,0.681395,0.000000,0.163803,0.694632,-0.036383,0.209563,0.678303,-0.054051,0.241108,0.643545,-0.067564,0.273438,0.614573,-0.079928,0.198845,0.551376,-0.034407,0.220293,0.494437,-0.053139,0.230953,0.455364,-0.067699,0.238380,0.416932,-0.078983,0.171754,0.517781,-0.029171,0.188966,0.444354,-0.046146,0.196792,0.397856,-0.058916,0.200870,0.354748,-0.068341,0.141308,0.505394,-0.027684,0.147257,0.432242,-0.046586,0.147805,0.385622,-0.058984,0.147823,0.341463,-0.066855,0.109152,0.509671,-0.029238,0.102944,0.448222,-0.048038,0.096690,0.409949,-0.057632,0.091410,0.372303,-0.063139
270,0,0.022568,0.027422,0.046217,0.060870,0.043875,0.113204,0.681728,0.000000,0.163888,0.694693,-0.036104,0.209480,0.677887,-0.053499,0.240935,0.642693,-0.066858,0.273413,0.613904,-0.079072,0.198669,0.551255,-0.033715,0.220095,0.493947,-0.052389,0.230851,0.454474,-0.066958,0.238270,0.415955,-0.078197,0.171583,0.517801,-0.028584,0.188667,0.444128,-0.045626,0.196659,0.397445,-0.058479,0.200806,0.354100,-0.067867,0.141130,0.505464,-0.027204,0.147092,0.432104,-0.046131,0.147692,0.385350,-0.058614,0.147761,0.341045,-0.066420,0.108906,0.509850,-0.028870,0.103227,0.448111,-0.047645,0.097139,0.409719,-0.057234,0.092043,0.371889,-0.062719
303,0,0.032247,0.031313,0.030770,0.043792,0.042255,0.113709,0.680584,0.000000,0.164009,0.693847,-0.036638,0.209863,0.677087,-0.054366,0.241063,0.641933,-0.067882,0.273385,0.612934,-0.080218,0.199295,0.550308,-0.034615,0.220534,0.493397,-0.053591,0.231141,0.453911,-0.068354,0.238525,0.415382,-0.079679,0.171947,0.516701,-0.029290,0.188921,0.443142,-0.046479,0.196634,0.396439,-0.059321,0.200715,0.353145,-0.068691,0.141485,0.504568,-0.027689,0.147372,0.431848,-0.046614,0.147730,0.385275,-0.058883,0.147701,0.341088,-0.066635,0.109355,0.509251,-0.029189,0.103297,0.447998,-0.047828,0.097031,0.409613,-0.057299,0.091879,0.371788,-0.062692
335,0,0.040467,0.027248,0.042456,0.048390,0.057634,0.114409,0.679248,0.000000,0.164663,0.693125,-0.037001,0.210175,0.676505,-0.054879,0.241623,0.641248,-0.068481,0.273851,0.611759,-0.080938,0.199790,0.549673,-0.035486,0.221038,0.492047,-0.054475,0.231627,0.452602,-0.069019,0.238973,0.414179,-0.080197,0.172468,0.516111,-0.029880,0.189512,0.443013,-0.047169,0.197283,0.396486,-0.059929,0.201282,0.353433,-0.069289,0.141843,0.503874,-0.028012,0.147806,0.430974,-0.047068,0.148347,0.384256,-0.059559,0.148407,0.340021,-0.067471,0.109603,0.508307,-0.029241,0.103587,0.446833,-0.048212,0.097273,0.408461,-0.058043,0.092169,0.370550,-0.063733
366,0,0.072484,0.081899,0.060898,0.080215,0.067174,0.114266,0.679601,0.000000,0.165149,0.692711,-0.036199,0.210934,0.675529,-0.053393,0.242240,0.639799,-0.066465,0.274475,0.610704,-0.078296,0.200272,0.548564,-0.033450,0.221427,0.490563,-0.051684,0.231801,0.450788,-0.065861,0.238978,0.412605,-0.076822,0.172937,0.515531,-0.028037,0.189906,0.441805,-0.044712,0.197886,0.395165,-0.057281,0.202210,0.352364,-0.066431,0.142357,0.503598,-0.026378,0.148249,0.430196,-0.045047,0.148815,0.383303,-0.057516,0.148998,0.338943,-0.065359,0.110167,0.508260,-0.027786,0.104231,0.446611,-0.046455,0.098092,0.408023,-0.056242,0.093208,0.370245,-0.061839
398,0,0.040926,0.023486,0.055254,0.091023,0.055937,0.114729,0.679068,0.000000,0.165735,0.692263,-0.036539,0.211746,0.674696,-0.053948,0.243014,0.638295,-0.067140,0.275449,0.608573,-0.079151,0.200667,0.547969,-0.034009,0.222044,0.489958,-0.052531,0.232180,0.449952,-0.066870,0.239118,0.411475,-0.077936,0.173244,0.514521,-0.028526,0.190571,0.440284,-0.045345,0.198356,0.393553,-0.057896,0.202541,0.350773,-0.067039,0.142673,0.502561,-0.026805,0.148807,0.429395,-0.045513,0.149350,0.382774,-0.057828,0.149408,0.338801,-0.065554,0.110412,0.507429,-0.028189,0.104815,0.445869,-0.046829,0.098741,0.407526,-0.056411,0.093782,0.369745,-0.061910
430,0,0.040263,0.026433,0.052362,0.129460,0.075392,0.115456,0.678703,0.000000,0.165901,0.690999,-0.036346,0.211883,0.673768,-0.053825,0.243232,0.637792,-0.067137,0.275762,0.608518,-0.079196,0.201167,0.546616,-0.033433,0.222647,0.488384,-0.051759,0.232990,0.448577,-0.066053,0.240051,0.410186,-0.077029,0.173786,0.513551,-0.027997,0.191336,0.440263,-0.044578,0.199111,0.393261,-0.057111,0.203082,0.350109,-0.066324,0.143417,0.501677,-0.026354,0.149531,0.429042,-0.044679,0.150136,0.382555,-0.056874,0.150114,0.338794,-0.064597,0.111272,0.506316,-0.027810,0.105428,0.445076,-0.046102,0.099327,0.406787,-0.055553,0.094275,0.369094,-0.060972
461,0,0.025873,0.022051,0.070089,0.149921,0.083045,0.115949,0.678826,0.000000,0.166172,0.690807,-0.036074,0.212168,0.673171,-0.053400,0.243618,0.637891,-0.066665,0.276104,0.608400,-0.078712,0.201601,0.546433,-0.032757,0.223479,0.488365,-0.050929,0.234120,0.448489,-0.065108,0.241362,0.410040,-0.076072,0.174471,0.513362,-0.027563,0.191616,0.440090,-0.044127,0.199168,0.393110,-0.056716,0.203089,0.350211,-0.065954,0.144011,0.501544,-0.026192,0.150166,0.428762,-0.044669,0.150940,0.381926,-0.056953,0.151358,0.337746,-0.064770,0.111665,0.506298,-0.027918,0.105703,0.444977,-0.046395,0.099722,0.406389,-0.056005,0.095004,0.368129,-0.061521
495,0,0.037680,0.021275,0.037018,0.187374,0.087548,0.116160,0.677807,0.000000,0.166803,0.690045,-0.035755,0.212629,0.672274,-0.052820,0.244479,0.636579,-0.065890,0.277077,0.606811,-0.077740,0.202204,0.545721,-0.032352,0.223997,0.487558,-0.050382,0.234354,0.447795,-0.064501,0.241456,0.409392,-0.075438,0.175012,0.512762,-0.027223,0.192264,0.439511,-0.043678,0.199848,0.392763,-0.056240,0.203771,0.349840,-0.065449,0.144484,0.500744,-0.025902,0.150834,0.427724,-0.044321,0.151441,0.380995,-0.056612,0.151740,0.336954,-0.064366,0.112069,0.505308,-0.027629,0.106054,0.443761,-0.046082,0.099973,0.405250,-0.055664,0.095135,0.367294,-0.061149
527,0,0.038817,0.046003,0.050844,0.183519,0.063636,0.116106,0.676618,0.000000,0.166691,0.689698,-0.036441,0.212916,0.672378,-0.053866,0.244630,0.636711,-0.067163,0.277079,0.606972,-0.079242,0.202640,0.545616,-0.033531,0.224258,0.487394,-0.051971,0.234796,0.447764,-0.066317,0.241981,0.409417,-0.077347,0.175395,0.512314,-0.028117,0.192846,0.438732,-0.044832,0.200599,0.391530,-0.057486,0.204567,0.348461,-0.066791,0.144771,0.500248,-0.026527,0.151139,0.427372,-0.045069,0.152070,0.380739,-0.057452,0.152303,0.337023,-0.065302,0.112174,0.504550,-0.028049,0.106497,0.442986,-0.046523,0.100460,0.404446,-0.056166,0.095594,0.366823,-0.061682
559,0,0.033890,0.030498,0.037910,0.208756,0.085532,0.116571,0.677050,0.000000,0.167479,0.689743,-0.036094,0.213268,0.672088,-0.053211,0.245006,0.636251,-0.066234,0.277409,0.606473,-0.078006,0.202975,0.545295,-0.032846,0.224752,0.487035,-0.050944,0.235068,0.447164,-0.065152,0.242245,0.408617,-0.076112,0.175716,0.512212,-0.027552,0.193236,0.438312,-0.043942,0.201114,0.391302,-0.056492,0.205276,0.348494,-0.065693,0.145098,0.500401,-0.026064,0.151490,0.427588,-0.044382,0.152350,0.380974,-0.056729,0.152574,0.337240,-0.064509,0.112787,0.505004,-0.027654,0.107193,0.443645,-0.046039,0.101301,0.405398,-0.055612,0.096574,0.367752,-0.061092
591,0,0.014829,0.016847,0.056710,0.221574,0.090933,0.116823,0.677343,0.000000,0.167605,0.689407,-0.035859,0.213692,0.671690,-0.052958,0.244976,0.635660,-0.065985,0.277428,0.606347,-0.077758,0.203159,0.544884,-0.032552,0.224956,0.487231,-0.050617,0.235430,0.447340,-0.064764,0.242515,0.408790,-0.075790,0.175815,0.511980,-0.027361,0.193362,0.438200,-0.043832,0.201354,0.391222,-0.056350,0.205566,0.348309,-0.065544,0.145233,0.500160,-0.025953,0.151862,0.427176,-0.044443,0.152986,0.380485,-0.056758,0.153452,0.336587,-0.064527,0.112883,0.504742,-0.027615,0.107318,0.443479,-0.046071,0.101587,0.405136,-0.055570,0.096832,0.367426,-0.061032
640,0,0.023429,0.025961,0.034655,0.217976,0.075555,0.117325,0.676829,0.000000,0.167901,0.689215,-0.036379,0.213825,0.671861,-0.053804,0.245188,0.636080,-0.067119,0.277678,0.606504,-0.079076,0.203555,0.545246,-0.033169,0.225279,0.487134,-0.051494,0.235648,0.446969,-0.065761,0.242627,0.408157,-0.076766,0.176312,0.511862,-0.027785,0.193810,0.438458,-0.044395,0.201318,0.391211,-0.056929,0.205146,0.348108,-0.066134,0.145765,0.499534,-0.026223,0.152090,0.426963,-0.044667,0.152897,0.380540,-0.056861,0.153122,0.336881,-0.064572,0.113333,0.504025,-0.027802,0.107514,0.442933,-0.046229,0.101517,0.404595,-0.055672,0.096550,0.367083,-0.061073
674,0,0.010316,0.011562,0.052100,0.219598,0.081318,0.117465,0.677048,0.000000,0.167887,0.689130,-0.036276,0.213302,0.671623,-0.053753,0.244793,0.636104,-0.067133,0.277109,0.606260,-0.079191,0.203523,0.544962,-0.033007,0.225218,0.486714,-0.051315,0.235751,0.446543,-0.065608,0.242758,0.407783,-0.076684,0.176283,0.511903,-0.027690,0.193773,0.438402,-0.044303,0.201652,0.391291,-0.056903,0.205723,0.348020,-0.066116,0.145832,0.499900,-0.026199,0.152036,0.427284,-0.044608,0.152964,0.380733,-0.056768,0.153406,0.336840,-0.064457,0.113732,0.504339,-0.027825,0.107625,0.443192,-0.046200,0.101524,0.405023,-0.055616,0.096639,0.367320,-0.061002
707,0,0.028854,0.038492,0.074796,0.198100,0.073788,0.116912,0.676499,0.000000,0.167282,0.688430,-0.036434,0.213002,0.671337,-0.053957,0.244475,0.635736,-0.067378,0.277022,0.605808,-0.079511,0.203135,0.545132,-0.033469,0.225027,0.487126,-0.052059,0.235379,0.446976,-0.066565,0.242517,0.408047,-0.077817,0.176277,0.511903,-0.028131,0.193898,0.438772,-0.045077,0.201587,0.391683,-0.057922,0.205431,0.348219,-0.067378,0.145987,0.499752,-0.026622,0.152409,0.427268,-0.045416,0.153123,0.381142,-0.057854,0.153229,0.337355,-0.065717,0.113871,0.504255,-0.028198,0.107750,0.443760,-0.046975,0.101318,0.406037,-0.056600,0.095957,0.368682,-0.062159
741,0,0.013726,0.016153,0.039151,0.191339,0.072428,0.116729,0.676187,0.000000,0.167253,0.688600,-0.036332,0.213237,0.671693,-0.053753,0.244675,0.635969,-0.067014,0.276976,0.606433,-0.079091,0.203004,0.544965,-0.033592,0.224716,0.486821,-0.052130,0.234900,0.446945,-0.066540,0.241798,0.408138,-0.077670,0.176026,0.512086,-0.028281,0.193769,0.438494,-0.045127,0.201706,0.391607,-0.057948,0.205768,0.348377,-0.067319,0.145693,0.500158,-0.026758,0.152163,0.427725,-0.045499,0.152817,0.381306,-0.058016,0.152760,0.337477,-0.065898,0.113479,0.504841,-0.028314,0.107434,0.444005,-0.047021,0.101000,0.406056,-0.056730,0.095537,0.368581,-0.062278
774,0,0.028905,0.035337,0.030560,0.210891,0.091910,0.116921,0.676441,0.000000,0.167335,0.688199,-0.035755,0.213033,0.670829,-0.052736,0.244493,0.635142,-0.065692,0.276762,0.605772,-0.077464,0.203028,0.544997,-0.032795,0.224581,0.486753,-0.051045,0.234739,0.446696,-0.065286,0.241564,0.407834,-0.076314,0.176022,0.511897,-0.027671,0.193712,0.438264,-0.044212,0.201701,0.391323,-0.056796,0.205840,0.348292,-0.065997,0.145698,0.499937,-0.026317,0.151873,0.427453,-0.044753,0.152386,0.381167,-0.057066,0.152284,0.337372,-0.064880,0.113580,0.504649,-0.028009,0.107187,0.444199,-0.046445,0.100584,0.406441,-0.055984,0.095193,0.368992,-0.061430
806,0,0.024126,0.034525,0.057322,0.201767,0.082795,0.117030,0.675354,0.000000,0.167434,0.687882,-0.036002,0.213160,0.670354,-0.053140,0.244597,0.634529,-0.066213,0.276467,0.604773,-0.078033,0.203081,0.544978,-0.033581,0.224807,0.486917,-0.051954,0.234860,0.446588,-0.066179,0.241456,0.407467,-0.077220,0.176083,0.511981,-0.028348,0.193721,0.438399,-0.045045,0.201422,0.391314,-0.057678,0.205018,0.347869,-0.066924,0.145652,0.499904,-0.026858,0.151954,0.427309,-0.045452,0.152367,0.381030,-0.057847,0.152094,0.337119,-0.065705,0.113450,0.504201,-0.028399,0.107142,0.443662,-0.047010,0.100468,0.406038,-0.056628,0.094718,0.368855,-0.062149
838,0,0.017978,0.023109,0.065932,0.206907,0.082539,0.116643,0.675550,0.000000,0.167375,0.688230,-0.036377,0.213305,0.670529,-0.053504,0.244462,0.634192,-0.066450,0.276134,0.603639,-0.078148,0.203138,0.544348,-0.033393,0.224376,0.485980,-0.051784,0.234355,0.445802,-0.066079,0.240937,0.406687,-0.077137,0.176175,0.511488,-0.028033,0.193565,0.438105,-0.044806,0.201311,0.391258,-0.057583,0.205193,0.348053,-0.066955,0.145616,0.499828,-0.026482,0.151817,0.427136,-0.045278,0.152375,0.380554,-0.057988,0.152295,0.336359,-0.065978,0.113364,0.504525,-0.028016,0.107280,0.443664,-0.046963,0.100697,0.405710,-0.056942,0.095131,0.368261,-0.062674
870,0,0.023372,0.023113,0.054100,0.202869,0.074788,0.116775,0.675122,0.000000,0.166923,0.687158,-0.036152,0.212875,0.669765,-0.053484,0.244046,0.634312,-0.066729,0.275819,0.603753,-0.078790,0.203358,0.544448,-0.033787,0.224851,0.486251,-0.052471,0.234870,0.446070,-0.066965,0.241558,0.407076,-0.078047,0.176275,0.511402,-0.028600,0.193782,0.437893,-0.045578,0.201497,0.390896,-0.058485,0.205192,0.347607,-0.067911,0.145855,0.499464,-0.027148,0.151907,0.426951,-0.045916,0.152323,0.380464,-0.058451,0.152050,0.336498,-0.066425,0.113721,0.503915,-0.028752,0.107497,0.443267,-0.047470,0.100845,0.405477,-0.057167,0.095308,0.368097,-0.062708
902,0,0.041517,0.039570,0.070866,0.243163,0.098596,0.117087,0.673850,0.000000,0.167199,0.686913,-0.036163,0.213331,0.669720,-0.053215,0.244507,0.633687,-0.066148,0.276525,0.603188,-0.077865,0.203526,0.543890,-0.033260,0.225340,0.485627,-0.051493,0.235384,0.445483,-0.065574,0.242147,0.406715,-0.076446,0.176678,0.510632,-0.027908,0.194425,0.437642,-0.044537,0.202220,0.390877,-0.057166,0.205995,0.347812,-0.066418,0.146430,0.498594,-0.026338,0.152727,0.426261,-0.044909,0.153228,0.379997,-0.057402,0.153013,0.336154,-0.065304,0.114457,0.502934,-0.027823,0.108042,0.442477,-0.046530,0.101279,0.404767,-0.056356,0.095580,0.367597,-0.061961
936,0,0.041333,0.057677,0.039973,0.281672,0.111948,0.117939,0.674861,0.000000,0.168176,0.687237,-0.036160,0.213714,0.669567,-0.053062,0.245042,0.633198,-0.065856,0.276817,0.602738,-0.077304,0.204061,0.543240,-0.032423,0.225603,0.485006,-0.050335,0.235769,0.445067,-0.064375,0.242445,0.406427,-0.075216,0.177143,0.510206,-0.026901,0.194794,0.437212,-0.043164,0.202534,0.390217,-0.055655,0.206345,0.347317,-0.064813,0.146855,0.498194,-0.025235,0.153040,0.425956,-0.043467,0.153602,0.379505,-0.055958,0.153256,0.335660,-0.063836,0.114728,0.502765,-0.026632,0.108800,0.442401,-0.045049,0.102252,0.404717,-0.054712,0.096669,0.367672,-0.060267
967,0,0.036357,0.041153,0.028536,0.279629,0.106789,0.117707,0.673876,0.000000,0.167735,0.686533,-0.036144,0.213675,0.668918,-0.053286,0.244872,0.633038,-0.066270,0.276741,0.603214,-0.077968,0.204646,0.542641,-0.033236,0.226539,0.484491,-0.051393,0.236898,0.444359,-0.065458,0.243856,0.405624,-0.076345,0.177651,0.509498,-0.027843,0.195133,0.436759,-0.044292,0.202686,0.389823,-0.056701,0.206384,0.346839,-0.065830,0.147226,0.497561,-0.026220,0.153437,0.425351,-0.044597,0.154029,0.379342,-0.056836,0.154055,0.335534,-0.064647,0.115080,0.502162,-0.027708,0.108845,0.442078,-0.046220,0.102240,0.404709,-0.055822,0.096702,0.367713,-0.061299
1008,0,0.036465,0.037918,0.066457,0.311516,0.126189,0.117728,0.674018,0.000000,0.168045,0.686655,-0.036249,0.214022,0.669403,-0.053445,0.245346,0.633789,-0.066519,0.277166,0.602686,-0.078242,0.204957,0.542458,-0.032331,0.227029,0.484007,-0.050236,0.237333,0.443923,-0.064256,0.244306,0.405339,-0.075134,0.177933,0.509332,-0.026824,0.195855,0.436721,-0.043040,0.203408,0.389754,-0.055607,0.206935,0.346803,-0.064796,0.147584,0.497174,-0.025169,0.153954,0.425137,-0.043243,0.154426,0.379044,-0.055573,0.154181,0.335533,-0.063411,0.115397,0.501335,-0.026621,0.109327,0.441190,-0.044830,0.102693,0.403835,-0.054391,0.097125,0.367023,-0.059830
1041,0,0.033520,0.033910,0.054270,0.338743,0.125997,0.119189,0.673825,0.000000,0.169316,0.686364,-0.035584,0.215114,0.668621,-0.052275,0.246630,0.632713,-0.064972,0.278497,0.602360,-0.076314,0.205740,0.542098,-0.031826,0.227518,0.483939,-0.049567,0.237707,0.444234,-0.063347,0.244579,0.405963,-0.074012,0.178682,0.509187,-0.026595,0.196409,0.436571,-0.042728,0.203942,0.390029,-0.055018,0.207583,0.347118,-0.064024,0.148084,0.497156,-0.025173,0.154473,0.425099,-0.043337,0.155055,0.379035,-0.055559,0.155036,0.335234,-0.063313,0.115824,0.501605,-0.026815,0.109591,0.441030,-0.045165,0.103020,0.403455,-0.054747,0.097612,0.366329,-0.060198
1074,0,0.039409,0.058201,0.072521,0.315509,0.117988,0.118201,0.673628,0.000000,0.168760,0.686121,-0.035986,0.215081,0.668870,-0.053050,0.246397,0.632820,-0.065992,0.278620,0.602822,-0.077649,0.205680,0.542787,-0.032996,0.227867,0.484073,-0.051158,0.238534,0.443921,-0.065282,0.245703,0.405095,-0.076162,0.178694,0.509736,-0.027657,0.196638,0.436689,-0.044096,0.204435,0.389603,-0.056699,0.208278,0.346395,-0.065924,0.148350,0.497611,-0.026103,0.154548,0.425397,-0.044366,0.155219,0.379353,-0.056767,0.155130,0.335703,-0.064674,0.116073,0.501884,-0.027606,0.109815,0.441277,-0.045988,0.103258,0.403756,-0.055618,0.097768,0.366772,-0.061126
1107,0,0.021844,0.022071,0.050737,0.326341,0.124096,0.118416,0.673578,0.000000,0.169342,0.685980,-0.035863,0.215062,0.668743,-0.052779,0.246659,0.633022,-0.065636,0.278736,0.602467,-0.077275,0.205575,0.542908,-0.032395,0.227602,0.484643,-0.050343,0.238092,0.444826,-0.064317,0.245119,0.406166,-0.075109,0.178680,0.509752,-0.027100,0.196701,0.436699,-0.043475,0.204581,0.389970,-0.055960,0.208658,0.346916,-0.065095,0.148477,0.497638,-0.025595,0.154635,0.425536,-0.043949,0.155204,0.379249,-0.056264,0.155141,0.335286,-0.064046,0.116470,0.501918,-0.027168,0.110174,0.441355,-0.045675,0.103619,0.403547,-0.055283,0.098178,0.366161,-0.060764
1143,0,0.022662,0.029585,0.040416,0.325361,0.108703,0.118994,0.674093,0.000000,0.169422,0.686405,-0.035947,0.215394,0.668973,-0.052956,0.246845,0.633477,-0.065874,0.278830,0.603014,-0.077574,0.206280,0.542571,-0.032683,0.228098,0.484042,-0.050792,0.238449,0.444163,-0.064927,0.245485,0.405382,-0.075883,0.179127,0.509476,-0.027442,0.196878,0.436300,-0.043860,0.204808,0.389324,-0.056405,0.208686,0.346059,-0.065637,0.148589,0.497675,-0.026022,0.154870,0.425405,-0.044367,0.155445,0.379012,-0.056777,0.155343,0.334909,-0.064690,0.116262,0.502263,-0.027662,0.110302,0.441514,-0.046193,0.103764,0.403607,-0.055864,0.098436,0.366023,-0.061376
1177,0,0.023018,0.019228,0.060934,0.345193,0.119716,0.118972,0.673561,0.000000,0.169352,0.685907,-0.035422,0.215494,0.668646,-0.052268,0.246944,0.632947,-0.065149,0.279281,0.603323,-0.076742,0.206137,0.542172,-0.032286,0.228562,0.483872,-0.050235,0.239240,0.443793,-0.064200,0.246454,0.405215,-0.074979,0.179091,0.509101,-0.027253,0.196825,0.435749,-0.043523,0.204505,0.388761,-0.055963,0.208312,0.345670,-0.065047,0.148697,0.497063,-0.025965,0.155034,0.424727,-0.044133,0.155536,0.378480,-0.056370,0.155461,0.334596,-0.064132,0.116692,0.501719,-0.027710,0.110492,0.441270,-0.046031,0.104004,0.403556,-0.055522,0.098632,0.366258,-0.060878
1210,0,0.015066,0.014272,0.051614,0.346358,0.117723,0.119106,0.673456,0.000000,0.169871,0.685749,-0.035591,0.215919,0.668760,-0.052437,0.247374,0.633069,-0.065352,0.279375,0.603068,-0.077012,0.206290,0.542092,-0.032439,0.228578,0.483863,-0.050437,0.239190,0.443982,-0.064470,0.246191,0.405343,-0.075249,0.179298,0.509207,-0.027320,0.197432,0.436118,-0.043658,0.205289,0.389327,-0.056166,0.209091,0.346269,-0.065318,0.148858,0.497291,-0.025947,0.155206,0.424958,-0.044234,0.155982,0.378645,-0.056573,0.155841,0.334794,-0.064403,0.116561,0.501746,-0.027625,0.110564,0.440939,-0.046099,0.104177,0.402964,-0.055691,0.098811,0.365503,-0.061149
1242,0,0.026309,0.032455,0.054198,0.370382,0.124839,0.119640,0.673940,0.000000,0.170077,0.686087,-0.035773,0.216106,0.668512,-0.052575,0.247564,0.632877,-0.065347,0.279467,0.602541,-0.076831,0.206803,0.541909,-0.032250,0.228967,0.483481,-0.050035,0.239500,0.443247,-0.063924,0.246666,0.404574,-0.074663,0.179653,0.508886,-0.026965,0.197578,0.435537,-0.043022,0.205434,0.388523,-0.055319,0.209345,0.345593,-0.064297,0.149239,0.496944,-0.025475,0.155529,0.424272,-0.043531,0.156285,0.378118,-0.055692,0.156340,0.334325,-0.063416,0.117104,0.501618,-0.027067,0.110905,0.440842,-0.045394,0.104400,0.402948,-0.054947,0.099205,0.365439,-0.060367
1274,0,0.038284,0.044625,0.056809,0.363567,0.106998,0.119757,0.672852,0.000000,0.170176,0.685688,-0.035980,0.216401,0.668275,-0.053069,0.247584,0.632548,-0.066116,0.279809,0.602519,-0.077871,0.207337,0.541852,-0.032973,0.229588,0.483427,-0.051201,0.240018,0.443166,-0.065334,0.247048,0.404223,-0.076240,0.180279,0.508509,-0.027741,0.198297,0.435655,-0.044304,0.206052,0.388539,-0.056908,0.209893,0.345111,-0.066150,0.149749,0.496324,-0.026280,0.156197,0.423933,-0.044745,0.156881,0.377900,-0.057078,0.156941,0.334204,-0.064893,0.117480,0.500616,-0.027911,0.111085,0.439977,-0.046512,0.104434,0.402451,-0.056161,0.098999,0.365242,-0.061631
1307,0,0.035393,0.031931,0.053348,0.394351,0.133755,0.119901,0.672755,0.000000,0.170412,0.685427,-0.036244,0.216560,0.668367,-0.053350,0.248071,0.632822,-0.066357,0.280162,0.602188,-0.078043,0.207453,0.541104,-0.032247,0.229802,0.482483,-0.050132,0.240347,0.442411,-0.064121,0.247523,0.403567,-0.074927,0.180551,0.508139,-0.026793,0.198877,0.435686,-0.043052,0.206684,0.388699,-0.055619,0.210382,0.345556,-0.064867,0.150254,0.496179,-0.025235,0.156802,0.424114,-0.043459,0.157507,0.377966,-0.055924,0.157484,0.334080,-0.063850,0.117970,0.500507,-0.026776,0.111913,0.440075,-0.045288,0.105371,0.402264,-0.055077,0.100040,0.364938,-0.060700
1339,0,0.031966,0.021743,0.048329,0.424465,0.137030,0.120516,0.672001,0.000000,0.170761,0.684499,-0.035484,0.217035,0.667184,-0.052125,0.248665,0.631369,-0.064800,0.280828,0.601244,-0.076188,0.207845,0.541077,-0.031909,0.230118,0.482366,-0.049753,0.240554,0.442275,-0.063580,0.247643,0.403670,-0.074290,0.180884,0.507893,-0.026791,0.199135,0.435018,-0.042873,0.206953,0.388006,-0.055175,0.210769,0.344873,-0.064224,0.150428,0.495660,-0.025469,0.157184,0.423363,-0.043483,0.157993,0.377254,-0.055650,0.157905,0.333538,-0.063377,0.118076,0.499787,-0.027181,0.112220,0.439126,-0.045448,0.105776,0.401519,-0.054938,0.100497,0.364203,-0.060327
1371,0,0.031861,0.034855,0.044111,0.429463,0.133715,0.120184,0.671585,0.000000,0.170867,0.684339,-0.035649,0.217274,0.667121,-0.052543,0.248945,0.631698,-0.065374,0.281006,0.601700,-0.076986,0.208016,0.540837,-0.032704,0.230618,0.482100,-0.050681,0.241284,0.441976,-0.064629,0.248560,0.403470,-0.075361,0.181113,0.507588,-0.027439,0.199493,0.434255,-0.043707,0.207662,0.387221,-0.056064,0.211944,0.344421,-0.065103,0.150876,0.495208,-0.025933,0.157580,0.422658,-0.043978,0.158675,0.376404,-0.056199,0.159166,0.332897,-0.063952,0.118659,0.499430,-0.027456,0.112674,0.438776,-0.045704,0.106312,0.401120,-0.055251,0.101209,0.364141,-0.060668
1406,0,0.022681,0.017605,0.041679,0.445709,0.145084,0.120450,0.671570,0.000000,0.171419,0.684128,-0.035572,0.217807,0.667000,-0.052408,0.249382,0.631793,-0.065306,0.281526,0.601512,-0.076914,0.208348,0.540269,-0.032212,0.231097,0.482091,-0.050133,0.241967,0.442443,-0.064118,0.249311,0.404073,-0.074878,0.181432,0.507234,-0.027001,0.199899,0.434333,-0.043209,0.207947,0.387676,-0.055666,0.211952,0.344950,-0.064797,0.151155,0.494973,-0.025559,0.158156,0.422792,-0.043616,0.159280,0.376749,-0.055768,0.159571,0.333389,-0.063473,0.118986,0.499283,-0.027137,0.113228,0.438794,-0.045347,0.107019,0.400875,-0.054784,0.101876,0.363835,-0.060113
1439,0,0.016833,0.022531,0.066205,0.455035,0.141514,0.120984,0.672059,0.000000,0.171766,0.684769,-0.035437,0.217760,0.667342,-0.052171,0.249418,0.631203,-0.064900,0.281646,0.601283,-0.076305,0.208873,0.540877,-0.032128,0.231306,0.482160,-0.049965,0.241965,0.442048,-0.063882,0.249293,0.403346,-0.074608,0.181845,0.507474,-0.027002,0.200134,0.434297,-0.043108,0.208331,0.387503,-0.055396,0.212766,0.344547,-0.064391,0.151465,0.495172,-0.025627,0.158385,0.422789,-0.043652,0.159537,0.376614,-0.055769,0.160100,0.333124,-0.063441,0.119152,0.499249,-0.027308,0.113415,0.438472,-0.045586,0.107237,0.400589,-0.055057,0.102224,0.363164,-0.060420
1474,0,0.030662,0.043616,0.046354,0.446171,0.124492,0.121409,0.670851,0.000000,0.171775,0.683816,-0.035921,0.218098,0.666814,-0.052912,0.249566,0.631099,-0.065860,0.282290,0.601093,-0.077483,0.209036,0.540344,-0.032879,0.231539,0.482235,-0.050907,0.242100,0.442252,-0.064875,0.249279,0.403493,-0.075715,0.182238,0.506817,-0.027612,0.200529,0.434367,-0.044043,0.208523,0.387634,-0.056447,0.212608,0.344490,-0.065588,0.151811,0.494550,-0.026116,0.158818,0.422655,-0.044518,0.159929,0.376748,-0.056821,0.160380,0.332914,-0.064671,0.119561,0.498749,-0.027697,0.113664,0.438493,-0.046388,0.107249,0.400770,-0.056073,0.101952,0.363471,-0.061680
1506,0,0.024805,0.030711,0.067459,0.464530,0.142553,0.121267,0.671208,0.000000,0.171981,0.683591,-0.036030,0.218203,0.666457,-0.053046,0.249937,0.631196,-0.066003,0.282146,0.601102,-0.077675,0.209164,0.539837,-0.032291,0.231456,0.481432,-0.050238,0.241849,0.441382,-0.064312,0.249020,0.402805,-0.075172,0.182360,0.506818,-0.026929,0.200615,0.434068,-0.043202,0.208989,0.387169,-0.055753,0.213481,0.344128,-0.064989,0.152077,0.494896,-0.025424,0.158953,0.422751,-0.043574,0.160014,0.376599,-0.055956,0.160515,0.332738,-0.063838,0.119776,0.499234,-0.026997,0.113943,0.438759,-0.045401,0.107581,0.400876,-0.055076,0.102428,0.363320,-0.060624
1536,0,0.014582,0.018196,0.053196,0.463969,0.132464,0.121707,0.671309,0.000000,0.172454,0.683406,-0.035925,0.218427,0.666674,-0.053022,0.250371,0.631749,-0.066117,0.283272,0.602006,-0.077888,0.209314,0.539435,-0.032431,0.231565,0.481288,-0.050376,0.242089,0.441596,-0.064454,0.249211,0.403182,-0.075310,0.182414,0.506419,-0.027122,0.200676,0.433753,-0.043320,0.208840,0.387123,-0.055736,0.213001,0.344325,-0.064828,0.152008,0.494552,-0.025612,0.158810,0.422606,-0.043693,0.159618,0.376458,-0.055906,0.160032,0.332638,-0.063640,0.119856,0.499183,-0.027190,0.113859,0.438890,-0.045423,0.107506,0.401380,-0.054854,0.102367,0.364038,-0.060248
1570,0,0.035698,0.044599,0.061429,0.447283,0.114705,0.122119,0.670418,0.000000,0.172550,0.682651,-0.036155,0.218702,0.665800,-0.053537,0.251055,0.631333,-0.066845,0.283651,0.602047,-0.078897,0.209652,0.539615,-0.033405,0.231800,0.481182,-0.051704,0.242387,0.441277,-0.065894,0.249549,0.402732,-0.076792,0.182588,0.506519,-0.028025,0.200653,0.433382,-0.044473,0.208786,0.386740,-0.056966,0.213081,0.343856,-0.066098,0.152271,0.494411,-0.026395,0.158482,0.422766,-0.044507,0.159109,0.376709,-0.056660,0.159517,0.333016,-0.064468,0.120255,0.498822,-0.027855,0.113447,0.439552,-0.045932,0.106641,0.402630,-0.055268,0.101245,0.365999,-0.060598
1604,0,0.059567,0.065697,0.098839,0.478649,0.173050,0.121829,0.670030,0.000000,0.172685,0.682699,-0.035578,0.219207,0.665326,-0.052200,0.251984,0.630364,-0.064928,0.284901,0.601473,-0.076302,0.209717,0.539420,-0.031804,0.231952,0.480931,-0.049424,0.242255,0.440962,-0.063235,0.249165,0.402604,-0.073932,0.182711,0.506503,-0.026472,0.200744,0.433410,-0.042281,0.208896,0.386914,-0.054637,0.213061,0.344257,-0.063642,0.152298,0.494574,-0.024847,0.158944,0.423079,-0.042518,0.159296,0.377671,-0.054806,0.159258,0.334425,-0.062660,0.120223,0.499308,-0.026286,0.113585,0.441067,-0.044244,0.106299,0.405175,-0.053689,0.100321,0.369673,-0.059004
1635,0,0.051533,0.071606,0.060521,0.439950,0.133909,0.123198,0.670436,0.000000,0.173407,0.682616,-0.035925,0.219262,0.665337,-0.052906,0.252008,0.630809,-0.065862,0.284636,0.602348,-0.077600,0.210057,0.539286,-0.033083,0.231846,0.481196,-0.051181,0.242100,0.441369,-0.065321,0.249032,0.402941,-0.076179,0.183010,0.506655,-0.027806,0.200690,0.432856,-0.043976,0.208715,0.386430,-0.056356,0.212769,0.343757,-0.065321,0.152502,0.495303,-0.026216,0.159041,0.423373,-0.044246,0.159147,0.377997,-0.056627,0.158786,0.334813,-0.064509,0.120291,0.500595,-0.027688,0.113229,0.442298,-0.045938,0.105361,0.407073,-0.055375,0.098557,0.372079,-0.060652
1666,0,0.034422,0.040540,0.103413,0.457251,0.168721,0.122631,0.670189,0.000000,0.173125,0.682307,-0.035737,0.219383,0.665191,-0.052488,0.251166,0.630443,-0.065280,0.283548,0.602538,-0.076753,0.210169,0.539182,-0.032234,0.232064,0.480972,-0.049950,0.242357,0.441280,-0.063859,0.249045,0.402830,-0.074587,0.183211,0.506365,-0.026955,0.201051,0.433385,-0.042843,0.208954,0.386793,-0.055162,0.212883,0.344061,-0.064130,0.152866,0.495001,-0.025364,0.159135,0.423555,-0.043283,0.159075,0.378225,-0.055771,0.158535,0.335156,-0.063690,0.120624,0.500111,-0.026819,0.113270,0.442865,-0.045009,0.104905,0.408322,-0.054451,0.097510,0.374097,-0.059696
1698,0,0.025691,0.035394,0.048951,0.453333,0.179961,0.122921,0.669544,0.000000,0.172744,0.681941,-0.036350,0.218451,0.665422,-0.053325,0.250250,0.630540,-0.066242,0.282571,0.602627,-0.077840,0.210326,0.538873,-0.032681,0.232048,0.480283,-0.050383,0.241959,0.439856,-0.064179,0.248455,0.401097,-0.074865,0.183471,0.506344,-0.027119,0.201151,0.433419,-0.042876,0.209039,0.386792,-0.055151,0.212675,0.344057,-0.064112,0.153051,0.495162,-0.025310,0.159356,0.424141,-0.043045,0.159281,0.378718,-0.055692,0.158623,0.335648,-0.063875,0.120717,0.500298,-0.026612,0.113208,0.443918,-0.044770,0.104551,0.409698,-0.054475,0.096813,0.376093,-0.059953
1746,0,0.059977,0.065594,0.147623,0.436116,0.196588,0.122872,0.668673,0.000000,0.171869,0.680972,-0.035707,0.217361,0.664818,-0.052432,0.246977,0.628654,-0.065177,0.277972,0.600988,-0.076675,0.210367,0.539458,-0.033280,0.231496,0.479711,-0.051454,0.240833,0.438702,-0.065379,0.246836,0.399159,-0.076068,0.183663,0.506535,-0.028121,0.201348,0.433842,-0.044272,0.209032,0.387293,-0.056545,0.212739,0.344555,-0.065379,0.153675,0.495409,-0.026570,0.159727,0.424405,-0.044440,0.159808,0.379433,-0.056849,0.159256,0.336614,-0.064773,0.121622,0.500938,-0.028070,0.113936,0.444707,-0.046396,0.104845,0.411214,-0.055837,0.096623,0.377981,-0.061064
1779,0,0.097244,0.101390,0.209139,0.496939,0.276153,0.123759,0.667797,0.000000,0.171259,0.679851,-0.035525,0.216236,0.664454,-0.051575,0.240592,0.626661,-0.063764,0.266774,0.596706,-0.074677,0.210676,0.537465,-0.031966,0.229886,0.476871,-0.049628,0.237807,0.435375,-0.063428,0.243123,0.395324,-0.073938,0.183722,0.505454,-0.026745,0.200552,0.433429,-0.042308,0.208240,0.386869,-0.054362,0.212597,0.344597,-0.062925,0.154042,0.494749,-0.025200,0.160147,0.424273,-0.042543,0.160495,0.379554,-0.054833,0.160344,0.337713,-0.062589,0.122291,0.500489,-0.026778,0.114802,0.444728,-0.044726,0.105538,0.411885,-0.054060,0.096893,0.379947,-0.059097
1812,0,0.195169,0.205622,0.452306,0.523491,0.420406,0.124676,0.665988,0.000000,0.169588,0.675710,-0.037476,0.211298,0.661585,-0.054878,0.226956,0.624549,-0.068405,0.240458,0.590055,-0.080697,0.209739,0.535133,-0.032432,0.224873,0.473813,-0.050636,0.230408,0.431578,-0.065533,0.234555,0.390485,-0.076889,0.183079,0.505592,-0.026721,0.197942,0.436432,-0.042152,0.204872,0.389868,-0.055011,0.209429,0.347056,-0.064531,0.154180,0.495927,-0.025084,0.160721,0.429159,-0.041684,0.162054,0.384742,-0.054644,0.162880,0.342936,-0.063362,0.123194,0.501934,-0.026988,0.117040,0.448981,-0.044256,0.107878,0.417623,-0.053943,0.098331,0.387921,-0.059654
1845,0,0.266714,0.376400,1.001152,0.553682,0.650073,0.126341,0.660697,0.000000,0.165712,0.672471,-0.035505,0.204478,0.664607,-0.053095,0.216821,0.639571,-0.067427,0.214046,0.608257,-0.080978,0.208706,0.535682,-0.033518,0.219287,0.473795,-0.051760,0.221034,0.432518,-0.067362,0.221642,0.392426,-0.079024,0.182492,0.508254,-0.029170,0.194409,0.439338,-0.043421,0.199106,0.393263,-0.057199,0.202761,0.350610,-0.068079,0.153662,0.498798,-0.028453,0.161488,0.434623,-0.042997,0.163210,0.392476,-0.056808,0.164100,0.353501,-0.066971,0.123096,0.504640,-0.031189,0.119301,0.455429,-0.045929,0.110243,0.428491,-0.054691,0.099839,0.404231,-0.060685
1879,0,0.431096,0.407071,1.392482,0.872486,0.944502,0.128749,0.662124,0.000000,0.166972,0.670049,-0.033138,0.206895,0.654098,-0.048490,0.201361,0.614087,-0.060191,0.181627,0.579194,-0.071705,0.213602,0.541570,-0.030127,0.218922,0.479472,-0.048303,0.215264,0.438032,-0.063842,0.211583,0.398736,-0.075324,0.185830,0.514714,-0.026648,0.194008,0.444400,-0.041126,0.195440,0.399507,-0.054980,0.197342,0.359021,-0.065215,0.156627,0.505660,-0.026523,0.163241,0.440108,-0.042842,0.165075,0.402480,-0.056072,0.166663,0.368185,-0.065152,0.124564,0.511668,-0.029378,0.121978,0.467668,-0.046025,0.117246,0.457963,-0.052796,0.111620,0.451085,-0.056540
1914,0,0.374308,0.366420,2.861212,1.175690,1.271884,0.130466,0.663748,0.000000,0.168229,0.670956,-0.034914,0.204616,0.646580,-0.049184,0.189265,0.600133,-0.058576,0.167749,0.561994,-0.067937,0.215230,0.539703,-0.026041,0.220128,0.483401,-0.042019,0.214423,0.447143,-0.057387,0.208602,0.410067,-0.068974,0.187020,0.515095,-0.021009,0.193515,0.452265,-0.034152,0.192415,0.412191,-0.048635,0.193464,0.372822,-0.059613,0.158925,0.506610,-0.019683,0.165770,0.443733,-0.039244,0.165070,0.409607,-0.053697,0.165454,0.377203,-0.062997,0.128206,0.511140,-0.020964,0.128642,0.465526,-0.042415,0.123193,0.482877,-0.047690,0.119433,0.503481,-0.049367
1947,0,0.330986,0.352384,0.883862,1.432088,1.607323,0.131887,0.663425,0.000000,0.168337,0.669684,-0.032570,0.201272,0.639587,-0.045686,0.178731,0.593132,-0.053236,0.154227,0.557707,-0.061468,0.214788,0.541126,-0.026204,0.218839,0.489799,-0.040149,0.210430,0.456664,-0.054332,0.201948,0.420984,-0.065021,0.187157,0.518060,-0.021200,0.191676,0.460077,-0.033606,0.186999,0.423411,-0.047611,0.185723,0.384336,-0.057737,0.160645,0.510164,-0.019009,0.165836,0.452648,-0.039705,0.161729,0.421080,-0.052704,0.161333,0.387677,-0.060579,0.131683,0.514812,-0.018802,0.133573,0.476658,-0.040830,0.122672,0.510255,-0.042281,0.115863,0.545414,-0.040771
1979,0,0.263963,0.352189,0.938976,1.617166,1.913221,0.133592,0.658980,0.000000,0.167964,0.666000,-0.031381,0.198221,0.635415,-0.044331,0.171758,0.591246,-0.052112,0.144666,0.557306,-0.060660,0.214688,0.540647,-0.024111,0.217206,0.496592,-0.038963,0.206422,0.465002,-0.053930,0.195260,0.432807,-0.064863,0.187574,0.517221,-0.019822,0.188869,0.464518,-0.031665,0.179935,0.432919,-0.045239,0.175809,0.398999,-0.054810,0.161301,0.509423,-0.018445,0.161523,0.457887,-0.038111,0.153501,0.432326,-0.049499,0.151568,0.403012,-0.056343,0.132717,0.515877,-0.019127,0.128743,0.488627,-0.040440,0.119016,0.524918,-0.041548,0.115266,0.561138,-0.039616
2012,0,0.304180,0.375794,1.114087,1.822552,2.229155,0.134852,0.653461,0.000000,0.170238,0.659981,-0.029702,0.197676,0.627908,-0.043122,0.165792,0.587414,-0.052113,0.134066,0.557437,-0.061780,0.213389,0.534830,-0.020710,0.215442,0.496852,-0.038505,0.201874,0.470070,-0.055678,0.186604,0.446130,-0.067234,0.184942,0.513388,-0.017673,0.185003,0.468814,-0.031700,0.172344,0.444683,-0.046200,0.162841,0.421458,-0.055570,0.156890,0.507570,-0.017983,0.155000,0.464235,-0.038397,0.146033,0.448083,-0.048927,0.142353,0.427170,-0.054787,0.126840,0.517006,-0.020346,0.122860,0.498096,-0.041961,0.118125,0.537191,-0.043095,0.118073,0.573055,-0.040962
2045,0,1.332157,1.375631,10.476721,2.559615,3.021281,0.136772,0.649718,-0.000000,0.174729,0.655655,-0.031812,0.203609,0.630155,-0.050067,0.168700,0.591744,-0.064441,0.133243,0.560500,-0.076645,0.218259,0.516314,-0.026808,0.203725,0.489554,-0.056016,0.183545,0.501578,-0.075113,0.174812,0.508722,-0.086755,0.182519,0.493987,-0.025467,0.165777,0.492484,-0.056935,0.150936,0.533738,-0.071334,0.150503,0.548990,-0.075368,0.148149,0.496348,-0.028544,0.130020,0.509473,-0.061735,0.123504,0.542466,-0.067096,0.132095,0.543361,-0.064901,0.118161,0.512505,-0.034033,0.108913,0.547228,-0.062296,0.111384,0.587202,-0.066075,0.123507,0.599758,-0.063011
2077,0,0.567470,0.755397,6.309038,2.472825,3.425393,0.142048,0.631386,0.000000,0.176687,0.639819,-0.024552,0.203117,0.628375,-0.040006,0.172265,0.604442,-0.053628,0.139065,0.582518,-0.066011,0.206498,0.529718,-0.026385,0.214260,0.486352,-0.054104,0.200140,0.500091,-0.069630,0.188067,0.524563,-0.076679,0.172284,0.511083,-0.026814,0.171118,0.471558,-0.053437,0.160615,0.502164,-0.064963,0.157704,0.529788,-0.066773,0.140133,0.513021,-0.030767,0.128110,0.522362,-0.057771,0.129126,0.561036,-0.062867,0.138081,0.579563,-0.060153,0.112736,0.529208,-0.036411,0.102840,0.554104,-0.056723,0.108351,0.589418,-0.058295,0.120763,0.607422,-0.054628
2108,0,0.734153,0.840720,4.542537,2.899865,4.056773,0.143719,0.620853,-0.000000,0.180394,0.629657,-0.028104,0.206186,0.624691,-0.047502,0.182047,0.615033,-0.064338,0.151315,0.602244,-0.079229,0.203509,0.508245,-0.032699,0.202118,0.498279,-0.067122,0.182183,0.532743,-0.087139,0.169928,0.560648,-0.096330,0.166293,0.493880,-0.032942,0.154695,0.488974,-0.065575,0.144475,0.534555,-0.076755,0.145294,0.562962,-0.077594,0.131798,0.499118,-0.037405,0.118158,0.537271,-0.069243,0.123822,0.583789,-0.072027,0.136457,0.601395,-0.066503,0.104004,0.518044,-0.043989,0.094864,0.558034,-0.065663,0.104239,0.598107,-0.065354,0.119554,0.612983,-0.059566
2146,0,0.659817,0.753270,7.943983,3.230039,4.442494,0.141145,0.612267,-0.000000,0.172467,0.616415,-0.027460,0.199535,0.617461,-0.049553,0.202889,0.616567,-0.069132,0.188163,0.611764,-0.086865,0.195323,0.489893,-0.040519,0.193855,0.525937,-0.073240,0.185596,0.564204,-0.093405,0.179187,0.586948,-0.103047,0.159749,0.481906,-0.039387,0.151133,0.548934,-0.064897,0.151065,0.590343,-0.072402,0.153981,0.606279,-0.075127,0.126200,0.494536,-0.041336,0.119736,0.565522,-0.063682,0.128024,0.603394,-0.061124,0.137452,0.617845,-0.055884,0.099356,0.517742,-0.046325,0.095581,0.569892,-0.061040,0.106554,0.602028,-0.058022,0.118722,0.613716,-0.051901
2178,0,0.977084,1.447245,2.694367,3.997473,5.796835,0.145332,0.578640,-0.000000,0.182351,0.582860,-0.027709,0.210350,0.587633,-0.050998,0.209848,0.604795,-0.071714,0.192140,0.625408,-0.093240,0.191147,0.494872,-0.054444,0.192076,0.565112,-0.091537,0.186399,0.611848,-0.115618,0.180452,0.639535,-0.127374,0.150659,0.494300,-0.053390,0.152614,0.576027,-0.083997,0.157400,0.625337,-0.092024,0.158986,0.657010,-0.094781,0.116360,0.510853,-0.054363,0.120849,0.586824,-0.081078,0.133656,0.633015,-0.078808,0.142865,0.663756,-0.072362,0.090902,0.535187,-0.057971,0.098253,0.588282,-0.073619,0.112147,0.622589,-0.070092,0.123512,0.645266,-0.063930
2209,0,0.273956,0.233101,0.680571,4.029947,5.802855,0.146686,0.583731,-0.000000,0.181536,0.582173,-0.025886,0.208620,0.585006,-0.048698,0.213517,0.602670,-0.069303,0.199290,0.627082,-0.090730,0.184006,0.499825,-0.053633,0.191789,0.568308,-0.088436,0.189529,0.615739,-0.111335,0.185281,0.650597,-0.121983,0.146026,0.502113,-0.052681,0.153521,0.587749,-0.080774,0.160070,0.638941,-0.088393,0.163296,0.676056,-0.091163,0.114489,0.521094,-0.053373,0.124488,0.599490,-0.076705,0.136494,0.643150,-0.075276,0.145211,0.674782,-0.069952,0.091227,0.546822,-0.056620,0.097883,0.591896,-0.069216,0.109032,0.620368,-0.065623,0.118271,0.641855,-0.060126
2240,0,0.318809,0.353238,0.241720,4.155019,5.831841,0.143756,0.583380,-0.000000,0.178154,0.576445,-0.024144,0.205466,0.576492,-0.046273,0.216074,0.595573,-0.066686,0.207615,0.625034,-0.088085,0.181979,0.499669,-0.054163,0.194419,0.570761,-0.089114,0.195279,0.623667,-0.111586,0.194656,0.663181,-0.121707,0.143960,0.505336,-0.053734,0.157087,0.598677,-0.081095,0.167632,0.650879,-0.087142,0.173902,0.687982,-0.089028,0.112806,0.527530,-0.054764,0.130293,0.612366,-0.077021,0.144646,0.656233,-0.073847,0.154347,0.687738,-0.067329,0.090475,0.554950,-0.058366,0.103407,0.605557,-0.070288,0.117254,0.634773,-0.065871,0.127417,0.656589,-0.059567
2272,0,0.276544,0.364776,0.554133,4.239259,5.918200,0.141765,0.577582,-0.000000,0.176047,0.569270,-0.020286,0.204584,0.569929,-0.041476,0.220078,0.588361,-0.062380,0.215362,0.617545,-0.084806,0.183149,0.497225,-0.049709,0.199180,0.571187,-0.086175,0.203813,0.626812,-0.110456,0.206116,0.668759,-0.121581,0.144192,0.505886,-0.051961,0.161886,0.600186,-0.081054,0.174487,0.656556,-0.088073,0.182481,0.697070,-0.090148,0.112114,0.530037,-0.055625,0.133606,0.614146,-0.080171,0.149946,0.662585,-0.077081,0.161274,0.697221,-0.069885,0.089793,0.559445,-0.061541,0.107659,0.614456,-0.074917,0.124778,0.646533,-0.070017,0.136747,0.670079,-0.063042
2303,0,0.474706,1.324593,1.374154,4.281589,5.895085,0.110589,0.554911,0.000000,0.163074,0.548721,-0.017743,0.202409,0.559110,-0.035212,0.219422,0.585432,-0.052146,0.212313,0.613473,-0.068033,0.184670,0.494273,-0.039346,0.204228,0.576713,-0.068282,0.206105,0.636467,-0.084220,0.203998,0.676490,-0.091342,0.146459,0.501884,-0.044002,0.165408,0.600683,-0.073860,0.175278,0.662194,-0.081680,0.182410,0.702642,-0.084021,0.114998,0.521540,-0.050104,0.136884,0.622828,-0.079190,0.152632,0.676521,-0.081580,0.165746,0.709311,-0.077596,0.092563,0.547700,-0.057624,0.113180,0.624053,-0.072964,0.130212,0.660160,-0.071022,0.144994,0.683297,-0.066987
2337,0,0.323215,0.703379,1.841104,4.431248,6.472932,0.120731,0.532182,0.000000,0.170566,0.529209,-0.018745,0.207156,0.544625,-0.037240,0.221271,0.578298,-0.055120,0.213106,0.614026,-0.072398,0.187398,0.492233,-0.042464,0.205491,0.579981,-0.074521,0.209655,0.640965,-0.092839,0.212885,0.682604,-0.100999,0.146226,0.504131,-0.047210,0.168833,0.609970,-0.080183,0.181614,0.674791,-0.088093,0.193842,0.715245,-0.089758,0.112798,0.525111,-0.053622,0.138585,0.628157,-0.085761,0.155799,0.682809,-0.085345,0.170385,0.715101,-0.078351,0.091615,0.549617,-0.061448,0.114048,0.623302,-0.078060,0.129812,0.654652,-0.072939,0.142145,0.672121,-0.065945
2370,0,0.443345,0.997067,2.224402,4.700932,6.893247,0.098535,0.511569,0.000000,0.153820,0.506156,-0.016476,0.196204,0.530090,-0.038598,0.210269,0.587153,-0.059697,0.206314,0.637468,-0.081650,0.184174,0.486613,-0.054793,0.207831,0.579986,-0.081650,0.214273,0.643501,-0.096540,0.217899,0.691057,-0.104368,0.144270,0.501263,-0.059832,0.170229,0.611420,-0.087048,0.183698,0.680047,-0.093121,0.196102,0.727287,-0.096540,0.111637,0.526540,-0.065095,0.140167,0.630896,-0.090062,0.160948,0.690214,-0.091097,0.176346,0.729834,-0.088398,0.089428,0.557457,-0.071393,0.116140,0.621898,-0.082774,0.130434,0.642880,-0.079625,0.139891,0.655373,-0.076701
2399,0,0.375633,0.702003,1.615540,4.955240,7.506037,0.092906,0.492644,0.000001,0.147812,0.485515,-0.016603,0.193048,0.519964,-0.037774,0.206159,0.578950,-0.055672,0.202382,0.623874,-0.074418,0.184177,0.494373,-0.066553,0.210472,0.587019,-0.089302,0.217576,0.650138,-0.102207,0.217589,0.699762,-0.110214,0.143714,0.510605,-0.069190,0.171539,0.619615,-0.094624,0.186474,0.689079,-0.101831,0.197853,0.738988,-0.108142,0.111204,0.536196,-0.070179,0.142953,0.639299,-0.089396,0.163218,0.696641,-0.091704,0.176654,0.736425,-0.092835,0.088319,0.565502,-0.071875,0.121179,0.637206,-0.078139,0.136368,0.654191,-0.074324,0.145042,0.661851,-0.073288
2431,0,0.138354,0.190370,0.381378,5.048338,7.659242,0.092193,0.489724,0.000001,0.144768,0.486880,-0.016803,0.188651,0.524137,-0.038382,0.201349,0.586405,-0.056582,0.199176,0.635272,-0.075683,0.182032,0.493690,-0.067980,0.210387,0.587208,-0.091811,0.218366,0.653556,-0.105956,0.219357,0.704670,-0.114606,0.143530,0.509734,-0.070548,0.171969,0.621809,-0.097127,0.186204,0.692656,-0.104875,0.195291,0.741830,-0.111002,0.111497,0.535363,-0.071449,0.143726,0.641095,-0.090459,0.163675,0.699542,-0.092261,0.175139,0.738212,-0.092802,0.087951,0.565285,-0.073115,0.121883,0.638907,-0.079512,0.139358,0.660353,-0.075773,0.148739,0.670853,-0.074242
2463,0,0.293206,0.367895,0.532364,4.935316,7.665591,0.090048,0.482978,0.000001,0.144059,0.483125,-0.014137,0.190028,0.525521,-0.032320,0.203813,0.586057,-0.047381,0.199428,0.628654,-0.063377,0.185098,0.495740,-0.060898,0.210659,0.592711,-0.081431,0.216968,0.658336,-0.092984,0.217211,0.708378,-0.099906,0.144985,0.510623,-0.063845,0.170199,0.622466,-0.086202,0.183141,0.694526,-0.092142,0.191658,0.745556,-0.097380,0.110247,0.534421,-0.065014,0.141139,0.641104,-0.081478,0.160160,0.701938,-0.083349,0.171750,0.741857,-0.084284,0.083944,0.563225,-0.066698,0.118682,0.637362,-0.071889,0.134484,0.658876,-0.067727,0.142599,0.667052,-0.065949
2495,0,0.220551,0.340164,0.768297,4.979763,7.848572,0.094769,0.472096,0.000001,0.146513,0.474799,-0.015817,0.192622,0.517875,-0.034392,0.208953,0.576984,-0.047637,0.209139,0.614628,-0.061528,0.188422,0.500125,-0.069331,0.208933,0.597401,-0.090254,0.215551,0.659228,-0.100691,0.218142,0.707164,-0.106556,0.145973,0.515595,-0.070374,0.170116,0.623927,-0.091298,0.182500,0.692810,-0.095821,0.190593,0.741383,-0.100045,0.109820,0.535776,-0.069082,0.140458,0.642420,-0.083644,0.159789,0.703806,-0.086129,0.171811,0.742369,-0.088167,0.083684,0.560246,-0.067890,0.118990,0.632623,-0.073605,0.135036,0.652552,-0.071319,0.144006,0.657770,-0.070971
2542,0,0.254237,0.189362,0.403871,5.010707,7.818355,0.096705,0.477304,0.000001,0.145540,0.480081,-0.014494,0.191054,0.524768,-0.031362,0.205560,0.586102,-0.043074,0.204975,0.624498,-0.055274,0.188202,0.503686,-0.066263,0.206708,0.601641,-0.086194,0.214913,0.665363,-0.096485,0.218095,0.715627,-0.101979,0.145239,0.518599,-0.067055,0.167988,0.629361,-0.086892,0.181915,0.700785,-0.090990,0.191017,0.752152,-0.094436,0.109123,0.540135,-0.065565,0.138710,0.647593,-0.079302,0.159882,0.708577,-0.081770,0.172640,0.748158,-0.083167,0.082506,0.566414,-0.064075,0.115805,0.638712,-0.068219,0.133785,0.660082,-0.065332,0.144956,0.668892,-0.064308
2574,0,0.321577,0.379301,0.825496,5.122317,8.002490,0.097200,0.472177,0.000001,0.146838,0.474562,-0.015167,0.191758,0.521046,-0.030958,0.210072,0.579906,-0.040580,0.214214,0.617303,-0.050650,0.185402,0.509043,-0.067948,0.205165,0.611589,-0.085247,0.213653,0.674431,-0.090781,0.216772,0.722576,-0.092326,0.142274,0.530162,-0.066702,0.170348,0.638676,-0.084798,0.184275,0.706167,-0.086942,0.191833,0.755328,-0.088338,0.107589,0.553824,-0.062465,0.137874,0.658922,-0.075725,0.158926,0.719871,-0.077670,0.171788,0.759921,-0.078367,0.084517,0.578949,-0.057779,0.123411,0.649591,-0.061717,0.143049,0.668652,-0.057878,0.152775,0.676208,-0.055784
2610,0,0.204830,0.209410,0.472525,5.090314,8.045096,0.098621,0.471652,0.000001,0.152357,0.475451,-0.013240,0.196094,0.527344,-0.027384,0.211996,0.592334,-0.035560,0.211284,0.637144,-0.043605,0.187643,0.515163,-0.063363,0.207140,0.617324,-0.080659,0.214041,0.680761,-0.085795,0.215616,0.729023,-0.086790,0.144023,0.532643,-0.063101,0.171201,0.644806,-0.080396,0.184116,0.711282,-0.082545,0.191237,0.758946,-0.083593,0.109838,0.554663,-0.059799,0.138519,0.658607,-0.072273,0.158355,0.718705,-0.073636,0.170568,0.759247,-0.073950,0.086909,0.578289,-0.055974,0.123176,0.650548,-0.059747,0.141781,0.667551,-0.055083,0.151430,0.673425,-0.052121
2636,0,0.606895,0.899241,1.253275,5.220104,7.829901,0.098730,0.495467,0.000001,0.148820,0.493565,-0.016381,0.189810,0.539764,-0.038262,0.199524,0.606515,-0.056244,0.195439,0.650589,-0.075665,0.189789,0.515650,-0.070466,0.208952,0.610271,-0.094356,0.216025,0.674471,-0.109652,0.218148,0.725875,-0.119534,0.149346,0.528970,-0.073087,0.171308,0.641825,-0.098996,0.182989,0.710192,-0.106988,0.191764,0.758488,-0.113605,0.114599,0.551531,-0.073431,0.140942,0.657086,-0.091692,0.158135,0.712043,-0.092465,0.168263,0.749008,-0.092379,0.087348,0.578251,-0.074333,0.118177,0.653129,-0.079618,0.134886,0.674332,-0.074118,0.144608,0.685431,-0.071454
2664,0,0.120213,0.104766,0.222426,5.175573,7.809326,0.099843,0.495258,0.000001,0.151671,0.492446,-0.015011,0.192825,0.538086,-0.035984,0.200957,0.606213,-0.053239,0.195173,0.653183,-0.072011,0.190980,0.517105,-0.068976,0.211125,0.611038,-0.091737,0.218510,0.675158,-0.106130,0.220502,0.726863,-0.115321,0.150720,0.530762,-0.071837,0.172819,0.643828,-0.096072,0.184424,0.711809,-0.103096,0.193135,0.759140,-0.109339,0.116111,0.552774,-0.072314,0.142720,0.659348,-0.089396,0.159734,0.714394,-0.090089,0.169863,0.750491,-0.090263,0.088776,0.578669,-0.073268,0.119979,0.651829,-0.077560,0.134988,0.670530,-0.071664,0.143009,0.678419,-0.068933
2698,0,0.280797,0.345674,0.626896,5.143581,7.977766,0.106321,0.486239,0.000001,0.155595,0.489780,-0.016074,0.198243,0.537392,-0.034919,0.207681,0.603813,-0.048301,0.204201,0.647459,-0.062178,0.199094,0.516996,-0.069026,0.215337,0.615732,-0.090699,0.220557,0.679871,-0.102909,0.222273,0.729478,-0.109667,0.155821,0.530161,-0.069702,0.176618,0.643490,-0.091194,0.188082,0.716083,-0.096871,0.196134,0.767092,-0.101377,0.118997,0.550352,-0.067990,0.147067,0.660129,-0.083399,0.167448,0.724125,-0.086689,0.180314,0.765927,-0.088491,0.091085,0.575016,-0.066368,0.125345,0.648839,-0.071054,0.142778,0.670583,-0.067585,0.153899,0.679587,-0.066233
2731,0,0.145641,0.142281,0.166490,5.150873,8.008009,0.107612,0.487475,0.000001,0.157290,0.492634,-0.017471,0.199412,0.543048,-0.037406,0.207631,0.613247,-0.051786,0.202786,0.658074,-0.066703,0.200877,0.516521,-0.071945,0.217656,0.615898,-0.094791,0.222810,0.680705,-0.107693,0.223707,0.730483,-0.114861,0.157198,0.528820,-0.072303,0.178941,0.642906,-0.095866,0.190479,0.716006,-0.101869,0.198006,0.767398,-0.106618,0.119944,0.549229,-0.070422,0.147783,0.658740,-0.087310,0.166825,0.721242,-0.090267,0.177968,0.761701,-0.091521,0.092010,0.574801,-0.068764,0.126267,0.650269,-0.073692,0.143182,0.671078,-0.069974,0.152791,0.678648,-0.068450
2760,0,0.209037,0.228886,0.355720,5.127111,8.038357,0.109512,0.481923,0.000001,0.158003,0.485632,-0.016767,0.201867,0.535441,-0.034694,0.214071,0.600761,-0.046515,0.212521,0.641706,-0.058985,0.199252,0.516130,-0.071525,0.215805,0.615708,-0.091032,0.222362,0.678613,-0.100321,0.225268,0.727539,-0.105337,0.155780,0.529478,-0.070875,0.176258,0.641146,-0.092101,0.189318,0.711676,-0.097349,0.198462,0.762166,-0.101436,0.118967,0.549571,-0.067531,0.146279,0.660020,-0.083462,0.168923,0.724960,-0.088757,0.183504,0.768181,-0.091822,0.092681,0.575138,-0.063862,0.127377,0.648128,-0.069761,0.146736,0.669305,-0.068646,0.158955,0.679383,-0.068925
2794,0,0.167177,0.135193,0.202725,5.192540,8.106993,0.111079,0.484270,0.000001,0.159479,0.489972,-0.016775,0.201644,0.539616,-0.036016,0.210860,0.607112,-0.049331,0.207647,0.650120,-0.063262,0.202485,0.519648,-0.072809,0.217471,0.619878,-0.094459,0.222484,0.684448,-0.106153,0.224420,0.734643,-0.112547,0.158669,0.530676,-0.072580,0.178339,0.643817,-0.095099,0.189661,0.716703,-0.101037,0.197220,0.768998,-0.105513,0.121559,0.549601,-0.069657,0.148127,0.660901,-0.085370,0.169461,0.725621,-0.088887,0.182342,0.768346,-0.090577,0.094577,0.574128,-0.066688,0.128300,0.651177,-0.071530,0.148178,0.675160,-0.068652,0.160538,0.687056,-0.067464
2824,0,0.190382,0.202129,0.600523,5.146761,8.086986,0.112372,0.482514,0.000001,0.161888,0.487778,-0.014344,0.203717,0.538384,-0.031593,0.213938,0.602337,-0.043068,0.209439,0.642048,-0.055597,0.200743,0.520267,-0.070117,0.216807,0.620280,-0.088572,0.222893,0.683780,-0.097143,0.224815,0.732722,-0.101827,0.156771,0.534041,-0.070351,0.177589,0.645122,-0.091054,0.189915,0.715872,-0.096113,0.198272,0.766133,-0.100328,0.119610,0.553656,-0.067494,0.146725,0.667290,-0.083279,0.166943,0.731451,-0.088384,0.179314,0.772737,-0.091335,0.093598,0.578259,-0.063981,0.129090,0.653139,-0.069836,0.145751,0.668672,-0.068056,0.154906,0.672984,-0.068009
2856,0,0.139346,0.180584,0.265130,5.108688,8.052899,0.108697,0.480886,0.000001,0.160143,0.486261,-0.014320,0.204066,0.536735,-0.030850,0.216780,0.600496,-0.042316,0.213729,0.640077,-0.054704,0.199197,0.521723,-0.065198,0.214944,0.622881,-0.083708,0.222002,0.685110,-0.091870,0.224520,0.733768,-0.096097,0.155700,0.535904,-0.066510,0.177553,0.646570,-0.085846,0.191383,0.716433,-0.090121,0.201246,0.767168,-0.093765,0.118551,0.554520,-0.065441,0.146063,0.665812,-0.080745,0.166495,0.727336,-0.085263,0.180034,0.766639,-0.087838,0.091080,0.577274,-0.064081,0.125765,0.652444,-0.070931,0.144259,0.672002,-0.070251,0.156100,0.678327,-0.070639
2910,0,0.179810,0.193859,0.315056,5.175027,8.053177,0.106612,0.485769,0.000001,0.157012,0.490007,-0.015599,0.200023,0.541416,-0.033528,0.210315,0.610307,-0.045951,0.207058,0.653870,-0.059009,0.200002,0.522589,-0.068985,0.215614,0.622976,-0.089172,0.221336,0.686022,-0.099854,0.223356,0.735014,-0.105877,0.156036,0.535215,-0.069455,0.176168,0.647590,-0.090396,0.188243,0.719118,-0.095666,0.196903,0.770771,-0.100136,0.118738,0.554662,-0.067479,0.146934,0.665470,-0.083008,0.167146,0.728447,-0.087337,0.179834,0.770491,-0.089878,0.091369,0.578830,-0.065362,0.124781,0.654747,-0.070114,0.141028,0.672506,-0.067620,0.150854,0.677924,-0.067103
2937,0,0.310205,0.503403,0.915018,5.169238,7.735949,0.103973,0.504603,0.000001,0.155165,0.504125,-0.016492,0.195479,0.549810,-0.038612,0.204765,0.615678,-0.057252,0.201550,0.662386,-0.077140,0.196057,0.524054,-0.066730,0.213979,0.619329,-0.090384,0.220641,0.682670,-0.105533,0.222250,0.733544,-0.115265,0.156210,0.536643,-0.069735,0.177397,0.649865,-0.095970,0.188052,0.716497,-0.103756,0.195688,0.763910,-0.109764,0.121819,0.558071,-0.070877,0.146127,0.664682,-0.089707,0.163078,0.717369,-0.089623,0.173590,0.752581,-0.088438,0.094029,0.584507,-0.072739,0.123156,0.660608,-0.078240,0.139682,0.681342,-0.071977,0.148686,0.691503,-0.068338
2970,0,0.266533,0.489689,0.614393,5.009324,7.433578,0.111041,0.516556,0.000001,0.160487,0.515659,-0.015591,0.198221,0.554870,-0.038874,0.208837,0.615574,-0.060249,0.207880,0.665268,-0.082916,0.192984,0.529796,-0.062011,0.212825,0.620429,-0.089493,0.218751,0.679234,-0.106014,0.220226,0.722106,-0.115409,0.154932,0.540304,-0.067727,0.179719,0.647266,-0.094895,0.190567,0.706308,-0.100220,0.197013,0.744323,-0.102725,0.122261,0.560603,-0.072581,0.146670,0.657146,-0.091529,0.164409,0.705473,-0.086048,0.174335,0.735412,-0.079980,0.096768,0.584863,-0.078845,0.118564,0.652009,-0.085108,0.136104,0.679879,-0.076104,0.145069,0.697328,-0.069018
3004,0,0.427015,0.729013,1.141560,5.163796,7.923529,0.108955,0.495537,0.000001,0.157859,0.499179,-0.014862,0.199198,0.548353,-0.033175,0.207360,0.616779,-0.046694,0.201330,0.661510,-0.061021,0.199265,0.531108,-0.067442,0.215675,0.629399,-0.088364,0.221595,0.694225,-0.100464,0.224220,0.743595,-0.107452,0.157337,0.542068,-0.068883,0.176822,0.653133,-0.090155,0.187854,0.723839,-0.095309,0.196079,0.772703,-0.099415,0.120385,0.560307,-0.067922,0.144459,0.665102,-0.082992,0.162164,0.725652,-0.084477,0.173162,0.764508,-0.084783,0.091593,0.583297,-0.067180,0.122229,0.656188,-0.071155,0.137749,0.675437,-0.066306,0.146787,0.681949,-0.063773
3031,0,0.385540,0.572941,0.841044,5.336251,8.249888,0.106600,0.485018,0.000001,0.158630,0.492031,-0.013337,0.200301,0.547102,-0.028906,0.210931,0.614806,-0.038541,0.209956,0.658208,-0.048861,0.196202,0.530378,-0.067852,0.212750,0.635873,-0.085044,0.219658,0.699550,-0.090419,0.221621,0.748090,-0.092042,0.151685,0.549445,-0.067802,0.176864,0.659731,-0.085652,0.189967,0.728238,-0.088188,0.197496,0.778450,-0.090115,0.116415,0.571626,-0.064556,0.143973,0.679405,-0.077640,0.164683,0.742193,-0.080327,0.178053,0.783625,-0.081899,0.093109,0.595816,-0.060753,0.130175,0.668642,-0.065063,0.151859,0.689769,-0.062173,0.164609,0.699511,-0.060854
3065,0,0.238761,0.291357,0.526050,5.248915,8.276237,0.108252,0.481146,0.000001,0.163344,0.491928,-0.012186,0.202913,0.552501,-0.025658,0.212191,0.622645,-0.033435,0.209792,0.667937,-0.041253,0.196753,0.534905,-0.062704,0.212413,0.640199,-0.079422,0.217628,0.704422,-0.083912,0.218618,0.753049,-0.084507,0.151824,0.550211,-0.063137,0.176506,0.663936,-0.080017,0.188771,0.732551,-0.082289,0.196373,0.782479,-0.083588,0.116505,0.570777,-0.060486,0.142875,0.676376,-0.072875,0.161528,0.737859,-0.074769,0.173915,0.780439,-0.075526,0.092969,0.594120,-0.057294,0.126625,0.668282,-0.060973,0.145536,0.684349,-0.056483,0.156303,0.690205,-0.053804
3100,0,0.101854,0.100752,0.436957,5.269699,8.304023,0.109241,0.482373,0.000001,0.165054,0.494437,-0.012131,0.203390,0.556173,-0.025780,0.209888,0.625505,-0.033554,0.206053,0.668790,-0.041480,0.196388,0.537740,-0.064623,0.212636,0.642628,-0.081138,0.217632,0.705892,-0.085114,0.218456,0.754157,-0.085446,0.150956,0.551436,-0.064954,0.175494,0.665604,-0.082297,0.188104,0.734245,-0.084893,0.196380,0.783154,-0.086219,0.115340,0.571546,-0.061916,0.143465,0.678110,-0.075559,0.162678,0.738380,-0.078652,0.175374,0.779343,-0.079922,0.091689,0.595261,-0.057940,0.126625,0.667041,-0.062911,0.145518,0.678382,-0.058934,0.155342,0.679787,-0.056338
3129,0,0.080028,0.099088,0.148321,5.272389,8.330527,0.108546,0.481181,0.000001,0.165450,0.494105,-0.011521,0.203339,0.557487,-0.024258,0.208562,0.627378,-0.031183,0.203800,0.670057,-0.038371,0.195727,0.539229,-0.062532,0.211406,0.643719,-0.077902,0.216527,0.706814,-0.080943,0.217828,0.754771,-0.080777,0.150229,0.553396,-0.062974,0.174890,0.667098,-0.079450,0.187928,0.735675,-0.081994,0.196586,0.784900,-0.083376,0.114755,0.573468,-0.060155,0.143312,0.679770,-0.073922,0.162517,0.740343,-0.077847,0.175150,0.781926,-0.079616,0.091355,0.597013,-0.056229,0.126933,0.667568,-0.061869,0.145226,0.678411,-0.058551,0.154751,0.679649,-0.056312
3161,0,0.075874,0.080987,0.414781,5.295490,8.360903,0.109753,0.481291,0.000001,0.165542,0.494726,-0.011616,0.203756,0.557123,-0.024413,0.211286,0.626864,-0.031726,0.207997,0.671533,-0.039038,0.194532,0.540982,-0.061338,0.211254,0.645429,-0.077799,0.216855,0.708722,-0.081469,0.218234,0.756426,-0.081413,0.150008,0.554120,-0.062228,0.175384,0.669390,-0.078744,0.187904,0.737382,-0.080857,0.195814,0.785909,-0.081858,0.115042,0.574080,-0.060059,0.143949,0.681940,-0.073350,0.163140,0.741681,-0.076075,0.176083,0.781881,-0.077076,0.091247,0.596711,-0.057167,0.126721,0.670687,-0.062895,0.145616,0.686239,-0.059558,0.155926,0.690893,-0.057112
3195,0,0.089827,0.094485,0.462483,5.306720,8.402696,0.111840,0.482033,0.000001,0.167416,0.496826,-0.011532,0.203312,0.561327,-0.024440,0.208156,0.631600,-0.031863,0.203671,0.676374,-0.039231,0.195300,0.543216,-0.062058,0.212312,0.647666,-0.078796,0.217705,0.710293,-0.082522,0.218690,0.757783,-0.082522,0.151225,0.555370,-0.063059,0.176438,0.671024,-0.080464,0.188843,0.738083,-0.082855,0.196723,0.785498,-0.083801,0.116324,0.574756,-0.060946,0.144934,0.684417,-0.075126,0.163320,0.743154,-0.077962,0.175558,0.782929,-0.078796,0.092328,0.596774,-0.057943,0.126785,0.673036,-0.063671,0.144402,0.684660,-0.059556,0.153036,0.685278,-0.056553
3223,0,0.078122,0.070954,0.322054,5.303317,8.391566,0.111320,0.482724,0.000001,0.167185,0.497359,-0.011051,0.203234,0.562554,-0.023312,0.207953,0.633382,-0.030313,0.202426,0.678345,-0.037216,0.195557,0.544717,-0.060125,0.212366,0.648528,-0.076436,0.217456,0.711236,-0.079609,0.218125,0.758583,-0.079108,0.151849,0.556795,-0.061294,0.176994,0.671441,-0.078385,0.188997,0.739223,-0.080389,0.196668,0.787808,-0.080834,0.116800,0.575696,-0.059512,0.145167,0.683768,-0.073430,0.162893,0.743691,-0.075768,0.175631,0.784234,-0.076102,0.092284,0.597210,-0.056951,0.126298,0.673717,-0.062407,0.144517,0.688988,-0.058232,0.154780,0.692311,-0.055003
3257,0,0.359748,0.666200,1.434221,5.320018,8.090294,0.114541,0.501381,0.000001,0.162386,0.507465,-0.016481,0.205376,0.558940,-0.033006,0.216159,0.625327,-0.043575,0.211722,0.666952,-0.054871,0.198139,0.542354,-0.069624,0.214211,0.641667,-0.088868,0.220470,0.707613,-0.098557,0.222734,0.757780,-0.103577,0.153812,0.554955,-0.068655,0.174968,0.665550,-0.088912,0.187026,0.736408,-0.093448,0.195664,0.786683,-0.096619,0.117319,0.572966,-0.064780,0.142344,0.681242,-0.078475,0.162877,0.742756,-0.080325,0.175555,0.781032,-0.080677,0.091034,0.593688,-0.060992,0.123916,0.672891,-0.064648,0.142657,0.697289,-0.060332,0.153047,0.706803,-0.057778
3310,0,0.332271,0.469203,0.647363,5.066960,7.709150,0.115379,0.508865,0.000001,0.163591,0.511969,-0.015362,0.202363,0.558018,-0.033086,0.209934,0.624397,-0.046137,0.203537,0.667979,-0.060064,0.198023,0.540009,-0.063281,0.213901,0.638225,-0.084782,0.220701,0.700552,-0.097975,0.222798,0.748608,-0.105386,0.155558,0.549930,-0.064095,0.176300,0.662206,-0.084130,0.186085,0.725959,-0.088446,0.191264,0.769000,-0.091541,0.119625,0.566952,-0.062833,0.144531,0.669923,-0.075090,0.160010,0.720780,-0.072321,0.167752,0.751067,-0.069755,0.091614,0.587523,-0.062263,0.118366,0.661834,-0.064706,0.132732,0.685673,-0.057132,0.140367,0.694337,-0.051960
3339,0,0.326303,0.405047,0.525224,5.009353,7.524191,0.111056,0.512636,0.000001,0.158798,0.515134,-0.016426,0.197157,0.556664,-0.037182,0.207392,0.617397,-0.054695,0.205108,0.661103,-0.073619,0.196810,0.538485,-0.062061,0.212723,0.630999,-0.086901,0.218383,0.690987,-0.102573,0.219777,0.735661,-0.111898,0.157710,0.547320,-0.065862,0.180641,0.657176,-0.089330,0.188431,0.715082,-0.094424,0.192070,0.751643,-0.097480,0.122616,0.564469,-0.068526,0.146145,0.663234,-0.084002,0.159654,0.709772,-0.079222,0.166178,0.737629,-0.074795,0.093514,0.585900,-0.072444,0.115774,0.655539,-0.077537,0.129540,0.685150,-0.069231,0.136418,0.701802,-0.063197
3372,0,0.126716,0.136318,0.179593,5.077493,7.606868,0.111948,0.511862,0.000001,0.160265,0.514569,-0.016585,0.200456,0.555562,-0.036829,0.211684,0.615027,-0.053215,0.208996,0.658712,-0.070794,0.196112,0.538373,-0.064510,0.211491,0.633648,-0.088929,0.217551,0.694435,-0.104281,0.219750,0.739659,-0.113588,0.155768,0.547926,-0.067333,0.178965,0.659970,-0.090679,0.187497,0.718793,-0.095611,0.192051,0.756042,-0.099031,0.120492,0.565981,-0.068606,0.146128,0.667582,-0.082725,0.160827,0.713278,-0.077276,0.168050,0.739698,-0.072862,0.092052,0.587625,-0.071112,0.117392,0.661536,-0.074811,0.132530,0.690365,-0.065862,0.139758,0.704977,-0.059658
3403,0,0.132074,0.173196,0.222795,4.977397,7.463523,0.111557,0.514488,0.000001,0.159357,0.516110,-0.015552,0.198201,0.556835,-0.035455,0.209377,0.614675,-0.052217,0.208167,0.655999,-0.070403,0.195943,0.538993,-0.060217,0.211177,0.631456,-0.083906,0.217840,0.690154,-0.098736,0.220014,0.733740,-0.107556,0.157014,0.547677,-0.064003,0.181255,0.656986,-0.085857,0.190393,0.713484,-0.090384,0.195011,0.749515,-0.093350,0.122284,0.565331,-0.066617,0.147440,0.664301,-0.080628,0.162106,0.709950,-0.075671,0.169319,0.737610,-0.071418,0.093532,0.587160,-0.070481,0.116732,0.658626,-0.074657,0.131537,0.688906,-0.066539,0.139212,0.706422,-0.060724
3431,0,0.091047,0.062178,0.139515,4.949926,7.423698,0.110389,0.513883,0.000001,0.157264,0.515299,-0.015333,0.196487,0.555226,-0.034526,0.208463,0.611459,-0.050625,0.206522,0.651271,-0.068121,0.194817,0.539177,-0.058500,0.210415,0.631442,-0.081931,0.216819,0.689627,-0.096673,0.218846,0.732707,-0.105518,0.156362,0.547504,-0.062302,0.180099,0.655462,-0.084336,0.188739,0.712236,-0.088992,0.193006,0.748423,-0.091862,0.121666,0.564391,-0.065056,0.146025,0.662452,-0.079759,0.159741,0.707834,-0.075065,0.166588,0.735673,-0.070604,0.092906,0.585927,-0.068936,0.115140,0.656344,-0.073823,0.129223,0.685988,-0.065832,0.136733,0.703271,-0.059936
3466,0,0.393583,0.507604,0.340753,5.203319,7.853322,0.112657,0.507903,0.000001,0.162948,0.513930,-0.017325,0.200878,0.560922,-0.038683,0.207683,0.626558,-0.055935,0.202596,0.672708,-0.074511,0.199693,0.542915,-0.066899,0.213111,0.641067,-0.092177,0.218102,0.702914,-0.108230,0.219909,0.750108,-0.118076,0.158381,0.551316,-0.069588,0.178627,0.665502,-0.094660,0.186447,0.727354,-0.101445,0.190730,0.768350,-0.106078,0.121688,0.567907,-0.070581,0.145127,0.671137,-0.086468,0.159198,0.720927,-0.084027,0.166841,0.750740,-0.081420,0.092129,0.587850,-0.072567,0.116876,0.662297,-0.077159,0.131608,0.690148,-0.069919,0.139780,0.704100,-0.065120
3500,0,0.225992,0.238176,0.388551,5.155198,7.816516,0.113096,0.506680,0.000001,0.163668,0.511582,-0.014715,0.202685,0.558103,-0.033153,0.210120,0.623549,-0.047355,0.203410,0.666930,-0.062666,0.198371,0.542917,-0.063587,0.212885,0.641170,-0.085926,0.219106,0.703281,-0.099981,0.221015,0.750573,-0.108348,0.155726,0.551530,-0.065511,0.174767,0.665315,-0.087348,0.182881,0.730063,-0.092953,0.186884,0.773260,-0.096969,0.118992,0.568500,-0.065218,0.143500,0.673501,-0.078647,0.157891,0.724309,-0.076429,0.164825,0.753394,-0.074170,0.089983,0.589182,-0.065553,0.116780,0.665530,-0.068523,0.131356,0.689388,-0.061118,0.138954,0.697927,-0.056098
3528,0,0.336095,0.388388,0.399359,5.389161,8.155599,0.115697,0.503983,0.000001,0.162509,0.512745,-0.017651,0.203001,0.564969,-0.035173,0.211033,0.631212,-0.046350,0.205722,0.672757,-0.057894,0.200315,0.546135,-0.071902,0.213478,0.646239,-0.092613,0.218690,0.713689,-0.104200,0.220156,0.765412,-0.110167,0.155304,0.556780,-0.070216,0.174534,0.669164,-0.091575,0.185379,0.740700,-0.096850,0.193537,0.790658,-0.100309,0.117537,0.574231,-0.065633,0.141276,0.684824,-0.079858,0.160641,0.747185,-0.081025,0.172593,0.785662,-0.080593,0.089912,0.595401,-0.061223,0.122270,0.676552,-0.064033,0.139926,0.699034,-0.058153,0.149434,0.706121,-0.054262
3561,0,0.167260,0.189249,0.345365,5.445142,8.220228,0.118232,0.503538,0.000001,0.166588,0.508954,-0.015657,0.206375,0.561590,-0.031902,0.213112,0.626133,-0.041765,0.205911,0.667331,-0.052545,0.197970,0.544758,-0.070744,0.212257,0.646761,-0.089379,0.217879,0.713447,-0.097846,0.219667,0.765226,-0.101861,0.152399,0.559050,-0.069653,0.173744,0.673188,-0.088593,0.185948,0.744298,-0.093220,0.194260,0.795028,-0.096449,0.115257,0.578241,-0.065158,0.139358,0.689761,-0.078119,0.159702,0.753458,-0.081174,0.173620,0.793720,-0.082745,0.089871,0.598874,-0.060357,0.122550,0.677791,-0.064896,0.142120,0.701424,-0.061710,0.154413,0.711738,-0.059964
3596,0,0.212805,0.408051,1.370292,5.456073,8.368196,0.111137,0.493348,0.000001,0.163658,0.502316,-0.013654,0.201703,0.564442,-0.028676,0.210669,0.633801,-0.036965,0.207827,0.680435,-0.045429,0.193616,0.547536,-0.068853,0.209032,0.652687,-0.086676,0.213905,0.716790,-0.092052,0.215001,0.765001,-0.093247,0.149397,0.560394,-0.067857,0.172964,0.676657,-0.087273,0.184931,0.744489,-0.091355,0.192839,0.792877,-0.093496,0.114434,0.580036,-0.063028,0.140845,0.691252,-0.077714,0.160152,0.752556,-0.081150,0.172488,0.794115,-0.082593,0.091760,0.603017,-0.057203,0.124160,0.679234,-0.062829,0.142783,0.690026,-0.058697,0.152562,0.690914,-0.055859
3624,0,0.146973,0.185672,0.388009,5.438998,8.422749,0.111875,0.490994,0.000001,0.167272,0.503645,-0.011770,0.203989,0.567339,-0.025022,0.209986,0.638262,-0.032214,0.205119,0.684463,-0.039459,0.194700,0.551787,-0.064589,0.210398,0.656987,-0.081288,0.215039,0.720411,-0.084897,0.215428,0.767897,-0.084682,0.149774,0.564124,-0.064697,0.173645,0.680197,-0.082850,0.185771,0.748125,-0.085221,0.193621,0.795989,-0.085975,0.114621,0.583169,-0.061357,0.141519,0.692849,-0.076386,0.159792,0.752425,-0.079564,0.171977,0.792395,-0.080319,0.091000,0.605030,-0.056886,0.124820,0.680539,-0.062865,0.142767,0.691247,-0.058663,0.151490,0.691161,-0.055485
3677,0,0.124711,0.156864,0.189236,5.429678,8.423999,0.109447,0.490298,0.000001,0.165881,0.504794,-0.011222,0.201184,0.571670,-0.023232,0.203865,0.643950,-0.029759,0.196969,0.688567,-0.036313,0.194403,0.554044,-0.060181,0.210155,0.658848,-0.075945,0.214846,0.721716,-0.079154,0.215436,0.768895,-0.078822,0.149451,0.565892,-0.061066,0.173418,0.681279,-0.077771,0.185475,0.748712,-0.080260,0.193518,0.796775,-0.081255,0.114187,0.584586,-0.058853,0.142203,0.694346,-0.073235,0.160013,0.753648,-0.076941,0.172096,0.793841,-0.078213,0.090246,0.606086,-0.055618,0.125012,0.681469,-0.061840,0.142147,0.692220,-0.058024,0.150059,0.692338,-0.055148
3706,0,0.101739,0.108382,0.571606,5.484128,8.506107,0.111973,0.490693,0.000001,0.168061,0.507436,-0.011081,0.202483,0.575244,-0.023402,0.204442,0.647180,-0.030470,0.197577,0.691845,-0.037426,0.194979,0.555468,-0.060715,0.210110,0.660559,-0.076711,0.214395,0.723304,-0.079415,0.214638,0.770748,-0.078682,0.150196,0.566852,-0.061955,0.174460,0.682686,-0.078795,0.186037,0.750375,-0.080485,0.193557,0.798667,-0.080935,0.114883,0.585523,-0.060265,0.142530,0.693888,-0.073501,0.160590,0.754061,-0.075585,0.173797,0.794403,-0.075923,0.090939,0.606800,-0.057899,0.125257,0.684388,-0.062743,0.145954,0.702161,-0.058801,0.158409,0.708172,-0.056069
3738,0,0.144887,0.182494,0.670581,5.422541,8.390166,0.107767,0.491268,0.000000,0.165011,0.506084,-0.010097,0.200635,0.573056,-0.021091,0.202755,0.644410,-0.027043,0.194962,0.687916,-0.032995,0.194146,0.555349,-0.056831,0.209763,0.658291,-0.071704,0.214607,0.719997,-0.074225,0.215705,0.766331,-0.073609,0.150111,0.567586,-0.058372,0.173985,0.681362,-0.074337,0.185715,0.748333,-0.076634,0.194340,0.795921,-0.077530,0.114896,0.586499,-0.057027,0.142354,0.695212,-0.071200,0.159561,0.755516,-0.075009,0.172439,0.796186,-0.076354,0.090749,0.607390,-0.054646,0.124494,0.683956,-0.060892,0.141771,0.696188,-0.057251,0.151272,0.696415,-0.054422
3771,0,0.133428,0.168840,0.635887,5.481869,8.498847,0.111189,0.490390,0.000001,0.167899,0.506792,-0.010819,0.202799,0.574034,-0.023073,0.205521,0.645414,-0.030042,0.199560,0.689898,-0.037053,0.194625,0.555759,-0.060590,0.209662,0.660991,-0.076583,0.214101,0.723680,-0.079624,0.214638,0.770815,-0.079173,0.149784,0.567470,-0.061942,0.173854,0.683161,-0.078723,0.185367,0.750898,-0.080750,0.192937,0.799045,-0.081538,0.114457,0.585527,-0.060196,0.142128,0.694238,-0.073373,0.160242,0.754895,-0.075738,0.173205,0.795828,-0.076414,0.090498,0.606235,-0.057662,0.124247,0.683555,-0.062505,0.144202,0.701042,-0.058676,0.156234,0.706641,-0.056029
3804,0,0.112876,0.191908,0.401457,5.444928,8.374088,0.106956,0.493025,0.000000,0.164569,0.506876,-0.010377,0.200634,0.572964,-0.021682,0.203370,0.644057,-0.027714,0.195985,0.688147,-0.033803,0.193296,0.555509,-0.058156,0.209538,0.658213,-0.073117,0.214605,0.719478,-0.075592,0.215865,0.765862,-0.074973,0.149064,0.567980,-0.059506,0.173554,0.681892,-0.075423,0.185587,0.748539,-0.077729,0.194083,0.795983,-0.078742,0.113962,0.587043,-0.057819,0.142271,0.695665,-0.071486,0.159984,0.756177,-0.075198,0.173012,0.797178,-0.076661,0.090149,0.608216,-0.055147,0.124825,0.683625,-0.061194,0.143497,0.697598,-0.057875,0.154416,0.700051,-0.055429
3833,0,0.114339,0.184649,0.328332,5.464632,8.470939,0.111361,0.491086,0.000001,0.167380,0.507743,-0.010912,0.202361,0.573584,-0.023268,0.206172,0.644328,-0.030361,0.200850,0.688356,-0.037397,0.194330,0.556010,-0.060665,0.209737,0.660457,-0.076925,0.213913,0.723419,-0.080233,0.214353,0.770542,-0.080008,0.149864,0.567507,-0.061899,0.173476,0.682396,-0.078999,0.184579,0.750464,-0.081130,0.191976,0.799225,-0.081915,0.114494,0.585504,-0.060160,0.141223,0.693252,-0.073561,0.159293,0.753388,-0.075803,0.172255,0.794147,-0.076252,0.090171,0.606329,-0.057694,0.123102,0.683502,-0.062403,0.143278,0.699146,-0.058254,0.155361,0.703174,-0.055395
3868,0,0.121110,0.160880,0.545456,5.435443,8.374363,0.108668,0.493471,0.000000,0.166318,0.507729,-0.010507,0.202171,0.574681,-0.021644,0.204354,0.645697,-0.027493,0.196402,0.689169,-0.033411,0.193466,0.556139,-0.058092,0.209468,0.658408,-0.072586,0.214311,0.719896,-0.074993,0.215296,0.766271,-0.074433,0.148888,0.568153,-0.059323,0.173064,0.681890,-0.074937,0.184916,0.748437,-0.077343,0.193307,0.795408,-0.078575,0.113630,0.586933,-0.057420,0.141400,0.696897,-0.071243,0.159110,0.756692,-0.075217,0.171933,0.796691,-0.076952,0.090016,0.608576,-0.054538,0.124564,0.684307,-0.061002,0.142825,0.695864,-0.057812,0.152956,0.695621,-0.055573
3901,0,0.138947,0.171618,0.713954,5.466925,8.460161,0.111484,0.491746,0.000001,0.167293,0.507982,-0.011113,0.202973,0.572820,-0.023615,0.207836,0.643210,-0.030885,0.202131,0.687867,-0.038029,0.193565,0.556133,-0.060769,0.209166,0.659918,-0.077337,0.213442,0.722689,-0.080728,0.213906,0.770065,-0.080395,0.149404,0.567368,-0.061936,0.173098,0.681901,-0.079283,0.184162,0.749695,-0.081284,0.191346,0.798393,-0.081840,0.114292,0.585300,-0.060157,0.141072,0.692640,-0.073612,0.158654,0.753240,-0.075558,0.171443,0.794096,-0.075725,0.090274,0.605838,-0.057655,0.123044,0.683753,-0.062548,0.143332,0.702665,-0.058434,0.155639,0.709240,-0.055515
3930,0,0.097129,0.141351,0.660271,5.418781,8.350314,0.108912,0.493430,0.000001,0.165554,0.507714,-0.011119,0.202796,0.571656,-0.022975,0.208206,0.641364,-0.029587,0.201858,0.685955,-0.036088,0.192759,0.555261,-0.058952,0.208663,0.656807,-0.074898,0.213378,0.718936,-0.078065,0.214086,0.765659,-0.077676,0.149442,0.567025,-0.060230,0.173088,0.681175,-0.076899,0.184193,0.748937,-0.079121,0.191778,0.797237,-0.079843,0.114433,0.585823,-0.058563,0.140798,0.695008,-0.073120,0.157665,0.754921,-0.076454,0.169976,0.795248,-0.077399,0.089787,0.606870,-0.055979,0.122942,0.683964,-0.062619,0.140276,0.696501,-0.058952,0.149497,0.696344,-0.056063
3964,0,0.085661,0.129680,0.224008,5.397515,8.370235,0.112033,0.492824,0.000001,0.167711,0.507770,-0.011606,0.204027,0.572192,-0.023583,0.209373,0.641557,-0.030122,0.203788,0.684761,-0.036675,0.193423,0.555780,-0.059969,0.207960,0.658573,-0.075113,0.211697,0.720801,-0.077811,0.211485,0.767652,-0.077316,0.148438,0.567161,-0.060630,0.171119,0.681040,-0.077095,0.181748,0.748626,-0.078803,0.188292,0.796888,-0.079243,0.112981,0.584854,-0.058372,0.138522,0.692474,-0.072304,0.155850,0.752001,-0.075113,0.167398,0.792329,-0.075829,0.088841,0.604999,-0.055288,0.121478,0.681064,-0.060960,0.139244,0.692189,-0.056940,0.148037,0.691737,-0.054132
3998,0,0.220913,0.204046,0.600900,5.386630,8.356684,0.112468,0.491751,0.000000,0.167356,0.505963,-0.012738,0.204747,0.567960,-0.025708,0.211342,0.635349,-0.032610,0.205402,0.677788,-0.039662,0.192410,0.550236,-0.064727,0.206309,0.649940,-0.080581,0.210046,0.711529,-0.083643,0.210545,0.758492,-0.083479,0.147419,0.561609,-0.064837,0.169329,0.674922,-0.082057,0.179500,0.743509,-0.084791,0.186656,0.791902,-0.086267,0.112021,0.580778,-0.061502,0.137102,0.689941,-0.077301,0.154367,0.750249,-0.082057,0.166288,0.790153,-0.084080,0.088218,0.602963,-0.057074,0.121104,0.678930,-0.064727,0.138778,0.687007,-0.062049,0.147093,0.682982,-0.060190
4046,0,0.156653,0.174620,0.293273,5.329127,8.310279,0.115804,0.490471,0.000001,0.168018,0.504524,-0.013993,0.204925,0.562668,-0.028091,0.213888,0.626419,-0.035857,0.208843,0.667377,-0.043755,0.193128,0.546099,-0.066502,0.207134,0.646744,-0.083140,0.210305,0.709017,-0.086984,0.209597,0.756934,-0.087247,0.147964,0.558609,-0.065870,0.168679,0.671367,-0.083772,0.178538,0.739006,-0.086721,0.184524,0.786783,-0.088090,0.112218,0.577993,-0.061868,0.136313,0.685028,-0.077506,0.153160,0.744224,-0.081456,0.163461,0.783739,-0.082930,0.087946,0.600710,-0.056866,0.120407,0.673764,-0.064343,0.137473,0.680949,-0.060973,0.144333,0.676792,-0.058446
4078,0,0.269890,0.307095,0.270253,5.306319,8.284866,0.118158,0.490673,0.000001,0.168906,0.503637,-0.016157,0.205744,0.559965,-0.031977,0.215508,0.621995,-0.040682,0.211672,0.662712,-0.049464,0.192799,0.541378,-0.072117,0.205758,0.640325,-0.089113,0.207866,0.701886,-0.092884,0.206720,0.749248,-0.093401,0.147200,0.553057,-0.070722,0.165881,0.665189,-0.089165,0.174385,0.732483,-0.092058,0.179918,0.779339,-0.093866,0.110924,0.571988,-0.065763,0.131306,0.677347,-0.082036,0.146279,0.738100,-0.086323,0.155272,0.778338,-0.088493,0.086712,0.595103,-0.059874,0.116854,0.668530,-0.068552,0.133971,0.675930,-0.066073,0.141830,0.671402,-0.064575
4106,0,0.410397,0.493946,0.804764,5.343799,8.336801,0.122316,0.491747,0.000001,0.170169,0.504597,-0.018455,0.206214,0.557185,-0.037405,0.214806,0.616238,-0.048562,0.210032,0.656353,-0.059867,0.194627,0.535504,-0.080202,0.204522,0.633864,-0.099300,0.205551,0.692812,-0.104297,0.203440,0.739148,-0.106078,0.149122,0.545054,-0.078174,0.164420,0.654469,-0.100488,0.169888,0.721149,-0.105386,0.173040,0.769747,-0.108849,0.112080,0.561867,-0.072335,0.126494,0.666379,-0.091532,0.138029,0.729426,-0.097321,0.145211,0.772351,-0.100784,0.087043,0.584878,-0.065507,0.111963,0.660233,-0.076739,0.128655,0.670801,-0.076442,0.137572,0.670487,-0.076838
4138,0,0.277468,0.392914,0.957050,5.254165,8.155922,0.125796,0.501101,0.000001,0.171700,0.513716,-0.019661,0.206450,0.564327,-0.039369,0.214841,0.620723,-0.051351,0.212786,0.659391,-0.063451,0.200114,0.531045,-0.081974,0.208700,0.623155,-0.103359,0.208690,0.681953,-0.110581,0.205463,0.728858,-0.114051,0.153192,0.538305,-0.080286,0.166459,0.645096,-0.103641,0.171369,0.711699,-0.109925,0.174755,0.760737,-0.115083,0.114684,0.554445,-0.075081,0.126777,0.659522,-0.094636,0.138348,0.722415,-0.101108,0.147032,0.764099,-0.105423,0.087742,0.578843,-0.069219,0.109320,0.656270,-0.081083,0.126129,0.672947,-0.082303,0.137199,0.677640,-0.084132
4171,0,0.335477,0.681185,1.537689,5.084509,7.779158,0.133397,0.520172,0.000001,0.179668,0.531101,-0.019827,0.213542,0.573758,-0.040884,0.219115,0.624135,-0.054800,0.215242,0.662713,-0.068648,0.202528,0.527735,-0.081904,0.209229,0.614500,-0.104042,0.208791,0.672942,-0.112789,0.204074,0.719060,-0.117162,0.155032,0.532849,-0.080082,0.160869,0.635314,-0.103496,0.164470,0.701631,-0.107140,0.166722,0.748945,-0.110329,0.116366,0.547769,-0.075208,0.123903,0.650718,-0.092426,0.134825,0.713747,-0.093292,0.143835,0.753857,-0.093747,0.089495,0.571160,-0.070242,0.104526,0.649588,-0.078897,0.119499,0.677304,-0.076529,0.132269,0.690517,-0.075800
4199,0,0.468878,0.571299,1.472973,4.826092,7.466810,0.135312,0.529115,0.000001,0.179042,0.545445,-0.018260,0.212567,0.583653,-0.038070,0.217095,0.637109,-0.054997,0.204363,0.681363,-0.072514,0.191206,0.525050,-0.061550,0.206583,0.605160,-0.084745,0.210253,0.667319,-0.096889,0.204351,0.710876,-0.104141,0.155463,0.521203,-0.065306,0.162029,0.624716,-0.092958,0.165613,0.696954,-0.098899,0.164504,0.741313,-0.102656,0.123362,0.532718,-0.068539,0.127045,0.635039,-0.093744,0.134921,0.704112,-0.095229,0.137700,0.746390,-0.093832,0.097358,0.553931,-0.072645,0.102945,0.629523,-0.088546,0.112233,0.670515,-0.087934,0.119339,0.696368,-0.086930
4234,0,0.610304,0.791797,0.527314,4.467495,7.322829,0.149854,0.531692,0.000001,0.189879,0.549981,-0.020276,0.222788,0.587355,-0.036422,0.229740,0.633127,-0.049227,0.220731,0.670747,-0.062094,0.196353,0.521132,-0.054498,0.206153,0.595287,-0.074297,0.205092,0.652875,-0.085005,0.198217,0.694947,-0.091895,0.160168,0.521327,-0.055702,0.158745,0.610480,-0.079610,0.157731,0.674228,-0.085420,0.155323,0.715425,-0.089820,0.126670,0.534674,-0.056864,0.122983,0.624530,-0.078696,0.125800,0.683969,-0.080025,0.126830,0.719013,-0.079277,0.099964,0.554564,-0.059188,0.097269,0.623544,-0.072429,0.103488,0.661373,-0.071557,0.108797,0.685045,-0.070893
4267,0,1.108083,1.229790,1.911812,4.552683,7.477387,0.156074,0.539384,0.000000,0.194801,0.568991,-0.028545,0.220968,0.600426,-0.054478,0.229709,0.636154,-0.077762,0.223411,0.672965,-0.100896,0.211433,0.532914,-0.070038,0.210418,0.591878,-0.107463,0.200387,0.643005,-0.127613,0.192293,0.673555,-0.138508,0.172050,0.515798,-0.073545,0.159657,0.589755,-0.112090,0.152636,0.653307,-0.119180,0.147999,0.691111,-0.122314,0.135804,0.515507,-0.078508,0.126262,0.589934,-0.115747,0.121786,0.650961,-0.112687,0.118884,0.687066,-0.106195,0.106734,0.527039,-0.085672,0.099325,0.588336,-0.110598,0.097738,0.635721,-0.107239,0.095869,0.667583,-0.101941
4296,0,0.785360,1.461180,2.296365,3.895866,6.054948,0.151730,0.576545,0.000000,0.186682,0.592927,-0.023404,0.215697,0.609722,-0.045492,0.232049,0.637935,-0.067443,0.232979,0.659579,-0.089742,0.220799,0.520379,-0.051054,0.215145,0.559874,-0.089841,0.204575,0.604912,-0.113928,0.195179,0.634290,-0.125649,0.179583,0.508435,-0.056567,0.166986,0.558764,-0.095553,0.158857,0.614022,-0.106876,0.153309,0.650449,-0.109955,0.139945,0.512338,-0.064165,0.124890,0.568593,-0.101115,0.119841,0.628424,-0.100966,0.118242,0.668980,-0.093616,0.107306,0.528622,-0.073750,0.095252,0.575096,-0.097738,0.094663,0.622057,-0.095453,0.096617,0.655139,-0.088947
4329,0,0.632837,1.207382,1.830505,3.338684,4.953002,0.155788,0.616354,-0.000000,0.185667,0.634600,-0.028234,0.217145,0.638919,-0.050124,0.238815,0.648422,-0.071130,0.246645,0.649921,-0.092708,0.222145,0.523721,-0.045912,0.218565,0.545872,-0.083869,0.207690,0.585466,-0.108567,0.196394,0.614184,-0.119694,0.183400,0.506767,-0.046328,0.171619,0.541407,-0.081581,0.159933,0.593358,-0.093228,0.148889,0.633335,-0.095256,0.145925,0.509715,-0.049578,0.129679,0.554495,-0.082413,0.121287,0.614299,-0.082205,0.115506,0.657881,-0.074146,0.114359,0.527066,-0.055324,0.099932,0.563880,-0.077890,0.096004,0.614315,-0.075446,0.094559,0.651773,-0.067439
4364,0,0.432308,0.471642,2.335861,3.132691,4.650841,0.153141,0.619369,-0.000000,0.189118,0.642211,-0.032546,0.224487,0.646745,-0.055384,0.248604,0.646179,-0.075437,0.253727,0.641163,-0.096126,0.221659,0.527075,-0.051140,0.224727,0.537181,-0.085675,0.206608,0.570626,-0.109389,0.188570,0.598705,-0.121908,0.182616,0.511668,-0.049681,0.174761,0.528602,-0.080742,0.157173,0.569507,-0.094376,0.142167,0.604790,-0.100582,0.145478,0.515784,-0.050928,0.131564,0.537530,-0.079203,0.121889,0.578828,-0.083978,0.115521,0.612805,-0.083023,0.114454,0.533614,-0.054907,0.096956,0.557143,-0.077983,0.093168,0.598832,-0.080583,0.094695,0.631752,-0.078301
4391,0,0.590633,0.628112,9.591220,2.805120,4.252269,0.156763,0.629770,-0.000000,0.194700,0.653645,-0.033197,0.231732,0.659873,-0.055512,0.256564,0.654234,-0.075863,0.258452,0.636185,-0.096763,0.221034,0.560520,-0.050114,0.230579,0.525031,-0.085447,0.212290,0.542911,-0.109407,0.193310,0.571664,-0.121358,0.182736,0.543329,-0.048093,0.183179,0.508808,-0.079732,0.162352,0.533698,-0.093934,0.146886,0.568763,-0.100689,0.146484,0.540544,-0.049421,0.139615,0.521263,-0.077191,0.122873,0.548797,-0.082561,0.112888,0.582736,-0.082618,0.114556,0.549114,-0.053578,0.098921,0.536789,-0.074305,0.088097,0.566463,-0.076614,0.085515,0.599480,-0.075517
4445,0,0.684065,0.820870,3.695251,2.310842,3.517554,0.160452,0.647889,-0.000000,0.199124,0.668998,-0.029950,0.233967,0.671084,-0.049004,0.255001,0.659802,-0.066633,0.265205,0.637427,-0.085358,0.219092,0.575200,-0.042460,0.231668,0.537907,-0.071643,0.223248,0.538350,-0.094000,0.209922,0.548348,-0.106149,0.183265,0.556434,-0.041207,0.191116,0.509049,-0.067322,0.181386,0.513249,-0.083604,0.170232,0.533487,-0.093311,0.148601,0.550384,-0.042647,0.146654,0.505708,-0.066320,0.136197,0.516611,-0.075901,0.127985,0.542297,-0.080410,0.116426,0.555624,-0.046562,0.101470,0.517061,-0.066758,0.088969,0.533337,-0.071956,0.081643,0.562722,-0.073647
4474,0,0.426828,0.534518,3.154718,2.096503,3.113205,0.153997,0.652553,-0.000000,0.193686,0.677552,-0.036679,0.232294,0.678188,-0.058302,0.255682,0.662084,-0.077003,0.269611,0.638170,-0.096112,0.216319,0.578862,-0.046359,0.231653,0.542251,-0.074929,0.221616,0.531758,-0.098124,0.203267,0.525351,-0.112204,0.182693,0.555121,-0.041142,0.192610,0.510308,-0.067385,0.180460,0.504229,-0.086683,0.162655,0.509580,-0.099695,0.150181,0.543402,-0.038973,0.153244,0.497105,-0.061979,0.141190,0.493911,-0.076374,0.126147,0.505802,-0.085615,0.118656,0.543790,-0.039727,0.109306,0.504216,-0.059339,0.093802,0.508507,-0.068831,0.079262,0.525602,-0.074866
4504,0,0.347890,0.458803,4.220368,1.890165,2.753832,0.150314,0.661454,0.000000,0.191831,0.683812,-0.037229,0.231123,0.681183,-0.058202,0.255523,0.662603,-0.076094,0.275470,0.638696,-0.094331,0.211873,0.577042,-0.046348,0.225001,0.540283,-0.074962,0.218283,0.522848,-0.097601,0.203946,0.504735,-0.111688,0.177979,0.551451,-0.040814,0.179521,0.508516,-0.065529,0.172329,0.489083,-0.084458,0.160608,0.470948,-0.098419,0.145977,0.540951,-0.038487,0.139569,0.499478,-0.062101,0.127425,0.483431,-0.076282,0.112660,0.471319,-0.085590,0.115736,0.542429,-0.039022,0.106140,0.504435,-0.057856,0.092434,0.491885,-0.066912,0.077229,0.484750,-0.072949
4539,0,0.453166,0.720984,1.471892,1.490705,2.044826,0.142115,0.670850,0.000000,0.186418,0.695412,-0.038089,0.229095,0.689037,-0.059382,0.255896,0.665224,-0.076429,0.278511,0.640293,-0.092973,0.210186,0.576666,-0.047682,0.222363,0.539561,-0.072907,0.219022,0.515502,-0.091778,0.210664,0.485806,-0.104737,0.178647,0.547440,-0.040888,0.182891,0.503611,-0.061773,0.178390,0.475874,-0.076052,0.170407,0.441942,-0.087626,0.147658,0.534270,-0.037177,0.147431,0.489190,-0.057086,0.140322,0.463640,-0.067434,0.129971,0.434215,-0.074983,0.117639,0.534366,-0.036548,0.109899,0.492864,-0.053060,0.098103,0.473931,-0.059917,0.083704,0.454342,-0.064477
4572,0,0.415563,0.614742,0.871704,1.169879,1.443641,0.137673,0.680390,0.000000,0.184785,0.703745,-0.036374,0.228526,0.695064,-0.056310,0.257187,0.668972,-0.072105,0.283769,0.646038,-0.087515,0.211360,0.576011,-0.045106,0.224070,0.531737,-0.067675,0.225599,0.500009,-0.084369,0.223832,0.464556,-0.096696,0.180038,0.544256,-0.039423,0.184639,0.487710,-0.059103,0.182295,0.453052,-0.072169,0.177914,0.414544,-0.082571,0.148414,0.530837,-0.036566,0.149185,0.473385,-0.056246,0.143388,0.438766,-0.066647,0.135933,0.402132,-0.073774,0.117421,0.532713,-0.036598,0.107467,0.481986,-0.054480,0.095010,0.453870,-0.062345,0.082259,0.425446,-0.067097
4600,0,0.380830,0.679401,0.615471,0.917991,0.777057,0.131769,0.694870,0.000000,0.180607,0.713413,-0.035717,0.226762,0.701697,-0.054350,0.258502,0.673624,-0.069013,0.288250,0.651750,-0.083274,0.210331,0.576150,-0.041233,0.227927,0.525786,-0.061749,0.235616,0.489120,-0.077287,0.239871,0.451115,-0.089395,0.179186,0.542270,-0.036457,0.188332,0.474118,-0.055157,0.189881,0.434333,-0.068307,0.188321,0.394020,-0.078565,0.146769,0.529832,-0.034641,0.148919,0.461586,-0.054518,0.145437,0.418145,-0.066424,0.140804,0.374827,-0.074395,0.114124,0.534126,-0.035650,0.104906,0.474839,-0.054955,0.094457,0.439047,-0.064238,0.084432,0.403030,-0.069753
4633,0,0.250796,0.386440,0.409821,0.774368,0.405125,0.126923,0.700020,0.000000,0.176364,0.717471,-0.034838,0.224009,0.704166,-0.053023,0.258723,0.676722,-0.067376,0.291413,0.656367,-0.081241,0.207389,0.576912,-0.038705,0.229773,0.523225,-0.058667,0.241141,0.485413,-0.073647,0.248477,0.447327,-0.085282,0.177817,0.541673,-0.034472,0.192916,0.468331,-0.052396,0.199124,0.424675,-0.065111,0.201214,0.383283,-0.074831,0.146196,0.528377,-0.033305,0.151150,0.454922,-0.052465,0.151177,0.408236,-0.064380,0.150020,0.362977,-0.072183,0.113866,0.532454,-0.034960,0.106436,0.470054,-0.053511,0.099132,0.431319,-0.062394,0.092758,0.392709,-0.067655
4669,0,0.211890,0.288203,0.245944,0.830958,0.333552,0.122093,0.700934,0.000000,0.171380,0.719318,-0.037088,0.219932,0.707096,-0.056898,0.257603,0.681613,-0.072486,0.292779,0.662210,-0.087406,0.205701,0.576749,-0.041416,0.231424,0.521469,-0.062176,0.245617,0.482884,-0.077764,0.255306,0.444530,-0.089658,0.177384,0.540642,-0.036454,0.197171,0.466797,-0.054928,0.206131,0.421702,-0.068088,0.210231,0.380155,-0.077975,0.146105,0.526578,-0.034765,0.154773,0.450646,-0.054083,0.157837,0.402916,-0.066363,0.159569,0.357358,-0.074457,0.113348,0.529687,-0.036067,0.108424,0.465142,-0.054716,0.103496,0.424864,-0.063830,0.099966,0.385570,-0.069354
4697,0,0.119235,0.198005,0.144728,0.821903,0.423552,0.116966,0.700803,0.000000,0.167753,0.720209,-0.037223,0.217460,0.708407,-0.057080,0.256227,0.683375,-0.072666,0.293446,0.665593,-0.087541,0.204611,0.576716,-0.040995,0.233329,0.520223,-0.061421,0.248471,0.480472,-0.076581,0.258922,0.441893,-0.088253,0.177400,0.540039,-0.036013,0.200231,0.465262,-0.054446,0.211067,0.418452,-0.067720,0.216547,0.376128,-0.077648,0.146562,0.525079,-0.034305,0.157470,0.447361,-0.053592,0.162723,0.398898,-0.066190,0.166601,0.353264,-0.074517,0.113591,0.527236,-0.035604,0.109646,0.461854,-0.054340,0.106092,0.420706,-0.063841,0.104249,0.381134,-0.069606
4728,0,0.053094,0.130368,0.123998,0.815630,0.464530,0.115049,0.703252,0.000000,0.166584,0.720450,-0.037419,0.216670,0.707727,-0.057189,0.256544,0.683224,-0.072753,0.294006,0.665689,-0.087562,0.204574,0.575139,-0.040474,0.233547,0.518409,-0.060927,0.248520,0.478664,-0.076204,0.258959,0.439963,-0.087922,0.177495,0.538951,-0.035532,0.201291,0.463710,-0.054205,0.213508,0.416663,-0.067577,0.220591,0.373911,-0.077498,0.146467,0.524529,-0.033986,0.158400,0.446201,-0.053702,0.164200,0.397021,-0.066463,0.169054,0.350985,-0.074766,0.113524,0.527575,-0.035496,0.110096,0.461860,-0.054852,0.107180,0.420089,-0.064629,0.106157,0.379781,-0.070417
4764,0,0.051097,0.064579,0.114806,0.794460,0.491314,0.114110,0.703229,0.000000,0.166151,0.720027,-0.038236,0.216729,0.706462,-0.058199,0.257730,0.682165,-0.073809,0.295842,0.663998,-0.088557,0.203931,0.573499,-0.040717,0.233097,0.515851,-0.061112,0.248684,0.476233,-0.076327,0.259651,0.437842,-0.088053,0.177344,0.537772,-0.035376,0.201176,0.461777,-0.053918,0.214389,0.414569,-0.067227,0.222811,0.371708,-0.077047,0.146383,0.523730,-0.033560,0.158403,0.444791,-0.053127,0.164630,0.395887,-0.065896,0.170083,0.349991,-0.074169,0.113456,0.527159,-0.034890,0.110473,0.461387,-0.054098,0.107729,0.419436,-0.063990,0.107133,0.378964,-0.069889
4817,0,0.031492,0.039473,0.066035,0.777120,0.510889,0.113451,0.703167,0.000000,0.166359,0.719928,-0.038534,0.216797,0.706553,-0.058631,0.257648,0.681707,-0.074398,0.296110,0.663013,-0.089335,0.204264,0.573089,-0.040446,0.233589,0.514977,-0.060796,0.249116,0.474990,-0.076202,0.260266,0.436229,-0.088036,0.177480,0.537265,-0.034962,0.201679,0.460880,-0.053399,0.214833,0.413274,-0.066929,0.223463,0.369956,-0.076924,0.146386,0.523255,-0.033032,0.158220,0.444228,-0.052461,0.163978,0.395244,-0.065197,0.169266,0.349316,-0.073496,0.113353,0.526628,-0.034313,0.110538,0.460718,-0.053327,0.107828,0.418977,-0.063069,0.107170,0.378652,-0.068878
4850,0,0.025629,0.059753,0.064700,0.787846,0.526796,0.113991,0.705655,0.000000,0.166829,0.721633,-0.038694,0.217083,0.707279,-0.058818,0.257463,0.681513,-0.074570,0.295885,0.662733,-0.089528,0.205067,0.573291,-0.040248,0.233636,0.515107,-0.060697,0.248848,0.475005,-0.076160,0.259700,0.436038,-0.088010,0.177889,0.537807,-0.034828,0.201745,0.461374,-0.053471,0.214752,0.414254,-0.066911,0.223165,0.371194,-0.076738,0.146535,0.523941,-0.033040,0.157812,0.444648,-0.052784,0.163147,0.395135,-0.065538,0.167978,0.348401,-0.073739,0.113281,0.527885,-0.034521,0.110572,0.461627,-0.053868,0.107844,0.419363,-0.063695,0.106957,0.378558,-0.069512
4882,0,0.059420,0.059487,0.067061,0.750705,0.489190,0.113853,0.706072,0.000000,0.167317,0.721791,-0.037676,0.217776,0.707137,-0.057017,0.258353,0.681889,-0.072224,0.296511,0.662225,-0.086568,0.205154,0.573149,-0.038287,0.233852,0.514704,-0.058024,0.249052,0.474416,-0.072979,0.259579,0.435833,-0.084483,0.177960,0.538047,-0.033146,0.201788,0.461408,-0.051157,0.214847,0.413606,-0.064423,0.222897,0.370385,-0.074057,0.146393,0.524618,-0.031636,0.157541,0.444952,-0.050869,0.162768,0.395647,-0.063560,0.167451,0.349419,-0.071721,0.113015,0.528583,-0.033272,0.110451,0.462441,-0.052200,0.107659,0.420478,-0.061906,0.106964,0.379785,-0.067622
4917,0,0.045548,0.032723,0.063940,0.790966,0.516093,0.113404,0.708415,0.000000,0.167279,0.723692,-0.037497,0.217629,0.709157,-0.056913,0.258071,0.683289,-0.072250,0.296332,0.663718,-0.086758,0.204912,0.575259,-0.038218,0.234010,0.516271,-0.058140,0.249311,0.476116,-0.073333,0.260235,0.437192,-0.085026,0.177682,0.539861,-0.033328,0.201692,0.462809,-0.051499,0.214692,0.415175,-0.064960,0.222959,0.372038,-0.074777,0.146208,0.526150,-0.032047,0.157226,0.446733,-0.051355,0.162780,0.397178,-0.064130,0.167889,0.350954,-0.072287,0.112957,0.530107,-0.033924,0.110210,0.463566,-0.052907,0.107583,0.421373,-0.062615,0.107034,0.380524,-0.068317
4949,0,0.051997,0.056644,0.066387,0.801146,0.502888,0.112573,0.708449,0.000000,0.165933,0.725099,-0.037688,0.216601,0.711115,-0.057073,0.257670,0.685665,-0.072379,0.296307,0.665820,-0.086710,0.204503,0.576915,-0.038085,0.233921,0.517779,-0.057831,0.249564,0.477412,-0.072812,0.260723,0.438551,-0.084328,0.177319,0.541371,-0.032922,0.201180,0.464364,-0.050756,0.213799,0.416366,-0.064040,0.221761,0.373004,-0.073859,0.146151,0.527180,-0.031388,0.157579,0.448368,-0.050286,0.163158,0.399075,-0.062813,0.168059,0.353041,-0.070935,0.113160,0.530109,-0.033031,0.110355,0.464031,-0.051586,0.107725,0.421998,-0.061080,0.106966,0.381513,-0.066639
4984,0,0.045681,0.070799,0.059461,0.819188,0.525654,0.112563,0.712266,0.000000,0.166679,0.727137,-0.037820,0.216991,0.712454,-0.057200,0.257623,0.686448,-0.072451,0.296088,0.666606,-0.086797,0.204987,0.577452,-0.037421,0.233985,0.518500,-0.056983,0.249192,0.478258,-0.072089,0.260177,0.439423,-0.083754,0.177522,0.542143,-0.032223,0.201453,0.465148,-0.049955,0.214519,0.417381,-0.063286,0.222805,0.374429,-0.073103,0.145942,0.528571,-0.030719,0.157104,0.449088,-0.049702,0.162496,0.399524,-0.062453,0.167418,0.353646,-0.070676,0.112594,0.532442,-0.032458,0.109918,0.466137,-0.051223,0.107237,0.424098,-0.060932,0.106582,0.383567,-0.066655
5017,0,0.059414,0.074356,0.058364,0.854894,0.507500,0.112861,0.711686,0.000000,0.166771,0.727372,-0.038215,0.217065,0.713144,-0.057792,0.257662,0.687019,-0.073252,0.296278,0.667335,-0.087844,0.204777,0.578506,-0.038287,0.233775,0.519561,-0.058262,0.249369,0.479391,-0.073649,0.260737,0.440382,-0.085533,0.177387,0.543118,-0.033014,0.200523,0.466418,-0.051182,0.213171,0.418749,-0.064944,0.221499,0.375169,-0.075130,0.145684,0.529569,-0.031443,0.156434,0.450915,-0.050821,0.161503,0.401313,-0.063860,0.166205,0.354667,-0.072349,0.112193,0.533701,-0.033104,0.109107,0.468059,-0.052194,0.106135,0.426095,-0.062199,0.105195,0.385100,-0.068123
5065,0,0.025754,0.028913,0.040968,0.862341,0.520069,0.112565,0.713330,0.000000,0.166872,0.728626,-0.038389,0.217269,0.713740,-0.058036,0.257952,0.687615,-0.073485,0.296753,0.667667,-0.088067,0.204782,0.579198,-0.038425,0.233456,0.519900,-0.058325,0.248976,0.479331,-0.073594,0.260183,0.440127,-0.085389,0.177105,0.544059,-0.033070,0.200230,0.466838,-0.051161,0.212907,0.418825,-0.064693,0.221173,0.375109,-0.074679,0.145352,0.530796,-0.031406,0.155812,0.451599,-0.050763,0.160997,0.402057,-0.063680,0.165735,0.355509,-0.072038,0.111749,0.535035,-0.033016,0.108495,0.468962,-0.052174,0.105390,0.426817,-0.062124,0.104369,0.385852,-0.068022
5113,0,0.058750,0.070339,0.081968,0.836376,0.494477,0.112571,0.714972,0.000000,0.167267,0.729325,-0.037375,0.217902,0.714037,-0.056498,0.258890,0.687218,-0.071556,0.296966,0.665887,-0.085708,0.205198,0.579265,-0.036794,0.234052,0.520029,-0.056062,0.249391,0.479798,-0.070976,0.260200,0.440801,-0.082515,0.177354,0.544209,-0.031750,0.200623,0.467353,-0.049168,0.213004,0.419244,-0.062449,0.220564,0.375479,-0.072246,0.145551,0.530824,-0.030372,0.155906,0.452211,-0.049059,0.160873,0.402999,-0.061578,0.165288,0.356892,-0.069742,0.112061,0.535274,-0.032204,0.108366,0.469632,-0.050728,0.104949,0.427712,-0.060235,0.103648,0.387077,-0.065823
5144,0,0.081742,0.078330,0.075583,0.894491,0.473343,0.114974,0.714994,0.000000,0.169806,0.728877,-0.037814,0.220005,0.712715,-0.057194,0.261455,0.685318,-0.072465,0.300367,0.662462,-0.086827,0.206787,0.579783,-0.037778,0.235453,0.520066,-0.057594,0.250841,0.479504,-0.072792,0.261974,0.440473,-0.084428,0.178726,0.545009,-0.032724,0.202394,0.467384,-0.050467,0.214885,0.418730,-0.063921,0.222785,0.374515,-0.073956,0.146468,0.532304,-0.031342,0.156354,0.453775,-0.050249,0.160990,0.404792,-0.062939,0.165340,0.358927,-0.071265,0.112236,0.537262,-0.033197,0.107957,0.472219,-0.051922,0.104466,0.430397,-0.061630,0.103334,0.389582,-0.067448
5182,0,0.061895,0.072547,0.032170,0.895970,0.430705,0.117575,0.715683,0.000000,0.172867,0.728706,-0.037185,0.222772,0.711879,-0.056161,0.264169,0.683696,-0.071159,0.302356,0.660498,-0.085317,0.208498,0.578895,-0.036911,0.237100,0.519335,-0.056416,0.252472,0.479015,-0.071487,0.263450,0.439910,-0.083055,0.180050,0.544594,-0.032021,0.203206,0.467020,-0.049446,0.215537,0.418527,-0.062729,0.223095,0.374308,-0.072582,0.147420,0.532259,-0.030817,0.156740,0.453867,-0.049264,0.161291,0.405165,-0.061707,0.165541,0.359315,-0.069881,0.113238,0.537736,-0.032806,0.108233,0.473213,-0.051052,0.104522,0.431749,-0.060394,0.103210,0.391038,-0.065977
5215,0,0.050351,0.044114,0.066274,0.895779,0.407892,0.118137,0.714058,0.000000,0.173985,0.727556,-0.037457,0.224814,0.710931,-0.056332,0.266076,0.682076,-0.071184,0.304477,0.658821,-0.085157,0.209778,0.577912,-0.036634,0.238691,0.518277,-0.056076,0.253923,0.477566,-0.071147,0.264737,0.438208,-0.082670,0.180823,0.543668,-0.031513,0.204131,0.466755,-0.048907,0.216249,0.418245,-0.062222,0.223410,0.374301,-0.072171,0.148171,0.531711,-0.030087,0.157552,0.454320,-0.048504,0.161950,0.405855,-0.060905,0.165990,0.360288,-0.069062,0.113900,0.537143,-0.031934,0.109086,0.473201,-0.050114,0.105341,0.432076,-0.059405,0.103692,0.391637,-0.064929
5248,0,0.062002,0.053430,0.034548,0.898743,0.409717,0.119881,0.714863,0.000000,0.175346,0.727306,-0.036884,0.226183,0.710059,-0.055418,0.267458,0.681191,-0.070024,0.305636,0.657786,-0.083750,0.211867,0.576941,-0.035820,0.240741,0.516705,-0.054940,0.255989,0.476012,-0.069731,0.266747,0.436792,-0.081108,0.182763,0.543198,-0.030957,0.205855,0.465808,-0.048004,0.217846,0.417344,-0.061106,0.224874,0.373713,-0.070905,0.149725,0.531517,-0.029782,0.158951,0.453992,-0.047931,0.163142,0.405320,-0.060262,0.166914,0.359520,-0.068409,0.115220,0.537413,-0.031838,0.110373,0.473269,-0.049839,0.106320,0.432058,-0.059124,0.104420,0.391408,-0.064593
5283,0,0.042174,0.054652,0.047561,0.922596,0.418969,0.119848,0.713435,0.000000,0.175862,0.726800,-0.036961,0.227307,0.709565,-0.055496,0.268769,0.680484,-0.070112,0.307306,0.657143,-0.083739,0.212787,0.576742,-0.036027,0.242237,0.517018,-0.055240,0.257543,0.476285,-0.070112,0.268396,0.436965,-0.081541,0.183783,0.542524,-0.031082,0.207380,0.465835,-0.048243,0.219395,0.417774,-0.061467,0.226623,0.374134,-0.071394,0.150838,0.530477,-0.029818,0.160437,0.453418,-0.047987,0.164983,0.405383,-0.060295,0.169113,0.359866,-0.068464,0.116355,0.536259,-0.031778,0.111460,0.472635,-0.049855,0.107657,0.431549,-0.059123,0.106110,0.390910,-0.064617
5317,0,0.069439,0.052231,0.050737,0.903180,0.409215,0.120265,0.712918,0.000000,0.176504,0.725997,-0.035957,0.228674,0.708176,-0.053457,0.270584,0.678487,-0.067170,0.308201,0.655919,-0.080002,0.213906,0.576098,-0.034541,0.243116,0.516001,-0.053273,0.258348,0.475293,-0.067759,0.269047,0.436444,-0.078825,0.184805,0.542331,-0.029909,0.208305,0.465000,-0.046545,0.220415,0.416551,-0.059413,0.227649,0.372938,-0.068972,0.151817,0.530210,-0.028934,0.161479,0.452838,-0.046766,0.165802,0.404397,-0.059008,0.169823,0.358829,-0.067097,0.117170,0.535965,-0.031140,0.112459,0.472263,-0.049045,0.108383,0.431155,-0.058310,0.106567,0.390522,-0.063788
5350,0,0.038046,0.036532,0.062395,0.897822,0.413875,0.121047,0.713040,0.000000,0.177163,0.725635,-0.036331,0.229297,0.707941,-0.054128,0.270872,0.678427,-0.068130,0.308497,0.655045,-0.081211,0.214575,0.574704,-0.034489,0.243894,0.514363,-0.052986,0.259109,0.473794,-0.067283,0.269775,0.435060,-0.078263,0.185411,0.541321,-0.029625,0.208849,0.464234,-0.046022,0.221094,0.415889,-0.058808,0.228239,0.372184,-0.068351,0.152544,0.529613,-0.028483,0.161641,0.452256,-0.046059,0.165503,0.403653,-0.058403,0.169131,0.357895,-0.066583,0.118011,0.535319,-0.030546,0.112652,0.472279,-0.048196,0.108385,0.431369,-0.057518,0.106485,0.391194,-0.063045
5383,0,0.065697,0.043901,0.032211,0.899891,0.428037,0.121952,0.711927,0.000000,0.178268,0.723684,-0.035583,0.231048,0.705903,-0.052832,0.272719,0.676358,-0.066417,0.310196,0.652956,-0.079082,0.215135,0.573333,-0.033356,0.244370,0.513325,-0.051469,0.259674,0.472860,-0.065607,0.270411,0.434320,-0.076431,0.185801,0.540046,-0.028717,0.209171,0.462843,-0.044842,0.221224,0.414269,-0.057544,0.228458,0.370358,-0.067006,0.152879,0.528293,-0.027723,0.161867,0.450677,-0.045100,0.165752,0.402380,-0.057323,0.169437,0.357031,-0.065386,0.118232,0.534227,-0.029858,0.112761,0.471127,-0.047346,0.108493,0.430342,-0.056550,0.106804,0.390072,-0.061962
5416,0,0.044695,0.025563,0.086718,0.883979,0.430696,0.122392,0.711419,0.000000,0.179430,0.723245,-0.036048,0.232201,0.704984,-0.053416,0.273251,0.674248,-0.067029,0.310841,0.651262,-0.079680,0.216065,0.572356,-0.033699,0.245330,0.512135,-0.052047,0.260465,0.471404,-0.066252,0.271201,0.432841,-0.077164,0.186397,0.538980,-0.028890,0.210040,0.461371,-0.045241,0.221939,0.412720,-0.057966,0.229048,0.369024,-0.067436,0.153392,0.527400,-0.027818,0.162477,0.450080,-0.045500,0.166407,0.401818,-0.057744,0.170066,0.356730,-0.065771,0.118649,0.533389,-0.029908,0.113247,0.470368,-0.047645,0.109007,0.429340,-0.056893,0.107148,0.389205,-0.062331
5449,0,0.095066,0.094930,0.070513,0.909633,0.486101,0.123785,0.711160,0.000000,0.180928,0.721713,-0.034448,0.233922,0.702657,-0.050878,0.275059,0.671569,-0.063874,0.312002,0.648070,-0.075911,0.216570,0.570128,-0.031106,0.245948,0.509959,-0.048589,0.260902,0.469379,-0.062434,0.271307,0.430679,-0.073179,0.186960,0.537511,-0.026916,0.210306,0.460406,-0.042608,0.222324,0.411499,-0.055382,0.229243,0.367323,-0.064908,0.153808,0.526155,-0.026362,0.162782,0.448912,-0.043420,0.166661,0.400530,-0.055715,0.170136,0.355141,-0.063837,0.118972,0.532191,-0.028873,0.113484,0.469218,-0.046041,0.109206,0.428231,-0.055161,0.107515,0.387925,-0.060551
5482,0,0.065365,0.030965,0.040815,0.896222,0.508960,0.124104,0.709737,0.000000,0.181933,0.719982,-0.034279,0.235409,0.700270,-0.050438,0.276932,0.668648,-0.063159,0.313510,0.644681,-0.074955,0.216997,0.568172,-0.030433,0.246234,0.508060,-0.047813,0.261340,0.467593,-0.061680,0.271930,0.428992,-0.072477,0.187497,0.535570,-0.026310,0.210950,0.458282,-0.041896,0.222848,0.409371,-0.054617,0.229777,0.365328,-0.064083,0.154484,0.524585,-0.025848,0.163436,0.446906,-0.042969,0.167240,0.398828,-0.055209,0.170765,0.353644,-0.063307,0.119846,0.530827,-0.028473,0.114039,0.467894,-0.045705,0.109432,0.427037,-0.054802,0.107313,0.386762,-0.060164
5514,0,0.057410,0.045569,0.057422,0.886318,0.521777,0.125467,0.709039,0.000000,0.183898,0.718214,-0.034314,0.237231,0.697905,-0.050340,0.278467,0.665217,-0.062953,0.315383,0.641335,-0.074675,0.217902,0.566371,-0.029955,0.247039,0.505943,-0.047335,0.262020,0.465145,-0.061283,0.272468,0.426216,-0.072115,0.188162,0.534429,-0.025782,0.211343,0.456839,-0.041400,0.223135,0.407850,-0.054235,0.230046,0.363458,-0.063806,0.155101,0.523602,-0.025281,0.163471,0.446321,-0.042364,0.167090,0.397951,-0.054680,0.170400,0.352202,-0.062841,0.120298,0.529987,-0.027896,0.114282,0.467417,-0.045072,0.109779,0.426497,-0.054198,0.107720,0.386127,-0.059577
5541,0,0.051152,0.026293,0.048157,0.888071,0.546099,0.126032,0.708291,0.000000,0.184570,0.717811,-0.034048,0.238518,0.696553,-0.049784,0.280063,0.663017,-0.062054,0.316640,0.638745,-0.073472,0.218665,0.565257,-0.029915,0.247905,0.504728,-0.047078,0.262947,0.463918,-0.060794,0.273389,0.425222,-0.071433,0.188920,0.533271,-0.025763,0.212245,0.455704,-0.041036,0.223986,0.406593,-0.053565,0.230606,0.362468,-0.062907,0.155678,0.522411,-0.025263,0.164149,0.445050,-0.042000,0.167994,0.396967,-0.054084,0.171357,0.351826,-0.062091,0.120766,0.528764,-0.027858,0.114709,0.466069,-0.044706,0.110201,0.425316,-0.053602,0.108034,0.385380,-0.058866
5576,0,0.039635,0.030427,0.042969,0.899568,0.563993,0.127046,0.708138,0.000000,0.185897,0.717052,-0.033725,0.239504,0.695015,-0.049221,0.281095,0.661642,-0.061349,0.317434,0.637571,-0.072622,0.219746,0.564234,-0.029261,0.248771,0.503277,-0.046393,0.263734,0.462320,-0.060122,0.274163,0.423627,-0.070725,0.189737,0.532559,-0.025224,0.212775,0.455001,-0.040515,0.224429,0.406068,-0.052978,0.230891,0.362283,-0.062279,0.156270,0.521946,-0.024871,0.164882,0.444729,-0.041594,0.168503,0.396759,-0.053536,0.171537,0.352027,-0.061386,0.121182,0.528820,-0.027587,0.115210,0.465967,-0.044459,0.110687,0.425244,-0.053276,0.108407,0.385271,-0.058410
5610,0,0.023741,0.038825,0.038915,0.900133,0.554620,0.126663,0.707200,0.000000,0.185727,0.716761,-0.034306,0.239490,0.695401,-0.050055,0.280948,0.662046,-0.062327,0.317862,0.637568,-0.073670,0.219968,0.564166,-0.029806,0.249127,0.502778,-0.046857,0.263845,0.461508,-0.060468,0.274114,0.422656,-0.070955,0.190015,0.532320,-0.025400,0.213056,0.454644,-0.040535,0.224745,0.405690,-0.052882,0.231216,0.362007,-0.062141,0.156594,0.521681,-0.024712,0.165326,0.444818,-0.041279,0.169202,0.396992,-0.053216,0.172470,0.352299,-0.061137,0.121530,0.528314,-0.027147,0.115661,0.466179,-0.043994,0.111278,0.425627,-0.052919,0.109138,0.385816,-0.058162
5644,0,0.048809,0.044860,0.063170,0.883142,0.519226,0.127166,0.707908,0.000000,0.185617,0.717221,-0.034788,0.239014,0.696016,-0.051141,0.280595,0.663006,-0.063963,0.317643,0.637981,-0.075893,0.220134,0.564566,-0.031034,0.249122,0.503518,-0.048613,0.264012,0.462388,-0.062588,0.274234,0.423500,-0.073329,0.190128,0.532719,-0.026611,0.213446,0.455413,-0.042184,0.225184,0.406653,-0.054746,0.231591,0.363013,-0.064149,0.156777,0.522179,-0.025923,0.165522,0.445221,-0.042816,0.169047,0.397176,-0.054783,0.171950,0.352257,-0.062699,0.121654,0.529031,-0.028358,0.115850,0.466747,-0.045380,0.111647,0.426008,-0.054337,0.109629,0.385993,-0.059652
5673,0,0.034434,0.058360,0.096828,0.904214,0.539829,0.126317,0.706984,0.000000,0.185391,0.716885,-0.034812,0.239248,0.695939,-0.050902,0.280225,0.662572,-0.063433,0.317448,0.638027,-0.075074,0.220015,0.564115,-0.029955,0.249115,0.503315,-0.047120,0.263930,0.462088,-0.060949,0.274066,0.423186,-0.071663,0.190120,0.532535,-0.025358,0.213475,0.455327,-0.040670,0.225207,0.406288,-0.053349,0.231887,0.362763,-0.062839,0.156881,0.522009,-0.024524,0.165807,0.445276,-0.041300,0.169509,0.397263,-0.053571,0.172599,0.352724,-0.061690,0.121807,0.528770,-0.026823,0.115988,0.466911,-0.043895,0.111601,0.426397,-0.053052,0.109394,0.386598,-0.058465
5706,0,0.025494,0.027631,0.060399,0.899380,0.558795,0.125853,0.707695,0.000000,0.184909,0.716785,-0.034105,0.238917,0.696077,-0.049807,0.279965,0.662560,-0.062101,0.316422,0.637824,-0.073543,0.219541,0.564375,-0.029699,0.248867,0.502995,-0.046770,0.263692,0.461741,-0.060397,0.273912,0.422908,-0.070951,0.189316,0.532911,-0.025403,0.212617,0.455375,-0.040623,0.224590,0.406501,-0.053288,0.231461,0.363159,-0.062693,0.155906,0.522447,-0.024755,0.164952,0.445179,-0.041438,0.168791,0.396833,-0.053658,0.172161,0.352233,-0.061731,0.121051,0.529370,-0.027162,0.115399,0.467071,-0.044178,0.111332,0.426282,-0.053362,0.109599,0.386507,-0.058694
5746,0,0.030324,0.035676,0.024687,0.903426,0.572330,0.125911,0.708210,0.000000,0.185007,0.717089,-0.033581,0.238462,0.696181,-0.049158,0.279192,0.662506,-0.061420,0.315665,0.637487,-0.072793,0.219340,0.564144,-0.028913,0.248129,0.503063,-0.045750,0.262559,0.462238,-0.059382,0.272493,0.423567,-0.069940,0.189198,0.532707,-0.024838,0.212406,0.455623,-0.039860,0.224178,0.406971,-0.052455,0.230937,0.363660,-0.061827,0.155648,0.522290,-0.024394,0.164647,0.445031,-0.040860,0.168230,0.396725,-0.053011,0.171325,0.352063,-0.061012,0.120582,0.529202,-0.026987,0.114906,0.466794,-0.043750,0.110755,0.426004,-0.052751,0.108941,0.386399,-0.058012
5773,0,0.042493,0.042582,0.052092,0.866874,0.540281,0.124858,0.707260,0.000000,0.184302,0.716508,-0.034152,0.238042,0.695691,-0.049999,0.278674,0.661763,-0.062424,0.315186,0.636915,-0.073999,0.218593,0.564455,-0.029788,0.247084,0.503290,-0.047003,0.261393,0.462474,-0.060834,0.271110,0.423406,-0.071522,0.188533,0.532914,-0.025535,0.211679,0.455793,-0.040938,0.223343,0.407105,-0.053660,0.229945,0.363240,-0.063127,0.155014,0.522301,-0.024925,0.163923,0.445207,-0.041715,0.167521,0.397320,-0.053845,0.170614,0.352968,-0.061833,0.119968,0.528784,-0.027403,0.114261,0.466399,-0.044303,0.110022,0.425873,-0.053290,0.108013,0.386274,-0.058504
5802,0,0.031977,0.062814,0.046317,0.870639,0.571142,0.125369,0.708514,0.000000,0.184539,0.717256,-0.033996,0.238109,0.695500,-0.049439,0.278659,0.661092,-0.061437,0.315103,0.636314,-0.072621,0.218387,0.564168,-0.029089,0.246618,0.503112,-0.046069,0.260862,0.462266,-0.059808,0.270581,0.423281,-0.070473,0.188035,0.532666,-0.024812,0.211025,0.455455,-0.040032,0.222809,0.406638,-0.052698,0.229520,0.362933,-0.062141,0.154510,0.522168,-0.024238,0.163403,0.444817,-0.041032,0.166894,0.396607,-0.053327,0.169840,0.352180,-0.061363,0.119287,0.529061,-0.026701,0.113860,0.466411,-0.043736,0.109662,0.425731,-0.052846,0.107640,0.386135,-0.058178
5835,0,0.025112,0.021694,0.027036,0.850811,0.557349,0.125042,0.707593,0.000000,0.183845,0.716782,-0.033964,0.237585,0.695383,-0.049634,0.278028,0.661382,-0.061903,0.314332,0.636623,-0.073249,0.218138,0.563915,-0.029141,0.246414,0.502976,-0.046049,0.260687,0.462173,-0.059686,0.270273,0.423427,-0.070293,0.187992,0.532216,-0.024909,0.210763,0.454943,-0.040062,0.222154,0.406150,-0.052590,0.228463,0.362314,-0.061903,0.154405,0.521595,-0.024392,0.162843,0.444363,-0.041060,0.166043,0.396420,-0.053071,0.168904,0.351586,-0.060943,0.119190,0.528140,-0.026923,0.113174,0.465585,-0.043757,0.108595,0.425149,-0.052664,0.106400,0.385200,-0.057838
5864,0,0.029801,0.033769,0.041546,0.833526,0.529207,0.124948,0.707193,0.000000,0.183571,0.716396,-0.034647,0.236963,0.695127,-0.050729,0.277474,0.661455,-0.063328,0.313812,0.636328,-0.074964,0.218138,0.563521,-0.029922,0.246342,0.502872,-0.047209,0.260678,0.462150,-0.061179,0.270495,0.423331,-0.071999,0.188081,0.532060,-0.025494,0.210900,0.454730,-0.040910,0.222202,0.406061,-0.053657,0.228200,0.362170,-0.063143,0.154693,0.521648,-0.024827,0.163038,0.444949,-0.041688,0.166312,0.396960,-0.053842,0.169000,0.352021,-0.061846,0.119320,0.528235,-0.027292,0.113675,0.466019,-0.044245,0.109161,0.425637,-0.053212,0.106825,0.385790,-0.058474
5897,0,0.027592,0.027707,0.056151,0.837424,0.541301,0.124347,0.706715,0.000000,0.183435,0.716507,-0.033975,0.236933,0.695322,-0.049653,0.277145,0.660919,-0.061974,0.313510,0.635572,-0.073373,0.217848,0.563915,-0.029161,0.245951,0.502695,-0.046296,0.260094,0.461983,-0.060130,0.269735,0.423154,-0.070791,0.187704,0.532172,-0.024974,0.210420,0.454825,-0.040357,0.221896,0.405979,-0.053121,0.228216,0.361874,-0.062564,0.154162,0.521515,-0.024476,0.162521,0.444620,-0.041316,0.165847,0.396855,-0.053416,0.168668,0.352440,-0.061310,0.118938,0.527984,-0.027040,0.113298,0.465613,-0.043898,0.109176,0.425081,-0.052789,0.107172,0.385580,-0.057953
5951,0,0.017143,0.046024,0.094615,0.828802,0.547668,0.125188,0.707633,0.000000,0.183450,0.716385,-0.033816,0.236500,0.694677,-0.049580,0.277132,0.660955,-0.061984,0.313364,0.635581,-0.073502,0.218092,0.563380,-0.029515,0.246236,0.502498,-0.046627,0.260234,0.461738,-0.060434,0.269778,0.423056,-0.071066,0.187833,0.531928,-0.025454,0.210564,0.454324,-0.040720,0.221857,0.405555,-0.053346,0.228102,0.361900,-0.062686,0.154077,0.521355,-0.025048,0.162703,0.444149,-0.041680,0.166127,0.396008,-0.053715,0.168960,0.351429,-0.061615,0.118763,0.528195,-0.027688,0.113350,0.465474,-0.044412,0.109201,0.425003,-0.053198,0.107329,0.385499,-0.058329
5979,0,0.036969,0.066431,0.066640,0.795676,0.504812,0.124037,0.705897,0.000000,0.183189,0.715720,-0.034555,0.236332,0.694790,-0.050654,0.276585,0.661018,-0.063253,0.313073,0.635470,-0.074967,0.217488,0.563602,-0.030503,0.245545,0.502424,-0.047964,0.259600,0.461465,-0.061963,0.269166,0.422416,-0.072794,0.187425,0.531669,-0.026100,0.210207,0.454699,-0.041702,0.221518,0.405776,-0.054522,0.227697,0.361622,-0.064026,0.153943,0.521099,-0.025382,0.162228,0.444393,-0.042365,0.165587,0.396458,-0.054595,0.168267,0.351664,-0.062663,0.118579,0.527647,-0.027758,0.113038,0.465251,-0.044870,0.108618,0.424874,-0.053969,0.106423,0.385405,-0.059274
6011,0,0.011862,0.014213,0.035147,0.794922,0.505763,0.124355,0.706107,0.000000,0.182706,0.716066,-0.034583,0.236079,0.695001,-0.050675,0.276728,0.661345,-0.063224,0.313236,0.636027,-0.074887,0.217622,0.563781,-0.030763,0.245805,0.502250,-0.048202,0.259779,0.461309,-0.062043,0.269138,0.422159,-0.072746,0.187447,0.531800,-0.026352,0.210128,0.454179,-0.041891,0.221510,0.405297,-0.054587,0.227774,0.361344,-0.063999,0.153918,0.520970,-0.025596,0.162446,0.443866,-0.042481,0.165882,0.395813,-0.054587,0.168723,0.351144,-0.062522,0.118766,0.527686,-0.027921,0.113089,0.465292,-0.044991,0.108815,0.424896,-0.053960,0.106764,0.385437,-0.059201