t,missing,delta_l1,delta_l1_wrist,delta_angles,delta_base_l1,delta_base_l1_wrist,x0,y0,z0,x1,y1,z1,x2,y2,z2,x3,y3,z3,x4,y4,z4,x5,y5,z5,x6,y6,z6,x7,y7,z7,x8,y8,z8,x9,y9,z9,x10,y10,z10,x11,y11,z11,x12,y12,z12,x13,y13,z13,x14,y14,z14,x15,y15,z15,x16,y16,z16,x17,y17,z17,x18,y18,z18,x19,y19,z19,x20,y20,z20
33,0,,,,0.000000,0.000000,0.173040,0.742256,0.000000,0.242226,0.731543,-0.025371,0.304572,0.689193,-0.034345,0.346349,0.638896,-0.041647,0.381375,0.600323,-0.048336,0.276824,0.567018,-0.012686,0.310492,0.496411,-0.027003,0.326275,0.450629,-0.040158,0.337954,0.409096,-0.050009,0.242257,0.542752,-0.012125,0.267855,0.457438,-0.024433,0.280150,0.403975,-0.037241,0.287539,0.359067,-0.046664,0.206596,0.536657,-0.015286,0.220567,0.454417,-0.028696,0.230379,0.404298,-0.038404,0.239142,0.361217,-0.044828,0.168371,0.544730,-0.021190,0.175598,0.478068,-0.034406,0.181595,0.435459,-0.039852,0.188995,0.396428,-0.042585
59,0,0.033262,0.048872,0.067422,0.033262,0.048872,0.171602,0.741505,0.000000,0.241538,0.731656,-0.025649,0.304157,0.689914,-0.034531,0.345504,0.639027,-0.041682,0.380585,0.600154,-0.048242,0.276481,0.566804,-0.012315,0.310206,0.496710,-0.026423,0.325742,0.450739,-0.039543,0.336973,0.408788,-0.049465,0.241825,0.542518,-0.011490,0.267368,0.458055,-0.023673,0.279626,0.404641,-0.036650,0.287153,0.359305,-0.046286,0.206137,0.536227,-0.014403,0.220361,0.454835,-0.027849,0.229882,0.405082,-0.037710,0.238560,0.362199,-0.044290,0.167840,0.544248,-0.020077,0.174806,0.478282,-0.033472,0.180898,0.435984,-0.039115,0.188307,0.397301,-0.042008
92,0,0.039773,0.061922,0.059036,0.064050,0.039925,0.171912,0.743396,0.000000,0.240773,0.732038,-0.025243,0.303084,0.689561,-0.034043,0.344060,0.639018,-0.041197,0.379251,0.600548,-0.047721,0.275163,0.567065,-0.011788,0.308686,0.497137,-0.025873,0.324240,0.451494,-0.039124,0.335536,0.409668,-0.049103,0.240714,0.542918,-0.011229,0.266265,0.458658,-0.023068,0.278759,0.405480,-0.035872,0.286687,0.360586,-0.045404,0.205092,0.536871,-0.014430,0.219912,0.455173,-0.027580,0.229709,0.405079,-0.037397,0.238486,0.361835,-0.043982,0.166734,0.544847,-0.020375,0.173894,0.479025,-0.033515,0.180122,0.436650,-0.039023,0.187558,0.397934,-0.041868
127,0,0.033775,0.047582,0.058087,0.087573,0.043679,0.170241,0.742128,0.000000,0.239612,0.731975,-0.025339,0.302143,0.689593,-0.034009,0.343574,0.638505,-0.040990,0.378328,0.599937,-0.047340,0.274862,0.567437,-0.012151,0.308268,0.497373,-0.026255,0.323811,0.451272,-0.039301,0.335074,0.409601,-0.049091,0.239923,0.543230,-0.011387,0.265219,0.458544,-0.023528,0.277179,0.405426,-0.036309,0.284435,0.360833,-0.045712,0.204360,0.536839,-0.014359,0.218302,0.455444,-0.027619,0.227742,0.405837,-0.037266,0.236451,0.363249,-0.043677,0.166119,0.544688,-0.020088,0.173271,0.478809,-0.033175,0.179391,0.436433,-0.038670,0.186784,0.397817,-0.041479
155,0,0.037186,0.025119,0.070058,0.118919,0.056112,0.169714,0.742330,0.000000,0.238624,0.732391,-0.025664,0.300930,0.690998,-0.034435,0.341999,0.639752,-0.041501,0.376315,0.600144,-0.047876,0.273559,0.567455,-0.011939,0.307276,0.497716,-0.025948,0.322817,0.451836,-0.039085,0.333966,0.409786,-0.048932,0.239158,0.543285,-0.011035,0.264651,0.459105,-0.022923,0.276687,0.405718,-0.035694,0.283968,0.360394,-0.045155,0.203556,0.536969,-0.013908,0.217875,0.455858,-0.027004,0.227462,0.406098,-0.036608,0.235980,0.362951,-0.043003,0.165480,0.544819,-0.019583,0.172640,0.479503,-0.032567,0.178906,0.437421,-0.037887,0.186444,0.399026,-0.040546
187,0,0.052435,0.031924,0.052492,0.139229,0.040947,0.168740,0.743017,0.000000,0.237318,0.732331,-0.025515,0.299705,0.690156,-0.034439,0.341051,0.639286,-0.041660,0.375438,0.599914,-0.048272,0.272219,0.568224,-0.012382,0.305361,0.497998,-0.026691,0.320568,0.451969,-0.040078,0.331539,0.409776,-0.050056,0.237812,0.544190,-0.011662,0.263354,0.459779,-0.023690,0.275632,0.406632,-0.036528,0.283293,0.361629,-0.046041,0.202292,0.537839,-0.014694,0.216677,0.456530,-0.027847,0.226599,0.406779,-0.037502,0.235265,0.363799,-0.043972,0.164153,0.545729,-0.020515,0.171638,0.479596,-0.033526,0.177818,0.437344,-0.038921,0.185134,0.398970,-0.041619
222,0,0.046222,0.037047,0.061363,0.167036,0.065650,0.168325,0.742909,0.000000,0.236274,0.732100,-0.025461,0.298108,0.689517,-0.034502,0.339082,0.638593,-0.041841,0.373748,0.599004,-0.048611,0.271513,0.566439,-0.012214,0.303040,0.495992,-0.026495,0.317293,0.450446,-0.039854,0.328041,0.408720,-0.049828,0.237101,0.542878,-0.011535,0.262078,0.459321,-0.023475,0.274416,0.407023,-0.036225,0.282453,0.362826,-0.045692,0.201488,0.537306,-0.014667,0.215898,0.456856,-0.027772,0.225471,0.407505,-0.037462,0.234322,0.365063,-0.043949,0.163385,0.545660,-0.020576,0.171024,0.479886,-0.033570,0.177212,0.437874,-0.039043,0.184560,0.399269,-0.041881
252,0,0.067296,0.051528,0.086399,0.229153,0.105116,0.165880,0.741540,0.000000,0.233890,0.730832,-0.025895,0.295912,0.687772,-0.034851,0.336352,0.636047,-0.042105,0.370884,0.596291,-0.048751,0.270353,0.564999,-0.011884,0.301012,0.494208,-0.026159,0.315003,0.448533,-0.039613,0.325567,0.406927,-0.049723,0.236012,0.542092,-0.010972,0.260625,0.459141,-0.023119,0.272745,0.406958,-0.036249,0.280943,0.363116,-0.046036,0.200579,0.537016,-0.013940,0.214929,0.457216,-0.027334,0.224482,0.408684,-0.037282,0.233361,0.366983,-0.043969,0.162347,0.545654,-0.019746,0.169800,0.480643,-0.032987,0.175870,0.439197,-0.038721,0.183166,0.400994,-0.041740
284,0,0.068379,0.077185,0.086039,0.291173,0.155778,0.166228,0.742297,0.000000,0.232895,0.731588,-0.025908,0.293671,0.687672,-0.034786,0.333609,0.635456,-0.041865,0.368093,0.595259,-0.048215,0.269833,0.564425,-0.011053,0.300316,0.493755,-0.024654,0.313564,0.447970,-0.037780,0.323274,0.406052,-0.047771,0.235485,0.541782,-0.009910,0.260024,0.459676,-0.021256,0.271536,0.407525,-0.034058,0.278816,0.363581,-0.043685,0.200041,0.536612,-0.012640,0.214549,0.457680,-0.025382,0.224209,0.409896,-0.035049,0.233062,0.368771,-0.041582,0.161774,0.545327,-0.018212,0.169067,0.480926,-0.030944,0.175234,0.440290,-0.036364,0.182662,0.402943,-0.039175
317,0,0.073796,0.057304,0.074962,0.360157,0.203193,0.165204,0.742190,0.000000,0.232451,0.731293,-0.025358,0.293292,0.687444,-0.033865,0.332567,0.635063,-0.040614,0.365975,0.593678,-0.046635,0.268346,0.564250,-0.010123,0.298600,0.493660,-0.023176,0.311362,0.448031,-0.036007,0.320790,0.406602,-0.045746,0.234378,0.542250,-0.008951,0.258803,0.460208,-0.019792,0.270059,0.408305,-0.032390,0.277076,0.364797,-0.041907,0.199119,0.537726,-0.011628,0.213540,0.458951,-0.023903,0.222949,0.411892,-0.033501,0.231271,0.371580,-0.040088,0.160928,0.546413,-0.017064,0.168337,0.482297,-0.029460,0.174514,0.441787,-0.034814,0.181624,0.404717,-0.037623
370,0,0.045121,0.039317,0.077112,0.378294,0.206501,0.164789,0.742082,0.000000,0.232343,0.730769,-0.026148,0.293198,0.688278,-0.035180,0.332112,0.636044,-0.042377,0.365568,0.594458,-0.048748,0.267575,0.564294,-0.010604,0.297782,0.493878,-0.024031,0.310268,0.448290,-0.037196,0.319420,0.406506,-0.047135,0.233806,0.542399,-0.009173,0.258333,0.461396,-0.020241,0.269290,0.409624,-0.033103,0.275947,0.365614,-0.042821,0.198456,0.537949,-0.011663,0.212766,0.460054,-0.024092,0.221880,0.413115,-0.033769,0.229988,0.372673,-0.040381,0.160060,0.546605,-0.016995,0.167314,0.483489,-0.029434,0.173435,0.443229,-0.034736,0.180426,0.406365,-0.037519
398,0,0.034724,0.026518,0.049299,0.405163,0.227945,0.164535,0.742832,0.000000,0.231484,0.732039,-0.026950,0.292187,0.689338,-0.036168,0.331369,0.636791,-0.043337,0.364709,0.594410,-0.049603,0.267600,0.564603,-0.010674,0.297407,0.493900,-0.023958,0.309694,0.448020,-0.037132,0.318723,0.406161,-0.047072,0.233716,0.542683,-0.008811,0.258045,0.462124,-0.019711,0.269010,0.410310,-0.032593,0.275615,0.366464,-0.042293,0.198385,0.538215,-0.010965,0.212600,0.460991,-0.023215,0.221561,0.414074,-0.032955,0.229634,0.373321,-0.039642,0.160205,0.547107,-0.016066,0.167626,0.484373,-0.028416,0.173586,0.444382,-0.033758,0.180354,0.407545,-0.036529
431,0,0.032544,0.043506,0.046787,0.406959,0.239993,0.165328,0.743100,0.000000,0.231580,0.731889,-0.026508,0.291947,0.689369,-0.035766,0.331261,0.637289,-0.043056,0.364553,0.595071,-0.049522,0.267394,0.565394,-0.011075,0.296855,0.494098,-0.024540,0.309148,0.448222,-0.037674,0.317951,0.406220,-0.047554,0.233514,0.543465,-0.009464,0.257614,0.462385,-0.020554,0.268505,0.410806,-0.033376,0.275089,0.367040,-0.043016,0.198183,0.538988,-0.011768,0.211944,0.461477,-0.024078,0.220974,0.414791,-0.033677,0.228971,0.374273,-0.040264,0.160002,0.547869,-0.016969,0.167378,0.485294,-0.029179,0.173351,0.445687,-0.034300,0.180248,0.409308,-0.036951
465,0,0.015392,0.016133,0.022122,0.412552,0.234244,0.165009,0.743808,0.000000,0.232236,0.732553,-0.026372,0.292669,0.689590,-0.035610,0.331720,0.637381,-0.042884,0.364796,0.595051,-0.049337,0.267332,0.565587,-0.010891,0.296548,0.494491,-0.024368,0.308658,0.448638,-0.037634,0.317325,0.406595,-0.047653,0.233332,0.543840,-0.009363,0.257390,0.462774,-0.020450,0.268224,0.411234,-0.033345,0.274582,0.367293,-0.043004,0.197946,0.539515,-0.011753,0.211923,0.461836,-0.024047,0.221024,0.414879,-0.033626,0.229000,0.374011,-0.040179,0.159644,0.548466,-0.017013,0.167130,0.485813,-0.029257,0.173295,0.446088,-0.034367,0.180277,0.409506,-0.036992
493,0,0.022475,0.019368,0.037424,0.420125,0.241661,0.165209,0.744082,0.000000,0.232055,0.732928,-0.026461,0.292454,0.690243,-0.035709,0.331215,0.638153,-0.043052,0.364280,0.595941,-0.049552,0.266999,0.566406,-0.010934,0.296383,0.495694,-0.024475,0.308800,0.449781,-0.037676,0.317716,0.407838,-0.047586,0.232965,0.544626,-0.009369,0.257061,0.463477,-0.020513,0.268086,0.411799,-0.033282,0.274860,0.367872,-0.042851,0.197593,0.540132,-0.011736,0.211427,0.462454,-0.024114,0.220635,0.415596,-0.033583,0.229029,0.374745,-0.040043,0.159302,0.548928,-0.017002,0.166693,0.486326,-0.029270,0.172988,0.446631,-0.034365,0.180216,0.410154,-0.036953
529,0,0.022150,0.020757,0.042196,0.422912,0.233756,0.164985,0.744847,0.000000,0.232016,0.733737,-0.026664,0.292552,0.690802,-0.035972,0.332002,0.638677,-0.043318,0.365051,0.596913,-0.049804,0.267057,0.567001,-0.011440,0.296422,0.495892,-0.024922,0.308674,0.449817,-0.038054,0.317411,0.407790,-0.047962,0.233169,0.545056,-0.009769,0.256900,0.463717,-0.020838,0.267547,0.411672,-0.033650,0.273756,0.367574,-0.043278,0.197921,0.540520,-0.012001,0.211651,0.462817,-0.024221,0.220619,0.416041,-0.033750,0.228614,0.375345,-0.040316,0.159495,0.549266,-0.017135,0.166598,0.486863,-0.029286,0.172532,0.447439,-0.034370,0.179456,0.411069,-0.036993
557,0,0.034870,0.028836,0.052461,0.448457,0.244576,0.164634,0.745159,0.000000,0.231673,0.734118,-0.026747,0.292258,0.691568,-0.036011,0.331556,0.639463,-0.043309,0.365002,0.597699,-0.049805,0.266879,0.567121,-0.010627,0.296117,0.496742,-0.023960,0.308263,0.451165,-0.037234,0.317160,0.409239,-0.047319,0.232973,0.545443,-0.008927,0.256870,0.464791,-0.019920,0.267702,0.413219,-0.032903,0.274308,0.368936,-0.042747,0.197683,0.541198,-0.011208,0.211440,0.464093,-0.023499,0.220575,0.417411,-0.033264,0.228575,0.376441,-0.040021,0.159191,0.550248,-0.016421,0.166514,0.488214,-0.028732,0.172623,0.448621,-0.034046,0.179652,0.411670,-0.036893
588,0,0.023855,0.017414,0.031989,0.453063,0.248771,0.165030,0.745554,0.000000,0.231856,0.734931,-0.026922,0.292245,0.692079,-0.036250,0.331622,0.639805,-0.043556,0.365097,0.598000,-0.050041,0.266831,0.567893,-0.011089,0.296234,0.497207,-0.024560,0.308527,0.451336,-0.037831,0.317468,0.409415,-0.047839,0.233061,0.546433,-0.009293,0.257085,0.465640,-0.020377,0.267876,0.413943,-0.033287,0.274538,0.370048,-0.043035,0.197780,0.542303,-0.011469,0.211679,0.465037,-0.023820,0.220887,0.418293,-0.033447,0.229110,0.377623,-0.040033,0.159516,0.551205,-0.016594,0.166915,0.488558,-0.028964,0.172864,0.448741,-0.034208,0.179627,0.412064,-0.036910
624,0,0.023144,0.022962,0.036632,0.456851,0.243906,0.165205,0.746565,0.000000,0.231790,0.735435,-0.026458,0.292161,0.692281,-0.035670,0.331496,0.639897,-0.042924,0.364711,0.597829,-0.049359,0.267411,0.568757,-0.010931,0.296429,0.497788,-0.024340,0.308505,0.452063,-0.037529,0.317174,0.410059,-0.047520,0.233390,0.547000,-0.009407,0.257210,0.466243,-0.020543,0.267979,0.414543,-0.033532,0.274720,0.370786,-0.043284,0.197933,0.542771,-0.011790,0.211700,0.465392,-0.024200,0.220919,0.418560,-0.033912,0.229354,0.377634,-0.040606,0.159398,0.551864,-0.017066,0.166631,0.489242,-0.029455,0.172833,0.449473,-0.034771,0.180130,0.412637,-0.037549
655,0,0.033708,0.016752,0.033990,0.488127,0.253300,0.164966,0.747696,0.000000,0.231394,0.736429,-0.026887,0.291838,0.693243,-0.036330,0.330939,0.640822,-0.043772,0.364359,0.598251,-0.050374,0.266669,0.569133,-0.010963,0.295738,0.498474,-0.024447,0.307699,0.453088,-0.037810,0.316563,0.411339,-0.047893,0.232846,0.547485,-0.009313,0.256883,0.466944,-0.020336,0.267733,0.415416,-0.033309,0.274345,0.371617,-0.043132,0.197582,0.543386,-0.011653,0.211555,0.466223,-0.023927,0.220826,0.419646,-0.033609,0.229169,0.378986,-0.040331,0.159119,0.552551,-0.016945,0.166436,0.490279,-0.029208,0.172601,0.450813,-0.034449,0.179688,0.414175,-0.037250
684,0,0.022101,0.026366,0.039091,0.498662,0.269760,0.165178,0.747601,0.000000,0.231765,0.735746,-0.026478,0.291970,0.692891,-0.035872,0.330678,0.641185,-0.043343,0.363649,0.598754,-0.049992,0.266504,0.569117,-0.010836,0.295110,0.498427,-0.024335,0.306698,0.452953,-0.037635,0.315165,0.411210,-0.047669,0.232486,0.547889,-0.009339,0.256371,0.467158,-0.020390,0.267156,0.415830,-0.033248,0.273714,0.372258,-0.042902,0.196938,0.543781,-0.011797,0.211275,0.466603,-0.024135,0.220543,0.420083,-0.033749,0.228842,0.379647,-0.040338,0.158451,0.553109,-0.017155,0.165982,0.490758,-0.029483,0.172236,0.451138,-0.034670,0.179313,0.414656,-0.037394
738,0,0.048350,0.031511,0.072515,0.545604,0.296673,0.164460,0.748063,0.000000,0.231557,0.735668,-0.026321,0.291229,0.693630,-0.035694,0.329859,0.641594,-0.043208,0.362369,0.598394,-0.049884,0.265495,0.569226,-0.009988,0.293553,0.498380,-0.023263,0.305001,0.453043,-0.036573,0.313744,0.411497,-0.046606,0.231510,0.548161,-0.008499,0.254848,0.467693,-0.019276,0.265939,0.416420,-0.032196,0.273266,0.373261,-0.042009,0.195979,0.544340,-0.011022,0.210082,0.467436,-0.023083,0.219758,0.421114,-0.032696,0.228400,0.381099,-0.039331,0.157711,0.553851,-0.016438,0.165221,0.491681,-0.028479,0.171612,0.452077,-0.033575,0.178889,0.415637,-0.036253
769,0,0.051037,0.046983,0.088103,0.590712,0.330655,0.164154,0.749150,0.000000,0.230343,0.737263,-0.027515,0.290283,0.693913,-0.037032,0.328780,0.641870,-0.044455,0.360408,0.597634,-0.050839,0.265017,0.568449,-0.010226,0.292321,0.498216,-0.023285,0.303351,0.453095,-0.036713,0.311428,0.411701,-0.046889,0.231229,0.547414,-0.008131,0.254622,0.468079,-0.018476,0.265467,0.417329,-0.031266,0.272307,0.374625,-0.041063,0.195814,0.543910,-0.010211,0.210214,0.467915,-0.021868,0.219405,0.422428,-0.031465,0.227678,0.382930,-0.038169,0.157230,0.553820,-0.015344,0.164946,0.492291,-0.027156,0.170952,0.453476,-0.032283,0.177946,0.417318,-0.035037
798,0,0.078883,0.089127,0.238487,0.658330,0.393018,0.164678,0.748866,0.000000,0.229472,0.735745,-0.027278,0.289195,0.695249,-0.036777,0.326890,0.644331,-0.044197,0.354127,0.596115,-0.050636,0.263480,0.569003,-0.009684,0.289812,0.498533,-0.022698,0.300424,0.454653,-0.036157,0.308826,0.414404,-0.046157,0.230378,0.548562,-0.007624,0.253859,0.469081,-0.017639,0.264729,0.418617,-0.030378,0.271761,0.376610,-0.040177,0.195860,0.545613,-0.009794,0.209710,0.469706,-0.020938,0.218768,0.424611,-0.030458,0.226892,0.385600,-0.037277,0.158081,0.556053,-0.015029,0.165456,0.495161,-0.026258,0.171512,0.456873,-0.031158,0.178332,0.421102,-0.033938
829,0,0.125145,0.148416,0.226663,0.759413,0.506190,0.164952,0.747320,0.000000,0.228143,0.733180,-0.027093,0.287102,0.694996,-0.036237,0.325317,0.644699,-0.043293,0.347620,0.593692,-0.049376,0.262759,0.570109,-0.008279,0.288358,0.500451,-0.020911,0.298259,0.457406,-0.034507,0.305963,0.417607,-0.044406,0.230289,0.549744,-0.005879,0.253048,0.471904,-0.014958,0.263156,0.422392,-0.027471,0.269801,0.380758,-0.037231,0.195879,0.546049,-0.007762,0.210357,0.472582,-0.017651,0.219264,0.428761,-0.026775,0.227084,0.390702,-0.033514,0.158212,0.555460,-0.012811,0.166062,0.496440,-0.022641,0.172390,0.459723,-0.026735,0.179273,0.425935,-0.029081
858,0,0.202580,0.210998,0.236950,0.921114,0.680392,0.164823,0.746657,0.000000,0.226635,0.732997,-0.027311,0.284074,0.695136,-0.035592,0.320847,0.644408,-0.041700,0.338186,0.591060,-0.046555,0.263519,0.569791,-0.004584,0.287356,0.502384,-0.015799,0.295732,0.460622,-0.029072,0.301927,0.422500,-0.038744,0.231250,0.550189,-0.001331,0.252949,0.475652,-0.008643,0.262595,0.428058,-0.020635,0.269226,0.387817,-0.030208,0.196971,0.546408,-0.002709,0.211463,0.476175,-0.011100,0.220602,0.434593,-0.019989,0.228905,0.398368,-0.026704,0.159275,0.554863,-0.007405,0.167460,0.497707,-0.016132,0.174590,0.463345,-0.020047,0.182645,0.431547,-0.022416
894,0,0.174966,0.198017,0.214635,1.055437,0.863183,0.166340,0.745914,0.000000,0.227019,0.731402,-0.025474,0.282634,0.692792,-0.032774,0.317008,0.641614,-0.038220,0.329311,0.588230,-0.042604,0.263854,0.570665,-0.002825,0.285470,0.505559,-0.013625,0.293104,0.466998,-0.026806,0.299461,0.431373,-0.036482,0.231665,0.551975,-0.000089,0.251140,0.481217,-0.007122,0.260157,0.437428,-0.019004,0.267647,0.399685,-0.028641,0.197780,0.548557,-0.001870,0.210672,0.481944,-0.010052,0.219590,0.442806,-0.018579,0.229015,0.408143,-0.025203,0.160432,0.556438,-0.006822,0.168318,0.501271,-0.015354,0.175979,0.468977,-0.019187,0.185521,0.438733,-0.021650
926,0,0.294254,0.316212,0.371602,1.308001,1.167770,0.166207,0.743857,0.000000,0.226006,0.727220,-0.024011,0.280381,0.689647,-0.030503,0.314429,0.637974,-0.035603,0.320639,0.583345,-0.039743,0.261986,0.572980,0.002644,0.281964,0.511357,-0.006826,0.288999,0.476018,-0.019702,0.294628,0.444413,-0.029149,0.230926,0.554659,0.005198,0.248234,0.488064,-0.000046,0.256676,0.448992,-0.011432,0.264125,0.415932,-0.020888,0.198255,0.550358,0.003034,0.211187,0.487281,-0.003688,0.220430,0.450901,-0.011516,0.230534,0.419365,-0.017896,0.162162,0.556858,-0.002306,0.169867,0.503666,-0.009569,0.178699,0.473916,-0.012674,0.190192,0.446840,-0.014819
965,0,0.334790,0.341267,0.654883,1.617356,1.505835,0.168357,0.744634,0.000000,0.227488,0.725664,-0.021295,0.279941,0.683779,-0.026059,0.312675,0.631462,-0.030205,0.316570,0.577283,-0.033388,0.262279,0.575988,0.009484,0.279334,0.518973,0.001044,0.286135,0.488975,-0.011620,0.292000,0.464640,-0.020822,0.232027,0.558215,0.011566,0.245987,0.495705,0.007088,0.254397,0.464390,-0.003885,0.263529,0.440614,-0.012775,0.200042,0.553220,0.008692,0.210831,0.493201,0.002141,0.219859,0.461584,-0.005028,0.231089,0.437304,-0.010593,0.164438,0.558303,0.002823,0.170836,0.506520,-0.004144,0.180351,0.479048,-0.007092,0.193978,0.455989,-0.008970
1006,0,0.254264,0.282513,2.360803,1.724594,1.658096,0.168864,0.742430,0.000000,0.227036,0.723842,-0.021846,0.279558,0.680272,-0.026796,0.311374,0.625488,-0.031412,0.308604,0.571658,-0.035112,0.261840,0.578049,0.010861,0.275480,0.522704,-0.000916,0.282113,0.497730,-0.016534,0.286647,0.486032,-0.026515,0.231797,0.560444,0.013451,0.244193,0.495398,0.003907,0.252268,0.470564,-0.011865,0.258651,0.466455,-0.022621,0.200584,0.554862,0.011002,0.210588,0.493149,0.000420,0.219677,0.466455,-0.011531,0.228533,0.462373,-0.018798,0.166182,0.559240,0.005779,0.172815,0.506215,-0.004301,0.183164,0.479467,-0.011240,0.196809,0.467980,-0.015072
1037,0,0.330598,0.311586,5.078105,1.626274,1.635527,0.170940,0.738932,0.000000,0.226427,0.725895,-0.022293,0.281146,0.674985,-0.028041,0.311879,0.616696,-0.033562,0.299502,0.567009,-0.038282,0.261785,0.573555,0.005038,0.274606,0.517241,-0.010781,0.282239,0.496487,-0.027936,0.283427,0.499769,-0.036993,0.232116,0.556406,0.007354,0.245084,0.485260,-0.006361,0.254249,0.469969,-0.022746,0.256876,0.488824,-0.031350,0.202412,0.552357,0.004929,0.212425,0.485440,-0.008404,0.223950,0.464812,-0.021004,0.230465,0.479936,-0.026578,0.168884,0.558886,-0.000123,0.176984,0.500947,-0.012070,0.189698,0.476220,-0.020029,0.202317,0.478823,-0.023112
1064,0,0.437687,0.416732,5.755602,1.662599,1.780957,0.178076,0.736062,0.000000,0.232833,0.720283,-0.017723,0.282308,0.669800,-0.025083,0.308631,0.612440,-0.033651,0.291715,0.563846,-0.041313,0.263231,0.568565,0.001811,0.275254,0.504029,-0.017590,0.285787,0.499169,-0.035074,0.285296,0.519287,-0.042700,0.234677,0.554076,0.001210,0.245673,0.471668,-0.015368,0.259422,0.481925,-0.028710,0.261483,0.519841,-0.032976,0.206496,0.551313,-0.003315,0.215340,0.474848,-0.017332,0.232965,0.478874,-0.023483,0.238812,0.513753,-0.023003,0.174151,0.558189,-0.010239,0.183800,0.496213,-0.022203,0.202964,0.485840,-0.026470,0.216019,0.503259,-0.025634
1087,0,0.293376,0.289210,3.658320,1.641583,1.764043,0.178801,0.735255,-0.000000,0.234804,0.717497,-0.014905,0.281700,0.666933,-0.023833,0.309176,0.608139,-0.034511,0.286989,0.563076,-0.044059,0.260788,0.570268,-0.004216,0.276872,0.496285,-0.026311,0.288606,0.508797,-0.044022,0.284661,0.544044,-0.051347,0.234410,0.556432,-0.006386,0.248607,0.470417,-0.023651,0.263412,0.492421,-0.035495,0.262835,0.531421,-0.039649,0.207877,0.553480,-0.012053,0.216867,0.471115,-0.024507,0.236793,0.483344,-0.030065,0.240936,0.519431,-0.030848,0.177457,0.558804,-0.019952,0.184720,0.495888,-0.030138,0.206750,0.491074,-0.034966,0.221512,0.510016,-0.036151
1136,0,0.175468,0.203253,1.376027,1.714319,1.862648,0.180823,0.734150,-0.000000,0.235191,0.717489,-0.013853,0.280235,0.665062,-0.022978,0.306994,0.608485,-0.034321,0.284402,0.564766,-0.044674,0.259617,0.569523,-0.005447,0.275815,0.494806,-0.027266,0.288720,0.513582,-0.045151,0.284387,0.549490,-0.053287,0.234460,0.558124,-0.008841,0.247076,0.469354,-0.025654,0.264040,0.499058,-0.038591,0.263416,0.537726,-0.044747,0.208428,0.556753,-0.015383,0.216677,0.472149,-0.027706,0.238366,0.492119,-0.034578,0.241144,0.530490,-0.037216,0.179480,0.563415,-0.023968,0.188529,0.500465,-0.034010,0.211432,0.501269,-0.039543,0.223138,0.523443,-0.042292
1166,0,0.163322,0.134384,0.693667,1.781322,1.943007,0.183611,0.733795,-0.000000,0.237304,0.716141,-0.011893,0.280768,0.665000,-0.020125,0.305480,0.608469,-0.030944,0.281335,0.568206,-0.040797,0.263463,0.570185,-0.003005,0.281010,0.497636,-0.024059,0.290867,0.518823,-0.041343,0.284456,0.554794,-0.049211,0.238347,0.558455,-0.007303,0.251919,0.471803,-0.024260,0.267573,0.503219,-0.037227,0.266205,0.542454,-0.043165,0.212554,0.557107,-0.014579,0.221380,0.474409,-0.027046,0.242804,0.497726,-0.033785,0.245638,0.536406,-0.036171,0.183718,0.564005,-0.023713,0.192168,0.501766,-0.033384,0.215268,0.504496,-0.038247,0.227733,0.527446,-0.040505
1197,0,0.141157,0.090477,0.357990,1.817782,1.951593,0.185384,0.735260,-0.000000,0.237928,0.716160,-0.011377,0.281719,0.666670,-0.020093,0.305359,0.611729,-0.031442,0.280816,0.571632,-0.041706,0.266947,0.572560,-0.003009,0.283979,0.500333,-0.024853,0.295464,0.519688,-0.042502,0.290719,0.555405,-0.050250,0.242233,0.560860,-0.007548,0.256710,0.475633,-0.024998,0.272813,0.506632,-0.037579,0.271265,0.546156,-0.042937,0.216805,0.558984,-0.015033,0.226325,0.477510,-0.027496,0.247335,0.500538,-0.033107,0.250299,0.538908,-0.034447,0.187932,0.565229,-0.024365,0.197242,0.503918,-0.033687,0.219911,0.507764,-0.037398,0.232070,0.531353,-0.038484
1231,0,0.246931,0.236304,0.328477,1.907204,1.999791,0.184957,0.736153,-0.000000,0.238119,0.719533,-0.010800,0.283068,0.671188,-0.018984,0.307379,0.615797,-0.029847,0.282257,0.577193,-0.039556,0.271898,0.579533,-0.002574,0.291375,0.508190,-0.024506,0.302342,0.527736,-0.042227,0.297644,0.562660,-0.050203,0.247407,0.566192,-0.007322,0.264228,0.481855,-0.025625,0.279770,0.513164,-0.038654,0.278207,0.553121,-0.044176,0.221938,0.562707,-0.014942,0.233483,0.482511,-0.028151,0.254681,0.507378,-0.034160,0.258250,0.546306,-0.035676,0.193351,0.567150,-0.024380,0.204849,0.509298,-0.034106,0.227731,0.514126,-0.038365,0.240843,0.537116,-0.039917
1260,0,0.295645,0.225513,0.508422,2.032539,2.060294,0.186061,0.738388,-0.000000,0.239712,0.722819,-0.010566,0.285973,0.677045,-0.018320,0.311638,0.623833,-0.028626,0.289864,0.582250,-0.037593,0.278147,0.585465,-0.001513,0.299394,0.516504,-0.023361,0.309590,0.538122,-0.041223,0.304699,0.572024,-0.049309,0.254239,0.570707,-0.006191,0.272822,0.487495,-0.024781,0.288808,0.519439,-0.038240,0.287123,0.559222,-0.043990,0.228767,0.566381,-0.013765,0.241963,0.487654,-0.027925,0.263594,0.515454,-0.034376,0.267821,0.554178,-0.035814,0.199975,0.570301,-0.023037,0.214830,0.513716,-0.033496,0.238204,0.521619,-0.037809,0.251131,0.545555,-0.039139
1293,0,0.393601,0.344776,0.601360,2.222844,2.180708,0.186716,0.740058,-0.000000,0.240855,0.727677,-0.008652,0.288170,0.686116,-0.016366,0.318333,0.637645,-0.027163,0.298440,0.597696,-0.036679,0.280143,0.592931,-0.000651,0.304991,0.524096,-0.022909,0.317904,0.549655,-0.041312,0.313996,0.584153,-0.049999,0.258093,0.578412,-0.006615,0.281825,0.495961,-0.025649,0.299530,0.532910,-0.039077,0.297807,0.572334,-0.045061,0.233574,0.572786,-0.015366,0.251657,0.494804,-0.030389,0.274522,0.528155,-0.036391,0.278359,0.568131,-0.037526,0.205842,0.574986,-0.025685,0.225581,0.520833,-0.037274,0.249602,0.535038,-0.041384,0.260976,0.562104,-0.042537
1328,0,0.385490,0.320143,0.518965,2.473326,2.393990,0.188211,0.741737,-0.000000,0.241692,0.732290,-0.008226,0.290059,0.694942,-0.017584,0.324439,0.651189,-0.030426,0.306605,0.609513,-0.042100,0.282310,0.599247,-0.002297,0.311673,0.531588,-0.025325,0.324699,0.560923,-0.043681,0.318114,0.595620,-0.052158,0.262336,0.585267,-0.009304,0.292007,0.503069,-0.028037,0.308013,0.546153,-0.040448,0.304005,0.583774,-0.045908,0.239182,0.578751,-0.019039,0.262859,0.500729,-0.034180,0.284724,0.540243,-0.039011,0.285122,0.580273,-0.039550,0.212434,0.579729,-0.030246,0.238137,0.526635,-0.042388,0.262238,0.546365,-0.045728,0.270334,0.575371,-0.046483
1356,0,0.299036,0.218094,0.375820,2.704998,2.513208,0.188676,0.745915,-0.000000,0.243661,0.734759,-0.006053,0.294246,0.698050,-0.014765,0.331120,0.655422,-0.027493,0.311872,0.617713,-0.039050,0.284472,0.600070,0.000113,0.315863,0.533888,-0.022445,0.330645,0.568923,-0.040816,0.324365,0.604038,-0.049506,0.266158,0.589177,-0.008347,0.299023,0.508949,-0.026862,0.316053,0.556801,-0.038833,0.311256,0.594258,-0.043809,0.244333,0.584245,-0.019471,0.270738,0.507852,-0.034416,0.293582,0.551506,-0.038328,0.293102,0.592238,-0.037968,0.218912,0.585745,-0.032000,0.246462,0.531978,-0.043953,0.271271,0.555082,-0.046333,0.278425,0.586052,-0.046225
1388,0,0.235757,0.139136,0.310072,2.897269,2.619669,0.190744,0.748623,-0.000000,0.246550,0.735741,-0.005101,0.296399,0.701244,-0.014122,0.333770,0.662877,-0.027661,0.317222,0.625638,-0.039969,0.286790,0.602668,0.001888,0.318503,0.537547,-0.021461,0.333824,0.575573,-0.040808,0.328098,0.611525,-0.050253,0.268941,0.592412,-0.007681,0.302987,0.513506,-0.027460,0.320532,0.563726,-0.040735,0.315981,0.601827,-0.046533,0.248075,0.587705,-0.020021,0.275925,0.512863,-0.036268,0.299243,0.558462,-0.041318,0.299076,0.599849,-0.041428,0.224164,0.589453,-0.033715,0.253869,0.538029,-0.046132,0.278778,0.563418,-0.048794,0.285525,0.595039,-0.048867
1427,0,0.152974,0.089408,0.183205,3.015286,2.686518,0.192736,0.749796,-0.000000,0.247917,0.737562,-0.004216,0.297991,0.703591,-0.012291,0.336098,0.666641,-0.024927,0.321677,0.631577,-0.036352,0.288528,0.605650,0.002986,0.320881,0.541530,-0.019935,0.335981,0.578880,-0.038776,0.330154,0.614070,-0.047778,0.270869,0.595554,-0.006779,0.305779,0.517634,-0.026859,0.322850,0.567017,-0.039651,0.317864,0.605010,-0.044716,0.250104,0.591107,-0.019297,0.279418,0.518490,-0.036134,0.301892,0.563519,-0.040744,0.301595,0.604187,-0.040088,0.226396,0.592826,-0.033073,0.257033,0.543067,-0.045664,0.281935,0.567266,-0.048069,0.289370,0.597241,-0.047668
1454,0,0.104410,0.066980,0.096046,3.101119,2.745506,0.194500,0.750042,-0.000000,0.249390,0.737949,-0.003251,0.298941,0.704656,-0.011058,0.337513,0.669309,-0.023673,0.323979,0.633654,-0.035201,0.289593,0.606066,0.003898,0.322500,0.543263,-0.018768,0.338115,0.580604,-0.037463,0.332537,0.615643,-0.046440,0.272545,0.596128,-0.006380,0.308241,0.519254,-0.026098,0.325633,0.569372,-0.038730,0.320814,0.607330,-0.043725,0.252388,0.591778,-0.019347,0.282534,0.520901,-0.035997,0.304889,0.567288,-0.040323,0.304169,0.608189,-0.039454,0.229150,0.594344,-0.033500,0.260102,0.545619,-0.046151,0.284923,0.571121,-0.048322,0.291988,0.601887,-0.047707
1505,0,0.083053,0.048070,0.123912,3.173308,2.777584,0.194876,0.751645,-0.000000,0.249393,0.739009,-0.003074,0.299226,0.706163,-0.010952,0.338428,0.671179,-0.023692,0.325121,0.636880,-0.035213,0.289706,0.607958,0.004178,0.323335,0.543781,-0.018482,0.339990,0.581655,-0.036928,0.335019,0.617344,-0.045650,0.272634,0.598161,-0.006302,0.309623,0.521019,-0.026328,0.327403,0.572364,-0.038752,0.322228,0.610658,-0.043339,0.252845,0.593726,-0.019484,0.284415,0.523977,-0.036603,0.307213,0.571473,-0.040702,0.306482,0.612283,-0.039402,0.230139,0.596149,-0.033804,0.262574,0.547819,-0.046517,0.287485,0.574903,-0.048286,0.293815,0.606453,-0.047167
1533,0,0.050742,0.052961,0.167169,3.187980,2.790888,0.194539,0.751491,-0.000000,0.249302,0.739684,-0.003059,0.298992,0.706163,-0.010388,0.338219,0.670672,-0.022405,0.324424,0.638306,-0.033101,0.290698,0.608863,0.004393,0.324716,0.546130,-0.017401,0.340029,0.583777,-0.035237,0.333576,0.618034,-0.043725,0.273591,0.598487,-0.005769,0.310307,0.521598,-0.025138,0.327263,0.572279,-0.037137,0.321244,0.610096,-0.041553,0.253565,0.593869,-0.018569,0.284882,0.524604,-0.035436,0.307093,0.571259,-0.039562,0.305883,0.611170,-0.038332,0.230651,0.595782,-0.032468,0.263216,0.548886,-0.044956,0.287414,0.575340,-0.046765,0.293442,0.605929,-0.045716
1566,0,0.067404,0.083344,0.184464,3.198630,2.828567,0.194262,0.750261,-0.000000,0.248846,0.738861,-0.003535,0.298886,0.706024,-0.011181,0.337606,0.670856,-0.023485,0.322602,0.639434,-0.034421,0.290427,0.608561,0.003676,0.325628,0.546706,-0.018279,0.339522,0.585177,-0.036069,0.331898,0.619266,-0.044507,0.272738,0.598128,-0.006532,0.310702,0.522485,-0.026527,0.326854,0.574289,-0.039147,0.319764,0.612246,-0.043746,0.252473,0.593771,-0.019320,0.284791,0.525514,-0.036938,0.306287,0.573783,-0.041610,0.304353,0.613474,-0.040487,0.229368,0.595999,-0.033118,0.262588,0.549961,-0.045847,0.286081,0.578300,-0.047513,0.291124,0.609390,-0.046318
1598,0,0.070042,0.073859,0.286139,3.209220,2.846364,0.194048,0.749840,-0.000000,0.248709,0.738412,-0.002945,0.298133,0.706482,-0.010032,0.335200,0.672166,-0.021830,0.320643,0.641233,-0.032213,0.291660,0.609750,0.004013,0.326383,0.548249,-0.017837,0.339050,0.587720,-0.035529,0.331110,0.621521,-0.043876,0.272993,0.599512,-0.006413,0.309332,0.522684,-0.026679,0.325334,0.575493,-0.039405,0.317746,0.614848,-0.043840,0.251761,0.595324,-0.019288,0.282414,0.525975,-0.036990,0.303933,0.574885,-0.041604,0.302351,0.615088,-0.040162,0.227766,0.597565,-0.033060,0.259163,0.549821,-0.045570,0.282195,0.578452,-0.046832,0.286823,0.610163,-0.045137
1627,0,0.075023,0.070570,0.226295,3.178589,2.867432,0.192129,0.748194,-0.000000,0.246278,0.738278,-0.003739,0.295572,0.707745,-0.010886,0.332035,0.673620,-0.022507,0.317910,0.640778,-0.032819,0.291604,0.612432,0.002896,0.325871,0.549708,-0.018597,0.337567,0.586633,-0.035688,0.330075,0.619256,-0.043651,0.272357,0.600784,-0.006999,0.308609,0.523092,-0.027349,0.323068,0.574753,-0.039813,0.315204,0.613945,-0.043902,0.250565,0.596102,-0.019261,0.280398,0.526613,-0.037051,0.300745,0.574809,-0.041642,0.299144,0.614625,-0.040100,0.225797,0.597609,-0.032442,0.255810,0.550161,-0.045013,0.277621,0.578789,-0.046233,0.281987,0.610726,-0.044404
1660,0,0.091436,0.125443,0.205922,3.168177,2.875764,0.193118,0.747041,-0.000000,0.246484,0.737722,-0.004360,0.294781,0.707625,-0.012077,0.330335,0.673643,-0.024028,0.314943,0.641704,-0.034773,0.291919,0.613111,0.000077,0.326288,0.550986,-0.021758,0.336890,0.588842,-0.038724,0.328903,0.621855,-0.046591,0.271863,0.601368,-0.009636,0.308059,0.523464,-0.030268,0.321806,0.575512,-0.042443,0.313774,0.615086,-0.046340,0.249363,0.596689,-0.021561,0.278883,0.526079,-0.039439,0.298681,0.574567,-0.043838,0.296646,0.614305,-0.042193,0.223838,0.598321,-0.034398,0.253202,0.550021,-0.047020,0.274510,0.578646,-0.048093,0.278411,0.610371,-0.046233
1695,0,0.051826,0.058217,0.140727,3.143437,2.903100,0.191550,0.745304,-0.000000,0.245800,0.737185,-0.004944,0.294471,0.707627,-0.012927,0.329783,0.673015,-0.024985,0.312454,0.640981,-0.035830,0.291347,0.613328,-0.000404,0.325467,0.552550,-0.022558,0.335093,0.590776,-0.039870,0.326535,0.624331,-0.047986,0.271141,0.601291,-0.009844,0.306792,0.523510,-0.030479,0.319926,0.575390,-0.042812,0.311787,0.615135,-0.046887,0.248462,0.596388,-0.021548,0.277446,0.525986,-0.039409,0.296703,0.574068,-0.044017,0.294391,0.613652,-0.042635,0.223050,0.597807,-0.034235,0.252097,0.550240,-0.046816,0.273096,0.578350,-0.048128,0.276783,0.609724,-0.046533
1730,0,0.054643,0.053977,0.130217,3.143250,2.931670,0.190032,0.744704,-0.000000,0.243684,0.738119,-0.005701,0.292578,0.708487,-0.013800,0.328124,0.672796,-0.025784,0.310227,0.639774,-0.036612,0.290426,0.614986,-0.001563,0.325041,0.553657,-0.023562,0.334269,0.591416,-0.040634,0.325844,0.624294,-0.048781,0.270390,0.602510,-0.010652,0.306415,0.524224,-0.031427,0.318555,0.576466,-0.043914,0.310115,0.615696,-0.048146,0.247949,0.597399,-0.021957,0.276673,0.526698,-0.039893,0.295296,0.574853,-0.044866,0.292546,0.614457,-0.043773,0.222581,0.598572,-0.034249,0.251319,0.550355,-0.047018,0.272468,0.578534,-0.048746,0.276226,0.609957,-0.047547
1758,0,0.050509,0.060866,0.139318,3.155904,2.913809,0.190393,0.746351,-0.000000,0.243243,0.738998,-0.005515,0.291800,0.708821,-0.013982,0.326886,0.674467,-0.026484,0.309572,0.641695,-0.037813,0.289419,0.614167,-0.001638,0.324263,0.553348,-0.024034,0.333550,0.591781,-0.041373,0.325104,0.625317,-0.049549,0.269165,0.602006,-0.011092,0.305761,0.524658,-0.032087,0.317747,0.577513,-0.044650,0.309371,0.616403,-0.048879,0.246447,0.597166,-0.022783,0.275891,0.526929,-0.041126,0.294386,0.575797,-0.046236,0.291715,0.615355,-0.045144,0.221134,0.599136,-0.035452,0.251037,0.551246,-0.048350,0.272426,0.579834,-0.050077,0.276282,0.610894,-0.048844
1787,0,0.040654,0.037788,0.170569,3.144096,2.911734,0.189372,0.746251,-0.000000,0.243049,0.738909,-0.005358,0.291920,0.709726,-0.013574,0.326916,0.674475,-0.025684,0.308850,0.642130,-0.036586,0.289545,0.615104,-0.001582,0.323835,0.554363,-0.023797,0.332785,0.592365,-0.040961,0.323939,0.625326,-0.049040,0.269358,0.602695,-0.010858,0.304892,0.524892,-0.031453,0.317085,0.576873,-0.043571,0.308477,0.616032,-0.047593,0.246507,0.597946,-0.022350,0.275064,0.527513,-0.040149,0.293656,0.575475,-0.044630,0.290941,0.614600,-0.043289,0.220690,0.599629,-0.034804,0.249427,0.551563,-0.047452,0.270796,0.579669,-0.048828,0.274804,0.610616,-0.047347
1824,0,0.025140,0.022035,0.155957,3.141797,2.908564,0.189034,0.746441,-0.000000,0.242491,0.739220,-0.005711,0.291491,0.709541,-0.013906,0.326922,0.674426,-0.025997,0.308484,0.641992,-0.036943,0.289218,0.614552,-0.001115,0.323799,0.555315,-0.023407,0.332996,0.592439,-0.040538,0.324633,0.625221,-0.048540,0.268870,0.601615,-0.010346,0.304800,0.525138,-0.031408,0.316750,0.577204,-0.043782,0.308352,0.616333,-0.047694,0.246032,0.596897,-0.021873,0.274709,0.527841,-0.040609,0.293038,0.576309,-0.045615,0.290461,0.615602,-0.044240,0.220135,0.598896,-0.034334,0.249411,0.551646,-0.047483,0.270596,0.580434,-0.049034,0.274391,0.611617,-0.047483
1889,0,0.027893,0.026971,0.055590,3.138559,2.901066,0.188935,0.746867,-0.000000,0.242270,0.739566,-0.006036,0.291385,0.709755,-0.014586,0.326475,0.674348,-0.026986,0.307553,0.641643,-0.038203,0.288814,0.614173,-0.001689,0.323268,0.555112,-0.024128,0.332058,0.593174,-0.041448,0.323416,0.626212,-0.049526,0.268433,0.601559,-0.010812,0.304203,0.525448,-0.031854,0.316224,0.577931,-0.044270,0.307951,0.617136,-0.048327,0.245563,0.596973,-0.022241,0.274210,0.527878,-0.040778,0.292737,0.576481,-0.045752,0.290155,0.616058,-0.044447,0.219565,0.599037,-0.034640,0.248837,0.551339,-0.047692,0.270156,0.580231,-0.049244,0.273924,0.611655,-0.047763
1929,0,0.033615,0.027415,0.121307,3.127478,2.897059,0.188663,0.746750,-0.000000,0.241972,0.739606,-0.005563,0.291091,0.710086,-0.013832,0.326044,0.674537,-0.025989,0.307030,0.642502,-0.036966,0.288365,0.614913,-0.001508,0.322537,0.554354,-0.023663,0.331650,0.592180,-0.040631,0.323021,0.625139,-0.048490,0.268102,0.602172,-0.010757,0.303630,0.524664,-0.031434,0.315765,0.576822,-0.043415,0.307206,0.616005,-0.047186,0.245127,0.597408,-0.022254,0.273815,0.527753,-0.040561,0.292437,0.576003,-0.045212,0.289765,0.615164,-0.043662,0.219270,0.599150,-0.034693,0.248304,0.550721,-0.047609,0.269326,0.579871,-0.048807,0.272573,0.611583,-0.046974
1959,0,0.019920,0.019894,0.124266,3.114235,2.887465,0.188750,0.746611,-0.000000,0.242034,0.739491,-0.006143,0.291104,0.709541,-0.014499,0.325824,0.674097,-0.026687,0.306916,0.641322,-0.037641,0.288157,0.614114,-0.001376,0.322471,0.554531,-0.023706,0.331340,0.592029,-0.040816,0.323042,0.624818,-0.048753,0.267797,0.601224,-0.010380,0.303267,0.524830,-0.031485,0.315233,0.576772,-0.043814,0.307022,0.616003,-0.047695,0.244895,0.596493,-0.021731,0.273301,0.527556,-0.040498,0.291791,0.575809,-0.045508,0.289314,0.615064,-0.044097,0.219305,0.598655,-0.034042,0.248212,0.551147,-0.047130,0.269081,0.579866,-0.048541,0.272740,0.611312,-0.046848
1991,0,0.023282,0.021958,0.082757,3.106852,2.891328,0.188617,0.746258,-0.000000,0.241721,0.739154,-0.006174,0.290368,0.709867,-0.014794,0.325321,0.674515,-0.027283,0.306852,0.641496,-0.038618,0.287408,0.614594,-0.001617,0.321708,0.554438,-0.024079,0.331270,0.591250,-0.041293,0.323037,0.624144,-0.049214,0.267113,0.601736,-0.010623,0.302523,0.524256,-0.031753,0.314919,0.576280,-0.044180,0.306887,0.615689,-0.048123,0.244375,0.596914,-0.021949,0.272654,0.527372,-0.040695,0.291323,0.575829,-0.045800,0.288857,0.615259,-0.044427,0.218888,0.598900,-0.034235,0.247743,0.550738,-0.047384,0.268717,0.579686,-0.048897,0.272280,0.611408,-0.047243
2019,0,0.020180,0.020168,0.074521,3.101033,2.895343,0.188704,0.745749,-0.000000,0.241888,0.739129,-0.005758,0.290513,0.709516,-0.014119,0.325350,0.674305,-0.026444,0.306560,0.641939,-0.037626,0.287708,0.614527,-0.001162,0.321677,0.554153,-0.023472,0.331216,0.590710,-0.040580,0.323118,0.623869,-0.048492,0.267207,0.601849,-0.010303,0.302505,0.524015,-0.031279,0.314630,0.575709,-0.043604,0.306529,0.614991,-0.047507,0.244336,0.597078,-0.021749,0.272422,0.527089,-0.040404,0.290970,0.575184,-0.045468,0.288452,0.614693,-0.044096,0.218878,0.599076,-0.034127,0.247346,0.550807,-0.047156,0.268505,0.579348,-0.048668,0.272364,0.610757,-0.047085
2045,0,0.026519,0.025902,0.085931,3.095261,2.900454,0.188108,0.745316,-0.000000,0.241554,0.738791,-0.006226,0.290036,0.709592,-0.014620,0.324477,0.673749,-0.026904,0.305977,0.640466,-0.038038,0.288105,0.614666,-0.001092,0.322137,0.555209,-0.023462,0.330953,0.591670,-0.040672,0.322359,0.624325,-0.048680,0.267534,0.601647,-0.010036,0.302715,0.524369,-0.031242,0.314091,0.575956,-0.043974,0.305622,0.615233,-0.048083,0.244739,0.596486,-0.021337,0.272481,0.527176,-0.040286,0.290501,0.575034,-0.045800,0.287675,0.614433,-0.044676,0.218855,0.597967,-0.033578,0.247233,0.550078,-0.046784,0.268074,0.578589,-0.048610,0.271878,0.609973,-0.047240
2084,0,0.025926,0.023680,0.099184,3.100204,2.900658,0.187674,0.745782,-0.000000,0.240957,0.738800,-0.006009,0.289750,0.709463,-0.014380,0.324227,0.674170,-0.026653,0.305447,0.641035,-0.037750,0.287275,0.614098,-0.001157,0.321748,0.554173,-0.023668,0.330723,0.591600,-0.041015,0.322039,0.624801,-0.049092,0.266572,0.601263,-0.010298,0.302194,0.524189,-0.031639,0.314011,0.576370,-0.044457,0.305441,0.615653,-0.048636,0.243607,0.596264,-0.021789,0.272110,0.526700,-0.040805,0.290455,0.575450,-0.046248,0.287616,0.614995,-0.045089,0.218015,0.597995,-0.034203,0.247410,0.550210,-0.047512,0.268333,0.579495,-0.049197,0.271622,0.611297,-0.047723
2125,0,0.031513,0.028168,0.067886,3.078990,2.888331,0.187665,0.745550,-0.000000,0.241420,0.738141,-0.005761,0.289993,0.708923,-0.014108,0.324734,0.673636,-0.026421,0.306129,0.640948,-0.037539,0.286958,0.613103,-0.000617,0.320982,0.554228,-0.023079,0.329825,0.590965,-0.040318,0.321254,0.624089,-0.048234,0.266448,0.600139,-0.009833,0.301586,0.523744,-0.031048,0.313436,0.575327,-0.043485,0.305122,0.614843,-0.047355,0.243416,0.595319,-0.021426,0.271706,0.526563,-0.040494,0.290170,0.574744,-0.045666,0.287733,0.614232,-0.044223,0.217652,0.597506,-0.033933,0.246754,0.550384,-0.047249,0.267669,0.579374,-0.048727,0.271336,0.611054,-0.047003
2165,0,0.047143,0.035945,0.151244,3.047340,2.880084,0.186980,0.744663,-0.000000,0.240353,0.737805,-0.006230,0.289108,0.708303,-0.014507,0.323679,0.671916,-0.026676,0.304951,0.638937,-0.037642,0.287092,0.613289,-0.000748,0.320732,0.554125,-0.022951,0.329266,0.590758,-0.039926,0.320658,0.623385,-0.047764,0.266384,0.600266,-0.009639,0.301020,0.523715,-0.030683,0.312262,0.575021,-0.042844,0.303705,0.614186,-0.046499,0.243470,0.595116,-0.020947,0.270749,0.526451,-0.039751,0.288563,0.574116,-0.044601,0.285968,0.613312,-0.042949,0.217481,0.596627,-0.033231,0.245716,0.548909,-0.046218,0.266238,0.577323,-0.047483,0.269784,0.608567,-0.045655
2206,0,0.050752,0.065716,0.112311,3.034333,2.863554,0.187532,0.744984,-0.000000,0.240176,0.737299,-0.005956,0.288251,0.707640,-0.014497,0.322425,0.672108,-0.027014,0.304439,0.638602,-0.038426,0.286092,0.612549,-0.001375,0.319702,0.552849,-0.023718,0.328306,0.589951,-0.040670,0.319766,0.623008,-0.048418,0.265441,0.599475,-0.010553,0.300094,0.522022,-0.031589,0.311117,0.574149,-0.043825,0.302521,0.613101,-0.047507,0.242436,0.594682,-0.022070,0.269686,0.525562,-0.040950,0.287353,0.574001,-0.045999,0.284504,0.613403,-0.044492,0.216598,0.596770,-0.034482,0.244842,0.548523,-0.047682,0.265674,0.577392,-0.049084,0.269176,0.609101,-0.047367
2246,0,0.027806,0.047238,0.141325,3.027036,2.880262,0.186226,0.744249,-0.000000,0.240001,0.736705,-0.006298,0.288228,0.707599,-0.014889,0.322368,0.672007,-0.027406,0.303777,0.638684,-0.038755,0.285902,0.612508,-0.000720,0.319374,0.553754,-0.023031,0.327802,0.590261,-0.040301,0.319235,0.622851,-0.048382,0.265215,0.599514,-0.009741,0.299627,0.522831,-0.031060,0.311277,0.574425,-0.043990,0.302969,0.613725,-0.048276,0.242130,0.594561,-0.021152,0.269405,0.524699,-0.040230,0.287950,0.572748,-0.045922,0.285497,0.612489,-0.044903,0.216090,0.596376,-0.033519,0.244481,0.548076,-0.046871,0.265656,0.576861,-0.048803,0.269403,0.608697,-0.047503
2277,0,0.030958,0.020118,0.095151,3.046832,2.880047,0.185889,0.745181,-0.000000,0.239084,0.738180,-0.006388,0.287872,0.709083,-0.015071,0.322180,0.673446,-0.027653,0.303562,0.639513,-0.039009,0.286353,0.612886,-0.000823,0.319835,0.554202,-0.023535,0.327957,0.591047,-0.040901,0.319020,0.624023,-0.048857,0.265490,0.599744,-0.009840,0.300055,0.523397,-0.031491,0.310976,0.575393,-0.044161,0.302543,0.614793,-0.048016,0.242184,0.594596,-0.021309,0.269607,0.525176,-0.040621,0.287587,0.573685,-0.045843,0.284900,0.613506,-0.044336,0.215908,0.596371,-0.033769,0.244464,0.549188,-0.047280,0.265262,0.578392,-0.048927,0.269035,0.610248,-0.047280
2304,0,0.025482,0.026520,0.050027,3.053727,2.877107,0.186169,0.745603,-0.000000,0.239455,0.738580,-0.006083,0.288027,0.709444,-0.014699,0.322167,0.673812,-0.027252,0.303387,0.639977,-0.038681,0.286170,0.613443,-0.001314,0.319565,0.553814,-0.023894,0.328193,0.590367,-0.041107,0.319873,0.623729,-0.049019,0.265160,0.600133,-0.010505,0.299997,0.522930,-0.031912,0.311444,0.574900,-0.044448,0.303193,0.614472,-0.048316,0.241673,0.595380,-0.022030,0.269204,0.525358,-0.041248,0.287398,0.573695,-0.046557,0.284887,0.613490,-0.045151,0.215381,0.597747,-0.034479,0.244137,0.549584,-0.047964,0.265133,0.578888,-0.049511,0.268888,0.610856,-0.047859
2334,0,0.022772,0.022631,0.059003,3.046982,2.872574,0.186219,0.745429,-0.000000,0.239764,0.738329,-0.006297,0.288174,0.709496,-0.014892,0.321788,0.673535,-0.027442,0.302888,0.639725,-0.038855,0.286417,0.614228,-0.001044,0.319994,0.554608,-0.023532,0.328117,0.590777,-0.040828,0.319478,0.623672,-0.048825,0.265403,0.600868,-0.010119,0.299815,0.523646,-0.031511,0.310934,0.575004,-0.044421,0.302719,0.614264,-0.048684,0.241945,0.595550,-0.021577,0.268941,0.525256,-0.040687,0.286992,0.573121,-0.046359,0.284487,0.612910,-0.045302,0.215380,0.597442,-0.033977,0.243792,0.548798,-0.047310,0.264603,0.577584,-0.049142,0.268420,0.609382,-0.047768
2365,0,0.027236,0.026560,0.100379,3.053351,2.881138,0.186087,0.745449,-0.000000,0.239371,0.737808,-0.006314,0.287737,0.708992,-0.015034,0.321632,0.673802,-0.027680,0.303227,0.639410,-0.039177,0.285873,0.613482,-0.001496,0.319683,0.554417,-0.024292,0.327995,0.591187,-0.041634,0.319653,0.624278,-0.049568,0.264836,0.600303,-0.010567,0.299917,0.524266,-0.032349,0.310988,0.576009,-0.045145,0.302648,0.615421,-0.049182,0.241366,0.595335,-0.022011,0.269122,0.525504,-0.041424,0.287045,0.573923,-0.046795,0.284574,0.614068,-0.045461,0.214756,0.597327,-0.034403,0.243413,0.549384,-0.047953,0.264340,0.578441,-0.049743,0.268392,0.610293,-0.048164
2398,0,0.058034,0.056103,0.168841,3.039195,2.868764,0.185872,0.745387,-0.000000,0.239134,0.738605,-0.006186,0.287183,0.710103,-0.014686,0.320696,0.674153,-0.027092,0.302129,0.640025,-0.038297,0.286678,0.613919,-0.000512,0.319813,0.555020,-0.022620,0.327356,0.591033,-0.039594,0.318407,0.623436,-0.047415,0.265635,0.600339,-0.009434,0.299660,0.523795,-0.030336,0.310258,0.574805,-0.042645,0.301562,0.614117,-0.046433,0.242056,0.595217,-0.020744,0.269065,0.525929,-0.039559,0.286562,0.573456,-0.044609,0.283840,0.613015,-0.043066,0.215363,0.597068,-0.033001,0.243428,0.548980,-0.046152,0.263780,0.577807,-0.047520,0.267059,0.609680,-0.045626
2428,0,0.029519,0.017345,0.076206,3.019295,2.861440,0.185606,0.744902,-0.000000,0.238678,0.738312,-0.006138,0.287037,0.709213,-0.014287,0.320281,0.672869,-0.026274,0.301598,0.639031,-0.037103,0.286489,0.613364,-0.000649,0.319333,0.554289,-0.022729,0.327492,0.590241,-0.039700,0.319142,0.622976,-0.047598,0.265518,0.599798,-0.009513,0.299206,0.523311,-0.030469,0.309654,0.574547,-0.042684,0.301005,0.613875,-0.046440,0.241967,0.594676,-0.020745,0.268483,0.525091,-0.039630,0.285291,0.572907,-0.044404,0.282035,0.612331,-0.042684,0.215151,0.596207,-0.032943,0.242981,0.548206,-0.046194,0.263096,0.576937,-0.047458,0.266398,0.608296,-0.045527
2460,0,0.037931,0.029832,0.076935,3.018772,2.860157,0.185323,0.745145,-0.000000,0.238277,0.738514,-0.006578,0.286399,0.709624,-0.015032,0.319574,0.673450,-0.027258,0.300737,0.639438,-0.038274,0.286214,0.614516,-0.001211,0.319177,0.555053,-0.023399,0.326462,0.591269,-0.040379,0.317583,0.623654,-0.048237,0.264924,0.600794,-0.010016,0.298891,0.523150,-0.031223,0.308952,0.574757,-0.043536,0.300089,0.614417,-0.047255,0.241185,0.595268,-0.021207,0.267757,0.524668,-0.040239,0.284490,0.572800,-0.045045,0.281174,0.612527,-0.043326,0.214270,0.596477,-0.033380,0.242393,0.547507,-0.046694,0.262372,0.576689,-0.047921,0.265481,0.608602,-0.045957
2495,0,0.045141,0.029579,0.091986,2.997838,2.858803,0.183936,0.744670,-0.000000,0.237178,0.738674,-0.006449,0.285456,0.709883,-0.014671,0.318437,0.673640,-0.026709,0.299800,0.639962,-0.037543,0.285698,0.614488,-0.000882,0.318544,0.554809,-0.022845,0.325883,0.590201,-0.039721,0.317003,0.622823,-0.047552,0.264301,0.600644,-0.009597,0.297918,0.523456,-0.030554,0.307580,0.574562,-0.042671,0.298484,0.613870,-0.046358,0.240244,0.594614,-0.020703,0.267173,0.524437,-0.039545,0.283203,0.572132,-0.044111,0.279278,0.611695,-0.042249,0.213005,0.595325,-0.032802,0.241209,0.547284,-0.046112,0.261059,0.576006,-0.047377,0.263952,0.607570,-0.045410
2524,0,0.077140,0.072876,0.207914,2.984648,2.861055,0.183297,0.744183,-0.000000,0.235774,0.738585,-0.006923,0.283514,0.710698,-0.015082,0.316410,0.674546,-0.026919,0.298149,0.640637,-0.037494,0.286295,0.615546,-0.000636,0.319281,0.557246,-0.022114,0.324231,0.592644,-0.038792,0.313734,0.623849,-0.046648,0.264754,0.600978,-0.009005,0.297542,0.524540,-0.029550,0.305381,0.575527,-0.041668,0.295452,0.614213,-0.045456,0.240123,0.594166,-0.019764,0.266026,0.524505,-0.038090,0.280955,0.572097,-0.042404,0.276392,0.611463,-0.040510,0.212152,0.593556,-0.031602,0.239177,0.545382,-0.044439,0.258352,0.573663,-0.045421,0.261233,0.604755,-0.043351
2557,0,0.045319,0.032147,0.103921,2.967308,2.866722,0.182440,0.743463,-0.000000,0.234504,0.738638,-0.007587,0.282355,0.711181,-0.016161,0.314944,0.674782,-0.028289,0.295440,0.640556,-0.039151,0.285987,0.615786,-0.001325,0.318763,0.557662,-0.022823,0.322664,0.592153,-0.039256,0.311786,0.623251,-0.046869,0.264209,0.600790,-0.009369,0.297486,0.524819,-0.030088,0.303937,0.575012,-0.042015,0.293619,0.613983,-0.045507,0.239571,0.593754,-0.019855,0.265436,0.524118,-0.038278,0.279685,0.570989,-0.042678,0.275086,0.610523,-0.040792,0.211030,0.593057,-0.031450,0.237695,0.544649,-0.044459,0.256720,0.572583,-0.045717,0.259833,0.604026,-0.043761
2591,0,0.083940,0.079351,0.194736,2.976242,2.894095,0.181806,0.742963,-0.000000,0.234159,0.738378,-0.007992,0.281653,0.711918,-0.017057,0.313502,0.676192,-0.029682,0.294896,0.640047,-0.041216,0.284378,0.616506,-0.002408,0.318068,0.559008,-0.024691,0.321633,0.593640,-0.041740,0.310685,0.624863,-0.049732,0.262370,0.601663,-0.010583,0.296378,0.525526,-0.032142,0.302845,0.575898,-0.045055,0.292902,0.614910,-0.049313,0.237480,0.594758,-0.021184,0.264157,0.524255,-0.040239,0.278493,0.571235,-0.045509,0.274216,0.611167,-0.044287,0.209092,0.594410,-0.032893,0.235849,0.545770,-0.046277,0.255466,0.573561,-0.048196,0.259103,0.604889,-0.046800
2639,0,0.038454,0.036564,0.174803,2.973679,2.892432,0.181680,0.742984,-0.000000,0.233627,0.739221,-0.008378,0.281642,0.712058,-0.017320,0.312804,0.675743,-0.029605,0.293416,0.640511,-0.040701,0.284826,0.615722,-0.002628,0.318345,0.559431,-0.024396,0.320593,0.595287,-0.041152,0.308850,0.626027,-0.049070,0.262477,0.600784,-0.010549,0.296101,0.525765,-0.031689,0.301847,0.576748,-0.044382,0.291695,0.615448,-0.048584,0.237073,0.594108,-0.020854,0.263215,0.524333,-0.039694,0.277477,0.571684,-0.044868,0.273297,0.611435,-0.043618,0.208155,0.594295,-0.032279,0.234750,0.546426,-0.045667,0.254209,0.574458,-0.047508,0.258112,0.605474,-0.046084
2670,0,0.040280,0.038593,0.082859,2.989914,2.884561,0.181679,0.744248,-0.000000,0.233394,0.739453,-0.008400,0.280836,0.712088,-0.017597,0.311962,0.676156,-0.030147,0.293041,0.640388,-0.041421,0.284198,0.617269,-0.003150,0.317990,0.560789,-0.025342,0.320011,0.597073,-0.042289,0.308117,0.628160,-0.050268,0.261833,0.602190,-0.011145,0.295663,0.526586,-0.032610,0.301581,0.577059,-0.045307,0.291464,0.616275,-0.049470,0.236514,0.595460,-0.021526,0.262815,0.524489,-0.040381,0.276923,0.571372,-0.045376,0.272907,0.611387,-0.043989,0.207762,0.595476,-0.033043,0.234070,0.547211,-0.046348,0.253502,0.574755,-0.048117,0.257751,0.605673,-0.046625
2704,0,0.037680,0.039539,0.087902,2.973838,2.893611,0.180946,0.743286,-0.000000,0.232785,0.739517,-0.008648,0.280254,0.712777,-0.017764,0.311342,0.677125,-0.030289,0.292401,0.641314,-0.041635,0.284018,0.616338,-0.002524,0.317546,0.559944,-0.024391,0.319903,0.594805,-0.041114,0.308637,0.625949,-0.048990,0.261682,0.601233,-0.010331,0.295091,0.526157,-0.031746,0.300706,0.577112,-0.044619,0.290725,0.616050,-0.048851,0.236500,0.594581,-0.020574,0.262700,0.524112,-0.039726,0.276519,0.571649,-0.045104,0.272064,0.611890,-0.043855,0.207921,0.594896,-0.031937,0.234451,0.546665,-0.045590,0.253393,0.574867,-0.047568,0.256893,0.606240,-0.046180
2733,0,0.023902,0.032344,0.070337,2.975276,2.881842,0.181607,0.743735,-0.000000,0.232862,0.739694,-0.008546,0.280082,0.712959,-0.017828,0.311609,0.677335,-0.030563,0.292416,0.641647,-0.042206,0.284384,0.616190,-0.002839,0.317635,0.559264,-0.024637,0.320780,0.593510,-0.041305,0.309859,0.624799,-0.049171,0.261829,0.601255,-0.010794,0.294967,0.525994,-0.032157,0.300918,0.577036,-0.044943,0.291171,0.616026,-0.049171,0.236340,0.594864,-0.021138,0.262266,0.524170,-0.040300,0.276420,0.571839,-0.045671,0.272255,0.612041,-0.044493,0.207372,0.595534,-0.032573,0.233787,0.546904,-0.046364,0.253045,0.575406,-0.048409,0.256783,0.606909,-0.047127
2766,0,0.025584,0.027572,0.095855,2.983464,2.878507,0.181607,0.744254,-0.000000,0.232872,0.740312,-0.008755,0.280205,0.713149,-0.018047,0.311620,0.676812,-0.030621,0.292334,0.640724,-0.041948,0.284411,0.617190,-0.003347,0.318226,0.560674,-0.025356,0.320112,0.596094,-0.041983,0.308085,0.627137,-0.049742,0.261836,0.601867,-0.011154,0.295434,0.525872,-0.032526,0.300938,0.576974,-0.044962,0.290865,0.616095,-0.048841,0.236447,0.595193,-0.021390,0.262184,0.524247,-0.040355,0.276233,0.571544,-0.045274,0.272121,0.611667,-0.043784,0.207671,0.595480,-0.032751,0.233707,0.547059,-0.046278,0.253102,0.575107,-0.048045,0.257148,0.606221,-0.046521
2799,0,0.035831,0.028539,0.108161,2.979504,2.886627,0.182166,0.743479,-0.000000,0.233469,0.739804,-0.008888,0.280792,0.713153,-0.018316,0.312195,0.676958,-0.031157,0.292593,0.641207,-0.042817,0.284660,0.616105,-0.002607,0.318480,0.559667,-0.024728,0.320868,0.594794,-0.041566,0.308964,0.626109,-0.049386,0.262351,0.600863,-0.010357,0.295982,0.525828,-0.031783,0.301614,0.576869,-0.044555,0.291623,0.615875,-0.048691,0.237192,0.594087,-0.020627,0.263334,0.524144,-0.039863,0.277184,0.571758,-0.045320,0.272816,0.612158,-0.044103,0.208653,0.594501,-0.032009,0.235062,0.546951,-0.045737,0.253928,0.575639,-0.047718,0.257305,0.607301,-0.046362
2827,0,0.039531,0.025723,0.105012,3.001205,2.895333,0.183070,0.743795,-0.000000,0.234035,0.740189,-0.009051,0.281320,0.712866,-0.018553,0.312596,0.677230,-0.031419,0.293559,0.641592,-0.043036,0.284864,0.616910,-0.003529,0.319024,0.559712,-0.025818,0.321483,0.595172,-0.042655,0.309923,0.626913,-0.050457,0.262544,0.602064,-0.011184,0.296541,0.526725,-0.032702,0.302387,0.577822,-0.045325,0.292698,0.616820,-0.049417,0.237433,0.595346,-0.021327,0.264209,0.524420,-0.040574,0.278251,0.572084,-0.045741,0.273886,0.612728,-0.044354,0.209157,0.595452,-0.032632,0.236109,0.547313,-0.046435,0.255028,0.575789,-0.048307,0.258049,0.607552,-0.046851
2863,0,0.064399,0.064676,0.240118,3.020976,2.875786,0.184089,0.745333,-0.000000,0.236152,0.739927,-0.007894,0.283764,0.711967,-0.017171,0.315271,0.675246,-0.029915,0.295072,0.639859,-0.041362,0.285222,0.616323,-0.002471,0.318561,0.559655,-0.024796,0.322225,0.595635,-0.041742,0.310865,0.627076,-0.049524,0.262902,0.601886,-0.010704,0.296480,0.525888,-0.032163,0.304447,0.577074,-0.044682,0.294783,0.616308,-0.048521,0.238007,0.595944,-0.021373,0.264542,0.525070,-0.040774,0.280391,0.573081,-0.045962,0.276482,0.612915,-0.044475,0.209742,0.596961,-0.033062,0.237496,0.548725,-0.046999,0.257456,0.578150,-0.048867,0.260681,0.609998,-0.047276
2898,0,0.079416,0.095537,0.349763,3.015136,2.836839,0.183765,0.747003,-0.000000,0.237028,0.740089,-0.007124,0.285759,0.711409,-0.016133,0.319150,0.675010,-0.028880,0.299156,0.640250,-0.040289,0.283812,0.613562,-0.001073,0.317120,0.556091,-0.024000,0.323320,0.592569,-0.041366,0.313449,0.625396,-0.049146,0.261679,0.599899,-0.009725,0.295431,0.523899,-0.031745,0.305478,0.575392,-0.044561,0.297139,0.615435,-0.048312,0.237155,0.595302,-0.020909,0.263742,0.525513,-0.040984,0.281683,0.573721,-0.046610,0.279569,0.613993,-0.045047,0.209741,0.598174,-0.033030,0.238577,0.551035,-0.047340,0.259561,0.580508,-0.049354,0.263912,0.612590,-0.047652
2926,0,0.073583,0.063657,0.224193,3.027116,2.815538,0.185293,0.748233,-0.000000,0.239126,0.738721,-0.005834,0.287690,0.709150,-0.014561,0.322080,0.673107,-0.027175,0.302916,0.639862,-0.038501,0.283264,0.612949,-0.000973,0.316453,0.554647,-0.023669,0.324914,0.592977,-0.040886,0.315629,0.625851,-0.048740,0.261856,0.600161,-0.010248,0.295295,0.522815,-0.031348,0.307948,0.575223,-0.043375,0.299911,0.614790,-0.046952,0.237877,0.596319,-0.021915,0.264359,0.526328,-0.041131,0.283973,0.575242,-0.045865,0.282471,0.614951,-0.044006,0.211050,0.599875,-0.034469,0.239517,0.551967,-0.048109,0.261663,0.581431,-0.049441,0.266347,0.613421,-0.047478
2956,0,0.069441,0.085972,0.163806,3.026230,2.764522,0.187024,0.750346,-0.000000,0.240393,0.739115,-0.005432,0.289298,0.708049,-0.013914,0.323956,0.671465,-0.026386,0.305058,0.639367,-0.037549,0.283140,0.611230,0.000105,0.315640,0.552747,-0.022782,0.325973,0.590248,-0.040150,0.318265,0.623469,-0.047991,0.262210,0.599346,-0.009299,0.295716,0.522620,-0.030640,0.309465,0.574605,-0.042471,0.302320,0.614373,-0.045670,0.238817,0.596139,-0.021165,0.265443,0.527106,-0.040502,0.285734,0.575467,-0.044756,0.285022,0.614981,-0.042365,0.212700,0.600271,-0.033945,0.241113,0.552796,-0.047393,0.263457,0.581692,-0.048237,0.268694,0.613199,-0.045811
3005,0,0.054701,0.043759,0.086617,3.039266,2.788408,0.188223,0.749386,-0.000000,0.241422,0.738094,-0.004963,0.289904,0.707750,-0.013289,0.325452,0.672585,-0.025765,0.307870,0.640987,-0.036989,0.283834,0.610884,0.000960,0.316172,0.552577,-0.021459,0.326765,0.589179,-0.038436,0.319474,0.622165,-0.046060,0.263324,0.598954,-0.008639,0.296709,0.522563,-0.029630,0.310142,0.574372,-0.041154,0.302846,0.613874,-0.044190,0.240334,0.595500,-0.020718,0.267072,0.527496,-0.039989,0.287086,0.575929,-0.044154,0.286023,0.615189,-0.041754,0.214676,0.599811,-0.033654,0.243185,0.552400,-0.047049,0.265028,0.581999,-0.047754,0.269547,0.613915,-0.045284
3037,0,0.045584,0.037994,0.188333,3.047766,2.777070,0.189503,0.749951,-0.000000,0.242407,0.737938,-0.004740,0.290877,0.706432,-0.012918,0.327208,0.670773,-0.025274,0.309834,0.640089,-0.036372,0.283405,0.610172,0.001167,0.316117,0.551775,-0.021071,0.328581,0.588731,-0.038166,0.321724,0.622347,-0.045905,0.263379,0.598796,-0.008473,0.297025,0.522086,-0.029161,0.312212,0.574118,-0.040734,0.305315,0.614019,-0.043900,0.240999,0.595614,-0.020561,0.268138,0.527545,-0.039397,0.289262,0.576388,-0.043513,0.288110,0.616179,-0.041227,0.216142,0.599793,-0.033541,0.244717,0.552333,-0.046714,0.266807,0.581988,-0.047488,0.271035,0.614302,-0.045096
3071,0,0.062723,0.072413,0.151844,3.042246,2.743480,0.190550,0.751009,-0.000000,0.243028,0.737960,-0.004669,0.291764,0.705120,-0.012436,0.327734,0.669206,-0.024361,0.310684,0.639223,-0.034905,0.283724,0.608302,0.002493,0.316034,0.550513,-0.019697,0.329064,0.587579,-0.036859,0.322825,0.621098,-0.044568,0.263911,0.597095,-0.007072,0.297460,0.521713,-0.027882,0.312952,0.573500,-0.039323,0.306501,0.613479,-0.042210,0.241614,0.593955,-0.019204,0.269467,0.527422,-0.038267,0.290408,0.576070,-0.042069,0.289517,0.615698,-0.039288,0.216893,0.598214,-0.032265,0.245959,0.551957,-0.045519,0.267912,0.581556,-0.045941,0.272289,0.613755,-0.043090
3099,0,0.033368,0.046809,0.154297,3.040665,2.753932,0.189391,0.750881,-0.000000,0.242546,0.737862,-0.004345,0.291772,0.705054,-0.012049,0.328037,0.669077,-0.024011,0.310686,0.640363,-0.034498,0.282871,0.607745,0.002827,0.315661,0.548790,-0.019226,0.328972,0.586219,-0.036334,0.322737,0.620236,-0.044067,0.262994,0.596901,-0.006938,0.297320,0.521021,-0.027559,0.313476,0.572669,-0.039088,0.307208,0.612913,-0.042160,0.241012,0.594095,-0.019261,0.269634,0.526766,-0.037993,0.291817,0.574786,-0.041948,0.291494,0.614372,-0.039476,0.216915,0.598784,-0.032520,0.246692,0.552278,-0.045585,0.269408,0.581269,-0.046185,0.274268,0.613112,-0.043608
3133,0,0.036817,0.041000,0.138909,3.033185,2.740115,0.189329,0.751331,-0.000000,0.242315,0.737307,-0.004549,0.291956,0.703885,-0.012697,0.328754,0.668293,-0.025110,0.311304,0.639535,-0.035946,0.282047,0.605896,0.002636,0.315762,0.546996,-0.019631,0.329531,0.585371,-0.036992,0.322872,0.619405,-0.044936,0.262548,0.595699,-0.007120,0.297538,0.521531,-0.027629,0.313986,0.574240,-0.039191,0.307523,0.613474,-0.042454,0.241072,0.592978,-0.019524,0.270341,0.526503,-0.037985,0.292780,0.575165,-0.041815,0.292147,0.614890,-0.039475,0.217210,0.597745,-0.032913,0.247950,0.551761,-0.045823,0.270950,0.581310,-0.046461,0.275569,0.613480,-0.044050
3168,0,0.037170,0.044055,0.135618,3.028011,2.764370,0.189746,0.749677,-0.000000,0.243477,0.735424,-0.004372,0.292737,0.703091,-0.012403,0.329548,0.667273,-0.024859,0.312230,0.638032,-0.035807,0.282040,0.606203,0.003504,0.316140,0.547161,-0.018968,0.329834,0.584632,-0.036375,0.323641,0.618448,-0.044218,0.262786,0.596100,-0.006290,0.298198,0.521513,-0.027042,0.313905,0.573744,-0.038611,0.307093,0.613127,-0.041805,0.241429,0.593000,-0.018809,0.271387,0.526537,-0.037653,0.292884,0.575044,-0.041344,0.291909,0.614859,-0.038718,0.217690,0.597206,-0.032330,0.249028,0.551952,-0.045318,0.272102,0.580662,-0.045886,0.277111,0.612083,-0.043402
3195,0,0.033665,0.037438,0.095077,3.019927,2.774464,0.189708,0.748715,-0.000000,0.242855,0.735939,-0.004990,0.292270,0.703196,-0.013178,0.329468,0.667407,-0.025632,0.312073,0.638161,-0.036531,0.281923,0.605592,0.002550,0.316317,0.547049,-0.020050,0.330026,0.585137,-0.037555,0.323818,0.619182,-0.045540,0.262624,0.594924,-0.007026,0.298375,0.520913,-0.028034,0.314256,0.573535,-0.039817,0.307726,0.613025,-0.043102,0.241312,0.591839,-0.019325,0.271199,0.525895,-0.038368,0.293133,0.574543,-0.042431,0.292378,0.614290,-0.040029,0.217891,0.596257,-0.032645,0.249203,0.551182,-0.045858,0.272244,0.580396,-0.046706,0.277100,0.612041,-0.044409
3229,0,0.022704,0.033269,0.139381,3.030562,2.760522,0.189989,0.749810,-0.000000,0.243367,0.736139,-0.004418,0.292638,0.703278,-0.012456,0.329481,0.667560,-0.024823,0.312086,0.638893,-0.035698,0.282496,0.606317,0.002679,0.316349,0.546821,-0.019650,0.329891,0.585254,-0.036970,0.323492,0.619461,-0.044808,0.263080,0.595931,-0.007172,0.298209,0.520558,-0.027718,0.314426,0.573040,-0.039335,0.307769,0.612562,-0.042584,0.241561,0.593045,-0.019650,0.271121,0.525984,-0.038205,0.293325,0.574615,-0.042054,0.292595,0.614340,-0.039653,0.217904,0.597453,-0.033103,0.248651,0.551212,-0.045974,0.271818,0.580130,-0.046609,0.276692,0.611752,-0.044208
3263,0,0.018330,0.026320,0.076066,3.028877,2.771137,0.189598,0.749263,-0.000000,0.242891,0.736437,-0.004349,0.292247,0.703426,-0.012311,0.329613,0.667944,-0.024623,0.312425,0.639202,-0.035410,0.282526,0.606121,0.002879,0.316328,0.546293,-0.019379,0.330081,0.584483,-0.036703,0.323548,0.618718,-0.044604,0.263145,0.595765,-0.006935,0.298462,0.520379,-0.027350,0.314422,0.572806,-0.038829,0.307750,0.612119,-0.042053,0.241808,0.592887,-0.019397,0.271568,0.526044,-0.037802,0.293501,0.574403,-0.041522,0.292524,0.613890,-0.039113,0.218322,0.597324,-0.032860,0.249393,0.551662,-0.045596,0.272302,0.580243,-0.046163,0.276856,0.611523,-0.043825
3296,0,0.016457,0.022705,0.087526,3.031045,2.763581,0.189615,0.749781,-0.000000,0.242964,0.736156,-0.004537,0.292572,0.703149,-0.012504,0.329810,0.667276,-0.024795,0.312275,0.639313,-0.035554,0.282647,0.605665,0.002922,0.316377,0.546294,-0.019283,0.330017,0.584582,-0.036617,0.323338,0.618589,-0.044557,0.263385,0.595277,-0.006912,0.298678,0.520348,-0.027596,0.314768,0.573138,-0.039346,0.308125,0.612389,-0.042679,0.241983,0.592405,-0.019407,0.271874,0.525611,-0.038106,0.293797,0.574410,-0.042182,0.292981,0.614158,-0.039914,0.218410,0.596841,-0.032895,0.249416,0.550956,-0.045940,0.272350,0.580307,-0.046755,0.276910,0.612256,-0.044486
3324,0,0.022634,0.035309,0.085215,3.027123,2.772418,0.189164,0.749180,-0.000000,0.242969,0.736055,-0.004452,0.292615,0.703187,-0.012461,0.330017,0.667430,-0.024869,0.312394,0.638902,-0.035758,0.282975,0.605708,0.003459,0.316390,0.546757,-0.018669,0.330229,0.584295,-0.036006,0.323898,0.618303,-0.043982,0.263811,0.595299,-0.006386,0.298546,0.520379,-0.026769,0.314616,0.572956,-0.038369,0.307979,0.612102,-0.041708,0.242672,0.592383,-0.018918,0.271881,0.525885,-0.037339,0.293634,0.574493,-0.041140,0.292586,0.614087,-0.038831,0.219209,0.596841,-0.032489,0.250002,0.550949,-0.045155,0.272489,0.580028,-0.045758,0.276721,0.611710,-0.043414
3358,0,0.035181,0.033433,0.098279,3.029327,2.778477,0.188952,0.749141,-0.000000,0.243015,0.736062,-0.004278,0.292655,0.702893,-0.012047,0.330027,0.667935,-0.024183,0.312787,0.640520,-0.034847,0.282723,0.605236,0.003353,0.315993,0.547033,-0.018754,0.329799,0.585376,-0.036124,0.323440,0.619236,-0.044144,0.263388,0.594610,-0.006711,0.298214,0.519333,-0.027519,0.314506,0.572294,-0.039425,0.307976,0.611784,-0.042760,0.241915,0.591700,-0.019411,0.271211,0.525536,-0.038466,0.293331,0.574882,-0.042796,0.292599,0.614704,-0.040525,0.218269,0.596299,-0.033055,0.249031,0.550732,-0.046238,0.271741,0.580541,-0.047054,0.276076,0.612476,-0.044676
3404,0,0.024739,0.027021,0.084232,3.027764,2.763349,0.189012,0.749698,-0.000000,0.242851,0.736770,-0.004751,0.292301,0.703795,-0.012882,0.329623,0.668152,-0.025302,0.312500,0.639132,-0.036262,0.282636,0.606192,0.002740,0.316354,0.547203,-0.019715,0.330323,0.585255,-0.037330,0.324031,0.619239,-0.045479,0.263344,0.595367,-0.007082,0.298647,0.519669,-0.027935,0.314988,0.572415,-0.039856,0.308504,0.611835,-0.043344,0.241926,0.592290,-0.019572,0.271611,0.525672,-0.038504,0.293501,0.574520,-0.042667,0.292483,0.614128,-0.040461,0.218314,0.596542,-0.033077,0.249460,0.550701,-0.046190,0.271960,0.580374,-0.046938,0.276038,0.612260,-0.044625
3438,0,0.016588,0.017458,0.092279,3.033015,2.765632,0.188977,0.749813,-0.000000,0.242715,0.736698,-0.004652,0.292467,0.703495,-0.012823,0.330105,0.667830,-0.025344,0.312582,0.639528,-0.036394,0.282758,0.606067,0.002593,0.316718,0.546596,-0.019801,0.330524,0.585095,-0.037321,0.323750,0.619271,-0.045412,0.263693,0.595809,-0.007272,0.299151,0.520067,-0.027893,0.315362,0.572946,-0.039709,0.308642,0.612058,-0.043238,0.242301,0.592599,-0.019801,0.272126,0.525404,-0.038354,0.294148,0.574416,-0.042382,0.293067,0.614218,-0.040244,0.218616,0.596648,-0.033364,0.249684,0.550437,-0.046303,0.272565,0.579731,-0.047123,0.276965,0.611580,-0.045020
3471,0,0.024140,0.031238,0.084224,3.037847,2.772202,0.189658,0.749459,-0.000000,0.243631,0.735585,-0.004202,0.293099,0.703297,-0.012188,0.330194,0.667918,-0.024609,0.312782,0.639963,-0.035504,0.283411,0.605828,0.003335,0.317061,0.546784,-0.018974,0.330521,0.585650,-0.036467,0.323740,0.619695,-0.044474,0.264197,0.595545,-0.006696,0.299248,0.519933,-0.027355,0.315334,0.572685,-0.039160,0.308508,0.612133,-0.042584,0.242738,0.592390,-0.019384,0.272299,0.525814,-0.037983,0.294111,0.574633,-0.042013,0.293112,0.614408,-0.039695,0.218812,0.596534,-0.033061,0.249635,0.550282,-0.045794,0.272440,0.579458,-0.046364,0.276815,0.611549,-0.043975
3499,0,0.016667,0.021340,0.074880,3.036745,2.768574,0.189085,0.749832,-0.000000,0.242779,0.736536,-0.004364,0.292246,0.704024,-0.012330,0.329747,0.668768,-0.024661,0.312986,0.640163,-0.035461,0.283096,0.606181,0.003258,0.316638,0.546693,-0.018878,0.330306,0.585289,-0.036350,0.323781,0.619639,-0.044411,0.263825,0.595855,-0.006628,0.298981,0.520209,-0.027098,0.315276,0.572658,-0.038930,0.308737,0.612062,-0.042418,0.242536,0.592469,-0.019163,0.272248,0.525508,-0.037578,0.294349,0.574110,-0.041564,0.293214,0.613842,-0.039357,0.218885,0.596452,-0.032721,0.249870,0.550315,-0.045514,0.272452,0.579789,-0.046154,0.276580,0.611767,-0.043806
3532,0,0.021729,0.021466,0.106197,3.039451,2.770097,0.189078,0.749971,-0.000000,0.243217,0.735986,-0.004386,0.292960,0.703687,-0.012665,0.330727,0.668620,-0.025418,0.313597,0.640172,-0.036622,0.282564,0.605656,0.003551,0.316519,0.546617,-0.018756,0.330357,0.585444,-0.036284,0.323539,0.619783,-0.044317,0.263692,0.595280,-0.006466,0.299250,0.520406,-0.026986,0.315547,0.573150,-0.038831,0.308930,0.612376,-0.042358,0.242478,0.591938,-0.019220,0.272640,0.525621,-0.037798,0.294849,0.574607,-0.041966,0.293613,0.614509,-0.039828,0.218797,0.595885,-0.032989,0.250214,0.550418,-0.045920,0.272955,0.580466,-0.046740,0.277125,0.612907,-0.044495
3566,0,0.033219,0.038083,0.099815,3.038350,2.787442,0.188206,0.749366,-0.000000,0.242544,0.736392,-0.004471,0.292235,0.703853,-0.012494,0.329559,0.668816,-0.024934,0.313231,0.640285,-0.035806,0.282060,0.605677,0.003025,0.316271,0.546783,-0.019445,0.330089,0.585826,-0.037107,0.323511,0.620169,-0.045270,0.262864,0.595131,-0.006978,0.298446,0.520221,-0.027946,0.314891,0.573471,-0.040030,0.308183,0.613132,-0.043665,0.241568,0.592009,-0.019676,0.271738,0.525475,-0.038711,0.293897,0.574773,-0.042988,0.293014,0.614741,-0.040850,0.218267,0.596394,-0.033346,0.249813,0.551137,-0.046624,0.272766,0.580845,-0.047551,0.277047,0.612948,-0.045341
3599,0,0.028306,0.039224,0.145274,3.039246,2.778915,0.189055,0.749521,-0.000000,0.242247,0.736495,-0.004431,0.291527,0.704151,-0.012560,0.328621,0.669779,-0.025048,0.312800,0.640885,-0.035997,0.283181,0.606575,0.002615,0.316628,0.547318,-0.019868,0.329914,0.585609,-0.037279,0.323222,0.620021,-0.045147,0.263552,0.596117,-0.007330,0.298678,0.520567,-0.028342,0.314439,0.573311,-0.040091,0.307608,0.613035,-0.043296,0.241874,0.592940,-0.019921,0.271327,0.525702,-0.038810,0.292994,0.574682,-0.042691,0.292138,0.614684,-0.040198,0.217799,0.596925,-0.033469,0.248432,0.550988,-0.046607,0.271021,0.580485,-0.047212,0.275462,0.612393,-0.044720
3629,0,0.070590,0.097427,0.208018,3.001209,2.722237,0.189903,0.750402,-0.000000,0.242952,0.736753,-0.004605,0.291643,0.703408,-0.012354,0.327052,0.669209,-0.024441,0.311298,0.640349,-0.035135,0.283237,0.606416,0.001957,0.316011,0.547325,-0.020658,0.328348,0.586242,-0.038154,0.321791,0.620519,-0.046005,0.262687,0.595999,-0.007904,0.296835,0.520197,-0.029450,0.312408,0.572772,-0.041742,0.305843,0.613733,-0.045117,0.240022,0.592971,-0.020285,0.268310,0.525286,-0.039433,0.289779,0.574115,-0.043874,0.289391,0.614649,-0.041494,0.215048,0.596619,-0.033625,0.243848,0.548728,-0.046751,0.266006,0.578082,-0.047426,0.270787,0.610804,-0.044762
3675,0,0.116967,0.098289,0.280248,2.917477,2.649458,0.188751,0.750646,-0.000000,0.241605,0.737249,-0.005494,0.290111,0.703034,-0.013484,0.324078,0.666407,-0.025533,0.307395,0.634847,-0.036193,0.283032,0.607899,0.000701,0.314825,0.547282,-0.021850,0.326359,0.584336,-0.038991,0.319467,0.617848,-0.046569,0.261760,0.596780,-0.008552,0.294476,0.519783,-0.029677,0.308749,0.570580,-0.041257,0.301943,0.610420,-0.044267,0.237761,0.592835,-0.020381,0.265212,0.523557,-0.039380,0.285385,0.570387,-0.043134,0.284287,0.609493,-0.040407,0.210868,0.595566,-0.033183,0.239893,0.546736,-0.046392,0.262042,0.574679,-0.046817,0.266930,0.605957,-0.043949
3712,0,0.229649,0.190742,0.479521,2.743794,2.547981,0.187995,0.747648,-0.000000,0.240896,0.735903,-0.007004,0.287634,0.703579,-0.015573,0.320173,0.667291,-0.027644,0.305997,0.631714,-0.038557,0.284162,0.609142,-0.001383,0.314118,0.546721,-0.024337,0.323645,0.578546,-0.041705,0.316965,0.612036,-0.049204,0.260646,0.596585,-0.009179,0.289924,0.518401,-0.030846,0.302281,0.565128,-0.042589,0.296461,0.606673,-0.045632,0.234274,0.591443,-0.019508,0.258047,0.520042,-0.037248,0.276172,0.562532,-0.039653,0.275629,0.602284,-0.036541,0.204524,0.592559,-0.031111,0.228019,0.543441,-0.043049,0.249133,0.566120,-0.042979,0.256494,0.594325,-0.039936
3746,0,0.331026,0.280981,0.787592,2.511902,2.421769,0.187285,0.743648,-0.000000,0.238614,0.733931,-0.010023,0.284986,0.703711,-0.019298,0.318104,0.666902,-0.031332,0.305787,0.626486,-0.042253,0.282071,0.611636,-0.008617,0.313153,0.543045,-0.031890,0.320413,0.572237,-0.048383,0.312404,0.606715,-0.054932,0.256501,0.596786,-0.014456,0.285385,0.518185,-0.034276,0.295023,0.559486,-0.044203,0.288715,0.598956,-0.047025,0.228151,0.589625,-0.022833,0.251892,0.512623,-0.037690,0.266138,0.549038,-0.038421,0.263446,0.588428,-0.035600,0.195722,0.587626,-0.032848,0.213242,0.529849,-0.043054,0.231231,0.549155,-0.042079,0.236194,0.580088,-0.038874
3778,0,0.386567,0.277479,0.540423,2.316328,2.370651,0.184768,0.737889,-0.000000,0.234443,0.735308,-0.013721,0.284177,0.704253,-0.023524,0.319646,0.670660,-0.035329,0.310314,0.628795,-0.045890,0.279994,0.607608,-0.012784,0.310471,0.537688,-0.037713,0.314675,0.562871,-0.054952,0.305326,0.599001,-0.061629,0.252044,0.590131,-0.017000,0.280280,0.512142,-0.038872,0.287373,0.549203,-0.050728,0.281904,0.590484,-0.054713,0.221631,0.581409,-0.024052,0.244588,0.502591,-0.040439,0.257532,0.534090,-0.044323,0.255866,0.574959,-0.043607,0.187340,0.578707,-0.032893,0.201862,0.519777,-0.044697,0.218703,0.534446,-0.046673,0.225040,0.565202,-0.045583
3811,0,0.474248,0.436319,2.732690,1.956627,2.022662,0.180784,0.738508,0.000000,0.231128,0.736474,-0.017770,0.282647,0.708297,-0.026985,0.320375,0.675838,-0.037741,0.323311,0.631145,-0.047126,0.279815,0.603525,-0.007436,0.305615,0.537475,-0.031084,0.310248,0.546497,-0.048312,0.303078,0.580462,-0.054579,0.250294,0.583388,-0.009444,0.274359,0.508643,-0.029356,0.278472,0.530452,-0.042146,0.273745,0.569623,-0.046177,0.218248,0.575422,-0.015313,0.237636,0.499240,-0.032372,0.245956,0.513804,-0.038826,0.243849,0.550027,-0.038826,0.181712,0.575318,-0.023123,0.190940,0.515084,-0.036352,0.202022,0.519871,-0.039469,0.205787,0.547155,-0.037843
3838,0,0.578059,0.554750,9.933489,1.774062,1.836516,0.173158,0.738975,0.000000,0.228649,0.738011,-0.020725,0.283880,0.710267,-0.026824,0.323374,0.674961,-0.033009,0.332727,0.633440,-0.037896,0.275882,0.600444,-0.002208,0.300276,0.549404,-0.019204,0.306547,0.537251,-0.034325,0.303827,0.546642,-0.041244,0.246549,0.575804,-0.001373,0.270863,0.509711,-0.016257,0.274678,0.505800,-0.029592,0.268716,0.531656,-0.035093,0.213904,0.565528,-0.004570,0.231951,0.500862,-0.019887,0.236300,0.492952,-0.029746,0.233628,0.514645,-0.032497,0.175646,0.566233,-0.009884,0.181756,0.510860,-0.024039,0.188273,0.501971,-0.029780,0.192072,0.518826,-0.029917
3869,0,0.500482,0.514741,7.935235,1.830022,1.824710,0.166550,0.740652,0.000000,0.224328,0.741259,-0.021219,0.282653,0.715130,-0.026373,0.323682,0.678804,-0.030941,0.340863,0.639885,-0.033888,0.273276,0.598150,0.002558,0.297262,0.549939,-0.008541,0.304406,0.530256,-0.021702,0.304478,0.523004,-0.029562,0.244724,0.571285,0.005003,0.265221,0.514577,-0.001090,0.271848,0.494045,-0.011377,0.270679,0.490090,-0.018495,0.212203,0.559960,0.002969,0.225827,0.504749,-0.004788,0.230252,0.483384,-0.013023,0.230630,0.478013,-0.018358,0.174511,0.561141,-0.001732,0.177284,0.514187,-0.009860,0.179742,0.498285,-0.013704,0.181418,0.495167,-0.015057
3900,0,0.369449,0.360174,2.223044,1.588933,1.563265,0.163355,0.740202,0.000000,0.222054,0.744202,-0.026109,0.280611,0.719219,-0.033683,0.322005,0.682411,-0.038812,0.344568,0.642875,-0.042163,0.271767,0.598660,-0.005976,0.298383,0.548224,-0.014832,0.305872,0.518353,-0.026006,0.307500,0.489721,-0.033922,0.242361,0.569982,-0.000996,0.264161,0.511086,-0.004424,0.270892,0.478696,-0.012567,0.272276,0.450034,-0.018996,0.209293,0.557168,-0.000118,0.222224,0.500710,-0.004018,0.226857,0.469502,-0.009686,0.229655,0.440295,-0.014414,0.172526,0.558639,-0.002477,0.175301,0.512489,-0.007032,0.175721,0.486033,-0.008660,0.175725,0.461296,-0.009216
3935,0,0.545918,0.559051,0.682309,1.137997,1.094754,0.162026,0.741680,0.000000,0.220048,0.747122,-0.029171,0.277644,0.721089,-0.039137,0.319569,0.683194,-0.046118,0.347830,0.646477,-0.051743,0.270646,0.601433,-0.015905,0.298061,0.543904,-0.028164,0.308711,0.506992,-0.040422,0.315180,0.470610,-0.049660,0.241054,0.570079,-0.011651,0.264849,0.500437,-0.020159,0.274937,0.458860,-0.030404,0.280143,0.421816,-0.038165,0.207315,0.556767,-0.011243,0.221603,0.489500,-0.020906,0.227143,0.448671,-0.029796,0.230956,0.411382,-0.036047,0.169902,0.559093,-0.013908,0.173579,0.504645,-0.024344,0.174415,0.470902,-0.029310,0.175521,0.438957,-0.031723
3967,0,0.404990,0.450789,0.453479,0.984447,0.985536,0.157869,0.742385,0.000000,0.216400,0.747582,-0.029916,0.273879,0.721655,-0.042137,0.316877,0.685169,-0.051529,0.351704,0.654478,-0.059724,0.269116,0.599797,-0.020343,0.299853,0.538923,-0.035193,0.314039,0.498575,-0.048265,0.324249,0.460304,-0.058201,0.239979,0.567054,-0.017388,0.268059,0.493132,-0.029518,0.282138,0.446864,-0.041158,0.291096,0.406005,-0.049607,0.206184,0.553954,-0.018213,0.221601,0.479638,-0.031820,0.228652,0.434372,-0.042391,0.234553,0.393619,-0.049244,0.168465,0.557462,-0.021975,0.171342,0.496978,-0.036135,0.172222,0.458345,-0.043043,0.174371,0.421677,-0.046561
3995,0,0.196504,0.250927,0.321479,0.988222,0.978962,0.156015,0.745175,0.000000,0.214114,0.749536,-0.029180,0.271175,0.721696,-0.042021,0.316417,0.686166,-0.052422,0.355380,0.660235,-0.061764,0.267649,0.597615,-0.021615,0.301745,0.535483,-0.037803,0.318679,0.494101,-0.051363,0.331436,0.455782,-0.061575,0.238699,0.564764,-0.019743,0.269161,0.488867,-0.033378,0.285573,0.440741,-0.045387,0.296642,0.399039,-0.054048,0.205001,0.552163,-0.021578,0.221472,0.474958,-0.036139,0.230650,0.427886,-0.046710,0.239058,0.386659,-0.053632,0.167506,0.556604,-0.026324,0.169993,0.493759,-0.041037,0.171639,0.452744,-0.048110,0.175080,0.414582,-0.051892
4029,0,0.155176,0.182740,0.191561,1.002160,0.977823,0.154628,0.746527,0.000000,0.212891,0.750943,-0.029710,0.270240,0.721420,-0.043282,0.317151,0.686005,-0.054327,0.358052,0.661630,-0.064282,0.266314,0.594420,-0.023177,0.302003,0.532751,-0.040405,0.320385,0.491624,-0.054638,0.334650,0.454318,-0.065176,0.237082,0.561873,-0.021583,0.269255,0.483830,-0.036380,0.287760,0.435193,-0.048921,0.300805,0.393267,-0.057865,0.203121,0.550210,-0.023722,0.220900,0.471009,-0.039510,0.232442,0.422865,-0.050593,0.243171,0.380881,-0.057788,0.165623,0.555924,-0.028758,0.168681,0.490912,-0.044371,0.171646,0.448466,-0.051877,0.176862,0.409052,-0.055921
4064,0,0.075612,0.106128,0.086556,0.959352,0.921583,0.153521,0.747775,0.000000,0.212318,0.751141,-0.029709,0.270620,0.720828,-0.043163,0.318179,0.686025,-0.054053,0.359694,0.662598,-0.063869,0.264704,0.591855,-0.022336,0.302374,0.530665,-0.039387,0.322289,0.489648,-0.053615,0.337680,0.452714,-0.064148,0.235546,0.559462,-0.020727,0.269565,0.482059,-0.035392,0.288918,0.433755,-0.047852,0.302820,0.391908,-0.056715,0.201762,0.548107,-0.022952,0.220430,0.468842,-0.038592,0.233073,0.421573,-0.049283,0.244876,0.379769,-0.056159,0.164255,0.554157,-0.028119,0.168224,0.488810,-0.043480,0.171915,0.446219,-0.050476,0.178053,0.406589,-0.054251
4092,0,0.064465,0.055819,0.081558,0.917391,0.879339,0.154208,0.747279,0.000000,0.213876,0.749136,-0.029518,0.272220,0.718490,-0.043110,0.319749,0.683929,-0.054210,0.361609,0.660848,-0.064263,0.264527,0.589181,-0.022460,0.302847,0.528471,-0.039793,0.323366,0.487434,-0.054129,0.339179,0.450964,-0.064706,0.234756,0.556839,-0.020932,0.268823,0.479048,-0.035872,0.288582,0.430941,-0.048379,0.303001,0.390190,-0.057186,0.200702,0.546024,-0.023204,0.219881,0.466098,-0.039069,0.232749,0.419052,-0.049585,0.245027,0.378413,-0.056261,0.163266,0.552667,-0.028351,0.167680,0.487232,-0.043754,0.171947,0.444781,-0.050590,0.178740,0.405908,-0.054129
4145,0,0.060862,0.047446,0.049926,0.862011,0.833605,0.154737,0.746651,0.000000,0.214753,0.748006,-0.028647,0.273140,0.716751,-0.041789,0.321016,0.682236,-0.052650,0.362346,0.658802,-0.062462,0.264541,0.587701,-0.021278,0.302900,0.526465,-0.038236,0.323249,0.485325,-0.052368,0.338994,0.449008,-0.062744,0.234643,0.555742,-0.020057,0.269135,0.477856,-0.034703,0.288991,0.429888,-0.046998,0.303538,0.389430,-0.055719,0.200611,0.544846,-0.022590,0.220089,0.464827,-0.038196,0.233197,0.418357,-0.048492,0.245532,0.378543,-0.055033,0.163187,0.551212,-0.027960,0.167935,0.485555,-0.043122,0.172339,0.443060,-0.049703,0.179360,0.404350,-0.053135
4173,0,0.049859,0.047492,0.069505,0.824778,0.840724,0.154000,0.745064,0.000000,0.214747,0.746943,-0.029023,0.273765,0.715801,-0.042079,0.321511,0.681101,-0.052750,0.363128,0.658026,-0.062492,0.264385,0.586021,-0.020625,0.302509,0.524629,-0.037430,0.322304,0.483287,-0.051578,0.337571,0.446653,-0.062047,0.234552,0.554767,-0.019231,0.268713,0.476110,-0.033732,0.288392,0.428041,-0.046242,0.303151,0.387355,-0.055094,0.200670,0.544240,-0.021686,0.220164,0.464416,-0.037269,0.233558,0.417843,-0.047778,0.246263,0.377093,-0.054488,0.163241,0.550459,-0.027022,0.168306,0.485702,-0.042160,0.173114,0.443943,-0.048829,0.180650,0.405037,-0.052346
4205,0,0.034183,0.040224,0.086597,0.808315,0.811234,0.154493,0.745202,0.000000,0.215558,0.746877,-0.028650,0.274467,0.714670,-0.041640,0.322006,0.679747,-0.052364,0.363688,0.657066,-0.062116,0.264247,0.585284,-0.020780,0.302268,0.523192,-0.037634,0.322556,0.481880,-0.051676,0.338423,0.445647,-0.061995,0.234013,0.554229,-0.019616,0.267840,0.474807,-0.034113,0.287813,0.426587,-0.046334,0.303041,0.386284,-0.054953,0.200115,0.543857,-0.022236,0.219713,0.463514,-0.037796,0.233276,0.416666,-0.047993,0.246496,0.376521,-0.054468,0.162943,0.550483,-0.027740,0.167929,0.485045,-0.042854,0.172854,0.442843,-0.049369,0.180468,0.404285,-0.052728
4238,0,0.027598,0.023688,0.060415,0.785773,0.806847,0.154498,0.744173,0.000000,0.215867,0.745476,-0.028056,0.274652,0.713479,-0.040959,0.322366,0.679506,-0.051736,0.364017,0.657048,-0.061621,0.263998,0.584206,-0.020054,0.302414,0.522601,-0.036807,0.322744,0.481230,-0.050885,0.338578,0.445210,-0.061256,0.233927,0.553255,-0.019133,0.267528,0.474532,-0.033586,0.287412,0.426475,-0.045902,0.302344,0.386254,-0.054693,0.199953,0.542786,-0.021958,0.219608,0.462903,-0.037414,0.233209,0.415975,-0.047684,0.246162,0.375506,-0.054288,0.162836,0.549601,-0.027630,0.167590,0.484708,-0.042701,0.172423,0.442498,-0.049305,0.179908,0.403871,-0.052749
4267,0,0.047015,0.049301,0.069855,0.746006,0.758737,0.155205,0.744467,0.000000,0.216545,0.745014,-0.027917,0.275372,0.713212,-0.040421,0.322672,0.678494,-0.050784,0.363708,0.655096,-0.060197,0.264423,0.583138,-0.019008,0.302710,0.521277,-0.035290,0.322718,0.480216,-0.049127,0.338373,0.444195,-0.059429,0.234466,0.552540,-0.018049,0.268166,0.473785,-0.032058,0.288078,0.425925,-0.044279,0.303216,0.385856,-0.053006,0.200454,0.542438,-0.020928,0.220133,0.462455,-0.036219,0.233699,0.415568,-0.046622,0.246816,0.375367,-0.053288,0.163205,0.549489,-0.026624,0.168040,0.484279,-0.041734,0.172729,0.441904,-0.048481,0.180015,0.402865,-0.052036
4300,0,0.028499,0.043145,0.061274,0.751716,0.748148,0.155856,0.744714,0.000000,0.216197,0.745298,-0.028522,0.274302,0.712934,-0.041486,0.321934,0.677919,-0.052222,0.363540,0.654454,-0.061905,0.264132,0.583002,-0.019963,0.302656,0.520811,-0.036381,0.322841,0.479712,-0.050237,0.338529,0.443678,-0.060487,0.234026,0.552070,-0.018687,0.267780,0.473260,-0.032634,0.287561,0.425326,-0.044687,0.302528,0.385340,-0.053357,0.199956,0.541944,-0.021249,0.220276,0.462238,-0.036300,0.233954,0.415402,-0.046591,0.247086,0.375188,-0.053235,0.162810,0.548733,-0.026699,0.168057,0.483740,-0.041527,0.172636,0.441612,-0.048171,0.179772,0.402774,-0.051655
4334,0,0.040210,0.048254,0.096629,0.720166,0.750626,0.155085,0.743518,0.000000,0.216474,0.743493,-0.027935,0.275061,0.711837,-0.040657,0.321963,0.676951,-0.051251,0.363316,0.653386,-0.060853,0.264370,0.581550,-0.018849,0.303503,0.520272,-0.034903,0.323464,0.478977,-0.048577,0.338634,0.442852,-0.058746,0.234084,0.551296,-0.017806,0.268493,0.472756,-0.031622,0.288095,0.424789,-0.043756,0.302233,0.384705,-0.052426,0.200072,0.541584,-0.020581,0.219707,0.462287,-0.035572,0.233295,0.415637,-0.045944,0.246239,0.375220,-0.052629,0.162560,0.548636,-0.026152,0.167566,0.483675,-0.040981,0.172262,0.441559,-0.047605,0.179714,0.402447,-0.051130
4369,0,0.028751,0.024006,0.046621,0.712171,0.738124,0.155078,0.743276,0.000000,0.216322,0.743159,-0.027967,0.274782,0.711270,-0.040642,0.321847,0.676077,-0.051188,0.363183,0.652478,-0.060720,0.264026,0.581495,-0.019094,0.302909,0.519636,-0.035288,0.323181,0.478530,-0.048998,0.338893,0.442655,-0.059138,0.233658,0.551045,-0.018060,0.267355,0.472071,-0.031901,0.287069,0.424114,-0.044009,0.301617,0.383910,-0.052729,0.199713,0.540915,-0.020828,0.219316,0.461189,-0.035775,0.232934,0.413958,-0.046118,0.245995,0.373047,-0.052891,0.162645,0.547877,-0.026405,0.167170,0.483107,-0.041230,0.171589,0.440835,-0.047862,0.178756,0.401592,-0.051431
4397,0,0.031690,0.029695,0.058714,0.696792,0.716011,0.155153,0.743094,0.000000,0.216191,0.743484,-0.027875,0.274204,0.710820,-0.040455,0.321158,0.675527,-0.050928,0.362535,0.651529,-0.060369,0.263609,0.580700,-0.018992,0.302850,0.519365,-0.035208,0.323559,0.478042,-0.048903,0.339433,0.441942,-0.059032,0.233059,0.550056,-0.017959,0.267041,0.471404,-0.031825,0.286540,0.423359,-0.043838,0.300974,0.383232,-0.052346,0.199072,0.540189,-0.020724,0.218470,0.460258,-0.035694,0.231693,0.413410,-0.045702,0.244451,0.373035,-0.052103,0.161882,0.547320,-0.026335,0.166494,0.481769,-0.041063,0.171020,0.439271,-0.047485,0.178397,0.400259,-0.050807
4431,0,0.035092,0.044004,0.057427,0.693485,0.706115,0.155879,0.742598,0.000000,0.216735,0.742025,-0.027688,0.274885,0.709119,-0.040235,0.321606,0.673794,-0.050673,0.362728,0.649960,-0.060200,0.263593,0.579841,-0.019144,0.302675,0.518442,-0.035350,0.322908,0.477405,-0.049092,0.338270,0.441392,-0.059267,0.232963,0.549620,-0.018232,0.266427,0.470917,-0.032208,0.285795,0.423335,-0.044349,0.299784,0.383462,-0.053025,0.198681,0.540196,-0.021080,0.217662,0.460395,-0.036140,0.230974,0.413522,-0.046417,0.243742,0.372660,-0.053106,0.161321,0.547651,-0.026735,0.166132,0.482751,-0.041674,0.170671,0.440324,-0.048363,0.177919,0.400662,-0.051971
4464,0,0.017644,0.017131,0.049083,0.696525,0.698179,0.155485,0.742863,0.000000,0.216511,0.742161,-0.027671,0.274487,0.709454,-0.040264,0.321533,0.673963,-0.050815,0.362580,0.649637,-0.060436,0.263137,0.580082,-0.018889,0.301895,0.518614,-0.035332,0.322424,0.477433,-0.049239,0.337999,0.441210,-0.059547,0.232733,0.549529,-0.018121,0.266170,0.471085,-0.032219,0.285525,0.423370,-0.044468,0.299681,0.383035,-0.053200,0.198585,0.539807,-0.021163,0.217524,0.460124,-0.036383,0.230635,0.413300,-0.046651,0.243050,0.372542,-0.053281,0.161365,0.547087,-0.027004,0.165547,0.481666,-0.041962,0.169868,0.439288,-0.048551,0.176831,0.400188,-0.051987
4510,0,0.013712,0.017639,0.031398,0.700872,0.706386,0.155143,0.742773,0.000000,0.216315,0.742152,-0.027646,0.274798,0.708984,-0.040206,0.321809,0.673625,-0.050682,0.362983,0.649754,-0.060268,0.263143,0.579914,-0.019102,0.301914,0.518796,-0.035473,0.322361,0.477820,-0.049387,0.337884,0.441729,-0.059661,0.232827,0.549811,-0.018273,0.266344,0.471171,-0.032419,0.285596,0.423348,-0.044736,0.299553,0.383136,-0.053513,0.198712,0.540317,-0.021215,0.217794,0.459900,-0.036505,0.230685,0.412886,-0.046920,0.243023,0.371948,-0.053634,0.161296,0.547671,-0.026918,0.165248,0.482242,-0.042026,0.169401,0.439718,-0.048740,0.176201,0.400280,-0.052300
4545,0,0.033963,0.037097,0.047263,0.686150,0.671794,0.155156,0.743333,0.000000,0.216478,0.743042,-0.027399,0.274966,0.709623,-0.039500,0.322042,0.673814,-0.049537,0.362673,0.649448,-0.058643,0.263080,0.580254,-0.018344,0.301505,0.518694,-0.034421,0.321778,0.477378,-0.048120,0.337164,0.441164,-0.058359,0.232526,0.549998,-0.017564,0.265559,0.470954,-0.031446,0.284733,0.422941,-0.043628,0.298851,0.382611,-0.052370,0.198465,0.540596,-0.020569,0.217048,0.460101,-0.035736,0.229980,0.412568,-0.046137,0.242522,0.371044,-0.052936,0.161115,0.548271,-0.026367,0.165218,0.482822,-0.041442,0.169475,0.440097,-0.048282,0.176616,0.400058,-0.051924
4571,0,0.020502,0.018924,0.060799,0.699022,0.673109,0.155109,0.743456,0.000000,0.216361,0.742531,-0.027759,0.275039,0.709873,-0.040150,0.321508,0.673892,-0.050455,0.362187,0.649251,-0.059729,0.262837,0.580381,-0.018749,0.301128,0.518836,-0.034966,0.321464,0.477524,-0.048795,0.336980,0.441179,-0.059040,0.232395,0.550122,-0.017817,0.265431,0.471413,-0.031727,0.284689,0.423327,-0.043936,0.298655,0.382816,-0.052723,0.198311,0.540420,-0.020703,0.216773,0.460216,-0.035817,0.229600,0.413083,-0.046204,0.241983,0.372115,-0.052885,0.161137,0.547744,-0.026402,0.164735,0.482344,-0.041365,0.168635,0.439765,-0.048026,0.175359,0.400209,-0.051589
4605,0,0.033944,0.028580,0.062022,0.701874,0.651102,0.155175,0.744054,0.000000,0.216454,0.743918,-0.027809,0.275065,0.710461,-0.039943,0.321769,0.673711,-0.049954,0.362221,0.648738,-0.058974,0.262291,0.580565,-0.018495,0.300905,0.519141,-0.034422,0.321359,0.478169,-0.048053,0.336568,0.442146,-0.058206,0.231865,0.550371,-0.017353,0.265096,0.472113,-0.031085,0.284097,0.424206,-0.043199,0.297817,0.383871,-0.051896,0.197751,0.540869,-0.020032,0.216206,0.460583,-0.035029,0.228990,0.413489,-0.045424,0.241107,0.372389,-0.052179,0.160499,0.548528,-0.025523,0.164282,0.483362,-0.040590,0.168213,0.440674,-0.047487,0.174967,0.401004,-0.051168
4639,0,0.019548,0.018140,0.065540,0.713000,0.656530,0.155054,0.744124,0.000000,0.216508,0.743051,-0.027394,0.274830,0.709621,-0.039636,0.321353,0.673432,-0.049818,0.361851,0.648584,-0.059110,0.262345,0.581198,-0.018616,0.300738,0.519251,-0.034606,0.320643,0.478123,-0.048161,0.335755,0.441982,-0.058262,0.232037,0.551132,-0.017717,0.265064,0.472246,-0.031555,0.284012,0.424372,-0.043636,0.297709,0.384090,-0.052242,0.197880,0.541590,-0.020596,0.215904,0.460980,-0.035616,0.228623,0.413643,-0.046020,0.240808,0.372378,-0.052727,0.160587,0.548974,-0.026222,0.164001,0.483547,-0.041191,0.167975,0.440815,-0.047999,0.174663,0.401001,-0.051676
4671,0,0.027449,0.024256,0.056673,0.726542,0.657982,0.154800,0.744098,0.000000,0.216483,0.743420,-0.027879,0.274877,0.710210,-0.040181,0.321329,0.673110,-0.050303,0.361879,0.648415,-0.059474,0.261867,0.581168,-0.019050,0.300042,0.519504,-0.035293,0.320125,0.478224,-0.049010,0.335376,0.441989,-0.059191,0.231509,0.550905,-0.018030,0.263959,0.471804,-0.032060,0.282698,0.423680,-0.044202,0.296170,0.383128,-0.052888,0.197539,0.541550,-0.020808,0.215270,0.461066,-0.036060,0.227708,0.413992,-0.046343,0.239691,0.372761,-0.052969,0.160397,0.549109,-0.026384,0.163424,0.483904,-0.041495,0.167313,0.441257,-0.048282,0.173971,0.401386,-0.051919
4701,0,0.032565,0.058761,0.043766,0.734743,0.606966,0.155378,0.745842,0.000000,0.216212,0.745247,-0.028065,0.274783,0.711339,-0.040260,0.321064,0.673705,-0.050234,0.361294,0.648166,-0.059239,0.261783,0.581319,-0.018818,0.299643,0.519455,-0.034849,0.319611,0.478311,-0.048538,0.334784,0.442143,-0.058714,0.231060,0.551270,-0.017667,0.263408,0.472152,-0.031457,0.282086,0.424020,-0.043491,0.295393,0.383383,-0.052132,0.196923,0.542054,-0.020362,0.214620,0.461430,-0.035394,0.226979,0.414049,-0.045671,0.238777,0.372428,-0.052375,0.159626,0.550134,-0.025884,0.162819,0.484738,-0.040886,0.166551,0.441833,-0.047690,0.172936,0.401809,-0.051325
4735,0,0.035563,0.047109,0.076336,0.757982,0.644437,0.154721,0.745147,0.000000,0.216576,0.744122,-0.027608,0.275234,0.711199,-0.039904,0.321113,0.673591,-0.050118,0.361236,0.648326,-0.059462,0.261308,0.582418,-0.018931,0.299526,0.520506,-0.035192,0.319266,0.479068,-0.048945,0.334265,0.442591,-0.059220,0.230927,0.552297,-0.018081,0.263569,0.473396,-0.032320,0.282002,0.424896,-0.044657,0.295119,0.383927,-0.053476,0.196977,0.542687,-0.021014,0.214420,0.461889,-0.036507,0.226698,0.414526,-0.047084,0.238474,0.373249,-0.053840,0.159687,0.550044,-0.026697,0.162415,0.484269,-0.042109,0.165938,0.441290,-0.049107,0.172251,0.401247,-0.052869
4764,0,0.031065,0.032012,0.047775,0.768379,0.630192,0.154810,0.745366,0.000000,0.216307,0.745165,-0.028306,0.275027,0.711789,-0.040736,0.320980,0.673791,-0.050890,0.361308,0.648353,-0.060077,0.261147,0.582373,-0.019462,0.298772,0.520302,-0.035700,0.318492,0.478802,-0.049440,0.333468,0.442203,-0.059714,0.230503,0.552327,-0.018223,0.262599,0.473056,-0.032416,0.280794,0.424423,-0.044725,0.293575,0.383091,-0.053509,0.196434,0.542846,-0.020771,0.213446,0.462174,-0.036163,0.225527,0.414932,-0.046498,0.236882,0.373508,-0.053147,0.159187,0.550399,-0.026191,0.162100,0.484822,-0.041381,0.165697,0.441960,-0.048271,0.171950,0.401772,-0.051938
4797,0,0.032538,0.036318,0.040966,0.794368,0.648760,0.155010,0.745274,0.000000,0.216472,0.744825,-0.028452,0.275071,0.711998,-0.041157,0.320898,0.674603,-0.051628,0.361253,0.649482,-0.061172,0.261366,0.582648,-0.020115,0.298776,0.520227,-0.036667,0.318422,0.478594,-0.050540,0.333313,0.441570,-0.060850,0.230497,0.552814,-0.018927,0.262281,0.473375,-0.033405,0.280242,0.424616,-0.045869,0.292998,0.383064,-0.054769,0.196365,0.543626,-0.021505,0.212835,0.463073,-0.037110,0.224726,0.415267,-0.047560,0.236305,0.373370,-0.054286,0.158867,0.551316,-0.026941,0.161579,0.485340,-0.042204,0.165426,0.442344,-0.049091,0.171869,0.402355,-0.052796
4832,0,0.030913,0.031436,0.049421,0.777153,0.631674,0.154802,0.745282,0.000000,0.216134,0.744483,-0.027966,0.274945,0.712386,-0.040523,0.321135,0.675422,-0.050950,0.361287,0.650680,-0.060433,0.260917,0.582844,-0.019267,0.298843,0.520219,-0.035560,0.318609,0.478311,-0.049262,0.333562,0.441534,-0.059428,0.230185,0.552909,-0.018162,0.262157,0.473443,-0.032366,0.280501,0.424508,-0.044682,0.293452,0.383256,-0.053441,0.196200,0.543189,-0.020794,0.212779,0.462521,-0.036083,0.224914,0.414914,-0.046409,0.236587,0.373581,-0.053039,0.158904,0.550539,-0.026258,0.161336,0.485085,-0.041266,0.165070,0.442298,-0.048017,0.171563,0.402633,-0.051553
4861,0,0.024487,0.026922,0.038491,0.795650,0.633528,0.154799,0.745823,0.000000,0.216357,0.745136,-0.028509,0.275047,0.712527,-0.041186,0.321221,0.675525,-0.051673,0.361709,0.650609,-0.061156,0.260967,0.582613,-0.019779,0.298638,0.519796,-0.036223,0.318408,0.478179,-0.050066,0.333458,0.441471,-0.060352,0.230275,0.552934,-0.018524,0.262037,0.473513,-0.032888,0.280041,0.424630,-0.045365,0.292921,0.383135,-0.054325,0.196105,0.543696,-0.021075,0.212647,0.463015,-0.036625,0.224647,0.415317,-0.047213,0.236165,0.373586,-0.054004,0.158745,0.551611,-0.026500,0.161154,0.485771,-0.041869,0.164758,0.442710,-0.048901,0.171071,0.402536,-0.052678
4912,0,0.011501,0.027982,0.029476,0.788866,0.613355,0.155728,0.746246,0.000000,0.216900,0.745170,-0.028400,0.275408,0.712302,-0.041152,0.321263,0.675351,-0.051691,0.361949,0.650676,-0.061224,0.261401,0.582569,-0.019671,0.298788,0.519632,-0.036043,0.318441,0.477868,-0.049840,0.333455,0.441178,-0.060098,0.230543,0.552810,-0.018454,0.261831,0.473328,-0.032825,0.279999,0.424300,-0.045295,0.293020,0.383095,-0.054225,0.196382,0.543831,-0.021038,0.212780,0.462961,-0.036566,0.224741,0.414889,-0.047226,0.236307,0.372947,-0.054104,0.159212,0.551955,-0.026489,0.161528,0.485999,-0.041916,0.164882,0.442725,-0.049076,0.170950,0.402338,-0.052898
4944,0,0.013934,0.021987,0.041017,0.792791,0.626932,0.155428,0.745805,0.000000,0.217476,0.745004,-0.028224,0.275604,0.712415,-0.040889,0.321430,0.674909,-0.051422,0.362012,0.650006,-0.061031,0.261406,0.582611,-0.019459,0.298553,0.520253,-0.035943,0.318056,0.478395,-0.049854,0.332940,0.441636,-0.060267,0.230585,0.552746,-0.018414,0.261873,0.473513,-0.032968,0.280013,0.424407,-0.045512,0.292880,0.382801,-0.054478,0.196472,0.543822,-0.021168,0.212766,0.462826,-0.037029,0.224729,0.415021,-0.047683,0.236119,0.373109,-0.054478,0.159409,0.552010,-0.026756,0.161444,0.486228,-0.042457,0.164769,0.442845,-0.049653,0.170873,0.402372,-0.053513
4975,0,0.023252,0.035375,0.063998,0.792331,0.656821,0.155264,0.745069,0.000000,0.216776,0.744950,-0.028734,0.275603,0.712330,-0.041485,0.321289,0.674727,-0.051967,0.361710,0.649694,-0.061525,0.261635,0.582770,-0.020251,0.299166,0.520249,-0.036686,0.318765,0.478435,-0.050521,0.333453,0.441690,-0.060802,0.230912,0.552824,-0.018865,0.262627,0.473423,-0.033272,0.280646,0.424588,-0.045742,0.293269,0.383146,-0.054698,0.196743,0.543701,-0.021265,0.213818,0.463106,-0.036847,0.225666,0.415548,-0.047469,0.236838,0.374101,-0.054336,0.159424,0.551349,-0.026546,0.161709,0.485729,-0.041967,0.164943,0.442862,-0.049115,0.170949,0.402721,-0.052971
5006,0,0.024519,0.040872,0.045650,0.786805,0.633961,0.156769,0.745517,0.000000,0.218060,0.745201,-0.028312,0.276430,0.712129,-0.041083,0.322008,0.674624,-0.051605,0.362342,0.649508,-0.061243,0.262233,0.583007,-0.020250,0.299455,0.520145,-0.036766,0.318960,0.478282,-0.050561,0.333682,0.441465,-0.060801,0.231258,0.553029,-0.019156,0.262370,0.473396,-0.033674,0.280091,0.424342,-0.046183,0.292476,0.382805,-0.055099,0.196884,0.543935,-0.021786,0.213535,0.462955,-0.037368,0.225768,0.415242,-0.047910,0.237397,0.373411,-0.054737,0.159534,0.551754,-0.027268,0.161915,0.486068,-0.042649,0.165572,0.443230,-0.049717,0.172110,0.403023,-0.053532
5040,0,0.032001,0.048644,0.072840,0.764974,0.653725,0.156142,0.744462,0.000000,0.217866,0.743982,-0.028191,0.276488,0.711991,-0.040914,0.322108,0.674771,-0.051493,0.362105,0.649643,-0.061150,0.262635,0.583002,-0.019645,0.299901,0.520637,-0.036105,0.319261,0.478766,-0.050010,0.334017,0.441978,-0.060389,0.231866,0.552998,-0.018563,0.263127,0.473501,-0.033039,0.280640,0.424547,-0.045602,0.292867,0.383143,-0.054578,0.197825,0.543100,-0.021238,0.214476,0.462462,-0.036826,0.226173,0.415042,-0.047325,0.237179,0.373798,-0.054017,0.160440,0.550170,-0.026728,0.162593,0.484494,-0.042076,0.165906,0.441828,-0.049008,0.171986,0.402064,-0.052655
5071,0,0.030754,0.031148,0.056584,0.745612,0.632944,0.156493,0.744479,0.000000,0.218302,0.744430,-0.028595,0.277585,0.711948,-0.041050,0.323397,0.673915,-0.051222,0.363552,0.648513,-0.060434,0.262551,0.582187,-0.019454,0.299765,0.519597,-0.035603,0.319362,0.478058,-0.049260,0.334354,0.441467,-0.059472,0.231812,0.552671,-0.018062,0.262845,0.473260,-0.032259,0.280538,0.424157,-0.044815,0.293041,0.382542,-0.053785,0.197833,0.543521,-0.020485,0.214386,0.462879,-0.036004,0.226317,0.415088,-0.046697,0.237864,0.373322,-0.053585,0.160634,0.551069,-0.025771,0.162647,0.485629,-0.041290,0.166080,0.442526,-0.048539,0.172204,0.402315,-0.052424
5102,0,0.019560,0.023370,0.040621,0.735724,0.614876,0.156713,0.744791,0.000000,0.218715,0.744669,-0.028239,0.277672,0.711821,-0.040508,0.323092,0.673626,-0.050555,0.363052,0.648388,-0.059641,0.262770,0.582276,-0.019303,0.300065,0.519359,-0.035304,0.319654,0.477541,-0.048793,0.334613,0.441144,-0.058800,0.232045,0.552741,-0.017992,0.263013,0.472954,-0.031982,0.280570,0.423504,-0.044190,0.292745,0.382086,-0.052916,0.197952,0.543644,-0.020474,0.214385,0.462831,-0.035724,0.226096,0.414941,-0.046192,0.237254,0.373527,-0.052876,0.160503,0.551318,-0.025758,0.162496,0.485604,-0.040988,0.165776,0.442663,-0.047993,0.171631,0.402903,-0.051715
5135,0,0.027220,0.027714,0.075168,0.744765,0.634781,0.157073,0.744426,0.000000,0.218959,0.743710,-0.028186,0.277639,0.711666,-0.040776,0.323164,0.673984,-0.051161,0.363073,0.648209,-0.060623,0.263046,0.582388,-0.019566,0.300315,0.519486,-0.035825,0.319571,0.477724,-0.049517,0.334456,0.441098,-0.059741,0.232316,0.552677,-0.018433,0.262893,0.473024,-0.032757,0.280450,0.423859,-0.045307,0.293042,0.382414,-0.054368,0.198282,0.543290,-0.021070,0.214413,0.462702,-0.036566,0.226491,0.414887,-0.047272,0.238080,0.373408,-0.054208,0.161121,0.550866,-0.026523,0.162798,0.485222,-0.041899,0.166060,0.442397,-0.049076,0.172310,0.402464,-0.052925
5163,0,0.027655,0.041605,0.072929,0.752349,0.667064,0.156617,0.743870,0.000000,0.218577,0.744097,-0.028984,0.277236,0.712601,-0.041805,0.322785,0.674715,-0.052367,0.362835,0.649168,-0.061888,0.263056,0.582704,-0.019712,0.300643,0.520423,-0.036045,0.320005,0.478765,-0.049886,0.334839,0.441919,-0.060208,0.232459,0.552900,-0.018242,0.263379,0.473523,-0.032644,0.280731,0.424544,-0.045326,0.293120,0.382920,-0.054447,0.198390,0.543445,-0.020623,0.215181,0.463140,-0.036265,0.227067,0.415506,-0.047006,0.238410,0.373963,-0.053887,0.161205,0.550532,-0.025903,0.163173,0.485045,-0.041405,0.166498,0.441975,-0.048646,0.172511,0.402163,-0.052527
5198,0,0.022295,0.034492,0.070505,0.748292,0.641337,0.157264,0.744877,0.000000,0.218839,0.744118,-0.028231,0.277683,0.711976,-0.040778,0.323603,0.674438,-0.051148,0.363820,0.648879,-0.060538,0.263109,0.583246,-0.019570,0.300437,0.520576,-0.035963,0.320192,0.478796,-0.049749,0.335398,0.442176,-0.060059,0.232483,0.553348,-0.018491,0.263326,0.473640,-0.032826,0.280701,0.424442,-0.045434,0.293002,0.382786,-0.054464,0.198712,0.543846,-0.021158,0.215326,0.463419,-0.036643,0.227237,0.415531,-0.047192,0.238522,0.373872,-0.054025,0.161588,0.551296,-0.026693,0.163628,0.485585,-0.041997,0.166993,0.442506,-0.048990,0.173100,0.402168,-0.052746
5232,0,0.032057,0.046441,0.038878,0.732393,0.651079,0.157067,0.744118,0.000000,0.219035,0.744013,-0.028084,0.277950,0.711963,-0.040386,0.323683,0.674424,-0.050527,0.363579,0.648598,-0.059688,0.263409,0.583107,-0.019053,0.300686,0.520616,-0.035005,0.320263,0.479208,-0.048567,0.335167,0.442604,-0.058688,0.232938,0.553358,-0.017872,0.264001,0.474467,-0.031824,0.281691,0.425435,-0.044206,0.294070,0.383897,-0.053167,0.198985,0.543955,-0.020483,0.215528,0.463653,-0.035685,0.227406,0.416103,-0.046246,0.238655,0.374488,-0.053087,0.161970,0.550941,-0.025924,0.163916,0.485223,-0.041086,0.167430,0.442276,-0.048127,0.173582,0.402167,-0.051927
5260,0,0.030370,0.035706,0.047086,0.718432,0.653546,0.156397,0.743791,0.000000,0.218303,0.744168,-0.029002,0.277634,0.712151,-0.041489,0.323962,0.674275,-0.051621,0.364367,0.648193,-0.060717,0.263395,0.582643,-0.019059,0.300802,0.520188,-0.034966,0.320453,0.478719,-0.048550,0.335651,0.442171,-0.058802,0.233119,0.552781,-0.017373,0.263991,0.473841,-0.031216,0.281502,0.424745,-0.043683,0.294021,0.382986,-0.052659,0.199175,0.543485,-0.019577,0.215859,0.463056,-0.034767,0.227660,0.415176,-0.045398,0.238985,0.373140,-0.052300,0.161884,0.550731,-0.024714,0.163825,0.485621,-0.040013,0.167149,0.442576,-0.047193,0.173091,0.402378,-0.051063
5313,0,0.024108,0.031916,0.059929,0.738342,0.651796,0.156794,0.744235,0.000000,0.218385,0.744619,-0.028866,0.277738,0.711925,-0.041380,0.324058,0.674053,-0.051495,0.364569,0.648280,-0.060611,0.263033,0.583011,-0.020010,0.300435,0.520226,-0.036243,0.320255,0.478771,-0.049896,0.335505,0.442450,-0.060011,0.232607,0.552989,-0.018331,0.263908,0.473742,-0.032324,0.281719,0.424714,-0.044619,0.294397,0.383275,-0.053454,0.198730,0.543572,-0.020470,0.215469,0.462893,-0.035643,0.227400,0.415427,-0.046058,0.238806,0.373891,-0.052815,0.161499,0.550947,-0.025508,0.163529,0.485622,-0.040660,0.166928,0.442650,-0.047617,0.172945,0.402546,-0.051335
5344,0,0.027573,0.028004,0.061506,0.725415,0.631516,0.156519,0.744580,0.000000,0.218043,0.744071,-0.028304,0.277512,0.711866,-0.040585,0.323649,0.673797,-0.050606,0.363841,0.648327,-0.059648,0.262923,0.582850,-0.018802,0.300378,0.520159,-0.034624,0.320098,0.478772,-0.048206,0.335214,0.442322,-0.058327,0.232586,0.553185,-0.017392,0.263811,0.474215,-0.031124,0.281582,0.425039,-0.043526,0.294225,0.383185,-0.052527,0.198885,0.543780,-0.019783,0.215534,0.463479,-0.034764,0.227346,0.415751,-0.045366,0.238625,0.374035,-0.052327,0.161557,0.550957,-0.025043,0.163440,0.485851,-0.040065,0.166611,0.442980,-0.047086,0.172417,0.402770,-0.050886
5374,0,0.024499,0.025892,0.042602,0.740912,0.626726,0.156469,0.745087,0.000000,0.218219,0.744823,-0.028683,0.277382,0.712074,-0.041125,0.323548,0.674067,-0.051286,0.364106,0.648512,-0.060407,0.262718,0.583109,-0.019262,0.299821,0.520376,-0.035304,0.319317,0.478929,-0.049086,0.334183,0.442106,-0.059367,0.232516,0.553484,-0.017752,0.263514,0.474545,-0.031624,0.280902,0.424994,-0.044085,0.293074,0.382603,-0.053086,0.198710,0.543952,-0.020092,0.215246,0.463744,-0.035184,0.227033,0.416182,-0.045726,0.238088,0.374395,-0.052526,0.161264,0.550999,-0.025323,0.163204,0.485515,-0.040405,0.166356,0.442417,-0.047366,0.172019,0.402284,-0.051126
5406,0,0.017897,0.017623,0.040358,0.738041,0.611866,0.156526,0.745283,0.000000,0.218615,0.745178,-0.028484,0.277632,0.712650,-0.040805,0.323605,0.674269,-0.050847,0.364143,0.648660,-0.059888,0.262532,0.583461,-0.018962,0.299709,0.520377,-0.034824,0.319377,0.478759,-0.048366,0.334411,0.442153,-0.058488,0.232082,0.553715,-0.017472,0.262916,0.474272,-0.031284,0.280380,0.424778,-0.043646,0.292669,0.382720,-0.052607,0.198381,0.544310,-0.019823,0.214691,0.463766,-0.034884,0.226473,0.416114,-0.045406,0.237579,0.374467,-0.052207,0.161113,0.551337,-0.025043,0.162891,0.485769,-0.040125,0.166128,0.442557,-0.047126,0.171990,0.402387,-0.050887
5449,0,0.043234,0.048591,0.036541,0.778164,0.657664,0.156160,0.744789,0.000000,0.218354,0.744979,-0.028644,0.277429,0.712754,-0.041246,0.323163,0.674701,-0.051568,0.363438,0.648821,-0.060929,0.262125,0.583985,-0.019853,0.299192,0.521563,-0.036205,0.318827,0.479816,-0.050007,0.333866,0.443019,-0.060329,0.231803,0.554251,-0.018453,0.262622,0.475185,-0.032765,0.280124,0.425724,-0.045327,0.292411,0.383481,-0.054408,0.198035,0.544705,-0.020843,0.214449,0.464277,-0.036325,0.226241,0.416748,-0.046807,0.237315,0.374996,-0.053568,0.160664,0.551752,-0.026124,0.162802,0.486118,-0.041486,0.166316,0.442947,-0.048527,0.172177,0.402610,-0.052288
5477,0,0.027782,0.038611,0.041898,0.762931,0.629620,0.155978,0.745586,0.000000,0.218394,0.745538,-0.028711,0.277762,0.713192,-0.041084,0.323282,0.674975,-0.051166,0.363281,0.649016,-0.060291,0.262440,0.583498,-0.019247,0.299206,0.520670,-0.035286,0.318841,0.479149,-0.048974,0.334030,0.442551,-0.059176,0.232058,0.554001,-0.017723,0.262796,0.474885,-0.031680,0.280125,0.425439,-0.044153,0.292567,0.383445,-0.053119,0.198319,0.544683,-0.020064,0.214651,0.464314,-0.035386,0.226297,0.416393,-0.046026,0.237576,0.374771,-0.052880,0.160901,0.552031,-0.025284,0.162636,0.486680,-0.040726,0.165709,0.443327,-0.047938,0.171224,0.403076,-0.051804
5505,0,0.031667,0.027011,0.050115,0.791653,0.646458,0.155599,0.746244,0.000000,0.217573,0.746109,-0.028623,0.276831,0.713792,-0.041205,0.322864,0.676062,-0.051526,0.363127,0.650474,-0.060807,0.262024,0.584373,-0.019742,0.299334,0.521783,-0.035964,0.319216,0.480418,-0.049686,0.334379,0.443906,-0.059887,0.231762,0.554533,-0.018392,0.262857,0.475277,-0.032484,0.280426,0.425955,-0.044845,0.292929,0.384144,-0.053726,0.197780,0.545089,-0.020862,0.214586,0.464502,-0.036164,0.226480,0.416634,-0.046645,0.237840,0.374778,-0.053366,0.160440,0.552617,-0.026223,0.162426,0.486791,-0.041485,0.165569,0.443501,-0.048525,0.171168,0.403135,-0.052246