t,missing,delta_l1,delta_l1_wrist,delta_angles,delta_base_l1,delta_base_l1_wrist,x0,y0,z0,x1,y1,z1,x2,y2,z2,x3,y3,z3,x4,y4,z4,x5,y5,z5,x6,y6,z6,x7,y7,z7,x8,y8,z8,x9,y9,z9,x10,y10,z10,x11,y11,z11,x12,y12,z12,x13,y13,z13,x14,y14,z14,x15,y15,z15,x16,y16,z16,x17,y17,z17,x18,y18,z18,x19,y19,z19,x20,y20,z20
33,0,,,,0.000000,0.000000,0.159107,0.696731,0.000000,0.218673,0.687658,-0.026989,0.275175,0.656099,-0.041204,0.322560,0.627511,-0.054338,0.360822,0.614174,-0.067311,0.246830,0.529394,-0.024726,0.274333,0.459148,-0.041964,0.286499,0.413671,-0.055499,0.294409,0.371944,-0.065910,0.212695,0.504543,-0.025107,0.229935,0.419992,-0.040623,0.238121,0.366951,-0.052616,0.241271,0.321747,-0.061385,0.177758,0.500356,-0.028811,0.175432,0.418308,-0.044928,0.172806,0.367451,-0.056019,0.170964,0.322866,-0.063347,0.143211,0.514154,-0.035337,0.127907,0.450673,-0.050734,0.118865,0.409321,-0.058262,0.113088,0.370211,-0.062666
60,0,0.035043,0.035661,0.059698,0.035043,0.035661,0.159694,0.697282,0.000000,0.219251,0.688474,-0.026328,0.275395,0.655683,-0.040152,0.322381,0.627181,-0.052936,0.360347,0.613983,-0.065561,0.247206,0.529207,-0.023891,0.274862,0.459160,-0.040831,0.287044,0.414090,-0.054255,0.294761,0.372682,-0.064522,0.213106,0.504424,-0.024431,0.230251,0.419923,-0.039612,0.238301,0.367285,-0.051338,0.241181,0.322692,-0.059888,0.178152,0.500364,-0.028246,0.175835,0.418389,-0.044107,0.173178,0.367796,-0.054974,0.171194,0.323471,-0.062085,0.143685,0.514244,-0.034858,0.128131,0.451086,-0.050100,0.118991,0.409787,-0.057491,0.113165,0.370535,-0.061726
93,0,0.026992,0.040994,0.052544,0.022141,0.029749,0.158794,0.697654,0.000000,0.218749,0.688989,-0.026925,0.275289,0.656802,-0.041104,0.322215,0.627765,-0.054168,0.360415,0.614133,-0.067033,0.247281,0.529690,-0.024595,0.274910,0.459136,-0.041701,0.287140,0.414068,-0.055124,0.294902,0.372743,-0.065440,0.213213,0.504710,-0.024953,0.230696,0.419960,-0.040367,0.238622,0.367001,-0.052216,0.241341,0.322317,-0.060780,0.178120,0.500651,-0.028617,0.175893,0.418141,-0.044688,0.173030,0.367193,-0.055761,0.170781,0.322731,-0.063010,0.143500,0.514634,-0.035070,0.128362,0.451233,-0.050464,0.119177,0.410089,-0.058031,0.113137,0.371075,-0.062293
122,0,0.017578,0.021389,0.064692,0.016338,0.016313,0.158746,0.697211,0.000000,0.218463,0.688138,-0.027092,0.274924,0.656266,-0.041315,0.322468,0.627835,-0.054343,0.360639,0.613902,-0.067172,0.246913,0.529885,-0.024841,0.274607,0.459944,-0.042032,0.286825,0.414759,-0.055698,0.294627,0.373045,-0.066097,0.212782,0.504728,-0.025140,0.230152,0.420384,-0.040538,0.238434,0.367534,-0.052471,0.241513,0.322304,-0.061196,0.177771,0.500611,-0.028765,0.175652,0.418474,-0.044861,0.172924,0.367807,-0.055937,0.170954,0.323266,-0.063188,0.143152,0.514544,-0.035220,0.128112,0.450914,-0.050598,0.119122,0.409876,-0.058088,0.113312,0.370833,-0.062352
155,0,0.012102,0.021566,0.055080,0.015961,0.014590,0.159210,0.697381,0.000000,0.218601,0.688321,-0.027152,0.274917,0.656162,-0.041486,0.322017,0.627502,-0.054663,0.360451,0.613755,-0.067640,0.246798,0.529769,-0.025016,0.274651,0.459529,-0.042325,0.286734,0.414161,-0.055861,0.294444,0.372580,-0.066203,0.212686,0.504675,-0.025315,0.230225,0.419859,-0.040788,0.238549,0.367097,-0.052587,0.241481,0.322619,-0.061172,0.177713,0.500669,-0.028929,0.175392,0.418294,-0.045080,0.172870,0.367562,-0.056101,0.170941,0.323336,-0.063328,0.142985,0.514851,-0.035377,0.127925,0.451326,-0.050870,0.119087,0.409955,-0.058377,0.113286,0.370866,-0.062689
191,0,0.028965,0.039314,0.060390,0.034858,0.042918,0.158685,0.698369,0.000000,0.218775,0.688759,-0.026377,0.274689,0.655967,-0.040472,0.321572,0.627150,-0.053551,0.359766,0.613564,-0.066411,0.246930,0.530222,-0.023969,0.274547,0.459882,-0.041129,0.286823,0.414764,-0.054626,0.294750,0.373444,-0.064938,0.212935,0.505056,-0.024626,0.230135,0.420552,-0.040034,0.238374,0.367582,-0.051839,0.241545,0.322860,-0.060360,0.177902,0.500801,-0.028567,0.175591,0.418794,-0.044633,0.172880,0.367922,-0.055502,0.170838,0.323564,-0.062589,0.143405,0.514802,-0.035276,0.127864,0.451544,-0.050605,0.118753,0.410246,-0.057931,0.112738,0.371238,-0.062072
220,0,0.029350,0.019978,0.064485,0.042393,0.049970,0.157937,0.697956,0.000000,0.217755,0.688886,-0.026638,0.274329,0.656002,-0.040434,0.321308,0.627120,-0.053077,0.359290,0.613446,-0.065521,0.246606,0.529059,-0.024073,0.274243,0.458884,-0.040951,0.285975,0.413741,-0.054309,0.293401,0.372213,-0.064607,0.212304,0.504288,-0.024511,0.229501,0.419704,-0.039698,0.237534,0.367043,-0.051526,0.240247,0.322474,-0.060114,0.177196,0.500358,-0.028228,0.175186,0.418142,-0.044131,0.172539,0.367568,-0.055184,0.170329,0.323302,-0.062380,0.142695,0.514719,-0.034729,0.127396,0.451513,-0.050095,0.118298,0.410362,-0.057649,0.112331,0.371353,-0.061863
272,0,0.011988,0.030456,0.050395,0.039680,0.031284,0.158710,0.697476,0.000000,0.218350,0.688310,-0.026563,0.274805,0.656061,-0.040472,0.321745,0.627496,-0.053326,0.359620,0.613391,-0.065980,0.246484,0.529216,-0.023937,0.273913,0.459406,-0.040830,0.285908,0.414349,-0.054320,0.293591,0.372907,-0.064627,0.212322,0.504305,-0.024494,0.229232,0.419847,-0.039676,0.237431,0.367123,-0.051535,0.240280,0.322574,-0.060210,0.177182,0.500352,-0.028334,0.174941,0.418472,-0.044212,0.172307,0.367850,-0.055276,0.170310,0.323553,-0.062558,0.142645,0.514707,-0.034960,0.127305,0.451591,-0.050301,0.118271,0.410427,-0.057822,0.112370,0.371409,-0.062120
301,0,0.017280,0.018786,0.052049,0.050950,0.036839,0.158268,0.698427,0.000000,0.218092,0.688987,-0.026545,0.274537,0.656385,-0.040455,0.321271,0.627245,-0.053289,0.359504,0.613633,-0.065964,0.246370,0.530334,-0.024094,0.273840,0.460011,-0.041093,0.285883,0.414721,-0.054604,0.293476,0.373094,-0.065007,0.212170,0.505250,-0.024652,0.229210,0.420750,-0.039857,0.237285,0.367821,-0.051735,0.239997,0.322730,-0.060344,0.177219,0.501061,-0.028458,0.174727,0.419067,-0.044321,0.172153,0.368580,-0.055242,0.170102,0.324175,-0.062377,0.142568,0.515026,-0.035094,0.127224,0.451637,-0.050300,0.118171,0.410517,-0.057634,0.112158,0.371660,-0.061819
331,0,0.014926,0.020140,0.039805,0.055799,0.023886,0.158081,0.698000,0.000000,0.218071,0.688863,-0.026586,0.274486,0.656467,-0.040436,0.321436,0.627622,-0.053172,0.359442,0.613858,-0.065788,0.245919,0.530377,-0.024377,0.273461,0.460233,-0.041471,0.285484,0.414823,-0.054963,0.293177,0.373120,-0.065351,0.211763,0.505391,-0.024815,0.228719,0.420783,-0.040118,0.236747,0.367892,-0.051978,0.239482,0.323034,-0.060615,0.176824,0.501269,-0.028516,0.174392,0.419168,-0.044456,0.171709,0.368467,-0.055480,0.169529,0.324110,-0.062724,0.142394,0.515396,-0.034984,0.126963,0.452313,-0.050346,0.117974,0.411038,-0.057829,0.112181,0.371933,-0.062087
364,0,0.014156,0.014908,0.030449,0.064809,0.034708,0.158012,0.698242,0.000000,0.217866,0.689317,-0.026620,0.274106,0.656726,-0.040489,0.321153,0.627657,-0.053321,0.359204,0.613854,-0.065993,0.246046,0.529875,-0.023831,0.273153,0.459761,-0.040847,0.284967,0.414543,-0.054397,0.292493,0.372880,-0.064798,0.211866,0.505255,-0.024349,0.228727,0.420845,-0.039612,0.236749,0.367881,-0.051527,0.239592,0.323023,-0.060175,0.176955,0.501366,-0.028175,0.174329,0.419258,-0.044155,0.171603,0.368573,-0.055194,0.169489,0.324111,-0.062446,0.142201,0.515569,-0.034810,0.126849,0.452473,-0.050212,0.117790,0.411309,-0.057744,0.111918,0.372126,-0.062048
399,0,0.023699,0.023403,0.046899,0.058129,0.018776,0.158059,0.698275,0.000000,0.217725,0.688952,-0.026780,0.274409,0.656659,-0.040817,0.321431,0.627638,-0.053799,0.359265,0.613587,-0.066542,0.245945,0.530559,-0.024510,0.273264,0.460255,-0.041693,0.285153,0.414839,-0.055272,0.292708,0.373131,-0.065626,0.211680,0.505877,-0.025008,0.228645,0.421221,-0.040479,0.236724,0.368143,-0.052405,0.239624,0.323161,-0.061126,0.176676,0.501911,-0.028791,0.174243,0.419764,-0.044959,0.171581,0.368956,-0.056069,0.169505,0.324446,-0.063396,0.142108,0.515985,-0.035401,0.126937,0.452640,-0.050932,0.117779,0.411441,-0.058578,0.111714,0.372541,-0.062918
428,0,0.036330,0.038843,0.097239,0.067499,0.045085,0.157007,0.698079,0.000000,0.216845,0.689157,-0.026872,0.273579,0.655742,-0.040736,0.320851,0.626803,-0.053465,0.359232,0.613722,-0.066015,0.245703,0.529744,-0.024103,0.272893,0.459332,-0.041035,0.284727,0.414047,-0.054461,0.292250,0.372396,-0.064780,0.211578,0.504972,-0.024422,0.228315,0.420525,-0.039661,0.236192,0.367595,-0.051513,0.239057,0.322670,-0.060158,0.176602,0.500865,-0.028067,0.174261,0.418742,-0.044023,0.171371,0.368170,-0.055138,0.169190,0.323958,-0.062429,0.142022,0.514965,-0.034541,0.126629,0.452046,-0.049919,0.117363,0.411151,-0.057529,0.111402,0.372297,-0.061911
461,0,0.025592,0.056138,0.088694,0.058880,0.034353,0.158243,0.697401,0.000000,0.217585,0.688212,-0.026643,0.273658,0.655852,-0.040681,0.320725,0.627239,-0.053684,0.358751,0.613828,-0.066468,0.245689,0.529651,-0.024453,0.273057,0.459584,-0.041538,0.284822,0.414185,-0.055078,0.292504,0.372514,-0.065512,0.211376,0.504723,-0.024990,0.228104,0.420443,-0.040323,0.236035,0.367519,-0.052171,0.238860,0.322804,-0.060853,0.176363,0.501106,-0.028833,0.173874,0.419513,-0.044724,0.171177,0.368863,-0.055795,0.169367,0.324588,-0.063123,0.141804,0.515754,-0.035504,0.126566,0.452737,-0.050857,0.117472,0.411455,-0.058463,0.111523,0.372519,-0.062884
494,0,0.028007,0.051951,0.053207,0.079420,0.040823,0.157044,0.698695,0.000000,0.217026,0.689344,-0.026819,0.273495,0.656850,-0.040845,0.320377,0.627509,-0.053797,0.358519,0.613704,-0.066551,0.245423,0.530240,-0.023819,0.272773,0.459923,-0.040845,0.284511,0.414552,-0.054473,0.291958,0.372822,-0.064962,0.211258,0.505462,-0.024316,0.228148,0.421193,-0.039613,0.236138,0.368413,-0.051612,0.238813,0.323380,-0.060393,0.176203,0.501614,-0.028130,0.174236,0.419646,-0.044142,0.171658,0.369164,-0.055109,0.169681,0.324963,-0.062260,0.141587,0.515923,-0.034786,0.126546,0.452566,-0.050182,0.117624,0.411306,-0.057572,0.111572,0.372394,-0.061704
524,0,0.018513,0.027712,0.057963,0.076259,0.043733,0.157750,0.698185,0.000000,0.217198,0.688948,-0.026512,0.273434,0.656278,-0.040225,0.320167,0.627292,-0.052825,0.358288,0.614066,-0.065267,0.245641,0.529677,-0.024068,0.272566,0.459161,-0.040901,0.284301,0.414032,-0.054296,0.291871,0.372496,-0.064631,0.211469,0.504967,-0.024485,0.228178,0.420700,-0.039649,0.235978,0.367931,-0.051554,0.238622,0.323155,-0.060298,0.176562,0.501310,-0.028162,0.174380,0.419747,-0.044041,0.171740,0.369185,-0.055290,0.169654,0.324990,-0.062763,0.142023,0.515819,-0.034621,0.126762,0.453002,-0.050043,0.117492,0.411768,-0.057834,0.111427,0.372896,-0.062365
556,0,0.032887,0.036332,0.077192,0.071339,0.032158,0.157631,0.697947,0.000000,0.217286,0.689455,-0.027003,0.273424,0.657119,-0.041089,0.319995,0.627896,-0.054046,0.357572,0.613107,-0.066804,0.245774,0.529913,-0.024963,0.272633,0.459423,-0.042278,0.284046,0.414115,-0.055987,0.291264,0.372108,-0.066487,0.211467,0.505127,-0.025319,0.228307,0.421245,-0.040931,0.236086,0.368219,-0.053055,0.238646,0.323040,-0.061891,0.176471,0.501330,-0.028964,0.174174,0.419874,-0.045170,0.171556,0.369542,-0.056423,0.169395,0.325227,-0.063793,0.141833,0.515800,-0.035403,0.126759,0.453011,-0.050995,0.117672,0.412060,-0.058721,0.111591,0.373175,-0.063120
590,0,0.022939,0.045706,0.055881,0.078492,0.044482,0.156628,0.697368,0.000000,0.216668,0.689170,-0.027013,0.273336,0.657175,-0.040945,0.320046,0.627717,-0.053748,0.357890,0.613117,-0.066313,0.245846,0.530246,-0.024476,0.272510,0.459822,-0.041539,0.283858,0.414461,-0.055135,0.291125,0.372453,-0.065599,0.211435,0.505324,-0.024773,0.227899,0.421205,-0.040152,0.235486,0.368590,-0.052281,0.238148,0.323697,-0.061160,0.176386,0.501615,-0.028360,0.174297,0.420187,-0.044433,0.171711,0.369910,-0.055650,0.169672,0.325794,-0.063062,0.141765,0.515863,-0.034762,0.126801,0.452865,-0.050299,0.117651,0.412011,-0.058028,0.111506,0.373227,-0.062428
619,0,0.035167,0.051881,0.065484,0.081144,0.054720,0.157728,0.697670,0.000000,0.217512,0.689127,-0.026782,0.274264,0.656458,-0.040521,0.320513,0.627053,-0.053167,0.358413,0.613128,-0.065635,0.245799,0.529081,-0.023824,0.272010,0.458154,-0.040699,0.283118,0.412741,-0.054120,0.290735,0.371331,-0.064444,0.211595,0.504740,-0.024181,0.227765,0.420588,-0.039389,0.235382,0.367993,-0.051381,0.238403,0.323647,-0.060156,0.176651,0.501108,-0.027854,0.174575,0.419648,-0.043836,0.172084,0.369433,-0.054994,0.170331,0.325786,-0.062340,0.141961,0.515249,-0.034386,0.126494,0.452283,-0.049872,0.117384,0.411172,-0.057654,0.111450,0.372259,-0.062141
672,0,0.027926,0.027007,0.048940,0.069097,0.034814,0.157619,0.697717,0.000000,0.217574,0.688980,-0.026757,0.273695,0.656509,-0.040791,0.320214,0.627145,-0.053752,0.357990,0.613124,-0.066514,0.245655,0.529338,-0.024292,0.272134,0.459108,-0.041467,0.283561,0.413904,-0.055104,0.290923,0.372442,-0.065600,0.211283,0.504787,-0.024789,0.227858,0.420627,-0.040274,0.235578,0.367911,-0.052400,0.238388,0.323319,-0.061306,0.176365,0.501198,-0.028566,0.174211,0.419681,-0.044687,0.171587,0.369332,-0.055938,0.169645,0.325411,-0.063333,0.141879,0.515620,-0.035165,0.126485,0.452789,-0.050691,0.117123,0.411722,-0.058403,0.110954,0.372823,-0.062856
700,0,0.016034,0.016399,0.035818,0.080947,0.043384,0.157480,0.698050,0.000000,0.217526,0.689005,-0.026488,0.273612,0.656216,-0.040258,0.320071,0.626696,-0.052977,0.357811,0.612501,-0.065516,0.245809,0.529812,-0.024088,0.272093,0.459088,-0.041191,0.283233,0.413835,-0.054802,0.290667,0.372047,-0.065278,0.211368,0.505285,-0.024663,0.227502,0.421083,-0.040100,0.235197,0.368378,-0.052183,0.237968,0.323410,-0.061032,0.176202,0.501403,-0.028492,0.174046,0.419883,-0.044524,0.171514,0.369691,-0.055556,0.169674,0.325647,-0.062778,0.141671,0.515776,-0.035139,0.126402,0.452606,-0.050556,0.117195,0.411528,-0.058056,0.111131,0.372769,-0.062342
732,0,0.025028,0.026098,0.043685,0.097025,0.065138,0.157705,0.698306,0.000000,0.217626,0.689304,-0.026342,0.273909,0.655985,-0.039831,0.320101,0.626589,-0.052288,0.357472,0.612815,-0.064507,0.245805,0.529168,-0.023506,0.271984,0.458605,-0.040268,0.283192,0.413760,-0.053677,0.290647,0.372530,-0.064031,0.211469,0.504809,-0.024022,0.227470,0.420912,-0.039137,0.235100,0.368629,-0.051058,0.237850,0.324371,-0.059826,0.176298,0.501403,-0.027850,0.174548,0.419706,-0.043759,0.171805,0.369481,-0.054907,0.169784,0.325513,-0.062246,0.141791,0.516091,-0.034436,0.126614,0.453288,-0.049948,0.117389,0.412176,-0.057684,0.111231,0.373168,-0.062127
765,0,0.026137,0.030360,0.034974,0.079081,0.050740,0.158034,0.697653,0.000000,0.218076,0.688999,-0.026602,0.274006,0.656227,-0.040339,0.320333,0.626727,-0.052927,0.357781,0.612247,-0.065358,0.246044,0.529724,-0.024168,0.272264,0.458985,-0.041091,0.283586,0.413949,-0.054511,0.290982,0.372709,-0.064803,0.211671,0.505296,-0.024603,0.227893,0.420648,-0.039864,0.235395,0.368081,-0.051859,0.238048,0.323990,-0.060607,0.176616,0.501838,-0.028344,0.174712,0.419946,-0.044416,0.171957,0.369146,-0.055738,0.169894,0.325200,-0.063180,0.142088,0.516531,-0.034836,0.126816,0.453530,-0.050552,0.117473,0.412315,-0.058430,0.111208,0.373378,-0.062982
794,0,0.022205,0.033345,0.038437,0.075845,0.047102,0.158000,0.698905,0.000000,0.217453,0.689689,-0.026928,0.273528,0.656700,-0.040947,0.319712,0.627003,-0.053817,0.357561,0.612238,-0.066449,0.245979,0.530062,-0.024117,0.272450,0.459252,-0.041224,0.283729,0.414084,-0.054886,0.291190,0.372311,-0.065420,0.211858,0.505677,-0.024552,0.228162,0.421566,-0.040016,0.235770,0.368838,-0.052272,0.238439,0.323907,-0.061222,0.177076,0.502112,-0.028314,0.175246,0.420722,-0.044511,0.172664,0.369960,-0.055797,0.170703,0.325569,-0.063242,0.142610,0.516426,-0.034888,0.127122,0.453411,-0.050530,0.117717,0.412291,-0.058292,0.111492,0.373329,-0.062727
827,0,0.023339,0.036828,0.062722,0.078359,0.055300,0.157862,0.697366,0.000000,0.217550,0.689469,-0.026916,0.273901,0.656816,-0.040650,0.320058,0.626735,-0.053121,0.357541,0.611890,-0.065395,0.246133,0.529747,-0.024488,0.272475,0.458795,-0.041321,0.283799,0.413463,-0.054621,0.291279,0.372125,-0.064842,0.211770,0.505275,-0.024646,0.227978,0.421071,-0.039781,0.235530,0.368598,-0.051661,0.237980,0.324527,-0.060343,0.176753,0.501551,-0.028080,0.175258,0.419712,-0.043965,0.172655,0.369201,-0.055213,0.170604,0.325277,-0.062632,0.142215,0.515549,-0.034296,0.127005,0.452873,-0.049845,0.117685,0.411925,-0.057699,0.111593,0.373157,-0.062198
861,0,0.020303,0.024573,0.042554,0.083525,0.064856,0.158007,0.697868,0.000000,0.217791,0.689006,-0.026436,0.274355,0.656437,-0.039991,0.320320,0.626768,-0.052477,0.357560,0.612349,-0.064745,0.246405,0.529124,-0.023547,0.272407,0.458507,-0.040327,0.283468,0.413436,-0.053703,0.290714,0.372202,-0.064033,0.212017,0.504854,-0.024062,0.228234,0.421097,-0.039199,0.235757,0.368521,-0.051210,0.238454,0.324238,-0.059996,0.176936,0.501388,-0.027900,0.175444,0.419790,-0.043770,0.172971,0.369428,-0.054970,0.171323,0.325636,-0.062370,0.142379,0.515911,-0.034510,0.127117,0.452954,-0.050023,0.117842,0.411864,-0.057819,0.111742,0.372939,-0.062291
889,0,0.019257,0.023763,0.035461,0.076900,0.055469,0.157561,0.697800,0.000000,0.217593,0.688973,-0.026642,0.273822,0.656509,-0.040360,0.320252,0.627007,-0.052968,0.357728,0.612653,-0.065359,0.245909,0.529631,-0.024089,0.272309,0.458821,-0.041052,0.283525,0.413544,-0.054552,0.290830,0.371971,-0.064924,0.211654,0.505304,-0.024544,0.228184,0.421146,-0.039865,0.235549,0.368483,-0.051939,0.238117,0.324042,-0.060727,0.176842,0.501849,-0.028266,0.175403,0.420288,-0.044259,0.173032,0.369895,-0.055423,0.171252,0.325952,-0.062826,0.142376,0.516110,-0.034797,0.127237,0.453244,-0.050355,0.118032,0.412027,-0.058154,0.111840,0.373069,-0.062588
923,0,0.029265,0.028312,0.066020,0.066535,0.046905,0.157974,0.697325,0.000000,0.217545,0.688770,-0.027343,0.273408,0.655889,-0.041469,0.319899,0.626347,-0.054290,0.358086,0.612447,-0.066913,0.245831,0.528909,-0.024771,0.272281,0.457814,-0.041865,0.283572,0.412504,-0.055398,0.291045,0.371026,-0.065805,0.211622,0.504516,-0.024889,0.227850,0.420408,-0.040262,0.235329,0.368082,-0.052311,0.238143,0.323946,-0.061175,0.176593,0.500863,-0.028352,0.175213,0.419493,-0.044397,0.172742,0.369214,-0.055754,0.170951,0.325524,-0.063233,0.142034,0.515355,-0.034683,0.126714,0.452708,-0.050333,0.117459,0.411616,-0.058286,0.111438,0.372722,-0.062877
957,0,0.029501,0.024641,0.062807,0.079777,0.060874,0.157944,0.697691,0.000000,0.217973,0.689453,-0.026899,0.274198,0.656541,-0.040744,0.320117,0.626534,-0.053442,0.357722,0.611455,-0.065902,0.246123,0.529306,-0.024031,0.272228,0.458574,-0.040902,0.283408,0.413143,-0.054470,0.290806,0.371484,-0.064953,0.211856,0.505093,-0.024347,0.227914,0.421149,-0.039537,0.235472,0.368468,-0.051741,0.238013,0.323897,-0.060681,0.176783,0.501776,-0.027967,0.175262,0.420124,-0.043908,0.172836,0.369698,-0.055261,0.171078,0.325479,-0.062777,0.142440,0.516340,-0.034415,0.127214,0.453566,-0.050040,0.118055,0.412278,-0.057951,0.111910,0.373239,-0.062500
985,0,0.012843,0.014500,0.039655,0.081425,0.061838,0.157835,0.697953,0.000000,0.217407,0.689340,-0.026879,0.273601,0.656634,-0.040645,0.319781,0.626763,-0.053245,0.357500,0.612246,-0.065608,0.246375,0.529275,-0.023956,0.272480,0.458503,-0.040842,0.283671,0.413327,-0.054272,0.290938,0.371926,-0.064621,0.212079,0.504942,-0.024272,0.228245,0.421166,-0.039499,0.235690,0.368759,-0.051546,0.238347,0.324558,-0.060355,0.176945,0.501471,-0.027926,0.175672,0.419995,-0.043923,0.173188,0.369655,-0.055220,0.171390,0.325889,-0.062646,0.142347,0.515955,-0.034384,0.127361,0.453290,-0.050046,0.118071,0.412292,-0.057985,0.111848,0.373578,-0.062488
1039,0,0.011860,0.026564,0.035047,0.081838,0.066013,0.158420,0.697369,0.000000,0.217961,0.689240,-0.027067,0.274360,0.656784,-0.040876,0.320517,0.627024,-0.053502,0.358063,0.612151,-0.065852,0.246295,0.529196,-0.024068,0.272276,0.458642,-0.040837,0.283496,0.413535,-0.054252,0.290794,0.372191,-0.064628,0.211970,0.505146,-0.024265,0.228124,0.421273,-0.039357,0.235633,0.368857,-0.051371,0.238283,0.324866,-0.060209,0.176996,0.501681,-0.027797,0.175847,0.420135,-0.043717,0.173553,0.369828,-0.055041,0.171785,0.325920,-0.062537,0.142377,0.516248,-0.034169,0.127394,0.453410,-0.049833,0.118094,0.412411,-0.057803,0.111960,0.373572,-0.062419
1070,0,0.015379,0.025870,0.043362,0.076507,0.061418,0.158020,0.697709,0.000000,0.217690,0.689342,-0.026776,0.274395,0.656722,-0.040461,0.321032,0.627118,-0.052999,0.358503,0.612546,-0.065339,0.246620,0.529602,-0.023988,0.272609,0.458466,-0.040778,0.283646,0.413149,-0.054146,0.290899,0.371599,-0.064469,0.212370,0.505364,-0.024364,0.228510,0.421287,-0.039552,0.236047,0.368777,-0.051575,0.238845,0.324335,-0.060435,0.177349,0.501860,-0.028022,0.175985,0.420278,-0.043942,0.173582,0.369857,-0.055254,0.171742,0.325770,-0.062729,0.142930,0.516176,-0.034509,0.127559,0.453307,-0.050072,0.118197,0.412085,-0.058022,0.112013,0.373017,-0.062571
1098,0,0.018340,0.025806,0.054602,0.065044,0.050008,0.158442,0.698220,0.000000,0.218222,0.689070,-0.027009,0.274723,0.656467,-0.040929,0.321162,0.626669,-0.053700,0.359214,0.612690,-0.066233,0.246849,0.529495,-0.024252,0.272827,0.458520,-0.041207,0.283865,0.413322,-0.054691,0.291165,0.371643,-0.065122,0.212498,0.505295,-0.024609,0.228646,0.421282,-0.039938,0.236341,0.368833,-0.051995,0.239278,0.324365,-0.060878,0.177348,0.501723,-0.028298,0.175844,0.420419,-0.044380,0.173660,0.370143,-0.055683,0.172136,0.326283,-0.063179,0.142620,0.515962,-0.034822,0.127367,0.452796,-0.050448,0.118091,0.411749,-0.058340,0.111994,0.372882,-0.062901
1132,0,0.030908,0.034166,0.051080,0.085109,0.073866,0.158842,0.698609,0.000000,0.218645,0.689217,-0.026710,0.274877,0.656248,-0.040324,0.321475,0.626526,-0.052826,0.359524,0.612387,-0.065089,0.246493,0.529551,-0.023476,0.272689,0.458604,-0.040086,0.283799,0.413233,-0.053381,0.291180,0.371854,-0.063661,0.212228,0.505371,-0.023793,0.228366,0.421137,-0.038776,0.235950,0.368620,-0.050722,0.238796,0.324565,-0.059573,0.177491,0.501799,-0.027445,0.176135,0.420248,-0.043221,0.174002,0.369847,-0.054532,0.172581,0.325973,-0.062113,0.143053,0.516148,-0.033914,0.127795,0.453434,-0.049452,0.118513,0.412078,-0.057430,0.112371,0.373049,-0.062113
1165,0,0.025614,0.050221,0.073163,0.101914,0.092197,0.158122,0.697842,0.000000,0.218878,0.689427,-0.026410,0.275494,0.656895,-0.039813,0.321605,0.627021,-0.052186,0.359193,0.612899,-0.064341,0.246973,0.529492,-0.022609,0.272764,0.458507,-0.038981,0.283682,0.413261,-0.052265,0.290938,0.371860,-0.062599,0.212832,0.505621,-0.023044,0.228621,0.421655,-0.037892,0.236044,0.369141,-0.049929,0.238834,0.324859,-0.058838,0.177929,0.502133,-0.026845,0.176453,0.420309,-0.042644,0.174003,0.370138,-0.054007,0.172188,0.326336,-0.061530,0.143189,0.516244,-0.033458,0.127800,0.453418,-0.049058,0.118364,0.412371,-0.057056,0.111951,0.373567,-0.061689
1194,0,0.031511,0.041771,0.077371,0.085189,0.069653,0.158223,0.698653,0.000000,0.217906,0.689927,-0.026795,0.274411,0.657007,-0.040579,0.321215,0.627426,-0.053232,0.359492,0.613067,-0.065626,0.246830,0.529802,-0.023617,0.272948,0.458413,-0.040381,0.283869,0.412974,-0.053748,0.291302,0.371548,-0.064116,0.212419,0.505614,-0.023934,0.228621,0.421452,-0.039070,0.236443,0.368862,-0.051126,0.239488,0.324708,-0.059985,0.177573,0.502112,-0.027609,0.176373,0.420574,-0.043420,0.174486,0.370411,-0.054622,0.173168,0.326724,-0.062051,0.143047,0.516232,-0.034124,0.127964,0.453323,-0.049577,0.118804,0.412212,-0.057403,0.112764,0.373262,-0.061892
1228,0,0.027618,0.030078,0.059721,0.077944,0.056435,0.159033,0.698731,0.000000,0.219246,0.690073,-0.026844,0.274941,0.657011,-0.040732,0.321444,0.627574,-0.053490,0.359351,0.613838,-0.066050,0.247288,0.530405,-0.024051,0.273225,0.459658,-0.040969,0.284454,0.414521,-0.054481,0.291767,0.373083,-0.064901,0.212867,0.506087,-0.024388,0.228865,0.421742,-0.039622,0.236368,0.369265,-0.051667,0.239296,0.325131,-0.060503,0.177745,0.502597,-0.028033,0.176559,0.420865,-0.043941,0.174477,0.370545,-0.055154,0.173026,0.326523,-0.062564,0.143352,0.516864,-0.034511,0.128269,0.453914,-0.050083,0.119146,0.412485,-0.057928,0.113214,0.373413,-0.062484
1263,0,0.029610,0.037728,0.070718,0.100240,0.078287,0.158683,0.698985,0.000000,0.219308,0.690803,-0.026414,0.275921,0.657809,-0.039849,0.321985,0.627578,-0.052235,0.359678,0.613328,-0.064462,0.247713,0.530502,-0.023090,0.273488,0.459404,-0.039690,0.284402,0.414176,-0.052987,0.291602,0.372931,-0.063275,0.213419,0.506362,-0.023585,0.229368,0.421770,-0.038701,0.236668,0.369281,-0.050731,0.239389,0.325214,-0.059555,0.178428,0.502651,-0.027403,0.177099,0.420650,-0.043371,0.174852,0.370260,-0.054649,0.173178,0.326396,-0.062088,0.143862,0.516866,-0.034012,0.128813,0.453907,-0.049663,0.119598,0.412711,-0.057616,0.113441,0.373614,-0.062167
1290,0,0.022866,0.028112,0.044528,0.096002,0.079952,0.158840,0.699380,0.000000,0.218720,0.690825,-0.027002,0.275722,0.657572,-0.040533,0.322059,0.627324,-0.052855,0.360330,0.613576,-0.064979,0.247509,0.530191,-0.023396,0.273226,0.458633,-0.039998,0.284008,0.413166,-0.053291,0.291358,0.371546,-0.063672,0.213061,0.506026,-0.023614,0.229121,0.421856,-0.038690,0.236859,0.369556,-0.050795,0.239855,0.325140,-0.059670,0.178114,0.502273,-0.027200,0.177008,0.421010,-0.043108,0.174992,0.370918,-0.054361,0.173722,0.327377,-0.061770,0.143401,0.516412,-0.033619,0.128323,0.453488,-0.049210,0.119173,0.412490,-0.057055,0.113123,0.373457,-0.061572
1323,0,0.022810,0.027142,0.038456,0.087479,0.068938,0.159192,0.698621,0.000000,0.219311,0.690532,-0.026746,0.275459,0.657931,-0.040477,0.321544,0.628168,-0.053056,0.359685,0.613746,-0.065437,0.247620,0.530024,-0.023453,0.273609,0.458989,-0.040238,0.284501,0.413513,-0.053612,0.291855,0.372303,-0.063929,0.213208,0.505917,-0.023790,0.229474,0.421393,-0.039028,0.237104,0.368811,-0.051072,0.240066,0.324904,-0.059921,0.178314,0.502415,-0.027480,0.177132,0.420400,-0.043492,0.175119,0.370144,-0.054802,0.173673,0.326434,-0.062262,0.143710,0.516830,-0.033969,0.128648,0.454015,-0.049683,0.119505,0.412718,-0.057659,0.113605,0.373622,-0.062302
1358,0,0.013397,0.017132,0.042186,0.089803,0.069537,0.158981,0.698985,0.000000,0.219006,0.690606,-0.026822,0.275636,0.657716,-0.040550,0.321952,0.627692,-0.053131,0.359931,0.613472,-0.065474,0.247674,0.530457,-0.023460,0.273555,0.459263,-0.040095,0.284318,0.413788,-0.053408,0.291459,0.372427,-0.063693,0.213576,0.506168,-0.023776,0.229674,0.421843,-0.038889,0.237208,0.369205,-0.050915,0.239897,0.324936,-0.059698,0.178716,0.502459,-0.027455,0.177465,0.420478,-0.043399,0.175149,0.370038,-0.054713,0.173530,0.326371,-0.062111,0.144191,0.516454,-0.033924,0.128806,0.453463,-0.049570,0.119337,0.412112,-0.057522,0.112951,0.373240,-0.062032
1404,0,0.025364,0.023233,0.045529,0.096140,0.084775,0.158872,0.698238,0.000000,0.219352,0.689885,-0.026415,0.276247,0.656843,-0.039731,0.322193,0.626860,-0.052037,0.360088,0.613395,-0.064125,0.247859,0.529633,-0.022927,0.273661,0.458449,-0.039513,0.284426,0.412873,-0.052790,0.291411,0.371423,-0.063094,0.213498,0.505579,-0.023423,0.229273,0.421614,-0.038562,0.236704,0.369244,-0.050610,0.239331,0.325004,-0.059448,0.178420,0.501823,-0.027227,0.177374,0.420067,-0.043199,0.175265,0.370122,-0.054415,0.173707,0.326717,-0.061787,0.143756,0.515866,-0.033826,0.128169,0.453084,-0.049540,0.118814,0.412186,-0.057427,0.112588,0.373626,-0.061905
1438,0,0.034558,0.034265,0.069269,0.080457,0.060868,0.159428,0.698831,0.000000,0.219507,0.690180,-0.026876,0.275843,0.657769,-0.040712,0.321944,0.627717,-0.053434,0.359818,0.613792,-0.065878,0.247808,0.530166,-0.023914,0.273741,0.459149,-0.040672,0.284462,0.413752,-0.054031,0.291720,0.372296,-0.064447,0.213392,0.505859,-0.024252,0.229407,0.421540,-0.039440,0.236974,0.369149,-0.051526,0.239792,0.325130,-0.060471,0.178395,0.502352,-0.027930,0.177280,0.420653,-0.043813,0.175463,0.370513,-0.055104,0.174147,0.326635,-0.062698,0.143855,0.516542,-0.034430,0.128639,0.453578,-0.050055,0.119478,0.412290,-0.058046,0.113428,0.372972,-0.062777
1470,0,0.016663,0.015363,0.037333,0.083389,0.062350,0.159555,0.698968,0.000000,0.219872,0.690252,-0.026921,0.276382,0.657880,-0.040649,0.322420,0.627954,-0.053248,0.359971,0.613428,-0.065609,0.248224,0.530248,-0.023692,0.274097,0.458921,-0.040471,0.284942,0.413505,-0.053842,0.292162,0.372214,-0.064183,0.213733,0.506159,-0.023989,0.229963,0.421594,-0.039203,0.237570,0.369009,-0.051307,0.240425,0.324951,-0.060181,0.178774,0.502642,-0.027634,0.177677,0.420287,-0.043660,0.175606,0.369738,-0.055071,0.174039,0.325960,-0.062559,0.144207,0.516698,-0.034092,0.129027,0.453406,-0.049841,0.119681,0.411908,-0.057884,0.113424,0.372889,-0.062479
1501,0,0.017659,0.020777,0.052752,0.095115,0.073860,0.159527,0.698726,0.000000,0.220075,0.690572,-0.026637,0.276786,0.657971,-0.040144,0.322727,0.627832,-0.052520,0.360488,0.613810,-0.064698,0.248472,0.530156,-0.023404,0.274139,0.458994,-0.040084,0.284818,0.413425,-0.053393,0.291862,0.371979,-0.063746,0.214087,0.506020,-0.023801,0.230235,0.421643,-0.038934,0.237849,0.369247,-0.050934,0.240814,0.325440,-0.059779,0.179090,0.502420,-0.027510,0.177959,0.420435,-0.043476,0.176046,0.369960,-0.054781,0.174627,0.326264,-0.062239,0.144536,0.516634,-0.034015,0.129386,0.453578,-0.049743,0.120153,0.412226,-0.057756,0.114102,0.373048,-0.062358
1533,0,0.020196,0.026994,0.048996,0.089695,0.066893,0.159868,0.698044,0.000000,0.220218,0.690331,-0.027152,0.276748,0.657784,-0.040857,0.323350,0.627558,-0.053312,0.360944,0.613374,-0.065569,0.248664,0.530796,-0.024236,0.274263,0.459435,-0.040976,0.284902,0.413840,-0.054304,0.292018,0.372416,-0.064578,0.214368,0.506397,-0.024316,0.230352,0.421731,-0.039488,0.238058,0.369361,-0.051448,0.240885,0.325362,-0.060294,0.179424,0.502532,-0.027747,0.178481,0.420388,-0.043673,0.176350,0.370022,-0.054978,0.174912,0.326183,-0.062515,0.144774,0.516420,-0.033995,0.129688,0.453476,-0.049663,0.120468,0.412067,-0.057755,0.114380,0.372998,-0.062436
1566,0,0.032673,0.057843,0.051116,0.115434,0.088082,0.159536,0.699284,0.000000,0.220140,0.690670,-0.026476,0.276880,0.657871,-0.039943,0.323347,0.627571,-0.052317,0.361294,0.613405,-0.064433,0.248851,0.530802,-0.022961,0.274612,0.459229,-0.039526,0.285199,0.413528,-0.052794,0.292230,0.372076,-0.063043,0.214558,0.506676,-0.023398,0.230824,0.421823,-0.038394,0.238504,0.369251,-0.050371,0.241808,0.325141,-0.059150,0.179568,0.502736,-0.027152,0.178833,0.420533,-0.042902,0.177371,0.370318,-0.053986,0.176549,0.326798,-0.061374,0.144852,0.516576,-0.033706,0.129682,0.453261,-0.049179,0.120554,0.411804,-0.057005,0.114560,0.372697,-0.061454
1594,0,0.025825,0.031074,0.074024,0.118043,0.087843,0.160176,0.699114,0.000000,0.220585,0.690474,-0.026710,0.277336,0.656997,-0.040164,0.323620,0.626635,-0.052466,0.361938,0.613245,-0.064589,0.248897,0.530633,-0.023371,0.274101,0.458914,-0.039985,0.284642,0.413064,-0.053340,0.291572,0.371161,-0.063714,0.214443,0.506533,-0.023689,0.230496,0.422229,-0.038733,0.238278,0.369939,-0.050757,0.241627,0.325811,-0.059581,0.179509,0.502752,-0.027346,0.179234,0.421063,-0.043125,0.178032,0.371019,-0.054255,0.177534,0.327439,-0.061648,0.144761,0.516541,-0.033805,0.129115,0.453801,-0.049405,0.119751,0.412528,-0.057275,0.113626,0.373486,-0.061767
1628,0,0.024648,0.023754,0.072112,0.119530,0.094852,0.160637,0.698873,0.000000,0.221063,0.689886,-0.026968,0.277566,0.656700,-0.040671,0.323934,0.626493,-0.053141,0.362237,0.612877,-0.065392,0.248798,0.530087,-0.023627,0.274049,0.457759,-0.040214,0.284215,0.411695,-0.053499,0.291117,0.370319,-0.063761,0.214316,0.506383,-0.023786,0.230341,0.421135,-0.038702,0.237918,0.368922,-0.050556,0.241229,0.325339,-0.059306,0.179271,0.502576,-0.027287,0.179751,0.420622,-0.042799,0.179144,0.370299,-0.053857,0.179147,0.326837,-0.061295,0.144586,0.516412,-0.033651,0.129028,0.453867,-0.049124,0.119842,0.412233,-0.056960,0.113753,0.373099,-0.061454
1663,0,0.027343,0.028394,0.056905,0.132033,0.109579,0.160216,0.698294,0.000000,0.221243,0.689298,-0.026664,0.278067,0.656365,-0.040275,0.323807,0.625983,-0.052732,0.362047,0.612325,-0.064950,0.248655,0.529333,-0.023043,0.273578,0.457315,-0.039599,0.283760,0.411155,-0.052971,0.290666,0.369782,-0.063318,0.214326,0.505912,-0.023421,0.230473,0.420719,-0.038285,0.238375,0.368223,-0.050145,0.242301,0.324884,-0.058821,0.179489,0.502401,-0.027162,0.180704,0.420349,-0.042703,0.180877,0.370108,-0.053767,0.181552,0.326935,-0.061129,0.144945,0.516482,-0.033729,0.129647,0.453846,-0.049349,0.120546,0.411980,-0.057229,0.114507,0.372758,-0.061687
1691,0,0.064158,0.067513,0.091306,0.190874,0.161315,0.160993,0.699172,0.000000,0.221595,0.689945,-0.026566,0.277976,0.655705,-0.039799,0.324021,0.625240,-0.051862,0.362414,0.611894,-0.063646,0.249261,0.528739,-0.021983,0.273303,0.457082,-0.038073,0.282635,0.410990,-0.051346,0.288811,0.369720,-0.061623,0.214757,0.505447,-0.022260,0.230863,0.421202,-0.036466,0.238721,0.369368,-0.048052,0.242900,0.326531,-0.056583,0.179986,0.501968,-0.025970,0.182327,0.420649,-0.040910,0.183513,0.371202,-0.051623,0.185176,0.329071,-0.058766,0.145394,0.515810,-0.032557,0.130399,0.453361,-0.047656,0.121714,0.411735,-0.055195,0.116149,0.372976,-0.059440
1725,0,0.034664,0.052820,0.086023,0.205532,0.181543,0.160247,0.698112,0.000000,0.220695,0.689705,-0.026968,0.277720,0.655749,-0.040314,0.324355,0.625019,-0.052315,0.362336,0.611385,-0.063980,0.249568,0.528736,-0.022440,0.273289,0.456285,-0.038455,0.282321,0.409786,-0.051682,0.288221,0.368111,-0.062042,0.215555,0.505581,-0.022460,0.231520,0.420907,-0.036518,0.238952,0.369089,-0.048242,0.242582,0.326356,-0.057020,0.181146,0.501894,-0.025881,0.184751,0.420713,-0.040610,0.186171,0.370998,-0.051603,0.187764,0.328768,-0.059077,0.146216,0.515266,-0.032188,0.131697,0.453791,-0.047174,0.122868,0.412516,-0.054806,0.116859,0.373930,-0.059195
1760,0,0.065654,0.064999,0.076877,0.259335,0.233813,0.161054,0.697905,0.000000,0.221032,0.689492,-0.026908,0.277927,0.655598,-0.040007,0.323867,0.624834,-0.051764,0.361448,0.610494,-0.063206,0.249881,0.528274,-0.021483,0.272075,0.456521,-0.037324,0.280354,0.410400,-0.050778,0.285936,0.368836,-0.061233,0.216309,0.505472,-0.021404,0.231390,0.422403,-0.035036,0.238355,0.371527,-0.046754,0.242198,0.328963,-0.055591,0.182318,0.501618,-0.024758,0.186722,0.421646,-0.039178,0.188751,0.372798,-0.049871,0.191050,0.330873,-0.057170,0.147380,0.514809,-0.031031,0.133087,0.453447,-0.045688,0.124522,0.412260,-0.052987,0.118597,0.374081,-0.057130
1804,0,0.075843,0.075315,0.146404,0.321731,0.294337,0.161380,0.696966,0.000000,0.220989,0.688273,-0.027721,0.277390,0.653862,-0.041033,0.324223,0.622706,-0.052740,0.362716,0.607109,-0.064095,0.250405,0.528168,-0.021456,0.270166,0.455419,-0.036922,0.277062,0.409053,-0.050117,0.281724,0.367083,-0.060492,0.217458,0.506113,-0.020888,0.232119,0.423703,-0.034338,0.238435,0.373356,-0.046123,0.242465,0.330787,-0.055089,0.183725,0.502307,-0.023903,0.189354,0.423612,-0.038410,0.192144,0.375191,-0.049294,0.195248,0.333483,-0.056734,0.148332,0.514679,-0.029894,0.135045,0.453195,-0.044713,0.126694,0.412232,-0.052270,0.121195,0.373475,-0.056616
1839,0,0.142912,0.159890,0.273004,0.446267,0.431974,0.161792,0.694900,0.000000,0.221213,0.686584,-0.027710,0.278300,0.651663,-0.040574,0.324857,0.618806,-0.051767,0.362315,0.598420,-0.062532,0.251300,0.528681,-0.020423,0.266979,0.456319,-0.035269,0.271597,0.410115,-0.048269,0.274644,0.368254,-0.058529,0.219199,0.507990,-0.019568,0.231344,0.426422,-0.032218,0.236378,0.377493,-0.043916,0.239610,0.335462,-0.053088,0.186082,0.504081,-0.022347,0.191484,0.427132,-0.036202,0.194485,0.380066,-0.046520,0.197486,0.338805,-0.053710,0.151072,0.514521,-0.028157,0.139085,0.452230,-0.042245,0.131520,0.411585,-0.049124,0.126277,0.373249,-0.053244
1868,0,0.204814,0.230342,0.364232,0.616752,0.648258,0.160884,0.692757,0.000000,0.221164,0.683800,-0.026647,0.279565,0.649019,-0.038554,0.324415,0.613428,-0.048968,0.360026,0.590399,-0.059075,0.251218,0.532548,-0.017774,0.262442,0.461444,-0.032926,0.263302,0.416258,-0.046671,0.263001,0.375205,-0.057276,0.220057,0.512919,-0.017037,0.229888,0.433960,-0.030227,0.233345,0.384290,-0.043416,0.234827,0.340511,-0.053639,0.188120,0.508079,-0.019909,0.192276,0.434107,-0.033902,0.194809,0.387816,-0.044603,0.196765,0.346337,-0.052069,0.153974,0.515817,-0.025767,0.144716,0.453323,-0.039473,0.138318,0.412243,-0.046288,0.133361,0.373557,-0.050384
1899,0,0.253468,0.312689,0.417435,0.814765,0.894805,0.161519,0.688540,0.000000,0.221904,0.683171,-0.027511,0.281096,0.647927,-0.039789,0.325347,0.609866,-0.050154,0.361135,0.583084,-0.060148,0.252638,0.538115,-0.019189,0.259351,0.470243,-0.035684,0.256291,0.426499,-0.050452,0.252200,0.387783,-0.061486,0.221847,0.517702,-0.017025,0.226625,0.442777,-0.030706,0.227419,0.396467,-0.043802,0.227000,0.355336,-0.054092,0.190712,0.511147,-0.018557,0.191671,0.439850,-0.032786,0.191373,0.398358,-0.041870,0.191191,0.361187,-0.048074,0.158307,0.516160,-0.023127,0.150178,0.453341,-0.036483,0.144912,0.412884,-0.042501,0.140929,0.374232,-0.046105
1932,0,0.419744,0.477241,0.562976,1.191761,1.310913,0.163192,0.684587,0.000000,0.224198,0.680559,-0.024696,0.284215,0.646617,-0.035305,0.326986,0.608184,-0.044587,0.361450,0.580628,-0.054050,0.254847,0.549105,-0.016570,0.257384,0.487857,-0.032976,0.251199,0.446176,-0.048154,0.243461,0.409530,-0.059000,0.223152,0.530203,-0.015114,0.221674,0.464318,-0.030355,0.217715,0.421478,-0.045569,0.212110,0.384646,-0.056925,0.192672,0.521207,-0.016879,0.188816,0.456901,-0.032193,0.186072,0.419661,-0.041529,0.183096,0.387010,-0.047353,0.161574,0.521462,-0.021292,0.157112,0.458663,-0.034377,0.153953,0.417368,-0.039673,0.151761,0.378414,-0.042512
1967,0,0.653383,0.738177,0.628523,1.836943,2.018576,0.163767,0.678525,-0.000000,0.226560,0.673699,-0.020120,0.285949,0.643280,-0.027699,0.329392,0.607924,-0.035135,0.363462,0.579429,-0.042890,0.256034,0.559427,-0.003917,0.256008,0.507909,-0.016102,0.249486,0.472444,-0.029500,0.243480,0.440838,-0.039216,0.225037,0.541488,-0.003979,0.222578,0.490301,-0.016737,0.218432,0.460774,-0.031532,0.214570,0.435370,-0.042184,0.195494,0.530202,-0.007419,0.192817,0.476985,-0.020986,0.191452,0.450443,-0.029023,0.191640,0.427725,-0.033740,0.164224,0.525202,-0.013302,0.160676,0.466766,-0.023848,0.157282,0.422934,-0.027169,0.155457,0.381914,-0.029006
1995,0,0.464682,0.483827,6.880690,2.093345,2.250609,0.168290,0.678208,-0.000000,0.228852,0.676262,-0.021186,0.288540,0.643965,-0.028514,0.332540,0.607292,-0.035529,0.365446,0.580707,-0.041677,0.257613,0.558261,-0.007016,0.258733,0.500402,-0.024138,0.248612,0.490649,-0.038482,0.239557,0.495975,-0.045428,0.226293,0.539671,-0.004689,0.224234,0.475945,-0.022749,0.217228,0.488476,-0.035634,0.215041,0.511842,-0.041468,0.196049,0.528713,-0.005909,0.192938,0.465869,-0.023669,0.188894,0.481318,-0.028740,0.190338,0.507275,-0.028114,0.165530,0.524640,-0.009360,0.165184,0.461433,-0.019206,0.162505,0.417487,-0.022210,0.162727,0.382304,-0.022992
2028,0,0.444974,0.445022,2.415114,2.413202,2.596969,0.169424,0.676765,-0.000000,0.229556,0.672142,-0.021036,0.288898,0.639932,-0.027387,0.332821,0.604229,-0.034417,0.366069,0.578538,-0.040611,0.259286,0.561284,-0.005246,0.260314,0.512017,-0.023437,0.244641,0.523534,-0.036574,0.233766,0.547229,-0.041133,0.227875,0.542421,-0.002614,0.225727,0.493991,-0.024307,0.207727,0.518775,-0.038836,0.198578,0.550440,-0.043917,0.197551,0.530019,-0.003634,0.194582,0.485919,-0.026465,0.178159,0.512411,-0.034747,0.171124,0.544825,-0.033495,0.167539,0.522293,-0.006247,0.171717,0.460384,-0.017200,0.167779,0.415551,-0.020306,0.166183,0.379496,-0.019871
2060,0,0.549880,0.557280,1.541469,2.503982,2.729771,0.166592,0.674934,-0.000000,0.226490,0.672214,-0.027225,0.286920,0.638810,-0.035681,0.333070,0.602534,-0.043749,0.367447,0.574724,-0.049724,0.259362,0.560780,-0.014785,0.258335,0.516328,-0.039293,0.231915,0.539192,-0.052762,0.213055,0.572183,-0.054990,0.226177,0.543375,-0.009418,0.221239,0.505211,-0.040981,0.195345,0.545880,-0.054348,0.181296,0.587839,-0.054618,0.195291,0.532961,-0.008591,0.184656,0.502857,-0.040170,0.167875,0.543337,-0.047327,0.163007,0.583821,-0.040812,0.165493,0.524909,-0.009562,0.172649,0.462812,-0.025132,0.169969,0.417561,-0.028508,0.169684,0.379796,-0.025790
2093,0,0.191753,0.182675,0.949250,2.627220,2.836202,0.165404,0.677188,-0.000000,0.223437,0.676415,-0.026740,0.284932,0.638620,-0.034674,0.330491,0.599422,-0.042357,0.366271,0.572105,-0.047401,0.259089,0.559359,-0.014848,0.254646,0.520683,-0.041154,0.227690,0.553092,-0.054315,0.210180,0.590603,-0.055184,0.226177,0.542798,-0.009186,0.218266,0.515673,-0.041488,0.195301,0.563601,-0.052912,0.184026,0.604740,-0.051509,0.195694,0.532929,-0.008334,0.184003,0.509894,-0.040853,0.170068,0.554874,-0.046566,0.166288,0.594482,-0.038615,0.166279,0.524276,-0.009153,0.173647,0.462828,-0.025070,0.172541,0.419529,-0.027976,0.172704,0.382302,-0.024318
2125,0,0.121722,0.136022,0.418510,2.665228,2.879907,0.167506,0.676535,-0.000000,0.223558,0.676129,-0.025604,0.284656,0.635345,-0.033131,0.329896,0.595929,-0.040430,0.364982,0.569445,-0.044937,0.260877,0.558007,-0.015586,0.253240,0.522752,-0.042619,0.227151,0.559252,-0.055061,0.211254,0.598403,-0.054898,0.227348,0.541571,-0.010638,0.217787,0.516848,-0.044153,0.198342,0.567652,-0.054702,0.188585,0.609722,-0.052155,0.196443,0.532203,-0.010393,0.184107,0.511092,-0.043860,0.173036,0.561577,-0.048366,0.170234,0.603474,-0.039059,0.166640,0.523905,-0.011700,0.173877,0.463392,-0.027841,0.172989,0.421245,-0.030127,0.172628,0.384197,-0.025734
2171,0,0.107032,0.093794,0.263153,2.720749,2.877200,0.167466,0.680728,-0.000000,0.223250,0.677187,-0.024383,0.284529,0.630464,-0.031559,0.329789,0.589789,-0.038767,0.365505,0.564815,-0.042798,0.259404,0.558535,-0.015013,0.252893,0.523194,-0.042960,0.227674,0.562515,-0.054861,0.213356,0.602274,-0.053893,0.226069,0.543202,-0.010587,0.218548,0.519915,-0.045637,0.199887,0.573219,-0.055280,0.191104,0.614872,-0.051378,0.195512,0.533972,-0.010974,0.184867,0.513311,-0.045572,0.174616,0.566166,-0.048991,0.172168,0.607948,-0.038444,0.166528,0.525530,-0.012788,0.173377,0.465423,-0.029091,0.172067,0.425272,-0.030946,0.171791,0.388290,-0.025995
2204,0,0.103674,0.092426,0.238382,2.772929,2.909326,0.168344,0.681314,-0.000000,0.224969,0.675994,-0.022705,0.285459,0.628377,-0.029342,0.328723,0.586842,-0.036424,0.364531,0.562408,-0.040521,0.259503,0.559046,-0.012758,0.254887,0.525691,-0.039949,0.230126,0.564956,-0.051794,0.215826,0.604494,-0.051127,0.226350,0.543693,-0.009249,0.221841,0.520607,-0.044236,0.203847,0.573737,-0.054334,0.194634,0.616434,-0.050619,0.195911,0.534517,-0.010400,0.187595,0.515847,-0.044585,0.177766,0.569663,-0.048142,0.174806,0.612036,-0.037662,0.166511,0.526461,-0.012885,0.172876,0.467921,-0.028930,0.171757,0.428970,-0.030962,0.171563,0.392616,-0.026262
2245,0,0.045173,0.044182,0.238677,2.800467,2.946040,0.168829,0.680734,-0.000000,0.225601,0.675867,-0.022045,0.285581,0.627379,-0.028292,0.327651,0.585041,-0.035102,0.362947,0.561089,-0.038985,0.259856,0.558647,-0.011774,0.254488,0.527406,-0.038860,0.229861,0.567090,-0.050916,0.215575,0.606380,-0.050477,0.226951,0.543283,-0.008478,0.221863,0.521042,-0.043056,0.204307,0.573544,-0.053264,0.195459,0.615770,-0.049695,0.196556,0.534158,-0.009817,0.188215,0.516513,-0.043682,0.178388,0.569854,-0.047409,0.175506,0.612185,-0.037107,0.167067,0.525882,-0.012431,0.173354,0.468285,-0.028370,0.172283,0.429628,-0.030499,0.171989,0.393725,-0.025834
2278,0,0.054123,0.057844,0.147838,2.829210,2.956558,0.168103,0.681842,-0.000000,0.225220,0.676070,-0.022352,0.285015,0.626040,-0.028540,0.327474,0.583864,-0.035238,0.362930,0.560531,-0.038734,0.260729,0.559838,-0.011571,0.256802,0.528481,-0.038610,0.231232,0.568859,-0.050397,0.216780,0.607573,-0.049871,0.227937,0.544234,-0.008090,0.223026,0.522024,-0.043065,0.204763,0.575635,-0.052718,0.196245,0.617540,-0.048634,0.197350,0.534895,-0.009421,0.189542,0.517010,-0.043498,0.179504,0.571153,-0.046561,0.176719,0.613807,-0.035795,0.167780,0.526643,-0.012151,0.175211,0.469277,-0.028339,0.174781,0.430095,-0.030752,0.175235,0.393496,-0.026328
2312,0,0.059519,0.058372,0.179574,2.810141,2.934200,0.168478,0.682102,-0.000000,0.224596,0.676208,-0.023579,0.284928,0.625579,-0.030346,0.327329,0.583169,-0.037342,0.362833,0.559875,-0.040878,0.260038,0.559842,-0.012841,0.257603,0.528299,-0.040635,0.232296,0.569992,-0.052340,0.218201,0.608895,-0.051700,0.227312,0.544447,-0.009061,0.223846,0.521611,-0.044628,0.205789,0.575826,-0.053925,0.197545,0.617381,-0.049505,0.196942,0.535746,-0.010334,0.190252,0.517620,-0.044994,0.180043,0.572285,-0.047707,0.177323,0.614421,-0.036641,0.167865,0.528217,-0.013131,0.174674,0.470869,-0.029920,0.173931,0.432197,-0.032556,0.174442,0.395421,-0.028289
2345,0,0.045648,0.069178,0.196245,2.814775,2.967227,0.170002,0.679144,-0.000000,0.226025,0.674336,-0.023329,0.285721,0.624801,-0.030000,0.327972,0.582727,-0.036839,0.363373,0.559421,-0.040457,0.260575,0.558436,-0.013116,0.257315,0.528285,-0.040092,0.232371,0.569395,-0.051764,0.218082,0.608276,-0.051247,0.227845,0.542915,-0.009233,0.223552,0.521568,-0.043952,0.205915,0.574809,-0.053435,0.197676,0.616589,-0.049484,0.197414,0.533983,-0.010213,0.190245,0.517156,-0.044013,0.180786,0.570746,-0.047022,0.178239,0.612896,-0.036475,0.168096,0.526366,-0.012675,0.174985,0.469128,-0.029043,0.174501,0.430177,-0.031672,0.175177,0.393854,-0.027554
2379,0,0.040438,0.046794,0.189843,2.802310,2.950257,0.169083,0.679599,-0.000000,0.225420,0.674906,-0.023648,0.285881,0.625081,-0.030502,0.328449,0.582670,-0.037494,0.364198,0.559607,-0.041158,0.261518,0.558716,-0.013572,0.256721,0.528674,-0.041311,0.230700,0.570156,-0.053127,0.216508,0.608574,-0.052578,0.228730,0.542446,-0.009587,0.223859,0.521678,-0.044944,0.205338,0.575270,-0.054257,0.196842,0.616428,-0.050013,0.198204,0.533189,-0.010541,0.190241,0.515905,-0.044975,0.180019,0.569881,-0.047662,0.177363,0.611632,-0.036701,0.168413,0.525101,-0.012976,0.175109,0.467803,-0.029571,0.174148,0.429055,-0.032060,0.174656,0.392645,-0.027678
2412,0,0.045059,0.045202,0.156223,2.800372,2.953060,0.169620,0.679206,-0.000000,0.225903,0.673205,-0.023381,0.286034,0.622639,-0.029958,0.328124,0.580321,-0.036765,0.363958,0.558229,-0.040261,0.260385,0.557188,-0.012787,0.256245,0.526993,-0.040230,0.230863,0.568679,-0.051974,0.216846,0.607639,-0.051392,0.227660,0.541507,-0.008938,0.223403,0.520042,-0.044094,0.205406,0.574107,-0.053569,0.197223,0.615853,-0.049399,0.197470,0.532697,-0.010004,0.189744,0.515182,-0.044339,0.179523,0.569463,-0.047283,0.176692,0.611485,-0.036489,0.168242,0.524801,-0.012541,0.174319,0.467397,-0.029146,0.173293,0.428789,-0.031675,0.173530,0.392472,-0.027352
2447,0,0.029881,0.037267,0.083126,2.790718,2.962697,0.169866,0.677310,-0.000000,0.225820,0.672311,-0.022884,0.285663,0.622677,-0.029435,0.328428,0.581190,-0.036338,0.364395,0.558600,-0.040104,0.260740,0.556543,-0.012567,0.256771,0.526977,-0.039798,0.231662,0.568144,-0.051615,0.217555,0.606599,-0.051217,0.228028,0.540944,-0.008962,0.224076,0.519980,-0.043686,0.205939,0.573276,-0.053115,0.197282,0.614556,-0.049165,0.197622,0.531785,-0.010217,0.189992,0.514631,-0.044084,0.180178,0.568283,-0.046992,0.177559,0.609975,-0.036369,0.167869,0.523730,-0.012911,0.174240,0.466532,-0.029221,0.173274,0.428043,-0.031685,0.173530,0.391696,-0.027460
2481,0,0.026601,0.030924,0.090806,2.786578,2.955405,0.169629,0.677588,-0.000000,0.226020,0.672372,-0.022994,0.286214,0.622100,-0.029443,0.328550,0.579863,-0.036138,0.364469,0.558099,-0.039586,0.260844,0.556411,-0.013052,0.255830,0.526094,-0.040479,0.230311,0.567386,-0.052207,0.216390,0.606121,-0.051684,0.228124,0.540778,-0.009258,0.223085,0.519404,-0.044203,0.205183,0.573283,-0.053531,0.197078,0.614094,-0.049467,0.197751,0.531522,-0.010281,0.189491,0.513879,-0.044388,0.179700,0.567967,-0.047251,0.177077,0.609533,-0.036569,0.168167,0.523332,-0.012729,0.174146,0.465834,-0.029243,0.172880,0.427180,-0.031798,0.172995,0.390583,-0.027566
2513,0,0.017820,0.018430,0.054684,2.773979,2.942291,0.169576,0.677653,-0.000000,0.225798,0.672092,-0.023080,0.285964,0.622032,-0.029634,0.328540,0.579886,-0.036466,0.364660,0.558254,-0.040067,0.260631,0.555855,-0.012555,0.256238,0.526003,-0.040220,0.230816,0.567493,-0.052222,0.216719,0.606536,-0.051760,0.227884,0.540295,-0.008886,0.223636,0.518456,-0.044159,0.205661,0.572114,-0.053791,0.197095,0.613630,-0.049729,0.197563,0.531178,-0.010132,0.189504,0.513369,-0.044529,0.179503,0.567295,-0.047668,0.176848,0.608844,-0.036989,0.168080,0.523015,-0.012802,0.173932,0.465411,-0.029358,0.172789,0.426686,-0.031912,0.172848,0.390035,-0.027634
2547,0,0.028282,0.028810,0.108200,2.764583,2.933963,0.169866,0.677564,-0.000000,0.226090,0.672000,-0.023357,0.286046,0.621586,-0.029925,0.328152,0.578680,-0.036663,0.364420,0.556579,-0.040085,0.260665,0.555034,-0.013020,0.255941,0.524941,-0.040301,0.230388,0.566482,-0.051834,0.216731,0.605042,-0.051278,0.228065,0.539001,-0.009173,0.223046,0.518257,-0.044094,0.204933,0.572074,-0.053375,0.197056,0.612814,-0.049305,0.197848,0.529823,-0.010222,0.189535,0.512465,-0.044495,0.179584,0.566652,-0.047424,0.177199,0.608133,-0.036786,0.168422,0.521712,-0.012727,0.173968,0.464278,-0.029463,0.172362,0.425950,-0.032161,0.172248,0.389306,-0.028014
2574,0,0.055171,0.037245,0.108671,2.767596,2.946649,0.170484,0.676278,-0.000000,0.226665,0.670170,-0.022815,0.286398,0.619875,-0.029230,0.328539,0.577778,-0.035968,0.364412,0.555554,-0.039568,0.260463,0.553469,-0.011984,0.256359,0.524463,-0.038675,0.231426,0.565331,-0.050460,0.217216,0.603950,-0.050183,0.227869,0.537954,-0.008315,0.223587,0.517285,-0.042491,0.205983,0.570407,-0.052244,0.197573,0.611640,-0.048644,0.197651,0.528793,-0.009453,0.189947,0.511864,-0.042829,0.180318,0.565177,-0.046152,0.177671,0.606727,-0.035999,0.168043,0.520853,-0.012023,0.173432,0.463545,-0.028091,0.172034,0.424806,-0.030722,0.171934,0.388194,-0.026707
2605,0,0.029102,0.019137,0.084535,2.766122,2.952342,0.170135,0.675975,-0.000000,0.226603,0.669776,-0.022556,0.285788,0.619131,-0.028891,0.327907,0.577126,-0.035627,0.364257,0.555155,-0.039242,0.260629,0.553368,-0.011417,0.255561,0.523801,-0.038284,0.230486,0.564721,-0.050304,0.216526,0.603267,-0.050056,0.227891,0.537624,-0.007833,0.222937,0.516625,-0.042085,0.205410,0.569747,-0.051880,0.197151,0.610924,-0.048264,0.197566,0.528243,-0.009061,0.189461,0.510926,-0.042517,0.179759,0.564344,-0.045854,0.177155,0.605846,-0.035596,0.167761,0.520314,-0.011711,0.173192,0.462770,-0.027701,0.171723,0.424179,-0.030204,0.171505,0.387592,-0.026002
2638,0,0.044104,0.048648,0.094077,2.738012,2.944554,0.170003,0.674370,-0.000000,0.225764,0.668519,-0.023520,0.285491,0.619039,-0.030368,0.328162,0.577061,-0.037417,0.364273,0.554182,-0.041303,0.260570,0.552888,-0.012578,0.255496,0.522994,-0.039761,0.230246,0.563803,-0.051760,0.216269,0.602412,-0.051575,0.227699,0.537037,-0.008699,0.222686,0.515517,-0.043524,0.205056,0.569073,-0.053364,0.196875,0.610867,-0.049725,0.197261,0.527726,-0.009724,0.188911,0.510034,-0.043555,0.179411,0.563700,-0.046702,0.177180,0.605921,-0.036337,0.167486,0.519523,-0.012285,0.173057,0.462422,-0.028564,0.171215,0.423624,-0.031186,0.170564,0.387091,-0.027114
2668,0,0.042515,0.040850,0.198662,2.730108,2.939795,0.169788,0.674406,-0.000000,0.225956,0.668957,-0.024305,0.285770,0.618394,-0.031232,0.327732,0.574876,-0.038097,0.364105,0.552329,-0.041622,0.260651,0.552375,-0.013567,0.254526,0.522304,-0.041375,0.229037,0.564112,-0.053373,0.215332,0.602909,-0.053002,0.227905,0.536486,-0.009200,0.221234,0.515120,-0.044714,0.203626,0.569639,-0.054331,0.196056,0.611145,-0.050404,0.197671,0.527229,-0.009833,0.187793,0.509344,-0.044405,0.178433,0.563776,-0.047467,0.176594,0.606011,-0.036798,0.167877,0.519068,-0.012014,0.172453,0.461438,-0.028836,0.170484,0.422757,-0.031650,0.170091,0.386116,-0.027537
2700,0,0.027474,0.048034,0.154635,2.717675,2.911046,0.169378,0.676041,-0.000000,0.225127,0.670154,-0.024418,0.285117,0.618750,-0.031287,0.327889,0.575570,-0.038186,0.363760,0.552625,-0.041613,0.260227,0.551209,-0.012950,0.255223,0.521851,-0.040965,0.229840,0.564077,-0.053035,0.215981,0.602831,-0.052572,0.227628,0.535643,-0.008698,0.221907,0.515611,-0.044268,0.204293,0.570476,-0.053714,0.196360,0.611340,-0.049639,0.197159,0.527028,-0.009616,0.188262,0.508815,-0.044484,0.178685,0.564066,-0.047262,0.176128,0.606468,-0.036365,0.167620,0.519428,-0.012117,0.172320,0.461350,-0.029249,0.169950,0.422844,-0.032043,0.169144,0.385993,-0.027907
2735,0,0.037073,0.030550,0.104626,2.727611,2.921655,0.169842,0.675567,-0.000000,0.225626,0.669647,-0.023520,0.285701,0.618696,-0.030132,0.328080,0.575656,-0.036914,0.364187,0.552781,-0.040475,0.260489,0.551429,-0.012534,0.255789,0.522236,-0.039701,0.230661,0.563251,-0.051779,0.216354,0.602100,-0.051624,0.227859,0.535489,-0.008516,0.222590,0.515429,-0.043170,0.204795,0.568952,-0.052894,0.196373,0.610567,-0.049147,0.197368,0.526321,-0.009407,0.188876,0.509296,-0.043139,0.179270,0.563375,-0.046297,0.176775,0.605510,-0.035954,0.167496,0.518378,-0.011814,0.172433,0.461084,-0.028135,0.170312,0.422452,-0.030813,0.169576,0.385926,-0.026741
2764,0,0.025120,0.026096,0.096663,2.722083,2.920068,0.169719,0.675335,-0.000000,0.225735,0.669476,-0.023996,0.285726,0.619222,-0.030848,0.328174,0.575972,-0.037731,0.364010,0.552656,-0.041234,0.261194,0.552017,-0.013060,0.255618,0.521851,-0.040676,0.230108,0.563566,-0.052612,0.216167,0.602440,-0.052178,0.228297,0.536080,-0.008836,0.222069,0.514993,-0.044117,0.204341,0.569547,-0.053635,0.196476,0.611018,-0.049605,0.197593,0.526806,-0.009595,0.188584,0.508791,-0.044024,0.178757,0.563517,-0.046939,0.176421,0.605652,-0.036212,0.167374,0.518808,-0.011890,0.172027,0.461101,-0.028523,0.169726,0.422388,-0.031174,0.169044,0.385501,-0.026973
2797,0,0.036943,0.048077,0.170558,2.708676,2.917575,0.169906,0.674729,-0.000000,0.225475,0.669780,-0.024674,0.285428,0.619402,-0.031873,0.327849,0.575661,-0.038994,0.364254,0.552325,-0.042725,0.260951,0.551466,-0.014001,0.255496,0.522527,-0.042072,0.230010,0.564220,-0.054355,0.215918,0.603150,-0.054106,0.228011,0.535781,-0.009585,0.221956,0.515711,-0.045057,0.204321,0.569825,-0.054666,0.196337,0.610822,-0.050810,0.197373,0.526748,-0.010238,0.188033,0.509521,-0.045120,0.178580,0.564075,-0.048198,0.176297,0.606216,-0.037626,0.167401,0.518836,-0.012430,0.171987,0.461328,-0.029556,0.169533,0.423138,-0.032277,0.168522,0.386661,-0.028110
2832,0,0.017318,0.021849,0.092776,2.702037,2.905468,0.169642,0.675299,-0.000000,0.225261,0.669732,-0.024551,0.284978,0.619294,-0.031732,0.327736,0.575925,-0.038866,0.364011,0.552535,-0.042620,0.260851,0.551453,-0.013920,0.255088,0.521635,-0.041968,0.229823,0.563369,-0.054252,0.215969,0.602196,-0.054096,0.227891,0.535547,-0.009577,0.221065,0.515432,-0.045163,0.203728,0.569893,-0.054779,0.196093,0.611009,-0.050933,0.197227,0.526566,-0.010290,0.187634,0.508917,-0.045039,0.178312,0.564137,-0.047893,0.176169,0.606837,-0.037191,0.167217,0.518995,-0.012601,0.171656,0.461435,-0.029809,0.169148,0.422665,-0.032725,0.168279,0.385674,-0.028708
2861,0,0.020389,0.021985,0.077667,2.714264,2.917743,0.170073,0.674922,-0.000000,0.225939,0.669385,-0.024601,0.285618,0.618415,-0.031684,0.328100,0.574536,-0.038704,0.364603,0.552194,-0.042338,0.260914,0.551374,-0.013753,0.255227,0.522066,-0.041655,0.229781,0.564066,-0.053924,0.215932,0.603267,-0.053738,0.228066,0.535632,-0.009326,0.221298,0.515566,-0.044792,0.204036,0.570017,-0.054421,0.196294,0.611253,-0.050632,0.197437,0.526754,-0.009963,0.187764,0.509212,-0.044575,0.178553,0.563818,-0.047619,0.176385,0.605925,-0.037057,0.167389,0.518927,-0.012169,0.171520,0.461082,-0.029183,0.169145,0.422393,-0.032056,0.168345,0.385507,-0.028080
2893,0,0.032351,0.044008,0.110984,2.712997,2.903838,0.169624,0.676142,-0.000000,0.225798,0.669864,-0.024251,0.285445,0.618353,-0.031180,0.327747,0.575363,-0.038218,0.364125,0.552204,-0.042102,0.259912,0.551021,-0.012708,0.255345,0.522263,-0.040486,0.230489,0.563209,-0.053257,0.215778,0.602075,-0.053412,0.227220,0.535433,-0.008490,0.221317,0.515724,-0.043438,0.204370,0.569514,-0.053629,0.196140,0.611149,-0.050336,0.196615,0.526759,-0.009360,0.187450,0.509612,-0.043438,0.178361,0.564011,-0.046856,0.175917,0.606824,-0.036664,0.166494,0.519365,-0.011807,0.171055,0.461235,-0.028384,0.168723,0.422660,-0.031087,0.167628,0.386012,-0.027063
2940,0,0.021935,0.023144,0.173933,2.721262,2.907748,0.169740,0.676338,-0.000000,0.225808,0.669652,-0.024052,0.285467,0.618640,-0.030995,0.327787,0.575269,-0.038109,0.364383,0.552131,-0.042032,0.259766,0.550254,-0.012104,0.255036,0.522555,-0.039791,0.230128,0.564116,-0.052618,0.215732,0.603453,-0.052805,0.227152,0.534678,-0.007971,0.221493,0.516022,-0.042748,0.204381,0.569766,-0.052930,0.196194,0.611439,-0.049598,0.196583,0.525945,-0.008905,0.187436,0.510172,-0.042811,0.178433,0.564165,-0.046360,0.176381,0.606444,-0.036241,0.166418,0.518426,-0.011411,0.170983,0.461134,-0.027757,0.168744,0.422434,-0.030419,0.167687,0.385678,-0.026309
2972,0,0.027757,0.026589,0.107723,2.725274,2.911528,0.169926,0.676622,-0.000000,0.225802,0.670368,-0.024004,0.285552,0.618991,-0.030951,0.327754,0.575349,-0.037945,0.363976,0.552205,-0.041683,0.260087,0.551217,-0.013061,0.254692,0.523260,-0.040749,0.229412,0.565083,-0.053335,0.215136,0.604527,-0.053428,0.227277,0.535577,-0.008848,0.221524,0.516466,-0.043552,0.203996,0.570369,-0.053303,0.195903,0.611932,-0.049752,0.196535,0.526772,-0.009619,0.187533,0.510281,-0.043365,0.178265,0.564037,-0.046450,0.176176,0.606223,-0.036138,0.166289,0.519244,-0.011955,0.170573,0.462125,-0.028303,0.168186,0.423325,-0.030857,0.167271,0.386746,-0.026745
3008,0,0.036996,0.027955,0.094135,2.716723,2.898418,0.169092,0.677510,-0.000000,0.225245,0.671262,-0.024408,0.284798,0.619511,-0.031449,0.327318,0.575848,-0.038443,0.363512,0.552356,-0.042088,0.259922,0.552372,-0.013723,0.254015,0.523244,-0.041683,0.228680,0.565314,-0.054019,0.214767,0.604574,-0.053832,0.226994,0.536721,-0.009346,0.220225,0.516529,-0.044517,0.203017,0.571132,-0.054144,0.195682,0.612665,-0.050374,0.196175,0.527792,-0.009992,0.186320,0.510639,-0.044268,0.177196,0.564982,-0.047259,0.175603,0.606956,-0.036760,0.165763,0.520076,-0.012204,0.170090,0.462191,-0.028863,0.167523,0.423375,-0.031511,0.166478,0.386518,-0.027368
3039,0,0.036033,0.032727,0.187180,2.710220,2.880027,0.168276,0.678914,-0.000000,0.224107,0.671802,-0.024528,0.284006,0.620146,-0.031825,0.326352,0.575971,-0.039107,0.362811,0.551801,-0.043005,0.259349,0.551407,-0.013480,0.252899,0.522647,-0.041540,0.227783,0.564743,-0.054076,0.214015,0.604331,-0.054045,0.226384,0.535942,-0.009208,0.219307,0.517389,-0.044502,0.202369,0.572149,-0.054451,0.194963,0.613743,-0.050896,0.195582,0.527582,-0.009995,0.185882,0.511189,-0.044378,0.177125,0.565804,-0.047559,0.175407,0.608291,-0.037174,0.165270,0.520503,-0.012373,0.169266,0.462790,-0.029174,0.166540,0.424076,-0.031888,0.165393,0.387457,-0.027724
3070,0,0.029681,0.024413,0.119879,2.710440,2.882843,0.168045,0.679057,-0.000000,0.224379,0.671757,-0.024846,0.283824,0.619679,-0.032225,0.326040,0.575076,-0.039542,0.362583,0.551263,-0.043434,0.258895,0.551917,-0.013388,0.251870,0.523039,-0.041846,0.226694,0.566103,-0.054519,0.213485,0.605855,-0.054487,0.225842,0.536621,-0.008983,0.218700,0.517072,-0.044773,0.201607,0.572482,-0.054612,0.194632,0.613952,-0.050845,0.194847,0.528159,-0.009761,0.185220,0.511028,-0.044711,0.175985,0.566166,-0.047731,0.174381,0.608414,-0.037051,0.164482,0.520922,-0.012151,0.167918,0.463020,-0.029236,0.165015,0.424355,-0.032039,0.164107,0.387466,-0.027882
3102,0,0.031716,0.046447,0.186605,2.716564,2.908639,0.167730,0.677799,-0.000000,0.223908,0.671697,-0.024900,0.283781,0.619764,-0.032004,0.325635,0.574953,-0.039029,0.362140,0.551315,-0.042713,0.258214,0.551162,-0.013075,0.251994,0.523750,-0.041121,0.226614,0.566543,-0.053797,0.212633,0.606621,-0.053797,0.225143,0.535933,-0.008555,0.218367,0.517852,-0.043650,0.201529,0.572263,-0.053641,0.193945,0.613706,-0.050144,0.194220,0.527917,-0.009187,0.184158,0.511982,-0.043744,0.175461,0.566302,-0.047178,0.174071,0.608502,-0.036906,0.163891,0.520948,-0.011389,0.167593,0.463252,-0.028272,0.164477,0.424353,-0.030973,0.162904,0.387656,-0.026821
3136,0,0.056899,0.077528,0.302570,2.698395,2.887787,0.168169,0.678946,-0.000000,0.223583,0.672290,-0.025434,0.282955,0.619151,-0.032966,0.324965,0.574367,-0.040171,0.361769,0.550982,-0.044038,0.258120,0.549972,-0.015041,0.250616,0.523479,-0.043071,0.225674,0.566683,-0.055827,0.211766,0.606910,-0.055952,0.225088,0.534489,-0.010238,0.216358,0.518949,-0.045130,0.200176,0.573764,-0.055110,0.192611,0.615465,-0.051898,0.194060,0.526560,-0.010456,0.182762,0.511716,-0.044600,0.174897,0.566265,-0.047937,0.173693,0.608845,-0.037894,0.163607,0.520271,-0.012319,0.166924,0.462528,-0.029208,0.164176,0.423576,-0.032031,0.162766,0.386900,-0.028023
3164,0,0.045633,0.045685,0.140384,2.718912,2.900163,0.168737,0.679195,-0.000000,0.224560,0.671718,-0.025257,0.283616,0.618505,-0.032667,0.325342,0.573432,-0.039968,0.362169,0.550088,-0.043962,0.257557,0.549831,-0.013549,0.250225,0.523577,-0.041809,0.225682,0.567352,-0.055007,0.212151,0.607982,-0.055288,0.224647,0.535030,-0.008799,0.217194,0.518361,-0.043837,0.200808,0.573115,-0.054165,0.193365,0.615232,-0.050889,0.193723,0.527395,-0.009181,0.183229,0.512931,-0.043432,0.175079,0.566932,-0.047176,0.173932,0.609176,-0.037160,0.163355,0.520913,-0.011193,0.166262,0.463610,-0.027706,0.163179,0.424835,-0.030421,0.161610,0.388353,-0.026302
3197,0,0.020577,0.023192,0.091012,2.716886,2.900216,0.168880,0.679291,-0.000000,0.224538,0.672065,-0.024678,0.283345,0.618370,-0.031894,0.324971,0.573225,-0.039048,0.362030,0.549885,-0.042984,0.257387,0.550344,-0.013448,0.250229,0.523898,-0.041484,0.225677,0.566749,-0.054261,0.212218,0.606712,-0.054292,0.224414,0.535411,-0.008997,0.216820,0.518908,-0.044077,0.200752,0.573161,-0.054167,0.193749,0.614806,-0.050700,0.193425,0.527452,-0.009606,0.182766,0.512408,-0.043827,0.174972,0.566610,-0.047388,0.174351,0.608982,-0.037205,0.162863,0.520698,-0.011800,0.166282,0.463415,-0.028286,0.163177,0.424599,-0.030957,0.161463,0.388119,-0.026771
3232,0,0.018932,0.018463,0.086007,2.711135,2.890485,0.168517,0.679907,-0.000000,0.223963,0.672777,-0.024911,0.283149,0.619277,-0.032269,0.324857,0.573517,-0.039564,0.361816,0.549524,-0.043493,0.257145,0.550861,-0.013726,0.249829,0.524244,-0.041996,0.225341,0.567495,-0.054779,0.212240,0.607305,-0.054779,0.224040,0.535626,-0.009182,0.216668,0.518587,-0.044459,0.200353,0.573127,-0.054405,0.193429,0.614710,-0.050788,0.192969,0.527527,-0.009720,0.182805,0.512138,-0.044116,0.174566,0.566777,-0.047390,0.173608,0.609236,-0.036946,0.162326,0.520629,-0.011886,0.166052,0.463429,-0.028465,0.163180,0.424823,-0.031100,0.161703,0.388397,-0.026844
3260,0,0.015663,0.016013,0.052029,2.717296,2.889075,0.168033,0.680379,-0.000000,0.224079,0.672643,-0.024939,0.282935,0.618754,-0.032305,0.324561,0.573120,-0.039640,0.361581,0.549528,-0.043604,0.257148,0.551257,-0.013484,0.250119,0.524391,-0.041856,0.225186,0.568010,-0.054778,0.211920,0.608057,-0.054872,0.223817,0.535927,-0.008919,0.216605,0.518706,-0.044322,0.200087,0.573621,-0.054310,0.193275,0.615323,-0.050627,0.192659,0.527980,-0.009489,0.182964,0.512482,-0.043947,0.174493,0.567008,-0.047131,0.173521,0.609634,-0.036550,0.161972,0.521415,-0.011705,0.165706,0.463878,-0.028279,0.162784,0.424846,-0.030916,0.161503,0.388238,-0.026624
3312,0,0.027941,0.027477,0.155733,2.721933,2.900244,0.167878,0.680127,-0.000000,0.223674,0.672714,-0.024592,0.282792,0.618936,-0.031652,0.324377,0.573587,-0.038711,0.361200,0.549996,-0.042607,0.256439,0.550380,-0.012958,0.249620,0.524550,-0.040644,0.225256,0.567111,-0.053329,0.211600,0.606821,-0.053361,0.223437,0.535473,-0.008571,0.216193,0.519564,-0.043324,0.200124,0.573661,-0.053579,0.192725,0.615510,-0.050244,0.192463,0.527701,-0.009203,0.182251,0.513315,-0.043293,0.174436,0.567347,-0.047065,0.173457,0.609495,-0.036997,0.161917,0.521131,-0.011392,0.165591,0.463741,-0.027818,0.162767,0.425084,-0.030452,0.161200,0.388813,-0.026197
3341,0,0.017268,0.019009,0.065325,2.719168,2.904148,0.167953,0.679934,-0.000000,0.223600,0.672489,-0.024972,0.282875,0.619055,-0.032100,0.324357,0.573637,-0.039212,0.360811,0.549647,-0.042956,0.256635,0.550125,-0.013266,0.249312,0.524286,-0.041302,0.224689,0.567796,-0.053905,0.211413,0.607656,-0.053812,0.223487,0.535261,-0.008680,0.215893,0.519298,-0.043829,0.199599,0.574027,-0.053812,0.192598,0.615409,-0.050193,0.192471,0.527594,-0.009218,0.181775,0.513222,-0.043673,0.173700,0.567675,-0.047167,0.172940,0.609807,-0.036810,0.161886,0.521128,-0.011363,0.165264,0.463999,-0.027982,0.162182,0.425345,-0.030618,0.160521,0.388810,-0.026313
3373,0,0.022819,0.034996,0.161741,2.713347,2.884224,0.167363,0.681111,-0.000000,0.223073,0.673658,-0.025015,0.282114,0.619202,-0.032260,0.324136,0.573627,-0.039381,0.360892,0.550093,-0.043035,0.256726,0.551112,-0.013702,0.249184,0.524345,-0.042004,0.224618,0.568263,-0.054652,0.211951,0.608301,-0.054559,0.223410,0.535990,-0.009057,0.215820,0.519115,-0.044565,0.199546,0.574382,-0.054278,0.193119,0.615766,-0.050436,0.192318,0.528134,-0.009556,0.181845,0.512857,-0.044159,0.173846,0.567731,-0.047282,0.173262,0.610033,-0.036695,0.161698,0.521660,-0.011688,0.165036,0.464437,-0.028435,0.161838,0.425737,-0.031152,0.160355,0.389136,-0.026905
3406,0,0.020802,0.043681,0.138721,2.714629,2.905411,0.167637,0.679562,-0.000000,0.223314,0.672314,-0.024838,0.282395,0.619306,-0.032077,0.323848,0.573783,-0.039222,0.360643,0.550342,-0.043123,0.256226,0.551277,-0.013901,0.249715,0.525188,-0.041843,0.225097,0.568088,-0.054730,0.211110,0.608071,-0.054917,0.223233,0.536235,-0.009291,0.216349,0.519665,-0.043996,0.199904,0.573871,-0.054044,0.192232,0.615580,-0.050736,0.192184,0.528275,-0.009689,0.181830,0.513632,-0.043653,0.173742,0.567537,-0.047179,0.172673,0.609670,-0.037100,0.161562,0.521518,-0.011678,0.165016,0.464058,-0.028083,0.162010,0.425384,-0.030673,0.160420,0.388983,-0.026507
3436,0,0.038595,0.036118,0.111600,2.709260,2.895037,0.167230,0.680449,-0.000000,0.222799,0.673828,-0.025642,0.282062,0.619986,-0.033035,0.323697,0.573597,-0.040116,0.360396,0.549922,-0.043734,0.256421,0.551350,-0.014848,0.249002,0.525052,-0.043235,0.224201,0.568847,-0.055869,0.210985,0.608760,-0.055837,0.223276,0.536134,-0.009873,0.215200,0.519759,-0.045419,0.198735,0.574995,-0.055182,0.191701,0.616401,-0.051439,0.192149,0.528360,-0.010029,0.181106,0.513207,-0.044795,0.173131,0.568100,-0.048101,0.172242,0.610523,-0.037651,0.161672,0.521796,-0.011823,0.164775,0.464525,-0.028979,0.161604,0.425940,-0.031974,0.160053,0.389249,-0.027919
3468,0,0.018641,0.018349,0.063331,2.715797,2.899624,0.167309,0.680439,-0.000000,0.223027,0.673118,-0.025495,0.282413,0.619034,-0.032851,0.323901,0.573082,-0.039988,0.360620,0.549945,-0.043728,0.256156,0.551002,-0.014205,0.248979,0.525022,-0.042544,0.224477,0.569119,-0.055354,0.211196,0.609398,-0.055416,0.223044,0.536059,-0.009304,0.215389,0.519523,-0.044819,0.198993,0.574757,-0.054855,0.191794,0.616770,-0.051209,0.192031,0.528617,-0.009545,0.181225,0.513769,-0.044352,0.173000,0.568600,-0.047874,0.171997,0.610924,-0.037464,0.161579,0.522323,-0.011415,0.164678,0.464627,-0.028503,0.161629,0.425687,-0.031511,0.160128,0.388818,-0.027412
3504,0,0.025846,0.029451,0.069585,2.700531,2.881320,0.167081,0.681008,-0.000000,0.222530,0.673924,-0.025503,0.281795,0.619762,-0.033048,0.323441,0.573677,-0.040312,0.360317,0.549951,-0.044147,0.256228,0.551157,-0.014801,0.248878,0.524652,-0.043336,0.224319,0.568297,-0.056182,0.210930,0.608208,-0.056244,0.223038,0.536130,-0.009953,0.214907,0.519600,-0.045519,0.198781,0.574726,-0.055402,0.191748,0.616242,-0.051754,0.191831,0.528358,-0.010234,0.180824,0.513117,-0.044958,0.172913,0.567996,-0.048262,0.172117,0.610280,-0.037818,0.161048,0.522086,-0.012167,0.164491,0.464673,-0.029260,0.161373,0.425879,-0.032175,0.159674,0.389059,-0.028106
3531,0,0.032596,0.050859,0.072392,2.714218,2.912637,0.167003,0.679372,-0.000000,0.222876,0.672586,-0.025013,0.281885,0.619010,-0.032322,0.323242,0.573038,-0.039366,0.360012,0.549544,-0.043169,0.255724,0.551069,-0.014416,0.248544,0.524995,-0.042327,0.223952,0.568753,-0.054982,0.210480,0.608891,-0.055075,0.222629,0.536118,-0.009639,0.215078,0.519551,-0.044322,0.198570,0.574239,-0.054109,0.191458,0.615683,-0.050649,0.191653,0.528363,-0.009857,0.181134,0.513320,-0.043917,0.172932,0.567524,-0.047189,0.171831,0.609729,-0.036966,0.161104,0.521810,-0.011657,0.164227,0.464343,-0.028270,0.161212,0.425713,-0.030982,0.159729,0.389058,-0.026899
3564,0,0.035093,0.067981,0.147455,2.710036,2.880847,0.165952,0.681943,-0.000000,0.221742,0.674687,-0.025083,0.281180,0.619313,-0.032250,0.323066,0.572912,-0.039167,0.359775,0.549782,-0.042563,0.255761,0.552336,-0.014949,0.248917,0.525244,-0.043218,0.223706,0.569425,-0.055557,0.210257,0.609271,-0.055339,0.222533,0.536858,-0.010158,0.214580,0.519663,-0.045492,0.197690,0.575281,-0.054778,0.190632,0.616931,-0.050727,0.191405,0.528878,-0.010423,0.180710,0.512907,-0.045056,0.172036,0.568006,-0.047891,0.170944,0.610256,-0.037204,0.161101,0.522232,-0.012277,0.164337,0.464348,-0.029383,0.161106,0.425741,-0.032187,0.159603,0.389031,-0.028012
3599,0,0.030520,0.059251,0.332576,2.718469,2.913829,0.166604,0.680029,-0.000000,0.222216,0.673157,-0.025165,0.281607,0.619209,-0.032257,0.322818,0.572968,-0.039131,0.359790,0.549799,-0.042709,0.255585,0.551310,-0.014301,0.248575,0.526199,-0.042335,0.223679,0.569125,-0.055027,0.209665,0.608794,-0.055089,0.222611,0.535900,-0.009433,0.214299,0.520839,-0.044357,0.197652,0.575025,-0.054156,0.190151,0.616455,-0.050610,0.191546,0.527858,-0.009627,0.180326,0.513590,-0.044015,0.171917,0.567754,-0.047437,0.170681,0.609868,-0.037141,0.161081,0.521142,-0.011408,0.164515,0.463902,-0.028338,0.161272,0.425529,-0.031091,0.159437,0.389280,-0.026891
3628,0,0.030707,0.046038,0.252325,2.718028,2.890194,0.165806,0.681981,-0.000000,0.221534,0.674510,-0.024811,0.280794,0.619883,-0.031911,0.322517,0.573728,-0.038871,0.359157,0.550011,-0.042351,0.255198,0.552018,-0.013959,0.248233,0.525353,-0.042103,0.223186,0.569177,-0.054531,0.210044,0.608801,-0.054314,0.222192,0.536825,-0.009322,0.213889,0.520615,-0.044495,0.197274,0.575789,-0.053941,0.190422,0.616854,-0.050057,0.191104,0.528985,-0.009772,0.180346,0.513293,-0.044309,0.171784,0.568300,-0.047261,0.170779,0.610791,-0.036603,0.160797,0.522296,-0.011807,0.164112,0.464636,-0.028881,0.160666,0.426129,-0.031662,0.158922,0.389573,-0.027390
3685,0,0.020298,0.039102,0.138127,2.725046,2.913482,0.166284,0.680700,-0.000000,0.221773,0.673320,-0.024576,0.280909,0.619591,-0.031727,0.322285,0.573744,-0.038706,0.359072,0.550245,-0.042530,0.255587,0.552357,-0.013998,0.248294,0.526203,-0.041815,0.223478,0.569175,-0.054562,0.209657,0.609398,-0.054686,0.222473,0.537102,-0.009420,0.214209,0.520768,-0.044271,0.197609,0.575088,-0.054251,0.189984,0.617281,-0.050800,0.191325,0.529087,-0.009785,0.180191,0.514030,-0.043867,0.171964,0.567954,-0.047442,0.170789,0.610344,-0.037307,0.161000,0.522403,-0.011697,0.164129,0.464733,-0.028307,0.161041,0.425713,-0.031058,0.159445,0.389172,-0.026939
3712,0,0.026724,0.050390,0.213864,2.714504,2.883946,0.165040,0.682110,-0.000000,0.220834,0.674330,-0.024339,0.280290,0.620221,-0.031386,0.322076,0.574267,-0.038372,0.358759,0.550653,-0.042097,0.255074,0.552917,-0.013869,0.248272,0.525718,-0.041756,0.223438,0.568409,-0.054360,0.209684,0.608167,-0.054360,0.221861,0.537718,-0.009476,0.214161,0.520088,-0.044394,0.197452,0.574558,-0.054174,0.189968,0.616371,-0.050572,0.190642,0.529641,-0.010066,0.179980,0.513508,-0.043960,0.171674,0.567796,-0.047126,0.170619,0.610424,-0.036819,0.160107,0.522951,-0.012232,0.163590,0.465236,-0.028717,0.160576,0.426170,-0.031402,0.158983,0.389464,-0.027304
3740,0,0.027744,0.023431,0.115397,2.710918,2.885456,0.164746,0.681731,-0.000000,0.220464,0.674278,-0.024721,0.279968,0.620609,-0.031873,0.321900,0.574705,-0.038901,0.358683,0.551164,-0.042664,0.254391,0.552509,-0.013962,0.247390,0.525830,-0.041948,0.222296,0.569164,-0.054729,0.208533,0.609305,-0.054822,0.221284,0.537132,-0.009375,0.213583,0.520339,-0.044312,0.196661,0.575082,-0.054200,0.189182,0.617003,-0.050718,0.190291,0.529135,-0.009803,0.179802,0.513662,-0.043970,0.171175,0.567709,-0.047359,0.169741,0.610036,-0.037160,0.159846,0.522584,-0.011793,0.162813,0.464644,-0.028531,0.159482,0.425460,-0.031345,0.157904,0.388658,-0.027256
3772,0,0.025752,0.031812,0.128892,2.720204,2.901717,0.164707,0.681031,-0.000000,0.220864,0.673796,-0.024252,0.279930,0.620727,-0.031362,0.321796,0.575532,-0.038472,0.358430,0.551929,-0.042442,0.254497,0.553090,-0.013384,0.247368,0.526416,-0.040941,0.222109,0.568907,-0.053818,0.208162,0.609465,-0.054130,0.221238,0.537916,-0.009079,0.214116,0.520011,-0.043535,0.196778,0.573873,-0.053724,0.188697,0.616484,-0.050567,0.190122,0.529855,-0.009681,0.179918,0.513991,-0.043285,0.171274,0.567081,-0.046973,0.169870,0.609148,-0.037160,0.159606,0.523128,-0.011821,0.162842,0.465137,-0.028081,0.159690,0.426103,-0.030737,0.158145,0.389570,-0.026706
3806,0,0.051482,0.052550,0.248152,2.694007,2.874430,0.164472,0.681353,-0.000000,0.220628,0.675323,-0.025736,0.280019,0.623307,-0.033439,0.322002,0.577272,-0.040877,0.358525,0.552076,-0.044877,0.255258,0.552986,-0.014712,0.247325,0.525940,-0.043408,0.221793,0.568641,-0.056471,0.207958,0.608532,-0.056659,0.221831,0.537322,-0.009844,0.213181,0.520209,-0.045283,0.196014,0.574821,-0.055253,0.188946,0.616237,-0.051815,0.190335,0.529252,-0.010125,0.179457,0.513720,-0.044846,0.170804,0.567780,-0.048159,0.169940,0.609864,-0.037846,0.159382,0.522933,-0.012071,0.162714,0.464751,-0.029158,0.159101,0.425738,-0.031923,0.157243,0.389272,-0.027736
3835,0,0.093522,0.101156,0.424157,2.660928,2.869352,0.165430,0.679390,-0.000000,0.221338,0.675587,-0.027897,0.280616,0.627226,-0.036557,0.322381,0.580842,-0.044353,0.357441,0.553183,-0.048094,0.256603,0.552937,-0.016927,0.247145,0.522748,-0.046365,0.221471,0.566430,-0.058781,0.208990,0.606381,-0.058435,0.222596,0.537794,-0.011230,0.212374,0.516513,-0.048314,0.195954,0.573452,-0.057744,0.191012,0.614279,-0.053657,0.191099,0.530265,-0.010931,0.178722,0.512309,-0.047213,0.171090,0.567059,-0.050011,0.171808,0.608320,-0.039072,0.160544,0.524639,-0.012440,0.162474,0.465763,-0.030679,0.158427,0.426213,-0.033886,0.156539,0.388531,-0.029893
3868,0,0.076778,0.080053,0.498805,2.612712,2.821036,0.164470,0.679263,-0.000000,0.220899,0.677225,-0.027742,0.281225,0.630497,-0.036503,0.323403,0.585089,-0.044393,0.357279,0.555269,-0.048354,0.257286,0.553445,-0.018616,0.248357,0.520166,-0.047213,0.222117,0.562318,-0.058716,0.208734,0.602502,-0.058019,0.222495,0.537892,-0.013269,0.213615,0.513450,-0.050129,0.195948,0.570709,-0.059413,0.189515,0.613689,-0.055325,0.190460,0.530234,-0.013015,0.179355,0.510331,-0.049020,0.170773,0.565781,-0.051745,0.170436,0.608302,-0.040971,0.159701,0.525367,-0.014528,0.161707,0.465236,-0.032701,0.157271,0.425997,-0.035870,0.155119,0.389211,-0.031956
3902,0,0.091058,0.085207,0.198262,2.566368,2.807050,0.165017,0.676926,-0.000000,0.221242,0.676402,-0.028342,0.281601,0.634297,-0.037391,0.324020,0.589808,-0.045424,0.356358,0.556322,-0.049618,0.258598,0.553135,-0.018599,0.248384,0.517228,-0.046424,0.221866,0.556573,-0.057941,0.207951,0.596356,-0.057458,0.223526,0.537451,-0.013114,0.212327,0.510910,-0.049650,0.194236,0.566511,-0.060038,0.187679,0.609909,-0.056877,0.191366,0.529472,-0.012614,0.177403,0.507808,-0.048166,0.169237,0.561210,-0.052199,0.169962,0.603904,-0.042617,0.160670,0.524484,-0.013921,0.161230,0.465387,-0.031907,0.155338,0.424980,-0.035488,0.152062,0.387639,-0.032084
3931,0,0.100152,0.089641,0.416017,2.514855,2.759210,0.163409,0.676491,-0.000000,0.221113,0.676237,-0.029171,0.281749,0.637496,-0.038906,0.325455,0.594326,-0.047414,0.357071,0.559045,-0.052126,0.257491,0.553078,-0.019469,0.248722,0.512878,-0.046498,0.220548,0.548298,-0.058048,0.204460,0.587338,-0.058081,0.222228,0.537671,-0.013555,0.211040,0.507854,-0.049214,0.191629,0.561898,-0.059946,0.184237,0.604858,-0.057558,0.189770,0.530047,-0.012532,0.176146,0.505609,-0.047414,0.167686,0.558056,-0.051504,0.167996,0.600795,-0.042440,0.159101,0.525563,-0.013383,0.160130,0.465978,-0.031429,0.154486,0.425112,-0.034947,0.151090,0.387577,-0.031724
3963,0,0.217220,0.209819,0.567089,2.426790,2.691849,0.164183,0.674599,-0.000000,0.222905,0.672938,-0.028808,0.281915,0.638263,-0.038933,0.326175,0.597779,-0.048274,0.359228,0.563769,-0.054980,0.256905,0.550481,-0.015630,0.250167,0.508086,-0.041468,0.222413,0.533030,-0.056514,0.203233,0.568057,-0.059950,0.221780,0.535338,-0.010367,0.212401,0.502420,-0.043670,0.191469,0.549420,-0.057682,0.180736,0.593116,-0.058516,0.188854,0.528476,-0.009883,0.176101,0.503316,-0.041869,0.165673,0.549716,-0.048207,0.163927,0.591474,-0.041935,0.157749,0.525655,-0.011468,0.156084,0.468754,-0.027206,0.149551,0.429151,-0.030275,0.145289,0.393689,-0.027623
3999,0,0.200179,0.212257,0.726018,2.392923,2.613786,0.164658,0.676996,-0.000000,0.225641,0.670432,-0.027130,0.283035,0.637414,-0.037197,0.327004,0.599966,-0.047196,0.360267,0.568836,-0.055181,0.254374,0.550258,-0.012976,0.251138,0.501661,-0.038801,0.225261,0.522468,-0.055488,0.205241,0.556386,-0.060368,0.218607,0.536688,-0.008698,0.211425,0.497995,-0.040746,0.189149,0.541083,-0.056069,0.176152,0.584474,-0.058150,0.185713,0.531136,-0.009137,0.174080,0.501465,-0.039074,0.162092,0.542773,-0.045763,0.159110,0.583842,-0.040371,0.154568,0.529745,-0.011680,0.152730,0.474005,-0.025407,0.145314,0.436307,-0.027198,0.139842,0.404087,-0.024127
4032,0,0.219855,0.234901,0.518628,2.448952,2.717353,0.162997,0.674205,-0.000000,0.224413,0.670349,-0.026271,0.282682,0.640608,-0.035396,0.326539,0.602407,-0.044487,0.359626,0.572475,-0.051850,0.254177,0.554559,-0.011174,0.253355,0.497799,-0.034757,0.227204,0.511766,-0.050260,0.207816,0.542154,-0.055134,0.219299,0.541887,-0.006896,0.209035,0.496998,-0.035846,0.186113,0.537906,-0.050225,0.175767,0.578316,-0.052714,0.186680,0.536471,-0.007207,0.171326,0.503509,-0.035396,0.158085,0.542385,-0.041999,0.156803,0.579161,-0.037539,0.155199,0.534188,-0.009489,0.150724,0.480029,-0.022175,0.140117,0.447236,-0.023263,0.132960,0.418367,-0.020256
4078,0,0.358809,0.386191,1.390525,2.445937,2.664317,0.165150,0.678747,-0.000000,0.225579,0.672706,-0.024324,0.282713,0.641948,-0.032322,0.326708,0.606128,-0.040736,0.360876,0.577016,-0.048060,0.250807,0.556708,-0.005191,0.253672,0.495845,-0.025447,0.232426,0.498823,-0.041081,0.214647,0.522899,-0.047680,0.216219,0.544235,-0.001411,0.208888,0.494739,-0.025481,0.186956,0.520714,-0.041668,0.176176,0.553963,-0.047715,0.184164,0.540033,-0.001989,0.175068,0.497524,-0.026138,0.159163,0.524928,-0.034810,0.154798,0.558714,-0.034205,0.153669,0.541643,-0.004552,0.148232,0.491910,-0.016956,0.135434,0.460684,-0.020385,0.127700,0.437643,-0.020126
4112,0,0.378338,0.430915,3.025275,2.158701,2.325784,0.165661,0.683865,-0.000000,0.223916,0.677489,-0.023981,0.281163,0.644358,-0.032745,0.325214,0.608043,-0.041441,0.359651,0.578499,-0.049342,0.248963,0.555291,-0.005223,0.255932,0.494072,-0.023274,0.238438,0.486910,-0.039508,0.221095,0.499770,-0.047928,0.214852,0.541909,-0.001582,0.212164,0.486933,-0.020306,0.197002,0.491016,-0.037852,0.185273,0.509266,-0.047375,0.182408,0.537650,-0.001951,0.179700,0.484320,-0.019530,0.165627,0.484179,-0.030830,0.156973,0.497260,-0.035713,0.150898,0.541839,-0.004507,0.146341,0.494363,-0.015631,0.133563,0.464915,-0.021635,0.123683,0.444946,-0.024619
4140,0,0.297236,0.305985,1.986507,1.904297,2.051203,0.166061,0.685145,-0.000000,0.222574,0.680698,-0.024621,0.280737,0.646460,-0.034400,0.324547,0.608543,-0.043643,0.358721,0.580529,-0.052455,0.250861,0.550761,-0.009520,0.256347,0.488809,-0.027178,0.241903,0.470228,-0.042917,0.227155,0.469725,-0.051764,0.218398,0.537441,-0.006302,0.217720,0.479754,-0.024776,0.203492,0.474686,-0.040810,0.191822,0.484120,-0.049310,0.187076,0.533652,-0.006851,0.183065,0.480874,-0.022772,0.169915,0.472082,-0.032499,0.161363,0.475491,-0.036836,0.155220,0.539638,-0.009926,0.143669,0.494825,-0.020128,0.130749,0.466439,-0.025623,0.120962,0.445251,-0.028335
4184,0,0.327119,0.302690,4.203600,1.630569,1.835631,0.165551,0.682493,0.000000,0.223147,0.682561,-0.025526,0.281184,0.648217,-0.035395,0.324099,0.609095,-0.043973,0.360423,0.584069,-0.052587,0.248212,0.549007,-0.012580,0.254978,0.494048,-0.026328,0.249847,0.461336,-0.040103,0.241805,0.434267,-0.050111,0.216804,0.533083,-0.009694,0.215440,0.478674,-0.023992,0.206955,0.454542,-0.038464,0.195735,0.436249,-0.048367,0.186659,0.528383,-0.010252,0.178192,0.477166,-0.023748,0.168166,0.453694,-0.032692,0.158977,0.433899,-0.038359,0.155371,0.533685,-0.013652,0.141268,0.487596,-0.024341,0.130753,0.460340,-0.029554,0.121419,0.436156,-0.032814
4212,0,0.434351,0.472210,0.344240,1.249004,1.404218,0.162566,0.685057,0.000000,0.221784,0.683822,-0.026051,0.280891,0.649623,-0.037038,0.324334,0.612006,-0.046796,0.360464,0.589452,-0.056555,0.250919,0.541592,-0.016035,0.259472,0.478632,-0.031322,0.253517,0.442600,-0.045906,0.243229,0.410655,-0.056448,0.218330,0.524737,-0.013774,0.216196,0.462814,-0.029506,0.204882,0.430564,-0.044873,0.189969,0.402105,-0.055415,0.186403,0.521387,-0.014869,0.175078,0.464122,-0.030111,0.163057,0.434955,-0.040671,0.150353,0.407374,-0.047153,0.153917,0.528932,-0.018662,0.138627,0.477748,-0.030788,0.127203,0.447779,-0.036825,0.116489,0.418925,-0.040350
4238,0,0.344493,0.445644,0.750623,0.915795,0.983416,0.162635,0.690885,0.000000,0.222277,0.686270,-0.027700,0.281347,0.650709,-0.039619,0.325324,0.612883,-0.049846,0.362357,0.589426,-0.060036,0.251431,0.538265,-0.019056,0.262108,0.471001,-0.034727,0.259951,0.429145,-0.049147,0.254077,0.392233,-0.060109,0.217886,0.520487,-0.016821,0.217457,0.450011,-0.032703,0.209121,0.410497,-0.047749,0.197515,0.375774,-0.058601,0.185199,0.517852,-0.018025,0.176210,0.452378,-0.033439,0.167702,0.415361,-0.044070,0.159226,0.380449,-0.051207,0.152212,0.526668,-0.022146,0.135941,0.470657,-0.035775,0.125380,0.437205,-0.042709,0.116560,0.403987,-0.046977
4268,0,0.366426,0.422173,0.738749,0.585992,0.592074,0.164375,0.695165,0.000000,0.223256,0.687739,-0.026356,0.281280,0.649157,-0.038412,0.326040,0.614703,-0.048977,0.363376,0.595407,-0.059467,0.252770,0.530828,-0.020866,0.266489,0.463031,-0.036733,0.267392,0.418650,-0.050486,0.265196,0.378423,-0.061353,0.218043,0.511333,-0.019998,0.220676,0.435566,-0.034488,0.217767,0.391130,-0.047392,0.212310,0.351968,-0.057391,0.183813,0.509393,-0.022413,0.179226,0.435870,-0.037223,0.173437,0.394133,-0.046902,0.168244,0.355568,-0.053844,0.149871,0.522067,-0.027677,0.134948,0.462330,-0.041921,0.125519,0.425573,-0.048864,0.118659,0.389632,-0.053090
4304,0,0.359755,0.357899,0.429884,0.279479,0.267216,0.164050,0.694931,0.000000,0.222964,0.686162,-0.028333,0.280096,0.650723,-0.042174,0.326021,0.620937,-0.054328,0.364657,0.604885,-0.066482,0.253553,0.525943,-0.025228,0.272221,0.454855,-0.041752,0.277954,0.409288,-0.055440,0.280998,0.367397,-0.066175,0.218213,0.504996,-0.024404,0.225784,0.423765,-0.039164,0.227506,0.374827,-0.051836,0.226154,0.333060,-0.061498,0.182672,0.503671,-0.026857,0.180196,0.425543,-0.042366,0.175175,0.379706,-0.053369,0.171044,0.338835,-0.060807,0.148022,0.518325,-0.032206,0.132871,0.456695,-0.047657,0.123193,0.418242,-0.055517,0.116578,0.381245,-0.060002
4333,0,0.186572,0.173604,0.297840,0.161515,0.133481,0.161906,0.693822,0.000000,0.220969,0.684692,-0.028546,0.277517,0.650567,-0.043065,0.324880,0.622074,-0.055996,0.364423,0.608358,-0.068770,0.252107,0.524839,-0.026117,0.277515,0.454067,-0.043260,0.287019,0.408223,-0.057014,0.293288,0.366081,-0.067634,0.216537,0.501501,-0.025608,0.230760,0.418811,-0.040635,0.236275,0.368202,-0.052782,0.237651,0.325759,-0.061756,0.180686,0.499371,-0.028429,0.180585,0.419642,-0.044083,0.177664,0.371645,-0.055134,0.175410,0.329648,-0.062461,0.145928,0.514677,-0.034189,0.130972,0.453066,-0.049765,0.121182,0.414059,-0.057524,0.114455,0.377005,-0.061795
4364,0,0.134832,0.135052,0.277653,0.170060,0.116608,0.161984,0.693821,0.000000,0.220732,0.684117,-0.026681,0.277243,0.650451,-0.040457,0.324256,0.622354,-0.053047,0.363350,0.610238,-0.065459,0.249959,0.523922,-0.023954,0.279481,0.454362,-0.040753,0.293372,0.409539,-0.054074,0.302972,0.369187,-0.064115,0.215117,0.500061,-0.024310,0.233965,0.415916,-0.038678,0.243226,0.364168,-0.050043,0.247057,0.321729,-0.058264,0.179607,0.497568,-0.027946,0.179592,0.416670,-0.042967,0.178180,0.367078,-0.053916,0.177279,0.324808,-0.061110,0.145143,0.513353,-0.034409,0.128917,0.451735,-0.049292,0.118886,0.412149,-0.056723,0.112476,0.374804,-0.060794
4398,0,0.055687,0.051234,0.116010,0.185830,0.140694,0.161548,0.693546,0.000000,0.220292,0.683078,-0.025784,0.276951,0.650568,-0.039650,0.324102,0.622901,-0.052602,0.363101,0.610711,-0.065275,0.248232,0.523797,-0.022745,0.278966,0.454073,-0.039571,0.294056,0.409569,-0.052800,0.304371,0.370462,-0.062534,0.213678,0.500373,-0.023540,0.234455,0.415355,-0.037942,0.245520,0.362955,-0.049185,0.250893,0.320655,-0.057171,0.178234,0.497504,-0.027672,0.177644,0.415566,-0.042471,0.177318,0.365529,-0.053237,0.177752,0.323657,-0.060230,0.143863,0.512550,-0.034545,0.127205,0.450822,-0.048986,0.117454,0.410648,-0.056058,0.111393,0.373043,-0.059872
4446,0,0.049643,0.055393,0.066997,0.195610,0.169512,0.160730,0.694972,0.000000,0.219373,0.684110,-0.026038,0.276179,0.651252,-0.040197,0.324155,0.623698,-0.053396,0.363557,0.611395,-0.066315,0.246517,0.523041,-0.022318,0.277701,0.453060,-0.039077,0.293446,0.408870,-0.052476,0.304736,0.369949,-0.062315,0.212315,0.499710,-0.023038,0.233756,0.415127,-0.037057,0.245937,0.363096,-0.048236,0.252940,0.320435,-0.056275,0.177069,0.496960,-0.027138,0.176235,0.415993,-0.041517,0.176565,0.366875,-0.051916,0.177949,0.325548,-0.058715,0.142655,0.512439,-0.034097,0.126105,0.450854,-0.047956,0.116501,0.411045,-0.054516,0.110728,0.373661,-0.058075
4477,0,0.055003,0.043040,0.048977,0.171474,0.156872,0.161094,0.695571,0.000000,0.219610,0.684690,-0.026139,0.275833,0.651952,-0.040634,0.323212,0.625166,-0.054165,0.362768,0.613197,-0.067375,0.246384,0.523293,-0.023088,0.278346,0.453966,-0.040212,0.294672,0.410183,-0.053844,0.306015,0.371200,-0.063762,0.212331,0.500212,-0.023871,0.235495,0.415922,-0.038345,0.248211,0.363760,-0.049628,0.255538,0.320938,-0.057618,0.177340,0.497803,-0.028046,0.176548,0.416764,-0.042923,0.177219,0.367743,-0.053523,0.178973,0.326343,-0.060309,0.142799,0.513454,-0.035033,0.126017,0.451687,-0.049267,0.116489,0.411610,-0.055892,0.110881,0.373959,-0.059425
4507,0,0.056511,0.056759,0.051037,0.163494,0.157574,0.160613,0.695948,0.000000,0.219228,0.685811,-0.025953,0.274955,0.653988,-0.040540,0.322134,0.627157,-0.054307,0.362436,0.614818,-0.067833,0.246752,0.524850,-0.022431,0.279247,0.456927,-0.039659,0.296087,0.413909,-0.053466,0.308032,0.375448,-0.063631,0.213076,0.500817,-0.023451,0.236418,0.417831,-0.038079,0.249732,0.366151,-0.049624,0.257799,0.323393,-0.057748,0.177964,0.497859,-0.027914,0.177443,0.417642,-0.043021,0.177900,0.368264,-0.053866,0.179876,0.326410,-0.060830,0.143726,0.513452,-0.035157,0.127100,0.452213,-0.049664,0.117626,0.411973,-0.056388,0.112123,0.374170,-0.059989
4540,0,0.024535,0.021788,0.086723,0.158679,0.151502,0.161394,0.696424,0.000000,0.219921,0.686279,-0.026071,0.275249,0.654681,-0.040758,0.322822,0.627618,-0.054530,0.363083,0.614349,-0.067983,0.246736,0.526301,-0.022867,0.279387,0.457237,-0.040101,0.296091,0.413667,-0.053774,0.308359,0.374895,-0.063764,0.213168,0.502329,-0.023683,0.236669,0.418674,-0.038211,0.250229,0.366789,-0.049634,0.258194,0.323928,-0.057754,0.178101,0.499144,-0.027902,0.177722,0.418487,-0.042828,0.178341,0.368787,-0.053654,0.180080,0.326868,-0.060659,0.143768,0.514041,-0.034887,0.127462,0.452376,-0.049196,0.118186,0.412045,-0.055963,0.112622,0.374249,-0.059625
4575,0,0.048197,0.038508,0.053415,0.198968,0.181650,0.162240,0.696404,0.000000,0.220357,0.686180,-0.025340,0.275587,0.654668,-0.039643,0.322934,0.628203,-0.053189,0.363033,0.615412,-0.066497,0.247794,0.526031,-0.021694,0.280271,0.458014,-0.038687,0.297152,0.414914,-0.052273,0.309418,0.376814,-0.062194,0.213981,0.502260,-0.022790,0.237321,0.418974,-0.037213,0.250778,0.367526,-0.048647,0.258956,0.325007,-0.056735,0.178916,0.499042,-0.027272,0.178359,0.418843,-0.042113,0.178789,0.369412,-0.052950,0.180727,0.327401,-0.059923,0.144656,0.514296,-0.034444,0.128332,0.453415,-0.048647,0.119203,0.413194,-0.055381,0.114036,0.375612,-0.058967
4604,0,0.028461,0.023307,0.039795,0.208013,0.178101,0.162697,0.696123,0.000000,0.220723,0.685994,-0.025407,0.275991,0.654711,-0.039916,0.323296,0.627864,-0.053632,0.363250,0.615119,-0.067050,0.248787,0.526237,-0.022072,0.281352,0.458206,-0.039162,0.298129,0.415421,-0.052719,0.310112,0.377343,-0.062603,0.214945,0.502118,-0.023183,0.238320,0.419191,-0.037753,0.251847,0.367987,-0.049225,0.260017,0.325544,-0.057363,0.179724,0.498955,-0.027649,0.179170,0.419047,-0.042556,0.179381,0.369600,-0.053473,0.180910,0.327727,-0.060539,0.144992,0.513865,-0.034795,0.129026,0.453349,-0.048908,0.120050,0.413332,-0.055577,0.114781,0.375828,-0.059229
4637,0,0.015718,0.023542,0.034778,0.214429,0.182069,0.163348,0.696283,0.000001,0.221319,0.686047,-0.025742,0.276230,0.654488,-0.040279,0.323694,0.627400,-0.053983,0.363973,0.614644,-0.067311,0.248810,0.526085,-0.022014,0.281444,0.458041,-0.039109,0.298499,0.415187,-0.052674,0.310611,0.377037,-0.062551,0.214894,0.501936,-0.022966,0.238145,0.418851,-0.037443,0.251887,0.367888,-0.048827,0.260017,0.325538,-0.056879,0.179667,0.498776,-0.027349,0.178870,0.419076,-0.042163,0.179467,0.369709,-0.052912,0.181165,0.327640,-0.059854,0.145197,0.514010,-0.034449,0.128980,0.453270,-0.048510,0.119993,0.413188,-0.055094,0.114792,0.375316,-0.058624
4666,0,0.024932,0.024702,0.050646,0.227672,0.191252,0.163001,0.695935,0.000001,0.220893,0.686017,-0.025549,0.276025,0.653894,-0.039851,0.323791,0.627043,-0.053320,0.363901,0.614502,-0.066491,0.249228,0.525091,-0.021998,0.282327,0.457703,-0.038879,0.299469,0.414846,-0.052288,0.311359,0.376929,-0.062127,0.215141,0.500939,-0.022950,0.238692,0.417976,-0.037213,0.252209,0.367074,-0.048440,0.260339,0.325097,-0.056374,0.179864,0.497630,-0.027255,0.179417,0.418049,-0.041934,0.179607,0.369009,-0.052606,0.180926,0.327262,-0.059509,0.145399,0.513249,-0.034297,0.129317,0.452774,-0.048281,0.120096,0.413061,-0.054867,0.114551,0.375477,-0.058358
4699,0,0.034144,0.034575,0.044100,0.208518,0.173157,0.163250,0.695989,0.000000,0.221001,0.685849,-0.025862,0.276103,0.654250,-0.040440,0.323720,0.627301,-0.054223,0.364218,0.614547,-0.067710,0.249073,0.526209,-0.022332,0.282110,0.458677,-0.039587,0.299358,0.415810,-0.053351,0.311974,0.377538,-0.063426,0.215085,0.501778,-0.023343,0.238357,0.419058,-0.037980,0.251824,0.367780,-0.049543,0.259919,0.324791,-0.057714,0.179853,0.498718,-0.027786,0.179287,0.419191,-0.042800,0.179707,0.369683,-0.053628,0.181188,0.327173,-0.060649,0.145524,0.514108,-0.034966,0.129519,0.453021,-0.049265,0.120469,0.412962,-0.055929,0.114926,0.375147,-0.059499
4730,0,0.035734,0.036612,0.045329,0.226716,0.192467,0.163174,0.696082,0.000001,0.220645,0.686182,-0.025870,0.276049,0.653695,-0.040232,0.323882,0.626710,-0.053682,0.364240,0.614266,-0.066795,0.248915,0.524699,-0.021928,0.282280,0.457781,-0.038845,0.299591,0.415093,-0.052493,0.312115,0.377099,-0.062517,0.214961,0.500317,-0.022741,0.238373,0.417960,-0.037003,0.251980,0.367090,-0.048413,0.260042,0.324684,-0.056534,0.179727,0.497439,-0.026980,0.179212,0.418227,-0.041638,0.179432,0.368959,-0.052493,0.180757,0.326522,-0.059585,0.145239,0.513090,-0.033972,0.129300,0.452837,-0.047977,0.120042,0.413093,-0.054633,0.114271,0.375399,-0.058238
4765,0,0.017026,0.019566,0.046135,0.230044,0.195386,0.163453,0.696037,0.000001,0.221282,0.686081,-0.025702,0.276193,0.653512,-0.039930,0.323855,0.626807,-0.053307,0.364202,0.614201,-0.066385,0.248961,0.524846,-0.021659,0.281877,0.457440,-0.038444,0.299199,0.414806,-0.051840,0.311536,0.377145,-0.061669,0.214897,0.500746,-0.022531,0.238309,0.417629,-0.036740,0.252190,0.366779,-0.047956,0.260617,0.324634,-0.055843,0.179686,0.497845,-0.026812,0.178649,0.417897,-0.041615,0.178664,0.368473,-0.052395,0.179891,0.326282,-0.059331,0.145339,0.513693,-0.033847,0.129228,0.453104,-0.047956,0.120041,0.413279,-0.054654,0.114527,0.375577,-0.058221
4799,0,0.032500,0.036627,0.047066,0.204174,0.177420,0.162323,0.695904,0.000001,0.220484,0.686026,-0.025892,0.275857,0.653979,-0.040393,0.323522,0.627043,-0.054043,0.363930,0.614055,-0.067355,0.248384,0.525876,-0.022108,0.281269,0.458277,-0.039205,0.298848,0.415503,-0.052854,0.311232,0.377515,-0.062838,0.214513,0.501580,-0.022980,0.237677,0.418551,-0.037442,0.251212,0.367285,-0.048892,0.259346,0.324569,-0.056975,0.179320,0.498204,-0.027259,0.178404,0.418557,-0.042156,0.178512,0.369125,-0.052933,0.179763,0.326707,-0.059867,0.144768,0.513456,-0.034292,0.128768,0.452811,-0.048416,0.119768,0.412940,-0.054994,0.114280,0.375289,-0.058480
4846,0,0.021268,0.026735,0.038529,0.197699,0.171607,0.162754,0.696059,0.000000,0.220804,0.685743,-0.025542,0.275863,0.653757,-0.039921,0.323097,0.626619,-0.053507,0.363188,0.613682,-0.066774,0.248353,0.525573,-0.022185,0.281502,0.458001,-0.039365,0.298838,0.415022,-0.053070,0.311031,0.376484,-0.063120,0.214491,0.501484,-0.023238,0.237681,0.418409,-0.037896,0.251096,0.367023,-0.049455,0.258963,0.324029,-0.057638,0.179407,0.498634,-0.027647,0.178558,0.418819,-0.042662,0.178744,0.369283,-0.053546,0.180050,0.326519,-0.060577,0.144970,0.514147,-0.034777,0.128974,0.453293,-0.049018,0.119933,0.412973,-0.055771,0.114402,0.374907,-0.059465
4879,0,0.022332,0.020651,0.048577,0.182333,0.161817,0.162715,0.696189,0.000000,0.220760,0.686180,-0.025569,0.276072,0.654031,-0.040044,0.323322,0.626782,-0.053669,0.363534,0.613543,-0.067077,0.248281,0.526454,-0.022504,0.281104,0.458673,-0.039748,0.298313,0.415654,-0.053393,0.310585,0.377430,-0.063359,0.214243,0.502113,-0.023572,0.237278,0.418834,-0.038225,0.250792,0.367121,-0.049714,0.258745,0.324477,-0.057862,0.178915,0.498866,-0.027982,0.178391,0.418564,-0.043070,0.178499,0.368631,-0.054065,0.179581,0.326257,-0.061184,0.144424,0.514331,-0.035081,0.128417,0.453112,-0.049477,0.119208,0.412946,-0.056319,0.113455,0.375168,-0.060037
4910,0,0.030479,0.055234,0.044861,0.197420,0.181484,0.162148,0.697719,0.000000,0.220357,0.687251,-0.025301,0.275660,0.654134,-0.039390,0.322908,0.626317,-0.052665,0.363167,0.613317,-0.065643,0.248146,0.526528,-0.021590,0.281127,0.458700,-0.038437,0.298212,0.415619,-0.051951,0.310487,0.377332,-0.061873,0.213935,0.502290,-0.022761,0.237086,0.418919,-0.037128,0.250276,0.367298,-0.048657,0.258161,0.324283,-0.056832,0.178765,0.499018,-0.027265,0.178516,0.418769,-0.042188,0.178634,0.369038,-0.053141,0.179803,0.326387,-0.060245,0.144086,0.514349,-0.034449,0.128189,0.453205,-0.048696,0.119005,0.413124,-0.055404,0.113334,0.375277,-0.059055
4941,0,0.025776,0.032948,0.053792,0.187483,0.173578,0.161846,0.696689,0.000000,0.220088,0.686277,-0.025779,0.275253,0.653887,-0.040125,0.322429,0.626097,-0.053580,0.362736,0.613696,-0.066737,0.247855,0.525620,-0.021975,0.280768,0.458415,-0.039055,0.298060,0.415507,-0.052708,0.310247,0.377510,-0.062774,0.213809,0.501484,-0.022946,0.236828,0.418545,-0.037589,0.249990,0.366995,-0.049220,0.257641,0.324340,-0.057463,0.178646,0.498385,-0.027325,0.178862,0.418483,-0.042483,0.179091,0.368881,-0.053659,0.180350,0.326428,-0.060872,0.144334,0.514035,-0.034379,0.128441,0.453519,-0.049022,0.119026,0.413384,-0.056116,0.113135,0.375666,-0.059921
4971,0,0.020345,0.028309,0.066707,0.190515,0.177783,0.162388,0.696899,0.000000,0.220446,0.686619,-0.025654,0.275307,0.653996,-0.039953,0.322309,0.626536,-0.053441,0.362473,0.613336,-0.066594,0.247959,0.526211,-0.021566,0.280565,0.458262,-0.038353,0.297247,0.415238,-0.051861,0.308996,0.376999,-0.061815,0.213843,0.502358,-0.022652,0.236841,0.418825,-0.037049,0.249836,0.367116,-0.048662,0.257403,0.324479,-0.056878,0.178595,0.499470,-0.027135,0.178982,0.418983,-0.042184,0.179192,0.368798,-0.053362,0.180507,0.326409,-0.060591,0.144145,0.514895,-0.034304,0.128059,0.453690,-0.048860,0.118679,0.413298,-0.055930,0.112665,0.375610,-0.059761
5005,0,0.021801,0.014085,0.041294,0.188569,0.181978,0.161815,0.696931,0.000000,0.219941,0.686854,-0.025697,0.275037,0.654164,-0.039909,0.322037,0.626548,-0.053212,0.361934,0.613269,-0.066218,0.247387,0.526127,-0.021526,0.279949,0.458402,-0.038347,0.296663,0.414977,-0.051907,0.308665,0.376548,-0.061869,0.213366,0.502247,-0.022475,0.236405,0.419009,-0.036825,0.248952,0.367126,-0.048389,0.256232,0.324276,-0.056611,0.178211,0.498979,-0.026823,0.178668,0.418694,-0.041747,0.178908,0.369055,-0.052856,0.179996,0.326726,-0.060051,0.143722,0.514140,-0.033860,0.127295,0.453532,-0.048389,0.117758,0.413448,-0.055425,0.111798,0.375800,-0.059221
5038,0,0.026580,0.018832,0.048664,0.177259,0.176405,0.161373,0.696789,0.000000,0.219600,0.686330,-0.025597,0.274827,0.653581,-0.039861,0.321700,0.625800,-0.053254,0.361366,0.612705,-0.066330,0.246714,0.526299,-0.022130,0.279284,0.458213,-0.039029,0.296065,0.414613,-0.052541,0.307883,0.375906,-0.062486,0.212695,0.502572,-0.023100,0.235562,0.419035,-0.037464,0.248101,0.367196,-0.048895,0.255405,0.324251,-0.057018,0.177580,0.499344,-0.027400,0.178169,0.418933,-0.042199,0.178353,0.369419,-0.053056,0.179548,0.327130,-0.060109,0.143053,0.514370,-0.034393,0.126836,0.453734,-0.048776,0.117240,0.413715,-0.055592,0.111127,0.376269,-0.059237
5067,0,0.022472,0.015374,0.036590,0.174349,0.175505,0.160805,0.697029,0.000000,0.218986,0.686529,-0.025677,0.274277,0.653813,-0.039813,0.321233,0.625536,-0.053058,0.360864,0.612417,-0.066005,0.246611,0.526341,-0.021995,0.278897,0.457627,-0.038803,0.295190,0.413736,-0.052147,0.306700,0.375090,-0.061966,0.212443,0.502760,-0.022985,0.235067,0.418457,-0.037299,0.247617,0.366485,-0.048742,0.254809,0.323882,-0.056819,0.177189,0.499666,-0.027321,0.177587,0.418879,-0.042169,0.177735,0.368946,-0.053137,0.178790,0.326629,-0.060303,0.142412,0.514755,-0.034349,0.126323,0.453887,-0.048742,0.116715,0.413904,-0.055710,0.110692,0.376360,-0.059472
5099,0,0.031338,0.021869,0.034014,0.164160,0.165464,0.160058,0.697423,0.000000,0.218351,0.686749,-0.025920,0.273665,0.653792,-0.040196,0.320473,0.625354,-0.053542,0.360216,0.612015,-0.066571,0.245687,0.526531,-0.022395,0.278076,0.457887,-0.039384,0.294358,0.413812,-0.052909,0.306033,0.374792,-0.062928,0.211580,0.503236,-0.023346,0.234208,0.418917,-0.037840,0.246357,0.366737,-0.049424,0.253123,0.323460,-0.057621,0.176638,0.500383,-0.027642,0.177107,0.419743,-0.042572,0.177305,0.369880,-0.053423,0.178507,0.327241,-0.060433,0.142191,0.515561,-0.034672,0.125990,0.454367,-0.049107,0.116600,0.414252,-0.055879,0.110953,0.376483,-0.059522
5133,0,0.023069,0.035429,0.059533,0.159415,0.160505,0.160217,0.696765,0.000000,0.218306,0.686794,-0.025952,0.273235,0.653791,-0.040291,0.320200,0.625369,-0.053642,0.359969,0.611578,-0.066717,0.245633,0.526662,-0.022752,0.277539,0.457638,-0.039817,0.293794,0.413593,-0.053287,0.304914,0.374598,-0.063241,0.211296,0.503105,-0.023681,0.233853,0.418996,-0.038316,0.246200,0.367061,-0.049890,0.253115,0.324246,-0.058106,0.176119,0.500472,-0.027947,0.176499,0.419822,-0.043016,0.176796,0.369691,-0.053998,0.178009,0.327082,-0.061147,0.141753,0.516153,-0.034919,0.125541,0.455279,-0.049495,0.116093,0.415053,-0.056526,0.110276,0.377297,-0.060318
5179,0,0.018143,0.024018,0.042397,0.152196,0.154031,0.160533,0.696644,0.000000,0.219045,0.686777,-0.026329,0.273163,0.654396,-0.040974,0.320060,0.625889,-0.054553,0.359955,0.611383,-0.067816,0.245590,0.526782,-0.023053,0.277378,0.458265,-0.040204,0.293426,0.414236,-0.053803,0.304727,0.375357,-0.063869,0.211332,0.503001,-0.023803,0.233802,0.419273,-0.038527,0.245977,0.367209,-0.050171,0.252812,0.324486,-0.058500,0.176058,0.500392,-0.027928,0.176411,0.420011,-0.043185,0.176764,0.369971,-0.054435,0.178063,0.327365,-0.061737,0.141658,0.515923,-0.034757,0.125440,0.455156,-0.049658,0.115931,0.414792,-0.056961,0.110011,0.377045,-0.060987
5218,0,0.027589,0.024948,0.031901,0.157372,0.158712,0.160243,0.696951,0.000000,0.218627,0.686879,-0.026352,0.273181,0.654585,-0.040820,0.319957,0.626274,-0.054322,0.359793,0.611825,-0.067507,0.245076,0.526325,-0.022305,0.276608,0.457824,-0.039281,0.292671,0.413965,-0.052900,0.303897,0.375133,-0.062967,0.211052,0.503116,-0.023055,0.233201,0.419583,-0.037682,0.245142,0.367586,-0.049426,0.251798,0.324785,-0.057796,0.175813,0.500437,-0.027240,0.176053,0.420048,-0.042518,0.176075,0.369967,-0.053729,0.177173,0.327377,-0.060954,0.141399,0.515683,-0.034168,0.125195,0.454820,-0.049032,0.115687,0.414505,-0.056295,0.109772,0.376798,-0.060243
5246,0,0.029868,0.026411,0.052827,0.148769,0.148680,0.159673,0.697797,0.000000,0.218121,0.687648,-0.026264,0.272888,0.654619,-0.040869,0.319464,0.626108,-0.054465,0.359534,0.611869,-0.067706,0.244780,0.526828,-0.022826,0.276034,0.457722,-0.039960,0.291991,0.413657,-0.053556,0.302772,0.374380,-0.063635,0.210625,0.503414,-0.023675,0.232713,0.419382,-0.038418,0.244432,0.367571,-0.050078,0.250668,0.324700,-0.058418,0.175419,0.500986,-0.027905,0.175608,0.420501,-0.043122,0.175599,0.370361,-0.054149,0.176437,0.327339,-0.061343,0.140888,0.516607,-0.034881,0.124805,0.455775,-0.049643,0.115362,0.415292,-0.056758,0.109400,0.377360,-0.060631
5275,0,0.018858,0.023959,0.031873,0.140841,0.140747,0.160025,0.698135,0.000000,0.218384,0.688034,-0.026519,0.272838,0.654974,-0.041160,0.319477,0.626058,-0.054735,0.359293,0.611593,-0.067994,0.245095,0.527323,-0.023283,0.276126,0.458072,-0.040489,0.291855,0.413892,-0.054143,0.302652,0.374604,-0.064285,0.210763,0.503814,-0.024013,0.232290,0.419485,-0.038890,0.243671,0.367512,-0.050631,0.249513,0.324701,-0.058997,0.175256,0.501201,-0.028157,0.175555,0.420525,-0.043488,0.175485,0.370249,-0.054616,0.176158,0.327210,-0.061917,0.140656,0.516721,-0.035023,0.124481,0.455732,-0.049881,0.114862,0.415567,-0.057102,0.108862,0.377663,-0.061088
5306,0,0.032381,0.032071,0.042541,0.148545,0.148585,0.159629,0.697674,0.000000,0.218190,0.687879,-0.026388,0.273057,0.655222,-0.040728,0.319431,0.626230,-0.054002,0.358796,0.611446,-0.066959,0.244625,0.527425,-0.022636,0.275731,0.458098,-0.039563,0.291330,0.413706,-0.053053,0.302095,0.374356,-0.063087,0.210393,0.503857,-0.023268,0.231850,0.419398,-0.037884,0.242947,0.367236,-0.049577,0.248641,0.324766,-0.057952,0.175050,0.501049,-0.027277,0.175422,0.420187,-0.042427,0.175577,0.369813,-0.053527,0.176280,0.326943,-0.060757,0.140558,0.516177,-0.034032,0.124657,0.455326,-0.048787,0.115289,0.414747,-0.055937,0.109462,0.376741,-0.059848
5341,0,0.026883,0.027665,0.036209,0.136420,0.134945,0.159656,0.697649,0.000000,0.218105,0.687880,-0.026388,0.272520,0.655074,-0.041004,0.319155,0.626261,-0.054593,0.358768,0.611646,-0.067866,0.244419,0.527887,-0.023287,0.275341,0.458490,-0.040530,0.290898,0.413906,-0.054198,0.301499,0.374300,-0.064350,0.210207,0.504270,-0.023998,0.231849,0.419900,-0.038891,0.243029,0.367596,-0.050643,0.248625,0.324625,-0.059017,0.174867,0.501413,-0.028047,0.175065,0.420440,-0.043295,0.175077,0.370248,-0.054237,0.175732,0.327432,-0.061427,0.140244,0.516435,-0.034822,0.124256,0.455320,-0.049576,0.114895,0.415074,-0.056647,0.109157,0.377089,-0.060479
5374,0,0.022642,0.034236,0.048637,0.142338,0.142442,0.159736,0.698406,0.000000,0.217966,0.688470,-0.026833,0.272387,0.655605,-0.041495,0.318592,0.626356,-0.055089,0.358496,0.611655,-0.068328,0.244358,0.526847,-0.023059,0.275098,0.457499,-0.040270,0.290457,0.413066,-0.053983,0.301217,0.373786,-0.064218,0.210035,0.503568,-0.023632,0.231289,0.418976,-0.038452,0.242287,0.366744,-0.050268,0.247836,0.324363,-0.058685,0.174672,0.501273,-0.027624,0.175112,0.420221,-0.042957,0.175206,0.369612,-0.054101,0.175943,0.326647,-0.061373,0.139915,0.516807,-0.034401,0.124231,0.455662,-0.049319,0.114856,0.414876,-0.056591,0.109038,0.376852,-0.060582
5403,0,0.027985,0.025379,0.046036,0.146260,0.140613,0.158867,0.699018,0.000000,0.217665,0.688842,-0.026426,0.272127,0.655612,-0.040919,0.318608,0.626297,-0.054388,0.358612,0.611400,-0.067581,0.243943,0.528026,-0.022547,0.274305,0.458549,-0.039816,0.289926,0.414042,-0.053718,0.300643,0.374448,-0.064036,0.209561,0.504412,-0.023295,0.230664,0.419902,-0.038103,0.241680,0.367534,-0.050016,0.247298,0.324479,-0.058483,0.174243,0.501557,-0.027450,0.174690,0.420894,-0.042691,0.174761,0.370515,-0.053679,0.175318,0.327401,-0.060807,0.139734,0.516894,-0.034361,0.124015,0.455723,-0.049071,0.114794,0.415235,-0.056042,0.108931,0.377213,-0.059783
5436,0,0.021309,0.031182,0.035033,0.144330,0.148651,0.159129,0.699512,0.000000,0.217361,0.689585,-0.026349,0.271912,0.655769,-0.040785,0.318012,0.626523,-0.054157,0.357635,0.611534,-0.067173,0.244372,0.527353,-0.022740,0.274296,0.457763,-0.039878,0.289577,0.413475,-0.053486,0.300012,0.374304,-0.063623,0.209869,0.503512,-0.023450,0.230596,0.418671,-0.038261,0.241519,0.366604,-0.050094,0.246964,0.324043,-0.058456,0.174376,0.500989,-0.027532,0.174449,0.419763,-0.042718,0.174328,0.369431,-0.053802,0.174820,0.326354,-0.061020,0.139652,0.516692,-0.034336,0.123917,0.455839,-0.049029,0.114729,0.415411,-0.056169,0.109059,0.377364,-0.060074
5467,0,0.021730,0.034438,0.031091,0.140777,0.134784,0.158619,0.698954,0.000000,0.216969,0.689391,-0.026934,0.271578,0.655632,-0.041592,0.318043,0.626408,-0.055128,0.358066,0.611421,-0.068270,0.244323,0.527604,-0.023275,0.274238,0.458006,-0.040529,0.289224,0.413517,-0.054262,0.299663,0.374098,-0.064493,0.209710,0.504009,-0.023786,0.230428,0.419220,-0.038641,0.241315,0.367014,-0.050524,0.246760,0.324265,-0.058945,0.174340,0.501423,-0.027721,0.174656,0.420560,-0.043008,0.174346,0.370294,-0.054144,0.174717,0.327293,-0.061345,0.139485,0.517062,-0.034430,0.123947,0.455977,-0.049225,0.114623,0.415800,-0.056387,0.108718,0.377588,-0.060283
5502,0,0.035096,0.033159,0.050641,0.150940,0.148776,0.158784,0.698718,0.000000,0.217410,0.689212,-0.026698,0.271843,0.655936,-0.041111,0.317806,0.626292,-0.054381,0.357710,0.611246,-0.067337,0.243976,0.527368,-0.022426,0.274097,0.457511,-0.039378,0.289395,0.412971,-0.052924,0.299880,0.373897,-0.063005,0.209649,0.503676,-0.022879,0.230011,0.418814,-0.037547,0.240909,0.366732,-0.049420,0.246364,0.324456,-0.057886,0.174261,0.500891,-0.026777,0.174398,0.419586,-0.041938,0.174288,0.369123,-0.053082,0.174734,0.326064,-0.060367,0.139612,0.516303,-0.033412,0.123592,0.455306,-0.048199,0.114311,0.414833,-0.055484,0.108538,0.376747,-0.059422
5532,0,0.041770,0.045820,0.064753,0.129024,0.127997,0.159186,0.698766,0.000000,0.217595,0.688979,-0.027049,0.271533,0.655306,-0.041924,0.317868,0.626058,-0.055636,0.357536,0.610779,-0.069032,0.244315,0.527505,-0.023621,0.274015,0.458259,-0.040978,0.289112,0.413672,-0.054848,0.299626,0.374229,-0.065250,0.209734,0.503623,-0.024153,0.230248,0.419140,-0.039225,0.240952,0.366940,-0.051262,0.246276,0.323878,-0.059852,0.174202,0.500879,-0.028074,0.174560,0.420225,-0.043539,0.174231,0.369756,-0.054769,0.174656,0.326245,-0.062097,0.139395,0.516499,-0.034792,0.123805,0.455764,-0.049765,0.114514,0.415320,-0.057015,0.108635,0.377386,-0.060994
5580,0,0.018890,0.021941,0.050871,0.127024,0.124448,0.158836,0.698319,0.000000,0.217563,0.688255,-0.026881,0.271982,0.655162,-0.041531,0.318273,0.625537,-0.055100,0.358125,0.610140,-0.068393,0.244278,0.527499,-0.023125,0.274028,0.458047,-0.040469,0.289076,0.413347,-0.054352,0.299537,0.373872,-0.064657,0.209966,0.503860,-0.023696,0.230483,0.419380,-0.038837,0.241059,0.366878,-0.050970,0.246236,0.323668,-0.059583,0.174419,0.500996,-0.027687,0.174712,0.419802,-0.043262,0.174417,0.369031,-0.054628,0.174565,0.325409,-0.062021,0.139426,0.516189,-0.034432,0.123982,0.455345,-0.049476,0.114575,0.414786,-0.056869,0.108518,0.376695,-0.060842
5613,0,0.070220,0.075752,0.049171,0.168387,0.178800,0.158710,0.698581,0.000000,0.217391,0.688023,-0.026222,0.272269,0.654222,-0.040308,0.318459,0.624845,-0.053350,0.357830,0.609891,-0.065998,0.244169,0.525456,-0.021632,0.274480,0.455464,-0.038239,0.289492,0.411026,-0.051538,0.299926,0.372169,-0.061427,0.209697,0.502215,-0.022242,0.229881,0.417568,-0.036683,0.240674,0.365401,-0.048464,0.245839,0.323226,-0.056857,0.174364,0.499634,-0.026242,0.174709,0.418551,-0.041175,0.174607,0.368058,-0.052286,0.175136,0.325188,-0.059576,0.139929,0.515158,-0.032960,0.124062,0.454550,-0.047597,0.114781,0.414050,-0.054847,0.109189,0.376025,-0.058748