t,missing,delta_l1,delta_l1_wrist,delta_angles,delta_base_l1,delta_base_l1_wrist,x0,y0,z0,x1,y1,z1,x2,y2,z2,x3,y3,z3,x4,y4,z4,x5,y5,z5,x6,y6,z6,x7,y7,z7,x8,y8,z8,x9,y9,z9,x10,y10,z10,x11,y11,z11,x12,y12,z12,x13,y13,z13,x14,y14,z14,x15,y15,z15,x16,y16,z16,x17,y17,z17,x18,y18,z18,x19,y19,z19,x20,y20,z20
32,0,,,,0.000000,0.000000,0.171513,0.759254,0.000000,0.234474,0.743503,-0.027601,0.289055,0.699562,-0.039130,0.325806,0.649056,-0.048619,0.358563,0.611669,-0.057473,0.252787,0.581104,-0.018372,0.275696,0.509357,-0.033433,0.284868,0.463502,-0.046656,0.290781,0.420893,-0.056780,0.218500,0.561317,-0.016784,0.233684,0.477735,-0.029756,0.239828,0.425203,-0.042190,0.242516,0.379891,-0.051545,0.184020,0.560282,-0.018824,0.187422,0.481412,-0.032894,0.188849,0.432785,-0.043499,0.189988,0.389563,-0.050698,0.148633,0.574575,-0.023694,0.143072,0.513225,-0.037917,0.139489,0.472610,-0.044962,0.137608,0.433774,-0.048927
66,0,0.029961,0.022630,0.055992,0.029961,0.022630,0.171215,0.759607,0.000000,0.234095,0.744084,-0.027971,0.288330,0.700392,-0.039827,0.325359,0.649959,-0.049649,0.358118,0.611793,-0.058743,0.252317,0.582455,-0.018878,0.275501,0.510384,-0.034321,0.284795,0.464151,-0.047846,0.290363,0.421040,-0.058206,0.218018,0.562137,-0.017208,0.233440,0.478455,-0.030427,0.239645,0.425811,-0.043050,0.241887,0.380448,-0.052527,0.183801,0.560612,-0.019175,0.187333,0.481777,-0.033323,0.188925,0.433249,-0.043856,0.189931,0.390320,-0.050992,0.148518,0.574630,-0.024019,0.142980,0.513215,-0.038158,0.139323,0.472746,-0.045007,0.137232,0.434330,-0.048844
98,0,0.020722,0.017427,0.057717,0.031927,0.025614,0.170902,0.759265,0.000000,0.233711,0.743759,-0.028457,0.288503,0.699696,-0.040319,0.325295,0.649063,-0.049977,0.358018,0.610939,-0.058907,0.252682,0.581268,-0.019297,0.275219,0.509181,-0.034570,0.284367,0.463027,-0.048023,0.290180,0.419987,-0.058332,0.218191,0.561389,-0.017352,0.233287,0.478011,-0.030354,0.239368,0.425375,-0.043040,0.241772,0.379918,-0.052583,0.183590,0.560543,-0.019067,0.187118,0.481795,-0.033171,0.188670,0.433478,-0.043960,0.189750,0.390285,-0.051280,0.147962,0.575067,-0.023666,0.142564,0.513435,-0.037981,0.139027,0.473061,-0.045072,0.137131,0.434427,-0.049096
131,0,0.018516,0.024109,0.028977,0.021494,0.020051,0.170769,0.759690,0.000000,0.233905,0.743790,-0.027877,0.288330,0.699664,-0.039572,0.324992,0.649013,-0.049159,0.357794,0.610967,-0.058055,0.252496,0.581331,-0.018741,0.275125,0.509431,-0.033955,0.284298,0.463514,-0.047356,0.290128,0.420703,-0.057633,0.218175,0.561236,-0.017064,0.233262,0.477966,-0.029967,0.239163,0.425376,-0.042487,0.241274,0.379829,-0.051919,0.183713,0.560182,-0.019010,0.187181,0.481667,-0.032919,0.188581,0.433228,-0.043445,0.189617,0.389966,-0.050616,0.148277,0.574710,-0.023812,0.142823,0.513136,-0.037866,0.139236,0.472681,-0.044749,0.137403,0.434023,-0.048583
163,0,0.010571,0.007591,0.032090,0.022221,0.022053,0.170913,0.759890,0.000000,0.234075,0.744258,-0.027847,0.288428,0.699630,-0.039485,0.325105,0.649040,-0.049011,0.357919,0.611077,-0.057845,0.252752,0.581728,-0.018926,0.275409,0.509701,-0.034146,0.284492,0.463576,-0.047436,0.290171,0.420797,-0.057653,0.218216,0.561714,-0.017236,0.233313,0.477781,-0.030171,0.239275,0.425386,-0.042596,0.241512,0.380292,-0.051891,0.183850,0.560562,-0.019147,0.187272,0.481551,-0.033052,0.188900,0.433133,-0.043480,0.190108,0.390133,-0.050586,0.148395,0.574968,-0.023910,0.142885,0.513448,-0.037910,0.139461,0.473002,-0.044709,0.137698,0.434486,-0.048511
197,0,0.023809,0.022587,0.036229,0.030560,0.034790,0.171028,0.759733,0.000000,0.234029,0.743999,-0.028243,0.288607,0.699749,-0.040029,0.325800,0.649317,-0.049642,0.358618,0.611477,-0.058563,0.253142,0.581809,-0.019313,0.275719,0.509657,-0.034703,0.284780,0.463639,-0.048142,0.290355,0.420763,-0.058486,0.218609,0.561607,-0.017505,0.233698,0.477742,-0.030704,0.239849,0.425107,-0.043336,0.242095,0.379963,-0.052833,0.184168,0.560601,-0.019351,0.187567,0.481659,-0.033569,0.189262,0.432953,-0.044297,0.190477,0.389907,-0.051641,0.148750,0.575220,-0.024071,0.143263,0.513812,-0.038375,0.139744,0.473451,-0.045451,0.137927,0.434866,-0.049488
233,0,0.025414,0.028239,0.043895,0.020795,0.028902,0.170833,0.759786,0.000000,0.234163,0.743996,-0.028146,0.288798,0.699880,-0.039758,0.325824,0.649438,-0.049216,0.358496,0.611421,-0.057983,0.253145,0.581707,-0.018735,0.276092,0.510079,-0.033836,0.285235,0.464007,-0.047102,0.290965,0.421276,-0.057329,0.218758,0.561474,-0.016880,0.234234,0.478114,-0.029799,0.240339,0.425446,-0.042295,0.242685,0.380154,-0.051716,0.184320,0.560384,-0.018706,0.188022,0.481713,-0.032760,0.189336,0.433250,-0.043487,0.190338,0.390262,-0.050793,0.148650,0.574814,-0.023397,0.143598,0.513550,-0.037720,0.139997,0.472950,-0.044872,0.138037,0.434104,-0.048947
265,0,0.014196,0.015020,0.050297,0.024970,0.031215,0.170958,0.759979,0.000000,0.234070,0.744223,-0.028317,0.288990,0.700329,-0.040064,0.325608,0.649763,-0.049637,0.358245,0.611092,-0.058480,0.253480,0.581566,-0.018763,0.275889,0.509370,-0.033873,0.284912,0.463502,-0.047215,0.290713,0.420707,-0.057481,0.218925,0.561520,-0.016879,0.233917,0.477940,-0.029702,0.239970,0.425755,-0.042217,0.242391,0.380911,-0.051714,0.184412,0.560668,-0.018705,0.187782,0.482166,-0.032605,0.189271,0.433759,-0.043293,0.190344,0.390697,-0.050637,0.148960,0.575124,-0.023434,0.143592,0.513334,-0.037584,0.139944,0.472858,-0.044677,0.138069,0.433854,-0.048753
301,0,0.020278,0.030872,0.031243,0.035979,0.032968,0.171580,0.760045,0.000000,0.233951,0.744300,-0.028468,0.288596,0.700606,-0.040470,0.325515,0.649969,-0.050203,0.358176,0.611285,-0.059205,0.253590,0.581299,-0.019485,0.275945,0.509381,-0.034719,0.284864,0.463438,-0.048087,0.290674,0.420622,-0.058397,0.218981,0.561388,-0.017590,0.233838,0.477871,-0.030526,0.239902,0.425658,-0.043048,0.242243,0.380622,-0.052550,0.184566,0.560578,-0.019370,0.187638,0.482242,-0.033315,0.189019,0.433758,-0.044010,0.190138,0.390516,-0.051396,0.149171,0.575240,-0.024063,0.143439,0.513597,-0.038220,0.139912,0.473150,-0.045318,0.138120,0.434331,-0.049434
336,0,0.029283,0.028356,0.033436,0.022974,0.017141,0.171693,0.760578,0.000000,0.234848,0.744220,-0.027628,0.289116,0.700180,-0.039203,0.325842,0.649544,-0.048720,0.358502,0.611290,-0.057564,0.253026,0.581621,-0.018275,0.275722,0.510038,-0.033358,0.284863,0.464226,-0.046759,0.290789,0.421503,-0.057064,0.218805,0.561728,-0.016775,0.233858,0.478536,-0.029628,0.239952,0.426134,-0.042183,0.242256,0.380756,-0.051681,0.184287,0.561033,-0.018928,0.187610,0.482402,-0.032819,0.189131,0.433879,-0.043452,0.190287,0.390547,-0.050758,0.148868,0.575652,-0.023937,0.143479,0.514112,-0.038030,0.139940,0.473570,-0.045028,0.138120,0.434465,-0.049066
369,0,0.021137,0.039767,0.031007,0.036073,0.029889,0.170912,0.760034,0.000000,0.234243,0.744586,-0.028249,0.289094,0.700666,-0.040087,0.325892,0.650173,-0.049773,0.358689,0.611916,-0.058728,0.252964,0.582038,-0.018919,0.275924,0.510244,-0.034091,0.284983,0.464341,-0.047466,0.290680,0.421643,-0.057728,0.218638,0.562076,-0.017065,0.233780,0.478812,-0.030036,0.239527,0.426312,-0.042624,0.241424,0.381159,-0.052117,0.184211,0.561199,-0.018891,0.187755,0.482589,-0.032881,0.189271,0.434212,-0.043546,0.190240,0.391286,-0.050887,0.148603,0.575324,-0.023618,0.143378,0.513961,-0.037743,0.139931,0.473527,-0.044776,0.138246,0.434886,-0.048812
401,0,0.031169,0.037358,0.064006,0.046660,0.028509,0.171471,0.761452,0.000000,0.234553,0.745715,-0.027949,0.289014,0.701033,-0.039516,0.326260,0.650690,-0.048992,0.359154,0.612740,-0.057700,0.253628,0.582617,-0.018204,0.276061,0.510607,-0.033128,0.285193,0.464725,-0.046383,0.291072,0.422069,-0.056626,0.219253,0.562703,-0.016506,0.234046,0.479239,-0.029215,0.240034,0.426721,-0.041702,0.242538,0.381506,-0.051140,0.184620,0.561632,-0.018511,0.187741,0.483039,-0.032437,0.189101,0.434608,-0.043084,0.190165,0.391561,-0.050373,0.148983,0.576146,-0.023402,0.143551,0.514652,-0.037578,0.139925,0.474114,-0.044656,0.138090,0.435222,-0.048646
434,0,0.030846,0.041156,0.059611,0.059636,0.029549,0.171391,0.760864,0.000000,0.234561,0.745293,-0.028624,0.289138,0.701435,-0.040589,0.325938,0.650842,-0.050323,0.359163,0.612678,-0.059364,0.253158,0.583264,-0.019112,0.275785,0.511272,-0.034433,0.284980,0.465454,-0.047822,0.290973,0.422641,-0.058133,0.218745,0.563037,-0.017121,0.234050,0.479725,-0.030240,0.240320,0.427358,-0.042859,0.242772,0.382090,-0.052400,0.184247,0.562120,-0.018852,0.187773,0.483506,-0.033164,0.189191,0.435064,-0.043898,0.190356,0.391867,-0.051208,0.148637,0.576265,-0.023507,0.143486,0.514760,-0.037934,0.140105,0.474240,-0.045090,0.138463,0.435344,-0.049169
466,0,0.012354,0.017318,0.047524,0.057711,0.024818,0.171310,0.761311,0.000000,0.234569,0.745514,-0.028203,0.289096,0.702156,-0.040109,0.325781,0.651536,-0.049849,0.358443,0.613105,-0.058860,0.252964,0.583125,-0.018856,0.275861,0.511346,-0.034089,0.285190,0.465409,-0.047471,0.291157,0.422654,-0.057709,0.218732,0.563208,-0.017054,0.234050,0.479690,-0.030024,0.240209,0.427207,-0.042563,0.242546,0.381880,-0.052034,0.184270,0.562126,-0.018942,0.187930,0.483508,-0.033015,0.189488,0.435044,-0.043713,0.190544,0.391784,-0.050999,0.148749,0.576417,-0.023716,0.143712,0.514836,-0.037943,0.140298,0.474274,-0.045017,0.138618,0.435329,-0.049043
498,0,0.015712,0.021872,0.041537,0.051328,0.038720,0.171067,0.760308,0.000000,0.234469,0.744814,-0.028423,0.289150,0.701042,-0.040330,0.325844,0.650473,-0.050125,0.359055,0.612007,-0.059189,0.253043,0.582917,-0.018782,0.275606,0.510852,-0.034127,0.284802,0.464860,-0.047551,0.290766,0.422030,-0.057807,0.218748,0.562985,-0.016891,0.233990,0.479630,-0.030017,0.240162,0.426977,-0.042750,0.242557,0.381300,-0.052276,0.184344,0.561970,-0.018715,0.187872,0.483686,-0.032917,0.189418,0.435139,-0.043672,0.190541,0.392011,-0.050970,0.148961,0.576044,-0.023449,0.143607,0.514753,-0.037699,0.140233,0.474150,-0.044786,0.138521,0.435476,-0.048742
531,0,0.011042,0.019248,0.023387,0.052120,0.029395,0.171067,0.761134,0.000000,0.234474,0.745319,-0.028284,0.289252,0.701272,-0.040023,0.325759,0.650739,-0.049598,0.358303,0.612055,-0.058445,0.253167,0.583188,-0.018882,0.275750,0.511214,-0.034125,0.284945,0.465185,-0.047491,0.290795,0.422245,-0.057717,0.218782,0.563073,-0.017005,0.233859,0.479710,-0.030008,0.239997,0.427260,-0.042627,0.242362,0.381711,-0.052087,0.184364,0.561871,-0.018815,0.187709,0.483672,-0.032861,0.189206,0.435375,-0.043547,0.190172,0.392352,-0.050823,0.149089,0.576123,-0.023516,0.143696,0.514729,-0.037706,0.140191,0.474127,-0.044810,0.138318,0.435275,-0.048794
564,0,0.023000,0.033533,0.043975,0.069818,0.034113,0.171758,0.760885,0.000000,0.234989,0.745175,-0.028367,0.289399,0.701802,-0.040228,0.325726,0.651012,-0.049902,0.358399,0.612931,-0.058884,0.252930,0.583905,-0.019270,0.275638,0.511796,-0.034778,0.285000,0.465471,-0.048289,0.290992,0.422323,-0.058577,0.218689,0.563884,-0.017398,0.233943,0.480057,-0.030651,0.240121,0.427249,-0.043299,0.242454,0.381634,-0.052819,0.184347,0.562612,-0.019203,0.187808,0.484129,-0.033453,0.189511,0.435306,-0.044221,0.190628,0.392002,-0.051514,0.149195,0.576674,-0.023914,0.143966,0.515069,-0.038252,0.140487,0.474404,-0.045410,0.138587,0.435467,-0.049479
597,0,0.054008,0.053374,0.079207,0.076441,0.029964,0.172119,0.761523,0.000000,0.235530,0.746078,-0.027181,0.290218,0.701431,-0.038321,0.326630,0.651436,-0.047432,0.358266,0.613626,-0.055816,0.253847,0.582777,-0.017868,0.276231,0.511069,-0.032655,0.285257,0.465087,-0.045748,0.290835,0.422676,-0.055778,0.219337,0.563176,-0.016414,0.234451,0.479556,-0.028980,0.240573,0.426990,-0.041230,0.242786,0.382004,-0.050418,0.184776,0.562274,-0.018538,0.188372,0.483622,-0.032138,0.190042,0.435051,-0.042570,0.191104,0.392142,-0.049691,0.149409,0.576825,-0.023486,0.144189,0.515305,-0.037287,0.140673,0.474791,-0.044102,0.138911,0.436068,-0.047892
630,0,0.028012,0.029501,0.055348,0.085327,0.032847,0.171737,0.761840,0.000000,0.235586,0.746057,-0.027863,0.290253,0.702156,-0.039393,0.327072,0.651901,-0.048809,0.359642,0.613771,-0.057495,0.253532,0.583827,-0.018130,0.276306,0.512141,-0.033129,0.285556,0.466233,-0.046426,0.291187,0.423499,-0.056611,0.219115,0.563741,-0.016324,0.234822,0.480199,-0.029036,0.240885,0.427738,-0.041430,0.243090,0.382614,-0.050731,0.184495,0.562533,-0.018188,0.188523,0.483931,-0.031918,0.190116,0.435482,-0.042391,0.191138,0.392561,-0.049501,0.148909,0.576425,-0.022944,0.144265,0.515101,-0.036722,0.141043,0.474737,-0.043505,0.139367,0.436251,-0.047310
662,0,0.028020,0.024580,0.033499,0.089000,0.027449,0.171801,0.762006,0.000000,0.234808,0.746644,-0.028016,0.289514,0.702833,-0.039815,0.326649,0.652585,-0.049461,0.359291,0.614352,-0.058377,0.253561,0.584391,-0.018764,0.276594,0.512483,-0.033954,0.285904,0.466514,-0.047270,0.291788,0.423970,-0.057416,0.219203,0.564095,-0.016987,0.234751,0.480479,-0.029861,0.240997,0.428002,-0.042236,0.243379,0.382856,-0.051536,0.184701,0.562882,-0.018860,0.188567,0.484187,-0.032686,0.190049,0.435847,-0.043120,0.191109,0.392929,-0.050191,0.149300,0.576974,-0.023616,0.144206,0.515596,-0.037470,0.140903,0.475177,-0.044234,0.139203,0.436664,-0.048001
702,0,0.020971,0.022571,0.052117,0.094491,0.021975,0.172000,0.762576,0.000000,0.235207,0.746339,-0.027559,0.289825,0.702909,-0.039081,0.326728,0.652617,-0.048588,0.359407,0.614277,-0.057383,0.253482,0.584820,-0.017908,0.276299,0.512870,-0.032993,0.285527,0.466805,-0.046283,0.291719,0.424159,-0.056461,0.219230,0.564714,-0.016382,0.234496,0.480850,-0.029153,0.240664,0.428280,-0.041597,0.243220,0.383057,-0.050931,0.184866,0.563525,-0.018504,0.188532,0.484777,-0.032321,0.190013,0.436025,-0.042826,0.191150,0.392899,-0.049932,0.149207,0.577634,-0.023487,0.144240,0.516157,-0.037430,0.140975,0.475422,-0.044247,0.139254,0.436567,-0.048088
733,0,0.030400,0.025534,0.041808,0.085883,0.022730,0.171759,0.762609,0.000000,0.234956,0.746287,-0.028270,0.289542,0.702782,-0.040216,0.326098,0.652649,-0.049972,0.359021,0.614210,-0.059037,0.253106,0.584220,-0.018907,0.276104,0.512339,-0.034128,0.285259,0.466417,-0.047513,0.291204,0.423581,-0.057731,0.218646,0.564421,-0.017045,0.234005,0.480947,-0.029960,0.240213,0.428574,-0.042405,0.242823,0.383514,-0.051777,0.184008,0.563332,-0.018859,0.187847,0.484678,-0.032802,0.189431,0.436414,-0.043327,0.190768,0.393387,-0.050471,0.148592,0.577591,-0.023584,0.143733,0.516014,-0.037661,0.140478,0.475645,-0.044633,0.138999,0.436737,-0.048512
764,0,0.042465,0.045169,0.040293,0.105285,0.048544,0.171522,0.761956,0.000000,0.234661,0.746440,-0.029005,0.289053,0.703063,-0.041348,0.325795,0.652606,-0.051368,0.358545,0.614374,-0.060659,0.252694,0.584485,-0.020328,0.275566,0.512396,-0.035915,0.284872,0.466485,-0.049410,0.290840,0.423698,-0.059699,0.218167,0.564463,-0.018226,0.233689,0.480605,-0.031520,0.239821,0.428077,-0.044151,0.242129,0.382812,-0.053595,0.183777,0.563606,-0.019791,0.187603,0.484870,-0.034073,0.189197,0.436155,-0.044880,0.190266,0.392809,-0.052213,0.148292,0.577940,-0.024283,0.143481,0.516487,-0.038680,0.140101,0.475787,-0.045917,0.138151,0.436909,-0.050024
801,0,0.029293,0.038630,0.029932,0.083379,0.027261,0.171980,0.762291,0.000000,0.234893,0.746398,-0.028090,0.289072,0.702672,-0.039998,0.325509,0.652336,-0.049777,0.358228,0.614156,-0.058827,0.253081,0.584006,-0.019126,0.275629,0.512215,-0.034437,0.284815,0.466307,-0.047859,0.290666,0.423520,-0.058098,0.218595,0.563997,-0.017439,0.233767,0.480604,-0.030487,0.239745,0.428242,-0.042989,0.242085,0.382911,-0.052384,0.184128,0.563081,-0.019385,0.187536,0.484595,-0.033421,0.189158,0.436375,-0.043986,0.190428,0.393335,-0.051157,0.148605,0.577702,-0.024217,0.143362,0.516295,-0.038368,0.139896,0.475771,-0.045367,0.138167,0.436856,-0.049316
832,0,0.015422,0.027084,0.051564,0.088247,0.035679,0.171195,0.762780,0.000000,0.234243,0.746792,-0.028203,0.288636,0.703024,-0.040214,0.325465,0.652936,-0.050037,0.357727,0.614306,-0.059131,0.252634,0.584258,-0.019205,0.275577,0.512576,-0.034611,0.284634,0.466415,-0.048195,0.290376,0.423305,-0.058632,0.218296,0.564050,-0.017488,0.233689,0.480880,-0.030582,0.239780,0.428290,-0.043245,0.242007,0.382643,-0.052800,0.183765,0.562846,-0.019407,0.187585,0.484349,-0.033364,0.189519,0.436170,-0.043897,0.190757,0.393022,-0.051150,0.148313,0.577239,-0.024232,0.143285,0.515933,-0.038257,0.140098,0.475361,-0.045164,0.138401,0.436632,-0.049039
865,0,0.016321,0.017064,0.043420,0.078301,0.028171,0.171404,0.761974,0.000000,0.234386,0.746391,-0.028134,0.289009,0.702385,-0.039933,0.325814,0.651902,-0.049580,0.358073,0.613764,-0.058458,0.253289,0.584262,-0.019496,0.275909,0.512323,-0.034783,0.284933,0.466061,-0.048120,0.290557,0.423158,-0.058305,0.218616,0.564139,-0.017709,0.234039,0.480307,-0.030709,0.239985,0.427547,-0.043162,0.242054,0.382250,-0.052539,0.184030,0.562841,-0.019525,0.187858,0.484177,-0.033399,0.189517,0.435773,-0.043892,0.190474,0.392926,-0.051117,0.148499,0.577163,-0.024233,0.143477,0.515537,-0.038146,0.140094,0.475127,-0.044968,0.138339,0.436798,-0.048850
896,0,0.027078,0.021886,0.030224,0.078407,0.018878,0.171643,0.762560,0.000000,0.234573,0.746828,-0.027828,0.289008,0.702924,-0.039447,0.326115,0.652693,-0.048935,0.358424,0.614683,-0.057731,0.253096,0.584400,-0.018639,0.275949,0.512630,-0.033782,0.285304,0.466449,-0.047091,0.291120,0.423643,-0.057308,0.218869,0.564175,-0.017006,0.234242,0.480705,-0.029845,0.240261,0.428076,-0.042290,0.242411,0.382813,-0.051662,0.184620,0.563074,-0.019023,0.188238,0.484319,-0.032879,0.189905,0.435744,-0.043365,0.190879,0.392642,-0.050586,0.149281,0.577530,-0.023910,0.144005,0.516110,-0.037949,0.140444,0.475432,-0.044825,0.138389,0.436788,-0.048743
925,0,0.016027,0.019549,0.059055,0.083689,0.028648,0.171305,0.762552,0.000000,0.234806,0.746634,-0.027960,0.289480,0.702747,-0.039701,0.326035,0.652556,-0.049347,0.358883,0.614380,-0.058264,0.253475,0.584193,-0.018573,0.276299,0.512357,-0.033609,0.285438,0.466401,-0.046888,0.291212,0.423641,-0.057072,0.219024,0.564254,-0.016805,0.234316,0.480876,-0.029632,0.240387,0.428416,-0.042084,0.242744,0.383226,-0.051500,0.184365,0.563193,-0.018688,0.187978,0.484751,-0.032533,0.189541,0.436458,-0.043121,0.190822,0.393561,-0.050347,0.148856,0.577282,-0.023444,0.143891,0.515985,-0.037433,0.140499,0.475544,-0.044428,0.138905,0.436746,-0.048387
956,0,0.017608,0.017742,0.021935,0.083412,0.033364,0.171193,0.762296,0.000000,0.234839,0.746668,-0.028284,0.289755,0.702368,-0.040044,0.326256,0.651904,-0.049574,0.359221,0.613698,-0.058413,0.253578,0.584364,-0.019061,0.276395,0.512205,-0.034222,0.285552,0.466080,-0.047499,0.291318,0.423216,-0.057645,0.219055,0.564246,-0.017140,0.234366,0.480518,-0.030052,0.240351,0.427827,-0.042503,0.242658,0.382715,-0.051880,0.184596,0.563313,-0.018907,0.188063,0.484582,-0.032877,0.189532,0.436040,-0.043502,0.190534,0.393075,-0.050766,0.148984,0.577579,-0.023557,0.143818,0.516296,-0.037700,0.140356,0.475950,-0.044771,0.138593,0.437384,-0.048767
992,0,0.017441,0.018887,0.041487,0.085855,0.022850,0.171707,0.762315,0.000000,0.235251,0.746419,-0.028010,0.289944,0.702437,-0.039641,0.326727,0.652295,-0.049254,0.359488,0.614203,-0.058135,0.253714,0.584028,-0.018360,0.276368,0.511941,-0.033451,0.285652,0.466099,-0.046716,0.291538,0.423513,-0.056828,0.219357,0.564231,-0.016620,0.234557,0.480913,-0.029567,0.240695,0.428417,-0.042102,0.243045,0.383366,-0.051560,0.184882,0.563214,-0.018581,0.188147,0.484660,-0.032663,0.189586,0.436486,-0.043409,0.190570,0.393814,-0.050715,0.149311,0.577608,-0.023416,0.143973,0.516516,-0.037700,0.140428,0.475909,-0.044909,0.138657,0.437292,-0.048984
1023,0,0.023087,0.022971,0.030874,0.097450,0.036332,0.171378,0.763343,0.000000,0.234720,0.747631,-0.028330,0.289498,0.703691,-0.040038,0.326268,0.653074,-0.049557,0.358806,0.614395,-0.058310,0.253203,0.584888,-0.018522,0.276227,0.512911,-0.033665,0.285549,0.466655,-0.047062,0.291482,0.423657,-0.057312,0.218990,0.564739,-0.016602,0.234207,0.481415,-0.029462,0.240419,0.428885,-0.041995,0.242897,0.383641,-0.051438,0.184530,0.563444,-0.018407,0.187994,0.485319,-0.032303,0.189540,0.437038,-0.042917,0.190559,0.394043,-0.050133,0.148995,0.577539,-0.023147,0.143893,0.516349,-0.037216,0.140532,0.475919,-0.044260,0.138905,0.437109,-0.048214
1073,0,0.031743,0.037708,0.040244,0.114463,0.030888,0.171931,0.763032,0.000000,0.234980,0.747712,-0.028397,0.289578,0.703507,-0.040298,0.326523,0.653159,-0.049988,0.359200,0.614932,-0.058948,0.253466,0.585232,-0.019313,0.276310,0.513200,-0.034684,0.285488,0.466799,-0.048066,0.291238,0.423823,-0.058332,0.219255,0.565310,-0.017429,0.234461,0.481664,-0.030608,0.240538,0.428905,-0.043182,0.242737,0.383517,-0.052680,0.184931,0.564327,-0.019226,0.188328,0.485544,-0.033396,0.190026,0.436917,-0.044067,0.191066,0.393613,-0.051372,0.149465,0.578554,-0.023917,0.144086,0.517348,-0.038203,0.140624,0.476828,-0.045297,0.138939,0.437773,-0.049373
1108,0,0.027154,0.027207,0.053974,0.115048,0.030269,0.172015,0.762862,0.000000,0.234805,0.747509,-0.028449,0.289356,0.704112,-0.040324,0.326367,0.654278,-0.049992,0.359005,0.615972,-0.058893,0.253573,0.585020,-0.018915,0.276550,0.513400,-0.034070,0.285878,0.467435,-0.047460,0.291725,0.424603,-0.057704,0.219357,0.564945,-0.016939,0.234983,0.481684,-0.029734,0.241117,0.429248,-0.042204,0.243313,0.383922,-0.051642,0.184875,0.563872,-0.018675,0.188720,0.485466,-0.032516,0.190097,0.437157,-0.043163,0.191071,0.394183,-0.050452,0.149258,0.577975,-0.023327,0.144249,0.516722,-0.037312,0.140964,0.476370,-0.044275,0.139258,0.437740,-0.048265
1141,0,0.017761,0.024904,0.033533,0.120279,0.049147,0.171439,0.763093,0.000000,0.234808,0.747960,-0.028660,0.289346,0.704533,-0.040746,0.326148,0.654423,-0.050568,0.358812,0.615943,-0.059584,0.253685,0.585872,-0.019318,0.276717,0.513928,-0.034626,0.285971,0.467674,-0.048074,0.291765,0.424476,-0.058395,0.219343,0.565248,-0.017265,0.234711,0.481876,-0.030253,0.240848,0.429358,-0.042818,0.243079,0.383835,-0.052295,0.184780,0.563469,-0.018877,0.188525,0.485372,-0.032727,0.190238,0.437213,-0.043240,0.191549,0.394390,-0.050453,0.149163,0.577073,-0.023462,0.144098,0.515978,-0.037331,0.140821,0.475809,-0.044161,0.139145,0.437541,-0.048036
1174,0,0.030840,0.032835,0.051795,0.108852,0.032236,0.171749,0.762678,0.000000,0.235110,0.747120,-0.028309,0.290022,0.703003,-0.039882,0.326782,0.652789,-0.049286,0.359683,0.615019,-0.057923,0.253814,0.584947,-0.018770,0.276547,0.513031,-0.033740,0.285834,0.467189,-0.046907,0.291963,0.424698,-0.056963,0.219281,0.565080,-0.016755,0.234532,0.481590,-0.029441,0.240835,0.429000,-0.041840,0.243434,0.384049,-0.051167,0.184747,0.564014,-0.018444,0.188317,0.485382,-0.032243,0.189947,0.437030,-0.042914,0.191220,0.394298,-0.050208,0.149195,0.578022,-0.023050,0.144041,0.516591,-0.037042,0.140676,0.476128,-0.044104,0.139142,0.437679,-0.048135
1206,0,0.021819,0.028356,0.039473,0.108258,0.024923,0.172494,0.762453,0.000000,0.235535,0.746673,-0.028470,0.289949,0.703006,-0.040415,0.326571,0.652922,-0.050154,0.359273,0.614553,-0.059126,0.253947,0.584945,-0.019153,0.276840,0.513004,-0.034356,0.286022,0.466829,-0.047662,0.291936,0.423958,-0.057861,0.219387,0.564812,-0.017178,0.234637,0.481430,-0.030100,0.240734,0.428909,-0.042562,0.243090,0.383704,-0.051918,0.184810,0.563614,-0.018884,0.188553,0.485006,-0.032842,0.190123,0.436702,-0.043367,0.191381,0.393857,-0.050576,0.149275,0.577839,-0.023524,0.144207,0.516380,-0.037596,0.140972,0.476045,-0.044556,0.139489,0.437511,-0.048505
1240,0,0.017072,0.021768,0.030997,0.104573,0.029100,0.171889,0.762673,0.000000,0.235325,0.747133,-0.028078,0.289943,0.703729,-0.039838,0.326610,0.653600,-0.049453,0.358817,0.615459,-0.058339,0.253538,0.585259,-0.018779,0.276657,0.513469,-0.033996,0.285788,0.467419,-0.047346,0.291567,0.424559,-0.057573,0.219182,0.564915,-0.016960,0.234591,0.481376,-0.029955,0.240639,0.428925,-0.042443,0.242885,0.383637,-0.051789,0.184634,0.563388,-0.018789,0.188252,0.484889,-0.032713,0.189908,0.436726,-0.043209,0.191133,0.394046,-0.050334,0.149291,0.577323,-0.023520,0.144217,0.516029,-0.037463,0.141018,0.475647,-0.044320,0.139441,0.437340,-0.048150
1272,0,0.021580,0.023084,0.050562,0.114458,0.015538,0.172966,0.762935,0.000000,0.235946,0.747286,-0.027702,0.290327,0.703445,-0.039327,0.327091,0.653489,-0.048842,0.359603,0.615630,-0.057628,0.253928,0.585151,-0.018589,0.276884,0.513517,-0.033629,0.286216,0.467468,-0.046847,0.291895,0.424737,-0.056976,0.219705,0.565096,-0.016939,0.235186,0.481255,-0.029697,0.241323,0.428736,-0.041974,0.243265,0.383863,-0.051183,0.185260,0.563885,-0.018925,0.188923,0.485063,-0.032670,0.190538,0.436776,-0.043087,0.191403,0.394189,-0.050185,0.149763,0.578059,-0.023750,0.144694,0.516446,-0.037600,0.141300,0.476225,-0.044392,0.139486,0.437725,-0.048190
1304,0,0.032901,0.040265,0.071267,0.138269,0.040983,0.172804,0.762659,0.000000,0.236016,0.746796,-0.028065,0.290404,0.704422,-0.040121,0.327214,0.654668,-0.050103,0.359486,0.616215,-0.059317,0.253965,0.585499,-0.019062,0.277053,0.514013,-0.034515,0.286481,0.468068,-0.048030,0.292435,0.425276,-0.058357,0.219739,0.565284,-0.017402,0.235357,0.481983,-0.030542,0.241533,0.429734,-0.043115,0.243789,0.384622,-0.052598,0.185461,0.563978,-0.019379,0.189150,0.485705,-0.033402,0.190906,0.437323,-0.043922,0.192101,0.394466,-0.051101,0.149938,0.577971,-0.024245,0.144702,0.516860,-0.038259,0.141601,0.476287,-0.045073,0.140129,0.437791,-0.048951
1336,0,0.034399,0.047195,0.065523,0.137326,0.035161,0.172291,0.763605,0.000000,0.235816,0.748175,-0.028177,0.290189,0.704740,-0.039892,0.326933,0.654358,-0.049424,0.359448,0.616055,-0.058153,0.253935,0.585996,-0.018395,0.277111,0.514111,-0.033383,0.286393,0.468067,-0.046668,0.292071,0.425186,-0.056813,0.219570,0.565792,-0.016491,0.235278,0.482258,-0.029172,0.241520,0.429660,-0.041538,0.243883,0.384527,-0.050841,0.184887,0.564342,-0.018281,0.188926,0.485888,-0.031986,0.190757,0.437648,-0.042457,0.192039,0.394838,-0.049578,0.149209,0.578090,-0.022970,0.144552,0.516823,-0.036810,0.141645,0.476406,-0.043644,0.140298,0.438040,-0.047472
1369,0,0.025093,0.025790,0.057938,0.132963,0.032320,0.172264,0.763386,0.000000,0.235315,0.748057,-0.028370,0.289872,0.704574,-0.040348,0.326326,0.653743,-0.050060,0.359389,0.615737,-0.059043,0.253492,0.585921,-0.019204,0.276749,0.514024,-0.034455,0.286092,0.467865,-0.047795,0.292052,0.424975,-0.058007,0.219243,0.565872,-0.017247,0.235021,0.482284,-0.030174,0.241262,0.429782,-0.042613,0.243511,0.384633,-0.051941,0.184817,0.564524,-0.018945,0.188887,0.486013,-0.032804,0.190779,0.437565,-0.043227,0.192214,0.394689,-0.050367,0.149341,0.578569,-0.023552,0.144426,0.517000,-0.037449,0.141348,0.476728,-0.044225,0.139755,0.438309,-0.048025
1401,0,0.019430,0.017955,0.059263,0.123449,0.022652,0.172159,0.763478,0.000000,0.235396,0.747492,-0.027706,0.289854,0.703968,-0.039307,0.326848,0.653748,-0.048855,0.359259,0.615995,-0.057675,0.253293,0.585970,-0.018532,0.276342,0.514062,-0.033612,0.285633,0.467939,-0.046861,0.291548,0.425086,-0.057023,0.219179,0.566048,-0.016864,0.234592,0.482580,-0.029701,0.240915,0.430098,-0.042183,0.243420,0.384823,-0.051578,0.184789,0.564757,-0.018781,0.188551,0.486224,-0.032596,0.190611,0.438005,-0.043065,0.192005,0.395173,-0.050236,0.149519,0.578739,-0.023565,0.144437,0.517194,-0.037466,0.141364,0.476816,-0.044292,0.139872,0.438154,-0.048165
1433,0,0.028852,0.023298,0.031391,0.123459,0.037883,0.172068,0.762889,0.000000,0.235470,0.747039,-0.027867,0.289949,0.703268,-0.039378,0.326947,0.652959,-0.048839,0.359365,0.615101,-0.057534,0.253330,0.585341,-0.018013,0.276327,0.513676,-0.032885,0.285538,0.467918,-0.046119,0.291415,0.425269,-0.056232,0.218949,0.565643,-0.016155,0.234358,0.482272,-0.028786,0.240625,0.430084,-0.041216,0.242941,0.385121,-0.050563,0.184481,0.564293,-0.017975,0.188521,0.485795,-0.031640,0.190256,0.437401,-0.042136,0.191402,0.394595,-0.049260,0.149054,0.577994,-0.022657,0.144278,0.516643,-0.036428,0.141156,0.476284,-0.043208,0.139634,0.437821,-0.047039
1467,0,0.038215,0.039232,0.038185,0.115902,0.038261,0.171899,0.762610,0.000000,0.235267,0.747104,-0.028372,0.289754,0.704074,-0.040329,0.326154,0.653910,-0.050124,0.358601,0.615766,-0.059154,0.253483,0.585416,-0.019256,0.276430,0.513302,-0.034532,0.285538,0.467383,-0.047905,0.291182,0.424601,-0.058044,0.219093,0.565397,-0.017285,0.234460,0.482110,-0.030266,0.240663,0.429615,-0.042778,0.243020,0.384468,-0.052190,0.184625,0.564223,-0.018969,0.188367,0.485864,-0.032925,0.189987,0.437394,-0.043543,0.191352,0.394735,-0.050736,0.148933,0.578137,-0.023551,0.143969,0.516781,-0.037593,0.140759,0.476262,-0.044538,0.139131,0.437973,-0.048441
1502,0,0.040105,0.041035,0.034696,0.120399,0.040762,0.172307,0.762581,0.000000,0.235889,0.747004,-0.027758,0.290132,0.703314,-0.039160,0.326613,0.653261,-0.048476,0.358775,0.615579,-0.057123,0.253288,0.585079,-0.017820,0.276239,0.513502,-0.032674,0.285559,0.467586,-0.045913,0.291409,0.424796,-0.056090,0.219012,0.565165,-0.016050,0.234245,0.481982,-0.028657,0.240381,0.429614,-0.041092,0.242687,0.384464,-0.050466,0.184664,0.563940,-0.017935,0.188419,0.485546,-0.031565,0.190179,0.437367,-0.042048,0.191402,0.394536,-0.049203,0.149067,0.577798,-0.022708,0.144322,0.516482,-0.036481,0.141413,0.476058,-0.043273,0.140099,0.437531,-0.047099
1534,0,0.025602,0.029168,0.066288,0.122108,0.025997,0.172524,0.763498,0.000000,0.235687,0.747487,-0.027707,0.289950,0.703981,-0.039428,0.326714,0.654140,-0.049065,0.358914,0.615708,-0.057938,0.253669,0.585649,-0.018376,0.276463,0.513845,-0.033520,0.285698,0.467754,-0.046962,0.291356,0.424751,-0.057211,0.219163,0.565645,-0.016760,0.234404,0.482017,-0.029504,0.240654,0.429667,-0.041952,0.242988,0.384461,-0.051322,0.184632,0.564322,-0.018768,0.188571,0.485943,-0.032315,0.190650,0.437541,-0.042564,0.191954,0.394464,-0.049639,0.149241,0.578232,-0.023672,0.144745,0.516625,-0.037172,0.141908,0.476308,-0.043673,0.140458,0.437961,-0.047306
1570,0,0.028177,0.030082,0.057104,0.129330,0.031147,0.172425,0.763249,0.000000,0.235403,0.746958,-0.028111,0.290178,0.703768,-0.040076,0.327008,0.653738,-0.049894,0.359699,0.615511,-0.058983,0.254018,0.585458,-0.019012,0.276822,0.513421,-0.034324,0.285894,0.467293,-0.047746,0.291713,0.424496,-0.057986,0.219595,0.565700,-0.017267,0.234858,0.482177,-0.030316,0.240970,0.429621,-0.042876,0.243327,0.384608,-0.052348,0.185163,0.564676,-0.019166,0.188937,0.486020,-0.033135,0.190831,0.437585,-0.043681,0.192283,0.394718,-0.050814,0.149528,0.578777,-0.023950,0.144798,0.516928,-0.037948,0.141997,0.476190,-0.044755,0.140648,0.437450,-0.048590
1603,0,0.040605,0.053488,0.057225,0.138298,0.056587,0.171669,0.763058,0.000000,0.235544,0.747143,-0.027843,0.290326,0.703539,-0.039322,0.326922,0.653060,-0.048750,0.359469,0.614924,-0.057488,0.254031,0.586108,-0.017840,0.276793,0.514135,-0.032768,0.285991,0.468084,-0.046029,0.291832,0.425216,-0.056185,0.219725,0.566033,-0.016010,0.234947,0.482697,-0.028744,0.241069,0.430235,-0.041315,0.243523,0.384862,-0.050781,0.185240,0.564627,-0.017860,0.188969,0.486614,-0.031638,0.190515,0.438096,-0.042196,0.191566,0.395295,-0.049440,0.149627,0.578382,-0.022593,0.144963,0.517016,-0.036428,0.141914,0.476475,-0.043308,0.140367,0.437964,-0.047217
1647,0,0.025353,0.025577,0.050416,0.127379,0.049170,0.171680,0.762856,0.000000,0.234964,0.747219,-0.028133,0.289562,0.703286,-0.039769,0.326612,0.653115,-0.049262,0.359327,0.615136,-0.058066,0.253769,0.584992,-0.018268,0.276130,0.512985,-0.033282,0.285390,0.467094,-0.046697,0.291417,0.424328,-0.056956,0.219250,0.565544,-0.016287,0.233900,0.482543,-0.029033,0.240059,0.430455,-0.041683,0.242367,0.385523,-0.051291,0.184932,0.564430,-0.018000,0.188777,0.486962,-0.031712,0.190445,0.438905,-0.042296,0.191398,0.396298,-0.049606,0.149612,0.578191,-0.022621,0.145291,0.516892,-0.036439,0.142294,0.476663,-0.043406,0.140769,0.438292,-0.047348
1691,0,0.013400,0.013169,0.050893,0.134941,0.052873,0.171943,0.762766,0.000000,0.235324,0.747001,-0.028127,0.290048,0.703742,-0.039745,0.326422,0.653452,-0.049222,0.358768,0.615299,-0.057974,0.254080,0.585108,-0.018220,0.276476,0.513228,-0.033076,0.285501,0.467320,-0.046280,0.291384,0.424753,-0.056407,0.219533,0.565469,-0.016213,0.234281,0.482332,-0.028853,0.240312,0.430303,-0.041312,0.242825,0.385740,-0.050713,0.185150,0.564444,-0.017895,0.188659,0.486670,-0.031605,0.190215,0.438684,-0.042152,0.191399,0.396371,-0.049375,0.149725,0.578583,-0.022471,0.145310,0.517243,-0.036382,0.142419,0.476831,-0.043337,0.141139,0.438500,-0.047273
1735,0,0.081634,0.067172,0.155175,0.180329,0.086262,0.172302,0.763748,0.000000,0.234828,0.746912,-0.028200,0.289205,0.705193,-0.040340,0.324642,0.655664,-0.050397,0.355653,0.615699,-0.059688,0.254008,0.585965,-0.018669,0.275809,0.514467,-0.034089,0.284209,0.469029,-0.047758,0.289501,0.426262,-0.058197,0.219755,0.566614,-0.016863,0.234063,0.484779,-0.030074,0.239468,0.433215,-0.043017,0.240983,0.388530,-0.052767,0.185626,0.566042,-0.018717,0.188455,0.489468,-0.032731,0.189827,0.442230,-0.043132,0.190826,0.400153,-0.050244,0.150373,0.580437,-0.023497,0.145966,0.519578,-0.037415,0.143526,0.479683,-0.044126,0.142580,0.441303,-0.047911
1772,0,0.070199,0.087557,0.150846,0.238171,0.170612,0.173179,0.762562,0.000000,0.234313,0.746339,-0.029564,0.287602,0.705839,-0.042283,0.320470,0.655697,-0.052512,0.349166,0.613118,-0.061828,0.254852,0.585751,-0.019944,0.275997,0.514071,-0.035192,0.282907,0.468938,-0.048634,0.286802,0.426155,-0.058862,0.220704,0.566843,-0.017254,0.235088,0.485707,-0.030154,0.239499,0.434610,-0.042930,0.239851,0.390615,-0.052588,0.186611,0.566405,-0.018280,0.189584,0.491023,-0.031903,0.190410,0.444588,-0.042321,0.190597,0.403338,-0.049470,0.151252,0.580442,-0.022320,0.147151,0.520231,-0.035952,0.144553,0.480663,-0.042702,0.143154,0.442987,-0.046504
1805,0,0.175171,0.193733,0.171122,0.342294,0.296648,0.175106,0.762531,0.000000,0.233635,0.744274,-0.028193,0.284571,0.702286,-0.039656,0.314401,0.651983,-0.048984,0.337396,0.606636,-0.057218,0.255279,0.584072,-0.015919,0.274960,0.514681,-0.030818,0.280358,0.471484,-0.044603,0.282452,0.430816,-0.054763,0.221512,0.566253,-0.013643,0.235336,0.487650,-0.025890,0.238701,0.437782,-0.038636,0.238041,0.394877,-0.048153,0.187384,0.566780,-0.015277,0.190206,0.492988,-0.028156,0.190538,0.447636,-0.038088,0.190378,0.407329,-0.044792,0.152012,0.582035,-0.019922,0.148658,0.522320,-0.032669,0.146666,0.483749,-0.038617,0.145899,0.446909,-0.041771
1837,0,0.252442,0.287161,0.275288,0.572527,0.577244,0.178364,0.762386,0.000000,0.232457,0.740643,-0.026526,0.279569,0.697776,-0.036991,0.306089,0.647406,-0.045565,0.321671,0.598547,-0.052978,0.256375,0.581744,-0.011700,0.273794,0.515380,-0.026133,0.276916,0.474848,-0.040061,0.276674,0.437821,-0.049871,0.222531,0.565528,-0.009669,0.235412,0.490334,-0.020442,0.237521,0.443576,-0.032423,0.236288,0.403355,-0.041334,0.188405,0.567149,-0.011738,0.190566,0.497253,-0.022857,0.190867,0.454333,-0.031506,0.191201,0.415960,-0.037534,0.152834,0.583086,-0.016829,0.150699,0.526281,-0.027500,0.150066,0.490093,-0.032012,0.150771,0.455655,-0.034408
1868,0,0.261564,0.287289,0.336517,0.821021,0.836485,0.177564,0.759556,0.000000,0.230634,0.736687,-0.025781,0.276697,0.693166,-0.035477,0.299305,0.643055,-0.043584,0.308550,0.594090,-0.050454,0.255957,0.580901,-0.008149,0.270911,0.519431,-0.022438,0.272180,0.483695,-0.037028,0.270074,0.451363,-0.047019,0.223209,0.565250,-0.006030,0.234787,0.495320,-0.016104,0.235499,0.452848,-0.028256,0.233274,0.416183,-0.037379,0.189816,0.566970,-0.008255,0.192443,0.502126,-0.018274,0.191781,0.465109,-0.026224,0.191541,0.431642,-0.031875,0.154289,0.582320,-0.013620,0.153134,0.529118,-0.022678,0.152896,0.496724,-0.026335,0.153742,0.465264,-0.028367
1902,0,0.283957,0.317092,0.367978,1.096659,1.135512,0.177534,0.756129,0.000000,0.229922,0.732047,-0.023696,0.273403,0.689680,-0.032415,0.293638,0.640479,-0.040164,0.298733,0.590952,-0.046636,0.256492,0.580218,-0.002924,0.268521,0.521403,-0.017529,0.267975,0.490894,-0.033260,0.264407,0.465944,-0.043652,0.223928,0.565390,-0.000996,0.232114,0.500431,-0.010553,0.232175,0.464865,-0.023336,0.230104,0.436687,-0.032937,0.190824,0.566438,-0.003607,0.193209,0.507544,-0.012414,0.193442,0.474790,-0.020010,0.194445,0.446389,-0.025637,0.156021,0.580128,-0.009313,0.155115,0.530946,-0.016774,0.156362,0.501522,-0.019866,0.159134,0.473553,-0.021718
1933,0,0.280492,0.322377,0.560194,1.352013,1.435032,0.181220,0.754755,0.000000,0.231756,0.729865,-0.020862,0.271876,0.683217,-0.027914,0.290403,0.632994,-0.034602,0.288510,0.584862,-0.040438,0.255178,0.582361,-0.000491,0.263995,0.528799,-0.015199,0.264134,0.502713,-0.031371,0.262142,0.482870,-0.042175,0.223651,0.568791,0.000382,0.229752,0.511067,-0.009719,0.230639,0.481018,-0.022720,0.230612,0.459855,-0.032639,0.191767,0.569894,-0.003155,0.194010,0.515934,-0.012897,0.195391,0.487195,-0.020757,0.198350,0.464849,-0.026542,0.158186,0.583049,-0.009484,0.157490,0.535756,-0.017943,0.160139,0.508044,-0.021713,0.165397,0.483979,-0.024145
1967,0,0.280899,0.310336,4.600035,1.359589,1.491050,0.183497,0.751398,0.000000,0.230666,0.729373,-0.022784,0.269987,0.681738,-0.031005,0.289205,0.630364,-0.038847,0.280478,0.583346,-0.045667,0.254633,0.583417,-0.000883,0.261014,0.526007,-0.020643,0.261807,0.501683,-0.040857,0.258980,0.500074,-0.052224,0.223063,0.569645,0.001017,0.228920,0.504513,-0.015494,0.230595,0.481142,-0.034300,0.229579,0.487419,-0.045931,0.192326,0.570346,-0.001741,0.195827,0.510127,-0.015873,0.198420,0.484707,-0.030264,0.201052,0.487634,-0.038550,0.160254,0.583446,-0.007133,0.160051,0.533472,-0.019358,0.164220,0.506495,-0.028633,0.171195,0.496424,-0.033839
1998,0,0.186718,0.203990,3.329486,1.385416,1.564175,0.186121,0.748418,0.000000,0.231220,0.728179,-0.021701,0.270105,0.679160,-0.030136,0.284228,0.630807,-0.038787,0.269566,0.589212,-0.046126,0.254854,0.573171,0.000824,0.258485,0.513706,-0.021054,0.260527,0.498107,-0.041941,0.259421,0.513486,-0.051837,0.223374,0.561710,0.002016,0.227096,0.491415,-0.015840,0.228880,0.476970,-0.033938,0.228427,0.499853,-0.042838,0.193620,0.565865,-0.001569,0.195898,0.500541,-0.016579,0.197593,0.481034,-0.029223,0.200034,0.496417,-0.034370,0.162063,0.583053,-0.007713,0.161349,0.530141,-0.019659,0.165287,0.504060,-0.027247,0.172212,0.499861,-0.029754
2024,0,0.215909,0.218325,3.474989,1.482232,1.641093,0.183369,0.749049,0.000000,0.230257,0.729802,-0.020737,0.268945,0.676886,-0.029142,0.280482,0.623128,-0.038044,0.255957,0.586361,-0.045317,0.252113,0.574630,-0.001929,0.258143,0.508380,-0.024322,0.261601,0.500995,-0.042813,0.260508,0.530043,-0.049948,0.221041,0.563546,-0.000798,0.224460,0.485106,-0.019828,0.227337,0.486616,-0.035163,0.227176,0.523292,-0.040171,0.192267,0.567270,-0.004007,0.191832,0.497587,-0.019211,0.197229,0.487421,-0.029382,0.200867,0.513953,-0.031458,0.161647,0.582157,-0.009631,0.161488,0.527148,-0.020412,0.168779,0.506140,-0.026655,0.177533,0.511170,-0.027530
2054,0,0.291751,0.287709,5.098094,1.513294,1.665119,0.183310,0.749775,-0.000000,0.230141,0.728323,-0.019240,0.266404,0.674864,-0.028877,0.272705,0.621576,-0.039500,0.244403,0.584962,-0.048645,0.248204,0.575784,-0.007162,0.256873,0.506237,-0.030320,0.262507,0.512241,-0.048188,0.259880,0.546952,-0.055117,0.217894,0.565383,-0.007413,0.222730,0.483493,-0.026099,0.229997,0.496185,-0.039359,0.230876,0.534234,-0.043685,0.189786,0.569522,-0.011537,0.190731,0.493346,-0.026486,0.202207,0.494365,-0.034734,0.206822,0.526329,-0.036018,0.160477,0.583811,-0.017912,0.160710,0.524358,-0.029352,0.174610,0.511632,-0.035103,0.186966,0.525137,-0.035947
2088,0,0.260155,0.275231,2.557542,1.567102,1.754430,0.183414,0.748062,-0.000000,0.230992,0.723266,-0.019668,0.265433,0.671439,-0.030902,0.268844,0.620136,-0.043163,0.242309,0.580665,-0.054043,0.244204,0.576946,-0.010676,0.254322,0.504999,-0.035509,0.259116,0.520713,-0.055602,0.255057,0.557267,-0.064745,0.214687,0.569089,-0.011455,0.219287,0.482740,-0.031983,0.228351,0.501804,-0.048940,0.230939,0.539717,-0.057126,0.186935,0.573245,-0.015779,0.187153,0.492567,-0.031097,0.201070,0.501124,-0.042277,0.207720,0.536223,-0.046884,0.158651,0.587370,-0.022308,0.158542,0.527665,-0.033347,0.174360,0.518604,-0.040824,0.187412,0.533423,-0.044404
2121,0,0.215685,0.247890,2.984167,1.681916,1.899179,0.185475,0.747301,-0.000000,0.230500,0.723109,-0.015691,0.264196,0.672424,-0.026930,0.270647,0.625060,-0.039955,0.243375,0.588672,-0.051712,0.242159,0.578705,-0.012911,0.253523,0.502792,-0.037420,0.259240,0.527640,-0.055937,0.253808,0.564209,-0.064315,0.213185,0.572975,-0.016528,0.217657,0.480024,-0.036998,0.229085,0.513036,-0.051360,0.231189,0.552791,-0.057697,0.185840,0.577498,-0.022917,0.185200,0.492333,-0.037209,0.202345,0.514200,-0.044214,0.208861,0.551971,-0.046221,0.158255,0.591058,-0.031295,0.157901,0.527456,-0.040800,0.175821,0.527019,-0.044778,0.188142,0.546723,-0.046186
2150,0,0.207741,0.215284,1.287194,1.767534,1.989185,0.185072,0.747307,-0.000000,0.230640,0.720739,-0.013468,0.265012,0.674858,-0.023967,0.271802,0.629132,-0.036870,0.244914,0.596761,-0.048464,0.242799,0.582097,-0.009058,0.254659,0.506817,-0.032946,0.260443,0.534435,-0.050727,0.257671,0.569753,-0.058928,0.214197,0.577170,-0.013963,0.220516,0.486229,-0.036446,0.231407,0.523670,-0.050797,0.233842,0.564670,-0.056453,0.186699,0.581054,-0.021599,0.186546,0.496411,-0.037683,0.204239,0.522710,-0.043798,0.212188,0.561148,-0.044470,0.159312,0.593462,-0.031019,0.160292,0.532305,-0.040970,0.179142,0.538100,-0.043657,0.192124,0.559940,-0.043763
2203,0,0.198674,0.185677,0.855899,1.851111,2.061034,0.185458,0.747852,-0.000000,0.232319,0.720224,-0.013352,0.268035,0.673638,-0.023931,0.276455,0.625542,-0.036945,0.246573,0.598475,-0.048312,0.244346,0.580623,-0.007477,0.256940,0.509986,-0.031278,0.263684,0.543670,-0.048555,0.260899,0.579094,-0.056526,0.216449,0.576041,-0.012789,0.222881,0.489212,-0.035472,0.236368,0.531220,-0.048278,0.239133,0.572016,-0.052367,0.189441,0.580693,-0.021020,0.188712,0.500291,-0.038816,0.210047,0.532594,-0.043252,0.218652,0.571260,-0.041935,0.161942,0.594001,-0.031036,0.164589,0.535300,-0.042490,0.185954,0.547265,-0.044015,0.199165,0.572635,-0.042698
2234,0,0.217824,0.185547,0.429139,1.949788,2.126441,0.185841,0.749006,-0.000000,0.232809,0.721752,-0.011931,0.269623,0.675756,-0.022520,0.281168,0.627836,-0.035784,0.251309,0.601584,-0.047586,0.245215,0.582961,-0.008374,0.258910,0.514128,-0.032206,0.268448,0.549147,-0.049478,0.266690,0.584549,-0.057564,0.218096,0.578769,-0.014632,0.225974,0.494125,-0.037195,0.242850,0.536081,-0.049651,0.245809,0.576655,-0.053745,0.191329,0.584367,-0.023569,0.192146,0.504819,-0.042012,0.216796,0.539040,-0.046141,0.226240,0.578261,-0.044661,0.163548,0.598552,-0.034064,0.168705,0.540378,-0.046863,0.192438,0.554950,-0.048584,0.206170,0.581970,-0.047242
2280,0,0.277536,0.298904,0.595905,2.085684,2.217542,0.185137,0.748584,-0.000000,0.232797,0.724142,-0.008656,0.271427,0.677717,-0.017933,0.288984,0.630966,-0.030285,0.259983,0.609935,-0.041141,0.247612,0.585458,-0.006874,0.264049,0.519435,-0.030558,0.275936,0.556338,-0.048082,0.273908,0.592520,-0.056385,0.221777,0.581252,-0.014445,0.231300,0.498018,-0.036513,0.251365,0.542072,-0.048253,0.254120,0.583191,-0.051894,0.196078,0.586836,-0.024381,0.198316,0.508152,-0.042978,0.226311,0.545479,-0.046721,0.236602,0.584833,-0.044884,0.169621,0.601605,-0.035526,0.177980,0.545406,-0.049103,0.203777,0.562641,-0.051009,0.217905,0.589669,-0.049716
2313,0,0.245776,0.233256,0.647985,2.221678,2.319243,0.184351,0.749894,-0.000000,0.232500,0.725129,-0.008414,0.272995,0.679638,-0.018640,0.294492,0.634584,-0.032107,0.266074,0.614646,-0.044022,0.247950,0.587378,-0.006990,0.266942,0.522733,-0.032039,0.282065,0.560965,-0.050326,0.280748,0.598247,-0.058719,0.222743,0.583861,-0.015497,0.235077,0.500082,-0.039371,0.258227,0.546739,-0.051607,0.261540,0.589002,-0.054876,0.197848,0.590069,-0.026477,0.203616,0.512543,-0.047191,0.234083,0.551593,-0.051505,0.244797,0.590932,-0.049213,0.172614,0.605893,-0.038595,0.186751,0.550428,-0.053528,0.214824,0.568879,-0.055719,0.229023,0.596095,-0.054269
2360,0,0.193104,0.164264,0.459374,2.298074,2.349053,0.185098,0.751537,-0.000000,0.234690,0.725385,-0.006600,0.276587,0.679380,-0.015998,0.299791,0.635693,-0.028902,0.272886,0.617942,-0.040283,0.251749,0.586270,-0.004069,0.272266,0.526033,-0.028699,0.287340,0.565153,-0.046980,0.284170,0.601789,-0.055233,0.226642,0.582580,-0.013326,0.240729,0.502414,-0.037273,0.263959,0.549783,-0.049517,0.266008,0.592684,-0.052493,0.201670,0.588928,-0.025029,0.209818,0.515203,-0.046270,0.240898,0.555721,-0.050700,0.251323,0.595317,-0.048062,0.176349,0.604960,-0.037679,0.192591,0.552768,-0.052933,0.221937,0.571236,-0.055199,0.237382,0.597202,-0.053474
2413,0,0.142571,0.135069,0.539256,2.343738,2.382093,0.185678,0.750694,-0.000000,0.236046,0.724775,-0.006825,0.278742,0.680475,-0.016633,0.304420,0.638243,-0.030088,0.279041,0.620555,-0.042066,0.252937,0.584208,-0.002754,0.274657,0.526161,-0.027659,0.291065,0.563244,-0.046075,0.288905,0.599417,-0.054366,0.228386,0.580181,-0.011910,0.245254,0.503477,-0.036697,0.268851,0.551240,-0.049439,0.270750,0.594563,-0.052463,0.203802,0.585920,-0.023683,0.215343,0.517240,-0.046211,0.246640,0.559408,-0.051444,0.257031,0.599473,-0.048861,0.179118,0.601699,-0.036391,0.198433,0.554197,-0.052565,0.228075,0.574084,-0.055487,0.243897,0.599752,-0.053958
2443,0,0.107368,0.075815,0.244438,2.413447,2.426032,0.187171,0.750879,-0.000000,0.237715,0.723533,-0.005544,0.280485,0.679826,-0.015052,0.307399,0.639818,-0.028439,0.283441,0.623031,-0.040341,0.253276,0.583708,-0.002216,0.277057,0.526682,-0.026640,0.293855,0.565782,-0.044960,0.290836,0.602049,-0.053245,0.229749,0.580577,-0.012046,0.248615,0.504964,-0.035655,0.273011,0.552543,-0.048186,0.274678,0.594751,-0.051479,0.206084,0.587022,-0.024364,0.219457,0.519482,-0.045673,0.251572,0.561063,-0.050902,0.262047,0.600213,-0.048729,0.182554,0.603318,-0.037523,0.202213,0.555291,-0.052770,0.232519,0.574639,-0.055419,0.248576,0.600401,-0.053924
2490,0,0.124790,0.112876,0.470801,2.488722,2.494104,0.188178,0.749928,-0.000000,0.238897,0.722391,-0.004937,0.282590,0.681003,-0.014764,0.310871,0.642596,-0.028714,0.289009,0.623130,-0.041155,0.252942,0.581998,-0.001363,0.278910,0.525603,-0.025900,0.297177,0.565587,-0.044342,0.294698,0.602486,-0.052749,0.230274,0.579269,-0.011721,0.252864,0.505931,-0.034952,0.277691,0.554367,-0.047732,0.279177,0.595953,-0.051529,0.207887,0.585826,-0.024595,0.225507,0.522159,-0.045563,0.257969,0.564415,-0.050851,0.268348,0.603442,-0.049054,0.186088,0.602267,-0.038308,0.208593,0.556830,-0.053326,0.239956,0.576759,-0.056004,0.256893,0.602557,-0.054784
2522,0,0.150225,0.174361,0.724896,2.577263,2.586664,0.186895,0.748869,-0.000000,0.238926,0.721193,-0.003972,0.283635,0.679905,-0.014070,0.314198,0.643582,-0.028563,0.293830,0.625530,-0.041524,0.249742,0.578648,-0.001517,0.280860,0.525979,-0.026465,0.301012,0.568597,-0.045484,0.298872,0.606311,-0.054520,0.227586,0.575937,-0.012809,0.256485,0.507513,-0.035737,0.282901,0.557030,-0.048733,0.284664,0.598309,-0.053132,0.206624,0.583044,-0.026549,0.230519,0.524114,-0.047074,0.264438,0.566924,-0.052455,0.275003,0.605882,-0.051135,0.187576,0.600745,-0.041152,0.214306,0.557388,-0.055772,0.246454,0.578098,-0.058310,0.263600,0.604457,-0.057261
2569,0,0.121217,0.117238,0.702613,2.637322,2.641559,0.187220,0.748222,-0.000000,0.239318,0.719357,-0.002834,0.284687,0.678841,-0.013379,0.316405,0.644138,-0.028649,0.298235,0.625328,-0.042510,0.246822,0.575364,-0.001548,0.280370,0.523139,-0.027012,0.304063,0.564280,-0.046528,0.304731,0.602084,-0.055712,0.225727,0.573911,-0.013632,0.258884,0.508206,-0.036635,0.288313,0.556640,-0.050107,0.291404,0.598052,-0.055070,0.206356,0.582273,-0.027991,0.234744,0.526026,-0.048182,0.270131,0.568081,-0.053112,0.280925,0.607188,-0.051694,0.189439,0.601668,-0.043185,0.218628,0.559077,-0.057434,0.251332,0.579259,-0.059325,0.268235,0.605697,-0.057839
2622,0,0.162945,0.199275,1.012662,2.715629,2.762369,0.183949,0.747024,-0.000000,0.238495,0.715879,0.000476,0.284635,0.675646,-0.009805,0.318505,0.643375,-0.025484,0.302399,0.628035,-0.039960,0.239865,0.567286,-0.000232,0.277493,0.519423,-0.025147,0.305044,0.561730,-0.044538,0.307649,0.600891,-0.053964,0.219590,0.567371,-0.014349,0.260216,0.508262,-0.036559,0.292420,0.557845,-0.049924,0.296033,0.599513,-0.055277,0.202848,0.578183,-0.030315,0.238943,0.527152,-0.049487,0.275573,0.570115,-0.053829,0.285979,0.609117,-0.052348,0.190185,0.601291,-0.046928,0.223416,0.561410,-0.060360,0.257026,0.580950,-0.061606,0.274169,0.606611,-0.059788
2651,0,0.132104,0.133591,0.817527,2.789350,2.845676,0.183942,0.746545,-0.000000,0.239311,0.713571,0.003355,0.283752,0.672419,-0.006038,0.317579,0.643747,-0.021309,0.306367,0.631000,-0.035386,0.234955,0.561036,0.000615,0.276485,0.516137,-0.023546,0.305989,0.559263,-0.042080,0.309349,0.598156,-0.051095,0.215155,0.562851,-0.014935,0.261808,0.508817,-0.036025,0.295312,0.559067,-0.048269,0.298659,0.600188,-0.053281,0.200141,0.576098,-0.032056,0.242471,0.527325,-0.050758,0.279800,0.570940,-0.054156,0.289769,0.609727,-0.052171,0.190439,0.602011,-0.049480,0.227456,0.562750,-0.062632,0.261683,0.582453,-0.062935,0.278547,0.607843,-0.060446
2698,0,0.072236,0.068145,0.532466,2.785662,2.863585,0.183390,0.745315,-0.000000,0.239224,0.712120,0.003302,0.284216,0.671369,-0.006496,0.317957,0.643735,-0.021992,0.308569,0.629903,-0.036069,0.231392,0.559017,-0.000155,0.275321,0.514998,-0.023879,0.305846,0.556808,-0.041880,0.309981,0.595045,-0.050563,0.211608,0.561504,-0.015688,0.261983,0.509722,-0.035969,0.296662,0.559009,-0.047223,0.300424,0.599325,-0.051765,0.197851,0.575727,-0.032712,0.244080,0.527459,-0.050830,0.281942,0.569409,-0.053001,0.291775,0.607118,-0.050329,0.190492,0.602684,-0.050029,0.230687,0.561723,-0.062519,0.264305,0.581371,-0.061450,0.279899,0.606557,-0.057944
2729,0,0.044958,0.045129,0.369788,2.788026,2.872768,0.183834,0.744694,-0.000000,0.238610,0.711641,0.003679,0.282546,0.670804,-0.005777,0.316148,0.644118,-0.021075,0.311944,0.630193,-0.035047,0.230841,0.558741,0.000424,0.275055,0.514234,-0.022842,0.305426,0.555282,-0.040531,0.309889,0.592656,-0.049119,0.211275,0.561249,-0.015079,0.262732,0.510201,-0.035014,0.296835,0.558832,-0.046212,0.300868,0.598822,-0.050738,0.197686,0.575458,-0.032041,0.244747,0.527454,-0.049846,0.282240,0.569284,-0.051861,0.292563,0.607217,-0.049086,0.190660,0.602406,-0.049284,0.230985,0.561813,-0.061639,0.264873,0.580803,-0.060582,0.281266,0.605503,-0.057014
2781,0,0.061290,0.062943,0.330499,2.770691,2.858329,0.184054,0.744585,-0.000000,0.238135,0.711813,0.003591,0.282061,0.671271,-0.005822,0.315261,0.645312,-0.021052,0.311861,0.630289,-0.035004,0.229353,0.558595,0.001360,0.272639,0.513999,-0.021627,0.304241,0.551685,-0.039408,0.311102,0.588056,-0.047987,0.209917,0.561087,-0.013919,0.261693,0.511167,-0.033854,0.296472,0.557214,-0.045291,0.301689,0.597133,-0.049827,0.196759,0.575406,-0.030682,0.244297,0.528437,-0.048151,0.282423,0.567695,-0.050254,0.294001,0.604837,-0.047526,0.190512,0.602306,-0.047789,0.231089,0.562531,-0.059687,0.264372,0.580333,-0.058406,0.280903,0.604690,-0.054626
2828,0,0.042630,0.041643,0.353114,2.790007,2.875026,0.184580,0.744556,0.000000,0.238511,0.711403,0.004052,0.281665,0.671362,-0.005632,0.314329,0.645673,-0.021239,0.313131,0.629726,-0.035464,0.228315,0.558383,0.001575,0.271968,0.514357,-0.021598,0.303983,0.551127,-0.039346,0.311428,0.587652,-0.047763,0.208982,0.560830,-0.013923,0.262533,0.511951,-0.033702,0.297172,0.558093,-0.044403,0.302112,0.598486,-0.048220,0.196466,0.575202,-0.030912,0.245691,0.529558,-0.048122,0.283391,0.569568,-0.048905,0.294172,0.607277,-0.045055,0.191215,0.602048,-0.048253,0.232484,0.562491,-0.059606,0.265106,0.581246,-0.057094,0.280435,0.606549,-0.052200
2857,0,0.039565,0.040423,0.186161,2.796315,2.888195,0.183919,0.744781,-0.000000,0.237784,0.711525,0.004076,0.281023,0.671311,-0.005743,0.313494,0.647082,-0.021544,0.314337,0.629535,-0.035950,0.227536,0.558467,0.001548,0.273078,0.514755,-0.021934,0.304603,0.553443,-0.039941,0.310870,0.590580,-0.048410,0.208061,0.560797,-0.014130,0.262878,0.511431,-0.034231,0.297484,0.558805,-0.045587,0.302123,0.599894,-0.049773,0.195329,0.575010,-0.031278,0.245765,0.528889,-0.048896,0.283557,0.570314,-0.050162,0.293882,0.608633,-0.046560,0.190038,0.602129,-0.048702,0.232422,0.561977,-0.060415,0.265249,0.581403,-0.058079,0.280475,0.607024,-0.053212
2911,0,0.034345,0.034757,0.103882,2.798611,2.894989,0.183849,0.744594,-0.000000,0.238044,0.711115,0.004179,0.281179,0.671155,-0.005913,0.313680,0.647020,-0.022089,0.313433,0.629424,-0.036853,0.226118,0.558353,0.001120,0.271285,0.513818,-0.022724,0.303450,0.552236,-0.040955,0.310883,0.589328,-0.049582,0.206830,0.561238,-0.014756,0.261972,0.511456,-0.035160,0.296960,0.559073,-0.046359,0.301908,0.600202,-0.050363,0.194591,0.575666,-0.032100,0.245323,0.529290,-0.049842,0.283107,0.570689,-0.050721,0.293635,0.609132,-0.046782,0.189961,0.602912,-0.049745,0.232112,0.562419,-0.061400,0.265102,0.581675,-0.058795,0.280647,0.607251,-0.053684
2940,0,0.028978,0.029242,0.261945,2.783613,2.883720,0.183934,0.744446,-0.000000,0.237140,0.711256,0.003895,0.280247,0.671665,-0.006457,0.312636,0.647896,-0.022955,0.314728,0.631097,-0.038090,0.227851,0.558839,0.001473,0.271910,0.513850,-0.022614,0.303808,0.552162,-0.041108,0.310913,0.589638,-0.049835,0.208376,0.561550,-0.014324,0.261975,0.510866,-0.034878,0.297081,0.558122,-0.046299,0.301954,0.599557,-0.050419,0.195337,0.575822,-0.031682,0.244681,0.528463,-0.049641,0.282707,0.569817,-0.050711,0.293535,0.608622,-0.046785,0.189663,0.602584,-0.049381,0.231517,0.562124,-0.061158,0.264646,0.581457,-0.058628,0.279978,0.607429,-0.053501
2985,0,0.029740,0.028175,0.187340,2.781477,2.884059,0.183817,0.744246,0.000000,0.237496,0.710779,0.004088,0.280555,0.671465,-0.006104,0.313162,0.647156,-0.022363,0.313214,0.629193,-0.037266,0.226666,0.558940,0.000978,0.270657,0.513921,-0.022949,0.302821,0.551355,-0.041175,0.310469,0.588003,-0.049775,0.207279,0.561595,-0.014879,0.261281,0.511225,-0.035376,0.296354,0.557901,-0.046485,0.301488,0.598715,-0.050491,0.194595,0.575884,-0.032217,0.244567,0.529148,-0.050035,0.282308,0.569858,-0.050752,0.292908,0.608115,-0.046713,0.189231,0.602673,-0.049905,0.231303,0.562114,-0.061632,0.263948,0.581554,-0.058896,0.279085,0.607531,-0.053716
3034,0,0.020630,0.025627,0.066550,2.781683,2.888514,0.182957,0.744426,-0.000000,0.236964,0.710833,0.004205,0.280407,0.671234,-0.006053,0.313131,0.647131,-0.022414,0.313316,0.630706,-0.037399,0.226106,0.558201,0.000858,0.271228,0.513389,-0.022852,0.303183,0.552164,-0.040967,0.310187,0.589664,-0.049531,0.206571,0.561228,-0.015067,0.261088,0.511149,-0.034999,0.296199,0.558312,-0.046027,0.301018,0.599351,-0.050082,0.193868,0.575808,-0.032437,0.244077,0.528600,-0.049790,0.282040,0.569714,-0.050471,0.292596,0.608238,-0.046611,0.188781,0.603122,-0.050114,0.230865,0.561918,-0.061565,0.263915,0.581539,-0.058807,0.278931,0.607797,-0.053650
3069,0,0.019741,0.021405,0.081594,2.784382,2.892099,0.183165,0.744309,-0.000000,0.236765,0.711087,0.004089,0.279889,0.671012,-0.006165,0.312463,0.647227,-0.022530,0.313329,0.630497,-0.037610,0.225930,0.558965,0.000697,0.270389,0.513151,-0.023197,0.302820,0.551470,-0.041514,0.310290,0.588783,-0.050200,0.206661,0.561921,-0.015226,0.261224,0.511286,-0.035625,0.296535,0.558516,-0.047012,0.301364,0.599547,-0.051307,0.194052,0.576285,-0.032583,0.244170,0.528636,-0.050233,0.282243,0.569776,-0.051241,0.292726,0.608265,-0.047565,0.188908,0.603105,-0.050265,0.230899,0.562041,-0.061913,0.263954,0.581592,-0.059343,0.279020,0.607808,-0.054365
3116,0,0.026100,0.029761,0.175466,2.794367,2.905711,0.182900,0.744074,-0.000000,0.237107,0.710726,0.004637,0.280050,0.670904,-0.005478,0.312781,0.647306,-0.021897,0.313233,0.630484,-0.037032,0.226447,0.559470,0.000657,0.270690,0.512633,-0.023311,0.302855,0.551976,-0.041486,0.309641,0.589652,-0.050069,0.206968,0.562520,-0.015614,0.261454,0.511320,-0.036024,0.296295,0.559514,-0.047176,0.300481,0.600636,-0.051337,0.194167,0.576829,-0.033293,0.244148,0.528318,-0.051077,0.282195,0.570254,-0.051923,0.292318,0.609044,-0.048086,0.188830,0.603583,-0.051240,0.230813,0.561545,-0.063172,0.264037,0.581254,-0.060571,0.278998,0.607419,-0.055564
3161,0,0.035911,0.040901,0.386202,2.782852,2.887731,0.183320,0.744294,0.000000,0.237385,0.710525,0.003997,0.280609,0.670864,-0.006315,0.313442,0.646538,-0.022715,0.312749,0.629215,-0.037799,0.225616,0.558310,0.000896,0.270143,0.514023,-0.023205,0.302415,0.551898,-0.041615,0.310264,0.588905,-0.050355,0.206104,0.560967,-0.015019,0.261183,0.511305,-0.035908,0.296189,0.558239,-0.047257,0.301338,0.599231,-0.051269,0.193518,0.575315,-0.032434,0.244336,0.528671,-0.050551,0.282111,0.569655,-0.051432,0.292854,0.607970,-0.047453,0.188597,0.602110,-0.050192,0.231080,0.561693,-0.062194,0.263738,0.581388,-0.059683,0.279034,0.607266,-0.054563
3195,0,0.041795,0.050944,0.398731,2.791435,2.905670,0.182941,0.743753,-0.000000,0.237165,0.710764,0.004209,0.280313,0.670884,-0.005987,0.313283,0.646953,-0.022360,0.313535,0.629590,-0.037428,0.226717,0.558874,-0.000007,0.271457,0.511932,-0.023818,0.303594,0.552295,-0.041770,0.309455,0.589822,-0.050293,0.207214,0.562031,-0.016081,0.261717,0.510703,-0.036197,0.296641,0.560030,-0.047312,0.300352,0.600972,-0.051557,0.194291,0.576474,-0.033539,0.244446,0.528451,-0.051168,0.282614,0.570973,-0.052043,0.292416,0.609734,-0.048349,0.188720,0.603512,-0.051297,0.230799,0.561406,-0.063093,0.264384,0.581042,-0.060565,0.279282,0.607123,-0.055705
3241,0,0.062652,0.065679,0.507302,2.784070,2.892673,0.182839,0.744125,0.000000,0.237151,0.709803,0.004324,0.280274,0.670327,-0.005935,0.312947,0.646347,-0.022283,0.312816,0.628126,-0.037242,0.224537,0.557080,0.001095,0.269279,0.513047,-0.022823,0.301985,0.549888,-0.041166,0.310518,0.586613,-0.049896,0.205242,0.560067,-0.014877,0.260961,0.511616,-0.035607,0.296155,0.557765,-0.046920,0.301734,0.598701,-0.050975,0.193105,0.574702,-0.032288,0.244712,0.528886,-0.050190,0.282463,0.569157,-0.050975,0.293426,0.607502,-0.046953,0.188745,0.601854,-0.050027,0.231785,0.562214,-0.061765,0.264178,0.581356,-0.059051,0.279306,0.607134,-0.053787
3274,0,0.076223,0.085408,0.492733,2.804828,2.926438,0.182347,0.743558,-0.000000,0.236789,0.710432,0.004523,0.279798,0.670661,-0.005783,0.312466,0.646826,-0.022322,0.313495,0.629661,-0.037613,0.225813,0.558439,-0.000463,0.271167,0.511362,-0.024265,0.303454,0.551881,-0.042116,0.309565,0.589696,-0.050604,0.206322,0.561674,-0.016814,0.261679,0.510653,-0.037127,0.296892,0.560011,-0.048336,0.300454,0.601152,-0.052678,0.193603,0.576485,-0.034438,0.244435,0.528602,-0.052256,0.282856,0.571280,-0.053293,0.292708,0.610264,-0.049697,0.188466,0.603908,-0.052289,0.230812,0.562013,-0.064243,0.264552,0.581396,-0.061781,0.279710,0.607459,-0.056954
3320,0,0.075680,0.097326,0.489810,2.794955,2.889390,0.182830,0.745217,0.000000,0.237239,0.710168,0.004575,0.280011,0.670730,-0.005623,0.312220,0.646944,-0.022032,0.312788,0.629597,-0.037059,0.225377,0.557112,0.001787,0.269828,0.513409,-0.022163,0.302303,0.550984,-0.040594,0.310448,0.587902,-0.049368,0.205980,0.559989,-0.014331,0.261213,0.512493,-0.035029,0.296311,0.558558,-0.046324,0.301748,0.599478,-0.050350,0.193539,0.574593,-0.031919,0.244680,0.529609,-0.049892,0.282289,0.570057,-0.050645,0.293216,0.608396,-0.046520,0.188698,0.601659,-0.049826,0.231803,0.562875,-0.061743,0.264122,0.582206,-0.059058,0.279447,0.607729,-0.053722
3371,0,0.068962,0.082897,0.413452,2.804041,2.920166,0.182482,0.743834,-0.000000,0.237277,0.709993,0.004634,0.280188,0.670163,-0.005545,0.312664,0.646289,-0.021968,0.312592,0.629758,-0.037101,0.225519,0.558095,-0.000190,0.271020,0.511695,-0.024165,0.303048,0.552354,-0.042243,0.309320,0.590150,-0.050868,0.205826,0.561219,-0.016557,0.261454,0.511207,-0.036874,0.296433,0.560487,-0.047841,0.299947,0.601424,-0.052007,0.193090,0.576194,-0.034270,0.244218,0.528901,-0.052039,0.282254,0.571301,-0.052755,0.292009,0.609942,-0.048948,0.188093,0.603491,-0.052235,0.230678,0.562170,-0.064179,0.264125,0.581579,-0.061575,0.279109,0.607516,-0.056596
3400,0,0.098294,0.106016,0.512371,2.781784,2.884124,0.183135,0.744677,0.000000,0.236926,0.709815,0.004223,0.279703,0.670801,-0.006175,0.311854,0.647726,-0.022692,0.312788,0.630374,-0.037739,0.224400,0.556533,0.001789,0.268651,0.513063,-0.022055,0.301277,0.549807,-0.040418,0.310214,0.586342,-0.049110,0.205154,0.559555,-0.014017,0.260545,0.512469,-0.034472,0.295658,0.558055,-0.045483,0.301665,0.598826,-0.049273,0.192996,0.574263,-0.031318,0.244330,0.529574,-0.048979,0.281828,0.569512,-0.049338,0.293182,0.607781,-0.044927,0.188674,0.601410,-0.049012,0.231787,0.563046,-0.060480,0.263850,0.582491,-0.057376,0.278975,0.608226,-0.051691
3450,0,0.059987,0.055449,0.271018,2.797196,2.906380,0.182796,0.744711,-0.000000,0.236643,0.710342,0.004933,0.279335,0.671138,-0.005557,0.311609,0.648038,-0.022373,0.312651,0.632002,-0.037878,0.223527,0.557709,0.000743,0.268910,0.512394,-0.023232,0.301718,0.551302,-0.041506,0.309219,0.588967,-0.050093,0.204264,0.560955,-0.015618,0.260165,0.512469,-0.035512,0.295535,0.559971,-0.046108,0.300272,0.601063,-0.049963,0.192199,0.575976,-0.033341,0.243708,0.529697,-0.050644,0.281751,0.571225,-0.050773,0.292365,0.610033,-0.046464,0.187976,0.603482,-0.051389,0.230557,0.562708,-0.062600,0.263505,0.582004,-0.059295,0.278584,0.608378,-0.053657
3482,0,0.015080,0.019340,0.136304,2.804579,2.901680,0.182785,0.745665,-0.000000,0.236300,0.710935,0.005044,0.278929,0.671466,-0.005368,0.310871,0.647833,-0.022075,0.312910,0.631986,-0.037457,0.223433,0.557653,0.000691,0.268697,0.512458,-0.023309,0.301525,0.551610,-0.041550,0.309337,0.589260,-0.050159,0.204229,0.560995,-0.015650,0.260354,0.513362,-0.035638,0.295733,0.560552,-0.046098,0.300559,0.601737,-0.049834,0.192245,0.576254,-0.033331,0.243715,0.530369,-0.050679,0.281868,0.571584,-0.050614,0.292701,0.610346,-0.046098,0.188164,0.603870,-0.051329,0.230386,0.563463,-0.062602,0.263388,0.582404,-0.059223,0.278933,0.608321,-0.053473
3529,0,0.029055,0.028629,0.193515,2.799460,2.894704,0.182727,0.746046,-0.000000,0.236417,0.710869,0.004497,0.279181,0.671796,-0.006208,0.310928,0.648553,-0.023071,0.312075,0.631324,-0.038484,0.223109,0.557771,0.000142,0.268324,0.512768,-0.024260,0.301215,0.550856,-0.042721,0.309371,0.587973,-0.051323,0.203642,0.561100,-0.015935,0.259921,0.513959,-0.036431,0.295512,0.560701,-0.046989,0.300658,0.601505,-0.050607,0.191547,0.576261,-0.033434,0.243534,0.531247,-0.051291,0.281577,0.572059,-0.051258,0.292541,0.610378,-0.046598,0.187455,0.604104,-0.051226,0.230254,0.564756,-0.062957,0.263321,0.583280,-0.059796,0.279055,0.608298,-0.054061
3580,0,0.024870,0.024381,0.139315,2.806992,2.899566,0.182437,0.746376,-0.000000,0.236447,0.711357,0.004748,0.278950,0.672090,-0.005700,0.310579,0.648851,-0.022427,0.313165,0.631544,-0.037725,0.223166,0.558315,0.000811,0.268547,0.512930,-0.023485,0.301217,0.551450,-0.041924,0.308989,0.588940,-0.050615,0.203953,0.561647,-0.015372,0.260070,0.514002,-0.035805,0.295377,0.560993,-0.046612,0.300598,0.601999,-0.050387,0.191949,0.576578,-0.032973,0.243956,0.531398,-0.050778,0.281883,0.572636,-0.050876,0.292686,0.611222,-0.046319,0.187872,0.604112,-0.050843,0.230803,0.564800,-0.062496,0.263817,0.583685,-0.059404,0.279450,0.608984,-0.053707
3608,0,0.016143,0.016962,0.135544,2.804760,2.897272,0.182154,0.746425,-0.000000,0.236503,0.711646,0.004543,0.279401,0.671997,-0.005926,0.311676,0.648286,-0.022626,0.312400,0.631080,-0.037879,0.222983,0.557733,0.000620,0.268508,0.512469,-0.023540,0.301273,0.551009,-0.041827,0.308776,0.588309,-0.050375,0.203576,0.561217,-0.015441,0.259988,0.514481,-0.035596,0.295231,0.561777,-0.046101,0.299977,0.602403,-0.049788,0.191650,0.576575,-0.032936,0.243937,0.531440,-0.050604,0.281757,0.572687,-0.050473,0.292483,0.611286,-0.045873,0.187666,0.604336,-0.050767,0.231079,0.564804,-0.062415,0.264043,0.583618,-0.059348,0.279652,0.608926,-0.053703
3660,0,0.029166,0.041523,0.111512,2.810088,2.916174,0.181440,0.745809,-0.000000,0.236505,0.711058,0.004941,0.279714,0.671916,-0.005529,0.312181,0.648728,-0.022265,0.312280,0.631345,-0.037631,0.222786,0.557663,0.000383,0.268625,0.512892,-0.024014,0.301614,0.550386,-0.042404,0.310009,0.587670,-0.050970,0.203220,0.561283,-0.015946,0.259987,0.514042,-0.036519,0.295600,0.560906,-0.047079,0.300786,0.601706,-0.050708,0.191155,0.576796,-0.033642,0.243755,0.531438,-0.051624,0.281826,0.572352,-0.051591,0.292814,0.610932,-0.046916,0.187466,0.604825,-0.051624,0.231055,0.565202,-0.063459,0.263925,0.583708,-0.060418,0.279525,0.608620,-0.054762
3689,0,0.029863,0.031310,0.200004,2.819874,2.917289,0.181814,0.746292,-0.000000,0.236286,0.711168,0.005214,0.279110,0.671934,-0.005198,0.311350,0.648893,-0.021869,0.313458,0.632714,-0.037150,0.222133,0.557180,0.000666,0.268739,0.513314,-0.023435,0.301591,0.551432,-0.041651,0.309652,0.588752,-0.050163,0.202743,0.560457,-0.015737,0.260499,0.513947,-0.035975,0.295896,0.560989,-0.046249,0.300918,0.602125,-0.049674,0.190978,0.575953,-0.033464,0.244331,0.531530,-0.051175,0.282159,0.572921,-0.050848,0.292908,0.611569,-0.045989,0.187419,0.604084,-0.051435,0.231375,0.565112,-0.062982,0.264170,0.584150,-0.059589,0.279638,0.609343,-0.053621
3746,0,0.027881,0.026552,0.188988,2.819573,2.914343,0.182026,0.746451,-0.000000,0.236233,0.711469,0.004935,0.279140,0.672288,-0.005525,0.310952,0.649226,-0.022279,0.313057,0.632377,-0.037593,0.223193,0.558075,0.000451,0.269199,0.512684,-0.023971,0.301751,0.552153,-0.042475,0.309288,0.589868,-0.051165,0.203759,0.561502,-0.015867,0.260329,0.514374,-0.036356,0.295896,0.561834,-0.047097,0.300899,0.602927,-0.050905,0.191809,0.576868,-0.033557,0.244047,0.531453,-0.051393,0.282353,0.573045,-0.051490,0.293451,0.611832,-0.046966,0.187787,0.604835,-0.051523,0.230967,0.565152,-0.063208,0.264186,0.584074,-0.060116,0.280026,0.609414,-0.054452
3801,0,0.018605,0.015839,0.191486,2.816011,2.916283,0.181775,0.745940,-0.000000,0.236671,0.710999,0.004895,0.279639,0.672174,-0.005648,0.311761,0.648981,-0.022461,0.312718,0.631777,-0.037855,0.223056,0.557123,0.000450,0.269214,0.513367,-0.023999,0.301845,0.551776,-0.042435,0.309764,0.589020,-0.051105,0.203608,0.560430,-0.015901,0.260451,0.513755,-0.036480,0.295779,0.560861,-0.047081,0.300875,0.601845,-0.050647,0.191609,0.575938,-0.033634,0.244207,0.531684,-0.051563,0.282109,0.572867,-0.051531,0.293258,0.611422,-0.046819,0.187744,0.604089,-0.051629,0.231125,0.565359,-0.063342,0.263967,0.584125,-0.060201,0.279757,0.609017,-0.054475
3837,0,0.023317,0.032195,0.164665,2.807473,2.914352,0.182279,0.745323,-0.000000,0.236286,0.710681,0.004699,0.278798,0.671693,-0.005941,0.310969,0.648795,-0.022785,0.313585,0.631909,-0.038209,0.222583,0.557159,0.000380,0.268838,0.512970,-0.023925,0.301422,0.551242,-0.042281,0.309248,0.588734,-0.050848,0.203220,0.560446,-0.015806,0.260578,0.513038,-0.036189,0.295552,0.560606,-0.046613,0.300343,0.601911,-0.050066,0.191272,0.575883,-0.033388,0.244402,0.530884,-0.051304,0.281922,0.572693,-0.051076,0.292347,0.611349,-0.046255,0.187523,0.603933,-0.051238,0.231084,0.564199,-0.062900,0.263912,0.583486,-0.059480,0.279299,0.609183,-0.053519
3866,0,0.036165,0.042179,0.207805,2.791104,2.896639,0.182838,0.745279,-0.000000,0.236063,0.710519,0.004614,0.278532,0.671677,-0.005880,0.310013,0.649063,-0.022594,0.313042,0.631623,-0.037948,0.223855,0.558385,0.000747,0.269143,0.513010,-0.023486,0.301560,0.551830,-0.041941,0.309266,0.589496,-0.050608,0.204505,0.561515,-0.015290,0.260228,0.513551,-0.035319,0.295238,0.560251,-0.046031,0.300210,0.601240,-0.049894,0.192187,0.576604,-0.032754,0.243350,0.530572,-0.050186,0.281197,0.571445,-0.050316,0.291959,0.609933,-0.045966,0.187651,0.604381,-0.050511,0.229796,0.563922,-0.061840,0.262664,0.582341,-0.058594,0.278315,0.607875,-0.052913
3901,0,0.028589,0.022763,0.228534,2.787380,2.898298,0.182288,0.745265,-0.000000,0.235477,0.710240,0.004282,0.277433,0.671501,-0.006479,0.308819,0.649182,-0.023398,0.313357,0.632076,-0.038899,0.222241,0.557476,0.000376,0.268549,0.512845,-0.023853,0.300908,0.552240,-0.042376,0.308520,0.589593,-0.051118,0.202943,0.560628,-0.015526,0.259792,0.513642,-0.035682,0.294732,0.560808,-0.046504,0.299559,0.601741,-0.050436,0.190857,0.575714,-0.032838,0.243253,0.530516,-0.050371,0.280887,0.571549,-0.050598,0.291708,0.610204,-0.046276,0.186853,0.603356,-0.050468,0.229685,0.563553,-0.061907,0.262495,0.582368,-0.058690,0.278111,0.607634,-0.053036
3946,0,0.039855,0.034311,0.249491,2.789698,2.896769,0.182056,0.745607,-0.000000,0.235665,0.711097,0.004684,0.277766,0.671814,-0.005539,0.309017,0.648803,-0.022043,0.312426,0.633140,-0.037111,0.223208,0.558262,0.001254,0.268560,0.513100,-0.022903,0.300663,0.552981,-0.041393,0.307779,0.590736,-0.050055,0.203774,0.561425,-0.014776,0.259106,0.513828,-0.034808,0.294411,0.561005,-0.045546,0.299193,0.602316,-0.049438,0.191387,0.576518,-0.032262,0.242421,0.530501,-0.049860,0.280414,0.572097,-0.049990,0.291167,0.611073,-0.045513,0.186662,0.603675,-0.050055,0.228914,0.563163,-0.061474,0.261758,0.582586,-0.058165,0.276914,0.608922,-0.052358
3998,0,0.104985,0.131692,0.556682,2.709818,2.807502,0.184912,0.744968,-0.000000,0.235758,0.711322,0.002637,0.279028,0.672550,-0.007914,0.310162,0.649154,-0.024319,0.309576,0.630847,-0.039333,0.228234,0.559847,0.001353,0.269733,0.515173,-0.022936,0.300476,0.552683,-0.041676,0.307517,0.589662,-0.050362,0.208097,0.561970,-0.013502,0.257716,0.511700,-0.034063,0.291953,0.556495,-0.045710,0.298016,0.597757,-0.049874,0.193249,0.575454,-0.030061,0.240044,0.529041,-0.048248,0.277247,0.568884,-0.049744,0.288971,0.607224,-0.046035,0.185346,0.601384,-0.047044,0.225605,0.562200,-0.059081,0.258278,0.581559,-0.056869,0.274251,0.607496,-0.051794
4025,0,0.336944,0.370847,3.039876,2.601933,2.684563,0.190374,0.742201,-0.000000,0.237445,0.714946,-0.002464,0.281103,0.676505,-0.012672,0.311034,0.649444,-0.027684,0.302526,0.630167,-0.041519,0.251011,0.575850,-0.001353,0.280777,0.522989,-0.026893,0.304740,0.561404,-0.045974,0.305270,0.599191,-0.054368,0.230128,0.574999,-0.012971,0.259296,0.506455,-0.035610,0.288973,0.552271,-0.048589,0.292239,0.594640,-0.052980,0.208646,0.582404,-0.026861,0.234601,0.522042,-0.047879,0.269470,0.563654,-0.051882,0.279952,0.603148,-0.049170,0.188082,0.600811,-0.041228,0.214875,0.555911,-0.056370,0.247639,0.576714,-0.056951,0.264438,0.603736,-0.053722
4077,0,0.265282,0.252801,1.497113,2.477952,2.546025,0.188815,0.742839,-0.000000,0.237799,0.719042,-0.006664,0.281050,0.678892,-0.016539,0.309125,0.642334,-0.030023,0.292186,0.621352,-0.042211,0.259014,0.587087,-0.004298,0.282427,0.526940,-0.029313,0.300448,0.563770,-0.047694,0.298014,0.600756,-0.055687,0.236151,0.583405,-0.013459,0.256484,0.504634,-0.037653,0.281215,0.551427,-0.050898,0.282583,0.594769,-0.054696,0.211682,0.586880,-0.025069,0.228860,0.517565,-0.046439,0.259424,0.559003,-0.051228,0.267608,0.598445,-0.048817,0.185519,0.598806,-0.037587,0.206751,0.548678,-0.052747,0.235166,0.570853,-0.054366,0.248229,0.599208,-0.052087
4105,0,0.288838,0.298058,0.561591,2.317545,2.415490,0.188919,0.743933,-0.000000,0.234915,0.721181,-0.008927,0.277055,0.680179,-0.019786,0.305374,0.646694,-0.033727,0.290640,0.622993,-0.046168,0.256563,0.587219,-0.009435,0.281535,0.522603,-0.036009,0.296577,0.562218,-0.055295,0.294237,0.600125,-0.063623,0.230766,0.584116,-0.017588,0.251057,0.504789,-0.043470,0.273457,0.551663,-0.056861,0.275620,0.594859,-0.060558,0.203398,0.587827,-0.028247,0.218153,0.511687,-0.049100,0.246082,0.551547,-0.052597,0.254473,0.591159,-0.049633,0.174402,0.598934,-0.040206,0.192882,0.544950,-0.054762,0.219897,0.563225,-0.056128,0.233863,0.589119,-0.053796
4155,0,0.346411,0.285435,0.918780,2.095804,2.319833,0.187143,0.740533,-0.000000,0.231577,0.720848,-0.011412,0.273897,0.683122,-0.022840,0.302572,0.652501,-0.036809,0.293580,0.620033,-0.049453,0.252336,0.589887,-0.015342,0.276769,0.515098,-0.042171,0.291886,0.551169,-0.061204,0.290162,0.589415,-0.069116,0.225315,0.585522,-0.022045,0.244302,0.500265,-0.047302,0.266190,0.545177,-0.061171,0.268292,0.588946,-0.065971,0.196983,0.587875,-0.031049,0.209105,0.502262,-0.049652,0.235525,0.540160,-0.052962,0.242750,0.581080,-0.051142,0.166397,0.597109,-0.041575,0.176892,0.534824,-0.054750,0.201721,0.552681,-0.055412,0.213832,0.581815,-0.053061
4206,0,0.345345,0.311072,1.267648,1.863958,2.124117,0.185028,0.740611,-0.000000,0.228886,0.725798,-0.016483,0.270676,0.687867,-0.029883,0.300445,0.657247,-0.045064,0.304533,0.617284,-0.058745,0.251507,0.587799,-0.018790,0.273670,0.510604,-0.046547,0.289029,0.538814,-0.066063,0.288974,0.577733,-0.073975,0.223432,0.580514,-0.023373,0.239267,0.495657,-0.049251,0.259726,0.533804,-0.064118,0.262853,0.577377,-0.069557,0.193982,0.582844,-0.030872,0.202038,0.495758,-0.050042,0.226642,0.525210,-0.055184,0.235029,0.565021,-0.054756,0.161887,0.593193,-0.040218,0.165775,0.529747,-0.055250,0.189222,0.540035,-0.058481,0.203278,0.567229,-0.057591
4234,0,0.443431,0.469671,2.695250,1.488891,1.692499,0.180163,0.744032,0.000000,0.227990,0.727732,-0.017783,0.272867,0.688313,-0.029771,0.304349,0.651828,-0.042979,0.314450,0.608115,-0.055168,0.252526,0.589328,-0.015061,0.270368,0.515407,-0.040608,0.283010,0.524424,-0.059710,0.282863,0.557590,-0.067391,0.222826,0.577033,-0.017866,0.238868,0.493360,-0.038838,0.254573,0.513869,-0.052664,0.256841,0.553310,-0.058074,0.191843,0.577959,-0.023894,0.199739,0.494083,-0.040942,0.219087,0.509270,-0.046819,0.226369,0.546073,-0.047153,0.157050,0.588625,-0.031742,0.157652,0.522875,-0.046385,0.176757,0.524187,-0.049524,0.189899,0.549733,-0.048155
4284,0,1.218236,1.332031,9.377916,1.564941,1.706779,0.167780,0.751787,0.000000,0.225376,0.734888,-0.018900,0.275209,0.697684,-0.024290,0.309549,0.655680,-0.029800,0.328611,0.617031,-0.034126,0.253941,0.591215,0.007716,0.271699,0.545924,-0.000458,0.279300,0.524628,-0.012437,0.284873,0.509372,-0.021011,0.223518,0.571802,0.008325,0.238895,0.515499,0.004139,0.245679,0.491968,-0.005360,0.250855,0.478698,-0.012892,0.190480,0.566990,0.004540,0.201166,0.510855,-0.002298,0.206525,0.487442,-0.008652,0.213437,0.474197,-0.013235,0.153763,0.575053,-0.001803,0.155968,0.528342,-0.008540,0.160865,0.510761,-0.009707,0.168221,0.502987,-0.009750
4330,0,0.778859,0.798034,1.950470,0.984810,1.229734,0.164833,0.749966,0.000000,0.221631,0.743651,-0.026421,0.274329,0.707972,-0.036227,0.310347,0.666570,-0.043452,0.338571,0.632381,-0.049479,0.255500,0.597175,-0.012012,0.278493,0.543153,-0.023308,0.288554,0.508727,-0.035261,0.295071,0.476412,-0.044118,0.225090,0.572592,-0.008591,0.245135,0.505468,-0.016032,0.254446,0.465316,-0.025289,0.260108,0.430564,-0.032231,0.191649,0.565101,-0.008957,0.203273,0.499071,-0.017497,0.208535,0.460057,-0.024989,0.212945,0.424878,-0.030217,0.155423,0.572069,-0.012162,0.156778,0.519881,-0.020711,0.157488,0.488419,-0.023857,0.158969,0.458923,-0.025206
4364,0,0.632649,0.731298,0.488788,0.776914,0.958599,0.160910,0.754908,0.000000,0.217644,0.753208,-0.026510,0.269969,0.719653,-0.038325,0.311506,0.682455,-0.047784,0.346404,0.657419,-0.056441,0.258269,0.603562,-0.020175,0.287040,0.542018,-0.035620,0.301437,0.500849,-0.049076,0.312173,0.463179,-0.059163,0.228551,0.574918,-0.018709,0.253316,0.499294,-0.031658,0.266718,0.452440,-0.043107,0.275846,0.411943,-0.051205,0.194659,0.564856,-0.020541,0.207759,0.488494,-0.034154,0.214204,0.442221,-0.044154,0.220090,0.401504,-0.050577,0.157335,0.571210,-0.024974,0.157270,0.509737,-0.038221,0.157477,0.470710,-0.044329,0.159526,0.434365,-0.047400
4407,0,0.294918,0.365594,0.251547,0.998810,1.104746,0.159767,0.761377,0.000000,0.214470,0.759272,-0.027959,0.265679,0.726769,-0.041781,0.310252,0.693513,-0.053395,0.348987,0.673528,-0.064192,0.258922,0.605439,-0.022709,0.291975,0.543995,-0.040222,0.308889,0.502267,-0.054879,0.321887,0.463839,-0.065936,0.229833,0.575149,-0.021929,0.258326,0.498028,-0.037087,0.274442,0.449638,-0.049684,0.286248,0.406989,-0.058590,0.196204,0.565220,-0.024694,0.210206,0.486654,-0.040334,0.219685,0.438219,-0.051168,0.228797,0.395304,-0.058144,0.159270,0.572756,-0.030222,0.160472,0.508440,-0.045120,0.162118,0.466962,-0.051948,0.165959,0.427940,-0.055621
4441,0,0.086240,0.135247,0.150617,1.059491,1.189514,0.157117,0.762309,0.000000,0.212651,0.760836,-0.028908,0.265122,0.729666,-0.043073,0.310385,0.696382,-0.054813,0.349865,0.675392,-0.065668,0.259667,0.605346,-0.022980,0.295250,0.543782,-0.040225,0.312703,0.502273,-0.054390,0.326006,0.465139,-0.065014,0.230439,0.575076,-0.021633,0.261359,0.496728,-0.036760,0.279173,0.448465,-0.049232,0.292220,0.406922,-0.058047,0.196713,0.565703,-0.023962,0.212654,0.486062,-0.039763,0.224132,0.438116,-0.050926,0.235252,0.396191,-0.058124,0.159606,0.573197,-0.029043,0.162204,0.508839,-0.044305,0.165198,0.467217,-0.051542,0.170880,0.427966,-0.055583
4475,0,0.055927,0.068621,0.076399,1.053079,1.165269,0.156648,0.764401,0.000000,0.212456,0.762884,-0.028717,0.265523,0.731428,-0.042537,0.311252,0.699150,-0.053906,0.350489,0.678945,-0.064373,0.258376,0.604905,-0.022346,0.294880,0.544361,-0.039263,0.313061,0.503536,-0.053357,0.326515,0.466758,-0.063903,0.229206,0.574684,-0.020994,0.261186,0.496568,-0.035695,0.279821,0.448873,-0.047868,0.293500,0.407949,-0.056493,0.195694,0.565432,-0.023307,0.211929,0.485864,-0.038753,0.224218,0.438425,-0.049397,0.236190,0.396438,-0.056297,0.159023,0.573444,-0.028403,0.162199,0.509265,-0.043360,0.165999,0.467666,-0.050142,0.172678,0.428287,-0.053906
4521,0,0.060424,0.079914,0.083393,1.036394,1.137385,0.156883,0.766232,0.000000,0.213413,0.764965,-0.029755,0.266626,0.733346,-0.043873,0.312218,0.700839,-0.055443,0.351808,0.680887,-0.066105,0.256652,0.604537,-0.022785,0.293087,0.543536,-0.040082,0.312311,0.502729,-0.054535,0.326886,0.466211,-0.065197,0.227106,0.574704,-0.021048,0.259254,0.495768,-0.035994,0.278153,0.447721,-0.048414,0.292193,0.406710,-0.057180,0.193678,0.565903,-0.023121,0.210239,0.485713,-0.038857,0.222467,0.438001,-0.049520,0.234385,0.395860,-0.056351,0.156859,0.574298,-0.028116,0.160722,0.509447,-0.043122,0.164754,0.467469,-0.049796,0.171585,0.428177,-0.053429
4554,0,0.066194,0.051580,0.079003,0.992764,1.122349,0.155722,0.765238,0.000000,0.212991,0.764975,-0.030390,0.266551,0.733581,-0.044892,0.312055,0.700258,-0.056858,0.352034,0.679511,-0.067873,0.256407,0.603664,-0.023476,0.292988,0.540669,-0.040811,0.312104,0.499151,-0.055075,0.326638,0.462341,-0.065575,0.225994,0.573940,-0.021396,0.257316,0.494261,-0.036373,0.275675,0.445261,-0.048775,0.289276,0.403730,-0.057492,0.192121,0.565703,-0.023139,0.208301,0.485261,-0.038751,0.220056,0.436897,-0.049409,0.231685,0.394581,-0.056224,0.155571,0.574565,-0.027894,0.158351,0.509419,-0.042832,0.161645,0.467255,-0.049607,0.167894,0.427798,-0.053252
4587,0,0.070154,0.060801,0.070880,0.931068,1.079929,0.155269,0.765088,0.000000,0.213332,0.764344,-0.030331,0.267611,0.732762,-0.044456,0.312473,0.698329,-0.055947,0.351512,0.676461,-0.066526,0.254563,0.602300,-0.023318,0.291788,0.539762,-0.040474,0.311295,0.498132,-0.054719,0.326469,0.461277,-0.065219,0.224300,0.572963,-0.021079,0.255436,0.493353,-0.035819,0.273514,0.444166,-0.048181,0.286542,0.402439,-0.056937,0.190664,0.564803,-0.022624,0.205978,0.483946,-0.038137,0.217082,0.435230,-0.048894,0.227940,0.392487,-0.055749,0.154386,0.573963,-0.027161,0.156169,0.508864,-0.042238,0.158890,0.466292,-0.049171,0.164337,0.426662,-0.052856
4616,0,0.048284,0.052349,0.060170,0.889370,1.033505,0.155420,0.765337,0.000000,0.213558,0.763974,-0.030215,0.267820,0.731911,-0.043996,0.312314,0.697268,-0.055164,0.351010,0.674647,-0.065301,0.254132,0.601831,-0.022354,0.291887,0.539702,-0.038947,0.311588,0.498463,-0.052787,0.326569,0.462051,-0.063004,0.223577,0.572798,-0.019998,0.254785,0.493081,-0.034452,0.273006,0.443928,-0.046808,0.286085,0.401914,-0.055560,0.189734,0.564744,-0.021463,0.204499,0.484130,-0.036888,0.215412,0.435308,-0.047996,0.226059,0.392234,-0.055164,0.153367,0.574032,-0.025899,0.154656,0.509101,-0.041066,0.156805,0.466338,-0.048273,0.162035,0.426137,-0.052233
4651,0,0.041514,0.057742,0.081606,0.894808,1.025473,0.156144,0.766324,0.000000,0.214612,0.764346,-0.028868,0.268731,0.731857,-0.042411,0.312850,0.697475,-0.053618,0.351455,0.675306,-0.063954,0.254244,0.602121,-0.022295,0.291782,0.539923,-0.039105,0.311675,0.499050,-0.052985,0.326695,0.462745,-0.063241,0.223671,0.573024,-0.020750,0.254128,0.492998,-0.035382,0.272506,0.444224,-0.047639,0.285746,0.402706,-0.056311,0.189734,0.565012,-0.022869,0.203854,0.483912,-0.038451,0.214806,0.435077,-0.049381,0.225464,0.392142,-0.056430,0.153240,0.574664,-0.027799,0.153612,0.509135,-0.043085,0.155571,0.466356,-0.050213,0.160678,0.425963,-0.054093
4679,0,0.015165,0.021646,0.036147,0.904711,1.037393,0.155587,0.766870,0.000000,0.214084,0.764857,-0.029241,0.268224,0.732420,-0.042950,0.312690,0.697997,-0.054242,0.351173,0.675698,-0.064623,0.254174,0.602385,-0.022505,0.291829,0.540107,-0.039503,0.311768,0.498915,-0.053529,0.326962,0.462400,-0.063949,0.223632,0.573030,-0.020821,0.254132,0.492963,-0.035501,0.272299,0.444110,-0.047704,0.285584,0.402698,-0.056382,0.189699,0.565100,-0.022881,0.203964,0.484146,-0.038552,0.214674,0.435360,-0.049487,0.225174,0.392706,-0.056500,0.153278,0.574861,-0.027814,0.153620,0.509439,-0.043267,0.155350,0.466399,-0.050478,0.160185,0.425876,-0.054440
4712,0,0.024996,0.038994,0.053475,0.916341,1.035441,0.156544,0.766876,0.000000,0.214416,0.765264,-0.029938,0.267849,0.733059,-0.044024,0.312317,0.698362,-0.055626,0.351094,0.674887,-0.066194,0.254128,0.602542,-0.023045,0.291989,0.540570,-0.040110,0.311936,0.499624,-0.054116,0.326917,0.463131,-0.064526,0.223659,0.573095,-0.021019,0.254372,0.493266,-0.035859,0.272583,0.444555,-0.048116,0.286083,0.403135,-0.056857,0.189873,0.565196,-0.022826,0.203793,0.484296,-0.038680,0.214318,0.435031,-0.049825,0.224791,0.391834,-0.057056,0.153451,0.574959,-0.027515,0.153387,0.509786,-0.043229,0.154844,0.466411,-0.050778,0.159294,0.425497,-0.054950
4745,0,0.031969,0.042356,0.065875,0.908711,1.016759,0.157280,0.767486,0.000000,0.215122,0.765179,-0.029157,0.268649,0.732522,-0.043013,0.312884,0.697603,-0.054509,0.351498,0.674674,-0.065054,0.255036,0.602753,-0.022854,0.292270,0.539540,-0.039901,0.311868,0.498178,-0.053796,0.326757,0.461437,-0.064103,0.224180,0.573364,-0.021308,0.254505,0.492751,-0.036194,0.272880,0.443711,-0.048365,0.286374,0.402174,-0.057007,0.190096,0.565496,-0.023508,0.203493,0.484010,-0.039346,0.214002,0.434627,-0.050466,0.224536,0.391145,-0.057641,0.153509,0.575493,-0.028523,0.153470,0.509891,-0.044123,0.154931,0.466712,-0.051576,0.159614,0.425923,-0.055699
4774,0,0.024163,0.030045,0.059602,0.892382,1.003445,0.157591,0.766707,0.000000,0.215336,0.764489,-0.029799,0.268952,0.732387,-0.043824,0.313184,0.697435,-0.055306,0.351730,0.673911,-0.065835,0.254662,0.601696,-0.022905,0.292253,0.539225,-0.039870,0.311987,0.498097,-0.053876,0.326859,0.461237,-0.064285,0.224096,0.572378,-0.020938,0.254455,0.492495,-0.035659,0.272838,0.443604,-0.047916,0.286292,0.401980,-0.056657,0.190102,0.564873,-0.022786,0.203317,0.483859,-0.038639,0.213498,0.434351,-0.049982,0.223800,0.390906,-0.057372,0.153855,0.575422,-0.027514,0.153115,0.510417,-0.043307,0.154235,0.467148,-0.051055,0.158585,0.426077,-0.055425
4807,0,0.011223,0.010740,0.039983,0.893563,1.007499,0.157519,0.766812,0.000000,0.215590,0.764665,-0.029751,0.269018,0.732431,-0.043765,0.313589,0.697521,-0.055261,0.352405,0.674342,-0.065806,0.254871,0.601771,-0.022854,0.292191,0.539451,-0.039860,0.311997,0.498559,-0.053874,0.326729,0.461803,-0.064300,0.224197,0.572564,-0.020991,0.254308,0.492367,-0.035757,0.272519,0.443593,-0.048007,0.285853,0.402011,-0.056728,0.190086,0.564908,-0.022933,0.203214,0.484098,-0.038770,0.213177,0.434515,-0.050068,0.223213,0.390756,-0.057362,0.153704,0.575051,-0.027789,0.153103,0.509805,-0.043487,0.154070,0.466594,-0.051099,0.158376,0.425446,-0.055380
4843,0,0.023328,0.023142,0.051190,0.903374,1.014943,0.157423,0.766901,0.000000,0.215190,0.764996,-0.029411,0.268887,0.732202,-0.043314,0.313793,0.697322,-0.054856,0.352365,0.674193,-0.065407,0.254909,0.602431,-0.023124,0.292290,0.539748,-0.040279,0.312014,0.498411,-0.054301,0.326837,0.461501,-0.064693,0.224293,0.573012,-0.021458,0.254084,0.492751,-0.036412,0.272219,0.443524,-0.048668,0.285558,0.401636,-0.057394,0.190338,0.565224,-0.023541,0.203419,0.484314,-0.039426,0.213515,0.434865,-0.050652,0.223935,0.391309,-0.057910,0.154158,0.575466,-0.028499,0.153162,0.510654,-0.044266,0.153990,0.467313,-0.051921,0.158103,0.426194,-0.056165
4873,0,0.025821,0.028862,0.060940,0.911491,1.012888,0.157787,0.766904,0.000000,0.215945,0.765065,-0.029834,0.269754,0.732904,-0.043899,0.313975,0.697755,-0.055429,0.352240,0.674010,-0.066047,0.254903,0.602747,-0.023574,0.291885,0.540327,-0.040888,0.311597,0.499243,-0.055112,0.326743,0.462404,-0.065691,0.224366,0.573279,-0.021752,0.254475,0.493330,-0.036728,0.272497,0.444289,-0.049011,0.285722,0.402149,-0.057806,0.190291,0.565489,-0.023693,0.203543,0.484929,-0.039660,0.213419,0.435572,-0.050873,0.223435,0.391807,-0.058123,0.153799,0.575785,-0.028527,0.152508,0.511169,-0.044375,0.153294,0.468185,-0.051942,0.157239,0.427169,-0.056182
4921,0,0.028327,0.027783,0.049960,0.889249,0.986573,0.157781,0.767050,0.000000,0.216398,0.764705,-0.029211,0.269975,0.732802,-0.043035,0.314030,0.697781,-0.054505,0.352329,0.674452,-0.065106,0.254658,0.602302,-0.022704,0.291688,0.540212,-0.039831,0.311323,0.499158,-0.053952,0.326147,0.462287,-0.064433,0.224034,0.573246,-0.021142,0.253954,0.493528,-0.035955,0.271752,0.444540,-0.048216,0.284693,0.402265,-0.056997,0.190070,0.565759,-0.023297,0.203098,0.485238,-0.039099,0.212993,0.436093,-0.050194,0.222804,0.392387,-0.057353,0.153420,0.575964,-0.028321,0.152001,0.511235,-0.043944,0.152683,0.468286,-0.051381,0.156578,0.427331,-0.055415
4955,0,0.025669,0.025673,0.047044,0.886473,0.976598,0.157846,0.767238,0.000000,0.216287,0.765044,-0.029138,0.269968,0.732419,-0.042947,0.314080,0.696860,-0.054405,0.352017,0.673465,-0.064914,0.254715,0.603003,-0.023212,0.291539,0.540282,-0.040359,0.310860,0.499080,-0.054365,0.325329,0.462221,-0.064756,0.223852,0.573921,-0.021691,0.253662,0.493682,-0.036546,0.271330,0.444401,-0.048676,0.284051,0.402144,-0.057289,0.189853,0.566310,-0.023844,0.202683,0.485621,-0.039588,0.212236,0.436439,-0.050493,0.221713,0.392691,-0.057526,0.153207,0.576756,-0.028822,0.151352,0.512080,-0.044369,0.151738,0.469036,-0.051599,0.155226,0.428093,-0.055550
4985,0,0.027247,0.021335,0.064149,0.887140,0.979444,0.157351,0.767081,0.000000,0.215865,0.764567,-0.029912,0.269634,0.732393,-0.043949,0.313945,0.696983,-0.055480,0.352070,0.672979,-0.066102,0.253859,0.602923,-0.023515,0.290881,0.540368,-0.040711,0.310212,0.499108,-0.054887,0.324544,0.461819,-0.065352,0.223299,0.574231,-0.021639,0.253371,0.494394,-0.036526,0.270766,0.445070,-0.048925,0.283377,0.402310,-0.057810,0.189380,0.566857,-0.023534,0.202313,0.486657,-0.039389,0.211703,0.437129,-0.050662,0.221160,0.393026,-0.058007,0.152694,0.577083,-0.028332,0.150887,0.512480,-0.044028,0.151094,0.469353,-0.051531,0.154394,0.427949,-0.055717
5017,0,0.022254,0.021886,0.050585,0.871194,0.963814,0.157154,0.767478,0.000000,0.216110,0.765338,-0.029412,0.270099,0.733087,-0.043300,0.313964,0.697180,-0.054765,0.352061,0.673088,-0.065285,0.253789,0.602797,-0.022891,0.290677,0.540169,-0.040089,0.309971,0.499006,-0.054213,0.324479,0.462021,-0.064615,0.223020,0.574172,-0.021236,0.252800,0.494004,-0.036149,0.270357,0.444637,-0.048501,0.283228,0.401964,-0.057208,0.188896,0.566817,-0.023324,0.201637,0.486505,-0.039222,0.211154,0.437085,-0.050313,0.220799,0.393300,-0.057405,0.152299,0.577386,-0.028269,0.150391,0.512855,-0.043930,0.150658,0.469673,-0.051258,0.154017,0.428585,-0.055238
5050,0,0.017078,0.017745,0.034205,0.875106,0.959351,0.157499,0.767838,0.000000,0.216436,0.765512,-0.029559,0.270375,0.733411,-0.043569,0.314504,0.697502,-0.055172,0.352692,0.673144,-0.065828,0.253960,0.603158,-0.023008,0.290446,0.540297,-0.040274,0.309702,0.499105,-0.054422,0.323939,0.461966,-0.064920,0.222995,0.574473,-0.021331,0.252633,0.494421,-0.036367,0.270052,0.444868,-0.048818,0.282630,0.402073,-0.057658,0.188921,0.567241,-0.023423,0.201482,0.486701,-0.039426,0.211025,0.437403,-0.050594,0.220498,0.393533,-0.057777,0.152274,0.577897,-0.028356,0.150241,0.513415,-0.044161,0.150462,0.470160,-0.051699,0.153779,0.428809,-0.055804
5080,0,0.015141,0.021205,0.044041,0.881499,0.968500,0.157519,0.767259,0.000000,0.216282,0.765097,-0.029842,0.270240,0.733346,-0.044033,0.314218,0.697523,-0.055702,0.352558,0.673240,-0.066424,0.254062,0.603337,-0.023416,0.290765,0.540668,-0.040722,0.309765,0.499183,-0.054953,0.323962,0.461974,-0.065478,0.223312,0.574525,-0.021583,0.252974,0.494408,-0.036523,0.270165,0.444874,-0.048961,0.282670,0.402096,-0.057830,0.189257,0.567008,-0.023495,0.201976,0.486515,-0.039342,0.211335,0.437556,-0.050419,0.220694,0.394241,-0.057594,0.152595,0.577143,-0.028344,0.150308,0.512821,-0.043994,0.150250,0.469849,-0.051405,0.153401,0.428842,-0.055426
5115,0,0.024580,0.032034,0.052399,0.891702,0.976162,0.157677,0.767874,0.000000,0.216810,0.765078,-0.029395,0.270649,0.733106,-0.043551,0.314526,0.697032,-0.055325,0.353154,0.672899,-0.066154,0.254465,0.603195,-0.023351,0.290512,0.540455,-0.040834,0.309600,0.499006,-0.055128,0.323935,0.461660,-0.065721,0.223692,0.574236,-0.021894,0.253146,0.494476,-0.037034,0.270363,0.445211,-0.049458,0.283005,0.402334,-0.058318,0.189583,0.566912,-0.024138,0.202448,0.486554,-0.040244,0.211718,0.437388,-0.051387,0.221197,0.393626,-0.058554,0.152897,0.577435,-0.029257,0.150618,0.512730,-0.045166,0.150526,0.469548,-0.052726,0.153522,0.428269,-0.056861
5145,0,0.021445,0.040328,0.066960,0.881447,0.955048,0.158830,0.767249,0.000000,0.217153,0.764228,-0.029346,0.271072,0.732174,-0.043506,0.315083,0.696615,-0.055339,0.353362,0.671986,-0.066265,0.254275,0.602830,-0.023528,0.290716,0.540553,-0.041060,0.309744,0.499253,-0.055418,0.324161,0.462437,-0.065949,0.223283,0.574297,-0.022108,0.252867,0.494082,-0.037353,0.270125,0.444649,-0.049896,0.282621,0.401737,-0.058810,0.189230,0.567050,-0.024376,0.201747,0.486338,-0.040429,0.211159,0.437080,-0.051552,0.220579,0.393016,-0.058731,0.152371,0.577540,-0.029503,0.150015,0.512881,-0.045241,0.150082,0.469732,-0.052617,0.153238,0.428300,-0.056640
5174,0,0.021253,0.021418,0.070539,0.877570,0.951421,0.158826,0.767026,0.000000,0.217966,0.764052,-0.029797,0.271647,0.732008,-0.044146,0.315182,0.695684,-0.056018,0.353828,0.671322,-0.067025,0.254498,0.602730,-0.023704,0.290505,0.539770,-0.041237,0.309365,0.498037,-0.055585,0.323529,0.460375,-0.066199,0.223668,0.574368,-0.022034,0.253147,0.494030,-0.037247,0.270399,0.444423,-0.049728,0.282891,0.401517,-0.058651,0.189512,0.567197,-0.024117,0.201927,0.486687,-0.040293,0.211132,0.437195,-0.051615,0.220385,0.393255,-0.058927,0.152941,0.577715,-0.029090,0.150561,0.513132,-0.045089,0.150493,0.470010,-0.052755,0.153347,0.428652,-0.057000
5209,0,0.016781,0.019542,0.034240,0.871783,0.948576,0.158984,0.767270,0.000000,0.218120,0.764113,-0.029916,0.272069,0.731634,-0.044225,0.315671,0.695451,-0.056018,0.354310,0.671367,-0.066868,0.254699,0.602020,-0.023606,0.290946,0.539621,-0.041080,0.309778,0.498254,-0.055429,0.324111,0.461158,-0.066043,0.223754,0.573641,-0.021877,0.252995,0.493716,-0.036953,0.270286,0.444318,-0.049375,0.282730,0.401421,-0.058298,0.189558,0.566511,-0.023941,0.202350,0.486180,-0.040019,0.211479,0.436800,-0.051340,0.220725,0.392744,-0.058692,0.152759,0.577520,-0.028894,0.150498,0.512928,-0.044854,0.150337,0.469702,-0.052598,0.153147,0.428096,-0.056883
5242,0,0.030729,0.030980,0.047770,0.855124,0.928243,0.159526,0.766639,0.000000,0.218170,0.763706,-0.029575,0.272353,0.731169,-0.043684,0.316225,0.694802,-0.055333,0.354637,0.670438,-0.066037,0.254717,0.602367,-0.023298,0.291107,0.539179,-0.040496,0.309969,0.497481,-0.054546,0.324078,0.460010,-0.064935,0.223972,0.574034,-0.021566,0.253496,0.493614,-0.036403,0.270698,0.444185,-0.048564,0.282865,0.401441,-0.057222,0.189997,0.566608,-0.023573,0.202387,0.486165,-0.039315,0.211621,0.436995,-0.050256,0.220621,0.393398,-0.057340,0.153487,0.576822,-0.028473,0.150948,0.512249,-0.044038,0.150663,0.469128,-0.051397,0.153365,0.427996,-0.055451
5289,0,0.025462,0.045956,0.065469,0.865408,0.953734,0.159031,0.765751,0.000000,0.218493,0.763377,-0.029781,0.272711,0.731337,-0.043807,0.316228,0.695045,-0.055397,0.354627,0.670569,-0.066045,0.255644,0.601973,-0.023043,0.292099,0.539335,-0.040153,0.310648,0.497721,-0.054179,0.324707,0.460389,-0.064630,0.224721,0.573549,-0.021236,0.254322,0.493707,-0.036126,0.271469,0.444438,-0.048443,0.283920,0.402087,-0.057283,0.190522,0.566150,-0.023220,0.203401,0.485965,-0.039191,0.212698,0.436649,-0.050486,0.221990,0.393034,-0.057794,0.153741,0.576514,-0.028072,0.151550,0.512256,-0.044004,0.151322,0.469242,-0.051743,0.154186,0.428095,-0.056065
5323,0,0.021189,0.024671,0.052059,0.882156,0.959843,0.159498,0.766556,0.000000,0.218470,0.763798,-0.029648,0.272276,0.731637,-0.043746,0.316097,0.695532,-0.055370,0.354731,0.671181,-0.066051,0.255955,0.602308,-0.023326,0.292211,0.540121,-0.040447,0.311153,0.499099,-0.054545,0.325099,0.462103,-0.065030,0.225108,0.573494,-0.021598,0.254671,0.493886,-0.036383,0.271661,0.444922,-0.048616,0.283895,0.402484,-0.057412,0.190919,0.565880,-0.023601,0.203833,0.485970,-0.039407,0.213259,0.436862,-0.050579,0.222584,0.393230,-0.057844,0.153989,0.576143,-0.028490,0.151507,0.511474,-0.044178,0.151150,0.468608,-0.051679,0.153983,0.427526,-0.055841
5352,0,0.021596,0.027923,0.045854,0.895492,0.961187,0.159948,0.766980,0.000000,0.218671,0.763831,-0.029580,0.272179,0.731621,-0.043858,0.315906,0.695631,-0.055698,0.354283,0.671137,-0.066594,0.255966,0.602711,-0.023581,0.292230,0.540160,-0.040987,0.310907,0.498874,-0.055187,0.325043,0.461914,-0.065689,0.225071,0.573788,-0.022008,0.254436,0.493890,-0.037093,0.271681,0.444705,-0.049365,0.284106,0.402263,-0.058137,0.190813,0.566263,-0.024191,0.203773,0.485725,-0.040240,0.213449,0.436794,-0.051332,0.222980,0.393501,-0.058530,0.153953,0.576724,-0.029226,0.151587,0.512095,-0.045117,0.151550,0.469029,-0.052669,0.154657,0.427893,-0.056839
5383,0,0.019533,0.032347,0.063919,0.885928,0.967157,0.158974,0.766165,0.000000,0.218156,0.763431,-0.029914,0.272172,0.731728,-0.044055,0.315588,0.695421,-0.055698,0.353627,0.670785,-0.066397,0.255540,0.602441,-0.023266,0.291505,0.540201,-0.040672,0.310342,0.498902,-0.055029,0.324497,0.461581,-0.065689,0.224695,0.573713,-0.021516,0.253834,0.494224,-0.036620,0.270851,0.444901,-0.049168,0.283359,0.402287,-0.058176,0.190701,0.566315,-0.023561,0.203486,0.486099,-0.039807,0.212821,0.436990,-0.051135,0.222191,0.393437,-0.058412,0.153917,0.576772,-0.028518,0.151571,0.512070,-0.044645,0.151544,0.468888,-0.052394,0.154495,0.427517,-0.056642
5416,0,0.024939,0.043594,0.051448,0.868276,0.935649,0.159604,0.766701,0.000000,0.217941,0.763596,-0.029498,0.271459,0.731332,-0.043462,0.315284,0.695116,-0.055034,0.353367,0.670664,-0.065585,0.255666,0.602275,-0.022790,0.291760,0.539714,-0.039971,0.310533,0.498370,-0.054132,0.324314,0.461046,-0.064644,0.224686,0.573574,-0.021182,0.253876,0.493844,-0.036048,0.270813,0.444637,-0.048365,0.283052,0.401797,-0.057191,0.190597,0.566190,-0.023339,0.203384,0.486299,-0.039167,0.212773,0.437322,-0.050248,0.222141,0.393587,-0.057387,0.153822,0.576512,-0.028399,0.151343,0.511914,-0.044011,0.151097,0.468980,-0.051425,0.153866,0.427720,-0.055504
5451,0,0.021618,0.033814,0.052166,0.869733,0.952572,0.158972,0.765727,0.000000,0.217518,0.762666,-0.029390,0.271584,0.730709,-0.043299,0.315416,0.694733,-0.054772,0.353365,0.670288,-0.065341,0.255293,0.602295,-0.023143,0.291666,0.539664,-0.040391,0.310084,0.497985,-0.054536,0.323949,0.460722,-0.065027,0.224434,0.573742,-0.021591,0.253649,0.493670,-0.036639,0.270428,0.444266,-0.049035,0.282572,0.401533,-0.057915,0.190313,0.566424,-0.023752,0.203202,0.485996,-0.039743,0.212816,0.436931,-0.050843,0.222323,0.393421,-0.057994,0.153620,0.576707,-0.028761,0.151396,0.511958,-0.044596,0.151263,0.468753,-0.052061,0.154213,0.427241,-0.056147
5484,0,0.024142,0.033188,0.070152,0.860056,0.943657,0.159012,0.766268,0.000000,0.217681,0.762938,-0.029930,0.271742,0.730594,-0.044012,0.315318,0.694191,-0.055623,0.353545,0.669243,-0.066214,0.255591,0.601564,-0.022535,0.291210,0.539432,-0.039834,0.309933,0.498143,-0.054289,0.323772,0.460577,-0.065076,0.224823,0.573035,-0.020829,0.253527,0.493742,-0.035892,0.270068,0.444382,-0.048640,0.282057,0.400976,-0.057780,0.190729,0.565687,-0.022987,0.203416,0.485934,-0.039089,0.212776,0.436946,-0.050406,0.221917,0.392985,-0.057741,0.153845,0.575977,-0.028066,0.151499,0.511487,-0.043972,0.151167,0.468330,-0.051622,0.153851,0.426846,-0.055819
5513,0,0.021820,0.027299,0.031485,0.873851,0.944678,0.159565,0.766387,0.000000,0.218184,0.762935,-0.029865,0.272062,0.730371,-0.044022,0.315337,0.694056,-0.055802,0.353490,0.669354,-0.066562,0.255510,0.601749,-0.023169,0.291027,0.539448,-0.040644,0.309751,0.498099,-0.055096,0.323562,0.460555,-0.065816,0.224756,0.573436,-0.021540,0.253456,0.494030,-0.036835,0.270019,0.444526,-0.049559,0.281976,0.401138,-0.058630,0.190621,0.566107,-0.023739,0.203619,0.486090,-0.039957,0.213029,0.437263,-0.051208,0.222221,0.393467,-0.058434,0.153815,0.576508,-0.028844,0.151547,0.511831,-0.044807,0.151308,0.468696,-0.052425,0.154033,0.427198,-0.056627
5546,0,0.013839,0.020173,0.062119,0.875074,0.955511,0.159434,0.765718,0.000000,0.218184,0.762532,-0.029952,0.272141,0.730676,-0.044183,0.315639,0.693919,-0.055905,0.353544,0.668649,-0.066686,0.255636,0.602177,-0.023366,0.291274,0.539662,-0.040890,0.309717,0.497934,-0.055356,0.323465,0.460242,-0.066098,0.224907,0.573518,-0.021601,0.253698,0.493957,-0.036891,0.270139,0.444388,-0.049632,0.282121,0.401389,-0.058728,0.190968,0.565893,-0.023601,0.203968,0.485720,-0.039871,0.213182,0.436712,-0.051122,0.222288,0.393249,-0.058375,0.154240,0.576062,-0.028521,0.152046,0.511643,-0.044575,0.151813,0.468464,-0.052220,0.154432,0.427024,-0.056415
5575,0,0.032374,0.033995,0.043533,0.852080,0.934838,0.159362,0.765821,0.000000,0.218273,0.762675,-0.029586,0.272567,0.730193,-0.043508,0.315552,0.693699,-0.055099,0.353708,0.668772,-0.065672,0.256177,0.601247,-0.022087,0.291771,0.539047,-0.039219,0.310170,0.497830,-0.053533,0.324123,0.460686,-0.064184,0.225452,0.572782,-0.020579,0.253970,0.493536,-0.035558,0.270241,0.444109,-0.048168,0.281992,0.400965,-0.057214,0.191194,0.565698,-0.022929,0.204221,0.485756,-0.038984,0.213183,0.436711,-0.050282,0.222208,0.392672,-0.057566,0.154095,0.576002,-0.028157,0.151733,0.511621,-0.044095,0.151275,0.468466,-0.051692,0.153714,0.426909,-0.055843
5610,0,0.021021,0.020489,0.036454,0.867076,0.948873,0.159563,0.766093,0.000000,0.218382,0.762926,-0.029829,0.272836,0.730488,-0.043879,0.316014,0.693854,-0.055497,0.354163,0.668510,-0.066094,0.256180,0.601534,-0.022607,0.291648,0.539284,-0.039758,0.310111,0.498090,-0.054084,0.323887,0.460829,-0.064759,0.225481,0.573162,-0.020998,0.253993,0.493882,-0.036069,0.270281,0.444608,-0.048864,0.281970,0.401399,-0.058048,0.191261,0.565684,-0.023215,0.204581,0.485510,-0.039425,0.213737,0.436446,-0.050944,0.222782,0.392480,-0.058401,0.154067,0.575932,-0.028318,0.152002,0.511355,-0.044429,0.151705,0.467986,-0.052318,0.154314,0.426412,-0.056674
5662,0,0.020585,0.036678,0.050073,0.863830,0.926913,0.160602,0.765774,0.000000,0.219483,0.761852,-0.029165,0.273443,0.729826,-0.043149,0.316359,0.693763,-0.054799,0.354134,0.668544,-0.065586,0.256374,0.601505,-0.022437,0.291661,0.539171,-0.039579,0.310285,0.498192,-0.053858,0.324050,0.460857,-0.064488,0.225733,0.573412,-0.021143,0.254230,0.494359,-0.036186,0.270322,0.444723,-0.048994,0.281784,0.401268,-0.058251,0.191587,0.566206,-0.023555,0.204611,0.485919,-0.039697,0.213532,0.437027,-0.051190,0.222486,0.393226,-0.058643,0.154474,0.576346,-0.028792,0.152024,0.511785,-0.044836,0.151413,0.468452,-0.052602,0.153765,0.426945,-0.056917
5690,0,0.026077,0.026931,0.051387,0.853980,0.911488,0.160370,0.766513,0.000000,0.219361,0.762916,-0.029012,0.273482,0.731046,-0.042824,0.316397,0.694168,-0.054351,0.354239,0.668862,-0.064900,0.256669,0.601789,-0.022154,0.291761,0.539234,-0.039093,0.310057,0.497963,-0.053217,0.323497,0.460421,-0.063728,0.225786,0.573587,-0.020865,0.254175,0.494106,-0.035596,0.269963,0.444521,-0.048138,0.281294,0.401107,-0.057203,0.191642,0.566497,-0.023268,0.204469,0.486684,-0.039034,0.213446,0.437709,-0.050326,0.222226,0.394114,-0.057633,0.154638,0.576546,-0.028523,0.151969,0.512028,-0.044192,0.151192,0.468833,-0.051772,0.153154,0.427676,-0.055953
5720,0,0.014133,0.017404,0.055239,0.861575,0.910943,0.160795,0.766552,0.000000,0.219653,0.763188,-0.029226,0.273419,0.731309,-0.043124,0.316577,0.694961,-0.054729,0.354284,0.669634,-0.065314,0.256439,0.602204,-0.022150,0.291696,0.539487,-0.039125,0.310032,0.498255,-0.053278,0.323414,0.460985,-0.063785,0.225649,0.574157,-0.020778,0.253914,0.494462,-0.035715,0.269906,0.444801,-0.048378,0.281242,0.401447,-0.057473,0.191563,0.566915,-0.023150,0.204660,0.486771,-0.039125,0.213652,0.437796,-0.050416,0.222635,0.394060,-0.057747,0.154542,0.577018,-0.028344,0.151974,0.512502,-0.044183,0.151508,0.469149,-0.051828,0.153949,0.427575,-0.056022
5754,0,0.036049,0.050821,0.049689,0.887494,0.944180,0.160539,0.765809,0.000000,0.219621,0.763215,-0.029768,0.273457,0.732117,-0.043967,0.316504,0.695559,-0.055819,0.354412,0.670000,-0.066694,0.256890,0.603177,-0.023020,0.291570,0.540803,-0.040368,0.309614,0.499313,-0.054841,0.323055,0.461628,-0.065637,0.226098,0.574547,-0.021416,0.254112,0.495463,-0.036691,0.269688,0.445501,-0.049600,0.281089,0.401714,-0.058948,0.191950,0.566990,-0.023548,0.204820,0.487134,-0.039860,0.213527,0.437948,-0.051360,0.222146,0.393846,-0.058831,0.154968,0.576969,-0.028594,0.152242,0.512944,-0.044788,0.151418,0.469702,-0.052651,0.153493,0.428040,-0.057032
5784,0,0.050426,0.079449,0.070803,0.854835,0.916122,0.159548,0.767174,0.000000,0.219362,0.764246,-0.029693,0.273859,0.732385,-0.043459,0.316806,0.695028,-0.054831,0.354774,0.669610,-0.065111,0.256689,0.602890,-0.021944,0.292058,0.540330,-0.038611,0.310023,0.498967,-0.052689,0.323387,0.461351,-0.063203,0.225799,0.574805,-0.020133,0.254221,0.495494,-0.034756,0.269936,0.445595,-0.047470,0.280986,0.401602,-0.056622,0.191623,0.567218,-0.022100,0.204432,0.487772,-0.037852,0.213165,0.438591,-0.049301,0.221708,0.394696,-0.056700,0.154480,0.576844,-0.026967,0.152065,0.512524,-0.042642,0.151176,0.469480,-0.050352,0.153057,0.428150,-0.054636
5818,0,0.026103,0.048628,0.062401,0.864305,0.907399,0.160704,0.767671,0.000000,0.219640,0.764078,-0.029327,0.273600,0.731574,-0.043178,0.317099,0.694969,-0.054658,0.355171,0.669932,-0.065158,0.256574,0.602964,-0.022274,0.291849,0.540410,-0.039122,0.309782,0.498988,-0.053208,0.322914,0.461408,-0.063787,0.225589,0.574863,-0.020786,0.253843,0.495590,-0.035655,0.269749,0.445717,-0.048389,0.280914,0.401890,-0.057557,0.191387,0.567448,-0.023058,0.204423,0.487390,-0.038926,0.213365,0.438446,-0.050269,0.222127,0.394371,-0.057675,0.154458,0.577335,-0.028191,0.151834,0.513000,-0.044000,0.151049,0.469725,-0.051641,0.153109,0.428402,-0.055912
5847,0,0.022369,0.056872,0.050285,0.872940,0.932033,0.160047,0.766318,0.000000,0.219677,0.763277,-0.029122,0.274267,0.731502,-0.042911,0.317577,0.694895,-0.054411,0.355319,0.669762,-0.065051,0.256771,0.603512,-0.022238,0.291755,0.540945,-0.039293,0.309755,0.499516,-0.053473,0.323127,0.461972,-0.064112,0.225925,0.575432,-0.020888,0.254111,0.495717,-0.035987,0.269945,0.445729,-0.048857,0.281046,0.401946,-0.058167,0.191773,0.567901,-0.023274,0.204545,0.487813,-0.039449,0.213282,0.438469,-0.051047,0.221602,0.394372,-0.058597,0.154733,0.577689,-0.028457,0.152253,0.513465,-0.044515,0.151472,0.470445,-0.052377,0.153477,0.428933,-0.056758
5880,0,0.035636,0.052348,0.055985,0.859702,0.903907,0.160933,0.766650,0.000000,0.220403,0.763632,-0.030036,0.274493,0.731916,-0.044118,0.317197,0.694948,-0.055782,0.355208,0.669018,-0.066353,0.257148,0.602456,-0.022761,0.292414,0.539916,-0.039671,0.310033,0.498260,-0.053831,0.322837,0.460126,-0.064442,0.225978,0.574232,-0.020928,0.254037,0.494899,-0.035771,0.269645,0.444826,-0.048565,0.280429,0.400659,-0.057771,0.191608,0.567344,-0.022859,0.204245,0.487594,-0.038735,0.213005,0.438585,-0.050087,0.221304,0.394432,-0.057459,0.154730,0.577448,-0.027735,0.152260,0.512906,-0.043533,0.151393,0.469751,-0.051179,0.153074,0.428366,-0.055392
5915,0,0.036683,0.031202,0.056422,0.878802,0.920811,0.161150,0.766929,0.000000,0.220722,0.764057,-0.029189,0.274516,0.732353,-0.043061,0.317487,0.695325,-0.054627,0.355435,0.669718,-0.065216,0.257220,0.603707,-0.022234,0.292193,0.540710,-0.039270,0.310342,0.499073,-0.053415,0.323811,0.461454,-0.063966,0.226554,0.575268,-0.020807,0.254835,0.495716,-0.035793,0.270450,0.445839,-0.048453,0.281481,0.402102,-0.057557,0.192503,0.567499,-0.023132,0.205325,0.487311,-0.039173,0.214191,0.438265,-0.050446,0.222860,0.394598,-0.057714,0.155540,0.577022,-0.028290,0.152765,0.512617,-0.044233,0.152047,0.469455,-0.051892,0.154010,0.428296,-0.056073
5954,0,0.025187,0.025527,0.029827,0.878618,0.919534,0.161065,0.767023,0.000000,0.220819,0.763789,-0.029095,0.275319,0.731996,-0.042802,0.318350,0.695163,-0.054245,0.356109,0.669584,-0.064750,0.257837,0.603968,-0.021909,0.292655,0.541160,-0.038721,0.310610,0.499631,-0.052761,0.323877,0.462100,-0.063266,0.227035,0.575653,-0.020503,0.255316,0.496343,-0.035343,0.271062,0.446481,-0.048075,0.282073,0.402744,-0.057252,0.192969,0.567902,-0.022807,0.205696,0.488195,-0.038721,0.214355,0.438927,-0.050183,0.222830,0.394960,-0.057643,0.155891,0.577200,-0.027962,0.153103,0.513087,-0.043740,0.152209,0.470144,-0.051433,0.154203,0.428795,-0.055690
6006,0,0.023812,0.034464,0.039706,0.894057,0.905346,0.161853,0.768396,0.000000,0.221455,0.764671,-0.029352,0.275342,0.732768,-0.043286,0.318234,0.696048,-0.054917,0.356260,0.670084,-0.065534,0.258297,0.603823,-0.022170,0.293007,0.541249,-0.038973,0.310772,0.499926,-0.053044,0.323693,0.462206,-0.063582,0.227161,0.575821,-0.020706,0.255221,0.496798,-0.035499,0.270831,0.447060,-0.048204,0.281848,0.402964,-0.057415,0.192873,0.568644,-0.023009,0.205669,0.489132,-0.038836,0.214473,0.439938,-0.050273,0.223096,0.395594,-0.057728,0.155916,0.578551,-0.028181,0.153260,0.514053,-0.043949,0.152603,0.470827,-0.051639,0.154500,0.429558,-0.055932
6057,0,0.026066,0.043219,0.053845,0.913360,0.916979,0.162267,0.767695,0.000000,0.221397,0.764999,-0.029795,0.275444,0.733509,-0.043921,0.318165,0.696552,-0.055644,0.355908,0.670858,-0.066390,0.257898,0.604255,-0.022762,0.292992,0.541898,-0.039838,0.311017,0.500740,-0.054042,0.324437,0.463366,-0.064632,0.227097,0.576227,-0.021081,0.255223,0.496946,-0.036126,0.270965,0.447234,-0.048923,0.282056,0.403436,-0.058145,0.192957,0.569086,-0.023152,0.206016,0.489205,-0.039271,0.214668,0.440106,-0.050721,0.223170,0.396236,-0.058145,0.155994,0.578930,-0.028096,0.153388,0.514776,-0.044156,0.152533,0.471507,-0.051971,0.154301,0.430211,-0.056269
6098,0,0.023363,0.027723,0.039985,0.915171,0.929603,0.161236,0.767943,0.000000,0.221054,0.765003,-0.029890,0.275685,0.733673,-0.043969,0.318467,0.696932,-0.055614,0.356223,0.670830,-0.066323,0.257779,0.604663,-0.023055,0.292595,0.542037,-0.040230,0.310299,0.500486,-0.054562,0.323354,0.462493,-0.065311,0.226838,0.576623,-0.021322,0.254873,0.497427,-0.036492,0.270461,0.447273,-0.049460,0.281444,0.402942,-0.058846,0.192694,0.569474,-0.023328,0.205382,0.489859,-0.039549,0.213940,0.440620,-0.051135,0.222367,0.396145,-0.058651,0.155861,0.579326,-0.028235,0.153503,0.515376,-0.044320,0.152681,0.472288,-0.052186,0.154357,0.430908,-0.056587
6142,0,0.030491,0.037670,0.059252,0.892606,0.901169,0.161526,0.768268,0.000000,0.221161,0.765591,-0.029927,0.275262,0.734193,-0.044111,0.318191,0.696978,-0.055840,0.356120,0.670965,-0.066555,0.257820,0.604248,-0.022951,0.292824,0.541230,-0.039785,0.310243,0.499497,-0.053930,0.322971,0.461366,-0.064490,0.226646,0.576517,-0.021062,0.254718,0.497477,-0.035908,0.269974,0.447348,-0.048748,0.279990,0.403185,-0.058022,0.192344,0.569215,-0.022913,0.204951,0.489582,-0.038675,0.213368,0.440535,-0.049956,0.221307,0.396416,-0.057320,0.155349,0.579124,-0.027647,0.152727,0.514995,-0.043253,0.151968,0.472365,-0.050813,0.153648,0.431612,-0.054943
6177,0,0.037013,0.039827,0.063580,0.879572,0.887591,0.160958,0.769165,0.000000,0.221351,0.765553,-0.029031,0.276146,0.733991,-0.042669,0.318863,0.696858,-0.054009,0.356561,0.671104,-0.064452,0.257573,0.605136,-0.021685,0.292508,0.542008,-0.038246,0.310008,0.500400,-0.052177,0.322748,0.462645,-0.062620,0.226649,0.577402,-0.020185,0.254319,0.497928,-0.034856,0.269596,0.447638,-0.047657,0.280181,0.403394,-0.056892,0.192596,0.569891,-0.022367,0.204807,0.490276,-0.038168,0.213135,0.441034,-0.049683,0.221086,0.396868,-0.057165,0.155785,0.579538,-0.027374,0.152870,0.515538,-0.043137,0.151704,0.472738,-0.050891,0.152984,0.431802,-0.055139
6218,0,0.029233,0.042208,0.064877,0.900551,0.888714,0.161776,0.769817,0.000000,0.221266,0.766202,-0.029879,0.275671,0.734847,-0.044106,0.318723,0.698127,-0.055855,0.356756,0.671889,-0.066628,0.257756,0.605011,-0.022619,0.292571,0.542092,-0.039403,0.310034,0.500570,-0.053630,0.322513,0.462301,-0.064286,0.226629,0.577330,-0.020824,0.254494,0.498367,-0.035519,0.269560,0.448297,-0.048322,0.279638,0.403864,-0.057651,0.192380,0.570113,-0.022795,0.204866,0.490639,-0.038505,0.213196,0.441730,-0.049805,0.220875,0.397465,-0.057182,0.155546,0.579838,-0.027674,0.152611,0.515614,-0.043248,0.151491,0.472703,-0.050781,0.152876,0.431891,-0.054879
6272,0,0.041954,0.040039,0.055241,0.914291,0.891654,0.162001,0.769735,0.000000,0.222351,0.766177,-0.028966,0.276929,0.734964,-0.042678,0.319837,0.697754,-0.054109,0.357290,0.671680,-0.064681,0.257937,0.606342,-0.022236,0.292830,0.543222,-0.039011,0.310368,0.501565,-0.052977,0.323062,0.463640,-0.063432,0.226915,0.578702,-0.020910,0.254766,0.498861,-0.035793,0.270400,0.448729,-0.048569,0.281097,0.404606,-0.057815,0.192641,0.571403,-0.023231,0.204788,0.491345,-0.039187,0.213293,0.442001,-0.050637,0.221519,0.397885,-0.058127,0.155698,0.581140,-0.028361,0.152623,0.516708,-0.044239,0.151581,0.473817,-0.052002,0.153156,0.432700,-0.056293
6325,0,0.029708,0.027702,0.053768,0.916191,0.889665,0.161715,0.770071,0.000000,0.222085,0.766835,-0.029813,0.276642,0.735895,-0.043814,0.319388,0.698632,-0.055420,0.357169,0.672591,-0.065974,0.258166,0.606065,-0.022589,0.292804,0.542985,-0.039257,0.310269,0.501475,-0.053239,0.322575,0.463388,-0.063754,0.227042,0.578579,-0.020719,0.254759,0.499369,-0.035480,0.269723,0.449195,-0.048254,0.279899,0.404956,-0.057523,0.192677,0.571235,-0.022608,0.204830,0.491814,-0.038459,0.213051,0.442902,-0.049929,0.220693,0.398848,-0.057406,0.155660,0.580736,-0.027379,0.152917,0.516875,-0.043191,0.151696,0.474064,-0.051019,0.152753,0.433198,-0.055342
6369,0,0.039357,0.041180,0.047139,0.903310,0.850512,0.162151,0.770852,0.000000,0.222297,0.767590,-0.029794,0.276869,0.736011,-0.043619,0.319307,0.698248,-0.055030,0.357046,0.671687,-0.065390,0.257818,0.606622,-0.021771,0.292410,0.543538,-0.038245,0.309579,0.501853,-0.052343,0.322309,0.463476,-0.062936,0.226775,0.578926,-0.019843,0.254472,0.500071,-0.034233,0.269489,0.449925,-0.047046,0.279703,0.405334,-0.056393,0.192645,0.571656,-0.021712,0.204395,0.492874,-0.037252,0.212449,0.444210,-0.048643,0.220052,0.400025,-0.056160,0.155731,0.581158,-0.026503,0.152903,0.517930,-0.041984,0.151623,0.475419,-0.049578,0.152724,0.434555,-0.053823
6417,0,0.028046,0.033755,0.033930,0.924510,0.880466,0.161433,0.770927,0.000000,0.221738,0.767804,-0.029800,0.276263,0.736361,-0.043688,0.319201,0.698791,-0.055125,0.356929,0.672465,-0.065590,0.257616,0.607195,-0.022389,0.292454,0.544091,-0.039039,0.309763,0.502256,-0.053141,0.322370,0.463767,-0.063723,0.226563,0.579571,-0.020541,0.254397,0.500536,-0.035227,0.269413,0.450195,-0.048084,0.279551,0.405326,-0.057421,0.192332,0.572452,-0.022428,0.204227,0.493218,-0.038203,0.212449,0.443947,-0.049640,0.220157,0.399380,-0.057109,0.155327,0.582254,-0.027232,0.152535,0.518173,-0.042910,0.151433,0.475367,-0.050574,0.152828,0.434261,-0.054814
6467,0,0.022618,0.042642,0.035961,0.930850,0.873263,0.162568,0.770673,0.000000,0.222543,0.767667,-0.030247,0.276728,0.736984,-0.044427,0.319276,0.699518,-0.056137,0.356961,0.672955,-0.066796,0.257351,0.607394,-0.022953,0.292094,0.544119,-0.039798,0.309555,0.502303,-0.053958,0.322158,0.463442,-0.064618,0.226330,0.579753,-0.020930,0.254282,0.500429,-0.035771,0.269330,0.449729,-0.048706,0.279416,0.404663,-0.058121,0.192347,0.572589,-0.022680,0.204092,0.493362,-0.038631,0.212237,0.443997,-0.050185,0.219854,0.399333,-0.057693,0.155530,0.581958,-0.027349,0.152490,0.517957,-0.043143,0.151187,0.475308,-0.050885,0.152320,0.434337,-0.055203
6513,0,0.033981,0.053977,0.040336,0.904521,0.870541,0.161300,0.770780,0.000000,0.221770,0.767641,-0.029504,0.276528,0.736350,-0.043296,0.319216,0.698871,-0.054701,0.356906,0.672911,-0.065098,0.257368,0.607257,-0.022113,0.292354,0.543879,-0.038640,0.309637,0.502162,-0.052529,0.322051,0.463958,-0.062926,0.226279,0.579609,-0.020290,0.254461,0.500138,-0.034838,0.269318,0.449509,-0.047524,0.279040,0.404778,-0.056641,0.192055,0.572052,-0.022171,0.204178,0.492525,-0.037728,0.212194,0.443585,-0.048960,0.219544,0.399421,-0.056214,0.155152,0.581228,-0.026943,0.152457,0.517472,-0.042364,0.151209,0.474755,-0.049852,0.152240,0.433956,-0.053887
6563,0,0.025488,0.042184,0.033996,0.913017,0.867214,0.162087,0.770312,0.000000,0.222025,0.767552,-0.029775,0.276361,0.736484,-0.043816,0.318939,0.698939,-0.055461,0.356602,0.672463,-0.066094,0.257403,0.606890,-0.022745,0.292320,0.543431,-0.039493,0.309415,0.501419,-0.053553,0.321934,0.462729,-0.064107,0.226281,0.579396,-0.020856,0.254112,0.499887,-0.035540,0.268909,0.449424,-0.048334,0.278562,0.404725,-0.057642,0.192081,0.571963,-0.022687,0.204079,0.492623,-0.038344,0.211965,0.443503,-0.049658,0.219273,0.399240,-0.057058,0.155175,0.581527,-0.027419,0.152382,0.517628,-0.042959,0.151062,0.475117,-0.050515,0.151963,0.434517,-0.054643
6613,0,0.039941,0.038447,0.044605,0.931122,0.877519,0.161828,0.770664,0.000000,0.222258,0.767630,-0.028799,0.277233,0.736162,-0.042412,0.319876,0.699218,-0.053753,0.357097,0.673367,-0.064240,0.257625,0.607937,-0.022449,0.292642,0.544521,-0.039169,0.309927,0.502663,-0.053016,0.322340,0.464679,-0.063386,0.226331,0.580400,-0.021070,0.254110,0.500578,-0.035965,0.269118,0.449785,-0.048743,0.279239,0.405312,-0.057909,0.192039,0.573255,-0.023265,0.203958,0.493098,-0.039131,0.212028,0.443831,-0.050491,0.219433,0.399714,-0.057870,0.155101,0.583074,-0.028236,0.152445,0.519019,-0.044005,0.151210,0.476215,-0.051656,0.152309,0.435373,-0.055851
6663,0,0.052954,0.052233,0.064232,0.907534,0.859569,0.161879,0.770477,0.000000,0.222405,0.768162,-0.029191,0.277327,0.737266,-0.042738,0.319849,0.699511,-0.053917,0.356993,0.673406,-0.064049,0.258199,0.607832,-0.021680,0.292961,0.544186,-0.037944,0.310066,0.502445,-0.051666,0.322145,0.464187,-0.061875,0.226830,0.580247,-0.019826,0.254913,0.500668,-0.034120,0.269749,0.450431,-0.046697,0.279512,0.406199,-0.055781,0.192567,0.572578,-0.021621,0.204704,0.493262,-0.036915,0.212690,0.444663,-0.048056,0.219998,0.401207,-0.055237,0.155553,0.581632,-0.026260,0.152792,0.517798,-0.041418,0.151678,0.475384,-0.048716,0.152896,0.435125,-0.052714
6711,0,0.045153,0.051527,0.072474,0.940762,0.862774,0.161975,0.772143,0.000000,0.222401,0.768859,-0.029226,0.277172,0.737260,-0.042995,0.319914,0.700073,-0.054452,0.357460,0.673923,-0.064939,0.257803,0.608299,-0.022604,0.292650,0.544521,-0.039247,0.310038,0.502660,-0.053209,0.322503,0.464338,-0.063579,0.226532,0.580809,-0.020954,0.254397,0.501227,-0.035363,0.269368,0.450939,-0.047927,0.279236,0.406679,-0.057093,0.192221,0.573536,-0.022934,0.204358,0.494300,-0.038256,0.212297,0.445337,-0.049403,0.219547,0.401518,-0.056744,0.155065,0.582766,-0.027770,0.152598,0.518991,-0.042917,0.151350,0.476780,-0.050258,0.152319,0.436666,-0.054258
6760,0,0.022631,0.024634,0.059359,0.927234,0.860747,0.161773,0.771436,0.000000,0.222116,0.768373,-0.029350,0.276588,0.737269,-0.043169,0.319244,0.699884,-0.054653,0.356906,0.673882,-0.065124,0.257735,0.608390,-0.022032,0.292456,0.544994,-0.038654,0.309433,0.503021,-0.052667,0.321740,0.464686,-0.063139,0.226463,0.580951,-0.020281,0.254164,0.500865,-0.034820,0.269028,0.450667,-0.047490,0.278698,0.406436,-0.056755,0.192205,0.573422,-0.022246,0.204257,0.493850,-0.037856,0.211964,0.444955,-0.049086,0.218800,0.401006,-0.056404,0.155215,0.582669,-0.027073,0.152411,0.518884,-0.042469,0.150951,0.476366,-0.049904,0.151663,0.435902,-0.053952
6806,0,0.025302,0.018652,0.052572,0.925404,0.861215,0.161162,0.771572,0.000000,0.221565,0.769149,-0.029823,0.276136,0.737956,-0.043782,0.318690,0.700311,-0.055291,0.356687,0.674298,-0.065751,0.257079,0.608513,-0.022494,0.291858,0.544559,-0.039038,0.309006,0.502757,-0.052958,0.321395,0.464430,-0.063379,0.225778,0.580933,-0.020433,0.253821,0.501167,-0.034800,0.268664,0.450558,-0.047437,0.278282,0.405968,-0.056652,0.191573,0.573301,-0.022085,0.203870,0.493928,-0.037463,0.211632,0.445188,-0.048720,0.218514,0.401386,-0.056069,0.154381,0.582280,-0.026615,0.151928,0.518881,-0.041838,0.150509,0.477113,-0.049225,0.151304,0.437067,-0.053230
6852,0,0.028663,0.035642,0.042595,0.917215,0.836643,0.161415,0.772603,0.000000,0.221911,0.769459,-0.029065,0.276676,0.737618,-0.042615,0.319213,0.699939,-0.053853,0.356694,0.673769,-0.064118,0.257135,0.609026,-0.021910,0.291443,0.545138,-0.038319,0.308623,0.503172,-0.052181,0.321021,0.464759,-0.062523,0.225822,0.581472,-0.020238,0.253272,0.501707,-0.034489,0.267979,0.451017,-0.047009,0.277742,0.406338,-0.056108,0.191614,0.573867,-0.022202,0.203370,0.494358,-0.037464,0.210997,0.445543,-0.048603,0.218050,0.401578,-0.055874,0.154652,0.583014,-0.027004,0.151666,0.519492,-0.042149,0.150110,0.477471,-0.049459,0.150716,0.437320,-0.053425
6899,0,0.021230,0.016538,0.043483,0.933632,0.842953,0.161360,0.773081,0.000000,0.221965,0.769825,-0.029609,0.276697,0.738562,-0.043432,0.319345,0.701045,-0.054864,0.356835,0.674613,-0.065285,0.257137,0.609053,-0.022144,0.291626,0.545420,-0.038708,0.308736,0.503402,-0.052725,0.321147,0.464726,-0.063185,0.225778,0.581592,-0.020258,0.253279,0.502404,-0.034684,0.267824,0.451897,-0.047321,0.277551,0.407075,-0.056536,0.191340,0.574322,-0.022105,0.203148,0.495436,-0.037522,0.210945,0.446660,-0.048721,0.218090,0.402592,-0.055992,0.154280,0.583510,-0.026868,0.151409,0.519949,-0.042149,0.149942,0.477664,-0.049498,0.150698,0.437278,-0.053542
6948,0,0.040765,0.025697,0.038281,0.943449,0.835325,0.161509,0.774045,0.000000,0.222294,0.770493,-0.028796,0.277182,0.738585,-0.042165,0.320237,0.701318,-0.053357,0.357484,0.675463,-0.063539,0.257473,0.610211,-0.021238,0.291790,0.546508,-0.037501,0.308649,0.504728,-0.051336,0.320901,0.466438,-0.061751,0.226175,0.583019,-0.019732,0.253614,0.503846,-0.034120,0.268058,0.453131,-0.046867,0.277691,0.408104,-0.056194,0.191968,0.575558,-0.021898,0.203547,0.496415,-0.037326,0.211074,0.447149,-0.048693,0.218039,0.402735,-0.056155,0.154770,0.584863,-0.026912,0.151800,0.521120,-0.042204,0.150247,0.478641,-0.049743,0.150968,0.437906,-0.053940
6994,0,0.033521,0.045909,0.066883,0.959788,0.844438,0.161990,0.773392,0.000000,0.222383,0.770203,-0.030259,0.277184,0.739550,-0.044291,0.319581,0.702050,-0.055898,0.357213,0.676032,-0.066456,0.257528,0.609858,-0.022165,0.291645,0.546350,-0.038837,0.308577,0.504227,-0.053064,0.321067,0.465492,-0.063739,0.226038,0.582608,-0.020011,0.253363,0.503474,-0.034567,0.267996,0.452932,-0.047513,0.277852,0.407943,-0.056985,0.191779,0.575345,-0.021660,0.203724,0.496837,-0.037246,0.211168,0.447733,-0.048717,0.218005,0.403177,-0.056247,0.154492,0.584450,-0.026299,0.151830,0.521613,-0.041729,0.150310,0.479513,-0.049338,0.150991,0.438757,-0.053569
7044,0,0.030301,0.035064,0.042454,0.955548,0.848980,0.161697,0.773360,0.000000,0.222843,0.770128,-0.029049,0.278113,0.739008,-0.042527,0.320787,0.701705,-0.053760,0.357952,0.675766,-0.064062,0.257362,0.610609,-0.021690,0.291874,0.546936,-0.038228,0.308905,0.504978,-0.052210,0.321207,0.466508,-0.062668,0.226100,0.583305,-0.020063,0.253741,0.503848,-0.034665,0.268423,0.453206,-0.047563,0.277997,0.408362,-0.056897,0.191728,0.575901,-0.022096,0.203562,0.496483,-0.037725,0.211264,0.447145,-0.049151,0.218166,0.402950,-0.056548,0.154544,0.585127,-0.026977,0.151949,0.521469,-0.042411,0.150445,0.479167,-0.049925,0.151100,0.438718,-0.054031
7083,0,0.030845,0.029584,0.026921,0.976933,0.870141,0.161734,0.773164,0.000000,0.222445,0.770274,-0.030114,0.277232,0.739404,-0.044232,0.319939,0.702425,-0.055890,0.357267,0.676337,-0.066541,0.257648,0.610365,-0.022639,0.292080,0.546694,-0.039468,0.309094,0.504738,-0.053721,0.321310,0.466029,-0.064333,0.226336,0.582866,-0.020547,0.254106,0.503672,-0.035246,0.268930,0.453014,-0.048182,0.278580,0.408284,-0.057555,0.191981,0.575322,-0.022232,0.204169,0.496240,-0.037899,0.211743,0.447241,-0.049305,0.218443,0.403162,-0.056703,0.154611,0.584478,-0.026841,0.152228,0.521214,-0.042256,0.150881,0.479125,-0.049770,0.151577,0.438830,-0.053837
7120,0,0.059657,0.043967,0.066690,0.987784,0.853898,0.162557,0.774541,0.000000,0.223163,0.770538,-0.028600,0.278638,0.738646,-0.041970,0.321843,0.701968,-0.053169,0.359121,0.676945,-0.063478,0.258839,0.611523,-0.021721,0.292948,0.548167,-0.038153,0.309858,0.506212,-0.052007,0.321750,0.467733,-0.062393,0.227474,0.584125,-0.020442,0.254909,0.504491,-0.034936,0.269356,0.453840,-0.047666,0.278762,0.409108,-0.056890,0.193105,0.576540,-0.022806,0.204785,0.497083,-0.038288,0.212279,0.447995,-0.049643,0.219010,0.403899,-0.057083,0.155761,0.585511,-0.027980,0.152959,0.521748,-0.043287,0.151247,0.479577,-0.050728,0.151799,0.439157,-0.054913