t,missing,delta_l1,delta_l1_wrist,delta_angles,delta_base_l1,delta_base_l1_wrist,x0,y0,z0,x1,y1,z1,x2,y2,z2,x3,y3,z3,x4,y4,z4,x5,y5,z5,x6,y6,z6,x7,y7,z7,x8,y8,z8,x9,y9,z9,x10,y10,z10,x11,y11,z11,x12,y12,z12,x13,y13,z13,x14,y14,z14,x15,y15,z15,x16,y16,z16,x17,y17,z17,x18,y18,z18,x19,y19,z19,x20,y20,z20
43,0,,,,0.000000,0.000000,0.152219,0.708309,0.000000,0.226047,0.694335,-0.030757,0.292263,0.642652,-0.041456,0.332086,0.577987,-0.049729,0.361235,0.521640,-0.057031,0.263207,0.503096,-0.015482,0.293101,0.417616,-0.032305,0.305236,0.363758,-0.047557,0.313661,0.315512,-0.058602,0.224000,0.478377,-0.013761,0.248122,0.378714,-0.027868,0.258592,0.316955,-0.042704,0.264315,0.266595,-0.053565,0.184100,0.474040,-0.016511,0.197636,0.380390,-0.031381,0.206421,0.322925,-0.043120,0.213855,0.274763,-0.050977,0.141432,0.485486,-0.022530,0.148791,0.409762,-0.036927,0.154441,0.362412,-0.043651,0.160912,0.319809,-0.047256
72,0,0.032580,0.037115,0.027848,0.032580,0.037115,0.152446,0.708609,0.000000,0.226396,0.694352,-0.030294,0.291981,0.642796,-0.040854,0.331571,0.578021,-0.049173,0.360324,0.521036,-0.056475,0.262276,0.504510,-0.014847,0.292452,0.418338,-0.031588,0.304571,0.364145,-0.046816,0.313082,0.315729,-0.057769,0.223337,0.479464,-0.013264,0.247576,0.379647,-0.027429,0.258063,0.317461,-0.042241,0.263674,0.266546,-0.053055,0.183420,0.474643,-0.016118,0.197050,0.380389,-0.031057,0.205877,0.322404,-0.042795,0.213370,0.274160,-0.050513,0.141035,0.485136,-0.022183,0.148361,0.409163,-0.036602,0.153893,0.361523,-0.043257,0.160012,0.319357,-0.046747
105,0,0.030118,0.029499,0.058013,0.038537,0.026133,0.151630,0.708322,0.000000,0.225365,0.694184,-0.030743,0.291607,0.643420,-0.041459,0.330870,0.577749,-0.049779,0.359448,0.520595,-0.057200,0.262140,0.504456,-0.015441,0.292078,0.418626,-0.032379,0.304181,0.364505,-0.047705,0.312458,0.315920,-0.058767,0.223158,0.479408,-0.013781,0.247060,0.379742,-0.028093,0.257241,0.317504,-0.043119,0.262770,0.266472,-0.054111,0.183198,0.474718,-0.016570,0.196671,0.380727,-0.031711,0.205509,0.322749,-0.043626,0.212914,0.273888,-0.051530,0.140570,0.485598,-0.022619,0.147976,0.409326,-0.037265,0.153557,0.361682,-0.044087,0.159755,0.319185,-0.047659
139,0,0.026272,0.032157,0.024558,0.049433,0.048102,0.152076,0.707464,0.000000,0.225508,0.693101,-0.030884,0.291301,0.642385,-0.041823,0.330486,0.577672,-0.050390,0.359143,0.520877,-0.057991,0.262154,0.503114,-0.015787,0.291670,0.417981,-0.032818,0.303689,0.364149,-0.048226,0.312094,0.315637,-0.059372,0.223152,0.478256,-0.014141,0.246787,0.378904,-0.028627,0.256823,0.317224,-0.043643,0.262430,0.266434,-0.054582,0.183117,0.473737,-0.016939,0.196315,0.380006,-0.032127,0.205054,0.322396,-0.043896,0.212451,0.273526,-0.051680,0.140508,0.484842,-0.023019,0.147673,0.409046,-0.037609,0.153129,0.361747,-0.044310,0.159400,0.319179,-0.047857
167,0,0.044636,0.055371,0.056838,0.064645,0.047262,0.151096,0.707084,0.000000,0.224736,0.693487,-0.030645,0.290739,0.642366,-0.041136,0.329861,0.577210,-0.049235,0.358426,0.520184,-0.056367,0.261542,0.503682,-0.014759,0.291582,0.418725,-0.031266,0.303611,0.364979,-0.046405,0.311604,0.316423,-0.057425,0.222892,0.478349,-0.012964,0.246970,0.379391,-0.026918,0.256844,0.317298,-0.041757,0.261959,0.266219,-0.052640,0.183059,0.473442,-0.015645,0.196723,0.380138,-0.030438,0.205196,0.322478,-0.042264,0.212232,0.273917,-0.050109,0.140496,0.484258,-0.021580,0.147901,0.408742,-0.035914,0.153126,0.361613,-0.042609,0.158914,0.319275,-0.046175
201,0,0.045535,0.056069,0.072006,0.055115,0.049183,0.151704,0.707601,0.000000,0.225066,0.694275,-0.031038,0.290761,0.642894,-0.042028,0.329251,0.577542,-0.050581,0.357977,0.520717,-0.058122,0.261791,0.503368,-0.015944,0.291326,0.417997,-0.032992,0.303411,0.364189,-0.048281,0.311930,0.316033,-0.059317,0.222611,0.478325,-0.014140,0.246291,0.378749,-0.028555,0.256432,0.317012,-0.043430,0.262219,0.266395,-0.054213,0.182784,0.473815,-0.016818,0.195981,0.380011,-0.031935,0.204496,0.322361,-0.043591,0.212010,0.273846,-0.051316,0.140063,0.485362,-0.022773,0.147218,0.409452,-0.037361,0.152647,0.362204,-0.044097,0.158943,0.319502,-0.047638
235,0,0.033261,0.030731,0.091251,0.061690,0.040923,0.151172,0.707046,0.000000,0.224173,0.693021,-0.031170,0.290200,0.641835,-0.041966,0.329269,0.576800,-0.050277,0.357662,0.520268,-0.057643,0.261423,0.502073,-0.015562,0.291534,0.417306,-0.032275,0.303090,0.363475,-0.047606,0.310901,0.315429,-0.058702,0.222435,0.477212,-0.013628,0.246441,0.378364,-0.027763,0.256294,0.316757,-0.042772,0.261283,0.266008,-0.053776,0.182542,0.472944,-0.016183,0.196207,0.380015,-0.031032,0.204797,0.322921,-0.042841,0.211979,0.274842,-0.050737,0.139728,0.484513,-0.022054,0.147135,0.409386,-0.036395,0.152621,0.362379,-0.043048,0.158604,0.320126,-0.046617
263,0,0.023400,0.021656,0.037332,0.066989,0.040557,0.150901,0.707492,0.000000,0.224585,0.693022,-0.030680,0.289899,0.642280,-0.041367,0.329075,0.577061,-0.049705,0.357895,0.520312,-0.057076,0.260554,0.503354,-0.014948,0.290505,0.418232,-0.031693,0.302449,0.364262,-0.046987,0.310595,0.315729,-0.058089,0.222078,0.478315,-0.013244,0.246199,0.379252,-0.027340,0.256093,0.317091,-0.042312,0.261372,0.265987,-0.053252,0.182473,0.473545,-0.016019,0.196031,0.380063,-0.030887,0.204601,0.322597,-0.042749,0.211645,0.274511,-0.050626,0.139860,0.484362,-0.022054,0.147034,0.409047,-0.036415,0.152397,0.361724,-0.043072,0.158220,0.319777,-0.046619
296,0,0.030864,0.031294,0.052494,0.071229,0.026479,0.150069,0.708046,0.000000,0.223421,0.693898,-0.030991,0.289170,0.642660,-0.041896,0.328469,0.578039,-0.050432,0.357051,0.521028,-0.057932,0.260572,0.503206,-0.015392,0.290310,0.418292,-0.032348,0.302413,0.364372,-0.047809,0.310528,0.315986,-0.059036,0.221814,0.478213,-0.013712,0.245731,0.379372,-0.028046,0.255866,0.317527,-0.043092,0.261046,0.266798,-0.054067,0.181926,0.473466,-0.016542,0.195812,0.380064,-0.031612,0.204352,0.322755,-0.043414,0.211539,0.274273,-0.051260,0.138995,0.484906,-0.022674,0.146286,0.409317,-0.037249,0.151776,0.361905,-0.043990,0.157896,0.319322,-0.047579
331,0,0.030571,0.030641,0.033606,0.090113,0.048375,0.150058,0.707357,0.000000,0.222891,0.693418,-0.031225,0.288815,0.642256,-0.042171,0.328209,0.577807,-0.050652,0.356585,0.520800,-0.058118,0.260032,0.502535,-0.015924,0.289777,0.417040,-0.032838,0.301751,0.363257,-0.048163,0.309944,0.314812,-0.059316,0.220995,0.477694,-0.014057,0.244676,0.378520,-0.028345,0.254661,0.316884,-0.043323,0.260162,0.266330,-0.054293,0.181011,0.473462,-0.016684,0.194466,0.380255,-0.031686,0.203098,0.322874,-0.043508,0.210440,0.274589,-0.051435,0.138538,0.485124,-0.022630,0.145693,0.409715,-0.037194,0.151005,0.362525,-0.044038,0.157328,0.319965,-0.047702
360,0,0.036206,0.025850,0.053813,0.097807,0.040766,0.149356,0.707986,0.000000,0.222829,0.692870,-0.030618,0.288327,0.642183,-0.041346,0.327458,0.577799,-0.049726,0.355331,0.520749,-0.057139,0.258985,0.503459,-0.015044,0.288945,0.417961,-0.031861,0.300825,0.363996,-0.047240,0.309000,0.315201,-0.058428,0.220388,0.478868,-0.013456,0.244334,0.379990,-0.027672,0.254157,0.317842,-0.042820,0.259257,0.266633,-0.053916,0.180741,0.474356,-0.016322,0.194135,0.381077,-0.031286,0.202668,0.323533,-0.043234,0.209607,0.275111,-0.051199,0.138104,0.485429,-0.022446,0.145523,0.410110,-0.036926,0.150958,0.362657,-0.043694,0.156983,0.320435,-0.047332
392,0,0.044552,0.042837,0.085657,0.124420,0.063110,0.149238,0.708090,0.000000,0.222118,0.694107,-0.031784,0.287815,0.643746,-0.043390,0.326442,0.579040,-0.052445,0.355138,0.521525,-0.060443,0.259255,0.503231,-0.016214,0.288494,0.417720,-0.033577,0.300395,0.363862,-0.049273,0.308593,0.315161,-0.060627,0.220257,0.478145,-0.014226,0.243524,0.379705,-0.028865,0.253263,0.318038,-0.044034,0.258743,0.267332,-0.055065,0.180353,0.473616,-0.016823,0.193603,0.380618,-0.031991,0.202029,0.323108,-0.043712,0.209435,0.274388,-0.051480,0.137745,0.485231,-0.022798,0.145130,0.409794,-0.037392,0.150410,0.362753,-0.044080,0.156571,0.320249,-0.047527
445,0,0.028316,0.034676,0.051481,0.119021,0.051883,0.148456,0.707397,0.000000,0.221757,0.693981,-0.031532,0.287803,0.643321,-0.042656,0.326711,0.578532,-0.051252,0.355251,0.521338,-0.058836,0.258809,0.502868,-0.015766,0.288469,0.417800,-0.032636,0.300194,0.363849,-0.047942,0.308163,0.315240,-0.059112,0.220062,0.477986,-0.013790,0.243505,0.379227,-0.028131,0.253062,0.317468,-0.043231,0.257933,0.266540,-0.054239,0.180096,0.473692,-0.016352,0.193276,0.380673,-0.031440,0.201659,0.323149,-0.043369,0.208622,0.274190,-0.051344,0.137359,0.485288,-0.022247,0.144381,0.410305,-0.036864,0.149615,0.363036,-0.043713,0.155608,0.320447,-0.047391
474,0,0.024539,0.026315,0.035350,0.135121,0.063678,0.148734,0.708151,0.000000,0.222196,0.694264,-0.031754,0.287474,0.643785,-0.043089,0.326409,0.578630,-0.051919,0.354411,0.520720,-0.059690,0.258519,0.503602,-0.016153,0.287869,0.418325,-0.033248,0.299496,0.364160,-0.048792,0.307679,0.315295,-0.060104,0.219761,0.478712,-0.014095,0.243255,0.379682,-0.028489,0.253061,0.317669,-0.043618,0.258136,0.266514,-0.054678,0.179789,0.474234,-0.016590,0.192942,0.381080,-0.031662,0.201399,0.323312,-0.043526,0.208462,0.274453,-0.051505,0.137410,0.485870,-0.022453,0.144377,0.411170,-0.037042,0.149734,0.363904,-0.043825,0.155793,0.321723,-0.047504
505,0,0.028262,0.043927,0.041716,0.153555,0.083945,0.149348,0.709091,0.000000,0.222130,0.694965,-0.031734,0.287570,0.644369,-0.043393,0.325919,0.579442,-0.052522,0.354120,0.521385,-0.060616,0.258737,0.503900,-0.016373,0.287761,0.418420,-0.033803,0.299481,0.364536,-0.049486,0.307661,0.315799,-0.060846,0.219705,0.478831,-0.014533,0.243055,0.379953,-0.029227,0.252829,0.318061,-0.044404,0.257924,0.266957,-0.055465,0.179583,0.474437,-0.017258,0.192584,0.381041,-0.032493,0.200960,0.323580,-0.044174,0.208127,0.275021,-0.051924,0.136762,0.486198,-0.023352,0.143710,0.410482,-0.037920,0.149221,0.363123,-0.044473,0.155445,0.320847,-0.047877
540,0,0.020553,0.032302,0.056059,0.158556,0.069945,0.148333,0.708699,0.000000,0.221685,0.694872,-0.031664,0.287275,0.644006,-0.042986,0.325763,0.578776,-0.051730,0.353950,0.521025,-0.059508,0.258284,0.503578,-0.016246,0.287747,0.418682,-0.033459,0.299267,0.364782,-0.049107,0.307099,0.316069,-0.060475,0.219334,0.478616,-0.014313,0.243130,0.380165,-0.028949,0.252541,0.318188,-0.044321,0.257020,0.266928,-0.055596,0.179441,0.474607,-0.016914,0.192492,0.381476,-0.032216,0.200763,0.324183,-0.044298,0.207530,0.275306,-0.052375,0.136494,0.486554,-0.022851,0.143546,0.411152,-0.037601,0.149040,0.363803,-0.044528,0.155241,0.321097,-0.048233
568,0,0.012619,0.021503,0.044254,0.152200,0.066144,0.148601,0.709019,0.000000,0.221712,0.695416,-0.031776,0.287125,0.643862,-0.042935,0.325854,0.578654,-0.051541,0.353931,0.520903,-0.059180,0.258155,0.503513,-0.016049,0.287587,0.418624,-0.033110,0.299153,0.364623,-0.048688,0.306987,0.315880,-0.060054,0.219360,0.478612,-0.014036,0.242893,0.379990,-0.028508,0.252316,0.318082,-0.043718,0.257063,0.266972,-0.054900,0.179426,0.474581,-0.016590,0.192471,0.381375,-0.031845,0.200605,0.324070,-0.043764,0.207455,0.275414,-0.051725,0.136585,0.486383,-0.022503,0.143525,0.411055,-0.037252,0.148961,0.363844,-0.044109,0.155294,0.321395,-0.047813
601,0,0.022274,0.027407,0.040655,0.171716,0.074913,0.148066,0.708892,0.000000,0.221089,0.695447,-0.032095,0.286895,0.644350,-0.043584,0.325821,0.579150,-0.052448,0.353942,0.520925,-0.060276,0.258160,0.504038,-0.016715,0.287402,0.418761,-0.034006,0.298922,0.364604,-0.049593,0.306881,0.315705,-0.060966,0.219224,0.478969,-0.014608,0.242623,0.380222,-0.029263,0.252122,0.318236,-0.044527,0.257002,0.266931,-0.055717,0.179237,0.474604,-0.017060,0.192557,0.381533,-0.032394,0.200774,0.324155,-0.044412,0.207775,0.275255,-0.052448,0.136251,0.486453,-0.022908,0.143546,0.411105,-0.037736,0.148721,0.363957,-0.044712,0.154519,0.321199,-0.048488
636,0,0.019918,0.019686,0.050004,0.164957,0.068121,0.147899,0.708969,0.000000,0.221246,0.694721,-0.031936,0.287003,0.644267,-0.043440,0.325656,0.579465,-0.052414,0.353611,0.521230,-0.060329,0.257633,0.503404,-0.016405,0.286958,0.418035,-0.033662,0.298799,0.364290,-0.049331,0.307049,0.315347,-0.060697,0.218796,0.478643,-0.014403,0.241903,0.379563,-0.028899,0.251664,0.317729,-0.044131,0.256877,0.266764,-0.055267,0.178866,0.474569,-0.016969,0.191774,0.381485,-0.032097,0.200086,0.323737,-0.043993,0.207350,0.274880,-0.051908,0.136212,0.486220,-0.022928,0.143390,0.410796,-0.037504,0.148786,0.363555,-0.044292,0.154999,0.320818,-0.047904
665,0,0.044914,0.037598,0.050550,0.158933,0.059064,0.147469,0.708473,0.000000,0.221402,0.693876,-0.031582,0.286503,0.643245,-0.042639,0.325104,0.578263,-0.051186,0.353320,0.520913,-0.058742,0.257237,0.502704,-0.015411,0.286626,0.417670,-0.032296,0.298457,0.363648,-0.047869,0.306722,0.314883,-0.059202,0.218181,0.477942,-0.013326,0.241732,0.379425,-0.027528,0.251546,0.317567,-0.042663,0.256661,0.266618,-0.053766,0.178197,0.473970,-0.015803,0.191139,0.381256,-0.030776,0.199480,0.323584,-0.042732,0.206487,0.274755,-0.050771,0.135589,0.486007,-0.021654,0.142978,0.411504,-0.036212,0.148457,0.364487,-0.043054,0.154703,0.322159,-0.046763
698,0,0.037366,0.042777,0.043010,0.188096,0.094565,0.147759,0.707954,0.000000,0.220849,0.693250,-0.031474,0.286377,0.641984,-0.042548,0.324579,0.577014,-0.051113,0.352465,0.519506,-0.058665,0.256770,0.501843,-0.015299,0.286079,0.416815,-0.031934,0.297750,0.363168,-0.047291,0.305588,0.314629,-0.058526,0.217682,0.477767,-0.013147,0.241282,0.379345,-0.027076,0.250688,0.317628,-0.042041,0.255625,0.266623,-0.053047,0.177853,0.473926,-0.015495,0.191397,0.381621,-0.030092,0.199470,0.324165,-0.041742,0.206192,0.275111,-0.049639,0.135412,0.486089,-0.021228,0.143466,0.412870,-0.035318,0.148884,0.366709,-0.041788,0.154335,0.325037,-0.045288
731,0,0.109780,0.108929,0.121604,0.285531,0.171289,0.146461,0.705712,0.000000,0.220421,0.690867,-0.031544,0.285677,0.639412,-0.041791,0.322937,0.572539,-0.049396,0.350383,0.516807,-0.056013,0.255990,0.500036,-0.014589,0.285562,0.415354,-0.030442,0.296934,0.361694,-0.045306,0.304739,0.313388,-0.056334,0.217003,0.476445,-0.011855,0.240076,0.378851,-0.025295,0.248867,0.317088,-0.039884,0.253035,0.266142,-0.050636,0.177352,0.473487,-0.013613,0.190542,0.382117,-0.028075,0.198034,0.325578,-0.039540,0.204452,0.276614,-0.047466,0.134945,0.486618,-0.018736,0.143222,0.417784,-0.032808,0.149127,0.374583,-0.039241,0.155426,0.334992,-0.042848
760,0,0.177999,0.171990,0.161299,0.447982,0.336430,0.145859,0.704698,0.000000,0.219779,0.690113,-0.033252,0.283752,0.636970,-0.043200,0.319330,0.567129,-0.049992,0.346222,0.509787,-0.055526,0.254950,0.500299,-0.014762,0.283891,0.417233,-0.029958,0.294334,0.364777,-0.044297,0.301455,0.317342,-0.055160,0.215296,0.474988,-0.010600,0.237814,0.379027,-0.023075,0.247046,0.318807,-0.036888,0.252302,0.268216,-0.047202,0.175243,0.471668,-0.011137,0.187214,0.382513,-0.025545,0.193990,0.327586,-0.037162,0.200285,0.278739,-0.045418,0.132936,0.486131,-0.015105,0.140347,0.423626,-0.029364,0.145266,0.389771,-0.035424,0.150271,0.358927,-0.038763
813,0,0.185759,0.204621,0.485293,0.569741,0.482464,0.146132,0.702917,0.000000,0.216639,0.688773,-0.036620,0.279354,0.634655,-0.046719,0.312478,0.562168,-0.053043,0.335027,0.500453,-0.058047,0.253820,0.500316,-0.016138,0.280905,0.418841,-0.030752,0.290648,0.366462,-0.044559,0.296884,0.319818,-0.055090,0.215149,0.474647,-0.010673,0.236317,0.379212,-0.022893,0.245663,0.318951,-0.036552,0.251331,0.269055,-0.046765,0.175354,0.471454,-0.010361,0.186346,0.380921,-0.027431,0.193468,0.328361,-0.041966,0.199767,0.284061,-0.051723,0.133154,0.485204,-0.013499,0.138909,0.424334,-0.032094,0.144181,0.407287,-0.040260,0.148397,0.397218,-0.044354
843,0,0.315510,0.396296,2.462127,0.769924,0.782834,0.147442,0.697138,0.000000,0.212900,0.681415,-0.037373,0.270859,0.628255,-0.048657,0.297902,0.555837,-0.056060,0.315212,0.493695,-0.062695,0.253391,0.500168,-0.017626,0.278093,0.421674,-0.032995,0.286585,0.372916,-0.047980,0.292273,0.326160,-0.059535,0.214783,0.476480,-0.013135,0.234502,0.382755,-0.025841,0.242840,0.325895,-0.040239,0.248331,0.273199,-0.051456,0.174692,0.475302,-0.013778,0.185047,0.385602,-0.033785,0.191693,0.336247,-0.048612,0.196988,0.291774,-0.058407,0.131562,0.489534,-0.017761,0.141659,0.423434,-0.039201,0.146884,0.427760,-0.044708,0.148566,0.439513,-0.046626
872,0,0.379898,0.458060,2.129028,1.070222,1.143878,0.146186,0.691344,0.000000,0.205361,0.679189,-0.037709,0.261098,0.632757,-0.049271,0.279159,0.564048,-0.056760,0.279248,0.507241,-0.064030,0.253192,0.496862,-0.014978,0.273891,0.424555,-0.027198,0.280152,0.380574,-0.041848,0.284958,0.336394,-0.053782,0.214944,0.474470,-0.010889,0.230034,0.387525,-0.020289,0.235996,0.334273,-0.035103,0.240143,0.282951,-0.047475,0.175464,0.474059,-0.011814,0.184219,0.390890,-0.032519,0.187381,0.347115,-0.049665,0.189576,0.306447,-0.061271,0.132711,0.489034,-0.015887,0.145288,0.424775,-0.040621,0.142411,0.450093,-0.046074,0.136563,0.481050,-0.047782
908,0,0.410587,0.432378,0.899394,1.362239,1.455898,0.145216,0.685049,0.000000,0.203371,0.670194,-0.032575,0.257928,0.624583,-0.041326,0.255174,0.554819,-0.046124,0.230309,0.508282,-0.050986,0.250218,0.493219,-0.009613,0.269696,0.427609,-0.018306,0.275347,0.386950,-0.030313,0.279652,0.344532,-0.040354,0.212519,0.468569,-0.006579,0.227785,0.386388,-0.013360,0.232801,0.334949,-0.025916,0.236180,0.284925,-0.035682,0.174826,0.467107,-0.007731,0.182141,0.390368,-0.027544,0.182967,0.350958,-0.043461,0.183609,0.314390,-0.052973,0.134255,0.483635,-0.011330,0.147498,0.426814,-0.034646,0.142223,0.461305,-0.037246,0.135554,0.500101,-0.036126
937,0,0.435846,0.458516,0.447866,1.788092,1.865977,0.143332,0.679890,0.000000,0.197847,0.662257,-0.027360,0.245903,0.605089,-0.031809,0.225986,0.532072,-0.031809,0.192023,0.490801,-0.031975,0.246275,0.493459,-0.006211,0.267558,0.432270,-0.010915,0.273252,0.394527,-0.018867,0.276112,0.354789,-0.026071,0.209472,0.466965,-0.003784,0.224750,0.387903,-0.008456,0.229709,0.339330,-0.018035,0.233019,0.291846,-0.024969,0.173496,0.465045,-0.004693,0.178477,0.392863,-0.024096,0.179602,0.354935,-0.039168,0.180666,0.317648,-0.047318,0.134477,0.482609,-0.007069,0.146850,0.432558,-0.029979,0.142343,0.474735,-0.030811,0.135814,0.519620,-0.027942
968,0,0.323744,0.364885,0.549309,2.094272,2.189924,0.142646,0.674363,0.000000,0.196927,0.653956,-0.025516,0.240467,0.594185,-0.029260,0.211110,0.527203,-0.029016,0.174943,0.489388,-0.028853,0.245394,0.491425,-0.003759,0.264467,0.436394,-0.008393,0.268555,0.403788,-0.016777,0.270111,0.368037,-0.024397,0.207318,0.465740,-0.002551,0.219987,0.392703,-0.006521,0.222917,0.350465,-0.015871,0.225683,0.307851,-0.022993,0.170228,0.463469,-0.004759,0.173686,0.399720,-0.024112,0.175090,0.368415,-0.038742,0.177006,0.335514,-0.046962,0.131062,0.480032,-0.008398,0.139489,0.440081,-0.032210,0.135340,0.488328,-0.033289,0.130576,0.537168,-0.030603
1002,0,0.348835,0.431259,1.368123,2.403478,2.577263,0.143664,0.668181,0.000000,0.194258,0.646817,-0.022487,0.234816,0.584847,-0.025993,0.203755,0.523914,-0.026639,0.166466,0.487969,-0.027619,0.243570,0.490236,-0.001374,0.262973,0.439851,-0.007698,0.266088,0.413090,-0.017100,0.264619,0.386174,-0.024563,0.205173,0.464565,-0.001387,0.216643,0.400214,-0.005396,0.216562,0.363002,-0.015063,0.214879,0.329513,-0.022173,0.167144,0.460730,-0.004934,0.169834,0.405922,-0.022839,0.170022,0.381494,-0.038333,0.169946,0.356188,-0.047872,0.127127,0.475029,-0.009858,0.132361,0.459107,-0.034259,0.131216,0.512069,-0.038842,0.129162,0.561060,-0.038764
1030,0,0.446017,0.539432,2.959471,2.550724,2.799518,0.143055,0.659380,0.000000,0.191404,0.639993,-0.022405,0.228894,0.579165,-0.028831,0.198161,0.520717,-0.033003,0.160130,0.482839,-0.037231,0.241855,0.490156,-0.004663,0.263778,0.437068,-0.020301,0.263961,0.417384,-0.035387,0.256208,0.413271,-0.043544,0.204096,0.463439,-0.004330,0.217237,0.404981,-0.013549,0.216018,0.369469,-0.026820,0.210099,0.349079,-0.035610,0.165982,0.458203,-0.008116,0.165433,0.412652,-0.029520,0.162947,0.392009,-0.048573,0.157932,0.379087,-0.060269,0.126132,0.470587,-0.013075,0.126715,0.474523,-0.041607,0.128476,0.527797,-0.051739,0.128379,0.576259,-0.055017
1066,0,0.337148,0.454762,2.031926,2.728516,3.137684,0.146509,0.655187,0.000000,0.194129,0.635924,-0.022853,0.228922,0.577591,-0.030917,0.193117,0.519166,-0.036126,0.153892,0.481140,-0.041175,0.237654,0.492854,-0.008831,0.259604,0.449064,-0.025904,0.259854,0.434311,-0.041033,0.252181,0.436568,-0.048989,0.199045,0.467259,-0.008024,0.215028,0.412629,-0.018786,0.215504,0.387081,-0.030435,0.209333,0.380759,-0.037536,0.160045,0.463454,-0.011248,0.159428,0.417259,-0.034289,0.157825,0.406749,-0.050666,0.152427,0.406162,-0.059622,0.120154,0.477182,-0.015414,0.124383,0.477932,-0.044850,0.128981,0.530693,-0.054234,0.130066,0.579306,-0.056518
1100,0,0.532944,0.679862,4.355799,3.020566,3.568837,0.147146,0.646963,0.000000,0.195933,0.631615,-0.025035,0.229558,0.578473,-0.034814,0.196411,0.520803,-0.041560,0.157222,0.481732,-0.046950,0.237137,0.497930,-0.013466,0.259738,0.457278,-0.035492,0.252027,0.448538,-0.051459,0.236486,0.460579,-0.058035,0.197787,0.469928,-0.010187,0.212259,0.422800,-0.025865,0.210187,0.406563,-0.036679,0.202943,0.412775,-0.040916,0.159174,0.463213,-0.010992,0.145029,0.437245,-0.036035,0.140872,0.454947,-0.046984,0.138918,0.480745,-0.049188,0.122409,0.474325,-0.013085,0.115155,0.487037,-0.039933,0.120376,0.538804,-0.046001,0.127462,0.586103,-0.044442
1131,0,0.866771,0.979538,5.816952,3.509742,4.341343,0.153560,0.637186,0.000000,0.199970,0.627285,-0.027494,0.233794,0.586822,-0.041186,0.204725,0.533022,-0.052913,0.167343,0.495613,-0.062816,0.243046,0.496367,-0.023077,0.259255,0.451106,-0.057346,0.244507,0.454161,-0.077278,0.227378,0.482066,-0.083252,0.204332,0.462729,-0.020153,0.211363,0.426915,-0.053227,0.196851,0.428075,-0.066526,0.184881,0.451340,-0.065897,0.166530,0.449759,-0.021976,0.143843,0.474883,-0.058383,0.140719,0.532943,-0.066275,0.147218,0.586259,-0.059326,0.131270,0.453414,-0.025686,0.113315,0.490690,-0.052850,0.116128,0.542211,-0.057031,0.128743,0.581441,-0.050963
1179,0,0.453317,0.439391,3.042129,3.414248,4.550190,0.160970,0.630428,-0.000000,0.203573,0.627244,-0.028040,0.239452,0.595809,-0.042443,0.215944,0.549768,-0.054902,0.179471,0.515744,-0.065446,0.247662,0.481571,-0.019631,0.262048,0.450001,-0.052928,0.247980,0.478491,-0.072868,0.234218,0.515406,-0.079643,0.209818,0.453448,-0.016995,0.211145,0.424094,-0.048628,0.196358,0.453959,-0.061853,0.186513,0.494055,-0.061323,0.172652,0.445325,-0.019189,0.152205,0.465658,-0.052869,0.144166,0.519316,-0.060027,0.145184,0.564823,-0.054018,0.138444,0.453684,-0.023371,0.118509,0.485803,-0.048540,0.118892,0.536116,-0.051809,0.129336,0.572587,-0.045683
1212,0,0.644895,0.645771,2.439068,3.543130,4.936162,0.164573,0.626408,-0.000000,0.203815,0.633360,-0.034030,0.240594,0.615265,-0.053779,0.225640,0.573804,-0.070270,0.195765,0.538750,-0.084210,0.253886,0.484911,-0.027145,0.265996,0.468286,-0.065623,0.253634,0.509615,-0.089254,0.240932,0.548056,-0.097981,0.217220,0.455987,-0.022951,0.217197,0.437351,-0.059559,0.197330,0.485613,-0.072876,0.185272,0.528260,-0.071856,0.179771,0.445806,-0.024297,0.161194,0.457215,-0.060919,0.141524,0.510231,-0.065056,0.134394,0.548521,-0.056669,0.144902,0.451417,-0.027995,0.126040,0.465527,-0.052447,0.118738,0.513947,-0.051852,0.123067,0.546403,-0.043069
1241,0,0.464230,0.668098,4.969400,3.809990,5.514792,0.173384,0.614868,-0.000000,0.210159,0.626773,-0.031566,0.242616,0.615016,-0.051486,0.223805,0.580761,-0.068245,0.190258,0.554321,-0.082789,0.258091,0.477052,-0.030117,0.266576,0.486097,-0.066347,0.255922,0.535378,-0.088165,0.244888,0.576027,-0.095542,0.222640,0.445637,-0.026415,0.214877,0.460914,-0.058021,0.199521,0.513774,-0.068455,0.188939,0.556752,-0.066980,0.183622,0.437351,-0.027324,0.159796,0.476781,-0.058443,0.145426,0.535199,-0.059497,0.140245,0.574992,-0.050248,0.147654,0.446033,-0.030644,0.126649,0.475825,-0.049747,0.121633,0.524496,-0.046111,0.125054,0.556195,-0.035888
1272,0,0.666711,1.129408,1.502665,4.320698,6.543538,0.175928,0.587286,-0.000000,0.208395,0.609744,-0.033957,0.239691,0.617787,-0.059297,0.226928,0.598679,-0.081782,0.195866,0.575324,-0.102329,0.263445,0.481198,-0.042293,0.271399,0.502922,-0.082648,0.254085,0.550174,-0.106765,0.239671,0.586440,-0.116044,0.228711,0.447726,-0.039285,0.221804,0.477885,-0.075612,0.205437,0.531716,-0.086982,0.193962,0.576427,-0.086013,0.189636,0.437227,-0.040457,0.166644,0.493886,-0.074287,0.147656,0.556277,-0.073114,0.137250,0.599446,-0.062050,0.153801,0.443633,-0.044281,0.132555,0.486244,-0.064191,0.125469,0.536421,-0.058634,0.124906,0.570034,-0.046958
1308,0,0.883849,1.404837,2.832113,5.036705,7.829011,0.178289,0.555410,-0.000000,0.210173,0.579659,-0.030683,0.237070,0.604949,-0.058231,0.237890,0.615149,-0.084384,0.224950,0.619895,-0.110096,0.267722,0.478153,-0.051130,0.271989,0.529622,-0.096824,0.263140,0.582190,-0.125670,0.253219,0.625208,-0.137522,0.230335,0.446245,-0.051424,0.216149,0.511484,-0.089526,0.204646,0.562935,-0.101574,0.194835,0.601562,-0.103043,0.187676,0.439394,-0.055391,0.158722,0.525517,-0.090016,0.144074,0.587618,-0.090065,0.136617,0.629507,-0.080907,0.150024,0.448556,-0.062100,0.126879,0.512343,-0.081788,0.123365,0.559997,-0.077234,0.125546,0.590171,-0.067292
1336,0,0.497416,0.622514,1.058110,5.257551,8.114826,0.176259,0.547740,-0.000000,0.207783,0.564997,-0.023756,0.234492,0.586634,-0.048925,0.244757,0.608532,-0.074713,0.246083,0.637014,-0.100773,0.271129,0.479991,-0.045506,0.272922,0.550244,-0.090270,0.264631,0.608242,-0.119402,0.253126,0.656594,-0.131788,0.233158,0.452911,-0.049594,0.216061,0.531272,-0.088635,0.205941,0.592980,-0.100327,0.192153,0.642114,-0.101467,0.189835,0.446310,-0.056530,0.161377,0.539251,-0.090666,0.146872,0.603693,-0.088982,0.135262,0.648412,-0.078676,0.150009,0.453398,-0.066043,0.130766,0.524565,-0.084523,0.128447,0.576414,-0.078478,0.127429,0.611191,-0.067628
1369,0,0.314989,0.558033,0.853174,5.508295,8.543941,0.173780,0.535373,-0.000000,0.210686,0.555564,-0.022773,0.234691,0.584550,-0.048779,0.243183,0.615198,-0.075953,0.243937,0.651809,-0.103358,0.275473,0.481220,-0.045751,0.273412,0.565704,-0.092786,0.265281,0.627319,-0.123885,0.254372,0.678633,-0.137434,0.235481,0.456212,-0.051551,0.216470,0.543474,-0.093350,0.205970,0.603757,-0.106129,0.193061,0.648327,-0.107668,0.190055,0.450637,-0.060249,0.158839,0.550728,-0.096789,0.145400,0.618850,-0.094479,0.135943,0.664380,-0.082625,0.149687,0.457872,-0.071693,0.130920,0.533049,-0.091246,0.130997,0.581410,-0.084934,0.133055,0.611789,-0.073592
1402,0,0.382568,0.325008,0.703921,5.642662,8.685792,0.174928,0.538388,0.000000,0.214630,0.558831,-0.023587,0.236945,0.581829,-0.049556,0.241723,0.612435,-0.076074,0.238908,0.647222,-0.102253,0.283346,0.490940,-0.047226,0.278513,0.577473,-0.094975,0.273132,0.644610,-0.126599,0.266617,0.700069,-0.140944,0.241418,0.465637,-0.053718,0.220000,0.561645,-0.098378,0.211744,0.627761,-0.111101,0.203002,0.674406,-0.112253,0.193257,0.460476,-0.063352,0.159449,0.566418,-0.101781,0.146516,0.632365,-0.098483,0.138786,0.672899,-0.085394,0.151430,0.468573,-0.075760,0.132645,0.544841,-0.095708,0.133382,0.585745,-0.088273,0.137903,0.607089,-0.076074
1431,0,0.537171,0.576043,1.198489,5.887464,8.841680,0.168340,0.542351,0.000000,0.213978,0.566383,-0.028500,0.239728,0.585652,-0.058752,0.241934,0.612653,-0.088304,0.231336,0.641068,-0.116803,0.286695,0.496789,-0.052391,0.284904,0.583576,-0.102979,0.277706,0.652127,-0.137539,0.271032,0.708737,-0.154869,0.241922,0.472669,-0.059053,0.226328,0.577378,-0.112195,0.214780,0.663489,-0.128223,0.204757,0.725490,-0.129726,0.191794,0.469599,-0.069170,0.168804,0.580258,-0.112295,0.155911,0.644303,-0.107687,0.147359,0.676554,-0.093312,0.148690,0.481451,-0.082493,0.138405,0.563124,-0.104381,0.139912,0.598993,-0.095716,0.142906,0.609300,-0.082694
1467,0,0.904190,0.557517,2.189146,5.962067,8.563092,0.179815,0.581219,-0.000000,0.218997,0.601450,-0.031249,0.249529,0.625622,-0.062083,0.257732,0.655912,-0.091720,0.259070,0.687518,-0.120006,0.284726,0.504008,-0.059535,0.294457,0.598925,-0.107319,0.288353,0.672710,-0.137476,0.283179,0.728086,-0.150475,0.241627,0.477470,-0.060367,0.233944,0.620784,-0.105187,0.226313,0.697814,-0.115742,0.215193,0.748538,-0.114702,0.193211,0.477263,-0.064162,0.174658,0.619128,-0.099571,0.164001,0.682791,-0.093228,0.152828,0.722475,-0.078773,0.149982,0.489078,-0.071598,0.142843,0.582054,-0.092188,0.144570,0.621532,-0.085740,0.143741,0.641671,-0.072950
1498,0,0.829158,0.938027,2.610013,6.491568,8.833166,0.168638,0.582647,0.000000,0.209761,0.599636,-0.034744,0.237805,0.615679,-0.069946,0.240068,0.641533,-0.102754,0.232547,0.668683,-0.132352,0.289241,0.517492,-0.065768,0.299539,0.611229,-0.124099,0.290803,0.693520,-0.161288,0.283699,0.756975,-0.177998,0.246104,0.491384,-0.070048,0.238039,0.633591,-0.127258,0.229626,0.730179,-0.137243,0.220232,0.792318,-0.130926,0.194699,0.494249,-0.078861,0.178579,0.633267,-0.119820,0.178453,0.684392,-0.104842,0.176541,0.700329,-0.081918,0.148850,0.510680,-0.092157,0.144479,0.613234,-0.113095,0.151801,0.646916,-0.098780,0.157193,0.651615,-0.078759
1546,0,1.050459,2.060482,4.945651,7.321785,10.788286,0.176277,0.524404,0.000001,0.225883,0.554545,-0.031008,0.252324,0.593185,-0.069218,0.239116,0.644081,-0.103634,0.221305,0.688405,-0.140660,0.286681,0.526966,-0.096480,0.297987,0.629294,-0.138727,0.299489,0.705636,-0.169566,0.297496,0.769860,-0.190351,0.240397,0.499999,-0.102668,0.237624,0.654861,-0.146654,0.236588,0.748677,-0.165699,0.238225,0.813214,-0.178750,0.188138,0.500799,-0.107405,0.179881,0.645540,-0.141337,0.179859,0.728715,-0.140370,0.181964,0.775896,-0.137663,0.145782,0.512873,-0.114462,0.141404,0.615337,-0.131766,0.143981,0.660511,-0.121809,0.147518,0.680309,-0.114268
1584,0,0.791939,0.900846,0.695041,7.246193,10.481559,0.158016,0.524071,0.000001,0.215096,0.558606,-0.020047,0.250385,0.604015,-0.048998,0.240689,0.660371,-0.075893,0.218407,0.704872,-0.105276,0.283770,0.536003,-0.078564,0.291710,0.651367,-0.114809,0.294736,0.731202,-0.141206,0.291663,0.797259,-0.158490,0.238014,0.511989,-0.087573,0.230555,0.670143,-0.123503,0.226150,0.762689,-0.138483,0.224241,0.829261,-0.149167,0.185796,0.510584,-0.095063,0.174316,0.657178,-0.123922,0.169865,0.740850,-0.126017,0.167759,0.795328,-0.125389,0.140797,0.521641,-0.103914,0.138135,0.621890,-0.118056,0.139141,0.660091,-0.111247,0.140461,0.678825,-0.105905
1618,0,0.272999,0.480754,0.913601,7.445004,10.886569,0.158715,0.511711,0.000001,0.212113,0.544661,-0.018288,0.245682,0.596700,-0.044711,0.235992,0.664781,-0.067766,0.218917,0.716157,-0.092841,0.282730,0.542875,-0.081702,0.291185,0.658699,-0.116362,0.292963,0.740242,-0.141023,0.289839,0.808124,-0.156980,0.236947,0.519695,-0.089888,0.226805,0.675934,-0.124651,0.222209,0.766045,-0.138640,0.220685,0.831557,-0.148898,0.183734,0.518143,-0.096001,0.167760,0.665540,-0.123615,0.162975,0.752582,-0.125998,0.160496,0.811042,-0.126102,0.137496,0.528875,-0.102995,0.134898,0.624833,-0.116258,0.134805,0.661421,-0.109523,0.136505,0.681203,-0.104705
1651,0,0.472367,0.733224,1.061002,7.259881,10.876904,0.151156,0.493039,0.000001,0.204977,0.523668,-0.018503,0.244155,0.585794,-0.040968,0.242727,0.665429,-0.059996,0.228073,0.722322,-0.080782,0.276354,0.540205,-0.072068,0.285911,0.660099,-0.103142,0.288300,0.742152,-0.124925,0.285246,0.808558,-0.139098,0.232293,0.525384,-0.078682,0.225060,0.678785,-0.107919,0.221653,0.767334,-0.118837,0.221217,0.833059,-0.127340,0.181794,0.526456,-0.083983,0.167171,0.666525,-0.107394,0.163002,0.745520,-0.109913,0.161534,0.803450,-0.110648,0.134992,0.538486,-0.090545,0.130755,0.628128,-0.101357,0.128775,0.655948,-0.095794,0.129794,0.673249,-0.092014
1684,0,0.313030,0.459068,0.665245,7.470915,11.239486,0.148457,0.480716,0.000001,0.205460,0.512064,-0.020232,0.248532,0.579054,-0.043637,0.252357,0.659463,-0.063176,0.242120,0.718877,-0.084768,0.271911,0.541403,-0.075225,0.280317,0.664059,-0.106573,0.281618,0.745912,-0.127631,0.278006,0.811323,-0.141386,0.226486,0.526673,-0.081462,0.221067,0.685121,-0.112917,0.213922,0.775356,-0.123153,0.209098,0.839929,-0.130297,0.175627,0.528249,-0.086367,0.161648,0.671355,-0.112277,0.158421,0.752055,-0.113877,0.158176,0.809861,-0.112810,0.128674,0.539657,-0.092338,0.124448,0.634287,-0.103427,0.125536,0.669630,-0.096497,0.128353,0.692899,-0.091432
1717,0,0.651170,0.741524,0.314181,7.834799,11.354674,0.135621,0.481334,0.000001,0.193375,0.512433,-0.023867,0.237163,0.573342,-0.053848,0.244368,0.649257,-0.079745,0.241616,0.705056,-0.108930,0.266337,0.537092,-0.088788,0.276991,0.652047,-0.128147,0.277856,0.732049,-0.155482,0.274924,0.794209,-0.172849,0.219483,0.523140,-0.096393,0.221401,0.685257,-0.135135,0.218402,0.774262,-0.149419,0.215646,0.833802,-0.158565,0.166305,0.525933,-0.102661,0.164378,0.670312,-0.135649,0.166939,0.752717,-0.138218,0.170767,0.808860,-0.136676,0.119351,0.536841,-0.109855,0.119688,0.627785,-0.126297,0.123634,0.669855,-0.119309,0.127684,0.698072,-0.113452
1752,0,0.528176,0.366225,0.343544,7.598178,11.239566,0.134064,0.469259,0.000001,0.191051,0.496520,-0.025012,0.237404,0.560080,-0.054115,0.248819,0.634724,-0.079214,0.249301,0.684260,-0.107239,0.258168,0.527350,-0.086555,0.268379,0.640299,-0.123707,0.269071,0.713855,-0.147416,0.266350,0.769406,-0.161999,0.213464,0.515048,-0.092606,0.211262,0.667284,-0.129857,0.208723,0.748552,-0.141067,0.207122,0.803377,-0.147515,0.163467,0.518616,-0.097616,0.156744,0.659093,-0.129361,0.158424,0.734035,-0.128568,0.161068,0.785935,-0.124203,0.118636,0.529979,-0.103866,0.119286,0.626467,-0.120730,0.124145,0.670969,-0.113191,0.127767,0.702165,-0.106048
1786,0,0.816458,0.762547,0.402817,7.151647,10.580734,0.119055,0.464407,0.000001,0.176234,0.485591,-0.021732,0.221507,0.542067,-0.047420,0.230361,0.610880,-0.070542,0.224343,0.662936,-0.097034,0.249019,0.519502,-0.073401,0.260990,0.614991,-0.108315,0.271353,0.679882,-0.132509,0.277872,0.733234,-0.147925,0.206953,0.507452,-0.080241,0.208406,0.638994,-0.114236,0.209830,0.710862,-0.126792,0.211162,0.763129,-0.134653,0.160075,0.509453,-0.086621,0.153116,0.639042,-0.116992,0.152168,0.705468,-0.119442,0.152193,0.754687,-0.117094,0.116796,0.520925,-0.094278,0.116840,0.610544,-0.110152,0.120783,0.656929,-0.104946,0.124721,0.692860,-0.099382
1818,0,0.845446,1.779547,1.643431,6.883160,10.056997,0.139241,0.496416,0.000001,0.183559,0.507065,-0.028422,0.215433,0.540123,-0.058465,0.225264,0.592260,-0.086863,0.222752,0.643487,-0.117787,0.234177,0.513453,-0.073760,0.255918,0.593335,-0.117692,0.259025,0.653512,-0.147043,0.259177,0.700842,-0.164292,0.193423,0.499226,-0.079859,0.204516,0.599776,-0.123219,0.203173,0.663854,-0.137704,0.202854,0.709466,-0.144661,0.150747,0.498708,-0.087101,0.152027,0.611726,-0.123791,0.150658,0.671270,-0.121408,0.149366,0.709780,-0.114070,0.112969,0.508357,-0.096869,0.110131,0.590371,-0.117406,0.111743,0.638289,-0.109591,0.112147,0.668180,-0.100538
1852,0,0.722769,0.960496,0.917733,6.856184,10.917646,0.166449,0.471603,0.000000,0.210259,0.488023,-0.031962,0.238462,0.522052,-0.064147,0.249383,0.567053,-0.093661,0.246758,0.606453,-0.125802,0.229057,0.487783,-0.079728,0.241491,0.573686,-0.125357,0.246885,0.636234,-0.157675,0.250363,0.683946,-0.176995,0.181633,0.481676,-0.083067,0.185681,0.595473,-0.127315,0.187318,0.670205,-0.141561,0.191066,0.718359,-0.150197,0.137644,0.487033,-0.087118,0.139069,0.604054,-0.123398,0.142280,0.663339,-0.115830,0.141875,0.700811,-0.106571,0.103909,0.500720,-0.094374,0.105027,0.580309,-0.113961,0.112787,0.623603,-0.102743,0.115196,0.650654,-0.092682
1887,0,0.366292,0.446738,0.564581,6.808519,10.712785,0.158135,0.471408,0.000001,0.199985,0.482912,-0.032250,0.228042,0.520337,-0.064132,0.235753,0.570934,-0.093718,0.233367,0.617243,-0.126059,0.232063,0.489636,-0.077409,0.247452,0.577108,-0.121282,0.254240,0.635389,-0.151786,0.257259,0.681748,-0.170989,0.187716,0.477996,-0.082646,0.192893,0.587242,-0.127713,0.193960,0.656213,-0.144160,0.196672,0.705485,-0.153807,0.144915,0.479581,-0.089124,0.145146,0.598148,-0.128632,0.149850,0.658185,-0.127713,0.152806,0.695699,-0.122292,0.109124,0.490181,-0.098403,0.106215,0.574292,-0.122476,0.110558,0.620572,-0.116596,0.113190,0.648114,-0.109980
1928,0,0.740160,2.017718,0.993220,7.314602,11.138460,0.118498,0.428546,0.000001,0.176681,0.458061,-0.030231,0.221341,0.518018,-0.062622,0.233404,0.585083,-0.091362,0.231658,0.635277,-0.123701,0.241132,0.483426,-0.088277,0.256654,0.596715,-0.128534,0.265250,0.666867,-0.154961,0.268712,0.723084,-0.171927,0.196028,0.466659,-0.093933,0.200044,0.618051,-0.134395,0.202723,0.700676,-0.148482,0.201543,0.759398,-0.156811,0.147292,0.467264,-0.099434,0.143347,0.608424,-0.133470,0.150784,0.683924,-0.134087,0.156309,0.734732,-0.131002,0.104108,0.475407,-0.107043,0.098385,0.569024,-0.126272,0.103121,0.616370,-0.120308,0.105657,0.648927,-0.114241
1975,0,0.811342,1.322729,0.964027,6.978980,11.644649,0.143288,0.405396,0.000001,0.197696,0.439551,-0.019430,0.236365,0.512250,-0.042519,0.233688,0.596905,-0.060682,0.224056,0.652622,-0.080177,0.254120,0.473536,-0.080073,0.261960,0.595497,-0.110701,0.264463,0.679558,-0.130144,0.261723,0.745929,-0.142584,0.204886,0.462643,-0.085352,0.199382,0.610523,-0.117809,0.192064,0.703919,-0.127844,0.185934,0.771195,-0.134639,0.153358,0.464186,-0.088592,0.142341,0.598772,-0.114464,0.137727,0.680178,-0.115614,0.133745,0.738045,-0.114778,0.106681,0.474751,-0.092408,0.104987,0.560978,-0.105056,0.105826,0.595046,-0.099411,0.107390,0.617789,-0.095125
2026,0,0.257570,0.237969,0.594506,7.011391,11.616921,0.140893,0.402269,0.000001,0.197801,0.429868,-0.016347,0.236356,0.501381,-0.038603,0.229175,0.588110,-0.055624,0.214693,0.646774,-0.073752,0.254936,0.470899,-0.083787,0.265519,0.589219,-0.114594,0.267625,0.676163,-0.133477,0.266055,0.744140,-0.145022,0.204963,0.459378,-0.089128,0.199760,0.602437,-0.124737,0.190447,0.695335,-0.134987,0.185115,0.760895,-0.141138,0.153302,0.459165,-0.091394,0.137184,0.599814,-0.118262,0.130294,0.681493,-0.119126,0.126044,0.736762,-0.117183,0.106033,0.468542,-0.093714,0.107383,0.565604,-0.103264,0.110251,0.594273,-0.095387,0.114599,0.610351,-0.089938
2070,0,0.197275,0.187363,0.505053,7.024594,11.703677,0.142806,0.399998,0.000001,0.199098,0.431515,-0.019762,0.239289,0.502700,-0.044116,0.235638,0.588429,-0.063430,0.222558,0.644990,-0.084116,0.257018,0.467298,-0.085171,0.264572,0.591269,-0.117783,0.267267,0.677597,-0.138047,0.265621,0.745600,-0.150395,0.207869,0.455603,-0.090079,0.201548,0.601996,-0.126121,0.195009,0.696734,-0.136675,0.190204,0.764505,-0.143007,0.156051,0.457641,-0.092559,0.142081,0.594978,-0.120422,0.135516,0.674664,-0.121477,0.130401,0.730142,-0.119155,0.109763,0.469424,-0.095567,0.108602,0.563517,-0.107493,0.110503,0.597760,-0.101002,0.112753,0.620548,-0.095884
2105,0,0.162203,0.167757,0.285460,6.940572,11.630509,0.145069,0.401934,0.000001,0.200412,0.434976,-0.020163,0.239784,0.504072,-0.045120,0.239532,0.586838,-0.065040,0.231507,0.643238,-0.086721,0.256817,0.467584,-0.084578,0.264931,0.586774,-0.117124,0.268071,0.668106,-0.137325,0.266582,0.733037,-0.150282,0.210087,0.455654,-0.090547,0.204275,0.603321,-0.125592,0.196602,0.694417,-0.136202,0.190193,0.758927,-0.143140,0.159948,0.457237,-0.094270,0.147439,0.593076,-0.121511,0.144111,0.673047,-0.122327,0.141427,0.729830,-0.121103,0.114211,0.467175,-0.098657,0.110503,0.556295,-0.111206,0.112147,0.597341,-0.105289,0.113563,0.627921,-0.100902
2140,0,0.242788,0.288328,0.281629,6.970841,11.564999,0.144548,0.406644,0.000001,0.200729,0.441041,-0.021969,0.240508,0.505625,-0.048707,0.242623,0.583459,-0.070452,0.236033,0.639389,-0.094418,0.257213,0.466816,-0.087178,0.266245,0.580708,-0.121430,0.270036,0.661042,-0.143699,0.268645,0.725751,-0.158179,0.211301,0.453578,-0.093869,0.206429,0.604772,-0.129120,0.199920,0.698539,-0.140703,0.193887,0.763739,-0.148792,0.160426,0.455415,-0.098562,0.152307,0.593137,-0.127023,0.151656,0.678680,-0.128820,0.151712,0.737734,-0.128620,0.113691,0.465639,-0.103955,0.110832,0.551029,-0.118135,0.112272,0.592686,-0.112243,0.113181,0.621765,-0.107949
2175,0,0.260016,0.266872,0.373706,6.813103,11.411165,0.143778,0.407542,0.000001,0.200437,0.440282,-0.021693,0.240915,0.506201,-0.047388,0.243067,0.580083,-0.068689,0.234610,0.632263,-0.092547,0.257804,0.470683,-0.081555,0.266107,0.585772,-0.113772,0.270342,0.661907,-0.135655,0.270011,0.722593,-0.150447,0.212476,0.457199,-0.087837,0.209132,0.608197,-0.121370,0.206559,0.694988,-0.134136,0.204842,0.758373,-0.143152,0.163200,0.460050,-0.092294,0.153157,0.599080,-0.119952,0.153764,0.679484,-0.123397,0.156948,0.737637,-0.124106,0.119519,0.470906,-0.097613,0.115131,0.561267,-0.111543,0.118152,0.602355,-0.106478,0.121816,0.633238,-0.102780
2211,0,0.326332,0.421998,0.395288,6.908982,11.338484,0.141013,0.415414,0.000001,0.198484,0.448915,-0.023521,0.241096,0.511583,-0.051680,0.248567,0.585064,-0.075728,0.245707,0.636754,-0.102574,0.256914,0.471706,-0.086820,0.265757,0.582547,-0.122794,0.268937,0.656500,-0.146647,0.267553,0.716075,-0.162155,0.211011,0.457266,-0.093887,0.209621,0.605743,-0.131040,0.207142,0.687948,-0.143898,0.205188,0.746149,-0.152340,0.161324,0.460834,-0.099482,0.155424,0.596317,-0.130647,0.157700,0.674754,-0.133101,0.160724,0.730073,-0.132119,0.118068,0.472679,-0.106108,0.116020,0.562153,-0.122893,0.121319,0.608592,-0.117788,0.125520,0.642776,-0.113371
2246,0,0.521505,0.571309,0.592340,6.790254,11.422650,0.144302,0.410051,0.000001,0.200303,0.441549,-0.019437,0.243306,0.508859,-0.043235,0.251293,0.586852,-0.062646,0.249593,0.642173,-0.084532,0.259983,0.474507,-0.079634,0.270683,0.594938,-0.112335,0.275917,0.674362,-0.133761,0.276028,0.736129,-0.147535,0.214365,0.465129,-0.086164,0.214271,0.616613,-0.119171,0.210858,0.707274,-0.130088,0.206769,0.771221,-0.137741,0.165461,0.469125,-0.090909,0.159526,0.607423,-0.118763,0.158422,0.688983,-0.121110,0.158182,0.747264,-0.121008,0.121319,0.479995,-0.096112,0.121490,0.569952,-0.110192,0.122258,0.614879,-0.104785,0.122289,0.649458,-0.100806
2280,0,0.279396,0.293467,0.275779,6.666890,11.426111,0.149044,0.410827,0.000001,0.205277,0.441678,-0.018559,0.248125,0.513456,-0.040911,0.251648,0.597606,-0.058860,0.244851,0.654364,-0.078445,0.263149,0.478740,-0.075900,0.274417,0.598624,-0.106291,0.280154,0.680073,-0.125409,0.281070,0.744780,-0.137565,0.217014,0.470100,-0.081874,0.213428,0.615859,-0.114395,0.206592,0.704771,-0.123954,0.201131,0.768312,-0.130188,0.167914,0.473466,-0.086082,0.156999,0.606684,-0.112006,0.154209,0.684951,-0.112837,0.152110,0.741275,-0.111382,0.122427,0.484295,-0.090966,0.122103,0.575121,-0.103330,0.123255,0.617010,-0.097667,0.124697,0.648368,-0.093199
2313,0,0.673280,0.810693,0.732057,7.058330,11.438699,0.141479,0.427061,0.000001,0.198855,0.461091,-0.024601,0.241660,0.524185,-0.054035,0.248650,0.597473,-0.079119,0.245876,0.651956,-0.107277,0.261405,0.484095,-0.089282,0.273784,0.596312,-0.126214,0.276792,0.673084,-0.151100,0.274958,0.733865,-0.167459,0.214812,0.470130,-0.096173,0.215423,0.627489,-0.133749,0.214591,0.716058,-0.147432,0.213753,0.776341,-0.156851,0.163971,0.473648,-0.101527,0.160979,0.614977,-0.133353,0.164817,0.699947,-0.136327,0.169164,0.758191,-0.135931,0.119816,0.485439,-0.108070,0.120110,0.576931,-0.124826,0.123981,0.622985,-0.119076,0.127177,0.655334,-0.114416
2352,0,0.294104,0.429035,0.422840,6.898090,11.049096,0.134787,0.434345,0.000001,0.193129,0.463700,-0.026642,0.240335,0.526188,-0.056134,0.251770,0.596300,-0.081926,0.251864,0.646001,-0.110668,0.259835,0.489403,-0.083176,0.271788,0.604214,-0.119765,0.272754,0.676758,-0.143459,0.270353,0.730883,-0.158154,0.213799,0.473761,-0.088974,0.215180,0.630889,-0.126164,0.215079,0.715141,-0.138260,0.213864,0.773559,-0.144958,0.163532,0.476476,-0.094173,0.162708,0.618196,-0.125664,0.170519,0.696653,-0.124964,0.177207,0.749915,-0.120465,0.119569,0.486797,-0.101021,0.121094,0.581644,-0.118566,0.129495,0.625985,-0.111668,0.135990,0.656419,-0.104370
2385,0,0.222110,0.203932,0.254283,6.860729,10.938149,0.133470,0.437899,0.000001,0.192907,0.464322,-0.022801,0.240548,0.523276,-0.049527,0.252949,0.594256,-0.073053,0.253329,0.646121,-0.099554,0.259502,0.493615,-0.078153,0.272253,0.605682,-0.113604,0.274833,0.677880,-0.136805,0.273193,0.733528,-0.151205,0.215268,0.482342,-0.085253,0.216668,0.636768,-0.120204,0.217175,0.721071,-0.131505,0.215838,0.780355,-0.137905,0.165835,0.486181,-0.091553,0.164119,0.625048,-0.122104,0.171060,0.702277,-0.122004,0.177639,0.756875,-0.118104,0.121669,0.495929,-0.099154,0.121198,0.586499,-0.116704,0.128035,0.629795,-0.110304,0.133458,0.661316,-0.103304
2417,0,0.203496,0.235783,0.280992,6.853409,10.809581,0.128897,0.441699,0.000001,0.187326,0.467357,-0.022915,0.234479,0.525129,-0.049521,0.247572,0.592120,-0.072769,0.247926,0.642297,-0.098993,0.257535,0.498274,-0.076901,0.270839,0.605783,-0.112867,0.276682,0.674068,-0.136976,0.278478,0.726778,-0.152130,0.214212,0.488613,-0.083150,0.217259,0.635909,-0.117394,0.219822,0.713818,-0.129104,0.217869,0.768171,-0.135697,0.164982,0.493590,-0.088710,0.165496,0.629105,-0.118968,0.173274,0.703497,-0.119756,0.178806,0.756873,-0.116115,0.121155,0.503763,-0.095401,0.120807,0.595709,-0.112474,0.127170,0.641116,-0.106471,0.132020,0.675382,-0.099731
2450,0,1.069027,1.849616,1.621567,6.289946,9.451140,0.131179,0.483441,0.000000,0.176105,0.493019,-0.023233,0.211062,0.520778,-0.046747,0.224158,0.565867,-0.069534,0.223740,0.613699,-0.095327,0.238073,0.496875,-0.057553,0.258671,0.585357,-0.094434,0.262511,0.643962,-0.119147,0.263169,0.687918,-0.133712,0.203538,0.487877,-0.063238,0.208561,0.600894,-0.098569,0.205659,0.666370,-0.110878,0.206685,0.712700,-0.116986,0.163583,0.489066,-0.070285,0.159955,0.602409,-0.102609,0.161522,0.662681,-0.104019,0.164383,0.705003,-0.099884,0.126094,0.498983,-0.079165,0.118226,0.575182,-0.097817,0.122347,0.622437,-0.092931,0.125693,0.656704,-0.086353
2484,0,0.344416,0.546856,0.964374,6.507501,9.974609,0.136338,0.475087,0.000001,0.179589,0.491574,-0.028124,0.215723,0.530113,-0.053618,0.229157,0.579639,-0.076551,0.228445,0.623323,-0.102160,0.238655,0.506883,-0.068107,0.259413,0.597003,-0.104098,0.264975,0.650176,-0.126062,0.267236,0.691203,-0.138982,0.202558,0.495006,-0.070922,0.201310,0.611312,-0.107605,0.196193,0.672757,-0.117757,0.196481,0.717969,-0.122002,0.161374,0.494741,-0.074890,0.154688,0.608669,-0.108990,0.156647,0.668101,-0.109451,0.159988,0.711639,-0.104006,0.124036,0.502944,-0.080612,0.115006,0.577680,-0.101976,0.118717,0.623529,-0.098100,0.123612,0.656962,-0.091640
2517,0,0.457625,0.428974,0.548607,6.817731,10.326133,0.143934,0.482982,0.000001,0.188105,0.499416,-0.029100,0.220586,0.538157,-0.058858,0.228167,0.590477,-0.086174,0.223117,0.640360,-0.117058,0.242347,0.512580,-0.075755,0.258836,0.603398,-0.114618,0.267187,0.658978,-0.140245,0.270711,0.704903,-0.156578,0.203174,0.499393,-0.080354,0.203471,0.617839,-0.120156,0.199063,0.684145,-0.132923,0.197882,0.733711,-0.139681,0.160241,0.497872,-0.085564,0.156561,0.611337,-0.121470,0.161034,0.674620,-0.122033,0.165265,0.721568,-0.117715,0.121102,0.504875,-0.092698,0.113197,0.579797,-0.114054,0.117004,0.627896,-0.108798,0.121476,0.663289,-0.102602
2552,0,0.253306,0.297851,0.443923,6.805008,10.410893,0.146058,0.481103,0.000001,0.181981,0.501781,-0.032899,0.211656,0.544386,-0.061755,0.220389,0.598914,-0.087087,0.218133,0.647895,-0.115427,0.233748,0.515524,-0.076607,0.253491,0.605920,-0.112513,0.263017,0.657997,-0.134790,0.268495,0.700087,-0.148984,0.199464,0.500347,-0.077359,0.196000,0.618258,-0.114957,0.191149,0.681589,-0.125861,0.191790,0.729417,-0.131594,0.161263,0.498329,-0.079098,0.153066,0.613168,-0.113829,0.157769,0.674246,-0.115427,0.162811,0.720737,-0.112043,0.126923,0.505528,-0.082998,0.116182,0.581607,-0.105464,0.118713,0.628744,-0.103114,0.122427,0.663936,-0.098790
2585,0,0.608374,1.235229,0.590097,6.453839,9.831966,0.119271,0.467081,0.000001,0.169075,0.491516,-0.020501,0.208307,0.537692,-0.043798,0.217955,0.598105,-0.066212,0.212719,0.652694,-0.091862,0.242780,0.510499,-0.055274,0.259884,0.601133,-0.085045,0.270077,0.652490,-0.104565,0.276132,0.696114,-0.117023,0.205520,0.497651,-0.061699,0.206023,0.619211,-0.091764,0.204221,0.680425,-0.101524,0.205015,0.727634,-0.106135,0.161970,0.496813,-0.068811,0.155336,0.618046,-0.097208,0.159730,0.679704,-0.098827,0.164437,0.725773,-0.094952,0.121811,0.505268,-0.077296,0.115621,0.585588,-0.093971,0.119119,0.632155,-0.089214,0.123342,0.666224,-0.082789
2619,0,0.669683,0.923835,1.038969,6.890104,10.609083,0.126375,0.452351,0.000001,0.183408,0.475212,-0.017625,0.227565,0.530115,-0.040717,0.235290,0.595485,-0.061892,0.228263,0.647870,-0.086481,0.251344,0.512292,-0.064762,0.262336,0.613690,-0.095040,0.270322,0.679499,-0.116165,0.273019,0.731447,-0.130216,0.208983,0.504629,-0.072826,0.207890,0.639177,-0.103302,0.206932,0.712448,-0.115176,0.204529,0.764071,-0.122498,0.161575,0.509537,-0.080000,0.156522,0.632949,-0.106666,0.157669,0.702761,-0.109041,0.158041,0.754349,-0.107062,0.118368,0.521052,-0.088114,0.117503,0.602781,-0.103599,0.120398,0.645866,-0.099146,0.122323,0.680646,-0.093853
2651,0,0.465886,0.494009,0.377585,7.170956,11.016549,0.130671,0.450476,0.000001,0.187600,0.479850,-0.020790,0.233129,0.541175,-0.044592,0.243781,0.609494,-0.065189,0.241765,0.658221,-0.088927,0.252095,0.517291,-0.072140,0.264129,0.628675,-0.104838,0.268771,0.700912,-0.126568,0.268687,0.755383,-0.140058,0.207611,0.507152,-0.078834,0.209746,0.654637,-0.111017,0.212165,0.734770,-0.122757,0.210940,0.790209,-0.129451,0.159288,0.509901,-0.084653,0.156780,0.643931,-0.113180,0.162909,0.720535,-0.115754,0.167728,0.777133,-0.113386,0.115807,0.519402,-0.091347,0.116039,0.609974,-0.108133,0.121593,0.658057,-0.103345,0.125120,0.696855,-0.097423
2687,0,0.320432,0.289667,0.675154,6.995339,11.034672,0.135669,0.442410,0.000001,0.192122,0.466491,-0.019479,0.235335,0.531491,-0.042389,0.242236,0.604655,-0.062047,0.237552,0.655263,-0.084829,0.252226,0.515038,-0.069368,0.263757,0.622911,-0.098293,0.271296,0.693013,-0.118156,0.274302,0.746872,-0.131364,0.208288,0.509856,-0.075870,0.209925,0.645483,-0.105767,0.211951,0.723098,-0.117644,0.213236,0.778084,-0.125835,0.161403,0.514383,-0.081245,0.154634,0.637470,-0.106279,0.155461,0.708785,-0.109555,0.157168,0.762543,-0.109555,0.118431,0.524886,-0.087542,0.119714,0.607205,-0.100084,0.122566,0.651026,-0.095170,0.124298,0.688568,-0.091177
2721,0,0.264112,0.263185,0.374749,6.916147,10.891732,0.133317,0.443132,0.000001,0.190461,0.465664,-0.016847,0.233774,0.531242,-0.037419,0.242728,0.608211,-0.054806,0.241236,0.660984,-0.074786,0.250236,0.516812,-0.063435,0.260567,0.624078,-0.091069,0.270146,0.694287,-0.110330,0.275239,0.748124,-0.123068,0.206329,0.515191,-0.069855,0.209582,0.648181,-0.098773,0.211296,0.722573,-0.109406,0.212659,0.772748,-0.116288,0.159843,0.521936,-0.075043,0.154924,0.645626,-0.098825,0.154752,0.711257,-0.100160,0.155220,0.756728,-0.098414,0.116073,0.533530,-0.080899,0.119317,0.616815,-0.092147,0.122220,0.653768,-0.085984,0.124462,0.681612,-0.080693
2753,0,0.215181,0.182022,0.176532,7.054643,11.000144,0.133763,0.445884,0.000001,0.193232,0.468400,-0.015858,0.237835,0.536430,-0.035896,0.245326,0.617759,-0.052460,0.241778,0.672386,-0.071375,0.250406,0.520584,-0.066986,0.262265,0.628602,-0.095149,0.272023,0.700687,-0.113907,0.277014,0.756283,-0.126134,0.205182,0.517900,-0.073726,0.207785,0.652957,-0.104659,0.206968,0.728686,-0.115475,0.206125,0.778462,-0.122058,0.158056,0.524120,-0.078795,0.154037,0.647014,-0.104032,0.152018,0.712936,-0.106435,0.150472,0.757659,-0.105129,0.113923,0.535571,-0.084176,0.118844,0.618925,-0.095619,0.122420,0.652703,-0.090447,0.124633,0.677079,-0.085953
2785,0,0.531787,0.743916,0.732048,7.420624,11.621170,0.143754,0.442776,0.000001,0.200106,0.464219,-0.016248,0.239172,0.539363,-0.035486,0.239916,0.627148,-0.048622,0.235010,0.682611,-0.062745,0.252475,0.527906,-0.076786,0.264140,0.644290,-0.103441,0.268873,0.727329,-0.120005,0.270978,0.790846,-0.129877,0.201489,0.524856,-0.079802,0.202359,0.664613,-0.108761,0.197591,0.753704,-0.117701,0.196465,0.817082,-0.123625,0.150341,0.528031,-0.079747,0.142667,0.661041,-0.102564,0.140439,0.739229,-0.103880,0.138513,0.794921,-0.103112,0.104446,0.537507,-0.079309,0.112086,0.629171,-0.087645,0.117235,0.654939,-0.079583,0.122963,0.672660,-0.074043
2819,0,0.633548,1.060722,0.993334,7.561923,11.202167,0.121005,0.451096,0.000001,0.182188,0.469067,-0.019649,0.230533,0.532810,-0.043691,0.241285,0.610648,-0.064687,0.238120,0.667593,-0.088891,0.251146,0.524897,-0.072073,0.261822,0.644772,-0.106734,0.264981,0.720112,-0.129591,0.262583,0.775790,-0.143283,0.205868,0.520262,-0.079458,0.211819,0.673084,-0.111694,0.212214,0.754002,-0.122259,0.208937,0.809307,-0.127542,0.156844,0.525333,-0.086196,0.158946,0.665024,-0.114928,0.163367,0.739873,-0.117084,0.165582,0.793052,-0.113634,0.111248,0.535706,-0.093635,0.118582,0.633033,-0.110939,0.124453,0.685180,-0.105926,0.126144,0.727849,-0.098972
2852,0,1.202773,2.027450,1.969450,8.393534,13.087610,0.158517,0.433212,-0.000000,0.210938,0.465840,-0.034059,0.247600,0.544949,-0.073546,0.248699,0.616807,-0.108451,0.243781,0.677404,-0.146158,0.245691,0.530155,-0.115806,0.257013,0.661711,-0.164837,0.256993,0.733416,-0.192037,0.255668,0.786043,-0.204295,0.191729,0.528056,-0.115164,0.196060,0.682948,-0.160634,0.194869,0.762976,-0.165771,0.192649,0.813859,-0.167405,0.141341,0.528244,-0.111837,0.140825,0.679770,-0.144991,0.141322,0.741723,-0.134134,0.138863,0.776075,-0.122810,0.099959,0.530940,-0.111311,0.105283,0.637937,-0.126663,0.113838,0.673018,-0.113530,0.113986,0.689526,-0.102556
2885,0,0.520410,0.688635,0.394208,8.799417,13.643468,0.154142,0.420866,-0.000000,0.209367,0.462878,-0.035172,0.248759,0.547164,-0.078056,0.254704,0.626061,-0.116347,0.255033,0.686852,-0.158124,0.241047,0.523135,-0.130831,0.255650,0.666504,-0.182265,0.259058,0.744737,-0.209894,0.260193,0.801042,-0.222769,0.187930,0.524473,-0.131033,0.193337,0.684904,-0.178108,0.192053,0.772805,-0.184411,0.190522,0.823532,-0.188703,0.137383,0.528639,-0.127143,0.140078,0.680176,-0.162014,0.137716,0.751220,-0.151284,0.132619,0.791631,-0.141360,0.095836,0.534284,-0.125802,0.102283,0.633694,-0.142164,0.110694,0.667471,-0.129423,0.109295,0.684249,-0.119901
2922,0,0.356263,0.373568,0.517572,8.587374,13.335932,0.151063,0.422059,-0.000000,0.206333,0.458940,-0.033764,0.243481,0.545104,-0.074475,0.246355,0.624240,-0.109946,0.233347,0.681855,-0.148098,0.245390,0.518683,-0.126645,0.259522,0.654410,-0.176376,0.258851,0.729631,-0.200754,0.255311,0.785100,-0.210871,0.191843,0.516964,-0.125792,0.191942,0.674807,-0.172963,0.188120,0.764374,-0.176498,0.183724,0.821601,-0.176620,0.140059,0.519676,-0.121282,0.136554,0.675032,-0.155655,0.134513,0.745721,-0.143222,0.131183,0.787141,-0.130667,0.098653,0.525259,-0.119088,0.102834,0.632103,-0.135665,0.110879,0.667874,-0.122074,0.111024,0.685075,-0.110494
2955,0,1.301100,1.550836,1.035791,7.490036,12.019542,0.153416,0.434895,-0.000000,0.199618,0.459912,-0.019626,0.225660,0.533026,-0.054943,0.231033,0.599698,-0.089434,0.224348,0.644842,-0.128054,0.237617,0.516321,-0.094680,0.250939,0.606457,-0.141073,0.252426,0.657242,-0.170415,0.250916,0.697675,-0.185668,0.191660,0.512748,-0.101724,0.194321,0.631693,-0.146222,0.189469,0.706974,-0.152149,0.186794,0.761056,-0.152635,0.142716,0.515125,-0.106290,0.145422,0.628155,-0.139227,0.148809,0.670786,-0.127568,0.150414,0.694722,-0.115035,0.098203,0.518617,-0.112120,0.102023,0.609625,-0.129511,0.111507,0.637004,-0.116103,0.117423,0.649007,-0.103764
2989,0,0.842846,1.310899,1.240626,7.392964,11.793358,0.164746,0.456485,-0.000000,0.196820,0.481403,-0.013205,0.208997,0.544458,-0.042693,0.211536,0.603408,-0.073462,0.207422,0.631942,-0.108463,0.208809,0.521536,-0.073719,0.211834,0.598985,-0.113847,0.212166,0.645403,-0.141540,0.214862,0.684840,-0.157779,0.174579,0.512726,-0.084574,0.177764,0.616282,-0.125899,0.176535,0.682367,-0.138976,0.178303,0.727648,-0.146497,0.139017,0.511617,-0.093078,0.138913,0.614692,-0.127010,0.140125,0.672244,-0.122993,0.142244,0.708733,-0.116668,0.108292,0.514721,-0.102138,0.097857,0.598571,-0.124104,0.101713,0.637907,-0.118035,0.105531,0.659413,-0.111540
3022,0,0.642269,1.913823,4.048215,6.988762,9.983068,0.160020,0.535944,0.000000,0.194470,0.547876,-0.026307,0.214335,0.574689,-0.056070,0.221764,0.614420,-0.084654,0.226575,0.641283,-0.116287,0.219912,0.506601,-0.072293,0.223302,0.580139,-0.117019,0.226588,0.644597,-0.148490,0.231850,0.694395,-0.167030,0.181797,0.499601,-0.077132,0.176516,0.598798,-0.120760,0.173909,0.679243,-0.135804,0.176437,0.729931,-0.143204,0.143834,0.506100,-0.082702,0.138365,0.600825,-0.120678,0.139070,0.669542,-0.118076,0.140810,0.715732,-0.110839,0.114328,0.525197,-0.090427,0.108026,0.590748,-0.113197,0.111614,0.635668,-0.107423,0.114552,0.665890,-0.099779
3054,1,,,,,,,,,,,,,,,,,,,,,,,,,,,,,,,,,,,,,,,,,,,,,,,,,,,,,,,,,,,,,,,,,,,,
3090,0,,,,7.729919,11.074558,0.145364,0.499370,0.000001,0.182267,0.527904,-0.028268,0.204064,0.568451,-0.058293,0.199806,0.614013,-0.083127,0.187574,0.655616,-0.110117,0.209021,0.528607,-0.086880,0.210741,0.617398,-0.125848,0.211177,0.678696,-0.150762,0.206629,0.728934,-0.166094,0.177086,0.514398,-0.090553,0.176576,0.625393,-0.132077,0.178358,0.696741,-0.148606,0.177219,0.750184,-0.158348,0.143327,0.515332,-0.093348,0.134891,0.620656,-0.129920,0.136634,0.691137,-0.136628,0.138367,0.744248,-0.137347,0.112442,0.525907,-0.097101,0.102453,0.595092,-0.120178,0.104936,0.640946,-0.120258,0.107837,0.677764,-0.118661
3124,0,0.426409,0.595016,0.724300,7.425977,10.532779,0.135935,0.501022,0.000001,0.181616,0.525956,-0.030733,0.215664,0.566190,-0.061854,0.225535,0.612576,-0.089086,0.224852,0.653095,-0.119412,0.230354,0.529332,-0.084490,0.241778,0.616735,-0.124394,0.246609,0.673399,-0.150768,0.247197,0.720770,-0.168207,0.190534,0.512508,-0.089172,0.184747,0.625730,-0.131181,0.177263,0.694365,-0.146215,0.174119,0.745625,-0.155493,0.146635,0.511652,-0.093897,0.136240,0.619297,-0.129463,0.135548,0.683901,-0.129119,0.136417,0.728485,-0.125597,0.107403,0.519678,-0.100512,0.099458,0.587534,-0.121903,0.102607,0.633346,-0.116319,0.106171,0.665325,-0.110649
3157,0,0.521185,1.032140,0.437255,7.209654,10.591986,0.159434,0.513273,0.000001,0.192951,0.535108,-0.025230,0.214898,0.571661,-0.051204,0.218623,0.611266,-0.073730,0.214816,0.650802,-0.099038,0.214685,0.533945,-0.074514,0.219105,0.618433,-0.110948,0.224057,0.674699,-0.134376,0.225034,0.722493,-0.149341,0.182045,0.515991,-0.079372,0.180471,0.620816,-0.115728,0.178777,0.684992,-0.127481,0.178550,0.734361,-0.134767,0.148017,0.513342,-0.084151,0.138166,0.616383,-0.116903,0.139832,0.679697,-0.118235,0.142511,0.727728,-0.116119,0.116049,0.522035,-0.090498,0.101005,0.588566,-0.111497,0.103526,0.635603,-0.108911,0.107440,0.671349,-0.105698
3189,0,0.257842,0.440765,0.305973,7.289986,10.296176,0.145299,0.519310,0.000001,0.179607,0.542145,-0.023519,0.199863,0.575111,-0.051062,0.200970,0.612669,-0.075890,0.196117,0.651300,-0.103566,0.212721,0.538063,-0.074068,0.222985,0.614589,-0.112374,0.226150,0.667631,-0.137279,0.225516,0.712204,-0.153148,0.182333,0.520651,-0.080332,0.180625,0.620582,-0.119132,0.175129,0.684336,-0.131888,0.172461,0.733035,-0.139480,0.148509,0.518323,-0.086710,0.143205,0.616041,-0.120574,0.144173,0.677651,-0.122093,0.147144,0.722719,-0.120195,0.116069,0.526044,-0.094303,0.106100,0.591013,-0.116322,0.107297,0.636727,-0.113817,0.110262,0.670844,-0.110476
3223,0,1.326011,2.580842,3.056973,7.824246,12.414422,0.152652,0.431855,-0.000000,0.204480,0.462852,-0.028158,0.237865,0.538804,-0.065842,0.244861,0.609801,-0.099653,0.239196,0.661555,-0.136500,0.241894,0.519264,-0.112214,0.253995,0.626764,-0.159424,0.253267,0.684357,-0.185803,0.249717,0.728319,-0.198992,0.191573,0.514626,-0.113994,0.191652,0.642705,-0.158377,0.187896,0.715598,-0.162878,0.183567,0.765290,-0.163716,0.141943,0.515245,-0.112738,0.139089,0.643148,-0.142676,0.138281,0.690852,-0.130010,0.135881,0.716564,-0.118600,0.099172,0.519160,-0.113785,0.102527,0.616147,-0.127393,0.111325,0.642942,-0.113680,0.115253,0.654254,-0.102793
3257,0,0.424613,0.467281,0.490004,8.213864,12.787234,0.149660,0.429606,-0.000000,0.204306,0.463409,-0.031212,0.241372,0.539467,-0.069827,0.240056,0.608988,-0.103086,0.228125,0.660627,-0.139206,0.240581,0.523116,-0.120922,0.254521,0.643076,-0.167922,0.253899,0.708692,-0.191478,0.251609,0.757416,-0.201686,0.189644,0.520487,-0.120473,0.193232,0.661285,-0.164669,0.189580,0.739868,-0.167810,0.185252,0.794679,-0.167922,0.139851,0.520695,-0.116435,0.138365,0.660297,-0.148067,0.134990,0.718291,-0.135840,0.130641,0.753211,-0.124399,0.096919,0.523543,-0.114528,0.101643,0.623204,-0.129895,0.108940,0.652234,-0.117108,0.109985,0.666686,-0.106676
3291,0,0.119827,0.122682,0.212021,8.272291,12.854201,0.149451,0.428012,-0.000000,0.203368,0.459771,-0.030799,0.241191,0.534428,-0.070046,0.240642,0.603914,-0.104117,0.229133,0.655645,-0.141098,0.241156,0.523079,-0.122860,0.255496,0.642171,-0.171198,0.254897,0.707116,-0.195479,0.252449,0.755246,-0.206444,0.190504,0.521346,-0.122971,0.192922,0.662647,-0.168960,0.189026,0.742713,-0.172652,0.185507,0.796999,-0.173100,0.140952,0.521819,-0.119279,0.138193,0.662499,-0.151728,0.134751,0.720372,-0.139196,0.130296,0.754067,-0.127559,0.097622,0.524041,-0.117712,0.101060,0.623351,-0.133266,0.108355,0.650236,-0.120286,0.109480,0.661043,-0.109936
3324,0,0.280153,0.338560,0.359605,8.506673,13.189934,0.152647,0.427768,-0.000000,0.205512,0.463937,-0.030973,0.240053,0.545484,-0.071120,0.239399,0.617742,-0.106441,0.228719,0.670886,-0.144519,0.242401,0.528560,-0.123771,0.255587,0.658830,-0.173423,0.252620,0.728357,-0.199209,0.248788,0.780045,-0.210603,0.190429,0.524882,-0.124011,0.191248,0.677503,-0.170785,0.187276,0.761296,-0.174383,0.183994,0.816136,-0.175102,0.139710,0.523930,-0.120533,0.135639,0.672085,-0.152675,0.132804,0.732892,-0.139002,0.129278,0.767914,-0.126889,0.097170,0.526572,-0.119333,0.099982,0.628304,-0.133965,0.107371,0.653385,-0.120173,0.107119,0.661063,-0.109499
3357,0,0.164433,0.206790,0.408152,8.390442,13.035100,0.153601,0.431013,-0.000000,0.206872,0.466428,-0.031513,0.240861,0.545466,-0.071870,0.237651,0.614414,-0.106596,0.224719,0.664875,-0.143740,0.243317,0.531746,-0.125581,0.255503,0.655238,-0.174044,0.252097,0.721510,-0.198689,0.248065,0.772044,-0.209773,0.191811,0.527238,-0.124991,0.192006,0.675034,-0.170507,0.186819,0.753467,-0.172865,0.182376,0.807235,-0.172865,0.141482,0.524894,-0.120746,0.136067,0.670239,-0.150461,0.132215,0.719532,-0.135722,0.127602,0.746756,-0.123694,0.098451,0.525966,-0.118918,0.101894,0.628437,-0.132184,0.110214,0.649406,-0.117798,0.111237,0.653825,-0.107068
3390,0,0.162425,0.186715,0.278648,8.505624,13.094981,0.150483,0.430338,-0.000000,0.204606,0.464733,-0.033943,0.239838,0.544447,-0.074961,0.238958,0.615527,-0.110162,0.225054,0.667457,-0.147701,0.243028,0.527247,-0.126768,0.256610,0.653011,-0.177873,0.254140,0.722310,-0.203717,0.250567,0.773993,-0.214827,0.190813,0.524929,-0.125481,0.190027,0.673312,-0.174247,0.185622,0.757433,-0.177522,0.181258,0.813291,-0.177054,0.139494,0.525076,-0.120921,0.135145,0.671737,-0.154835,0.133378,0.729849,-0.141386,0.129532,0.762494,-0.128639,0.096513,0.527157,-0.118933,0.100422,0.627343,-0.134486,0.108717,0.650661,-0.121038,0.108764,0.656669,-0.110162
3426,0,0.108270,0.107204,0.347003,8.501340,13.075478,0.150114,0.430852,-0.000000,0.203425,0.464718,-0.033899,0.237823,0.545617,-0.074305,0.236587,0.620016,-0.108487,0.220821,0.673943,-0.144762,0.245381,0.526126,-0.127106,0.258493,0.650247,-0.176454,0.254754,0.719615,-0.200449,0.249527,0.773147,-0.210409,0.193357,0.523197,-0.125295,0.191077,0.673823,-0.173171,0.185090,0.759465,-0.175888,0.179813,0.818314,-0.174756,0.141196,0.523402,-0.119862,0.135831,0.671976,-0.153364,0.132244,0.729504,-0.140574,0.127423,0.763235,-0.127898,0.097414,0.525947,-0.116693,0.100521,0.626681,-0.133104,0.106441,0.653260,-0.119975,0.104555,0.663273,-0.108826
3460,0,1.022259,1.366789,1.182354,7.697158,12.127699,0.156007,0.444894,-0.000000,0.199490,0.470284,-0.020520,0.220646,0.543551,-0.056022,0.221789,0.610976,-0.090125,0.210501,0.654579,-0.127661,0.236460,0.526900,-0.094405,0.248599,0.619746,-0.141020,0.249803,0.670575,-0.169901,0.246730,0.711020,-0.185047,0.191064,0.521695,-0.100849,0.186196,0.638452,-0.145065,0.180234,0.714494,-0.150992,0.175893,0.765646,-0.151462,0.141598,0.522969,-0.105083,0.136583,0.637959,-0.135187,0.133968,0.676678,-0.122205,0.130440,0.691743,-0.109787,0.097005,0.526106,-0.110822,0.098654,0.620248,-0.123898,0.105443,0.645696,-0.107999,0.109282,0.651900,-0.094829
3494,0,0.261427,0.298962,0.829822,7.760585,12.090350,0.149932,0.443383,-0.000000,0.197061,0.467081,-0.020469,0.222565,0.542022,-0.055841,0.226796,0.608641,-0.089422,0.217648,0.652540,-0.127058,0.233998,0.525579,-0.098760,0.245231,0.621255,-0.146112,0.241191,0.675540,-0.174976,0.233336,0.718641,-0.189502,0.188932,0.519567,-0.104137,0.188656,0.635728,-0.148942,0.178975,0.714421,-0.154790,0.172464,0.770726,-0.155262,0.140270,0.520254,-0.107061,0.142383,0.629615,-0.140735,0.144823,0.673221,-0.131586,0.146576,0.698256,-0.120832,0.095258,0.522566,-0.110645,0.096712,0.611840,-0.127907,0.103911,0.639206,-0.116210,0.109935,0.651976,-0.105363
3527,1,,,,,,,,,,,,,,,,,,,,,,,,,,,,,,,,,,,,,,,,,,,,,,,,,,,,,,,,,,,,,,,,,,,,
3561,1,,,,,,,,,,,,,,,,,,,,,,,,,,,,,,,,,,,,,,,,,,,,,,,,,,,,,,,,,,,,,,,,,,,,
3593,1,,,,,,,,,,,,,,,,,,,,,,,,,,,,,,,,,,,,,,,,,,,,,,,,,,,,,,,,,,,,,,,,,,,,
3625,1,,,,,,,,,,,,,,,,,,,,,,,,,,,,,,,,,,,,,,,,,,,,,,,,,,,,,,,,,,,,,,,,,,,,
3657,1,,,,,,,,,,,,,,,,,,,,,,,,,,,,,,,,,,,,,,,,,,,,,,,,,,,,,,,,,,,,,,,,,,,,
3689,1,,,,,,,,,,,,,,,,,,,,,,,,,,,,,,,,,,,,,,,,,,,,,,,,,,,,,,,,,,,,,,,,,,,,
3721,0,,,,6.921753,10.496784,0.183234,0.513242,-0.000000,0.162490,0.527472,-0.016467,0.147669,0.555123,-0.040293,0.148197,0.587895,-0.063374,0.158207,0.612094,-0.087264,0.150802,0.521085,-0.060219,0.140263,0.594304,-0.091594,0.139025,0.646323,-0.109869,0.143175,0.684544,-0.119997,0.166787,0.509057,-0.064696,0.149432,0.601693,-0.093942,0.142287,0.659676,-0.099153,0.142166,0.695542,-0.101502,0.181869,0.506983,-0.068439,0.166276,0.593313,-0.093502,0.158048,0.644513,-0.086970,0.152574,0.678017,-0.079558,0.196878,0.514232,-0.073906,0.187810,0.575726,-0.087777,0.181537,0.613420,-0.080438,0.177655,0.639989,-0.073099
3754,0,1.775439,1.916893,1.529988,7.534077,11.077238,0.164566,0.509770,0.000000,0.185613,0.534762,-0.023111,0.192008,0.570395,-0.053485,0.188187,0.613531,-0.081097,0.187207,0.652515,-0.111811,0.199883,0.534073,-0.083745,0.196561,0.608726,-0.125201,0.188303,0.662772,-0.152889,0.182919,0.704719,-0.170364,0.172755,0.515354,-0.091007,0.168563,0.607793,-0.131026,0.162037,0.671080,-0.145324,0.159912,0.717680,-0.155688,0.145529,0.510141,-0.097589,0.140344,0.598493,-0.131858,0.141154,0.657449,-0.134657,0.142637,0.699669,-0.134960,0.119288,0.515630,-0.105154,0.109123,0.574956,-0.127168,0.108795,0.618955,-0.125655,0.109431,0.650183,-0.124369
3784,1,,,,,,,,,,,,,,,,,,,,,,,,,,,,,,,,,,,,,,,,,,,,,,,,,,,,,,,,,,,,,,,,,,,,
3829,1,,,,,,,,,,,,,,,,,,,,,,,,,,,,,,,,,,,,,,,,,,,,,,,,,,,,,,,,,,,,,,,,,,,,
3870,0,,,,7.683911,11.593039,0.194301,0.519689,0.000001,0.185137,0.541250,-0.024477,0.166147,0.573981,-0.054271,0.143114,0.612813,-0.080484,0.127164,0.649819,-0.108469,0.164334,0.513576,-0.077899,0.133761,0.595861,-0.112160,0.127533,0.651450,-0.133943,0.121696,0.695015,-0.147677,0.161143,0.503726,-0.081075,0.141111,0.608052,-0.112382,0.136532,0.674843,-0.121907,0.133677,0.725376,-0.129955,0.159319,0.509573,-0.083733,0.140076,0.610432,-0.112308,0.134293,0.669493,-0.113637,0.130726,0.714470,-0.113342,0.156783,0.527230,-0.087720,0.138406,0.598234,-0.105884,0.132000,0.643215,-0.104481,0.127390,0.679211,-0.103891
3904,0,1.133856,1.161933,0.897288,7.436058,11.206743,0.207030,0.519791,0.000000,0.172057,0.532091,-0.020807,0.135527,0.563952,-0.048021,0.115904,0.595096,-0.073168,0.107343,0.623938,-0.099619,0.133397,0.514835,-0.067207,0.105174,0.587312,-0.097383,0.103142,0.635877,-0.115564,0.102026,0.675460,-0.126442,0.156650,0.509928,-0.069368,0.137611,0.602172,-0.093509,0.137060,0.662690,-0.098725,0.138766,0.707597,-0.104834,0.183965,0.516677,-0.071342,0.172419,0.607092,-0.091125,0.172373,0.659016,-0.090231,0.172128,0.696540,-0.090231,0.210593,0.533431,-0.075105,0.201054,0.597048,-0.086505,0.198491,0.640814,-0.084344,0.195127,0.673913,-0.083897
3937,0,0.506541,0.507892,0.338262,7.729022,11.594129,0.209923,0.520795,0.000001,0.180724,0.534191,-0.024640,0.147271,0.566943,-0.054486,0.125772,0.599814,-0.081433,0.114722,0.630330,-0.110153,0.135696,0.515746,-0.078259,0.106274,0.586598,-0.112810,0.104067,0.635761,-0.133335,0.103701,0.677217,-0.145590,0.154552,0.507700,-0.080400,0.137836,0.603732,-0.111260,0.138972,0.669640,-0.119529,0.141439,0.720170,-0.126838,0.178090,0.512976,-0.082319,0.165756,0.609497,-0.109193,0.165860,0.667599,-0.111112,0.166125,0.710501,-0.111555,0.201201,0.528650,-0.085937,0.191204,0.596656,-0.102696,0.189492,0.645305,-0.102696,0.186908,0.682980,-0.103360
3969,0,0.324273,0.311522,0.402534,7.517086,11.366003,0.207337,0.517352,0.000000,0.174394,0.533821,-0.022862,0.140193,0.567403,-0.050840,0.120684,0.599375,-0.075949,0.113171,0.628310,-0.102265,0.132064,0.513459,-0.073683,0.105645,0.583802,-0.105846,0.104336,0.631793,-0.124633,0.104430,0.671254,-0.135597,0.154652,0.504978,-0.075072,0.140732,0.601247,-0.102776,0.142219,0.664265,-0.109355,0.144556,0.711566,-0.115642,0.181943,0.509766,-0.076242,0.170772,0.607158,-0.099341,0.171417,0.661468,-0.099925,0.171771,0.701165,-0.099999,0.208558,0.525213,-0.079019,0.198605,0.595182,-0.092908,0.195883,0.640844,-0.092104,0.192027,0.674840,-0.092323
4003,0,2.267985,3.052014,2.133666,7.395989,11.100681,0.153260,0.488305,0.000001,0.193541,0.521495,-0.026601,0.220185,0.567903,-0.054862,0.215905,0.616546,-0.077629,0.206685,0.651552,-0.101977,0.223432,0.516547,-0.087985,0.234375,0.595216,-0.124823,0.246664,0.659063,-0.149013,0.250784,0.713843,-0.164428,0.183088,0.505117,-0.091463,0.177402,0.620616,-0.132807,0.178313,0.695516,-0.148776,0.176961,0.751146,-0.158262,0.141417,0.510036,-0.093281,0.133682,0.618511,-0.127116,0.134112,0.683721,-0.130752,0.133838,0.729851,-0.130120,0.106309,0.522382,-0.096206,0.101673,0.595953,-0.117867,0.105386,0.635542,-0.117155,0.108065,0.666792,-0.115337
4043,0,0.949220,1.038256,0.767653,7.865444,11.725862,0.173568,0.501183,0.000001,0.198466,0.528676,-0.030562,0.210257,0.568006,-0.065069,0.196122,0.613930,-0.092805,0.180472,0.654440,-0.122899,0.208316,0.518882,-0.103785,0.197130,0.605122,-0.145104,0.194466,0.673612,-0.171131,0.189423,0.732051,-0.187236,0.180075,0.507260,-0.105493,0.169549,0.627576,-0.149821,0.167897,0.708495,-0.166414,0.166913,0.769503,-0.177313,0.154885,0.510615,-0.105005,0.146838,0.622842,-0.142176,0.149714,0.695884,-0.148032,0.151692,0.750060,-0.149008,0.134996,0.523923,-0.105330,0.135599,0.594242,-0.127291,0.144929,0.637978,-0.127454,0.152336,0.674350,-0.127210
4076,0,0.719065,1.035858,0.540618,7.907613,12.015243,0.190988,0.506969,0.000001,0.202012,0.534601,-0.030979,0.199500,0.575160,-0.063271,0.183802,0.621826,-0.090641,0.170320,0.662883,-0.120289,0.195902,0.528370,-0.088788,0.170612,0.620674,-0.128627,0.161165,0.680510,-0.154877,0.153907,0.732426,-0.171554,0.172122,0.511331,-0.091799,0.161458,0.620648,-0.128627,0.161422,0.689107,-0.142447,0.162289,0.744931,-0.152947,0.151559,0.508967,-0.094501,0.136776,0.619131,-0.128859,0.138222,0.684731,-0.134263,0.141633,0.735962,-0.135653,0.131341,0.519002,-0.098748,0.115222,0.596237,-0.121138,0.116557,0.646817,-0.121138,0.120220,0.686189,-0.120983
4116,0,0.740488,0.736084,0.805275,7.844982,12.067690,0.193810,0.503237,0.000001,0.205469,0.530435,-0.040157,0.216540,0.574602,-0.075138,0.218371,0.624713,-0.102812,0.218822,0.670733,-0.132437,0.204741,0.530100,-0.101857,0.199022,0.628009,-0.142711,0.195784,0.693266,-0.169310,0.194499,0.749061,-0.187467,0.181850,0.518655,-0.099866,0.174778,0.631752,-0.140879,0.168544,0.698070,-0.154816,0.167398,0.750434,-0.165487,0.160771,0.521913,-0.097477,0.154943,0.636304,-0.132756,0.160284,0.689897,-0.134986,0.165335,0.730387,-0.135304,0.141418,0.535960,-0.097477,0.132439,0.616789,-0.121527,0.136722,0.659082,-0.121049,0.142416,0.690617,-0.120810
4152,0,0.585239,0.793562,0.930653,7.961109,12.032936,0.199769,0.517962,0.000001,0.200850,0.544429,-0.032384,0.196009,0.588143,-0.066070,0.185467,0.632334,-0.093769,0.178857,0.677602,-0.123885,0.181161,0.536654,-0.100462,0.164513,0.625691,-0.141286,0.160524,0.687172,-0.165974,0.158454,0.742817,-0.181887,0.170003,0.519486,-0.101428,0.163613,0.626705,-0.140765,0.163495,0.694986,-0.153332,0.164517,0.751774,-0.163297,0.163251,0.518651,-0.101354,0.158863,0.622512,-0.135857,0.164359,0.684099,-0.139352,0.168595,0.734400,-0.140468,0.156551,0.530239,-0.102767,0.151501,0.600993,-0.125744,0.156311,0.649767,-0.126414,0.159979,0.690135,-0.127306
4193,0,1.585738,1.700201,0.949073,7.842267,11.538510,0.207141,0.525762,0.000000,0.171713,0.543925,-0.022145,0.138965,0.580648,-0.050449,0.122546,0.612322,-0.076546,0.119173,0.643244,-0.104459,0.131590,0.532860,-0.076119,0.109932,0.601239,-0.110084,0.107215,0.647587,-0.130377,0.107430,0.687327,-0.142625,0.154686,0.524640,-0.079750,0.147002,0.616618,-0.109870,0.145949,0.676344,-0.117916,0.147289,0.721352,-0.125179,0.183590,0.527781,-0.082812,0.180591,0.620905,-0.108446,0.178929,0.672819,-0.110013,0.176719,0.710686,-0.110867,0.211829,0.540379,-0.087298,0.206416,0.606746,-0.103177,0.202816,0.651195,-0.102963,0.198103,0.685203,-0.103675
4236,1,,,,,,,,,,,,,,,,,,,,,,,,,,,,,,,,,,,,,,,,,,,,,,,,,,,,,,,,,,,,,,,,,,,,
4272,1,,,,,,,,,,,,,,,,,,,,,,,,,,,,,,,,,,,,,,,,,,,,,,,,,,,,,,,,,,,,,,,,,,,,
4306,0,,,,7.814111,12.236438,0.150889,0.440414,-0.000000,0.197281,0.470470,-0.022981,0.221082,0.546651,-0.060347,0.224796,0.617540,-0.095317,0.217153,0.664582,-0.133483,0.235981,0.525781,-0.105252,0.248957,0.608606,-0.153844,0.251984,0.657044,-0.181879,0.250937,0.695489,-0.195846,0.189115,0.520588,-0.109678,0.185170,0.640002,-0.156500,0.176324,0.717383,-0.159353,0.168567,0.770773,-0.157090,0.140329,0.520832,-0.111842,0.137002,0.641758,-0.143319,0.136142,0.681305,-0.127777,0.134273,0.696420,-0.113121,0.096827,0.523889,-0.115678,0.098689,0.618820,-0.130236,0.105804,0.642837,-0.114400,0.109866,0.646879,-0.100825
4338,0,1.058783,1.300100,1.752868,8.680623,13.097815,0.143393,0.431391,-0.000000,0.199815,0.464636,-0.033571,0.236522,0.542910,-0.074897,0.234288,0.613855,-0.109593,0.219783,0.666330,-0.146834,0.240082,0.531242,-0.132861,0.257620,0.656326,-0.181411,0.255251,0.722973,-0.204976,0.251375,0.774174,-0.215515,0.188948,0.529068,-0.131559,0.191634,0.674532,-0.177504,0.187771,0.754283,-0.180227,0.184388,0.811306,-0.180464,0.138347,0.529559,-0.125756,0.135692,0.677807,-0.157610,0.129755,0.734519,-0.144347,0.123345,0.768987,-0.132980,0.094542,0.532100,-0.122204,0.101160,0.636849,-0.139256,0.107709,0.665548,-0.126704,0.106496,0.678911,-0.116875
4370,0,0.392649,0.327464,0.389845,8.883923,13.382759,0.147623,0.434521,-0.000000,0.205799,0.473973,-0.036846,0.242472,0.559720,-0.080845,0.243580,0.638906,-0.117660,0.229939,0.695635,-0.157250,0.241302,0.531580,-0.138380,0.258922,0.661357,-0.188453,0.259168,0.729502,-0.213736,0.257343,0.782411,-0.225330,0.188707,0.531005,-0.136160,0.191459,0.680820,-0.182780,0.186357,0.760868,-0.186480,0.180415,0.818034,-0.187713,0.137915,0.534620,-0.129623,0.136423,0.684089,-0.162183,0.133056,0.742804,-0.150220,0.128647,0.777851,-0.139737,0.096809,0.540753,-0.125615,0.102135,0.646334,-0.143190,0.109649,0.678874,-0.130980,0.109362,0.695454,-0.121175
4402,0,0.251855,0.255352,0.353922,8.940368,13.477690,0.148836,0.433587,-0.000000,0.208246,0.472161,-0.036412,0.245773,0.559163,-0.079076,0.248457,0.638666,-0.115269,0.238083,0.695326,-0.154650,0.242621,0.532209,-0.135897,0.258120,0.669501,-0.185281,0.258362,0.742361,-0.209910,0.256256,0.796441,-0.221161,0.189085,0.532180,-0.134022,0.192728,0.688043,-0.178905,0.189256,0.773819,-0.182280,0.185812,0.829443,-0.184155,0.137542,0.536640,-0.127896,0.138731,0.690529,-0.161402,0.138071,0.759348,-0.149525,0.135761,0.801144,-0.139023,0.096082,0.544200,-0.124145,0.102596,0.649485,-0.142273,0.112273,0.688059,-0.129646,0.113844,0.710008,-0.119520
4435,0,0.384898,0.499758,0.518324,8.675695,13.019768,0.147371,0.441823,-0.000000,0.204288,0.474885,-0.032848,0.242776,0.553438,-0.074032,0.240954,0.625921,-0.108729,0.229467,0.678483,-0.146420,0.242944,0.542042,-0.131156,0.260870,0.664275,-0.180236,0.259916,0.728890,-0.205833,0.257504,0.777682,-0.218162,0.191283,0.541187,-0.130216,0.196549,0.680876,-0.174953,0.195778,0.758524,-0.177888,0.194582,0.814112,-0.179180,0.140997,0.542624,-0.125050,0.141241,0.685187,-0.155813,0.137783,0.741217,-0.142428,0.132960,0.775164,-0.131743,0.098291,0.546138,-0.122232,0.107115,0.648464,-0.138318,0.115098,0.680492,-0.125167,0.115124,0.697780,-0.115304
4466,1,,,,,,,,,,,,,,,,,,,,,,,,,,,,,,,,,,,,,,,,,,,,,,,,,,,,,,,,,,,,,,,,,,,,
4498,1,,,,,,,,,,,,,,,,,,,,,,,,,,,,,,,,,,,,,,,,,,,,,,,,,,,,,,,,,,,,,,,,,,,,
4530,0,,,,7.040227,10.362077,0.145941,0.502446,0.000001,0.183826,0.531580,-0.018228,0.211636,0.576547,-0.040664,0.214755,0.624850,-0.059124,0.209098,0.665035,-0.078807,0.223664,0.545569,-0.066723,0.230864,0.629088,-0.097045,0.237345,0.689586,-0.117433,0.237638,0.733781,-0.130481,0.190518,0.540514,-0.070801,0.196896,0.640522,-0.100900,0.201898,0.707364,-0.112688,0.205225,0.755093,-0.120695,0.154871,0.544850,-0.073432,0.158789,0.639245,-0.096823,0.165407,0.697467,-0.096452,0.169253,0.740422,-0.094969,0.122279,0.557402,-0.076954,0.126378,0.625341,-0.091633,0.134065,0.669689,-0.088519,0.138847,0.705721,-0.085480
4564,0,0.679407,1.038175,1.213630,7.185820,10.973238,0.149695,0.476250,0.000001,0.198476,0.496104,-0.018380,0.233525,0.556529,-0.038189,0.233735,0.628331,-0.052413,0.225812,0.677995,-0.067891,0.242691,0.541801,-0.070573,0.254582,0.618468,-0.095768,0.261863,0.682434,-0.112653,0.265043,0.733204,-0.123470,0.200595,0.541472,-0.073431,0.199477,0.658884,-0.100253,0.199422,0.733558,-0.111422,0.201015,0.786619,-0.118721,0.155315,0.548456,-0.073871,0.150301,0.664911,-0.095153,0.150743,0.728136,-0.097263,0.149834,0.771716,-0.096648,0.114195,0.560679,-0.074531,0.118999,0.644960,-0.085347,0.127470,0.687951,-0.081038,0.134219,0.722830,-0.077037
4597,0,1.154367,1.595263,2.725868,7.797384,11.931940,0.172437,0.482640,0.000000,0.210444,0.505694,-0.025836,0.234417,0.562652,-0.060144,0.241216,0.614638,-0.092878,0.235787,0.655771,-0.128715,0.233442,0.552034,-0.092230,0.242434,0.621239,-0.138808,0.247496,0.670495,-0.168348,0.251974,0.713699,-0.183812,0.186429,0.545782,-0.096675,0.188631,0.656672,-0.145197,0.188734,0.724133,-0.156402,0.189890,0.773654,-0.159828,0.142109,0.548401,-0.099453,0.143326,0.664723,-0.135382,0.146058,0.708701,-0.125566,0.147779,0.734707,-0.113250,0.106018,0.552839,-0.104453,0.107919,0.641243,-0.124085,0.119745,0.674528,-0.112324,0.127426,0.690727,-0.100471
4631,1,,,,,,,,,,,,,,,,,,,,,,,,,,,,,,,,,,,,,,,,,,,,,,,,,,,,,,,,,,,,,,,,,,,,
4664,0,,,,7.939239,12.248086,0.163823,0.463089,-0.000000,0.212177,0.490794,-0.024660,0.238341,0.560797,-0.062185,0.241982,0.628371,-0.097311,0.234049,0.678014,-0.135296,0.246439,0.552372,-0.103387,0.256479,0.641812,-0.153370,0.258169,0.694973,-0.182675,0.259220,0.735896,-0.196767,0.197937,0.550173,-0.108543,0.199192,0.671264,-0.154799,0.198243,0.741273,-0.156637,0.197913,0.790489,-0.153268,0.149657,0.553172,-0.111913,0.149202,0.670967,-0.142750,0.151438,0.697737,-0.123860,0.152502,0.703407,-0.106603,0.108626,0.557871,-0.117835,0.112128,0.652404,-0.131314,0.121824,0.673572,-0.112219,0.127424,0.676123,-0.096035
4698,0,0.602294,0.783930,1.846286,8.409767,12.647819,0.151976,0.453270,-0.000000,0.207178,0.480333,-0.029368,0.245771,0.555369,-0.067875,0.249505,0.628826,-0.100473,0.247519,0.686430,-0.135633,0.245708,0.556359,-0.122361,0.256952,0.676281,-0.167766,0.253915,0.732769,-0.191516,0.251994,0.774677,-0.203508,0.196005,0.555966,-0.122477,0.196878,0.694904,-0.165205,0.193211,0.761292,-0.167300,0.190468,0.804353,-0.168232,0.147538,0.556710,-0.118635,0.144161,0.691927,-0.145296,0.141126,0.720498,-0.130627,0.136290,0.728924,-0.120265,0.105398,0.557921,-0.117122,0.109072,0.655799,-0.131442,0.117227,0.667191,-0.118985,0.117990,0.662542,-0.110427
4732,0,0.208593,0.231747,1.189368,8.279609,12.499520,0.154120,0.457750,-0.000000,0.208654,0.486636,-0.026857,0.245889,0.561949,-0.064727,0.250737,0.634488,-0.097738,0.248952,0.688800,-0.133735,0.247185,0.558597,-0.117286,0.259333,0.670422,-0.162465,0.256814,0.724893,-0.187026,0.254854,0.764713,-0.199870,0.197956,0.556112,-0.119089,0.197141,0.684217,-0.160324,0.194933,0.751023,-0.162916,0.193975,0.795055,-0.164380,0.148577,0.556022,-0.116948,0.144520,0.685333,-0.142861,0.141664,0.719264,-0.128440,0.137469,0.731337,-0.118300,0.104908,0.557173,-0.117061,0.109111,0.654362,-0.129341,0.116919,0.674048,-0.115033,0.118370,0.676863,-0.105343
4765,0,0.115028,0.122756,0.428715,8.302215,12.457847,0.152151,0.458071,-0.000000,0.207835,0.482636,-0.026278,0.244197,0.555634,-0.064559,0.250058,0.626366,-0.098052,0.247775,0.679784,-0.134313,0.245595,0.556611,-0.119176,0.258340,0.668457,-0.164701,0.256123,0.724055,-0.189552,0.253935,0.765402,-0.202430,0.196184,0.555587,-0.120984,0.197944,0.686693,-0.162893,0.195916,0.755838,-0.165491,0.195277,0.802162,-0.166847,0.146517,0.555988,-0.118499,0.144606,0.686266,-0.144141,0.142568,0.719655,-0.129117,0.138468,0.732073,-0.118837,0.102606,0.557172,-0.118047,0.108399,0.653144,-0.128891,0.116780,0.669394,-0.113811,0.117849,0.669737,-0.103757
4799,0,0.215563,0.255364,0.557109,8.471075,12.637222,0.150895,0.456588,-0.000000,0.208072,0.484485,-0.028629,0.245761,0.558134,-0.067231,0.248555,0.630068,-0.100142,0.244773,0.684220,-0.136104,0.244464,0.557560,-0.124488,0.259181,0.674259,-0.170365,0.257710,0.732549,-0.194887,0.256160,0.775553,-0.207324,0.195036,0.557908,-0.124488,0.199378,0.693689,-0.166728,0.197300,0.765223,-0.169192,0.195950,0.813750,-0.171069,0.146624,0.558814,-0.120030,0.146280,0.694206,-0.145843,0.142497,0.733577,-0.131528,0.136861,0.754304,-0.121907,0.103924,0.560293,-0.117801,0.109932,0.655331,-0.129886,0.118077,0.671072,-0.116569,0.118381,0.673344,-0.107945
4833,0,0.201574,0.238460,0.548536,8.334284,12.495937,0.152890,0.459002,-0.000000,0.208003,0.484843,-0.027479,0.244628,0.558190,-0.065058,0.250122,0.631758,-0.097784,0.249029,0.688116,-0.133501,0.247395,0.557100,-0.117815,0.259966,0.671444,-0.162729,0.257443,0.727437,-0.186992,0.255459,0.768520,-0.199406,0.197669,0.556450,-0.119169,0.198728,0.688140,-0.159908,0.197426,0.756300,-0.162504,0.196338,0.801320,-0.164197,0.148026,0.557857,-0.116574,0.145507,0.690567,-0.142417,0.142581,0.728673,-0.128423,0.137749,0.744422,-0.118492,0.104142,0.559879,-0.116122,0.109748,0.657341,-0.128310,0.117929,0.679031,-0.114091,0.119025,0.684433,-0.104499
4866,0,0.337616,0.412834,0.791666,8.612492,12.888084,0.155378,0.456472,-0.000000,0.209973,0.487527,-0.030150,0.246796,0.564802,-0.068949,0.246832,0.635484,-0.102162,0.241821,0.690703,-0.138138,0.246489,0.558454,-0.123363,0.257782,0.686345,-0.169129,0.254791,0.748264,-0.193513,0.253145,0.791821,-0.205885,0.196039,0.557806,-0.123243,0.197727,0.704786,-0.165525,0.194889,0.777797,-0.168408,0.192482,0.823829,-0.170690,0.146804,0.557702,-0.119099,0.143960,0.699329,-0.146426,0.141337,0.741728,-0.133453,0.136497,0.762984,-0.124444,0.104208,0.559235,-0.117297,0.108509,0.657378,-0.130810,0.115748,0.674542,-0.119039,0.114565,0.676190,-0.111471
4900,0,0.155278,0.107975,0.329007,8.526910,12.844565,0.155528,0.453266,-0.000000,0.209869,0.482816,-0.029966,0.245598,0.558665,-0.069555,0.245875,0.630987,-0.103947,0.239472,0.686951,-0.141012,0.246404,0.555329,-0.121885,0.260772,0.679933,-0.169285,0.259261,0.742360,-0.195064,0.258125,0.788544,-0.207775,0.196293,0.555322,-0.122717,0.200028,0.696801,-0.165959,0.197591,0.767004,-0.169285,0.195455,0.813827,-0.171305,0.147110,0.555686,-0.119688,0.146720,0.694742,-0.147545,0.144465,0.736459,-0.134003,0.140702,0.756099,-0.123905,0.104042,0.557321,-0.119153,0.108684,0.655896,-0.131508,0.115904,0.674103,-0.117906,0.115969,0.675893,-0.108640
4932,0,0.152257,0.173365,0.683670,8.482703,12.753603,0.155030,0.455148,-0.000000,0.208943,0.483011,-0.029483,0.245166,0.557696,-0.067834,0.247268,0.631306,-0.101175,0.244012,0.687895,-0.137280,0.246665,0.553899,-0.120350,0.261681,0.672110,-0.167569,0.261063,0.731170,-0.192675,0.260390,0.774213,-0.205344,0.196350,0.553356,-0.121271,0.198482,0.689414,-0.165150,0.197118,0.762197,-0.168835,0.195969,0.810614,-0.171024,0.147531,0.554189,-0.118162,0.146858,0.692563,-0.147875,0.143961,0.742536,-0.134631,0.139033,0.768664,-0.124381,0.105374,0.556527,-0.117586,0.110688,0.656065,-0.131752,0.116932,0.682286,-0.118622,0.115967,0.691554,-0.109351
4964,0,0.087267,0.065757,0.181255,8.422123,12.712913,0.155113,0.453723,-0.000000,0.209658,0.480766,-0.028814,0.246286,0.555560,-0.067347,0.250545,0.628748,-0.101077,0.247696,0.685457,-0.137666,0.248432,0.552806,-0.120630,0.262077,0.671994,-0.167624,0.260791,0.730544,-0.192779,0.258983,0.772920,-0.205356,0.197855,0.552490,-0.121887,0.200520,0.686892,-0.164651,0.199735,0.758192,-0.168081,0.198576,0.806243,-0.170368,0.148316,0.553483,-0.119143,0.147922,0.690562,-0.147843,0.145268,0.739221,-0.134808,0.140552,0.765467,-0.124860,0.104843,0.556083,-0.118686,0.111375,0.653047,-0.132064,0.118379,0.677584,-0.118571,0.118332,0.686378,-0.109424
4996,0,0.091645,0.083534,0.272173,8.415801,12.691482,0.153369,0.452972,-0.000000,0.208230,0.481752,-0.029842,0.243523,0.556451,-0.068454,0.245491,0.629352,-0.101655,0.241051,0.684757,-0.137818,0.245914,0.551513,-0.120733,0.262215,0.671440,-0.167888,0.261115,0.730006,-0.193060,0.260281,0.773017,-0.205816,0.196006,0.551317,-0.121303,0.199571,0.681519,-0.163901,0.198593,0.750557,-0.167432,0.197966,0.797477,-0.169938,0.147056,0.552286,-0.118114,0.146880,0.686962,-0.146930,0.143355,0.737810,-0.133832,0.139675,0.765528,-0.123809,0.104465,0.555052,-0.117203,0.110544,0.653679,-0.132237,0.118153,0.679779,-0.119708,0.119771,0.689386,-0.110995
5028,1,,,,,,,,,,,,,,,,,,,,,,,,,,,,,,,,,,,,,,,,,,,,,,,,,,,,,,,,,,,,,,,,,,,,
5060,1,,,,,,,,,,,,,,,,,,,,,,,,,,,,,,,,,,,,,,,,,,,,,,,,,,,,,,,,,,,,,,,,,,,,
5092,0,,,,7.697546,11.629711,0.173766,0.497158,-0.000000,0.198803,0.516569,-0.012999,0.205628,0.575877,-0.042576,0.202006,0.633074,-0.072934,0.193825,0.667108,-0.107036,0.207504,0.554558,-0.072317,0.208758,0.637721,-0.110409,0.205953,0.688773,-0.137312,0.205223,0.730379,-0.152697,0.177869,0.549300,-0.080503,0.178814,0.654095,-0.116662,0.177617,0.718996,-0.126452,0.178568,0.762573,-0.131470,0.146196,0.549442,-0.086303,0.147165,0.653343,-0.112219,0.148632,0.707000,-0.105555,0.149832,0.737311,-0.098562,0.118241,0.552466,-0.093050,0.114209,0.637033,-0.105555,0.118265,0.668783,-0.096176,0.121947,0.682383,-0.088278
5126,0,0.291295,0.748661,0.647221,7.848890,11.594505,0.153721,0.484962,-0.000000,0.185182,0.504546,-0.012790,0.201070,0.569187,-0.042689,0.201896,0.627658,-0.072237,0.193346,0.662424,-0.105463,0.208516,0.552884,-0.081164,0.218886,0.637920,-0.120836,0.214953,0.689494,-0.145879,0.209890,0.730441,-0.159517,0.177453,0.548831,-0.089015,0.178589,0.650888,-0.126622,0.175539,0.721035,-0.133151,0.175058,0.767788,-0.135879,0.143099,0.549269,-0.094057,0.147075,0.654840,-0.122820,0.148909,0.705830,-0.115133,0.149764,0.732913,-0.107116,0.110959,0.551091,-0.099347,0.113471,0.639513,-0.115877,0.118276,0.670359,-0.107364,0.121884,0.682410,-0.099677
5158,0,0.517244,0.473286,0.535031,7.657330,11.628379,0.158382,0.475175,-0.000000,0.199549,0.492743,-0.016043,0.223345,0.556452,-0.045800,0.225526,0.612990,-0.074949,0.217620,0.648963,-0.107676,0.232691,0.547314,-0.085549,0.244732,0.629307,-0.127992,0.243424,0.678665,-0.152725,0.241117,0.716046,-0.165003,0.190616,0.544680,-0.091423,0.194576,0.651209,-0.132938,0.190587,0.724701,-0.138415,0.189306,0.773494,-0.139210,0.145920,0.546643,-0.094956,0.150102,0.657533,-0.129317,0.151211,0.712756,-0.121014,0.152094,0.743981,-0.110237,0.104327,0.548108,-0.098843,0.107673,0.635140,-0.118187,0.112866,0.666534,-0.109442,0.116749,0.680449,-0.100168
5192,0,0.229496,0.215916,0.576714,7.632122,11.674024,0.156520,0.467632,-0.000000,0.193727,0.483242,-0.016120,0.214529,0.547405,-0.047592,0.217747,0.606121,-0.078385,0.211293,0.644783,-0.112831,0.227856,0.541306,-0.087074,0.238804,0.627139,-0.127893,0.238682,0.675919,-0.152759,0.238190,0.712658,-0.165771,0.189067,0.542274,-0.093580,0.193952,0.653844,-0.133241,0.192200,0.722866,-0.138856,0.192644,0.769031,-0.140460,0.146462,0.546507,-0.097324,0.151752,0.657162,-0.127448,0.154153,0.700078,-0.118713,0.155806,0.721769,-0.109266,0.105746,0.549487,-0.101691,0.110060,0.635751,-0.117109,0.116024,0.659748,-0.106682,0.119731,0.666764,-0.097502
5225,0,0.600592,0.900019,0.833062,7.826236,11.990278,0.150891,0.455796,-0.000000,0.201108,0.481618,-0.025030,0.236675,0.552475,-0.061243,0.245124,0.618819,-0.093623,0.242289,0.664548,-0.129422,0.241664,0.542219,-0.109593,0.257259,0.634092,-0.154329,0.256068,0.684775,-0.178944,0.253573,0.722783,-0.191544,0.194910,0.541411,-0.111644,0.200517,0.653067,-0.152083,0.197461,0.723189,-0.154427,0.195291,0.771400,-0.154720,0.147290,0.544902,-0.110472,0.151042,0.657863,-0.139580,0.150047,0.701454,-0.126687,0.148929,0.723580,-0.115845,0.104861,0.550323,-0.110863,0.110726,0.639878,-0.126003,0.118743,0.666112,-0.113403,0.123983,0.675753,-0.103537
5258,0,0.186739,0.186088,0.993165,7.743935,11.954529,0.151272,0.453338,-0.000000,0.199866,0.478764,-0.023349,0.234597,0.551243,-0.058393,0.244662,0.621268,-0.090129,0.243118,0.668529,-0.124832,0.242265,0.536551,-0.103608,0.257223,0.632308,-0.147666,0.257674,0.683809,-0.171808,0.256135,0.720767,-0.184181,0.196245,0.537885,-0.106525,0.200128,0.657226,-0.147063,0.198738,0.725517,-0.149376,0.196508,0.770006,-0.149175,0.149322,0.543322,-0.106525,0.151407,0.666252,-0.134992,0.147504,0.701127,-0.122619,0.141962,0.712651,-0.112158,0.107153,0.549168,-0.108134,0.113352,0.645804,-0.123927,0.119788,0.667095,-0.112460,0.121922,0.669829,-0.103306
5291,0,0.229500,0.234772,0.928398,7.791791,12.009499,0.152880,0.454842,-0.000000,0.205245,0.479745,-0.023809,0.239161,0.551893,-0.060525,0.247391,0.619387,-0.093446,0.239737,0.664764,-0.129945,0.244389,0.543925,-0.111235,0.259346,0.636601,-0.155300,0.258729,0.686331,-0.180144,0.256304,0.724285,-0.193128,0.197605,0.543661,-0.114098,0.199980,0.655875,-0.153562,0.197577,0.722401,-0.155096,0.195650,0.770169,-0.154789,0.148861,0.547871,-0.113485,0.150091,0.659868,-0.139146,0.148066,0.685826,-0.125651,0.145046,0.694990,-0.115632,0.105270,0.552837,-0.114507,0.111964,0.643997,-0.126673,0.119993,0.661872,-0.112769,0.124086,0.666010,-0.102852
5321,1,,,,,,,,,,,,,,,,,,,,,,,,,,,,,,,,,,,,,,,,,,,,,,,,,,,,,,,,,,,,,,,,,,,,
5359,1,,,,,,,,,,,,,,,,,,,,,,,,,,,,,,,,,,,,,,,,,,,,,,,,,,,,,,,,,,,,,,,,,,,,
5390,1,,,,,,,,,,,,,,,,,,,,,,,,,,,,,,,,,,,,,,,,,,,,,,,,,,,,,,,,,,,,,,,,,,,,
5422,1,,,,,,,,,,,,,,,,,,,,,,,,,,,,,,,,,,,,,,,,,,,,,,,,,,,,,,,,,,,,,,,,,,,,
5457,1,,,,,,,,,,,,,,,,,,,,,,,,,,,,,,,,,,,,,,,,,,,,,,,,,,,,,,,,,,,,,,,,,,,,
5496,0,,,,7.612114,11.023528,0.172612,0.519941,0.000001,0.149342,0.546384,-0.034632,0.139382,0.590065,-0.061129,0.137836,0.637475,-0.078712,0.136651,0.679480,-0.095477,0.153884,0.540805,-0.085531,0.149903,0.630981,-0.116220,0.148180,0.694252,-0.130144,0.143907,0.737297,-0.136324,0.171020,0.529542,-0.074733,0.163475,0.632457,-0.101799,0.158532,0.699627,-0.105920,0.153309,0.747997,-0.108477,0.184862,0.532336,-0.063332,0.175942,0.632049,-0.083116,0.169671,0.684625,-0.081766,0.162868,0.720520,-0.079848,0.196516,0.543337,-0.053777,0.189490,0.620744,-0.066244,0.183159,0.663712,-0.066315,0.175956,0.693118,-0.065782
5529,0,1.632140,1.930052,1.595261,7.135764,11.044406,0.173455,0.499997,0.000001,0.212527,0.526587,-0.025624,0.237850,0.584012,-0.050255,0.232953,0.637141,-0.067868,0.219356,0.674259,-0.086356,0.245625,0.545184,-0.083334,0.251314,0.627884,-0.112040,0.250155,0.690698,-0.128659,0.246694,0.736952,-0.138440,0.201268,0.536502,-0.082857,0.193876,0.641353,-0.111642,0.188661,0.708545,-0.120469,0.183951,0.757216,-0.125478,0.153307,0.537337,-0.079796,0.148572,0.640944,-0.099953,0.150579,0.698959,-0.097329,0.150835,0.740113,-0.094546,0.110429,0.546225,-0.077569,0.110176,0.624171,-0.089298,0.116468,0.665742,-0.083255,0.122020,0.697453,-0.078285
5562,0,0.499975,0.742520,0.513676,7.441294,11.463610,0.167953,0.485972,0.000001,0.209472,0.512995,-0.026487,0.238705,0.573470,-0.052096,0.236377,0.634339,-0.069921,0.226862,0.680247,-0.088877,0.248434,0.540006,-0.091889,0.254835,0.624611,-0.123691,0.254294,0.692311,-0.142939,0.252321,0.746887,-0.154404,0.203355,0.531145,-0.091220,0.200900,0.645333,-0.121348,0.199297,0.725439,-0.133148,0.197226,0.788777,-0.141182,0.154239,0.532447,-0.087538,0.145477,0.648360,-0.109548,0.146854,0.715454,-0.111556,0.146053,0.764372,-0.112058,0.109831,0.542877,-0.084358,0.110580,0.630003,-0.097999,0.118517,0.677502,-0.095572,0.123742,0.716000,-0.093145
5595,0,0.230365,0.373035,0.326000,7.539733,11.646357,0.164016,0.475413,0.000001,0.211242,0.499822,-0.025322,0.240503,0.565884,-0.050432,0.235629,0.634665,-0.067201,0.224092,0.682608,-0.085367,0.247740,0.534578,-0.095275,0.255620,0.620219,-0.125679,0.257305,0.689893,-0.143887,0.256804,0.746171,-0.154981,0.200223,0.526784,-0.094937,0.197938,0.649410,-0.126102,0.198998,0.731512,-0.138721,0.200492,0.795167,-0.147105,0.149726,0.528888,-0.090618,0.143745,0.653577,-0.113484,0.147579,0.728132,-0.117295,0.149819,0.781724,-0.118819,0.105072,0.539539,-0.086341,0.109447,0.633466,-0.099087,0.120450,0.678725,-0.095953,0.129451,0.713324,-0.093328
5629,0,0.129776,0.150608,0.183652,7.646931,11.790480,0.163824,0.473165,0.000001,0.212490,0.498924,-0.025427,0.240985,0.565720,-0.051509,0.234688,0.634261,-0.069537,0.222544,0.682862,-0.089005,0.247298,0.533690,-0.096382,0.255709,0.620616,-0.127724,0.257291,0.689832,-0.146058,0.256832,0.745948,-0.157058,0.199605,0.527032,-0.096470,0.197814,0.649058,-0.128859,0.197519,0.731735,-0.141867,0.196875,0.796263,-0.150248,0.148699,0.529133,-0.092628,0.139201,0.651946,-0.116899,0.140548,0.725946,-0.121264,0.140057,0.779203,-0.122835,0.103435,0.539758,-0.088831,0.105454,0.632586,-0.102319,0.114600,0.680985,-0.099962,0.120550,0.719409,-0.097779
5663,0,0.400276,0.249874,0.321461,7.448641,11.769707,0.166715,0.465709,0.000001,0.209150,0.495298,-0.026396,0.236166,0.559801,-0.054164,0.229106,0.625657,-0.074076,0.215364,0.670866,-0.095774,0.247995,0.526401,-0.096107,0.254016,0.609457,-0.129445,0.256596,0.678928,-0.151227,0.255806,0.733849,-0.165028,0.203844,0.518633,-0.097105,0.199026,0.637846,-0.131524,0.198568,0.718664,-0.145324,0.198032,0.779117,-0.154137,0.155154,0.520971,-0.094694,0.150904,0.642577,-0.118471,0.155980,0.713372,-0.119801,0.158759,0.762677,-0.119718,0.112365,0.530483,-0.093114,0.113929,0.619893,-0.106665,0.123476,0.671531,-0.103007,0.129914,0.712176,-0.099765
5696,0,0.493204,0.705098,0.522707,7.102087,11.213898,0.167537,0.479165,0.000001,0.206733,0.507139,-0.025152,0.232937,0.563363,-0.050064,0.232911,0.622527,-0.067673,0.231927,0.663526,-0.086282,0.241427,0.526541,-0.086042,0.250196,0.606331,-0.115576,0.255766,0.671359,-0.134386,0.255316,0.722221,-0.145991,0.199664,0.519939,-0.086522,0.193276,0.632917,-0.117817,0.193657,0.707066,-0.128783,0.193720,0.758913,-0.136066,0.155934,0.524237,-0.084761,0.147770,0.635854,-0.108613,0.151012,0.700969,-0.109413,0.151829,0.746697,-0.108693,0.118218,0.536000,-0.083641,0.115048,0.615304,-0.097568,0.120336,0.657172,-0.093806,0.123562,0.689778,-0.090524
5730,0,0.969325,1.053133,3.875145,7.564817,12.120108,0.162990,0.444919,-0.000000,0.206292,0.471818,-0.024320,0.231368,0.538289,-0.061167,0.236874,0.598551,-0.096497,0.232399,0.643197,-0.134470,0.237220,0.529324,-0.097182,0.248177,0.605514,-0.146606,0.250892,0.656409,-0.177238,0.251759,0.698133,-0.192897,0.191284,0.524684,-0.102957,0.193373,0.640285,-0.153065,0.191226,0.712785,-0.161188,0.190773,0.763823,-0.161677,0.144716,0.526252,-0.106871,0.143411,0.640906,-0.141125,0.143445,0.673687,-0.126053,0.142330,0.686829,-0.110395,0.103807,0.529106,-0.112939,0.105264,0.616830,-0.128402,0.113499,0.639153,-0.111275,0.116970,0.641783,-0.095959
5762,0,0.753990,1.086693,1.837561,8.168395,12.836934,0.151680,0.425644,-0.000000,0.204553,0.457963,-0.030761,0.237292,0.533645,-0.068973,0.234010,0.604166,-0.102031,0.219869,0.655384,-0.137498,0.242421,0.520536,-0.119232,0.257799,0.641324,-0.166858,0.256084,0.706860,-0.191623,0.252185,0.755366,-0.202717,0.192889,0.518568,-0.119344,0.192413,0.657163,-0.165065,0.185451,0.734836,-0.169435,0.178444,0.789956,-0.169883,0.143321,0.518636,-0.115982,0.138484,0.659389,-0.147695,0.133234,0.715182,-0.135257,0.126853,0.748543,-0.123266,0.100455,0.521599,-0.114862,0.104301,0.620130,-0.129766,0.110944,0.646526,-0.116431,0.109969,0.657933,-0.105561
5795,0,1.036419,1.449014,1.413687,7.350256,12.045374,0.165351,0.438163,0.000000,0.208249,0.463237,-0.022480,0.228434,0.530174,-0.057639,0.227109,0.591462,-0.092422,0.213936,0.634303,-0.130484,0.234139,0.514207,-0.086868,0.242713,0.597871,-0.134035,0.246682,0.650096,-0.165541,0.246372,0.692111,-0.182386,0.187310,0.508648,-0.093697,0.184948,0.625393,-0.141320,0.181150,0.704454,-0.151700,0.178933,0.757925,-0.154250,0.139589,0.509771,-0.099069,0.139156,0.624736,-0.132305,0.141014,0.664054,-0.121378,0.139189,0.679043,-0.108994,0.098178,0.512275,-0.106536,0.103668,0.601708,-0.119102,0.114143,0.628979,-0.102438,0.119029,0.635973,-0.088689
5830,0,1.306030,2.575258,4.371798,6.394996,9.648725,0.157802,0.515134,0.000000,0.187765,0.525429,-0.019642,0.205798,0.555273,-0.044610,0.213010,0.595583,-0.069401,0.215934,0.619859,-0.097119,0.214556,0.498047,-0.058257,0.221449,0.572850,-0.097331,0.225552,0.630610,-0.125542,0.229185,0.675935,-0.142399,0.182663,0.489146,-0.064887,0.183040,0.580606,-0.103678,0.183873,0.651458,-0.117925,0.186339,0.698417,-0.125190,0.150185,0.494977,-0.072116,0.147747,0.584216,-0.105018,0.151605,0.646029,-0.103537,0.154579,0.685947,-0.097824,0.124345,0.513388,-0.081038,0.117582,0.578131,-0.101421,0.122568,0.618941,-0.097401,0.126611,0.645468,-0.091618
5864,0,0.708406,0.828088,1.184742,6.503780,9.359051,0.142248,0.512452,0.000000,0.188496,0.516099,-0.028211,0.217479,0.532819,-0.058342,0.227671,0.566978,-0.086294,0.226399,0.597696,-0.116445,0.227574,0.479420,-0.071898,0.234247,0.560905,-0.115405,0.233295,0.626858,-0.144916,0.235293,0.675013,-0.162591,0.182822,0.472826,-0.075857,0.183959,0.564532,-0.121723,0.180941,0.641820,-0.137718,0.180477,0.691558,-0.145876,0.137179,0.479368,-0.080376,0.142062,0.569096,-0.120284,0.147149,0.634676,-0.116045,0.149456,0.678323,-0.107488,0.101770,0.498358,-0.086774,0.111525,0.558611,-0.110687,0.120788,0.605149,-0.103329,0.125541,0.635856,-0.094691
5899,0,1.079090,1.437173,1.040073,7.414122,10.738608,0.143703,0.474327,0.000000,0.186176,0.494173,-0.040305,0.215695,0.528357,-0.079347,0.222707,0.577119,-0.114733,0.216882,0.621872,-0.151021,0.238927,0.459909,-0.086117,0.235790,0.560455,-0.141363,0.222567,0.638597,-0.178734,0.211066,0.699153,-0.198955,0.187237,0.437093,-0.087878,0.172048,0.567435,-0.145334,0.149496,0.655373,-0.161312,0.132794,0.708760,-0.165555,0.135259,0.436674,-0.092030,0.127724,0.563201,-0.140189,0.119032,0.633775,-0.134863,0.110830,0.670909,-0.122225,0.093265,0.451489,-0.099568,0.095003,0.547122,-0.126649,0.096454,0.601937,-0.117802,0.095062,0.630497,-0.105977
5952,0,1.737000,2.330059,4.436205,6.379330,8.879709,0.145306,0.515572,-0.000000,0.176459,0.539511,-0.021438,0.209739,0.565263,-0.047185,0.222119,0.595947,-0.073042,0.210557,0.630617,-0.101794,0.236089,0.438151,-0.057471,0.234068,0.531748,-0.096446,0.219677,0.591780,-0.121486,0.201504,0.642437,-0.131363,0.192705,0.408572,-0.061120,0.164696,0.532985,-0.090218,0.139681,0.602202,-0.097516,0.117382,0.656620,-0.099466,0.143876,0.404625,-0.065556,0.116692,0.532970,-0.094999,0.096525,0.598329,-0.096572,0.079707,0.648731,-0.091224,0.099617,0.413653,-0.071595,0.086889,0.509077,-0.089148,0.076399,0.577048,-0.083800,0.065153,0.628061,-0.074930
5999,0,2.333264,2.167343,7.404842,4.543594,6.764015,0.135676,0.502237,-0.000000,0.166134,0.534763,-0.033607,0.202010,0.547896,-0.055912,0.222226,0.556357,-0.074510,0.229927,0.544157,-0.091655,0.230113,0.414347,-0.049683,0.241236,0.413431,-0.084832,0.217201,0.455437,-0.104291,0.197757,0.488204,-0.112359,0.191951,0.381446,-0.049268,0.186237,0.375365,-0.077714,0.161530,0.421580,-0.085129,0.146230,0.461147,-0.085307,0.150447,0.371923,-0.052857,0.119247,0.415648,-0.082341,0.106240,0.456300,-0.085188,0.106249,0.480461,-0.082638,0.112124,0.383007,-0.059323,0.082745,0.427287,-0.083765,0.067850,0.485671,-0.083349,0.065619,0.530477,-0.078426
6036,0,1.240768,1.632559,5.641303,4.329011,6.081579,0.146273,0.527577,0.000000,0.181519,0.557197,-0.046455,0.220307,0.558935,-0.072967,0.244715,0.540538,-0.094744,0.259977,0.508894,-0.117409,0.236270,0.418471,-0.062078,0.238419,0.384140,-0.102437,0.233787,0.387674,-0.128180,0.228040,0.402859,-0.140015,0.199944,0.378018,-0.055687,0.184860,0.345572,-0.095336,0.164970,0.361839,-0.113149,0.144542,0.394156,-0.117232,0.159969,0.363105,-0.053053,0.113391,0.376002,-0.093620,0.089337,0.432527,-0.101313,0.076985,0.487079,-0.096401,0.123051,0.372427,-0.054089,0.081298,0.382556,-0.086518,0.064674,0.433595,-0.089714,0.060777,0.483689,-0.083559
6072,0,1.509747,1.938173,4.799965,3.235576,4.143406,0.137129,0.549562,0.000000,0.185886,0.569960,-0.045130,0.242698,0.554738,-0.066256,0.278397,0.517604,-0.082421,0.286636,0.469737,-0.098655,0.237535,0.431140,-0.049397,0.255304,0.373520,-0.083669,0.244500,0.348468,-0.108021,0.225019,0.334881,-0.120856,0.197574,0.393583,-0.040863,0.202524,0.333832,-0.071945,0.188637,0.307749,-0.093174,0.168608,0.293969,-0.105107,0.156988,0.378868,-0.036944,0.141136,0.328246,-0.071528,0.111796,0.328155,-0.088526,0.084989,0.337803,-0.094978,0.119141,0.384912,-0.036007,0.100279,0.356724,-0.066186,0.079145,0.369100,-0.077703,0.061218,0.387039,-0.081449
6104,0,1.040803,1.309243,2.885769,2.683940,2.838175,0.133726,0.561598,0.000000,0.192697,0.577299,-0.037258,0.255381,0.558093,-0.052426,0.295356,0.518537,-0.064366,0.303773,0.470555,-0.076008,0.239608,0.421899,-0.032538,0.256730,0.363696,-0.054926,0.254798,0.326659,-0.073546,0.246111,0.288233,-0.086344,0.202427,0.388338,-0.027351,0.206318,0.321600,-0.049142,0.196199,0.281341,-0.068247,0.180368,0.243508,-0.081419,0.163603,0.377438,-0.025914,0.156139,0.314698,-0.051381,0.132171,0.288033,-0.068695,0.106777,0.265767,-0.078284,0.124945,0.384350,-0.027258,0.109505,0.340477,-0.050709,0.088045,0.332031,-0.061941,0.065298,0.328987,-0.067314
6136,0,0.548184,0.755499,1.682342,2.777344,2.170551,0.134129,0.580143,0.000000,0.194964,0.595756,-0.041061,0.257615,0.575770,-0.057731,0.299445,0.531857,-0.070282,0.316088,0.481812,-0.081963,0.246062,0.426471,-0.036408,0.264612,0.357235,-0.057889,0.265607,0.311620,-0.075430,0.260807,0.265363,-0.088299,0.207246,0.390086,-0.030033,0.211240,0.309152,-0.050049,0.203808,0.260508,-0.067867,0.192121,0.214165,-0.080894,0.166671,0.378189,-0.027816,0.157205,0.304809,-0.050326,0.138534,0.261098,-0.067432,0.119052,0.220260,-0.078162,0.127039,0.384857,-0.028945,0.111357,0.326200,-0.050009,0.091756,0.298927,-0.061492,0.071502,0.275026,-0.067788
6169,0,0.465567,0.670358,1.300781,2.656894,1.586630,0.135284,0.602300,0.000000,0.199365,0.612442,-0.039707,0.260069,0.588147,-0.056890,0.303213,0.545906,-0.070188,0.329685,0.500972,-0.082614,0.248619,0.436813,-0.038086,0.271967,0.360225,-0.059758,0.278945,0.308711,-0.077045,0.280967,0.258326,-0.090260,0.209222,0.396914,-0.033224,0.217358,0.304429,-0.052693,0.215795,0.249422,-0.068692,0.209703,0.200552,-0.080494,0.167965,0.384166,-0.032455,0.160652,0.298065,-0.052486,0.150371,0.245150,-0.067030,0.139089,0.197243,-0.076879,0.128634,0.392411,-0.035302,0.113859,0.322912,-0.054854,0.099855,0.283415,-0.065534,0.086758,0.246759,-0.071726
6202,0,0.493195,0.522177,0.525231,2.187332,1.181966,0.131858,0.619525,0.000000,0.199073,0.629751,-0.037010,0.261155,0.604642,-0.053358,0.303076,0.559397,-0.066155,0.334474,0.514714,-0.077719,0.250609,0.449442,-0.032801,0.280903,0.372478,-0.053655,0.293862,0.319409,-0.069769,0.301143,0.269383,-0.081929,0.213333,0.409552,-0.029336,0.231931,0.314176,-0.048213,0.238478,0.255474,-0.063477,0.238181,0.204610,-0.074106,0.173000,0.396375,-0.029995,0.171108,0.304715,-0.050764,0.165334,0.246102,-0.065517,0.158795,0.193660,-0.074616,0.133060,0.405099,-0.033885,0.121441,0.330303,-0.054633,0.110852,0.284705,-0.065347,0.101858,0.242381,-0.070832
6236,0,0.456127,0.272865,0.249587,1.835263,1.162044,0.130679,0.636065,0.000000,0.197934,0.646607,-0.038854,0.261226,0.620362,-0.056282,0.304837,0.573932,-0.069711,0.340631,0.529749,-0.081706,0.253730,0.464847,-0.034725,0.288287,0.388109,-0.056412,0.304231,0.335265,-0.072840,0.314134,0.284557,-0.085270,0.216934,0.423561,-0.030640,0.240067,0.327639,-0.050502,0.249771,0.268713,-0.066017,0.252242,0.216116,-0.076621,0.176242,0.409527,-0.030857,0.176116,0.316702,-0.052240,0.173547,0.256981,-0.067017,0.170783,0.201319,-0.076143,0.135609,0.417146,-0.034530,0.127353,0.341032,-0.055586,0.119644,0.294258,-0.066321,0.114209,0.249090,-0.071971
6270,0,0.399237,0.144622,0.160648,1.514109,1.166580,0.130643,0.651410,0.000000,0.198743,0.660354,-0.038209,0.262592,0.633600,-0.055621,0.307488,0.586580,-0.069337,0.344569,0.542701,-0.081717,0.255787,0.478782,-0.033689,0.292638,0.403253,-0.055532,0.309622,0.351291,-0.072143,0.321219,0.301328,-0.084790,0.219499,0.437489,-0.030126,0.245094,0.342374,-0.050455,0.256898,0.283663,-0.066443,0.261651,0.230176,-0.077487,0.178797,0.423337,-0.030883,0.180215,0.330375,-0.052638,0.180321,0.270424,-0.067422,0.180427,0.214597,-0.076730,0.137992,0.431036,-0.035069,0.131760,0.354364,-0.056378,0.126182,0.305963,-0.067200,0.123035,0.259354,-0.073033
6305,0,0.457118,0.185582,0.108441,1.207763,1.167298,0.129439,0.666560,0.000000,0.197841,0.675730,-0.037245,0.262196,0.648769,-0.054100,0.308110,0.601303,-0.067333,0.346856,0.557480,-0.079125,0.257837,0.495067,-0.031911,0.296963,0.419110,-0.053065,0.315243,0.367372,-0.069223,0.327706,0.317650,-0.081420,0.221772,0.452907,-0.028535,0.250286,0.357488,-0.047844,0.263914,0.299159,-0.063327,0.270881,0.246400,-0.074084,0.181215,0.437359,-0.029391,0.185819,0.344885,-0.049959,0.188206,0.285369,-0.064272,0.190877,0.230256,-0.073364,0.140292,0.443371,-0.033644,0.136809,0.366862,-0.053920,0.132904,0.318486,-0.064092,0.131240,0.272240,-0.069538
6340,0,0.397419,0.102351,0.155733,1.052144,1.198724,0.130355,0.680074,0.000000,0.199042,0.690622,-0.036423,0.264966,0.662957,-0.052403,0.311128,0.614180,-0.064833,0.349833,0.570826,-0.075942,0.259023,0.508478,-0.031187,0.299561,0.434117,-0.051720,0.318598,0.383243,-0.067337,0.332517,0.334780,-0.079220,0.223475,0.466438,-0.028091,0.253722,0.370949,-0.046803,0.268576,0.313080,-0.061646,0.277271,0.260750,-0.072072,0.183765,0.451103,-0.029207,0.190589,0.357767,-0.049353,0.194738,0.298497,-0.063285,0.199355,0.243536,-0.072299,0.143154,0.457367,-0.033646,0.141498,0.380594,-0.053860,0.139284,0.331547,-0.064059,0.139257,0.284439,-0.069659
6374,0,0.395100,0.158693,0.092000,0.953028,1.202213,0.129541,0.692322,0.000000,0.199753,0.702465,-0.034883,0.266634,0.674569,-0.049683,0.312093,0.625190,-0.061303,0.351178,0.583252,-0.071734,0.261034,0.520349,-0.027106,0.301986,0.447434,-0.046595,0.321911,0.398058,-0.061944,0.336798,0.350824,-0.073838,0.225276,0.478676,-0.024636,0.256584,0.384969,-0.042638,0.272147,0.327036,-0.057918,0.281541,0.274550,-0.068806,0.185124,0.463712,-0.026351,0.193413,0.370862,-0.046275,0.198601,0.311759,-0.060617,0.204209,0.257072,-0.069904,0.143496,0.470049,-0.031292,0.143485,0.393557,-0.051467,0.142900,0.344753,-0.061761,0.144708,0.297841,-0.067479
6408,0,0.278866,0.054152,0.086599,0.975986,1.198276,0.130593,0.703900,0.000000,0.199994,0.714487,-0.035675,0.266179,0.686255,-0.050578,0.312070,0.636256,-0.062226,0.352027,0.594723,-0.072451,0.261667,0.531124,-0.027078,0.303499,0.458806,-0.046222,0.324321,0.409510,-0.061400,0.339960,0.362530,-0.073277,0.225852,0.489178,-0.024120,0.257456,0.395256,-0.041820,0.273214,0.337490,-0.056815,0.282953,0.285371,-0.067545,0.185843,0.474070,-0.025473,0.195195,0.381079,-0.045122,0.201336,0.321796,-0.059199,0.207911,0.266074,-0.068370,0.144537,0.480593,-0.030104,0.145041,0.404698,-0.050074,0.145225,0.355811,-0.060300,0.148345,0.308394,-0.066032
6442,0,0.236855,0.098737,0.080143,1.057302,1.234764,0.129505,0.711460,0.000000,0.200380,0.723138,-0.035644,0.267275,0.695393,-0.050315,0.312640,0.644580,-0.061583,0.352935,0.603440,-0.071471,0.262231,0.540264,-0.026560,0.304839,0.468206,-0.045187,0.326360,0.419170,-0.060111,0.342361,0.372453,-0.071839,0.226455,0.498162,-0.023410,0.258509,0.403852,-0.040565,0.274661,0.345794,-0.055420,0.284527,0.294022,-0.066182,0.186835,0.482767,-0.024537,0.196751,0.389887,-0.043738,0.203756,0.330767,-0.057720,0.210978,0.275721,-0.067010,0.145403,0.488835,-0.028929,0.146499,0.413153,-0.048567,0.147171,0.364408,-0.058686,0.150591,0.317188,-0.064434
6476,0,0.206903,0.055022,0.077520,1.220915,1.283893,0.130170,0.718203,0.000000,0.201369,0.729859,-0.036148,0.268483,0.702549,-0.051160,0.314218,0.651113,-0.062718,0.355220,0.609865,-0.073033,0.262392,0.547760,-0.027353,0.305739,0.476093,-0.046532,0.328242,0.427655,-0.061889,0.345431,0.380953,-0.073908,0.227104,0.505443,-0.024175,0.260200,0.411442,-0.041789,0.276738,0.353457,-0.057054,0.286998,0.301148,-0.068060,0.187742,0.489805,-0.025235,0.198864,0.396839,-0.044736,0.206340,0.337840,-0.058758,0.213961,0.283005,-0.068014,0.146210,0.495255,-0.029655,0.147747,0.419564,-0.049318,0.149147,0.371032,-0.059310,0.153159,0.323963,-0.064974
6511,0,0.151363,0.075744,0.130543,1.358792,1.351628,0.130625,0.721539,0.000000,0.199599,0.734676,-0.036861,0.266477,0.707232,-0.052309,0.313261,0.657384,-0.064189,0.354364,0.616015,-0.074596,0.262682,0.552182,-0.028434,0.306572,0.480978,-0.047935,0.329470,0.432523,-0.063314,0.346743,0.386467,-0.075195,0.227905,0.509534,-0.025050,0.262041,0.415694,-0.042939,0.279542,0.357224,-0.058019,0.290557,0.305238,-0.068886,0.188554,0.493855,-0.026016,0.201229,0.400294,-0.045609,0.210006,0.341195,-0.059585,0.218885,0.286344,-0.068840,0.146709,0.499928,-0.030391,0.148855,0.424707,-0.050283,0.151078,0.375216,-0.060552,0.156102,0.327348,-0.066492
6548,0,0.061622,0.091859,0.049988,1.411390,1.431226,0.129621,0.720888,0.000000,0.199755,0.734792,-0.037200,0.266721,0.707590,-0.053070,0.313882,0.658104,-0.065462,0.355593,0.617289,-0.076426,0.263084,0.553934,-0.029138,0.307036,0.483469,-0.049016,0.330220,0.435454,-0.064633,0.347849,0.389650,-0.076657,0.228257,0.511032,-0.025752,0.262452,0.417612,-0.044041,0.279718,0.359224,-0.059520,0.290403,0.307465,-0.070622,0.189124,0.495133,-0.026696,0.201771,0.402078,-0.046621,0.210091,0.342382,-0.060856,0.218435,0.287457,-0.070253,0.146998,0.500842,-0.031050,0.149242,0.425544,-0.051089,0.151432,0.376154,-0.061454,0.156356,0.328345,-0.067397
6585,0,0.058454,0.044189,0.068665,1.419491,1.406202,0.129371,0.722257,0.000000,0.200317,0.735402,-0.037381,0.266993,0.707696,-0.053009,0.314367,0.656996,-0.065079,0.355426,0.615088,-0.075910,0.262661,0.555870,-0.029120,0.306136,0.485331,-0.049062,0.329066,0.437593,-0.064712,0.346722,0.391396,-0.076828,0.227926,0.512722,-0.025701,0.261268,0.419345,-0.044174,0.278145,0.360973,-0.059709,0.288316,0.308210,-0.070770,0.188391,0.496634,-0.026665,0.199814,0.403142,-0.046928,0.207374,0.342744,-0.061316,0.214785,0.286287,-0.070724,0.146545,0.502059,-0.031048,0.148292,0.426349,-0.051311,0.149368,0.377272,-0.061729,0.152811,0.329985,-0.067649
6618,0,0.051345,0.071665,0.053790,1.423912,1.359943,0.130577,0.722544,0.000000,0.200553,0.735437,-0.037712,0.266881,0.708118,-0.053548,0.313544,0.657290,-0.065813,0.354393,0.614948,-0.076798,0.261877,0.555920,-0.029817,0.304549,0.484065,-0.049886,0.327399,0.435749,-0.065402,0.344831,0.389301,-0.077301,0.226872,0.513289,-0.026133,0.259737,0.419847,-0.044532,0.276677,0.361386,-0.059864,0.286890,0.308603,-0.070756,0.187242,0.497316,-0.026865,0.198002,0.403554,-0.047003,0.205078,0.342819,-0.061420,0.212134,0.286471,-0.070848,0.145355,0.503066,-0.031076,0.146391,0.427204,-0.051305,0.146760,0.377902,-0.061969,0.149693,0.330323,-0.068056
6651,0,0.043415,0.046150,0.068904,1.408072,1.327014,0.130321,0.722971,0.000000,0.199993,0.734862,-0.038045,0.266139,0.706697,-0.054063,0.312804,0.655623,-0.066396,0.353088,0.612281,-0.077318,0.261154,0.555231,-0.030240,0.304019,0.483345,-0.050377,0.326740,0.434962,-0.065895,0.344088,0.388507,-0.077773,0.226017,0.512608,-0.026326,0.259093,0.419492,-0.044666,0.275607,0.360544,-0.059934,0.285380,0.307536,-0.070765,0.186278,0.496614,-0.026850,0.197559,0.402712,-0.046782,0.204542,0.342107,-0.061117,0.211184,0.286255,-0.070446,0.144134,0.502207,-0.030832,0.145477,0.426355,-0.050787,0.145755,0.377103,-0.061254,0.148377,0.329809,-0.067170
6685,0,0.060514,0.044626,0.104023,1.405974,1.342490,0.129292,0.721391,0.000000,0.199138,0.734208,-0.038802,0.265355,0.706075,-0.055002,0.311271,0.652961,-0.067351,0.351668,0.608782,-0.078378,0.260107,0.555184,-0.030918,0.302419,0.482862,-0.051310,0.324979,0.434255,-0.066941,0.342004,0.387597,-0.078880,0.224784,0.512319,-0.026658,0.257488,0.418580,-0.045409,0.274030,0.359291,-0.060925,0.284008,0.306019,-0.071908,0.185006,0.496418,-0.026840,0.195930,0.402313,-0.047255,0.202722,0.341495,-0.061791,0.209375,0.285594,-0.071133,0.142781,0.502047,-0.030554,0.144060,0.426506,-0.050900,0.144606,0.377112,-0.061563,0.147355,0.329993,-0.067579
6718,0,0.072616,0.063099,0.052775,1.411776,1.295125,0.128356,0.722167,0.000000,0.198717,0.733941,-0.037963,0.264203,0.705144,-0.053798,0.309829,0.652115,-0.065975,0.350183,0.608184,-0.076835,0.258022,0.555045,-0.030489,0.299840,0.482649,-0.050617,0.321713,0.433553,-0.066021,0.338474,0.386609,-0.077880,0.222996,0.512302,-0.026694,0.255222,0.418253,-0.045256,0.271740,0.359350,-0.060568,0.281635,0.306200,-0.071428,0.183083,0.496554,-0.027285,0.193315,0.402303,-0.047846,0.199380,0.341581,-0.062431,0.205476,0.285565,-0.071882,0.140863,0.502638,-0.031306,0.141709,0.426858,-0.051890,0.141597,0.377908,-0.062749,0.143785,0.330637,-0.068883
6752,0,0.041800,0.032803,0.057396,1.404099,1.272651,0.127861,0.721945,0.000000,0.198365,0.734096,-0.038269,0.264476,0.705348,-0.054177,0.309615,0.651718,-0.066358,0.349868,0.607970,-0.077220,0.257219,0.553827,-0.030065,0.299374,0.481833,-0.050177,0.321327,0.433359,-0.065676,0.337890,0.386960,-0.077493,0.221630,0.511761,-0.026089,0.253620,0.417353,-0.044791,0.269777,0.358111,-0.060404,0.279148,0.305092,-0.071403,0.181756,0.496446,-0.026543,0.191669,0.402186,-0.047132,0.197848,0.341269,-0.061858,0.203980,0.285090,-0.071357,0.139505,0.502620,-0.030429,0.140427,0.427167,-0.050995,0.140608,0.378179,-0.061813,0.143020,0.331016,-0.067903
6786,0,0.030704,0.043250,0.050012,1.401304,1.244707,0.128532,0.721762,0.000000,0.198125,0.733666,-0.038255,0.264217,0.705085,-0.054066,0.308497,0.650449,-0.066106,0.348324,0.605588,-0.076783,0.257049,0.553899,-0.030486,0.298859,0.481160,-0.050613,0.320762,0.432330,-0.065879,0.337208,0.385771,-0.077555,0.221090,0.511851,-0.026397,0.252916,0.416964,-0.045025,0.268953,0.357487,-0.060472,0.278112,0.304518,-0.071331,0.181057,0.496668,-0.026715,0.190789,0.402487,-0.047069,0.196970,0.341493,-0.061608,0.203320,0.285171,-0.071013,0.138918,0.502915,-0.030463,0.139784,0.427636,-0.050750,0.140118,0.378917,-0.061381,0.143027,0.331829,-0.067378
6819,0,0.042741,0.052847,0.044439,1.416275,1.237872,0.128788,0.722147,0.000000,0.198657,0.733872,-0.038428,0.264261,0.704718,-0.054502,0.308176,0.650069,-0.066744,0.348081,0.605072,-0.077671,0.256876,0.553918,-0.030946,0.297936,0.481185,-0.051464,0.319441,0.431946,-0.067016,0.335758,0.385208,-0.078941,0.220860,0.511758,-0.027001,0.252498,0.416358,-0.046136,0.268122,0.356880,-0.061802,0.276962,0.303817,-0.072729,0.180728,0.496768,-0.027455,0.189945,0.401918,-0.048426,0.195766,0.340907,-0.063071,0.201871,0.284524,-0.072412,0.138498,0.503343,-0.031332,0.139260,0.427448,-0.052098,0.139428,0.378610,-0.062799,0.142170,0.331383,-0.068784
6864,0,0.066571,0.075271,0.062151,1.378886,1.165563,0.128855,0.723284,0.000000,0.199115,0.734485,-0.037659,0.264528,0.703946,-0.053027,0.308115,0.648839,-0.064740,0.347737,0.604111,-0.075136,0.256491,0.553222,-0.029147,0.297475,0.480485,-0.048850,0.318875,0.431871,-0.063923,0.334787,0.385320,-0.075590,0.220377,0.511432,-0.025310,0.251448,0.416606,-0.043833,0.267047,0.357516,-0.059292,0.275838,0.304572,-0.070097,0.180333,0.496963,-0.025855,0.188981,0.402353,-0.046444,0.194497,0.341224,-0.061108,0.200359,0.284429,-0.070551,0.138191,0.503830,-0.029737,0.138794,0.428534,-0.050303,0.139166,0.379665,-0.061017,0.142120,0.332399,-0.067055
6897,0,0.045800,0.055977,0.074113,1.414789,1.174158,0.129765,0.723728,0.000000,0.199439,0.734358,-0.037850,0.264653,0.705062,-0.053676,0.308096,0.649455,-0.065755,0.347617,0.604259,-0.076563,0.256413,0.553792,-0.030107,0.297158,0.481002,-0.050361,0.318149,0.431940,-0.065755,0.334034,0.385277,-0.077607,0.220191,0.512089,-0.026338,0.251004,0.417112,-0.045320,0.266378,0.358243,-0.060941,0.275328,0.305517,-0.071976,0.180226,0.497577,-0.026929,0.188810,0.402911,-0.047818,0.194201,0.341826,-0.062485,0.200054,0.285038,-0.071976,0.138176,0.504587,-0.030857,0.138270,0.429337,-0.051632,0.138691,0.380651,-0.062440,0.141911,0.333264,-0.068525
6933,0,0.045850,0.051282,0.063367,1.449007,1.207018,0.129707,0.723415,0.000000,0.199321,0.734541,-0.037707,0.264764,0.705302,-0.053401,0.308077,0.649929,-0.065404,0.346762,0.604382,-0.076229,0.256421,0.555463,-0.030868,0.296428,0.482316,-0.051499,0.317230,0.433166,-0.067125,0.332894,0.386176,-0.079083,0.220438,0.513427,-0.027244,0.250858,0.418072,-0.046562,0.266167,0.358842,-0.062369,0.275036,0.305904,-0.073466,0.180546,0.498771,-0.027901,0.188723,0.404032,-0.049053,0.193994,0.342821,-0.063864,0.199623,0.286360,-0.073330,0.138452,0.505664,-0.031864,0.138229,0.430345,-0.052858,0.138478,0.381782,-0.063592,0.141408,0.334185,-0.069707
6968,0,0.054865,0.060285,0.073239,1.460806,1.158807,0.130919,0.724992,0.000000,0.199870,0.736240,-0.037821,0.264733,0.706283,-0.053346,0.307246,0.650278,-0.065081,0.345960,0.605145,-0.075552,0.256201,0.556769,-0.030487,0.296211,0.484046,-0.050639,0.316906,0.434929,-0.065938,0.332577,0.388459,-0.077628,0.220253,0.514452,-0.026673,0.250615,0.419178,-0.045561,0.265714,0.359966,-0.060884,0.274640,0.307136,-0.071580,0.180558,0.499587,-0.027215,0.188482,0.405016,-0.048156,0.193352,0.343916,-0.062779,0.198707,0.287219,-0.072122,0.138567,0.506610,-0.031074,0.138175,0.431432,-0.051902,0.137550,0.383336,-0.062599,0.139520,0.336386,-0.068511
7001,0,0.031025,0.037354,0.082366,1.482787,1.190101,0.129999,0.724905,0.000000,0.199029,0.735950,-0.037997,0.264196,0.707131,-0.053683,0.306004,0.650734,-0.065537,0.344049,0.604542,-0.076129,0.256113,0.557579,-0.030605,0.295770,0.484636,-0.051068,0.316224,0.435204,-0.066574,0.331587,0.388288,-0.078428,0.220111,0.515359,-0.026751,0.250376,0.420282,-0.045885,0.265718,0.361129,-0.061525,0.274681,0.308608,-0.072478,0.180401,0.500495,-0.027247,0.188481,0.405854,-0.048409,0.193419,0.344562,-0.063283,0.198830,0.287745,-0.072839,0.138402,0.507418,-0.031078,0.138174,0.431919,-0.052150,0.137736,0.383588,-0.063058,0.140032,0.336254,-0.069188
7033,0,0.038402,0.047484,0.030337,1.506970,1.207467,0.130708,0.724747,0.000000,0.199473,0.735362,-0.037991,0.264685,0.706257,-0.053759,0.306238,0.649745,-0.065681,0.344166,0.603750,-0.076522,0.256377,0.558228,-0.031311,0.295712,0.485517,-0.052274,0.316134,0.436066,-0.068065,0.331587,0.389182,-0.080031,0.220560,0.515971,-0.027554,0.250765,0.420764,-0.047101,0.265770,0.361624,-0.062936,0.274452,0.308887,-0.073958,0.180724,0.501057,-0.028117,0.188514,0.406344,-0.049665,0.193306,0.345001,-0.064556,0.198467,0.288508,-0.074003,0.138557,0.508131,-0.032008,0.138281,0.432700,-0.053309,0.137738,0.384430,-0.064241,0.139670,0.336984,-0.070359
7066,0,0.029595,0.037349,0.053764,1.505805,1.194827,0.131299,0.724499,0.000000,0.199868,0.735945,-0.038647,0.264934,0.706905,-0.054716,0.305972,0.649966,-0.066880,0.343888,0.603909,-0.077743,0.255945,0.557770,-0.031600,0.295016,0.484862,-0.052607,0.315568,0.435881,-0.068362,0.331147,0.389116,-0.080257,0.220084,0.515511,-0.027560,0.250294,0.420351,-0.047086,0.265287,0.360916,-0.062841,0.274077,0.308008,-0.073703,0.180409,0.500465,-0.027919,0.188058,0.405866,-0.049465,0.192503,0.344286,-0.064412,0.197416,0.287513,-0.073838,0.138212,0.507426,-0.031667,0.137802,0.432280,-0.052876,0.136805,0.384206,-0.063738,0.138267,0.337168,-0.069798
7099,0,0.046993,0.038522,0.079592,1.475935,1.216080,0.130318,0.722150,0.000000,0.198941,0.733597,-0.038144,0.263859,0.705496,-0.054011,0.305627,0.649792,-0.066024,0.342802,0.603137,-0.076781,0.255512,0.556058,-0.031398,0.294938,0.482853,-0.052218,0.315329,0.433624,-0.067817,0.330708,0.387156,-0.079560,0.219527,0.514122,-0.027499,0.249960,0.418502,-0.046885,0.265361,0.359011,-0.062752,0.274612,0.306428,-0.073733,0.179847,0.499390,-0.027925,0.187557,0.404566,-0.049215,0.192241,0.342654,-0.064365,0.197401,0.285751,-0.074047,0.137739,0.506653,-0.031667,0.137525,0.431787,-0.052756,0.137062,0.383250,-0.063783,0.138915,0.336059,-0.069968
7133,0,0.054400,0.049255,0.089379,1.476860,1.241971,0.130781,0.720473,0.000000,0.199353,0.732312,-0.038540,0.263957,0.704725,-0.054674,0.304236,0.647755,-0.066863,0.341451,0.600800,-0.077887,0.255361,0.555804,-0.032311,0.294819,0.482909,-0.053508,0.315153,0.433531,-0.069238,0.330912,0.387009,-0.081024,0.219539,0.513244,-0.028412,0.249976,0.417363,-0.048220,0.265282,0.357861,-0.063950,0.274330,0.305052,-0.074795,0.180038,0.498384,-0.028838,0.187630,0.403071,-0.050595,0.192281,0.341349,-0.065653,0.197304,0.284459,-0.075109,0.137916,0.505403,-0.032602,0.137190,0.430185,-0.054136,0.136306,0.381646,-0.065160,0.137877,0.334137,-0.071300