t,missing,delta_l1,delta_l1_wrist,delta_angles,delta_base_l1,delta_base_l1_wrist,x0,y0,z0,x1,y1,z1,x2,y2,z2,x3,y3,z3,x4,y4,z4,x5,y5,z5,x6,y6,z6,x7,y7,z7,x8,y8,z8,x9,y9,z9,x10,y10,z10,x11,y11,z11,x12,y12,z12,x13,y13,z13,x14,y14,z14,x15,y15,z15,x16,y16,z16,x17,y17,z17,x18,y18,z18,x19,y19,z19,x20,y20,z20
30,0,,,,0.000000,0.000000,0.156604,0.757288,0.000000,0.214281,0.739937,-0.025793,0.264066,0.693205,-0.037205,0.301067,0.646188,-0.046842,0.333498,0.612577,-0.055807,0.227386,0.582315,-0.020059,0.256790,0.515236,-0.035599,0.271629,0.473020,-0.048037,0.281136,0.435388,-0.057152,0.193572,0.563765,-0.019667,0.211409,0.481184,-0.033469,0.219994,0.429820,-0.044750,0.222964,0.385782,-0.052632,0.159757,0.565625,-0.022730,0.156835,0.488245,-0.037840,0.154981,0.439790,-0.048336,0.153765,0.396329,-0.054948,0.126512,0.584306,-0.028314,0.112817,0.525275,-0.043181,0.104720,0.486112,-0.049980,0.099983,0.447446,-0.053566
66,0,0.018038,0.015670,0.038284,0.018038,0.015670,0.156755,0.757143,0.000000,0.214304,0.739654,-0.025625,0.263973,0.693058,-0.037019,0.301382,0.645975,-0.046693,0.334127,0.612586,-0.055771,0.227973,0.581820,-0.020153,0.257104,0.515211,-0.035842,0.271830,0.472901,-0.048486,0.281505,0.434925,-0.057788,0.193942,0.563196,-0.019966,0.211661,0.481073,-0.033806,0.220180,0.430092,-0.045199,0.223135,0.386065,-0.053230,0.159915,0.565331,-0.023179,0.157008,0.488205,-0.038326,0.155258,0.439819,-0.048785,0.154002,0.396465,-0.055472,0.126534,0.584329,-0.028931,0.112783,0.525003,-0.043854,0.104812,0.485650,-0.050653,0.099969,0.446729,-0.054314
95,0,0.036364,0.027285,0.038359,0.035569,0.021322,0.156919,0.756673,0.000000,0.214828,0.739384,-0.025513,0.264533,0.692856,-0.036626,0.301576,0.645353,-0.045984,0.334177,0.611619,-0.054762,0.227979,0.581674,-0.019481,0.256875,0.514674,-0.034889,0.271372,0.472458,-0.047329,0.280845,0.434414,-0.056518,0.194078,0.563044,-0.019182,0.212036,0.480678,-0.032835,0.220494,0.429590,-0.044116,0.223460,0.385683,-0.052035,0.160226,0.564865,-0.022320,0.157177,0.487500,-0.037355,0.155479,0.439034,-0.047702,0.154488,0.395760,-0.054277,0.126745,0.583623,-0.027960,0.112924,0.524238,-0.042771,0.105041,0.484894,-0.049420,0.100544,0.446241,-0.052969
124,0,0.026541,0.031154,0.053323,0.030196,0.016730,0.157304,0.756610,0.000000,0.214930,0.738907,-0.025794,0.264350,0.692619,-0.037261,0.301510,0.645824,-0.046918,0.333854,0.612173,-0.055995,0.227929,0.581468,-0.020284,0.256951,0.514517,-0.035917,0.271977,0.472158,-0.048449,0.281687,0.434198,-0.057713,0.194091,0.562521,-0.019947,0.211830,0.480078,-0.033694,0.220397,0.429110,-0.044901,0.223424,0.385553,-0.052782,0.160209,0.564486,-0.023029,0.157086,0.486926,-0.038065,0.155204,0.438805,-0.048337,0.154043,0.395798,-0.054912,0.126840,0.583277,-0.028670,0.112937,0.524349,-0.043481,0.105029,0.485157,-0.050130,0.100423,0.446463,-0.053679
157,0,0.023763,0.024531,0.045080,0.032924,0.020085,0.157063,0.756329,0.000000,0.214421,0.738600,-0.025093,0.264544,0.691990,-0.036200,0.302071,0.645307,-0.045698,0.334253,0.612103,-0.054673,0.227737,0.581329,-0.019558,0.256667,0.514030,-0.035153,0.271583,0.471717,-0.047718,0.281403,0.433987,-0.056880,0.193844,0.563002,-0.019465,0.211645,0.480476,-0.033077,0.220018,0.429222,-0.044352,0.223064,0.385644,-0.052317,0.159959,0.564953,-0.022756,0.157032,0.487286,-0.037583,0.155167,0.439082,-0.047867,0.153978,0.396304,-0.054412,0.126541,0.583552,-0.028552,0.113040,0.524313,-0.043193,0.105149,0.485151,-0.049775,0.100419,0.446587,-0.053252
189,0,0.023043,0.024707,0.041489,0.026534,0.023263,0.156824,0.756048,0.000000,0.214236,0.738810,-0.025522,0.263753,0.692506,-0.036828,0.301346,0.645351,-0.046343,0.333597,0.611641,-0.055372,0.227332,0.581475,-0.020280,0.256556,0.514633,-0.035988,0.271509,0.472199,-0.048582,0.281159,0.434176,-0.057835,0.193440,0.562958,-0.019962,0.211513,0.480562,-0.033750,0.220116,0.429588,-0.045037,0.223211,0.385957,-0.052947,0.159514,0.564828,-0.023022,0.156611,0.487485,-0.038041,0.154826,0.439155,-0.048283,0.153740,0.396086,-0.054850,0.126099,0.583657,-0.028619,0.112722,0.524556,-0.043395,0.105338,0.485304,-0.050037,0.101194,0.446520,-0.053619
237,0,0.029782,0.033081,0.041488,0.038084,0.042351,0.157157,0.756295,0.000000,0.214203,0.739241,-0.026015,0.263868,0.693015,-0.037681,0.301128,0.645946,-0.047484,0.333151,0.611851,-0.056727,0.227569,0.581379,-0.021114,0.256979,0.514505,-0.036898,0.271644,0.472100,-0.049422,0.281215,0.434339,-0.058628,0.193473,0.562839,-0.020723,0.211390,0.480322,-0.034681,0.219880,0.429125,-0.045993,0.222738,0.385344,-0.053969,0.159525,0.565052,-0.023723,0.156493,0.487605,-0.038911,0.154665,0.439408,-0.049347,0.153438,0.396349,-0.055981,0.126099,0.584204,-0.029239,0.112270,0.524870,-0.044241,0.104639,0.485590,-0.051024,0.100418,0.446834,-0.054677
267,0,0.021659,0.022517,0.032781,0.027061,0.027229,0.156693,0.756267,0.000000,0.214238,0.739197,-0.026156,0.263827,0.693093,-0.037686,0.301288,0.645950,-0.047350,0.333265,0.611883,-0.056417,0.227056,0.581507,-0.020783,0.256337,0.514787,-0.036492,0.271155,0.472529,-0.048991,0.280895,0.434857,-0.058170,0.193270,0.563005,-0.020167,0.211166,0.480541,-0.033973,0.219834,0.429267,-0.045260,0.222929,0.385779,-0.053170,0.159378,0.564851,-0.022966,0.156279,0.487673,-0.038077,0.154275,0.439312,-0.048581,0.153052,0.396479,-0.055223,0.126034,0.583652,-0.028320,0.112327,0.524698,-0.043208,0.104454,0.485336,-0.049999,0.099849,0.446931,-0.053655
299,0,0.024541,0.028669,0.058665,0.033204,0.049442,0.156404,0.755970,0.000000,0.214167,0.739099,-0.025881,0.263718,0.693424,-0.037404,0.301239,0.646223,-0.047137,0.333435,0.612470,-0.056348,0.227113,0.582330,-0.020846,0.256103,0.515584,-0.036733,0.271449,0.473383,-0.049375,0.281023,0.435516,-0.058623,0.193019,0.563654,-0.020399,0.210848,0.481384,-0.034439,0.219450,0.430115,-0.045906,0.222267,0.386422,-0.053924,0.158912,0.565355,-0.023307,0.155667,0.488134,-0.038523,0.153615,0.439679,-0.049039,0.152454,0.396790,-0.055714,0.125481,0.583888,-0.028733,0.111933,0.524806,-0.043632,0.104365,0.485705,-0.050419,0.100122,0.447258,-0.054073
333,0,0.025931,0.036265,0.045770,0.043196,0.041760,0.156448,0.757099,0.000000,0.213841,0.739380,-0.025334,0.263085,0.693604,-0.036831,0.300487,0.646823,-0.046619,0.332570,0.613426,-0.055906,0.226964,0.582444,-0.020728,0.256188,0.515295,-0.036515,0.271297,0.473212,-0.049033,0.280665,0.435357,-0.058172,0.192766,0.563840,-0.020542,0.210692,0.480969,-0.034509,0.219094,0.429839,-0.045876,0.221593,0.386280,-0.053751,0.158646,0.565572,-0.023625,0.154733,0.488213,-0.038670,0.152378,0.439322,-0.049145,0.150444,0.395818,-0.055831,0.125117,0.584381,-0.029179,0.111549,0.525613,-0.043796,0.103944,0.486608,-0.050445,0.099505,0.448375,-0.053974
363,0,0.051346,0.039361,0.074724,0.059388,0.042502,0.155653,0.756958,0.000000,0.213465,0.739303,-0.025050,0.262559,0.693325,-0.036157,0.299981,0.646465,-0.045658,0.332006,0.612226,-0.054618,0.225911,0.582219,-0.019152,0.254978,0.515384,-0.034552,0.270021,0.473260,-0.046965,0.279752,0.435645,-0.056037,0.192022,0.563512,-0.018984,0.209783,0.481118,-0.032629,0.218456,0.429817,-0.043978,0.221121,0.385992,-0.051855,0.157966,0.565472,-0.022194,0.153997,0.488284,-0.037127,0.151559,0.439583,-0.047525,0.149903,0.396413,-0.054095,0.124778,0.584015,-0.027850,0.110744,0.525411,-0.042485,0.103040,0.486416,-0.049130,0.098578,0.447875,-0.052602
394,0,0.017799,0.019550,0.049316,0.070910,0.034139,0.154778,0.756789,0.000000,0.212582,0.738830,-0.025265,0.262137,0.692740,-0.036415,0.299569,0.645614,-0.045905,0.331955,0.611872,-0.054818,0.225598,0.581962,-0.019298,0.255028,0.515005,-0.034643,0.270048,0.472924,-0.046987,0.279531,0.435269,-0.056011,0.191714,0.563439,-0.018991,0.209558,0.481173,-0.032592,0.218069,0.430040,-0.043892,0.220731,0.386226,-0.051723,0.157640,0.565059,-0.022058,0.153895,0.488037,-0.036900,0.151437,0.439468,-0.047322,0.149806,0.396193,-0.053923,0.124176,0.583317,-0.027614,0.110379,0.524862,-0.042176,0.102532,0.486027,-0.048814,0.097982,0.447665,-0.052357
427,0,0.045682,0.048394,0.051329,0.076822,0.033975,0.154814,0.756933,0.000000,0.212151,0.738748,-0.025564,0.261723,0.692205,-0.037049,0.299286,0.645262,-0.046727,0.331625,0.611136,-0.055901,0.224993,0.581895,-0.020716,0.254292,0.514807,-0.036490,0.269473,0.472568,-0.049039,0.279166,0.434420,-0.058250,0.191014,0.563320,-0.020436,0.209000,0.480945,-0.034364,0.217466,0.429543,-0.045720,0.220079,0.385352,-0.053663,0.157106,0.565161,-0.023494,0.153488,0.487925,-0.038560,0.151280,0.439384,-0.048890,0.149552,0.395943,-0.055453,0.124017,0.584225,-0.029050,0.110156,0.524966,-0.043818,0.102242,0.486031,-0.050456,0.097424,0.447352,-0.053961
461,0,0.035240,0.046018,0.055462,0.083875,0.027701,0.154109,0.756166,0.000000,0.211697,0.738696,-0.025335,0.261653,0.691666,-0.036510,0.299012,0.644771,-0.045969,0.331360,0.611120,-0.054886,0.225211,0.581109,-0.019794,0.254375,0.513995,-0.035185,0.269326,0.472100,-0.047498,0.279003,0.434567,-0.056528,0.191149,0.562736,-0.019477,0.208910,0.480553,-0.033096,0.217502,0.429420,-0.044364,0.220408,0.385425,-0.052237,0.157143,0.564597,-0.022499,0.153307,0.487691,-0.037331,0.151214,0.439564,-0.047648,0.149736,0.396578,-0.054177,0.123816,0.583453,-0.028021,0.110026,0.524675,-0.042536,0.102087,0.485809,-0.049103,0.097301,0.447527,-0.052536
490,0,0.035013,0.027614,0.063125,0.098353,0.026555,0.153652,0.756138,0.000000,0.211119,0.738071,-0.025210,0.260959,0.691675,-0.036435,0.298528,0.644937,-0.046019,0.330663,0.610773,-0.055156,0.224804,0.581322,-0.019970,0.253663,0.514265,-0.035801,0.268831,0.472276,-0.048443,0.278538,0.434218,-0.057692,0.190894,0.563048,-0.019933,0.208482,0.480535,-0.033918,0.216841,0.429256,-0.045497,0.219465,0.385184,-0.053552,0.156722,0.564916,-0.023233,0.152847,0.487399,-0.038337,0.150330,0.438732,-0.048816,0.148435,0.395054,-0.055454,0.123217,0.583466,-0.029032,0.109775,0.524482,-0.043744,0.101921,0.485382,-0.050382,0.097190,0.446715,-0.053925
528,0,0.018895,0.018436,0.030764,0.111915,0.034476,0.153756,0.755977,0.000000,0.211125,0.737964,-0.025471,0.261068,0.691342,-0.036882,0.298450,0.644584,-0.046579,0.330215,0.610003,-0.055752,0.224608,0.581115,-0.020548,0.253413,0.514064,-0.036398,0.268389,0.472019,-0.049003,0.277885,0.433973,-0.058214,0.190599,0.562745,-0.020362,0.208348,0.480455,-0.034402,0.216770,0.429113,-0.045945,0.219226,0.384849,-0.054000,0.156541,0.564597,-0.023513,0.152561,0.487341,-0.038672,0.150058,0.438824,-0.049226,0.148389,0.395454,-0.055939,0.123104,0.583287,-0.029163,0.109604,0.523912,-0.044005,0.101756,0.484953,-0.050793,0.097087,0.446453,-0.054410
557,0,0.045201,0.037545,0.051515,0.128418,0.038880,0.153639,0.755411,0.000000,0.211118,0.736952,-0.024655,0.260826,0.690809,-0.035613,0.298272,0.644343,-0.045024,0.329665,0.609905,-0.054007,0.224275,0.580301,-0.018934,0.253171,0.513275,-0.034364,0.268031,0.471359,-0.046850,0.277653,0.433537,-0.055982,0.190482,0.562133,-0.018999,0.208185,0.479872,-0.032631,0.216477,0.428686,-0.044204,0.218951,0.384555,-0.052292,0.156477,0.563942,-0.022400,0.152528,0.487131,-0.037234,0.150067,0.438613,-0.047745,0.148158,0.395464,-0.054454,0.122922,0.582343,-0.028233,0.109433,0.523414,-0.042788,0.101518,0.484502,-0.049459,0.096781,0.446040,-0.053000
586,0,0.029841,0.030222,0.043445,0.127610,0.029453,0.153037,0.755004,0.000000,0.210510,0.736515,-0.024972,0.260144,0.690652,-0.036265,0.297575,0.644165,-0.045919,0.329680,0.609797,-0.055162,0.223699,0.580706,-0.019959,0.252836,0.513591,-0.035688,0.268175,0.471673,-0.048304,0.278061,0.433695,-0.057473,0.189961,0.562249,-0.019884,0.207900,0.479904,-0.033712,0.216322,0.428600,-0.045173,0.218913,0.384431,-0.053224,0.156132,0.563809,-0.023108,0.152044,0.486960,-0.037998,0.149614,0.438212,-0.048490,0.147737,0.394833,-0.055162,0.122960,0.582195,-0.028811,0.109076,0.523306,-0.043310,0.101091,0.484379,-0.049907,0.096285,0.445899,-0.053410
639,0,0.013044,0.017611,0.031826,0.129991,0.030183,0.153419,0.754941,0.000000,0.210673,0.736849,-0.025391,0.260131,0.690744,-0.036672,0.297691,0.643766,-0.046203,0.329536,0.609570,-0.055212,0.223820,0.580349,-0.020142,0.253112,0.513404,-0.035704,0.268248,0.471482,-0.048176,0.277903,0.433638,-0.057297,0.189939,0.561614,-0.019844,0.207540,0.479582,-0.033619,0.215908,0.428233,-0.045011,0.218443,0.384001,-0.052979,0.155970,0.563375,-0.022878,0.152030,0.486296,-0.037826,0.149709,0.437945,-0.048325,0.147881,0.394611,-0.055026,0.122754,0.581984,-0.028388,0.108920,0.523288,-0.043075,0.100985,0.484389,-0.049851,0.096138,0.446075,-0.053425
668,0,0.013925,0.017489,0.044731,0.123289,0.026275,0.153079,0.754955,0.000000,0.210459,0.737000,-0.025484,0.260205,0.691147,-0.036858,0.297530,0.644621,-0.046500,0.329321,0.610133,-0.055622,0.223888,0.580183,-0.020235,0.253101,0.513305,-0.035778,0.267904,0.471237,-0.048213,0.277451,0.433428,-0.057297,0.190162,0.561829,-0.019899,0.207793,0.479800,-0.033675,0.216280,0.428418,-0.045086,0.219053,0.384295,-0.053090,0.156314,0.563777,-0.022934,0.152155,0.486870,-0.037919,0.149716,0.438530,-0.048511,0.148012,0.395284,-0.055212,0.123058,0.582337,-0.028462,0.108965,0.523663,-0.043150,0.100935,0.484798,-0.049963,0.096111,0.446219,-0.053574
697,0,0.023701,0.030188,0.044980,0.134155,0.049030,0.153643,0.754627,0.000000,0.210966,0.736274,-0.025056,0.260324,0.690823,-0.036244,0.297555,0.644409,-0.045794,0.329507,0.609778,-0.054841,0.223833,0.580317,-0.019416,0.252865,0.513622,-0.034960,0.268036,0.471635,-0.047432,0.277693,0.433875,-0.056553,0.190015,0.561902,-0.019267,0.207654,0.479883,-0.032968,0.215960,0.428347,-0.044491,0.218486,0.384270,-0.052495,0.156045,0.563635,-0.022450,0.151994,0.486665,-0.037305,0.149596,0.438195,-0.047879,0.147903,0.394899,-0.054580,0.122765,0.581869,-0.028109,0.108958,0.523161,-0.042666,0.101041,0.484255,-0.049368,0.096415,0.445845,-0.052942
731,0,0.017314,0.011926,0.057610,0.125663,0.049480,0.154108,0.754590,0.000000,0.211239,0.736604,-0.025167,0.260400,0.690666,-0.036349,0.297687,0.643916,-0.045803,0.329537,0.610026,-0.054755,0.224244,0.580009,-0.019800,0.253515,0.513149,-0.035178,0.268718,0.471402,-0.047474,0.278202,0.433825,-0.056464,0.190357,0.561635,-0.019502,0.207981,0.479472,-0.033080,0.216434,0.428199,-0.044280,0.219280,0.384328,-0.052118,0.156354,0.563519,-0.022586,0.152440,0.486711,-0.037352,0.150191,0.438712,-0.047697,0.148808,0.395759,-0.054272,0.123033,0.582170,-0.028121,0.109272,0.523253,-0.042645,0.101450,0.484385,-0.049257,0.096915,0.445667,-0.052786
766,0,0.025087,0.028469,0.051393,0.117703,0.045883,0.153973,0.754348,0.000000,0.211095,0.736571,-0.025772,0.260387,0.691208,-0.037468,0.297591,0.644816,-0.047416,0.329770,0.610464,-0.056750,0.224195,0.580016,-0.020305,0.253649,0.513274,-0.036054,0.268821,0.471537,-0.048643,0.278763,0.433987,-0.057791,0.190401,0.561554,-0.019877,0.208183,0.479508,-0.033749,0.216967,0.428209,-0.045184,0.219819,0.384093,-0.053180,0.156477,0.563526,-0.022871,0.152556,0.486984,-0.037914,0.150327,0.438628,-0.048494,0.148709,0.395396,-0.055151,0.123338,0.581822,-0.028394,0.109429,0.522992,-0.043064,0.101424,0.484206,-0.049721,0.096592,0.445852,-0.053254
795,0,0.029601,0.029861,0.045240,0.132361,0.056262,0.154086,0.754517,0.000000,0.210965,0.736780,-0.025702,0.260687,0.690695,-0.037410,0.297950,0.644246,-0.047352,0.330089,0.610281,-0.056719,0.224281,0.580684,-0.021204,0.253965,0.513768,-0.037298,0.269278,0.471545,-0.049954,0.279040,0.433878,-0.059135,0.190325,0.561934,-0.020888,0.208190,0.479314,-0.035068,0.216778,0.428057,-0.046460,0.219494,0.384276,-0.054377,0.156478,0.563533,-0.023936,0.152789,0.486259,-0.039064,0.150614,0.437925,-0.049434,0.149043,0.394714,-0.055975,0.123393,0.582103,-0.029474,0.109729,0.523011,-0.044156,0.101742,0.484058,-0.050772,0.097041,0.445582,-0.054228
826,0,0.037659,0.029541,0.025848,0.120154,0.042490,0.154504,0.754137,0.000000,0.211669,0.736412,-0.025321,0.260905,0.690384,-0.036744,0.298218,0.643699,-0.046438,0.330117,0.609744,-0.055628,0.224557,0.579511,-0.020484,0.254443,0.512729,-0.036242,0.269925,0.470834,-0.048782,0.279925,0.433120,-0.057861,0.190640,0.560962,-0.020205,0.208542,0.478582,-0.033972,0.217187,0.427532,-0.045172,0.220101,0.383856,-0.052986,0.156695,0.562898,-0.023237,0.152993,0.486042,-0.038103,0.150849,0.438003,-0.048298,0.149297,0.395169,-0.054772,0.123697,0.581555,-0.028782,0.109932,0.522716,-0.043312,0.101946,0.483900,-0.049749,0.097135,0.445519,-0.053098
862,0,0.024367,0.026919,0.051785,0.122938,0.059001,0.154537,0.753951,0.000000,0.211628,0.736042,-0.025647,0.260743,0.690472,-0.037400,0.297981,0.643961,-0.047458,0.330596,0.609982,-0.056994,0.224594,0.579520,-0.020693,0.254459,0.513100,-0.036711,0.270137,0.471203,-0.049506,0.280363,0.433351,-0.058856,0.190848,0.561103,-0.020376,0.208636,0.479402,-0.034438,0.217604,0.428240,-0.045930,0.220933,0.384012,-0.054051,0.157014,0.563001,-0.023431,0.152979,0.486644,-0.038592,0.150487,0.438130,-0.049171,0.148883,0.394597,-0.055913,0.123916,0.581557,-0.029000,0.110062,0.523010,-0.043807,0.102107,0.484034,-0.050549,0.097156,0.445756,-0.054163
891,0,0.019141,0.018982,0.034062,0.132838,0.065757,0.154551,0.753759,0.000000,0.211585,0.736059,-0.025654,0.260934,0.690200,-0.037275,0.298186,0.643455,-0.047113,0.330268,0.609494,-0.056506,0.224446,0.580005,-0.021088,0.254112,0.513478,-0.037182,0.269582,0.471519,-0.049935,0.279628,0.433503,-0.059217,0.190777,0.561239,-0.020791,0.208367,0.479113,-0.035010,0.217059,0.427791,-0.046445,0.219986,0.383444,-0.054390,0.157053,0.563066,-0.023854,0.152714,0.486492,-0.039094,0.150326,0.437906,-0.049527,0.148589,0.394205,-0.056098,0.124162,0.581537,-0.029423,0.110303,0.522793,-0.044143,0.102502,0.484125,-0.050752,0.097840,0.445718,-0.054242
923,0,0.016865,0.016308,0.043422,0.120707,0.069718,0.155075,0.753743,0.000000,0.211994,0.736003,-0.025432,0.261054,0.690372,-0.037034,0.298507,0.643860,-0.046891,0.330618,0.609745,-0.056284,0.224826,0.580103,-0.020976,0.254580,0.513116,-0.036866,0.270066,0.471080,-0.049415,0.280327,0.433220,-0.058548,0.191097,0.561644,-0.020698,0.208976,0.479290,-0.034695,0.217553,0.427928,-0.046074,0.220343,0.383657,-0.054056,0.157259,0.563431,-0.023705,0.152978,0.486550,-0.038760,0.150331,0.438038,-0.049267,0.148419,0.394605,-0.055949,0.124282,0.581709,-0.029181,0.110250,0.522906,-0.043846,0.102277,0.484179,-0.050529,0.097470,0.445885,-0.054093
956,0,0.011616,0.013383,0.035551,0.113319,0.062681,0.154908,0.753817,0.000000,0.212300,0.735860,-0.025566,0.261469,0.690572,-0.037198,0.298864,0.644036,-0.047087,0.330902,0.610049,-0.056512,0.224976,0.580183,-0.020705,0.254632,0.513346,-0.036642,0.270321,0.471315,-0.049313,0.280822,0.433311,-0.058552,0.191166,0.561588,-0.020352,0.209143,0.479641,-0.034415,0.217820,0.428182,-0.045974,0.220849,0.383781,-0.054026,0.157262,0.563228,-0.023358,0.152866,0.486702,-0.038553,0.150198,0.438145,-0.049202,0.148384,0.394701,-0.055955,0.124088,0.581461,-0.028850,0.110249,0.522790,-0.043599,0.102452,0.484001,-0.050352,0.097792,0.445794,-0.053914
1005,0,0.014165,0.021313,0.049345,0.106595,0.072806,0.155110,0.753363,0.000000,0.212027,0.736020,-0.025422,0.261276,0.690545,-0.036974,0.298930,0.644184,-0.046764,0.330928,0.610584,-0.056073,0.225122,0.580379,-0.020916,0.255382,0.513335,-0.036733,0.270878,0.471277,-0.049138,0.280880,0.433539,-0.058112,0.191121,0.561650,-0.020564,0.209065,0.479091,-0.034526,0.217892,0.427793,-0.045763,0.220971,0.384036,-0.053551,0.157204,0.563378,-0.023475,0.152693,0.486654,-0.038457,0.150178,0.438234,-0.048841,0.148512,0.394927,-0.055405,0.124144,0.581578,-0.028871,0.110518,0.523124,-0.043390,0.102738,0.484495,-0.049954,0.098208,0.446167,-0.053440
1038,0,0.022876,0.035038,0.051117,0.106902,0.068257,0.155709,0.754353,0.000000,0.212677,0.736657,-0.025218,0.261616,0.691369,-0.036733,0.298790,0.644820,-0.046542,0.330742,0.611347,-0.055850,0.225218,0.579696,-0.020972,0.255388,0.512934,-0.036714,0.271065,0.471096,-0.049026,0.281206,0.433811,-0.057964,0.191409,0.561228,-0.020712,0.209315,0.478654,-0.034656,0.218419,0.427697,-0.045837,0.221481,0.384552,-0.053514,0.157434,0.563289,-0.023716,0.152572,0.486298,-0.038791,0.149864,0.437495,-0.049397,0.148048,0.394227,-0.056073,0.124523,0.582055,-0.029149,0.110381,0.523609,-0.043909,0.102440,0.484773,-0.050769,0.097748,0.446563,-0.054404
1066,0,0.029531,0.033659,0.059659,0.106809,0.058072,0.154767,0.754167,0.000000,0.212452,0.735913,-0.025591,0.261749,0.691224,-0.037269,0.298908,0.644408,-0.047233,0.330952,0.610295,-0.056694,0.224594,0.580497,-0.020599,0.254885,0.513496,-0.036561,0.270771,0.471229,-0.049244,0.281170,0.433260,-0.058445,0.190634,0.561832,-0.020115,0.208553,0.479676,-0.034214,0.217462,0.428171,-0.045631,0.220768,0.384162,-0.053565,0.156748,0.563520,-0.023002,0.152280,0.486602,-0.038144,0.149690,0.438023,-0.048686,0.148073,0.394691,-0.055316,0.123897,0.581787,-0.028403,0.110197,0.523396,-0.043061,0.102500,0.484571,-0.049803,0.098011,0.446335,-0.053342
1099,0,0.025566,0.032595,0.068036,0.121273,0.084132,0.154744,0.753636,0.000000,0.211660,0.736099,-0.025621,0.260734,0.691053,-0.037328,0.298065,0.644620,-0.047272,0.330278,0.610824,-0.056771,0.225053,0.580528,-0.021094,0.254774,0.513692,-0.037124,0.270416,0.471717,-0.049758,0.280384,0.433772,-0.058960,0.190943,0.561554,-0.020668,0.208543,0.479313,-0.034860,0.217453,0.428344,-0.046344,0.220238,0.384398,-0.054248,0.156782,0.563313,-0.023562,0.151839,0.486791,-0.038738,0.149004,0.438276,-0.049313,0.146871,0.394411,-0.055992,0.123477,0.581705,-0.028923,0.109794,0.523611,-0.043561,0.102024,0.485179,-0.050240,0.097394,0.446672,-0.053839
1135,0,0.030521,0.050206,0.047029,0.143045,0.080185,0.154831,0.754777,0.000000,0.211696,0.736438,-0.024995,0.260946,0.690965,-0.036640,0.298112,0.644601,-0.046616,0.329910,0.610771,-0.056183,0.224479,0.580527,-0.021305,0.254137,0.513440,-0.037400,0.269848,0.471539,-0.049916,0.280081,0.433880,-0.059039,0.190624,0.561684,-0.021287,0.208310,0.479200,-0.035601,0.217239,0.428019,-0.047023,0.220218,0.384146,-0.054848,0.156678,0.563563,-0.024476,0.151308,0.486217,-0.039829,0.148224,0.436947,-0.050509,0.146030,0.392887,-0.057259,0.123613,0.582414,-0.030057,0.109560,0.523649,-0.044835,0.101782,0.484694,-0.051585,0.097138,0.446327,-0.055219
1174,0,0.020528,0.020171,0.038802,0.138619,0.075965,0.154565,0.755146,0.000000,0.211652,0.736772,-0.025614,0.260836,0.691469,-0.037508,0.297975,0.644876,-0.047653,0.329880,0.610278,-0.057296,0.224526,0.580034,-0.021407,0.254408,0.513450,-0.037620,0.270210,0.471763,-0.050408,0.280352,0.433979,-0.059678,0.190567,0.561495,-0.021165,0.208212,0.479134,-0.035442,0.217262,0.428362,-0.046946,0.220413,0.384688,-0.054950,0.156495,0.563567,-0.024218,0.151384,0.487107,-0.039575,0.148294,0.438126,-0.050334,0.145970,0.394157,-0.057184,0.123245,0.582633,-0.029728,0.109273,0.523988,-0.044563,0.101228,0.485211,-0.051376,0.096304,0.446836,-0.055025
1211,0,0.011468,0.011867,0.039654,0.137530,0.069593,0.154290,0.755184,0.000000,0.210960,0.736978,-0.025806,0.260537,0.691409,-0.037702,0.297932,0.645155,-0.047845,0.329676,0.610447,-0.057392,0.224767,0.580107,-0.021219,0.254353,0.513472,-0.037366,0.269984,0.471573,-0.050157,0.280175,0.433657,-0.059480,0.190528,0.561431,-0.020921,0.207891,0.479485,-0.035222,0.216864,0.428596,-0.046801,0.220106,0.384505,-0.054856,0.156398,0.563479,-0.023997,0.151254,0.487195,-0.039343,0.148238,0.438477,-0.050083,0.146177,0.394434,-0.056944,0.123373,0.582319,-0.029572,0.109461,0.523912,-0.044414,0.101392,0.485219,-0.051276,0.096419,0.446755,-0.055005
1238,0,0.026555,0.027432,0.043756,0.115837,0.061246,0.154880,0.755189,0.000000,0.211802,0.736912,-0.025218,0.260925,0.691358,-0.036729,0.297880,0.645089,-0.046563,0.330039,0.610963,-0.055838,0.224942,0.580282,-0.020599,0.254531,0.513446,-0.036412,0.270172,0.471786,-0.048910,0.280159,0.433935,-0.058036,0.190883,0.561582,-0.020432,0.208457,0.479154,-0.034419,0.217331,0.428534,-0.045781,0.220571,0.384808,-0.053678,0.156788,0.563544,-0.023561,0.151438,0.487060,-0.038740,0.148261,0.438310,-0.049468,0.146133,0.394348,-0.056248,0.123829,0.582630,-0.029130,0.109725,0.524155,-0.043881,0.101487,0.485406,-0.050698,0.096428,0.447087,-0.054385
1264,0,0.035185,0.047698,0.041985,0.135036,0.080996,0.154130,0.755066,0.000000,0.211440,0.736762,-0.025824,0.260675,0.691746,-0.037832,0.297875,0.645269,-0.048069,0.330057,0.610881,-0.057839,0.224833,0.580897,-0.021629,0.254459,0.514116,-0.038075,0.270155,0.471912,-0.050978,0.280426,0.433614,-0.060375,0.190772,0.561942,-0.021294,0.208292,0.479886,-0.035781,0.217403,0.428961,-0.047398,0.220682,0.384717,-0.055490,0.156671,0.563826,-0.024314,0.151394,0.487656,-0.039828,0.148400,0.438860,-0.050568,0.146244,0.394700,-0.057392,0.123643,0.582658,-0.029833,0.109567,0.524188,-0.044750,0.101590,0.485686,-0.051574,0.096652,0.447066,-0.055266
1292,0,0.025226,0.037736,0.049975,0.126466,0.062569,0.154529,0.755663,0.000000,0.211377,0.737308,-0.025079,0.260678,0.691405,-0.036577,0.298057,0.644814,-0.046400,0.329833,0.610552,-0.055777,0.225003,0.580948,-0.020949,0.254728,0.513661,-0.036912,0.270054,0.471648,-0.049340,0.280167,0.433652,-0.058419,0.190882,0.562234,-0.020949,0.208555,0.479780,-0.035256,0.217432,0.428561,-0.046772,0.220391,0.384353,-0.054698,0.156675,0.564158,-0.024186,0.151379,0.487195,-0.039591,0.148415,0.438024,-0.050344,0.146284,0.393734,-0.057154,0.123591,0.583039,-0.029842,0.109533,0.524200,-0.044688,0.101660,0.485384,-0.051498,0.097048,0.446878,-0.055181
1323,0,0.025663,0.022927,0.041305,0.132463,0.063987,0.154657,0.754853,0.000000,0.211482,0.736231,-0.024948,0.260689,0.690680,-0.036397,0.298005,0.644172,-0.046168,0.329931,0.610272,-0.055453,0.224847,0.580135,-0.020679,0.254481,0.513411,-0.036490,0.269950,0.471565,-0.048853,0.279912,0.433991,-0.057803,0.190731,0.561530,-0.020679,0.208523,0.478914,-0.034682,0.217598,0.428057,-0.045907,0.220840,0.384439,-0.053663,0.156597,0.563456,-0.023942,0.151348,0.486573,-0.039119,0.148128,0.437493,-0.049748,0.145909,0.393440,-0.056460,0.123359,0.582448,-0.029610,0.109161,0.523524,-0.044266,0.101024,0.484916,-0.050941,0.096040,0.446568,-0.054484
1356,0,0.046530,0.047490,0.037301,0.157214,0.103191,0.154475,0.754594,0.000000,0.211275,0.736504,-0.025526,0.260076,0.691384,-0.037478,0.297536,0.645027,-0.047734,0.329740,0.610674,-0.057541,0.224187,0.580455,-0.021667,0.253739,0.513667,-0.038131,0.269417,0.471712,-0.051015,0.279682,0.433579,-0.060376,0.190194,0.561811,-0.021536,0.207709,0.479425,-0.036080,0.216923,0.428781,-0.047696,0.220148,0.384964,-0.055789,0.156178,0.563851,-0.024725,0.150631,0.487402,-0.040275,0.147640,0.438101,-0.051127,0.145441,0.393667,-0.058026,0.123108,0.582800,-0.030374,0.108809,0.524062,-0.045235,0.100857,0.485222,-0.052097,0.096029,0.446791,-0.055826
1403,0,0.024347,0.030676,0.052151,0.142829,0.076421,0.154516,0.755066,0.000000,0.211448,0.737030,-0.025385,0.260437,0.691110,-0.037148,0.297715,0.644827,-0.047239,0.329537,0.610441,-0.056865,0.224360,0.580247,-0.021241,0.254049,0.513235,-0.037390,0.269623,0.471387,-0.050101,0.280022,0.433513,-0.059318,0.190256,0.561507,-0.021055,0.207957,0.479477,-0.035309,0.216776,0.428635,-0.046756,0.219844,0.384803,-0.054635,0.156271,0.563422,-0.024158,0.150707,0.486934,-0.039434,0.147622,0.438035,-0.050027,0.145403,0.394256,-0.056754,0.123220,0.582341,-0.029734,0.108752,0.523945,-0.044452,0.100779,0.485254,-0.051179,0.095978,0.446981,-0.054747
1438,0,0.017044,0.023211,0.028946,0.151335,0.095366,0.154463,0.754523,0.000000,0.210962,0.736563,-0.025390,0.260125,0.691220,-0.037248,0.297414,0.644983,-0.047355,0.329304,0.610360,-0.056998,0.224543,0.580242,-0.021611,0.254308,0.513441,-0.037843,0.269889,0.471510,-0.050520,0.280288,0.433565,-0.059715,0.190519,0.561384,-0.021444,0.208096,0.479163,-0.035740,0.217022,0.428268,-0.047132,0.220153,0.384592,-0.055062,0.156333,0.563445,-0.024571,0.150695,0.486988,-0.039909,0.147482,0.437894,-0.050631,0.145152,0.393850,-0.057482,0.123206,0.582576,-0.030137,0.108744,0.524442,-0.044935,0.100682,0.485673,-0.051786,0.095798,0.447321,-0.055508
1468,0,0.019417,0.020890,0.035934,0.149490,0.094327,0.154237,0.754905,0.000000,0.211315,0.736666,-0.025227,0.260586,0.691189,-0.036948,0.297791,0.644549,-0.047032,0.329461,0.610115,-0.056669,0.224892,0.580547,-0.021469,0.254725,0.514026,-0.037841,0.270382,0.472088,-0.050604,0.280624,0.434040,-0.059869,0.190774,0.561712,-0.021507,0.208220,0.479664,-0.036074,0.216997,0.428745,-0.047701,0.220050,0.384601,-0.055739,0.156574,0.563823,-0.024818,0.150838,0.487312,-0.040446,0.147377,0.438041,-0.051311,0.144952,0.393628,-0.058269,0.123202,0.582766,-0.030548,0.108904,0.524640,-0.045543,0.100883,0.486021,-0.052464,0.096066,0.447676,-0.056222
1498,0,0.019978,0.021783,0.034899,0.152338,0.108902,0.154764,0.754891,0.000000,0.210905,0.736889,-0.025674,0.260118,0.691239,-0.037637,0.297237,0.644528,-0.047777,0.329282,0.610004,-0.057414,0.224981,0.580868,-0.022288,0.254892,0.514283,-0.038697,0.270667,0.472336,-0.051386,0.280958,0.434563,-0.060502,0.190939,0.561730,-0.022046,0.208732,0.479644,-0.036651,0.217908,0.428612,-0.048074,0.221226,0.384945,-0.055925,0.156733,0.563692,-0.025098,0.150869,0.486883,-0.040744,0.147384,0.437710,-0.051646,0.145066,0.393613,-0.058530,0.123746,0.582803,-0.030567,0.109388,0.524708,-0.045544,0.101085,0.486088,-0.052539,0.095927,0.448063,-0.056335
1532,0,0.020925,0.019738,0.048647,0.150328,0.120615,0.155212,0.754192,0.000000,0.211491,0.736393,-0.025097,0.260389,0.690504,-0.036930,0.297622,0.643904,-0.047032,0.329775,0.609662,-0.056669,0.225366,0.580521,-0.022139,0.255298,0.513724,-0.038548,0.271197,0.471959,-0.051088,0.281619,0.434385,-0.060092,0.191114,0.561763,-0.022121,0.208613,0.479079,-0.036744,0.218012,0.428290,-0.048074,0.221703,0.384809,-0.055850,0.157027,0.563876,-0.025321,0.150876,0.487201,-0.041004,0.147547,0.438042,-0.051795,0.145161,0.394204,-0.058604,0.124221,0.582980,-0.030883,0.109902,0.524491,-0.045878,0.101500,0.485726,-0.052837,0.096127,0.447832,-0.056557
1561,0,0.025922,0.036721,0.075887,0.139463,0.120927,0.154568,0.754103,0.000000,0.210840,0.735332,-0.024791,0.260130,0.689625,-0.036684,0.297709,0.643521,-0.047017,0.329615,0.609068,-0.056903,0.225685,0.580634,-0.021557,0.255504,0.514203,-0.038096,0.271329,0.472706,-0.050882,0.281757,0.435015,-0.060099,0.191696,0.561994,-0.021817,0.209437,0.479819,-0.036535,0.219041,0.429160,-0.048132,0.222940,0.385188,-0.056123,0.157707,0.563817,-0.025292,0.151393,0.487999,-0.040995,0.147777,0.439048,-0.051923,0.145281,0.394818,-0.058836,0.124888,0.582571,-0.031146,0.110853,0.524580,-0.046050,0.102535,0.486056,-0.052889,0.097070,0.448014,-0.056606
1593,0,0.039227,0.049116,0.065952,0.155228,0.156345,0.155848,0.753702,0.000000,0.210971,0.734815,-0.024226,0.259629,0.689065,-0.035865,0.296163,0.642477,-0.045964,0.327218,0.607392,-0.055617,0.226344,0.580634,-0.021850,0.255826,0.513858,-0.038316,0.271474,0.472188,-0.050791,0.281648,0.434566,-0.059701,0.192477,0.561797,-0.022351,0.210335,0.479284,-0.037090,0.220338,0.428902,-0.048414,0.224413,0.385481,-0.056174,0.158508,0.563899,-0.025971,0.150966,0.487988,-0.041769,0.146875,0.439267,-0.052573,0.144329,0.395763,-0.059441,0.125801,0.583161,-0.031855,0.110956,0.525155,-0.046781,0.102360,0.487053,-0.053686,0.097162,0.449167,-0.057473
1629,0,0.086672,0.098640,0.114472,0.221301,0.234436,0.155235,0.751982,0.000000,0.209099,0.733428,-0.024931,0.256890,0.688851,-0.037257,0.293226,0.642573,-0.047894,0.324460,0.607288,-0.057993,0.227285,0.579307,-0.023409,0.256702,0.511952,-0.040209,0.271504,0.470283,-0.052535,0.281376,0.432463,-0.061372,0.193144,0.560529,-0.023632,0.210721,0.478403,-0.038872,0.220678,0.428251,-0.050308,0.224974,0.385049,-0.058067,0.159115,0.563730,-0.027010,0.148908,0.489275,-0.043365,0.143245,0.441128,-0.054577,0.139921,0.397643,-0.061706,0.126388,0.584086,-0.032635,0.111198,0.527215,-0.047894,0.102452,0.489781,-0.055171,0.097136,0.452070,-0.059292
1657,0,0.083606,0.079754,0.134725,0.288999,0.284799,0.154331,0.752113,0.000000,0.205504,0.732649,-0.025965,0.251442,0.687029,-0.038883,0.287485,0.639296,-0.049743,0.318385,0.602317,-0.059677,0.226889,0.579622,-0.024649,0.255505,0.511658,-0.041403,0.269825,0.470387,-0.053116,0.279517,0.432518,-0.061493,0.193100,0.559664,-0.024297,0.211941,0.478157,-0.039439,0.222257,0.428796,-0.050373,0.226826,0.385914,-0.057638,0.159334,0.562496,-0.027151,0.146897,0.490296,-0.043627,0.139441,0.443094,-0.054488,0.135003,0.400674,-0.061345,0.126959,0.583206,-0.032341,0.111373,0.526745,-0.047445,0.102123,0.490447,-0.054414,0.096393,0.453459,-0.058380
1690,0,0.146920,0.150468,0.294397,0.414069,0.426136,0.153549,0.751627,0.000000,0.202004,0.731292,-0.027035,0.245444,0.682747,-0.039780,0.274834,0.631652,-0.050088,0.302932,0.593918,-0.059279,0.228224,0.580016,-0.026216,0.254562,0.511484,-0.043055,0.267360,0.470080,-0.054441,0.276657,0.431255,-0.062703,0.194371,0.559777,-0.025397,0.214091,0.479083,-0.040896,0.224697,0.429785,-0.051837,0.230348,0.385907,-0.059130,0.160699,0.563657,-0.027835,0.146579,0.494195,-0.045064,0.138167,0.448422,-0.056302,0.133790,0.407020,-0.063298,0.128657,0.585273,-0.032710,0.113393,0.529062,-0.048711,0.103713,0.493859,-0.056228,0.097806,0.457741,-0.060581
1742,0,0.211176,0.252795,0.389112,0.542951,0.602141,0.153482,0.748758,0.000000,0.197463,0.728597,-0.028105,0.237019,0.682902,-0.041006,0.257028,0.631383,-0.051564,0.276967,0.586944,-0.060746,0.227490,0.579666,-0.024276,0.250424,0.512595,-0.041824,0.261111,0.471895,-0.054017,0.268962,0.432814,-0.062791,0.195730,0.559479,-0.022919,0.215964,0.480443,-0.038849,0.226720,0.432662,-0.051192,0.233543,0.388674,-0.059594,0.163024,0.563882,-0.025020,0.148577,0.498230,-0.042530,0.138984,0.454477,-0.054575,0.133404,0.415021,-0.062233,0.131275,0.585355,-0.029760,0.119045,0.533298,-0.045653,0.110157,0.501557,-0.053423,0.103501,0.469531,-0.058144
1778,0,0.322621,0.325061,0.655873,0.698323,0.731020,0.152727,0.748581,0.000000,0.194671,0.726012,-0.030498,0.231684,0.680446,-0.042404,0.241388,0.628497,-0.051443,0.239525,0.576585,-0.058902,0.226503,0.574389,-0.022065,0.245682,0.507942,-0.036855,0.253293,0.469403,-0.048614,0.259971,0.430647,-0.057580,0.198075,0.557876,-0.019016,0.217762,0.482783,-0.031399,0.227724,0.436677,-0.044057,0.235243,0.393182,-0.053611,0.167187,0.564953,-0.019916,0.154384,0.502841,-0.035239,0.143405,0.460655,-0.049238,0.136346,0.422281,-0.058719,0.136586,0.587394,-0.023756,0.127722,0.537054,-0.038582,0.119560,0.508313,-0.047511,0.112688,0.480917,-0.053611
1811,0,0.429651,0.408523,0.579033,1.028976,1.049149,0.152917,0.751417,0.000000,0.194946,0.724583,-0.028705,0.225946,0.671690,-0.038651,0.223862,0.613250,-0.045891,0.217732,0.558314,-0.051413,0.226193,0.577202,-0.016446,0.239384,0.507465,-0.028760,0.242137,0.465615,-0.038834,0.244390,0.423796,-0.046988,0.198861,0.563637,-0.013493,0.220272,0.489404,-0.024353,0.230834,0.442718,-0.035835,0.238742,0.399889,-0.044392,0.169830,0.571310,-0.014608,0.160055,0.508576,-0.030442,0.149077,0.469097,-0.044063,0.141968,0.432430,-0.052693,0.141384,0.593333,-0.018347,0.136852,0.544495,-0.033824,0.132526,0.519190,-0.042417,0.129159,0.493478,-0.048049
1843,0,0.399495,0.390190,0.747356,1.182233,1.204839,0.154957,0.753755,0.000000,0.195228,0.724053,-0.026842,0.224304,0.664303,-0.035264,0.221380,0.606486,-0.040933,0.210101,0.553760,-0.044556,0.228150,0.583265,-0.015920,0.237058,0.507403,-0.027385,0.237603,0.460165,-0.035645,0.236647,0.416985,-0.041839,0.202889,0.572388,-0.013838,0.225726,0.497492,-0.026878,0.234171,0.450418,-0.038361,0.239265,0.410898,-0.045968,0.175143,0.577837,-0.015531,0.170751,0.516111,-0.035916,0.156920,0.493690,-0.047888,0.146684,0.474490,-0.052742,0.145825,0.593013,-0.019452,0.147372,0.533433,-0.037818,0.145852,0.496436,-0.046765,0.146200,0.459780,-0.051619
1876,0,0.598877,0.628760,1.493468,1.653781,1.713965,0.151092,0.750434,0.000000,0.192119,0.721699,-0.024304,0.219707,0.656505,-0.029161,0.216547,0.595162,-0.031536,0.205947,0.545332,-0.032250,0.226563,0.585357,-0.009384,0.236402,0.505759,-0.019393,0.240883,0.456694,-0.028339,0.243393,0.413649,-0.036036,0.203037,0.575329,-0.007143,0.219369,0.508676,-0.018554,0.223145,0.466798,-0.029232,0.224065,0.429711,-0.036893,0.176465,0.580352,-0.008714,0.181297,0.523609,-0.026804,0.180170,0.492829,-0.039071,0.177526,0.463190,-0.046322,0.147788,0.595537,-0.012420,0.153530,0.559928,-0.031982,0.157106,0.552891,-0.040107,0.158261,0.545837,-0.044393
1908,0,0.807103,0.839605,5.718274,2.074680,2.142286,0.151565,0.746283,0.000000,0.191464,0.721192,-0.027219,0.214503,0.652194,-0.035851,0.203037,0.583319,-0.042457,0.188214,0.526901,-0.046368,0.229675,0.589213,-0.013785,0.237913,0.503131,-0.029861,0.243027,0.450666,-0.040308,0.244074,0.403688,-0.047038,0.203788,0.580805,-0.011372,0.217029,0.512915,-0.034089,0.218726,0.476355,-0.045452,0.214125,0.442599,-0.048905,0.175820,0.585047,-0.012667,0.175588,0.544793,-0.046404,0.174944,0.587980,-0.050632,0.171082,0.617160,-0.043373,0.146753,0.598253,-0.015847,0.156524,0.572858,-0.044184,0.161254,0.609028,-0.045311,0.161137,0.635828,-0.038863
1956,0,0.443521,0.435915,0.712586,2.268316,2.315061,0.155039,0.749685,0.000000,0.194168,0.723928,-0.029919,0.217803,0.651262,-0.037900,0.203927,0.582778,-0.043631,0.185181,0.528811,-0.046338,0.232781,0.584287,-0.008442,0.229537,0.508133,-0.026157,0.226525,0.454276,-0.038884,0.222566,0.406075,-0.048025,0.202182,0.582116,-0.007374,0.211363,0.506479,-0.031888,0.223809,0.479302,-0.043384,0.233116,0.452386,-0.046303,0.170304,0.594703,-0.011365,0.167691,0.547264,-0.053475,0.175867,0.610239,-0.057061,0.182299,0.648758,-0.046900,0.139075,0.619066,-0.017341,0.144993,0.592430,-0.053897,0.153161,0.640080,-0.055268,0.158566,0.669543,-0.047885
2002,0,0.214877,0.272252,0.824527,2.327670,2.397939,0.156103,0.745984,0.000000,0.195018,0.717418,-0.030528,0.218864,0.650328,-0.038894,0.201223,0.582745,-0.044358,0.181656,0.530087,-0.047124,0.235436,0.589054,-0.012788,0.233515,0.511058,-0.030716,0.229382,0.457586,-0.042958,0.224627,0.411204,-0.050641,0.204272,0.588036,-0.010108,0.209752,0.514423,-0.033140,0.215986,0.480327,-0.043777,0.221024,0.452873,-0.046065,0.173360,0.600866,-0.012208,0.168503,0.567529,-0.050368,0.175617,0.622436,-0.054704,0.182332,0.658277,-0.045519,0.142926,0.622670,-0.016288,0.146874,0.600665,-0.047943,0.153769,0.642833,-0.048285,0.158598,0.670543,-0.040601
2035,0,0.204971,0.182137,0.690332,2.314294,2.375541,0.159196,0.747515,0.000000,0.198157,0.717345,-0.026558,0.221192,0.650267,-0.035500,0.205615,0.583934,-0.042882,0.183319,0.534651,-0.047983,0.236954,0.592334,-0.013321,0.232706,0.516161,-0.033454,0.222373,0.465066,-0.047681,0.212600,0.421494,-0.055767,0.205055,0.591687,-0.012340,0.210967,0.516501,-0.034863,0.221508,0.471564,-0.045835,0.232546,0.436209,-0.049258,0.174275,0.604222,-0.015703,0.169303,0.572464,-0.051674,0.175916,0.624672,-0.055398,0.182814,0.664788,-0.046305,0.144860,0.625423,-0.020971,0.149266,0.604607,-0.049358,0.155652,0.644129,-0.048184,0.161441,0.674015,-0.039930
2083,0,0.175965,0.137133,0.211705,2.393691,2.459463,0.161630,0.747433,0.000000,0.200741,0.718581,-0.025924,0.223808,0.650567,-0.033810,0.208644,0.583761,-0.040250,0.186706,0.534475,-0.044193,0.238608,0.595642,-0.009874,0.234508,0.522995,-0.029259,0.223073,0.474218,-0.043141,0.211684,0.431663,-0.051060,0.207881,0.593781,-0.008954,0.216710,0.518866,-0.030212,0.227370,0.473505,-0.040907,0.238245,0.437179,-0.044259,0.178140,0.605148,-0.012543,0.172937,0.572874,-0.048070,0.178741,0.625274,-0.051750,0.185138,0.664842,-0.042616,0.148674,0.624977,-0.018006,0.152799,0.604218,-0.046493,0.158531,0.644487,-0.045409,0.163914,0.674289,-0.037129
2117,0,0.183978,0.200927,0.327716,2.396623,2.471381,0.164043,0.745926,0.000000,0.203198,0.721696,-0.025810,0.228225,0.652946,-0.033965,0.213816,0.586424,-0.040586,0.191105,0.538512,-0.045095,0.241845,0.598883,-0.012481,0.239095,0.526521,-0.032046,0.228285,0.475926,-0.045927,0.217223,0.432943,-0.054082,0.209358,0.597258,-0.011985,0.216055,0.524776,-0.034221,0.226857,0.483407,-0.044935,0.237447,0.449524,-0.048325,0.178347,0.608400,-0.015663,0.174191,0.574232,-0.052195,0.180967,0.627848,-0.055074,0.187604,0.667955,-0.045511,0.148179,0.628271,-0.021092,0.153771,0.606252,-0.050564,0.159444,0.648044,-0.048901,0.163718,0.679325,-0.040234
2160,0,0.165829,0.128112,0.458049,2.400627,2.482692,0.165934,0.743890,0.000000,0.205396,0.723051,-0.025519,0.230936,0.655651,-0.033573,0.214773,0.589759,-0.039973,0.191742,0.541905,-0.044260,0.243279,0.598237,-0.011995,0.241315,0.527876,-0.031146,0.232316,0.478524,-0.044323,0.222251,0.436743,-0.051794,0.211747,0.595215,-0.011822,0.224191,0.520067,-0.033416,0.234830,0.475043,-0.043661,0.243736,0.438675,-0.046246,0.181199,0.605428,-0.015833,0.180615,0.571418,-0.053465,0.185409,0.626152,-0.057248,0.189951,0.666017,-0.047507,0.150880,0.624665,-0.021295,0.159499,0.602791,-0.052393,0.163793,0.647622,-0.051164,0.166421,0.680002,-0.042211
2213,0,0.103636,0.129188,0.370592,2.443285,2.559151,0.164719,0.741590,0.000000,0.203828,0.720926,-0.026859,0.230541,0.655055,-0.034629,0.214427,0.589148,-0.040265,0.191669,0.541135,-0.043691,0.244504,0.598013,-0.011413,0.242928,0.528901,-0.029490,0.235398,0.479945,-0.041666,0.226479,0.437419,-0.048517,0.214446,0.594208,-0.010432,0.229016,0.518180,-0.031842,0.239629,0.472736,-0.042165,0.247415,0.435870,-0.044345,0.184493,0.603730,-0.013733,0.182980,0.571290,-0.052659,0.187396,0.627002,-0.057797,0.191566,0.666420,-0.048206,0.153956,0.621579,-0.018358,0.162550,0.600602,-0.051164,0.166617,0.647174,-0.050946,0.168748,0.680395,-0.042134
2247,0,0.088506,0.084307,0.606380,2.449483,2.562004,0.164164,0.742247,0.000000,0.202464,0.720873,-0.027842,0.228639,0.654645,-0.035853,0.213235,0.588706,-0.041787,0.191104,0.538735,-0.045160,0.243973,0.596871,-0.009619,0.242800,0.529548,-0.029045,0.234874,0.480817,-0.042255,0.224719,0.437906,-0.049407,0.213893,0.591898,-0.008323,0.229600,0.518069,-0.030606,0.242261,0.471856,-0.041506,0.251450,0.433781,-0.043598,0.183975,0.601108,-0.011821,0.179484,0.574291,-0.051562,0.184196,0.630731,-0.057465,0.188989,0.670055,-0.047627,0.153777,0.619094,-0.016880,0.160049,0.602847,-0.049501,0.163966,0.648529,-0.049719,0.167042,0.679759,-0.040944
2289,0,0.083933,0.068629,0.370067,2.445205,2.563009,0.164758,0.741252,0.000000,0.203456,0.719854,-0.026265,0.229063,0.654084,-0.034025,0.212620,0.589008,-0.039963,0.190601,0.539402,-0.043388,0.244749,0.596751,-0.009897,0.243191,0.526819,-0.028150,0.236054,0.477576,-0.040372,0.226672,0.434630,-0.047001,0.215113,0.592718,-0.009370,0.230529,0.516981,-0.030868,0.241837,0.469955,-0.041314,0.249674,0.431870,-0.043231,0.185415,0.601887,-0.013305,0.181941,0.572431,-0.051776,0.186479,0.627389,-0.057369,0.190899,0.666095,-0.047818,0.155239,0.619300,-0.018678,0.162358,0.601230,-0.050363,0.166564,0.646426,-0.050363,0.170008,0.677924,-0.041723
2336,0,0.075413,0.068897,0.517385,2.430958,2.536268,0.164232,0.742819,0.000000,0.203040,0.719743,-0.026864,0.228290,0.653291,-0.034928,0.212295,0.588169,-0.041215,0.190124,0.538305,-0.045051,0.244036,0.596351,-0.009722,0.242861,0.527801,-0.029174,0.235748,0.478940,-0.042378,0.226096,0.435164,-0.049609,0.213895,0.591225,-0.009062,0.230154,0.517459,-0.032145,0.241871,0.471187,-0.043667,0.249857,0.432480,-0.045962,0.183623,0.599907,-0.012960,0.179986,0.574910,-0.052659,0.184342,0.631086,-0.058600,0.188831,0.669612,-0.048823,0.153227,0.616937,-0.018344,0.159929,0.603039,-0.050427,0.164310,0.648591,-0.050395,0.167818,0.679716,-0.041498
2370,0,0.075858,0.071984,0.407458,2.438091,2.559466,0.164031,0.741341,0.000000,0.203446,0.720220,-0.026276,0.228571,0.653819,-0.033718,0.210962,0.588693,-0.039216,0.188751,0.539286,-0.042060,0.244669,0.596512,-0.009607,0.242385,0.526634,-0.028156,0.234692,0.477530,-0.040575,0.224568,0.434361,-0.047243,0.215003,0.591838,-0.009125,0.230983,0.515708,-0.030937,0.242087,0.468349,-0.041586,0.249308,0.429936,-0.043482,0.185267,0.600265,-0.013177,0.180666,0.571683,-0.051951,0.185137,0.626769,-0.057987,0.189878,0.665180,-0.048538,0.155088,0.617289,-0.018692,0.161394,0.601109,-0.050371,0.166094,0.646585,-0.050624,0.169931,0.678108,-0.042092
2420,0,0.141731,0.128461,0.329246,2.402353,2.495498,0.163949,0.743794,0.000000,0.202483,0.721756,-0.027484,0.228172,0.655093,-0.035959,0.211650,0.589260,-0.042454,0.188547,0.540068,-0.046478,0.243436,0.597175,-0.011683,0.241926,0.527078,-0.031999,0.234373,0.477533,-0.045623,0.224579,0.433457,-0.053036,0.212671,0.592426,-0.010851,0.228673,0.518272,-0.034565,0.241182,0.471467,-0.045971,0.250636,0.431824,-0.048284,0.182107,0.601217,-0.014606,0.177462,0.575086,-0.054937,0.182232,0.632298,-0.060608,0.186992,0.672213,-0.050597,0.151449,0.618296,-0.019928,0.157489,0.603853,-0.052466,0.161466,0.649543,-0.052339,0.164586,0.680691,-0.043373
2452,0,0.120565,0.115735,0.487679,2.425005,2.542140,0.164143,0.741673,0.000000,0.203588,0.720681,-0.026198,0.229106,0.654629,-0.033973,0.211713,0.589309,-0.039998,0.189011,0.540430,-0.043626,0.243662,0.596414,-0.009668,0.241782,0.526511,-0.028311,0.234391,0.477342,-0.040913,0.224817,0.434465,-0.047790,0.213784,0.592727,-0.009384,0.229286,0.516250,-0.031466,0.240370,0.468570,-0.042270,0.247976,0.429768,-0.044352,0.183896,0.602119,-0.013556,0.180766,0.571470,-0.052774,0.185398,0.626667,-0.058484,0.190038,0.665110,-0.048831,0.153379,0.620109,-0.019116,0.160812,0.601236,-0.051449,0.165507,0.647209,-0.051354,0.169317,0.679138,-0.042522
2498,0,0.083965,0.081075,0.719337,2.418795,2.521083,0.163771,0.743044,0.000000,0.202703,0.720213,-0.026369,0.228405,0.653893,-0.034191,0.211138,0.588742,-0.040279,0.188535,0.539575,-0.043906,0.243575,0.597009,-0.009581,0.242512,0.526597,-0.029050,0.235827,0.477242,-0.042045,0.226085,0.433278,-0.048984,0.213427,0.591459,-0.009005,0.229906,0.518369,-0.032519,0.240141,0.470764,-0.044190,0.246105,0.430809,-0.046303,0.183390,0.599575,-0.012908,0.177990,0.576053,-0.052706,0.182358,0.632208,-0.058983,0.187150,0.671178,-0.049173,0.153178,0.616010,-0.018263,0.158706,0.603690,-0.050151,0.162597,0.649209,-0.050309,0.165909,0.680483,-0.041383
2544,0,0.090226,0.080263,0.600208,2.427237,2.546660,0.164263,0.741097,0.000000,0.203086,0.720911,-0.026535,0.228686,0.655115,-0.034308,0.211396,0.589984,-0.040173,0.189502,0.540236,-0.043516,0.244377,0.595791,-0.009696,0.241861,0.525172,-0.028049,0.234679,0.475719,-0.040237,0.224955,0.432857,-0.046764,0.214611,0.591606,-0.008979,0.230166,0.515547,-0.030808,0.241013,0.468368,-0.041403,0.247776,0.430397,-0.043138,0.185099,0.600835,-0.012779,0.180413,0.571956,-0.051589,0.184953,0.626982,-0.057643,0.189817,0.665546,-0.048183,0.155122,0.618042,-0.018006,0.161257,0.601066,-0.049917,0.165628,0.646705,-0.050264,0.169551,0.678519,-0.041750
2576,0,0.117508,0.125956,0.592646,2.401584,2.495043,0.164763,0.743007,0.000000,0.203306,0.720337,-0.027005,0.228470,0.653842,-0.035301,0.211447,0.588637,-0.041842,0.189058,0.538988,-0.045888,0.243529,0.595992,-0.010729,0.242718,0.525738,-0.030671,0.236079,0.476251,-0.044023,0.226698,0.432132,-0.051292,0.213046,0.591101,-0.010058,0.228563,0.518690,-0.033910,0.239578,0.471272,-0.045603,0.246969,0.431131,-0.048005,0.182753,0.599536,-0.013937,0.178146,0.575783,-0.054010,0.183054,0.632224,-0.059982,0.188079,0.671223,-0.050217,0.152433,0.616117,-0.019373,0.158333,0.603854,-0.051639,0.162474,0.649287,-0.051924,0.166121,0.680019,-0.043201
2628,0,0.141876,0.138392,0.766562,2.433707,2.551918,0.165260,0.740776,0.000000,0.204664,0.720229,-0.026332,0.229932,0.654028,-0.033683,0.212313,0.589378,-0.039192,0.190093,0.540221,-0.042277,0.244409,0.595348,-0.008838,0.242214,0.526149,-0.026789,0.235337,0.477081,-0.038751,0.225861,0.433976,-0.045267,0.214793,0.591544,-0.008539,0.231156,0.513899,-0.030236,0.242150,0.466600,-0.040703,0.248998,0.427995,-0.042340,0.185000,0.601106,-0.012781,0.181268,0.569375,-0.052444,0.185728,0.625537,-0.058425,0.190376,0.664240,-0.048635,0.154254,0.619340,-0.018337,0.161354,0.599876,-0.051311,0.165936,0.646885,-0.051500,0.169521,0.679409,-0.042654
2661,0,0.156668,0.151941,0.778517,2.391030,2.483785,0.164745,0.742965,0.000000,0.203133,0.720588,-0.026831,0.227946,0.654019,-0.035203,0.211489,0.589046,-0.041685,0.189080,0.539973,-0.045720,0.243818,0.596044,-0.012065,0.242464,0.524705,-0.032249,0.235201,0.475393,-0.045688,0.225547,0.431483,-0.052869,0.213276,0.591016,-0.011351,0.228622,0.518143,-0.035140,0.239827,0.470967,-0.046546,0.247789,0.430390,-0.048770,0.182617,0.599159,-0.015060,0.177611,0.575757,-0.054743,0.182537,0.632289,-0.060399,0.187859,0.671206,-0.050517,0.152020,0.615671,-0.020334,0.157684,0.603911,-0.052170,0.162190,0.649180,-0.052106,0.165901,0.679686,-0.043178
2707,0,0.124059,0.123092,0.706481,2.416776,2.530874,0.165085,0.741222,0.000000,0.204253,0.720149,-0.025930,0.228982,0.653816,-0.033446,0.211277,0.589174,-0.039194,0.189169,0.540053,-0.042384,0.243989,0.595657,-0.009562,0.241647,0.525818,-0.027967,0.234276,0.476796,-0.040174,0.224180,0.433761,-0.046774,0.214001,0.591635,-0.009428,0.229881,0.514585,-0.031425,0.240181,0.467142,-0.041942,0.246459,0.428645,-0.043616,0.184090,0.600885,-0.013739,0.179888,0.570526,-0.052901,0.184147,0.626046,-0.058492,0.188727,0.664706,-0.048638,0.153667,0.618801,-0.019408,0.160190,0.600835,-0.051449,0.164753,0.646980,-0.051228,0.168391,0.679068,-0.042290
2753,0,0.150737,0.126818,0.610400,2.381048,2.488066,0.163471,0.742452,0.000000,0.201931,0.720046,-0.027034,0.227170,0.654558,-0.035443,0.210133,0.589377,-0.041999,0.187378,0.540624,-0.046117,0.242604,0.597147,-0.012479,0.241597,0.525519,-0.032751,0.234619,0.475718,-0.046085,0.224939,0.431338,-0.053212,0.211942,0.591932,-0.011727,0.227577,0.518660,-0.035665,0.238267,0.470784,-0.047194,0.245513,0.429554,-0.049443,0.181451,0.600137,-0.015378,0.175815,0.576512,-0.055271,0.180718,0.632848,-0.061004,0.186184,0.671910,-0.051058,0.150972,0.616932,-0.020556,0.156079,0.603988,-0.052325,0.160551,0.648674,-0.052040,0.164379,0.679362,-0.042981
2787,0,0.133853,0.122979,0.513995,2.405588,2.529654,0.164181,0.740933,0.000000,0.203414,0.719651,-0.025558,0.227925,0.653968,-0.033375,0.209760,0.589664,-0.039604,0.187441,0.540959,-0.043347,0.243262,0.596104,-0.009641,0.241023,0.526180,-0.028735,0.233401,0.476924,-0.041522,0.222813,0.433994,-0.048317,0.213527,0.591579,-0.009578,0.229890,0.515257,-0.032101,0.240218,0.466918,-0.043127,0.246147,0.427584,-0.045014,0.183699,0.600341,-0.013896,0.178716,0.571764,-0.052815,0.183136,0.626400,-0.058635,0.187864,0.665090,-0.048852,0.153388,0.617909,-0.019582,0.159335,0.600869,-0.051022,0.164084,0.646168,-0.050739,0.168147,0.677871,-0.041711
2837,0,0.129981,0.118114,0.679185,2.387374,2.486755,0.163669,0.743111,0.000000,0.201669,0.720951,-0.026828,0.226918,0.654737,-0.035159,0.209756,0.589246,-0.041546,0.186667,0.540318,-0.045499,0.242292,0.597390,-0.012165,0.240748,0.525741,-0.032377,0.233328,0.476087,-0.045657,0.223084,0.431838,-0.052644,0.211730,0.591615,-0.011351,0.227338,0.518134,-0.035033,0.238044,0.470337,-0.046352,0.245108,0.429712,-0.048344,0.181405,0.599594,-0.014932,0.175560,0.577147,-0.054478,0.180438,0.633339,-0.060264,0.185606,0.672247,-0.050305,0.151101,0.615724,-0.020046,0.156164,0.605004,-0.051538,0.160302,0.650247,-0.051411,0.163940,0.680543,-0.042400
2870,0,0.139140,0.118452,0.741150,2.406631,2.527518,0.164650,0.740872,0.000000,0.203711,0.720180,-0.026590,0.228475,0.654105,-0.034322,0.210246,0.589788,-0.040199,0.187480,0.541119,-0.043657,0.243219,0.595247,-0.009791,0.240959,0.525980,-0.028492,0.233824,0.476770,-0.040922,0.223924,0.433708,-0.047585,0.213227,0.591072,-0.009508,0.230008,0.513807,-0.031713,0.241465,0.465400,-0.042368,0.248768,0.426067,-0.043971,0.183259,0.600648,-0.013782,0.178740,0.570707,-0.053683,0.183511,0.626517,-0.059718,0.188398,0.665441,-0.049817,0.152605,0.618744,-0.019424,0.159065,0.600554,-0.052206,0.164128,0.647033,-0.052206,0.168059,0.679119,-0.043185
2916,0,0.103502,0.097684,0.621115,2.392782,2.491482,0.164229,0.742818,0.000000,0.202592,0.720689,-0.026178,0.227226,0.653846,-0.034184,0.209137,0.588770,-0.040475,0.186403,0.540372,-0.044350,0.243488,0.596145,-0.011310,0.241144,0.524499,-0.031118,0.233727,0.475504,-0.044160,0.223539,0.431841,-0.051054,0.212670,0.590855,-0.010881,0.229141,0.517120,-0.034470,0.239654,0.468700,-0.045907,0.246223,0.427810,-0.047940,0.182053,0.599025,-0.014765,0.176586,0.575639,-0.054263,0.181606,0.631521,-0.060235,0.186709,0.670405,-0.050355,0.151270,0.615398,-0.020110,0.156697,0.604074,-0.051785,0.161127,0.649675,-0.051689,0.164672,0.680525,-0.042667
2964,0,0.087674,0.083844,0.566027,2.409449,2.524604,0.164557,0.741362,0.000000,0.203554,0.720485,-0.026073,0.228407,0.653780,-0.033732,0.210056,0.588758,-0.039606,0.187257,0.540408,-0.043017,0.243974,0.595943,-0.010257,0.241437,0.525694,-0.029042,0.234036,0.476430,-0.041470,0.224003,0.433207,-0.048166,0.214013,0.591495,-0.009965,0.230253,0.515384,-0.032532,0.240478,0.467161,-0.043460,0.246474,0.427506,-0.045291,0.184222,0.600371,-0.014039,0.178889,0.571118,-0.053472,0.183383,0.626925,-0.059378,0.188183,0.666597,-0.049555,0.153918,0.617914,-0.019503,0.159668,0.600970,-0.051671,0.164297,0.646568,-0.051735,0.168293,0.678572,-0.042891
2996,0,0.120024,0.103819,0.293506,2.377420,2.483459,0.163522,0.742340,0.000000,0.201684,0.721118,-0.027538,0.226922,0.654956,-0.036180,0.209619,0.589761,-0.042795,0.186908,0.540574,-0.047005,0.243226,0.596168,-0.012574,0.241363,0.524397,-0.032381,0.234709,0.474706,-0.045422,0.225566,0.430408,-0.052481,0.212306,0.591671,-0.011735,0.228300,0.516700,-0.035705,0.239419,0.469313,-0.047290,0.247035,0.429007,-0.049505,0.181749,0.600575,-0.015288,0.176014,0.574469,-0.055963,0.181007,0.631382,-0.062040,0.186456,0.670500,-0.052101,0.151212,0.617637,-0.020274,0.156596,0.602355,-0.053082,0.160857,0.648609,-0.052987,0.164174,0.680225,-0.043808
3038,0,0.104953,0.093331,0.180556,2.401470,2.526687,0.164396,0.740617,0.000000,0.203457,0.720073,-0.026210,0.228206,0.654129,-0.034084,0.209592,0.589408,-0.040112,0.186550,0.541363,-0.043647,0.243264,0.595427,-0.010872,0.241183,0.525144,-0.030076,0.234013,0.476522,-0.042669,0.223743,0.433582,-0.049201,0.213377,0.590315,-0.010391,0.230249,0.515162,-0.033011,0.241280,0.466600,-0.043773,0.247811,0.426611,-0.045351,0.183795,0.598929,-0.014352,0.177979,0.573855,-0.053462,0.182553,0.628970,-0.059616,0.187424,0.668211,-0.049864,0.153927,0.616062,-0.019741,0.159242,0.602705,-0.051253,0.163638,0.647704,-0.051411,0.167474,0.679414,-0.042605
3073,0,0.086630,0.067908,0.217514,2.384035,2.496555,0.163458,0.741950,0.000000,0.202075,0.721477,-0.027057,0.227377,0.655008,-0.035086,0.209432,0.589727,-0.041091,0.186917,0.540778,-0.044695,0.242898,0.596608,-0.012169,0.241121,0.524688,-0.031862,0.234032,0.475303,-0.044695,0.224044,0.431282,-0.051427,0.212111,0.591318,-0.011308,0.228761,0.516610,-0.034706,0.239808,0.468620,-0.045959,0.246743,0.428300,-0.047824,0.181461,0.599544,-0.014840,0.175816,0.575671,-0.054778,0.180960,0.631873,-0.061100,0.186339,0.670795,-0.051333,0.150713,0.615684,-0.019819,0.155896,0.604146,-0.052123,0.160388,0.650366,-0.052407,0.163873,0.681371,-0.043557
3124,0,0.056948,0.047578,0.145742,2.385413,2.510586,0.163877,0.740843,0.000000,0.203003,0.719985,-0.025849,0.228083,0.654815,-0.033897,0.209551,0.590352,-0.040178,0.186647,0.542452,-0.043997,0.243578,0.595931,-0.011615,0.241479,0.524498,-0.031025,0.234489,0.475871,-0.043650,0.224496,0.432985,-0.050214,0.213315,0.590652,-0.011299,0.229329,0.516179,-0.034371,0.239546,0.467585,-0.045291,0.245475,0.427288,-0.046932,0.183400,0.598675,-0.015276,0.177204,0.575018,-0.054381,0.181778,0.629951,-0.060377,0.186675,0.668886,-0.050562,0.153258,0.615395,-0.020689,0.158286,0.603192,-0.052108,0.162684,0.648309,-0.052203,0.166447,0.679659,-0.043302
3171,0,0.082569,0.065773,0.144604,2.368636,2.493639,0.162490,0.741601,0.000000,0.200810,0.720983,-0.027765,0.226838,0.655590,-0.036328,0.209138,0.590491,-0.042844,0.186437,0.541538,-0.046905,0.242394,0.595701,-0.011829,0.240976,0.524899,-0.032141,0.234098,0.475860,-0.045489,0.224184,0.432217,-0.052477,0.211389,0.590368,-0.010845,0.228219,0.516221,-0.034974,0.239337,0.468839,-0.046653,0.246259,0.428330,-0.048574,0.180819,0.599138,-0.014402,0.173694,0.575722,-0.055216,0.179238,0.632651,-0.061669,0.184869,0.671960,-0.051596,0.150150,0.616391,-0.019455,0.154547,0.604006,-0.052288,0.159051,0.650591,-0.052477,0.162815,0.682006,-0.043285
3203,0,0.086352,0.073452,0.284384,2.385026,2.506764,0.164000,0.741136,0.000000,0.203475,0.720788,-0.025765,0.228808,0.655100,-0.033553,0.209826,0.590690,-0.039556,0.186688,0.543139,-0.043158,0.243165,0.596499,-0.011556,0.241277,0.525220,-0.030805,0.234182,0.476297,-0.043316,0.223902,0.433309,-0.049793,0.212742,0.591231,-0.011287,0.229748,0.516651,-0.033996,0.239960,0.467545,-0.044770,0.245760,0.427407,-0.046349,0.182880,0.599265,-0.015315,0.176843,0.574478,-0.054185,0.181328,0.629600,-0.060156,0.186255,0.669062,-0.050425,0.152968,0.616114,-0.020789,0.157981,0.603004,-0.052100,0.162340,0.648176,-0.052100,0.166005,0.680113,-0.043221
3251,0,0.069679,0.063919,0.382049,2.379412,2.509684,0.162670,0.741053,0.000000,0.201209,0.720383,-0.027110,0.226977,0.655680,-0.035422,0.209134,0.591143,-0.041814,0.186859,0.542211,-0.045812,0.242658,0.595434,-0.011492,0.241030,0.524927,-0.031455,0.234294,0.476019,-0.044490,0.224561,0.432463,-0.051228,0.211988,0.590189,-0.010674,0.228918,0.516277,-0.034477,0.240270,0.468682,-0.045970,0.247528,0.428731,-0.047733,0.181603,0.598639,-0.014334,0.174302,0.576227,-0.054691,0.179809,0.632126,-0.061335,0.185727,0.670920,-0.051543,0.151187,0.615451,-0.019411,0.155229,0.604321,-0.051889,0.159786,0.650836,-0.052236,0.163833,0.682346,-0.043230
3299,0,0.064247,0.049784,0.370269,2.382941,2.506071,0.163659,0.741170,0.000000,0.202706,0.721663,-0.026237,0.228283,0.656535,-0.034236,0.209938,0.591792,-0.040421,0.187614,0.543551,-0.044239,0.243702,0.597301,-0.011920,0.241986,0.525504,-0.031333,0.235154,0.476242,-0.044018,0.225310,0.433001,-0.050550,0.213291,0.592019,-0.011415,0.230136,0.516972,-0.034552,0.240240,0.467991,-0.045659,0.245852,0.427799,-0.047363,0.183404,0.600024,-0.015201,0.177062,0.574720,-0.054431,0.181303,0.629737,-0.060615,0.186067,0.668994,-0.050897,0.153260,0.616723,-0.020415,0.158015,0.603188,-0.052096,0.161818,0.648950,-0.052190,0.165310,0.681110,-0.043229
3331,0,0.057634,0.060512,0.312972,2.377870,2.487898,0.163796,0.741962,0.000000,0.202373,0.721375,-0.026846,0.228036,0.655903,-0.035207,0.210207,0.591355,-0.041726,0.187627,0.542672,-0.045914,0.243023,0.595763,-0.011604,0.241466,0.524406,-0.031680,0.234712,0.474770,-0.044843,0.225195,0.431281,-0.051708,0.212041,0.590844,-0.010982,0.228291,0.517595,-0.034829,0.239329,0.469674,-0.046355,0.246500,0.429518,-0.048370,0.181565,0.599370,-0.014809,0.175125,0.576715,-0.054794,0.180714,0.632362,-0.061155,0.186299,0.671473,-0.051425,0.151053,0.616435,-0.020123,0.155877,0.604895,-0.052181,0.160385,0.650733,-0.052401,0.164129,0.681937,-0.043458
3379,0,0.085467,0.072966,0.319142,2.408467,2.523105,0.164579,0.741655,0.000000,0.203441,0.722044,-0.025496,0.228758,0.656132,-0.033260,0.210474,0.591385,-0.039339,0.187793,0.543433,-0.043182,0.243899,0.597788,-0.011677,0.242192,0.526413,-0.030835,0.235574,0.477766,-0.043119,0.225719,0.434639,-0.049355,0.213765,0.592420,-0.011528,0.231585,0.517160,-0.034237,0.242360,0.467786,-0.044945,0.248625,0.427150,-0.046426,0.183696,0.600287,-0.015551,0.178804,0.575592,-0.054489,0.183121,0.630598,-0.060284,0.187607,0.670306,-0.050331,0.153200,0.616850,-0.020929,0.159182,0.603615,-0.052316,0.163055,0.649565,-0.051938,0.166042,0.682095,-0.042678
3406,0,0.050037,0.049996,0.295102,2.400849,2.494779,0.164705,0.743326,0.000000,0.202601,0.722916,-0.025888,0.228085,0.657848,-0.033970,0.210309,0.593287,-0.040379,0.187918,0.544715,-0.044452,0.244403,0.597625,-0.011318,0.242541,0.525618,-0.031192,0.235383,0.476872,-0.044231,0.224945,0.433915,-0.050829,0.213944,0.592364,-0.010979,0.230954,0.517933,-0.034602,0.241171,0.469561,-0.046094,0.246870,0.429334,-0.047862,0.183668,0.600357,-0.014909,0.177719,0.577591,-0.054176,0.182354,0.632504,-0.060427,0.187174,0.671429,-0.050608,0.153191,0.616500,-0.020253,0.158264,0.605067,-0.051398,0.162201,0.650553,-0.051145,0.165425,0.681728,-0.041895
3453,0,0.058598,0.064228,0.119151,2.398262,2.484038,0.165065,0.743657,0.000000,0.202933,0.721815,-0.026316,0.228136,0.656266,-0.034381,0.210023,0.592044,-0.040739,0.187371,0.543742,-0.044819,0.243780,0.596124,-0.011189,0.242287,0.524925,-0.030950,0.235934,0.476250,-0.043933,0.226024,0.432923,-0.050671,0.212859,0.591512,-0.010849,0.229660,0.517284,-0.034539,0.239966,0.469484,-0.046021,0.245644,0.429240,-0.047792,0.182272,0.600836,-0.014858,0.174902,0.578441,-0.054593,0.180492,0.634049,-0.061013,0.186159,0.673160,-0.051208,0.151620,0.618984,-0.020290,0.155601,0.608052,-0.052125,0.160043,0.653821,-0.052252,0.163803,0.684709,-0.043206
3506,0,0.058980,0.083827,0.301269,2.398799,2.507410,0.163479,0.742867,0.000000,0.202269,0.720988,-0.026348,0.227371,0.656735,-0.034751,0.209586,0.592175,-0.041430,0.187416,0.543623,-0.045797,0.244199,0.598326,-0.011853,0.242508,0.527256,-0.031903,0.235606,0.478187,-0.045069,0.225555,0.434442,-0.051937,0.213841,0.592995,-0.011449,0.230850,0.517936,-0.035321,0.240844,0.468767,-0.046873,0.246451,0.427742,-0.048709,0.183489,0.601336,-0.015334,0.176467,0.576593,-0.055134,0.180999,0.631654,-0.061116,0.186112,0.670881,-0.051051,0.152986,0.618701,-0.020636,0.157076,0.605318,-0.052507,0.161374,0.650839,-0.052222,0.165120,0.682670,-0.042854
3541,0,0.078911,0.093140,0.298431,2.408937,2.504074,0.164873,0.742947,0.000000,0.203086,0.720570,-0.025674,0.228350,0.655526,-0.033378,0.210107,0.591654,-0.039516,0.187107,0.543883,-0.043313,0.243611,0.596247,-0.009579,0.242396,0.524965,-0.028791,0.236111,0.476200,-0.041446,0.226342,0.433028,-0.047964,0.213493,0.591200,-0.009262,0.230030,0.517850,-0.032145,0.240383,0.469605,-0.043439,0.246187,0.429085,-0.045211,0.183584,0.599794,-0.013359,0.176209,0.576871,-0.052267,0.181353,0.631546,-0.059037,0.186763,0.669901,-0.049672,0.153529,0.616912,-0.018888,0.157419,0.605925,-0.050020,0.161724,0.650732,-0.050558,0.165670,0.681360,-0.041952
3589,0,0.068401,0.074169,0.337901,2.395160,2.501529,0.164780,0.742129,0.000000,0.203706,0.720185,-0.025877,0.228468,0.655463,-0.034124,0.211351,0.591134,-0.040905,0.188894,0.543077,-0.045415,0.244631,0.597475,-0.011385,0.243602,0.526080,-0.031302,0.237219,0.477045,-0.044406,0.227828,0.433820,-0.051249,0.214072,0.592574,-0.011141,0.230247,0.518436,-0.034881,0.240310,0.469301,-0.046424,0.246517,0.428565,-0.048443,0.183717,0.601158,-0.015162,0.177111,0.576302,-0.054561,0.182052,0.630738,-0.060553,0.187490,0.669895,-0.050713,0.153164,0.618733,-0.020594,0.157521,0.605119,-0.052196,0.162041,0.649762,-0.052101,0.166155,0.681537,-0.042955
3622,0,0.083785,0.089666,0.161256,2.431139,2.551763,0.164581,0.741246,0.000000,0.203554,0.721132,-0.025143,0.229499,0.656022,-0.032571,0.211550,0.591318,-0.038413,0.189082,0.543594,-0.041962,0.245600,0.598524,-0.009917,0.244062,0.527649,-0.028771,0.237662,0.478693,-0.041177,0.227771,0.435504,-0.047584,0.215780,0.592827,-0.009878,0.233005,0.517634,-0.032571,0.242992,0.469106,-0.043690,0.248093,0.428851,-0.045323,0.186015,0.600684,-0.014063,0.179696,0.574995,-0.053018,0.183708,0.629720,-0.059300,0.187992,0.668295,-0.049595,0.155566,0.617094,-0.019568,0.160287,0.603762,-0.051102,0.163924,0.649150,-0.051196,0.166874,0.680900,-0.042214
3666,0,0.053522,0.066222,0.113496,2.409160,2.504598,0.165042,0.742844,0.000000,0.203779,0.722239,-0.025881,0.229522,0.656287,-0.033467,0.212345,0.591507,-0.039460,0.190310,0.543014,-0.043214,0.245229,0.597275,-0.009952,0.244197,0.526266,-0.029019,0.237972,0.476915,-0.041763,0.228641,0.433199,-0.048576,0.214709,0.592396,-0.009739,0.231503,0.518298,-0.032741,0.242174,0.470702,-0.044318,0.248460,0.430468,-0.046526,0.184247,0.600941,-0.013847,0.178099,0.575066,-0.053339,0.182878,0.630724,-0.059931,0.187584,0.669528,-0.050595,0.153343,0.617687,-0.019336,0.158164,0.604351,-0.051572,0.162133,0.649981,-0.052046,0.165222,0.681671,-0.043403
3717,0,0.054953,0.036942,0.158991,2.415752,2.523909,0.165543,0.741492,0.000000,0.204633,0.719806,-0.025025,0.230121,0.654830,-0.032673,0.211954,0.590647,-0.038917,0.189403,0.542722,-0.042891,0.245461,0.596305,-0.009319,0.244450,0.525895,-0.028320,0.238380,0.477018,-0.040967,0.228712,0.433877,-0.047527,0.215355,0.591066,-0.009438,0.232884,0.516884,-0.032389,0.243002,0.468578,-0.043742,0.248232,0.428516,-0.045508,0.185167,0.599503,-0.013805,0.178988,0.574542,-0.052888,0.183398,0.628989,-0.059227,0.187959,0.667588,-0.049513,0.154526,0.616817,-0.019474,0.159577,0.603174,-0.050933,0.163630,0.648847,-0.050870,0.167130,0.680759,-0.041692
3749,0,0.046789,0.050967,0.135628,2.410822,2.520989,0.164330,0.742064,0.000000,0.202645,0.721337,-0.026502,0.228282,0.656131,-0.034419,0.211297,0.591600,-0.040646,0.189644,0.542163,-0.044533,0.245474,0.596199,-0.009766,0.243662,0.525860,-0.029173,0.237082,0.477137,-0.042226,0.227129,0.433783,-0.049084,0.214987,0.590863,-0.009371,0.233047,0.515917,-0.032744,0.243858,0.468271,-0.044502,0.249860,0.428271,-0.046430,0.184417,0.599534,-0.013417,0.178973,0.574652,-0.053541,0.183570,0.630541,-0.060241,0.188328,0.668917,-0.050475,0.153378,0.616800,-0.018806,0.158935,0.602686,-0.051328,0.163039,0.649547,-0.051392,0.166337,0.681422,-0.042068
3795,0,0.047195,0.048374,0.161600,2.405075,2.500579,0.165001,0.742891,0.000000,0.204154,0.721285,-0.025729,0.229200,0.656082,-0.033732,0.211715,0.591580,-0.040172,0.189882,0.542377,-0.044253,0.245996,0.596619,-0.010139,0.244682,0.525521,-0.029810,0.237993,0.476648,-0.043137,0.227934,0.433349,-0.050183,0.215861,0.591265,-0.010075,0.233720,0.516596,-0.033285,0.243891,0.468277,-0.044858,0.249158,0.428374,-0.046931,0.185536,0.599555,-0.014371,0.180654,0.573547,-0.053371,0.184773,0.627957,-0.059588,0.189296,0.666462,-0.050023,0.155027,0.616559,-0.020118,0.160613,0.603211,-0.051554,0.164999,0.648661,-0.051586,0.168833,0.680015,-0.042659
3827,0,0.043786,0.040560,0.119586,2.416818,2.518775,0.164777,0.742576,0.000000,0.203581,0.720731,-0.025616,0.228912,0.655357,-0.033399,0.211340,0.591371,-0.039684,0.189588,0.542197,-0.043671,0.245547,0.596357,-0.008956,0.244021,0.525837,-0.028391,0.237221,0.477246,-0.041566,0.226886,0.434058,-0.048456,0.215260,0.591067,-0.008948,0.233636,0.516515,-0.032139,0.244197,0.468029,-0.043927,0.250075,0.427314,-0.046032,0.184690,0.599372,-0.013350,0.179416,0.574159,-0.052922,0.183789,0.629502,-0.059621,0.188399,0.667780,-0.050051,0.153886,0.616215,-0.019108,0.159432,0.602984,-0.051008,0.163523,0.649326,-0.051040,0.166919,0.681326,-0.041949
3875,0,0.030273,0.029026,0.076996,2.421196,2.525638,0.164846,0.742438,0.000000,0.203791,0.721183,-0.025668,0.228791,0.655634,-0.033353,0.211004,0.591684,-0.039443,0.189339,0.542419,-0.043142,0.246253,0.596430,-0.009135,0.244271,0.526207,-0.028426,0.237334,0.477787,-0.041452,0.226759,0.434784,-0.048243,0.216231,0.590813,-0.009016,0.234885,0.515597,-0.031902,0.245237,0.467405,-0.043365,0.250527,0.427503,-0.045119,0.185952,0.598786,-0.013320,0.180156,0.573018,-0.052452,0.184167,0.627735,-0.059053,0.188626,0.665991,-0.049455,0.155332,0.615666,-0.019004,0.160443,0.602623,-0.050571,0.164315,0.649189,-0.050699,0.167867,0.681219,-0.041643
3923,0,0.122089,0.122616,0.214563,2.382520,2.476413,0.164971,0.742937,0.000000,0.203467,0.720836,-0.025004,0.227830,0.655691,-0.033210,0.211420,0.591811,-0.040102,0.189500,0.543520,-0.044846,0.244426,0.596008,-0.011877,0.243227,0.525071,-0.032264,0.236238,0.476404,-0.045840,0.226404,0.432691,-0.052988,0.213971,0.590971,-0.012293,0.232073,0.517150,-0.036223,0.244169,0.468181,-0.047956,0.252511,0.426466,-0.050296,0.183099,0.599536,-0.016861,0.176552,0.574718,-0.056034,0.181786,0.629760,-0.062060,0.187200,0.668945,-0.052508,0.152205,0.616975,-0.022824,0.156655,0.605102,-0.053758,0.161230,0.649646,-0.053373,0.165168,0.680692,-0.044333
3957,0,0.070309,0.055458,0.289924,2.355737,2.478142,0.162939,0.741866,0.000000,0.201985,0.720636,-0.026506,0.225914,0.656690,-0.034981,0.210013,0.593105,-0.041870,0.189440,0.544387,-0.046473,0.243483,0.596567,-0.012134,0.242123,0.526551,-0.032537,0.234977,0.477481,-0.046250,0.224902,0.433943,-0.053551,0.212678,0.591411,-0.011999,0.229358,0.516124,-0.035711,0.240797,0.466539,-0.047171,0.248768,0.425130,-0.049266,0.181779,0.600694,-0.016253,0.175712,0.573627,-0.055964,0.180424,0.628743,-0.061646,0.185801,0.667682,-0.051647,0.150768,0.619083,-0.022030,0.155079,0.604300,-0.054059,0.159712,0.648868,-0.053710,0.163875,0.679701,-0.044441
4004,0,0.137145,0.146099,0.711200,2.273899,2.437536,0.160453,0.739599,0.000000,0.201806,0.720598,-0.026164,0.228368,0.657255,-0.034146,0.214551,0.592295,-0.040576,0.195521,0.542733,-0.044884,0.243188,0.595742,-0.011205,0.242661,0.527660,-0.030757,0.236630,0.478137,-0.044092,0.228313,0.433392,-0.052138,0.212372,0.589204,-0.011752,0.230635,0.512267,-0.035476,0.241566,0.464871,-0.047355,0.249000,0.423861,-0.050332,0.181015,0.598060,-0.016487,0.176919,0.557931,-0.056667,0.179471,0.614775,-0.061292,0.183081,0.655353,-0.051251,0.148784,0.618696,-0.022648,0.152882,0.599365,-0.056509,0.157617,0.644178,-0.056636,0.162007,0.675884,-0.047893
4036,0,0.300548,0.329982,0.585391,2.086629,2.196417,0.161414,0.741838,0.000000,0.203688,0.725076,-0.023908,0.233539,0.665674,-0.030411,0.225848,0.604498,-0.036352,0.213454,0.555667,-0.040431,0.239482,0.592919,-0.010164,0.244309,0.519463,-0.027698,0.241548,0.469412,-0.038664,0.237417,0.425165,-0.045248,0.209052,0.585163,-0.012275,0.229825,0.506123,-0.034457,0.239742,0.454267,-0.046243,0.246906,0.409883,-0.049551,0.176817,0.595054,-0.018096,0.173464,0.547963,-0.057579,0.174707,0.605846,-0.062107,0.178111,0.650544,-0.052280,0.142417,0.617822,-0.025289,0.144979,0.596106,-0.060790,0.151745,0.641252,-0.062332,0.158598,0.675546,-0.054207
4083,0,0.364543,0.365853,1.120132,1.784442,1.903924,0.157666,0.745388,0.000000,0.203196,0.726227,-0.020473,0.240902,0.671020,-0.025712,0.252802,0.615633,-0.031247,0.239543,0.572017,-0.035957,0.235264,0.590256,-0.011113,0.247914,0.520636,-0.028967,0.250519,0.475308,-0.039956,0.249775,0.433399,-0.046003,0.204764,0.578640,-0.014566,0.223860,0.499297,-0.036221,0.233272,0.445667,-0.047920,0.238716,0.397822,-0.051357,0.172807,0.588344,-0.020887,0.165348,0.537090,-0.058264,0.165503,0.592711,-0.063023,0.168506,0.636932,-0.053869,0.139282,0.613814,-0.028273,0.137778,0.592083,-0.062329,0.145140,0.636265,-0.063883,0.152642,0.673353,-0.055587
4131,0,0.393885,0.411565,0.794956,1.427046,1.528060,0.156160,0.748177,0.000000,0.200306,0.730564,-0.025450,0.241651,0.675238,-0.033158,0.270381,0.622174,-0.039995,0.284989,0.570908,-0.045977,0.233390,0.588751,-0.017417,0.246781,0.519819,-0.036132,0.251848,0.475993,-0.047173,0.253139,0.434681,-0.053361,0.202815,0.572857,-0.017605,0.222938,0.493632,-0.039311,0.230199,0.443041,-0.051036,0.234269,0.395772,-0.055070,0.169887,0.579673,-0.020852,0.160211,0.520755,-0.056642,0.155840,0.567440,-0.061770,0.156872,0.607212,-0.054420,0.136888,0.603336,-0.025501,0.130719,0.581713,-0.058386,0.135879,0.624236,-0.060915,0.143957,0.661538,-0.054147
4165,0,0.480052,0.532329,1.576151,1.218383,1.277161,0.158668,0.751756,0.000000,0.201209,0.733885,-0.029237,0.244910,0.681686,-0.040135,0.278567,0.632000,-0.049022,0.303164,0.585621,-0.057663,0.232083,0.585714,-0.023576,0.244338,0.520254,-0.041193,0.246830,0.478808,-0.053677,0.247261,0.438768,-0.062494,0.200228,0.569536,-0.022659,0.219569,0.493894,-0.042074,0.226892,0.442617,-0.055864,0.231327,0.396668,-0.064081,0.166712,0.578481,-0.024952,0.156295,0.509438,-0.056993,0.148955,0.525419,-0.068349,0.147297,0.544783,-0.069654,0.134188,0.604549,-0.028849,0.121831,0.571378,-0.061577,0.122435,0.604957,-0.068596,0.128103,0.640660,-0.067573
4209,0,0.317140,0.314717,1.915967,1.004310,1.094616,0.152275,0.749857,0.000000,0.198854,0.734141,-0.030479,0.247268,0.687266,-0.042607,0.283693,0.637935,-0.052613,0.311651,0.594407,-0.062761,0.229516,0.586808,-0.023725,0.242128,0.521730,-0.040909,0.244072,0.478449,-0.054169,0.243277,0.438770,-0.063963,0.198573,0.568097,-0.022187,0.215925,0.491873,-0.039601,0.221208,0.438366,-0.054522,0.221957,0.397156,-0.064529,0.165854,0.574721,-0.024079,0.161091,0.508425,-0.050421,0.148325,0.504223,-0.064988,0.138993,0.509667,-0.071035,0.132413,0.598112,-0.027915,0.114214,0.564946,-0.055265,0.112156,0.580841,-0.064635,0.115190,0.602329,-0.067110
4241,0,0.504986,0.526368,2.890800,0.673901,0.755989,0.146378,0.749171,0.000000,0.197338,0.735622,-0.030152,0.248341,0.689679,-0.040629,0.286688,0.640584,-0.048336,0.316594,0.601686,-0.055368,0.225455,0.586614,-0.021842,0.241145,0.517843,-0.034449,0.245047,0.475286,-0.044749,0.245999,0.434809,-0.052846,0.195475,0.565943,-0.018237,0.211784,0.489275,-0.029264,0.217450,0.437670,-0.040487,0.217036,0.396437,-0.048762,0.163818,0.568723,-0.018121,0.161891,0.507491,-0.034645,0.148904,0.483965,-0.047768,0.134428,0.467289,-0.055403,0.131924,0.587601,-0.020634,0.116509,0.553800,-0.039173,0.102159,0.545848,-0.048407,0.086879,0.540994,-0.052846
4293,0,0.475236,0.500791,1.608109,0.502050,0.490587,0.148409,0.750944,0.000000,0.202128,0.736770,-0.029533,0.253406,0.691442,-0.041683,0.291456,0.645360,-0.051432,0.324217,0.610539,-0.060464,0.225260,0.584402,-0.026003,0.244124,0.513001,-0.042042,0.252079,0.468438,-0.053833,0.256571,0.427151,-0.062543,0.192875,0.565344,-0.024157,0.208925,0.488173,-0.038386,0.214627,0.437137,-0.050393,0.215242,0.393511,-0.058529,0.159064,0.568388,-0.025680,0.152477,0.499387,-0.042293,0.143946,0.457935,-0.055088,0.137314,0.421805,-0.063045,0.125032,0.588260,-0.029856,0.104995,0.542007,-0.046629,0.090718,0.513709,-0.055446,0.079437,0.486059,-0.060141
4339,0,0.265817,0.295833,0.488887,0.380134,0.294026,0.147410,0.753219,0.000000,0.203683,0.737389,-0.027211,0.255425,0.693126,-0.039756,0.293850,0.647903,-0.050288,0.325668,0.613841,-0.060281,0.222919,0.584263,-0.025971,0.245586,0.513463,-0.043494,0.257076,0.468532,-0.056794,0.264000,0.427420,-0.066500,0.189396,0.563534,-0.025701,0.206670,0.482641,-0.041230,0.213891,0.430930,-0.053272,0.215317,0.386577,-0.061539,0.154624,0.564204,-0.028595,0.150379,0.486686,-0.045292,0.144999,0.439490,-0.056579,0.140539,0.398665,-0.063588,0.119863,0.583109,-0.034005,0.101777,0.525540,-0.050324,0.090027,0.489285,-0.058016,0.081592,0.454311,-0.061970
4369,0,0.164720,0.168650,0.281537,0.354148,0.283618,0.146025,0.753122,0.000000,0.203508,0.738112,-0.027428,0.254422,0.693847,-0.040257,0.294136,0.651160,-0.051059,0.328438,0.620426,-0.061381,0.220138,0.581170,-0.025603,0.250961,0.514045,-0.042764,0.267308,0.471166,-0.055777,0.278612,0.433160,-0.065178,0.186803,0.560215,-0.025124,0.207617,0.479047,-0.040073,0.218413,0.428022,-0.051501,0.223114,0.385432,-0.059390,0.152520,0.560893,-0.027981,0.150880,0.482035,-0.044496,0.148301,0.432946,-0.056330,0.146337,0.391497,-0.063777,0.118185,0.579786,-0.033326,0.100084,0.521419,-0.050100,0.088450,0.483229,-0.058432,0.080225,0.447395,-0.062855
4417,0,0.113854,0.111858,0.228859,0.331627,0.300845,0.146349,0.753047,0.000001,0.204996,0.737707,-0.026530,0.255798,0.694096,-0.039290,0.296036,0.653236,-0.050366,0.331218,0.625387,-0.060806,0.218912,0.580556,-0.024042,0.253749,0.515688,-0.040974,0.273018,0.473829,-0.053659,0.286406,0.437270,-0.062564,0.185939,0.559574,-0.023667,0.209470,0.479559,-0.037849,0.223032,0.428363,-0.048158,0.230840,0.385339,-0.055230,0.151712,0.559377,-0.026736,0.150107,0.481498,-0.042695,0.149422,0.432219,-0.054070,0.149644,0.390848,-0.061142,0.117715,0.577712,-0.032292,0.099116,0.520218,-0.048607,0.087738,0.481782,-0.056652,0.079899,0.445704,-0.060806
4468,0,0.115882,0.097110,0.118365,0.273110,0.294201,0.147071,0.753708,0.000001,0.205770,0.737364,-0.025535,0.257041,0.693524,-0.037708,0.297545,0.653215,-0.048391,0.333010,0.626247,-0.058544,0.220332,0.581618,-0.021685,0.255980,0.517107,-0.038520,0.276138,0.475771,-0.051410,0.291012,0.439329,-0.060507,0.187848,0.560043,-0.021610,0.212204,0.481147,-0.035557,0.226619,0.430075,-0.046013,0.235799,0.386674,-0.053222,0.153464,0.558992,-0.025120,0.152643,0.481793,-0.040728,0.153231,0.432697,-0.051826,0.155530,0.390422,-0.058771,0.119178,0.576701,-0.031103,0.101826,0.520451,-0.046805,0.091348,0.482631,-0.054279,0.084265,0.446571,-0.058242
4501,0,0.109168,0.084484,0.087619,0.245372,0.295485,0.148295,0.753531,0.000001,0.207890,0.736828,-0.024617,0.259708,0.692157,-0.035911,0.299667,0.652652,-0.045889,0.335040,0.627577,-0.055322,0.222617,0.581353,-0.020069,0.258004,0.517600,-0.036268,0.278007,0.476680,-0.048858,0.293154,0.440918,-0.057803,0.190195,0.559861,-0.020295,0.214672,0.481624,-0.033637,0.229631,0.430950,-0.043859,0.239597,0.388425,-0.051000,0.156015,0.558877,-0.024034,0.156324,0.481961,-0.039162,0.157920,0.433545,-0.050098,0.161204,0.391857,-0.057014,0.121728,0.576528,-0.030217,0.104570,0.520485,-0.045551,0.094607,0.482851,-0.052917,0.088254,0.446755,-0.056826
4545,0,0.066067,0.033425,0.049009,0.240231,0.296685,0.150961,0.752652,0.000001,0.210718,0.736318,-0.024626,0.262159,0.692382,-0.035842,0.301607,0.652931,-0.045651,0.336267,0.627286,-0.054992,0.224859,0.581565,-0.020106,0.260226,0.518003,-0.035992,0.280224,0.477119,-0.048277,0.295084,0.441399,-0.057055,0.192702,0.559988,-0.020125,0.217344,0.482059,-0.033179,0.232265,0.431268,-0.043250,0.242255,0.388682,-0.050303,0.158676,0.558861,-0.023651,0.158891,0.482224,-0.038524,0.160462,0.433553,-0.049627,0.163745,0.391889,-0.056680,0.124620,0.576070,-0.029596,0.107446,0.520488,-0.044863,0.097427,0.482714,-0.052403,0.091003,0.446512,-0.056492
4579,0,0.068684,0.047614,0.086805,0.244889,0.312455,0.152549,0.752119,0.000001,0.211349,0.736909,-0.025521,0.263192,0.692724,-0.036880,0.303120,0.652851,-0.046596,0.337325,0.626523,-0.055788,0.226956,0.582181,-0.021149,0.262183,0.518370,-0.037291,0.281982,0.477102,-0.049660,0.296890,0.441064,-0.058515,0.194617,0.560391,-0.020813,0.218980,0.482527,-0.034283,0.233787,0.431662,-0.044578,0.244240,0.388690,-0.051827,0.160722,0.559259,-0.024026,0.161131,0.482657,-0.039347,0.162490,0.434009,-0.050669,0.165935,0.391742,-0.057880,0.126728,0.576698,-0.029743,0.110031,0.521483,-0.045437,0.100090,0.483700,-0.053322,0.093912,0.447222,-0.057656
4612,0,0.038600,0.021840,0.087742,0.258067,0.316840,0.153331,0.751602,0.000001,0.212173,0.736575,-0.025186,0.264250,0.692380,-0.036451,0.303935,0.652533,-0.046098,0.338013,0.626677,-0.055206,0.228137,0.581218,-0.021618,0.263561,0.517666,-0.037622,0.283595,0.476882,-0.049778,0.298242,0.441324,-0.058440,0.195472,0.559639,-0.021320,0.219923,0.481302,-0.034555,0.235215,0.431187,-0.044462,0.245375,0.389047,-0.051302,0.161537,0.558739,-0.024462,0.161528,0.482108,-0.039406,0.162510,0.433261,-0.050410,0.165006,0.390973,-0.057436,0.127540,0.577014,-0.030038,0.111153,0.521185,-0.045354,0.101446,0.483236,-0.052975,0.095251,0.446517,-0.057065
4644,0,0.046032,0.070039,0.063313,0.278202,0.338245,0.155090,0.750115,0.000001,0.213859,0.735082,-0.024848,0.264961,0.692153,-0.036379,0.304619,0.652619,-0.046459,0.338180,0.625896,-0.056093,0.229335,0.581080,-0.021965,0.264351,0.517338,-0.038313,0.284171,0.476533,-0.050551,0.298597,0.440951,-0.059218,0.196854,0.559704,-0.021965,0.221060,0.481556,-0.035672,0.235876,0.431471,-0.045715,0.245536,0.389437,-0.052634,0.162981,0.558974,-0.025350,0.162038,0.482741,-0.040694,0.162599,0.434186,-0.051778,0.164797,0.392743,-0.058734,0.129058,0.576775,-0.031115,0.111968,0.520781,-0.046757,0.101749,0.482925,-0.054419,0.095089,0.446651,-0.058511
4675,0,0.039380,0.056010,0.088424,0.270690,0.356682,0.155102,0.748111,0.000001,0.214067,0.733864,-0.024482,0.265279,0.691085,-0.035470,0.304879,0.651458,-0.045028,0.338547,0.626165,-0.054197,0.229645,0.579907,-0.021048,0.264685,0.516321,-0.036992,0.284191,0.475649,-0.049075,0.298770,0.440373,-0.057724,0.196975,0.559154,-0.021085,0.221027,0.480954,-0.034486,0.235764,0.431115,-0.044694,0.245253,0.389230,-0.051785,0.163102,0.558748,-0.024463,0.162251,0.482715,-0.039534,0.162648,0.434366,-0.050708,0.164619,0.392839,-0.057798,0.129106,0.576638,-0.030217,0.111954,0.520570,-0.045585,0.101982,0.482560,-0.053306,0.095892,0.445763,-0.057538
4708,0,0.047943,0.058402,0.044810,0.273107,0.331282,0.154881,0.748652,0.000001,0.213655,0.734196,-0.023963,0.265285,0.690378,-0.034626,0.305374,0.650366,-0.043989,0.339129,0.625191,-0.052868,0.229855,0.579614,-0.019914,0.264799,0.515678,-0.035369,0.284381,0.475204,-0.047110,0.298759,0.440172,-0.055469,0.197126,0.558511,-0.020081,0.221118,0.480405,-0.033029,0.235722,0.430645,-0.042911,0.245281,0.388916,-0.049710,0.163033,0.557721,-0.023611,0.162016,0.481484,-0.038230,0.162344,0.433354,-0.049042,0.164423,0.392302,-0.055878,0.129069,0.575030,-0.029481,0.111589,0.519163,-0.044435,0.101594,0.481536,-0.051828,0.095595,0.445184,-0.055803
4741,0,0.020146,0.023544,0.052356,0.257285,0.310661,0.154703,0.749565,0.000000,0.213755,0.734424,-0.024047,0.265321,0.690661,-0.034755,0.305171,0.650163,-0.044139,0.338952,0.624351,-0.053093,0.229637,0.580014,-0.019849,0.264292,0.515642,-0.035259,0.283724,0.474990,-0.047086,0.297962,0.439648,-0.055519,0.196785,0.559307,-0.019961,0.220606,0.481095,-0.032927,0.235041,0.431115,-0.042982,0.244171,0.389144,-0.049997,0.162810,0.558435,-0.023431,0.161893,0.482071,-0.038076,0.162219,0.433812,-0.048952,0.164303,0.392663,-0.055892,0.128925,0.575891,-0.029252,0.111811,0.519281,-0.044213,0.102118,0.481124,-0.051638,0.096219,0.444659,-0.055631
4775,0,0.014160,0.013985,0.061211,0.254357,0.309352,0.154676,0.749396,0.000000,0.213733,0.734607,-0.024249,0.265277,0.690270,-0.034820,0.305035,0.649664,-0.043995,0.339068,0.624508,-0.052705,0.229663,0.579636,-0.020136,0.264607,0.515707,-0.035546,0.283978,0.475051,-0.047419,0.298172,0.439699,-0.055943,0.196682,0.558780,-0.020062,0.220236,0.480831,-0.033015,0.234467,0.430982,-0.043102,0.243516,0.389214,-0.050136,0.162640,0.558063,-0.023300,0.161962,0.481672,-0.037947,0.162085,0.433712,-0.048834,0.163904,0.392567,-0.055757,0.128781,0.575828,-0.028921,0.111688,0.519553,-0.043958,0.101863,0.481782,-0.051439,0.095893,0.445391,-0.055459
4807,0,0.019098,0.016300,0.036245,0.257654,0.311259,0.154716,0.749109,0.000001,0.213706,0.734270,-0.024263,0.265400,0.690012,-0.034916,0.305059,0.649554,-0.044101,0.338884,0.623990,-0.052876,0.229525,0.579434,-0.020749,0.264430,0.515378,-0.036069,0.283546,0.474573,-0.047633,0.297442,0.439301,-0.055888,0.196449,0.558589,-0.020637,0.220378,0.480371,-0.033577,0.234808,0.430572,-0.043394,0.243815,0.388872,-0.050162,0.162440,0.557910,-0.023835,0.161489,0.481504,-0.038523,0.161599,0.433514,-0.049381,0.163260,0.392439,-0.056297,0.128626,0.575694,-0.029376,0.111458,0.519470,-0.044510,0.101597,0.481572,-0.052095,0.095554,0.445201,-0.056185
4851,0,0.021799,0.025921,0.056555,0.253958,0.308547,0.155057,0.748972,0.000001,0.214082,0.734007,-0.024470,0.265797,0.690616,-0.035467,0.305218,0.649957,-0.045032,0.339078,0.624154,-0.054187,0.229566,0.579267,-0.020804,0.263987,0.515409,-0.036528,0.283269,0.474776,-0.048493,0.297401,0.439386,-0.057090,0.196553,0.558513,-0.020748,0.220167,0.480745,-0.034071,0.234442,0.430830,-0.044287,0.243611,0.388742,-0.051396,0.162446,0.558203,-0.024042,0.161343,0.482037,-0.039040,0.161487,0.433625,-0.050130,0.163173,0.392207,-0.057201,0.128508,0.576021,-0.029680,0.111526,0.519721,-0.044994,0.101764,0.481702,-0.052661,0.095859,0.445052,-0.056866
4884,0,0.043680,0.049542,0.046726,0.254517,0.291110,0.155617,0.749413,0.000000,0.215164,0.734191,-0.024067,0.266221,0.690099,-0.034602,0.305637,0.649191,-0.043778,0.339212,0.623369,-0.052526,0.229970,0.579348,-0.019711,0.264322,0.515398,-0.034974,0.283593,0.474560,-0.046719,0.297652,0.439281,-0.055132,0.196843,0.558463,-0.019655,0.219945,0.480291,-0.032480,0.233883,0.430469,-0.042400,0.242752,0.388914,-0.049287,0.162794,0.557923,-0.022950,0.161746,0.481633,-0.037542,0.161876,0.433558,-0.048394,0.163690,0.392444,-0.055318,0.128937,0.575516,-0.028608,0.111757,0.519520,-0.043629,0.101946,0.481513,-0.051149,0.095983,0.445194,-0.055243
4917,0,0.031760,0.031349,0.046786,0.243413,0.285386,0.155614,0.749596,0.000000,0.214831,0.734412,-0.024492,0.266036,0.690263,-0.035286,0.305445,0.648937,-0.044628,0.339429,0.623196,-0.053561,0.229912,0.579921,-0.020490,0.264104,0.515527,-0.035974,0.282863,0.474380,-0.047755,0.296387,0.438961,-0.056241,0.196754,0.559139,-0.020379,0.220002,0.480190,-0.033518,0.233660,0.430091,-0.043549,0.242369,0.388356,-0.050509,0.162742,0.558549,-0.023617,0.162008,0.481949,-0.038487,0.162256,0.433544,-0.049467,0.164050,0.392201,-0.056427,0.129033,0.576286,-0.029237,0.112057,0.520134,-0.044479,0.102239,0.482184,-0.052110,0.096135,0.445690,-0.056204
4949,0,0.023194,0.023226,0.057782,0.231271,0.284395,0.155373,0.748965,0.000000,0.214574,0.734236,-0.024399,0.265698,0.689931,-0.035049,0.305093,0.648285,-0.044196,0.338429,0.621756,-0.052991,0.229539,0.579521,-0.020484,0.263443,0.515089,-0.035902,0.282118,0.474225,-0.047647,0.295328,0.439055,-0.056071,0.196337,0.558900,-0.020261,0.219072,0.480018,-0.033342,0.232581,0.430029,-0.043380,0.241017,0.388448,-0.050356,0.162395,0.558454,-0.023378,0.161628,0.481737,-0.038110,0.161718,0.433662,-0.049020,0.163366,0.392553,-0.055997,0.128786,0.576128,-0.028852,0.111993,0.519860,-0.044011,0.102268,0.482045,-0.051618,0.096359,0.445727,-0.055737
4976,0,0.037677,0.055712,0.053635,0.221015,0.245767,0.155913,0.749430,0.000000,0.214732,0.734258,-0.024356,0.265592,0.689609,-0.034932,0.304745,0.647622,-0.044008,0.337954,0.620274,-0.052639,0.229516,0.578609,-0.020170,0.263293,0.513924,-0.035266,0.281241,0.472854,-0.046897,0.293979,0.437484,-0.055195,0.196218,0.558149,-0.019929,0.218581,0.479107,-0.032598,0.231483,0.428976,-0.042415,0.239290,0.387392,-0.049231,0.162269,0.558026,-0.023004,0.161172,0.481159,-0.037266,0.160953,0.433382,-0.047823,0.162160,0.392588,-0.054565,0.128657,0.575991,-0.028449,0.112047,0.519898,-0.043230,0.102360,0.482002,-0.050527,0.096303,0.445858,-0.054380
5001,0,0.035536,0.040279,0.039241,0.219409,0.247026,0.156208,0.748689,0.000000,0.215277,0.733550,-0.024715,0.266038,0.688947,-0.035519,0.304730,0.646616,-0.044731,0.337549,0.618953,-0.053500,0.228995,0.578497,-0.021071,0.262932,0.513648,-0.036555,0.281407,0.472521,-0.048357,0.294460,0.437118,-0.056756,0.195794,0.558216,-0.020682,0.218365,0.478663,-0.033798,0.231420,0.428396,-0.043843,0.239105,0.387034,-0.050762,0.161999,0.558404,-0.023605,0.160856,0.481424,-0.038330,0.160768,0.433264,-0.049208,0.161939,0.392403,-0.056090,0.128460,0.576265,-0.028896,0.111981,0.519852,-0.044102,0.102318,0.481819,-0.051650,0.096149,0.445290,-0.055683
5036,0,0.025493,0.026638,0.031874,0.217120,0.235076,0.156287,0.748850,0.000000,0.215668,0.733636,-0.024672,0.266160,0.689178,-0.035346,0.304802,0.646136,-0.044432,0.337589,0.617914,-0.053037,0.229363,0.578616,-0.020314,0.262926,0.513832,-0.035678,0.281262,0.472691,-0.047497,0.294264,0.436986,-0.055992,0.196264,0.558070,-0.019889,0.218410,0.478812,-0.032834,0.231165,0.428680,-0.042844,0.238802,0.387014,-0.049787,0.162139,0.557939,-0.022825,0.161057,0.481033,-0.037488,0.160729,0.432915,-0.048236,0.161873,0.391741,-0.055032,0.128364,0.575795,-0.028144,0.111855,0.519426,-0.043250,0.102288,0.481245,-0.050747,0.096295,0.444743,-0.054736
5069,0,0.020181,0.034500,0.060647,0.212984,0.212631,0.156629,0.749767,0.000000,0.215167,0.734666,-0.024710,0.265740,0.689004,-0.035476,0.304430,0.646034,-0.044618,0.337540,0.617657,-0.053297,0.229337,0.578801,-0.020905,0.263149,0.513819,-0.036381,0.281578,0.472485,-0.048163,0.294862,0.436814,-0.056585,0.196194,0.558495,-0.020517,0.218556,0.478670,-0.033556,0.231170,0.428323,-0.043399,0.238583,0.386774,-0.050158,0.162214,0.558190,-0.023472,0.161052,0.480891,-0.038117,0.160646,0.432803,-0.048607,0.161461,0.391652,-0.055255,0.128500,0.576177,-0.028809,0.112319,0.519386,-0.043805,0.102760,0.481337,-0.051081,0.096887,0.445017,-0.054923
5100,0,0.030715,0.039880,0.097217,0.224001,0.239043,0.156742,0.748955,0.000000,0.215956,0.733416,-0.024272,0.266718,0.689078,-0.034815,0.304908,0.645932,-0.043875,0.337372,0.617060,-0.052509,0.230039,0.578715,-0.019936,0.264016,0.514110,-0.035296,0.282372,0.472712,-0.047062,0.295353,0.436933,-0.055511,0.196966,0.558572,-0.019714,0.219159,0.479192,-0.032795,0.231805,0.428668,-0.042948,0.239287,0.386841,-0.049989,0.162956,0.558610,-0.022845,0.161472,0.481671,-0.037631,0.161011,0.433123,-0.048581,0.161890,0.391648,-0.055548,0.129158,0.576303,-0.028293,0.112867,0.519591,-0.043541,0.103272,0.481328,-0.051175,0.097241,0.444568,-0.055288
5130,0,0.033434,0.034580,0.046038,0.227928,0.232020,0.157112,0.749228,0.000000,0.216409,0.733622,-0.024678,0.266838,0.689046,-0.035476,0.304900,0.645954,-0.044706,0.337393,0.617279,-0.053529,0.230820,0.578530,-0.020950,0.264255,0.514159,-0.036658,0.282501,0.472890,-0.048656,0.295402,0.437028,-0.057257,0.197324,0.558305,-0.020673,0.219258,0.478870,-0.034166,0.231610,0.428456,-0.044484,0.238865,0.386290,-0.051609,0.163118,0.558460,-0.023756,0.161763,0.481564,-0.038873,0.161131,0.433217,-0.049874,0.161967,0.391744,-0.056814,0.129325,0.576638,-0.029164,0.113420,0.519892,-0.044632,0.103996,0.481531,-0.052347,0.098172,0.444715,-0.056445
5160,0,0.027580,0.027777,0.071508,0.222273,0.224437,0.157056,0.749338,0.000000,0.216204,0.734237,-0.024590,0.266833,0.688952,-0.035110,0.304524,0.645442,-0.044041,0.337256,0.616941,-0.052508,0.230624,0.578727,-0.020541,0.264094,0.514230,-0.035905,0.282115,0.472872,-0.047664,0.295188,0.437333,-0.056058,0.197325,0.558422,-0.020079,0.219125,0.478950,-0.033298,0.231581,0.428566,-0.043412,0.238947,0.386943,-0.050327,0.163242,0.558336,-0.022945,0.161926,0.481009,-0.037847,0.161392,0.433200,-0.048626,0.162069,0.392340,-0.055393,0.129610,0.576151,-0.028122,0.113628,0.519471,-0.043449,0.104054,0.481333,-0.051066,0.098145,0.444761,-0.055060
5193,0,0.039018,0.045942,0.049995,0.228946,0.228783,0.157581,0.749342,0.000000,0.216145,0.734689,-0.024886,0.266782,0.689418,-0.035813,0.304544,0.645615,-0.045002,0.336925,0.616493,-0.053766,0.230508,0.578987,-0.021854,0.263940,0.514153,-0.037662,0.281967,0.472799,-0.049513,0.295062,0.437188,-0.057981,0.197180,0.558825,-0.021447,0.219057,0.479056,-0.035055,0.231439,0.428479,-0.045224,0.238675,0.386354,-0.052213,0.163210,0.558773,-0.024331,0.161841,0.481749,-0.039492,0.161412,0.433485,-0.050290,0.162307,0.392213,-0.057131,0.129802,0.576667,-0.029564,0.113781,0.519635,-0.044965,0.104416,0.481408,-0.052583,0.098691,0.444575,-0.056687
5247,0,0.024771,0.032000,0.042968,0.226335,0.239610,0.157074,0.749609,0.000000,0.216161,0.734598,-0.024746,0.266906,0.688915,-0.035475,0.304925,0.645302,-0.044543,0.337577,0.616531,-0.053186,0.230631,0.579874,-0.021330,0.264105,0.514887,-0.037082,0.282288,0.473276,-0.048975,0.295318,0.437416,-0.057470,0.197498,0.559488,-0.020979,0.219762,0.479617,-0.034608,0.232185,0.429277,-0.044801,0.239239,0.387432,-0.051782,0.163632,0.559299,-0.023952,0.162344,0.482155,-0.039224,0.161619,0.433562,-0.050046,0.162335,0.392064,-0.056842,0.129972,0.577206,-0.029252,0.114307,0.520016,-0.044764,0.104970,0.481598,-0.052299,0.099206,0.444859,-0.056325
5277,0,0.026887,0.044790,0.049527,0.215515,0.210348,0.157945,0.750077,0.000000,0.216277,0.735519,-0.024504,0.266804,0.690031,-0.034982,0.304493,0.645821,-0.043834,0.336873,0.616962,-0.052224,0.230620,0.579503,-0.021048,0.263837,0.514517,-0.036516,0.281892,0.473390,-0.048269,0.294813,0.437748,-0.056696,0.197229,0.559207,-0.020679,0.219197,0.479694,-0.033984,0.231642,0.429255,-0.044130,0.238668,0.387312,-0.051152,0.163503,0.559141,-0.023562,0.162330,0.481848,-0.038401,0.161771,0.434017,-0.049045,0.162296,0.393091,-0.055809,0.130049,0.577077,-0.028773,0.114108,0.519853,-0.043945,0.104869,0.481638,-0.051411,0.099176,0.444958,-0.055439
5310,0,0.020705,0.024174,0.047111,0.217997,0.199018,0.158122,0.750930,0.000000,0.217073,0.735715,-0.024469,0.267065,0.689638,-0.034940,0.304594,0.645599,-0.043767,0.337203,0.616740,-0.052152,0.230752,0.580089,-0.020683,0.264126,0.515011,-0.036103,0.282442,0.473588,-0.047793,0.295401,0.437768,-0.056140,0.197587,0.559792,-0.020351,0.219697,0.480013,-0.033647,0.232287,0.429649,-0.043657,0.239521,0.387793,-0.050489,0.163575,0.559805,-0.023343,0.162088,0.482470,-0.038412,0.161614,0.434082,-0.049160,0.162282,0.392506,-0.055845,0.129975,0.577652,-0.028661,0.114432,0.520092,-0.044026,0.105441,0.481524,-0.051561,0.100027,0.444624,-0.055550
5337,0,0.051237,0.055811,0.110212,0.213897,0.224111,0.156895,0.750600,0.000000,0.215585,0.734877,-0.025190,0.265988,0.690778,-0.036480,0.303797,0.646879,-0.046086,0.336247,0.616720,-0.055229,0.230293,0.580590,-0.021599,0.263595,0.515476,-0.037702,0.281707,0.473951,-0.049899,0.294515,0.437738,-0.058635,0.197118,0.559944,-0.021229,0.219473,0.480224,-0.035148,0.231847,0.429738,-0.045642,0.239023,0.387557,-0.052823,0.163176,0.559847,-0.024228,0.162027,0.482468,-0.039719,0.161341,0.433811,-0.050602,0.162042,0.391990,-0.057413,0.129501,0.577734,-0.029595,0.114119,0.520283,-0.045235,0.105026,0.481434,-0.052823,0.099639,0.443975,-0.056858
5374,0,0.029034,0.027366,0.099914,0.201335,0.220403,0.156892,0.750074,0.000000,0.215089,0.735601,-0.025216,0.265603,0.689925,-0.036243,0.303656,0.646040,-0.045511,0.335998,0.616064,-0.054318,0.229860,0.579784,-0.022071,0.263015,0.514636,-0.037926,0.281044,0.473337,-0.049878,0.293958,0.437468,-0.058425,0.196514,0.559600,-0.021535,0.218451,0.479635,-0.035225,0.230832,0.429106,-0.045511,0.237835,0.386945,-0.052579,0.162636,0.559582,-0.024291,0.161572,0.482293,-0.039369,0.160971,0.434258,-0.049989,0.161533,0.392829,-0.056686,0.129400,0.577716,-0.029453,0.113931,0.520364,-0.044734,0.104827,0.482045,-0.052135,0.099283,0.444928,-0.056094
5403,0,0.026950,0.037190,0.050698,0.201789,0.198189,0.157042,0.750590,0.000000,0.215944,0.735515,-0.024595,0.266052,0.689573,-0.035276,0.303523,0.645240,-0.044275,0.336107,0.615776,-0.052887,0.230243,0.579467,-0.021195,0.263270,0.514437,-0.036847,0.281154,0.473179,-0.048747,0.293943,0.437369,-0.057285,0.196688,0.559224,-0.020900,0.218537,0.479143,-0.034389,0.230869,0.428735,-0.044608,0.237746,0.386629,-0.051630,0.162704,0.559472,-0.023875,0.161098,0.482149,-0.038953,0.160340,0.433752,-0.049634,0.160809,0.392294,-0.056324,0.129181,0.577761,-0.029178,0.113474,0.520180,-0.044460,0.104492,0.481537,-0.051926,0.099142,0.444596,-0.055880
5436,0,0.023757,0.031058,0.061468,0.195260,0.201338,0.156003,0.750986,0.000000,0.214978,0.735755,-0.024844,0.265617,0.690082,-0.035765,0.303185,0.645560,-0.044942,0.335631,0.615876,-0.053656,0.229506,0.579605,-0.021563,0.262718,0.514365,-0.037341,0.280391,0.472939,-0.049318,0.292500,0.436814,-0.057883,0.196170,0.559459,-0.021192,0.218466,0.479412,-0.034930,0.230711,0.428703,-0.045276,0.237545,0.386640,-0.052358,0.162333,0.559679,-0.024084,0.160935,0.482034,-0.039380,0.160227,0.433672,-0.050096,0.160575,0.392532,-0.056771,0.128742,0.577914,-0.029313,0.113362,0.519656,-0.044683,0.104530,0.480806,-0.052062,0.099254,0.443792,-0.055918
5467,0,0.035901,0.043782,0.076612,0.197150,0.212685,0.156253,0.750554,0.000000,0.214728,0.735624,-0.025259,0.265103,0.689904,-0.036551,0.303002,0.645851,-0.046060,0.335279,0.615312,-0.055087,0.229379,0.579328,-0.022603,0.262309,0.514088,-0.038631,0.279863,0.472653,-0.050703,0.292304,0.436601,-0.059358,0.195885,0.559120,-0.022101,0.217848,0.479308,-0.036031,0.230052,0.428823,-0.046506,0.236667,0.386507,-0.053749,0.161923,0.559507,-0.024850,0.160456,0.482288,-0.040154,0.159629,0.434328,-0.050926,0.159958,0.393075,-0.057761,0.128738,0.578158,-0.029958,0.113359,0.520521,-0.045429,0.104421,0.481829,-0.053006,0.099082,0.444511,-0.057092
5499,0,0.018423,0.033654,0.060387,0.196881,0.186677,0.157057,0.750989,0.000000,0.215769,0.735663,-0.025108,0.265851,0.690133,-0.036319,0.303131,0.645691,-0.045770,0.335324,0.614777,-0.054775,0.229790,0.578924,-0.022199,0.262109,0.513713,-0.038246,0.279750,0.472382,-0.050439,0.291879,0.436121,-0.059148,0.196176,0.559017,-0.021829,0.217470,0.478968,-0.035745,0.229455,0.428274,-0.046288,0.236033,0.385646,-0.053626,0.162261,0.559703,-0.024738,0.160266,0.482538,-0.040136,0.159306,0.434193,-0.051032,0.159369,0.392642,-0.057888,0.128937,0.578523,-0.029982,0.113467,0.520433,-0.045547,0.104373,0.481673,-0.053145,0.098727,0.444378,-0.057221
5534,0,0.018801,0.022683,0.061158,0.193693,0.194074,0.156399,0.751204,0.000000,0.214899,0.735474,-0.025283,0.265066,0.690027,-0.036655,0.302975,0.645448,-0.046263,0.335016,0.614792,-0.055353,0.229381,0.579489,-0.022482,0.262180,0.513951,-0.038695,0.279522,0.472247,-0.050975,0.291819,0.435817,-0.059731,0.195966,0.559516,-0.022093,0.217278,0.479357,-0.036228,0.229145,0.428471,-0.046857,0.235704,0.385884,-0.054166,0.162196,0.560115,-0.024987,0.160120,0.482769,-0.040550,0.159165,0.434268,-0.051346,0.159400,0.392453,-0.058172,0.128840,0.578779,-0.030236,0.113300,0.520751,-0.045855,0.104465,0.481646,-0.053387,0.099289,0.443901,-0.057468
5563,0,0.014452,0.014224,0.060042,0.194882,0.193806,0.156604,0.751413,0.000000,0.214902,0.736503,-0.025452,0.265541,0.690749,-0.036712,0.303168,0.645856,-0.046118,0.335318,0.615186,-0.055059,0.229814,0.579769,-0.022818,0.262465,0.514089,-0.039031,0.279910,0.472459,-0.051275,0.292329,0.435928,-0.059994,0.196071,0.559672,-0.022354,0.217188,0.479126,-0.036508,0.228838,0.428160,-0.047119,0.235305,0.385361,-0.054428,0.162005,0.560343,-0.025136,0.160037,0.482789,-0.040664,0.158907,0.434500,-0.051423,0.159000,0.392674,-0.058176,0.128684,0.579058,-0.030312,0.113292,0.520633,-0.045895,0.104406,0.481597,-0.053389,0.099062,0.443894,-0.057396
5614,0,0.040477,0.043358,0.040247,0.177848,0.165212,0.157099,0.751731,0.000000,0.215862,0.736580,-0.024774,0.266079,0.690562,-0.035639,0.303434,0.645808,-0.044794,0.335541,0.615383,-0.053486,0.229821,0.579817,-0.021469,0.262560,0.514233,-0.037254,0.279958,0.472772,-0.049251,0.292277,0.436648,-0.057869,0.196147,0.559769,-0.021097,0.217332,0.479311,-0.034821,0.229266,0.428638,-0.045314,0.236007,0.386181,-0.052557,0.162107,0.560163,-0.023976,0.159840,0.482592,-0.039186,0.158900,0.434412,-0.049883,0.159106,0.393083,-0.056606,0.128823,0.578621,-0.029194,0.113322,0.520449,-0.044497,0.104548,0.481594,-0.051889,0.099402,0.444266,-0.055826
5645,0,0.027406,0.036078,0.043291,0.182009,0.188613,0.156292,0.751892,0.000000,0.215130,0.736529,-0.024940,0.265626,0.690769,-0.035971,0.303422,0.645566,-0.045275,0.335650,0.615241,-0.054115,0.229556,0.580358,-0.021950,0.262426,0.514414,-0.038033,0.280013,0.472658,-0.050215,0.292339,0.436025,-0.058943,0.196095,0.560390,-0.021616,0.217229,0.479734,-0.035748,0.228923,0.428968,-0.046389,0.235486,0.386251,-0.053706,0.162090,0.560780,-0.024569,0.160155,0.483086,-0.040112,0.159014,0.434718,-0.050846,0.159083,0.392966,-0.057532,0.128624,0.579297,-0.029843,0.113332,0.520996,-0.045461,0.104730,0.481787,-0.052926,0.099760,0.444089,-0.056900
5675,0,0.017885,0.022048,0.057784,0.175730,0.197540,0.156072,0.751282,0.000000,0.214796,0.736595,-0.025240,0.265314,0.690799,-0.036253,0.303228,0.646166,-0.045465,0.335383,0.615828,-0.054231,0.229453,0.580038,-0.022045,0.262327,0.514388,-0.037832,0.280066,0.472830,-0.049848,0.292473,0.436587,-0.058502,0.195743,0.560202,-0.021525,0.216890,0.479408,-0.035380,0.228722,0.428449,-0.045985,0.235250,0.385575,-0.053339,0.161866,0.560895,-0.024274,0.159897,0.483052,-0.039633,0.158850,0.434553,-0.050554,0.158907,0.392484,-0.057425,0.128715,0.579654,-0.029400,0.113394,0.521306,-0.044982,0.104392,0.482318,-0.052596,0.098969,0.444518,-0.056719
5706,0,0.016645,0.029549,0.043690,0.182109,0.184008,0.156837,0.751703,0.000000,0.215452,0.736718,-0.025008,0.265699,0.690914,-0.036120,0.303357,0.646264,-0.045451,0.335322,0.615586,-0.054356,0.229652,0.580321,-0.022318,0.262313,0.514524,-0.038216,0.279556,0.473001,-0.050163,0.291683,0.436946,-0.058734,0.195871,0.560446,-0.021909,0.217230,0.479339,-0.035842,0.229244,0.428182,-0.046342,0.235722,0.385626,-0.053540,0.161803,0.561033,-0.024748,0.159664,0.483037,-0.040183,0.158714,0.434210,-0.051091,0.158833,0.392535,-0.057918,0.128455,0.579667,-0.029868,0.113290,0.521092,-0.045488,0.104457,0.482033,-0.053058,0.099043,0.444599,-0.057065
5741,0,0.022670,0.042084,0.077093,0.167175,0.173968,0.155845,0.752453,0.000000,0.214760,0.736863,-0.025108,0.265292,0.691171,-0.036195,0.302927,0.645780,-0.045499,0.335307,0.614887,-0.054339,0.229287,0.580207,-0.021765,0.262322,0.514348,-0.037699,0.279681,0.472683,-0.049845,0.291790,0.436056,-0.058573,0.195694,0.560303,-0.021375,0.217182,0.479453,-0.035229,0.228801,0.428659,-0.045796,0.235183,0.385788,-0.053151,0.161802,0.560689,-0.024254,0.160008,0.483186,-0.039519,0.158920,0.434739,-0.050179,0.158792,0.392901,-0.056902,0.128174,0.579272,-0.029491,0.113065,0.521165,-0.044905,0.104225,0.482337,-0.052222,0.098877,0.444809,-0.056085
5770,0,0.025533,0.027925,0.055804,0.179437,0.191084,0.155871,0.752264,0.000000,0.214445,0.737381,-0.025119,0.265125,0.691416,-0.036244,0.303028,0.646076,-0.045543,0.335548,0.615559,-0.054450,0.229355,0.580380,-0.022529,0.262066,0.514566,-0.038611,0.279579,0.473006,-0.050723,0.291580,0.436387,-0.059444,0.195676,0.560378,-0.022212,0.217109,0.479392,-0.036282,0.228808,0.428445,-0.046922,0.234975,0.385448,-0.054339,0.161570,0.561040,-0.025119,0.159516,0.483242,-0.040586,0.158425,0.434733,-0.051357,0.158279,0.392862,-0.058177,0.127967,0.579742,-0.030356,0.112698,0.521246,-0.045841,0.104005,0.482259,-0.053258,0.098925,0.444639,-0.057283