t,missing,delta_l1,delta_l1_wrist,delta_angles,delta_base_l1,delta_base_l1_wrist,x0,y0,z0,x1,y1,z1,x2,y2,z2,x3,y3,z3,x4,y4,z4,x5,y5,z5,x6,y6,z6,x7,y7,z7,x8,y8,z8,x9,y9,z9,x10,y10,z10,x11,y11,z11,x12,y12,z12,x13,y13,z13,x14,y14,z14,x15,y15,z15,x16,y16,z16,x17,y17,z17,x18,y18,z18,x19,y19,z19,x20,y20,z20
27,0,,,,0.000000,0.000000,0.127514,0.686091,0.000000,0.189354,0.680292,-0.037198,0.246796,0.640787,-0.049989,0.272396,0.577029,-0.058937,0.288483,0.519960,-0.066456,0.236759,0.508149,-0.023062,0.264779,0.434219,-0.040936,0.274804,0.383339,-0.056836,0.280904,0.335138,-0.068808,0.200023,0.478827,-0.017706,0.220838,0.390834,-0.032703,0.226696,0.333260,-0.048015,0.228379,0.281579,-0.059441,0.162163,0.472787,-0.016898,0.170193,0.393583,-0.032556,0.172772,0.341476,-0.044696,0.173951,0.292054,-0.053308,0.121335,0.483911,-0.019870,0.127358,0.425450,-0.034635,0.129725,0.389864,-0.041651,0.131200,0.354906,-0.045872
61,0,0.081521,0.088891,0.214741,0.081521,0.088891,0.127454,0.685420,0.000000,0.189098,0.680370,-0.038322,0.246446,0.640513,-0.051152,0.272619,0.576626,-0.059984,0.287370,0.518921,-0.067394,0.236831,0.507492,-0.023295,0.264259,0.434309,-0.040792,0.274223,0.383746,-0.056552,0.280233,0.335514,-0.068524,0.199961,0.478644,-0.017361,0.219890,0.391180,-0.031813,0.225662,0.334086,-0.046924,0.227070,0.282127,-0.058394,0.161785,0.473314,-0.016137,0.169395,0.396605,-0.031897,0.170316,0.346416,-0.044245,0.169375,0.298108,-0.052910,0.120653,0.484510,-0.018784,0.126621,0.428530,-0.033801,0.127158,0.396803,-0.040771,0.125486,0.365647,-0.044915
88,0,0.101036,0.116115,0.302331,0.155504,0.172373,0.127010,0.684505,0.000000,0.188389,0.680339,-0.039941,0.246214,0.640388,-0.053214,0.271518,0.575721,-0.062215,0.287545,0.517944,-0.069799,0.236549,0.508437,-0.025148,0.264301,0.434490,-0.042713,0.274422,0.383685,-0.058089,0.280285,0.335680,-0.069757,0.200098,0.479436,-0.018585,0.220099,0.391668,-0.033149,0.226168,0.334036,-0.048255,0.227168,0.283516,-0.059714,0.162160,0.474327,-0.016856,0.170367,0.397163,-0.034066,0.170911,0.348323,-0.048255,0.168409,0.303846,-0.057839,0.120548,0.485205,-0.018939,0.125873,0.430054,-0.036399,0.124588,0.403999,-0.045046,0.119641,0.380731,-0.049922
123,0,0.073079,0.082415,0.336085,0.191637,0.240427,0.127211,0.682822,0.000000,0.188063,0.679356,-0.041084,0.245310,0.640824,-0.054669,0.269942,0.575004,-0.063808,0.284873,0.515501,-0.071576,0.236724,0.508880,-0.025631,0.264440,0.434614,-0.042663,0.274978,0.383496,-0.057660,0.281234,0.336005,-0.069042,0.200645,0.479737,-0.018507,0.220521,0.391311,-0.032319,0.227022,0.333433,-0.047399,0.228551,0.283907,-0.059155,0.162850,0.474320,-0.016315,0.171503,0.395167,-0.034272,0.172102,0.346566,-0.050182,0.168745,0.305154,-0.060983,0.121432,0.484490,-0.017884,0.127112,0.428049,-0.037367,0.125523,0.407303,-0.047606,0.118802,0.391899,-0.053422
152,0,0.039588,0.036819,0.080101,0.198549,0.264729,0.127552,0.681629,0.000000,0.187721,0.678303,-0.041887,0.245392,0.640638,-0.055836,0.270497,0.575233,-0.065190,0.285140,0.515743,-0.073220,0.237135,0.508957,-0.026428,0.264812,0.434216,-0.043501,0.275696,0.383280,-0.058526,0.282565,0.335610,-0.070074,0.201188,0.479581,-0.018905,0.220993,0.390992,-0.032864,0.227469,0.333215,-0.048344,0.229266,0.283684,-0.060513,0.163433,0.473437,-0.016339,0.171307,0.393932,-0.034540,0.171983,0.345434,-0.050869,0.168985,0.304464,-0.062044,0.121946,0.482956,-0.017581,0.127477,0.426133,-0.037314,0.126454,0.406158,-0.047806,0.120359,0.392101,-0.053890
186,0,0.031549,0.032329,0.103010,0.198161,0.271086,0.128307,0.680712,0.000000,0.188812,0.677540,-0.041622,0.246423,0.639394,-0.055413,0.270659,0.573612,-0.064622,0.284683,0.513848,-0.072508,0.237755,0.508314,-0.026489,0.265406,0.434170,-0.043687,0.276430,0.383240,-0.058676,0.283147,0.335553,-0.070155,0.201483,0.478954,-0.019118,0.221369,0.390808,-0.033157,0.228188,0.333351,-0.048270,0.229952,0.283905,-0.059997,0.163477,0.473235,-0.016682,0.171323,0.393635,-0.034726,0.172040,0.345020,-0.050376,0.169075,0.303112,-0.061029,0.122189,0.483442,-0.018065,0.127649,0.426461,-0.037472,0.126196,0.405429,-0.047527,0.119847,0.389414,-0.053225
241,0,0.054823,0.060712,0.238825,0.172459,0.235192,0.128979,0.680921,0.000000,0.189316,0.677235,-0.040418,0.246606,0.638597,-0.053987,0.270876,0.573255,-0.063129,0.284850,0.514251,-0.070912,0.238098,0.507888,-0.026335,0.265760,0.433414,-0.043939,0.276547,0.382598,-0.059176,0.283097,0.334475,-0.070665,0.201653,0.478529,-0.019499,0.221850,0.390499,-0.033809,0.228434,0.333182,-0.048634,0.229735,0.283358,-0.059917,0.163566,0.472987,-0.017450,0.171004,0.395158,-0.034427,0.171718,0.346122,-0.048387,0.169116,0.301661,-0.057858,0.121990,0.483571,-0.019221,0.127900,0.427673,-0.036568,0.126826,0.402455,-0.044969,0.121575,0.379970,-0.049663
270,0,0.073108,0.068825,0.222413,0.138667,0.175486,0.129568,0.681071,0.000000,0.189853,0.676602,-0.039792,0.247344,0.637776,-0.053275,0.272469,0.573473,-0.062430,0.285940,0.514481,-0.070058,0.238863,0.506619,-0.025834,0.266410,0.432534,-0.043585,0.276978,0.381834,-0.059090,0.283632,0.332982,-0.070800,0.202166,0.477330,-0.019267,0.222201,0.389709,-0.033586,0.228691,0.332912,-0.048204,0.230302,0.281791,-0.059213,0.164011,0.471581,-0.017442,0.170537,0.395113,-0.033235,0.170783,0.345304,-0.045482,0.168856,0.297406,-0.054059,0.122943,0.482543,-0.019576,0.128410,0.427330,-0.034885,0.127530,0.397361,-0.041853,0.123701,0.367618,-0.045812
298,0,0.082732,0.083893,0.170004,0.124188,0.140622,0.129212,0.680997,0.000000,0.190109,0.676978,-0.038461,0.247169,0.636732,-0.051130,0.272325,0.571857,-0.059562,0.285875,0.512983,-0.066464,0.238609,0.505451,-0.023932,0.266653,0.431858,-0.041065,0.277135,0.381388,-0.056172,0.283727,0.332709,-0.067704,0.201698,0.476002,-0.017691,0.222296,0.388555,-0.031537,0.228857,0.332304,-0.045756,0.230327,0.281134,-0.056420,0.163558,0.470470,-0.016120,0.169927,0.393793,-0.031186,0.170556,0.342911,-0.042987,0.169661,0.293785,-0.051254,0.123068,0.481849,-0.018455,0.128247,0.426565,-0.033108,0.128404,0.394303,-0.039928,0.126788,0.362264,-0.043896
331,0,0.045237,0.043775,0.104577,0.117701,0.108481,0.129385,0.680872,0.000000,0.190035,0.675526,-0.037911,0.247369,0.635393,-0.050589,0.272805,0.570955,-0.059221,0.286121,0.512275,-0.066401,0.238526,0.504403,-0.023551,0.266243,0.430422,-0.040982,0.277031,0.380339,-0.056358,0.283707,0.331834,-0.067978,0.201471,0.475201,-0.017741,0.222105,0.387802,-0.031914,0.228344,0.331147,-0.046439,0.229988,0.279840,-0.057312,0.163282,0.469459,-0.016569,0.169465,0.392215,-0.031727,0.170591,0.341115,-0.043492,0.170075,0.292103,-0.051792,0.122589,0.480789,-0.019298,0.128086,0.424147,-0.033844,0.128828,0.391189,-0.040567,0.127848,0.358302,-0.044530
361,0,0.031053,0.025198,0.078722,0.131061,0.089218,0.129232,0.680538,0.000000,0.189825,0.674817,-0.037856,0.247365,0.634511,-0.050530,0.273493,0.570008,-0.059215,0.287503,0.511328,-0.066403,0.238224,0.504027,-0.023457,0.266314,0.429964,-0.040889,0.277124,0.379366,-0.056306,0.283884,0.330603,-0.067983,0.201511,0.474479,-0.017681,0.221999,0.387105,-0.031914,0.228385,0.329944,-0.046624,0.229825,0.277930,-0.057677,0.163493,0.468670,-0.016549,0.169705,0.390657,-0.031727,0.170695,0.339486,-0.043549,0.170314,0.290486,-0.051943,0.122951,0.479730,-0.019302,0.127702,0.422606,-0.033867,0.128648,0.389199,-0.040661,0.128348,0.355979,-0.044712
393,0,0.024156,0.024523,0.050669,0.140289,0.090914,0.129863,0.680312,0.000000,0.190524,0.674601,-0.037107,0.247654,0.633958,-0.049587,0.273591,0.570031,-0.058199,0.286789,0.511150,-0.065395,0.238523,0.503328,-0.023296,0.266414,0.429037,-0.040726,0.277216,0.378465,-0.056035,0.283904,0.329890,-0.067600,0.201779,0.474134,-0.017930,0.222182,0.386592,-0.032219,0.228526,0.329530,-0.046717,0.230230,0.277572,-0.057575,0.163661,0.468469,-0.017118,0.169474,0.390301,-0.032282,0.170622,0.339070,-0.043846,0.170306,0.289856,-0.052042,0.122958,0.479850,-0.020124,0.127958,0.422421,-0.034653,0.129088,0.388894,-0.041288,0.128970,0.355553,-0.045219
422,0,0.071000,0.046093,0.054540,0.191094,0.079202,0.129175,0.678852,0.000000,0.190187,0.672779,-0.036280,0.247605,0.631780,-0.048345,0.273727,0.567755,-0.056666,0.287371,0.509764,-0.063572,0.237768,0.501653,-0.022487,0.265712,0.427577,-0.039650,0.276579,0.377358,-0.054752,0.283243,0.328992,-0.066152,0.200968,0.472573,-0.017328,0.221931,0.385017,-0.031599,0.228293,0.328004,-0.046098,0.229866,0.276552,-0.056957,0.163190,0.466861,-0.016663,0.169447,0.387857,-0.031786,0.170640,0.335819,-0.043644,0.170505,0.286673,-0.051923,0.122978,0.478283,-0.019710,0.128327,0.419152,-0.034220,0.129666,0.383626,-0.041210,0.130004,0.348839,-0.045349
460,0,0.069110,0.055915,0.045818,0.240527,0.085901,0.129885,0.678279,0.000000,0.190839,0.671693,-0.036591,0.247713,0.630633,-0.048941,0.273617,0.567163,-0.057522,0.287614,0.508930,-0.064603,0.238124,0.500355,-0.022034,0.265482,0.426196,-0.039195,0.275835,0.375689,-0.054398,0.282109,0.327513,-0.065852,0.201508,0.471017,-0.016713,0.221873,0.383366,-0.030906,0.227950,0.325816,-0.045443,0.229255,0.274192,-0.056355,0.163858,0.464838,-0.016005,0.170333,0.385496,-0.031073,0.171718,0.333234,-0.043068,0.171659,0.284189,-0.051440,0.123712,0.475576,-0.019056,0.129273,0.415336,-0.033592,0.130345,0.378424,-0.040798,0.130538,0.342528,-0.045109
500,0,0.047859,0.043799,0.056845,0.241690,0.074261,0.129708,0.677932,0.000000,0.190181,0.672301,-0.037075,0.247422,0.630769,-0.049615,0.274239,0.566732,-0.058252,0.288842,0.507998,-0.065429,0.238005,0.500598,-0.023117,0.265716,0.425703,-0.040560,0.276117,0.374660,-0.055707,0.282294,0.326372,-0.067140,0.201485,0.470709,-0.017651,0.222038,0.382250,-0.032047,0.228048,0.324012,-0.046485,0.229331,0.272445,-0.057251,0.163803,0.464110,-0.016796,0.170397,0.383794,-0.032047,0.172136,0.330939,-0.043981,0.172380,0.281474,-0.052369,0.123602,0.474630,-0.019737,0.129037,0.414258,-0.034509,0.130206,0.377190,-0.041832,0.130372,0.340868,-0.046193
539,0,0.034678,0.028318,0.096170,0.254845,0.062525,0.129099,0.676915,0.000000,0.190461,0.671393,-0.036864,0.247898,0.630606,-0.049458,0.274286,0.566278,-0.058287,0.289448,0.507703,-0.065651,0.238050,0.499761,-0.023223,0.265525,0.424860,-0.040839,0.275657,0.373777,-0.056069,0.281823,0.325524,-0.067576,0.201389,0.469912,-0.017909,0.221703,0.381801,-0.032616,0.227741,0.323888,-0.047282,0.229030,0.272262,-0.058203,0.163672,0.463493,-0.017166,0.169911,0.382894,-0.032679,0.171452,0.330143,-0.044646,0.171939,0.280776,-0.053015,0.123239,0.474321,-0.020179,0.128114,0.413008,-0.035190,0.129416,0.375117,-0.042596,0.130314,0.338157,-0.047031
581,0,0.040189,0.059349,0.059153,0.276453,0.111981,0.130263,0.677815,0.000000,0.190958,0.672194,-0.037360,0.247942,0.631412,-0.050356,0.274035,0.566818,-0.059550,0.290040,0.508050,-0.067239,0.238487,0.499732,-0.023256,0.265876,0.424898,-0.040974,0.276270,0.373524,-0.056207,0.282464,0.325602,-0.067615,0.201588,0.469525,-0.017813,0.222278,0.381535,-0.032533,0.228330,0.323248,-0.047097,0.229884,0.271731,-0.057920,0.163693,0.462789,-0.017061,0.170120,0.381525,-0.032700,0.172115,0.328362,-0.044756,0.173026,0.279053,-0.053114,0.123284,0.473420,-0.020090,0.127575,0.410950,-0.035479,0.128536,0.371848,-0.043210,0.129511,0.333743,-0.047765
611,0,0.043984,0.043883,0.062875,0.283466,0.112977,0.130145,0.677898,0.000000,0.190630,0.673019,-0.037248,0.248370,0.631686,-0.050320,0.274478,0.567450,-0.059537,0.289719,0.508865,-0.067372,0.238812,0.500379,-0.024175,0.265861,0.425874,-0.042192,0.276361,0.374890,-0.057610,0.282962,0.326999,-0.069216,0.201938,0.470058,-0.018938,0.222601,0.381697,-0.033938,0.229179,0.323330,-0.048644,0.231207,0.271598,-0.059579,0.163964,0.463527,-0.018330,0.170115,0.381503,-0.034231,0.172112,0.328172,-0.046465,0.172980,0.278479,-0.055012,0.123334,0.474681,-0.021452,0.127458,0.411920,-0.037038,0.128442,0.372860,-0.044789,0.129084,0.334770,-0.049524
641,0,0.022744,0.023387,0.043053,0.282690,0.110980,0.130097,0.678027,0.000000,0.190841,0.672373,-0.036906,0.248110,0.631304,-0.049753,0.274864,0.566666,-0.058807,0.290504,0.508280,-0.066436,0.238584,0.499910,-0.023724,0.265948,0.425174,-0.041601,0.276490,0.374060,-0.056921,0.283273,0.326018,-0.068447,0.201779,0.469809,-0.018600,0.222254,0.381439,-0.033553,0.228898,0.323322,-0.048286,0.230952,0.271461,-0.059310,0.163813,0.463503,-0.018055,0.169647,0.382130,-0.033951,0.171481,0.328796,-0.046191,0.172448,0.279168,-0.054741,0.123260,0.474554,-0.021230,0.127310,0.412033,-0.036802,0.128393,0.372962,-0.044598,0.129255,0.334937,-0.049292
678,0,0.024994,0.028441,0.046212,0.298630,0.135467,0.130363,0.677957,0.000000,0.191382,0.672339,-0.036971,0.248273,0.630508,-0.049868,0.274562,0.566113,-0.059012,0.290206,0.507500,-0.066771,0.238503,0.500174,-0.023886,0.265620,0.425026,-0.042025,0.276350,0.373613,-0.057460,0.283023,0.325290,-0.069077,0.201522,0.470047,-0.018832,0.221974,0.381422,-0.034119,0.228554,0.322856,-0.049029,0.230669,0.270635,-0.060102,0.163583,0.463646,-0.018381,0.169263,0.381573,-0.034602,0.171100,0.328040,-0.046932,0.172222,0.278213,-0.055446,0.123073,0.474617,-0.021642,0.126874,0.411736,-0.037475,0.128153,0.372390,-0.045339,0.129271,0.334130,-0.050078
716,0,0.019573,0.030658,0.050127,0.309078,0.163762,0.130912,0.678457,0.000000,0.191488,0.672055,-0.037185,0.248258,0.630115,-0.050404,0.274123,0.565726,-0.059831,0.289664,0.507131,-0.067876,0.238472,0.499455,-0.024008,0.265692,0.424462,-0.042087,0.276426,0.373230,-0.057485,0.283319,0.324928,-0.069091,0.201548,0.469695,-0.018928,0.222146,0.381095,-0.034147,0.228874,0.322723,-0.048938,0.231237,0.270458,-0.059915,0.163696,0.463240,-0.018488,0.169603,0.381063,-0.034650,0.171657,0.327570,-0.046926,0.172760,0.277628,-0.055432,0.123308,0.474546,-0.021787,0.127602,0.411299,-0.037604,0.128635,0.371676,-0.045502,0.129266,0.332987,-0.050236
755,0,0.046071,0.063275,0.035023,0.306482,0.114277,0.130146,0.676564,0.000000,0.191067,0.670328,-0.036479,0.248061,0.628912,-0.049240,0.273827,0.564881,-0.058307,0.289457,0.507031,-0.066031,0.237880,0.498704,-0.023004,0.265267,0.424029,-0.040719,0.276220,0.373260,-0.055915,0.283183,0.325458,-0.067291,0.201140,0.468940,-0.018019,0.222025,0.380586,-0.032911,0.228807,0.322213,-0.047561,0.231181,0.270149,-0.058475,0.163429,0.462455,-0.017610,0.169439,0.380714,-0.033456,0.171349,0.327427,-0.045714,0.172206,0.278028,-0.054151,0.123230,0.473380,-0.020894,0.127623,0.410376,-0.036290,0.128643,0.370748,-0.044035,0.129150,0.332383,-0.048652
788,0,0.030863,0.039542,0.052230,0.315528,0.139054,0.130629,0.677023,0.000000,0.191274,0.671454,-0.036999,0.248337,0.630142,-0.049973,0.274316,0.565317,-0.059139,0.289386,0.506309,-0.066882,0.237890,0.498853,-0.023773,0.265347,0.423910,-0.041602,0.276469,0.372789,-0.056837,0.283755,0.324599,-0.068305,0.201050,0.468991,-0.018604,0.221822,0.380223,-0.033629,0.228753,0.321661,-0.048383,0.231169,0.269648,-0.059306,0.163413,0.462486,-0.018039,0.169336,0.380232,-0.034090,0.171328,0.326476,-0.046374,0.172444,0.276906,-0.054870,0.123187,0.473487,-0.021188,0.127741,0.409895,-0.036873,0.128926,0.369829,-0.044741,0.129657,0.331057,-0.049429
817,0,0.017935,0.020310,0.053975,0.324880,0.134265,0.130837,0.676520,0.000000,0.190945,0.670677,-0.036962,0.248212,0.629188,-0.050037,0.274254,0.565267,-0.059299,0.288828,0.506284,-0.067177,0.238801,0.498844,-0.024118,0.266034,0.423836,-0.042033,0.276703,0.372689,-0.057329,0.283333,0.324664,-0.068770,0.201767,0.468885,-0.018974,0.222447,0.379979,-0.033924,0.229022,0.321476,-0.048487,0.231080,0.269594,-0.059341,0.164177,0.462228,-0.018408,0.169828,0.380002,-0.034196,0.171686,0.326568,-0.046349,0.172520,0.276935,-0.054773,0.123921,0.473038,-0.021561,0.128195,0.409667,-0.036962,0.129104,0.370031,-0.044631,0.129375,0.331380,-0.049283
844,0,0.021946,0.024722,0.026817,0.340386,0.155665,0.130974,0.676764,0.000000,0.191195,0.670504,-0.037228,0.248327,0.629161,-0.050532,0.274361,0.565071,-0.059959,0.289101,0.506173,-0.068046,0.238804,0.498490,-0.024449,0.265890,0.423806,-0.042612,0.276440,0.373052,-0.058157,0.283178,0.325150,-0.069764,0.201984,0.468424,-0.019295,0.222680,0.379887,-0.034421,0.229035,0.321681,-0.049191,0.231091,0.269824,-0.060211,0.164128,0.461987,-0.018771,0.169778,0.380053,-0.034777,0.171724,0.326400,-0.047096,0.172606,0.276623,-0.055643,0.123856,0.472990,-0.021998,0.128303,0.409252,-0.037605,0.129195,0.369153,-0.045504,0.129751,0.330224,-0.050280
871,0,0.020488,0.041291,0.067430,0.331745,0.118762,0.130380,0.675763,0.000000,0.190925,0.670334,-0.036748,0.248081,0.628836,-0.049710,0.274452,0.565248,-0.058897,0.288547,0.506275,-0.066826,0.238839,0.498493,-0.023764,0.265822,0.423832,-0.041803,0.276510,0.372912,-0.057261,0.283298,0.325098,-0.068839,0.201944,0.468460,-0.018731,0.222571,0.379780,-0.033832,0.229173,0.321483,-0.048704,0.231341,0.269514,-0.059736,0.164207,0.461600,-0.018290,0.170021,0.379710,-0.034273,0.171856,0.326152,-0.046648,0.172602,0.276558,-0.055248,0.123833,0.472453,-0.021562,0.128227,0.409032,-0.037104,0.129200,0.368959,-0.045054,0.129720,0.330184,-0.049878
900,0,0.024834,0.040355,0.055054,0.335903,0.154822,0.131562,0.676665,0.000000,0.191399,0.670871,-0.037160,0.248716,0.629511,-0.050328,0.274421,0.565287,-0.059623,0.288582,0.506045,-0.067578,0.239612,0.498727,-0.024222,0.266211,0.423609,-0.042393,0.276707,0.372628,-0.057864,0.283241,0.324884,-0.069462,0.202480,0.468438,-0.019114,0.222859,0.379921,-0.034208,0.229068,0.321798,-0.048988,0.231042,0.270195,-0.060042,0.164491,0.461909,-0.018643,0.170180,0.380146,-0.034606,0.172063,0.326708,-0.046978,0.172902,0.277057,-0.055603,0.123918,0.472718,-0.021919,0.128363,0.409533,-0.037536,0.129428,0.369704,-0.045513,0.130331,0.330960,-0.050370
927,0,0.017767,0.040197,0.037592,0.341432,0.128203,0.130879,0.675609,0.000000,0.191227,0.669713,-0.036938,0.248694,0.628888,-0.050117,0.274365,0.564755,-0.059587,0.288501,0.505685,-0.067716,0.239035,0.498223,-0.024157,0.266176,0.423958,-0.042386,0.276974,0.373169,-0.057995,0.283812,0.325246,-0.069728,0.202124,0.468385,-0.019202,0.222860,0.380277,-0.034487,0.229427,0.322125,-0.049530,0.231814,0.270005,-0.060760,0.164194,0.461780,-0.018836,0.170245,0.380130,-0.034927,0.172322,0.326782,-0.047393,0.173453,0.276989,-0.056109,0.123808,0.472782,-0.022188,0.128319,0.409506,-0.037818,0.129656,0.369703,-0.045759,0.130536,0.330997,-0.050662
954,0,0.032592,0.025887,0.058270,0.330241,0.110350,0.130620,0.675211,0.000000,0.191047,0.669741,-0.037018,0.248073,0.628655,-0.050012,0.273993,0.564336,-0.059245,0.288529,0.505490,-0.067100,0.238628,0.497859,-0.023690,0.265981,0.423605,-0.041614,0.276834,0.372694,-0.056989,0.283974,0.324774,-0.068521,0.201776,0.467875,-0.018519,0.222599,0.379877,-0.033529,0.229314,0.321843,-0.048257,0.231699,0.269811,-0.059203,0.163973,0.461127,-0.017976,0.170082,0.379667,-0.033863,0.172395,0.326162,-0.046084,0.173756,0.276197,-0.054566,0.123679,0.471924,-0.021183,0.128330,0.408854,-0.036725,0.129516,0.369022,-0.044538,0.130426,0.330395,-0.049218
1004,0,0.022373,0.039762,0.034440,0.343327,0.145136,0.131568,0.675962,0.000000,0.191866,0.669969,-0.037290,0.248875,0.628836,-0.050598,0.274468,0.564505,-0.059999,0.288736,0.505494,-0.068063,0.239072,0.498054,-0.024150,0.266094,0.423786,-0.042242,0.276988,0.373102,-0.057784,0.283900,0.325342,-0.069400,0.202206,0.468098,-0.018948,0.222739,0.379532,-0.033990,0.229308,0.321415,-0.048760,0.231477,0.269506,-0.059748,0.164399,0.461381,-0.018374,0.170221,0.379364,-0.034282,0.172332,0.325942,-0.046503,0.173614,0.276135,-0.055027,0.124108,0.472211,-0.021559,0.128424,0.408746,-0.037081,0.129593,0.368912,-0.044832,0.130300,0.329971,-0.049512
1033,0,0.020326,0.043793,0.063986,0.348365,0.116517,0.130710,0.674800,0.000000,0.191597,0.669190,-0.036899,0.249210,0.628468,-0.049980,0.274926,0.564836,-0.059273,0.288340,0.505991,-0.067226,0.239258,0.497644,-0.023923,0.266434,0.423889,-0.041922,0.277249,0.373773,-0.057515,0.284346,0.326277,-0.069194,0.202351,0.467496,-0.018868,0.222865,0.379373,-0.033885,0.229317,0.321434,-0.048766,0.231613,0.269487,-0.059943,0.164568,0.460634,-0.018408,0.170240,0.379073,-0.034325,0.172062,0.325946,-0.046673,0.172941,0.276371,-0.055338,0.124290,0.471527,-0.021662,0.128619,0.408235,-0.037150,0.129498,0.368409,-0.044957,0.130039,0.329554,-0.049729
1065,0,0.041496,0.043020,0.050158,0.332096,0.117182,0.131063,0.675574,0.000000,0.191521,0.669882,-0.036199,0.248400,0.628792,-0.048865,0.274324,0.564842,-0.057852,0.287883,0.505724,-0.065501,0.239352,0.498221,-0.022760,0.266542,0.424021,-0.040463,0.277221,0.373445,-0.055804,0.284151,0.325931,-0.067257,0.202412,0.468037,-0.017922,0.222849,0.379916,-0.032688,0.229607,0.322035,-0.047318,0.231951,0.270349,-0.058145,0.164424,0.461259,-0.017661,0.170308,0.379551,-0.033315,0.172654,0.326189,-0.045312,0.174069,0.276285,-0.053630,0.124214,0.472019,-0.021088,0.128729,0.408780,-0.036429,0.130040,0.368772,-0.044016,0.131253,0.330083,-0.048572
1099,0,0.024649,0.023897,0.037289,0.328075,0.117968,0.130969,0.675673,0.000000,0.191310,0.670125,-0.036517,0.248483,0.628693,-0.049413,0.274361,0.564499,-0.058527,0.287824,0.505335,-0.066303,0.239347,0.498609,-0.023557,0.266418,0.424322,-0.041450,0.277313,0.373700,-0.056855,0.284315,0.326156,-0.068393,0.202232,0.468455,-0.018624,0.222818,0.379856,-0.033507,0.229239,0.321799,-0.048159,0.231497,0.270100,-0.059070,0.164350,0.461864,-0.018258,0.170392,0.379722,-0.033987,0.172407,0.326196,-0.046069,0.173741,0.276282,-0.054472,0.124033,0.472668,-0.021592,0.128743,0.409399,-0.036935,0.130052,0.369620,-0.044564,0.130959,0.330772,-0.049163
1128,0,0.019482,0.030930,0.042879,0.337353,0.106186,0.130162,0.674930,0.000000,0.190659,0.669504,-0.036641,0.248009,0.628571,-0.049481,0.274172,0.564515,-0.058600,0.288210,0.505473,-0.066338,0.238927,0.498411,-0.023674,0.266829,0.424401,-0.041597,0.277846,0.373917,-0.056969,0.284930,0.326192,-0.068513,0.202162,0.468040,-0.018697,0.223219,0.379477,-0.033713,0.229819,0.321389,-0.048436,0.231967,0.269629,-0.059395,0.164377,0.461092,-0.018268,0.170523,0.379148,-0.034152,0.172749,0.325909,-0.046344,0.173992,0.276293,-0.054794,0.124091,0.471707,-0.021520,0.128953,0.408485,-0.036996,0.130281,0.368686,-0.044713,0.131209,0.330017,-0.049356
1161,0,0.020206,0.050537,0.038922,0.335681,0.131673,0.131568,0.675980,0.000000,0.191884,0.669936,-0.036633,0.248575,0.629150,-0.049611,0.274365,0.565198,-0.058864,0.287934,0.505559,-0.066734,0.239354,0.498673,-0.023361,0.266790,0.424291,-0.041238,0.277521,0.373435,-0.056603,0.284463,0.325714,-0.068158,0.202415,0.468314,-0.018421,0.223051,0.379727,-0.033304,0.229720,0.321546,-0.047978,0.231898,0.269714,-0.058905,0.164623,0.461547,-0.018097,0.170314,0.379501,-0.033890,0.172491,0.325592,-0.046053,0.173914,0.275457,-0.054551,0.124330,0.472183,-0.021456,0.128797,0.408946,-0.036968,0.130188,0.368880,-0.044755,0.131476,0.329935,-0.049486
1195,0,0.027651,0.025360,0.039639,0.340716,0.142004,0.131553,0.676129,0.000000,0.191596,0.670137,-0.036689,0.248890,0.628928,-0.049769,0.274505,0.565048,-0.059104,0.287755,0.506086,-0.067140,0.239787,0.498700,-0.023817,0.266819,0.424862,-0.041963,0.277479,0.374142,-0.057597,0.284425,0.326433,-0.069359,0.202622,0.468475,-0.018983,0.222947,0.380016,-0.034177,0.229291,0.321782,-0.049100,0.231657,0.269843,-0.060276,0.164736,0.461847,-0.018731,0.170389,0.379827,-0.034763,0.172367,0.326463,-0.047090,0.173519,0.276725,-0.055629,0.124445,0.472642,-0.022185,0.129038,0.409277,-0.037798,0.130149,0.369368,-0.045625,0.130977,0.330267,-0.050397
1225,0,0.018139,0.025067,0.045902,0.339282,0.123408,0.130885,0.675869,0.000000,0.191487,0.669574,-0.036687,0.248546,0.628346,-0.049655,0.274455,0.564705,-0.058899,0.288357,0.505784,-0.066847,0.239116,0.498678,-0.023781,0.266921,0.424592,-0.041853,0.277806,0.373839,-0.057435,0.284854,0.326010,-0.069065,0.202427,0.468468,-0.018866,0.223067,0.379855,-0.033988,0.229560,0.321825,-0.048818,0.231666,0.269973,-0.059862,0.164507,0.461535,-0.018511,0.170607,0.379804,-0.034470,0.172696,0.326316,-0.046684,0.173843,0.276773,-0.055176,0.124166,0.472011,-0.021857,0.129056,0.408447,-0.037335,0.130451,0.368716,-0.045011,0.131384,0.329879,-0.049696
1256,0,0.026058,0.022883,0.050605,0.336092,0.112486,0.130816,0.675588,0.000000,0.191140,0.670035,-0.036682,0.248553,0.628287,-0.049454,0.274522,0.564021,-0.058457,0.288779,0.505234,-0.066036,0.238900,0.497994,-0.023471,0.266556,0.423924,-0.041330,0.277600,0.373389,-0.056740,0.284528,0.325699,-0.068255,0.202167,0.467807,-0.018414,0.222981,0.379564,-0.033290,0.229670,0.321651,-0.047904,0.232106,0.269906,-0.058834,0.164405,0.461069,-0.017933,0.170525,0.379198,-0.033625,0.173012,0.326052,-0.045643,0.174299,0.276300,-0.054018,0.124191,0.471751,-0.021178,0.129135,0.408299,-0.036452,0.130419,0.368617,-0.044010,0.131477,0.329782,-0.048574
1291,0,0.016325,0.012616,0.051937,0.342774,0.110961,0.130782,0.675330,0.000000,0.191090,0.668865,-0.036580,0.248349,0.627331,-0.049541,0.274195,0.563173,-0.058712,0.288933,0.504498,-0.066501,0.239229,0.497665,-0.023284,0.267051,0.423690,-0.041291,0.277893,0.373136,-0.056827,0.284678,0.325274,-0.068427,0.202340,0.467468,-0.018342,0.223063,0.379181,-0.033271,0.229485,0.321419,-0.047949,0.231524,0.269796,-0.058837,0.164505,0.460563,-0.017976,0.170668,0.379151,-0.033627,0.172827,0.325925,-0.045479,0.174006,0.276330,-0.053728,0.124057,0.471169,-0.021336,0.129177,0.407855,-0.036412,0.130597,0.368083,-0.043678,0.131679,0.329481,-0.047991
1322,0,0.031109,0.027714,0.028730,0.362856,0.102928,0.130623,0.673808,0.000000,0.191573,0.667801,-0.036389,0.248778,0.626645,-0.049105,0.274500,0.562175,-0.058155,0.288933,0.503660,-0.065823,0.238909,0.496767,-0.022981,0.266687,0.423115,-0.040893,0.277786,0.372783,-0.056396,0.284882,0.324976,-0.067918,0.202210,0.466820,-0.018037,0.223073,0.378753,-0.032890,0.229599,0.320808,-0.047471,0.231678,0.269162,-0.058323,0.164417,0.459699,-0.017660,0.170944,0.378243,-0.033288,0.173116,0.325075,-0.045083,0.174097,0.275702,-0.053253,0.124176,0.470009,-0.021002,0.129217,0.406194,-0.036033,0.130668,0.366403,-0.043281,0.131659,0.327706,-0.047555
1371,0,0.025956,0.022583,0.029585,0.370112,0.102910,0.130976,0.673400,0.000000,0.191409,0.668092,-0.037037,0.248609,0.626838,-0.050135,0.274141,0.562287,-0.059368,0.288409,0.503653,-0.067181,0.239133,0.496668,-0.023563,0.266724,0.422965,-0.041528,0.277596,0.372246,-0.057028,0.284423,0.324598,-0.068559,0.202506,0.466500,-0.018237,0.223275,0.378249,-0.032964,0.229722,0.320406,-0.047419,0.231729,0.268835,-0.058115,0.164886,0.459168,-0.017537,0.171409,0.377321,-0.032985,0.173517,0.324631,-0.044578,0.174582,0.275719,-0.052600,0.124926,0.469289,-0.020618,0.129779,0.405512,-0.035575,0.131026,0.365686,-0.042740,0.131816,0.327148,-0.046960
1402,0,0.025894,0.028735,0.046437,0.382358,0.112101,0.131401,0.673036,0.000000,0.191350,0.667424,-0.036348,0.248791,0.626323,-0.049174,0.274394,0.562407,-0.058282,0.287950,0.504113,-0.066094,0.239685,0.496779,-0.023501,0.267276,0.423076,-0.041487,0.278241,0.372514,-0.056987,0.285011,0.325027,-0.068518,0.202759,0.466620,-0.018613,0.223642,0.378047,-0.033486,0.230032,0.320365,-0.048004,0.231911,0.269156,-0.058783,0.164961,0.459373,-0.018247,0.171541,0.377365,-0.033841,0.173856,0.324509,-0.045581,0.174771,0.275602,-0.053644,0.124767,0.469740,-0.021579,0.129854,0.405717,-0.036640,0.131400,0.365882,-0.043910,0.132247,0.327183,-0.048171
1431,0,0.026194,0.021563,0.063668,0.375672,0.115054,0.131516,0.673661,0.000000,0.191425,0.667669,-0.036786,0.248485,0.626777,-0.049772,0.274864,0.563200,-0.058959,0.288592,0.504459,-0.066850,0.239943,0.497447,-0.023634,0.267600,0.424429,-0.041630,0.278509,0.374060,-0.057247,0.285368,0.326360,-0.068980,0.203214,0.466813,-0.018550,0.224169,0.378930,-0.033467,0.230408,0.320889,-0.048311,0.232344,0.269151,-0.059418,0.165616,0.459475,-0.018049,0.171735,0.378007,-0.033843,0.173608,0.325195,-0.045889,0.174232,0.276324,-0.054240,0.125195,0.469274,-0.021274,0.130232,0.405450,-0.036515,0.131484,0.365647,-0.044010,0.132333,0.326771,-0.048520
1467,0,0.029311,0.029292,0.045629,0.358839,0.095682,0.131358,0.673719,0.000000,0.191518,0.668375,-0.036722,0.248979,0.628203,-0.049728,0.275541,0.565146,-0.058997,0.289080,0.506278,-0.066930,0.240357,0.497757,-0.023674,0.267653,0.424320,-0.041565,0.278095,0.373747,-0.057076,0.284698,0.326069,-0.068726,0.203543,0.467387,-0.018580,0.224157,0.379475,-0.033465,0.230121,0.321535,-0.048225,0.231804,0.269812,-0.059289,0.165840,0.460311,-0.018037,0.171619,0.379188,-0.033716,0.173454,0.326623,-0.045594,0.174007,0.278078,-0.053861,0.125355,0.470206,-0.021231,0.130691,0.406547,-0.036346,0.132278,0.366739,-0.043715,0.133165,0.328066,-0.048141
1499,0,0.059072,0.071143,0.107696,0.349361,0.107890,0.130738,0.673086,0.000000,0.190944,0.667319,-0.035507,0.248199,0.627321,-0.048080,0.276226,0.565717,-0.057212,0.289860,0.507945,-0.065051,0.240077,0.498272,-0.023018,0.267054,0.424755,-0.040782,0.277211,0.375022,-0.056253,0.283578,0.327605,-0.067928,0.203816,0.468233,-0.018608,0.224044,0.380547,-0.033526,0.229565,0.323122,-0.048580,0.230881,0.271644,-0.059922,0.166243,0.461222,-0.018619,0.172124,0.380950,-0.034340,0.173622,0.328552,-0.046537,0.174007,0.280080,-0.055127,0.125967,0.471224,-0.022226,0.131358,0.408391,-0.037321,0.132935,0.368963,-0.044869,0.134169,0.330697,-0.049581
1528,0,0.110399,0.114874,0.150990,0.282582,0.140419,0.130969,0.673000,0.000000,0.190827,0.667346,-0.036104,0.247821,0.629482,-0.048706,0.275522,0.569043,-0.057550,0.288923,0.511335,-0.065108,0.239914,0.498221,-0.022422,0.265147,0.425930,-0.039737,0.272880,0.376857,-0.055225,0.277215,0.330208,-0.066935,0.203850,0.468290,-0.017367,0.223150,0.381897,-0.031599,0.227744,0.326450,-0.046339,0.228337,0.276287,-0.057550,0.166122,0.461518,-0.016837,0.171578,0.383080,-0.031972,0.171926,0.331970,-0.043889,0.171437,0.283960,-0.052402,0.125609,0.471265,-0.020004,0.131681,0.410963,-0.034422,0.133299,0.374177,-0.041523,0.134506,0.338108,-0.045966
1561,0,0.170436,0.221970,0.152235,0.223355,0.308604,0.133953,0.673132,0.000000,0.192026,0.667674,-0.036504,0.247459,0.629968,-0.049731,0.273418,0.571608,-0.059347,0.287232,0.515954,-0.067601,0.238591,0.498743,-0.023256,0.262265,0.428919,-0.041828,0.268357,0.381968,-0.058191,0.270718,0.337199,-0.070160,0.202423,0.469055,-0.018221,0.220171,0.383257,-0.033223,0.224312,0.329168,-0.047956,0.224273,0.280105,-0.058852,0.164572,0.463335,-0.017829,0.168045,0.386497,-0.033656,0.167736,0.336966,-0.045274,0.166857,0.289806,-0.053280,0.124447,0.474739,-0.021192,0.128374,0.416401,-0.035885,0.128613,0.382494,-0.042385,0.128149,0.349109,-0.046182
1592,0,0.275027,0.325677,0.326520,0.342393,0.623891,0.135830,0.672137,0.000000,0.192790,0.664490,-0.035822,0.246516,0.630784,-0.049365,0.269300,0.575314,-0.059751,0.281820,0.522176,-0.068997,0.237182,0.498546,-0.021567,0.259085,0.431451,-0.039569,0.265088,0.386853,-0.055719,0.267119,0.345469,-0.067612,0.200418,0.470358,-0.017432,0.215850,0.387461,-0.031953,0.219158,0.334432,-0.047043,0.218674,0.287019,-0.058570,0.162932,0.466388,-0.017982,0.165470,0.390143,-0.035293,0.163972,0.345264,-0.049120,0.161281,0.305106,-0.058610,0.122906,0.479407,-0.022035,0.122635,0.425530,-0.039508,0.121772,0.405507,-0.047613,0.119958,0.389298,-0.052175
1623,0,0.350499,0.365026,0.998619,0.602954,0.977539,0.136246,0.671788,0.000000,0.191073,0.665386,-0.036069,0.241277,0.635932,-0.050382,0.261090,0.584999,-0.061617,0.272493,0.534325,-0.072218,0.236153,0.501412,-0.022273,0.257155,0.436746,-0.039384,0.263435,0.392786,-0.055146,0.266916,0.352276,-0.067215,0.199372,0.474900,-0.018759,0.211766,0.394653,-0.032992,0.214316,0.343056,-0.048833,0.213617,0.298805,-0.061141,0.161326,0.473730,-0.019781,0.161720,0.399598,-0.038888,0.158923,0.357081,-0.055106,0.155907,0.321557,-0.066143,0.120917,0.489862,-0.024099,0.116724,0.438943,-0.045340,0.116992,0.430961,-0.055424,0.116884,0.429603,-0.060863
1658,0,0.311166,0.470059,2.159301,0.871526,1.417201,0.141244,0.668404,0.000000,0.189012,0.665906,-0.036846,0.234440,0.639082,-0.051835,0.252334,0.595405,-0.063418,0.258749,0.551458,-0.074732,0.236262,0.501336,-0.024378,0.254904,0.440700,-0.040714,0.261703,0.399668,-0.057069,0.266593,0.359939,-0.069729,0.198712,0.476103,-0.020569,0.208584,0.402079,-0.034172,0.208864,0.355524,-0.049911,0.206434,0.313926,-0.062071,0.159573,0.474869,-0.020934,0.159618,0.404951,-0.040444,0.155184,0.370249,-0.055106,0.151337,0.339479,-0.064842,0.118261,0.490835,-0.024609,0.116163,0.443334,-0.046525,0.114878,0.456211,-0.053259,0.113968,0.473254,-0.055914
1691,0,0.445522,0.534430,1.333189,1.202232,1.845711,0.140833,0.663581,0.000000,0.184810,0.666565,-0.030909,0.228620,0.644432,-0.044795,0.239619,0.610180,-0.055654,0.239275,0.577360,-0.067173,0.236227,0.504515,-0.022416,0.255731,0.445813,-0.036338,0.260187,0.412225,-0.051398,0.261041,0.375491,-0.062991,0.198408,0.479355,-0.020985,0.209226,0.410511,-0.032908,0.205411,0.370390,-0.048060,0.200041,0.331619,-0.059249,0.160832,0.477828,-0.022416,0.160070,0.413669,-0.041639,0.151233,0.387044,-0.054810,0.145355,0.361524,-0.063028,0.122612,0.494550,-0.026359,0.121375,0.453466,-0.047253,0.113655,0.489842,-0.048830,0.110550,0.527716,-0.047289
1738,0,0.484771,0.492301,1.671335,1.538598,2.183391,0.142373,0.664270,0.000000,0.187142,0.663564,-0.027057,0.231422,0.634842,-0.037153,0.222748,0.594290,-0.044598,0.197684,0.561289,-0.053096,0.236010,0.508587,-0.015548,0.256378,0.456172,-0.027707,0.260748,0.425237,-0.041122,0.260495,0.392705,-0.051411,0.198335,0.482044,-0.014925,0.208656,0.419450,-0.024301,0.204986,0.382345,-0.038699,0.197996,0.350593,-0.049515,0.161390,0.480882,-0.017181,0.159510,0.426125,-0.035766,0.149318,0.404279,-0.052043,0.140270,0.386844,-0.062578,0.124726,0.498156,-0.021298,0.119332,0.474336,-0.043510,0.111041,0.512481,-0.049128,0.106658,0.551404,-0.050568
1772,0,0.370875,0.444266,1.805033,1.816365,2.539894,0.141701,0.658971,0.000000,0.185078,0.661208,-0.025016,0.228183,0.632083,-0.035994,0.208455,0.590941,-0.044424,0.175975,0.558639,-0.054348,0.235686,0.512302,-0.017810,0.258460,0.463917,-0.032561,0.261192,0.435364,-0.046429,0.257744,0.412839,-0.055368,0.197859,0.484531,-0.018320,0.209672,0.424566,-0.028959,0.205571,0.388905,-0.042962,0.196891,0.367587,-0.052581,0.161083,0.483834,-0.021464,0.156976,0.433748,-0.042282,0.147274,0.415633,-0.060195,0.138433,0.407779,-0.071241,0.124199,0.501989,-0.025849,0.115356,0.493031,-0.050406,0.110483,0.537548,-0.057781,0.109484,0.583633,-0.059991
1800,0,0.301195,0.299940,3.070439,2.046479,2.742063,0.139498,0.657777,0.000000,0.183369,0.659461,-0.022615,0.222297,0.626568,-0.033447,0.194187,0.584886,-0.042178,0.156547,0.554081,-0.052222,0.232873,0.514396,-0.015739,0.254797,0.467033,-0.034268,0.257805,0.442354,-0.049925,0.251491,0.434433,-0.057737,0.195374,0.486591,-0.016674,0.209650,0.427746,-0.028868,0.207156,0.398548,-0.041423,0.196558,0.393436,-0.048448,0.157605,0.484565,-0.020810,0.155387,0.443944,-0.041719,0.148509,0.431540,-0.059181,0.139129,0.433757,-0.068864,0.118922,0.501334,-0.026046,0.113567,0.505959,-0.050154,0.111804,0.551568,-0.058327,0.110808,0.597635,-0.060461
1832,0,0.459485,0.495316,3.697910,2.304753,3.047906,0.141432,0.656935,0.000000,0.185779,0.660245,-0.027765,0.220661,0.623210,-0.041249,0.188873,0.582490,-0.051602,0.149186,0.551295,-0.062280,0.228677,0.520159,-0.024113,0.250278,0.472543,-0.049168,0.255194,0.453321,-0.066661,0.249210,0.456858,-0.073931,0.191219,0.490459,-0.022978,0.208329,0.430870,-0.041834,0.207646,0.409339,-0.053549,0.198123,0.414239,-0.056990,0.153652,0.486979,-0.025655,0.145679,0.449966,-0.051083,0.140614,0.453145,-0.063480,0.136949,0.465980,-0.067310,0.116552,0.503989,-0.030069,0.108198,0.523268,-0.057022,0.110305,0.572551,-0.063773,0.115023,0.615809,-0.063188
1867,0,0.854944,0.991855,3.546829,3.064084,3.966269,0.140545,0.647167,0.000000,0.186723,0.653039,-0.030763,0.223021,0.625554,-0.048751,0.191105,0.585879,-0.064037,0.149969,0.556371,-0.079197,0.224229,0.526837,-0.036929,0.246386,0.481106,-0.071633,0.251683,0.468328,-0.091591,0.248155,0.481791,-0.097884,0.185764,0.492641,-0.035499,0.203679,0.438251,-0.067565,0.203247,0.430085,-0.081421,0.197188,0.447433,-0.082438,0.148173,0.483591,-0.037692,0.134149,0.492569,-0.075129,0.124869,0.538670,-0.084091,0.123321,0.580092,-0.079451,0.113538,0.495114,-0.041505,0.101721,0.532031,-0.069535,0.105335,0.586586,-0.072014,0.116556,0.629787,-0.065849
1900,0,0.465257,0.576805,4.837072,3.367442,4.499121,0.142876,0.637412,0.000000,0.187264,0.647750,-0.032345,0.223452,0.631351,-0.052377,0.194937,0.596804,-0.070523,0.154652,0.569421,-0.088257,0.225987,0.528725,-0.037766,0.242206,0.477140,-0.077181,0.244348,0.482110,-0.098921,0.241866,0.512801,-0.104872,0.189535,0.492161,-0.035468,0.201776,0.441261,-0.074824,0.193812,0.450634,-0.090260,0.184251,0.485480,-0.088787,0.152027,0.478647,-0.037383,0.134722,0.514840,-0.079184,0.127307,0.579232,-0.088021,0.130065,0.633690,-0.079596,0.116272,0.483333,-0.041359,0.100270,0.527568,-0.068697,0.102434,0.581972,-0.070877,0.114540,0.623872,-0.062923
1928,0,0.406209,0.814503,2.331608,3.538690,5.007835,0.138265,0.612618,0.000000,0.182656,0.633196,-0.032670,0.222207,0.632866,-0.055038,0.201662,0.606281,-0.075723,0.165888,0.576363,-0.095440,0.228292,0.515174,-0.040706,0.250897,0.475694,-0.082737,0.252689,0.501115,-0.105437,0.248515,0.542728,-0.111513,0.190272,0.480963,-0.039104,0.197867,0.443306,-0.080859,0.196349,0.471410,-0.096545,0.194132,0.513536,-0.095109,0.150749,0.469580,-0.041728,0.135969,0.511110,-0.086161,0.131742,0.584272,-0.093341,0.135401,0.639539,-0.083234,0.115504,0.476581,-0.046091,0.100948,0.524558,-0.075557,0.104150,0.582650,-0.076275,0.116181,0.623792,-0.066499
1961,0,0.624804,0.635882,2.911639,3.503758,4.899637,0.136914,0.612881,0.000000,0.179048,0.629356,-0.023531,0.218794,0.631894,-0.041235,0.207500,0.615277,-0.058743,0.177669,0.595061,-0.075049,0.228677,0.500853,-0.027412,0.252341,0.481251,-0.063499,0.256518,0.522668,-0.084143,0.253020,0.565607,-0.090780,0.191258,0.469390,-0.030129,0.199262,0.466837,-0.065276,0.196706,0.517705,-0.079544,0.190090,0.562437,-0.079335,0.149518,0.464510,-0.036479,0.139471,0.510173,-0.072697,0.138284,0.579319,-0.079230,0.139675,0.626837,-0.072227,0.112518,0.481889,-0.044371,0.103867,0.540767,-0.069091,0.111472,0.596372,-0.070816,0.121859,0.632404,-0.063656
1992,0,0.522399,0.674570,2.084396,3.769543,5.357702,0.136081,0.599590,0.000000,0.176501,0.618738,-0.027475,0.214395,0.629031,-0.050158,0.213887,0.622309,-0.072281,0.191694,0.604257,-0.092569,0.234557,0.500741,-0.036880,0.255867,0.493679,-0.080488,0.260504,0.541729,-0.105210,0.258476,0.585656,-0.113162,0.196532,0.469774,-0.039224,0.202020,0.474797,-0.081558,0.201104,0.533338,-0.095729,0.198329,0.578709,-0.093945,0.153314,0.462535,-0.045673,0.144037,0.518476,-0.084973,0.141943,0.590904,-0.086503,0.142888,0.636399,-0.074626,0.114472,0.474863,-0.054338,0.106574,0.531391,-0.077633,0.111207,0.586299,-0.074626,0.118514,0.617573,-0.063564
2024,0,0.334526,0.425964,2.962059,3.947721,5.759291,0.143113,0.588689,0.000000,0.180558,0.604980,-0.026881,0.212585,0.615381,-0.050698,0.217070,0.620996,-0.074491,0.197497,0.618585,-0.097057,0.239013,0.486616,-0.036837,0.258570,0.505283,-0.081638,0.263292,0.560294,-0.110383,0.263848,0.609832,-0.121615,0.201068,0.461636,-0.040334,0.204710,0.489906,-0.081792,0.204099,0.551623,-0.096496,0.203101,0.600359,-0.096700,0.157418,0.458542,-0.047967,0.147960,0.525402,-0.085161,0.144239,0.596876,-0.086131,0.143518,0.643005,-0.074848,0.118671,0.473167,-0.058306,0.111990,0.530764,-0.078218,0.115058,0.582950,-0.073265,0.119990,0.613994,-0.061982
2058,0,0.436537,0.783157,1.510836,4.131114,6.130744,0.137277,0.571559,0.000000,0.176315,0.589899,-0.023905,0.205681,0.604970,-0.045877,0.215928,0.615429,-0.068171,0.211325,0.616101,-0.088831,0.240051,0.486517,-0.036687,0.264056,0.523147,-0.080507,0.271015,0.581998,-0.108202,0.273883,0.631996,-0.118903,0.201849,0.463770,-0.041468,0.205512,0.509451,-0.081251,0.206728,0.563804,-0.095024,0.208185,0.604801,-0.095618,0.157828,0.463570,-0.049865,0.149632,0.548196,-0.087146,0.146509,0.616496,-0.088088,0.146376,0.659909,-0.076940,0.119667,0.480152,-0.060740,0.116488,0.552883,-0.082192,0.121923,0.604381,-0.077684,0.128848,0.635224,-0.066140
2092,0,0.622367,0.643089,1.257625,4.573733,6.723012,0.146518,0.570861,0.000000,0.188392,0.585277,-0.026917,0.217098,0.600216,-0.051994,0.227359,0.615769,-0.076539,0.220612,0.624416,-0.100406,0.252349,0.485989,-0.047274,0.266923,0.545889,-0.093096,0.272282,0.605435,-0.122386,0.276004,0.655287,-0.135263,0.208727,0.466442,-0.052963,0.207787,0.527899,-0.097986,0.210213,0.585695,-0.113381,0.211297,0.631045,-0.115511,0.161022,0.468770,-0.061919,0.151204,0.562627,-0.105151,0.148465,0.632680,-0.107184,0.148578,0.678301,-0.096243,0.120570,0.488031,-0.073247,0.118842,0.560265,-0.099051,0.123298,0.610389,-0.094984,0.129217,0.640442,-0.083753
2138,0,0.542913,0.619279,0.779546,4.901570,7.015762,0.144133,0.568790,0.000000,0.190209,0.581291,-0.027771,0.220822,0.594487,-0.055543,0.236210,0.621910,-0.082989,0.239552,0.654059,-0.109585,0.253892,0.487360,-0.050593,0.271795,0.560675,-0.098937,0.277092,0.623864,-0.129283,0.281406,0.676572,-0.142781,0.209520,0.473277,-0.056792,0.215855,0.555576,-0.105486,0.216589,0.622456,-0.120284,0.215841,0.671949,-0.121284,0.161984,0.479904,-0.066491,0.156770,0.584064,-0.110685,0.154676,0.655853,-0.111185,0.154402,0.700891,-0.099037,0.122189,0.499327,-0.078889,0.124295,0.576562,-0.102086,0.130243,0.620423,-0.096637,0.136560,0.643402,-0.085239
2171,0,0.391262,0.338725,0.347429,5.099215,7.245897,0.148833,0.566728,0.000000,0.198856,0.577198,-0.026702,0.232140,0.589199,-0.054116,0.249671,0.619138,-0.081454,0.255527,0.653443,-0.107723,0.259487,0.491463,-0.050018,0.277014,0.572716,-0.097999,0.281143,0.639339,-0.128595,0.285525,0.694277,-0.142951,0.212316,0.479366,-0.056916,0.219287,0.576011,-0.106704,0.221314,0.647463,-0.121875,0.223495,0.698554,-0.123810,0.163598,0.487060,-0.067199,0.161919,0.602570,-0.111592,0.159780,0.673079,-0.110981,0.159151,0.715195,-0.098712,0.124082,0.506753,-0.080130,0.129513,0.591386,-0.102530,0.136650,0.632871,-0.096014,0.143402,0.652859,-0.084457
2201,0,0.305352,0.277987,0.776816,5.209997,7.397501,0.151461,0.565704,0.000000,0.201518,0.576832,-0.023528,0.234945,0.592095,-0.049948,0.253154,0.625696,-0.077169,0.257995,0.664723,-0.103512,0.262601,0.499514,-0.047262,0.280238,0.584457,-0.094989,0.284221,0.651446,-0.125412,0.287235,0.707669,-0.139772,0.215300,0.487255,-0.055940,0.222822,0.587877,-0.106404,0.224905,0.666295,-0.122107,0.227615,0.724150,-0.124069,0.166563,0.494457,-0.067665,0.164595,0.613182,-0.111260,0.162003,0.683977,-0.110226,0.161575,0.724335,-0.097623,0.127077,0.514564,-0.081818,0.131936,0.596760,-0.102065,0.137204,0.625975,-0.094472,0.141064,0.633119,-0.082644
2232,0,0.323013,0.281890,0.778230,5.412410,7.490664,0.151642,0.567653,0.000000,0.202578,0.580664,-0.022821,0.237051,0.598321,-0.048809,0.254212,0.636765,-0.075703,0.258743,0.677432,-0.102113,0.266512,0.505977,-0.046127,0.283725,0.596490,-0.091641,0.288369,0.660418,-0.120860,0.292510,0.716265,-0.135367,0.218986,0.490889,-0.055220,0.226732,0.598441,-0.105331,0.226918,0.681110,-0.121371,0.227873,0.744694,-0.123721,0.170458,0.496024,-0.067122,0.170655,0.619402,-0.110746,0.167291,0.691312,-0.110235,0.165877,0.735982,-0.098435,0.130585,0.515096,-0.081374,0.137984,0.607166,-0.103032,0.145430,0.647486,-0.096494,0.151295,0.667112,-0.085307
2266,0,0.657349,1.426548,2.852338,5.629291,8.307060,0.141677,0.521997,0.000001,0.204151,0.541591,-0.012594,0.246599,0.573342,-0.031813,0.256150,0.622234,-0.050206,0.251546,0.665686,-0.069334,0.256400,0.500270,-0.058823,0.279904,0.593940,-0.086625,0.292659,0.664642,-0.104650,0.297090,0.723724,-0.115499,0.210116,0.488649,-0.067864,0.222809,0.616333,-0.099791,0.228888,0.695866,-0.110922,0.231755,0.751766,-0.117873,0.164152,0.500414,-0.075832,0.171060,0.634285,-0.105272,0.173150,0.711684,-0.108945,0.170672,0.758656,-0.107475,0.127699,0.525215,-0.084421,0.146590,0.621383,-0.101260,0.153670,0.665603,-0.098886,0.155621,0.692911,-0.095609
2296,0,1.243327,1.320572,1.611792,6.725508,9.358227,0.142306,0.515790,0.000001,0.194258,0.535212,-0.029167,0.233626,0.569237,-0.064903,0.244340,0.624622,-0.098309,0.250859,0.675567,-0.133719,0.260869,0.513355,-0.089503,0.287685,0.609716,-0.135210,0.297045,0.678413,-0.165867,0.302969,0.734995,-0.185622,0.216287,0.495542,-0.097284,0.236220,0.632449,-0.146299,0.246949,0.719281,-0.164190,0.255175,0.780544,-0.174533,0.169580,0.503493,-0.105018,0.182089,0.642342,-0.145367,0.188136,0.712576,-0.144621,0.191350,0.753015,-0.139589,0.130223,0.523650,-0.115082,0.144797,0.635096,-0.139589,0.153645,0.687390,-0.133626,0.157949,0.714728,-0.126544
2327,0,0.806314,1.082354,0.968325,6.368589,9.308339,0.137186,0.499298,0.000001,0.196529,0.520266,-0.019944,0.243008,0.562860,-0.046293,0.254966,0.626625,-0.071118,0.253274,0.685007,-0.098223,0.261922,0.509189,-0.070964,0.287712,0.614508,-0.104628,0.299542,0.686465,-0.127787,0.304617,0.747770,-0.142749,0.216118,0.498039,-0.079624,0.234252,0.648401,-0.115285,0.242330,0.734973,-0.128914,0.248310,0.795445,-0.137317,0.169139,0.507091,-0.087565,0.179915,0.654420,-0.118667,0.188174,0.735659,-0.122458,0.194109,0.787088,-0.121229,0.130365,0.527184,-0.096840,0.145857,0.634550,-0.113543,0.151546,0.678960,-0.108419,0.153577,0.702864,-0.103193
2364,0,0.470054,0.489425,0.901067,6.189104,9.181463,0.140415,0.496946,0.000001,0.203577,0.513042,-0.011351,0.249663,0.558223,-0.029934,0.258512,0.624029,-0.046168,0.255846,0.672704,-0.063522,0.263948,0.512850,-0.067883,0.287530,0.616813,-0.095519,0.298618,0.687466,-0.112136,0.303934,0.745891,-0.122212,0.214839,0.507393,-0.076191,0.228953,0.637898,-0.107422,0.234003,0.722172,-0.118146,0.237466,0.784197,-0.125630,0.167142,0.520927,-0.082378,0.174128,0.659623,-0.109484,0.178729,0.739924,-0.114788,0.181425,0.793785,-0.116025,0.128953,0.543988,-0.088566,0.147013,0.640669,-0.101765,0.153186,0.673151,-0.099231,0.156780,0.692354,-0.097405
2394,0,0.198151,0.354466,0.616651,6.166476,9.331315,0.140795,0.486635,0.000001,0.203507,0.503172,-0.010704,0.250780,0.553852,-0.028337,0.256841,0.625948,-0.043270,0.249970,0.677972,-0.059186,0.263953,0.514286,-0.066569,0.288756,0.619798,-0.092349,0.300177,0.690840,-0.106994,0.305973,0.748607,-0.115345,0.214872,0.511241,-0.074073,0.229548,0.640160,-0.103000,0.234514,0.722578,-0.111896,0.237600,0.783613,-0.117706,0.167667,0.523940,-0.079217,0.173666,0.661917,-0.103484,0.176978,0.738876,-0.107478,0.178500,0.790727,-0.107599,0.128876,0.546274,-0.084240,0.146625,0.645218,-0.093862,0.152583,0.674859,-0.089081,0.155443,0.690709,-0.085450
2426,0,0.117509,0.205978,0.268936,6.254510,9.496096,0.138744,0.481756,0.000001,0.201404,0.497243,-0.009893,0.248299,0.550130,-0.027596,0.252978,0.625100,-0.042647,0.244696,0.678620,-0.058512,0.264291,0.514463,-0.066783,0.289174,0.622116,-0.092365,0.299871,0.692909,-0.106263,0.305191,0.750336,-0.114011,0.215839,0.512571,-0.074655,0.230087,0.642962,-0.103742,0.233871,0.726063,-0.111982,0.236331,0.787555,-0.117086,0.168930,0.525804,-0.080066,0.174397,0.666528,-0.104295,0.176798,0.743878,-0.107800,0.177741,0.796551,-0.107308,0.128968,0.548373,-0.085109,0.147482,0.650068,-0.094333,0.153926,0.682752,-0.089106,0.157453,0.702775,-0.085109
2468,0,0.176685,0.182435,0.344769,6.159594,9.442612,0.139982,0.480849,0.000001,0.202462,0.498107,-0.010842,0.249874,0.552951,-0.028907,0.252646,0.628455,-0.043820,0.243416,0.682191,-0.059352,0.262894,0.512718,-0.069244,0.287510,0.619051,-0.095482,0.298249,0.691186,-0.110019,0.303852,0.749297,-0.118161,0.213259,0.508183,-0.076482,0.229646,0.638452,-0.106520,0.233471,0.722831,-0.114904,0.235915,0.785702,-0.120092,0.165758,0.520180,-0.081247,0.173685,0.658783,-0.105314,0.176140,0.736188,-0.107606,0.177418,0.788346,-0.106581,0.125723,0.542405,-0.085771,0.147271,0.641207,-0.093793,0.154439,0.667464,-0.086977,0.157628,0.680536,-0.082212
2507,0,0.207708,0.183587,0.346349,6.098736,9.428422,0.140733,0.475589,0.000001,0.199675,0.489448,-0.012752,0.248397,0.544703,-0.031226,0.254750,0.616908,-0.045302,0.250097,0.667756,-0.059437,0.263191,0.507533,-0.073163,0.286727,0.616211,-0.097101,0.295368,0.689328,-0.108866,0.300680,0.747368,-0.115070,0.215345,0.505483,-0.077903,0.231839,0.630523,-0.106466,0.235340,0.714422,-0.114251,0.239196,0.778783,-0.119167,0.169070,0.518398,-0.079601,0.173997,0.655184,-0.102252,0.175801,0.735621,-0.105178,0.177180,0.793423,-0.105296,0.129199,0.540792,-0.080771,0.152128,0.641407,-0.087561,0.161399,0.666060,-0.081240,0.166324,0.680854,-0.077552
2551,0,0.077297,0.084392,0.124825,6.073551,9.378152,0.141104,0.476070,0.000001,0.199342,0.488496,-0.012225,0.247745,0.542256,-0.030279,0.254719,0.614011,-0.043950,0.250411,0.666218,-0.057621,0.263457,0.506086,-0.072646,0.288085,0.614098,-0.097398,0.296644,0.687916,-0.110005,0.301295,0.745895,-0.116567,0.215748,0.502869,-0.077596,0.232351,0.629403,-0.107011,0.235653,0.713281,-0.115013,0.239012,0.776454,-0.119733,0.169394,0.515387,-0.079611,0.174929,0.652255,-0.102464,0.177043,0.731717,-0.105169,0.178335,0.787929,-0.104939,0.129567,0.537806,-0.081108,0.151934,0.637756,-0.088361,0.160814,0.662422,-0.082029,0.165440,0.676681,-0.077999
2583,0,0.125713,0.077338,0.210005,6.045282,9.354818,0.142219,0.473697,0.000001,0.200345,0.484190,-0.012531,0.247476,0.538161,-0.030754,0.252406,0.610529,-0.044248,0.247265,0.661949,-0.057714,0.263386,0.503595,-0.073947,0.287258,0.609104,-0.097911,0.296831,0.681914,-0.109893,0.302981,0.739241,-0.116284,0.216265,0.501032,-0.078683,0.233470,0.624871,-0.107211,0.237542,0.708353,-0.115142,0.241770,0.771784,-0.120278,0.170037,0.513853,-0.080280,0.175492,0.649223,-0.103046,0.178145,0.729387,-0.106241,0.179839,0.786695,-0.106641,0.130118,0.536502,-0.081250,0.153845,0.634478,-0.088439,0.163428,0.654354,-0.081992,0.168084,0.664610,-0.078169
2616,0,0.114567,0.174274,0.289365,6.037817,9.439872,0.145887,0.468524,0.000001,0.204781,0.482461,-0.012311,0.250233,0.537618,-0.031316,0.254235,0.607252,-0.046063,0.248352,0.656273,-0.061013,0.264712,0.503507,-0.074372,0.287915,0.608998,-0.097794,0.295893,0.680785,-0.108840,0.302408,0.737563,-0.114681,0.217598,0.499591,-0.079461,0.234275,0.623722,-0.106353,0.237821,0.704618,-0.113583,0.242125,0.765659,-0.118556,0.170741,0.510661,-0.081312,0.174113,0.647643,-0.102421,0.177018,0.728715,-0.104445,0.179694,0.785084,-0.104503,0.130253,0.532622,-0.082584,0.153775,0.635441,-0.088599,0.164438,0.662787,-0.081370,0.170110,0.677792,-0.077322
2643,0,0.118705,0.153922,0.388127,6.039174,9.396205,0.147896,0.470342,0.000001,0.205698,0.480597,-0.013681,0.251360,0.537393,-0.032216,0.253814,0.607485,-0.046038,0.247495,0.656926,-0.059776,0.265064,0.502051,-0.075274,0.289192,0.608906,-0.098435,0.297028,0.681776,-0.109391,0.302455,0.739205,-0.115352,0.217152,0.497108,-0.079929,0.234079,0.619584,-0.106950,0.237905,0.701438,-0.114954,0.241077,0.763566,-0.120461,0.169915,0.508330,-0.081405,0.175752,0.643888,-0.103487,0.180510,0.724846,-0.107915,0.182692,0.781549,-0.109618,0.129231,0.532704,-0.082370,0.154304,0.633453,-0.090431,0.167657,0.654324,-0.085322,0.173780,0.662884,-0.082540
2670,0,0.188784,0.186974,0.278931,6.082702,9.507193,0.150835,0.467373,0.000001,0.208384,0.479857,-0.015153,0.251912,0.535989,-0.035429,0.251717,0.604614,-0.050597,0.242562,0.652979,-0.065736,0.263977,0.501445,-0.080079,0.289135,0.606541,-0.105121,0.297147,0.677223,-0.116561,0.302710,0.733799,-0.122594,0.216217,0.495965,-0.084404,0.235984,0.620959,-0.113203,0.240674,0.700690,-0.121797,0.244150,0.760948,-0.127602,0.168382,0.505788,-0.085372,0.173708,0.642443,-0.108479,0.178469,0.721471,-0.112121,0.180823,0.774942,-0.112861,0.128235,0.528458,-0.085827,0.155069,0.630367,-0.094193,0.170586,0.653103,-0.088445,0.177959,0.662196,-0.085030
2706,0,0.164783,0.170015,0.202260,6.021481,9.431228,0.149765,0.466900,0.000001,0.206740,0.479012,-0.014105,0.250102,0.537249,-0.033355,0.248452,0.607607,-0.047810,0.236924,0.656183,-0.062125,0.265524,0.499319,-0.075601,0.289394,0.606218,-0.098975,0.297137,0.678414,-0.109711,0.302568,0.735867,-0.115415,0.217605,0.493822,-0.080131,0.236176,0.619232,-0.107363,0.240086,0.698334,-0.115527,0.243378,0.758407,-0.120895,0.170369,0.504708,-0.081361,0.175518,0.641767,-0.102889,0.180162,0.722530,-0.106412,0.182707,0.778818,-0.107251,0.129669,0.528507,-0.082032,0.155295,0.631789,-0.088518,0.169301,0.654056,-0.081752,0.176400,0.662877,-0.077838
2733,0,0.069817,0.067920,0.160883,5.995941,9.400325,0.150745,0.466391,0.000001,0.208247,0.477867,-0.013786,0.253212,0.533183,-0.033052,0.254890,0.601377,-0.047585,0.246326,0.649179,-0.062008,0.266148,0.500066,-0.075738,0.289566,0.606018,-0.099102,0.297112,0.677851,-0.110175,0.303279,0.734297,-0.116043,0.218308,0.494243,-0.080223,0.236446,0.618086,-0.107849,0.239854,0.698182,-0.116043,0.243137,0.758980,-0.121248,0.170837,0.504719,-0.081275,0.175629,0.640915,-0.103254,0.180526,0.721316,-0.106853,0.183096,0.777272,-0.107683,0.129917,0.528364,-0.081662,0.155244,0.629139,-0.088638,0.168765,0.651179,-0.082050,0.175117,0.660758,-0.078174
2762,0,0.040281,0.060579,0.055121,5.982586,9.418455,0.152205,0.466023,0.000001,0.209808,0.479071,-0.014049,0.253974,0.535364,-0.033057,0.254612,0.603769,-0.047162,0.245519,0.651045,-0.061266,0.266223,0.499739,-0.076032,0.289294,0.605880,-0.099282,0.296814,0.677910,-0.110357,0.302810,0.734487,-0.116252,0.217835,0.493811,-0.080219,0.235486,0.617293,-0.107326,0.238964,0.697914,-0.115480,0.242271,0.759294,-0.121100,0.170214,0.504195,-0.080991,0.175402,0.639913,-0.102753,0.180643,0.720528,-0.106830,0.183483,0.776750,-0.108153,0.129454,0.527865,-0.081101,0.154368,0.628359,-0.087933,0.167624,0.649479,-0.081542,0.173492,0.658254,-0.077960
2794,0,0.103086,0.121006,0.122970,6.047002,9.461894,0.150391,0.466188,0.000001,0.207685,0.478452,-0.014449,0.251718,0.536266,-0.033984,0.251475,0.606359,-0.048629,0.241798,0.654694,-0.063162,0.266235,0.499087,-0.076968,0.290094,0.604828,-0.101003,0.297614,0.676734,-0.112405,0.303047,0.734291,-0.118610,0.218410,0.493103,-0.081495,0.236314,0.617720,-0.109946,0.239823,0.696945,-0.118945,0.242815,0.756962,-0.124870,0.170750,0.504008,-0.082725,0.175787,0.641291,-0.105419,0.180499,0.721756,-0.109946,0.182859,0.777205,-0.111288,0.130054,0.528255,-0.083396,0.155678,0.631143,-0.090998,0.170047,0.653159,-0.085296,0.177005,0.661826,-0.082054
2826,0,0.053767,0.071520,0.114098,6.014942,9.412863,0.150887,0.467323,0.000001,0.208244,0.479963,-0.013983,0.252076,0.535746,-0.033383,0.251385,0.604700,-0.048029,0.241674,0.651676,-0.062731,0.266753,0.500126,-0.076604,0.289791,0.604986,-0.100536,0.297591,0.676906,-0.112529,0.303724,0.733815,-0.119272,0.219102,0.492938,-0.081191,0.235442,0.615937,-0.109600,0.238852,0.696430,-0.118830,0.242135,0.757574,-0.125131,0.171664,0.503435,-0.082297,0.175729,0.639763,-0.105123,0.180453,0.720652,-0.109932,0.183032,0.776163,-0.111700,0.131287,0.527460,-0.082849,0.154924,0.627802,-0.090643,0.167766,0.648377,-0.085005,0.173769,0.656220,-0.081965
2874,0,0.102813,0.114991,0.191596,6.039724,9.485516,0.150133,0.465419,0.000001,0.206993,0.478218,-0.014421,0.248821,0.537511,-0.034476,0.244614,0.608554,-0.049714,0.231498,0.656265,-0.065008,0.264734,0.498919,-0.077627,0.289121,0.604345,-0.101230,0.297047,0.675299,-0.111990,0.302955,0.732162,-0.117736,0.217223,0.493187,-0.082302,0.236353,0.618264,-0.110412,0.240261,0.696925,-0.118750,0.243651,0.756357,-0.124158,0.169761,0.503465,-0.083598,0.174952,0.641358,-0.105793,0.179607,0.722462,-0.109286,0.182101,0.778233,-0.109962,0.129182,0.526624,-0.084387,0.155581,0.629567,-0.090978,0.169751,0.651492,-0.084105,0.176326,0.659799,-0.080274
2914,0,0.044844,0.060840,0.122529,6.036965,9.458739,0.149622,0.466229,0.000001,0.206990,0.477865,-0.014695,0.250100,0.537215,-0.034723,0.247240,0.608711,-0.049685,0.234763,0.657663,-0.064563,0.264032,0.498262,-0.078261,0.288771,0.603797,-0.102290,0.296802,0.675046,-0.113125,0.302568,0.732121,-0.118795,0.216633,0.492551,-0.082640,0.236144,0.617997,-0.111721,0.239842,0.696587,-0.120255,0.242761,0.755719,-0.125307,0.169495,0.503185,-0.083651,0.175407,0.639873,-0.106276,0.180563,0.721035,-0.109700,0.183304,0.777252,-0.110093,0.129005,0.526617,-0.084100,0.156288,0.628567,-0.090837,0.171252,0.650129,-0.083987,0.178662,0.658105,-0.079945
2950,0,0.119473,0.129267,0.341337,6.032029,9.395082,0.147627,0.468614,0.000001,0.205356,0.479194,-0.013555,0.250573,0.535896,-0.032627,0.252290,0.605863,-0.047191,0.244530,0.653927,-0.061811,0.265401,0.499634,-0.075641,0.289550,0.605012,-0.099745,0.297103,0.677084,-0.111599,0.302491,0.734222,-0.118090,0.217871,0.493915,-0.080721,0.235624,0.618117,-0.108551,0.239111,0.699350,-0.117074,0.242046,0.760661,-0.122945,0.170536,0.504788,-0.082641,0.176592,0.641160,-0.105107,0.181340,0.722131,-0.109454,0.183788,0.777898,-0.110865,0.129956,0.528649,-0.083995,0.154920,0.630497,-0.092180,0.167889,0.652966,-0.086761,0.173904,0.662402,-0.083657
2988,0,0.082682,0.112018,0.216065,6.057672,9.456358,0.149084,0.467516,0.000001,0.206034,0.481982,-0.012831,0.250315,0.538667,-0.031784,0.250384,0.609263,-0.046683,0.241963,0.657434,-0.061835,0.267519,0.501371,-0.074302,0.289797,0.607834,-0.098678,0.297172,0.681059,-0.111146,0.301489,0.738552,-0.117855,0.219404,0.495265,-0.079725,0.235769,0.617372,-0.107623,0.239870,0.700276,-0.116289,0.242734,0.764476,-0.122104,0.171511,0.505564,-0.082017,0.177651,0.641003,-0.104045,0.181159,0.721402,-0.107959,0.182490,0.778018,-0.109021,0.130385,0.528689,-0.083862,0.154398,0.632246,-0.091186,0.167321,0.656519,-0.085596,0.173483,0.668396,-0.082297
3023,0,0.088378,0.187394,0.279953,6.028630,9.338374,0.144257,0.472242,0.000001,0.201948,0.483567,-0.012922,0.249499,0.536151,-0.031829,0.253795,0.606561,-0.046512,0.247435,0.658105,-0.061281,0.265500,0.501195,-0.074352,0.289195,0.608465,-0.099758,0.297185,0.681074,-0.112773,0.301740,0.738125,-0.119620,0.218132,0.494936,-0.079501,0.234959,0.620320,-0.109434,0.238158,0.703741,-0.117583,0.241465,0.767606,-0.122223,0.171110,0.505668,-0.081651,0.177772,0.640209,-0.104851,0.179622,0.720413,-0.107567,0.180302,0.778172,-0.107114,0.131135,0.528289,-0.083406,0.154207,0.630116,-0.090705,0.164619,0.657235,-0.084141,0.169988,0.673129,-0.079897
3057,0,0.087512,0.087681,0.185951,6.024729,9.385140,0.143352,0.471003,0.000001,0.201235,0.484114,-0.012308,0.247240,0.537363,-0.031375,0.248158,0.609730,-0.046265,0.239302,0.661352,-0.061407,0.264715,0.502013,-0.073946,0.288466,0.607650,-0.099024,0.296870,0.680329,-0.112682,0.302252,0.737464,-0.120239,0.217644,0.495366,-0.079376,0.233104,0.621498,-0.109491,0.236375,0.704737,-0.119008,0.239882,0.767577,-0.124717,0.170400,0.505915,-0.081615,0.176343,0.643418,-0.104453,0.178702,0.724115,-0.108036,0.179937,0.780199,-0.108316,0.130409,0.528788,-0.083406,0.153379,0.629269,-0.089955,0.163206,0.651405,-0.083182,0.168352,0.662908,-0.078984
3090,0,0.084442,0.084359,0.210085,6.053309,9.408590,0.144452,0.471257,0.000001,0.202862,0.484225,-0.012782,0.249353,0.538998,-0.031638,0.252870,0.610475,-0.046242,0.246674,0.661490,-0.060989,0.265171,0.503302,-0.074593,0.289078,0.610811,-0.100028,0.296733,0.684074,-0.113175,0.300888,0.741671,-0.120148,0.216967,0.496523,-0.079908,0.233491,0.622004,-0.109745,0.237432,0.705645,-0.118205,0.241562,0.769140,-0.123464,0.169620,0.506750,-0.082138,0.176096,0.642228,-0.105401,0.178555,0.722470,-0.108316,0.180060,0.778867,-0.108088,0.129437,0.528708,-0.083967,0.152502,0.631340,-0.091512,0.163323,0.658012,-0.085053,0.169205,0.672698,-0.080823
3124,0,0.067368,0.067250,0.147367,6.012518,9.397491,0.143584,0.469792,0.000001,0.200945,0.483494,-0.013088,0.247677,0.539288,-0.031656,0.251047,0.610931,-0.046225,0.245235,0.661044,-0.060965,0.264700,0.503634,-0.072872,0.287839,0.609336,-0.097659,0.295739,0.681491,-0.110482,0.300763,0.738627,-0.117237,0.217577,0.497328,-0.078253,0.234027,0.620614,-0.106761,0.237729,0.703798,-0.115290,0.241543,0.767380,-0.120786,0.170460,0.507297,-0.080829,0.176390,0.641510,-0.103670,0.178371,0.721880,-0.107448,0.179201,0.779060,-0.108077,0.129785,0.529022,-0.083062,0.153138,0.630473,-0.091076,0.163504,0.656239,-0.085523,0.168841,0.669960,-0.082089
3158,0,0.099956,0.108349,0.154461,6.047175,9.403270,0.142781,0.471560,0.000001,0.200736,0.484117,-0.013476,0.248552,0.538116,-0.032590,0.254194,0.609857,-0.047433,0.250126,0.661400,-0.062420,0.263453,0.503387,-0.075479,0.288355,0.610181,-0.101425,0.296321,0.682553,-0.115002,0.301186,0.739591,-0.122193,0.216012,0.495969,-0.080599,0.232640,0.622185,-0.110457,0.236842,0.705257,-0.119201,0.241086,0.768599,-0.124609,0.168742,0.506042,-0.082900,0.175990,0.641104,-0.106430,0.178475,0.721746,-0.109997,0.179452,0.778097,-0.110457,0.129260,0.528646,-0.084856,0.151903,0.631048,-0.093370,0.162437,0.658504,-0.088135,0.167674,0.674044,-0.084741
3192,0,0.228337,0.244621,0.287575,5.982081,9.302320,0.139723,0.474669,0.000001,0.201685,0.487675,-0.011014,0.250724,0.537246,-0.028886,0.259876,0.607653,-0.043640,0.256996,0.660946,-0.059253,0.262351,0.501621,-0.069089,0.288548,0.606265,-0.095813,0.298151,0.678430,-0.111337,0.303426,0.736639,-0.120581,0.214826,0.497976,-0.076674,0.229898,0.626582,-0.107960,0.233556,0.711566,-0.118329,0.236435,0.772788,-0.125025,0.168239,0.509327,-0.081770,0.173897,0.643855,-0.108019,0.175856,0.721319,-0.113470,0.176642,0.771440,-0.114655,0.129689,0.530819,-0.086510,0.149219,0.620456,-0.098657,0.155888,0.645742,-0.095694,0.159565,0.657728,-0.093502
3225,0,0.101501,0.113328,0.214254,5.949577,9.285843,0.139089,0.472573,0.000001,0.201033,0.484769,-0.010190,0.249435,0.533475,-0.027469,0.259118,0.603774,-0.041853,0.255565,0.657705,-0.057271,0.261952,0.501557,-0.066397,0.288046,0.605941,-0.092921,0.298311,0.677232,-0.108693,0.303947,0.734855,-0.117967,0.215435,0.499729,-0.074136,0.230062,0.627925,-0.104794,0.234232,0.712428,-0.115014,0.237435,0.773614,-0.121453,0.169629,0.511339,-0.079511,0.173932,0.645094,-0.105149,0.176285,0.721635,-0.110524,0.177621,0.771710,-0.111588,0.131148,0.532236,-0.084473,0.147958,0.619582,-0.096111,0.153903,0.644426,-0.092921,0.157629,0.656988,-0.090440
3252,0,0.126972,0.126142,0.296470,5.981215,9.252998,0.137716,0.477449,0.000001,0.199625,0.488030,-0.010803,0.249302,0.537120,-0.028181,0.258095,0.609168,-0.042287,0.255207,0.662982,-0.057200,0.261701,0.501871,-0.068556,0.288897,0.605347,-0.093958,0.298936,0.676960,-0.108542,0.304550,0.734032,-0.116969,0.214452,0.498468,-0.075429,0.229573,0.626408,-0.105374,0.233344,0.710162,-0.115356,0.236276,0.769624,-0.121631,0.168167,0.511685,-0.079613,0.173437,0.649273,-0.104478,0.175740,0.727117,-0.109797,0.176613,0.776176,-0.110813,0.129774,0.535104,-0.083319,0.149883,0.627901,-0.094018,0.157375,0.655910,-0.090551,0.161634,0.669853,-0.087862
3279,0,0.157443,0.169037,0.254368,5.939709,9.275180,0.137465,0.472030,0.000001,0.200065,0.484703,-0.009003,0.248298,0.534665,-0.025506,0.256481,0.605716,-0.039621,0.251196,0.659884,-0.054948,0.263089,0.500894,-0.062612,0.289249,0.604603,-0.088651,0.299616,0.676239,-0.104452,0.304953,0.734141,-0.113921,0.216946,0.498933,-0.071311,0.230510,0.627121,-0.101256,0.234467,0.711610,-0.111672,0.237566,0.773199,-0.118181,0.170549,0.510538,-0.077762,0.174717,0.644753,-0.103091,0.177962,0.722509,-0.108594,0.180111,0.774428,-0.109600,0.130797,0.531596,-0.083857,0.148173,0.618393,-0.095397,0.153962,0.646285,-0.092083,0.158241,0.662243,-0.089361
3306,0,0.137578,0.130812,0.130102,5.997546,9.321030,0.138586,0.473929,0.000001,0.201301,0.486320,-0.010780,0.250153,0.535664,-0.028601,0.259034,0.606771,-0.043422,0.255526,0.661085,-0.059135,0.263192,0.502553,-0.067928,0.289423,0.607636,-0.093976,0.299153,0.678531,-0.108903,0.304332,0.735487,-0.117606,0.216254,0.499131,-0.075422,0.230658,0.627460,-0.106002,0.233571,0.710909,-0.115974,0.235946,0.771087,-0.122259,0.169869,0.510939,-0.080317,0.173792,0.647339,-0.105760,0.175870,0.724837,-0.110837,0.176959,0.774601,-0.111683,0.130947,0.532969,-0.084911,0.149704,0.625546,-0.096030,0.156922,0.653778,-0.092525,0.161434,0.668373,-0.089806
3338,0,0.056250,0.094372,0.145742,5.982262,9.270708,0.137009,0.475358,0.000001,0.199379,0.485436,-0.010845,0.248418,0.534331,-0.028584,0.257846,0.605989,-0.043320,0.254364,0.660191,-0.059001,0.262925,0.501808,-0.067773,0.289687,0.606947,-0.094030,0.299377,0.678305,-0.109591,0.304341,0.735789,-0.118844,0.216601,0.498511,-0.075224,0.230583,0.626037,-0.105746,0.233511,0.709647,-0.116260,0.235193,0.770166,-0.123049,0.170355,0.510549,-0.080210,0.174334,0.645792,-0.105505,0.176920,0.723418,-0.111514,0.178069,0.773623,-0.113256,0.131784,0.532636,-0.084837,0.149755,0.623052,-0.096553,0.155968,0.649592,-0.094090,0.159667,0.662417,-0.092107
3367,0,0.079082,0.090893,0.179353,6.046978,9.335141,0.137868,0.474601,0.000001,0.200492,0.485380,-0.010824,0.249031,0.535166,-0.028828,0.258635,0.606540,-0.043835,0.255746,0.660188,-0.059909,0.263680,0.502567,-0.068682,0.288666,0.607726,-0.095903,0.299017,0.678559,-0.112067,0.304582,0.735999,-0.121621,0.217051,0.499988,-0.076494,0.230797,0.628715,-0.107921,0.235253,0.713555,-0.118737,0.238706,0.775569,-0.125587,0.170798,0.512085,-0.081782,0.174777,0.647290,-0.108401,0.177344,0.724876,-0.114350,0.178871,0.775656,-0.115672,0.132141,0.533768,-0.086709,0.149524,0.623651,-0.098907,0.155835,0.649863,-0.096203,0.160087,0.662944,-0.093920
3400,0,0.072759,0.118347,0.203368,6.035641,9.363960,0.139740,0.472853,0.000001,0.201725,0.484829,-0.011307,0.250387,0.534892,-0.029372,0.260045,0.606732,-0.044238,0.257439,0.661345,-0.060063,0.263271,0.503276,-0.068934,0.289416,0.609008,-0.095129,0.299591,0.680508,-0.110295,0.305052,0.738210,-0.119226,0.216522,0.500862,-0.076008,0.230924,0.628816,-0.106758,0.234482,0.712876,-0.116829,0.237191,0.773548,-0.123243,0.170239,0.513076,-0.080623,0.174636,0.649033,-0.106339,0.177009,0.726293,-0.111913,0.178229,0.776340,-0.113112,0.131512,0.534955,-0.084819,0.149638,0.625547,-0.096568,0.156293,0.652124,-0.093631,0.160243,0.665773,-0.091353
3434,0,0.096267,0.173049,0.237199,5.997439,9.259681,0.136445,0.477998,0.000001,0.198394,0.489081,-0.010825,0.248515,0.538574,-0.028201,0.258048,0.610051,-0.042302,0.255933,0.662842,-0.057187,0.262600,0.503521,-0.067997,0.289298,0.609166,-0.093480,0.298999,0.680576,-0.108094,0.304421,0.737281,-0.116549,0.215576,0.500471,-0.075002,0.230771,0.627402,-0.104833,0.234115,0.710757,-0.114858,0.236583,0.770829,-0.121380,0.169151,0.513174,-0.079410,0.174144,0.649657,-0.104531,0.176022,0.727554,-0.110087,0.176736,0.777736,-0.111476,0.130503,0.535956,-0.083396,0.150676,0.627859,-0.094507,0.157475,0.654389,-0.091427,0.161301,0.667559,-0.089072
3473,0,0.139316,0.136830,0.208397,6.064716,9.332392,0.137347,0.475931,0.000001,0.200113,0.485486,-0.010492,0.248719,0.534683,-0.028638,0.258977,0.605694,-0.043918,0.255815,0.659560,-0.060548,0.263323,0.503771,-0.068503,0.288776,0.608888,-0.095821,0.298918,0.679728,-0.112151,0.304050,0.737149,-0.121817,0.216820,0.500953,-0.076729,0.231115,0.630209,-0.108369,0.235132,0.714982,-0.119115,0.237888,0.775837,-0.125840,0.170458,0.512704,-0.082552,0.174689,0.647584,-0.109329,0.177447,0.726394,-0.115213,0.179270,0.777960,-0.116474,0.131505,0.533525,-0.088016,0.148965,0.623173,-0.100263,0.155026,0.652124,-0.097262,0.159081,0.667469,-0.094920
3508,0,0.081329,0.079020,0.129385,6.017329,9.301680,0.137416,0.476180,0.000001,0.200082,0.487225,-0.010931,0.249080,0.536215,-0.028814,0.259048,0.606838,-0.043845,0.256135,0.660474,-0.059881,0.263432,0.504224,-0.067269,0.288358,0.609574,-0.093876,0.298508,0.680529,-0.109672,0.303925,0.738495,-0.119042,0.217013,0.501425,-0.074897,0.229593,0.628871,-0.105948,0.233286,0.712762,-0.116699,0.236277,0.774101,-0.123606,0.170760,0.513022,-0.080122,0.174273,0.646888,-0.106429,0.176380,0.724367,-0.112375,0.177609,0.775249,-0.113696,0.131990,0.534351,-0.085047,0.149929,0.624573,-0.097239,0.156466,0.653211,-0.094597,0.160571,0.669291,-0.092314
3543,0,0.049618,0.053611,0.062204,6.044329,9.330310,0.137890,0.476389,0.000001,0.200927,0.487028,-0.011278,0.249371,0.536116,-0.029451,0.258553,0.607164,-0.044693,0.254985,0.661269,-0.060970,0.263027,0.504219,-0.068823,0.288715,0.609872,-0.095681,0.298473,0.681261,-0.111628,0.303455,0.739258,-0.121100,0.216072,0.500995,-0.076437,0.229226,0.629144,-0.107791,0.233109,0.713514,-0.118642,0.236175,0.775058,-0.125656,0.169399,0.512982,-0.081593,0.173865,0.646201,-0.108031,0.176313,0.723955,-0.113966,0.177403,0.774711,-0.115285,0.130767,0.534772,-0.086449,0.149620,0.624697,-0.098738,0.156995,0.653874,-0.095981,0.161079,0.669931,-0.093643
3577,0,0.038224,0.038249,0.095586,6.019476,9.298459,0.137999,0.476441,0.000001,0.200302,0.487664,-0.010959,0.249111,0.536257,-0.029036,0.259157,0.606288,-0.044257,0.255969,0.659854,-0.060528,0.262666,0.503944,-0.067720,0.287877,0.609692,-0.094628,0.298021,0.680951,-0.110808,0.303585,0.738622,-0.120397,0.215814,0.501246,-0.075570,0.229990,0.628427,-0.106553,0.233784,0.713016,-0.117281,0.236587,0.774720,-0.124173,0.169454,0.513168,-0.080964,0.174727,0.645995,-0.107033,0.176820,0.723341,-0.112846,0.177844,0.773799,-0.114164,0.130877,0.534674,-0.086058,0.149844,0.624771,-0.098044,0.156850,0.652755,-0.095287,0.160958,0.666702,-0.093010
3611,0,0.036497,0.039733,0.065534,6.027039,9.307924,0.137357,0.476293,0.000001,0.199197,0.487269,-0.011038,0.248515,0.535611,-0.029186,0.259109,0.606344,-0.044330,0.257041,0.660715,-0.060459,0.261618,0.503601,-0.068567,0.287814,0.608650,-0.095458,0.297998,0.680419,-0.111437,0.303834,0.738205,-0.120858,0.214966,0.500545,-0.076020,0.229472,0.629283,-0.107263,0.233705,0.713651,-0.117697,0.237087,0.774233,-0.124375,0.168795,0.512963,-0.081029,0.174494,0.647980,-0.107144,0.177043,0.725139,-0.112570,0.178383,0.774952,-0.113643,0.130449,0.534963,-0.085679,0.150046,0.626392,-0.097545,0.157119,0.654560,-0.094504,0.161274,0.669002,-0.092000
3645,0,0.049489,0.096070,0.139596,6.059275,9.374730,0.138958,0.474846,0.000001,0.201435,0.485965,-0.011002,0.249890,0.535832,-0.028975,0.258968,0.607486,-0.043947,0.255191,0.661555,-0.059890,0.262018,0.504451,-0.069145,0.288272,0.609904,-0.095835,0.298271,0.681892,-0.111599,0.303431,0.739721,-0.120854,0.215175,0.501627,-0.076728,0.229067,0.629402,-0.107837,0.233314,0.714091,-0.118406,0.236474,0.775421,-0.125153,0.168666,0.513707,-0.081744,0.173432,0.648871,-0.107897,0.176306,0.726200,-0.113928,0.177545,0.776540,-0.115361,0.130278,0.535984,-0.086461,0.149010,0.626837,-0.098582,0.156243,0.654532,-0.096014,0.160430,0.668981,-0.093805
3680,0,0.091924,0.073993,0.095471,6.045038,9.346916,0.138471,0.476654,0.000001,0.200230,0.489180,-0.010888,0.248910,0.539795,-0.028514,0.257122,0.612067,-0.042981,0.253603,0.665609,-0.058289,0.261943,0.506368,-0.068314,0.288686,0.611718,-0.094006,0.298288,0.682941,-0.108654,0.303444,0.739819,-0.117238,0.214978,0.502965,-0.075697,0.230638,0.629955,-0.106072,0.233994,0.713120,-0.116157,0.236428,0.773187,-0.122581,0.168576,0.514895,-0.080440,0.173178,0.651369,-0.105952,0.175522,0.728780,-0.111655,0.176575,0.778937,-0.112976,0.129700,0.537054,-0.084822,0.149202,0.628680,-0.096468,0.156638,0.656253,-0.093646,0.161036,0.670579,-0.091365
3712,0,0.055961,0.077662,0.075614,6.070927,9.388155,0.137542,0.475038,0.000001,0.199619,0.486991,-0.010792,0.248444,0.537951,-0.028798,0.256583,0.611099,-0.043708,0.252471,0.666030,-0.059523,0.263264,0.506394,-0.068741,0.289907,0.611743,-0.094887,0.298971,0.682978,-0.110129,0.303390,0.740459,-0.119227,0.216626,0.502791,-0.076332,0.231260,0.630620,-0.107177,0.234116,0.714018,-0.117720,0.236023,0.773996,-0.124347,0.170152,0.514797,-0.081332,0.173776,0.651964,-0.106876,0.175743,0.729385,-0.112841,0.176432,0.778967,-0.114407,0.131081,0.536951,-0.085971,0.149061,0.628307,-0.097659,0.155356,0.654367,-0.094947,0.159112,0.667368,-0.092839
3746,0,0.046226,0.054659,0.125639,6.085875,9.417880,0.137592,0.474450,0.000001,0.200341,0.487155,-0.010308,0.248847,0.538171,-0.028110,0.257498,0.609624,-0.042915,0.253756,0.663038,-0.058606,0.263830,0.507921,-0.068272,0.289393,0.613664,-0.094210,0.298550,0.684229,-0.109260,0.303386,0.740393,-0.118069,0.217150,0.504644,-0.076102,0.231425,0.631486,-0.106813,0.234066,0.715114,-0.117335,0.235770,0.775203,-0.124125,0.170630,0.516554,-0.081302,0.173616,0.652233,-0.106996,0.175451,0.730361,-0.113114,0.176106,0.781037,-0.114704,0.131365,0.538452,-0.085952,0.149935,0.629406,-0.097636,0.156365,0.656232,-0.094761,0.159721,0.670383,-0.092497
3780,0,0.089437,0.086299,0.156143,6.108089,9.407658,0.137164,0.476750,0.000001,0.199637,0.489506,-0.010252,0.247787,0.540803,-0.028149,0.254070,0.614054,-0.043008,0.248795,0.668724,-0.058667,0.262941,0.508269,-0.068234,0.289497,0.613745,-0.094199,0.298373,0.684381,-0.108843,0.303324,0.740800,-0.117334,0.216747,0.505634,-0.075864,0.230871,0.631023,-0.106074,0.233935,0.713374,-0.115980,0.237022,0.773682,-0.122440,0.170776,0.517565,-0.080848,0.173751,0.653217,-0.105951,0.175219,0.731027,-0.111181,0.176177,0.782983,-0.112288,0.132180,0.539675,-0.085401,0.151463,0.632398,-0.096230,0.157960,0.663013,-0.092661,0.161992,0.682377,-0.090077
3813,0,0.049800,0.049690,0.101189,6.109153,9.390853,0.136615,0.477889,0.000001,0.199343,0.489695,-0.010543,0.247960,0.540596,-0.028380,0.255780,0.613264,-0.043060,0.251505,0.667590,-0.058568,0.263549,0.509353,-0.068405,0.289419,0.615515,-0.094517,0.298365,0.686181,-0.109657,0.303145,0.742838,-0.118484,0.216858,0.505875,-0.075945,0.231139,0.633014,-0.106470,0.233936,0.715939,-0.116829,0.236249,0.775964,-0.123510,0.170297,0.517903,-0.080848,0.173613,0.654376,-0.106102,0.175323,0.732207,-0.111680,0.176208,0.783717,-0.112967,0.131338,0.540147,-0.085384,0.150244,0.631977,-0.096050,0.156904,0.660134,-0.092433,0.160814,0.677048,-0.089797
3845,0,0.074216,0.089215,0.100295,6.136828,9.383533,0.136980,0.479559,0.000001,0.200292,0.490487,-0.010215,0.249411,0.539753,-0.028344,0.258765,0.610241,-0.043466,0.254893,0.664283,-0.059632,0.263044,0.510342,-0.069509,0.288964,0.615810,-0.096074,0.298158,0.686098,-0.111227,0.303258,0.741926,-0.120123,0.216122,0.506739,-0.077485,0.231112,0.632721,-0.108773,0.233726,0.715966,-0.118957,0.235627,0.776259,-0.125522,0.169639,0.518604,-0.082761,0.173775,0.654207,-0.108773,0.175874,0.732877,-0.114233,0.176766,0.784849,-0.115399,0.130598,0.540251,-0.087546,0.149821,0.632136,-0.099080,0.156694,0.661902,-0.095828,0.160428,0.680044,-0.093374
3879,0,0.048055,0.048141,0.081529,6.108195,9.359914,0.136880,0.479645,0.000001,0.199679,0.490569,-0.010438,0.248127,0.539883,-0.028534,0.256440,0.611393,-0.043699,0.252201,0.665662,-0.059931,0.262353,0.509433,-0.068701,0.288876,0.613536,-0.095073,0.298278,0.684254,-0.110360,0.303206,0.741166,-0.119374,0.215910,0.505865,-0.076679,0.230625,0.631750,-0.107863,0.233316,0.715412,-0.118399,0.235253,0.775757,-0.124977,0.169598,0.517380,-0.082039,0.173575,0.653277,-0.108228,0.175516,0.732041,-0.114014,0.176274,0.782986,-0.115354,0.130925,0.538929,-0.087033,0.150143,0.630555,-0.099032,0.156781,0.659428,-0.096230,0.160733,0.675602,-0.093976
3913,0,0.081425,0.095009,0.155203,6.058685,9.302518,0.135392,0.480574,0.000001,0.198103,0.491734,-0.010396,0.246455,0.541379,-0.028469,0.253957,0.613415,-0.043885,0.248864,0.667506,-0.060300,0.262388,0.507790,-0.066811,0.287956,0.611802,-0.093160,0.297101,0.682042,-0.108849,0.301689,0.739403,-0.118359,0.216258,0.504398,-0.074989,0.229929,0.629692,-0.105578,0.232541,0.712367,-0.116481,0.234230,0.772927,-0.123750,0.170087,0.516306,-0.080743,0.174008,0.650934,-0.106608,0.176283,0.728107,-0.112907,0.177404,0.779047,-0.114845,0.131340,0.538285,-0.086134,0.149788,0.629386,-0.098612,0.156708,0.658343,-0.096613,0.161195,0.675093,-0.094978
3948,0,0.170999,0.130448,0.197004,5.926169,9.192964,0.135310,0.478520,0.000001,0.198775,0.491094,-0.009131,0.247393,0.539073,-0.026431,0.256593,0.607308,-0.041688,0.251507,0.659545,-0.058208,0.261066,0.505647,-0.063013,0.286056,0.607857,-0.088903,0.295295,0.677694,-0.104161,0.299558,0.734716,-0.113291,0.215485,0.502232,-0.072144,0.230164,0.626582,-0.101818,0.232773,0.708968,-0.111790,0.234086,0.768686,-0.118157,0.169651,0.513547,-0.078992,0.174645,0.645434,-0.104101,0.176998,0.722441,-0.109387,0.178820,0.772807,-0.110528,0.130930,0.534307,-0.085599,0.148124,0.623400,-0.097253,0.154745,0.653976,-0.094490,0.159844,0.670801,-0.092387
3982,0,0.277341,0.444543,0.738049,5.754207,9.020815,0.141946,0.484378,0.000001,0.206003,0.503930,-0.008603,0.250462,0.549971,-0.027382,0.255696,0.613961,-0.044885,0.246555,0.664541,-0.063604,0.260046,0.503201,-0.061349,0.282852,0.601686,-0.087278,0.289855,0.671768,-0.102823,0.290697,0.729552,-0.112434,0.213688,0.495059,-0.071673,0.225725,0.617433,-0.102170,0.225536,0.699430,-0.111485,0.222827,0.758351,-0.117062,0.167664,0.504541,-0.080039,0.171546,0.633142,-0.104484,0.173163,0.712882,-0.107273,0.173984,0.765170,-0.106798,0.128976,0.526331,-0.088464,0.143572,0.617566,-0.098373,0.150961,0.653544,-0.093745,0.156902,0.673609,-0.090541
4015,0,0.899812,1.302648,1.566994,5.635698,9.134880,0.159622,0.498013,0.000001,0.213327,0.531372,-0.017928,0.247719,0.573447,-0.041139,0.251430,0.629864,-0.063845,0.246910,0.682388,-0.087393,0.251998,0.495339,-0.063564,0.267814,0.577866,-0.093800,0.273425,0.646410,-0.112571,0.269450,0.703770,-0.124879,0.210952,0.477803,-0.072893,0.211739,0.587447,-0.109368,0.213542,0.671589,-0.120945,0.211861,0.732699,-0.127802,0.170064,0.483203,-0.082222,0.168638,0.601707,-0.117798,0.172342,0.683091,-0.122968,0.174222,0.740350,-0.122406,0.134331,0.505262,-0.092620,0.137089,0.602790,-0.118247,0.141643,0.665743,-0.120271,0.146377,0.713824,-0.119259
4050,0,1.679574,1.962413,1.749334,6.322467,9.686423,0.162177,0.513003,0.000001,0.206892,0.542388,-0.039201,0.235175,0.578108,-0.078723,0.245354,0.627146,-0.114063,0.253045,0.677085,-0.149541,0.256879,0.496937,-0.101839,0.265197,0.568846,-0.157446,0.259807,0.631089,-0.189891,0.253398,0.679791,-0.208825,0.213523,0.473282,-0.108181,0.210746,0.565753,-0.173438,0.203841,0.640247,-0.194486,0.194285,0.695648,-0.203494,0.170379,0.473716,-0.115993,0.161577,0.573697,-0.174633,0.154242,0.645006,-0.180148,0.149067,0.692959,-0.175277,0.134025,0.489021,-0.126379,0.129192,0.576109,-0.167005,0.127560,0.634087,-0.170773,0.127940,0.673461,-0.167924
4082,0,1.446661,1.812009,2.748124,5.362341,8.346453,0.164291,0.537272,0.000000,0.204223,0.572235,-0.035978,0.231116,0.604907,-0.067099,0.242230,0.637676,-0.095792,0.238887,0.653769,-0.123098,0.271144,0.499495,-0.067644,0.258793,0.558723,-0.118340,0.241120,0.618376,-0.147777,0.225476,0.655258,-0.161256,0.225000,0.473082,-0.071212,0.202185,0.547063,-0.123395,0.187798,0.616344,-0.137370,0.178171,0.655407,-0.139947,0.176183,0.467213,-0.078596,0.151220,0.555974,-0.129044,0.139028,0.625935,-0.129837,0.132027,0.664454,-0.120025,0.133139,0.476761,-0.088706,0.120567,0.551920,-0.121115,0.117307,0.608249,-0.119926,0.117318,0.641818,-0.112294
4115,0,1.040706,1.342709,2.201915,4.655766,7.186094,0.161020,0.560545,-0.000000,0.192437,0.597446,-0.031335,0.221002,0.624729,-0.057335,0.238541,0.646692,-0.082205,0.238889,0.636771,-0.106087,0.261034,0.498246,-0.056516,0.258525,0.531247,-0.105071,0.238814,0.582663,-0.134599,0.219651,0.614982,-0.146907,0.221205,0.463183,-0.059565,0.201495,0.508312,-0.105636,0.178441,0.572148,-0.118904,0.161484,0.610079,-0.120033,0.176877,0.452451,-0.066227,0.146549,0.514909,-0.109870,0.127248,0.585530,-0.108967,0.116395,0.630030,-0.097788,0.136300,0.461080,-0.075656,0.116678,0.515701,-0.103095,0.107523,0.572602,-0.099820,0.104047,0.610146,-0.089996
4147,0,0.881817,1.418752,2.028959,3.952552,5.927497,0.161212,0.596117,-0.000000,0.191449,0.628582,-0.034260,0.228220,0.643086,-0.057688,0.253486,0.644688,-0.078443,0.249419,0.624128,-0.098583,0.259347,0.503700,-0.048469,0.255955,0.515846,-0.090304,0.232444,0.555635,-0.116139,0.212787,0.585631,-0.126472,0.220533,0.470303,-0.047060,0.204476,0.482272,-0.087662,0.174412,0.534872,-0.100344,0.151400,0.578875,-0.100168,0.180405,0.457728,-0.049468,0.147843,0.494054,-0.089071,0.118614,0.555721,-0.089717,0.100793,0.602055,-0.079148,0.145155,0.463501,-0.054634,0.119217,0.488919,-0.080968,0.100485,0.543470,-0.078267,0.091162,0.585684,-0.068286
4180,0,0.764621,0.922371,6.757988,3.372139,5.350685,0.169757,0.612738,-0.000000,0.201398,0.640251,-0.035045,0.237352,0.646460,-0.056902,0.262035,0.634413,-0.075624,0.261780,0.608041,-0.094622,0.248582,0.522653,-0.049340,0.261564,0.493229,-0.084354,0.239156,0.513831,-0.107103,0.213033,0.541068,-0.117186,0.212008,0.492260,-0.046296,0.208822,0.460834,-0.077837,0.180428,0.490794,-0.091117,0.153753,0.528043,-0.094929,0.175251,0.480969,-0.046727,0.149260,0.475280,-0.076730,0.126135,0.509352,-0.083616,0.110143,0.544929,-0.082817,0.141239,0.486157,-0.049893,0.110741,0.490642,-0.072488,0.093018,0.531918,-0.075193,0.086069,0.572539,-0.072857
4213,0,0.840077,1.137944,6.394837,2.996551,4.472046,0.164256,0.641277,0.000000,0.203867,0.664841,-0.041791,0.243425,0.659873,-0.064923,0.268690,0.640481,-0.084541,0.285316,0.610485,-0.104606,0.239833,0.540061,-0.051057,0.259719,0.500506,-0.085244,0.252661,0.493049,-0.110485,0.239288,0.496049,-0.124288,0.200908,0.510877,-0.045689,0.208399,0.459798,-0.077384,0.193850,0.458852,-0.097194,0.176353,0.471911,-0.108057,0.161419,0.501943,-0.044156,0.153133,0.456399,-0.076234,0.128947,0.467849,-0.089334,0.108381,0.491501,-0.094190,0.124455,0.511020,-0.045593,0.107216,0.477708,-0.072783,0.089293,0.494584,-0.080771,0.076115,0.521359,-0.082816
4239,0,0.621100,1.040506,4.192738,2.726274,3.671198,0.152533,0.658678,0.000000,0.198922,0.679903,-0.044415,0.243006,0.671026,-0.069678,0.274167,0.644888,-0.090527,0.298676,0.614373,-0.111580,0.235810,0.546069,-0.057216,0.256708,0.502338,-0.090187,0.253960,0.474959,-0.114975,0.243306,0.448305,-0.131138,0.197766,0.513001,-0.050696,0.204461,0.458806,-0.081970,0.196329,0.434701,-0.104109,0.182708,0.415835,-0.119322,0.159713,0.502776,-0.047742,0.152647,0.451402,-0.078507,0.135084,0.439664,-0.096435,0.115825,0.437151,-0.106826,0.125064,0.510477,-0.047912,0.112594,0.469049,-0.074296,0.096287,0.459205,-0.087810,0.079166,0.457955,-0.095620
4267,0,1.052684,1.390001,2.154696,1.828047,2.293621,0.142811,0.671592,0.000000,0.195584,0.693460,-0.035711,0.244951,0.682497,-0.055893,0.278356,0.652289,-0.073171,0.307864,0.623580,-0.090030,0.241576,0.548123,-0.039838,0.263488,0.497663,-0.065511,0.265695,0.465944,-0.086042,0.261960,0.431868,-0.100593,0.205447,0.510955,-0.036446,0.217027,0.450984,-0.058516,0.214977,0.415844,-0.076039,0.207806,0.379956,-0.089400,0.166992,0.496825,-0.036481,0.170504,0.436931,-0.058866,0.162494,0.406655,-0.072821,0.150529,0.378250,-0.082195,0.128746,0.500528,-0.039349,0.123333,0.448831,-0.059530,0.112630,0.425945,-0.068904,0.098931,0.406863,-0.074220
4300,0,0.464047,0.594242,0.973767,1.625696,1.741163,0.141576,0.683332,0.000000,0.194353,0.705789,-0.038603,0.245231,0.693453,-0.059196,0.279833,0.661781,-0.076114,0.313776,0.634390,-0.092268,0.245029,0.554271,-0.041804,0.269508,0.497787,-0.065927,0.278856,0.459302,-0.084628,0.283671,0.419612,-0.098235,0.210930,0.514846,-0.037329,0.227629,0.443845,-0.058323,0.229760,0.401628,-0.073822,0.226550,0.359565,-0.085064,0.173017,0.499105,-0.036402,0.179327,0.429328,-0.056904,0.175157,0.387022,-0.068692,0.168666,0.344911,-0.076405,0.132643,0.502026,-0.038748,0.128667,0.443754,-0.057413,0.120362,0.411439,-0.065199,0.110588,0.379662,-0.069347
4346,0,0.383885,0.504845,0.346086,1.631531,1.385363,0.137848,0.691252,0.000000,0.192914,0.714368,-0.038568,0.247100,0.702850,-0.058148,0.285646,0.669873,-0.073848,0.321827,0.643802,-0.088662,0.247488,0.560181,-0.038827,0.276717,0.499090,-0.061251,0.289375,0.457410,-0.078466,0.297279,0.415429,-0.091322,0.215075,0.519308,-0.034172,0.236595,0.441425,-0.053788,0.243187,0.393221,-0.068713,0.244604,0.347652,-0.079574,0.177949,0.502200,-0.033211,0.187247,0.425658,-0.053308,0.186417,0.377053,-0.065905,0.183886,0.330880,-0.073996,0.137754,0.504304,-0.035576,0.135672,0.441117,-0.054527,0.130005,0.402720,-0.063172,0.124081,0.365576,-0.067753
4391,0,0.248293,0.352601,0.258946,1.742720,1.287843,0.136899,0.701605,0.000000,0.194360,0.724518,-0.039280,0.249411,0.711727,-0.058389,0.290851,0.678372,-0.073327,0.329238,0.651061,-0.087204,0.248635,0.565701,-0.038104,0.279556,0.502549,-0.059792,0.294374,0.458412,-0.076626,0.304878,0.415311,-0.089251,0.217674,0.523425,-0.032986,0.242864,0.440819,-0.051943,0.252719,0.389513,-0.066503,0.256744,0.342557,-0.076891,0.181408,0.505452,-0.031735,0.192651,0.423809,-0.051602,0.194725,0.372421,-0.064341,0.194907,0.324231,-0.072341,0.141424,0.507388,-0.033820,0.141810,0.440598,-0.052853,0.138267,0.399610,-0.061574,0.134660,0.360467,-0.066085
4433,0,0.286655,0.377582,0.262038,1.918851,1.363257,0.135887,0.709468,0.000000,0.195965,0.731605,-0.040747,0.252919,0.718576,-0.060539,0.296428,0.686751,-0.075762,0.336396,0.658813,-0.089938,0.251695,0.567372,-0.040515,0.285949,0.501367,-0.062554,0.303589,0.455589,-0.079557,0.316372,0.410871,-0.092339,0.220720,0.525069,-0.035266,0.248878,0.438536,-0.054807,0.261427,0.383923,-0.069952,0.267804,0.335112,-0.080719,0.183857,0.507818,-0.033930,0.196627,0.420882,-0.054691,0.200626,0.365559,-0.068673,0.203159,0.313884,-0.077466,0.143525,0.511007,-0.036002,0.145775,0.440083,-0.056124,0.144454,0.395336,-0.066001,0.144035,0.352106,-0.071385
4467,0,0.150344,0.220545,0.187262,2.014542,1.421230,0.136049,0.715467,0.000000,0.196661,0.735753,-0.041789,0.253243,0.722547,-0.062725,0.297398,0.690856,-0.079246,0.338356,0.664040,-0.094593,0.253251,0.567172,-0.040473,0.289791,0.500839,-0.062644,0.308355,0.453662,-0.080056,0.321439,0.407425,-0.093459,0.222392,0.525411,-0.035209,0.252697,0.437803,-0.055355,0.267067,0.381639,-0.071431,0.275204,0.331286,-0.083093,0.185558,0.508819,-0.034015,0.199572,0.419470,-0.055395,0.205033,0.362105,-0.070256,0.209193,0.309156,-0.079813,0.145081,0.512413,-0.036343,0.147498,0.438871,-0.057339,0.147046,0.391860,-0.068151,0.147583,0.346487,-0.074306
4502,0,0.076193,0.116762,0.129319,2.052748,1.462061,0.135370,0.717577,0.000000,0.197322,0.738424,-0.042088,0.255060,0.723721,-0.062925,0.300088,0.689834,-0.079352,0.342343,0.662630,-0.094574,0.253904,0.568156,-0.040529,0.292197,0.499775,-0.062675,0.311647,0.451560,-0.079727,0.325568,0.405162,-0.092827,0.222627,0.526228,-0.035060,0.254314,0.437630,-0.055563,0.269711,0.380253,-0.071617,0.278951,0.329440,-0.083303,0.185793,0.509537,-0.033729,0.200923,0.419227,-0.055397,0.208098,0.361040,-0.070369,0.214021,0.307764,-0.080018,0.145363,0.512817,-0.035996,0.147976,0.438279,-0.057518,0.147970,0.389721,-0.068913,0.149511,0.343059,-0.075526
4535,0,0.134688,0.176734,0.094296,2.003892,1.425050,0.135074,0.719612,0.000000,0.198614,0.739540,-0.040683,0.258094,0.723206,-0.060215,0.303874,0.687976,-0.075522,0.345112,0.659124,-0.089566,0.254924,0.566366,-0.038307,0.294013,0.497133,-0.059711,0.313365,0.447589,-0.076068,0.327255,0.400607,-0.088725,0.223317,0.524679,-0.033240,0.256018,0.434774,-0.053067,0.271868,0.376750,-0.068710,0.281525,0.325591,-0.080063,0.186191,0.508186,-0.032294,0.202269,0.416594,-0.053403,0.210009,0.358314,-0.068205,0.216404,0.305149,-0.077792,0.145739,0.512157,-0.034859,0.148978,0.436979,-0.056095,0.149768,0.388050,-0.067490,0.152177,0.341090,-0.074092
4568,0,0.037024,0.070293,0.135102,2.015589,1.444061,0.134471,0.721003,0.000000,0.198847,0.740288,-0.040815,0.258567,0.723633,-0.060281,0.304209,0.687312,-0.075512,0.346341,0.658614,-0.089502,0.255640,0.566369,-0.037414,0.293767,0.496479,-0.059126,0.312824,0.447070,-0.075897,0.327013,0.400209,-0.088903,0.223983,0.524174,-0.032365,0.256624,0.434799,-0.052537,0.273083,0.376730,-0.068538,0.283582,0.325670,-0.080132,0.186964,0.507578,-0.031595,0.202761,0.416408,-0.053093,0.211084,0.358213,-0.068110,0.218290,0.304885,-0.077779,0.146526,0.511316,-0.034376,0.150388,0.436295,-0.055917,0.151530,0.386892,-0.067554,0.154373,0.339204,-0.074314
4602,0,0.048380,0.055692,0.093623,2.021553,1.437545,0.135534,0.721188,0.000000,0.198920,0.740558,-0.040868,0.258708,0.723299,-0.060474,0.304369,0.686210,-0.075754,0.345765,0.655538,-0.089871,0.256395,0.566434,-0.038436,0.293944,0.495475,-0.060474,0.312586,0.445425,-0.077217,0.326244,0.397749,-0.090129,0.224507,0.523784,-0.033443,0.257232,0.433530,-0.053759,0.273716,0.375554,-0.069469,0.284040,0.323891,-0.080789,0.187223,0.507122,-0.032647,0.203356,0.415296,-0.054104,0.211539,0.357070,-0.068652,0.218698,0.303504,-0.077949,0.146768,0.510943,-0.035445,0.150923,0.435373,-0.056815,0.152397,0.385868,-0.068135,0.155638,0.338141,-0.074677
4634,0,0.077774,0.080539,0.047648,1.967595,1.379896,0.136231,0.721497,0.000000,0.200056,0.739459,-0.039887,0.259786,0.720825,-0.058709,0.305381,0.682883,-0.073343,0.346663,0.652219,-0.086768,0.257018,0.565250,-0.036693,0.294686,0.493416,-0.058277,0.313389,0.443140,-0.074767,0.327301,0.395541,-0.087416,0.224958,0.522895,-0.031966,0.257704,0.432144,-0.051931,0.274257,0.373852,-0.067558,0.284605,0.322373,-0.078782,0.187588,0.506221,-0.031405,0.203309,0.414103,-0.052622,0.211463,0.355760,-0.067256,0.218518,0.302458,-0.076667,0.147052,0.509854,-0.034362,0.150709,0.434669,-0.055557,0.151957,0.385373,-0.066868,0.155267,0.337761,-0.073429
4669,0,0.067542,0.057191,0.042795,1.970347,1.409267,0.135778,0.719573,0.000000,0.200222,0.738370,-0.041024,0.260230,0.719841,-0.060377,0.305274,0.681428,-0.075374,0.346011,0.650346,-0.089201,0.256708,0.563872,-0.038316,0.294138,0.492268,-0.060551,0.312618,0.442003,-0.077585,0.326285,0.394118,-0.090588,0.224553,0.521870,-0.033136,0.257101,0.431397,-0.053659,0.273314,0.372919,-0.069696,0.283445,0.321039,-0.081312,0.187099,0.505430,-0.032182,0.202667,0.413773,-0.053789,0.210757,0.355324,-0.068613,0.217486,0.301829,-0.078148,0.146553,0.508984,-0.034826,0.150087,0.433982,-0.056260,0.151437,0.384466,-0.067789,0.154542,0.336801,-0.074507
4702,0,0.070357,0.036746,0.083851,1.921568,1.395301,0.136214,0.717079,0.000000,0.200379,0.736416,-0.041337,0.260921,0.718707,-0.060818,0.305599,0.679042,-0.075850,0.345953,0.646006,-0.089672,0.257302,0.562310,-0.039113,0.294638,0.489484,-0.061164,0.312622,0.438810,-0.077751,0.325841,0.390415,-0.090450,0.224738,0.519876,-0.033714,0.256933,0.428196,-0.053950,0.272430,0.370213,-0.069630,0.282036,0.319098,-0.080990,0.187086,0.503092,-0.032483,0.202408,0.410434,-0.053864,0.209763,0.352202,-0.068593,0.215908,0.298921,-0.078183,0.146268,0.507045,-0.034858,0.149385,0.431879,-0.056369,0.150173,0.382879,-0.067945,0.152719,0.335523,-0.074684
4736,0,0.058933,0.075522,0.077050,1.873835,1.332555,0.136628,0.718020,0.000000,0.201284,0.736030,-0.040755,0.261009,0.718067,-0.059685,0.305338,0.678515,-0.074379,0.345482,0.645280,-0.087820,0.256822,0.561104,-0.036844,0.294256,0.489165,-0.058302,0.312386,0.438896,-0.074811,0.325675,0.391063,-0.087561,0.224575,0.519336,-0.031506,0.255898,0.428175,-0.051300,0.271566,0.370181,-0.067075,0.281178,0.319412,-0.078528,0.187233,0.503231,-0.030447,0.201817,0.410772,-0.051733,0.209438,0.351959,-0.066859,0.215761,0.298462,-0.076713,0.146818,0.507305,-0.032933,0.149293,0.432646,-0.054542,0.149676,0.383283,-0.066513,0.151661,0.336086,-0.073472
4768,0,0.062609,0.065174,0.063155,1.901386,1.354398,0.136885,0.717538,0.000000,0.200943,0.735751,-0.041284,0.261275,0.717856,-0.060661,0.305164,0.677750,-0.075611,0.344734,0.643647,-0.089350,0.256837,0.560946,-0.038691,0.293916,0.488712,-0.060878,0.311954,0.438320,-0.077728,0.325355,0.390342,-0.090560,0.224163,0.519275,-0.033377,0.255539,0.427844,-0.053878,0.270950,0.369325,-0.070037,0.280565,0.317937,-0.081660,0.186566,0.503555,-0.032253,0.201131,0.411127,-0.053965,0.208647,0.351872,-0.069087,0.215246,0.297691,-0.078851,0.146112,0.508129,-0.034695,0.149167,0.433362,-0.056514,0.150120,0.384012,-0.068223,0.152969,0.336181,-0.075049
4819,0,0.046328,0.036544,0.052478,1.861433,1.337992,0.136428,0.716916,0.000000,0.200316,0.734419,-0.040635,0.260761,0.716576,-0.059745,0.304661,0.676098,-0.074541,0.343737,0.642067,-0.088130,0.256776,0.560905,-0.037788,0.293849,0.487958,-0.059745,0.311650,0.437171,-0.076440,0.324873,0.389059,-0.089208,0.224232,0.519074,-0.032677,0.255463,0.426883,-0.052973,0.270759,0.368414,-0.069063,0.280155,0.317358,-0.080581,0.186646,0.502820,-0.031728,0.201068,0.410089,-0.053188,0.208220,0.351129,-0.068114,0.214406,0.297727,-0.077734,0.146239,0.506835,-0.034316,0.149137,0.431721,-0.055647,0.150202,0.382384,-0.067079,0.153128,0.335173,-0.073722
4854,0,0.034082,0.020189,0.041329,1.832826,1.325494,0.136156,0.716439,0.000000,0.200503,0.733714,-0.040893,0.260517,0.715222,-0.059967,0.303731,0.674620,-0.074743,0.342763,0.639696,-0.088309,0.256199,0.559798,-0.037717,0.293059,0.487186,-0.059751,0.310823,0.436462,-0.076514,0.323722,0.388286,-0.089259,0.223636,0.517918,-0.032489,0.255048,0.426291,-0.052838,0.270559,0.368053,-0.068781,0.280025,0.317117,-0.080230,0.186199,0.501822,-0.031517,0.200540,0.409390,-0.053011,0.207931,0.350546,-0.067917,0.214188,0.297246,-0.077508,0.145814,0.506171,-0.034088,0.148333,0.431143,-0.055647,0.148893,0.381875,-0.067269,0.151075,0.334555,-0.073965
4887,0,0.042273,0.026457,0.052565,1.794535,1.307529,0.135612,0.716176,0.000000,0.199506,0.733238,-0.041049,0.260104,0.714577,-0.060061,0.302665,0.672919,-0.074708,0.341198,0.636640,-0.088103,0.255662,0.558677,-0.037657,0.292559,0.485851,-0.059628,0.310061,0.435038,-0.076307,0.322976,0.386901,-0.089011,0.222863,0.517234,-0.032364,0.253962,0.425381,-0.052801,0.269407,0.366586,-0.068918,0.278823,0.315118,-0.080455,0.185315,0.501437,-0.031327,0.199529,0.408782,-0.052974,0.206782,0.349570,-0.068141,0.212912,0.295909,-0.077906,0.144816,0.505848,-0.033854,0.147660,0.430975,-0.055567,0.148233,0.381793,-0.067406,0.150632,0.334286,-0.074233
4921,0,0.047359,0.020814,0.039960,1.757555,1.301177,0.134910,0.714932,0.000000,0.198871,0.731829,-0.041183,0.259004,0.712612,-0.060272,0.301432,0.670304,-0.074886,0.340243,0.633927,-0.088290,0.254749,0.557825,-0.038027,0.291367,0.484915,-0.060142,0.308956,0.434036,-0.076875,0.321758,0.385580,-0.089587,0.222055,0.516381,-0.032601,0.253150,0.424478,-0.053138,0.268444,0.365762,-0.069352,0.277906,0.314330,-0.080896,0.184529,0.500519,-0.031390,0.198658,0.408018,-0.053052,0.205824,0.348749,-0.068098,0.212148,0.295145,-0.077826,0.144082,0.504885,-0.033725,0.146789,0.430367,-0.055343,0.147595,0.381184,-0.067060,0.150148,0.334033,-0.073805
4953,0,0.043492,0.036647,0.071470,1.727196,1.278870,0.134863,0.714636,0.000000,0.199411,0.730772,-0.041547,0.259338,0.711909,-0.060852,0.301179,0.669441,-0.075709,0.339523,0.631917,-0.089313,0.254113,0.556287,-0.037833,0.290490,0.483944,-0.060118,0.307830,0.432938,-0.077221,0.320506,0.384446,-0.090177,0.221321,0.515197,-0.032370,0.252065,0.423787,-0.053078,0.267197,0.365126,-0.069533,0.276145,0.313455,-0.081323,0.183747,0.499912,-0.031203,0.197376,0.407553,-0.052992,0.204389,0.348336,-0.068108,0.210299,0.294465,-0.077868,0.143321,0.504673,-0.033644,0.145681,0.429957,-0.055410,0.146126,0.380751,-0.067114,0.148328,0.333371,-0.073895
4987,0,0.048501,0.027580,0.063137,1.682510,1.260853,0.134486,0.713657,0.000000,0.198642,0.729859,-0.040992,0.258676,0.710773,-0.059978,0.301191,0.668952,-0.074606,0.339140,0.631664,-0.088025,0.253309,0.555704,-0.037389,0.290049,0.483065,-0.059245,0.307561,0.432183,-0.075943,0.320353,0.384004,-0.088716,0.220403,0.514474,-0.032103,0.250963,0.422451,-0.052427,0.265951,0.363498,-0.068651,0.274821,0.311864,-0.080302,0.182823,0.499059,-0.031046,0.196517,0.406398,-0.052470,0.203546,0.346961,-0.067572,0.209518,0.292999,-0.077411,0.142355,0.503600,-0.033570,0.144970,0.428944,-0.055059,0.145525,0.379808,-0.066753,0.148032,0.332419,-0.073527
5021,0,0.032792,0.013572,0.039681,1.654956,1.257359,0.134261,0.712372,0.000000,0.198152,0.728614,-0.040887,0.258227,0.709876,-0.059863,0.300896,0.668144,-0.074484,0.338936,0.631115,-0.087854,0.253001,0.554763,-0.037264,0.289611,0.482058,-0.059130,0.306917,0.431059,-0.075908,0.319271,0.382589,-0.088674,0.220236,0.513578,-0.032002,0.250996,0.421795,-0.052273,0.265802,0.362655,-0.068576,0.274315,0.310915,-0.080307,0.182551,0.497770,-0.030945,0.196334,0.405301,-0.052273,0.203128,0.346191,-0.067325,0.208661,0.292495,-0.077072,0.141990,0.502327,-0.033490,0.144688,0.427429,-0.054774,0.145286,0.378407,-0.066376,0.147708,0.331239,-0.073104
5054,0,0.044706,0.039903,0.040022,1.654747,1.267418,0.134019,0.712353,0.000000,0.197830,0.728629,-0.041680,0.257370,0.709590,-0.061045,0.299296,0.667383,-0.075907,0.337142,0.630082,-0.089521,0.252431,0.554174,-0.038191,0.288774,0.481806,-0.060355,0.305979,0.431118,-0.077329,0.318461,0.382806,-0.090296,0.219792,0.512850,-0.032633,0.250391,0.420852,-0.053204,0.265257,0.362044,-0.069618,0.273868,0.310542,-0.081421,0.182325,0.497374,-0.031362,0.195779,0.404743,-0.053075,0.202494,0.345203,-0.068497,0.208007,0.291116,-0.078492,0.142047,0.502078,-0.033667,0.144269,0.427511,-0.055401,0.144592,0.378313,-0.067291,0.146666,0.331126,-0.074270
5087,0,0.050140,0.042524,0.051924,1.606334,1.229424,0.133612,0.712207,0.000000,0.197186,0.728451,-0.041365,0.257275,0.709570,-0.060376,0.298865,0.666472,-0.074919,0.335930,0.628593,-0.088168,0.251964,0.553392,-0.036920,0.288537,0.481224,-0.058692,0.305890,0.430659,-0.075480,0.318564,0.382741,-0.088298,0.219128,0.512252,-0.031439,0.249367,0.420225,-0.051658,0.263801,0.360989,-0.068057,0.272098,0.309556,-0.079796,0.181807,0.497048,-0.030253,0.194988,0.404530,-0.051701,0.201768,0.344878,-0.067065,0.207293,0.290646,-0.077034,0.141326,0.502200,-0.032669,0.143664,0.427680,-0.054247,0.143954,0.378646,-0.065986,0.146201,0.331350,-0.072848
5122,0,0.025832,0.028790,0.027477,1.599904,1.224340,0.133649,0.712405,0.000000,0.197369,0.728587,-0.041843,0.257198,0.709370,-0.061071,0.298492,0.665982,-0.075745,0.335785,0.627372,-0.089081,0.251739,0.553034,-0.037419,0.287836,0.480904,-0.059388,0.305170,0.430544,-0.076436,0.317745,0.382671,-0.089427,0.218982,0.511654,-0.031744,0.248906,0.419612,-0.052050,0.263274,0.360668,-0.068494,0.271568,0.309422,-0.080320,0.181637,0.496541,-0.030406,0.194690,0.403984,-0.051964,0.201026,0.344775,-0.067286,0.206362,0.290970,-0.077212,0.141161,0.501793,-0.032693,0.143127,0.427693,-0.054338,0.143279,0.378814,-0.066164,0.145142,0.331689,-0.073026
5154,0,0.035224,0.037337,0.050283,1.603434,1.218908,0.133528,0.712057,0.000000,0.197101,0.728258,-0.042111,0.256826,0.709125,-0.061405,0.298185,0.666039,-0.076184,0.335207,0.627065,-0.089623,0.251047,0.552616,-0.037638,0.287624,0.481142,-0.059806,0.305323,0.431108,-0.077005,0.318245,0.383249,-0.090141,0.218577,0.511831,-0.031891,0.248109,0.420871,-0.052374,0.261983,0.361607,-0.069097,0.269500,0.309636,-0.081153,0.181395,0.497017,-0.030486,0.194154,0.405694,-0.052244,0.200395,0.346722,-0.067714,0.205450,0.292693,-0.077739,0.141000,0.502512,-0.032777,0.142921,0.428818,-0.054664,0.142787,0.379946,-0.066591,0.144378,0.332618,-0.073548
5188,0,0.024377,0.025932,0.048314,1.615869,1.231338,0.133518,0.711795,0.000000,0.196983,0.728038,-0.041748,0.256844,0.709328,-0.061064,0.298467,0.665996,-0.075932,0.335403,0.626890,-0.089469,0.250668,0.553419,-0.037816,0.287779,0.481634,-0.060119,0.305819,0.431161,-0.077308,0.318922,0.382922,-0.090328,0.218052,0.512863,-0.032272,0.248029,0.421614,-0.052985,0.262158,0.362204,-0.069830,0.270089,0.310142,-0.081949,0.180833,0.497978,-0.031048,0.193721,0.405857,-0.052856,0.200209,0.346493,-0.068283,0.205512,0.292250,-0.078339,0.140325,0.502791,-0.033454,0.142724,0.428848,-0.055306,0.143150,0.379637,-0.067209,0.144967,0.332345,-0.074128
5221,0,0.039743,0.034220,0.044500,1.624443,1.263428,0.133043,0.711176,0.000000,0.196822,0.727348,-0.042059,0.256655,0.708390,-0.061622,0.297862,0.665167,-0.076663,0.335006,0.626205,-0.090333,0.250739,0.553507,-0.039124,0.287775,0.481525,-0.061664,0.305535,0.431015,-0.078934,0.318238,0.382311,-0.092047,0.218189,0.512397,-0.033468,0.248420,0.421029,-0.054294,0.262213,0.361764,-0.071006,0.269892,0.309668,-0.083048,0.180788,0.497111,-0.032075,0.193980,0.404868,-0.053951,0.200271,0.345739,-0.069249,0.205074,0.291692,-0.079191,0.140087,0.501875,-0.034303,0.142834,0.427349,-0.056136,0.143138,0.378388,-0.067878,0.144923,0.331307,-0.074734
5254,0,0.034199,0.041267,0.061250,1.595039,1.232256,0.133460,0.710397,0.000000,0.197416,0.726967,-0.042017,0.256538,0.708007,-0.061417,0.297885,0.664238,-0.076224,0.334609,0.624510,-0.089786,0.250382,0.552806,-0.038541,0.287703,0.481126,-0.060730,0.305309,0.430590,-0.077683,0.317790,0.382329,-0.090644,0.217983,0.511991,-0.032683,0.247992,0.420654,-0.053348,0.261968,0.361688,-0.069957,0.269666,0.309822,-0.081975,0.180799,0.496701,-0.031073,0.193745,0.404414,-0.052876,0.200039,0.345208,-0.068326,0.204854,0.291211,-0.078412,0.140568,0.501504,-0.033047,0.142485,0.427568,-0.054936,0.142416,0.378573,-0.066953,0.143841,0.331798,-0.073906
5288,0,0.026903,0.039861,0.076688,1.584058,1.210746,0.134269,0.710346,0.000000,0.197609,0.726294,-0.041412,0.256062,0.706825,-0.060781,0.298166,0.663770,-0.075676,0.334717,0.624028,-0.089287,0.250466,0.552703,-0.038523,0.287691,0.480776,-0.060781,0.305258,0.430082,-0.077688,0.317651,0.381830,-0.090572,0.217909,0.511763,-0.033065,0.247774,0.419600,-0.053547,0.261588,0.360418,-0.069940,0.269085,0.308496,-0.081754,0.180629,0.496296,-0.031781,0.193269,0.403715,-0.053290,0.199421,0.344320,-0.068485,0.204098,0.290327,-0.078373,0.140209,0.501194,-0.034050,0.142199,0.426772,-0.055644,0.142168,0.377797,-0.067287,0.143690,0.331076,-0.074050
5322,0,0.030913,0.028023,0.050011,1.558672,1.202174,0.133436,0.710300,0.000000,0.197376,0.725797,-0.041679,0.256277,0.706290,-0.061041,0.297980,0.663559,-0.075905,0.334445,0.624203,-0.089527,0.250087,0.551023,-0.038038,0.287158,0.479704,-0.060142,0.304788,0.429773,-0.077319,0.317368,0.381675,-0.090384,0.217592,0.510449,-0.032405,0.247205,0.419335,-0.052860,0.260792,0.360425,-0.069480,0.267949,0.308771,-0.081560,0.180328,0.495715,-0.031035,0.192786,0.403730,-0.052603,0.198790,0.344827,-0.067981,0.203168,0.291000,-0.078004,0.139947,0.501133,-0.033219,0.141756,0.427345,-0.054916,0.141533,0.378537,-0.066739,0.142636,0.331794,-0.073592
5356,0,0.030862,0.036936,0.049484,1.569163,1.194737,0.133904,0.710826,0.000000,0.197677,0.726159,-0.042090,0.256406,0.706448,-0.061710,0.297577,0.662807,-0.076805,0.334457,0.623271,-0.090571,0.250073,0.551326,-0.038746,0.286828,0.479654,-0.061238,0.304392,0.429497,-0.078563,0.316901,0.381176,-0.091771,0.217355,0.510774,-0.032999,0.246864,0.419876,-0.053733,0.260381,0.360729,-0.070501,0.267581,0.308570,-0.082594,0.180049,0.496024,-0.031477,0.192385,0.404253,-0.053262,0.198293,0.345523,-0.068485,0.202948,0.291739,-0.078392,0.139673,0.501697,-0.033599,0.141416,0.427986,-0.055406,0.141253,0.379169,-0.067113,0.142417,0.332419,-0.073889
5389,0,0.017380,0.027693,0.032688,1.561298,1.180769,0.134111,0.710310,0.000000,0.197188,0.726062,-0.041855,0.256381,0.706118,-0.061274,0.297600,0.662509,-0.076174,0.334309,0.622842,-0.089748,0.249588,0.551673,-0.038601,0.286383,0.479941,-0.061017,0.303995,0.429621,-0.078230,0.316582,0.381489,-0.091290,0.217055,0.511126,-0.032949,0.246441,0.420144,-0.053609,0.259814,0.360530,-0.070351,0.266765,0.308243,-0.082469,0.179764,0.496592,-0.031536,0.192186,0.404760,-0.053181,0.198168,0.345860,-0.068467,0.202667,0.291930,-0.078487,0.139482,0.502059,-0.033720,0.141193,0.428382,-0.055450,0.141075,0.379572,-0.067225,0.142422,0.332500,-0.074119
5423,0,0.018231,0.016027,0.024156,1.554759,1.191799,0.133818,0.709420,0.000000,0.197052,0.725319,-0.041866,0.256409,0.705239,-0.061326,0.297397,0.661888,-0.076178,0.333959,0.622312,-0.089706,0.249595,0.551562,-0.038793,0.286037,0.480096,-0.061284,0.303526,0.430003,-0.078525,0.316075,0.381937,-0.091670,0.216975,0.510847,-0.033117,0.246289,0.419569,-0.053815,0.259633,0.360387,-0.070459,0.266699,0.308603,-0.082494,0.179813,0.495995,-0.031687,0.192086,0.404206,-0.053389,0.197926,0.345326,-0.068667,0.202385,0.291367,-0.078653,0.139193,0.501130,-0.033843,0.141166,0.427513,-0.055522,0.140958,0.378820,-0.067259,0.142205,0.332061,-0.074087
5456,0,0.027917,0.026164,0.048893,1.538822,1.187705,0.133318,0.709627,0.000000,0.196630,0.725018,-0.042563,0.255615,0.705299,-0.062395,0.296866,0.661649,-0.077578,0.333990,0.621778,-0.091438,0.249317,0.551226,-0.038917,0.285827,0.479689,-0.061243,0.302930,0.429332,-0.078473,0.315026,0.381141,-0.091524,0.216665,0.510738,-0.032882,0.246092,0.419378,-0.053481,0.259274,0.360181,-0.070242,0.266338,0.308328,-0.082312,0.179490,0.495922,-0.031133,0.191702,0.404057,-0.052799,0.197300,0.344968,-0.068195,0.201552,0.291241,-0.078175,0.139006,0.500998,-0.033031,0.140591,0.427032,-0.054675,0.140236,0.378394,-0.066446,0.141381,0.331942,-0.073270